customerPK,customer,customerCode,channelFK,adressFK,startDate,endDate,flag
1,Attijari Bank,000121J/P/M000,1,401,2026-04-21 19:46:08.684,,y
2,Attijari Bank,000121J/P/M000,1,401,2026-04-21 19:46:08.693,,y
3,Attijari Bank,000121J/P/M000,1,401,2026-04-21 19:46:08.694,,y
4,Attijari Bank,000121J/P/M000,1,401,2026-04-21 19:46:08.694,,y
5,Attijari Bank,000121J/P/M000,1,401,2026-04-21 19:46:08.694,,y
6,Attijari Bank,000121J/P/M000,1,401,2026-04-21 19:46:08.694,,y
7,Attijari Bank,000121J/P/M000,1,401,2026-04-21 19:46:08.694,,y
8,Attijari Bank,000121J/P/M000,1,401,2026-04-21 19:46:08.694,,y
9,"Attijari Bank , Groupe Alyssa",000121J/P/M000,1,413,2026-04-21 19:46:08.694,,y
10,Attijari Bank Groupe Bizerte,000121J/P/M000,1,414,2026-04-21 19:46:08.694,,y
11,"Attijari Bank , CA Avenue de Paris",000121J/P/M000,1,415,2026-04-21 19:46:08.695,,y
12,Attijari Bank Groupe Cap Bon,000121J/P/M000,1,416,2026-04-21 19:46:08.695,,y
13,Centres d'affaires Centre & Cap bon,000121J/P/M000,1,417,2026-04-21 19:46:08.695,,y
14,Attijari Bank Direction Régionale Centre & Cap Bon,000121J/P/M000,1,418,2026-04-21 19:46:08.695,,y
15,"Attijari Bank , Gafsa",000121J/P/M000,1,419,2026-04-21 19:46:08.695,,y
16,"Attijari Bank , Groupe Al Aghaliba",000121J/P/M000,1,420,2026-04-21 19:46:08.695,,y
17,"Attijari Bank , Groupe El ksour",000121J/P/M000,1,421,2026-04-21 19:46:08.695,,y
18,"Attijari Bank , Groupe Oasis",000121J/P/M000,1,422,2026-04-21 19:46:08.695,,y
19,"Attijari Bank , Groupe Lafayette",000121J/P/M000,1,423,2026-04-21 19:46:08.695,,y
20,"Attijari Bank , Groupe Ariana Les Jasmins",000121J/P/M000,1,424,2026-04-21 19:46:08.695,,y
21,"Attijari Bank , Groupe Ben Arous Maxula",000121J/P/M000,1,425,2026-04-21 19:46:08.695,,y
22,"Attijari Bank , Région Tunis Menzah 5",000121J/P/M000,1,426,2026-04-21 19:46:08.695,,y
23,"Attijari Bank , Al Ribat",000121J/P/M000,1,427,2026-04-21 19:46:08.695,,y
24,"Attijari Bank , Groupe Nord Ouest",000121J/P/M000,1,428,2026-04-21 19:46:08.695,,y
25,"Attijari Bank , Sfax",000121J/P/M000,1,429,2026-04-21 19:46:08.695,,y
26,"Attijari Bank , Sfax",000121J/P/M000,1,429,2026-04-21 19:46:08.695,,y
27,"Attijari Bank , Sfax",000121J/P/M000,1,429,2026-04-21 19:46:08.695,,y
28,"Attijari Bank , Groupe AL Jawhara",000121J/P/M000,1,430,2026-04-21 19:46:08.696,,y
29,Attijari Bank,000121J/P/M000,1,401,2026-04-21 19:46:08.696,,y
30,"Attijari Bank , Djerba Zarzis",000121J/P/M000,1,431,2026-04-21 19:46:08.696,,y
31,"Attijari Bank , CA BELVEDERE",000121J/P/M000,1,225,2026-04-21 19:46:08.696,,y
32,"Attijari Bank , CA MEGRINE",000121J/P/M000,1,432,2026-04-21 19:46:08.696,,y
33,"Attijari Bank , centres d'affaires Régions Tunis",000121J/P/M000,1,401,2026-04-21 19:46:08.696,,y
34,"Attijari Bank , centre d'affaires Régions Tunis",000121J/P/M000,1,433,2026-04-21 19:46:08.696,,y
35,"Attijari Bank , Direction Régionale Tunis & Nord",000121J/P/M000,1,434,2026-04-21 19:46:08.696,,y
36,"Attijari Bank , Groupe Hannibal",000121J/P/M000,1,434,2026-04-21 19:46:08.696,,y
37,WIFAK INTERNATIONAL BANK,0798651L/P/M/000,1,404,2026-04-21 19:46:08.696,,y
38,Lilas,492586 Z/A/M/000,1,410,2026-04-21 19:46:08.696,,y
39,SBCD,849384V/A/M/000,1,435,2026-04-21 19:46:08.696,,y
40,SBCD,849384V/A/M/000,1,435,2026-04-21 19:46:08.696,,y
41,SBCD,849384V/A/M/000,1,435,2026-04-21 19:46:08.696,,y
42,SBCD,849384V/A/M/000,1,435,2026-04-21 19:46:08.696,,y
43,SBCD,849384V/A/M/000,1,435,2026-04-21 19:46:08.696,,y
44,Tunis Call Center,0633781K/A/M/000,1,406,2026-04-21 19:46:08.696,,y
45,Tunis Call Center,0633781K/A/M/000,1,406,2026-04-21 19:46:08.696,,y
46,Tunis Call Center,0633781K/A/M/000,1,406,2026-04-21 19:46:08.696,,y
47,T T E INTERNATIONAL,745311C/A/M/000,1,436,2026-04-21 19:46:08.696,,y
48,Tunis Call Center,0633781K/A/M/000,1,406,2026-04-21 19:46:08.696,,y
49,Tunis Call Center,0633781K/A/M/000,1,406,2026-04-21 19:46:08.697,,y
50,Attijari Bank,000121J/P/M000,1,401,2026-04-21 19:46:08.697,,y
51,Attijari Bank,000121J/P/M000,1,401,2026-04-21 19:46:08.697,,y
52,Attijari Bank,000121J/P/M000,1,401,2026-04-21 19:46:08.697,,y
53,Attijari Bank,000121J/P/M000,1,401,2026-04-21 19:46:08.697,,y
54,Attijari Bank,000121J/P/M000,1,401,2026-04-21 19:46:08.697,,y
55,Attijari Bank,000121J/P/M000,1,401,2026-04-21 19:46:08.697,,y
56,Attijari Bank,000121J/P/M000,1,401,2026-04-21 19:46:08.697,,y
57,Attijari Bank,000121J/P/M000,1,401,2026-04-21 19:46:08.697,,y
58,"Attijari Bank , Groupe Alyssa",000121J/P/M000,1,413,2026-04-21 19:46:08.697,,y
59,Attijari Bank Groupe Bizerte,000121J/P/M000,1,414,2026-04-21 19:46:08.697,,y
60,"Attijari Bank , CA Avenue de Paris",000121J/P/M000,1,415,2026-04-21 19:46:08.697,,y
61,Attijari Bank Groupe Cap Bon,000121J/P/M000,1,416,2026-04-21 19:46:08.697,,y
62,Centres d'affaires Centre & Cap bon,000121J/P/M000,1,417,2026-04-21 19:46:08.697,,y
63,Attijari Bank Direction Régionale Centre & Cap Bon,000121J/P/M000,1,418,2026-04-21 19:46:08.697,,y
64,"Attijari Bank , Gafsa",000121J/P/M000,1,419,2026-04-21 19:46:08.697,,y
65,"Attijari Bank , Groupe Al Aghaliba",000121J/P/M000,1,420,2026-04-21 19:46:08.697,,y
66,"Attijari Bank , Groupe El ksour",000121J/P/M000,1,421,2026-04-21 19:46:08.697,,y
67,"Attijari Bank , Groupe Oasis",000121J/P/M000,1,422,2026-04-21 19:46:08.697,,y
68,"Attijari Bank , Groupe Lafayette",000121J/P/M000,1,423,2026-04-21 19:46:08.697,,y
69,"Attijari Bank , Groupe Ariana Les Jasmins",000121J/P/M000,1,424,2026-04-21 19:46:08.697,,y
70,"Attijari Bank , Groupe Ben Arous Maxula",000121J/P/M000,1,425,2026-04-21 19:46:08.698,,y
71,"Attijari Bank , Région Tunis Menzah 5",000121J/P/M000,1,426,2026-04-21 19:46:08.698,,y
72,"Attijari Bank , Al Ribat",000121J/P/M000,1,427,2026-04-21 19:46:08.698,,y
73,"Attijari Bank , Groupe Nord Ouest",000121J/P/M000,1,428,2026-04-21 19:46:08.698,,y
74,"Attijari Bank , Sfax",000121J/P/M000,1,429,2026-04-21 19:46:08.698,,y
75,"Attijari Bank , Sfax",000121J/P/M000,1,429,2026-04-21 19:46:08.698,,y
76,"Attijari Bank , Sfax",000121J/P/M000,1,429,2026-04-21 19:46:08.698,,y
77,"Attijari Bank , Groupe AL Jawhara",000121J/P/M000,1,430,2026-04-21 19:46:08.700,,y
78,Attijari Bank,000121J/P/M000,1,401,2026-04-21 19:46:08.700,,y
79,"Attijari Bank , Djerba Zarzis",000121J/P/M000,1,431,2026-04-21 19:46:08.700,,y
80,"Attijari Bank , CA BELVEDERE",000121J/P/M000,1,225,2026-04-21 19:46:08.700,,y
81,"Attijari Bank , CA MEGRINE",000121J/P/M000,1,432,2026-04-21 19:46:08.700,,y
82,"Attijari Bank , centres d'affaires Régions Tunis",000121J/P/M000,1,401,2026-04-21 19:46:08.700,,y
83,"Attijari Bank , centre d'affaires Régions Tunis",000121J/P/M000,1,433,2026-04-21 19:46:08.700,,y
84,"Attijari Bank , Direction Régionale Tunis & Nord",000121J/P/M000,1,434,2026-04-21 19:46:08.700,,y
85,"Attijari Bank , Groupe Hannibal",000121J/P/M000,1,434,2026-04-21 19:46:08.700,,y
86,WIFAK INTERNATIONAL BANK,0798651L/P/M/000,1,404,2026-04-21 19:46:08.700,,y
87,Lilas,492586 Z/A/M/000,1,410,2026-04-21 19:46:08.701,,y
88,SBCD,849384V/A/M/000,1,435,2026-04-21 19:46:08.701,,y
89,SBCD,849384V/A/M/000,1,435,2026-04-21 19:46:08.701,,y
90,SBCD,849384V/A/M/000,1,435,2026-04-21 19:46:08.701,,y
91,SBCD,849384V/A/M/000,1,435,2026-04-21 19:46:08.701,,y
92,SBCD,849384V/A/M/000,1,435,2026-04-21 19:46:08.701,,y
93,Tunis Call Center,0633781K/A/M/000,1,406,2026-04-21 19:46:08.701,,y
94,Tunis Call Center,0633781K/A/M/000,1,406,2026-04-21 19:46:08.701,,y
95,Tunis Call Center,0633781K/A/M/000,1,406,2026-04-21 19:46:08.701,,y
96,T T E INTERNATIONAL,745311C/A/M/000,1,436,2026-04-21 19:46:08.701,,y
97,Tunis Call Center,0633781K/A/M/000,1,406,2026-04-21 19:46:08.701,,y
98,Tunis Call Center,0633781K/A/M/000,1,406,2026-04-21 19:46:08.701,,y
99,Attijari Bank,000121J/P/M000,1,401,2026-04-21 19:46:08.701,,y
100,Attijari Bank,000121J/P/M000,1,401,2026-04-21 19:46:08.701,,y
101,Attijari Bank,000121J/P/M000,1,401,2026-04-21 19:46:08.701,,y
102,Attijari Bank,000121J/P/M000,1,401,2026-04-21 19:46:08.701,,y
103,Attijari Bank,000121J/P/M000,1,401,2026-04-21 19:46:08.701,,y
104,Attijari Bank,000121J/P/M000,1,401,2026-04-21 19:46:08.701,,y
105,Attijari Bank,000121J/P/M000,1,401,2026-04-21 19:46:08.701,,y
106,Attijari Bank,000121J/P/M000,1,401,2026-04-21 19:46:08.701,,y
107,"Attijari Bank , Groupe Alyssa",000121J/P/M000,1,413,2026-04-21 19:46:08.701,,y
108,Attijari Bank Groupe Bizerte,000121J/P/M000,1,414,2026-04-21 19:46:08.701,,y
109,"Attijari Bank , CA Avenue de Paris",000121J/P/M000,1,415,2026-04-21 19:46:08.701,,y
110,Attijari Bank Groupe Cap Bon,000121J/P/M000,1,416,2026-04-21 19:46:08.701,,y
111,Centres d'affaires Centre & Cap bon,000121J/P/M000,1,417,2026-04-21 19:46:08.701,,y
112,Attijari Bank Direction Régionale Centre & Cap Bon,000121J/P/M000,1,418,2026-04-21 19:46:08.701,,y
113,"Attijari Bank , Gafsa",000121J/P/M000,1,419,2026-04-21 19:46:08.702,,y
114,"Attijari Bank , Groupe Al Aghaliba",000121J/P/M000,1,420,2026-04-21 19:46:08.702,,y
115,"Attijari Bank , Groupe El ksour",000121J/P/M000,1,421,2026-04-21 19:46:08.702,,y
116,"Attijari Bank , Groupe Oasis",000121J/P/M000,1,422,2026-04-21 19:46:08.702,,y
117,"Attijari Bank , Groupe Lafayette",000121J/P/M000,1,423,2026-04-21 19:46:08.702,,y
118,"Attijari Bank , Groupe Ariana Les Jasmins",000121J/P/M000,1,424,2026-04-21 19:46:08.702,,y
119,"Attijari Bank , Groupe Ben Arous Maxula",000121J/P/M000,1,425,2026-04-21 19:46:08.702,,y
120,"Attijari Bank , Région Tunis Menzah 5",000121J/P/M000,1,426,2026-04-21 19:46:08.702,,y
121,"Attijari Bank , Al Ribat",000121J/P/M000,1,427,2026-04-21 19:46:08.702,,y
122,"Attijari Bank , Groupe Nord Ouest",000121J/P/M000,1,428,2026-04-21 19:46:08.702,,y
123,"Attijari Bank , Sfax",000121J/P/M000,1,429,2026-04-21 19:46:08.702,,y
124,"Attijari Bank , Sfax",000121J/P/M000,1,429,2026-04-21 19:46:08.702,,y
125,"Attijari Bank , Sfax",000121J/P/M000,1,429,2026-04-21 19:46:08.702,,y
126,"Attijari Bank , Groupe AL Jawhara",000121J/P/M000,1,430,2026-04-21 19:46:08.702,,y
127,Attijari Bank,000121J/P/M000,1,401,2026-04-21 19:46:08.702,,y
128,"Attijari Bank , Djerba Zarzis",000121J/P/M000,1,431,2026-04-21 19:46:08.702,,y
129,"Attijari Bank , CA BELVEDERE",000121J/P/M000,1,225,2026-04-21 19:46:08.702,,y
130,"Attijari Bank , CA MEGRINE",000121J/P/M000,1,432,2026-04-21 19:46:08.702,,y
131,"Attijari Bank , centres d'affaires Régions Tunis",000121J/P/M000,1,401,2026-04-21 19:46:08.702,,y
132,"Attijari Bank , centre d'affaires Régions Tunis",000121J/P/M000,1,433,2026-04-21 19:46:08.702,,y
133,"Attijari Bank , Direction Régionale Tunis & Nord",000121J/P/M000,1,434,2026-04-21 19:46:08.702,,y
134,"Attijari Bank , Groupe Hannibal",000121J/P/M000,1,434,2026-04-21 19:46:08.702,,y
135,WIFAK INTERNATIONAL BANK,0798651L/P/M/000,1,404,2026-04-21 19:46:08.703,,y
136,Lilas,492586 Z/A/M/000,1,410,2026-04-21 19:46:08.703,,y
137,SBCD,849384V/A/M/000,1,435,2026-04-21 19:46:08.703,,y
138,SBCD,849384V/A/M/000,1,435,2026-04-21 19:46:08.703,,y
139,SBCD,849384V/A/M/000,1,435,2026-04-21 19:46:08.703,,y
140,SBCD,849384V/A/M/000,1,435,2026-04-21 19:46:08.703,,y
141,SBCD,849384V/A/M/000,1,435,2026-04-21 19:46:08.703,,y
142,Tunis Call Center,0633781K/A/M/000,1,406,2026-04-21 19:46:08.703,,y
143,Tunis Call Center,0633781K/A/M/000,1,406,2026-04-21 19:46:08.703,,y
144,Tunis Call Center,0633781K/A/M/000,1,406,2026-04-21 19:46:08.703,,y
145,T T E INTERNATIONAL,745311C/A/M/000,1,436,2026-04-21 19:46:08.703,,y
146,Tunis Call Center,0633781K/A/M/000,1,406,2026-04-21 19:46:08.703,,y
147,Tunis Call Center,0633781K/A/M/000,1,406,2026-04-21 19:46:08.703,,y
148,Attijari Bank,000121J/P/M000,1,401,2026-04-21 19:46:08.703,,y
149,Attijari Bank,000121J/P/M000,1,401,2026-04-21 19:46:08.703,,y
150,Attijari Bank,000121J/P/M000,1,401,2026-04-21 19:46:08.703,,y
151,Attijari Bank,000121J/P/M000,1,401,2026-04-21 19:46:08.703,,y
152,Attijari Bank,000121J/P/M000,1,401,2026-04-21 19:46:08.703,,y
153,Attijari Bank,000121J/P/M000,1,401,2026-04-21 19:46:08.703,,y
154,Attijari Bank,000121J/P/M000,1,401,2026-04-21 19:46:08.703,,y
155,Attijari Bank,000121J/P/M000,1,401,2026-04-21 19:46:08.703,,y
156,"Attijari Bank , Groupe Alyssa",000121J/P/M000,1,413,2026-04-21 19:46:08.703,,y
157,Attijari Bank Groupe Bizerte,000121J/P/M000,1,414,2026-04-21 19:46:08.703,,y
158,"Attijari Bank , CA Avenue de Paris",000121J/P/M000,1,415,2026-04-21 19:46:08.703,,y
159,Attijari Bank Groupe Cap Bon,000121J/P/M000,1,416,2026-04-21 19:46:08.703,,y
160,Centres d'affaires Centre & Cap bon,000121J/P/M000,1,417,2026-04-21 19:46:08.703,,y
161,Attijari Bank Direction Régionale Centre & Cap Bon,000121J/P/M000,1,418,2026-04-21 19:46:08.704,,y
162,"Attijari Bank , Gafsa",000121J/P/M000,1,419,2026-04-21 19:46:08.704,,y
163,"Attijari Bank , Groupe Al Aghaliba",000121J/P/M000,1,420,2026-04-21 19:46:08.704,,y
164,"Attijari Bank , Groupe El ksour",000121J/P/M000,1,421,2026-04-21 19:46:08.704,,y
165,"Attijari Bank , Groupe Oasis",000121J/P/M000,1,422,2026-04-21 19:46:08.704,,y
166,"Attijari Bank , Groupe Lafayette",000121J/P/M000,1,423,2026-04-21 19:46:08.704,,y
167,"Attijari Bank , Groupe Ariana Les Jasmins",000121J/P/M000,1,424,2026-04-21 19:46:08.704,,y
168,"Attijari Bank , Groupe Ben Arous Maxula",000121J/P/M000,1,425,2026-04-21 19:46:08.704,,y
169,"Attijari Bank , Région Tunis Menzah 5",000121J/P/M000,1,426,2026-04-21 19:46:08.704,,y
170,"Attijari Bank , Al Ribat",000121J/P/M000,1,427,2026-04-21 19:46:08.704,,y
171,"Attijari Bank , Groupe Nord Ouest",000121J/P/M000,1,428,2026-04-21 19:46:08.704,,y
172,"Attijari Bank , Sfax",000121J/P/M000,1,429,2026-04-21 19:46:08.704,,y
173,"Attijari Bank , Sfax",000121J/P/M000,1,429,2026-04-21 19:46:08.704,,y
174,Attijari Bank,000121J/P/M000,1,401,2026-04-21 19:46:08.704,,y
175,"Attijari Bank , Sfax",000121J/P/M000,1,429,2026-04-21 19:46:08.704,,y
176,"Attijari Bank , Groupe AL Jawhara",000121J/P/M000,1,430,2026-04-21 19:46:08.704,,y
177,Attijari Bank,000121J/P/M000,1,401,2026-04-21 19:46:08.704,,y
178,"Attijari Bank , Djerba Zarzis",000121J/P/M000,1,431,2026-04-21 19:46:08.704,,y
179,"Attijari Bank , CA BELVEDERE",000121J/P/M000,1,225,2026-04-21 19:46:08.704,,y
180,"Attijari Bank , CA MEGRINE",000121J/P/M000,1,432,2026-04-21 19:46:08.704,,y
181,"Attijari Bank , centres d'affaires Régions Tunis",000121J/P/M000,1,401,2026-04-21 19:46:08.704,,y
182,"Attijari Bank , centre d'affaires Régions Tunis",000121J/P/M000,1,433,2026-04-21 19:46:08.704,,y
183,"Attijari Bank , Direction Régionale Tunis & Nord",000121J/P/M000,1,434,2026-04-21 19:46:08.704,,y
184,"Attijari Bank , Groupe Hannibal",000121J/P/M000,1,434,2026-04-21 19:46:08.704,,y
185,WIFAK INTERNATIONAL BANK,0798651L/P/M/000,1,404,2026-04-21 19:46:08.704,,y
186,Lilas,492586 Z/A/M/000,1,410,2026-04-21 19:46:08.704,,y
187,SBCD,849384V/A/M/000,1,435,2026-04-21 19:46:08.704,,y
188,SBCD,849384V/A/M/000,1,435,2026-04-21 19:46:08.704,,y
189,SBCD,849384V/A/M/000,1,435,2026-04-21 19:46:08.705,,y
190,SBCD,849384V/A/M/000,1,435,2026-04-21 19:46:08.705,,y
191,SBCD,849384V/A/M/000,1,435,2026-04-21 19:46:08.705,,y
192,Tunis Call Center,0633781K/A/M/000,1,406,2026-04-21 19:46:08.705,,y
193,Tunis Call Center,0633781K/A/M/000,1,406,2026-04-21 19:46:08.705,,y
194,Tunis Call Center,0633781K/A/M/000,1,406,2026-04-21 19:46:08.705,,y
195,T T E INTERNATIONAL,745311C/A/M/000,1,436,2026-04-21 19:46:08.705,,y
196,Tunis Call Center,0633781K/A/M/000,1,406,2026-04-21 19:46:08.705,,y
197,Tunis Call Center,0633781K/A/M/000,1,406,2026-04-21 19:46:08.705,,y
198,Attijari Bank,000121J/P/M000,1,401,2026-04-21 19:46:08.705,,y
199,Attijari Bank,000121J/P/M000,1,401,2026-04-21 19:46:08.705,,y
200,Attijari Bank,000121J/P/M000,1,401,2026-04-21 19:46:08.705,,y
201,Attijari Bank,000121J/P/M000,1,401,2026-04-21 19:46:08.705,,y
202,Attijari Bank,000121J/P/M000,1,401,2026-04-21 19:46:08.705,,y
203,Attijari Bank,000121J/P/M000,1,401,2026-04-21 19:46:08.705,,y
204,Attijari Bank,000121J/P/M000,1,401,2026-04-21 19:46:08.705,,y
205,Attijari Bank,000121J/P/M000,1,401,2026-04-21 19:46:08.705,,y
206,"Attijari Bank , Groupe Alyssa",000121J/P/M000,1,413,2026-04-21 19:46:08.706,,y
207,Attijari Bank Groupe Bizerte,000121J/P/M000,1,414,2026-04-21 19:46:08.706,,y
208,"Attijari Bank , CA Avenue de Paris",000121J/P/M000,1,415,2026-04-21 19:46:08.706,,y
209,Attijari Bank Groupe Cap Bon,000121J/P/M000,1,416,2026-04-21 19:46:08.706,,y
210,Centres d'affaires Centre & Cap bon,000121J/P/M000,1,417,2026-04-21 19:46:08.706,,y
211,Attijari Bank Direction Régionale Centre & Cap Bon,000121J/P/M000,1,418,2026-04-21 19:46:08.706,,y
212,"Attijari Bank , Gafsa",000121J/P/M000,1,419,2026-04-21 19:46:08.706,,y
213,"Attijari Bank , Groupe Al Aghaliba",000121J/P/M000,1,420,2026-04-21 19:46:08.706,,y
214,"Attijari Bank , Groupe El ksour",000121J/P/M000,1,421,2026-04-21 19:46:08.706,,y
215,"Attijari Bank , Groupe Oasis",000121J/P/M000,1,422,2026-04-21 19:46:08.706,,y
216,"Attijari Bank , Groupe Lafayette",000121J/P/M000,1,423,2026-04-21 19:46:08.706,,y
217,"Attijari Bank , Groupe Ariana Les Jasmins",000121J/P/M000,1,424,2026-04-21 19:46:08.706,,y
218,Attijari Bank,000121J/P/M000,1,401,2026-04-21 19:46:08.706,,y
219,"Attijari Bank , Groupe Ben Arous Maxula",000121J/P/M000,1,425,2026-04-21 19:46:08.706,,y
220,"Attijari Bank , Région Tunis Menzah 5",000121J/P/M000,1,426,2026-04-21 19:46:08.706,,y
221,"Attijari Bank , Al Ribat",000121J/P/M000,1,427,2026-04-21 19:46:08.706,,y
222,"Attijari Bank , Groupe Nord Ouest",000121J/P/M000,1,428,2026-04-21 19:46:08.706,,y
223,"Attijari Bank , Sfax",000121J/P/M000,1,429,2026-04-21 19:46:08.706,,y
224,"Attijari Bank , Sfax",000121J/P/M000,1,429,2026-04-21 19:46:08.706,,y
225,"Attijari Bank , Sfax",000121J/P/M000,1,429,2026-04-21 19:46:08.706,,y
226,"Attijari Bank , Groupe AL Jawhara",000121J/P/M000,1,430,2026-04-21 19:46:08.706,,y
227,Attijari Bank,000121J/P/M000,1,401,2026-04-21 19:46:08.706,,y
228,"Attijari Bank , Djerba Zarzis",000121J/P/M000,1,431,2026-04-21 19:46:08.706,,y
229,"Attijari Bank , CA BELVEDERE",000121J/P/M000,1,225,2026-04-21 19:46:08.706,,y
230,"Attijari Bank , CA MEGRINE",000121J/P/M000,1,432,2026-04-21 19:46:08.706,,y
231,"Attijari Bank , centres d'affaires Régions Tunis",000121J/P/M000,1,401,2026-04-21 19:46:08.706,,y
232,"Attijari Bank , centre d'affaires Régions Tunis",000121J/P/M000,1,433,2026-04-21 19:46:08.706,,y
233,"Attijari Bank , Direction Régionale Tunis & Nord",000121J/P/M000,1,434,2026-04-21 19:46:08.706,,y
234,"Attijari Bank , Groupe Hannibal",000121J/P/M000,1,434,2026-04-21 19:46:08.706,,y
235,WIFAK INTERNATIONAL BANK,0798651L/P/M/000,1,404,2026-04-21 19:46:08.706,,y
236,Lilas,492586 Z/A/M/000,1,410,2026-04-21 19:46:08.706,,y
237,SBCD,849384V/A/M/000,1,435,2026-04-21 19:46:08.706,,y
238,SBCD,849384V/A/M/000,1,435,2026-04-21 19:46:08.706,,y
239,SBCD,849384V/A/M/000,1,435,2026-04-21 19:46:08.706,,y
240,SBCD,849384V/A/M/000,1,435,2026-04-21 19:46:08.707,,y
241,SBCD,849384V/A/M/000,1,435,2026-04-21 19:46:08.707,,y
242,Tunis Call Center,0633781K/A/M/000,1,406,2026-04-21 19:46:08.707,,y
243,Tunis Call Center,0633781K/A/M/000,1,406,2026-04-21 19:46:08.707,,y
245,T T E INTERNATIONAL,745311C/A/M/000,1,436,2026-04-21 19:46:08.707,,y
246,Tunis Call Center,0633781K/A/M/000,1,406,2026-04-21 19:46:08.707,,y
247,Tunis Call Center,0633781K/A/M/000,1,406,2026-04-21 19:46:08.707,,y
248,Attijari Bank,000121J/P/M000,1,401,2026-04-21 19:46:08.707,,y
249,Attijari Bank,000121J/P/M000,1,401,2026-04-21 19:46:08.707,,y
250,Attijari Bank,000121J/P/M000,1,401,2026-04-21 19:46:08.707,,y
251,Attijari Bank,000121J/P/M000,1,401,2026-04-21 19:46:08.707,,y
252,Attijari Bank,000121J/P/M000,1,401,2026-04-21 19:46:08.707,,y
253,Attijari Bank,000121J/P/M000,1,401,2026-04-21 19:46:08.707,,y
254,Attijari Bank,000121J/P/M000,1,401,2026-04-21 19:46:08.707,,y
255,Attijari Bank,000121J/P/M000,1,401,2026-04-21 19:46:08.707,,y
256,"Attijari Bank , Groupe Alyssa",000121J/P/M000,1,413,2026-04-21 19:46:08.707,,y
257,Attijari Bank Groupe Bizerte,000121J/P/M000,1,414,2026-04-21 19:46:08.707,,y
258,"Attijari Bank , CA Avenue de Paris",000121J/P/M000,1,415,2026-04-21 19:46:08.707,,y
259,Attijari Bank Groupe Cap Bon,000121J/P/M000,1,416,2026-04-21 19:46:08.707,,y
260,Centres d'affaires Centre & Cap bon,000121J/P/M000,1,417,2026-04-21 19:46:08.707,,y
261,Attijari Bank Direction Régionale Centre & Cap Bon,000121J/P/M000,1,418,2026-04-21 19:46:08.707,,y
262,"Attijari Bank , Gafsa",000121J/P/M000,1,419,2026-04-21 19:46:08.707,,y
263,"Attijari Bank , Groupe Al Aghaliba",000121J/P/M000,1,420,2026-04-21 19:46:08.707,,y
264,"Attijari Bank , Groupe El ksour",000121J/P/M000,1,421,2026-04-21 19:46:08.707,,y
265,"Attijari Bank , Groupe Oasis",000121J/P/M000,1,422,2026-04-21 19:46:08.707,,y
266,"Attijari Bank , Groupe Lafayette",000121J/P/M000,1,423,2026-04-21 19:46:08.707,,y
267,"Attijari Bank , Groupe Ariana Les Jasmins",000121J/P/M000,1,424,2026-04-21 19:46:08.707,,y
268,"Attijari Bank , Groupe Ben Arous Maxula",000121J/P/M000,1,425,2026-04-21 19:46:08.707,,y
269,"Attijari Bank , Région Tunis Menzah 5",000121J/P/M000,1,426,2026-04-21 19:46:08.707,,y
270,"Attijari Bank , Al Ribat",000121J/P/M000,1,427,2026-04-21 19:46:08.707,,y
271,"Attijari Bank , Groupe Nord Ouest",000121J/P/M000,1,428,2026-04-21 19:46:08.707,,y
272,"Attijari Bank , Sfax",000121J/P/M000,1,429,2026-04-21 19:46:08.707,,y
273,"Attijari Bank , Sfax",000121J/P/M000,1,429,2026-04-21 19:46:08.707,,y
274,"Attijari Bank , Sfax",000121J/P/M000,1,429,2026-04-21 19:46:08.707,,y
275,"Attijari Bank , Groupe AL Jawhara",000121J/P/M000,1,430,2026-04-21 19:46:08.708,,y
276,Attijari Bank,000121J/P/M000,1,401,2026-04-21 19:46:08.708,,y
277,"Attijari Bank , Djerba Zarzis",000121J/P/M000,1,431,2026-04-21 19:46:08.708,,y
278,"Attijari Bank , CA BELVEDERE",000121J/P/M000,1,225,2026-04-21 19:46:08.708,,y
279,"Attijari Bank , CA MEGRINE",000121J/P/M000,1,432,2026-04-21 19:46:08.708,,y
280,"Attijari Bank , centres d'affaires Régions Tunis",000121J/P/M000,1,401,2026-04-21 19:46:08.708,,y
281,"Attijari Bank , centre d'affaires Régions Tunis",000121J/P/M000,1,433,2026-04-21 19:46:08.708,,y
282,"Attijari Bank , Direction Régionale Tunis & Nord",000121J/P/M000,1,434,2026-04-21 19:46:08.708,,y
283,"Attijari Bank , Groupe Hannibal",000121J/P/M000,1,434,2026-04-21 19:46:08.708,,y
284,WIFAK INTERNATIONAL BANK,0798651L/P/M/000,1,404,2026-04-21 19:46:08.708,,y
285,Lilas,492586 Z/A/M/000,1,410,2026-04-21 19:46:08.708,,y
286,SBCD,849384V/A/M/000,1,435,2026-04-21 19:46:08.708,,y
287,SBCD,849384V/A/M/000,1,435,2026-04-21 19:46:08.708,,y
288,SBCD,849384V/A/M/000,1,435,2026-04-21 19:46:08.708,,y
289,SBCD,849384V/A/M/000,1,435,2026-04-21 19:46:08.708,,y
290,SBCD,849384V/A/M/000,1,435,2026-04-21 19:46:08.708,,y
291,Tunis Call Center,0633781K/A/M/000,1,406,2026-04-21 19:46:08.708,,y
292,Tunis Call Center,0633781K/A/M/000,1,406,2026-04-21 19:46:08.708,,y
293,Tunis Call Center,0633781K/A/M/000,1,406,2026-04-21 19:46:08.708,,y
294,T T E INTERNATIONAL,745311C/A/M/000,1,436,2026-04-21 19:46:08.708,,y
295,Tunis Call Center,0633781K/A/M/000,1,406,2026-04-21 19:46:08.708,,y
296,Tunis Call Center,0633781K/A/M/000,1,406,2026-04-21 19:46:08.708,,y
297,Attijari Bank,000121J/P/M000,1,401,2026-04-21 19:46:08.708,,y
298,Attijari Bank,000121J/P/M000,1,401,2026-04-21 19:46:08.708,,y
299,Attijari Bank,000121J/P/M000,1,401,2026-04-21 19:46:08.708,,y
300,Attijari Bank,000121J/P/M000,1,401,2026-04-21 19:46:08.708,,y
301,Attijari Bank,000121J/P/M000,1,401,2026-04-21 19:46:08.708,,y
302,Attijari Bank,000121J/P/M000,1,401,2026-04-21 19:46:08.708,,y
303,Attijari Bank,000121J/P/M000,1,401,2026-04-21 19:46:08.708,,y
304,Attijari Bank,000121J/P/M000,1,401,2026-04-21 19:46:08.708,,y
305,"Attijari Bank , Groupe Alyssa",000121J/P/M000,1,413,2026-04-21 19:46:08.708,,y
306,Attijari Bank Groupe Bizerte,000121J/P/M000,1,414,2026-04-21 19:46:08.708,,y
307,"Attijari Bank , CA Avenue de Paris",000121J/P/M000,1,415,2026-04-21 19:46:08.708,,y
308,Attijari Bank Groupe Cap Bon,000121J/P/M000,1,416,2026-04-21 19:46:08.708,,y
309,Centres d'affaires Centre & Cap bon,000121J/P/M000,1,417,2026-04-21 19:46:08.708,,y
310,Attijari Bank Direction Régionale Centre & Cap Bon,000121J/P/M000,1,418,2026-04-21 19:46:08.708,,y
311,"Attijari Bank , Gafsa",000121J/P/M000,1,419,2026-04-21 19:46:08.708,,y
312,"Attijari Bank , Groupe Al Aghaliba",000121J/P/M000,1,420,2026-04-21 19:46:08.708,,y
313,"Attijari Bank , Groupe El ksour",000121J/P/M000,1,421,2026-04-21 19:46:08.709,,y
314,"Attijari Bank , Groupe Oasis",000121J/P/M000,1,422,2026-04-21 19:46:08.709,,y
315,"Attijari Bank , Groupe Lafayette",000121J/P/M000,1,423,2026-04-21 19:46:08.709,,y
316,"Attijari Bank , Groupe Ariana Les Jasmins",000121J/P/M000,1,424,2026-04-21 19:46:08.709,,y
317,"Attijari Bank , Groupe Ben Arous Maxula",000121J/P/M000,1,425,2026-04-21 19:46:08.709,,y
318,"Attijari Bank , Région Tunis Menzah 5",000121J/P/M000,1,426,2026-04-21 19:46:08.709,,y
319,"Attijari Bank , Al Ribat",000121J/P/M000,1,427,2026-04-21 19:46:08.709,,y
320,"Attijari Bank , Groupe Nord Ouest",000121J/P/M000,1,428,2026-04-21 19:46:08.709,,y
321,"Attijari Bank , Sfax",000121J/P/M000,1,429,2026-04-21 19:46:08.709,,y
322,"Attijari Bank , Sfax",000121J/P/M000,1,429,2026-04-21 19:46:08.709,,y
323,"Attijari Bank , Sfax",000121J/P/M000,1,429,2026-04-21 19:46:08.709,,y
324,"Attijari Bank , Groupe AL Jawhara",000121J/P/M000,1,430,2026-04-21 19:46:08.709,,y
325,Attijari Bank,000121J/P/M000,1,401,2026-04-21 19:46:08.709,,y
326,"Attijari Bank , Djerba Zarzis",000121J/P/M000,1,431,2026-04-21 19:46:08.709,,y
327,"Attijari Bank , CA BELVEDERE",000121J/P/M000,1,225,2026-04-21 19:46:08.709,,y
328,"Attijari Bank , CA MEGRINE",000121J/P/M000,1,432,2026-04-21 19:46:08.709,,y
329,"Attijari Bank , centres d'affaires Régions Tunis",000121J/P/M000,1,401,2026-04-21 19:46:08.709,,y
330,"Attijari Bank , centre d'affaires Régions Tunis",000121J/P/M000,1,433,2026-04-21 19:46:08.709,,y
331,"Attijari Bank , Direction Régionale Tunis & Nord",000121J/P/M000,1,434,2026-04-21 19:46:08.709,,y
332,"Attijari Bank , Groupe Hannibal",000121J/P/M000,1,434,2026-04-21 19:46:08.709,,y
333,WIFAK INTERNATIONAL BANK,0798651L/P/M/000,1,404,2026-04-21 19:46:08.709,,y
334,Lilas,492586 Z/A/M/000,1,410,2026-04-21 19:46:08.709,,y
335,SBCD,849384V/A/M/000,1,435,2026-04-21 19:46:08.709,,y
336,SBCD,849384V/A/M/000,1,435,2026-04-21 19:46:08.709,,y
337,SBCD,849384V/A/M/000,1,435,2026-04-21 19:46:08.709,,y
338,SBCD,849384V/A/M/000,1,435,2026-04-21 19:46:08.709,,y
339,SBCD,849384V/A/M/000,1,435,2026-04-21 19:46:08.709,,y
340,Tunis Call Center,0633781K/A/M/000,1,406,2026-04-21 19:46:08.709,,y
341,Tunis Call Center,0633781K/A/M/000,1,406,2026-04-21 19:46:08.709,,y
342,Tunis Call Center,0633781K/A/M/000,1,406,2026-04-21 19:46:08.709,,y
343,T T E INTERNATIONAL,745311C/A/M/000,1,436,2026-04-21 19:46:08.709,,y
344,Tunis Call Center,0633781K/A/M/000,1,406,2026-04-21 19:46:08.709,,y
345,Tunis Call Center,0633781K/A/M/000,1,406,2026-04-21 19:46:08.709,,y
346,Attijari Bank,000121J/P/M000,1,401,2026-04-21 19:46:08.709,,y
347,Attijari Bank,000121J/P/M000,1,401,2026-04-21 19:46:08.709,,y
348,Attijari Bank,000121J/P/M000,1,401,2026-04-21 19:46:08.709,,y
349,Attijari Bank,000121J/P/M000,1,401,2026-04-21 19:46:08.709,,y
350,Attijari Bank,000121J/P/M000,1,401,2026-04-21 19:46:08.709,,y
351,Attijari Bank,000121J/P/M000,1,401,2026-04-21 19:46:08.709,,y
352,"Attijari Bank , Groupe Alyssa",000121J/P/M000,1,413,2026-04-21 19:46:08.709,,y
353,Attijari Bank Groupe Bizerte,000121J/P/M000,1,414,2026-04-21 19:46:08.709,,y
354,"Attijari Bank , CA Avenue de Paris",000121J/P/M000,1,415,2026-04-21 19:46:08.710,,y
355,Attijari Bank Groupe Cap Bon,000121J/P/M000,1,416,2026-04-21 19:46:08.710,,y
356,Centres d'affaires Centre & Cap bon,000121J/P/M000,1,417,2026-04-21 19:46:08.710,,y
357,Attijari Bank Direction Régionale Centre & Cap Bon,000121J/P/M000,1,418,2026-04-21 19:46:08.710,,y
358,"Attijari Bank , Gafsa",000121J/P/M000,1,419,2026-04-21 19:46:08.710,,y
359,"Attijari Bank , Groupe Al Aghaliba",000121J/P/M000,1,420,2026-04-21 19:46:08.710,,y
360,"Attijari Bank , Groupe El ksour",000121J/P/M000,1,421,2026-04-21 19:46:08.710,,y
361,"Attijari Bank , Groupe Oasis",000121J/P/M000,1,422,2026-04-21 19:46:08.710,,y
362,"Attijari Bank , Groupe Lafayette",000121J/P/M000,1,423,2026-04-21 19:46:08.710,,y
363,"Attijari Bank , Groupe Ariana Les Jasmins",000121J/P/M000,1,424,2026-04-21 19:46:08.710,,y
364,"Attijari Bank , Groupe Ben Arous Maxula",000121J/P/M000,1,425,2026-04-21 19:46:08.710,,y
365,"Attijari Bank , Région Tunis Menzah 5",000121J/P/M000,1,426,2026-04-21 19:46:08.710,,y
366,"Attijari Bank , Al Ribat",000121J/P/M000,1,427,2026-04-21 19:46:08.710,,y
367,"Attijari Bank , Groupe Nord Ouest",000121J/P/M000,1,428,2026-04-21 19:46:08.710,,y
368,"Attijari Bank , Sfax",000121J/P/M000,1,429,2026-04-21 19:46:08.710,,y
369,"Attijari Bank , Sfax",000121J/P/M000,1,429,2026-04-21 19:46:08.710,,y
370,"Attijari Bank , Sfax",000121J/P/M000,1,429,2026-04-21 19:46:08.710,,y
371,"Attijari Bank , Groupe AL Jawhara",000121J/P/M000,1,430,2026-04-21 19:46:08.710,,y
372,Attijari Bank,000121J/P/M000,1,401,2026-04-21 19:46:08.710,,y
373,"Attijari Bank , Djerba Zarzis",000121J/P/M000,1,431,2026-04-21 19:46:08.710,,y
374,"Attijari Bank , CA BELVEDERE",000121J/P/M000,1,225,2026-04-21 19:46:08.710,,y
375,"Attijari Bank , CA MEGRINE",000121J/P/M000,1,432,2026-04-21 19:46:08.710,,y
376,"Attijari Bank , centres d'affaires Régions Tunis",000121J/P/M000,1,401,2026-04-21 19:46:08.710,,y
377,"Attijari Bank , centre d'affaires Régions Tunis",000121J/P/M000,1,433,2026-04-21 19:46:08.710,,y
378,"Attijari Bank , Direction Régionale Tunis & Nord",000121J/P/M000,1,434,2026-04-21 19:46:08.710,,y
379,"Attijari Bank , Groupe Hannibal",000121J/P/M000,1,434,2026-04-21 19:46:08.710,,y
380,WIFAK INTERNATIONAL BANK,0798651L/P/M/000,1,404,2026-04-21 19:46:08.710,,y
381,Lilas,492586 Z/A/M/000,1,410,2026-04-21 19:46:08.710,,y
382,SBCD,849384V/A/M/000,1,435,2026-04-21 19:46:08.710,,y
383,SBCD,849384V/A/M/000,1,435,2026-04-21 19:46:08.710,,y
384,SBCD,849384V/A/M/000,1,435,2026-04-21 19:46:08.710,,y
385,SBCD,849384V/A/M/000,1,435,2026-04-21 19:46:08.710,,y
386,SBCD,849384V/A/M/000,1,435,2026-04-21 19:46:08.710,,y
387,Tunis Call Center,0633781K/A/M/000,1,406,2026-04-21 19:46:08.711,,y
388,Tunis Call Center,0633781K/A/M/000,1,406,2026-04-21 19:46:08.712,,y
389,Tunis Call Center,0633781K/A/M/000,1,406,2026-04-21 19:46:08.712,,y
390,T T E INTERNATIONAL,745311C/A/M/000,1,436,2026-04-21 19:46:08.712,,y
391,Tunis Call Center,0633781K/A/M/000,1,406,2026-04-21 19:46:08.712,,y
392,SBCD,849384V/A/M/000,1,435,2026-04-21 19:46:08.712,,y
393,Tunis Call Center,0633781K/A/M/000,1,406,2026-04-21 19:46:08.712,,y
394,Attijari Bank,000121J/P/M000,1,401,2026-04-21 19:46:08.712,,y
395,Attijari Bank,000121J/P/M000,1,401,2026-04-21 19:46:08.712,,y
396,Attijari Bank,000121J/P/M000,1,401,2026-04-21 19:46:08.712,,y
397,Attijari Bank,000121J/P/M000,1,401,2026-04-21 19:46:08.712,,y
398,Attijari Bank,000121J/P/M000,1,401,2026-04-21 19:46:08.712,,y
399,Attijari Bank,000121J/P/M000,1,401,2026-04-21 19:46:08.712,,y
400,Attijari Bank,000121J/P/M000,1,401,2026-04-21 19:46:08.712,,y
401,Attijari Bank,000121J/P/M000,1,401,2026-04-21 19:46:08.712,,y
402,"Attijari Bank , Groupe Alyssa",000121J/P/M000,1,413,2026-04-21 19:46:08.712,,y
403,Attijari Bank Groupe Bizerte,000121J/P/M000,1,414,2026-04-21 19:46:08.712,,y
404,"Attijari Bank , CA Avenue de Paris",000121J/P/M000,1,415,2026-04-21 19:46:08.712,,y
405,Attijari Bank Groupe Cap Bon,000121J/P/M000,1,416,2026-04-21 19:46:08.712,,y
406,Centres d'affaires Centre & Cap bon,000121J/P/M000,1,417,2026-04-21 19:46:08.712,,y
407,Attijari Bank Direction Régionale Centre & Cap Bon,000121J/P/M000,1,418,2026-04-21 19:46:08.712,,y
408,"Attijari Bank , Gafsa",000121J/P/M000,1,419,2026-04-21 19:46:08.712,,y
409,"Attijari Bank , Groupe Al Aghaliba",000121J/P/M000,1,420,2026-04-21 19:46:08.712,,y
410,"Attijari Bank , Groupe El ksour",000121J/P/M000,1,421,2026-04-21 19:46:08.712,,y
411,"Attijari Bank , Groupe Oasis",000121J/P/M000,1,422,2026-04-21 19:46:08.712,,y
412,"Attijari Bank , Groupe Lafayette",000121J/P/M000,1,423,2026-04-21 19:46:08.712,,y
413,"Attijari Bank , Groupe Ariana Les Jasmins",000121J/P/M000,1,424,2026-04-21 19:46:08.713,,y
414,"Attijari Bank , Groupe Ben Arous Maxula",000121J/P/M000,1,425,2026-04-21 19:46:08.713,,y
415,"Attijari Bank , Région Tunis Menzah 5",000121J/P/M000,1,426,2026-04-21 19:46:08.713,,y
416,"Attijari Bank , Al Ribat",000121J/P/M000,1,427,2026-04-21 19:46:08.713,,y
417,"Attijari Bank , Groupe Nord Ouest",000121J/P/M000,1,428,2026-04-21 19:46:08.713,,y
418,"Attijari Bank , Sfax",000121J/P/M000,1,429,2026-04-21 19:46:08.713,,y
419,"Attijari Bank , Sfax",000121J/P/M000,1,429,2026-04-21 19:46:08.713,,y
420,"Attijari Bank , Sfax",000121J/P/M000,1,429,2026-04-21 19:46:08.713,,y
421,"Attijari Bank , Groupe AL Jawhara",000121J/P/M000,1,430,2026-04-21 19:46:08.713,,y
422,Attijari Bank,000121J/P/M000,1,401,2026-04-21 19:46:08.714,,y
423,"Attijari Bank , Djerba Zarzis",000121J/P/M000,1,431,2026-04-21 19:46:08.714,,y
424,"Attijari Bank , CA BELVEDERE",000121J/P/M000,1,225,2026-04-21 19:46:08.714,,y
425,"Attijari Bank , CA MEGRINE",000121J/P/M000,1,432,2026-04-21 19:46:08.714,,y
426,"Attijari Bank , centres d'affaires Régions Tunis",000121J/P/M000,1,401,2026-04-21 19:46:08.714,,y
427,"Attijari Bank , centre d'affaires Régions Tunis",000121J/P/M000,1,433,2026-04-21 19:46:08.714,,y
428,"Attijari Bank , Direction Régionale Tunis & Nord",000121J/P/M000,1,434,2026-04-21 19:46:08.714,,y
429,"Attijari Bank , Groupe Hannibal",000121J/P/M000,1,434,2026-04-21 19:46:08.714,,y
430,WIFAK INTERNATIONAL BANK,0798651L/P/M/000,1,404,2026-04-21 19:46:08.715,,y
431,Lilas,492586 Z/A/M/000,1,410,2026-04-21 19:46:08.715,,y
432,SBCD,849384V/A/M/000,1,435,2026-04-21 19:46:08.715,,y
433,SBCD,849384V/A/M/000,1,435,2026-04-21 19:46:08.715,,y
434,SBCD,849384V/A/M/000,1,435,2026-04-21 19:46:08.715,,y
435,SBCD,849384V/A/M/000,1,435,2026-04-21 19:46:08.715,,y
436,Tunis Call Center,0633781K/A/M/000,1,406,2026-04-21 19:46:08.715,,y
437,Tunis Call Center,0633781K/A/M/000,1,406,2026-04-21 19:46:08.715,,y
438,Tunis Call Center,0633781K/A/M/000,1,406,2026-04-21 19:46:08.715,,y
439,T T E INTERNATIONAL,745311C/A/M/000,1,436,2026-04-21 19:46:08.715,,y
440,Tunis Call Center,0633781K/A/M/000,1,406,2026-04-21 19:46:08.715,,y
441,Tunis Call Center,0633781K/A/M/000,1,406,2026-04-21 19:46:08.715,,y
442,Attijari Bank,000121J/P/M000,1,401,2026-04-21 19:46:08.715,,y
443,Attijari Bank,000121J/P/M000,1,401,2026-04-21 19:46:08.715,,y
444,Attijari Bank,000121J/P/M000,1,401,2026-04-21 19:46:08.715,,y
445,Attijari Bank,000121J/P/M000,1,401,2026-04-21 19:46:08.715,,y
446,Attijari Bank,000121J/P/M000,1,401,2026-04-21 19:46:08.715,,y
447,Attijari Bank,000121J/P/M000,1,401,2026-04-21 19:46:08.716,,y
448,Attijari Bank,000121J/P/M000,1,401,2026-04-21 19:46:08.716,,y
449,Attijari Bank,000121J/P/M000,1,401,2026-04-21 19:46:08.716,,y
450,"Attijari Bank , Groupe Alyssa",000121J/P/M000,1,413,2026-04-21 19:46:08.716,,y
451,Attijari Bank Groupe Bizerte,000121J/P/M000,1,414,2026-04-21 19:46:08.716,,y
452,"Attijari Bank , CA Avenue de Paris",000121J/P/M000,1,415,2026-04-21 19:46:08.716,,y
453,Attijari Bank Groupe Cap Bon,000121J/P/M000,1,416,2026-04-21 19:46:08.716,,y
454,Centres d'affaires Centre & Cap bon,000121J/P/M000,1,417,2026-04-21 19:46:08.716,,y
455,Attijari Bank Direction Régionale Centre & Cap Bon,000121J/P/M000,1,418,2026-04-21 19:46:08.716,,y
456,"Attijari Bank , Gafsa",000121J/P/M000,1,419,2026-04-21 19:46:08.716,,y
457,"Attijari Bank , Groupe Al Aghaliba",000121J/P/M000,1,420,2026-04-21 19:46:08.716,,y
458,"Attijari Bank , Groupe El ksour",000121J/P/M000,1,421,2026-04-21 19:46:08.716,,y
459,"Attijari Bank , Groupe Oasis",000121J/P/M000,1,422,2026-04-21 19:46:08.716,,y
460,"Attijari Bank , Groupe Lafayette",000121J/P/M000,1,423,2026-04-21 19:46:08.716,,y
461,"Attijari Bank , Groupe Ariana Les Jasmins",000121J/P/M000,1,424,2026-04-21 19:46:08.716,,y
462,"Attijari Bank , Groupe Ben Arous Maxula",000121J/P/M000,1,425,2026-04-21 19:46:08.716,,y
463,"Attijari Bank , Région Tunis Menzah 5",000121J/P/M000,1,426,2026-04-21 19:46:08.716,,y
464,"Attijari Bank , Al Ribat",000121J/P/M000,1,427,2026-04-21 19:46:08.716,,y
465,"Attijari Bank , Groupe Nord Ouest",000121J/P/M000,1,428,2026-04-21 19:46:08.716,,y
466,"Attijari Bank , Sfax",000121J/P/M000,1,429,2026-04-21 19:46:08.716,,y
467,"Attijari Bank , Sfax",000121J/P/M000,1,429,2026-04-21 19:46:08.716,,y
468,"Attijari Bank , Sfax",000121J/P/M000,1,429,2026-04-21 19:46:08.716,,y
469,"Attijari Bank , Groupe AL Jawhara",000121J/P/M000,1,430,2026-04-21 19:46:08.716,,y
470,Attijari Bank,000121J/P/M000,1,401,2026-04-21 19:46:08.716,,y
471,"Attijari Bank , Djerba Zarzis",000121J/P/M000,1,431,2026-04-21 19:46:08.716,,y
472,"Attijari Bank , CA BELVEDERE",000121J/P/M000,1,225,2026-04-21 19:46:08.716,,y
473,"Attijari Bank , CA MEGRINE",000121J/P/M000,1,432,2026-04-21 19:46:08.716,,y
474,"Attijari Bank , centres d'affaires Régions Tunis",000121J/P/M000,1,401,2026-04-21 19:46:08.716,,y
475,"Attijari Bank , centre d'affaires Régions Tunis",000121J/P/M000,1,433,2026-04-21 19:46:08.716,,y
476,"Attijari Bank , Direction Régionale Tunis & Nord",000121J/P/M000,1,434,2026-04-21 19:46:08.716,,y
477,"Attijari Bank , Groupe Hannibal",000121J/P/M000,1,434,2026-04-21 19:46:08.716,,y
478,WIFAK INTERNATIONAL BANK,0798651L/P/M/000,1,404,2026-04-21 19:46:08.716,,y
479,Lilas,492586 Z/A/M/000,1,410,2026-04-21 19:46:08.717,,y
480,SBCD,849384V/A/M/000,1,435,2026-04-21 19:46:08.717,,y
481,SBCD,849384V/A/M/000,1,435,2026-04-21 19:46:08.717,,y
482,SBCD,849384V/A/M/000,1,435,2026-04-21 19:46:08.717,,y
483,SBCD,849384V/A/M/000,1,435,2026-04-21 19:46:08.717,,y
484,SBCD,849384V/A/M/000,1,435,2026-04-21 19:46:08.717,,y
485,Tunis Call Center,0633781K/A/M/000,1,406,2026-04-21 19:46:08.717,,y
486,Tunis Call Center,0633781K/A/M/000,1,406,2026-04-21 19:46:08.717,,y
487,Tunis Call Center,0633781K/A/M/000,1,406,2026-04-21 19:46:08.717,,y
488,T T E INTERNATIONAL,745311C/A/M/000,1,436,2026-04-21 19:46:08.717,,y
489,Tunis Call Center,0633781K/A/M/000,1,406,2026-04-21 19:46:08.717,,y
490,Tunis Call Center,0633781K/A/M/000,1,406,2026-04-21 19:46:08.717,,y
491,Attijari Bank,000121J/P/M000,1,401,2026-04-21 19:46:08.717,,y
492,Attijari Bank,000121J/P/M000,1,401,2026-04-21 19:46:08.717,,y
493,Attijari Bank,000121J/P/M000,1,401,2026-04-21 19:46:08.717,,y
494,Attijari Bank,000121J/P/M000,1,401,2026-04-21 19:46:08.717,,y
495,Attijari Bank,000121J/P/M000,1,401,2026-04-21 19:46:08.717,,y
496,Attijari Bank,000121J/P/M000,1,401,2026-04-21 19:46:08.717,,y
497,Attijari Bank,000121J/P/M000,1,401,2026-04-21 19:46:08.717,,y
498,Attijari Bank,000121J/P/M000,1,401,2026-04-21 19:46:08.717,,y
499,"Attijari Bank , Groupe Alyssa",000121J/P/M000,1,413,2026-04-21 19:46:08.717,,y
500,Attijari Bank Groupe Bizerte,000121J/P/M000,1,414,2026-04-21 19:46:08.717,,y
501,"Attijari Bank , CA Avenue de Paris",000121J/P/M000,1,415,2026-04-21 19:46:08.717,,y
502,Attijari Bank Groupe Cap Bon,000121J/P/M000,1,416,2026-04-21 19:46:08.717,,y
503,Centres d'affaires Centre & Cap bon,000121J/P/M000,1,417,2026-04-21 19:46:08.717,,y
504,Attijari Bank Direction Régionale Centre & Cap Bon,000121J/P/M000,1,418,2026-04-21 19:46:08.717,,y
505,"Attijari Bank , Gafsa",000121J/P/M000,1,419,2026-04-21 19:46:08.718,,y
506,"Attijari Bank , Groupe Al Aghaliba",000121J/P/M000,1,420,2026-04-21 19:46:08.718,,y
507,"Attijari Bank , Groupe El ksour",000121J/P/M000,1,421,2026-04-21 19:46:08.719,,y
508,"Attijari Bank , Groupe Oasis",000121J/P/M000,1,422,2026-04-21 19:46:08.719,,y
509,"Attijari Bank , Groupe Lafayette",000121J/P/M000,1,423,2026-04-21 19:46:08.719,,y
510,"Attijari Bank , Groupe Ariana Les Jasmins",000121J/P/M000,1,424,2026-04-21 19:46:08.719,,y
511,"Attijari Bank , Groupe Ben Arous Maxula",000121J/P/M000,1,425,2026-04-21 19:46:08.719,,y
512,"Attijari Bank , Région Tunis Menzah 5",000121J/P/M000,1,426,2026-04-21 19:46:08.719,,y
513,"Attijari Bank , Al Ribat",000121J/P/M000,1,427,2026-04-21 19:46:08.720,,y
514,"Attijari Bank , Groupe Nord Ouest",000121J/P/M000,1,428,2026-04-21 19:46:08.720,,y
515,"Attijari Bank , Sfax",000121J/P/M000,1,429,2026-04-21 19:46:08.720,,y
516,"Attijari Bank , Sfax",000121J/P/M000,1,429,2026-04-21 19:46:08.720,,y
517,"Attijari Bank , Sfax",000121J/P/M000,1,429,2026-04-21 19:46:08.720,,y
518,"Attijari Bank , Groupe AL Jawhara",000121J/P/M000,1,430,2026-04-21 19:46:08.720,,y
519,Attijari Bank,000121J/P/M000,1,401,2026-04-21 19:46:08.720,,y
520,"Attijari Bank , Djerba Zarzis",000121J/P/M000,1,431,2026-04-21 19:46:08.720,,y
521,"Attijari Bank , CA BELVEDERE",000121J/P/M000,1,225,2026-04-21 19:46:08.720,,y
522,"Attijari Bank , CA MEGRINE",000121J/P/M000,1,432,2026-04-21 19:46:08.720,,y
523,"Attijari Bank , centres d'affaires Régions Tunis",000121J/P/M000,1,401,2026-04-21 19:46:08.720,,y
524,"Attijari Bank , centre d'affaires Régions Tunis",000121J/P/M000,1,433,2026-04-21 19:46:08.720,,y
525,"Attijari Bank , Direction Régionale Tunis & Nord",000121J/P/M000,1,434,2026-04-21 19:46:08.720,,y
526,"Attijari Bank , Groupe Hannibal",000121J/P/M000,1,434,2026-04-21 19:46:08.720,,y
527,WIFAK INTERNATIONAL BANK,0798651L/P/M/000,1,404,2026-04-21 19:46:08.720,,y
528,Lilas,492586 Z/A/M/000,1,410,2026-04-21 19:46:08.720,,y
529,SBCD,849384V/A/M/000,1,435,2026-04-21 19:46:08.720,,y
530,SBCD,849384V/A/M/000,1,435,2026-04-21 19:46:08.720,,y
531,SBCD,849384V/A/M/000,1,435,2026-04-21 19:46:08.720,,y
532,SBCD,849384V/A/M/000,1,435,2026-04-21 19:46:08.720,,y
533,SBCD,849384V/A/M/000,1,435,2026-04-21 19:46:08.720,,y
534,Tunis Call Center,0633781K/A/M/000,1,406,2026-04-21 19:46:08.720,,y
535,Tunis Call Center,0633781K/A/M/000,1,406,2026-04-21 19:46:08.720,,y
536,Tunis Call Center,0633781K/A/M/000,1,406,2026-04-21 19:46:08.720,,y
537,T T E INTERNATIONAL,745311C/A/M/000,1,436,2026-04-21 19:46:08.720,,y
538,Tunis Call Center,0633781K/A/M/000,1,406,2026-04-21 19:46:08.720,,y
539,Tunis Call Center,0633781K/A/M/000,1,406,2026-04-21 19:46:08.720,,y
540,Attijari Bank,000121J/P/M000,1,401,2026-04-21 19:46:08.720,,y
541,Attijari Bank,000121J/P/M000,1,401,2026-04-21 19:46:08.720,,y
542,Attijari Bank,000121J/P/M000,1,401,2026-04-21 19:46:08.721,,y
543,Attijari Bank,000121J/P/M000,1,401,2026-04-21 19:46:08.721,,y
544,Attijari Bank,000121J/P/M000,1,401,2026-04-21 19:46:08.721,,y
545,Attijari Bank,000121J/P/M000,1,401,2026-04-21 19:46:08.721,,y
546,Attijari Bank,000121J/P/M000,1,401,2026-04-21 19:46:08.721,,y
547,Attijari Bank,000121J/P/M000,1,401,2026-04-21 19:46:08.721,,y
548,"Attijari Bank , Groupe Alyssa",000121J/P/M000,1,413,2026-04-21 19:46:08.721,,y
549,Attijari Bank Groupe Bizerte,000121J/P/M000,1,414,2026-04-21 19:46:08.721,,y
550,"Attijari Bank , CA Avenue de Paris",000121J/P/M000,1,415,2026-04-21 19:46:08.721,,y
551,Attijari Bank Groupe Cap Bon,000121J/P/M000,1,416,2026-04-21 19:46:08.721,,y
552,Centres d'affaires Centre & Cap bon,000121J/P/M000,1,417,2026-04-21 19:46:08.721,,y
553,Attijari Bank Direction Régionale Centre & Cap Bon,000121J/P/M000,1,418,2026-04-21 19:46:08.721,,y
554,"Attijari Bank , Gafsa",000121J/P/M000,1,419,2026-04-21 19:46:08.721,,y
555,"Attijari Bank , Groupe Al Aghaliba",000121J/P/M000,1,420,2026-04-21 19:46:08.721,,y
556,"Attijari Bank , Groupe El ksour",000121J/P/M000,1,421,2026-04-21 19:46:08.721,,y
557,"Attijari Bank , Groupe Oasis",000121J/P/M000,1,422,2026-04-21 19:46:08.721,,y
558,"Attijari Bank , Groupe Lafayette",000121J/P/M000,1,423,2026-04-21 19:46:08.721,,y
559,"Attijari Bank , Groupe Ariana Les Jasmins",000121J/P/M000,1,424,2026-04-21 19:46:08.721,,y
560,"Attijari Bank , Groupe Ben Arous Maxula",000121J/P/M000,1,425,2026-04-21 19:46:08.721,,y
561,"Attijari Bank , Région Tunis Menzah 5",000121J/P/M000,1,426,2026-04-21 19:46:08.721,,y
562,"Attijari Bank , Al Ribat",000121J/P/M000,1,427,2026-04-21 19:46:08.721,,y
563,"Attijari Bank , Groupe Nord Ouest",000121J/P/M000,1,428,2026-04-21 19:46:08.721,,y
564,"Attijari Bank , Sfax",000121J/P/M000,1,429,2026-04-21 19:46:08.721,,y
565,"Attijari Bank , Sfax",000121J/P/M000,1,429,2026-04-21 19:46:08.721,,y
566,Attijari Bank,000121J/P/M000,1,401,2026-04-21 19:46:08.721,,y
567,"Attijari Bank , Sfax",000121J/P/M000,1,429,2026-04-21 19:46:08.721,,y
568,"Attijari Bank , Groupe AL Jawhara",000121J/P/M000,1,430,2026-04-21 19:46:08.721,,y
569,Attijari Bank,000121J/P/M000,1,401,2026-04-21 19:46:08.721,,y
570,"Attijari Bank , Djerba Zarzis",000121J/P/M000,1,431,2026-04-21 19:46:08.721,,y
571,"Attijari Bank , CA BELVEDERE",000121J/P/M000,1,225,2026-04-21 19:46:08.721,,y
572,"Attijari Bank , CA MEGRINE",000121J/P/M000,1,432,2026-04-21 19:46:08.721,,y
573,"Attijari Bank , centres d'affaires Régions Tunis",000121J/P/M000,1,401,2026-04-21 19:46:08.721,,y
574,"Attijari Bank , centre d'affaires Régions Tunis",000121J/P/M000,1,433,2026-04-21 19:46:08.721,,y
575,"Attijari Bank , Direction Régionale Tunis & Nord",000121J/P/M000,1,434,2026-04-21 19:46:08.721,,y
576,"Attijari Bank , Groupe Hannibal",000121J/P/M000,1,434,2026-04-21 19:46:08.721,,y
577,WIFAK INTERNATIONAL BANK,0798651L/P/M/000,1,404,2026-04-21 19:46:08.721,,y
578,Lilas,492586 Z/A/M/000,1,410,2026-04-21 19:46:08.721,,y
579,SBCD,849384V/A/M/000,1,435,2026-04-21 19:46:08.721,,y
580,SBCD,849384V/A/M/000,1,435,2026-04-21 19:46:08.721,,y
581,SBCD,849384V/A/M/000,1,435,2026-04-21 19:46:08.721,,y
582,SBCD,849384V/A/M/000,1,435,2026-04-21 19:46:08.721,,y
583,SBCD,849384V/A/M/000,1,435,2026-04-21 19:46:08.721,,y
584,Tunis Call Center,0633781K/A/M/000,1,406,2026-04-21 19:46:08.721,,y
585,Tunis Call Center,0633781K/A/M/000,1,406,2026-04-21 19:46:08.721,,y
586,Tunis Call Center,0633781K/A/M/000,1,406,2026-04-21 19:46:08.722,,y
587,T T E INTERNATIONAL,745311C/A/M/000,1,436,2026-04-21 19:46:08.722,,y
588,Tunis Call Center,0633781K/A/M/000,1,406,2026-04-21 19:46:08.722,,y
589,Tunis Call Center,0633781K/A/M/000,1,406,2026-04-21 19:46:08.722,,y
590,Attijari Bank,000121J/P/M000,1,401,2026-04-21 19:46:08.722,,y
591,Attijari Bank,000121J/P/M000,1,401,2026-04-21 19:46:08.722,,y
592,Attijari Bank,000121J/P/M000,1,401,2026-04-21 19:46:08.722,,y
593,Attijari Bank,000121J/P/M000,1,401,2026-04-21 19:46:08.722,,y
594,Attijari Bank,000121J/P/M000,1,401,2026-04-21 19:46:08.722,,y
595,Attijari Bank,000121J/P/M000,1,401,2026-04-21 19:46:08.722,,y
596,Attijari Bank,000121J/P/M000,1,401,2026-04-21 19:46:08.722,,y
597,Attijari Bank,000121J/P/M000,1,401,2026-04-21 19:46:08.722,,y
598,"Attijari Bank , Groupe Alyssa",000121J/P/M000,1,413,2026-04-21 19:46:08.722,,y
599,Attijari Bank Groupe Bizerte,000121J/P/M000,1,414,2026-04-21 19:46:08.722,,y
600,"Attijari Bank , CA Avenue de Paris",000121J/P/M000,1,415,2026-04-21 19:46:08.722,,y
601,Attijari Bank Groupe Cap Bon,000121J/P/M000,1,416,2026-04-21 19:46:08.722,,y
602,Centres d'affaires Centre & Cap bon,000121J/P/M000,1,417,2026-04-21 19:46:08.722,,y
603,Attijari Bank Direction Régionale Centre & Cap Bon,000121J/P/M000,1,418,2026-04-21 19:46:08.722,,y
604,"Attijari Bank , Gafsa",000121J/P/M000,1,419,2026-04-21 19:46:08.722,,y
605,"Attijari Bank , Groupe Al Aghaliba",000121J/P/M000,1,420,2026-04-21 19:46:08.722,,y
606,"Attijari Bank , Groupe El ksour",000121J/P/M000,1,421,2026-04-21 19:46:08.722,,y
607,"Attijari Bank , Groupe Oasis",000121J/P/M000,1,422,2026-04-21 19:46:08.722,,y
608,"Attijari Bank , Groupe Lafayette",000121J/P/M000,1,423,2026-04-21 19:46:08.722,,y
609,"Attijari Bank , Groupe Ariana Les Jasmins",000121J/P/M000,1,424,2026-04-21 19:46:08.722,,y
610,Attijari Bank,000121J/P/M000,1,401,2026-04-21 19:46:08.722,,y
611,"Attijari Bank , Groupe Ben Arous Maxula",000121J/P/M000,1,425,2026-04-21 19:46:08.722,,y
612,"Attijari Bank , Région Tunis Menzah 5",000121J/P/M000,1,426,2026-04-21 19:46:08.722,,y
613,"Attijari Bank , Al Ribat",000121J/P/M000,1,427,2026-04-21 19:46:08.722,,y
614,"Attijari Bank , Groupe Nord Ouest",000121J/P/M000,1,428,2026-04-21 19:46:08.722,,y
615,"Attijari Bank , Sfax",000121J/P/M000,1,429,2026-04-21 19:46:08.722,,y
616,"Attijari Bank , Sfax",000121J/P/M000,1,429,2026-04-21 19:46:08.722,,y
617,"Attijari Bank , Sfax",000121J/P/M000,1,429,2026-04-21 19:46:08.722,,y
618,"Attijari Bank , Groupe AL Jawhara",000121J/P/M000,1,430,2026-04-21 19:46:08.722,,y
619,Attijari Bank,000121J/P/M000,1,401,2026-04-21 19:46:08.722,,y
620,"Attijari Bank , Djerba Zarzis",000121J/P/M000,1,431,2026-04-21 19:46:08.722,,y
621,"Attijari Bank , CA BELVEDERE",000121J/P/M000,1,225,2026-04-21 19:46:08.722,,y
622,"Attijari Bank , CA MEGRINE",000121J/P/M000,1,432,2026-04-21 19:46:08.722,,y
623,"Attijari Bank , centres d'affaires Régions Tunis",000121J/P/M000,1,401,2026-04-21 19:46:08.722,,y
624,"Attijari Bank , centre d'affaires Régions Tunis",000121J/P/M000,1,433,2026-04-21 19:46:08.722,,y
625,"Attijari Bank , Direction Régionale Tunis & Nord",000121J/P/M000,1,434,2026-04-21 19:46:08.722,,y
626,"Attijari Bank , Groupe Hannibal",000121J/P/M000,1,434,2026-04-21 19:46:08.722,,y
627,WIFAK INTERNATIONAL BANK,0798651L/P/M/000,1,404,2026-04-21 19:46:08.723,,y
628,Lilas,492586 Z/A/M/000,1,410,2026-04-21 19:46:08.723,,y
629,SBCD,849384V/A/M/000,1,435,2026-04-21 19:46:08.723,,y
630,SBCD,849384V/A/M/000,1,435,2026-04-21 19:46:08.723,,y
631,SBCD,849384V/A/M/000,1,435,2026-04-21 19:46:08.723,,y
632,SBCD,849384V/A/M/000,1,435,2026-04-21 19:46:08.723,,y
633,SBCD,849384V/A/M/000,1,435,2026-04-21 19:46:08.723,,y
634,Tunis Call Center,0633781K/A/M/000,1,406,2026-04-21 19:46:08.723,,y
635,Tunis Call Center,0633781K/A/M/000,1,406,2026-04-21 19:46:08.723,,y
636,Tunis Call Center,0633781K/A/M/000,1,406,2026-04-21 19:46:08.723,,y
637,T T E INTERNATIONAL,745311C/A/M/000,1,436,2026-04-21 19:46:08.723,,y
638,Tunis Call Center,0633781K/A/M/000,1,406,2026-04-21 19:46:08.723,,y
639,Tunis Call Center,0633781K/A/M/000,1,406,2026-04-21 19:46:08.723,,y
640,Attijari Bank,000121J/P/M000,1,401,2026-04-21 19:46:08.723,,y
641,Attijari Bank,000121J/P/M000,1,401,2026-04-21 19:46:08.723,,y
642,Attijari Bank,000121J/P/M000,1,401,2026-04-21 19:46:08.723,,y
643,Attijari Bank,000121J/P/M000,1,401,2026-04-21 19:46:08.723,,y
644,Attijari Bank,000121J/P/M000,1,401,2026-04-21 19:46:08.723,,y
645,Attijari Bank,000121J/P/M000,1,401,2026-04-21 19:46:08.723,,y
646,Attijari Bank,000121J/P/M000,1,401,2026-04-21 19:46:08.723,,y
647,Attijari Bank,000121J/P/M000,1,401,2026-04-21 19:46:08.723,,y
648,"Attijari Bank , Groupe Alyssa",000121J/P/M000,1,413,2026-04-21 19:46:08.723,,y
649,Attijari Bank Groupe Bizerte,000121J/P/M000,1,414,2026-04-21 19:46:08.723,,y
650,"Attijari Bank , CA Avenue de Paris",000121J/P/M000,1,415,2026-04-21 19:46:08.723,,y
651,Attijari Bank Groupe Cap Bon,000121J/P/M000,1,416,2026-04-21 19:46:08.723,,y
652,Centres d'affaires Centre & Cap bon,000121J/P/M000,1,417,2026-04-21 19:46:08.723,,y
653,Attijari Bank Direction Régionale Centre & Cap Bon,000121J/P/M000,1,418,2026-04-21 19:46:08.723,,y
654,"Attijari Bank , Gafsa",000121J/P/M000,1,419,2026-04-21 19:46:08.723,,y
655,"Attijari Bank , Groupe Al Aghaliba",000121J/P/M000,1,420,2026-04-21 19:46:08.723,,y
656,"Attijari Bank , Groupe El ksour",000121J/P/M000,1,421,2026-04-21 19:46:08.723,,y
657,"Attijari Bank , Groupe Oasis",000121J/P/M000,1,422,2026-04-21 19:46:08.723,,y
658,"Attijari Bank , Groupe Lafayette",000121J/P/M000,1,423,2026-04-21 19:46:08.723,,y
659,"Attijari Bank , Groupe Ariana Les Jasmins",000121J/P/M000,1,424,2026-04-21 19:46:08.723,,y
660,"Attijari Bank , Groupe Ben Arous Maxula",000121J/P/M000,1,425,2026-04-21 19:46:08.723,,y
661,"Attijari Bank , Région Tunis Menzah 5",000121J/P/M000,1,426,2026-04-21 19:46:08.723,,y
662,"Attijari Bank , Al Ribat",000121J/P/M000,1,427,2026-04-21 19:46:08.723,,y
663,"Attijari Bank , Groupe Nord Ouest",000121J/P/M000,1,428,2026-04-21 19:46:08.723,,y
664,"Attijari Bank , Sfax",000121J/P/M000,1,429,2026-04-21 19:46:08.723,,y
665,"Attijari Bank , Sfax",000121J/P/M000,1,429,2026-04-21 19:46:08.723,,y
666,"Attijari Bank , Sfax",000121J/P/M000,1,429,2026-04-21 19:46:08.723,,y
667,"Attijari Bank , Groupe AL Jawhara",000121J/P/M000,1,430,2026-04-21 19:46:08.723,,y
668,Attijari Bank,000121J/P/M000,1,401,2026-04-21 19:46:08.723,,y
669,"Attijari Bank , Djerba Zarzis",000121J/P/M000,1,431,2026-04-21 19:46:08.723,,y
670,"Attijari Bank , CA BELVEDERE",000121J/P/M000,1,225,2026-04-21 19:46:08.723,,y
671,"Attijari Bank , CA MEGRINE",000121J/P/M000,1,432,2026-04-21 19:46:08.723,,y
672,"Attijari Bank , centres d'affaires Régions Tunis",000121J/P/M000,1,401,2026-04-21 19:46:08.724,,y
673,"Attijari Bank , centre d'affaires Régions Tunis",000121J/P/M000,1,433,2026-04-21 19:46:08.724,,y
674,"Attijari Bank , Direction Régionale Tunis & Nord",000121J/P/M000,1,434,2026-04-21 19:46:08.724,,y
675,"Attijari Bank , Groupe Hannibal",000121J/P/M000,1,434,2026-04-21 19:46:08.724,,y
676,WIFAK INTERNATIONAL BANK,0798651L/P/M/000,1,404,2026-04-21 19:46:08.724,,y
677,Lilas,492586 Z/A/M/000,1,410,2026-04-21 19:46:08.724,,y
678,SBCD,849384V/A/M/000,1,435,2026-04-21 19:46:08.724,,y
679,SBCD,849384V/A/M/000,1,435,2026-04-21 19:46:08.724,,y
680,SBCD,849384V/A/M/000,1,435,2026-04-21 19:46:08.724,,y
681,SBCD,849384V/A/M/000,1,435,2026-04-21 19:46:08.724,,y
682,SBCD,849384V/A/M/000,1,435,2026-04-21 19:46:08.724,,y
683,Tunis Call Center,0633781K/A/M/000,1,406,2026-04-21 19:46:08.724,,y
684,Tunis Call Center,0633781K/A/M/000,1,406,2026-04-21 19:46:08.724,,y
685,Tunis Call Center,0633781K/A/M/000,1,406,2026-04-21 19:46:08.724,,y
686,T T E INTERNATIONAL,745311C/A/M/000,1,436,2026-04-21 19:46:08.724,,y
687,Tunis Call Center,0633781K/A/M/000,1,406,2026-04-21 19:46:08.724,,y
688,Tunis Call Center,0633781K/A/M/000,1,406,2026-04-21 19:46:08.724,,y
689,Attijari Bank,000121J/P/M000,1,401,2026-04-21 19:46:08.724,,y
690,Attijari Bank,000121J/P/M000,1,401,2026-04-21 19:46:08.724,,y
691,Attijari Bank,000121J/P/M000,1,401,2026-04-21 19:46:08.724,,y
692,Attijari Bank,000121J/P/M000,1,401,2026-04-21 19:46:08.724,,y
693,Attijari Bank,000121J/P/M000,1,401,2026-04-21 19:46:08.724,,y
694,Attijari Bank,000121J/P/M000,1,401,2026-04-21 19:46:08.724,,y
695,Attijari Bank,000121J/P/M000,1,401,2026-04-21 19:46:08.724,,y
696,Attijari Bank,000121J/P/M000,1,401,2026-04-21 19:46:08.724,,y
697,"Attijari Bank , Groupe Alyssa",000121J/P/M000,1,413,2026-04-21 19:46:08.724,,y
698,Attijari Bank Groupe Bizerte,000121J/P/M000,1,414,2026-04-21 19:46:08.724,,y
699,"Attijari Bank , CA Avenue de Paris",000121J/P/M000,1,415,2026-04-21 19:46:08.724,,y
700,Attijari Bank Groupe Cap Bon,000121J/P/M000,1,416,2026-04-21 19:46:08.724,,y
701,Centres d'affaires Centre & Cap bon,000121J/P/M000,1,417,2026-04-21 19:46:08.724,,y
702,Attijari Bank Direction Régionale Centre & Cap Bon,000121J/P/M000,1,418,2026-04-21 19:46:08.724,,y
703,"Attijari Bank , Gafsa",000121J/P/M000,1,419,2026-04-21 19:46:08.724,,y
704,"Attijari Bank , Groupe Al Aghaliba",000121J/P/M000,1,420,2026-04-21 19:46:08.724,,y
705,"Attijari Bank , Groupe El ksour",000121J/P/M000,1,421,2026-04-21 19:46:08.724,,y
706,"Attijari Bank , Groupe Oasis",000121J/P/M000,1,422,2026-04-21 19:46:08.724,,y
707,"Attijari Bank , Groupe Lafayette",000121J/P/M000,1,423,2026-04-21 19:46:08.724,,y
708,"Attijari Bank , Groupe Ariana Les Jasmins",000121J/P/M000,1,424,2026-04-21 19:46:08.724,,y
709,"Attijari Bank , Groupe Ben Arous Maxula",000121J/P/M000,1,425,2026-04-21 19:46:08.724,,y
710,"Attijari Bank , Région Tunis Menzah 5",000121J/P/M000,1,426,2026-04-21 19:46:08.724,,y
711,"Attijari Bank , Al Ribat",000121J/P/M000,1,427,2026-04-21 19:46:08.724,,y
712,"Attijari Bank , Groupe Nord Ouest",000121J/P/M000,1,428,2026-04-21 19:46:08.724,,y
713,"Attijari Bank , Sfax",000121J/P/M000,1,429,2026-04-21 19:46:08.724,,y
714,"Attijari Bank , Sfax",000121J/P/M000,1,429,2026-04-21 19:46:08.724,,y
715,"Attijari Bank , Sfax",000121J/P/M000,1,429,2026-04-21 19:46:08.724,,y
716,"Attijari Bank , Groupe AL Jawhara",000121J/P/M000,1,430,2026-04-21 19:46:08.724,,y
717,Attijari Bank,000121J/P/M000,1,401,2026-04-21 19:46:08.724,,y
718,"Attijari Bank , Djerba Zarzis",000121J/P/M000,1,431,2026-04-21 19:46:08.725,,y
719,"Attijari Bank , CA BELVEDERE",000121J/P/M000,1,225,2026-04-21 19:46:08.725,,y
720,"Attijari Bank , CA MEGRINE",000121J/P/M000,1,432,2026-04-21 19:46:08.725,,y
721,"Attijari Bank , centres d'affaires Régions Tunis",000121J/P/M000,1,401,2026-04-21 19:46:08.725,,y
722,"Attijari Bank , centre d'affaires Régions Tunis",000121J/P/M000,1,433,2026-04-21 19:46:08.725,,y
723,"Attijari Bank , Direction Régionale Tunis & Nord",000121J/P/M000,1,434,2026-04-21 19:46:08.725,,y
724,"Attijari Bank , Groupe Hannibal",000121J/P/M000,1,434,2026-04-21 19:46:08.725,,y
725,WIFAK INTERNATIONAL BANK,0798651L/P/M/000,1,404,2026-04-21 19:46:08.725,,y
726,Lilas,492586 Z/A/M/000,1,410,2026-04-21 19:46:08.725,,y
727,SBCD,849384V/A/M/000,1,435,2026-04-21 19:46:08.725,,y
728,SBCD,849384V/A/M/000,1,435,2026-04-21 19:46:08.725,,y
729,SBCD,849384V/A/M/000,1,435,2026-04-21 19:46:08.725,,y
730,SBCD,849384V/A/M/000,1,435,2026-04-21 19:46:08.725,,y
731,SBCD,849384V/A/M/000,1,435,2026-04-21 19:46:08.726,,y
732,Tunis Call Center,0633781K/A/M/000,1,406,2026-04-21 19:46:08.726,,y
733,Tunis Call Center,0633781K/A/M/000,1,406,2026-04-21 19:46:08.726,,y
734,Tunis Call Center,0633781K/A/M/000,1,406,2026-04-21 19:46:08.726,,y
735,T T E INTERNATIONAL,745311C/A/M/000,1,436,2026-04-21 19:46:08.726,,y
736,Tunis Call Center,0633781K/A/M/000,1,406,2026-04-21 19:46:08.726,,y
737,Tunis Call Center,0633781K/A/M/000,1,406,2026-04-21 19:46:08.726,,y
738,Attijari Bank,000121J/P/M000,1,401,2026-04-21 19:46:08.726,,y
739,Attijari Bank,000121J/P/M000,1,401,2026-04-21 19:46:08.726,,y
740,Attijari Bank,000121J/P/M000,1,401,2026-04-21 19:46:08.726,,y
741,Attijari Bank,000121J/P/M000,1,401,2026-04-21 19:46:08.726,,y
742,Attijari Bank,000121J/P/M000,1,401,2026-04-21 19:46:08.726,,y
743,Attijari Bank,000121J/P/M000,1,401,2026-04-21 19:46:08.726,,y
744,"Attijari Bank , Groupe Alyssa",000121J/P/M000,1,413,2026-04-21 19:46:08.726,,y
745,Attijari Bank Groupe Bizerte,000121J/P/M000,1,414,2026-04-21 19:46:08.726,,y
746,"Attijari Bank , CA Avenue de Paris",000121J/P/M000,1,415,2026-04-21 19:46:08.726,,y
747,Attijari Bank Groupe Cap Bon,000121J/P/M000,1,416,2026-04-21 19:46:08.726,,y
748,Centres d'affaires Centre & Cap bon,000121J/P/M000,1,417,2026-04-21 19:46:08.727,,y
749,Attijari Bank Direction Régionale Centre & Cap Bon,000121J/P/M000,1,418,2026-04-21 19:46:08.727,,y
750,"Attijari Bank , Gafsa",000121J/P/M000,1,419,2026-04-21 19:46:08.727,,y
751,"Attijari Bank , Groupe Al Aghaliba",000121J/P/M000,1,420,2026-04-21 19:46:08.727,,y
752,"Attijari Bank , Groupe El ksour",000121J/P/M000,1,421,2026-04-21 19:46:08.727,,y
753,"Attijari Bank , Groupe Oasis",000121J/P/M000,1,422,2026-04-21 19:46:08.727,,y
754,"Attijari Bank , Groupe Lafayette",000121J/P/M000,1,423,2026-04-21 19:46:08.727,,y
755,"Attijari Bank , Groupe Ariana Les Jasmins",000121J/P/M000,1,424,2026-04-21 19:46:08.727,,y
756,"Attijari Bank , Groupe Ben Arous Maxula",000121J/P/M000,1,425,2026-04-21 19:46:08.727,,y
757,"Attijari Bank , Région Tunis Menzah 5",000121J/P/M000,1,426,2026-04-21 19:46:08.727,,y
758,"Attijari Bank , Al Ribat",000121J/P/M000,1,427,2026-04-21 19:46:08.727,,y
759,"Attijari Bank , Groupe Nord Ouest",000121J/P/M000,1,428,2026-04-21 19:46:08.727,,y
760,"Attijari Bank , Sfax",000121J/P/M000,1,429,2026-04-21 19:46:08.727,,y
761,"Attijari Bank , Sfax",000121J/P/M000,1,429,2026-04-21 19:46:08.727,,y
762,"Attijari Bank , Sfax",000121J/P/M000,1,429,2026-04-21 19:46:08.727,,y
763,"Attijari Bank , Groupe AL Jawhara",000121J/P/M000,1,430,2026-04-21 19:46:08.727,,y
764,Attijari Bank,000121J/P/M000,1,401,2026-04-21 19:46:08.727,,y
765,"Attijari Bank , Djerba Zarzis",000121J/P/M000,1,431,2026-04-21 19:46:08.727,,y
766,"Attijari Bank , CA BELVEDERE",000121J/P/M000,1,225,2026-04-21 19:46:08.728,,y
767,"Attijari Bank , CA MEGRINE",000121J/P/M000,1,432,2026-04-21 19:46:08.728,,y
768,"Attijari Bank , centres d'affaires Régions Tunis",000121J/P/M000,1,401,2026-04-21 19:46:08.729,,y
769,"Attijari Bank , centre d'affaires Régions Tunis",000121J/P/M000,1,433,2026-04-21 19:46:08.729,,y
770,"Attijari Bank , Direction Régionale Tunis & Nord",000121J/P/M000,1,434,2026-04-21 19:46:08.729,,y
771,"Attijari Bank , Groupe Hannibal",000121J/P/M000,1,434,2026-04-21 19:46:08.732,,y
772,WIFAK INTERNATIONAL BANK,0798651L/P/M/000,1,404,2026-04-21 19:46:08.732,,y
773,Lilas,492586 Z/A/M/000,1,410,2026-04-21 19:46:08.732,,y
774,SBCD,849384V/A/M/000,1,435,2026-04-21 19:46:08.732,,y
775,SBCD,849384V/A/M/000,1,435,2026-04-21 19:46:08.732,,y
776,SBCD,849384V/A/M/000,1,435,2026-04-21 19:46:08.732,,y
777,SBCD,849384V/A/M/000,1,435,2026-04-21 19:46:08.732,,y
778,SBCD,849384V/A/M/000,1,435,2026-04-21 19:46:08.733,,y
779,Tunis Call Center,0633781K/A/M/000,1,406,2026-04-21 19:46:08.733,,y
780,Tunis Call Center,0633781K/A/M/000,1,406,2026-04-21 19:46:08.733,,y
781,Tunis Call Center,0633781K/A/M/000,1,406,2026-04-21 19:46:08.733,,y
782,T T E INTERNATIONAL,745311C/A/M/000,1,436,2026-04-21 19:46:08.733,,y
783,Tunis Call Center,0633781K/A/M/000,1,406,2026-04-21 19:46:08.733,,y
784,SBCD,849384V/A/M/000,1,435,2026-04-21 19:46:08.733,,y
785,Tunis Call Center,0633781K/A/M/000,1,406,2026-04-21 19:46:08.733,,y
786,Attijari Bank,000121J/P/M000,1,401,2026-04-21 19:46:08.733,,y
787,Attijari Bank,000121J/P/M000,1,401,2026-04-21 19:46:08.733,,y
788,Attijari Bank,000121J/P/M000,1,401,2026-04-21 19:46:08.733,,y
789,Attijari Bank,000121J/P/M000,1,401,2026-04-21 19:46:08.733,,y
790,Attijari Bank,000121J/P/M000,1,401,2026-04-21 19:46:08.733,,y
791,Attijari Bank,000121J/P/M000,1,401,2026-04-21 19:46:08.733,,y
792,Attijari Bank,000121J/P/M000,1,401,2026-04-21 19:46:08.733,,y
793,Attijari Bank,000121J/P/M000,1,401,2026-04-21 19:46:08.733,,y
794,"Attijari Bank , Groupe Alyssa",000121J/P/M000,1,413,2026-04-21 19:46:08.733,,y
795,Attijari Bank Groupe Bizerte,000121J/P/M000,1,414,2026-04-21 19:46:08.733,,y
796,"Attijari Bank , CA Avenue de Paris",000121J/P/M000,1,415,2026-04-21 19:46:08.733,,y
797,Attijari Bank Groupe Cap Bon,000121J/P/M000,1,416,2026-04-21 19:46:08.733,,y
798,Centres d'affaires Centre & Cap bon,000121J/P/M000,1,417,2026-04-21 19:46:08.733,,y
799,Attijari Bank Direction Régionale Centre & Cap Bon,000121J/P/M000,1,418,2026-04-21 19:46:08.733,,y
800,"Attijari Bank , Gafsa",000121J/P/M000,1,419,2026-04-21 19:46:08.733,,y
801,"Attijari Bank , Groupe Al Aghaliba",000121J/P/M000,1,420,2026-04-21 19:46:08.733,,y
802,"Attijari Bank , Groupe El ksour",000121J/P/M000,1,421,2026-04-21 19:46:08.733,,y
803,"Attijari Bank , Groupe Oasis",000121J/P/M000,1,422,2026-04-21 19:46:08.733,,y
804,"Attijari Bank , Groupe Lafayette",000121J/P/M000,1,423,2026-04-21 19:46:08.733,,y
805,"Attijari Bank , Groupe Ariana Les Jasmins",000121J/P/M000,1,424,2026-04-21 19:46:08.733,,y
806,"Attijari Bank , Groupe Ben Arous Maxula",000121J/P/M000,1,425,2026-04-21 19:46:08.733,,y
807,"Attijari Bank , Région Tunis Menzah 5",000121J/P/M000,1,426,2026-04-21 19:46:08.733,,y
808,"Attijari Bank , Al Ribat",000121J/P/M000,1,427,2026-04-21 19:46:08.733,,y
809,"Attijari Bank , Groupe Nord Ouest",000121J/P/M000,1,428,2026-04-21 19:46:08.733,,y
810,"Attijari Bank , Sfax",000121J/P/M000,1,429,2026-04-21 19:46:08.733,,y
811,"Attijari Bank , Sfax",000121J/P/M000,1,429,2026-04-21 19:46:08.733,,y
812,"Attijari Bank , Sfax",000121J/P/M000,1,429,2026-04-21 19:46:08.733,,y
813,"Attijari Bank , Groupe AL Jawhara",000121J/P/M000,1,430,2026-04-21 19:46:08.733,,y
814,Attijari Bank,000121J/P/M000,1,401,2026-04-21 19:46:08.733,,y
815,"Attijari Bank , Djerba Zarzis",000121J/P/M000,1,431,2026-04-21 19:46:08.733,,y
816,"Attijari Bank , CA BELVEDERE",000121J/P/M000,1,225,2026-04-21 19:46:08.733,,y
817,"Attijari Bank , CA MEGRINE",000121J/P/M000,1,432,2026-04-21 19:46:08.733,,y
818,"Attijari Bank , centres d'affaires Régions Tunis",000121J/P/M000,1,401,2026-04-21 19:46:08.734,,y
819,"Attijari Bank , centre d'affaires Régions Tunis",000121J/P/M000,1,433,2026-04-21 19:46:08.734,,y
820,"Attijari Bank , Direction Régionale Tunis & Nord",000121J/P/M000,1,434,2026-04-21 19:46:08.734,,y
821,"Attijari Bank , Groupe Hannibal",000121J/P/M000,1,434,2026-04-21 19:46:08.734,,y
822,WIFAK INTERNATIONAL BANK,0798651L/P/M/000,1,404,2026-04-21 19:46:08.734,,y
823,Lilas,492586 Z/A/M/000,1,410,2026-04-21 19:46:08.734,,y
824,SBCD,849384V/A/M/000,1,435,2026-04-21 19:46:08.734,,y
825,SBCD,849384V/A/M/000,1,435,2026-04-21 19:46:08.734,,y
826,SBCD,849384V/A/M/000,1,435,2026-04-21 19:46:08.734,,y
827,SBCD,849384V/A/M/000,1,435,2026-04-21 19:46:08.734,,y
828,Tunis Call Center,0633781K/A/M/000,1,406,2026-04-21 19:46:08.734,,y
829,Tunis Call Center,0633781K/A/M/000,1,406,2026-04-21 19:46:08.734,,y
830,Tunis Call Center,0633781K/A/M/000,1,406,2026-04-21 19:46:08.734,,y
831,T T E INTERNATIONAL,745311C/A/M/000,1,436,2026-04-21 19:46:08.734,,y
832,Tunis Call Center,0633781K/A/M/000,1,406,2026-04-21 19:46:08.734,,y
833,Tunis Call Center,0633781K/A/M/000,1,406,2026-04-21 19:46:08.734,,y
834,Attijari Bank,000121J/P/M000,1,401,2026-04-21 19:46:08.734,,y
835,Attijari Bank,000121J/P/M000,1,401,2026-04-21 19:46:08.734,,y
836,Attijari Bank,000121J/P/M000,1,401,2026-04-21 19:46:08.734,,y
837,Attijari Bank,000121J/P/M000,1,401,2026-04-21 19:46:08.734,,y
838,Attijari Bank,000121J/P/M000,1,401,2026-04-21 19:46:08.735,,y
839,Attijari Bank,000121J/P/M000,1,401,2026-04-21 19:46:08.735,,y
840,Attijari Bank,000121J/P/M000,1,401,2026-04-21 19:46:08.735,,y
841,Attijari Bank,000121J/P/M000,1,401,2026-04-21 19:46:08.735,,y
842,"Attijari Bank , Groupe Alyssa",000121J/P/M000,1,413,2026-04-21 19:46:08.735,,y
843,Attijari Bank Groupe Bizerte,000121J/P/M000,1,414,2026-04-21 19:46:08.735,,y
844,"Attijari Bank , CA Avenue de Paris",000121J/P/M000,1,415,2026-04-21 19:46:08.735,,y
845,Attijari Bank Groupe Cap Bon,000121J/P/M000,1,416,2026-04-21 19:46:08.735,,y
846,Centres d'affaires Centre & Cap bon,000121J/P/M000,1,417,2026-04-21 19:46:08.735,,y
847,Attijari Bank Direction Régionale Centre & Cap Bon,000121J/P/M000,1,418,2026-04-21 19:46:08.735,,y
848,"Attijari Bank , Gafsa",000121J/P/M000,1,419,2026-04-21 19:46:08.735,,y
849,"Attijari Bank , Groupe Al Aghaliba",000121J/P/M000,1,420,2026-04-21 19:46:08.735,,y
850,"Attijari Bank , Groupe El ksour",000121J/P/M000,1,421,2026-04-21 19:46:08.735,,y
851,"Attijari Bank , Groupe Oasis",000121J/P/M000,1,422,2026-04-21 19:46:08.735,,y
852,"Attijari Bank , Groupe Lafayette",000121J/P/M000,1,423,2026-04-21 19:46:08.735,,y
853,"Attijari Bank , Groupe Ariana Les Jasmins",000121J/P/M000,1,424,2026-04-21 19:46:08.735,,y
854,"Attijari Bank , Groupe Ben Arous Maxula",000121J/P/M000,1,425,2026-04-21 19:46:08.735,,y
855,"Attijari Bank , Région Tunis Menzah 5",000121J/P/M000,1,426,2026-04-21 19:46:08.735,,y
856,"Attijari Bank , Al Ribat",000121J/P/M000,1,427,2026-04-21 19:46:08.735,,y
857,"Attijari Bank , Groupe Nord Ouest",000121J/P/M000,1,428,2026-04-21 19:46:08.735,,y
858,"Attijari Bank , Sfax",000121J/P/M000,1,429,2026-04-21 19:46:08.735,,y
859,"Attijari Bank , Sfax",000121J/P/M000,1,429,2026-04-21 19:46:08.735,,y
860,"Attijari Bank , Sfax",000121J/P/M000,1,429,2026-04-21 19:46:08.735,,y
861,"Attijari Bank , Groupe AL Jawhara",000121J/P/M000,1,430,2026-04-21 19:46:08.735,,y
862,Attijari Bank,000121J/P/M000,1,401,2026-04-21 19:46:08.735,,y
863,"Attijari Bank , Djerba Zarzis",000121J/P/M000,1,431,2026-04-21 19:46:08.735,,y
864,"Attijari Bank , CA BELVEDERE",000121J/P/M000,1,225,2026-04-21 19:46:08.735,,y
865,"Attijari Bank , CA MEGRINE",000121J/P/M000,1,432,2026-04-21 19:46:08.735,,y
866,"Attijari Bank , centres d'affaires Régions Tunis",000121J/P/M000,1,401,2026-04-21 19:46:08.735,,y
867,"Attijari Bank , centre d'affaires Régions Tunis",000121J/P/M000,1,433,2026-04-21 19:46:08.735,,y
868,"Attijari Bank , Direction Régionale Tunis & Nord",000121J/P/M000,1,434,2026-04-21 19:46:08.735,,y
869,"Attijari Bank , Groupe Hannibal",000121J/P/M000,1,434,2026-04-21 19:46:08.735,,y
870,WIFAK INTERNATIONAL BANK,0798651L/P/M/000,1,404,2026-04-21 19:46:08.735,,y
871,Lilas,492586 Z/A/M/000,1,410,2026-04-21 19:46:08.735,,y
872,SBCD,849384V/A/M/000,1,435,2026-04-21 19:46:08.735,,y
873,SBCD,849384V/A/M/000,1,435,2026-04-21 19:46:08.735,,y
874,SBCD,849384V/A/M/000,1,435,2026-04-21 19:46:08.735,,y
875,SBCD,849384V/A/M/000,1,435,2026-04-21 19:46:08.735,,y
876,SBCD,849384V/A/M/000,1,435,2026-04-21 19:46:08.736,,y
877,Tunis Call Center,0633781K/A/M/000,1,406,2026-04-21 19:46:08.736,,y
878,Tunis Call Center,0633781K/A/M/000,1,406,2026-04-21 19:46:08.736,,y
879,Tunis Call Center,0633781K/A/M/000,1,406,2026-04-21 19:46:08.736,,y
880,T T E INTERNATIONAL,745311C/A/M/000,1,436,2026-04-21 19:46:08.736,,y
881,Tunis Call Center,0633781K/A/M/000,1,406,2026-04-21 19:46:08.736,,y
882,Tunis Call Center,0633781K/A/M/000,1,406,2026-04-21 19:46:08.736,,y
883,Attijari Bank,000121J/P/M000,1,401,2026-04-21 19:46:08.736,,y
884,Attijari Bank,000121J/P/M000,1,401,2026-04-21 19:46:08.736,,y
885,Attijari Bank,000121J/P/M000,1,401,2026-04-21 19:46:08.736,,y
886,Attijari Bank,000121J/P/M000,1,401,2026-04-21 19:46:08.736,,y
887,Attijari Bank,000121J/P/M000,1,401,2026-04-21 19:46:08.736,,y
888,Attijari Bank,000121J/P/M000,1,401,2026-04-21 19:46:08.736,,y
889,Attijari Bank,000121J/P/M000,1,401,2026-04-21 19:46:08.736,,y
890,Attijari Bank,000121J/P/M000,1,401,2026-04-21 19:46:08.736,,y
891,"Attijari Bank , Groupe Alyssa",000121J/P/M000,1,413,2026-04-21 19:46:08.736,,y
892,Attijari Bank Groupe Bizerte,000121J/P/M000,1,414,2026-04-21 19:46:08.736,,y
893,"Attijari Bank , CA Avenue de Paris",000121J/P/M000,1,415,2026-04-21 19:46:08.736,,y
894,Attijari Bank Groupe Cap Bon,000121J/P/M000,1,416,2026-04-21 19:46:08.736,,y
895,Centres d'affaires Centre & Cap bon,000121J/P/M000,1,417,2026-04-21 19:46:08.736,,y
896,Attijari Bank Direction Régionale Centre & Cap Bon,000121J/P/M000,1,418,2026-04-21 19:46:08.736,,y
897,"Attijari Bank , Gafsa",000121J/P/M000,1,419,2026-04-21 19:46:08.736,,y
898,"Attijari Bank , Groupe Al Aghaliba",000121J/P/M000,1,420,2026-04-21 19:46:08.737,,y
899,"Attijari Bank , Groupe El ksour",000121J/P/M000,1,421,2026-04-21 19:46:08.737,,y
900,"Attijari Bank , Groupe Oasis",000121J/P/M000,1,422,2026-04-21 19:46:08.737,,y
901,"Attijari Bank , Groupe Lafayette",000121J/P/M000,1,423,2026-04-21 19:46:08.737,,y
902,"Attijari Bank , Groupe Ariana Les Jasmins",000121J/P/M000,1,424,2026-04-21 19:46:08.737,,y
903,"Attijari Bank , Groupe Ben Arous Maxula",000121J/P/M000,1,425,2026-04-21 19:46:08.737,,y
904,"Attijari Bank , Région Tunis Menzah 5",000121J/P/M000,1,426,2026-04-21 19:46:08.737,,y
905,"Attijari Bank , Al Ribat",000121J/P/M000,1,427,2026-04-21 19:46:08.737,,y
906,"Attijari Bank , Groupe Nord Ouest",000121J/P/M000,1,428,2026-04-21 19:46:08.737,,y
907,"Attijari Bank , Sfax",000121J/P/M000,1,429,2026-04-21 19:46:08.737,,y
908,"Attijari Bank , Sfax",000121J/P/M000,1,429,2026-04-21 19:46:08.737,,y
909,"Attijari Bank , Sfax",000121J/P/M000,1,429,2026-04-21 19:46:08.737,,y
910,"Attijari Bank , Groupe AL Jawhara",000121J/P/M000,1,430,2026-04-21 19:46:08.737,,y
911,Attijari Bank,000121J/P/M000,1,401,2026-04-21 19:46:08.737,,y
912,"Attijari Bank , Djerba Zarzis",000121J/P/M000,1,431,2026-04-21 19:46:08.737,,y
913,"Attijari Bank , CA BELVEDERE",000121J/P/M000,1,225,2026-04-21 19:46:08.737,,y
914,"Attijari Bank , CA MEGRINE",000121J/P/M000,1,432,2026-04-21 19:46:08.737,,y
915,"Attijari Bank , centres d'affaires Régions Tunis",000121J/P/M000,1,401,2026-04-21 19:46:08.737,,y
916,"Attijari Bank , centre d'affaires Régions Tunis",000121J/P/M000,1,433,2026-04-21 19:46:08.737,,y
917,"Attijari Bank , Direction Régionale Tunis & Nord",000121J/P/M000,1,434,2026-04-21 19:46:08.737,,y
918,"Attijari Bank , Groupe Hannibal",000121J/P/M000,1,434,2026-04-21 19:46:08.737,,y
919,WIFAK INTERNATIONAL BANK,0798651L/P/M/000,1,404,2026-04-21 19:46:08.737,,y
920,Lilas,492586 Z/A/M/000,1,410,2026-04-21 19:46:08.737,,y
921,SBCD,849384V/A/M/000,1,435,2026-04-21 19:46:08.737,,y
922,SBCD,849384V/A/M/000,1,435,2026-04-21 19:46:08.737,,y
923,SBCD,849384V/A/M/000,1,435,2026-04-21 19:46:08.737,,y
924,SBCD,849384V/A/M/000,1,435,2026-04-21 19:46:08.737,,y
925,SBCD,849384V/A/M/000,1,435,2026-04-21 19:46:08.737,,y
926,Tunis Call Center,0633781K/A/M/000,1,406,2026-04-21 19:46:08.737,,y
927,Tunis Call Center,0633781K/A/M/000,1,406,2026-04-21 19:46:08.737,,y
928,Tunis Call Center,0633781K/A/M/000,1,406,2026-04-21 19:46:08.737,,y
929,T T E INTERNATIONAL,745311C/A/M/000,1,436,2026-04-21 19:46:08.737,,y
930,Tunis Call Center,0633781K/A/M/000,1,406,2026-04-21 19:46:08.737,,y
931,Tunis Call Center,0633781K/A/M/000,1,406,2026-04-21 19:46:08.737,,y
932,Attijari Bank,000121J/P/M000,1,401,2026-04-21 19:46:08.737,,y
933,Attijari Bank,000121J/P/M000,1,401,2026-04-21 19:46:08.737,,y
934,Attijari Bank,000121J/P/M000,1,401,2026-04-21 19:46:08.737,,y
935,Attijari Bank,000121J/P/M000,1,401,2026-04-21 19:46:08.737,,y
936,Attijari Bank,000121J/P/M000,1,401,2026-04-21 19:46:08.737,,y
937,Attijari Bank,000121J/P/M000,1,401,2026-04-21 19:46:08.737,,y
938,Attijari Bank,000121J/P/M000,1,401,2026-04-21 19:46:08.737,,y
939,Attijari Bank,000121J/P/M000,1,401,2026-04-21 19:46:08.737,,y
940,"Attijari Bank , Groupe Alyssa",000121J/P/M000,1,413,2026-04-21 19:46:08.737,,y
941,Attijari Bank Groupe Bizerte,000121J/P/M000,1,414,2026-04-21 19:46:08.737,,y
942,"Attijari Bank , CA Avenue de Paris",000121J/P/M000,1,415,2026-04-21 19:46:08.737,,y
943,Attijari Bank Groupe Cap Bon,000121J/P/M000,1,416,2026-04-21 19:46:08.737,,y
944,Centres d'affaires Centre & Cap bon,000121J/P/M000,1,417,2026-04-21 19:46:08.737,,y
945,Attijari Bank Direction Régionale Centre & Cap Bon,000121J/P/M000,1,418,2026-04-21 19:46:08.737,,y
946,"Attijari Bank , Gafsa",000121J/P/M000,1,419,2026-04-21 19:46:08.737,,y
947,"Attijari Bank , Groupe Al Aghaliba",000121J/P/M000,1,420,2026-04-21 19:46:08.737,,y
948,"Attijari Bank , Groupe El ksour",000121J/P/M000,1,421,2026-04-21 19:46:08.737,,y
949,"Attijari Bank , Groupe Oasis",000121J/P/M000,1,422,2026-04-21 19:46:08.738,,y
950,"Attijari Bank , Groupe Lafayette",000121J/P/M000,1,423,2026-04-21 19:46:08.738,,y
951,"Attijari Bank , Groupe Ariana Les Jasmins",000121J/P/M000,1,424,2026-04-21 19:46:08.738,,y
952,"Attijari Bank , Groupe Ben Arous Maxula",000121J/P/M000,1,425,2026-04-21 19:46:08.738,,y
953,"Attijari Bank , Région Tunis Menzah 5",000121J/P/M000,1,426,2026-04-21 19:46:08.738,,y
954,"Attijari Bank , Al Ribat",000121J/P/M000,1,427,2026-04-21 19:46:08.738,,y
955,"Attijari Bank , Groupe Nord Ouest",000121J/P/M000,1,428,2026-04-21 19:46:08.738,,y
956,"Attijari Bank , Sfax",000121J/P/M000,1,429,2026-04-21 19:46:08.738,,y
957,"Attijari Bank , Sfax",000121J/P/M000,1,429,2026-04-21 19:46:08.738,,y
958,Attijari Bank,000121J/P/M000,1,401,2026-04-21 19:46:08.738,,y
959,"Attijari Bank , Sfax",000121J/P/M000,1,429,2026-04-21 19:46:08.738,,y
960,"Attijari Bank , Groupe AL Jawhara",000121J/P/M000,1,430,2026-04-21 19:46:08.738,,y
961,Attijari Bank,000121J/P/M000,1,401,2026-04-21 19:46:08.738,,y
962,"Attijari Bank , Djerba Zarzis",000121J/P/M000,1,431,2026-04-21 19:46:08.738,,y
963,"Attijari Bank , CA BELVEDERE",000121J/P/M000,1,225,2026-04-21 19:46:08.738,,y
964,"Attijari Bank , CA MEGRINE",000121J/P/M000,1,432,2026-04-21 19:46:08.738,,y
965,"Attijari Bank , centres d'affaires Régions Tunis",000121J/P/M000,1,401,2026-04-21 19:46:08.738,,y
966,"Attijari Bank , centre d'affaires Régions Tunis",000121J/P/M000,1,433,2026-04-21 19:46:08.738,,y
967,"Attijari Bank , Direction Régionale Tunis & Nord",000121J/P/M000,1,434,2026-04-21 19:46:08.738,,y
968,"Attijari Bank , Groupe Hannibal",000121J/P/M000,1,434,2026-04-21 19:46:08.738,,y
969,WIFAK INTERNATIONAL BANK,0798651L/P/M/000,1,404,2026-04-21 19:46:08.738,,y
970,Lilas,492586 Z/A/M/000,1,410,2026-04-21 19:46:08.738,,y
971,SBCD,849384V/A/M/000,1,435,2026-04-21 19:46:08.738,,y
972,SBCD,849384V/A/M/000,1,435,2026-04-21 19:46:08.738,,y
973,SBCD,849384V/A/M/000,1,435,2026-04-21 19:46:08.738,,y
974,SBCD,849384V/A/M/000,1,435,2026-04-21 19:46:08.738,,y
975,SBCD,849384V/A/M/000,1,435,2026-04-21 19:46:08.738,,y
976,Tunis Call Center,0633781K/A/M/000,1,406,2026-04-21 19:46:08.738,,y
977,Tunis Call Center,0633781K/A/M/000,1,406,2026-04-21 19:46:08.738,,y
978,Tunis Call Center,0633781K/A/M/000,1,406,2026-04-21 19:46:08.738,,y
979,T T E INTERNATIONAL,745311C/A/M/000,1,436,2026-04-21 19:46:08.738,,y
980,Tunis Call Center,0633781K/A/M/000,1,406,2026-04-21 19:46:08.738,,y
981,Tunis Call Center,0633781K/A/M/000,1,406,2026-04-21 19:46:08.738,,y
982,Attijari Bank,000121J/P/M000,1,401,2026-04-21 19:46:08.738,,y
983,Attijari Bank,000121J/P/M000,1,401,2026-04-21 19:46:08.738,,y
984,Attijari Bank,000121J/P/M000,1,401,2026-04-21 19:46:08.738,,y
985,Attijari Bank,000121J/P/M000,1,401,2026-04-21 19:46:08.738,,y
986,Attijari Bank,000121J/P/M000,1,401,2026-04-21 19:46:08.738,,y
987,Attijari Bank,000121J/P/M000,1,401,2026-04-21 19:46:08.738,,y
988,Attijari Bank,000121J/P/M000,1,401,2026-04-21 19:46:08.738,,y
989,Attijari Bank,000121J/P/M000,1,401,2026-04-21 19:46:08.738,,y
990,"Attijari Bank , Groupe Alyssa",000121J/P/M000,1,413,2026-04-21 19:46:08.738,,y
991,Attijari Bank Groupe Bizerte,000121J/P/M000,1,414,2026-04-21 19:46:08.738,,y
992,"Attijari Bank , CA Avenue de Paris",000121J/P/M000,1,415,2026-04-21 19:46:08.738,,y
993,Attijari Bank Groupe Cap Bon,000121J/P/M000,1,416,2026-04-21 19:46:08.738,,y
994,Centres d'affaires Centre & Cap bon,000121J/P/M000,1,417,2026-04-21 19:46:08.738,,y
995,Attijari Bank Direction Régionale Centre & Cap Bon,000121J/P/M000,1,418,2026-04-21 19:46:08.738,,y
996,"Attijari Bank , Gafsa",000121J/P/M000,1,419,2026-04-21 19:46:08.738,,y
997,"Attijari Bank , Groupe Al Aghaliba",000121J/P/M000,1,420,2026-04-21 19:46:08.738,,y
998,"Attijari Bank , Groupe El ksour",000121J/P/M000,1,421,2026-04-21 19:46:08.738,,y
999,"Attijari Bank , Groupe Oasis",000121J/P/M000,1,422,2026-04-21 19:46:08.738,,y
1000,"Attijari Bank , Groupe Lafayette",000121J/P/M000,1,423,2026-04-21 19:46:08.738,,y
1001,"Attijari Bank , Groupe Ariana Les Jasmins",000121J/P/M000,1,424,2026-04-21 19:46:08.738,,y
1002,Attijari Bank,000121J/P/M000,1,401,2026-04-21 19:46:08.738,,y
1003,"Attijari Bank , Groupe Ben Arous Maxula",000121J/P/M000,1,425,2026-04-21 19:46:08.738,,y
1004,"Attijari Bank , Région Tunis Menzah 5",000121J/P/M000,1,426,2026-04-21 19:46:08.738,,y
1005,"Attijari Bank , Al Ribat",000121J/P/M000,1,427,2026-04-21 19:46:08.738,,y
1006,"Attijari Bank , Groupe Nord Ouest",000121J/P/M000,1,428,2026-04-21 19:46:08.738,,y
1007,"Attijari Bank , Sfax",000121J/P/M000,1,429,2026-04-21 19:46:08.738,,y
1008,"Attijari Bank , Sfax",000121J/P/M000,1,429,2026-04-21 19:46:08.738,,y
1009,"Attijari Bank , Sfax",000121J/P/M000,1,429,2026-04-21 19:46:08.738,,y
1010,"Attijari Bank , Groupe AL Jawhara",000121J/P/M000,1,430,2026-04-21 19:46:08.738,,y
1011,Attijari Bank,000121J/P/M000,1,401,2026-04-21 19:46:08.738,,y
1012,"Attijari Bank , Djerba Zarzis",000121J/P/M000,1,431,2026-04-21 19:46:08.738,,y
1013,"Attijari Bank , CA BELVEDERE",000121J/P/M000,1,225,2026-04-21 19:46:08.739,,y
1014,"Attijari Bank , CA MEGRINE",000121J/P/M000,1,432,2026-04-21 19:46:08.739,,y
1015,"Attijari Bank , centres d'affaires Régions Tunis",000121J/P/M000,1,401,2026-04-21 19:46:08.739,,y
1016,"Attijari Bank , centre d'affaires Régions Tunis",000121J/P/M000,1,433,2026-04-21 19:46:08.739,,y
1017,"Attijari Bank , Direction Régionale Tunis & Nord",000121J/P/M000,1,434,2026-04-21 19:46:08.739,,y
1018,"Attijari Bank , Groupe Hannibal",000121J/P/M000,1,434,2026-04-21 19:46:08.739,,y
1019,WIFAK INTERNATIONAL BANK,0798651L/P/M/000,1,404,2026-04-21 19:46:08.739,,y
1020,Lilas,492586 Z/A/M/000,1,410,2026-04-21 19:46:08.739,,y
1021,SBCD,849384V/A/M/000,1,435,2026-04-21 19:46:08.739,,y
1022,SBCD,849384V/A/M/000,1,435,2026-04-21 19:46:08.739,,y
1023,SBCD,849384V/A/M/000,1,435,2026-04-21 19:46:08.739,,y
1024,SBCD,849384V/A/M/000,1,435,2026-04-21 19:46:08.739,,y
1025,SBCD,849384V/A/M/000,1,435,2026-04-21 19:46:08.739,,y
1026,Tunis Call Center,0633781K/A/M/000,1,406,2026-04-21 19:46:08.739,,y
1027,Tunis Call Center,0633781K/A/M/000,1,406,2026-04-21 19:46:08.739,,y
1028,Tunis Call Center,0633781K/A/M/000,1,406,2026-04-21 19:46:08.739,,y
1029,T T E INTERNATIONAL,745311C/A/M/000,1,436,2026-04-21 19:46:08.739,,y
1030,Tunis Call Center,0633781K/A/M/000,1,406,2026-04-21 19:46:08.739,,y
1031,Tunis Call Center,0633781K/A/M/000,1,406,2026-04-21 19:46:08.739,,y
1032,Attijari Bank,000121J/P/M000,1,401,2026-04-21 19:46:08.739,,y
1033,Attijari Bank,000121J/P/M000,1,401,2026-04-21 19:46:08.739,,y
1034,Attijari Bank,000121J/P/M000,1,401,2026-04-21 19:46:08.739,,y
1035,Attijari Bank,000121J/P/M000,1,401,2026-04-21 19:46:08.739,,y
1036,Attijari Bank,000121J/P/M000,1,401,2026-04-21 19:46:08.739,,y
1037,Attijari Bank,000121J/P/M000,1,401,2026-04-21 19:46:08.739,,y
1038,Attijari Bank,000121J/P/M000,1,401,2026-04-21 19:46:08.739,,y
1039,Attijari Bank,000121J/P/M000,1,401,2026-04-21 19:46:08.739,,y
1040,"Attijari Bank , Groupe Alyssa",000121J/P/M000,1,413,2026-04-21 19:46:08.739,,y
1041,Attijari Bank Groupe Bizerte,000121J/P/M000,1,414,2026-04-21 19:46:08.739,,y
1042,"Attijari Bank , CA Avenue de Paris",000121J/P/M000,1,415,2026-04-21 19:46:08.739,,y
1043,Attijari Bank Groupe Cap Bon,000121J/P/M000,1,416,2026-04-21 19:46:08.739,,y
1044,Centres d'affaires Centre & Cap bon,000121J/P/M000,1,417,2026-04-21 19:46:08.739,,y
1045,Attijari Bank Direction Régionale Centre & Cap Bon,000121J/P/M000,1,418,2026-04-21 19:46:08.739,,y
1046,"Attijari Bank , Gafsa",000121J/P/M000,1,419,2026-04-21 19:46:08.739,,y
1047,"Attijari Bank , Groupe Al Aghaliba",000121J/P/M000,1,420,2026-04-21 19:46:08.739,,y
1048,"Attijari Bank , Groupe El ksour",000121J/P/M000,1,421,2026-04-21 19:46:08.739,,y
1049,"Attijari Bank , Groupe Oasis",000121J/P/M000,1,422,2026-04-21 19:46:08.739,,y
1050,"Attijari Bank , Groupe Lafayette",000121J/P/M000,1,423,2026-04-21 19:46:08.739,,y
1051,"Attijari Bank , Groupe Ariana Les Jasmins",000121J/P/M000,1,424,2026-04-21 19:46:08.739,,y
1052,"Attijari Bank , Groupe Ben Arous Maxula",000121J/P/M000,1,425,2026-04-21 19:46:08.739,,y
1053,"Attijari Bank , Région Tunis Menzah 5",000121J/P/M000,1,426,2026-04-21 19:46:08.739,,y
1054,"Attijari Bank , Al Ribat",000121J/P/M000,1,427,2026-04-21 19:46:08.739,,y
1055,"Attijari Bank , Groupe Nord Ouest",000121J/P/M000,1,428,2026-04-21 19:46:08.739,,y
1056,"Attijari Bank , Sfax",000121J/P/M000,1,429,2026-04-21 19:46:08.739,,y
1057,"Attijari Bank , Sfax",000121J/P/M000,1,429,2026-04-21 19:46:08.739,,y
1058,"Attijari Bank , Sfax",000121J/P/M000,1,429,2026-04-21 19:46:08.739,,y
1059,"Attijari Bank , Groupe AL Jawhara",000121J/P/M000,1,430,2026-04-21 19:46:08.739,,y
1060,Attijari Bank,000121J/P/M000,1,401,2026-04-21 19:46:08.739,,y
1061,"Attijari Bank , Djerba Zarzis",000121J/P/M000,1,431,2026-04-21 19:46:08.739,,y
1062,"Attijari Bank , CA BELVEDERE",000121J/P/M000,1,225,2026-04-21 19:46:08.739,,y
1063,"Attijari Bank , CA MEGRINE",000121J/P/M000,1,432,2026-04-21 19:46:08.739,,y
1064,"Attijari Bank , centres d'affaires Régions Tunis",000121J/P/M000,1,401,2026-04-21 19:46:08.739,,y
1065,"Attijari Bank , centre d'affaires Régions Tunis",000121J/P/M000,1,433,2026-04-21 19:46:08.739,,y
1066,"Attijari Bank , Direction Régionale Tunis & Nord",000121J/P/M000,1,434,2026-04-21 19:46:08.739,,y
1067,"Attijari Bank , Groupe Hannibal",000121J/P/M000,1,434,2026-04-21 19:46:08.739,,y
1068,WIFAK INTERNATIONAL BANK,0798651L/P/M/000,1,404,2026-04-21 19:46:08.739,,y
1069,Lilas,492586 Z/A/M/000,1,410,2026-04-21 19:46:08.739,,y
1070,SBCD,849384V/A/M/000,1,435,2026-04-21 19:46:08.739,,y
1071,SBCD,849384V/A/M/000,1,435,2026-04-21 19:46:08.739,,y
1072,SBCD,849384V/A/M/000,1,435,2026-04-21 19:46:08.739,,y
1073,SBCD,849384V/A/M/000,1,435,2026-04-21 19:46:08.739,,y
1074,SBCD,849384V/A/M/000,1,435,2026-04-21 19:46:08.739,,y
1075,Tunis Call Center,0633781K/A/M/000,1,406,2026-04-21 19:46:08.739,,y
1076,Tunis Call Center,0633781K/A/M/000,1,406,2026-04-21 19:46:08.739,,y
1077,Tunis Call Center,0633781K/A/M/000,1,406,2026-04-21 19:46:08.739,,y
1078,T T E INTERNATIONAL,745311C/A/M/000,1,436,2026-04-21 19:46:08.739,,y
1079,Tunis Call Center,0633781K/A/M/000,1,406,2026-04-21 19:46:08.739,,y
1080,Tunis Call Center,0633781K/A/M/000,1,406,2026-04-21 19:46:08.739,,y
1081,Attijari Bank,000121J/P/M000,1,401,2026-04-21 19:46:08.739,,y
1082,Attijari Bank,000121J/P/M000,1,401,2026-04-21 19:46:08.739,,y
1083,Attijari Bank,000121J/P/M000,1,401,2026-04-21 19:46:08.739,,y
1084,Attijari Bank,000121J/P/M000,1,401,2026-04-21 19:46:08.739,,y
1085,Attijari Bank,000121J/P/M000,1,401,2026-04-21 19:46:08.739,,y
1086,Attijari Bank,000121J/P/M000,1,401,2026-04-21 19:46:08.739,,y
1087,Attijari Bank,000121J/P/M000,1,401,2026-04-21 19:46:08.739,,y
1088,Attijari Bank,000121J/P/M000,1,401,2026-04-21 19:46:08.739,,y
1089,"Attijari Bank , Groupe Alyssa",000121J/P/M000,1,413,2026-04-21 19:46:08.739,,y
1090,Attijari Bank Groupe Bizerte,000121J/P/M000,1,414,2026-04-21 19:46:08.739,,y
1091,"Attijari Bank , CA Avenue de Paris",000121J/P/M000,1,415,2026-04-21 19:46:08.739,,y
1092,Attijari Bank Groupe Cap Bon,000121J/P/M000,1,416,2026-04-21 19:46:08.739,,y
1093,Centres d'affaires Centre & Cap bon,000121J/P/M000,1,417,2026-04-21 19:46:08.739,,y
1094,Attijari Bank Direction Régionale Centre & Cap Bon,000121J/P/M000,1,418,2026-04-21 19:46:08.739,,y
1095,"Attijari Bank , Gafsa",000121J/P/M000,1,419,2026-04-21 19:46:08.740,,y
1096,"Attijari Bank , Groupe Al Aghaliba",000121J/P/M000,1,420,2026-04-21 19:46:08.740,,y
1097,"Attijari Bank , Groupe El ksour",000121J/P/M000,1,421,2026-04-21 19:46:08.740,,y
1098,"Attijari Bank , Groupe Oasis",000121J/P/M000,1,422,2026-04-21 19:46:08.740,,y
1099,"Attijari Bank , Groupe Lafayette",000121J/P/M000,1,423,2026-04-21 19:46:08.740,,y
1100,"Attijari Bank , Groupe Ariana Les Jasmins",000121J/P/M000,1,424,2026-04-21 19:46:08.740,,y
1101,"Attijari Bank , Groupe Ben Arous Maxula",000121J/P/M000,1,425,2026-04-21 19:46:08.740,,y
1102,"Attijari Bank , Région Tunis Menzah 5",000121J/P/M000,1,426,2026-04-21 19:46:08.740,,y
1103,"Attijari Bank , Al Ribat",000121J/P/M000,1,427,2026-04-21 19:46:08.740,,y
1104,"Attijari Bank , Groupe Nord Ouest",000121J/P/M000,1,428,2026-04-21 19:46:08.740,,y
1105,"Attijari Bank , Sfax",000121J/P/M000,1,429,2026-04-21 19:46:08.740,,y
1106,"Attijari Bank , Sfax",000121J/P/M000,1,429,2026-04-21 19:46:08.740,,y
1107,"Attijari Bank , Sfax",000121J/P/M000,1,429,2026-04-21 19:46:08.740,,y
1108,"Attijari Bank , Groupe AL Jawhara",000121J/P/M000,1,430,2026-04-21 19:46:08.740,,y
1109,Attijari Bank,000121J/P/M000,1,401,2026-04-21 19:46:08.740,,y
1110,"Attijari Bank , Djerba Zarzis",000121J/P/M000,1,431,2026-04-21 19:46:08.740,,y
1111,"Attijari Bank , CA BELVEDERE",000121J/P/M000,1,225,2026-04-21 19:46:08.740,,y
1112,"Attijari Bank , CA MEGRINE",000121J/P/M000,1,432,2026-04-21 19:46:08.740,,y
1113,"Attijari Bank , centres d'affaires Régions Tunis",000121J/P/M000,1,401,2026-04-21 19:46:08.740,,y
1114,"Attijari Bank , centre d'affaires Régions Tunis",000121J/P/M000,1,433,2026-04-21 19:46:08.740,,y
1115,"Attijari Bank , Direction Régionale Tunis & Nord",000121J/P/M000,1,434,2026-04-21 19:46:08.740,,y
1116,"Attijari Bank , Groupe Hannibal",000121J/P/M000,1,434,2026-04-21 19:46:08.740,,y
1117,WIFAK INTERNATIONAL BANK,0798651L/P/M/000,1,404,2026-04-21 19:46:08.740,,y
1118,Lilas,492586 Z/A/M/000,1,410,2026-04-21 19:46:08.740,,y
1119,SBCD,849384V/A/M/000,1,435,2026-04-21 19:46:08.740,,y
1120,SBCD,849384V/A/M/000,1,435,2026-04-21 19:46:08.740,,y
1121,SBCD,849384V/A/M/000,1,435,2026-04-21 19:46:08.740,,y
1122,SBCD,849384V/A/M/000,1,435,2026-04-21 19:46:08.740,,y
1123,SBCD,849384V/A/M/000,1,435,2026-04-21 19:46:08.740,,y
1124,Tunis Call Center,0633781K/A/M/000,1,406,2026-04-21 19:46:08.740,,y
1125,Tunis Call Center,0633781K/A/M/000,1,406,2026-04-21 19:46:08.740,,y
1126,Tunis Call Center,0633781K/A/M/000,1,406,2026-04-21 19:46:08.740,,y
1127,T T E INTERNATIONAL,745311C/A/M/000,1,436,2026-04-21 19:46:08.740,,y
1128,Tunis Call Center,0633781K/A/M/000,1,406,2026-04-21 19:46:08.740,,y
1129,Tunis Call Center,0633781K/A/M/000,1,406,2026-04-21 19:46:08.740,,y
1130,Attijari Bank,000121J/P/M000,1,401,2026-04-21 19:46:08.740,,y
1131,Attijari Bank,000121J/P/M000,1,401,2026-04-21 19:46:08.740,,y
1132,Attijari Bank,000121J/P/M000,1,401,2026-04-21 19:46:08.740,,y
1133,Attijari Bank,000121J/P/M000,1,401,2026-04-21 19:46:08.740,,y
1134,Attijari Bank,000121J/P/M000,1,401,2026-04-21 19:46:08.740,,y
1135,Attijari Bank,000121J/P/M000,1,401,2026-04-21 19:46:08.740,,y
1136,"Attijari Bank , Groupe Alyssa",000121J/P/M000,1,413,2026-04-21 19:46:08.740,,y
1137,Attijari Bank Groupe Bizerte,000121J/P/M000,1,414,2026-04-21 19:46:08.740,,y
1138,"Attijari Bank , CA Avenue de Paris",000121J/P/M000,1,415,2026-04-21 19:46:08.740,,y
1139,Attijari Bank Groupe Cap Bon,000121J/P/M000,1,416,2026-04-21 19:46:08.740,,y
1140,Centres d'affaires Centre & Cap bon,000121J/P/M000,1,417,2026-04-21 19:46:08.740,,y
1141,Attijari Bank Direction Régionale Centre & Cap Bon,000121J/P/M000,1,418,2026-04-21 19:46:08.740,,y
1142,"Attijari Bank , Gafsa",000121J/P/M000,1,419,2026-04-21 19:46:08.740,,y
1143,"Attijari Bank , Groupe Al Aghaliba",000121J/P/M000,1,420,2026-04-21 19:46:08.740,,y
1144,"Attijari Bank , Groupe El ksour",000121J/P/M000,1,421,2026-04-21 19:46:08.740,,y
1145,"Attijari Bank , Groupe Oasis",000121J/P/M000,1,422,2026-04-21 19:46:08.740,,y
1146,"Attijari Bank , Groupe Lafayette",000121J/P/M000,1,423,2026-04-21 19:46:08.740,,y
1147,"Attijari Bank , Groupe Ariana Les Jasmins",000121J/P/M000,1,424,2026-04-21 19:46:08.740,,y
1148,"Attijari Bank , Groupe Ben Arous Maxula",000121J/P/M000,1,425,2026-04-21 19:46:08.740,,y
1149,"Attijari Bank , Région Tunis Menzah 5",000121J/P/M000,1,426,2026-04-21 19:46:08.740,,y
1150,"Attijari Bank , Al Ribat",000121J/P/M000,1,427,2026-04-21 19:46:08.740,,y
1151,"Attijari Bank , Groupe Nord Ouest",000121J/P/M000,1,428,2026-04-21 19:46:08.740,,y
1152,"Attijari Bank , Sfax",000121J/P/M000,1,429,2026-04-21 19:46:08.740,,y
1153,"Attijari Bank , Sfax",000121J/P/M000,1,429,2026-04-21 19:46:08.740,,y
1154,"Attijari Bank , Sfax",000121J/P/M000,1,429,2026-04-21 19:46:08.740,,y
1155,"Attijari Bank , Groupe AL Jawhara",000121J/P/M000,1,430,2026-04-21 19:46:08.740,,y
1156,Attijari Bank,000121J/P/M000,1,401,2026-04-21 19:46:08.740,,y
1157,"Attijari Bank , Djerba Zarzis",000121J/P/M000,1,431,2026-04-21 19:46:08.740,,y
1158,"Attijari Bank , CA BELVEDERE",000121J/P/M000,1,225,2026-04-21 19:46:08.740,,y
1159,"Attijari Bank , CA MEGRINE",000121J/P/M000,1,432,2026-04-21 19:46:08.740,,y
1160,"Attijari Bank , centres d'affaires Régions Tunis",000121J/P/M000,1,401,2026-04-21 19:46:08.740,,y
1161,"Attijari Bank , centre d'affaires Régions Tunis",000121J/P/M000,1,433,2026-04-21 19:46:08.740,,y
1162,"Attijari Bank , Direction Régionale Tunis & Nord",000121J/P/M000,1,434,2026-04-21 19:46:08.740,,y
1163,"Attijari Bank , Groupe Hannibal",000121J/P/M000,1,434,2026-04-21 19:46:08.740,,y
1164,WIFAK INTERNATIONAL BANK,0798651L/P/M/000,1,404,2026-04-21 19:46:08.740,,y
1165,Lilas,492586 Z/A/M/000,1,410,2026-04-21 19:46:08.740,,y
1166,SBCD,849384V/A/M/000,1,435,2026-04-21 19:46:08.740,,y
1167,SBCD,849384V/A/M/000,1,435,2026-04-21 19:46:08.740,,y
1168,SBCD,849384V/A/M/000,1,435,2026-04-21 19:46:08.740,,y
1169,SBCD,849384V/A/M/000,1,435,2026-04-21 19:46:08.740,,y
1170,SBCD,849384V/A/M/000,1,435,2026-04-21 19:46:08.740,,y
1171,Tunis Call Center,0633781K/A/M/000,1,406,2026-04-21 19:46:08.740,,y
1172,Tunis Call Center,0633781K/A/M/000,1,406,2026-04-21 19:46:08.740,,y
1173,Tunis Call Center,0633781K/A/M/000,1,406,2026-04-21 19:46:08.740,,y
1174,T T E INTERNATIONAL,745311C/A/M/000,1,436,2026-04-21 19:46:08.740,,y
1175,Tunis Call Center,0633781K/A/M/000,1,406,2026-04-21 19:46:08.740,,y
1176,SBCD,849384V/A/M/000,1,435,2026-04-21 19:46:08.740,,y
1177,Tunis Call Center,0633781K/A/M/000,1,406,2026-04-21 19:46:08.741,,y
1178,Attijari Bank,000121J/P/M000,1,401,2026-04-21 19:46:08.741,,y
1179,Attijari Bank,000121J/P/M000,1,401,2026-04-21 19:46:08.741,,y
1180,Attijari Bank,000121J/P/M000,1,401,2026-04-21 19:46:08.741,,y
1181,Attijari Bank,000121J/P/M000,1,401,2026-04-21 19:46:08.741,,y
1182,Attijari Bank,000121J/P/M000,1,401,2026-04-21 19:46:08.741,,y
1183,Attijari Bank,000121J/P/M000,1,401,2026-04-21 19:46:08.741,,y
1184,Attijari Bank,000121J/P/M000,1,401,2026-04-21 19:46:08.741,,y
1185,Attijari Bank,000121J/P/M000,1,401,2026-04-21 19:46:08.741,,y
1186,"Attijari Bank , Groupe Alyssa",000121J/P/M000,1,413,2026-04-21 19:46:08.741,,y
1187,Attijari Bank Groupe Bizerte,000121J/P/M000,1,414,2026-04-21 19:46:08.741,,y
1188,"Attijari Bank , CA Avenue de Paris",000121J/P/M000,1,415,2026-04-21 19:46:08.741,,y
1189,Attijari Bank Groupe Cap Bon,000121J/P/M000,1,416,2026-04-21 19:46:08.741,,y
1190,Centres d'affaires Centre & Cap bon,000121J/P/M000,1,417,2026-04-21 19:46:08.741,,y
1191,Attijari Bank Direction Régionale Centre & Cap Bon,000121J/P/M000,1,418,2026-04-21 19:46:08.741,,y
1192,"Attijari Bank , Gafsa",000121J/P/M000,1,419,2026-04-21 19:46:08.741,,y
1193,"Attijari Bank , Groupe Al Aghaliba",000121J/P/M000,1,420,2026-04-21 19:46:08.741,,y
1194,"Attijari Bank , Groupe El ksour",000121J/P/M000,1,421,2026-04-21 19:46:08.741,,y
1195,"Attijari Bank , Groupe Oasis",000121J/P/M000,1,422,2026-04-21 19:46:08.741,,y
1196,"Attijari Bank , Groupe Lafayette",000121J/P/M000,1,423,2026-04-21 19:46:08.741,,y
1197,"Attijari Bank , Groupe Ariana Les Jasmins",000121J/P/M000,1,424,2026-04-21 19:46:08.741,,y
1198,"Attijari Bank , Groupe Ben Arous Maxula",000121J/P/M000,1,425,2026-04-21 19:46:08.741,,y
1199,"Attijari Bank , Région Tunis Menzah 5",000121J/P/M000,1,426,2026-04-21 19:46:08.741,,y
1200,"Attijari Bank , Al Ribat",000121J/P/M000,1,427,2026-04-21 19:46:08.741,,y
1201,"Attijari Bank , Groupe Nord Ouest",000121J/P/M000,1,428,2026-04-21 19:46:08.741,,y
1202,"Attijari Bank , Sfax",000121J/P/M000,1,429,2026-04-21 19:46:08.741,,y
1203,"Attijari Bank , Sfax",000121J/P/M000,1,429,2026-04-21 19:46:08.741,,y
1204,"Attijari Bank , Sfax",000121J/P/M000,1,429,2026-04-21 19:46:08.741,,y
1205,"Attijari Bank , Groupe AL Jawhara",000121J/P/M000,1,430,2026-04-21 19:46:08.741,,y
1206,Attijari Bank,000121J/P/M000,1,401,2026-04-21 19:46:08.741,,y
1207,"Attijari Bank , Djerba Zarzis",000121J/P/M000,1,431,2026-04-21 19:46:08.741,,y
1208,"Attijari Bank , CA BELVEDERE",000121J/P/M000,1,225,2026-04-21 19:46:08.741,,y
1209,"Attijari Bank , CA MEGRINE",000121J/P/M000,1,432,2026-04-21 19:46:08.741,,y
1210,"Attijari Bank , centres d'affaires Régions Tunis",000121J/P/M000,1,401,2026-04-21 19:46:08.741,,y
1211,"Attijari Bank , centre d'affaires Régions Tunis",000121J/P/M000,1,433,2026-04-21 19:46:08.741,,y
1212,"Attijari Bank , Direction Régionale Tunis & Nord",000121J/P/M000,1,434,2026-04-21 19:46:08.741,,y
1213,"Attijari Bank , Groupe Hannibal",000121J/P/M000,1,434,2026-04-21 19:46:08.741,,y
1214,WIFAK INTERNATIONAL BANK,0798651L/P/M/000,1,404,2026-04-21 19:46:08.741,,y
1215,Lilas,492586 Z/A/M/000,1,410,2026-04-21 19:46:08.741,,y
1216,SBCD,849384V/A/M/000,1,435,2026-04-21 19:46:08.741,,y
1217,SBCD,849384V/A/M/000,1,435,2026-04-21 19:46:08.741,,y
1218,SBCD,849384V/A/M/000,1,435,2026-04-21 19:46:08.741,,y
1219,SBCD,849384V/A/M/000,1,435,2026-04-21 19:46:08.741,,y
1220,Tunis Call Center,0633781K/A/M/000,1,406,2026-04-21 19:46:08.741,,y
1221,Tunis Call Center,0633781K/A/M/000,1,406,2026-04-21 19:46:08.741,,y
1222,Tunis Call Center,0633781K/A/M/000,1,406,2026-04-21 19:46:08.741,,y
1223,T T E INTERNATIONAL,745311C/A/M/000,1,436,2026-04-21 19:46:08.741,,y
1224,Tunis Call Center,0633781K/A/M/000,1,406,2026-04-21 19:46:08.741,,y
1225,Tunis Call Center,0633781K/A/M/000,1,406,2026-04-21 19:46:08.741,,y
1226,Attijari Bank,000121J/P/M000,1,401,2026-04-21 19:46:08.741,,y
1227,Attijari Bank,000121J/P/M000,1,401,2026-04-21 19:46:08.741,,y
1228,Attijari Bank,000121J/P/M000,1,401,2026-04-21 19:46:08.741,,y
1229,Attijari Bank,000121J/P/M000,1,401,2026-04-21 19:46:08.741,,y
1230,Attijari Bank,000121J/P/M000,1,401,2026-04-21 19:46:08.741,,y
1231,Attijari Bank,000121J/P/M000,1,401,2026-04-21 19:46:08.741,,y
1232,Attijari Bank,000121J/P/M000,1,401,2026-04-21 19:46:08.741,,y
1233,Attijari Bank,000121J/P/M000,1,401,2026-04-21 19:46:08.741,,y
1234,"Attijari Bank , Groupe Alyssa",000121J/P/M000,1,413,2026-04-21 19:46:08.741,,y
1235,Attijari Bank Groupe Bizerte,000121J/P/M000,1,414,2026-04-21 19:46:08.741,,y
1236,"Attijari Bank , CA Avenue de Paris",000121J/P/M000,1,415,2026-04-21 19:46:08.741,,y
1237,Attijari Bank Groupe Cap Bon,000121J/P/M000,1,416,2026-04-21 19:46:08.741,,y
1238,Centres d'affaires Centre & Cap bon,000121J/P/M000,1,417,2026-04-21 19:46:08.741,,y
1239,Attijari Bank Direction Régionale Centre & Cap Bon,000121J/P/M000,1,418,2026-04-21 19:46:08.741,,y
1240,"Attijari Bank , Gafsa",000121J/P/M000,1,419,2026-04-21 19:46:08.741,,y
1241,"Attijari Bank , Groupe Al Aghaliba",000121J/P/M000,1,420,2026-04-21 19:46:08.741,,y
1242,"Attijari Bank , Groupe El ksour",000121J/P/M000,1,421,2026-04-21 19:46:08.741,,y
1243,"Attijari Bank , Groupe Oasis",000121J/P/M000,1,422,2026-04-21 19:46:08.741,,y
1244,"Attijari Bank , Groupe Lafayette",000121J/P/M000,1,423,2026-04-21 19:46:08.741,,y
1245,"Attijari Bank , Groupe Ariana Les Jasmins",000121J/P/M000,1,424,2026-04-21 19:46:08.741,,y
1246,"Attijari Bank , Groupe Ben Arous Maxula",000121J/P/M000,1,425,2026-04-21 19:46:08.741,,y
1247,"Attijari Bank , Région Tunis Menzah 5",000121J/P/M000,1,426,2026-04-21 19:46:08.741,,y
1248,"Attijari Bank , Al Ribat",000121J/P/M000,1,427,2026-04-21 19:46:08.741,,y
1249,"Attijari Bank , Groupe Nord Ouest",000121J/P/M000,1,428,2026-04-21 19:46:08.741,,y
1250,"Attijari Bank , Sfax",000121J/P/M000,1,429,2026-04-21 19:46:08.741,,y
1251,"Attijari Bank , Sfax",000121J/P/M000,1,429,2026-04-21 19:46:08.741,,y
1252,"Attijari Bank , Sfax",000121J/P/M000,1,429,2026-04-21 19:46:08.741,,y
1253,"Attijari Bank , Groupe AL Jawhara",000121J/P/M000,1,430,2026-04-21 19:46:08.741,,y
1254,Attijari Bank,000121J/P/M000,1,401,2026-04-21 19:46:08.742,,y
1255,"Attijari Bank , Djerba Zarzis",000121J/P/M000,1,431,2026-04-21 19:46:08.742,,y
1256,"Attijari Bank , CA BELVEDERE",000121J/P/M000,1,225,2026-04-21 19:46:08.742,,y
1257,"Attijari Bank , CA MEGRINE",000121J/P/M000,1,432,2026-04-21 19:46:08.742,,y
1258,"Attijari Bank , centres d'affaires Régions Tunis",000121J/P/M000,1,401,2026-04-21 19:46:08.742,,y
1259,"Attijari Bank , centre d'affaires Régions Tunis",000121J/P/M000,1,433,2026-04-21 19:46:08.742,,y
1260,"Attijari Bank , Direction Régionale Tunis & Nord",000121J/P/M000,1,434,2026-04-21 19:46:08.742,,y
1261,"Attijari Bank , Groupe Hannibal",000121J/P/M000,1,434,2026-04-21 19:46:08.742,,y
1262,WIFAK INTERNATIONAL BANK,0798651L/P/M/000,1,404,2026-04-21 19:46:08.742,,y
1263,Lilas,492586 Z/A/M/000,1,410,2026-04-21 19:46:08.742,,y
1264,SBCD,849384V/A/M/000,1,435,2026-04-21 19:46:08.742,,y
1265,SBCD,849384V/A/M/000,1,435,2026-04-21 19:46:08.742,,y
1266,SBCD,849384V/A/M/000,1,435,2026-04-21 19:46:08.742,,y
1267,SBCD,849384V/A/M/000,1,435,2026-04-21 19:46:08.742,,y
1268,SBCD,849384V/A/M/000,1,435,2026-04-21 19:46:08.742,,y
1269,Tunis Call Center,0633781K/A/M/000,1,406,2026-04-21 19:46:08.742,,y
1270,Tunis Call Center,0633781K/A/M/000,1,406,2026-04-21 19:46:08.742,,y
1271,Tunis Call Center,0633781K/A/M/000,1,406,2026-04-21 19:46:08.742,,y
1272,T T E INTERNATIONAL,745311C/A/M/000,1,436,2026-04-21 19:46:08.742,,y
1273,Tunis Call Center,0633781K/A/M/000,1,406,2026-04-21 19:46:08.742,,y
1274,Tunis Call Center,0633781K/A/M/000,1,406,2026-04-21 19:46:08.742,,y
1275,Attijari Bank,000121J/P/M000,1,401,2026-04-21 19:46:08.742,,y
1276,Attijari Bank,000121J/P/M000,1,401,2026-04-21 19:46:08.742,,y
1277,Attijari Bank,000121J/P/M000,1,401,2026-04-21 19:46:08.742,,y
1278,Attijari Bank,000121J/P/M000,1,401,2026-04-21 19:46:08.742,,y
1279,Attijari Bank,000121J/P/M000,1,401,2026-04-21 19:46:08.742,,y
1280,Attijari Bank,000121J/P/M000,1,401,2026-04-21 19:46:08.742,,y
1281,Attijari Bank,000121J/P/M000,1,401,2026-04-21 19:46:08.742,,y
1282,Attijari Bank,000121J/P/M000,1,401,2026-04-21 19:46:08.742,,y
1283,"Attijari Bank , Groupe Alyssa",000121J/P/M000,1,413,2026-04-21 19:46:08.742,,y
1284,Attijari Bank Groupe Bizerte,000121J/P/M000,1,414,2026-04-21 19:46:08.742,,y
1285,"Attijari Bank , CA Avenue de Paris",000121J/P/M000,1,415,2026-04-21 19:46:08.742,,y
1286,Attijari Bank Groupe Cap Bon,000121J/P/M000,1,416,2026-04-21 19:46:08.742,,y
1287,Centres d'affaires Centre & Cap bon,000121J/P/M000,1,417,2026-04-21 19:46:08.742,,y
1288,Attijari Bank Direction Régionale Centre & Cap Bon,000121J/P/M000,1,418,2026-04-21 19:46:08.742,,y
1289,"Attijari Bank , Gafsa",000121J/P/M000,1,419,2026-04-21 19:46:08.742,,y
1290,"Attijari Bank , Groupe Al Aghaliba",000121J/P/M000,1,420,2026-04-21 19:46:08.742,,y
1291,"Attijari Bank , Groupe El ksour",000121J/P/M000,1,421,2026-04-21 19:46:08.742,,y
1292,"Attijari Bank , Groupe Oasis",000121J/P/M000,1,422,2026-04-21 19:46:08.742,,y
1293,"Attijari Bank , Groupe Lafayette",000121J/P/M000,1,423,2026-04-21 19:46:08.742,,y
1294,"Attijari Bank , Groupe Ariana Les Jasmins",000121J/P/M000,1,424,2026-04-21 19:46:08.742,,y
1295,"Attijari Bank , Groupe Ben Arous Maxula",000121J/P/M000,1,425,2026-04-21 19:46:08.742,,y
1296,"Attijari Bank , Région Tunis Menzah 5",000121J/P/M000,1,426,2026-04-21 19:46:08.742,,y
1297,"Attijari Bank , Al Ribat",000121J/P/M000,1,427,2026-04-21 19:46:08.742,,y
1298,"Attijari Bank , Groupe Nord Ouest",000121J/P/M000,1,428,2026-04-21 19:46:08.742,,y
1299,"Attijari Bank , Sfax",000121J/P/M000,1,429,2026-04-21 19:46:08.742,,y
1300,"Attijari Bank , Sfax",000121J/P/M000,1,429,2026-04-21 19:46:08.742,,y
1301,"Attijari Bank , Sfax",000121J/P/M000,1,429,2026-04-21 19:46:08.742,,y
1302,"Attijari Bank , Groupe AL Jawhara",000121J/P/M000,1,430,2026-04-21 19:46:08.742,,y
1303,Attijari Bank,000121J/P/M000,1,401,2026-04-21 19:46:08.742,,y
1304,"Attijari Bank , Djerba Zarzis",000121J/P/M000,1,431,2026-04-21 19:46:08.742,,y
1305,"Attijari Bank , CA BELVEDERE",000121J/P/M000,1,225,2026-04-21 19:46:08.742,,y
1306,"Attijari Bank , CA MEGRINE",000121J/P/M000,1,432,2026-04-21 19:46:08.742,,y
1307,"Attijari Bank , centres d'affaires Régions Tunis",000121J/P/M000,1,401,2026-04-21 19:46:08.742,,y
1308,"Attijari Bank , centre d'affaires Régions Tunis",000121J/P/M000,1,433,2026-04-21 19:46:08.742,,y
1309,"Attijari Bank , Direction Régionale Tunis & Nord",000121J/P/M000,1,434,2026-04-21 19:46:08.742,,y
1310,"Attijari Bank , Groupe Hannibal",000121J/P/M000,1,434,2026-04-21 19:46:08.742,,y
1311,WIFAK INTERNATIONAL BANK,0798651L/P/M/000,1,404,2026-04-21 19:46:08.742,,y
1312,Lilas,492586 Z/A/M/000,1,410,2026-04-21 19:46:08.742,,y
1313,SBCD,849384V/A/M/000,1,435,2026-04-21 19:46:08.742,,y
1314,SBCD,849384V/A/M/000,1,435,2026-04-21 19:46:08.742,,y
1315,SBCD,849384V/A/M/000,1,435,2026-04-21 19:46:08.742,,y
1316,SBCD,849384V/A/M/000,1,435,2026-04-21 19:46:08.742,,y
1317,SBCD,849384V/A/M/000,1,435,2026-04-21 19:46:08.742,,y
1318,Tunis Call Center,0633781K/A/M/000,1,406,2026-04-21 19:46:08.742,,y
1319,Tunis Call Center,0633781K/A/M/000,1,406,2026-04-21 19:46:08.742,,y
1320,Tunis Call Center,0633781K/A/M/000,1,406,2026-04-21 19:46:08.742,,y
1321,T T E INTERNATIONAL,745311C/A/M/000,1,436,2026-04-21 19:46:08.742,,y
1322,Tunis Call Center,0633781K/A/M/000,1,406,2026-04-21 19:46:08.742,,y
1323,Tunis Call Center,0633781K/A/M/000,1,406,2026-04-21 19:46:08.743,,y
1324,Attijari Bank,000121J/P/M000,1,401,2026-04-21 19:46:08.743,,y
1325,Attijari Bank,000121J/P/M000,1,401,2026-04-21 19:46:08.743,,y
1326,Attijari Bank,000121J/P/M000,1,401,2026-04-21 19:46:08.743,,y
1327,Attijari Bank,000121J/P/M000,1,401,2026-04-21 19:46:08.743,,y
1328,Attijari Bank,000121J/P/M000,1,401,2026-04-21 19:46:08.743,,y
1329,Attijari Bank,000121J/P/M000,1,401,2026-04-21 19:46:08.743,,y
1330,Attijari Bank,000121J/P/M000,1,401,2026-04-21 19:46:08.743,,y
1331,Attijari Bank,000121J/P/M000,1,401,2026-04-21 19:46:08.743,,y
1332,"Attijari Bank , Groupe Alyssa",000121J/P/M000,1,413,2026-04-21 19:46:08.743,,y
1333,Attijari Bank Groupe Bizerte,000121J/P/M000,1,414,2026-04-21 19:46:08.743,,y
1334,"Attijari Bank , CA Avenue de Paris",000121J/P/M000,1,415,2026-04-21 19:46:08.743,,y
1335,Attijari Bank Groupe Cap Bon,000121J/P/M000,1,416,2026-04-21 19:46:08.743,,y
1336,Centres d'affaires Centre & Cap bon,000121J/P/M000,1,417,2026-04-21 19:46:08.743,,y
1337,Attijari Bank Direction Régionale Centre & Cap Bon,000121J/P/M000,1,418,2026-04-21 19:46:08.743,,y
1338,"Attijari Bank , Gafsa",000121J/P/M000,1,419,2026-04-21 19:46:08.743,,y
1339,"Attijari Bank , Groupe Al Aghaliba",000121J/P/M000,1,420,2026-04-21 19:46:08.743,,y
1340,"Attijari Bank , Groupe El ksour",000121J/P/M000,1,421,2026-04-21 19:46:08.743,,y
1341,"Attijari Bank , Groupe Oasis",000121J/P/M000,1,422,2026-04-21 19:46:08.743,,y
1342,"Attijari Bank , Groupe Lafayette",000121J/P/M000,1,423,2026-04-21 19:46:08.743,,y
1343,"Attijari Bank , Groupe Ariana Les Jasmins",000121J/P/M000,1,424,2026-04-21 19:46:08.743,,y
1344,"Attijari Bank , Groupe Ben Arous Maxula",000121J/P/M000,1,425,2026-04-21 19:46:08.743,,y
1345,"Attijari Bank , Région Tunis Menzah 5",000121J/P/M000,1,426,2026-04-21 19:46:08.743,,y
1346,"Attijari Bank , Al Ribat",000121J/P/M000,1,427,2026-04-21 19:46:08.743,,y
1347,"Attijari Bank , Groupe Nord Ouest",000121J/P/M000,1,428,2026-04-21 19:46:08.743,,y
1348,"Attijari Bank , Sfax",000121J/P/M000,1,429,2026-04-21 19:46:08.743,,y
1349,"Attijari Bank , Sfax",000121J/P/M000,1,429,2026-04-21 19:46:08.743,,y
1350,Attijari Bank,000121J/P/M000,1,401,2026-04-21 19:46:08.743,,y
1351,"Attijari Bank , Sfax",000121J/P/M000,1,429,2026-04-21 19:46:08.743,,y
1352,"Attijari Bank , Groupe AL Jawhara",000121J/P/M000,1,430,2026-04-21 19:46:08.743,,y
1353,Attijari Bank,000121J/P/M000,1,401,2026-04-21 19:46:08.743,,y
1354,"Attijari Bank , Djerba Zarzis",000121J/P/M000,1,431,2026-04-21 19:46:08.743,,y
1355,"Attijari Bank , CA BELVEDERE",000121J/P/M000,1,225,2026-04-21 19:46:08.743,,y
1356,"Attijari Bank , CA MEGRINE",000121J/P/M000,1,432,2026-04-21 19:46:08.743,,y
1357,"Attijari Bank , centres d'affaires Régions Tunis",000121J/P/M000,1,401,2026-04-21 19:46:08.743,,y
1358,"Attijari Bank , centre d'affaires Régions Tunis",000121J/P/M000,1,433,2026-04-21 19:46:08.743,,y
1359,"Attijari Bank , Direction Régionale Tunis & Nord",000121J/P/M000,1,434,2026-04-21 19:46:08.743,,y
1360,"Attijari Bank , Groupe Hannibal",000121J/P/M000,1,434,2026-04-21 19:46:08.743,,y
1361,WIFAK INTERNATIONAL BANK,0798651L/P/M/000,1,404,2026-04-21 19:46:08.743,,y
1362,Lilas,492586 Z/A/M/000,1,410,2026-04-21 19:46:08.743,,y
1363,SBCD,849384V/A/M/000,1,435,2026-04-21 19:46:08.743,,y
1364,SBCD,849384V/A/M/000,1,435,2026-04-21 19:46:08.743,,y
1365,SBCD,849384V/A/M/000,1,435,2026-04-21 19:46:08.743,,y
1366,SBCD,849384V/A/M/000,1,435,2026-04-21 19:46:08.743,,y
1367,SBCD,849384V/A/M/000,1,435,2026-04-21 19:46:08.743,,y
1368,Tunis Call Center,0633781K/A/M/000,1,406,2026-04-21 19:46:08.743,,y
1369,Tunis Call Center,0633781K/A/M/000,1,406,2026-04-21 19:46:08.743,,y
1370,Tunis Call Center,0633781K/A/M/000,1,406,2026-04-21 19:46:08.743,,y
1371,T T E INTERNATIONAL,745311C/A/M/000,1,436,2026-04-21 19:46:08.743,,y
1372,Tunis Call Center,0633781K/A/M/000,1,406,2026-04-21 19:46:08.743,,y
1373,Tunis Call Center,0633781K/A/M/000,1,406,2026-04-21 19:46:08.743,,y
1374,Attijari Bank,000121J/P/M000,1,401,2026-04-21 19:46:08.743,,y
1375,Attijari Bank,000121J/P/M000,1,401,2026-04-21 19:46:08.743,,y
1376,Attijari Bank,000121J/P/M000,1,401,2026-04-21 19:46:08.743,,y
1377,Attijari Bank,000121J/P/M000,1,401,2026-04-21 19:46:08.743,,y
1378,Attijari Bank,000121J/P/M000,1,401,2026-04-21 19:46:08.743,,y
1379,Attijari Bank,000121J/P/M000,1,401,2026-04-21 19:46:08.743,,y
1380,Attijari Bank,000121J/P/M000,1,401,2026-04-21 19:46:08.743,,y
1381,Attijari Bank,000121J/P/M000,1,401,2026-04-21 19:46:08.743,,y
1382,"Attijari Bank , Groupe Alyssa",000121J/P/M000,1,413,2026-04-21 19:46:08.743,,y
1383,Attijari Bank Groupe Bizerte,000121J/P/M000,1,414,2026-04-21 19:46:08.743,,y
1384,"Attijari Bank , CA Avenue de Paris",000121J/P/M000,1,415,2026-04-21 19:46:08.743,,y
1385,Attijari Bank Groupe Cap Bon,000121J/P/M000,1,416,2026-04-21 19:46:08.743,,y
1386,Centres d'affaires Centre & Cap bon,000121J/P/M000,1,417,2026-04-21 19:46:08.743,,y
1387,Attijari Bank Direction Régionale Centre & Cap Bon,000121J/P/M000,1,418,2026-04-21 19:46:08.743,,y
1388,"Attijari Bank , Gafsa",000121J/P/M000,1,419,2026-04-21 19:46:08.743,,y
1389,"Attijari Bank , Groupe Al Aghaliba",000121J/P/M000,1,420,2026-04-21 19:46:08.743,,y
1390,"Attijari Bank , Groupe El ksour",000121J/P/M000,1,421,2026-04-21 19:46:08.743,,y
1391,"Attijari Bank , Groupe Oasis",000121J/P/M000,1,422,2026-04-21 19:46:08.743,,y
1392,"Attijari Bank , Groupe Lafayette",000121J/P/M000,1,423,2026-04-21 19:46:08.743,,y
1393,"Attijari Bank , Groupe Ariana Les Jasmins",000121J/P/M000,1,424,2026-04-21 19:46:08.743,,y
1394,Attijari Bank,000121J/P/M000,1,401,2026-04-21 19:46:08.744,,y
1395,"Attijari Bank , Groupe Ben Arous Maxula",000121J/P/M000,1,425,2026-04-21 19:46:08.744,,y
1396,"Attijari Bank , Région Tunis Menzah 5",000121J/P/M000,1,426,2026-04-21 19:46:08.744,,y
1397,"Attijari Bank , Al Ribat",000121J/P/M000,1,427,2026-04-21 19:46:08.744,,y
1398,"Attijari Bank , Groupe Nord Ouest",000121J/P/M000,1,428,2026-04-21 19:46:08.744,,y
1399,"Attijari Bank , Sfax",000121J/P/M000,1,429,2026-04-21 19:46:08.744,,y
1400,"Attijari Bank , Sfax",000121J/P/M000,1,429,2026-04-21 19:46:08.744,,y
1401,"Attijari Bank , Sfax",000121J/P/M000,1,429,2026-04-21 19:46:08.744,,y
1402,"Attijari Bank , Groupe AL Jawhara",000121J/P/M000,1,430,2026-04-21 19:46:08.744,,y
1403,Attijari Bank,000121J/P/M000,1,401,2026-04-21 19:46:08.744,,y
1404,"Attijari Bank , Djerba Zarzis",000121J/P/M000,1,431,2026-04-21 19:46:08.744,,y
1405,"Attijari Bank , CA BELVEDERE",000121J/P/M000,1,225,2026-04-21 19:46:08.744,,y
1406,"Attijari Bank , CA MEGRINE",000121J/P/M000,1,432,2026-04-21 19:46:08.744,,y
1407,"Attijari Bank , centres d'affaires Régions Tunis",000121J/P/M000,1,401,2026-04-21 19:46:08.744,,y
1408,"Attijari Bank , centre d'affaires Régions Tunis",000121J/P/M000,1,433,2026-04-21 19:46:08.744,,y
1409,"Attijari Bank , Direction Régionale Tunis & Nord",000121J/P/M000,1,434,2026-04-21 19:46:08.744,,y
1410,"Attijari Bank , Groupe Hannibal",000121J/P/M000,1,434,2026-04-21 19:46:08.744,,y
1411,WIFAK INTERNATIONAL BANK,0798651L/P/M/000,1,404,2026-04-21 19:46:08.744,,y
1412,Lilas,492586 Z/A/M/000,1,410,2026-04-21 19:46:08.744,,y
1413,SBCD,849384V/A/M/000,1,435,2026-04-21 19:46:08.744,,y
1414,SBCD,849384V/A/M/000,1,435,2026-04-21 19:46:08.744,,y
1415,SBCD,849384V/A/M/000,1,435,2026-04-21 19:46:08.744,,y
1416,SBCD,849384V/A/M/000,1,435,2026-04-21 19:46:08.744,,y
1417,SBCD,849384V/A/M/000,1,435,2026-04-21 19:46:08.744,,y
1418,Tunis Call Center,0633781K/A/M/000,1,406,2026-04-21 19:46:08.744,,y
1419,Tunis Call Center,0633781K/A/M/000,1,406,2026-04-21 19:46:08.744,,y
1420,Tunis Call Center,0633781K/A/M/000,1,406,2026-04-21 19:46:08.744,,y
1421,T T E INTERNATIONAL,745311C/A/M/000,1,436,2026-04-21 19:46:08.744,,y
1422,Tunis Call Center,0633781K/A/M/000,1,406,2026-04-21 19:46:08.744,,y
1423,Tunis Call Center,0633781K/A/M/000,1,406,2026-04-21 19:46:08.744,,y
1424,Attijari Bank,000121J/P/M000,1,401,2026-04-21 19:46:08.744,,y
1425,Attijari Bank,000121J/P/M000,1,401,2026-04-21 19:46:08.744,,y
1426,Attijari Bank,000121J/P/M000,1,401,2026-04-21 19:46:08.744,,y
1427,Attijari Bank,000121J/P/M000,1,401,2026-04-21 19:46:08.744,,y
1428,Attijari Bank,000121J/P/M000,1,401,2026-04-21 19:46:08.744,,y
1429,Attijari Bank,000121J/P/M000,1,401,2026-04-21 19:46:08.744,,y
1430,Attijari Bank,000121J/P/M000,1,401,2026-04-21 19:46:08.744,,y
1431,Attijari Bank,000121J/P/M000,1,401,2026-04-21 19:46:08.744,,y
1432,"Attijari Bank , Groupe Alyssa",000121J/P/M000,1,413,2026-04-21 19:46:08.744,,y
1433,Attijari Bank Groupe Bizerte,000121J/P/M000,1,414,2026-04-21 19:46:08.744,,y
1434,"Attijari Bank , CA Avenue de Paris",000121J/P/M000,1,415,2026-04-21 19:46:08.744,,y
1435,Attijari Bank Groupe Cap Bon,000121J/P/M000,1,416,2026-04-21 19:46:08.744,,y
1436,Centres d'affaires Centre & Cap bon,000121J/P/M000,1,417,2026-04-21 19:46:08.744,,y
1437,Attijari Bank Direction Régionale Centre & Cap Bon,000121J/P/M000,1,418,2026-04-21 19:46:08.744,,y
1438,"Attijari Bank , Gafsa",000121J/P/M000,1,419,2026-04-21 19:46:08.744,,y
1439,"Attijari Bank , Groupe Al Aghaliba",000121J/P/M000,1,420,2026-04-21 19:46:08.744,,y
1440,"Attijari Bank , Groupe El ksour",000121J/P/M000,1,421,2026-04-21 19:46:08.744,,y
1441,"Attijari Bank , Groupe Oasis",000121J/P/M000,1,422,2026-04-21 19:46:08.744,,y
1442,"Attijari Bank , Groupe Lafayette",000121J/P/M000,1,423,2026-04-21 19:46:08.744,,y
1443,"Attijari Bank , Groupe Ariana Les Jasmins",000121J/P/M000,1,424,2026-04-21 19:46:08.744,,y
1444,"Attijari Bank , Groupe Ben Arous Maxula",000121J/P/M000,1,425,2026-04-21 19:46:08.744,,y
1445,"Attijari Bank , Région Tunis Menzah 5",000121J/P/M000,1,426,2026-04-21 19:46:08.744,,y
1446,"Attijari Bank , Al Ribat",000121J/P/M000,1,427,2026-04-21 19:46:08.744,,y
1447,"Attijari Bank , Groupe Nord Ouest",000121J/P/M000,1,428,2026-04-21 19:46:08.744,,y
1448,"Attijari Bank , Sfax",000121J/P/M000,1,429,2026-04-21 19:46:08.744,,y
1449,"Attijari Bank , Sfax",000121J/P/M000,1,429,2026-04-21 19:46:08.744,,y
1450,"Attijari Bank , Sfax",000121J/P/M000,1,429,2026-04-21 19:46:08.744,,y
1451,"Attijari Bank , Groupe AL Jawhara",000121J/P/M000,1,430,2026-04-21 19:46:08.744,,y
1452,Attijari Bank,000121J/P/M000,1,401,2026-04-21 19:46:08.744,,y
1453,"Attijari Bank , Djerba Zarzis",000121J/P/M000,1,431,2026-04-21 19:46:08.744,,y
1454,"Attijari Bank , CA BELVEDERE",000121J/P/M000,1,225,2026-04-21 19:46:08.744,,y
1455,"Attijari Bank , CA MEGRINE",000121J/P/M000,1,432,2026-04-21 19:46:08.745,,y
1456,"Attijari Bank , centres d'affaires Régions Tunis",000121J/P/M000,1,401,2026-04-21 19:46:08.745,,y
1457,"Attijari Bank , centre d'affaires Régions Tunis",000121J/P/M000,1,433,2026-04-21 19:46:08.745,,y
1458,"Attijari Bank , Direction Régionale Tunis & Nord",000121J/P/M000,1,434,2026-04-21 19:46:08.745,,y
1459,"Attijari Bank , Groupe Hannibal",000121J/P/M000,1,434,2026-04-21 19:46:08.745,,y
1460,WIFAK INTERNATIONAL BANK,0798651L/P/M/000,1,404,2026-04-21 19:46:08.745,,y
1461,Lilas,492586 Z/A/M/000,1,410,2026-04-21 19:46:08.745,,y
1462,SBCD,849384V/A/M/000,1,435,2026-04-21 19:46:08.745,,y
1463,SBCD,849384V/A/M/000,1,435,2026-04-21 19:46:08.745,,y
1464,SBCD,849384V/A/M/000,1,435,2026-04-21 19:46:08.745,,y
1465,SBCD,849384V/A/M/000,1,435,2026-04-21 19:46:08.745,,y
1466,SBCD,849384V/A/M/000,1,435,2026-04-21 19:46:08.745,,y
1467,Tunis Call Center,0633781K/A/M/000,1,406,2026-04-21 19:46:08.745,,y
1468,Tunis Call Center,0633781K/A/M/000,1,406,2026-04-21 19:46:08.745,,y
1469,Tunis Call Center,0633781K/A/M/000,1,406,2026-04-21 19:46:08.745,,y
1470,T T E INTERNATIONAL,745311C/A/M/000,1,436,2026-04-21 19:46:08.745,,y
1471,Tunis Call Center,0633781K/A/M/000,1,406,2026-04-21 19:46:08.745,,y
1472,Tunis Call Center,0633781K/A/M/000,1,406,2026-04-21 19:46:08.745,,y
1473,Attijari Bank,000121J/P/M000,1,401,2026-04-21 19:46:08.745,,y
1474,Attijari Bank,000121J/P/M000,1,401,2026-04-21 19:46:08.745,,y
1475,Attijari Bank,000121J/P/M000,1,401,2026-04-21 19:46:08.745,,y
1476,Attijari Bank,000121J/P/M000,1,401,2026-04-21 19:46:08.745,,y
1477,Attijari Bank,000121J/P/M000,1,401,2026-04-21 19:46:08.745,,y
1478,Attijari Bank,000121J/P/M000,1,401,2026-04-21 19:46:08.745,,y
1479,Attijari Bank,000121J/P/M000,1,401,2026-04-21 19:46:08.745,,y
1480,Attijari Bank,000121J/P/M000,1,401,2026-04-21 19:46:08.745,,y
1481,"Attijari Bank , Groupe Alyssa",000121J/P/M000,1,413,2026-04-21 19:46:08.745,,y
1482,Attijari Bank Groupe Bizerte,000121J/P/M000,1,414,2026-04-21 19:46:08.745,,y
1483,"Attijari Bank , CA Avenue de Paris",000121J/P/M000,1,415,2026-04-21 19:46:08.745,,y
1484,Attijari Bank Groupe Cap Bon,000121J/P/M000,1,416,2026-04-21 19:46:08.745,,y
1485,Centres d'affaires Centre & Cap bon,000121J/P/M000,1,417,2026-04-21 19:46:08.745,,y
1486,Attijari Bank Direction Régionale Centre & Cap Bon,000121J/P/M000,1,418,2026-04-21 19:46:08.745,,y
1487,"Attijari Bank , Gafsa",000121J/P/M000,1,419,2026-04-21 19:46:08.745,,y
1488,"Attijari Bank , Groupe Al Aghaliba",000121J/P/M000,1,420,2026-04-21 19:46:08.745,,y
1489,"Attijari Bank , Groupe El ksour",000121J/P/M000,1,421,2026-04-21 19:46:08.745,,y
1490,"Attijari Bank , Groupe Oasis",000121J/P/M000,1,422,2026-04-21 19:46:08.745,,y
1491,"Attijari Bank , Groupe Lafayette",000121J/P/M000,1,423,2026-04-21 19:46:08.745,,y
1492,"Attijari Bank , Groupe Ariana Les Jasmins",000121J/P/M000,1,424,2026-04-21 19:46:08.745,,y
1493,"Attijari Bank , Groupe Ben Arous Maxula",000121J/P/M000,1,425,2026-04-21 19:46:08.745,,y
1494,"Attijari Bank , Région Tunis Menzah 5",000121J/P/M000,1,426,2026-04-21 19:46:08.745,,y
1495,"Attijari Bank , Al Ribat",000121J/P/M000,1,427,2026-04-21 19:46:08.745,,y
1496,"Attijari Bank , Groupe Nord Ouest",000121J/P/M000,1,428,2026-04-21 19:46:08.745,,y
1497,"Attijari Bank , Sfax",000121J/P/M000,1,429,2026-04-21 19:46:08.745,,y
1498,"Attijari Bank , Sfax",000121J/P/M000,1,429,2026-04-21 19:46:08.745,,y
1499,"Attijari Bank , Sfax",000121J/P/M000,1,429,2026-04-21 19:46:08.745,,y
1500,"Attijari Bank , Groupe AL Jawhara",000121J/P/M000,1,430,2026-04-21 19:46:08.745,,y
1501,Attijari Bank,000121J/P/M000,1,401,2026-04-21 19:46:08.745,,y
1502,"Attijari Bank , Djerba Zarzis",000121J/P/M000,1,431,2026-04-21 19:46:08.745,,y
1503,"Attijari Bank , CA BELVEDERE",000121J/P/M000,1,225,2026-04-21 19:46:08.745,,y
1504,"Attijari Bank , CA MEGRINE",000121J/P/M000,1,432,2026-04-21 19:46:08.745,,y
1505,"Attijari Bank , centres d'affaires Régions Tunis",000121J/P/M000,1,401,2026-04-21 19:46:08.745,,y
1506,"Attijari Bank , centre d'affaires Régions Tunis",000121J/P/M000,1,433,2026-04-21 19:46:08.745,,y
1507,"Attijari Bank , Direction Régionale Tunis & Nord",000121J/P/M000,1,434,2026-04-21 19:46:08.745,,y
1508,"Attijari Bank , Groupe Hannibal",000121J/P/M000,1,434,2026-04-21 19:46:08.745,,y
1509,WIFAK INTERNATIONAL BANK,0798651L/P/M/000,1,404,2026-04-21 19:46:08.745,,y
1510,Lilas,492586 Z/A/M/000,1,410,2026-04-21 19:46:08.745,,y
1511,SBCD,849384V/A/M/000,1,435,2026-04-21 19:46:08.745,,y
1512,SBCD,849384V/A/M/000,1,435,2026-04-21 19:46:08.745,,y
1513,SBCD,849384V/A/M/000,1,435,2026-04-21 19:46:08.745,,y
1514,SBCD,849384V/A/M/000,1,435,2026-04-21 19:46:08.745,,y
1515,SBCD,849384V/A/M/000,1,435,2026-04-21 19:46:08.745,,y
1516,Tunis Call Center,0633781K/A/M/000,1,406,2026-04-21 19:46:08.745,,y
1517,Tunis Call Center,0633781K/A/M/000,1,406,2026-04-21 19:46:08.745,,y
1518,Tunis Call Center,0633781K/A/M/000,1,406,2026-04-21 19:46:08.745,,y
1519,T T E INTERNATIONAL,745311C/A/M/000,1,436,2026-04-21 19:46:08.745,,y
1520,Tunis Call Center,0633781K/A/M/000,1,406,2026-04-21 19:46:08.745,,y
1521,Tunis Call Center,0633781K/A/M/000,1,406,2026-04-21 19:46:08.745,,y
1522,Attijari Bank,000121J/P/M000,1,401,2026-04-21 19:46:08.745,,y
1523,Attijari Bank,000121J/P/M000,1,401,2026-04-21 19:46:08.745,,y
1524,Attijari Bank,000121J/P/M000,1,401,2026-04-21 19:46:08.745,,y
1525,Attijari Bank,000121J/P/M000,1,401,2026-04-21 19:46:08.745,,y
1526,Attijari Bank,000121J/P/M000,1,401,2026-04-21 19:46:08.745,,y
1527,Attijari Bank,000121J/P/M000,1,401,2026-04-21 19:46:08.745,,y
1528,"Attijari Bank , Groupe Alyssa",000121J/P/M000,1,413,2026-04-21 19:46:08.745,,y
1529,Attijari Bank Groupe Bizerte,000121J/P/M000,1,414,2026-04-21 19:46:08.745,,y
1530,"Attijari Bank , CA Avenue de Paris",000121J/P/M000,1,415,2026-04-21 19:46:08.745,,y
1531,Attijari Bank Groupe Cap Bon,000121J/P/M000,1,416,2026-04-21 19:46:08.745,,y
1532,Centres d'affaires Centre & Cap bon,000121J/P/M000,1,417,2026-04-21 19:46:08.745,,y
1533,Attijari Bank Direction Régionale Centre & Cap Bon,000121J/P/M000,1,418,2026-04-21 19:46:08.745,,y
1534,"Attijari Bank , Gafsa",000121J/P/M000,1,419,2026-04-21 19:46:08.745,,y
1535,"Attijari Bank , Groupe Al Aghaliba",000121J/P/M000,1,420,2026-04-21 19:46:08.745,,y
1536,"Attijari Bank , Groupe El ksour",000121J/P/M000,1,421,2026-04-21 19:46:08.745,,y
1537,"Attijari Bank , Groupe Oasis",000121J/P/M000,1,422,2026-04-21 19:46:08.745,,y
1538,"Attijari Bank , Groupe Lafayette",000121J/P/M000,1,423,2026-04-21 19:46:08.745,,y
1539,"Attijari Bank , Groupe Ariana Les Jasmins",000121J/P/M000,1,424,2026-04-21 19:46:08.745,,y
1540,"Attijari Bank , Groupe Ben Arous Maxula",000121J/P/M000,1,425,2026-04-21 19:46:08.745,,y
1541,"Attijari Bank , Région Tunis Menzah 5",000121J/P/M000,1,426,2026-04-21 19:46:08.745,,y
1542,"Attijari Bank , Al Ribat",000121J/P/M000,1,427,2026-04-21 19:46:08.745,,y
1543,"Attijari Bank , Groupe Nord Ouest",000121J/P/M000,1,428,2026-04-21 19:46:08.745,,y
1544,"Attijari Bank , Sfax",000121J/P/M000,1,429,2026-04-21 19:46:08.745,,y
1545,"Attijari Bank , Sfax",000121J/P/M000,1,429,2026-04-21 19:46:08.745,,y
1546,"Attijari Bank , Sfax",000121J/P/M000,1,429,2026-04-21 19:46:08.745,,y
1547,"Attijari Bank , Groupe AL Jawhara",000121J/P/M000,1,430,2026-04-21 19:46:08.745,,y
1548,Attijari Bank,000121J/P/M000,1,401,2026-04-21 19:46:08.745,,y
1549,"Attijari Bank , Djerba Zarzis",000121J/P/M000,1,431,2026-04-21 19:46:08.745,,y
1550,"Attijari Bank , CA BELVEDERE",000121J/P/M000,1,225,2026-04-21 19:46:08.745,,y
1551,"Attijari Bank , CA MEGRINE",000121J/P/M000,1,432,2026-04-21 19:46:08.745,,y
1552,"Attijari Bank , centres d'affaires Régions Tunis",000121J/P/M000,1,401,2026-04-21 19:46:08.745,,y
1553,"Attijari Bank , centre d'affaires Régions Tunis",000121J/P/M000,1,433,2026-04-21 19:46:08.745,,y
1554,"Attijari Bank , Direction Régionale Tunis & Nord",000121J/P/M000,1,434,2026-04-21 19:46:08.745,,y
1555,"Attijari Bank , Groupe Hannibal",000121J/P/M000,1,434,2026-04-21 19:46:08.746,,y
1556,WIFAK INTERNATIONAL BANK,0798651L/P/M/000,1,404,2026-04-21 19:46:08.746,,y
1557,Lilas,492586 Z/A/M/000,1,410,2026-04-21 19:46:08.746,,y
1558,SBCD,849384V/A/M/000,1,435,2026-04-21 19:46:08.746,,y
1559,SBCD,849384V/A/M/000,1,435,2026-04-21 19:46:08.746,,y
1560,SBCD,849384V/A/M/000,1,435,2026-04-21 19:46:08.746,,y
1561,SBCD,849384V/A/M/000,1,435,2026-04-21 19:46:08.746,,y
1562,SBCD,849384V/A/M/000,1,435,2026-04-21 19:46:08.746,,y
1563,Tunis Call Center,0633781K/A/M/000,1,406,2026-04-21 19:46:08.746,,y
1564,Tunis Call Center,0633781K/A/M/000,1,406,2026-04-21 19:46:08.746,,y
1565,Tunis Call Center,0633781K/A/M/000,1,406,2026-04-21 19:46:08.746,,y
1566,T T E INTERNATIONAL,745311C/A/M/000,1,436,2026-04-21 19:46:08.746,,y
1567,Tunis Call Center,0633781K/A/M/000,1,406,2026-04-21 19:46:08.746,,y
1568,SBCD,849384V/A/M/000,1,435,2026-04-21 19:46:08.746,,y
1569,Tunis Call Center,0633781K/A/M/000,1,406,2026-04-21 19:46:08.746,,y
1570,Attijari Bank,000121J/P/M000,1,401,2026-04-21 19:46:08.746,,y
1571,Attijari Bank,000121J/P/M000,1,401,2026-04-21 19:46:08.746,,y
1572,Attijari Bank,000121J/P/M000,1,401,2026-04-21 19:46:08.746,,y
1573,Attijari Bank,000121J/P/M000,1,401,2026-04-21 19:46:08.746,,y
1574,Attijari Bank,000121J/P/M000,1,401,2026-04-21 19:46:08.746,,y
1575,Attijari Bank,000121J/P/M000,1,401,2026-04-21 19:46:08.746,,y
1576,Attijari Bank,000121J/P/M000,1,401,2026-04-21 19:46:08.746,,y
1577,Attijari Bank,000121J/P/M000,1,401,2026-04-21 19:46:08.746,,y
1578,"Attijari Bank , Groupe Alyssa",000121J/P/M000,1,413,2026-04-21 19:46:08.746,,y
1579,Attijari Bank Groupe Bizerte,000121J/P/M000,1,414,2026-04-21 19:46:08.746,,y
1580,"Attijari Bank , CA Avenue de Paris",000121J/P/M000,1,415,2026-04-21 19:46:08.746,,y
1581,Attijari Bank Groupe Cap Bon,000121J/P/M000,1,416,2026-04-21 19:46:08.746,,y
1582,Centres d'affaires Centre & Cap bon,000121J/P/M000,1,417,2026-04-21 19:46:08.746,,y
1583,Attijari Bank Direction Régionale Centre & Cap Bon,000121J/P/M000,1,418,2026-04-21 19:46:08.746,,y
1584,"Attijari Bank , Gafsa",000121J/P/M000,1,419,2026-04-21 19:46:08.746,,y
1585,"Attijari Bank , Groupe Al Aghaliba",000121J/P/M000,1,420,2026-04-21 19:46:08.746,,y
1586,"Attijari Bank , Groupe El ksour",000121J/P/M000,1,421,2026-04-21 19:46:08.746,,y
1587,"Attijari Bank , Groupe Oasis",000121J/P/M000,1,422,2026-04-21 19:46:08.746,,y
1588,"Attijari Bank , Groupe Lafayette",000121J/P/M000,1,423,2026-04-21 19:46:08.746,,y
1589,"Attijari Bank , Groupe Ariana Les Jasmins",000121J/P/M000,1,424,2026-04-21 19:46:08.746,,y
1590,"Attijari Bank , Groupe Ben Arous Maxula",000121J/P/M000,1,425,2026-04-21 19:46:08.746,,y
1591,"Attijari Bank , Région Tunis Menzah 5",000121J/P/M000,1,426,2026-04-21 19:46:08.746,,y
1592,"Attijari Bank , Al Ribat",000121J/P/M000,1,427,2026-04-21 19:46:08.746,,y
1593,"Attijari Bank , Groupe Nord Ouest",000121J/P/M000,1,428,2026-04-21 19:46:08.746,,y
1594,"Attijari Bank , Sfax",000121J/P/M000,1,429,2026-04-21 19:46:08.746,,y
1595,"Attijari Bank , Sfax",000121J/P/M000,1,429,2026-04-21 19:46:08.746,,y
1596,"Attijari Bank , Sfax",000121J/P/M000,1,429,2026-04-21 19:46:08.746,,y
1597,"Attijari Bank , Groupe AL Jawhara",000121J/P/M000,1,430,2026-04-21 19:46:08.746,,y
1598,Attijari Bank,000121J/P/M000,1,401,2026-04-21 19:46:08.746,,y
1599,"Attijari Bank , Djerba Zarzis",000121J/P/M000,1,431,2026-04-21 19:46:08.746,,y
1600,"Attijari Bank , CA BELVEDERE",000121J/P/M000,1,225,2026-04-21 19:46:08.746,,y
1601,"Attijari Bank , CA MEGRINE",000121J/P/M000,1,432,2026-04-21 19:46:08.746,,y
1602,"Attijari Bank , centres d'affaires Régions Tunis",000121J/P/M000,1,401,2026-04-21 19:46:08.746,,y
1603,"Attijari Bank , centre d'affaires Régions Tunis",000121J/P/M000,1,433,2026-04-21 19:46:08.746,,y
1604,"Attijari Bank , Direction Régionale Tunis & Nord",000121J/P/M000,1,434,2026-04-21 19:46:08.746,,y
1605,"Attijari Bank , Groupe Hannibal",000121J/P/M000,1,434,2026-04-21 19:46:08.746,,y
1606,WIFAK INTERNATIONAL BANK,0798651L/P/M/000,1,404,2026-04-21 19:46:08.746,,y
1607,Lilas,492586 Z/A/M/000,1,410,2026-04-21 19:46:08.746,,y
1608,SBCD,849384V/A/M/000,1,435,2026-04-21 19:46:08.746,,y
1609,SBCD,849384V/A/M/000,1,435,2026-04-21 19:46:08.746,,y
1610,SBCD,849384V/A/M/000,1,435,2026-04-21 19:46:08.746,,y
1611,SBCD,849384V/A/M/000,1,435,2026-04-21 19:46:08.746,,y
1612,Tunis Call Center,0633781K/A/M/000,1,406,2026-04-21 19:46:08.746,,y
1613,Tunis Call Center,0633781K/A/M/000,1,406,2026-04-21 19:46:08.746,,y
1614,Tunis Call Center,0633781K/A/M/000,1,406,2026-04-21 19:46:08.746,,y
1615,T T E INTERNATIONAL,745311C/A/M/000,1,436,2026-04-21 19:46:08.746,,y
1616,Tunis Call Center,0633781K/A/M/000,1,406,2026-04-21 19:46:08.746,,y
1617,Tunis Call Center,0633781K/A/M/000,1,406,2026-04-21 19:46:08.746,,y
1618,Attijari Bank,000121J/P/M000,1,401,2026-04-21 19:46:08.746,,y
1619,Attijari Bank,000121J/P/M000,1,401,2026-04-21 19:46:08.746,,y
1620,Attijari Bank,000121J/P/M000,1,401,2026-04-21 19:46:08.746,,y
1621,Attijari Bank,000121J/P/M000,1,401,2026-04-21 19:46:08.746,,y
1622,Attijari Bank,000121J/P/M000,1,401,2026-04-21 19:46:08.746,,y
1623,Attijari Bank,000121J/P/M000,1,401,2026-04-21 19:46:08.746,,y
1624,Attijari Bank,000121J/P/M000,1,401,2026-04-21 19:46:08.746,,y
1625,Attijari Bank,000121J/P/M000,1,401,2026-04-21 19:46:08.746,,y
1626,"Attijari Bank , Groupe Alyssa",000121J/P/M000,1,413,2026-04-21 19:46:08.746,,y
1627,Attijari Bank Groupe Bizerte,000121J/P/M000,1,414,2026-04-21 19:46:08.746,,y
1628,"Attijari Bank , CA Avenue de Paris",000121J/P/M000,1,415,2026-04-21 19:46:08.746,,y
1629,Attijari Bank Groupe Cap Bon,000121J/P/M000,1,416,2026-04-21 19:46:08.746,,y
1630,Centres d'affaires Centre & Cap bon,000121J/P/M000,1,417,2026-04-21 19:46:08.746,,y
1631,Attijari Bank Direction Régionale Centre & Cap Bon,000121J/P/M000,1,418,2026-04-21 19:46:08.746,,y
1632,"Attijari Bank , Gafsa",000121J/P/M000,1,419,2026-04-21 19:46:08.746,,y
1633,"Attijari Bank , Groupe Al Aghaliba",000121J/P/M000,1,420,2026-04-21 19:46:08.746,,y
1634,"Attijari Bank , Groupe El ksour",000121J/P/M000,1,421,2026-04-21 19:46:08.746,,y
1635,"Attijari Bank , Groupe Oasis",000121J/P/M000,1,422,2026-04-21 19:46:08.746,,y
1636,"Attijari Bank , Groupe Lafayette",000121J/P/M000,1,423,2026-04-21 19:46:08.746,,y
1637,"Attijari Bank , Groupe Ariana Les Jasmins",000121J/P/M000,1,424,2026-04-21 19:46:08.746,,y
1638,"Attijari Bank , Groupe Ben Arous Maxula",000121J/P/M000,1,425,2026-04-21 19:46:08.746,,y
1639,"Attijari Bank , Région Tunis Menzah 5",000121J/P/M000,1,426,2026-04-21 19:46:08.746,,y
1640,"Attijari Bank , Al Ribat",000121J/P/M000,1,427,2026-04-21 19:46:08.746,,y
1641,"Attijari Bank , Groupe Nord Ouest",000121J/P/M000,1,428,2026-04-21 19:46:08.746,,y
1642,"Attijari Bank , Sfax",000121J/P/M000,1,429,2026-04-21 19:46:08.746,,y
1643,"Attijari Bank , Sfax",000121J/P/M000,1,429,2026-04-21 19:46:08.746,,y
1644,"Attijari Bank , Sfax",000121J/P/M000,1,429,2026-04-21 19:46:08.746,,y
1645,"Attijari Bank , Groupe AL Jawhara",000121J/P/M000,1,430,2026-04-21 19:46:08.746,,y
1646,Attijari Bank,000121J/P/M000,1,401,2026-04-21 19:46:08.746,,y
1647,"Attijari Bank , Djerba Zarzis",000121J/P/M000,1,431,2026-04-21 19:46:08.746,,y
1648,"Attijari Bank , CA BELVEDERE",000121J/P/M000,1,225,2026-04-21 19:46:08.746,,y
1649,"Attijari Bank , CA MEGRINE",000121J/P/M000,1,432,2026-04-21 19:46:08.746,,y
1650,"Attijari Bank , centres d'affaires Régions Tunis",000121J/P/M000,1,401,2026-04-21 19:46:08.746,,y
1651,"Attijari Bank , centre d'affaires Régions Tunis",000121J/P/M000,1,433,2026-04-21 19:46:08.746,,y
1652,"Attijari Bank , Direction Régionale Tunis & Nord",000121J/P/M000,1,434,2026-04-21 19:46:08.746,,y
1653,"Attijari Bank , Groupe Hannibal",000121J/P/M000,1,434,2026-04-21 19:46:08.746,,y
1654,WIFAK INTERNATIONAL BANK,0798651L/P/M/000,1,404,2026-04-21 19:46:08.746,,y
1655,Lilas,492586 Z/A/M/000,1,410,2026-04-21 19:46:08.746,,y
1656,SBCD,849384V/A/M/000,1,435,2026-04-21 19:46:08.746,,y
1657,SBCD,849384V/A/M/000,1,435,2026-04-21 19:46:08.746,,y
1658,SBCD,849384V/A/M/000,1,435,2026-04-21 19:46:08.746,,y
1659,SBCD,849384V/A/M/000,1,435,2026-04-21 19:46:08.746,,y
1660,SBCD,849384V/A/M/000,1,435,2026-04-21 19:46:08.746,,y
1661,Tunis Call Center,0633781K/A/M/000,1,406,2026-04-21 19:46:08.746,,y
1662,Tunis Call Center,0633781K/A/M/000,1,406,2026-04-21 19:46:08.746,,y
1663,Tunis Call Center,0633781K/A/M/000,1,406,2026-04-21 19:46:08.746,,y
1664,T T E INTERNATIONAL,745311C/A/M/000,1,436,2026-04-21 19:46:08.746,,y
1665,Tunis Call Center,0633781K/A/M/000,1,406,2026-04-21 19:46:08.746,,y
1666,Tunis Call Center,0633781K/A/M/000,1,406,2026-04-21 19:46:08.746,,y
1667,Attijari Bank,000121J/P/M000,1,401,2026-04-21 19:46:08.746,,y
1668,Attijari Bank,000121J/P/M000,1,401,2026-04-21 19:46:08.746,,y
1669,Attijari Bank,000121J/P/M000,1,401,2026-04-21 19:46:08.746,,y
1670,Attijari Bank,000121J/P/M000,1,401,2026-04-21 19:46:08.746,,y
1671,Attijari Bank,000121J/P/M000,1,401,2026-04-21 19:46:08.746,,y
1672,Attijari Bank,000121J/P/M000,1,401,2026-04-21 19:46:08.746,,y
1673,Attijari Bank,000121J/P/M000,1,401,2026-04-21 19:46:08.746,,y
1674,Attijari Bank,000121J/P/M000,1,401,2026-04-21 19:46:08.746,,y
1675,"Attijari Bank , Groupe Alyssa",000121J/P/M000,1,413,2026-04-21 19:46:08.746,,y
1676,Attijari Bank Groupe Bizerte,000121J/P/M000,1,414,2026-04-21 19:46:08.746,,y
1677,"Attijari Bank , CA Avenue de Paris",000121J/P/M000,1,415,2026-04-21 19:46:08.747,,y
1678,Attijari Bank Groupe Cap Bon,000121J/P/M000,1,416,2026-04-21 19:46:08.747,,y
1679,Centres d'affaires Centre & Cap bon,000121J/P/M000,1,417,2026-04-21 19:46:08.747,,y
1680,Attijari Bank Direction Régionale Centre & Cap Bon,000121J/P/M000,1,418,2026-04-21 19:46:08.747,,y
1681,"Attijari Bank , Gafsa",000121J/P/M000,1,419,2026-04-21 19:46:08.747,,y
1682,"Attijari Bank , Groupe Al Aghaliba",000121J/P/M000,1,420,2026-04-21 19:46:08.747,,y
1683,"Attijari Bank , Groupe El ksour",000121J/P/M000,1,421,2026-04-21 19:46:08.747,,y
1684,"Attijari Bank , Groupe Oasis",000121J/P/M000,1,422,2026-04-21 19:46:08.747,,y
1685,"Attijari Bank , Groupe Lafayette",000121J/P/M000,1,423,2026-04-21 19:46:08.747,,y
1686,"Attijari Bank , Groupe Ariana Les Jasmins",000121J/P/M000,1,424,2026-04-21 19:46:08.747,,y
1687,"Attijari Bank , Groupe Ben Arous Maxula",000121J/P/M000,1,425,2026-04-21 19:46:08.747,,y
1688,"Attijari Bank , Région Tunis Menzah 5",000121J/P/M000,1,426,2026-04-21 19:46:08.747,,y
1689,"Attijari Bank , Al Ribat",000121J/P/M000,1,427,2026-04-21 19:46:08.747,,y
1690,"Attijari Bank , Groupe Nord Ouest",000121J/P/M000,1,428,2026-04-21 19:46:08.747,,y
1691,"Attijari Bank , Sfax",000121J/P/M000,1,429,2026-04-21 19:46:08.747,,y
1692,"Attijari Bank , Sfax",000121J/P/M000,1,429,2026-04-21 19:46:08.747,,y
1693,"Attijari Bank , Sfax",000121J/P/M000,1,429,2026-04-21 19:46:08.747,,y
1694,"Attijari Bank , Groupe AL Jawhara",000121J/P/M000,1,430,2026-04-21 19:46:08.747,,y
1695,Attijari Bank,000121J/P/M000,1,401,2026-04-21 19:46:08.747,,y
1696,"Attijari Bank , Djerba Zarzis",000121J/P/M000,1,431,2026-04-21 19:46:08.747,,y
1697,"Attijari Bank , CA BELVEDERE",000121J/P/M000,1,225,2026-04-21 19:46:08.747,,y
1698,"Attijari Bank , CA MEGRINE",000121J/P/M000,1,432,2026-04-21 19:46:08.747,,y
1699,"Attijari Bank , centres d'affaires Régions Tunis",000121J/P/M000,1,401,2026-04-21 19:46:08.747,,y
1700,"Attijari Bank , centre d'affaires Régions Tunis",000121J/P/M000,1,433,2026-04-21 19:46:08.747,,y
1701,"Attijari Bank , Direction Régionale Tunis & Nord",000121J/P/M000,1,434,2026-04-21 19:46:08.747,,y
1702,"Attijari Bank , Groupe Hannibal",000121J/P/M000,1,434,2026-04-21 19:46:08.747,,y
1703,WIFAK INTERNATIONAL BANK,0798651L/P/M/000,1,404,2026-04-21 19:46:08.747,,y
1704,Lilas,492586 Z/A/M/000,1,410,2026-04-21 19:46:08.747,,y
1705,SBCD,849384V/A/M/000,1,435,2026-04-21 19:46:08.747,,y
1706,SBCD,849384V/A/M/000,1,435,2026-04-21 19:46:08.747,,y
1707,SBCD,849384V/A/M/000,1,435,2026-04-21 19:46:08.747,,y
1708,SBCD,849384V/A/M/000,1,435,2026-04-21 19:46:08.747,,y
1709,SBCD,849384V/A/M/000,1,435,2026-04-21 19:46:08.747,,y
1710,Tunis Call Center,0633781K/A/M/000,1,406,2026-04-21 19:46:08.747,,y
1711,Tunis Call Center,0633781K/A/M/000,1,406,2026-04-21 19:46:08.747,,y
1712,Tunis Call Center,0633781K/A/M/000,1,406,2026-04-21 19:46:08.747,,y
1713,T T E INTERNATIONAL,745311C/A/M/000,1,436,2026-04-21 19:46:08.747,,y
1714,Tunis Call Center,0633781K/A/M/000,1,406,2026-04-21 19:46:08.747,,y
1715,Tunis Call Center,0633781K/A/M/000,1,406,2026-04-21 19:46:08.747,,y
1716,Attijari Bank,000121J/P/M000,1,401,2026-04-21 19:46:08.747,,y
1717,Attijari Bank,000121J/P/M000,1,401,2026-04-21 19:46:08.747,,y
1718,Attijari Bank,000121J/P/M000,1,401,2026-04-21 19:46:08.747,,y
1719,Attijari Bank,000121J/P/M000,1,401,2026-04-21 19:46:08.747,,y
1720,Attijari Bank,000121J/P/M000,1,401,2026-04-21 19:46:08.747,,y
1721,Attijari Bank,000121J/P/M000,1,401,2026-04-21 19:46:08.747,,y
1722,Attijari Bank,000121J/P/M000,1,401,2026-04-21 19:46:08.747,,y
1723,Attijari Bank,000121J/P/M000,1,401,2026-04-21 19:46:08.747,,y
1724,"Attijari Bank , Groupe Alyssa",000121J/P/M000,1,413,2026-04-21 19:46:08.747,,y
1725,Attijari Bank Groupe Bizerte,000121J/P/M000,1,414,2026-04-21 19:46:08.747,,y
1726,"Attijari Bank , CA Avenue de Paris",000121J/P/M000,1,415,2026-04-21 19:46:08.747,,y
1727,Attijari Bank Groupe Cap Bon,000121J/P/M000,1,416,2026-04-21 19:46:08.747,,y
1728,Centres d'affaires Centre & Cap bon,000121J/P/M000,1,417,2026-04-21 19:46:08.747,,y
1729,Attijari Bank Direction Régionale Centre & Cap Bon,000121J/P/M000,1,418,2026-04-21 19:46:08.747,,y
1730,"Attijari Bank , Gafsa",000121J/P/M000,1,419,2026-04-21 19:46:08.747,,y
1731,"Attijari Bank , Groupe Al Aghaliba",000121J/P/M000,1,420,2026-04-21 19:46:08.747,,y
1732,"Attijari Bank , Groupe El ksour",000121J/P/M000,1,421,2026-04-21 19:46:08.747,,y
1733,"Attijari Bank , Groupe Oasis",000121J/P/M000,1,422,2026-04-21 19:46:08.747,,y
1734,"Attijari Bank , Groupe Lafayette",000121J/P/M000,1,423,2026-04-21 19:46:08.747,,y
1735,"Attijari Bank , Groupe Ariana Les Jasmins",000121J/P/M000,1,424,2026-04-21 19:46:08.747,,y
1736,"Attijari Bank , Groupe Ben Arous Maxula",000121J/P/M000,1,425,2026-04-21 19:46:08.747,,y
1737,"Attijari Bank , Région Tunis Menzah 5",000121J/P/M000,1,426,2026-04-21 19:46:08.747,,y
1738,"Attijari Bank , Al Ribat",000121J/P/M000,1,427,2026-04-21 19:46:08.747,,y
1739,"Attijari Bank , Groupe Nord Ouest",000121J/P/M000,1,428,2026-04-21 19:46:08.747,,y
1740,"Attijari Bank , Sfax",000121J/P/M000,1,429,2026-04-21 19:46:08.747,,y
1741,"Attijari Bank , Sfax",000121J/P/M000,1,429,2026-04-21 19:46:08.747,,y
1742,Attijari Bank,000121J/P/M000,1,401,2026-04-21 19:46:08.747,,y
1743,"Attijari Bank , Sfax",000121J/P/M000,1,429,2026-04-21 19:46:08.747,,y
1744,"Attijari Bank , Groupe AL Jawhara",000121J/P/M000,1,430,2026-04-21 19:46:08.747,,y
1745,Attijari Bank,000121J/P/M000,1,401,2026-04-21 19:46:08.747,,y
1746,"Attijari Bank , Djerba Zarzis",000121J/P/M000,1,431,2026-04-21 19:46:08.747,,y
1747,"Attijari Bank , CA BELVEDERE",000121J/P/M000,1,225,2026-04-21 19:46:08.747,,y
1748,"Attijari Bank , CA MEGRINE",000121J/P/M000,1,432,2026-04-21 19:46:08.747,,y
1749,"Attijari Bank , centres d'affaires Régions Tunis",000121J/P/M000,1,401,2026-04-21 19:46:08.747,,y
1750,"Attijari Bank , centre d'affaires Régions Tunis",000121J/P/M000,1,433,2026-04-21 19:46:08.747,,y
1751,"Attijari Bank , Direction Régionale Tunis & Nord",000121J/P/M000,1,434,2026-04-21 19:46:08.747,,y
1752,"Attijari Bank , Groupe Hannibal",000121J/P/M000,1,434,2026-04-21 19:46:08.747,,y
1753,WIFAK INTERNATIONAL BANK,0798651L/P/M/000,1,404,2026-04-21 19:46:08.747,,y
1754,Lilas,492586 Z/A/M/000,1,410,2026-04-21 19:46:08.747,,y
1755,SBCD,849384V/A/M/000,1,435,2026-04-21 19:46:08.747,,y
1756,SBCD,849384V/A/M/000,1,435,2026-04-21 19:46:08.747,,y
1757,SBCD,849384V/A/M/000,1,435,2026-04-21 19:46:08.747,,y
1758,SBCD,849384V/A/M/000,1,435,2026-04-21 19:46:08.747,,y
1759,SBCD,849384V/A/M/000,1,435,2026-04-21 19:46:08.747,,y
1760,Tunis Call Center,0633781K/A/M/000,1,406,2026-04-21 19:46:08.747,,y
1761,Tunis Call Center,0633781K/A/M/000,1,406,2026-04-21 19:46:08.747,,y
1762,Tunis Call Center,0633781K/A/M/000,1,406,2026-04-21 19:46:08.747,,y
1763,T T E INTERNATIONAL,745311C/A/M/000,1,436,2026-04-21 19:46:08.747,,y
1764,Tunis Call Center,0633781K/A/M/000,1,406,2026-04-21 19:46:08.747,,y
1765,Tunis Call Center,0633781K/A/M/000,1,406,2026-04-21 19:46:08.747,,y
1766,Attijari Bank,000121J/P/M000,1,401,2026-04-21 19:46:08.747,,y
1767,Attijari Bank,000121J/P/M000,1,401,2026-04-21 19:46:08.747,,y
1768,Attijari Bank,000121J/P/M000,1,401,2026-04-21 19:46:08.747,,y
1769,Attijari Bank,000121J/P/M000,1,401,2026-04-21 19:46:08.747,,y
1770,Attijari Bank,000121J/P/M000,1,401,2026-04-21 19:46:08.747,,y
1771,Attijari Bank,000121J/P/M000,1,401,2026-04-21 19:46:08.747,,y
1772,Attijari Bank,000121J/P/M000,1,401,2026-04-21 19:46:08.747,,y
1773,Attijari Bank,000121J/P/M000,1,401,2026-04-21 19:46:08.747,,y
1774,"Attijari Bank , Groupe Alyssa",000121J/P/M000,1,413,2026-04-21 19:46:08.747,,y
1775,Attijari Bank Groupe Bizerte,000121J/P/M000,1,414,2026-04-21 19:46:08.747,,y
1776,"Attijari Bank , CA Avenue de Paris",000121J/P/M000,1,415,2026-04-21 19:46:08.747,,y
1777,Attijari Bank Groupe Cap Bon,000121J/P/M000,1,416,2026-04-21 19:46:08.747,,y
1778,Centres d'affaires Centre & Cap bon,000121J/P/M000,1,417,2026-04-21 19:46:08.747,,y
1779,Attijari Bank Direction Régionale Centre & Cap Bon,000121J/P/M000,1,418,2026-04-21 19:46:08.747,,y
1780,"Attijari Bank , Gafsa",000121J/P/M000,1,419,2026-04-21 19:46:08.747,,y
1781,"Attijari Bank , Groupe Al Aghaliba",000121J/P/M000,1,420,2026-04-21 19:46:08.747,,y
1782,"Attijari Bank , Groupe El ksour",000121J/P/M000,1,421,2026-04-21 19:46:08.747,,y
1783,"Attijari Bank , Groupe Oasis",000121J/P/M000,1,422,2026-04-21 19:46:08.747,,y
1784,"Attijari Bank , Groupe Lafayette",000121J/P/M000,1,423,2026-04-21 19:46:08.747,,y
1785,"Attijari Bank , Groupe Ariana Les Jasmins",000121J/P/M000,1,424,2026-04-21 19:46:08.747,,y
1786,Attijari Bank,000121J/P/M000,1,401,2026-04-21 19:46:08.747,,y
1787,"Attijari Bank , Groupe Ben Arous Maxula",000121J/P/M000,1,425,2026-04-21 19:46:08.747,,y
1788,"Attijari Bank , Région Tunis Menzah 5",000121J/P/M000,1,426,2026-04-21 19:46:08.747,,y
1789,"Attijari Bank , Al Ribat",000121J/P/M000,1,427,2026-04-21 19:46:08.747,,y
1790,"Attijari Bank , Groupe Nord Ouest",000121J/P/M000,1,428,2026-04-21 19:46:08.747,,y
1791,"Attijari Bank , Sfax",000121J/P/M000,1,429,2026-04-21 19:46:08.747,,y
1792,"Attijari Bank , Sfax",000121J/P/M000,1,429,2026-04-21 19:46:08.747,,y
1793,"Attijari Bank , Sfax",000121J/P/M000,1,429,2026-04-21 19:46:08.747,,y
1794,"Attijari Bank , Groupe AL Jawhara",000121J/P/M000,1,430,2026-04-21 19:46:08.747,,y
1795,Attijari Bank,000121J/P/M000,1,401,2026-04-21 19:46:08.747,,y
1796,"Attijari Bank , Djerba Zarzis",000121J/P/M000,1,431,2026-04-21 19:46:08.747,,y
1797,"Attijari Bank , CA BELVEDERE",000121J/P/M000,1,225,2026-04-21 19:46:08.747,,y
1798,"Attijari Bank , CA MEGRINE",000121J/P/M000,1,432,2026-04-21 19:46:08.747,,y
1799,"Attijari Bank , centres d'affaires Régions Tunis",000121J/P/M000,1,401,2026-04-21 19:46:08.747,,y
1800,"Attijari Bank , centre d'affaires Régions Tunis",000121J/P/M000,1,433,2026-04-21 19:46:08.747,,y
1801,"Attijari Bank , Direction Régionale Tunis & Nord",000121J/P/M000,1,434,2026-04-21 19:46:08.747,,y
1802,"Attijari Bank , Groupe Hannibal",000121J/P/M000,1,434,2026-04-21 19:46:08.748,,y
1803,WIFAK INTERNATIONAL BANK,0798651L/P/M/000,1,404,2026-04-21 19:46:08.748,,y
1804,Lilas,492586 Z/A/M/000,1,410,2026-04-21 19:46:08.748,,y
1805,SBCD,849384V/A/M/000,1,435,2026-04-21 19:46:08.748,,y
1806,SBCD,849384V/A/M/000,1,435,2026-04-21 19:46:08.748,,y
1807,SBCD,849384V/A/M/000,1,435,2026-04-21 19:46:08.748,,y
1808,SBCD,849384V/A/M/000,1,435,2026-04-21 19:46:08.748,,y
1809,SBCD,849384V/A/M/000,1,435,2026-04-21 19:46:08.748,,y
1810,Tunis Call Center,0633781K/A/M/000,1,406,2026-04-21 19:46:08.748,,y
1811,Tunis Call Center,0633781K/A/M/000,1,406,2026-04-21 19:46:08.748,,y
1812,Tunis Call Center,0633781K/A/M/000,1,406,2026-04-21 19:46:08.748,,y
1813,T T E INTERNATIONAL,745311C/A/M/000,1,436,2026-04-21 19:46:08.748,,y
1814,Tunis Call Center,0633781K/A/M/000,1,406,2026-04-21 19:46:08.748,,y
1815,Tunis Call Center,0633781K/A/M/000,1,406,2026-04-21 19:46:08.748,,y
1816,Attijari Bank,000121J/P/M000,1,401,2026-04-21 19:46:08.748,,y
1817,Attijari Bank,000121J/P/M000,1,401,2026-04-21 19:46:08.748,,y
1818,Attijari Bank,000121J/P/M000,1,401,2026-04-21 19:46:08.748,,y
1819,Attijari Bank,000121J/P/M000,1,401,2026-04-21 19:46:08.748,,y
1820,Attijari Bank,000121J/P/M000,1,401,2026-04-21 19:46:08.748,,y
1821,Attijari Bank,000121J/P/M000,1,401,2026-04-21 19:46:08.748,,y
1822,Attijari Bank,000121J/P/M000,1,401,2026-04-21 19:46:08.748,,y
1823,Attijari Bank,000121J/P/M000,1,401,2026-04-21 19:46:08.748,,y
1824,"Attijari Bank , Groupe Alyssa",000121J/P/M000,1,413,2026-04-21 19:46:08.748,,y
1825,Attijari Bank Groupe Bizerte,000121J/P/M000,1,414,2026-04-21 19:46:08.748,,y
1826,"Attijari Bank , CA Avenue de Paris",000121J/P/M000,1,415,2026-04-21 19:46:08.748,,y
1827,Attijari Bank Groupe Cap Bon,000121J/P/M000,1,416,2026-04-21 19:46:08.748,,y
1828,Centres d'affaires Centre & Cap bon,000121J/P/M000,1,417,2026-04-21 19:46:08.748,,y
1829,Attijari Bank Direction Régionale Centre & Cap Bon,000121J/P/M000,1,418,2026-04-21 19:46:08.748,,y
1830,"Attijari Bank , Gafsa",000121J/P/M000,1,419,2026-04-21 19:46:08.748,,y
1831,"Attijari Bank , Groupe Al Aghaliba",000121J/P/M000,1,420,2026-04-21 19:46:08.748,,y
1832,"Attijari Bank , Groupe El ksour",000121J/P/M000,1,421,2026-04-21 19:46:08.748,,y
1833,"Attijari Bank , Groupe Oasis",000121J/P/M000,1,422,2026-04-21 19:46:08.748,,y
1834,"Attijari Bank , Groupe Lafayette",000121J/P/M000,1,423,2026-04-21 19:46:08.748,,y
1835,"Attijari Bank , Groupe Ariana Les Jasmins",000121J/P/M000,1,424,2026-04-21 19:46:08.748,,y
1836,"Attijari Bank , Groupe Ben Arous Maxula",000121J/P/M000,1,425,2026-04-21 19:46:08.748,,y
1837,"Attijari Bank , Région Tunis Menzah 5",000121J/P/M000,1,426,2026-04-21 19:46:08.748,,y
1838,"Attijari Bank , Al Ribat",000121J/P/M000,1,427,2026-04-21 19:46:08.748,,y
1839,"Attijari Bank , Groupe Nord Ouest",000121J/P/M000,1,428,2026-04-21 19:46:08.748,,y
1840,"Attijari Bank , Sfax",000121J/P/M000,1,429,2026-04-21 19:46:08.748,,y
1841,"Attijari Bank , Sfax",000121J/P/M000,1,429,2026-04-21 19:46:08.748,,y
1842,"Attijari Bank , Sfax",000121J/P/M000,1,429,2026-04-21 19:46:08.748,,y
1843,"Attijari Bank , Groupe AL Jawhara",000121J/P/M000,1,430,2026-04-21 19:46:08.748,,y
1844,Attijari Bank,000121J/P/M000,1,401,2026-04-21 19:46:08.748,,y
1845,"Attijari Bank , Djerba Zarzis",000121J/P/M000,1,431,2026-04-21 19:46:08.748,,y
1846,"Attijari Bank , CA BELVEDERE",000121J/P/M000,1,225,2026-04-21 19:46:08.748,,y
1847,"Attijari Bank , CA MEGRINE",000121J/P/M000,1,432,2026-04-21 19:46:08.748,,y
1848,"Attijari Bank , centres d'affaires Régions Tunis",000121J/P/M000,1,401,2026-04-21 19:46:08.748,,y
1849,"Attijari Bank , centre d'affaires Régions Tunis",000121J/P/M000,1,433,2026-04-21 19:46:08.748,,y
1850,"Attijari Bank , Direction Régionale Tunis & Nord",000121J/P/M000,1,434,2026-04-21 19:46:08.748,,y
1851,"Attijari Bank , Groupe Hannibal",000121J/P/M000,1,434,2026-04-21 19:46:08.748,,y
1852,WIFAK INTERNATIONAL BANK,0798651L/P/M/000,1,404,2026-04-21 19:46:08.748,,y
1853,Lilas,492586 Z/A/M/000,1,410,2026-04-21 19:46:08.748,,y
1854,SBCD,849384V/A/M/000,1,435,2026-04-21 19:46:08.748,,y
1855,SBCD,849384V/A/M/000,1,435,2026-04-21 19:46:08.748,,y
1856,SBCD,849384V/A/M/000,1,435,2026-04-21 19:46:08.748,,y
1857,SBCD,849384V/A/M/000,1,435,2026-04-21 19:46:08.748,,y
1858,SBCD,849384V/A/M/000,1,435,2026-04-21 19:46:08.748,,y
1859,Tunis Call Center,0633781K/A/M/000,1,406,2026-04-21 19:46:08.748,,y
1860,Tunis Call Center,0633781K/A/M/000,1,406,2026-04-21 19:46:08.748,,y
1861,Tunis Call Center,0633781K/A/M/000,1,406,2026-04-21 19:46:08.748,,y
1862,T T E INTERNATIONAL,745311C/A/M/000,1,436,2026-04-21 19:46:08.748,,y
1863,Tunis Call Center,0633781K/A/M/000,1,406,2026-04-21 19:46:08.748,,y
1864,Tunis Call Center,0633781K/A/M/000,1,406,2026-04-21 19:46:08.748,,y
1865,Attijari Bank,000121J/P/M000,1,401,2026-04-21 19:46:08.748,,y
1866,Attijari Bank,000121J/P/M000,1,401,2026-04-21 19:46:08.748,,y
1867,Attijari Bank,000121J/P/M000,1,401,2026-04-21 19:46:08.748,,y
1868,Attijari Bank,000121J/P/M000,1,401,2026-04-21 19:46:08.748,,y
1869,Attijari Bank,000121J/P/M000,1,401,2026-04-21 19:46:08.748,,y
1870,Attijari Bank,000121J/P/M000,1,401,2026-04-21 19:46:08.748,,y
1871,Attijari Bank,000121J/P/M000,1,401,2026-04-21 19:46:08.748,,y
1872,Attijari Bank,000121J/P/M000,1,401,2026-04-21 19:46:08.748,,y
1873,"Attijari Bank , Groupe Alyssa",000121J/P/M000,1,413,2026-04-21 19:46:08.748,,y
1874,Attijari Bank Groupe Bizerte,000121J/P/M000,1,414,2026-04-21 19:46:08.748,,y
1875,"Attijari Bank , CA Avenue de Paris",000121J/P/M000,1,415,2026-04-21 19:46:08.748,,y
1876,Attijari Bank Groupe Cap Bon,000121J/P/M000,1,416,2026-04-21 19:46:08.748,,y
1877,Centres d'affaires Centre & Cap bon,000121J/P/M000,1,417,2026-04-21 19:46:08.748,,y
1878,Attijari Bank Direction Régionale Centre & Cap Bon,000121J/P/M000,1,418,2026-04-21 19:46:08.748,,y
1879,"Attijari Bank , Gafsa",000121J/P/M000,1,419,2026-04-21 19:46:08.748,,y
1880,"Attijari Bank , Groupe Al Aghaliba",000121J/P/M000,1,420,2026-04-21 19:46:08.748,,y
1881,"Attijari Bank , Groupe El ksour",000121J/P/M000,1,421,2026-04-21 19:46:08.748,,y
1882,"Attijari Bank , Groupe Oasis",000121J/P/M000,1,422,2026-04-21 19:46:08.748,,y
1883,"Attijari Bank , Groupe Lafayette",000121J/P/M000,1,423,2026-04-21 19:46:08.748,,y
1884,"Attijari Bank , Groupe Ariana Les Jasmins",000121J/P/M000,1,424,2026-04-21 19:46:08.748,,y
1885,"Attijari Bank , Groupe Ben Arous Maxula",000121J/P/M000,1,425,2026-04-21 19:46:08.748,,y
1886,"Attijari Bank , Région Tunis Menzah 5",000121J/P/M000,1,426,2026-04-21 19:46:08.748,,y
1887,"Attijari Bank , Al Ribat",000121J/P/M000,1,427,2026-04-21 19:46:08.748,,y
1888,"Attijari Bank , Groupe Nord Ouest",000121J/P/M000,1,428,2026-04-21 19:46:08.748,,y
1889,"Attijari Bank , Sfax",000121J/P/M000,1,429,2026-04-21 19:46:08.748,,y
1890,"Attijari Bank , Sfax",000121J/P/M000,1,429,2026-04-21 19:46:08.748,,y
1891,"Attijari Bank , Sfax",000121J/P/M000,1,429,2026-04-21 19:46:08.748,,y
1892,"Attijari Bank , Groupe AL Jawhara",000121J/P/M000,1,430,2026-04-21 19:46:08.748,,y
1893,Attijari Bank,000121J/P/M000,1,401,2026-04-21 19:46:08.748,,y
1894,"Attijari Bank , Djerba Zarzis",000121J/P/M000,1,431,2026-04-21 19:46:08.748,,y
1895,"Attijari Bank , CA BELVEDERE",000121J/P/M000,1,225,2026-04-21 19:46:08.749,,y
1896,"Attijari Bank , CA MEGRINE",000121J/P/M000,1,432,2026-04-21 19:46:08.749,,y
1897,"Attijari Bank , centres d'affaires Régions Tunis",000121J/P/M000,1,401,2026-04-21 19:46:08.749,,y
1898,"Attijari Bank , centre d'affaires Régions Tunis",000121J/P/M000,1,433,2026-04-21 19:46:08.749,,y
1899,"Attijari Bank , Direction Régionale Tunis & Nord",000121J/P/M000,1,434,2026-04-21 19:46:08.749,,y
1900,"Attijari Bank , Groupe Hannibal",000121J/P/M000,1,434,2026-04-21 19:46:08.749,,y
1901,WIFAK INTERNATIONAL BANK,0798651L/P/M/000,1,404,2026-04-21 19:46:08.749,,y
1902,Lilas,492586 Z/A/M/000,1,410,2026-04-21 19:46:08.749,,y
1903,SBCD,849384V/A/M/000,1,435,2026-04-21 19:46:08.749,,y
1904,SBCD,849384V/A/M/000,1,435,2026-04-21 19:46:08.749,,y
1905,SBCD,849384V/A/M/000,1,435,2026-04-21 19:46:08.749,,y
1906,SBCD,849384V/A/M/000,1,435,2026-04-21 19:46:08.749,,y
1907,SBCD,849384V/A/M/000,1,435,2026-04-21 19:46:08.749,,y
1908,Tunis Call Center,0633781K/A/M/000,1,406,2026-04-21 19:46:08.749,,y
1909,Tunis Call Center,0633781K/A/M/000,1,406,2026-04-21 19:46:08.749,,y
1910,Tunis Call Center,0633781K/A/M/000,1,406,2026-04-21 19:46:08.749,,y
1911,T T E INTERNATIONAL,745311C/A/M/000,1,436,2026-04-21 19:46:08.749,,y
1912,Tunis Call Center,0633781K/A/M/000,1,406,2026-04-21 19:46:08.749,,y
1913,Tunis Call Center,0633781K/A/M/000,1,406,2026-04-21 19:46:08.749,,y
1914,Attijari Bank,000121J/P/M000,1,401,2026-04-21 19:46:08.749,,y
1915,Attijari Bank,000121J/P/M000,1,401,2026-04-21 19:46:08.749,,y
1916,Attijari Bank,000121J/P/M000,1,401,2026-04-21 19:46:08.749,,y
1917,Attijari Bank,000121J/P/M000,1,401,2026-04-21 19:46:08.749,,y
1918,Attijari Bank,000121J/P/M000,1,401,2026-04-21 19:46:08.749,,y
1919,Attijari Bank,000121J/P/M000,1,401,2026-04-21 19:46:08.749,,y
1920,"Attijari Bank , Groupe Alyssa",000121J/P/M000,1,413,2026-04-21 19:46:08.749,,y
1921,Attijari Bank Groupe Bizerte,000121J/P/M000,1,414,2026-04-21 19:46:08.749,,y
1922,"Attijari Bank , CA Avenue de Paris",000121J/P/M000,1,415,2026-04-21 19:46:08.749,,y
1923,Attijari Bank Groupe Cap Bon,000121J/P/M000,1,416,2026-04-21 19:46:08.749,,y
1924,Centres d'affaires Centre & Cap bon,000121J/P/M000,1,417,2026-04-21 19:46:08.749,,y
1925,Attijari Bank Direction Régionale Centre & Cap Bon,000121J/P/M000,1,418,2026-04-21 19:46:08.749,,y
1926,"Attijari Bank , Gafsa",000121J/P/M000,1,419,2026-04-21 19:46:08.749,,y
1927,"Attijari Bank , Groupe Al Aghaliba",000121J/P/M000,1,420,2026-04-21 19:46:08.749,,y
1928,"Attijari Bank , Groupe El ksour",000121J/P/M000,1,421,2026-04-21 19:46:08.749,,y
1929,"Attijari Bank , Groupe Oasis",000121J/P/M000,1,422,2026-04-21 19:46:08.749,,y
1930,"Attijari Bank , Groupe Lafayette",000121J/P/M000,1,423,2026-04-21 19:46:08.749,,y
1931,"Attijari Bank , Groupe Ariana Les Jasmins",000121J/P/M000,1,424,2026-04-21 19:46:08.749,,y
1932,"Attijari Bank , Groupe Ben Arous Maxula",000121J/P/M000,1,425,2026-04-21 19:46:08.749,,y
1933,"Attijari Bank , Région Tunis Menzah 5",000121J/P/M000,1,426,2026-04-21 19:46:08.749,,y
1934,"Attijari Bank , Al Ribat",000121J/P/M000,1,427,2026-04-21 19:46:08.749,,y
1935,"Attijari Bank , Groupe Nord Ouest",000121J/P/M000,1,428,2026-04-21 19:46:08.749,,y
1936,"Attijari Bank , Sfax",000121J/P/M000,1,429,2026-04-21 19:46:08.749,,y
1937,"Attijari Bank , Sfax",000121J/P/M000,1,429,2026-04-21 19:46:08.749,,y
1938,"Attijari Bank , Sfax",000121J/P/M000,1,429,2026-04-21 19:46:08.749,,y
1939,"Attijari Bank , Groupe AL Jawhara",000121J/P/M000,1,430,2026-04-21 19:46:08.749,,y
1940,Attijari Bank,000121J/P/M000,1,401,2026-04-21 19:46:08.749,,y
1941,"Attijari Bank , Djerba Zarzis",000121J/P/M000,1,431,2026-04-21 19:46:08.749,,y
1942,"Attijari Bank , CA BELVEDERE",000121J/P/M000,1,225,2026-04-21 19:46:08.749,,y
1943,"Attijari Bank , CA MEGRINE",000121J/P/M000,1,432,2026-04-21 19:46:08.749,,y
1944,"Attijari Bank , centres d'affaires Régions Tunis",000121J/P/M000,1,401,2026-04-21 19:46:08.749,,y
1945,"Attijari Bank , centre d'affaires Régions Tunis",000121J/P/M000,1,433,2026-04-21 19:46:08.749,,y
1946,"Attijari Bank , Direction Régionale Tunis & Nord",000121J/P/M000,1,434,2026-04-21 19:46:08.749,,y
1947,"Attijari Bank , Groupe Hannibal",000121J/P/M000,1,434,2026-04-21 19:46:08.749,,y
1948,WIFAK INTERNATIONAL BANK,0798651L/P/M/000,1,404,2026-04-21 19:46:08.749,,y
1949,Lilas,492586 Z/A/M/000,1,410,2026-04-21 19:46:08.749,,y
1950,SBCD,849384V/A/M/000,1,435,2026-04-21 19:46:08.749,,y
1951,SBCD,849384V/A/M/000,1,435,2026-04-21 19:46:08.749,,y
1952,SBCD,849384V/A/M/000,1,435,2026-04-21 19:46:08.749,,y
1953,SBCD,849384V/A/M/000,1,435,2026-04-21 19:46:08.749,,y
1954,SBCD,849384V/A/M/000,1,435,2026-04-21 19:46:08.749,,y
1955,Tunis Call Center,0633781K/A/M/000,1,406,2026-04-21 19:46:08.749,,y
1956,Tunis Call Center,0633781K/A/M/000,1,406,2026-04-21 19:46:08.749,,y
1957,Tunis Call Center,0633781K/A/M/000,1,406,2026-04-21 19:46:08.749,,y
1958,T T E INTERNATIONAL,745311C/A/M/000,1,436,2026-04-21 19:46:08.749,,y
1959,Tunis Call Center,0633781K/A/M/000,1,406,2026-04-21 19:46:08.749,,y
1960,SBCD,849384V/A/M/000,1,435,2026-04-21 19:46:08.749,,y
1961,Tunis Call Center,0633781K/A/M/000,1,406,2026-04-21 19:46:08.749,,y
1962,Attijari Bank,000121J/P/M000,1,401,2026-04-21 19:46:08.749,,y
1963,Attijari Bank,000121J/P/M000,1,401,2026-04-21 19:46:08.749,,y
1964,Attijari Bank,000121J/P/M000,1,401,2026-04-21 19:46:08.749,,y
1965,Attijari Bank,000121J/P/M000,1,401,2026-04-21 19:46:08.749,,y
1966,Attijari Bank,000121J/P/M000,1,401,2026-04-21 19:46:08.749,,y
1967,Attijari Bank,000121J/P/M000,1,401,2026-04-21 19:46:08.749,,y
1968,Attijari Bank,000121J/P/M000,1,401,2026-04-21 19:46:08.749,,y
1969,Attijari Bank,000121J/P/M000,1,401,2026-04-21 19:46:08.749,,y
1970,"Attijari Bank , Groupe Alyssa",000121J/P/M000,1,413,2026-04-21 19:46:08.749,,y
1971,Attijari Bank Groupe Bizerte,000121J/P/M000,1,414,2026-04-21 19:46:08.749,,y
1972,"Attijari Bank , CA Avenue de Paris",000121J/P/M000,1,415,2026-04-21 19:46:08.749,,y
1973,Attijari Bank Groupe Cap Bon,000121J/P/M000,1,416,2026-04-21 19:46:08.749,,y
1974,Centres d'affaires Centre & Cap bon,000121J/P/M000,1,417,2026-04-21 19:46:08.749,,y
1975,Attijari Bank Direction Régionale Centre & Cap Bon,000121J/P/M000,1,418,2026-04-21 19:46:08.749,,y
1976,"Attijari Bank , Gafsa",000121J/P/M000,1,419,2026-04-21 19:46:08.749,,y
1977,"Attijari Bank , Groupe Al Aghaliba",000121J/P/M000,1,420,2026-04-21 19:46:08.749,,y
1978,"Attijari Bank , Groupe El ksour",000121J/P/M000,1,421,2026-04-21 19:46:08.749,,y
1979,"Attijari Bank , Groupe Oasis",000121J/P/M000,1,422,2026-04-21 19:46:08.749,,y
1980,"Attijari Bank , Groupe Lafayette",000121J/P/M000,1,423,2026-04-21 19:46:08.749,,y
1981,"Attijari Bank , Groupe Ariana Les Jasmins",000121J/P/M000,1,424,2026-04-21 19:46:08.749,,y
1982,"Attijari Bank , Groupe Ben Arous Maxula",000121J/P/M000,1,425,2026-04-21 19:46:08.749,,y
1983,"Attijari Bank , Région Tunis Menzah 5",000121J/P/M000,1,426,2026-04-21 19:46:08.749,,y
1984,"Attijari Bank , Al Ribat",000121J/P/M000,1,427,2026-04-21 19:46:08.749,,y
1985,"Attijari Bank , Groupe Nord Ouest",000121J/P/M000,1,428,2026-04-21 19:46:08.749,,y
1986,"Attijari Bank , Sfax",000121J/P/M000,1,429,2026-04-21 19:46:08.749,,y
1987,"Attijari Bank , Sfax",000121J/P/M000,1,429,2026-04-21 19:46:08.749,,y
1988,"Attijari Bank , Sfax",000121J/P/M000,1,429,2026-04-21 19:46:08.749,,y
1989,"Attijari Bank , Groupe AL Jawhara",000121J/P/M000,1,430,2026-04-21 19:46:08.750,,y
1990,Attijari Bank,000121J/P/M000,1,401,2026-04-21 19:46:08.750,,y
1991,"Attijari Bank , Djerba Zarzis",000121J/P/M000,1,431,2026-04-21 19:46:08.750,,y
1992,"Attijari Bank , CA BELVEDERE",000121J/P/M000,1,225,2026-04-21 19:46:08.750,,y
1993,"Attijari Bank , CA MEGRINE",000121J/P/M000,1,432,2026-04-21 19:46:08.750,,y
1994,"Attijari Bank , centres d'affaires Régions Tunis",000121J/P/M000,1,401,2026-04-21 19:46:08.750,,y
1995,"Attijari Bank , centre d'affaires Régions Tunis",000121J/P/M000,1,433,2026-04-21 19:46:08.750,,y
1996,"Attijari Bank , Direction Régionale Tunis & Nord",000121J/P/M000,1,434,2026-04-21 19:46:08.750,,y
1997,"Attijari Bank , Groupe Hannibal",000121J/P/M000,1,434,2026-04-21 19:46:08.750,,y
1998,WIFAK INTERNATIONAL BANK,0798651L/P/M/000,1,404,2026-04-21 19:46:08.750,,y
1999,Lilas,492586 Z/A/M/000,1,410,2026-04-21 19:46:08.750,,y
2000,SBCD,849384V/A/M/000,1,435,2026-04-21 19:46:08.750,,y
2001,SBCD,849384V/A/M/000,1,435,2026-04-21 19:46:08.750,,y
2002,SBCD,849384V/A/M/000,1,435,2026-04-21 19:46:08.750,,y
2003,SBCD,849384V/A/M/000,1,435,2026-04-21 19:46:08.750,,y
2004,Tunis Call Center,0633781K/A/M/000,1,406,2026-04-21 19:46:08.750,,y
2005,Tunis Call Center,0633781K/A/M/000,1,406,2026-04-21 19:46:08.750,,y
2006,Tunis Call Center,0633781K/A/M/000,1,406,2026-04-21 19:46:08.750,,y
2007,T T E INTERNATIONAL,745311C/A/M/000,1,436,2026-04-21 19:46:08.750,,y
2008,Tunis Call Center,0633781K/A/M/000,1,406,2026-04-21 19:46:08.750,,y
2009,Tunis Call Center,0633781K/A/M/000,1,406,2026-04-21 19:46:08.750,,y
2010,Attijari Bank,000121J/P/M000,1,401,2026-04-21 19:46:08.750,,y
2011,Attijari Bank,000121J/P/M000,1,401,2026-04-21 19:46:08.750,,y
2012,Attijari Bank,000121J/P/M000,1,401,2026-04-21 19:46:08.750,,y
2013,Attijari Bank,000121J/P/M000,1,401,2026-04-21 19:46:08.750,,y
2014,Attijari Bank,000121J/P/M000,1,401,2026-04-21 19:46:08.750,,y
2015,Attijari Bank,000121J/P/M000,1,401,2026-04-21 19:46:08.750,,y
2016,Attijari Bank,000121J/P/M000,1,401,2026-04-21 19:46:08.750,,y
2017,Attijari Bank,000121J/P/M000,1,401,2026-04-21 19:46:08.750,,y
2018,"Attijari Bank , Groupe Alyssa",000121J/P/M000,1,413,2026-04-21 19:46:08.750,,y
2019,Attijari Bank Groupe Bizerte,000121J/P/M000,1,414,2026-04-21 19:46:08.750,,y
2020,"Attijari Bank , CA Avenue de Paris",000121J/P/M000,1,415,2026-04-21 19:46:08.750,,y
2021,Attijari Bank Groupe Cap Bon,000121J/P/M000,1,416,2026-04-21 19:46:08.750,,y
2022,Centres d'affaires Centre & Cap bon,000121J/P/M000,1,417,2026-04-21 19:46:08.750,,y
2023,Attijari Bank Direction Régionale Centre & Cap Bon,000121J/P/M000,1,418,2026-04-21 19:46:08.750,,y
2024,"Attijari Bank , Gafsa",000121J/P/M000,1,419,2026-04-21 19:46:08.750,,y
2025,"Attijari Bank , Groupe Al Aghaliba",000121J/P/M000,1,420,2026-04-21 19:46:08.750,,y
2026,"Attijari Bank , Groupe El ksour",000121J/P/M000,1,421,2026-04-21 19:46:08.750,,y
2027,"Attijari Bank , Groupe Oasis",000121J/P/M000,1,422,2026-04-21 19:46:08.750,,y
2028,"Attijari Bank , Groupe Lafayette",000121J/P/M000,1,423,2026-04-21 19:46:08.750,,y
2029,"Attijari Bank , Groupe Ariana Les Jasmins",000121J/P/M000,1,424,2026-04-21 19:46:08.750,,y
2030,"Attijari Bank , Groupe Ben Arous Maxula",000121J/P/M000,1,425,2026-04-21 19:46:08.750,,y
2031,"Attijari Bank , Région Tunis Menzah 5",000121J/P/M000,1,426,2026-04-21 19:46:08.750,,y
2032,"Attijari Bank , Al Ribat",000121J/P/M000,1,427,2026-04-21 19:46:08.750,,y
2033,"Attijari Bank , Groupe Nord Ouest",000121J/P/M000,1,428,2026-04-21 19:46:08.750,,y
2034,"Attijari Bank , Sfax",000121J/P/M000,1,429,2026-04-21 19:46:08.750,,y
2035,"Attijari Bank , Sfax",000121J/P/M000,1,429,2026-04-21 19:46:08.750,,y
2036,"Attijari Bank , Sfax",000121J/P/M000,1,429,2026-04-21 19:46:08.750,,y
2037,"Attijari Bank , Groupe AL Jawhara",000121J/P/M000,1,430,2026-04-21 19:46:08.750,,y
2038,Attijari Bank,000121J/P/M000,1,401,2026-04-21 19:46:08.750,,y
2039,"Attijari Bank , Djerba Zarzis",000121J/P/M000,1,431,2026-04-21 19:46:08.750,,y
2040,"Attijari Bank , CA BELVEDERE",000121J/P/M000,1,225,2026-04-21 19:46:08.750,,y
2041,"Attijari Bank , CA MEGRINE",000121J/P/M000,1,432,2026-04-21 19:46:08.750,,y
2042,"Attijari Bank , centres d'affaires Régions Tunis",000121J/P/M000,1,401,2026-04-21 19:46:08.750,,y
2043,"Attijari Bank , centre d'affaires Régions Tunis",000121J/P/M000,1,433,2026-04-21 19:46:08.750,,y
2044,"Attijari Bank , Direction Régionale Tunis & Nord",000121J/P/M000,1,434,2026-04-21 19:46:08.750,,y
2045,"Attijari Bank , Groupe Hannibal",000121J/P/M000,1,434,2026-04-21 19:46:08.750,,y
2046,WIFAK INTERNATIONAL BANK,0798651L/P/M/000,1,404,2026-04-21 19:46:08.750,,y
2047,Lilas,492586 Z/A/M/000,1,410,2026-04-21 19:46:08.750,,y
2048,SBCD,849384V/A/M/000,1,435,2026-04-21 19:46:08.750,,y
2049,SBCD,849384V/A/M/000,1,435,2026-04-21 19:46:08.750,,y
2050,SBCD,849384V/A/M/000,1,435,2026-04-21 19:46:08.750,,y
2051,SBCD,849384V/A/M/000,1,435,2026-04-21 19:46:08.750,,y
2052,SBCD,849384V/A/M/000,1,435,2026-04-21 19:46:08.750,,y
2053,Tunis Call Center,0633781K/A/M/000,1,406,2026-04-21 19:46:08.750,,y
2054,Tunis Call Center,0633781K/A/M/000,1,406,2026-04-21 19:46:08.750,,y
2055,Tunis Call Center,0633781K/A/M/000,1,406,2026-04-21 19:46:08.750,,y
2056,T T E INTERNATIONAL,745311C/A/M/000,1,436,2026-04-21 19:46:08.750,,y
2057,Tunis Call Center,0633781K/A/M/000,1,406,2026-04-21 19:46:08.750,,y
2058,Tunis Call Center,0633781K/A/M/000,1,406,2026-04-21 19:46:08.750,,y
2059,Attijari Bank,000121J/P/M000,1,401,2026-04-21 19:46:08.750,,y
2060,Attijari Bank,000121J/P/M000,1,401,2026-04-21 19:46:08.750,,y
2061,Attijari Bank,000121J/P/M000,1,401,2026-04-21 19:46:08.750,,y
2062,Attijari Bank,000121J/P/M000,1,401,2026-04-21 19:46:08.750,,y
2063,Attijari Bank,000121J/P/M000,1,401,2026-04-21 19:46:08.750,,y
2064,Attijari Bank,000121J/P/M000,1,401,2026-04-21 19:46:08.750,,y
2065,Attijari Bank,000121J/P/M000,1,401,2026-04-21 19:46:08.750,,y
2066,Attijari Bank,000121J/P/M000,1,401,2026-04-21 19:46:08.750,,y
2067,"Attijari Bank , Groupe Alyssa",000121J/P/M000,1,413,2026-04-21 19:46:08.750,,y
2068,Attijari Bank Groupe Bizerte,000121J/P/M000,1,414,2026-04-21 19:46:08.750,,y
2069,"Attijari Bank , CA Avenue de Paris",000121J/P/M000,1,415,2026-04-21 19:46:08.750,,y
2070,Attijari Bank Groupe Cap Bon,000121J/P/M000,1,416,2026-04-21 19:46:08.750,,y
2071,Centres d'affaires Centre & Cap bon,000121J/P/M000,1,417,2026-04-21 19:46:08.750,,y
2072,Attijari Bank Direction Régionale Centre & Cap Bon,000121J/P/M000,1,418,2026-04-21 19:46:08.750,,y
2073,"Attijari Bank , Gafsa",000121J/P/M000,1,419,2026-04-21 19:46:08.750,,y
2074,"Attijari Bank , Groupe Al Aghaliba",000121J/P/M000,1,420,2026-04-21 19:46:08.750,,y
2075,"Attijari Bank , Groupe El ksour",000121J/P/M000,1,421,2026-04-21 19:46:08.750,,y
2076,"Attijari Bank , Groupe Oasis",000121J/P/M000,1,422,2026-04-21 19:46:08.750,,y
2077,"Attijari Bank , Groupe Lafayette",000121J/P/M000,1,423,2026-04-21 19:46:08.750,,y
2078,"Attijari Bank , Groupe Ariana Les Jasmins",000121J/P/M000,1,424,2026-04-21 19:46:08.750,,y
2079,"Attijari Bank , Groupe Ben Arous Maxula",000121J/P/M000,1,425,2026-04-21 19:46:08.750,,y
2080,"Attijari Bank , Région Tunis Menzah 5",000121J/P/M000,1,426,2026-04-21 19:46:08.751,,y
2081,"Attijari Bank , Al Ribat",000121J/P/M000,1,427,2026-04-21 19:46:08.751,,y
2082,"Attijari Bank , Groupe Nord Ouest",000121J/P/M000,1,428,2026-04-21 19:46:08.751,,y
2083,"Attijari Bank , Sfax",000121J/P/M000,1,429,2026-04-21 19:46:08.751,,y
2084,"Attijari Bank , Sfax",000121J/P/M000,1,429,2026-04-21 19:46:08.751,,y
2085,"Attijari Bank , Sfax",000121J/P/M000,1,429,2026-04-21 19:46:08.751,,y
2086,"Attijari Bank , Groupe AL Jawhara",000121J/P/M000,1,430,2026-04-21 19:46:08.751,,y
2087,Attijari Bank,000121J/P/M000,1,401,2026-04-21 19:46:08.751,,y
2088,"Attijari Bank , Djerba Zarzis",000121J/P/M000,1,431,2026-04-21 19:46:08.751,,y
2089,"Attijari Bank , CA BELVEDERE",000121J/P/M000,1,225,2026-04-21 19:46:08.751,,y
2090,"Attijari Bank , CA MEGRINE",000121J/P/M000,1,432,2026-04-21 19:46:08.751,,y
2091,"Attijari Bank , centres d'affaires Régions Tunis",000121J/P/M000,1,401,2026-04-21 19:46:08.751,,y
2092,"Attijari Bank , centre d'affaires Régions Tunis",000121J/P/M000,1,433,2026-04-21 19:46:08.751,,y
2093,"Attijari Bank , Direction Régionale Tunis & Nord",000121J/P/M000,1,434,2026-04-21 19:46:08.751,,y
2094,"Attijari Bank , Groupe Hannibal",000121J/P/M000,1,434,2026-04-21 19:46:08.751,,y
2095,WIFAK INTERNATIONAL BANK,0798651L/P/M/000,1,404,2026-04-21 19:46:08.751,,y
2096,Lilas,492586 Z/A/M/000,1,410,2026-04-21 19:46:08.751,,y
2097,SBCD,849384V/A/M/000,1,435,2026-04-21 19:46:08.751,,y
2098,SBCD,849384V/A/M/000,1,435,2026-04-21 19:46:08.751,,y
2099,SBCD,849384V/A/M/000,1,435,2026-04-21 19:46:08.751,,y
2100,SBCD,849384V/A/M/000,1,435,2026-04-21 19:46:08.751,,y
2101,SBCD,849384V/A/M/000,1,435,2026-04-21 19:46:08.751,,y
2102,Tunis Call Center,0633781K/A/M/000,1,406,2026-04-21 19:46:08.751,,y
2103,Tunis Call Center,0633781K/A/M/000,1,406,2026-04-21 19:46:08.751,,y
2104,Tunis Call Center,0633781K/A/M/000,1,406,2026-04-21 19:46:08.751,,y
2105,T T E INTERNATIONAL,745311C/A/M/000,1,436,2026-04-21 19:46:08.751,,y
2106,Tunis Call Center,0633781K/A/M/000,1,406,2026-04-21 19:46:08.751,,y
2107,Tunis Call Center,0633781K/A/M/000,1,406,2026-04-21 19:46:08.751,,y
2108,Attijari Bank,000121J/P/M000,1,401,2026-04-21 19:46:08.751,,y
2109,Attijari Bank,000121J/P/M000,1,401,2026-04-21 19:46:08.751,,y
2110,Attijari Bank,000121J/P/M000,1,401,2026-04-21 19:46:08.751,,y
2111,Attijari Bank,000121J/P/M000,1,401,2026-04-21 19:46:08.751,,y
2112,Attijari Bank,000121J/P/M000,1,401,2026-04-21 19:46:08.751,,y
2113,Attijari Bank,000121J/P/M000,1,401,2026-04-21 19:46:08.751,,y
2114,Attijari Bank,000121J/P/M000,1,401,2026-04-21 19:46:08.751,,y
2115,Attijari Bank,000121J/P/M000,1,401,2026-04-21 19:46:08.751,,y
2116,"Attijari Bank , Groupe Alyssa",000121J/P/M000,1,413,2026-04-21 19:46:08.751,,y
2117,Attijari Bank Groupe Bizerte,000121J/P/M000,1,414,2026-04-21 19:46:08.751,,y
2118,"Attijari Bank , CA Avenue de Paris",000121J/P/M000,1,415,2026-04-21 19:46:08.751,,y
2119,Attijari Bank Groupe Cap Bon,000121J/P/M000,1,416,2026-04-21 19:46:08.751,,y
2120,Centres d'affaires Centre & Cap bon,000121J/P/M000,1,417,2026-04-21 19:46:08.751,,y
2121,Attijari Bank Direction Régionale Centre & Cap Bon,000121J/P/M000,1,418,2026-04-21 19:46:08.751,,y
2122,"Attijari Bank , Gafsa",000121J/P/M000,1,419,2026-04-21 19:46:08.751,,y
2123,"Attijari Bank , Groupe Al Aghaliba",000121J/P/M000,1,420,2026-04-21 19:46:08.751,,y
2124,"Attijari Bank , Groupe El ksour",000121J/P/M000,1,421,2026-04-21 19:46:08.751,,y
2125,"Attijari Bank , Groupe Oasis",000121J/P/M000,1,422,2026-04-21 19:46:08.751,,y
2126,"Attijari Bank , Groupe Lafayette",000121J/P/M000,1,423,2026-04-21 19:46:08.751,,y
2127,"Attijari Bank , Groupe Ariana Les Jasmins",000121J/P/M000,1,424,2026-04-21 19:46:08.751,,y
2128,"Attijari Bank , Groupe Ben Arous Maxula",000121J/P/M000,1,425,2026-04-21 19:46:08.751,,y
2129,"Attijari Bank , Région Tunis Menzah 5",000121J/P/M000,1,426,2026-04-21 19:46:08.751,,y
2130,"Attijari Bank , Al Ribat",000121J/P/M000,1,427,2026-04-21 19:46:08.751,,y
2131,"Attijari Bank , Groupe Nord Ouest",000121J/P/M000,1,428,2026-04-21 19:46:08.751,,y
2132,"Attijari Bank , Sfax",000121J/P/M000,1,429,2026-04-21 19:46:08.751,,y
2133,"Attijari Bank , Sfax",000121J/P/M000,1,429,2026-04-21 19:46:08.751,,y
2134,Attijari Bank,000121J/P/M000,1,401,2026-04-21 19:46:08.751,,y
2135,"Attijari Bank , Sfax",000121J/P/M000,1,429,2026-04-21 19:46:08.751,,y
2136,"Attijari Bank , Groupe AL Jawhara",000121J/P/M000,1,430,2026-04-21 19:46:08.751,,y
2137,Attijari Bank,000121J/P/M000,1,401,2026-04-21 19:46:08.751,,y
2138,"Attijari Bank , Djerba Zarzis",000121J/P/M000,1,431,2026-04-21 19:46:08.751,,y
2139,"Attijari Bank , CA BELVEDERE",000121J/P/M000,1,225,2026-04-21 19:46:08.751,,y
2140,"Attijari Bank , CA MEGRINE",000121J/P/M000,1,432,2026-04-21 19:46:08.751,,y
2141,"Attijari Bank , centres d'affaires Régions Tunis",000121J/P/M000,1,401,2026-04-21 19:46:08.751,,y
2142,"Attijari Bank , centre d'affaires Régions Tunis",000121J/P/M000,1,433,2026-04-21 19:46:08.751,,y
2143,"Attijari Bank , Direction Régionale Tunis & Nord",000121J/P/M000,1,434,2026-04-21 19:46:08.751,,y
2144,"Attijari Bank , Groupe Hannibal",000121J/P/M000,1,434,2026-04-21 19:46:08.751,,y
2145,WIFAK INTERNATIONAL BANK,0798651L/P/M/000,1,404,2026-04-21 19:46:08.751,,y
2146,Lilas,492586 Z/A/M/000,1,410,2026-04-21 19:46:08.751,,y
2147,SBCD,849384V/A/M/000,1,435,2026-04-21 19:46:08.751,,y
2148,SBCD,849384V/A/M/000,1,435,2026-04-21 19:46:08.751,,y
2149,SBCD,849384V/A/M/000,1,435,2026-04-21 19:46:08.751,,y
2150,SBCD,849384V/A/M/000,1,435,2026-04-21 19:46:08.751,,y
2151,SBCD,849384V/A/M/000,1,435,2026-04-21 19:46:08.751,,y
2152,Tunis Call Center,0633781K/A/M/000,1,406,2026-04-21 19:46:08.751,,y
2153,Tunis Call Center,0633781K/A/M/000,1,406,2026-04-21 19:46:08.751,,y
2154,Tunis Call Center,0633781K/A/M/000,1,406,2026-04-21 19:46:08.751,,y
2155,T T E INTERNATIONAL,745311C/A/M/000,1,436,2026-04-21 19:46:08.751,,y
2156,Tunis Call Center,0633781K/A/M/000,1,406,2026-04-21 19:46:08.751,,y
2157,Tunis Call Center,0633781K/A/M/000,1,406,2026-04-21 19:46:08.751,,y
2158,Attijari Bank,000121J/P/M000,1,401,2026-04-21 19:46:08.751,,y
2159,Attijari Bank,000121J/P/M000,1,401,2026-04-21 19:46:08.751,,y
2160,Attijari Bank,000121J/P/M000,1,401,2026-04-21 19:46:08.751,,y
2161,Attijari Bank,000121J/P/M000,1,401,2026-04-21 19:46:08.751,,y
2162,Attijari Bank,000121J/P/M000,1,401,2026-04-21 19:46:08.751,,y
2163,Attijari Bank,000121J/P/M000,1,401,2026-04-21 19:46:08.751,,y
2164,Attijari Bank,000121J/P/M000,1,401,2026-04-21 19:46:08.751,,y
2165,Attijari Bank,000121J/P/M000,1,401,2026-04-21 19:46:08.751,,y
2166,"Attijari Bank , Groupe Alyssa",000121J/P/M000,1,413,2026-04-21 19:46:08.751,,y
2167,Attijari Bank Groupe Bizerte,000121J/P/M000,1,414,2026-04-21 19:46:08.751,,y
2168,"Attijari Bank , CA Avenue de Paris",000121J/P/M000,1,415,2026-04-21 19:46:08.751,,y
2169,Attijari Bank Groupe Cap Bon,000121J/P/M000,1,416,2026-04-21 19:46:08.751,,y
2170,Centres d'affaires Centre & Cap bon,000121J/P/M000,1,417,2026-04-21 19:46:08.751,,y
2171,Attijari Bank Direction Régionale Centre & Cap Bon,000121J/P/M000,1,418,2026-04-21 19:46:08.751,,y
2172,"Attijari Bank , Gafsa",000121J/P/M000,1,419,2026-04-21 19:46:08.751,,y
2173,"Attijari Bank , Groupe Al Aghaliba",000121J/P/M000,1,420,2026-04-21 19:46:08.751,,y
2174,"Attijari Bank , Groupe El ksour",000121J/P/M000,1,421,2026-04-21 19:46:08.751,,y
2175,"Attijari Bank , Groupe Oasis",000121J/P/M000,1,422,2026-04-21 19:46:08.751,,y
2176,"Attijari Bank , Groupe Lafayette",000121J/P/M000,1,423,2026-04-21 19:46:08.751,,y
2177,"Attijari Bank , Groupe Ariana Les Jasmins",000121J/P/M000,1,424,2026-04-21 19:46:08.751,,y
2178,Attijari Bank,000121J/P/M000,1,401,2026-04-21 19:46:08.751,,y
2179,"Attijari Bank , Groupe Ben Arous Maxula",000121J/P/M000,1,425,2026-04-21 19:46:08.751,,y
2180,"Attijari Bank , Région Tunis Menzah 5",000121J/P/M000,1,426,2026-04-21 19:46:08.751,,y
2181,"Attijari Bank , Al Ribat",000121J/P/M000,1,427,2026-04-21 19:46:08.751,,y
2182,"Attijari Bank , Groupe Nord Ouest",000121J/P/M000,1,428,2026-04-21 19:46:08.751,,y
2183,"Attijari Bank , Sfax",000121J/P/M000,1,429,2026-04-21 19:46:08.751,,y
2184,"Attijari Bank , Sfax",000121J/P/M000,1,429,2026-04-21 19:46:08.751,,y
2185,"Attijari Bank , Sfax",000121J/P/M000,1,429,2026-04-21 19:46:08.751,,y
2186,"Attijari Bank , Groupe AL Jawhara",000121J/P/M000,1,430,2026-04-21 19:46:08.751,,y
2187,Attijari Bank,000121J/P/M000,1,401,2026-04-21 19:46:08.751,,y
2188,"Attijari Bank , Djerba Zarzis",000121J/P/M000,1,431,2026-04-21 19:46:08.751,,y
2189,"Attijari Bank , CA BELVEDERE",000121J/P/M000,1,225,2026-04-21 19:46:08.751,,y
2190,"Attijari Bank , CA MEGRINE",000121J/P/M000,1,432,2026-04-21 19:46:08.752,,y
2191,"Attijari Bank , centres d'affaires Régions Tunis",000121J/P/M000,1,401,2026-04-21 19:46:08.752,,y
2192,"Attijari Bank , centre d'affaires Régions Tunis",000121J/P/M000,1,433,2026-04-21 19:46:08.752,,y
2193,"Attijari Bank , Direction Régionale Tunis & Nord",000121J/P/M000,1,434,2026-04-21 19:46:08.752,,y
2194,"Attijari Bank , Groupe Hannibal",000121J/P/M000,1,434,2026-04-21 19:46:08.752,,y
2195,WIFAK INTERNATIONAL BANK,0798651L/P/M/000,1,404,2026-04-21 19:46:08.752,,y
2196,Lilas,492586 Z/A/M/000,1,410,2026-04-21 19:46:08.752,,y
2197,SBCD,849384V/A/M/000,1,435,2026-04-21 19:46:08.752,,y
2198,SBCD,849384V/A/M/000,1,435,2026-04-21 19:46:08.752,,y
2199,SBCD,849384V/A/M/000,1,435,2026-04-21 19:46:08.752,,y
2200,SBCD,849384V/A/M/000,1,435,2026-04-21 19:46:08.752,,y
2201,SBCD,849384V/A/M/000,1,435,2026-04-21 19:46:08.752,,y
2202,Tunis Call Center,0633781K/A/M/000,1,406,2026-04-21 19:46:08.752,,y
2203,Tunis Call Center,0633781K/A/M/000,1,406,2026-04-21 19:46:08.752,,y
2204,Tunis Call Center,0633781K/A/M/000,1,406,2026-04-21 19:46:08.752,,y
2205,T T E INTERNATIONAL,745311C/A/M/000,1,436,2026-04-21 19:46:08.752,,y
2206,Tunis Call Center,0633781K/A/M/000,1,406,2026-04-21 19:46:08.752,,y
2207,Tunis Call Center,0633781K/A/M/000,1,406,2026-04-21 19:46:08.752,,y
2208,Attijari Bank,000121J/P/M000,1,401,2026-04-21 19:46:08.752,,y
2209,Attijari Bank,000121J/P/M000,1,401,2026-04-21 19:46:08.752,,y
2210,Attijari Bank,000121J/P/M000,1,401,2026-04-21 19:46:08.752,,y
2211,Attijari Bank,000121J/P/M000,1,401,2026-04-21 19:46:08.752,,y
2212,Attijari Bank,000121J/P/M000,1,401,2026-04-21 19:46:08.752,,y
2213,Attijari Bank,000121J/P/M000,1,401,2026-04-21 19:46:08.752,,y
2214,Attijari Bank,000121J/P/M000,1,401,2026-04-21 19:46:08.752,,y
2215,Attijari Bank,000121J/P/M000,1,401,2026-04-21 19:46:08.752,,y
2216,"Attijari Bank , Groupe Alyssa",000121J/P/M000,1,413,2026-04-21 19:46:08.752,,y
2217,Attijari Bank Groupe Bizerte,000121J/P/M000,1,414,2026-04-21 19:46:08.752,,y
2218,"Attijari Bank , CA Avenue de Paris",000121J/P/M000,1,415,2026-04-21 19:46:08.752,,y
2219,Attijari Bank Groupe Cap Bon,000121J/P/M000,1,416,2026-04-21 19:46:08.752,,y
2220,Centres d'affaires Centre & Cap bon,000121J/P/M000,1,417,2026-04-21 19:46:08.752,,y
2221,Attijari Bank Direction Régionale Centre & Cap Bon,000121J/P/M000,1,418,2026-04-21 19:46:08.752,,y
2222,"Attijari Bank , Gafsa",000121J/P/M000,1,419,2026-04-21 19:46:08.752,,y
2223,"Attijari Bank , Groupe Al Aghaliba",000121J/P/M000,1,420,2026-04-21 19:46:08.752,,y
2224,"Attijari Bank , Groupe El ksour",000121J/P/M000,1,421,2026-04-21 19:46:08.752,,y
2225,"Attijari Bank , Groupe Oasis",000121J/P/M000,1,422,2026-04-21 19:46:08.752,,y
2226,"Attijari Bank , Groupe Lafayette",000121J/P/M000,1,423,2026-04-21 19:46:08.752,,y
2227,"Attijari Bank , Groupe Ariana Les Jasmins",000121J/P/M000,1,424,2026-04-21 19:46:08.752,,y
2228,"Attijari Bank , Groupe Ben Arous Maxula",000121J/P/M000,1,425,2026-04-21 19:46:08.752,,y
2229,"Attijari Bank , Région Tunis Menzah 5",000121J/P/M000,1,426,2026-04-21 19:46:08.752,,y
2230,"Attijari Bank , Al Ribat",000121J/P/M000,1,427,2026-04-21 19:46:08.752,,y
2231,"Attijari Bank , Groupe Nord Ouest",000121J/P/M000,1,428,2026-04-21 19:46:08.752,,y
2232,"Attijari Bank , Sfax",000121J/P/M000,1,429,2026-04-21 19:46:08.752,,y
2233,"Attijari Bank , Sfax",000121J/P/M000,1,429,2026-04-21 19:46:08.752,,y
2234,"Attijari Bank , Sfax",000121J/P/M000,1,429,2026-04-21 19:46:08.752,,y
2235,"Attijari Bank , Groupe AL Jawhara",000121J/P/M000,1,430,2026-04-21 19:46:08.752,,y
2236,Attijari Bank,000121J/P/M000,1,401,2026-04-21 19:46:08.752,,y
2237,"Attijari Bank , Djerba Zarzis",000121J/P/M000,1,431,2026-04-21 19:46:08.752,,y
2238,"Attijari Bank , CA BELVEDERE",000121J/P/M000,1,225,2026-04-21 19:46:08.752,,y
2239,"Attijari Bank , CA MEGRINE",000121J/P/M000,1,432,2026-04-21 19:46:08.752,,y
2240,"Attijari Bank , centres d'affaires Régions Tunis",000121J/P/M000,1,401,2026-04-21 19:46:08.752,,y
2241,"Attijari Bank , centre d'affaires Régions Tunis",000121J/P/M000,1,433,2026-04-21 19:46:08.752,,y
2242,"Attijari Bank , Direction Régionale Tunis & Nord",000121J/P/M000,1,434,2026-04-21 19:46:08.752,,y
2243,"Attijari Bank , Groupe Hannibal",000121J/P/M000,1,434,2026-04-21 19:46:08.752,,y
2244,WIFAK INTERNATIONAL BANK,0798651L/P/M/000,1,404,2026-04-21 19:46:08.752,,y
2245,Lilas,492586 Z/A/M/000,1,410,2026-04-21 19:46:08.752,,y
2246,SBCD,849384V/A/M/000,1,435,2026-04-21 19:46:08.752,,y
2247,SBCD,849384V/A/M/000,1,435,2026-04-21 19:46:08.752,,y
2248,SBCD,849384V/A/M/000,1,435,2026-04-21 19:46:08.752,,y
2249,SBCD,849384V/A/M/000,1,435,2026-04-21 19:46:08.752,,y
2250,SBCD,849384V/A/M/000,1,435,2026-04-21 19:46:08.752,,y
2251,Tunis Call Center,0633781K/A/M/000,1,406,2026-04-21 19:46:08.752,,y
2252,Tunis Call Center,0633781K/A/M/000,1,406,2026-04-21 19:46:08.752,,y
2253,Tunis Call Center,0633781K/A/M/000,1,406,2026-04-21 19:46:08.752,,y
2254,T T E INTERNATIONAL,745311C/A/M/000,1,436,2026-04-21 19:46:08.752,,y
2255,Tunis Call Center,0633781K/A/M/000,1,406,2026-04-21 19:46:08.752,,y
2256,Tunis Call Center,0633781K/A/M/000,1,406,2026-04-21 19:46:08.752,,y
2257,Attijari Bank,000121J/P/M000,1,401,2026-04-21 19:46:08.752,,y
2258,Attijari Bank,000121J/P/M000,1,401,2026-04-21 19:46:08.752,,y
2259,Attijari Bank,000121J/P/M000,1,401,2026-04-21 19:46:08.752,,y
2260,Attijari Bank,000121J/P/M000,1,401,2026-04-21 19:46:08.752,,y
2261,Attijari Bank,000121J/P/M000,1,401,2026-04-21 19:46:08.752,,y
2262,Attijari Bank,000121J/P/M000,1,401,2026-04-21 19:46:08.752,,y
2263,Attijari Bank,000121J/P/M000,1,401,2026-04-21 19:46:08.752,,y
2264,Attijari Bank,000121J/P/M000,1,401,2026-04-21 19:46:08.752,,y
2265,"Attijari Bank , Groupe Alyssa",000121J/P/M000,1,413,2026-04-21 19:46:08.752,,y
2266,Attijari Bank Groupe Bizerte,000121J/P/M000,1,414,2026-04-21 19:46:08.752,,y
2267,"Attijari Bank , CA Avenue de Paris",000121J/P/M000,1,415,2026-04-21 19:46:08.752,,y
2268,Attijari Bank Groupe Cap Bon,000121J/P/M000,1,416,2026-04-21 19:46:08.752,,y
2269,Centres d'affaires Centre & Cap bon,000121J/P/M000,1,417,2026-04-21 19:46:08.752,,y
2270,Attijari Bank Direction Régionale Centre & Cap Bon,000121J/P/M000,1,418,2026-04-21 19:46:08.752,,y
2271,"Attijari Bank , Gafsa",000121J/P/M000,1,419,2026-04-21 19:46:08.752,,y
2272,"Attijari Bank , Groupe Al Aghaliba",000121J/P/M000,1,420,2026-04-21 19:46:08.752,,y
2273,"Attijari Bank , Groupe El ksour",000121J/P/M000,1,421,2026-04-21 19:46:08.752,,y
2274,"Attijari Bank , Groupe Oasis",000121J/P/M000,1,422,2026-04-21 19:46:08.752,,y
2275,"Attijari Bank , Groupe Lafayette",000121J/P/M000,1,423,2026-04-21 19:46:08.752,,y
2276,"Attijari Bank , Groupe Ariana Les Jasmins",000121J/P/M000,1,424,2026-04-21 19:46:08.752,,y
2277,"Attijari Bank , Groupe Ben Arous Maxula",000121J/P/M000,1,425,2026-04-21 19:46:08.752,,y
2278,"Attijari Bank , Région Tunis Menzah 5",000121J/P/M000,1,426,2026-04-21 19:46:08.752,,y
2279,"Attijari Bank , Al Ribat",000121J/P/M000,1,427,2026-04-21 19:46:08.752,,y
2280,"Attijari Bank , Groupe Nord Ouest",000121J/P/M000,1,428,2026-04-21 19:46:08.752,,y
2281,"Attijari Bank , Sfax",000121J/P/M000,1,429,2026-04-21 19:46:08.752,,y
2282,"Attijari Bank , Sfax",000121J/P/M000,1,429,2026-04-21 19:46:08.752,,y
2283,"Attijari Bank , Sfax",000121J/P/M000,1,429,2026-04-21 19:46:08.752,,y
2284,"Attijari Bank , Groupe AL Jawhara",000121J/P/M000,1,430,2026-04-21 19:46:08.752,,y
2285,Attijari Bank,000121J/P/M000,1,401,2026-04-21 19:46:08.752,,y
2286,"Attijari Bank , Djerba Zarzis",000121J/P/M000,1,431,2026-04-21 19:46:08.752,,y
2287,"Attijari Bank , CA BELVEDERE",000121J/P/M000,1,225,2026-04-21 19:46:08.752,,y
2288,"Attijari Bank , CA MEGRINE",000121J/P/M000,1,432,2026-04-21 19:46:08.752,,y
2289,"Attijari Bank , centres d'affaires Régions Tunis",000121J/P/M000,1,401,2026-04-21 19:46:08.752,,y
2290,"Attijari Bank , centre d'affaires Régions Tunis",000121J/P/M000,1,433,2026-04-21 19:46:08.752,,y
2291,"Attijari Bank , Direction Régionale Tunis & Nord",000121J/P/M000,1,434,2026-04-21 19:46:08.752,,y
2292,"Attijari Bank , Groupe Hannibal",000121J/P/M000,1,434,2026-04-21 19:46:08.752,,y
2293,WIFAK INTERNATIONAL BANK,0798651L/P/M/000,1,404,2026-04-21 19:46:08.753,,y
2294,Lilas,492586 Z/A/M/000,1,410,2026-04-21 19:46:08.753,,y
2295,SBCD,849384V/A/M/000,1,435,2026-04-21 19:46:08.753,,y
2296,SBCD,849384V/A/M/000,1,435,2026-04-21 19:46:08.753,,y
2297,SBCD,849384V/A/M/000,1,435,2026-04-21 19:46:08.753,,y
2298,SBCD,849384V/A/M/000,1,435,2026-04-21 19:46:08.753,,y
2299,SBCD,849384V/A/M/000,1,435,2026-04-21 19:46:08.753,,y
2300,Tunis Call Center,0633781K/A/M/000,1,406,2026-04-21 19:46:08.753,,y
2301,Tunis Call Center,0633781K/A/M/000,1,406,2026-04-21 19:46:08.753,,y
2302,Tunis Call Center,0633781K/A/M/000,1,406,2026-04-21 19:46:08.753,,y
2303,T T E INTERNATIONAL,745311C/A/M/000,1,436,2026-04-21 19:46:08.753,,y
2304,Tunis Call Center,0633781K/A/M/000,1,406,2026-04-21 19:46:08.753,,y
2305,Tunis Call Center,0633781K/A/M/000,1,406,2026-04-21 19:46:08.753,,y
2306,Attijari Bank,000121J/P/M000,1,401,2026-04-21 19:46:08.753,,y
2307,Attijari Bank,000121J/P/M000,1,401,2026-04-21 19:46:08.753,,y
2308,Attijari Bank,000121J/P/M000,1,401,2026-04-21 19:46:08.753,,y
2309,Attijari Bank,000121J/P/M000,1,401,2026-04-21 19:46:08.753,,y
2310,Attijari Bank,000121J/P/M000,1,401,2026-04-21 19:46:08.753,,y
2311,Attijari Bank,000121J/P/M000,1,401,2026-04-21 19:46:08.753,,y
2312,"Attijari Bank , Groupe Alyssa",000121J/P/M000,1,413,2026-04-21 19:46:08.753,,y
2313,Attijari Bank Groupe Bizerte,000121J/P/M000,1,414,2026-04-21 19:46:08.753,,y
2314,"Attijari Bank , CA Avenue de Paris",000121J/P/M000,1,415,2026-04-21 19:46:08.753,,y
2315,Attijari Bank Groupe Cap Bon,000121J/P/M000,1,416,2026-04-21 19:46:08.753,,y
2316,Centres d'affaires Centre & Cap bon,000121J/P/M000,1,417,2026-04-21 19:46:08.753,,y
2317,Attijari Bank Direction Régionale Centre & Cap Bon,000121J/P/M000,1,418,2026-04-21 19:46:08.753,,y
2318,"Attijari Bank , Gafsa",000121J/P/M000,1,419,2026-04-21 19:46:08.753,,y
2319,"Attijari Bank , Groupe Al Aghaliba",000121J/P/M000,1,420,2026-04-21 19:46:08.753,,y
2320,"Attijari Bank , Groupe El ksour",000121J/P/M000,1,421,2026-04-21 19:46:08.753,,y
2321,"Attijari Bank , Groupe Oasis",000121J/P/M000,1,422,2026-04-21 19:46:08.753,,y
2322,"Attijari Bank , Groupe Lafayette",000121J/P/M000,1,423,2026-04-21 19:46:08.753,,y
2323,"Attijari Bank , Groupe Ariana Les Jasmins",000121J/P/M000,1,424,2026-04-21 19:46:08.753,,y
2324,"Attijari Bank , Groupe Ben Arous Maxula",000121J/P/M000,1,425,2026-04-21 19:46:08.753,,y
2325,"Attijari Bank , Région Tunis Menzah 5",000121J/P/M000,1,426,2026-04-21 19:46:08.753,,y
2326,"Attijari Bank , Al Ribat",000121J/P/M000,1,427,2026-04-21 19:46:08.753,,y
2327,"Attijari Bank , Groupe Nord Ouest",000121J/P/M000,1,428,2026-04-21 19:46:08.753,,y
2328,"Attijari Bank , Sfax",000121J/P/M000,1,429,2026-04-21 19:46:08.753,,y
2329,"Attijari Bank , Sfax",000121J/P/M000,1,429,2026-04-21 19:46:08.753,,y
2330,"Attijari Bank , Sfax",000121J/P/M000,1,429,2026-04-21 19:46:08.753,,y
2331,"Attijari Bank , Groupe AL Jawhara",000121J/P/M000,1,430,2026-04-21 19:46:08.753,,y
2332,Attijari Bank,000121J/P/M000,1,401,2026-04-21 19:46:08.753,,y
2333,"Attijari Bank , Djerba Zarzis",000121J/P/M000,1,431,2026-04-21 19:46:08.753,,y
2334,"Attijari Bank , CA BELVEDERE",000121J/P/M000,1,225,2026-04-21 19:46:08.753,,y
2335,"Attijari Bank , CA MEGRINE",000121J/P/M000,1,432,2026-04-21 19:46:08.753,,y
2336,"Attijari Bank , centres d'affaires Régions Tunis",000121J/P/M000,1,401,2026-04-21 19:46:08.753,,y
2337,"Attijari Bank , centre d'affaires Régions Tunis",000121J/P/M000,1,433,2026-04-21 19:46:08.753,,y
2338,"Attijari Bank , Direction Régionale Tunis & Nord",000121J/P/M000,1,434,2026-04-21 19:46:08.753,,y
2339,"Attijari Bank , Groupe Hannibal",000121J/P/M000,1,434,2026-04-21 19:46:08.753,,y
2340,WIFAK INTERNATIONAL BANK,0798651L/P/M/000,1,404,2026-04-21 19:46:08.753,,y
2341,Lilas,492586 Z/A/M/000,1,410,2026-04-21 19:46:08.753,,y
2342,SBCD,849384V/A/M/000,1,435,2026-04-21 19:46:08.753,,y
2343,SBCD,849384V/A/M/000,1,435,2026-04-21 19:46:08.753,,y
2344,SBCD,849384V/A/M/000,1,435,2026-04-21 19:46:08.753,,y
2345,SBCD,849384V/A/M/000,1,435,2026-04-21 19:46:08.753,,y
2346,SBCD,849384V/A/M/000,1,435,2026-04-21 19:46:08.753,,y
2347,Tunis Call Center,0633781K/A/M/000,1,406,2026-04-21 19:46:08.753,,y
2348,Tunis Call Center,0633781K/A/M/000,1,406,2026-04-21 19:46:08.753,,y
2349,Tunis Call Center,0633781K/A/M/000,1,406,2026-04-21 19:46:08.753,,y
2350,T T E INTERNATIONAL,745311C/A/M/000,1,436,2026-04-21 19:46:08.753,,y
2351,Tunis Call Center,0633781K/A/M/000,1,406,2026-04-21 19:46:08.753,,y
2352,SBCD,849384V/A/M/000,1,435,2026-04-21 19:46:08.753,,y
2353,Tunis Call Center,0633781K/A/M/000,1,406,2026-04-21 19:46:08.753,,y
2354,Attijari Bank,000121J/P/M000,1,401,2026-04-21 19:46:08.753,,y
2355,Attijari Bank,000121J/P/M000,1,401,2026-04-21 19:46:08.753,,y
2356,Attijari Bank,000121J/P/M000,1,401,2026-04-21 19:46:08.753,,y
2357,Attijari Bank,000121J/P/M000,1,401,2026-04-21 19:46:08.753,,y
2358,Attijari Bank,000121J/P/M000,1,401,2026-04-21 19:46:08.753,,y
2359,Attijari Bank,000121J/P/M000,1,401,2026-04-21 19:46:08.753,,y
2360,Attijari Bank,000121J/P/M000,1,401,2026-04-21 19:46:08.753,,y
2361,Attijari Bank,000121J/P/M000,1,401,2026-04-21 19:46:08.753,,y
2362,"Attijari Bank , Groupe Alyssa",000121J/P/M000,1,413,2026-04-21 19:46:08.753,,y
2363,Attijari Bank Groupe Bizerte,000121J/P/M000,1,414,2026-04-21 19:46:08.753,,y
2364,"Attijari Bank , CA Avenue de Paris",000121J/P/M000,1,415,2026-04-21 19:46:08.753,,y
2365,Attijari Bank Groupe Cap Bon,000121J/P/M000,1,416,2026-04-21 19:46:08.753,,y
2366,Centres d'affaires Centre & Cap bon,000121J/P/M000,1,417,2026-04-21 19:46:08.753,,y
2367,Attijari Bank Direction Régionale Centre & Cap Bon,000121J/P/M000,1,418,2026-04-21 19:46:08.753,,y
2368,"Attijari Bank , Gafsa",000121J/P/M000,1,419,2026-04-21 19:46:08.753,,y
2369,"Attijari Bank , Groupe Al Aghaliba",000121J/P/M000,1,420,2026-04-21 19:46:08.753,,y
2370,"Attijari Bank , Groupe El ksour",000121J/P/M000,1,421,2026-04-21 19:46:08.753,,y
2371,"Attijari Bank , Groupe Oasis",000121J/P/M000,1,422,2026-04-21 19:46:08.753,,y
2372,"Attijari Bank , Groupe Lafayette",000121J/P/M000,1,423,2026-04-21 19:46:08.753,,y
2373,"Attijari Bank , Groupe Ariana Les Jasmins",000121J/P/M000,1,424,2026-04-21 19:46:08.753,,y
2374,"Attijari Bank , Groupe Ben Arous Maxula",000121J/P/M000,1,425,2026-04-21 19:46:08.753,,y
2375,"Attijari Bank , Région Tunis Menzah 5",000121J/P/M000,1,426,2026-04-21 19:46:08.753,,y
2376,"Attijari Bank , Al Ribat",000121J/P/M000,1,427,2026-04-21 19:46:08.753,,y
2377,"Attijari Bank , Groupe Nord Ouest",000121J/P/M000,1,428,2026-04-21 19:46:08.753,,y
2378,"Attijari Bank , Sfax",000121J/P/M000,1,429,2026-04-21 19:46:08.753,,y
2379,"Attijari Bank , Sfax",000121J/P/M000,1,429,2026-04-21 19:46:08.753,,y
2380,"Attijari Bank , Sfax",000121J/P/M000,1,429,2026-04-21 19:46:08.753,,y
2381,"Attijari Bank , Groupe AL Jawhara",000121J/P/M000,1,430,2026-04-21 19:46:08.753,,y
2382,Attijari Bank,000121J/P/M000,1,401,2026-04-21 19:46:08.753,,y
2383,"Attijari Bank , Djerba Zarzis",000121J/P/M000,1,431,2026-04-21 19:46:08.753,,y
2384,"Attijari Bank , CA BELVEDERE",000121J/P/M000,1,225,2026-04-21 19:46:08.753,,y
2385,"Attijari Bank , CA MEGRINE",000121J/P/M000,1,432,2026-04-21 19:46:08.753,,y
2386,"Attijari Bank , centres d'affaires Régions Tunis",000121J/P/M000,1,401,2026-04-21 19:46:08.753,,y
2387,"Attijari Bank , centre d'affaires Régions Tunis",000121J/P/M000,1,433,2026-04-21 19:46:08.753,,y
2388,"Attijari Bank , Direction Régionale Tunis & Nord",000121J/P/M000,1,434,2026-04-21 19:46:08.753,,y
2389,"Attijari Bank , Groupe Hannibal",000121J/P/M000,1,434,2026-04-21 19:46:08.753,,y
2390,WIFAK INTERNATIONAL BANK,0798651L/P/M/000,1,404,2026-04-21 19:46:08.753,,y
2391,Lilas,492586 Z/A/M/000,1,410,2026-04-21 19:46:08.753,,y
2392,SBCD,849384V/A/M/000,1,435,2026-04-21 19:46:08.753,,y
2393,SBCD,849384V/A/M/000,1,435,2026-04-21 19:46:08.753,,y
2394,SBCD,849384V/A/M/000,1,435,2026-04-21 19:46:08.753,,y
2395,SBCD,849384V/A/M/000,1,435,2026-04-21 19:46:08.753,,y
2396,Tunis Call Center,0633781K/A/M/000,1,406,2026-04-21 19:46:08.753,,y
2397,Tunis Call Center,0633781K/A/M/000,1,406,2026-04-21 19:46:08.753,,y
2398,Tunis Call Center,0633781K/A/M/000,1,406,2026-04-21 19:46:08.753,,y
2399,T T E INTERNATIONAL,745311C/A/M/000,1,436,2026-04-21 19:46:08.753,,y
2400,Tunis Call Center,0633781K/A/M/000,1,406,2026-04-21 19:46:08.753,,y
2401,Tunis Call Center,0633781K/A/M/000,1,406,2026-04-21 19:46:08.753,,y
2402,Attijari Bank,000121J/P/M000,1,401,2026-04-21 19:46:08.753,,y
2403,Attijari Bank,000121J/P/M000,1,401,2026-04-21 19:46:08.753,,y
2404,Attijari Bank,000121J/P/M000,1,401,2026-04-21 19:46:08.753,,y
2405,Attijari Bank,000121J/P/M000,1,401,2026-04-21 19:46:08.753,,y
2406,Attijari Bank,000121J/P/M000,1,401,2026-04-21 19:46:08.753,,y
2407,Attijari Bank,000121J/P/M000,1,401,2026-04-21 19:46:08.753,,y
2408,Attijari Bank,000121J/P/M000,1,401,2026-04-21 19:46:08.753,,y
2409,Attijari Bank,000121J/P/M000,1,401,2026-04-21 19:46:08.753,,y
2410,"Attijari Bank , Groupe Alyssa",000121J/P/M000,1,413,2026-04-21 19:46:08.753,,y
2411,Attijari Bank Groupe Bizerte,000121J/P/M000,1,414,2026-04-21 19:46:08.753,,y
2412,"Attijari Bank , CA Avenue de Paris",000121J/P/M000,1,415,2026-04-21 19:46:08.753,,y
2413,Attijari Bank Groupe Cap Bon,000121J/P/M000,1,416,2026-04-21 19:46:08.753,,y
2414,Centres d'affaires Centre & Cap bon,000121J/P/M000,1,417,2026-04-21 19:46:08.753,,y
2416,"Attijari Bank , Gafsa",000121J/P/M000,1,419,2026-04-21 19:46:08.753,,y
2417,"Attijari Bank , Groupe Al Aghaliba",000121J/P/M000,1,420,2026-04-21 19:46:08.753,,y
2418,"Attijari Bank , Groupe El ksour",000121J/P/M000,1,421,2026-04-21 19:46:08.753,,y
2419,"Attijari Bank , Groupe Oasis",000121J/P/M000,1,422,2026-04-21 19:46:08.753,,y
2420,"Attijari Bank , Groupe Lafayette",000121J/P/M000,1,423,2026-04-21 19:46:08.753,,y
2421,"Attijari Bank , Groupe Ariana Les Jasmins",000121J/P/M000,1,424,2026-04-21 19:46:08.753,,y
2422,"Attijari Bank , Groupe Ben Arous Maxula",000121J/P/M000,1,425,2026-04-21 19:46:08.753,,y
2423,"Attijari Bank , Région Tunis Menzah 5",000121J/P/M000,1,426,2026-04-21 19:46:08.753,,y
2424,"Attijari Bank , Al Ribat",000121J/P/M000,1,427,2026-04-21 19:46:08.753,,y
2425,"Attijari Bank , Groupe Nord Ouest",000121J/P/M000,1,428,2026-04-21 19:46:08.753,,y
2426,"Attijari Bank , Sfax",000121J/P/M000,1,429,2026-04-21 19:46:08.753,,y
2427,"Attijari Bank , Sfax",000121J/P/M000,1,429,2026-04-21 19:46:08.753,,y
2428,"Attijari Bank , Sfax",000121J/P/M000,1,429,2026-04-21 19:46:08.753,,y
2429,"Attijari Bank , Groupe AL Jawhara",000121J/P/M000,1,430,2026-04-21 19:46:08.753,,y
2430,Attijari Bank,000121J/P/M000,1,401,2026-04-21 19:46:08.753,,y
2431,"Attijari Bank , Djerba Zarzis",000121J/P/M000,1,431,2026-04-21 19:46:08.753,,y
2432,"Attijari Bank , CA BELVEDERE",000121J/P/M000,1,225,2026-04-21 19:46:08.753,,y
2433,"Attijari Bank , CA MEGRINE",000121J/P/M000,1,432,2026-04-21 19:46:08.753,,y
2434,"Attijari Bank , centres d'affaires Régions Tunis",000121J/P/M000,1,401,2026-04-21 19:46:08.753,,y
2435,"Attijari Bank , centre d'affaires Régions Tunis",000121J/P/M000,1,433,2026-04-21 19:46:08.753,,y
2436,"Attijari Bank , Direction Régionale Tunis & Nord",000121J/P/M000,1,434,2026-04-21 19:46:08.753,,y
2437,"Attijari Bank , Groupe Hannibal",000121J/P/M000,1,434,2026-04-21 19:46:08.753,,y
2438,WIFAK INTERNATIONAL BANK,0798651L/P/M/000,1,404,2026-04-21 19:46:08.753,,y
2439,Lilas,492586 Z/A/M/000,1,410,2026-04-21 19:46:08.753,,y
2440,SBCD,849384V/A/M/000,1,435,2026-04-21 19:46:08.753,,y
2441,SBCD,849384V/A/M/000,1,435,2026-04-21 19:46:08.753,,y
2442,SBCD,849384V/A/M/000,1,435,2026-04-21 19:46:08.753,,y
2443,SBCD,849384V/A/M/000,1,435,2026-04-21 19:46:08.753,,y
2444,SBCD,849384V/A/M/000,1,435,2026-04-21 19:46:08.753,,y
2445,Tunis Call Center,0633781K/A/M/000,1,406,2026-04-21 19:46:08.753,,y
2446,Tunis Call Center,0633781K/A/M/000,1,406,2026-04-21 19:46:08.753,,y
2447,Tunis Call Center,0633781K/A/M/000,1,406,2026-04-21 19:46:08.753,,y
2448,T T E INTERNATIONAL,745311C/A/M/000,1,436,2026-04-21 19:46:08.753,,y
2449,Tunis Call Center,0633781K/A/M/000,1,406,2026-04-21 19:46:08.753,,y
2450,Tunis Call Center,0633781K/A/M/000,1,406,2026-04-21 19:46:08.753,,y
2451,Tunis Call Center,0633781K/A/M/000,1,406,2026-04-21 19:46:08.882,,y
2452,Tunis Call Center,0633781K/A/M/000,1,406,2026-04-21 19:46:08.882,,y
2453,Tunis Call Center,0633781K/A/M/000,1,406,2026-04-21 19:46:08.882,,y
2454,Tunis Call Center,0633781K/A/M/000,1,406,2026-04-21 19:46:08.882,,y
2455,Tunis Call Center,0633781K/A/M/000,1,406,2026-04-21 19:46:08.882,,y
2456,Tunis Call Center,0633781K/A/M/000,1,406,2026-04-21 19:46:08.882,,y
2457,Tunis Call Center,0633781K/A/M/000,1,406,2026-04-21 19:46:08.882,,y
2458,Tunis Call Center,0633781K/A/M/000,1,406,2026-04-21 19:46:08.882,,y
2459,Tunis Call Center,0633781K/A/M/000,1,406,2026-04-21 19:46:08.882,,y
2460,Tunis Call Center,0633781K/A/M/000,1,406,2026-04-21 19:46:08.882,,y
2461,Tunis Call Center,0633781K/A/M/000,1,406,2026-04-21 19:46:08.882,,y
2462,Tunis Call Center,0633781K/A/M/000,1,406,2026-04-21 19:46:08.882,,y
2463,Tunis Call Center,0633781K/A/M/000,1,406,2026-04-21 19:46:08.882,,y
2464,Tunis Call Center,0633781K/A/M/000,1,406,2026-04-21 19:46:08.882,,y
2465,Tunis Call Center,0633781K/A/M/000,1,406,2026-04-21 19:46:08.882,,y
2466,WIFAK INTERNATIONAL BANK,0798651L/P/M/000,1,404,2026-04-21 19:46:08.882,,y
2467,WIFAK INTERNATIONAL BANK,0798651L/P/M/000,1,404,2026-04-21 19:46:08.882,,y
2468,WIFAK INTERNATIONAL BANK,0798651L/P/M/000,1,404,2026-04-21 19:46:08.882,,y
2469,Attijari Bank,000121J/P/M000,1,401,2026-04-21 19:46:08.882,,y
2470,Attijari Bank,000121J/P/M000,1,401,2026-04-21 19:46:08.882,,y
2471,Attijari Bank,000121J/P/M000,1,401,2026-04-21 19:46:08.882,,y
2472,Attijari Leasing,496311P/A/M/000,1,402,2026-04-21 19:46:08.882,,y
2473,Bank ABC Tunis,0048074BNM00,1,411,2026-04-21 19:46:08.882,,y
2474,Bank ABC Tunis,0048074BNM00,1,411,2026-04-21 19:46:08.882,,y
2475,Bank ABC Tunis,0048074BNM00,1,411,2026-04-21 19:46:08.882,,y
2476,Bank ABC Tunis,0048074BNM00,1,411,2026-04-21 19:46:08.882,,y
2477,Bank ABC Tunis,0048074BNM00,1,411,2026-04-21 19:46:08.882,,y
2478,Everience,1144512 Z/A/M/000,1,73,2026-04-21 19:46:08.882,,y
2479,Focus Tunisie, 0831595 P/A/M/000,1,407,2026-04-21 19:46:08.883,,y
2480,Focus Tunisie,0831595 P/A/M/000,1,407,2026-04-21 19:46:08.883,,y
2481,Focus Tunisie,0831595 P/A/M/000,1,407,2026-04-21 19:46:08.883,,y
2482,Focus Tunisie,0831595 P/A/M/000,1,407,2026-04-21 19:46:08.883,,y
2483,IACE,552390/Y/P/N/000,1,437,2026-04-21 19:46:08.883,,y
2484,IACE,552390/Y/P/N/000,1,437,2026-04-21 19:46:08.883,,y
2485,IACE,552390/Y/P/N/000,1,437,2026-04-21 19:46:08.883,,y
2486,Lilas,492586 Z/A/M/000,1,410,2026-04-21 19:46:08.883,,y
2487,Lilas,492586 Z/A/M/000,1,410,2026-04-21 19:46:08.883,,y
2488,Lilas,492586 Z/A/M/000,1,410,2026-04-21 19:46:08.883,,y
2489,Lilas,492586 Z/A/M/000,1,410,2026-04-21 19:46:08.883,,y
2490,Lilas,492586 Z/A/M/000,1,410,2026-04-21 19:46:08.883,,y
2491,Lilas,492586 Z/A/M/000,1,410,2026-04-21 19:46:08.883,,y
2492,Lilas,492586 Z/A/M/000,1,410,2026-04-21 19:46:08.883,,y
2493,Lilas,492586 Z/A/M/000,1,410,2026-04-21 19:46:08.883,,y
2494,SIRYOS, 1803764 D/A/M/000,1,409,2026-04-21 19:46:08.883,,y
2495,SIRYOS, 1803764 D/A/M/000,1,409,2026-04-21 19:46:08.883,,y
2496,SIRYOS, 1803764 D/A/M/000,1,409,2026-04-21 19:46:08.883,,y
2497,SIRYOS, 1803764 D/A/M/000,1,409,2026-04-21 19:46:08.883,,y
2498,Tunis Call Center,0633781 K/A/M/000,1,406,2026-04-21 19:46:08.883,,y
2499,Tunis Call Center,0633781 K/A/M/000,1,406,2026-04-21 19:46:08.883,,y
2500,Tunis Call Center,0633781 K/A/M/000,1,406,2026-04-21 19:46:08.883,,y
2501,Tunis Call Center,0633781 K/A/M/000,1,406,2026-04-21 19:46:08.883,,y
2502,Tunis Call Center,0633781 K/A/M/000,1,406,2026-04-21 19:46:08.883,,y
2503,Tunis Call Center,0633781 K/A/M/000,1,406,2026-04-21 19:46:08.883,,y
2504,Tunis Call Center,0633781 K/A/M/000,1,406,2026-04-21 19:46:08.883,,y
2505,Attijari Bank,000121J/P/M000,1,401,2026-04-21 19:46:08.993,,y
2506,Attijari Bank,000121J/P/M000,1,401,2026-04-21 19:46:08.993,,y
2507,Attijari Bank,000121J/P/M000,1,401,2026-04-21 19:46:08.993,,y
2508,Attijari Bank,000121J/P/M000,1,401,2026-04-21 19:46:08.993,,y
2509,Attijari Bank,000121J/P/M000,1,401,2026-04-21 19:46:08.993,,y
2510,Attijari Bank,000121J/P/M000,1,401,2026-04-21 19:46:08.993,,y
2511,Attijari Leasing,496311P/A/M/000,1,402,2026-04-21 19:46:08.994,,y
2512,Bank ABC Tunis,0048074BNM00,1,411,2026-04-21 19:46:08.995,,y
2513,Bank ABC Tunis,0048074BNM00,1,411,2026-04-21 19:46:08.995,,y
2514,Bank ABC Tunis,0048074BNM00,1,411,2026-04-21 19:46:08.995,,y
2515,Bank ABC Tunis,0048074BNM00,1,411,2026-04-21 19:46:08.995,,y
2516,Bank ABC Tunis,0048074BNM00,1,411,2026-04-21 19:46:08.995,,y
2517,Bank ABC Tunis,0048074BNM00,1,411,2026-04-21 19:46:08.995,,y
2518,Bank ABC Tunis,0048074BNM00,1,411,2026-04-21 19:46:08.995,,y
2519,Bank ABC Tunis,0048074BNM00,1,411,2026-04-21 19:46:08.995,,y
2520,Bank ABC Tunis,0048074BNM00,1,411,2026-04-21 19:46:08.995,,y
2521,Digital Services Value,1618500D,1,441,2026-04-21 19:46:08.995,,y
2522,Digital Services Value,1618500D,1,441,2026-04-21 19:46:08.995,,y
2523,Digital Services Value,1618500D,1,441,2026-04-21 19:46:08.995,,y
2524,Digital Services Value,1618500D,1,441,2026-04-21 19:46:08.995,,y
2525,Everience,1144512Z,1,73,2026-04-21 19:46:08.995,,y
2526,Lilas,492586 Z/A/M/000,1,410,2026-04-21 19:46:08.995,,y
2527,N N FOOD,1641187/B/A/M000,1,442,2026-04-21 19:46:08.995,,y
2528,N N FOOD,1641187/B/A/M000,1,442,2026-04-21 19:46:08.996,,y
2530,SAMFI,1070417 T/A/M/000,1,403,2026-04-21 19:46:08.996,,y
2531,SAMFI,1070417 T/A/M/000,1,403,2026-04-21 19:46:08.996,,y
2532,SAMFI,1070417 T/A/M/000,1,403,2026-04-21 19:46:08.996,,y
2533,SAMFI,1070417 T/A/M/000,1,403,2026-04-21 19:46:08.996,,y
2534,SAMFI,1070417 T/A/M/000,1,403,2026-04-21 19:46:08.996,,y
2535,SAMFI,1070417 T/A/M/000,1,403,2026-04-21 19:46:08.996,,y
2536,SAMFI,1070417 T/A/M/000,1,403,2026-04-21 19:46:08.996,,y
2537,SAMFI,1070417 T/A/M/000,1,403,2026-04-21 19:46:08.996,,y
2538,SAMFI,1070417 T/A/M/000,1,403,2026-04-21 19:46:08.996,,y
2539,SAMFI,1070417 T/A/M/000,1,403,2026-04-21 19:46:08.996,,y
2540,SAMFI,1070417 T/A/M/000,1,403,2026-04-21 19:46:08.996,,y
2541,SAMFI,1070417 T/A/M/000,1,403,2026-04-21 19:46:08.996,,y
2542,SAMFI,1070417 T/A/M/000,1,403,2026-04-21 19:46:08.996,,y
2543,SAMFI,1070417 T/A/M/000,1,403,2026-04-21 19:46:08.996,,y
2544,SAMFI,1070417 T/A/M/000,1,403,2026-04-21 19:46:08.996,,y
2545,SAMFI,1070417 T/A/M/000,1,403,2026-04-21 19:46:08.996,,y
2546,SAMFI,1070417 T/A/M/000,1,403,2026-04-21 19:46:08.996,,y
2547,SAMFI,1070417 T/A/M/000,1,403,2026-04-21 19:46:08.996,,y
2548,SAMFI,1070417 T/A/M/000,1,403,2026-04-21 19:46:08.997,,y
2549,SAMFI,1070417 T/A/M/000,1,403,2026-04-21 19:46:08.997,,y
2550,SAMFI,1070417 T/A/M/000,1,403,2026-04-21 19:46:08.997,,y
2551,SAMFI,1070417 T/A/M/000,1,403,2026-04-21 19:46:08.997,,y
2552,SAMFI,1070417 T/A/M/000,1,403,2026-04-21 19:46:08.997,,y
2553,SAMFI,1070417 T/A/M/000,1,403,2026-04-21 19:46:08.997,,y
2555,SAMFI,1070417 T/A/M/000,1,403,2026-04-21 19:46:08.997,,y
2556,SAMFI,1070417 T/A/M/000,1,403,2026-04-21 19:46:08.997,,y
2557,SAMFI,1070417 T/A/M/000,1,403,2026-04-21 19:46:08.997,,y
2558,SAMFI,1070417 T/A/M/000,1,403,2026-04-21 19:46:08.997,,y
2559,SAMFI,1070417 T/A/M/000,1,403,2026-04-21 19:46:08.997,,y
2560,SAMFI,1070417 T/A/M/000,1,403,2026-04-21 19:46:08.997,,y
2561,SAMFI,1070417 T/A/M/000,1,403,2026-04-21 19:46:08.997,,y
2562,SAMFI,1070417 T/A/M/000,1,403,2026-04-21 19:46:08.997,,y
2563,SAMFI,1070417 T/A/M/000,1,403,2026-04-21 19:46:08.997,,y
2564,SAMFI,1070417 T/A/M/000,1,403,2026-04-21 19:46:08.997,,y
2565,SAMFI,1070417 T/A/M/000,1,403,2026-04-21 19:46:08.997,,y
2566,SAMFI,1070417 T/A/M/000,1,403,2026-04-21 19:46:08.997,,y
2567,SAMFI,1070417 T/A/M/000,1,403,2026-04-21 19:46:08.997,,y
2568,SAMFI,1070417 T/A/M/000,1,403,2026-04-21 19:46:08.997,,y
2569,SAMFI,1070417 T/A/M/000,1,403,2026-04-21 19:46:08.997,,y
2570,SAMFI,1070417 T/A/M/000,1,403,2026-04-21 19:46:08.997,,y
2571,SAMFI,1070417 T/A/M/000,1,403,2026-04-21 19:46:08.997,,y
2572,SAMFI,1070417 T/A/M/000,1,403,2026-04-21 19:46:08.998,,y
2573,SAMFI,1070417 T/A/M/000,1,403,2026-04-21 19:46:08.998,,y
2574,SAMFI,1070417 T/A/M/000,1,403,2026-04-21 19:46:08.998,,y
2575,SAMFI,1070417 T/A/M/000,1,403,2026-04-21 19:46:08.998,,y
2576,SAMFI,1070417 T/A/M/000,1,403,2026-04-21 19:46:08.998,,y
2577,SAMFI,1070417 T/A/M/000,1,403,2026-04-21 19:46:08.998,,y
2579,SAMFI,1070417 T/A/M/000,1,403,2026-04-21 19:46:08.998,,y
2580,SAMFI,1070417 T/A/M/000,1,403,2026-04-21 19:46:08.998,,y
2581,SAMFI,1070417 T/A/M/000,1,403,2026-04-21 19:46:08.998,,y
2582,SBCD,849384V/A/M/000,1,435,2026-04-21 19:46:08.998,,y
2583,SBCD,849384V/A/M/000,1,435,2026-04-21 19:46:08.998,,y
2584,SBCD,849384V/A/M/000,1,435,2026-04-21 19:46:08.998,,y
2585,SBCD,849384V/A/M/000,1,435,2026-04-21 19:46:08.998,,y
2586,SBCD,849384V/A/M/000,1,435,2026-04-21 19:46:08.998,,y
2587,SOTIC,46020C/A/M,1,408,2026-04-21 19:46:08.998,,y
2588,SOTIC,46020C/A/M,1,408,2026-04-21 19:46:08.998,,y
2589,SOTIC,46020C/A/M,1,408,2026-04-21 19:46:08.998,,y
2590,SOTIC,46020C/A/M,1,408,2026-04-21 19:46:08.998,,y
2591,SOTIC,46020C/A/M,1,408,2026-04-21 19:46:08.998,,y
2592,SOTIC,46020C/A/M,1,408,2026-04-21 19:46:08.998,,y
2593,SOTIC,46020C/A/M,1,408,2026-04-21 19:46:08.998,,y
2594,SOTIC,46020C/A/M,1,408,2026-04-21 19:46:08.998,,y
2595,SOTIC,46020C/A/M,1,408,2026-04-21 19:46:08.998,,y
2596,SOTIC,46020C/A/M,1,408,2026-04-21 19:46:08.999,,y
2597,SOTIC,46020C/A/M,1,408,2026-04-21 19:46:08.999,,y
2598,SOTIC,46020C/A/M,1,408,2026-04-21 19:46:08.999,,y
2600,SOTIC,46020C/A/M,1,408,2026-04-21 19:46:08.999,,y
2601,SOTIC,46020C/A/M,1,408,2026-04-21 19:46:08.999,,y
2602,SOTIC,46020C/A/M,1,408,2026-04-21 19:46:08.999,,y
2604,SOTIC,46020C/A/M,1,408,2026-04-21 19:46:08.999,,y
2605,SOTIC,46020C/A/M,1,408,2026-04-21 19:46:08.999,,y
2606,SOTIC,46020C/A/M,1,408,2026-04-21 19:46:08.999,,y
2607,SOTIC,46020C/A/M,1,408,2026-04-21 19:46:08.999,,y
2608,SOTIC,46020C/A/M,1,408,2026-04-21 19:46:08.999,,y
2609,T T E INTERNATIONAL,745311C/A/M/000,1,443,2026-04-21 19:46:08.999,,y
2610,T T E INTERNATIONAL,745311C/A/M/000,1,443,2026-04-21 19:46:08.999,,y
2611,Transider,0608330 Q/A/M/000,1,444,2026-04-21 19:46:08.999,,y
2612,Tunis Call Center,0633781K/A/M/000,1,406,2026-04-21 19:46:08.999,,y
2613,Tunis Call Center,0633781K/A/M/000,1,406,2026-04-21 19:46:08.999,,y
2614,Tunis Call Center,0633781K/A/M/000,1,406,2026-04-21 19:46:08.999,,y
2615,Tunis Call Center,0633781K/A/M/000,1,406,2026-04-21 19:46:08.999,,y
2616,Tunis Call Center,0633781K/A/M/000,1,406,2026-04-21 19:46:08.999,,y
2617,Tunis Call Center,0633781K/A/M/000,1,406,2026-04-21 19:46:08.999,,y
2618,Tunis Call Center,0633781K/A/M/000,1,406,2026-04-21 19:46:08.999,,y
2619,Tunis Call Center,0633781K/A/M/000,1,406,2026-04-21 19:46:08.999,,y
2620,WIFAK INTERNATIONAL BANK,0798651L/P/M/000,1,404,2026-04-21 19:46:08.999,,y
2621,WIFAK INTERNATIONAL BANK,0798651L/P/M/000,1,404,2026-04-21 19:46:09.000,,y
2622,WIFAK INTERNATIONAL BANK,0798651L/P/M/000,1,404,2026-04-21 19:46:09.000,,y
2623,WIFAK INTERNATIONAL BANK,0798651L/P/M/000,1,404,2026-04-21 19:46:09.000,,y
2624,WIFAK INTERNATIONAL BANK,0798651L/P/M/000,1,404,2026-04-21 19:46:09.000,,y
2625,SOCIETE RED MOON CONSULTING,1863357 J/A/M/000,1,412,2026-04-21 19:46:09.066,,y
2626,SOCIETE RED MOON CONSULTING,1863357 J/A/M/000.,1,412,2026-04-21 19:46:09.066,,y
2627,SOCIETE RED MOON CONSULTING,1863357 J/A/M/000,1,412,2026-04-21 19:46:09.066,,y
2628,WIFAK INTERNATIONAL BANK,0798651L/P/M/000,1,404,2026-04-21 19:46:09.214,,y
2629,WIFAK INTERNATIONAL BANK,0798651L/P/M/000,1,404,2026-04-21 19:46:09.214,,y
2630,WIFAK INTERNATIONAL BANK,0798651L/P/M/000,1,404,2026-04-21 19:46:09.214,,y
2631,WIFAK INTERNATIONAL BANK,0798651L/P/M/000,1,404,2026-04-21 19:46:09.214,,y
2632,WIFAK INTERNATIONAL BANK,0798651L/P/M/000,1,404,2026-04-21 19:46:09.214,,y
2633,Stram,Not_specified,1,440,2026-04-21 19:46:09.214,,y
2634,Attijari Bank,000121J/P/M000,1,401,2026-04-21 19:46:09.214,,y
2635,Attijari Leasing,496311P/A/M/000,1,402,2026-04-21 19:46:09.214,,y
2636,BH BANK,Not_specified,1,440,2026-04-21 19:46:09.214,,y
2637,SAMFI,Not_specified,1,440,2026-04-21 19:46:09.214,,y
2638,SAMFI,Not_specified,1,440,2026-04-21 19:46:09.214,,y
2639,SAMFI,Not_specified,1,440,2026-04-21 19:46:09.214,,y
2640,SAMFI,Not_specified,1,440,2026-04-21 19:46:09.214,,y
2641,SAMFI,Not_specified,1,440,2026-04-21 19:46:09.214,,y
2642,SAMFI,Not_specified,1,440,2026-04-21 19:46:09.214,,y
2643,SOFIA TECH,Not_specified,1,440,2026-04-21 19:46:09.214,,y
2644,Tunis Call Center,0633781K/A/M/000,1,406,2026-04-21 19:46:09.214,,y
2645,Attijari Bank,000121J/P/M000,1,401,2026-04-21 19:46:09.215,,y
2647,Attijari Bank,000121J/P/M000,1,401,2026-04-21 19:46:09.215,,y
2649,Bank ABC Tunis,0048074BNM00,1,411,2026-04-21 19:46:09.215,,y
2650,Bank ABC Tunis,0048074BNM00,1,411,2026-04-21 19:46:09.215,,y
2651,Bank ABC Tunis,0048074BNM00,1,411,2026-04-21 19:46:09.215,,y
2653,Everience,1144512 Z/A/M/000,1,197,2026-04-21 19:46:09.215,,y
2654,Lilas,492586 Z/A/M/000,1,410,2026-04-21 19:46:09.215,,y
2655,N N FOOD,Not_specified,1,440,2026-04-21 19:46:09.215,,y
2656,SAMFI,Not_specified,1,440,2026-04-21 19:46:09.215,,y
2657,SAMFI,Not_specified,1,440,2026-04-21 19:46:09.215,,y
2658,SAMFI,Not_specified,1,440,2026-04-21 19:46:09.215,,y
2659,SAMFI,Not_specified,1,440,2026-04-21 19:46:09.215,,y
2660,SAMFI,Not_specified,1,440,2026-04-21 19:46:09.215,,y
2661,SAMFI,Not_specified,1,440,2026-04-21 19:46:09.215,,y
2662,SAMFI,Not_specified,1,440,2026-04-21 19:46:09.215,,y
2663,SAMFI,Not_specified,1,440,2026-04-21 19:46:09.215,,y
2664,SAMFI,Not_specified,1,440,2026-04-21 19:46:09.215,,y
2665,SAMFI,Not_specified,1,440,2026-04-21 19:46:09.215,,y
2666,SAMFI,Not_specified,1,440,2026-04-21 19:46:09.215,,y
2667,SBCD,849384V/A/M/000,1,435,2026-04-21 19:46:09.215,,y
2668,SOTIC,Not_specified,1,440,2026-04-21 19:46:09.215,,y
2669,SOTIC,Not_specified,1,440,2026-04-21 19:46:09.215,,y
2670,SOTIC,Not_specified,1,440,2026-04-21 19:46:09.215,,y
2671,SOTIC,Not_specified,1,440,2026-04-21 19:46:09.215,,y
2672,SOTIC,Not_specified,1,440,2026-04-21 19:46:09.215,,y
2673,SOTIC,Not_specified,1,440,2026-04-21 19:46:09.215,,y
2674,SOTIC,Not_specified,1,440,2026-04-21 19:46:09.215,,y
2675,SOTIC,Not_specified,1,440,2026-04-21 19:46:09.215,,y
2676,SOTIC,Not_specified,1,440,2026-04-21 19:46:09.215,,y
2677,SOTIC,Not_specified,1,440,2026-04-21 19:46:09.215,,y
2678,SOTIC,Not_specified,1,440,2026-04-21 19:46:09.215,,y
2679,T T E INTERNATIONAL,745311C/A/M/000,1,436,2026-04-21 19:46:09.215,,y
2680,Transider,Not_specified,1,440,2026-04-21 19:46:09.215,,y
2681,Tunis Call Center,0633781K/A/M/000,1,406,2026-04-21 19:46:09.215,,y
2682,WIFAK INTERNATIONAL BANK,0798651L/P/M/000,1,404,2026-04-21 19:46:09.215,,y
2683,WIFAK INTERNATIONAL BANK,0798651L/P/M/000,1,404,2026-04-21 19:46:09.215,,y
2684,WIFAK INTERNATIONAL BANK,0798651L/P/M/000,1,404,2026-04-21 19:46:09.215,,y
2685,WIFAK INTERNATIONAL BANK,0798651L/P/M/000,1,404,2026-04-21 19:46:09.267,,y
2686,Stram,Not_specified,1,440,2026-04-21 19:46:09.267,,y
2687,Attijari Bank,000121J/P/M000,1,401,2026-04-21 19:46:09.267,,y
2688,Attijari Leasing,496311P/A/M/000,1,402,2026-04-21 19:46:09.267,,y
2689,BH BANK,Not_specified,1,440,2026-04-21 19:46:09.267,,y
2690,SAMFI,Not_specified,1,440,2026-04-21 19:46:09.267,,y
2691,SOFIA TECH,Not_specified,1,440,2026-04-21 19:46:09.267,,y
2692,Tunis Call Center,0633781K/A/M/000,1,406,2026-04-21 19:46:09.267,,y
2693,Bank ABC Tunis,0048074BNM00,1,411,2026-04-21 19:46:09.267,,y
2694,Digital Services Value,Not_specified,1,440,2026-04-21 19:46:09.267,,y
2695,Everience,1144512 Z/A/M/000,1,197,2026-04-21 19:46:09.267,,y
2696,Lilas,492586 Z/A/M/000,1,410,2026-04-21 19:46:09.267,,y
2697,N N FOOD,Not_specified,1,440,2026-04-21 19:46:09.267,,y
2698,SBCD,849384V/A/M/000,1,435,2026-04-21 19:46:09.267,,y
2699,SOTIC,Not_specified,1,440,2026-04-21 19:46:09.267,,y
2700,T T E INTERNATIONAL,745311C/A/M/000,1,436,2026-04-21 19:46:09.267,,y
2701,Transider,Not_specified,1,440,2026-04-21 19:46:09.267,,y
2702,haifa ZOU,haifa_ZOU,4,1,2026-04-21 19:46:09.390,,y
2703,Laameri MOU,Laameri_MOU,4,2,2026-04-21 19:46:09.390,,y
2704,Oumayma HKI,Oumayma_HKI,4,3,2026-04-21 19:46:09.390,,y
2705,Oumayma HKI,Oumayma_HKI,4,3,2026-04-21 19:46:09.390,,y
2706,Oumayma HKI,Oumayma_HKI,4,3,2026-04-21 19:46:09.390,,y
2707,Mohamed Mahdi LIO,Mohamed Mahdi_LIO,4,4,2026-04-21 19:46:09.390,,y
2708,Nacer MEJ,Nacer_MEJ,4,5,2026-04-21 19:46:09.390,,y
2709,Samia TAK,Samia_TAK,4,6,2026-04-21 19:46:09.390,,y
2710,Wafa MEK,Wafa_MEK,4,7,2026-04-21 19:46:09.390,,y
2711,Wafa MEK,Wafa_MEK,4,7,2026-04-21 19:46:09.390,,y
2712,Wafa MEK,Wafa_MEK,4,7,2026-04-21 19:46:09.390,,y
2713,Wafa MEK,Wafa_MEK,4,7,2026-04-21 19:46:09.390,,y
2714,Aymen ZOU,Aymen_ZOU,4,8,2026-04-21 19:46:09.390,,y
2715,Aymen ZOU,Aymen_ZOU,4,8,2026-04-21 19:46:09.390,,y
2716,Mouna JOU,Mouna_JOU,4,9,2026-04-21 19:46:09.390,,y
2717,Ines KSO,Ines_KSO,4,4,2026-04-21 19:46:09.390,,y
2718,Kaouther AMR,Kaouther_AMR,4,10,2026-04-21 19:46:09.390,,y
2719,Kaouther AMR,Kaouther_AMR,4,10,2026-04-21 19:46:09.390,,y
2720,Kacem ASM,Kacem_ASM,4,11,2026-04-21 19:46:09.390,,y
2721,Hela ZRI,Hela_ZRI,4,12,2026-04-21 19:46:09.390,,y
2722,yossra BEN,yossra_BEN,4,13,2026-04-21 19:46:09.390,,y
2723,yossra BEN,yossra_BEN,4,13,2026-04-21 19:46:09.390,,y
2724,Amal BEN,Amal_BEN,4,14,2026-04-21 19:46:09.390,,y
2725,Ahmed LEM,Ahmed_LEM,4,15,2026-04-21 19:46:09.390,,y
2726,ELABED YAS,ELABED_YAS,4,16,2026-04-21 19:46:09.390,,y
2727,Slim BEN,Slim_BEN,4,29,2026-04-21 19:46:09.390,,y
2728,Slim BEN,Slim_BEN,4,29,2026-04-21 19:46:09.390,,y
2729,Ali BEN,Ali_BEN,4,17,2026-04-21 19:46:09.390,,y
2730,Ali BEN,Ali_BEN,4,17,2026-04-21 19:46:09.391,,y
2731,MOHAMED ANOUAR GRA,MOHAMED ANOUAR_GRA,4,18,2026-04-21 19:46:09.391,,y
2732,Chouhanda RJA,Chouhanda_RJA,4,19,2026-04-21 19:46:09.391,,y
2733,Jihed BEN,Jihed_BEN,4,20,2026-04-21 19:46:09.391,,y
2734,Jihed BEN,Jihed_BEN,4,20,2026-04-21 19:46:09.391,,y
2735,Jihed BEN,Jihed_BEN,4,20,2026-04-21 19:46:09.391,,y
2736,Mariem MRA,Mariem_MRA,4,1,2026-04-21 19:46:09.391,,y
2737,sana ALO,sana_ALO,4,21,2026-04-21 19:46:09.391,,y
2738,Elyes BAB,Elyes_BAB,4,22,2026-04-21 19:46:09.391,,y
2739,Ridha RID,Ridha_RID,4,23,2026-04-21 19:46:09.391,,y
2740,Farouk LAB,Farouk_LAB,4,24,2026-04-21 19:46:09.391,,y
2741,Farouk LAB,Farouk_LAB,4,24,2026-04-21 19:46:09.391,,y
2742,Maroua CHA,Maroua_CHA,4,25,2026-04-21 19:46:09.391,,y
2743,Maroua CHA,Maroua_CHA,4,25,2026-04-21 19:46:09.391,,y
2744,kawther CHA,kawther_CHA,4,26,2026-04-21 19:46:09.391,,y
2745,kawther CHA,kawther_CHA,4,26,2026-04-21 19:46:09.391,,y
2746,kawther CHA,kawther_CHA,4,26,2026-04-21 19:46:09.391,,y
2747,kawther CHA,kawther_CHA,4,26,2026-04-21 19:46:09.391,,y
2748,Arij FAZ,Arij_FAZ,4,29,2026-04-21 19:46:09.391,,y
2749,Rim HOU,Rim_HOU,4,27,2026-04-21 19:46:09.391,,y
2750,Rim HOU,Rim_HOU,4,27,2026-04-21 19:46:09.391,,y
2751,Rim HOU,Rim_HOU,4,27,2026-04-21 19:46:09.391,,y
2752,Yessine BOU,Yessine_BOU,4,28,2026-04-21 19:46:09.391,,y
2753,mohamed aymen CHE,mohamed aymen_CHE,4,29,2026-04-21 19:46:09.391,,y
2754,mohamed aymen CHE,mohamed aymen_CHE,4,29,2026-04-21 19:46:09.391,,y
2755,mohamed aymen CHE,mohamed aymen_CHE,4,29,2026-04-21 19:46:09.391,,y
2756,chakiba BAR,chakiba_BAR,4,30,2026-04-21 19:46:09.391,,y
2757,Sfar EMN,Sfar_EMN,4,31,2026-04-21 19:46:09.391,,y
2758,Sfar EMN,Sfar_EMN,4,31,2026-04-21 19:46:09.391,,y
2759,Sfar EMN,Sfar_EMN,4,31,2026-04-21 19:46:09.391,,y
2760,Syrine CHA,Syrine_CHA,4,32,2026-04-21 19:46:09.391,,y
2761,Syrine CHA,Syrine_CHA,4,32,2026-04-21 19:46:09.391,,y
2762,Syrine CHA,Syrine_CHA,4,32,2026-04-21 19:46:09.391,,y
2763,Syrine CHA,Syrine_CHA,4,32,2026-04-21 19:46:09.391,,y
2764,Nour El Houda HAM,Nour El Houda_HAM,4,33,2026-04-21 19:46:09.391,,y
2765,BEN SAF,BEN_SAF,4,34,2026-04-21 19:46:09.391,,y
2766,Marwen BEN,Marwen_BEN,4,35,2026-04-21 19:46:09.391,,y
2767,Skander GHA,Skander_GHA,4,36,2026-04-21 19:46:09.391,,y
2768,Skander GHA,Skander_GHA,4,36,2026-04-21 19:46:09.391,,y
2769,Ahmed BEN,Ahmed_BEN,4,37,2026-04-21 19:46:09.391,,y
2770,Moez TEM,Moez_TEM,4,38,2026-04-21 19:46:09.391,,y
2771,Moez TEM,Moez_TEM,4,38,2026-04-21 19:46:09.391,,y
2772,ouerghemmi GHO,ouerghemmi_GHO,4,34,2026-04-21 19:46:09.391,,y
2773,manel CHI,manel_CHI,4,39,2026-04-21 19:46:09.391,,y
2774,nourchene CHI,nourchene_CHI,4,40,2026-04-21 19:46:09.391,,y
2775,nourchene CHI,nourchene_CHI,4,40,2026-04-21 19:46:09.391,,y
2776,Lina REB,Lina_REB,4,41,2026-04-21 19:46:09.391,,y
2777,Lina REB,Lina_REB,4,41,2026-04-21 19:46:09.391,,y
2778,Lina REB,Lina_REB,4,41,2026-04-21 19:46:09.391,,y
2779,Lina REB,Lina_REB,4,41,2026-04-21 19:46:09.391,,y
2780,Mohamed Amine ZAI,Mohamed Amine_ZAI,4,42,2026-04-21 19:46:09.391,,y
2781,Mohamed Amine ZAI,Mohamed Amine_ZAI,4,42,2026-04-21 19:46:09.391,,y
2782,hanen RJI,hanen_RJI,4,43,2026-04-21 19:46:09.391,,y
2783,hanen RJI,hanen_RJI,4,43,2026-04-21 19:46:09.391,,y
2784,hanen RJI,hanen_RJI,4,43,2026-04-21 19:46:09.391,,y
2785,INES MZO,INES_MZO,4,44,2026-04-21 19:46:09.391,,y
2786,Manel BEZ,Manel_BEZ,4,45,2026-04-21 19:46:09.391,,y
2787,Manel BEZ,Manel_BEZ,4,45,2026-04-21 19:46:09.391,,y
2788,Manel BEZ,Manel_BEZ,4,45,2026-04-21 19:46:09.391,,y
2789,GABTNI CHA,GABTNI_CHA,4,46,2026-04-21 19:46:09.391,,y
2790,GABTNI CHA,GABTNI_CHA,4,46,2026-04-21 19:46:09.391,,y
2791,Shayma MEC,Shayma_MEC,4,29,2026-04-21 19:46:09.391,,y
2792,Aymen HBI,Aymen_HBI,4,47,2026-04-21 19:46:09.391,,y
2793,oumayma MES,oumayma_MES,4,48,2026-04-21 19:46:09.391,,y
2794,oumayma MES,oumayma_MES,4,48,2026-04-21 19:46:09.391,,y
2795,oumayma MES,oumayma_MES,4,48,2026-04-21 19:46:09.391,,y
2796,wajdi ESS,wajdi_ESS,4,49,2026-04-21 19:46:09.391,,y
2797,wajdi ESS,wajdi_ESS,4,49,2026-04-21 19:46:09.391,,y
2798,mohamed AYA,mohamed_AYA,4,50,2026-04-21 19:46:09.391,,y
2799,ghada ABD,ghada_ABD,4,51,2026-04-21 19:46:09.391,,y
2800,Wifek DER,Wifek_DER,4,52,2026-04-21 19:46:09.391,,y
2801,Baccouche MOH,Baccouche_MOH,4,53,2026-04-21 19:46:09.391,,y
2802,mohamed MAG,mohamed_MAG,4,54,2026-04-21 19:46:09.391,,y
2803,Assala FRA,Assala_FRA,4,55,2026-04-21 19:46:09.391,,y
2804,Assala FRA,Assala_FRA,4,55,2026-04-21 19:46:09.391,,y
2805,Siwar SDI,Siwar_SDI,4,56,2026-04-21 19:46:09.391,,y
2806,Siwar SDI,Siwar_SDI,4,56,2026-04-21 19:46:09.391,,y
2807,Sirine BEN,Sirine_BEN,4,57,2026-04-21 19:46:09.391,,y
2808,Mohamed ARF,Mohamed_ARF,4,58,2026-04-21 19:46:09.391,,y
2809,Hakimi MOH,Hakimi_MOH,4,59,2026-04-21 19:46:09.391,,y
2810,NESRINE BEN,NESRINE_BEN,4,60,2026-04-21 19:46:09.391,,y
2811,Mohamed Khalil DHI,Mohamed Khalil_DHI,4,29,2026-04-21 19:46:09.391,,y
2812,Mohamed Khalil DHI,Mohamed Khalil_DHI,4,29,2026-04-21 19:46:09.391,,y
2813,Mohamed Khalil DHI,Mohamed Khalil_DHI,4,29,2026-04-21 19:46:09.391,,y
2814,FATMA ZIA,FATMA_ZIA,4,61,2026-04-21 19:46:09.391,,y
2815,FATMA ZIA,FATMA_ZIA,4,61,2026-04-21 19:46:09.391,,y
2816,Amorri MAR,Amorri_MAR,4,62,2026-04-21 19:46:09.391,,y
2817,Amine TRA,Amine_TRA,4,63,2026-04-21 19:46:09.391,,y
2818,Nizar ARF,Nizar_ARF,4,64,2026-04-21 19:46:09.391,,y
2819,emna GHO,emna_GHO,4,65,2026-04-21 19:46:09.391,,y
2820,emna GHO,emna_GHO,4,65,2026-04-21 19:46:09.391,,y
2821,Eya MKA,Eya_MKA,4,66,2026-04-21 19:46:09.391,,y
2822,Eya MKA,Eya_MKA,4,66,2026-04-21 19:46:09.391,,y
2823,Eya MKA,Eya_MKA,4,66,2026-04-21 19:46:09.391,,y
2824,Maryem LAM,Maryem_LAM,4,67,2026-04-21 19:46:09.392,,y
2825,Maryem LAM,Maryem_LAM,4,67,2026-04-21 19:46:09.392,,y
2826,Maryem LAM,Maryem_LAM,4,67,2026-04-21 19:46:09.392,,y
2827,Hechem BEN,Hechem_BEN,4,68,2026-04-21 19:46:09.392,,y
2828,Hechem BEN,Hechem_BEN,4,68,2026-04-21 19:46:09.392,,y
2829,achref BES,achref_BES,4,69,2026-04-21 19:46:09.392,,y
2830,Sofien JEL,Sofien_JEL,4,70,2026-04-21 19:46:09.392,,y
2831,Sofien JEL,Sofien_JEL,4,70,2026-04-21 19:46:09.392,,y
2832,Sofien JEL,Sofien_JEL,4,70,2026-04-21 19:46:09.392,,y
2833,Amira NAB,Amira_NAB,4,1,2026-04-21 19:46:09.392,,y
2834,Amira NAB,Amira_NAB,4,1,2026-04-21 19:46:09.392,,y
2835,Amira NAB,Amira_NAB,4,1,2026-04-21 19:46:09.392,,y
2836,Amira NAB,Amira_NAB,4,1,2026-04-21 19:46:09.392,,y
2837,ines AZZ,ines_AZZ,4,1,2026-04-21 19:46:09.392,,y
2838,slim DRI,slim_DRI,4,71,2026-04-21 19:46:09.392,,y
2839,slim DRI,slim_DRI,4,71,2026-04-21 19:46:09.392,,y
2840,slim DRI,slim_DRI,4,71,2026-04-21 19:46:09.392,,y
2841,dhib HAM,dhib_HAM,4,1,2026-04-21 19:46:09.392,,y
2842,dhib HAM,dhib_HAM,4,1,2026-04-21 19:46:09.392,,y
2843,dhib HAM,dhib_HAM,4,1,2026-04-21 19:46:09.392,,y
2844,hichem HLE,hichem_HLE,4,29,2026-04-21 19:46:09.392,,y
2845,hichem HLE,hichem_HLE,4,29,2026-04-21 19:46:09.392,,y
2846,Eya SAA,Eya_SAA,4,72,2026-04-21 19:46:09.392,,y
2847,Eya SAA,Eya_SAA,4,72,2026-04-21 19:46:09.392,,y
2848,Eya SAA,Eya_SAA,4,72,2026-04-21 19:46:09.392,,y
2849,CHAYMA ZAY,CHAYMA_ZAY,4,73,2026-04-21 19:46:09.392,,y
2850,CHAYMA ZAY,CHAYMA_ZAY,4,73,2026-04-21 19:46:09.392,,y
2851,CHAYMA ZAY,CHAYMA_ZAY,4,73,2026-04-21 19:46:09.392,,y
2852,imen AZA,imen_AZA,4,74,2026-04-21 19:46:09.392,,y
2853,rihab SAI,rihab_SAI,4,75,2026-04-21 19:46:09.392,,y
2854,rihab SAI,rihab_SAI,4,75,2026-04-21 19:46:09.392,,y
2855,NASSER GAM,NASSER_GAM,4,76,2026-04-21 19:46:09.392,,y
2856,NASSER GAM,NASSER_GAM,4,76,2026-04-21 19:46:09.392,,y
2857,Chedia CHA,Chedia_CHA,4,77,2026-04-21 19:46:09.392,,y
2858,Chedia CHA,Chedia_CHA,4,77,2026-04-21 19:46:09.392,,y
2859,Chedia CHA,Chedia_CHA,4,77,2026-04-21 19:46:09.392,,y
2860,Ahmed MEJ,Ahmed_MEJ,4,78,2026-04-21 19:46:09.392,,y
2861,Ahmed MEJ,Ahmed_MEJ,4,78,2026-04-21 19:46:09.392,,y
2862,marwen GAA,marwen_GAA,4,79,2026-04-21 19:46:09.392,,y
2863,Miloud ARW,Miloud_ARW,4,80,2026-04-21 19:46:09.392,,y
2864,Siwar CHE,Siwar_CHE,4,81,2026-04-21 19:46:09.392,,y
2865,Siwar CHE,Siwar_CHE,4,81,2026-04-21 19:46:09.392,,y
2866,Sawsen OUE,Sawsen_OUE,4,82,2026-04-21 19:46:09.392,,y
2867,Cyrine MHA,Cyrine_MHA,4,83,2026-04-21 19:46:09.392,,y
2868,Cyrine MHA,Cyrine_MHA,4,83,2026-04-21 19:46:09.392,,y
2869,Cyrine MHA,Cyrine_MHA,4,83,2026-04-21 19:46:09.392,,y
2870,Cyrine MHA,Cyrine_MHA,4,83,2026-04-21 19:46:09.392,,y
2871,Cyrine MHA,Cyrine_MHA,4,83,2026-04-21 19:46:09.392,,y
2872,aymen CHA,aymen_CHA,4,84,2026-04-21 19:46:09.392,,y
2873,sarah KHA,sarah_KHA,4,85,2026-04-21 19:46:09.392,,y
2874,Amel ZRI,Amel_ZRI,4,86,2026-04-21 19:46:09.392,,y
2875,jbeli SHA,jbeli_SHA,4,87,2026-04-21 19:46:09.392,,y
2876,jbeli SHA,jbeli_SHA,4,87,2026-04-21 19:46:09.392,,y
2877,jbeli SHA,jbeli_SHA,4,87,2026-04-21 19:46:09.392,,y
2878,jbeli SHA,jbeli_SHA,4,87,2026-04-21 19:46:09.392,,y
2879,Imene CHA,Imene_CHA,4,88,2026-04-21 19:46:09.392,,y
2880,Khaled BAL,Khaled_BAL,4,89,2026-04-21 19:46:09.392,,y
2881,Nour JLA,Nour_JLA,4,90,2026-04-21 19:46:09.392,,y
2882,Nour JLA,Nour_JLA,4,90,2026-04-21 19:46:09.392,,y
2883,Nour JLA,Nour_JLA,4,90,2026-04-21 19:46:09.392,,y
2884,Nour JLA,Nour_JLA,4,90,2026-04-21 19:46:09.392,,y
2885,اميمة حسي,اميمة_حسي,4,91,2026-04-21 19:46:09.392,,y
2886,EMNA BEN,EMNA_BEN,4,92,2026-04-21 19:46:09.392,,y
2887,EMNA BEN,EMNA_BEN,4,92,2026-04-21 19:46:09.392,,y
2888,Alia MEJ,Alia_MEJ,4,93,2026-04-21 19:46:09.392,,y
2889,Alia MEJ,Alia_MEJ,4,93,2026-04-21 19:46:09.392,,y
2890,Alia MEJ,Alia_MEJ,4,93,2026-04-21 19:46:09.392,,y
2891,Mariem MAR,Mariem_MAR,4,94,2026-04-21 19:46:09.393,,y
2892,Mariem MAR,Mariem_MAR,4,94,2026-04-21 19:46:09.393,,y
2893,amira BEN,amira_BEN,4,95,2026-04-21 19:46:09.393,,y
2894,amira BEN,amira_BEN,4,95,2026-04-21 19:46:09.393,,y
2895,Dorra TAA,Dorra_TAA,4,29,2026-04-21 19:46:09.393,,y
2896,Khawla REB,Khawla_REB,4,96,2026-04-21 19:46:09.393,,y
2897,Khawla REB,Khawla_REB,4,96,2026-04-21 19:46:09.393,,y
2898,Khawla REB,Khawla_REB,4,96,2026-04-21 19:46:09.393,,y
2899,Khawla REB,Khawla_REB,4,96,2026-04-21 19:46:09.393,,y
2900,Mohiedine ZRI,Mohiedine_ZRI,4,97,2026-04-21 19:46:09.393,,y
2901,sinda ARF,sinda_ARF,4,98,2026-04-21 19:46:09.393,,y
2902,sinda ARF,sinda_ARF,4,98,2026-04-21 19:46:09.393,,y
2903,nesrine CHE,nesrine_CHE,4,44,2026-04-21 19:46:09.393,,y
2904,nesrine CHE,nesrine_CHE,4,44,2026-04-21 19:46:09.393,,y
2905,nesrine CHE,nesrine_CHE,4,44,2026-04-21 19:46:09.393,,y
2906,jamel KAS,jamel_KAS,4,99,2026-04-21 19:46:09.393,,y
2907,Rihab RIA,Rihab_RIA,4,100,2026-04-21 19:46:09.393,,y
2908,Rihab RIA,Rihab_RIA,4,100,2026-04-21 19:46:09.393,,y
2909,senda NEF,senda_NEF,4,101,2026-04-21 19:46:09.393,,y
2910,senda NEF,senda_NEF,4,101,2026-04-21 19:46:09.393,,y
2911,senda NEF,senda_NEF,4,101,2026-04-21 19:46:09.393,,y
2912,senda NEF,senda_NEF,4,101,2026-04-21 19:46:09.393,,y
2913,Rihab RIA,Rihab_RIA,4,100,2026-04-21 19:46:09.393,,y
2914,Rima SNO,Rima_SNO,4,102,2026-04-21 19:46:09.393,,y
2915,Rima SNO,Rima_SNO,4,102,2026-04-21 19:46:09.393,,y
2916,Rima SNO,Rima_SNO,4,102,2026-04-21 19:46:09.393,,y
2917,khaoula TRA,khaoula_TRA,4,73,2026-04-21 19:46:09.393,,y
2918,khaoula TRA,khaoula_TRA,4,73,2026-04-21 19:46:09.393,,y
2919,zied JOU,zied_JOU,4,103,2026-04-21 19:46:09.393,,y
2920,Barouni NIS,Barouni_NIS,4,104,2026-04-21 19:46:09.393,,y
2921,Houssem Eddine CHE,Houssem Eddine_CHE,4,105,2026-04-21 19:46:09.393,,y
2922,Houssem Eddine CHE,Houssem Eddine_CHE,4,105,2026-04-21 19:46:09.393,,y
2923,wajdi RIA,wajdi_RIA,4,106,2026-04-21 19:46:09.393,,y
2924,wajdi RIA,wajdi_RIA,4,106,2026-04-21 19:46:09.393,,y
2925,wajdi RIA,wajdi_RIA,4,106,2026-04-21 19:46:09.393,,y
2926,wajdi RIA,wajdi_RIA,4,106,2026-04-21 19:46:09.393,,y
2927,wajdi RIA,wajdi_RIA,4,106,2026-04-21 19:46:09.393,,y
2928,Tayssir ATO,Tayssir_ATO,4,107,2026-04-21 19:46:09.393,,y
2929,Dhouha CHE,Dhouha_CHE,4,29,2026-04-21 19:46:09.393,,y
2930,Dhouha CHE,Dhouha_CHE,4,29,2026-04-21 19:46:09.393,,y
2931,Amri NOU,Amri_NOU,4,108,2026-04-21 19:46:09.393,,y
2932,Amri NOU,Amri_NOU,4,108,2026-04-21 19:46:09.393,,y
2933,Amri NOU,Amri_NOU,4,108,2026-04-21 19:46:09.393,,y
2934,Malek BEN,Malek_BEN,4,109,2026-04-21 19:46:09.393,,y
2935,Malek BEN,Malek_BEN,4,109,2026-04-21 19:46:09.393,,y
2936,Malek BEN,Malek_BEN,4,109,2026-04-21 19:46:09.393,,y
2937,Jaoueher BEN,Jaoueher_BEN,4,110,2026-04-21 19:46:09.393,,y
2938,Nesrine ZOU,Nesrine_ZOU,4,111,2026-04-21 19:46:09.393,,y
2939,Nesrine ZOU,Nesrine_ZOU,4,111,2026-04-21 19:46:09.393,,y
2940,anis BEN,anis_BEN,4,112,2026-04-21 19:46:09.393,,y
2941,anis BEN,anis_BEN,4,112,2026-04-21 19:46:09.393,,y
2942,wejden BRA,wejden_BRA,4,113,2026-04-21 19:46:09.393,,y
2943,Lenka EGG,Lenka_EGG,4,114,2026-04-21 19:46:09.393,,y
2944,Lenka EGG,Lenka_EGG,4,114,2026-04-21 19:46:09.393,,y
2945,Lenka EGG,Lenka_EGG,4,114,2026-04-21 19:46:09.393,,y
2946,Imen BOU,Imen_BOU,4,115,2026-04-21 19:46:09.393,,y
2947,Sameh BEN,Sameh_BEN,4,116,2026-04-21 19:46:09.393,,y
2948,Jouda MEJ,Jouda_MEJ,4,117,2026-04-21 19:46:09.393,,y
2949,Ben Khaled MOH,Ben Khaled_MOH,4,35,2026-04-21 19:46:09.393,,y
2950,Ben Khaled MOH,Ben Khaled_MOH,4,35,2026-04-21 19:46:09.393,,y
2951,Ben Khaled MOH,Ben Khaled_MOH,4,35,2026-04-21 19:46:09.393,,y
2952,Takoua OUH,Takoua_OUH,4,118,2026-04-21 19:46:09.393,,y
2953,Hajer ZOU,Hajer_ZOU,4,29,2026-04-21 19:46:09.393,,y
2954,touati WAE,touati_WAE,4,119,2026-04-21 19:46:09.393,,y
2955,Azza ATT,Azza_ATT,4,120,2026-04-21 19:46:09.393,,y
2956,Sirine BEL,Sirine_BEL,4,121,2026-04-21 19:46:09.393,,y
2957,Sirine BEL,Sirine_BEL,4,121,2026-04-21 19:46:09.393,,y
2958,Wiem HAD,Wiem_HAD,4,122,2026-04-21 19:46:09.393,,y
2959,Wiem HAD,Wiem_HAD,4,122,2026-04-21 19:46:09.393,,y
2960,INES SID,INES_SID,4,123,2026-04-21 19:46:09.394,,y
2961,INES SID,INES_SID,4,123,2026-04-21 19:46:09.394,,y
2962,samar REZ,samar_REZ,4,124,2026-04-21 19:46:09.394,,y
2963,samar REZ,samar_REZ,4,124,2026-04-21 19:46:09.394,,y
2964,Emna KOU,Emna_KOU,4,125,2026-04-21 19:46:09.394,,y
2965,Eslem BEN,Eslem_BEN,4,126,2026-04-21 19:46:09.394,,y
2966,Eslem BEN,Eslem_BEN,4,126,2026-04-21 19:46:09.394,,y
2967,Eslem BEN,Eslem_BEN,4,126,2026-04-21 19:46:09.394,,y
2968,maryem ABI,maryem_ABI,4,127,2026-04-21 19:46:09.394,,y
2969,maryem ABI,maryem_ABI,4,127,2026-04-21 19:46:09.394,,y
2970,maryem ABI,maryem_ABI,4,127,2026-04-21 19:46:09.394,,y
2971,maryem ABI,maryem_ABI,4,127,2026-04-21 19:46:09.394,,y
2972,Anton GOZ,Anton_GOZ,4,128,2026-04-21 19:46:09.394,,y
2973,Wided BOU,Wided_BOU,4,129,2026-04-21 19:46:09.394,,y
2974,Abdelmajid ELE,Abdelmajid_ELE,4,130,2026-04-21 19:46:09.394,,y
2975,Rawaa KHO,Rawaa_KHO,4,131,2026-04-21 19:46:09.394,,y
2976,jihen MAN,jihen_MAN,4,1,2026-04-21 19:46:09.394,,y
2977,jihen MAN,jihen_MAN,4,1,2026-04-21 19:46:09.394,,y
2978,jihen MAN,jihen_MAN,4,1,2026-04-21 19:46:09.394,,y
2979,Farah BOU,Farah_BOU,4,132,2026-04-21 19:46:09.394,,y
2980,feriel AYA,feriel_AYA,4,132,2026-04-21 19:46:09.394,,y
2981,Molka BAH,Molka_BAH,4,133,2026-04-21 19:46:09.394,,y
2982,Molka BAH,Molka_BAH,4,133,2026-04-21 19:46:09.394,,y
2983,Molka BAH,Molka_BAH,4,133,2026-04-21 19:46:09.394,,y
2984,manel AFI,manel_AFI,4,134,2026-04-21 19:46:09.394,,y
2985,zeineb JAO,zeineb_JAO,4,135,2026-04-21 19:46:09.394,,y
2986,belghoula TAR,belghoula_TAR,4,136,2026-04-21 19:46:09.394,,y
2987,Radouan JMI,Radouan_JMI,4,137,2026-04-21 19:46:09.394,,y
2988,Radouan JMI,Radouan_JMI,4,137,2026-04-21 19:46:09.394,,y
2989,rihab AYA,rihab_AYA,4,138,2026-04-21 19:46:09.394,,y
2990,rihab AYA,rihab_AYA,4,138,2026-04-21 19:46:09.394,,y
2991,Riahi AMI,Riahi_AMI,4,139,2026-04-21 19:46:09.394,,y
2992,Riahi AMI,Riahi_AMI,4,139,2026-04-21 19:46:09.394,,y
2993,Med Amine ZGH,Med Amine_ZGH,4,140,2026-04-21 19:46:09.394,,y
2994,YASSINE KHO,YASSINE_KHO,4,141,2026-04-21 19:46:09.394,,y
2995,sameh BOU,sameh_BOU,4,142,2026-04-21 19:46:09.394,,y
2996,ons HAM,ons_HAM,4,143,2026-04-21 19:46:09.394,,y
2997,Azza ATT,Azza_ATT,4,120,2026-04-21 19:46:09.394,,y
2998,arwa HAM,arwa_HAM,4,144,2026-04-21 19:46:09.394,,y
2999,arwa HAM,arwa_HAM,4,144,2026-04-21 19:46:09.394,,y
3000,NAFFETI DOR,NAFFETI_DOR,4,145,2026-04-21 19:46:09.394,,y
3001,NAFFETI DOR,NAFFETI_DOR,4,145,2026-04-21 19:46:09.394,,y
3002,Hatem BEN,Hatem_BEN,4,146,2026-04-21 19:46:09.394,,y
3003,Faten NSA,Faten_NSA,4,147,2026-04-21 19:46:09.394,,y
3004,SAWSSEN KSO,SAWSSEN_KSO,4,148,2026-04-21 19:46:09.394,,y
3005,Amira TAA,Amira_TAA,4,149,2026-04-21 19:46:09.394,,y
3006,Amira TAA,Amira_TAA,4,149,2026-04-21 19:46:09.394,,y
3007,ايمان علي,ايمان_علي,4,150,2026-04-21 19:46:09.395,,y
3008,ايمان علي,ايمان_علي,4,150,2026-04-21 19:46:09.395,,y
3009,ايمان علي,ايمان_علي,4,150,2026-04-21 19:46:09.395,,y
3010,Najla HAK,Najla_HAK,4,94,2026-04-21 19:46:09.395,,y
3011,Najla HAK,Najla_HAK,4,94,2026-04-21 19:46:09.395,,y
3012,HALIMA BEN,HALIMA_BEN,4,151,2026-04-21 19:46:09.395,,y
3013,HALIMA BEN,HALIMA_BEN,4,151,2026-04-21 19:46:09.395,,y
3014,rawia TOU,rawia_TOU,4,152,2026-04-21 19:46:09.395,,y
3015,rawia TOU,rawia_TOU,4,152,2026-04-21 19:46:09.395,,y
3016,rawia TOU,rawia_TOU,4,152,2026-04-21 19:46:09.395,,y
3017,Hajri ACH,Hajri_ACH,4,153,2026-04-21 19:46:09.395,,y
3018,Hajri ACH,Hajri_ACH,4,153,2026-04-21 19:46:09.395,,y
3019,Hiba BEN,Hiba_BEN,4,154,2026-04-21 19:46:09.395,,y
3020,Hiba BEN,Hiba_BEN,4,154,2026-04-21 19:46:09.395,,y
3021,Mohamed Mehdi BEN,Mohamed Mehdi_BEN,4,155,2026-04-21 19:46:09.395,,y
3022,mariem MAT,mariem_MAT,4,156,2026-04-21 19:46:09.395,,y
3023,mariem MAT,mariem_MAT,4,156,2026-04-21 19:46:09.395,,y
3024,sara CHI,sara_CHI,4,157,2026-04-21 19:46:09.395,,y
3025,sara CHI,sara_CHI,4,157,2026-04-21 19:46:09.395,,y
3026,sara CHI,sara_CHI,4,157,2026-04-21 19:46:09.395,,y
3027,Farah HAF,Farah_HAF,4,158,2026-04-21 19:46:09.395,,y
3028,Farah HAF,Farah_HAF,4,158,2026-04-21 19:46:09.395,,y
3029,Emna KOU,Emna_KOU,4,132,2026-04-21 19:46:09.395,,y
3030,aida KAR,aida_KAR,4,159,2026-04-21 19:46:09.395,,y
3031,Noussaiba BOU,Noussaiba_BOU,4,160,2026-04-21 19:46:09.395,,y
3032,Noussaiba BOU,Noussaiba_BOU,4,160,2026-04-21 19:46:09.395,,y
3033,amal BOU,amal_BOU,4,161,2026-04-21 19:46:09.395,,y
3034,Alia MAH,Alia_MAH,4,162,2026-04-21 19:46:09.395,,y
3035,oumaima MAS,oumaima_MAS,4,29,2026-04-21 19:46:09.396,,y
3036,Mohamed Amine CHE,Mohamed Amine_CHE,4,163,2026-04-21 19:46:09.396,,y
3037,Elhem BEN,Elhem_BEN,4,164,2026-04-21 19:46:09.396,,y
3038,sarra AIT,sarra_AIT,4,132,2026-04-21 19:46:09.396,,y
3039,sarra AIT,sarra_AIT,4,132,2026-04-21 19:46:09.396,,y
3040,sarra AIT,sarra_AIT,4,132,2026-04-21 19:46:09.396,,y
3041,hajer MOK,hajer_MOK,4,165,2026-04-21 19:46:09.396,,y
3042,hajer MOK,hajer_MOK,4,165,2026-04-21 19:46:09.396,,y
3043,hajer MOK,hajer_MOK,4,165,2026-04-21 19:46:09.396,,y
3044,sherifa BEL,sherifa_BEL,4,166,2026-04-21 19:46:09.396,,y
3045,sherifa BEL,sherifa_BEL,4,166,2026-04-21 19:46:09.396,,y
3046,Imen KHA,Imen_KHA,4,167,2026-04-21 19:46:09.396,,y
3047,Imen KHA,Imen_KHA,4,167,2026-04-21 19:46:09.396,,y
3048,Imen KHA,Imen_KHA,4,167,2026-04-21 19:46:09.396,,y
3049,BEN HAMDA MAH,BEN HAMDA_MAH,4,168,2026-04-21 19:46:09.396,,y
3050,BEN HAMDA MAH,BEN HAMDA_MAH,4,168,2026-04-21 19:46:09.396,,y
3051,Zeineb ATT,Zeineb_ATT,4,169,2026-04-21 19:46:09.396,,y
3052,Zeineb ATT,Zeineb_ATT,4,169,2026-04-21 19:46:09.396,,y
3053,Zeineb ATT,Zeineb_ATT,4,169,2026-04-21 19:46:09.396,,y
3054,Jihene chaima FEZ,Jihene chaima_FEZ,4,170,2026-04-21 19:46:09.396,,y
3055,Anissa BOU,Anissa_BOU,4,29,2026-04-21 19:46:09.396,,y
3056,Tarek FRI,Tarek_FRI,4,171,2026-04-21 19:46:09.396,,y
3057,Wiem DRI,Wiem_DRI,4,172,2026-04-21 19:46:09.396,,y
3058,Wiem DRI,Wiem_DRI,4,172,2026-04-21 19:46:09.396,,y
3059,Samar ZIO,Samar_ZIO,4,173,2026-04-21 19:46:09.396,,y
3060,Samar ZIO,Samar_ZIO,4,173,2026-04-21 19:46:09.396,,y
3061,Amani GHA,Amani_GHA,4,174,2026-04-21 19:46:09.396,,y
3062,Amani GHA,Amani_GHA,4,174,2026-04-21 19:46:09.396,,y
3063,Chaima BÉJ,Chaima_BÉJ,4,175,2026-04-21 19:46:09.396,,y
3064,Chaima BÉJ,Chaima_BÉJ,4,175,2026-04-21 19:46:09.396,,y
3065,Faten MAA,Faten_MAA,4,176,2026-04-21 19:46:09.396,,y
3066,Nawel BAR,Nawel_BAR,4,177,2026-04-21 19:46:09.396,,y
3067,Nawel BAR,Nawel_BAR,4,177,2026-04-21 19:46:09.396,,y
3068,Safa MEL,Safa_MEL,4,178,2026-04-21 19:46:09.396,,y
3069,Safa MEL,Safa_MEL,4,178,2026-04-21 19:46:09.396,,y
3070,sabrine NAG,sabrine_NAG,4,179,2026-04-21 19:46:09.396,,y
3071,sabrine NAG,sabrine_NAG,4,179,2026-04-21 19:46:09.396,,y
3072,Ramzi LAY,Ramzi_LAY,4,180,2026-04-21 19:46:09.396,,y
3073,Ramzi LAY,Ramzi_LAY,4,180,2026-04-21 19:46:09.396,,y
3074,Seima LEM,Seima_LEM,4,181,2026-04-21 19:46:09.396,,y
3075,Nedra ABD,Nedra_ABD,4,182,2026-04-21 19:46:09.396,,y
3076,Nedra ABD,Nedra_ABD,4,182,2026-04-21 19:46:09.396,,y
3077,behe eddine EL,behe eddine_EL,4,183,2026-04-21 19:46:09.396,,y
3078,Nourhene DEL,Nourhene_DEL,4,184,2026-04-21 19:46:09.396,,y
3079,Gliguem MOH,Gliguem_MOH,4,94,2026-04-21 19:46:09.396,,y
3080,Hela ZRI,Hela_ZRI,4,185,2026-04-21 19:46:09.396,,y
3081,roua BEN,roua_BEN,4,186,2026-04-21 19:46:09.396,,y
3082,Laroussi TOR,Laroussi_TOR,4,187,2026-04-21 19:46:09.396,,y
3083,Wafa BRA,Wafa_BRA,4,188,2026-04-21 19:46:09.396,,y
3084,Wafa BRA,Wafa_BRA,4,188,2026-04-21 19:46:09.396,,y
3085,Wafa BRA,Wafa_BRA,4,188,2026-04-21 19:46:09.397,,y
3086,Karim BEN,Karim_BEN,4,189,2026-04-21 19:46:09.397,,y
3087,Montassar KAL,Montassar_KAL,4,4,2026-04-21 19:46:09.397,,y
3088,Montassar KAL,Montassar_KAL,4,4,2026-04-21 19:46:09.397,,y
3089,Sonia HAS,Sonia_HAS,4,190,2026-04-21 19:46:09.397,,y
3090,Meryem BEN,Meryem_BEN,4,191,2026-04-21 19:46:09.397,,y
3091,Meryem BEN,Meryem_BEN,4,191,2026-04-21 19:46:09.397,,y
3092,chaima LAM,chaima_LAM,4,192,2026-04-21 19:46:09.397,,y
3093,chaima LAM,chaima_LAM,4,192,2026-04-21 19:46:09.397,,y
3094,chaima LAM,chaima_LAM,4,192,2026-04-21 19:46:09.397,,y
3095,chaima LAM,chaima_LAM,4,192,2026-04-21 19:46:09.397,,y
3096,chaima LAM,chaima_LAM,4,192,2026-04-21 19:46:09.397,,y
3097,chaima LAM,chaima_LAM,4,192,2026-04-21 19:46:09.397,,y
3098,Haythem FEL,Haythem_FEL,4,193,2026-04-21 19:46:09.397,,y
3099,dhekra KAD,dhekra_KAD,4,194,2026-04-21 19:46:09.397,,y
3100,dhekra KAD,dhekra_KAD,4,194,2026-04-21 19:46:09.397,,y
3101,dhekra KAD,dhekra_KAD,4,194,2026-04-21 19:46:09.397,,y
3102,molka TOU,molka_TOU,4,195,2026-04-21 19:46:09.397,,y
3103,molka TOU,molka_TOU,4,195,2026-04-21 19:46:09.397,,y
3104,afef DER,afef_DER,4,196,2026-04-21 19:46:09.397,,y
3105,Amira JBE,Amira_JBE,4,197,2026-04-21 19:46:09.397,,y
3106,Amira JBE,Amira_JBE,4,197,2026-04-21 19:46:09.397,,y
3107,imen ABI,imen_ABI,4,198,2026-04-21 19:46:09.397,,y
3108,imen ABI,imen_ABI,4,198,2026-04-21 19:46:09.397,,y
3109,fedia KRA,fedia_KRA,4,199,2026-04-21 19:46:09.397,,y
3110,fedia KRA,fedia_KRA,4,199,2026-04-21 19:46:09.397,,y
3111,Yassine BEN,Yassine_BEN,4,200,2026-04-21 19:46:09.397,,y
3112,amani MIS,amani_MIS,4,201,2026-04-21 19:46:09.397,,y
3113,amani MIS,amani_MIS,4,201,2026-04-21 19:46:09.397,,y
3114,amani MIS,amani_MIS,4,201,2026-04-21 19:46:09.397,,y
3115,amani MIS,amani_MIS,4,201,2026-04-21 19:46:09.397,,y
3116,Marwa SGH,Marwa_SGH,4,202,2026-04-21 19:46:09.397,,y
3117,Marwa SGH,Marwa_SGH,4,202,2026-04-21 19:46:09.397,,y
3118,BARHOUMI MIR,BARHOUMI_MIR,4,203,2026-04-21 19:46:09.397,,y
3119,BARHOUMI MIR,BARHOUMI_MIR,4,203,2026-04-21 19:46:09.397,,y
3120,BARHOUMI MIR,BARHOUMI_MIR,4,203,2026-04-21 19:46:09.397,,y
3121,Linda BEN,Linda_BEN,4,204,2026-04-21 19:46:09.397,,y
3122,Linda BEN,Linda_BEN,4,204,2026-04-21 19:46:09.397,,y
3123,Linda BEN,Linda_BEN,4,204,2026-04-21 19:46:09.397,,y
3124,INES MZO,INES_MZO,4,44,2026-04-21 19:46:09.397,,y
3125,INES MZO,INES_MZO,4,44,2026-04-21 19:46:09.397,,y
3126,raoua BEJ,raoua_BEJ,4,73,2026-04-21 19:46:09.397,,y
3127,Raja AOU,Raja_AOU,4,205,2026-04-21 19:46:09.397,,y
3128,Mohamed Oussama BEL,Mohamed Oussama_BEL,4,73,2026-04-21 19:46:09.397,,y
3129,amal BOU,amal_BOU,4,161,2026-04-21 19:46:09.397,,y
3130,amal BOU,amal_BOU,4,161,2026-04-21 19:46:09.397,,y
3131,wissem WIS,wissem_WIS,4,206,2026-04-21 19:46:09.397,,y
3132,Nada BOU,Nada_BOU,4,207,2026-04-21 19:46:09.397,,y
3133,Nada BOU,Nada_BOU,4,207,2026-04-21 19:46:09.397,,y
3134,Nada BOU,Nada_BOU,4,207,2026-04-21 19:46:09.397,,y
3135,Nada BOU,Nada_BOU,4,207,2026-04-21 19:46:09.397,,y
3136,dalenda BEL,dalenda_BEL,4,208,2026-04-21 19:46:09.397,,y
3137,ameni WER,ameni_WER,4,209,2026-04-21 19:46:09.397,,y
3138,ameni WER,ameni_WER,4,209,2026-04-21 19:46:09.397,,y
3139,ameni WER,ameni_WER,4,209,2026-04-21 19:46:09.397,,y
3140,ameni WER,ameni_WER,4,209,2026-04-21 19:46:09.397,,y
3141,sinda RAB,sinda_RAB,4,210,2026-04-21 19:46:09.397,,y
3142,sinda RAB,sinda_RAB,4,210,2026-04-21 19:46:09.397,,y
3143,sinda RAB,sinda_RAB,4,210,2026-04-21 19:46:09.397,,y
3144,mohamed slim GHA,mohamed slim_GHA,4,211,2026-04-21 19:46:09.398,,y
3145,Asma ZOG,Asma_ZOG,4,212,2026-04-21 19:46:09.398,,y
3146,Houda BEN,Houda_BEN,4,213,2026-04-21 19:46:09.398,,y
3147,Raja KAM,Raja_KAM,4,214,2026-04-21 19:46:09.398,,y
3148,Raja KAM,Raja_KAM,4,214,2026-04-21 19:46:09.398,,y
3149,Hafedh AZA,Hafedh_AZA,4,215,2026-04-21 19:46:09.398,,y
3150,Rania NSI,Rania_NSI,4,216,2026-04-21 19:46:09.398,,y
3151,Hadil SAI,Hadil_SAI,4,217,2026-04-21 19:46:09.398,,y
3152,Amel MOU,Amel_MOU,4,218,2026-04-21 19:46:09.398,,y
3153,Ichrak BEN,Ichrak_BEN,4,219,2026-04-21 19:46:09.398,,y
3154,Khawla (خولة) FRI,Khawla (خولة)_FRI,4,220,2026-04-21 19:46:09.398,,y
3155,Houda MOU,Houda_MOU,4,221,2026-04-21 19:46:09.398,,y
3156,Houda MOU,Houda_MOU,4,221,2026-04-21 19:46:09.398,,y
3157,Houda MOU,Houda_MOU,4,221,2026-04-21 19:46:09.398,,y
3158,Mohamed Nacef LAK,Mohamed Nacef_LAK,4,222,2026-04-21 19:46:09.398,,y
3159,Rimeh HAM,Rimeh_HAM,4,223,2026-04-21 19:46:09.398,,y
3160,Mohamed morcel MAN,Mohamed morcel_MAN,4,224,2026-04-21 19:46:09.398,,y
3161,Mohamed morcel MAN,Mohamed morcel_MAN,4,224,2026-04-21 19:46:09.398,,y
3162,Iheb GUI,Iheb_GUI,4,225,2026-04-21 19:46:09.398,,y
3163,Iheb GUI,Iheb_GUI,4,225,2026-04-21 19:46:09.398,,y
3164,salim TRA,salim_TRA,4,226,2026-04-21 19:46:09.398,,y
3165,salim TRA,salim_TRA,4,226,2026-04-21 19:46:09.398,,y
3166,ghanem RAY,ghanem_RAY,4,227,2026-04-21 19:46:09.398,,y
3167,Yasmine YAS,Yasmine_YAS,4,228,2026-04-21 19:46:09.398,,y
3168,Nawress FER,Nawress_FER,4,229,2026-04-21 19:46:09.398,,y
3169,Houssem Eddin ZEM,Houssem Eddin_ZEM,4,29,2026-04-21 19:46:09.398,,y
3170,Med Amin BER,Med Amin_BER,4,230,2026-04-21 19:46:09.398,,y
3171,Zanetti JIH,Zanetti_JIH,4,231,2026-04-21 19:46:09.398,,y
3172,Zanetti JIH,Zanetti_JIH,4,231,2026-04-21 19:46:09.398,,y
3173,Zanetti JIH,Zanetti_JIH,4,231,2026-04-21 19:46:09.398,,y
3174,Ibtihel FEN,Ibtihel_FEN,4,232,2026-04-21 19:46:09.398,,y
3175,Med Amin BER,Med Amin_BER,4,230,2026-04-21 19:46:09.398,,y
3176,Sana MIL,Sana_MIL,4,233,2026-04-21 19:46:09.398,,y
3177,Sana MIL,Sana_MIL,4,233,2026-04-21 19:46:09.398,,y
3178,Sana MIL,Sana_MIL,4,233,2026-04-21 19:46:09.398,,y
3179,Sana MIL,Sana_MIL,4,233,2026-04-21 19:46:09.398,,y
3180,Jaoueher BEN,Jaoueher_BEN,4,234,2026-04-21 19:46:09.398,,y
3181,IMEN DAO,IMEN_DAO,4,235,2026-04-21 19:46:09.398,,y
3182,IMEN DAO,IMEN_DAO,4,235,2026-04-21 19:46:09.398,,y
3183,IMEN DAO,IMEN_DAO,4,235,2026-04-21 19:46:09.398,,y
3184,IMEN DAO,IMEN_DAO,4,235,2026-04-21 19:46:09.398,,y
3185,IMEN DAO,IMEN_DAO,4,235,2026-04-21 19:46:09.398,,y
3186,oubayd allah KEF,oubayd allah_KEF,4,236,2026-04-21 19:46:09.398,,y
3187,Aida HER,Aida_HER,4,237,2026-04-21 19:46:09.398,,y
3188,Aida HER,Aida_HER,4,237,2026-04-21 19:46:09.398,,y
3189,Aida HER,Aida_HER,4,237,2026-04-21 19:46:09.398,,y
3190,Nourchene SFA,Nourchene_SFA,4,238,2026-04-21 19:46:09.398,,y
3191,Azza CHE,Azza_CHE,4,239,2026-04-21 19:46:09.398,,y
3192,madhoun YOS,madhoun_YOS,4,73,2026-04-21 19:46:09.398,,y
3193,madhoun YOS,madhoun_YOS,4,73,2026-04-21 19:46:09.398,,y
3194,madhoun YOS,madhoun_YOS,4,73,2026-04-21 19:46:09.398,,y
3195,madhoun YOS,madhoun_YOS,4,73,2026-04-21 19:46:09.398,,y
3196,Hajer ZOU,Hajer_ZOU,4,240,2026-04-21 19:46:09.398,,y
3197,Zohra SOM,Zohra_SOM,4,241,2026-04-21 19:46:09.398,,y
3198,Gaith AMO,Gaith_AMO,4,242,2026-04-21 19:46:09.398,,y
3199,Rami ZOU,Rami_ZOU,4,243,2026-04-21 19:46:09.398,,y
3200,Rami ZOU,Rami_ZOU,4,243,2026-04-21 19:46:09.398,,y
3201,Rimeh HAM,Rimeh_HAM,4,223,2026-04-21 19:46:09.398,,y
3202,Olfa BEL,Olfa_BEL,4,244,2026-04-21 19:46:09.398,,y
3203,Mohamed Radhwen BEN,Mohamed Radhwen_BEN,4,245,2026-04-21 19:46:09.398,,y
3204,Mohamed Radhwen BEN,Mohamed Radhwen_BEN,4,245,2026-04-21 19:46:09.398,,y
3205,Insaf OUE,Insaf_OUE,4,246,2026-04-21 19:46:09.398,,y
3206,Nadia SEL,Nadia_SEL,4,247,2026-04-21 19:46:09.398,,y
3207,Abderrahmen BEN,Abderrahmen_BEN,4,248,2026-04-21 19:46:09.398,,y
3208,marwa GHO,marwa_GHO,4,249,2026-04-21 19:46:09.398,,y
3209,marwa GHO,marwa_GHO,4,249,2026-04-21 19:46:09.398,,y
3210,marwa GHO,marwa_GHO,4,249,2026-04-21 19:46:09.398,,y
3211,nour JOU,nour_JOU,4,250,2026-04-21 19:46:09.399,,y
3212,nour JOU,nour_JOU,4,250,2026-04-21 19:46:09.399,,y
3213,Nouha JEB,Nouha_JEB,4,251,2026-04-21 19:46:09.399,,y
3214,Nouha JEB,Nouha_JEB,4,251,2026-04-21 19:46:09.399,,y
3215,Nouha JEB,Nouha_JEB,4,251,2026-04-21 19:46:09.399,,y
3216,cyrine MEZ,cyrine_MEZ,4,252,2026-04-21 19:46:09.399,,y
3217,cyrine MEZ,cyrine_MEZ,4,252,2026-04-21 19:46:09.399,,y
3218,cyrine MEZ,cyrine_MEZ,4,252,2026-04-21 19:46:09.399,,y
3219,Safa KIK,Safa_KIK,4,253,2026-04-21 19:46:09.399,,y
3220,Safa KIK,Safa_KIK,4,253,2026-04-21 19:46:09.399,,y
3221,Rafika NEC,Rafika_NEC,4,254,2026-04-21 19:46:09.399,,y
3222,Rafika NEC,Rafika_NEC,4,254,2026-04-21 19:46:09.399,,y
3223,Mejri WAD,Mejri_WAD,4,73,2026-04-21 19:46:09.399,,y
3224,Mejri WAD,Mejri_WAD,4,73,2026-04-21 19:46:09.399,,y
3225,Molk MAH,Molk_MAH,4,225,2026-04-21 19:46:09.399,,y
3226,Molk MAH,Molk_MAH,4,225,2026-04-21 19:46:09.399,,y
3227,Yosry BEN,Yosry_BEN,4,29,2026-04-21 19:46:09.399,,y
3228,Sirine ATT,Sirine_ATT,4,255,2026-04-21 19:46:09.399,,y
3229,Sirine ATT,Sirine_ATT,4,255,2026-04-21 19:46:09.399,,y
3230,Emna OTH,Emna_OTH,4,256,2026-04-21 19:46:09.399,,y
3231,Emna OTH,Emna_OTH,4,256,2026-04-21 19:46:09.399,,y
3232,Emna OTH,Emna_OTH,4,256,2026-04-21 19:46:09.399,,y
3233,Manel MEJ,Manel_MEJ,4,132,2026-04-21 19:46:09.399,,y
3234,Med issam GAR,Med issam_GAR,4,257,2026-04-21 19:46:09.399,,y
3235,baligh GHA,baligh_GHA,4,258,2026-04-21 19:46:09.399,,y
3236,baligh GHA,baligh_GHA,4,258,2026-04-21 19:46:09.399,,y
3237,salem RIA,salem_RIA,4,259,2026-04-21 19:46:09.399,,y
3238,salem RIA,salem_RIA,4,259,2026-04-21 19:46:09.399,,y
3239,Rym TRI,Rym_TRI,4,260,2026-04-21 19:46:09.399,,y
3240,Oussama BEN,Oussama_BEN,4,261,2026-04-21 19:46:09.399,,y
3241,Oussama BEN,Oussama_BEN,4,261,2026-04-21 19:46:09.399,,y
3242,Aya KHI,Aya_KHI,4,262,2026-04-21 19:46:09.399,,y
3243,Aya KHI,Aya_KHI,4,262,2026-04-21 19:46:09.399,,y
3244,mahdi MOK,mahdi_MOK,4,263,2026-04-21 19:46:09.399,,y
3245,mahdi MOK,mahdi_MOK,4,263,2026-04-21 19:46:09.399,,y
3246,mahdi MOK,mahdi_MOK,4,263,2026-04-21 19:46:09.399,,y
3247,Eya MEL,Eya_MEL,4,264,2026-04-21 19:46:09.400,,y
3248,Ahmed Khalil ABI,Ahmed Khalil_ABI,4,265,2026-04-21 19:46:09.400,,y
3249,Ahmed Khalil ABI,Ahmed Khalil_ABI,4,265,2026-04-21 19:46:09.400,,y
3250,Lobna AMD,Lobna_AMD,4,1,2026-04-21 19:46:09.400,,y
3251,Lobna AMD,Lobna_AMD,4,1,2026-04-21 19:46:09.400,,y
3252,Ines SAA,Ines_SAA,4,266,2026-04-21 19:46:09.400,,y
3253,zorgati WAL,zorgati_WAL,4,267,2026-04-21 19:46:09.400,,y
3254,zorgati WAL,zorgati_WAL,4,267,2026-04-21 19:46:09.400,,y
3255,Digital Services VAL,Digital Services_VAL,4,268,2026-04-21 19:46:09.400,,y
3256,Digital Services VAL,Digital Services_VAL,4,268,2026-04-21 19:46:09.400,,y
3257,Digital Services VAL,Digital Services_VAL,4,268,2026-04-21 19:46:09.400,,y
3258,Digital Services VAL,Digital Services_VAL,4,268,2026-04-21 19:46:09.400,,y
3259,Chouaieb MAL,Chouaieb_MAL,4,269,2026-04-21 19:46:09.400,,y
3260,Chouaieb MAL,Chouaieb_MAL,4,269,2026-04-21 19:46:09.400,,y
3261,Mourad ABD,Mourad_ABD,4,270,2026-04-21 19:46:09.400,,y
3262,Mourad ABD,Mourad_ABD,4,270,2026-04-21 19:46:09.400,,y
3263,khouloud TUR,khouloud_TUR,4,271,2026-04-21 19:46:09.400,,y
3264,Alaeddine SEK,Alaeddine_SEK,4,272,2026-04-21 19:46:09.400,,y
3265,eya OUN,eya_OUN,4,273,2026-04-21 19:46:09.400,,y
3266,eya OUN,eya_OUN,4,273,2026-04-21 19:46:09.400,,y
3267,Dina LAA,Dina_LAA,4,274,2026-04-21 19:46:09.400,,y
3268,mariem MAR,mariem_MAR,4,232,2026-04-21 19:46:09.400,,y
3269,mariem MAR,mariem_MAR,4,232,2026-04-21 19:46:09.400,,y
3270,mariem MAR,mariem_MAR,4,232,2026-04-21 19:46:09.400,,y
3271,mariem MAR,mariem_MAR,4,232,2026-04-21 19:46:09.400,,y
3272,Cyrine LOU,Cyrine_LOU,4,275,2026-04-21 19:46:09.400,,y
3273,Marwa IDA,Marwa_IDA,4,276,2026-04-21 19:46:09.400,,y
3274,Marwa IDA,Marwa_IDA,4,276,2026-04-21 19:46:09.400,,y
3275,Marwa IDA,Marwa_IDA,4,276,2026-04-21 19:46:09.400,,y
3276,Iheb BJA,Iheb_BJA,4,225,2026-04-21 19:46:09.400,,y
3277,Iheb BJA,Iheb_BJA,4,225,2026-04-21 19:46:09.400,,y
3278,Rihab NAG,Rihab_NAG,4,277,2026-04-21 19:46:09.400,,y
3279,AHMED RAI,AHMED_RAI,4,278,2026-04-21 19:46:09.400,,y
3280,AHMED RAI,AHMED_RAI,4,278,2026-04-21 19:46:09.400,,y
3281,Khayri KHO,Khayri_KHO,4,279,2026-04-21 19:46:09.400,,y
3282,Khayri KHO,Khayri_KHO,4,279,2026-04-21 19:46:09.400,,y
3283,Khayri KHO,Khayri_KHO,4,279,2026-04-21 19:46:09.400,,y
3284,Khayri KHO,Khayri_KHO,4,279,2026-04-21 19:46:09.400,,y
3285,Khayri KHO,Khayri_KHO,4,279,2026-04-21 19:46:09.400,,y
3286,Khayri KHO,Khayri_KHO,4,279,2026-04-21 19:46:09.400,,y
3287,Khayri KHO,Khayri_KHO,4,279,2026-04-21 19:46:09.400,,y
3288,Lamia MER,Lamia_MER,4,280,2026-04-21 19:46:09.400,,y
3289,Lamia MER,Lamia_MER,4,280,2026-04-21 19:46:09.400,,y
3290,hiba AYT,hiba_AYT,4,281,2026-04-21 19:46:09.400,,y
3291,sayma GHA,sayma_GHA,4,282,2026-04-21 19:46:09.400,,y
3292,sayma GHA,sayma_GHA,4,282,2026-04-21 19:46:09.400,,y
3293,sayma GHA,sayma_GHA,4,282,2026-04-21 19:46:09.400,,y
3294,zeineb BEN,zeineb_BEN,4,283,2026-04-21 19:46:09.400,,y
3295,Cherifa BAR,Cherifa_BAR,4,284,2026-04-21 19:46:09.400,,y
3296,Amal SEL,Amal_SEL,4,285,2026-04-21 19:46:09.400,,y
3297,Amal SEL,Amal_SEL,4,285,2026-04-21 19:46:09.400,,y
3298,Amal SEL,Amal_SEL,4,285,2026-04-21 19:46:09.400,,y
3299,Ikram NSI,Ikram_NSI,4,286,2026-04-21 19:46:09.400,,y
3300,Ikram NSI,Ikram_NSI,4,286,2026-04-21 19:46:09.400,,y
3301,Slim GHA,Slim_GHA,4,287,2026-04-21 19:46:09.401,,y
3302,Sara LAS,Sara_LAS,4,288,2026-04-21 19:46:09.401,,y
3303,Anouar KHA,Anouar_KHA,4,289,2026-04-21 19:46:09.401,,y
3304,Mohamed RAM,Mohamed_RAM,4,290,2026-04-21 19:46:09.401,,y
3305,Sonia BEN,Sonia_BEN,4,291,2026-04-21 19:46:09.401,,y
3306,Jelaiel GHA,Jelaiel_GHA,4,292,2026-04-21 19:46:09.401,,y
3307,Jelaiel GHA,Jelaiel_GHA,4,292,2026-04-21 19:46:09.401,,y
3308,Hssan ABD,Hssan_ABD,4,293,2026-04-21 19:46:09.401,,y
3309,Hssan ABD,Hssan_ABD,4,293,2026-04-21 19:46:09.401,,y
3310,Hssan ABD,Hssan_ABD,4,293,2026-04-21 19:46:09.401,,y
3311,أمال الم,أمال_الم,4,294,2026-04-21 19:46:09.401,,y
3312,Senda EL,Senda_EL,4,295,2026-04-21 19:46:09.401,,y
3313,Taha KAD,Taha_KAD,4,296,2026-04-21 19:46:09.401,,y
3314,Houcem HAM,Houcem_HAM,4,297,2026-04-21 19:46:09.401,,y
3315,Houcem HAM,Houcem_HAM,4,297,2026-04-21 19:46:09.401,,y
3316,Arij BRA,Arij_BRA,4,298,2026-04-21 19:46:09.401,,y
3317,Mouadh MBA,Mouadh_MBA,4,299,2026-04-21 19:46:09.401,,y
3318,Mariem NEF,Mariem_NEF,4,300,2026-04-21 19:46:09.401,,y
3319,Abir GHA,Abir_GHA,4,301,2026-04-21 19:46:09.401,,y
3320,Amira BEN,Amira_BEN,4,302,2026-04-21 19:46:09.401,,y
3321,Amira BEN,Amira_BEN,4,302,2026-04-21 19:46:09.401,,y
3322,Roua KHE,Roua_KHE,4,303,2026-04-21 19:46:09.401,,y
3323,Manar BAL,Manar_BAL,4,304,2026-04-21 19:46:09.401,,y
3324,Manar BAL,Manar_BAL,4,304,2026-04-21 19:46:09.401,,y
3325,Manar BAL,Manar_BAL,4,304,2026-04-21 19:46:09.401,,y
3326,Fares BAZ,Fares_BAZ,4,305,2026-04-21 19:46:09.401,,y
3327,Abderrahim KHE,Abderrahim_KHE,4,306,2026-04-21 19:46:09.401,,y
3328,Abderrahim KHE,Abderrahim_KHE,4,306,2026-04-21 19:46:09.401,,y
3329,Marwa CHE,Marwa_CHE,4,307,2026-04-21 19:46:09.401,,y
3330,Hanen KHL,Hanen_KHL,4,308,2026-04-21 19:46:09.401,,y
3331,Imen AZZ,Imen_AZZ,4,4,2026-04-21 19:46:09.401,,y
3332,Imen AZZ,Imen_AZZ,4,4,2026-04-21 19:46:09.401,,y
3333,Imen AZZ,Imen_AZZ,4,4,2026-04-21 19:46:09.401,,y
3334,Imen AZZ,Imen_AZZ,4,4,2026-04-21 19:46:09.401,,y
3335,alaa BOU,alaa_BOU,4,309,2026-04-21 19:46:09.401,,y
3336,Fatma BOU,Fatma_BOU,4,310,2026-04-21 19:46:09.401,,y
3337,Sedki HAL,Sedki_HAL,4,311,2026-04-21 19:46:09.401,,y
3338,Oumaima OUE,Oumaima_OUE,4,312,2026-04-21 19:46:09.401,,y
3339,Soumaya REZ,Soumaya_REZ,4,313,2026-04-21 19:46:09.401,,y
3340,Wafa ZRI,Wafa_ZRI,4,314,2026-04-21 19:46:09.401,,y
3341,Wafa ZRI,Wafa_ZRI,4,314,2026-04-21 19:46:09.401,,y
3342,Yossra HLE,Yossra_HLE,4,315,2026-04-21 19:46:09.401,,y
3343,Mayssa JAL,Mayssa_JAL,4,316,2026-04-21 19:46:09.401,,y
3344,Chaima SAO,Chaima_SAO,4,317,2026-04-21 19:46:09.401,,y
3345,Safé SLI,Safé_SLI,4,318,2026-04-21 19:46:09.401,,y
3346,Wahida OCH,Wahida_OCH,4,319,2026-04-21 19:46:09.401,,y
3347,Rania KHE,Rania_KHE,4,320,2026-04-21 19:46:09.401,,y
3348,Amin HAR,Amin_HAR,4,321,2026-04-21 19:46:09.401,,y
3349,Marwa SAN,Marwa_SAN,4,322,2026-04-21 19:46:09.401,,y
3350,Line BEN,Line_BEN,4,323,2026-04-21 19:46:09.401,,y
3351,Rayen BEN,Rayen_BEN,4,324,2026-04-21 19:46:09.401,,y
3352,Samiha TEK,Samiha_TEK,4,325,2026-04-21 19:46:09.401,,y
3353,Samiha TEK,Samiha_TEK,4,325,2026-04-21 19:46:09.401,,y
3354,Jedidi GHA,Jedidi_GHA,4,326,2026-04-21 19:46:09.401,,y
3355,Amine RID,Amine_RID,4,327,2026-04-21 19:46:09.401,,y
3356,Trabelsi BAD,Trabelsi_BAD,4,328,2026-04-21 19:46:09.401,,y
3357,Trabelsi BAD,Trabelsi_BAD,4,328,2026-04-21 19:46:09.401,,y
3358,Mohamed Amine BJE,Mohamed Amine_BJE,4,329,2026-04-21 19:46:09.401,,y
3359,Amal AYD,Amal_AYD,4,330,2026-04-21 19:46:09.402,,y
3360,Kmar BAR,Kmar_BAR,4,331,2026-04-21 19:46:09.402,,y
3361,Fatma FRA,Fatma_FRA,4,332,2026-04-21 19:46:09.402,,y
3362,Hiba BEN,Hiba_BEN,4,333,2026-04-21 19:46:09.402,,y
3363,Hiba BEN,Hiba_BEN,4,333,2026-04-21 19:46:09.402,,y
3364,Mme BOU,Mme_BOU,4,334,2026-04-21 19:46:09.402,,y
3365,Ines CHU,Ines_CHU,4,335,2026-04-21 19:46:09.402,,y
3366,Ines CHU,Ines_CHU,4,335,2026-04-21 19:46:09.402,,y
3367,Ines CHU,Ines_CHU,4,335,2026-04-21 19:46:09.402,,y
3368,Feryel AMM,Feryel_AMM,4,336,2026-04-21 19:46:09.402,,y
3369,Jihen BEN,Jihen_BEN,4,337,2026-04-21 19:46:09.402,,y
3370,Jihen BEN,Jihen_BEN,4,337,2026-04-21 19:46:09.402,,y
3371,zahra WIE,zahra_WIE,4,338,2026-04-21 19:46:09.402,,y
3372,zahra WIE,zahra_WIE,4,338,2026-04-21 19:46:09.402,,y
3373,zahra WIE,zahra_WIE,4,338,2026-04-21 19:46:09.402,,y
3374,Hanen TOU,Hanen_TOU,4,339,2026-04-21 19:46:09.402,,y
3375,Rayen JRI,Rayen_JRI,4,340,2026-04-21 19:46:09.402,,y
3376,Sarah BAN,Sarah_BAN,4,341,2026-04-21 19:46:09.402,,y
3377,Fares HAM,Fares_HAM,4,342,2026-04-21 19:46:09.402,,y
3378,Imen MKA,Imen_MKA,4,343,2026-04-21 19:46:09.402,,y
3379,Imen MKA,Imen_MKA,4,343,2026-04-21 19:46:09.402,,y
3380,FATMA AMI,FATMA_AMI,4,344,2026-04-21 19:46:09.402,,y
3381,FATMA AMI,FATMA_AMI,4,344,2026-04-21 19:46:09.402,,y
3382,FATMA AMI,FATMA_AMI,4,344,2026-04-21 19:46:09.402,,y
3383,Mohamed BOU,Mohamed_BOU,4,345,2026-04-21 19:46:09.402,,y
3384,Mohamed BOU,Mohamed_BOU,4,345,2026-04-21 19:46:09.402,,y
3385,Jihen BEJ,Jihen_BEJ,4,346,2026-04-21 19:46:09.402,,y
3386,Jihen BEJ,Jihen_BEJ,4,346,2026-04-21 19:46:09.402,,y
3387,Roua KHE,Roua_KHE,4,347,2026-04-21 19:46:09.402,,y
3388,Roua KHE,Roua_KHE,4,347,2026-04-21 19:46:09.402,,y
3389,Roua KHE,Roua_KHE,4,347,2026-04-21 19:46:09.402,,y
3390,Roua KHE,Roua_KHE,4,347,2026-04-21 19:46:09.402,,y
3391,Mehdi MEZ,Mehdi_MEZ,4,348,2026-04-21 19:46:09.402,,y
3392,rahma JBE,rahma_JBE,4,349,2026-04-21 19:46:09.402,,y
3393,rahma JBE,rahma_JBE,4,349,2026-04-21 19:46:09.402,,y
3394,rahma JBE,rahma_JBE,4,349,2026-04-21 19:46:09.402,,y
3395,Asma LAM,Asma_LAM,4,350,2026-04-21 19:46:09.402,,y
3396,Asma LAM,Asma_LAM,4,350,2026-04-21 19:46:09.402,,y
3397,mohamed NHO,mohamed_NHO,4,351,2026-04-21 19:46:09.402,,y
3398,mohamed NHO,mohamed_NHO,4,351,2026-04-21 19:46:09.402,,y
3399,Houssem OUE,Houssem_OUE,4,352,2026-04-21 19:46:09.402,,y
3400,Houssem OUE,Houssem_OUE,4,352,2026-04-21 19:46:09.402,,y
3401,Ahlem AMR,Ahlem_AMR,4,353,2026-04-21 19:46:09.402,,y
3402,Ahlem AMR,Ahlem_AMR,4,353,2026-04-21 19:46:09.402,,y
3403,Ahlem AMR,Ahlem_AMR,4,353,2026-04-21 19:46:09.402,,y
3404,Saoussen KOU,Saoussen_KOU,4,354,2026-04-21 19:46:09.402,,y
3405,Lamia MER,Lamia_MER,4,355,2026-04-21 19:46:09.403,,y
3406,Syrine BEN,Syrine_BEN,4,356,2026-04-21 19:46:09.403,,y
3407,arfaoui MAR,arfaoui_MAR,4,357,2026-04-21 19:46:09.403,,y
3408,arfaoui MAR,arfaoui_MAR,4,357,2026-04-21 19:46:09.403,,y
3409,arfaoui MAR,arfaoui_MAR,4,357,2026-04-21 19:46:09.403,,y
3410,arfaoui MAR,arfaoui_MAR,4,357,2026-04-21 19:46:09.403,,y
3411,Salma BOU,Salma_BOU,4,358,2026-04-21 19:46:09.403,,y
3412,Souhail GOB,Souhail_GOB,4,359,2026-04-21 19:46:09.403,,y
3413,Zeineb NAC,Zeineb_NAC,4,360,2026-04-21 19:46:09.403,,y
3414,Mourad AZZ,Mourad_AZZ,4,361,2026-04-21 19:46:09.403,,y
3415,Eya OUE,Eya_OUE,4,362,2026-04-21 19:46:09.403,,y
3416,Yasmine BEN,Yasmine_BEN,4,363,2026-04-21 19:46:09.403,,y
3417,Rim JIL,Rim_JIL,4,364,2026-04-21 19:46:09.403,,y
3418,Ines BEL,Ines_BEL,4,365,2026-04-21 19:46:09.403,,y
3419,Baazaoui MAR,Baazaoui_MAR,4,366,2026-04-21 19:46:09.403,,y
3420,Sedki BEN,Sedki_BEN,4,367,2026-04-21 19:46:09.403,,y
3421,Sedki BEN,Sedki_BEN,4,367,2026-04-21 19:46:09.403,,y
3422,Aya BEN,Aya_BEN,4,368,2026-04-21 19:46:09.403,,y
3423,Wiem MHA,Wiem_MHA,4,369,2026-04-21 19:46:09.403,,y
3424,Ibrahim DOG,Ibrahim_DOG,4,370,2026-04-21 19:46:09.403,,y
3425,Ben daher MAL,Ben daher_MAL,4,371,2026-04-21 19:46:09.403,,y
3426,Ahmed GHA,Ahmed_GHA,4,372,2026-04-21 19:46:09.403,,y
3427,Mariem MNA,Mariem_MNA,4,373,2026-04-21 19:46:09.403,,y
3428,Rihem BCH,Rihem_BCH,4,374,2026-04-21 19:46:09.403,,y
3429,Rihem BCH,Rihem_BCH,4,374,2026-04-21 19:46:09.403,,y
3430,Jamila GHA,Jamila_GHA,4,375,2026-04-21 19:46:09.403,,y
3431,Lin GRI,Lin_GRI,4,376,2026-04-21 19:46:09.403,,y
3432,Rosanne MÉT,Rosanne_MÉT,4,377,2026-04-21 19:46:09.403,,y
3433,Aziz KCH,Aziz_KCH,4,378,2026-04-21 19:46:09.403,,y
3434,Dalel BEN,Dalel_BEN,4,379,2026-04-21 19:46:09.403,,y
3435,Haythem RAB,Haythem_RAB,4,380,2026-04-21 19:46:09.403,,y
3436,Mariem MAN,Mariem_MAN,4,381,2026-04-21 19:46:09.403,,y
3437,Mariem MAN,Mariem_MAN,4,381,2026-04-21 19:46:09.403,,y
3438,Safa RID,Safa_RID,4,382,2026-04-21 19:46:09.403,,y
3439,Safa RID,Safa_RID,4,382,2026-04-21 19:46:09.403,,y
3440,Talel CHA,Talel_CHA,4,383,2026-04-21 19:46:09.403,,y
3441,Tayssir BOU,Tayssir_BOU,4,384,2026-04-21 19:46:09.403,,y
3442,Tayssir BOU,Tayssir_BOU,4,384,2026-04-21 19:46:09.403,,y
3443,Tayssir BOU,Tayssir_BOU,4,384,2026-04-21 19:46:09.403,,y
3444,Tayssir BOU,Tayssir_BOU,4,384,2026-04-21 19:46:09.403,,y
3445,Force Management TRA,Force Management_TRA,4,385,2026-04-21 19:46:09.403,,y
3446,Yassmin HAJ,Yassmin_HAJ,4,386,2026-04-21 19:46:09.403,,y
3447,imed ABB,imed_ABB,4,387,2026-04-21 19:46:09.403,,y
3448,imed ABB,imed_ABB,4,387,2026-04-21 19:46:09.403,,y
3449,imed ABB,imed_ABB,4,387,2026-04-21 19:46:09.403,,y
3450,Marwa RID,Marwa_RID,4,388,2026-04-21 19:46:09.403,,y
3451,Arij BEN,Arij_BEN,4,389,2026-04-21 19:46:09.403,,y
3452,Nadia MLI,Nadia_MLI,4,390,2026-04-21 19:46:09.403,,y
3453,Nadia MLI,Nadia_MLI,4,390,2026-04-21 19:46:09.403,,y
3454,rabàa ISS,rabàa_ISS,4,391,2026-04-21 19:46:09.403,,y
3455,Manel SAL,Manel_SAL,4,392,2026-04-21 19:46:09.403,,y
3456,Makrem AZZ,Makrem_AZZ,4,393,2026-04-21 19:46:09.403,,y
3457,Makrem AZZ,Makrem_AZZ,4,393,2026-04-21 19:46:09.403,,y
3458,Makrem AZZ,Makrem_AZZ,4,393,2026-04-21 19:46:09.403,,y
3459,Manel CHA,Manel_CHA,4,394,2026-04-21 19:46:09.403,,y
3460,Abidi HOU,Abidi_HOU,4,395,2026-04-21 19:46:09.403,,y
3461,haifa ZOU,haifa_ZOU,4,1,2026-04-21 19:46:09.518,,y
3462,Laameri MOU,Laameri_MOU,4,2,2026-04-21 19:46:09.518,,y
3463,Oumayma HKI,Oumayma_HKI,4,3,2026-04-21 19:46:09.518,,y
3464,Mohamed Mahdi LIO,Mohamed Mahdi_LIO,4,4,2026-04-21 19:46:09.518,,y
3465,Nacer MEJ,Nacer_MEJ,4,5,2026-04-21 19:46:09.518,,y
3466,Samia TAK,Samia_TAK,4,6,2026-04-21 19:46:09.518,,y
3467,Wafa MEK,Wafa_MEK,4,7,2026-04-21 19:46:09.518,,y
3468,Aymen ZOU,Aymen_ZOU,4,8,2026-04-21 19:46:09.518,,y
3469,Mouna JOU,Mouna_JOU,4,9,2026-04-21 19:46:09.518,,y
3470,Ines KSO,Ines_KSO,4,4,2026-04-21 19:46:09.518,,y
3471,Kaouther AMR,Kaouther_AMR,4,10,2026-04-21 19:46:09.518,,y
3472,Kacem ASM,Kacem_ASM,4,11,2026-04-21 19:46:09.518,,y
3473,Hela ZRI,Hela_ZRI,4,12,2026-04-21 19:46:09.518,,y
3474,yossra BEN,yossra_BEN,4,13,2026-04-21 19:46:09.518,,y
3475,Amal BEN,Amal_BEN,4,14,2026-04-21 19:46:09.518,,y
3476,Ahmed LEM,Ahmed_LEM,4,15,2026-04-21 19:46:09.518,,y
3477,ELABED YAS,ELABED_YAS,4,16,2026-04-21 19:46:09.518,,y
3478,Slim BEN,Slim_BEN,4,29,2026-04-21 19:46:09.518,,y
3479,Ali BEN,Ali_BEN,4,17,2026-04-21 19:46:09.518,,y
3480,Ali BEN,Ali_BEN,4,17,2026-04-21 19:46:09.518,,y
3481,MOHAMED ANOUAR GRA,MOHAMED ANOUAR_GRA,4,18,2026-04-21 19:46:09.518,,y
3482,Chouhanda RJA,Chouhanda_RJA,4,19,2026-04-21 19:46:09.518,,y
3483,Jihed BEN,Jihed_BEN,4,20,2026-04-21 19:46:09.518,,y
3484,Mariem MRA,Mariem_MRA,4,1,2026-04-21 19:46:09.518,,y
3485,sana ALO,sana_ALO,4,21,2026-04-21 19:46:09.518,,y
3486,Elyes BAB,Elyes_BAB,4,22,2026-04-21 19:46:09.518,,y
3487,Ridha RID,Ridha_RID,4,23,2026-04-21 19:46:09.518,,y
3488,Farouk LAB,Farouk_LAB,4,24,2026-04-21 19:46:09.518,,y
3489,Maroua CHA,Maroua_CHA,4,25,2026-04-21 19:46:09.518,,y
3490,kawther CHA,kawther_CHA,4,26,2026-04-21 19:46:09.518,,y
3491,Arij FAZ,Arij_FAZ,4,29,2026-04-21 19:46:09.518,,y
3492,Rim HOU,Rim_HOU,4,27,2026-04-21 19:46:09.518,,y
3493,Yessine BOU,Yessine_BOU,4,28,2026-04-21 19:46:09.518,,y
3494,mohamed aymen CHE,mohamed aymen_CHE,4,29,2026-04-21 19:46:09.518,,y
3495,chakiba BAR,chakiba_BAR,4,30,2026-04-21 19:46:09.518,,y
3496,Sfar EMN,Sfar_EMN,4,31,2026-04-21 19:46:09.518,,y
3497,Syrine CHA,Syrine_CHA,4,32,2026-04-21 19:46:09.518,,y
3498,Syrine CHA,Syrine_CHA,4,32,2026-04-21 19:46:09.518,,y
3499,Nour El Houda HAM,Nour El Houda_HAM,4,33,2026-04-21 19:46:09.518,,y
3500,BEN SAF,BEN_SAF,4,34,2026-04-21 19:46:09.518,,y
3501,Marwen BEN,Marwen_BEN,4,35,2026-04-21 19:46:09.518,,y
3502,Skander GHA,Skander_GHA,4,36,2026-04-21 19:46:09.518,,y
3503,Ahmed BEN,Ahmed_BEN,4,37,2026-04-21 19:46:09.518,,y
3504,Moez TEM,Moez_TEM,4,38,2026-04-21 19:46:09.518,,y
3505,ouerghemmi GHO,ouerghemmi_GHO,4,34,2026-04-21 19:46:09.518,,y
3506,manel CHI,manel_CHI,4,39,2026-04-21 19:46:09.518,,y
3507,nourchene CHI,nourchene_CHI,4,40,2026-04-21 19:46:09.518,,y
3508,Lina REB,Lina_REB,4,41,2026-04-21 19:46:09.518,,y
3509,Mohamed Amine ZAI,Mohamed Amine_ZAI,4,42,2026-04-21 19:46:09.518,,y
3510,hanen RJI,hanen_RJI,4,43,2026-04-21 19:46:09.518,,y
3511,INES MZO,INES_MZO,4,44,2026-04-21 19:46:09.519,,y
3512,Manel BEZ,Manel_BEZ,4,45,2026-04-21 19:46:09.519,,y
3513,GABTNI CHA,GABTNI_CHA,4,46,2026-04-21 19:46:09.519,,y
3514,Shayma MEC,Shayma_MEC,4,29,2026-04-21 19:46:09.519,,y
3515,Aymen HBI,Aymen_HBI,4,47,2026-04-21 19:46:09.519,,y
3516,oumayma MES,oumayma_MES,4,48,2026-04-21 19:46:09.519,,y
3517,wajdi ESS,wajdi_ESS,4,49,2026-04-21 19:46:09.519,,y
3518,mohamed AYA,mohamed_AYA,4,50,2026-04-21 19:46:09.519,,y
3519,ghada ABD,ghada_ABD,4,51,2026-04-21 19:46:09.519,,y
3520,Wifek DER,Wifek_DER,4,52,2026-04-21 19:46:09.519,,y
3521,Baccouche MOH,Baccouche_MOH,4,53,2026-04-21 19:46:09.519,,y
3522,mohamed MAG,mohamed_MAG,4,54,2026-04-21 19:46:09.519,,y
3523,Assala FRA,Assala_FRA,4,55,2026-04-21 19:46:09.519,,y
3524,Siwar SDI,Siwar_SDI,4,56,2026-04-21 19:46:09.519,,y
3525,Sirine BEN,Sirine_BEN,4,57,2026-04-21 19:46:09.519,,y
3526,Mohamed ARF,Mohamed_ARF,4,58,2026-04-21 19:46:09.519,,y
3527,Hakimi MOH,Hakimi_MOH,4,396,2026-04-21 19:46:09.519,,y
3528,NESRINE BEN,NESRINE_BEN,4,60,2026-04-21 19:46:09.519,,y
3529,Mohamed Khalil DHI,Mohamed Khalil_DHI,4,29,2026-04-21 19:46:09.519,,y
3530,FATMA ZIA,FATMA_ZIA,4,61,2026-04-21 19:46:09.519,,y
3531,Amorri MAR,Amorri_MAR,4,62,2026-04-21 19:46:09.519,,y
3532,Amine TRA,Amine_TRA,4,63,2026-04-21 19:46:09.519,,y
3533,Nizar ARF,Nizar_ARF,4,64,2026-04-21 19:46:09.519,,y
3534,emna GHO,emna_GHO,4,65,2026-04-21 19:46:09.519,,y
3535,Eya MKA,Eya_MKA,4,66,2026-04-21 19:46:09.519,,y
3536,Maryem LAM,Maryem_LAM,4,67,2026-04-21 19:46:09.519,,y
3537,Hechem BEN,Hechem_BEN,4,68,2026-04-21 19:46:09.519,,y
3538,achref BES,achref_BES,4,69,2026-04-21 19:46:09.519,,y
3539,Sofien JEL,Sofien_JEL,4,70,2026-04-21 19:46:09.519,,y
3540,Amira NAB,Amira_NAB,4,1,2026-04-21 19:46:09.519,,y
3541,ines AZZ,ines_AZZ,4,1,2026-04-21 19:46:09.519,,y
3542,slim DRI,slim_DRI,4,71,2026-04-21 19:46:09.519,,y
3543,dhib HAM,dhib_HAM,4,1,2026-04-21 19:46:09.519,,y
3544,hichem HLE,hichem_HLE,4,29,2026-04-21 19:46:09.519,,y
3545,Eya SAA,Eya_SAA,4,72,2026-04-21 19:46:09.519,,y
3546,CHAYMA ZAY,CHAYMA_ZAY,4,73,2026-04-21 19:46:09.519,,y
3547,imen AZA,imen_AZA,4,74,2026-04-21 19:46:09.519,,y
3548,rihab SAI,rihab_SAI,4,75,2026-04-21 19:46:09.519,,y
3549,NASSER GAM,NASSER_GAM,4,76,2026-04-21 19:46:09.519,,y
3550,Chedia CHA,Chedia_CHA,4,77,2026-04-21 19:46:09.519,,y
3551,Ahmed MEJ,Ahmed_MEJ,4,78,2026-04-21 19:46:09.519,,y
3552,marwen GAA,marwen_GAA,4,79,2026-04-21 19:46:09.519,,y
3553,Miloud ARW,Miloud_ARW,4,80,2026-04-21 19:46:09.519,,y
3554,Siwar CHE,Siwar_CHE,4,81,2026-04-21 19:46:09.519,,y
3555,Sawsen OUE,Sawsen_OUE,4,82,2026-04-21 19:46:09.519,,y
3556,Cyrine MHA,Cyrine_MHA,4,83,2026-04-21 19:46:09.519,,y
3557,aymen CHA,aymen_CHA,4,84,2026-04-21 19:46:09.519,,y
3558,sarah KHA,sarah_KHA,4,85,2026-04-21 19:46:09.519,,y
3559,Amel ZRI,Amel_ZRI,4,86,2026-04-21 19:46:09.519,,y
3560,jbeli SHA,jbeli_SHA,4,87,2026-04-21 19:46:09.519,,y
3561,Imene CHA,Imene_CHA,4,88,2026-04-21 19:46:09.519,,y
3562,Khaled BAL,Khaled_BAL,4,89,2026-04-21 19:46:09.519,,y
3563,Nour JLA,Nour_JLA,4,90,2026-04-21 19:46:09.519,,y
3564,اميمة حسي,اميمة_حسي,4,91,2026-04-21 19:46:09.519,,y
3565,EMNA BEN,EMNA_BEN,4,92,2026-04-21 19:46:09.519,,y
3566,Alia MEJ,Alia_MEJ,4,93,2026-04-21 19:46:09.519,,y
3567,Mariem MAR,Mariem_MAR,4,94,2026-04-21 19:46:09.519,,y
3568,amira BEN,amira_BEN,4,95,2026-04-21 19:46:09.519,,y
3569,Dorra TAA,Dorra_TAA,4,29,2026-04-21 19:46:09.519,,y
3570,Khawla REB,Khawla_REB,4,96,2026-04-21 19:46:09.519,,y
3571,Mohiedine ZRI,Mohiedine_ZRI,4,97,2026-04-21 19:46:09.519,,y
3572,sinda ARF,sinda_ARF,4,98,2026-04-21 19:46:09.519,,y
3573,nesrine CHE,nesrine_CHE,4,44,2026-04-21 19:46:09.519,,y
3574,jamel KAS,jamel_KAS,4,99,2026-04-21 19:46:09.519,,y
3575,Rihab RIA,Rihab_RIA,4,100,2026-04-21 19:46:09.519,,y
3576,senda NEF,senda_NEF,4,101,2026-04-21 19:46:09.519,,y
3577,Rihab RIA,Rihab_RIA,4,100,2026-04-21 19:46:09.519,,y
3578,Rima SNO,Rima_SNO,4,102,2026-04-21 19:46:09.519,,y
3579,khaoula TRA,khaoula_TRA,4,73,2026-04-21 19:46:09.519,,y
3580,zied JOU,zied_JOU,4,103,2026-04-21 19:46:09.519,,y
3581,Barouni NIS,Barouni_NIS,4,104,2026-04-21 19:46:09.519,,y
3582,Houssem Eddine CHE,Houssem Eddine_CHE,4,105,2026-04-21 19:46:09.519,,y
3583,wajdi RIA,wajdi_RIA,4,106,2026-04-21 19:46:09.519,,y
3584,Tayssir ATO,Tayssir_ATO,4,107,2026-04-21 19:46:09.519,,y
3585,Dhouha CHE,Dhouha_CHE,4,29,2026-04-21 19:46:09.519,,y
3586,Amri NOU,Amri_NOU,4,108,2026-04-21 19:46:09.519,,y
3587,Malek BEN,Malek_BEN,4,109,2026-04-21 19:46:09.519,,y
3588,Jaoueher BEN,Jaoueher_BEN,4,110,2026-04-21 19:46:09.519,,y
3589,Nesrine ZOU,Nesrine_ZOU,4,111,2026-04-21 19:46:09.519,,y
3590,anis BEN,anis_BEN,4,112,2026-04-21 19:46:09.519,,y
3591,wejden BRA,wejden_BRA,4,113,2026-04-21 19:46:09.519,,y
3592,Lenka EGG,Lenka_EGG,4,114,2026-04-21 19:46:09.519,,y
3593,Imen BOU,Imen_BOU,4,115,2026-04-21 19:46:09.519,,y
3594,Sameh BEN,Sameh_BEN,4,116,2026-04-21 19:46:09.519,,y
3595,Jouda MEJ,Jouda_MEJ,4,117,2026-04-21 19:46:09.519,,y
3596,Ben Khaled MOH,Ben Khaled_MOH,4,35,2026-04-21 19:46:09.519,,y
3597,Takoua OUH,Takoua_OUH,4,118,2026-04-21 19:46:09.519,,y
3598,Hajer ZOU,Hajer_ZOU,4,29,2026-04-21 19:46:09.519,,y
3599,touati WAE,touati_WAE,4,397,2026-04-21 19:46:09.519,,y
3600,Azza ATT,Azza_ATT,4,120,2026-04-21 19:46:09.519,,y
3601,Sirine BEL,Sirine_BEL,4,121,2026-04-21 19:46:09.519,,y
3602,Wiem HAD,Wiem_HAD,4,122,2026-04-21 19:46:09.519,,y
3603,INES SID,INES_SID,4,123,2026-04-21 19:46:09.519,,y
3604,samar REZ,samar_REZ,4,124,2026-04-21 19:46:09.519,,y
3605,Emna KOU,Emna_KOU,4,125,2026-04-21 19:46:09.519,,y
3606,Eslem BEN,Eslem_BEN,4,126,2026-04-21 19:46:09.519,,y
3607,maryem ABI,maryem_ABI,4,127,2026-04-21 19:46:09.519,,y
3608,Anton GOZ,Anton_GOZ,4,128,2026-04-21 19:46:09.519,,y
3609,Wided BOU,Wided_BOU,4,129,2026-04-21 19:46:09.519,,y
3610,Abdelmajid ELE,Abdelmajid_ELE,4,130,2026-04-21 19:46:09.519,,y
3611,Rawaa KHO,Rawaa_KHO,4,131,2026-04-21 19:46:09.519,,y
3612,jihen MAN,jihen_MAN,4,1,2026-04-21 19:46:09.519,,y
3613,Farah BOU,Farah_BOU,4,132,2026-04-21 19:46:09.519,,y
3614,feriel AYA,feriel_AYA,4,132,2026-04-21 19:46:09.519,,y
3615,Molka BAH,Molka_BAH,4,133,2026-04-21 19:46:09.519,,y
3616,manel AFI,manel_AFI,4,134,2026-04-21 19:46:09.519,,y
3617,zeineb JAO,zeineb_JAO,4,135,2026-04-21 19:46:09.519,,y
3618,belghoula TAR,belghoula_TAR,4,136,2026-04-21 19:46:09.519,,y
3619,Radouan JMI,Radouan_JMI,4,137,2026-04-21 19:46:09.519,,y
3620,rihab AYA,rihab_AYA,4,138,2026-04-21 19:46:09.519,,y
3621,Riahi AMI,Riahi_AMI,4,139,2026-04-21 19:46:09.519,,y
3622,Med Amine ZGH,Med Amine_ZGH,4,140,2026-04-21 19:46:09.519,,y
3623,YASSINE KHO,YASSINE_KHO,4,141,2026-04-21 19:46:09.519,,y
3624,sameh BOU,sameh_BOU,4,142,2026-04-21 19:46:09.519,,y
3625,ons HAM,ons_HAM,4,143,2026-04-21 19:46:09.520,,y
3626,Azza ATT,Azza_ATT,4,120,2026-04-21 19:46:09.520,,y
3627,arwa HAM,arwa_HAM,4,144,2026-04-21 19:46:09.520,,y
3628,NAFFETI DOR,NAFFETI_DOR,4,145,2026-04-21 19:46:09.520,,y
3629,Hatem BEN,Hatem_BEN,4,146,2026-04-21 19:46:09.520,,y
3630,Faten NSA,Faten_NSA,4,147,2026-04-21 19:46:09.520,,y
3631,SAWSSEN KSO,SAWSSEN_KSO,4,148,2026-04-21 19:46:09.520,,y
3632,Amira TAA,Amira_TAA,4,149,2026-04-21 19:46:09.520,,y
3633,ايمان علي,ايمان_علي,4,150,2026-04-21 19:46:09.520,,y
3634,Najla HAK,Najla_HAK,4,94,2026-04-21 19:46:09.520,,y
3635,HALIMA BEN,HALIMA_BEN,4,151,2026-04-21 19:46:09.520,,y
3636,rawia TOU,rawia_TOU,4,152,2026-04-21 19:46:09.520,,y
3637,Hajri ACH,Hajri_ACH,4,153,2026-04-21 19:46:09.520,,y
3638,Hiba BEN,Hiba_BEN,4,154,2026-04-21 19:46:09.520,,y
3639,Mohamed Mehdi BEN,Mohamed Mehdi_BEN,4,155,2026-04-21 19:46:09.520,,y
3640,mariem MAT,mariem_MAT,4,156,2026-04-21 19:46:09.520,,y
3641,sara CHI,sara_CHI,4,157,2026-04-21 19:46:09.520,,y
3642,Farah HAF,Farah_HAF,4,158,2026-04-21 19:46:09.520,,y
3643,Emna KOU,Emna_KOU,4,132,2026-04-21 19:46:09.520,,y
3644,aida KAR,aida_KAR,4,159,2026-04-21 19:46:09.520,,y
3645,Noussaiba BOU,Noussaiba_BOU,4,160,2026-04-21 19:46:09.520,,y
3646,amal BOU,amal_BOU,4,161,2026-04-21 19:46:09.520,,y
3647,Alia MAH,Alia_MAH,4,162,2026-04-21 19:46:09.520,,y
3648,oumaima MAS,oumaima_MAS,4,29,2026-04-21 19:46:09.520,,y
3649,Mohamed Amine CHE,Mohamed Amine_CHE,4,163,2026-04-21 19:46:09.520,,y
3650,Elhem BEN,Elhem_BEN,4,164,2026-04-21 19:46:09.520,,y
3651,sarra AIT,sarra_AIT,4,132,2026-04-21 19:46:09.520,,y
3652,hajer MOK,hajer_MOK,4,165,2026-04-21 19:46:09.520,,y
3653,sherifa BEL,sherifa_BEL,4,166,2026-04-21 19:46:09.520,,y
3654,Imen KHA,Imen_KHA,4,167,2026-04-21 19:46:09.520,,y
3655,BEN HAMDA MAH,BEN HAMDA_MAH,4,168,2026-04-21 19:46:09.520,,y
3656,Zeineb ATT,Zeineb_ATT,4,169,2026-04-21 19:46:09.520,,y
3657,Jihene chaima FEZ,Jihene chaima_FEZ,4,170,2026-04-21 19:46:09.520,,y
3658,Anissa BOU,Anissa_BOU,4,29,2026-04-21 19:46:09.520,,y
3659,Tarek FRI,Tarek_FRI,4,171,2026-04-21 19:46:09.520,,y
3660,Wiem DRI,Wiem_DRI,4,172,2026-04-21 19:46:09.520,,y
3661,Samar ZIO,Samar_ZIO,4,173,2026-04-21 19:46:09.520,,y
3662,Amani GHA,Amani_GHA,4,174,2026-04-21 19:46:09.520,,y
3663,Chaima BÉJ,Chaima_BÉJ,4,175,2026-04-21 19:46:09.520,,y
3664,Faten MAA,Faten_MAA,4,176,2026-04-21 19:46:09.520,,y
3665,Nawel BAR,Nawel_BAR,4,177,2026-04-21 19:46:09.520,,y
3666,Safa MEL,Safa_MEL,4,178,2026-04-21 19:46:09.520,,y
3667,sabrine NAG,sabrine_NAG,4,179,2026-04-21 19:46:09.520,,y
3668,Ramzi LAY,Ramzi_LAY,4,180,2026-04-21 19:46:09.520,,y
3669,Seima LEM,Seima_LEM,4,181,2026-04-21 19:46:09.520,,y
3670,Nedra ABD,Nedra_ABD,4,182,2026-04-21 19:46:09.520,,y
3671,behe eddine EL,behe eddine_EL,4,183,2026-04-21 19:46:09.520,,y
3672,Nourhene DEL,Nourhene_DEL,4,184,2026-04-21 19:46:09.520,,y
3673,Gliguem MOH,Gliguem_MOH,4,94,2026-04-21 19:46:09.520,,y
3674,Hela ZRI,Hela_ZRI,4,185,2026-04-21 19:46:09.520,,y
3675,roua BEN,roua_BEN,4,186,2026-04-21 19:46:09.520,,y
3676,Laroussi TOR,Laroussi_TOR,4,187,2026-04-21 19:46:09.520,,y
3677,Wafa BRA,Wafa_BRA,4,188,2026-04-21 19:46:09.520,,y
3678,Karim BEN,Karim_BEN,4,189,2026-04-21 19:46:09.520,,y
3679,Montassar KAL,Montassar_KAL,4,4,2026-04-21 19:46:09.520,,y
3680,Sonia HAS,Sonia_HAS,4,190,2026-04-21 19:46:09.520,,y
3681,Meryem BEN,Meryem_BEN,4,191,2026-04-21 19:46:09.520,,y
3682,chaima LAM,chaima_LAM,4,192,2026-04-21 19:46:09.520,,y
3683,Haythem FEL,Haythem_FEL,4,193,2026-04-21 19:46:09.520,,y
3684,dhekra KAD,dhekra_KAD,4,194,2026-04-21 19:46:09.520,,y
3685,molka TOU,molka_TOU,4,195,2026-04-21 19:46:09.520,,y
3686,afef DER,afef_DER,4,196,2026-04-21 19:46:09.520,,y
3687,Amira JBE,Amira_JBE,4,197,2026-04-21 19:46:09.520,,y
3688,imen ABI,imen_ABI,4,198,2026-04-21 19:46:09.520,,y
3689,fedia KRA,fedia_KRA,4,199,2026-04-21 19:46:09.520,,y
3690,Yassine BEN,Yassine_BEN,4,200,2026-04-21 19:46:09.520,,y
3691,amani MIS,amani_MIS,4,201,2026-04-21 19:46:09.520,,y
3692,Marwa SGH,Marwa_SGH,4,202,2026-04-21 19:46:09.520,,y
3693,BARHOUMI MIR,BARHOUMI_MIR,4,203,2026-04-21 19:46:09.520,,y
3694,Linda BEN,Linda_BEN,4,204,2026-04-21 19:46:09.520,,y
3695,INES MZO,INES_MZO,4,44,2026-04-21 19:46:09.520,,y
3696,raoua BEJ,raoua_BEJ,4,73,2026-04-21 19:46:09.520,,y
3697,Raja AOU,Raja_AOU,4,205,2026-04-21 19:46:09.520,,y
3698,Mohamed Oussama BEL,Mohamed Oussama_BEL,4,73,2026-04-21 19:46:09.520,,y
3699,amal BOU,amal_BOU,4,161,2026-04-21 19:46:09.520,,y
3700,wissem WIS,wissem_WIS,4,206,2026-04-21 19:46:09.520,,y
3701,Nada BOU,Nada_BOU,4,207,2026-04-21 19:46:09.520,,y
3702,dalenda BEL,dalenda_BEL,4,208,2026-04-21 19:46:09.520,,y
3703,ameni WER,ameni_WER,4,209,2026-04-21 19:46:09.520,,y
3704,sinda RAB,sinda_RAB,4,210,2026-04-21 19:46:09.520,,y
3705,mohamed slim GHA,mohamed slim_GHA,4,211,2026-04-21 19:46:09.520,,y
3706,Asma ZOG,Asma_ZOG,4,212,2026-04-21 19:46:09.520,,y
3707,Houda BEN,Houda_BEN,4,213,2026-04-21 19:46:09.520,,y
3708,Raja KAM,Raja_KAM,4,214,2026-04-21 19:46:09.520,,y
3709,Hafedh AZA,Hafedh_AZA,4,215,2026-04-21 19:46:09.520,,y
3710,Rania NSI,Rania_NSI,4,216,2026-04-21 19:46:09.520,,y
3711,Hadil SAI,Hadil_SAI,4,217,2026-04-21 19:46:09.520,,y
3712,Amel MOU,Amel_MOU,4,218,2026-04-21 19:46:09.520,,y
3713,Ichrak BEN,Ichrak_BEN,4,219,2026-04-21 19:46:09.520,,y
3714,Khawla (خولة) FRI,Khawla (خولة)_FRI,4,220,2026-04-21 19:46:09.520,,y
3715,Houda MOU,Houda_MOU,4,221,2026-04-21 19:46:09.521,,y
3716,Mohamed Nacef LAK,Mohamed Nacef_LAK,4,222,2026-04-21 19:46:09.521,,y
3717,Rimeh HAM,Rimeh_HAM,4,223,2026-04-21 19:46:09.521,,y
3718,Mohamed morcel MAN,Mohamed morcel_MAN,4,224,2026-04-21 19:46:09.521,,y
3719,Iheb GUI,Iheb_GUI,4,225,2026-04-21 19:46:09.521,,y
3720,salim TRA,salim_TRA,4,226,2026-04-21 19:46:09.521,,y
3721,ghanem RAY,ghanem_RAY,4,227,2026-04-21 19:46:09.521,,y
3722,Yasmine YAS,Yasmine_YAS,4,228,2026-04-21 19:46:09.521,,y
3723,Nawress FER,Nawress_FER,4,229,2026-04-21 19:46:09.521,,y
3724,Houssem Eddin ZEM,Houssem Eddin_ZEM,4,29,2026-04-21 19:46:09.521,,y
3725,Med Amin BER,Med Amin_BER,4,230,2026-04-21 19:46:09.521,,y
3726,Zanetti JIH,Zanetti_JIH,4,231,2026-04-21 19:46:09.521,,y
3727,Ibtihel FEN,Ibtihel_FEN,4,232,2026-04-21 19:46:09.521,,y
3728,Med Amin BER,Med Amin_BER,4,230,2026-04-21 19:46:09.521,,y
3729,Sana MIL,Sana_MIL,4,233,2026-04-21 19:46:09.521,,y
3730,Jaoueher BEN,Jaoueher_BEN,4,234,2026-04-21 19:46:09.521,,y
3731,IMEN DAO,IMEN_DAO,4,235,2026-04-21 19:46:09.521,,y
3732,oubayd allah KEF,oubayd allah_KEF,4,236,2026-04-21 19:46:09.521,,y
3733,Aida HER,Aida_HER,4,237,2026-04-21 19:46:09.521,,y
3734,Nourchene SFA,Nourchene_SFA,4,238,2026-04-21 19:46:09.521,,y
3735,Azza CHE,Azza_CHE,4,239,2026-04-21 19:46:09.521,,y
3736,madhoun YOS,madhoun_YOS,4,73,2026-04-21 19:46:09.521,,y
3737,Hajer ZOU,Hajer_ZOU,4,240,2026-04-21 19:46:09.521,,y
3738,Zohra SOM,Zohra_SOM,4,241,2026-04-21 19:46:09.521,,y
3739,Gaith AMO,Gaith_AMO,4,242,2026-04-21 19:46:09.521,,y
3740,Rami ZOU,Rami_ZOU,4,243,2026-04-21 19:46:09.521,,y
3741,Rimeh HAM,Rimeh_HAM,4,223,2026-04-21 19:46:09.521,,y
3742,Olfa BEL,Olfa_BEL,4,244,2026-04-21 19:46:09.521,,y
3743,Mohamed Radhwen BEN,Mohamed Radhwen_BEN,4,245,2026-04-21 19:46:09.521,,y
3744,Insaf OUE,Insaf_OUE,4,246,2026-04-21 19:46:09.521,,y
3745,Nadia SEL,Nadia_SEL,4,247,2026-04-21 19:46:09.521,,y
3746,Abderrahmen BEN,Abderrahmen_BEN,4,248,2026-04-21 19:46:09.521,,y
3747,marwa GHO,marwa_GHO,4,249,2026-04-21 19:46:09.521,,y
3748,nour JOU,nour_JOU,4,250,2026-04-21 19:46:09.521,,y
3749,Nouha JEB,Nouha_JEB,4,251,2026-04-21 19:46:09.521,,y
3750,cyrine MEZ,cyrine_MEZ,4,252,2026-04-21 19:46:09.521,,y
3751,Safa KIK,Safa_KIK,4,253,2026-04-21 19:46:09.521,,y
3752,Rafika NEC,Rafika_NEC,4,254,2026-04-21 19:46:09.521,,y
3753,Mejri WAD,Mejri_WAD,4,73,2026-04-21 19:46:09.521,,y
3754,Molk MAH,Molk_MAH,4,225,2026-04-21 19:46:09.521,,y
3755,Yosry BEN,Yosry_BEN,4,29,2026-04-21 19:46:09.521,,y
3756,Sirine ATT,Sirine_ATT,4,255,2026-04-21 19:46:09.521,,y
3757,Emna OTH,Emna_OTH,4,256,2026-04-21 19:46:09.521,,y
3758,Manel MEJ,Manel_MEJ,4,132,2026-04-21 19:46:09.521,,y
3759,Med issam GAR,Med issam_GAR,4,257,2026-04-21 19:46:09.521,,y
3760,baligh GHA,baligh_GHA,4,258,2026-04-21 19:46:09.521,,y
3761,salem RIA,salem_RIA,4,259,2026-04-21 19:46:09.521,,y
3762,Rym TRI,Rym_TRI,4,260,2026-04-21 19:46:09.521,,y
3763,Oussama BEN,Oussama_BEN,4,261,2026-04-21 19:46:09.521,,y
3764,Aya KHI,Aya_KHI,4,262,2026-04-21 19:46:09.521,,y
3765,mahdi MOK,mahdi_MOK,4,263,2026-04-21 19:46:09.521,,y
3766,Eya MEL,Eya_MEL,4,398,2026-04-21 19:46:09.521,,y
3767,Ahmed Khalil ABI,Ahmed Khalil_ABI,4,265,2026-04-21 19:46:09.521,,y
3768,Lobna AMD,Lobna_AMD,4,1,2026-04-21 19:46:09.521,,y
3769,Ines SAA,Ines_SAA,4,266,2026-04-21 19:46:09.521,,y
3770,zorgati WAL,zorgati_WAL,4,399,2026-04-21 19:46:09.521,,y
3771,Digital Services VAL,Digital Services_VAL,4,268,2026-04-21 19:46:09.521,,y
3772,Chouaieb MAL,Chouaieb_MAL,4,269,2026-04-21 19:46:09.521,,y
3773,Mourad ABD,Mourad_ABD,4,270,2026-04-21 19:46:09.521,,y
3774,khouloud TUR,khouloud_TUR,4,271,2026-04-21 19:46:09.521,,y
3775,Alaeddine SEK,Alaeddine_SEK,4,272,2026-04-21 19:46:09.521,,y
3776,eya OUN,eya_OUN,4,273,2026-04-21 19:46:09.521,,y
3777,Dina LAA,Dina_LAA,4,274,2026-04-21 19:46:09.521,,y
3778,mariem MAR,mariem_MAR,4,232,2026-04-21 19:46:09.521,,y
3779,Cyrine LOU,Cyrine_LOU,4,275,2026-04-21 19:46:09.521,,y
3780,Marwa IDA,Marwa_IDA,4,276,2026-04-21 19:46:09.521,,y
3781,Iheb BJA,Iheb_BJA,4,225,2026-04-21 19:46:09.521,,y
3782,Rihab NAG,Rihab_NAG,4,277,2026-04-21 19:46:09.521,,y
3783,AHMED RAI,AHMED_RAI,4,278,2026-04-21 19:46:09.521,,y
3784,Khayri KHO,Khayri_KHO,4,279,2026-04-21 19:46:09.521,,y
3785,Lamia MER,Lamia_MER,4,280,2026-04-21 19:46:09.521,,y
3786,hiba AYT,hiba_AYT,4,281,2026-04-21 19:46:09.521,,y
3787,sayma GHA,sayma_GHA,4,282,2026-04-21 19:46:09.521,,y
3788,zeineb BEN,zeineb_BEN,4,283,2026-04-21 19:46:09.521,,y
3789,Cherifa BAR,Cherifa_BAR,4,284,2026-04-21 19:46:09.521,,y
3790,Amal SEL,Amal_SEL,4,285,2026-04-21 19:46:09.521,,y
3791,Ikram NSI,Ikram_NSI,4,286,2026-04-21 19:46:09.521,,y
3792,Slim GHA,Slim_GHA,4,287,2026-04-21 19:46:09.521,,y
3793,Sara LAS,Sara_LAS,4,288,2026-04-21 19:46:09.521,,y
3794,Anouar KHA,Anouar_KHA,4,289,2026-04-21 19:46:09.521,,y
3795,Mohamed RAM,Mohamed_RAM,4,290,2026-04-21 19:46:09.521,,y
3796,Sonia BEN,Sonia_BEN,4,291,2026-04-21 19:46:09.521,,y
3797,Jelaiel GHA,Jelaiel_GHA,4,292,2026-04-21 19:46:09.521,,y
3798,Hssan ABD,Hssan_ABD,4,293,2026-04-21 19:46:09.521,,y
3799,أمال الم,أمال_الم,4,294,2026-04-21 19:46:09.521,,y
3800,Senda EL,Senda_EL,4,295,2026-04-21 19:46:09.521,,y
3801,Taha KAD,Taha_KAD,4,296,2026-04-21 19:46:09.521,,y
3802,Houcem HAM,Houcem_HAM,4,297,2026-04-21 19:46:09.521,,y
3803,Arij BRA,Arij_BRA,4,298,2026-04-21 19:46:09.521,,y
3804,Mouadh MBA,Mouadh_MBA,4,299,2026-04-21 19:46:09.521,,y
3805,Mariem NEF,Mariem_NEF,4,300,2026-04-21 19:46:09.522,,y
3806,Abir GHA,Abir_GHA,4,301,2026-04-21 19:46:09.522,,y
3807,Amira BEN,Amira_BEN,4,302,2026-04-21 19:46:09.522,,y
3808,Roua KHE,Roua_KHE,4,303,2026-04-21 19:46:09.522,,y
3809,Manar BAL,Manar_BAL,4,304,2026-04-21 19:46:09.522,,y
3810,Fares BAZ,Fares_BAZ,4,305,2026-04-21 19:46:09.522,,y
3811,Abderrahim KHE,Abderrahim_KHE,4,306,2026-04-21 19:46:09.522,,y
3812,Marwa CHE,Marwa_CHE,4,307,2026-04-21 19:46:09.522,,y
3813,Hanen KHL,Hanen_KHL,4,308,2026-04-21 19:46:09.522,,y
3814,Imen AZZ,Imen_AZZ,4,4,2026-04-21 19:46:09.522,,y
3815,alaa BOU,alaa_BOU,4,309,2026-04-21 19:46:09.522,,y
3816,Fatma BOU,Fatma_BOU,4,310,2026-04-21 19:46:09.522,,y
3817,Sedki HAL,Sedki_HAL,4,311,2026-04-21 19:46:09.522,,y
3818,Oumaima OUE,Oumaima_OUE,4,312,2026-04-21 19:46:09.522,,y
3819,Soumaya REZ,Soumaya_REZ,4,313,2026-04-21 19:46:09.522,,y
3820,Wafa ZRI,Wafa_ZRI,4,314,2026-04-21 19:46:09.522,,y
3821,Yossra HLE,Yossra_HLE,4,315,2026-04-21 19:46:09.522,,y
3822,Mayssa JAL,Mayssa_JAL,4,316,2026-04-21 19:46:09.522,,y
3823,Chaima SAO,Chaima_SAO,4,317,2026-04-21 19:46:09.522,,y
3824,Safé SLI,Safé_SLI,4,318,2026-04-21 19:46:09.522,,y
3825,Wahida OCH,Wahida_OCH,4,319,2026-04-21 19:46:09.522,,y
3826,Rania KHE,Rania_KHE,4,320,2026-04-21 19:46:09.522,,y
3827,Amin HAR,Amin_HAR,4,321,2026-04-21 19:46:09.522,,y
3828,Marwa SAN,Marwa_SAN,4,322,2026-04-21 19:46:09.522,,y
3829,Line BEN,Line_BEN,4,323,2026-04-21 19:46:09.522,,y
3830,Rayen BEN,Rayen_BEN,4,324,2026-04-21 19:46:09.522,,y
3831,Samiha TEK,Samiha_TEK,4,325,2026-04-21 19:46:09.522,,y
3832,Jedidi GHA,Jedidi_GHA,4,326,2026-04-21 19:46:09.522,,y
3833,Amine RID,Amine_RID,4,327,2026-04-21 19:46:09.522,,y
3834,Trabelsi BAD,Trabelsi_BAD,4,328,2026-04-21 19:46:09.522,,y
3835,Mohamed Amine BJE,Mohamed Amine_BJE,4,329,2026-04-21 19:46:09.522,,y
3836,Amal AYD,Amal_AYD,4,330,2026-04-21 19:46:09.522,,y
3837,Kmar BAR,Kmar_BAR,4,331,2026-04-21 19:46:09.522,,y
3838,Fatma FRA,Fatma_FRA,4,332,2026-04-21 19:46:09.522,,y
3839,Hiba BEN,Hiba_BEN,4,333,2026-04-21 19:46:09.522,,y
3840,Mme BOU,Mme_BOU,4,334,2026-04-21 19:46:09.522,,y
3841,Ines CHU,Ines_CHU,4,335,2026-04-21 19:46:09.522,,y
3842,Feryel AMM,Feryel_AMM,4,336,2026-04-21 19:46:09.522,,y
3843,Jihen BEN,Jihen_BEN,4,337,2026-04-21 19:46:09.522,,y
3844,zahra WIE,zahra_WIE,4,338,2026-04-21 19:46:09.522,,y
3845,Hanen TOU,Hanen_TOU,4,339,2026-04-21 19:46:09.522,,y
3846,Rayen JRI,Rayen_JRI,4,340,2026-04-21 19:46:09.522,,y
3847,Sarah BAN,Sarah_BAN,4,341,2026-04-21 19:46:09.522,,y
3848,Fares HAM,Fares_HAM,4,342,2026-04-21 19:46:09.522,,y
3849,Imen MKA,Imen_MKA,4,343,2026-04-21 19:46:09.522,,y
3850,FATMA AMI,FATMA_AMI,4,344,2026-04-21 19:46:09.522,,y
3851,Mohamed BOU,Mohamed_BOU,4,345,2026-04-21 19:46:09.522,,y
3852,Jihen BEJ,Jihen_BEJ,4,346,2026-04-21 19:46:09.522,,y
3853,Roua KHE,Roua_KHE,4,347,2026-04-21 19:46:09.522,,y
3854,Mehdi MEZ,Mehdi_MEZ,4,348,2026-04-21 19:46:09.522,,y
3855,rahma JBE,rahma_JBE,4,349,2026-04-21 19:46:09.522,,y
3856,Asma LAM,Asma_LAM,4,350,2026-04-21 19:46:09.522,,y
3857,mohamed NHO,mohamed_NHO,4,351,2026-04-21 19:46:09.522,,y
3858,Houssem OUE,Houssem_OUE,4,352,2026-04-21 19:46:09.522,,y
3859,Ahlem AMR,Ahlem_AMR,4,353,2026-04-21 19:46:09.522,,y
3860,Saoussen KOU,Saoussen_KOU,4,354,2026-04-21 19:46:09.522,,y
3861,Lamia MER,Lamia_MER,4,355,2026-04-21 19:46:09.522,,y
3862,Syrine BEN,Syrine_BEN,4,356,2026-04-21 19:46:09.522,,y
3863,arfaoui MAR,arfaoui_MAR,4,357,2026-04-21 19:46:09.522,,y
3864,Salma BOU,Salma_BOU,4,358,2026-04-21 19:46:09.522,,y
3865,Souhail GOB,Souhail_GOB,4,359,2026-04-21 19:46:09.522,,y
3866,Zeineb NAC,Zeineb_NAC,4,360,2026-04-21 19:46:09.522,,y
3867,Mourad AZZ,Mourad_AZZ,4,361,2026-04-21 19:46:09.522,,y
3868,Eya OUE,Eya_OUE,4,362,2026-04-21 19:46:09.522,,y
3869,Yasmine BEN,Yasmine_BEN,4,363,2026-04-21 19:46:09.522,,y
3870,Rim JIL,Rim_JIL,4,364,2026-04-21 19:46:09.522,,y
3871,Ines BEL,Ines_BEL,4,365,2026-04-21 19:46:09.522,,y
3872,Baazaoui MAR,Baazaoui_MAR,4,366,2026-04-21 19:46:09.522,,y
3873,Sedki BEN,Sedki_BEN,4,367,2026-04-21 19:46:09.522,,y
3874,Aya BEN,Aya_BEN,4,368,2026-04-21 19:46:09.522,,y
3875,Wiem MHA,Wiem_MHA,4,369,2026-04-21 19:46:09.522,,y
3876,Ibrahim DOG,Ibrahim_DOG,4,370,2026-04-21 19:46:09.522,,y
3877,Ben daher MAL,Ben daher_MAL,4,371,2026-04-21 19:46:09.522,,y
3878,Ahmed GHA,Ahmed_GHA,4,372,2026-04-21 19:46:09.522,,y
3879,Mariem MNA,Mariem_MNA,4,373,2026-04-21 19:46:09.522,,y
3880,Rihem BCH,Rihem_BCH,4,374,2026-04-21 19:46:09.522,,y
3881,Jamila GHA,Jamila_GHA,4,400,2026-04-21 19:46:09.522,,y
3882,Lin GRI,Lin_GRI,4,376,2026-04-21 19:46:09.522,,y
3883,Rosanne MÉT,Rosanne_MÉT,4,377,2026-04-21 19:46:09.522,,y
3884,Aziz KCH,Aziz_KCH,4,378,2026-04-21 19:46:09.522,,y
3885,Dalel BEN,Dalel_BEN,4,379,2026-04-21 19:46:09.522,,y
3886,Haythem RAB,Haythem_RAB,4,380,2026-04-21 19:46:09.522,,y
3887,Mariem MAN,Mariem_MAN,4,381,2026-04-21 19:46:09.522,,y
3888,Safa RID,Safa_RID,4,382,2026-04-21 19:46:09.522,,y
3889,Talel CHA,Talel_CHA,4,383,2026-04-21 19:46:09.522,,y
3890,Tayssir BOU,Tayssir_BOU,4,384,2026-04-21 19:46:09.522,,y
3891,Force Management TRA,Force Management_TRA,4,385,2026-04-21 19:46:09.522,,y
3892,Yassmin HAJ,Yassmin_HAJ,4,386,2026-04-21 19:46:09.522,,y
3893,imed ABB,imed_ABB,4,387,2026-04-21 19:46:09.523,,y
3894,Marwa RID,Marwa_RID,4,388,2026-04-21 19:46:09.523,,y
3895,Arij BEN,Arij_BEN,4,389,2026-04-21 19:46:09.523,,y
3896,Nadia MLI,Nadia_MLI,4,390,2026-04-21 19:46:09.523,,y
3897,rabàa ISS,rabàa_ISS,4,391,2026-04-21 19:46:09.523,,y
3898,Manel SAL,Manel_SAL,4,392,2026-04-21 19:46:09.523,,y
3899,Makrem AZZ,Makrem_AZZ,4,393,2026-04-21 19:46:09.523,,y
3900,Manel CHA,Manel_CHA,4,394,2026-04-21 19:46:09.523,,y
3901,Abidi HOU,Abidi_HOU,4,395,2026-04-21 19:46:09.523,,y
3902,Anonym,Anonym,2,440,2026-04-21 19:46:09.524,,y
3903,Sofia TEC,Sofia_TEC,4,445,2026-04-21 19:46:09.525,,y
3904,Lamia GUE,Lamia_GUE,4,446,2026-04-21 19:46:09.525,,y
3905,Ahmed ABI,Ahmed_ABI,4,447,2026-04-21 19:46:09.525,,y
3906,Wifak BAN,Wifak_BAN,4,448,2026-04-21 19:46:09.525,,y
3907,Zayneb ABI,Zayneb_ABI,4,449,2026-04-21 19:46:09.525,,y
3908,Houda ABI,Houda_ABI,4,450,2026-04-21 19:46:09.525,,y
3909,Wael MNA,Wael_MNA,4,457,2026-04-21 19:46:09.525,,y
3910,Benhas MAL,Benhas_MAL,4,452,2026-04-21 19:46:09.525,,y
3911,Fatma DAN,Fatma_DAN,4,453,2026-04-21 19:46:09.525,,y
3912,Khouloud TBI,Khouloud_TBI,4,454,2026-04-21 19:46:09.525,,y
3913,Montassar ZID,Montassar_ZID,4,1,2026-04-21 19:46:09.525,,y
3914,Omar SOL,Omar_SOL,4,455,2026-04-21 19:46:09.525,,y
3915,Oumayma JER,Oumayma_JER,4,456,2026-04-21 19:46:09.525,,y
3916,Wijden TRA,Wijden_TRA,4,458,2026-04-21 19:46:09.525,,y
3917,Dina LAA,Dina_LAA,4,440,2026-04-21 19:46:09.525,,y
3918,mariem MAR,mariem_MAR,4,440,2026-04-21 19:46:09.525,,y
3919,Cyrine LOU,Cyrine_LOU,4,440,2026-04-21 19:46:09.525,,y
3920,Amira BEN,Amira_BEN,4,440,2026-04-21 19:46:09.525,,y
3921,Roua KHE,Roua_KHE,4,440,2026-04-21 19:46:09.525,,y
2415,Attijari Bank Direction Régionale Centre & Cap Bon, 0831595 P/A/M/000,1,418,2026-04-21 19:46:08.753,2026-04-21 19:46:08.883,n
2646,Attijari Bank,Not_specified,1,401,2026-04-21 19:46:09.215,2026-04-21 19:46:12.377,n
2648,Attijari Leasing,Not_specified,1,402,2026-04-21 19:46:09.215,2026-04-21 19:46:12.377,n
244,Tunis Call Center,0633781 K/A/M/000,1,406,2026-04-21 19:46:08.707,2026-04-21 19:46:08.883,n
2529,SAMFI,1070417 T/A/M/000,1,403,2026-04-21 19:46:08.996,2026-04-21 19:46:08.998,n
2554,SAMFI,46020C/A/M,1,403,2026-04-21 19:46:08.997,2026-04-21 19:46:08.999,n
2652,Digital Services Value,0608330 Q/A/M/000,1,440,2026-04-21 19:46:09.215,2026-04-21 19:46:08.999,n
2599,SOTIC,496311P/A/M/000,1,408,2026-04-21 19:46:08.999,2026-04-21 19:46:09.267,n
2603,SOTIC,Not_specified,1,408,2026-04-21 19:46:08.999,2026-04-21 19:46:09.267,n
2578,SAMFI,Not_specified,1,403,2026-04-21 19:46:08.998,2026-04-21 19:46:12.377,n
