productPK,product,productCode,categoryFK,startDate,endDate,flag
1,Unknown,Unknown,525,2026-04-21 19:46:07.880,,y
5256,Vide poche carré,Vide_poche_carré,525,2026-04-21 19:46:08.017,,y
5257,Fouta,Fouta,525,2026-04-21 19:46:08.017,,y
5258,Carafe Champagne,Carafe_Champagne,525,2026-04-21 19:46:08.017,,y
2,Vide Poche en verre sur pied en cuivre martelé,VP,525,2026-04-21 19:46:07.885,,y
3,Bonbonnière,BON,525,2026-04-21 19:46:07.885,,y
5259,Verre GF,Verre_GF,525,2026-04-21 19:46:08.017,,y
4,Présentoir en verre sur pied en cuivre martelé,PR,525,2026-04-21 19:46:07.886,,y
5260,Mouton T1,Mouton_T1,525,2026-04-21 19:46:08.017,,y
5261,Mouton T2,Mouton_T2,525,2026-04-21 19:46:08.017,,y
5,Bonbonnière en verre + couvercle en cuivre,BVC-001,525,2026-04-21 19:46:07.886,,y
5262,Vase Samak,Vase_Samak,525,2026-04-21 19:46:08.017,,y
6,Bonbonnière en verre + couvercle en cuivre,BVC-001,525,2026-04-21 19:46:07.886,,y
7,Bonbonnière en verre + couvercle en cuivre,BVC-001,525,2026-04-21 19:46:07.886,,y
8,Bonbonnière en verre + couvercle en cuivre,BVC-001,525,2026-04-21 19:46:07.886,,y
9,Bonbonnière en verre + couvercle en cuivre,BVC-001,525,2026-04-21 19:46:07.886,,y
10,Bonbonnière en verre,BV-001,525,2026-04-21 19:46:07.886,,y
11,Bonbonnière en verre + couvercle en cuivre,BVC-001,525,2026-04-21 19:46:07.890,,y
12,Bonbonnière en verre,BV-001,525,2026-04-21 19:46:07.891,,y
13,Bonbonnière en verre + couvercle en cuivre,BVC-001,525,2026-04-21 19:46:07.891,,y
14,Bonbonnière en verre + couvercle en cuivre,BVC-001,525,2026-04-21 19:46:07.892,,y
15,Bonbonnière en verre + couvercle en cuivre,BVC-001,525,2026-04-21 19:46:07.892,,y
16,Bonbonnière en verre + couvercle en cuivre,BVC-001,525,2026-04-21 19:46:07.892,,y
17,Bonbonnière en verre + couvercle en cuivre,BVC-001,525,2026-04-21 19:46:07.893,,y
18,Bonbonnière en verre + couvercle en cuivre,BVC-001,525,2026-04-21 19:46:07.893,,y
19,Bonbonnière en verre + couvercle en cuivre,BVC-001,525,2026-04-21 19:46:07.893,,y
20,Bonbonnière en verre + couvercle en cuivre,BVC-001,525,2026-04-21 19:46:07.893,,y
21,Bonbonnière en verre + couvercle en cuivre,BVC-001,525,2026-04-21 19:46:07.893,,y
22,Bonbonnière en verre + couvercle en cuivre,BVC-001,525,2026-04-21 19:46:07.893,,y
23,Bonbonnière en verre + couvercle en cuivre,BVC-001,525,2026-04-21 19:46:07.893,,y
24,Bonbonnière en verre + couvercle en cuivre,BVC-001,525,2026-04-21 19:46:07.893,,y
25,Bonbonnière en verre + couvercle en cuivre,BVC-001,525,2026-04-21 19:46:07.893,,y
26,Bonbonnière en verre + couvercle en cuivre,BVC-001,525,2026-04-21 19:46:07.893,,y
27,Bonbonnière en verre + couvercle en cuivre,BVC-001,525,2026-04-21 19:46:07.893,,y
28,Bonbonnière en verre + couvercle en cuivre,BVC-001,525,2026-04-21 19:46:07.893,,y
29,Bonbonnière en verre + couvercle en cuivre,BVC-001,525,2026-04-21 19:46:07.893,,y
30,Bonbonnière en verre,BV-001,525,2026-04-21 19:46:07.893,,y
31,Bonbonnière en verre + couvercle en cuivre,BVC-001,525,2026-04-21 19:46:07.893,,y
32,Bonbonnière en verre + couvercle en cuivre,BVC-001,525,2026-04-21 19:46:07.893,,y
33,Bonbonnière en verre + couvercle en cuivre,BVC-001,525,2026-04-21 19:46:07.893,,y
34,Bonbonnière en verre + couvercle en cuivre,BVC-001,525,2026-04-21 19:46:07.893,,y
35,Bonbonnière en verre + couvercle en cuivre,BVC-001,525,2026-04-21 19:46:07.895,,y
36,Bonbonnière en verre + couvercle en cuivre,BVC-001,525,2026-04-21 19:46:07.895,,y
37,Bonbonnière en verre + couvercle en cuivre,BVC-001,525,2026-04-21 19:46:07.895,,y
38,Bonbonnière en verre + couvercle en cuivre,BVC-001,525,2026-04-21 19:46:07.895,,y
39,Bonbonnière en verre + couvercle en cuivre,BVC-001,525,2026-04-21 19:46:07.895,,y
40,Bonbonnière en verre + couvercle en cuivre,BVC-001,525,2026-04-21 19:46:07.895,,y
41,Coffret Mathred + Lance Parfum + Chapelet,CMM,525,2026-04-21 19:46:07.895,,y
42,Stylos LilasDream,STL,525,2026-04-21 19:46:07.895,,y
43,Photophore Sidi Bousaid T1,Ph-T1,525,2026-04-21 19:46:07.895,,y
44,Photophore Sidi Bousaid T2,Ph-T2,525,2026-04-21 19:46:07.895,,y
45,Photophore Sidi Bousaid T3,Ph-T3,525,2026-04-21 19:46:07.895,,y
46,Photophore Sidi Bousaid T4,Ph-T4,525,2026-04-21 19:46:07.895,,y
47,Trio Bougies Sidi Bousaid,TB-01,525,2026-04-21 19:46:07.895,,y
48,Thermos à paille,TP-001,525,2026-04-21 19:46:07.895,,y
49,Personnalisation,Pers-1,525,2026-04-21 19:46:07.895,,y
50,Tote Bag personnalisé,TOT-001,525,2026-04-21 19:46:07.896,,y
51,Bonbonniére en verre craquelé + Cuivre,BVC-001,525,2026-04-21 19:46:07.896,,y
52,Bonbonnière Verre + Cuivre 1,BON-001,525,2026-04-21 19:46:07.896,,y
53,Bonbonnière Verre + Cuivre 2,BON-002,525,2026-04-21 19:46:07.896,,y
54,Bonbonnière en verre + couvercle en cuivre,BVC-001,525,2026-04-21 19:46:07.896,,y
55,Bonbonnière en verre + couvercle en cuivre,BVC-001,525,2026-04-21 19:46:07.896,,y
56,Bonbonnière en verre + couvercle en cuivre,BVC-001,525,2026-04-21 19:46:07.896,,y
57,Bonbonnière en verre + couvercle en cuivre,BVC-001,525,2026-04-21 19:46:07.896,,y
58,Bonbonnière en verre + couvercle en cuivre,BVC-001,525,2026-04-21 19:46:07.896,,y
59,Bonbonnière en verre,BV-001,525,2026-04-21 19:46:07.896,,y
60,Bonbonnière en verre + couvercle en cuivre,BVC-001,525,2026-04-21 19:46:07.896,,y
61,Bonbonnière en verre,BV-001,525,2026-04-21 19:46:07.896,,y
62,Bonbonnière en verre + couvercle en cuivre,BVC-001,525,2026-04-21 19:46:07.896,,y
63,Bonbonnière en verre + couvercle en cuivre,BVC-001,525,2026-04-21 19:46:07.896,,y
64,Bonbonnière en verre + couvercle en cuivre,BVC-001,525,2026-04-21 19:46:07.896,,y
65,Bonbonnière en verre + couvercle en cuivre,BVC-001,525,2026-04-21 19:46:07.896,,y
66,Bonbonnière en verre + couvercle en cuivre,BVC-001,525,2026-04-21 19:46:07.896,,y
67,Bonbonnière en verre + couvercle en cuivre,BVC-001,525,2026-04-21 19:46:07.896,,y
68,Bonbonnière en verre + couvercle en cuivre,BVC-001,525,2026-04-21 19:46:07.896,,y
69,Bonbonnière en verre + couvercle en cuivre,BVC-001,525,2026-04-21 19:46:07.896,,y
70,Bonbonnière en verre + couvercle en cuivre,BVC-001,525,2026-04-21 19:46:07.896,,y
71,Bonbonnière en verre + couvercle en cuivre,BVC-001,525,2026-04-21 19:46:07.897,,y
72,Bonbonnière en verre + couvercle en cuivre,BVC-001,525,2026-04-21 19:46:07.897,,y
73,Bonbonnière en verre + couvercle en cuivre,BVC-001,525,2026-04-21 19:46:07.897,,y
74,Bonbonnière en verre + couvercle en cuivre,BVC-001,525,2026-04-21 19:46:07.897,,y
75,Bonbonnière en verre + couvercle en cuivre,BVC-001,525,2026-04-21 19:46:07.897,,y
76,Bonbonnière en verre + couvercle en cuivre,BVC-001,525,2026-04-21 19:46:07.897,,y
77,Bonbonnière en verre + couvercle en cuivre,BVC-001,525,2026-04-21 19:46:07.897,,y
78,Bonbonnière en verre + couvercle en cuivre,BVC-001,525,2026-04-21 19:46:07.897,,y
79,Bonbonnière en verre,BV-001,525,2026-04-21 19:46:07.897,,y
80,Bonbonnière en verre + couvercle en cuivre,BVC-001,525,2026-04-21 19:46:07.897,,y
81,Bonbonnière en verre + couvercle en cuivre,BVC-001,525,2026-04-21 19:46:07.897,,y
82,Bonbonnière en verre + couvercle en cuivre,BVC-001,525,2026-04-21 19:46:07.897,,y
83,Bonbonnière en verre + couvercle en cuivre,BVC-001,525,2026-04-21 19:46:07.897,,y
84,Bonbonnière en verre + couvercle en cuivre,BVC-001,525,2026-04-21 19:46:07.897,,y
85,Bonbonnière en verre + couvercle en cuivre,BVC-001,525,2026-04-21 19:46:07.897,,y
86,Bonbonnière en verre + couvercle en cuivre,BVC-001,525,2026-04-21 19:46:07.897,,y
87,Bonbonnière en verre + couvercle en cuivre,BVC-001,525,2026-04-21 19:46:07.897,,y
88,Bonbonnière en verre + couvercle en cuivre,BVC-001,525,2026-04-21 19:46:07.897,,y
89,Bonbonnière en verre + couvercle en cuivre,BVC-001,525,2026-04-21 19:46:07.897,,y
90,Coffret Mathred + Lance Parfum + Chapelet,CMM,525,2026-04-21 19:46:07.897,,y
91,Stylos LilasDream,STL,525,2026-04-21 19:46:07.897,,y
92,Photophore Sidi Bousaid T1,Ph-T1,525,2026-04-21 19:46:07.897,,y
93,Photophore Sidi Bousaid T2,Ph-T2,525,2026-04-21 19:46:07.897,,y
94,Photophore Sidi Bousaid T3,Ph-T3,525,2026-04-21 19:46:07.897,,y
95,Photophore Sidi Bousaid T4,Ph-T4,525,2026-04-21 19:46:07.897,,y
96,Trio Bougies Sidi Bousaid,TB-01,525,2026-04-21 19:46:07.897,,y
97,Thermos à paille,TP-001,525,2026-04-21 19:46:07.897,,y
98,Personnalisation,Pers-1,525,2026-04-21 19:46:07.897,,y
99,Tote Bag personnalisé,TOT-001,525,2026-04-21 19:46:07.898,,y
100,Bonbonniére en verre craquelé + Cuivre,BVC-001,525,2026-04-21 19:46:07.898,,y
101,Bonbonnière Verre + Cuivre 1,BON-001,525,2026-04-21 19:46:07.898,,y
102,Bonbonnière Verre + Cuivre 2,BON-002,525,2026-04-21 19:46:07.898,,y
103,Bonbonnière en verre + couvercle en cuivre,BVC-001,525,2026-04-21 19:46:07.898,,y
104,Bonbonnière en verre + couvercle en cuivre,BVC-001,525,2026-04-21 19:46:07.898,,y
105,Bonbonnière en verre + couvercle en cuivre,BVC-001,525,2026-04-21 19:46:07.898,,y
106,Bonbonnière en verre + couvercle en cuivre,BVC-001,525,2026-04-21 19:46:07.898,,y
107,Bonbonnière en verre + couvercle en cuivre,BVC-001,525,2026-04-21 19:46:07.900,,y
108,Bonbonnière en verre,BV-001,525,2026-04-21 19:46:07.900,,y
109,Bonbonnière en verre + couvercle en cuivre,BVC-001,525,2026-04-21 19:46:07.900,,y
110,Bonbonnière en verre,BV-001,525,2026-04-21 19:46:07.900,,y
111,Bonbonnière en verre + couvercle en cuivre,BVC-001,525,2026-04-21 19:46:07.902,,y
112,Bonbonnière en verre + couvercle en cuivre,BVC-001,525,2026-04-21 19:46:07.902,,y
113,Bonbonnière en verre + couvercle en cuivre,BVC-001,525,2026-04-21 19:46:07.902,,y
114,Bonbonnière en verre + couvercle en cuivre,BVC-001,525,2026-04-21 19:46:07.902,,y
115,Bonbonnière en verre + couvercle en cuivre,BVC-001,525,2026-04-21 19:46:07.902,,y
116,Bonbonnière en verre + couvercle en cuivre,BVC-001,525,2026-04-21 19:46:07.902,,y
117,Bonbonnière en verre + couvercle en cuivre,BVC-001,525,2026-04-21 19:46:07.902,,y
118,Bonbonnière en verre + couvercle en cuivre,BVC-001,525,2026-04-21 19:46:07.902,,y
119,Bonbonnière en verre + couvercle en cuivre,BVC-001,525,2026-04-21 19:46:07.902,,y
120,Bonbonnière en verre + couvercle en cuivre,BVC-001,525,2026-04-21 19:46:07.902,,y
121,Bonbonnière en verre + couvercle en cuivre,BVC-001,525,2026-04-21 19:46:07.902,,y
122,Bonbonnière en verre + couvercle en cuivre,BVC-001,525,2026-04-21 19:46:07.902,,y
123,Bonbonnière en verre + couvercle en cuivre,BVC-001,525,2026-04-21 19:46:07.902,,y
124,Bonbonnière en verre + couvercle en cuivre,BVC-001,525,2026-04-21 19:46:07.902,,y
125,Bonbonnière en verre + couvercle en cuivre,BVC-001,525,2026-04-21 19:46:07.902,,y
126,Bonbonnière en verre + couvercle en cuivre,BVC-001,525,2026-04-21 19:46:07.902,,y
127,Bonbonnière en verre + couvercle en cuivre,BVC-001,525,2026-04-21 19:46:07.902,,y
128,Bonbonnière en verre,BV-001,525,2026-04-21 19:46:07.902,,y
129,Bonbonnière en verre + couvercle en cuivre,BVC-001,525,2026-04-21 19:46:07.903,,y
130,Bonbonnière en verre + couvercle en cuivre,BVC-001,525,2026-04-21 19:46:07.903,,y
131,Bonbonnière en verre + couvercle en cuivre,BVC-001,525,2026-04-21 19:46:07.903,,y
132,Bonbonnière en verre + couvercle en cuivre,BVC-001,525,2026-04-21 19:46:07.903,,y
133,Bonbonnière en verre + couvercle en cuivre,BVC-001,525,2026-04-21 19:46:07.903,,y
134,Bonbonnière en verre + couvercle en cuivre,BVC-001,525,2026-04-21 19:46:07.903,,y
135,Bonbonnière en verre + couvercle en cuivre,BVC-001,525,2026-04-21 19:46:07.903,,y
136,Bonbonnière en verre + couvercle en cuivre,BVC-001,525,2026-04-21 19:46:07.903,,y
137,Bonbonnière en verre + couvercle en cuivre,BVC-001,525,2026-04-21 19:46:07.903,,y
138,Bonbonnière en verre + couvercle en cuivre,BVC-001,525,2026-04-21 19:46:07.903,,y
139,Coffret Mathred + Lance Parfum + Chapelet,CMM,525,2026-04-21 19:46:07.903,,y
140,Stylos LilasDream,STL,525,2026-04-21 19:46:07.903,,y
141,Photophore Sidi Bousaid T1,Ph-T1,525,2026-04-21 19:46:07.903,,y
142,Photophore Sidi Bousaid T2,Ph-T2,525,2026-04-21 19:46:07.903,,y
143,Photophore Sidi Bousaid T3,Ph-T3,525,2026-04-21 19:46:07.903,,y
144,Photophore Sidi Bousaid T4,Ph-T4,525,2026-04-21 19:46:07.903,,y
145,Trio Bougies Sidi Bousaid,TB-01,525,2026-04-21 19:46:07.903,,y
146,Thermos à paille,TP-001,525,2026-04-21 19:46:07.903,,y
147,Personnalisation,Pers-1,525,2026-04-21 19:46:07.903,,y
148,Tote Bag personnalisé,TOT-001,525,2026-04-21 19:46:07.903,,y
149,Bonbonniére en verre craquelé + Cuivre,BVC-001,525,2026-04-21 19:46:07.903,,y
150,Bonbonnière Verre + Cuivre 1,BON-001,525,2026-04-21 19:46:07.903,,y
151,Bonbonnière Verre + Cuivre 2,BON-002,525,2026-04-21 19:46:07.903,,y
152,Bonbonnière en verre + couvercle en cuivre,BVC-001,525,2026-04-21 19:46:07.903,,y
153,Bonbonnière en verre + couvercle en cuivre,BVC-001,525,2026-04-21 19:46:07.903,,y
154,Bonbonnière en verre + couvercle en cuivre,BVC-001,525,2026-04-21 19:46:07.904,,y
155,Bonbonnière en verre + couvercle en cuivre,BVC-001,525,2026-04-21 19:46:07.904,,y
156,Bonbonnière en verre + couvercle en cuivre,BVC-001,525,2026-04-21 19:46:07.904,,y
157,Bonbonnière en verre,BV-001,525,2026-04-21 19:46:07.904,,y
158,Bonbonnière en verre + couvercle en cuivre,BVC-001,525,2026-04-21 19:46:07.904,,y
159,Bonbonnière en verre,BV-001,525,2026-04-21 19:46:07.904,,y
160,Bonbonnière en verre + couvercle en cuivre,BVC-001,525,2026-04-21 19:46:07.904,,y
161,Bonbonnière en verre + couvercle en cuivre,BVC-001,525,2026-04-21 19:46:07.904,,y
162,Bonbonnière en verre + couvercle en cuivre,BVC-001,525,2026-04-21 19:46:07.904,,y
163,Bonbonnière en verre + couvercle en cuivre,BVC-001,525,2026-04-21 19:46:07.904,,y
164,Bonbonnière en verre + couvercle en cuivre,BVC-001,525,2026-04-21 19:46:07.904,,y
165,Bonbonnière en verre + couvercle en cuivre,BVC-001,525,2026-04-21 19:46:07.904,,y
166,Bonbonnière en verre + couvercle en cuivre,BVC-001,525,2026-04-21 19:46:07.904,,y
167,Bonbonnière en verre + couvercle en cuivre,BVC-001,525,2026-04-21 19:46:07.904,,y
168,Bonbonnière en verre + couvercle en cuivre,BVC-001,525,2026-04-21 19:46:07.904,,y
169,Bonbonnière en verre + couvercle en cuivre,BVC-001,525,2026-04-21 19:46:07.904,,y
170,Bonbonnière en verre + couvercle en cuivre,BVC-001,525,2026-04-21 19:46:07.904,,y
171,Bonbonnière en verre + couvercle en cuivre,BVC-001,525,2026-04-21 19:46:07.904,,y
172,Bonbonnière en verre + couvercle en cuivre,BVC-001,525,2026-04-21 19:46:07.904,,y
173,Bonbonnière en verre + couvercle en cuivre,BVC-001,525,2026-04-21 19:46:07.904,,y
174,Bonbonnière en verre + couvercle en cuivre,BVC-001,525,2026-04-21 19:46:07.904,,y
175,Bonbonnière en verre + couvercle en cuivre,BVC-001,525,2026-04-21 19:46:07.904,,y
176,Bonbonnière en verre + couvercle en cuivre,BVC-001,525,2026-04-21 19:46:07.904,,y
177,Bonbonnière en verre,BV-001,525,2026-04-21 19:46:07.904,,y
178,Bonbonnière en verre + couvercle en cuivre,BVC-001,525,2026-04-21 19:46:07.904,,y
179,Bonbonnière en verre + couvercle en cuivre,BVC-001,525,2026-04-21 19:46:07.904,,y
180,Bonbonnière en verre + couvercle en cuivre,BVC-001,525,2026-04-21 19:46:07.904,,y
181,Bonbonnière en verre + couvercle en cuivre,BVC-001,525,2026-04-21 19:46:07.904,,y
182,Bonbonnière en verre + couvercle en cuivre,BVC-001,525,2026-04-21 19:46:07.904,,y
183,Bonbonnière en verre + couvercle en cuivre,BVC-001,525,2026-04-21 19:46:07.905,,y
184,Bonbonnière en verre + couvercle en cuivre,BVC-001,525,2026-04-21 19:46:07.905,,y
185,Bonbonnière en verre + couvercle en cuivre,BVC-001,525,2026-04-21 19:46:07.905,,y
186,Bonbonnière en verre + couvercle en cuivre,BVC-001,525,2026-04-21 19:46:07.905,,y
187,Bonbonnière en verre + couvercle en cuivre,BVC-001,525,2026-04-21 19:46:07.905,,y
188,Bonbonnière en verre + couvercle en cuivre,BVC-001,525,2026-04-21 19:46:07.905,,y
189,Coffret Mathred + Lance Parfum + Chapelet,CMM,525,2026-04-21 19:46:07.905,,y
190,Stylos LilasDream,STL,525,2026-04-21 19:46:07.905,,y
191,Photophore Sidi Bousaid T1,Ph-T1,525,2026-04-21 19:46:07.905,,y
192,Photophore Sidi Bousaid T2,Ph-T2,525,2026-04-21 19:46:07.905,,y
193,Photophore Sidi Bousaid T3,Ph-T3,525,2026-04-21 19:46:07.905,,y
194,Photophore Sidi Bousaid T4,Ph-T4,525,2026-04-21 19:46:07.905,,y
195,Trio Bougies Sidi Bousaid,TB-01,525,2026-04-21 19:46:07.905,,y
196,Thermos à paille,TP-001,525,2026-04-21 19:46:07.905,,y
197,Personnalisation,Pers-1,525,2026-04-21 19:46:07.905,,y
198,Tote Bag personnalisé,TOT-001,525,2026-04-21 19:46:07.905,,y
199,Bonbonniére en verre craquelé + Cuivre,BVC-001,525,2026-04-21 19:46:07.905,,y
200,Bonbonnière Verre + Cuivre 1,BON-001,525,2026-04-21 19:46:07.905,,y
201,Bonbonnière Verre + Cuivre 2,BON-002,525,2026-04-21 19:46:07.905,,y
202,Bonbonnière en verre + couvercle en cuivre,BVC-001,525,2026-04-21 19:46:07.905,,y
203,Bonbonnière en verre + couvercle en cuivre,BVC-001,525,2026-04-21 19:46:07.905,,y
204,Bonbonnière en verre + couvercle en cuivre,BVC-001,525,2026-04-21 19:46:07.905,,y
205,Bonbonnière en verre + couvercle en cuivre,BVC-001,525,2026-04-21 19:46:07.905,,y
206,Bonbonnière en verre + couvercle en cuivre,BVC-001,525,2026-04-21 19:46:07.905,,y
207,Bonbonnière en verre,BV-001,525,2026-04-21 19:46:07.905,,y
208,Bonbonnière en verre + couvercle en cuivre,BVC-001,525,2026-04-21 19:46:07.905,,y
209,Bonbonnière en verre,BV-001,525,2026-04-21 19:46:07.905,,y
210,Bonbonnière en verre + couvercle en cuivre,BVC-001,525,2026-04-21 19:46:07.905,,y
211,Bonbonnière en verre + couvercle en cuivre,BVC-001,525,2026-04-21 19:46:07.905,,y
212,Bonbonnière en verre + couvercle en cuivre,BVC-001,525,2026-04-21 19:46:07.905,,y
213,Bonbonnière en verre + couvercle en cuivre,BVC-001,525,2026-04-21 19:46:07.905,,y
214,Bonbonnière en verre + couvercle en cuivre,BVC-001,525,2026-04-21 19:46:07.905,,y
215,Bonbonnière en verre + couvercle en cuivre,BVC-001,525,2026-04-21 19:46:07.905,,y
216,Bonbonnière en verre + couvercle en cuivre,BVC-001,525,2026-04-21 19:46:07.905,,y
217,Bonbonnière en verre + couvercle en cuivre,BVC-001,525,2026-04-21 19:46:07.905,,y
218,Bonbonnière en verre + couvercle en cuivre,BVC-001,525,2026-04-21 19:46:07.905,,y
219,Bonbonnière en verre + couvercle en cuivre,BVC-001,525,2026-04-21 19:46:07.905,,y
220,Bonbonnière en verre + couvercle en cuivre,BVC-001,525,2026-04-21 19:46:07.905,,y
221,Bonbonnière en verre + couvercle en cuivre,BVC-001,525,2026-04-21 19:46:07.905,,y
222,Bonbonnière en verre,BV-001,525,2026-04-21 19:46:07.905,,y
223,Bonbonnière en verre + couvercle en cuivre,BVC-001,525,2026-04-21 19:46:07.905,,y
224,Bonbonnière en verre + couvercle en cuivre,BVC-001,525,2026-04-21 19:46:07.905,,y
225,Bonbonnière en verre + couvercle en cuivre,BVC-001,525,2026-04-21 19:46:07.906,,y
226,Bonbonnière en verre + couvercle en cuivre,BVC-001,525,2026-04-21 19:46:07.906,,y
227,Bonbonnière en verre + couvercle en cuivre,BVC-001,525,2026-04-21 19:46:07.906,,y
228,Bonbonnière en verre,BV-001,525,2026-04-21 19:46:07.906,,y
229,Bonbonnière en verre + couvercle en cuivre,BVC-001,525,2026-04-21 19:46:07.906,,y
230,Bonbonnière en verre + couvercle en cuivre,BVC-001,525,2026-04-21 19:46:07.906,,y
231,Bonbonnière en verre + couvercle en cuivre,BVC-001,525,2026-04-21 19:46:07.906,,y
232,Bonbonnière en verre + couvercle en cuivre,BVC-001,525,2026-04-21 19:46:07.906,,y
233,Bonbonnière en verre + couvercle en cuivre,BVC-001,525,2026-04-21 19:46:07.906,,y
234,Bonbonnière en verre + couvercle en cuivre,BVC-001,525,2026-04-21 19:46:07.906,,y
235,Bonbonnière en verre + couvercle en cuivre,BVC-001,525,2026-04-21 19:46:07.906,,y
236,Bonbonnière en verre + couvercle en cuivre,BVC-001,525,2026-04-21 19:46:07.906,,y
237,Bonbonnière en verre + couvercle en cuivre,BVC-001,525,2026-04-21 19:46:07.906,,y
238,Bonbonnière en verre + couvercle en cuivre,BVC-001,525,2026-04-21 19:46:07.906,,y
239,Coffret Mathred + Lance Parfum + Chapelet,CMM,525,2026-04-21 19:46:07.906,,y
240,Stylos LilasDream,STL,525,2026-04-21 19:46:07.906,,y
241,Photophore Sidi Bousaid T1,Ph-T1,525,2026-04-21 19:46:07.906,,y
242,Photophore Sidi Bousaid T2,Ph-T2,525,2026-04-21 19:46:07.906,,y
243,Photophore Sidi Bousaid T3,Ph-T3,525,2026-04-21 19:46:07.906,,y
244,Photophore Sidi Bousaid T4,Ph-T4,525,2026-04-21 19:46:07.906,,y
245,Trio Bougies Sidi Bousaid,TB-01,525,2026-04-21 19:46:07.906,,y
246,Thermos à paille,TP-001,525,2026-04-21 19:46:07.906,,y
247,Personnalisation,Pers-1,525,2026-04-21 19:46:07.906,,y
248,Tote Bag personnalisé,TOT-001,525,2026-04-21 19:46:07.906,,y
249,Bonbonniére en verre craquelé + Cuivre,BVC-001,525,2026-04-21 19:46:07.906,,y
250,Bonbonnière Verre + Cuivre 1,BON-001,525,2026-04-21 19:46:07.906,,y
251,Bonbonnière Verre + Cuivre 2,BON-002,525,2026-04-21 19:46:07.906,,y
252,Bonbonnière en verre + couvercle en cuivre,BVC-001,525,2026-04-21 19:46:07.906,,y
253,Bonbonnière en verre + couvercle en cuivre,BVC-001,525,2026-04-21 19:46:07.906,,y
254,Bonbonnière en verre + couvercle en cuivre,BVC-001,525,2026-04-21 19:46:07.906,,y
255,Bonbonnière en verre + couvercle en cuivre,BVC-001,525,2026-04-21 19:46:07.906,,y
256,Bonbonnière en verre + couvercle en cuivre,BVC-001,525,2026-04-21 19:46:07.906,,y
257,Bonbonnière en verre,BV-001,525,2026-04-21 19:46:07.906,,y
258,Bonbonnière en verre + couvercle en cuivre,BVC-001,525,2026-04-21 19:46:07.906,,y
259,Bonbonnière en verre,BV-001,525,2026-04-21 19:46:07.906,,y
260,Bonbonnière en verre + couvercle en cuivre,BVC-001,525,2026-04-21 19:46:07.906,,y
261,Bonbonnière en verre + couvercle en cuivre,BVC-001,525,2026-04-21 19:46:07.906,,y
262,Bonbonnière en verre + couvercle en cuivre,BVC-001,525,2026-04-21 19:46:07.907,,y
263,Bonbonnière en verre + couvercle en cuivre,BVC-001,525,2026-04-21 19:46:07.907,,y
264,Bonbonnière en verre + couvercle en cuivre,BVC-001,525,2026-04-21 19:46:07.907,,y
265,Bonbonnière en verre + couvercle en cuivre,BVC-001,525,2026-04-21 19:46:07.907,,y
266,Bonbonnière en verre + couvercle en cuivre,BVC-001,525,2026-04-21 19:46:07.907,,y
267,Bonbonnière en verre + couvercle en cuivre,BVC-001,525,2026-04-21 19:46:07.907,,y
268,Bonbonnière en verre + couvercle en cuivre,BVC-001,525,2026-04-21 19:46:07.907,,y
269,Bonbonnière en verre + couvercle en cuivre,BVC-001,525,2026-04-21 19:46:07.907,,y
270,Bonbonnière en verre + couvercle en cuivre,BVC-001,525,2026-04-21 19:46:07.907,,y
271,Bonbonnière en verre + couvercle en cuivre,BVC-001,525,2026-04-21 19:46:07.907,,y
272,Bonbonnière en verre + couvercle en cuivre,BVC-001,525,2026-04-21 19:46:07.907,,y
273,Bonbonnière en verre + couvercle en cuivre,BVC-001,525,2026-04-21 19:46:07.907,,y
274,Bonbonnière en verre + couvercle en cuivre,BVC-001,525,2026-04-21 19:46:07.907,,y
275,Bonbonnière en verre + couvercle en cuivre,BVC-001,525,2026-04-21 19:46:07.907,,y
276,Bonbonnière en verre + couvercle en cuivre,BVC-001,525,2026-04-21 19:46:07.907,,y
277,Bonbonnière en verre,BV-001,525,2026-04-21 19:46:07.907,,y
278,Bonbonnière en verre + couvercle en cuivre,BVC-001,525,2026-04-21 19:46:07.907,,y
279,Bonbonnière en verre + couvercle en cuivre,BVC-001,525,2026-04-21 19:46:07.907,,y
280,Bonbonnière en verre + couvercle en cuivre,BVC-001,525,2026-04-21 19:46:07.907,,y
281,Bonbonnière en verre + couvercle en cuivre,BVC-001,525,2026-04-21 19:46:07.907,,y
282,Bonbonnière en verre + couvercle en cuivre,BVC-001,525,2026-04-21 19:46:07.907,,y
283,Bonbonnière en verre + couvercle en cuivre,BVC-001,525,2026-04-21 19:46:07.907,,y
284,Bonbonnière en verre + couvercle en cuivre,BVC-001,525,2026-04-21 19:46:07.907,,y
285,Bonbonnière en verre + couvercle en cuivre,BVC-001,525,2026-04-21 19:46:07.907,,y
286,Bonbonnière en verre + couvercle en cuivre,BVC-001,525,2026-04-21 19:46:07.907,,y
287,Bonbonnière en verre + couvercle en cuivre,BVC-001,525,2026-04-21 19:46:07.907,,y
288,Coffret Mathred + Lance Parfum + Chapelet,CMM,525,2026-04-21 19:46:07.907,,y
289,Stylos LilasDream,STL,525,2026-04-21 19:46:07.907,,y
290,Photophore Sidi Bousaid T1,Ph-T1,525,2026-04-21 19:46:07.907,,y
291,Photophore Sidi Bousaid T2,Ph-T2,525,2026-04-21 19:46:07.907,,y
292,Photophore Sidi Bousaid T3,Ph-T3,525,2026-04-21 19:46:07.907,,y
293,Photophore Sidi Bousaid T4,Ph-T4,525,2026-04-21 19:46:07.907,,y
294,Trio Bougies Sidi Bousaid,TB-01,525,2026-04-21 19:46:07.907,,y
295,Thermos à paille,TP-001,525,2026-04-21 19:46:07.907,,y
296,Personnalisation,Pers-1,525,2026-04-21 19:46:07.907,,y
297,Tote Bag personnalisé,TOT-001,525,2026-04-21 19:46:07.907,,y
298,Bonbonniére en verre craquelé + Cuivre,BVC-001,525,2026-04-21 19:46:07.907,,y
299,Bonbonnière Verre + Cuivre 1,BON-001,525,2026-04-21 19:46:07.907,,y
300,Bonbonnière Verre + Cuivre 2,BON-002,525,2026-04-21 19:46:07.907,,y
301,Bonbonnière en verre + couvercle en cuivre,BVC-001,525,2026-04-21 19:46:07.907,,y
302,Bonbonnière en verre + couvercle en cuivre,BVC-001,525,2026-04-21 19:46:07.907,,y
303,Bonbonnière en verre + couvercle en cuivre,BVC-001,525,2026-04-21 19:46:07.907,,y
304,Bonbonnière en verre + couvercle en cuivre,BVC-001,525,2026-04-21 19:46:07.907,,y
305,Bonbonnière en verre + couvercle en cuivre,BVC-001,525,2026-04-21 19:46:07.907,,y
306,Bonbonnière en verre,BV-001,525,2026-04-21 19:46:07.907,,y
307,Bonbonnière en verre + couvercle en cuivre,BVC-001,525,2026-04-21 19:46:07.907,,y
308,Bonbonnière en verre,BV-001,525,2026-04-21 19:46:07.907,,y
309,Bonbonnière en verre + couvercle en cuivre,BVC-001,525,2026-04-21 19:46:07.907,,y
310,Bonbonnière en verre + couvercle en cuivre,BVC-001,525,2026-04-21 19:46:07.907,,y
311,Bonbonnière en verre + couvercle en cuivre,BVC-001,525,2026-04-21 19:46:07.908,,y
312,Bonbonnière en verre + couvercle en cuivre,BVC-001,525,2026-04-21 19:46:07.908,,y
313,Bonbonnière en verre + couvercle en cuivre,BVC-001,525,2026-04-21 19:46:07.908,,y
314,Bonbonnière en verre + couvercle en cuivre,BVC-001,525,2026-04-21 19:46:07.908,,y
315,Bonbonnière en verre + couvercle en cuivre,BVC-001,525,2026-04-21 19:46:07.908,,y
316,Bonbonnière en verre + couvercle en cuivre,BVC-001,525,2026-04-21 19:46:07.908,,y
317,Bonbonnière en verre + couvercle en cuivre,BVC-001,525,2026-04-21 19:46:07.908,,y
318,Bonbonnière en verre + couvercle en cuivre,BVC-001,525,2026-04-21 19:46:07.908,,y
319,Bonbonnière en verre + couvercle en cuivre,BVC-001,525,2026-04-21 19:46:07.908,,y
320,Bonbonnière en verre + couvercle en cuivre,BVC-001,525,2026-04-21 19:46:07.908,,y
321,Bonbonnière en verre + couvercle en cuivre,BVC-001,525,2026-04-21 19:46:07.908,,y
322,Bonbonnière en verre + couvercle en cuivre,BVC-001,525,2026-04-21 19:46:07.908,,y
323,Bonbonnière en verre + couvercle en cuivre,BVC-001,525,2026-04-21 19:46:07.908,,y
324,Bonbonnière en verre + couvercle en cuivre,BVC-001,525,2026-04-21 19:46:07.908,,y
325,Bonbonnière en verre + couvercle en cuivre,BVC-001,525,2026-04-21 19:46:07.908,,y
326,Bonbonnière en verre,BV-001,525,2026-04-21 19:46:07.908,,y
327,Bonbonnière en verre + couvercle en cuivre,BVC-001,525,2026-04-21 19:46:07.908,,y
328,Bonbonnière en verre + couvercle en cuivre,BVC-001,525,2026-04-21 19:46:07.908,,y
329,Bonbonnière en verre + couvercle en cuivre,BVC-001,525,2026-04-21 19:46:07.908,,y
330,Bonbonnière en verre + couvercle en cuivre,BVC-001,525,2026-04-21 19:46:07.908,,y
331,Bonbonnière en verre + couvercle en cuivre,BVC-001,525,2026-04-21 19:46:07.908,,y
332,Bonbonnière en verre + couvercle en cuivre,BVC-001,525,2026-04-21 19:46:07.908,,y
333,Bonbonnière en verre + couvercle en cuivre,BVC-001,525,2026-04-21 19:46:07.908,,y
334,Bonbonnière en verre + couvercle en cuivre,BVC-001,525,2026-04-21 19:46:07.908,,y
335,Bonbonnière en verre + couvercle en cuivre,BVC-001,525,2026-04-21 19:46:07.908,,y
336,Bonbonnière en verre + couvercle en cuivre,BVC-001,525,2026-04-21 19:46:07.908,,y
337,Coffret Mathred + Lance Parfum + Chapelet,CMM,525,2026-04-21 19:46:07.908,,y
338,Stylos LilasDream,STL,525,2026-04-21 19:46:07.908,,y
339,Photophore Sidi Bousaid T1,Ph-T1,525,2026-04-21 19:46:07.908,,y
340,Photophore Sidi Bousaid T2,Ph-T2,525,2026-04-21 19:46:07.908,,y
341,Photophore Sidi Bousaid T3,Ph-T3,525,2026-04-21 19:46:07.908,,y
342,Photophore Sidi Bousaid T4,Ph-T4,525,2026-04-21 19:46:07.908,,y
343,Trio Bougies Sidi Bousaid,TB-01,525,2026-04-21 19:46:07.908,,y
344,Thermos à paille,TP-001,525,2026-04-21 19:46:07.908,,y
345,Personnalisation,Pers-1,525,2026-04-21 19:46:07.908,,y
346,Tote Bag personnalisé,TOT-001,525,2026-04-21 19:46:07.908,,y
347,Bonbonniére en verre craquelé + Cuivre,BVC-001,525,2026-04-21 19:46:07.908,,y
348,Bonbonnière Verre + Cuivre 1,BON-001,525,2026-04-21 19:46:07.908,,y
349,Bonbonnière Verre + Cuivre 2,BON-002,525,2026-04-21 19:46:07.908,,y
350,Bonbonnière en verre + couvercle en cuivre,BVC-001,525,2026-04-21 19:46:07.908,,y
351,Bonbonnière en verre + couvercle en cuivre,BVC-001,525,2026-04-21 19:46:07.908,,y
352,Bonbonnière en verre + couvercle en cuivre,BVC-001,525,2026-04-21 19:46:07.908,,y
353,Bonbonnière en verre + couvercle en cuivre,BVC-001,525,2026-04-21 19:46:07.908,,y
354,Bonbonnière en verre + couvercle en cuivre,BVC-001,525,2026-04-21 19:46:07.908,,y
355,Bonbonnière en verre,BV-001,525,2026-04-21 19:46:07.908,,y
356,Bonbonnière en verre + couvercle en cuivre,BVC-001,525,2026-04-21 19:46:07.908,,y
357,Bonbonnière en verre + couvercle en cuivre,BVC-001,525,2026-04-21 19:46:07.908,,y
358,Bonbonnière en verre + couvercle en cuivre,BVC-001,525,2026-04-21 19:46:07.908,,y
359,Bonbonnière en verre + couvercle en cuivre,BVC-001,525,2026-04-21 19:46:07.909,,y
360,Bonbonnière en verre + couvercle en cuivre,BVC-001,525,2026-04-21 19:46:07.909,,y
361,Bonbonnière en verre + couvercle en cuivre,BVC-001,525,2026-04-21 19:46:07.909,,y
362,Bonbonnière en verre + couvercle en cuivre,BVC-001,525,2026-04-21 19:46:07.909,,y
363,Bonbonnière en verre + couvercle en cuivre,BVC-001,525,2026-04-21 19:46:07.909,,y
364,Bonbonnière en verre + couvercle en cuivre,BVC-001,525,2026-04-21 19:46:07.909,,y
365,Bonbonnière en verre + couvercle en cuivre,BVC-001,525,2026-04-21 19:46:07.909,,y
366,Bonbonnière en verre + couvercle en cuivre,BVC-001,525,2026-04-21 19:46:07.909,,y
367,Bonbonnière en verre + couvercle en cuivre,BVC-001,525,2026-04-21 19:46:07.909,,y
368,Bonbonnière en verre + couvercle en cuivre,BVC-001,525,2026-04-21 19:46:07.909,,y
369,Bonbonnière en verre + couvercle en cuivre,BVC-001,525,2026-04-21 19:46:07.909,,y
370,Bonbonnière en verre + couvercle en cuivre,BVC-001,525,2026-04-21 19:46:07.909,,y
371,Bonbonnière en verre + couvercle en cuivre,BVC-001,525,2026-04-21 19:46:07.909,,y
372,Bonbonnière en verre + couvercle en cuivre,BVC-001,525,2026-04-21 19:46:07.909,,y
373,Bonbonnière en verre,BV-001,525,2026-04-21 19:46:07.909,,y
374,Bonbonnière en verre + couvercle en cuivre,BVC-001,525,2026-04-21 19:46:07.909,,y
375,Bonbonnière en verre + couvercle en cuivre,BVC-001,525,2026-04-21 19:46:07.909,,y
376,Bonbonnière en verre + couvercle en cuivre,BVC-001,525,2026-04-21 19:46:07.909,,y
377,Bonbonnière en verre + couvercle en cuivre,BVC-001,525,2026-04-21 19:46:07.909,,y
378,Bonbonnière en verre + couvercle en cuivre,BVC-001,525,2026-04-21 19:46:07.909,,y
379,Bonbonnière en verre + couvercle en cuivre,BVC-001,525,2026-04-21 19:46:07.909,,y
380,Bonbonnière en verre + couvercle en cuivre,BVC-001,525,2026-04-21 19:46:07.909,,y
381,Bonbonnière en verre + couvercle en cuivre,BVC-001,525,2026-04-21 19:46:07.909,,y
382,Bonbonnière en verre + couvercle en cuivre,BVC-001,525,2026-04-21 19:46:07.909,,y
383,Bonbonnière en verre + couvercle en cuivre,BVC-001,525,2026-04-21 19:46:07.909,,y
384,Coffret Mathred + Lance Parfum + Chapelet,CMM,525,2026-04-21 19:46:07.909,,y
385,Stylos LilasDream,STL,525,2026-04-21 19:46:07.909,,y
386,Photophore Sidi Bousaid T1,Ph-T1,525,2026-04-21 19:46:07.909,,y
387,Photophore Sidi Bousaid T2,Ph-T2,525,2026-04-21 19:46:07.909,,y
388,Photophore Sidi Bousaid T3,Ph-T3,525,2026-04-21 19:46:07.909,,y
389,Photophore Sidi Bousaid T4,Ph-T4,525,2026-04-21 19:46:07.909,,y
390,Trio Bougies Sidi Bousaid,TB-01,525,2026-04-21 19:46:07.909,,y
391,Thermos à paille,TP-001,525,2026-04-21 19:46:07.909,,y
392,Personnalisation,Pers-1,525,2026-04-21 19:46:07.909,,y
393,Tote Bag personnalisé,TOT-001,525,2026-04-21 19:46:07.909,,y
394,Bonbonniére en verre craquelé + Cuivre,BVC-001,525,2026-04-21 19:46:07.909,,y
395,Bonbonnière Verre + Cuivre 1,BON-001,525,2026-04-21 19:46:07.909,,y
396,Trio Bougies Sidi Bousaid,TB-01,525,2026-04-21 19:46:07.909,,y
397,Bonbonnière Verre + Cuivre 2,BON-002,525,2026-04-21 19:46:07.909,,y
398,Bonbonnière en verre + couvercle en cuivre,BVC-001,525,2026-04-21 19:46:07.909,,y
399,Bonbonnière en verre + couvercle en cuivre,BVC-001,525,2026-04-21 19:46:07.909,,y
400,Bonbonnière en verre + couvercle en cuivre,BVC-001,525,2026-04-21 19:46:07.909,,y
401,Bonbonnière en verre + couvercle en cuivre,BVC-001,525,2026-04-21 19:46:07.909,,y
402,Bonbonnière en verre + couvercle en cuivre,BVC-001,525,2026-04-21 19:46:07.909,,y
403,Bonbonnière en verre,BV-001,525,2026-04-21 19:46:07.909,,y
404,Bonbonnière en verre + couvercle en cuivre,BVC-001,525,2026-04-21 19:46:07.909,,y
405,Bonbonnière en verre,BV-001,525,2026-04-21 19:46:07.909,,y
406,Bonbonnière en verre + couvercle en cuivre,BVC-001,525,2026-04-21 19:46:07.909,,y
407,Bonbonnière en verre + couvercle en cuivre,BVC-001,525,2026-04-21 19:46:07.909,,y
408,Bonbonnière en verre + couvercle en cuivre,BVC-001,525,2026-04-21 19:46:07.910,,y
409,Bonbonnière en verre + couvercle en cuivre,BVC-001,525,2026-04-21 19:46:07.910,,y
410,Bonbonnière en verre + couvercle en cuivre,BVC-001,525,2026-04-21 19:46:07.910,,y
411,Bonbonnière en verre + couvercle en cuivre,BVC-001,525,2026-04-21 19:46:07.910,,y
412,Bonbonnière en verre + couvercle en cuivre,BVC-001,525,2026-04-21 19:46:07.910,,y
413,Bonbonnière en verre + couvercle en cuivre,BVC-001,525,2026-04-21 19:46:07.910,,y
414,Bonbonnière en verre + couvercle en cuivre,BVC-001,525,2026-04-21 19:46:07.910,,y
415,Bonbonnière en verre + couvercle en cuivre,BVC-001,525,2026-04-21 19:46:07.910,,y
416,Bonbonnière en verre + couvercle en cuivre,BVC-001,525,2026-04-21 19:46:07.910,,y
417,Bonbonnière en verre + couvercle en cuivre,BVC-001,525,2026-04-21 19:46:07.910,,y
418,Bonbonnière en verre + couvercle en cuivre,BVC-001,525,2026-04-21 19:46:07.910,,y
419,Bonbonnière en verre + couvercle en cuivre,BVC-001,525,2026-04-21 19:46:07.910,,y
420,Bonbonnière en verre + couvercle en cuivre,BVC-001,525,2026-04-21 19:46:07.910,,y
421,Bonbonnière en verre + couvercle en cuivre,BVC-001,525,2026-04-21 19:46:07.910,,y
422,Bonbonnière en verre + couvercle en cuivre,BVC-001,525,2026-04-21 19:46:07.910,,y
423,Bonbonnière en verre,BV-001,525,2026-04-21 19:46:07.910,,y
424,Bonbonnière en verre + couvercle en cuivre,BVC-001,525,2026-04-21 19:46:07.910,,y
425,Bonbonnière en verre + couvercle en cuivre,BVC-001,525,2026-04-21 19:46:07.910,,y
426,Bonbonnière en verre + couvercle en cuivre,BVC-001,525,2026-04-21 19:46:07.910,,y
427,Bonbonnière en verre + couvercle en cuivre,BVC-001,525,2026-04-21 19:46:07.910,,y
428,Bonbonnière en verre + couvercle en cuivre,BVC-001,525,2026-04-21 19:46:07.910,,y
429,Bonbonnière en verre + couvercle en cuivre,BVC-001,525,2026-04-21 19:46:07.910,,y
430,Bonbonnière en verre + couvercle en cuivre,BVC-001,525,2026-04-21 19:46:07.910,,y
431,Bonbonnière en verre + couvercle en cuivre,BVC-001,525,2026-04-21 19:46:07.910,,y
432,Bonbonnière en verre + couvercle en cuivre,BVC-001,525,2026-04-21 19:46:07.910,,y
433,Bonbonnière en verre + couvercle en cuivre,BVC-001,525,2026-04-21 19:46:07.910,,y
434,Coffret Mathred + Lance Parfum + Chapelet,CMM,525,2026-04-21 19:46:07.910,,y
435,Stylos LilasDream,STL,525,2026-04-21 19:46:07.910,,y
436,Photophore Sidi Bousaid T1,Ph-T1,525,2026-04-21 19:46:07.910,,y
437,Photophore Sidi Bousaid T2,Ph-T2,525,2026-04-21 19:46:07.910,,y
438,Photophore Sidi Bousaid T3,Ph-T3,525,2026-04-21 19:46:07.910,,y
439,Photophore Sidi Bousaid T4,Ph-T4,525,2026-04-21 19:46:07.910,,y
440,Thermos à paille,TP-001,525,2026-04-21 19:46:07.910,,y
441,Personnalisation,Pers-1,525,2026-04-21 19:46:07.910,,y
442,Tote Bag personnalisé,TOT-001,525,2026-04-21 19:46:07.910,,y
443,Bonbonniére en verre craquelé + Cuivre,BVC-001,525,2026-04-21 19:46:07.910,,y
444,Bonbonnière Verre + Cuivre 1,BON-001,525,2026-04-21 19:46:07.910,,y
445,Bonbonnière Verre + Cuivre 2,BON-002,525,2026-04-21 19:46:07.910,,y
446,Bonbonnière en verre + couvercle en cuivre,BVC-001,525,2026-04-21 19:46:07.910,,y
447,Bonbonnière en verre + couvercle en cuivre,BVC-001,525,2026-04-21 19:46:07.910,,y
448,Bonbonnière en verre + couvercle en cuivre,BVC-001,525,2026-04-21 19:46:07.910,,y
449,Bonbonnière en verre + couvercle en cuivre,BVC-001,525,2026-04-21 19:46:07.910,,y
450,Bonbonnière en verre + couvercle en cuivre,BVC-001,525,2026-04-21 19:46:07.910,,y
451,Bonbonnière en verre,BV-001,525,2026-04-21 19:46:07.910,,y
452,Bonbonnière en verre + couvercle en cuivre,BVC-001,525,2026-04-21 19:46:07.910,,y
453,Bonbonnière en verre,BV-001,525,2026-04-21 19:46:07.910,,y
454,Bonbonnière en verre + couvercle en cuivre,BVC-001,525,2026-04-21 19:46:07.910,,y
455,Bonbonnière en verre + couvercle en cuivre,BVC-001,525,2026-04-21 19:46:07.910,,y
456,Bonbonnière en verre + couvercle en cuivre,BVC-001,525,2026-04-21 19:46:07.910,,y
457,Bonbonnière en verre + couvercle en cuivre,BVC-001,525,2026-04-21 19:46:07.910,,y
458,Bonbonnière en verre + couvercle en cuivre,BVC-001,525,2026-04-21 19:46:07.910,,y
459,Bonbonnière en verre + couvercle en cuivre,BVC-001,525,2026-04-21 19:46:07.910,,y
460,Bonbonnière en verre + couvercle en cuivre,BVC-001,525,2026-04-21 19:46:07.910,,y
461,Bonbonnière en verre + couvercle en cuivre,BVC-001,525,2026-04-21 19:46:07.910,,y
462,Bonbonnière en verre + couvercle en cuivre,BVC-001,525,2026-04-21 19:46:07.910,,y
463,Bonbonnière en verre + couvercle en cuivre,BVC-001,525,2026-04-21 19:46:07.910,,y
464,Bonbonnière en verre + couvercle en cuivre,BVC-001,525,2026-04-21 19:46:07.910,,y
465,Bonbonnière en verre + couvercle en cuivre,BVC-001,525,2026-04-21 19:46:07.910,,y
466,Bonbonnière en verre + couvercle en cuivre,BVC-001,525,2026-04-21 19:46:07.910,,y
467,Bonbonnière en verre + couvercle en cuivre,BVC-001,525,2026-04-21 19:46:07.911,,y
468,Bonbonnière en verre + couvercle en cuivre,BVC-001,525,2026-04-21 19:46:07.911,,y
469,Bonbonnière en verre + couvercle en cuivre,BVC-001,525,2026-04-21 19:46:07.911,,y
470,Bonbonnière en verre + couvercle en cuivre,BVC-001,525,2026-04-21 19:46:07.911,,y
471,Bonbonnière en verre,BV-001,525,2026-04-21 19:46:07.911,,y
472,Bonbonnière en verre + couvercle en cuivre,BVC-001,525,2026-04-21 19:46:07.911,,y
473,Bonbonnière en verre + couvercle en cuivre,BVC-001,525,2026-04-21 19:46:07.911,,y
474,Bonbonnière en verre + couvercle en cuivre,BVC-001,525,2026-04-21 19:46:07.911,,y
475,Bonbonnière en verre + couvercle en cuivre,BVC-001,525,2026-04-21 19:46:07.911,,y
476,Bonbonnière en verre + couvercle en cuivre,BVC-001,525,2026-04-21 19:46:07.911,,y
477,Bonbonnière en verre + couvercle en cuivre,BVC-001,525,2026-04-21 19:46:07.911,,y
478,Bonbonnière en verre + couvercle en cuivre,BVC-001,525,2026-04-21 19:46:07.911,,y
479,Bonbonnière en verre + couvercle en cuivre,BVC-001,525,2026-04-21 19:46:07.911,,y
480,Bonbonnière en verre + couvercle en cuivre,BVC-001,525,2026-04-21 19:46:07.911,,y
481,Bonbonnière en verre + couvercle en cuivre,BVC-001,525,2026-04-21 19:46:07.911,,y
482,Coffret Mathred + Lance Parfum + Chapelet,CMM,525,2026-04-21 19:46:07.911,,y
483,Stylos LilasDream,STL,525,2026-04-21 19:46:07.911,,y
484,Photophore Sidi Bousaid T1,Ph-T1,525,2026-04-21 19:46:07.911,,y
485,Photophore Sidi Bousaid T2,Ph-T2,525,2026-04-21 19:46:07.911,,y
486,Photophore Sidi Bousaid T3,Ph-T3,525,2026-04-21 19:46:07.911,,y
487,Photophore Sidi Bousaid T4,Ph-T4,525,2026-04-21 19:46:07.911,,y
488,Trio Bougies Sidi Bousaid,TB-01,525,2026-04-21 19:46:07.911,,y
489,Thermos à paille,TP-001,525,2026-04-21 19:46:07.911,,y
490,Personnalisation,Pers-1,525,2026-04-21 19:46:07.911,,y
491,Tote Bag personnalisé,TOT-001,525,2026-04-21 19:46:07.911,,y
492,Bonbonniére en verre craquelé + Cuivre,BVC-001,525,2026-04-21 19:46:07.911,,y
493,Bonbonnière Verre + Cuivre 1,BON-001,525,2026-04-21 19:46:07.911,,y
494,Bonbonnière Verre + Cuivre 2,BON-002,525,2026-04-21 19:46:07.911,,y
495,Bonbonnière en verre + couvercle en cuivre,BVC-001,525,2026-04-21 19:46:07.911,,y
496,Bonbonnière en verre + couvercle en cuivre,BVC-001,525,2026-04-21 19:46:07.911,,y
497,Bonbonnière en verre + couvercle en cuivre,BVC-001,525,2026-04-21 19:46:07.911,,y
498,Bonbonnière en verre + couvercle en cuivre,BVC-001,525,2026-04-21 19:46:07.911,,y
499,Bonbonnière en verre + couvercle en cuivre,BVC-001,525,2026-04-21 19:46:07.911,,y
500,Bonbonnière en verre,BV-001,525,2026-04-21 19:46:07.911,,y
501,Bonbonnière en verre + couvercle en cuivre,BVC-001,525,2026-04-21 19:46:07.911,,y
502,Bonbonnière en verre,BV-001,525,2026-04-21 19:46:07.911,,y
503,Bonbonnière en verre + couvercle en cuivre,BVC-001,525,2026-04-21 19:46:07.911,,y
504,Bonbonnière en verre + couvercle en cuivre,BVC-001,525,2026-04-21 19:46:07.911,,y
505,Bonbonnière en verre + couvercle en cuivre,BVC-001,525,2026-04-21 19:46:07.911,,y
506,Bonbonnière en verre + couvercle en cuivre,BVC-001,525,2026-04-21 19:46:07.911,,y
507,Bonbonnière en verre + couvercle en cuivre,BVC-001,525,2026-04-21 19:46:07.911,,y
508,Bonbonnière en verre + couvercle en cuivre,BVC-001,525,2026-04-21 19:46:07.911,,y
509,Bonbonnière en verre + couvercle en cuivre,BVC-001,525,2026-04-21 19:46:07.911,,y
510,Bonbonnière en verre + couvercle en cuivre,BVC-001,525,2026-04-21 19:46:07.911,,y
511,Bonbonnière en verre + couvercle en cuivre,BVC-001,525,2026-04-21 19:46:07.911,,y
512,Bonbonnière en verre + couvercle en cuivre,BVC-001,525,2026-04-21 19:46:07.911,,y
513,Bonbonnière en verre + couvercle en cuivre,BVC-001,525,2026-04-21 19:46:07.911,,y
514,Bonbonnière en verre + couvercle en cuivre,BVC-001,525,2026-04-21 19:46:07.911,,y
515,Bonbonnière en verre + couvercle en cuivre,BVC-001,525,2026-04-21 19:46:07.911,,y
516,Bonbonnière en verre + couvercle en cuivre,BVC-001,525,2026-04-21 19:46:07.911,,y
517,Bonbonnière en verre + couvercle en cuivre,BVC-001,525,2026-04-21 19:46:07.911,,y
518,Bonbonnière en verre + couvercle en cuivre,BVC-001,525,2026-04-21 19:46:07.911,,y
519,Bonbonnière en verre + couvercle en cuivre,BVC-001,525,2026-04-21 19:46:07.911,,y
520,Bonbonnière en verre,BV-001,525,2026-04-21 19:46:07.911,,y
521,Bonbonnière en verre + couvercle en cuivre,BVC-001,525,2026-04-21 19:46:07.911,,y
522,Bonbonnière en verre + couvercle en cuivre,BVC-001,525,2026-04-21 19:46:07.911,,y
523,Bonbonnière en verre + couvercle en cuivre,BVC-001,525,2026-04-21 19:46:07.911,,y
524,Bonbonnière en verre + couvercle en cuivre,BVC-001,525,2026-04-21 19:46:07.911,,y
525,Bonbonnière en verre + couvercle en cuivre,BVC-001,525,2026-04-21 19:46:07.911,,y
526,Bonbonnière en verre + couvercle en cuivre,BVC-001,525,2026-04-21 19:46:07.911,,y
527,Bonbonnière en verre + couvercle en cuivre,BVC-001,525,2026-04-21 19:46:07.911,,y
528,Bonbonnière en verre + couvercle en cuivre,BVC-001,525,2026-04-21 19:46:07.911,,y
529,Bonbonnière en verre + couvercle en cuivre,BVC-001,525,2026-04-21 19:46:07.912,,y
530,Bonbonnière en verre + couvercle en cuivre,BVC-001,525,2026-04-21 19:46:07.912,,y
531,Coffret Mathred + Lance Parfum + Chapelet,CMM,525,2026-04-21 19:46:07.912,,y
532,Stylos LilasDream,STL,525,2026-04-21 19:46:07.912,,y
533,Photophore Sidi Bousaid T1,Ph-T1,525,2026-04-21 19:46:07.912,,y
534,Photophore Sidi Bousaid T2,Ph-T2,525,2026-04-21 19:46:07.912,,y
535,Photophore Sidi Bousaid T3,Ph-T3,525,2026-04-21 19:46:07.912,,y
536,Photophore Sidi Bousaid T4,Ph-T4,525,2026-04-21 19:46:07.912,,y
537,Trio Bougies Sidi Bousaid,TB-01,525,2026-04-21 19:46:07.912,,y
538,Thermos à paille,TP-001,525,2026-04-21 19:46:07.912,,y
539,Personnalisation,Pers-1,525,2026-04-21 19:46:07.912,,y
540,Tote Bag personnalisé,TOT-001,525,2026-04-21 19:46:07.912,,y
541,Bonbonniére en verre craquelé + Cuivre,BVC-001,525,2026-04-21 19:46:07.912,,y
542,Bonbonnière Verre + Cuivre 1,BON-001,525,2026-04-21 19:46:07.912,,y
543,Bonbonnière Verre + Cuivre 2,BON-002,525,2026-04-21 19:46:07.912,,y
544,Bonbonnière en verre + couvercle en cuivre,BVC-001,525,2026-04-21 19:46:07.912,,y
545,Bonbonnière en verre + couvercle en cuivre,BVC-001,525,2026-04-21 19:46:07.912,,y
546,Bonbonnière en verre + couvercle en cuivre,BVC-001,525,2026-04-21 19:46:07.912,,y
547,Bonbonnière en verre + couvercle en cuivre,BVC-001,525,2026-04-21 19:46:07.912,,y
548,Bonbonnière en verre + couvercle en cuivre,BVC-001,525,2026-04-21 19:46:07.912,,y
549,Bonbonnière en verre,BV-001,525,2026-04-21 19:46:07.912,,y
550,Bonbonnière en verre + couvercle en cuivre,BVC-001,525,2026-04-21 19:46:07.912,,y
551,Bonbonnière en verre,BV-001,525,2026-04-21 19:46:07.912,,y
552,Bonbonnière en verre + couvercle en cuivre,BVC-001,525,2026-04-21 19:46:07.912,,y
553,Bonbonnière en verre + couvercle en cuivre,BVC-001,525,2026-04-21 19:46:07.912,,y
554,Bonbonnière en verre + couvercle en cuivre,BVC-001,525,2026-04-21 19:46:07.912,,y
555,Bonbonnière en verre + couvercle en cuivre,BVC-001,525,2026-04-21 19:46:07.912,,y
556,Bonbonnière en verre + couvercle en cuivre,BVC-001,525,2026-04-21 19:46:07.912,,y
557,Bonbonnière en verre + couvercle en cuivre,BVC-001,525,2026-04-21 19:46:07.912,,y
558,Bonbonnière en verre + couvercle en cuivre,BVC-001,525,2026-04-21 19:46:07.912,,y
559,Bonbonnière en verre + couvercle en cuivre,BVC-001,525,2026-04-21 19:46:07.912,,y
560,Bonbonnière en verre + couvercle en cuivre,BVC-001,525,2026-04-21 19:46:07.912,,y
561,Bonbonnière en verre + couvercle en cuivre,BVC-001,525,2026-04-21 19:46:07.912,,y
562,Bonbonnière en verre + couvercle en cuivre,BVC-001,525,2026-04-21 19:46:07.912,,y
563,Bonbonnière en verre + couvercle en cuivre,BVC-001,525,2026-04-21 19:46:07.912,,y
564,Bonbonnière en verre + couvercle en cuivre,BVC-001,525,2026-04-21 19:46:07.912,,y
565,Bonbonnière en verre + couvercle en cuivre,BVC-001,525,2026-04-21 19:46:07.912,,y
566,Bonbonnière en verre + couvercle en cuivre,BVC-001,525,2026-04-21 19:46:07.912,,y
567,Bonbonnière en verre + couvercle en cuivre,BVC-001,525,2026-04-21 19:46:07.912,,y
568,Bonbonnière en verre + couvercle en cuivre,BVC-001,525,2026-04-21 19:46:07.912,,y
569,Bonbonnière en verre,BV-001,525,2026-04-21 19:46:07.912,,y
570,Bonbonnière en verre + couvercle en cuivre,BVC-001,525,2026-04-21 19:46:07.912,,y
571,Bonbonnière en verre + couvercle en cuivre,BVC-001,525,2026-04-21 19:46:07.912,,y
572,Bonbonnière en verre + couvercle en cuivre,BVC-001,525,2026-04-21 19:46:07.912,,y
573,Bonbonnière en verre + couvercle en cuivre,BVC-001,525,2026-04-21 19:46:07.912,,y
574,Bonbonnière en verre + couvercle en cuivre,BVC-001,525,2026-04-21 19:46:07.912,,y
575,Bonbonnière en verre + couvercle en cuivre,BVC-001,525,2026-04-21 19:46:07.912,,y
576,Bonbonnière en verre + couvercle en cuivre,BVC-001,525,2026-04-21 19:46:07.912,,y
577,Bonbonnière en verre + couvercle en cuivre,BVC-001,525,2026-04-21 19:46:07.912,,y
578,Bonbonnière en verre + couvercle en cuivre,BVC-001,525,2026-04-21 19:46:07.912,,y
579,Bonbonnière en verre + couvercle en cuivre,BVC-001,525,2026-04-21 19:46:07.912,,y
580,Bonbonnière en verre + couvercle en cuivre,BVC-001,525,2026-04-21 19:46:07.912,,y
581,Coffret Mathred + Lance Parfum + Chapelet,CMM,525,2026-04-21 19:46:07.912,,y
582,Stylos LilasDream,STL,525,2026-04-21 19:46:07.912,,y
583,Photophore Sidi Bousaid T1,Ph-T1,525,2026-04-21 19:46:07.912,,y
584,Photophore Sidi Bousaid T2,Ph-T2,525,2026-04-21 19:46:07.912,,y
585,Photophore Sidi Bousaid T3,Ph-T3,525,2026-04-21 19:46:07.912,,y
586,Photophore Sidi Bousaid T4,Ph-T4,525,2026-04-21 19:46:07.912,,y
587,Trio Bougies Sidi Bousaid,TB-01,525,2026-04-21 19:46:07.912,,y
588,Thermos à paille,TP-001,525,2026-04-21 19:46:07.912,,y
589,Personnalisation,Pers-1,525,2026-04-21 19:46:07.912,,y
590,Tote Bag personnalisé,TOT-001,525,2026-04-21 19:46:07.912,,y
591,Bonbonniére en verre craquelé + Cuivre,BVC-001,525,2026-04-21 19:46:07.912,,y
592,Bonbonnière Verre + Cuivre 1,BON-001,525,2026-04-21 19:46:07.912,,y
593,Bonbonnière Verre + Cuivre 2,BON-002,525,2026-04-21 19:46:07.912,,y
594,Bonbonnière en verre + couvercle en cuivre,BVC-001,525,2026-04-21 19:46:07.912,,y
595,Bonbonnière en verre + couvercle en cuivre,BVC-001,525,2026-04-21 19:46:07.912,,y
596,Bonbonnière en verre + couvercle en cuivre,BVC-001,525,2026-04-21 19:46:07.912,,y
597,Bonbonnière en verre + couvercle en cuivre,BVC-001,525,2026-04-21 19:46:07.912,,y
598,Bonbonnière en verre + couvercle en cuivre,BVC-001,525,2026-04-21 19:46:07.912,,y
599,Bonbonnière en verre,BV-001,525,2026-04-21 19:46:07.912,,y
600,Bonbonnière en verre + couvercle en cuivre,BVC-001,525,2026-04-21 19:46:07.912,,y
601,Bonbonnière en verre,BV-001,525,2026-04-21 19:46:07.912,,y
602,Bonbonnière en verre + couvercle en cuivre,BVC-001,525,2026-04-21 19:46:07.912,,y
603,Bonbonnière en verre + couvercle en cuivre,BVC-001,525,2026-04-21 19:46:07.912,,y
604,Bonbonnière en verre + couvercle en cuivre,BVC-001,525,2026-04-21 19:46:07.913,,y
605,Bonbonnière en verre + couvercle en cuivre,BVC-001,525,2026-04-21 19:46:07.913,,y
606,Bonbonnière en verre + couvercle en cuivre,BVC-001,525,2026-04-21 19:46:07.913,,y
607,Bonbonnière en verre + couvercle en cuivre,BVC-001,525,2026-04-21 19:46:07.913,,y
608,Bonbonnière en verre + couvercle en cuivre,BVC-001,525,2026-04-21 19:46:07.913,,y
609,Bonbonnière en verre + couvercle en cuivre,BVC-001,525,2026-04-21 19:46:07.913,,y
610,Bonbonnière en verre + couvercle en cuivre,BVC-001,525,2026-04-21 19:46:07.913,,y
611,Bonbonnière en verre + couvercle en cuivre,BVC-001,525,2026-04-21 19:46:07.913,,y
612,Bonbonnière en verre + couvercle en cuivre,BVC-001,525,2026-04-21 19:46:07.913,,y
613,Bonbonnière en verre + couvercle en cuivre,BVC-001,525,2026-04-21 19:46:07.913,,y
614,Bonbonnière en verre,BV-001,525,2026-04-21 19:46:07.913,,y
615,Bonbonnière en verre + couvercle en cuivre,BVC-001,525,2026-04-21 19:46:07.913,,y
616,Bonbonnière en verre + couvercle en cuivre,BVC-001,525,2026-04-21 19:46:07.913,,y
617,Bonbonnière en verre + couvercle en cuivre,BVC-001,525,2026-04-21 19:46:07.913,,y
618,Bonbonnière en verre + couvercle en cuivre,BVC-001,525,2026-04-21 19:46:07.913,,y
619,Bonbonnière en verre + couvercle en cuivre,BVC-001,525,2026-04-21 19:46:07.913,,y
620,Bonbonnière en verre,BV-001,525,2026-04-21 19:46:07.913,,y
621,Bonbonnière en verre + couvercle en cuivre,BVC-001,525,2026-04-21 19:46:07.913,,y
622,Bonbonnière en verre + couvercle en cuivre,BVC-001,525,2026-04-21 19:46:07.913,,y
623,Bonbonnière en verre + couvercle en cuivre,BVC-001,525,2026-04-21 19:46:07.913,,y
624,Bonbonnière en verre + couvercle en cuivre,BVC-001,525,2026-04-21 19:46:07.913,,y
625,Bonbonnière en verre + couvercle en cuivre,BVC-001,525,2026-04-21 19:46:07.913,,y
626,Bonbonnière en verre + couvercle en cuivre,BVC-001,525,2026-04-21 19:46:07.913,,y
627,Bonbonnière en verre + couvercle en cuivre,BVC-001,525,2026-04-21 19:46:07.913,,y
628,Bonbonnière en verre + couvercle en cuivre,BVC-001,525,2026-04-21 19:46:07.913,,y
629,Bonbonnière en verre + couvercle en cuivre,BVC-001,525,2026-04-21 19:46:07.913,,y
630,Bonbonnière en verre + couvercle en cuivre,BVC-001,525,2026-04-21 19:46:07.913,,y
631,Coffret Mathred + Lance Parfum + Chapelet,CMM,525,2026-04-21 19:46:07.913,,y
632,Stylos LilasDream,STL,525,2026-04-21 19:46:07.913,,y
633,Photophore Sidi Bousaid T1,Ph-T1,525,2026-04-21 19:46:07.913,,y
634,Photophore Sidi Bousaid T2,Ph-T2,525,2026-04-21 19:46:07.913,,y
635,Photophore Sidi Bousaid T3,Ph-T3,525,2026-04-21 19:46:07.913,,y
636,Photophore Sidi Bousaid T4,Ph-T4,525,2026-04-21 19:46:07.913,,y
637,Trio Bougies Sidi Bousaid,TB-01,525,2026-04-21 19:46:07.913,,y
638,Thermos à paille,TP-001,525,2026-04-21 19:46:07.913,,y
639,Personnalisation,Pers-1,525,2026-04-21 19:46:07.913,,y
640,Tote Bag personnalisé,TOT-001,525,2026-04-21 19:46:07.913,,y
641,Bonbonniére en verre craquelé + Cuivre,BVC-001,525,2026-04-21 19:46:07.913,,y
642,Bonbonnière Verre + Cuivre 1,BON-001,525,2026-04-21 19:46:07.913,,y
643,Bonbonnière Verre + Cuivre 2,BON-002,525,2026-04-21 19:46:07.913,,y
644,Bonbonnière en verre + couvercle en cuivre,BVC-001,525,2026-04-21 19:46:07.913,,y
645,Bonbonnière en verre + couvercle en cuivre,BVC-001,525,2026-04-21 19:46:07.913,,y
646,Bonbonnière en verre + couvercle en cuivre,BVC-001,525,2026-04-21 19:46:07.913,,y
647,Bonbonnière en verre + couvercle en cuivre,BVC-001,525,2026-04-21 19:46:07.913,,y
648,Bonbonnière en verre + couvercle en cuivre,BVC-001,525,2026-04-21 19:46:07.913,,y
649,Bonbonnière en verre,BV-001,525,2026-04-21 19:46:07.913,,y
650,Bonbonnière en verre + couvercle en cuivre,BVC-001,525,2026-04-21 19:46:07.913,,y
651,Bonbonnière en verre,BV-001,525,2026-04-21 19:46:07.913,,y
652,Bonbonnière en verre + couvercle en cuivre,BVC-001,525,2026-04-21 19:46:07.913,,y
653,Bonbonnière en verre + couvercle en cuivre,BVC-001,525,2026-04-21 19:46:07.913,,y
654,Bonbonnière en verre + couvercle en cuivre,BVC-001,525,2026-04-21 19:46:07.913,,y
655,Bonbonnière en verre + couvercle en cuivre,BVC-001,525,2026-04-21 19:46:07.913,,y
656,Bonbonnière en verre + couvercle en cuivre,BVC-001,525,2026-04-21 19:46:07.913,,y
657,Bonbonnière en verre + couvercle en cuivre,BVC-001,525,2026-04-21 19:46:07.913,,y
658,Bonbonnière en verre + couvercle en cuivre,BVC-001,525,2026-04-21 19:46:07.913,,y
659,Bonbonnière en verre + couvercle en cuivre,BVC-001,525,2026-04-21 19:46:07.913,,y
660,Bonbonnière en verre + couvercle en cuivre,BVC-001,525,2026-04-21 19:46:07.913,,y
661,Bonbonnière en verre + couvercle en cuivre,BVC-001,525,2026-04-21 19:46:07.913,,y
662,Bonbonnière en verre + couvercle en cuivre,BVC-001,525,2026-04-21 19:46:07.913,,y
663,Bonbonnière en verre + couvercle en cuivre,BVC-001,525,2026-04-21 19:46:07.913,,y
664,Bonbonnière en verre + couvercle en cuivre,BVC-001,525,2026-04-21 19:46:07.913,,y
665,Bonbonnière en verre + couvercle en cuivre,BVC-001,525,2026-04-21 19:46:07.914,,y
666,Bonbonnière en verre + couvercle en cuivre,BVC-001,525,2026-04-21 19:46:07.914,,y
667,Bonbonnière en verre + couvercle en cuivre,BVC-001,525,2026-04-21 19:46:07.914,,y
668,Bonbonnière en verre + couvercle en cuivre,BVC-001,525,2026-04-21 19:46:07.914,,y
669,Bonbonnière en verre,BV-001,525,2026-04-21 19:46:07.914,,y
670,Bonbonnière en verre + couvercle en cuivre,BVC-001,525,2026-04-21 19:46:07.914,,y
671,Bonbonnière en verre + couvercle en cuivre,BVC-001,525,2026-04-21 19:46:07.914,,y
672,Bonbonnière en verre + couvercle en cuivre,BVC-001,525,2026-04-21 19:46:07.914,,y
673,Bonbonnière en verre + couvercle en cuivre,BVC-001,525,2026-04-21 19:46:07.914,,y
674,Bonbonnière en verre + couvercle en cuivre,BVC-001,525,2026-04-21 19:46:07.914,,y
675,Bonbonnière en verre + couvercle en cuivre,BVC-001,525,2026-04-21 19:46:07.914,,y
676,Bonbonnière en verre + couvercle en cuivre,BVC-001,525,2026-04-21 19:46:07.914,,y
677,Bonbonnière en verre + couvercle en cuivre,BVC-001,525,2026-04-21 19:46:07.914,,y
678,Bonbonnière en verre + couvercle en cuivre,BVC-001,525,2026-04-21 19:46:07.914,,y
679,Bonbonnière en verre + couvercle en cuivre,BVC-001,525,2026-04-21 19:46:07.914,,y
680,Coffret Mathred + Lance Parfum + Chapelet,CMM,525,2026-04-21 19:46:07.914,,y
681,Stylos LilasDream,STL,525,2026-04-21 19:46:07.914,,y
682,Photophore Sidi Bousaid T1,Ph-T1,525,2026-04-21 19:46:07.914,,y
683,Photophore Sidi Bousaid T2,Ph-T2,525,2026-04-21 19:46:07.914,,y
684,Photophore Sidi Bousaid T3,Ph-T3,525,2026-04-21 19:46:07.914,,y
685,Photophore Sidi Bousaid T4,Ph-T4,525,2026-04-21 19:46:07.914,,y
686,Trio Bougies Sidi Bousaid,TB-01,525,2026-04-21 19:46:07.914,,y
687,Thermos à paille,TP-001,525,2026-04-21 19:46:07.914,,y
688,Personnalisation,Pers-1,525,2026-04-21 19:46:07.914,,y
689,Tote Bag personnalisé,TOT-001,525,2026-04-21 19:46:07.914,,y
690,Bonbonniére en verre craquelé + Cuivre,BVC-001,525,2026-04-21 19:46:07.914,,y
691,Bonbonnière Verre + Cuivre 1,BON-001,525,2026-04-21 19:46:07.914,,y
692,Bonbonnière Verre + Cuivre 2,BON-002,525,2026-04-21 19:46:07.914,,y
693,Bonbonnière en verre + couvercle en cuivre,BVC-001,525,2026-04-21 19:46:07.914,,y
694,Bonbonnière en verre + couvercle en cuivre,BVC-001,525,2026-04-21 19:46:07.914,,y
695,Bonbonnière en verre + couvercle en cuivre,BVC-001,525,2026-04-21 19:46:07.914,,y
696,Bonbonnière en verre + couvercle en cuivre,BVC-001,525,2026-04-21 19:46:07.914,,y
697,Bonbonnière en verre + couvercle en cuivre,BVC-001,525,2026-04-21 19:46:07.914,,y
698,Bonbonnière en verre,BV-001,525,2026-04-21 19:46:07.914,,y
699,Bonbonnière en verre + couvercle en cuivre,BVC-001,525,2026-04-21 19:46:07.914,,y
700,Bonbonnière en verre,BV-001,525,2026-04-21 19:46:07.914,,y
701,Bonbonnière en verre + couvercle en cuivre,BVC-001,525,2026-04-21 19:46:07.914,,y
702,Bonbonnière en verre + couvercle en cuivre,BVC-001,525,2026-04-21 19:46:07.914,,y
703,Bonbonnière en verre + couvercle en cuivre,BVC-001,525,2026-04-21 19:46:07.914,,y
704,Bonbonnière en verre + couvercle en cuivre,BVC-001,525,2026-04-21 19:46:07.914,,y
705,Bonbonnière en verre + couvercle en cuivre,BVC-001,525,2026-04-21 19:46:07.914,,y
706,Bonbonnière en verre + couvercle en cuivre,BVC-001,525,2026-04-21 19:46:07.914,,y
707,Bonbonnière en verre + couvercle en cuivre,BVC-001,525,2026-04-21 19:46:07.914,,y
708,Bonbonnière en verre + couvercle en cuivre,BVC-001,525,2026-04-21 19:46:07.914,,y
709,Bonbonnière en verre + couvercle en cuivre,BVC-001,525,2026-04-21 19:46:07.914,,y
710,Bonbonnière en verre + couvercle en cuivre,BVC-001,525,2026-04-21 19:46:07.914,,y
711,Bonbonnière en verre + couvercle en cuivre,BVC-001,525,2026-04-21 19:46:07.914,,y
712,Bonbonnière en verre + couvercle en cuivre,BVC-001,525,2026-04-21 19:46:07.914,,y
713,Bonbonnière en verre + couvercle en cuivre,BVC-001,525,2026-04-21 19:46:07.914,,y
714,Bonbonnière en verre + couvercle en cuivre,BVC-001,525,2026-04-21 19:46:07.914,,y
715,Bonbonnière en verre + couvercle en cuivre,BVC-001,525,2026-04-21 19:46:07.914,,y
716,Bonbonnière en verre + couvercle en cuivre,BVC-001,525,2026-04-21 19:46:07.914,,y
717,Bonbonnière en verre + couvercle en cuivre,BVC-001,525,2026-04-21 19:46:07.915,,y
718,Bonbonnière en verre,BV-001,525,2026-04-21 19:46:07.915,,y
719,Bonbonnière en verre + couvercle en cuivre,BVC-001,525,2026-04-21 19:46:07.915,,y
720,Bonbonnière en verre + couvercle en cuivre,BVC-001,525,2026-04-21 19:46:07.915,,y
721,Bonbonnière en verre + couvercle en cuivre,BVC-001,525,2026-04-21 19:46:07.915,,y
722,Bonbonnière en verre + couvercle en cuivre,BVC-001,525,2026-04-21 19:46:07.915,,y
723,Bonbonnière en verre + couvercle en cuivre,BVC-001,525,2026-04-21 19:46:07.915,,y
724,Bonbonnière en verre + couvercle en cuivre,BVC-001,525,2026-04-21 19:46:07.915,,y
725,Bonbonnière en verre + couvercle en cuivre,BVC-001,525,2026-04-21 19:46:07.915,,y
726,Bonbonnière en verre + couvercle en cuivre,BVC-001,525,2026-04-21 19:46:07.915,,y
727,Bonbonnière en verre + couvercle en cuivre,BVC-001,525,2026-04-21 19:46:07.915,,y
728,Bonbonnière en verre + couvercle en cuivre,BVC-001,525,2026-04-21 19:46:07.915,,y
729,Coffret Mathred + Lance Parfum + Chapelet,CMM,525,2026-04-21 19:46:07.915,,y
730,Stylos LilasDream,STL,525,2026-04-21 19:46:07.915,,y
731,Photophore Sidi Bousaid T1,Ph-T1,525,2026-04-21 19:46:07.915,,y
732,Photophore Sidi Bousaid T2,Ph-T2,525,2026-04-21 19:46:07.915,,y
733,Photophore Sidi Bousaid T3,Ph-T3,525,2026-04-21 19:46:07.915,,y
734,Photophore Sidi Bousaid T4,Ph-T4,525,2026-04-21 19:46:07.915,,y
735,Trio Bougies Sidi Bousaid,TB-01,525,2026-04-21 19:46:07.915,,y
736,Thermos à paille,TP-001,525,2026-04-21 19:46:07.915,,y
737,Personnalisation,Pers-1,525,2026-04-21 19:46:07.915,,y
738,Tote Bag personnalisé,TOT-001,525,2026-04-21 19:46:07.915,,y
739,Bonbonniére en verre craquelé + Cuivre,BVC-001,525,2026-04-21 19:46:07.915,,y
740,Bonbonnière Verre + Cuivre 1,BON-001,525,2026-04-21 19:46:07.915,,y
741,Bonbonnière Verre + Cuivre 2,BON-002,525,2026-04-21 19:46:07.915,,y
742,Bonbonnière en verre + couvercle en cuivre,BVC-001,525,2026-04-21 19:46:07.915,,y
743,Bonbonnière en verre + couvercle en cuivre,BVC-001,525,2026-04-21 19:46:07.915,,y
744,Bonbonnière en verre + couvercle en cuivre,BVC-001,525,2026-04-21 19:46:07.915,,y
745,Bonbonnière en verre + couvercle en cuivre,BVC-001,525,2026-04-21 19:46:07.915,,y
746,Bonbonnière en verre + couvercle en cuivre,BVC-001,525,2026-04-21 19:46:07.915,,y
747,Bonbonnière en verre,BV-001,525,2026-04-21 19:46:07.915,,y
748,Bonbonnière en verre + couvercle en cuivre,BVC-001,525,2026-04-21 19:46:07.915,,y
749,Bonbonnière en verre + couvercle en cuivre,BVC-001,525,2026-04-21 19:46:07.915,,y
750,Bonbonnière en verre + couvercle en cuivre,BVC-001,525,2026-04-21 19:46:07.915,,y
751,Bonbonnière en verre + couvercle en cuivre,BVC-001,525,2026-04-21 19:46:07.915,,y
752,Bonbonnière en verre + couvercle en cuivre,BVC-001,525,2026-04-21 19:46:07.915,,y
753,Bonbonnière en verre + couvercle en cuivre,BVC-001,525,2026-04-21 19:46:07.915,,y
754,Bonbonnière en verre + couvercle en cuivre,BVC-001,525,2026-04-21 19:46:07.915,,y
755,Bonbonnière en verre + couvercle en cuivre,BVC-001,525,2026-04-21 19:46:07.915,,y
756,Bonbonnière en verre + couvercle en cuivre,BVC-001,525,2026-04-21 19:46:07.915,,y
757,Bonbonnière en verre + couvercle en cuivre,BVC-001,525,2026-04-21 19:46:07.915,,y
758,Bonbonnière en verre + couvercle en cuivre,BVC-001,525,2026-04-21 19:46:07.915,,y
759,Bonbonnière en verre + couvercle en cuivre,BVC-001,525,2026-04-21 19:46:07.915,,y
760,Bonbonnière en verre + couvercle en cuivre,BVC-001,525,2026-04-21 19:46:07.915,,y
761,Bonbonnière en verre + couvercle en cuivre,BVC-001,525,2026-04-21 19:46:07.915,,y
762,Bonbonnière en verre + couvercle en cuivre,BVC-001,525,2026-04-21 19:46:07.915,,y
763,Bonbonnière en verre + couvercle en cuivre,BVC-001,525,2026-04-21 19:46:07.915,,y
764,Bonbonnière en verre + couvercle en cuivre,BVC-001,525,2026-04-21 19:46:07.915,,y
765,Bonbonnière en verre,BV-001,525,2026-04-21 19:46:07.915,,y
766,Bonbonnière en verre + couvercle en cuivre,BVC-001,525,2026-04-21 19:46:07.915,,y
767,Bonbonnière en verre + couvercle en cuivre,BVC-001,525,2026-04-21 19:46:07.915,,y
768,Bonbonnière en verre + couvercle en cuivre,BVC-001,525,2026-04-21 19:46:07.915,,y
769,Bonbonnière en verre + couvercle en cuivre,BVC-001,525,2026-04-21 19:46:07.915,,y
770,Bonbonnière en verre + couvercle en cuivre,BVC-001,525,2026-04-21 19:46:07.915,,y
771,Bonbonnière en verre + couvercle en cuivre,BVC-001,525,2026-04-21 19:46:07.915,,y
772,Bonbonnière en verre + couvercle en cuivre,BVC-001,525,2026-04-21 19:46:07.915,,y
773,Bonbonnière en verre + couvercle en cuivre,BVC-001,525,2026-04-21 19:46:07.915,,y
774,Bonbonnière en verre + couvercle en cuivre,BVC-001,525,2026-04-21 19:46:07.915,,y
775,Bonbonnière en verre + couvercle en cuivre,BVC-001,525,2026-04-21 19:46:07.915,,y
776,Coffret Mathred + Lance Parfum + Chapelet,CMM,525,2026-04-21 19:46:07.915,,y
777,Stylos LilasDream,STL,525,2026-04-21 19:46:07.915,,y
778,Photophore Sidi Bousaid T1,Ph-T1,525,2026-04-21 19:46:07.915,,y
779,Photophore Sidi Bousaid T2,Ph-T2,525,2026-04-21 19:46:07.915,,y
780,Photophore Sidi Bousaid T3,Ph-T3,525,2026-04-21 19:46:07.915,,y
781,Photophore Sidi Bousaid T4,Ph-T4,525,2026-04-21 19:46:07.915,,y
782,Trio Bougies Sidi Bousaid,TB-01,525,2026-04-21 19:46:07.915,,y
783,Thermos à paille,TP-001,525,2026-04-21 19:46:07.916,,y
784,Personnalisation,Pers-1,525,2026-04-21 19:46:07.916,,y
785,Tote Bag personnalisé,TOT-001,525,2026-04-21 19:46:07.916,,y
786,Bonbonniére en verre craquelé + Cuivre,BVC-001,525,2026-04-21 19:46:07.916,,y
787,Bonbonnière Verre + Cuivre 1,BON-001,525,2026-04-21 19:46:07.916,,y
788,Trio Bougies Sidi Bousaid,TB-01,525,2026-04-21 19:46:07.916,,y
789,Bonbonnière Verre + Cuivre 2,BON-002,525,2026-04-21 19:46:07.916,,y
790,Bonbonnière en verre + couvercle en cuivre,BVC-001,525,2026-04-21 19:46:07.916,,y
791,Bonbonnière en verre + couvercle en cuivre,BVC-001,525,2026-04-21 19:46:07.916,,y
792,Bonbonnière en verre + couvercle en cuivre,BVC-001,525,2026-04-21 19:46:07.916,,y
793,Bonbonnière en verre + couvercle en cuivre,BVC-001,525,2026-04-21 19:46:07.916,,y
794,Bonbonnière en verre + couvercle en cuivre,BVC-001,525,2026-04-21 19:46:07.916,,y
795,Bonbonnière en verre,BV-001,525,2026-04-21 19:46:07.916,,y
796,Bonbonnière en verre + couvercle en cuivre,BVC-001,525,2026-04-21 19:46:07.916,,y
797,Bonbonnière en verre,BV-001,525,2026-04-21 19:46:07.916,,y
798,Bonbonnière en verre + couvercle en cuivre,BVC-001,525,2026-04-21 19:46:07.916,,y
799,Bonbonnière en verre + couvercle en cuivre,BVC-001,525,2026-04-21 19:46:07.916,,y
800,Bonbonnière en verre + couvercle en cuivre,BVC-001,525,2026-04-21 19:46:07.916,,y
801,Bonbonnière en verre + couvercle en cuivre,BVC-001,525,2026-04-21 19:46:07.916,,y
802,Bonbonnière en verre + couvercle en cuivre,BVC-001,525,2026-04-21 19:46:07.916,,y
803,Bonbonnière en verre + couvercle en cuivre,BVC-001,525,2026-04-21 19:46:07.916,,y
804,Bonbonnière en verre + couvercle en cuivre,BVC-001,525,2026-04-21 19:46:07.916,,y
805,Bonbonnière en verre + couvercle en cuivre,BVC-001,525,2026-04-21 19:46:07.916,,y
806,Bonbonnière en verre + couvercle en cuivre,BVC-001,525,2026-04-21 19:46:07.916,,y
807,Bonbonnière en verre + couvercle en cuivre,BVC-001,525,2026-04-21 19:46:07.916,,y
808,Bonbonnière en verre + couvercle en cuivre,BVC-001,525,2026-04-21 19:46:07.916,,y
809,Bonbonnière en verre + couvercle en cuivre,BVC-001,525,2026-04-21 19:46:07.916,,y
810,Bonbonnière en verre + couvercle en cuivre,BVC-001,525,2026-04-21 19:46:07.916,,y
811,Bonbonnière en verre + couvercle en cuivre,BVC-001,525,2026-04-21 19:46:07.916,,y
812,Bonbonnière en verre + couvercle en cuivre,BVC-001,525,2026-04-21 19:46:07.916,,y
813,Bonbonnière en verre + couvercle en cuivre,BVC-001,525,2026-04-21 19:46:07.916,,y
814,Bonbonnière en verre + couvercle en cuivre,BVC-001,525,2026-04-21 19:46:07.916,,y
815,Bonbonnière en verre,BV-001,525,2026-04-21 19:46:07.916,,y
816,Bonbonnière en verre + couvercle en cuivre,BVC-001,525,2026-04-21 19:46:07.916,,y
817,Bonbonnière en verre + couvercle en cuivre,BVC-001,525,2026-04-21 19:46:07.916,,y
818,Bonbonnière en verre + couvercle en cuivre,BVC-001,525,2026-04-21 19:46:07.916,,y
819,Bonbonnière en verre + couvercle en cuivre,BVC-001,525,2026-04-21 19:46:07.916,,y
820,Bonbonnière en verre + couvercle en cuivre,BVC-001,525,2026-04-21 19:46:07.916,,y
821,Bonbonnière en verre + couvercle en cuivre,BVC-001,525,2026-04-21 19:46:07.916,,y
822,Bonbonnière en verre + couvercle en cuivre,BVC-001,525,2026-04-21 19:46:07.916,,y
823,Bonbonnière en verre + couvercle en cuivre,BVC-001,525,2026-04-21 19:46:07.916,,y
824,Bonbonnière en verre + couvercle en cuivre,BVC-001,525,2026-04-21 19:46:07.916,,y
825,Bonbonnière en verre + couvercle en cuivre,BVC-001,525,2026-04-21 19:46:07.916,,y
826,Coffret Mathred + Lance Parfum + Chapelet,CMM,525,2026-04-21 19:46:07.916,,y
827,Stylos LilasDream,STL,525,2026-04-21 19:46:07.916,,y
828,Photophore Sidi Bousaid T1,Ph-T1,525,2026-04-21 19:46:07.916,,y
829,Photophore Sidi Bousaid T2,Ph-T2,525,2026-04-21 19:46:07.916,,y
830,Photophore Sidi Bousaid T3,Ph-T3,525,2026-04-21 19:46:07.918,,y
831,Photophore Sidi Bousaid T4,Ph-T4,525,2026-04-21 19:46:07.918,,y
832,Thermos à paille,TP-001,525,2026-04-21 19:46:07.918,,y
833,Personnalisation,Pers-1,525,2026-04-21 19:46:07.918,,y
834,Tote Bag personnalisé,TOT-001,525,2026-04-21 19:46:07.918,,y
835,Bonbonniére en verre craquelé + Cuivre,BVC-001,525,2026-04-21 19:46:07.918,,y
836,Bonbonnière Verre + Cuivre 1,BON-001,525,2026-04-21 19:46:07.918,,y
837,Bonbonnière Verre + Cuivre 2,BON-002,525,2026-04-21 19:46:07.918,,y
838,Bonbonnière en verre + couvercle en cuivre,BVC-001,525,2026-04-21 19:46:07.918,,y
839,Bonbonnière en verre + couvercle en cuivre,BVC-001,525,2026-04-21 19:46:07.918,,y
840,Bonbonnière en verre + couvercle en cuivre,BVC-001,525,2026-04-21 19:46:07.918,,y
841,Bonbonnière en verre + couvercle en cuivre,BVC-001,525,2026-04-21 19:46:07.918,,y
842,Bonbonnière en verre + couvercle en cuivre,BVC-001,525,2026-04-21 19:46:07.918,,y
843,Bonbonnière en verre,BV-001,525,2026-04-21 19:46:07.918,,y
844,Bonbonnière en verre + couvercle en cuivre,BVC-001,525,2026-04-21 19:46:07.918,,y
845,Bonbonnière en verre,BV-001,525,2026-04-21 19:46:07.918,,y
846,Bonbonnière en verre + couvercle en cuivre,BVC-001,525,2026-04-21 19:46:07.918,,y
847,Bonbonnière en verre + couvercle en cuivre,BVC-001,525,2026-04-21 19:46:07.918,,y
848,Bonbonnière en verre + couvercle en cuivre,BVC-001,525,2026-04-21 19:46:07.918,,y
849,Bonbonnière en verre + couvercle en cuivre,BVC-001,525,2026-04-21 19:46:07.918,,y
850,Bonbonnière en verre + couvercle en cuivre,BVC-001,525,2026-04-21 19:46:07.918,,y
851,Bonbonnière en verre + couvercle en cuivre,BVC-001,525,2026-04-21 19:46:07.918,,y
852,Bonbonnière en verre + couvercle en cuivre,BVC-001,525,2026-04-21 19:46:07.918,,y
853,Bonbonnière en verre + couvercle en cuivre,BVC-001,525,2026-04-21 19:46:07.918,,y
854,Bonbonnière en verre + couvercle en cuivre,BVC-001,525,2026-04-21 19:46:07.918,,y
855,Bonbonnière en verre + couvercle en cuivre,BVC-001,525,2026-04-21 19:46:07.918,,y
856,Bonbonnière en verre + couvercle en cuivre,BVC-001,525,2026-04-21 19:46:07.918,,y
857,Bonbonnière en verre + couvercle en cuivre,BVC-001,525,2026-04-21 19:46:07.918,,y
858,Bonbonnière en verre + couvercle en cuivre,BVC-001,525,2026-04-21 19:46:07.918,,y
859,Bonbonnière en verre + couvercle en cuivre,BVC-001,525,2026-04-21 19:46:07.918,,y
860,Bonbonnière en verre + couvercle en cuivre,BVC-001,525,2026-04-21 19:46:07.918,,y
861,Bonbonnière en verre + couvercle en cuivre,BVC-001,525,2026-04-21 19:46:07.918,,y
862,Bonbonnière en verre + couvercle en cuivre,BVC-001,525,2026-04-21 19:46:07.918,,y
863,Bonbonnière en verre,BV-001,525,2026-04-21 19:46:07.918,,y
864,Bonbonnière en verre + couvercle en cuivre,BVC-001,525,2026-04-21 19:46:07.918,,y
865,Bonbonnière en verre + couvercle en cuivre,BVC-001,525,2026-04-21 19:46:07.918,,y
866,Bonbonnière en verre + couvercle en cuivre,BVC-001,525,2026-04-21 19:46:07.918,,y
867,Bonbonnière en verre + couvercle en cuivre,BVC-001,525,2026-04-21 19:46:07.918,,y
868,Bonbonnière en verre + couvercle en cuivre,BVC-001,525,2026-04-21 19:46:07.918,,y
869,Bonbonnière en verre + couvercle en cuivre,BVC-001,525,2026-04-21 19:46:07.918,,y
870,Bonbonnière en verre + couvercle en cuivre,BVC-001,525,2026-04-21 19:46:07.918,,y
871,Bonbonnière en verre + couvercle en cuivre,BVC-001,525,2026-04-21 19:46:07.918,,y
872,Bonbonnière en verre + couvercle en cuivre,BVC-001,525,2026-04-21 19:46:07.918,,y
873,Bonbonnière en verre + couvercle en cuivre,BVC-001,525,2026-04-21 19:46:07.918,,y
874,Coffret Mathred + Lance Parfum + Chapelet,CMM,525,2026-04-21 19:46:07.918,,y
875,Stylos LilasDream,STL,525,2026-04-21 19:46:07.918,,y
876,Photophore Sidi Bousaid T1,Ph-T1,525,2026-04-21 19:46:07.918,,y
877,Photophore Sidi Bousaid T2,Ph-T2,525,2026-04-21 19:46:07.918,,y
878,Photophore Sidi Bousaid T3,Ph-T3,525,2026-04-21 19:46:07.918,,y
879,Photophore Sidi Bousaid T4,Ph-T4,525,2026-04-21 19:46:07.919,,y
880,Trio Bougies Sidi Bousaid,TB-01,525,2026-04-21 19:46:07.919,,y
881,Thermos à paille,TP-001,525,2026-04-21 19:46:07.919,,y
882,Personnalisation,Pers-1,525,2026-04-21 19:46:07.919,,y
883,Tote Bag personnalisé,TOT-001,525,2026-04-21 19:46:07.919,,y
884,Bonbonniére en verre craquelé + Cuivre,BVC-001,525,2026-04-21 19:46:07.919,,y
885,Bonbonnière Verre + Cuivre 1,BON-001,525,2026-04-21 19:46:07.919,,y
886,Bonbonnière Verre + Cuivre 2,BON-002,525,2026-04-21 19:46:07.919,,y
887,Bonbonnière en verre + couvercle en cuivre,BVC-001,525,2026-04-21 19:46:07.919,,y
888,Bonbonnière en verre + couvercle en cuivre,BVC-001,525,2026-04-21 19:46:07.919,,y
889,Bonbonnière en verre + couvercle en cuivre,BVC-001,525,2026-04-21 19:46:07.919,,y
890,Bonbonnière en verre + couvercle en cuivre,BVC-001,525,2026-04-21 19:46:07.919,,y
891,Bonbonnière en verre + couvercle en cuivre,BVC-001,525,2026-04-21 19:46:07.919,,y
892,Bonbonnière en verre,BV-001,525,2026-04-21 19:46:07.919,,y
893,Bonbonnière en verre + couvercle en cuivre,BVC-001,525,2026-04-21 19:46:07.919,,y
894,Bonbonnière en verre,BV-001,525,2026-04-21 19:46:07.919,,y
895,Bonbonnière en verre + couvercle en cuivre,BVC-001,525,2026-04-21 19:46:07.919,,y
896,Bonbonnière en verre + couvercle en cuivre,BVC-001,525,2026-04-21 19:46:07.919,,y
897,Bonbonnière en verre + couvercle en cuivre,BVC-001,525,2026-04-21 19:46:07.919,,y
898,Bonbonnière en verre + couvercle en cuivre,BVC-001,525,2026-04-21 19:46:07.919,,y
899,Bonbonnière en verre + couvercle en cuivre,BVC-001,525,2026-04-21 19:46:07.919,,y
900,Bonbonnière en verre + couvercle en cuivre,BVC-001,525,2026-04-21 19:46:07.919,,y
901,Bonbonnière en verre + couvercle en cuivre,BVC-001,525,2026-04-21 19:46:07.919,,y
902,Bonbonnière en verre + couvercle en cuivre,BVC-001,525,2026-04-21 19:46:07.919,,y
903,Bonbonnière en verre + couvercle en cuivre,BVC-001,525,2026-04-21 19:46:07.919,,y
904,Bonbonnière en verre + couvercle en cuivre,BVC-001,525,2026-04-21 19:46:07.919,,y
905,Bonbonnière en verre + couvercle en cuivre,BVC-001,525,2026-04-21 19:46:07.919,,y
906,Bonbonnière en verre + couvercle en cuivre,BVC-001,525,2026-04-21 19:46:07.919,,y
907,Bonbonnière en verre + couvercle en cuivre,BVC-001,525,2026-04-21 19:46:07.919,,y
908,Bonbonnière en verre + couvercle en cuivre,BVC-001,525,2026-04-21 19:46:07.919,,y
909,Bonbonnière en verre + couvercle en cuivre,BVC-001,525,2026-04-21 19:46:07.919,,y
910,Bonbonnière en verre + couvercle en cuivre,BVC-001,525,2026-04-21 19:46:07.919,,y
911,Bonbonnière en verre + couvercle en cuivre,BVC-001,525,2026-04-21 19:46:07.919,,y
912,Bonbonnière en verre,BV-001,525,2026-04-21 19:46:07.919,,y
913,Bonbonnière en verre + couvercle en cuivre,BVC-001,525,2026-04-21 19:46:07.919,,y
914,Bonbonnière en verre + couvercle en cuivre,BVC-001,525,2026-04-21 19:46:07.919,,y
915,Bonbonnière en verre + couvercle en cuivre,BVC-001,525,2026-04-21 19:46:07.919,,y
916,Bonbonnière en verre + couvercle en cuivre,BVC-001,525,2026-04-21 19:46:07.919,,y
917,Bonbonnière en verre + couvercle en cuivre,BVC-001,525,2026-04-21 19:46:07.919,,y
918,Bonbonnière en verre + couvercle en cuivre,BVC-001,525,2026-04-21 19:46:07.919,,y
919,Bonbonnière en verre + couvercle en cuivre,BVC-001,525,2026-04-21 19:46:07.919,,y
920,Bonbonnière en verre + couvercle en cuivre,BVC-001,525,2026-04-21 19:46:07.919,,y
921,Bonbonnière en verre + couvercle en cuivre,BVC-001,525,2026-04-21 19:46:07.919,,y
922,Bonbonnière en verre + couvercle en cuivre,BVC-001,525,2026-04-21 19:46:07.919,,y
923,Coffret Mathred + Lance Parfum + Chapelet,CMM,525,2026-04-21 19:46:07.919,,y
924,Stylos LilasDream,STL,525,2026-04-21 19:46:07.919,,y
925,Photophore Sidi Bousaid T1,Ph-T1,525,2026-04-21 19:46:07.919,,y
926,Photophore Sidi Bousaid T2,Ph-T2,525,2026-04-21 19:46:07.919,,y
927,Photophore Sidi Bousaid T3,Ph-T3,525,2026-04-21 19:46:07.919,,y
928,Photophore Sidi Bousaid T4,Ph-T4,525,2026-04-21 19:46:07.919,,y
929,Trio Bougies Sidi Bousaid,TB-01,525,2026-04-21 19:46:07.919,,y
930,Thermos à paille,TP-001,525,2026-04-21 19:46:07.919,,y
931,Personnalisation,Pers-1,525,2026-04-21 19:46:07.919,,y
932,Tote Bag personnalisé,TOT-001,525,2026-04-21 19:46:07.921,,y
933,Bonbonniére en verre craquelé + Cuivre,BVC-001,525,2026-04-21 19:46:07.921,,y
934,Bonbonnière Verre + Cuivre 1,BON-001,525,2026-04-21 19:46:07.921,,y
935,Bonbonnière Verre + Cuivre 2,BON-002,525,2026-04-21 19:46:07.921,,y
936,Bonbonnière en verre + couvercle en cuivre,BVC-001,525,2026-04-21 19:46:07.921,,y
937,Bonbonnière en verre + couvercle en cuivre,BVC-001,525,2026-04-21 19:46:07.921,,y
938,Bonbonnière en verre + couvercle en cuivre,BVC-001,525,2026-04-21 19:46:07.921,,y
939,Bonbonnière en verre + couvercle en cuivre,BVC-001,525,2026-04-21 19:46:07.921,,y
940,Bonbonnière en verre + couvercle en cuivre,BVC-001,525,2026-04-21 19:46:07.921,,y
941,Bonbonnière en verre,BV-001,525,2026-04-21 19:46:07.921,,y
942,Bonbonnière en verre + couvercle en cuivre,BVC-001,525,2026-04-21 19:46:07.921,,y
943,Bonbonnière en verre,BV-001,525,2026-04-21 19:46:07.921,,y
944,Bonbonnière en verre + couvercle en cuivre,BVC-001,525,2026-04-21 19:46:07.921,,y
945,Bonbonnière en verre + couvercle en cuivre,BVC-001,525,2026-04-21 19:46:07.921,,y
946,Bonbonnière en verre + couvercle en cuivre,BVC-001,525,2026-04-21 19:46:07.921,,y
947,Bonbonnière en verre + couvercle en cuivre,BVC-001,525,2026-04-21 19:46:07.921,,y
948,Bonbonnière en verre + couvercle en cuivre,BVC-001,525,2026-04-21 19:46:07.921,,y
949,Bonbonnière en verre + couvercle en cuivre,BVC-001,525,2026-04-21 19:46:07.921,,y
950,Bonbonnière en verre + couvercle en cuivre,BVC-001,525,2026-04-21 19:46:07.921,,y
951,Bonbonnière en verre + couvercle en cuivre,BVC-001,525,2026-04-21 19:46:07.921,,y
952,Bonbonnière en verre + couvercle en cuivre,BVC-001,525,2026-04-21 19:46:07.921,,y
953,Bonbonnière en verre + couvercle en cuivre,BVC-001,525,2026-04-21 19:46:07.921,,y
954,Bonbonnière en verre + couvercle en cuivre,BVC-001,525,2026-04-21 19:46:07.921,,y
955,Bonbonnière en verre + couvercle en cuivre,BVC-001,525,2026-04-21 19:46:07.921,,y
956,Bonbonnière en verre + couvercle en cuivre,BVC-001,525,2026-04-21 19:46:07.921,,y
957,Bonbonnière en verre + couvercle en cuivre,BVC-001,525,2026-04-21 19:46:07.921,,y
958,Bonbonnière en verre + couvercle en cuivre,BVC-001,525,2026-04-21 19:46:07.921,,y
959,Bonbonnière en verre + couvercle en cuivre,BVC-001,525,2026-04-21 19:46:07.921,,y
960,Bonbonnière en verre + couvercle en cuivre,BVC-001,525,2026-04-21 19:46:07.921,,y
961,Bonbonnière en verre,BV-001,525,2026-04-21 19:46:07.921,,y
962,Bonbonnière en verre + couvercle en cuivre,BVC-001,525,2026-04-21 19:46:07.921,,y
963,Bonbonnière en verre + couvercle en cuivre,BVC-001,525,2026-04-21 19:46:07.921,,y
964,Bonbonnière en verre + couvercle en cuivre,BVC-001,525,2026-04-21 19:46:07.921,,y
965,Bonbonnière en verre + couvercle en cuivre,BVC-001,525,2026-04-21 19:46:07.921,,y
966,Bonbonnière en verre + couvercle en cuivre,BVC-001,525,2026-04-21 19:46:07.921,,y
967,Bonbonnière en verre + couvercle en cuivre,BVC-001,525,2026-04-21 19:46:07.921,,y
968,Bonbonnière en verre + couvercle en cuivre,BVC-001,525,2026-04-21 19:46:07.921,,y
969,Bonbonnière en verre + couvercle en cuivre,BVC-001,525,2026-04-21 19:46:07.921,,y
970,Bonbonnière en verre + couvercle en cuivre,BVC-001,525,2026-04-21 19:46:07.921,,y
971,Bonbonnière en verre + couvercle en cuivre,BVC-001,525,2026-04-21 19:46:07.921,,y
972,Bonbonnière en verre + couvercle en cuivre,BVC-001,525,2026-04-21 19:46:07.921,,y
973,Coffret Mathred + Lance Parfum + Chapelet,CMM,525,2026-04-21 19:46:07.921,,y
974,Stylos LilasDream,STL,525,2026-04-21 19:46:07.921,,y
975,Photophore Sidi Bousaid T1,Ph-T1,525,2026-04-21 19:46:07.921,,y
976,Photophore Sidi Bousaid T2,Ph-T2,525,2026-04-21 19:46:07.921,,y
977,Photophore Sidi Bousaid T3,Ph-T3,525,2026-04-21 19:46:07.921,,y
978,Photophore Sidi Bousaid T4,Ph-T4,525,2026-04-21 19:46:07.921,,y
979,Trio Bougies Sidi Bousaid,TB-01,525,2026-04-21 19:46:07.921,,y
980,Thermos à paille,TP-001,525,2026-04-21 19:46:07.921,,y
981,Personnalisation,Pers-1,525,2026-04-21 19:46:07.921,,y
982,Tote Bag personnalisé,TOT-001,525,2026-04-21 19:46:07.921,,y
983,Bonbonniére en verre craquelé + Cuivre,BVC-001,525,2026-04-21 19:46:07.921,,y
984,Bonbonnière Verre + Cuivre 1,BON-001,525,2026-04-21 19:46:07.921,,y
985,Bonbonnière Verre + Cuivre 2,BON-002,525,2026-04-21 19:46:07.921,,y
986,Bonbonnière en verre + couvercle en cuivre,BVC-001,525,2026-04-21 19:46:07.921,,y
987,Bonbonnière en verre + couvercle en cuivre,BVC-001,525,2026-04-21 19:46:07.921,,y
988,Bonbonnière en verre + couvercle en cuivre,BVC-001,525,2026-04-21 19:46:07.921,,y
989,Bonbonnière en verre + couvercle en cuivre,BVC-001,525,2026-04-21 19:46:07.921,,y
990,Bonbonnière en verre + couvercle en cuivre,BVC-001,525,2026-04-21 19:46:07.921,,y
991,Bonbonnière en verre,BV-001,525,2026-04-21 19:46:07.921,,y
992,Bonbonnière en verre + couvercle en cuivre,BVC-001,525,2026-04-21 19:46:07.921,,y
993,Bonbonnière en verre,BV-001,525,2026-04-21 19:46:07.921,,y
994,Bonbonnière en verre + couvercle en cuivre,BVC-001,525,2026-04-21 19:46:07.921,,y
995,Bonbonnière en verre + couvercle en cuivre,BVC-001,525,2026-04-21 19:46:07.921,,y
996,Bonbonnière en verre + couvercle en cuivre,BVC-001,525,2026-04-21 19:46:07.921,,y
997,Bonbonnière en verre + couvercle en cuivre,BVC-001,525,2026-04-21 19:46:07.921,,y
998,Bonbonnière en verre + couvercle en cuivre,BVC-001,525,2026-04-21 19:46:07.921,,y
999,Bonbonnière en verre + couvercle en cuivre,BVC-001,525,2026-04-21 19:46:07.921,,y
1000,Bonbonnière en verre + couvercle en cuivre,BVC-001,525,2026-04-21 19:46:07.921,,y
1001,Bonbonnière en verre + couvercle en cuivre,BVC-001,525,2026-04-21 19:46:07.921,,y
1002,Bonbonnière en verre + couvercle en cuivre,BVC-001,525,2026-04-21 19:46:07.921,,y
1003,Bonbonnière en verre + couvercle en cuivre,BVC-001,525,2026-04-21 19:46:07.921,,y
1004,Bonbonnière en verre + couvercle en cuivre,BVC-001,525,2026-04-21 19:46:07.921,,y
1005,Bonbonnière en verre + couvercle en cuivre,BVC-001,525,2026-04-21 19:46:07.921,,y
1006,Bonbonnière en verre,BV-001,525,2026-04-21 19:46:07.921,,y
1007,Bonbonnière en verre + couvercle en cuivre,BVC-001,525,2026-04-21 19:46:07.921,,y
1008,Bonbonnière en verre + couvercle en cuivre,BVC-001,525,2026-04-21 19:46:07.921,,y
1009,Bonbonnière en verre + couvercle en cuivre,BVC-001,525,2026-04-21 19:46:07.921,,y
1010,Bonbonnière en verre + couvercle en cuivre,BVC-001,525,2026-04-21 19:46:07.921,,y
1011,Bonbonnière en verre + couvercle en cuivre,BVC-001,525,2026-04-21 19:46:07.922,,y
1012,Bonbonnière en verre,BV-001,525,2026-04-21 19:46:07.922,,y
1013,Bonbonnière en verre + couvercle en cuivre,BVC-001,525,2026-04-21 19:46:07.922,,y
1014,Bonbonnière en verre + couvercle en cuivre,BVC-001,525,2026-04-21 19:46:07.922,,y
1015,Bonbonnière en verre + couvercle en cuivre,BVC-001,525,2026-04-21 19:46:07.922,,y
1016,Bonbonnière en verre + couvercle en cuivre,BVC-001,525,2026-04-21 19:46:07.922,,y
1017,Bonbonnière en verre + couvercle en cuivre,BVC-001,525,2026-04-21 19:46:07.922,,y
1018,Bonbonnière en verre + couvercle en cuivre,BVC-001,525,2026-04-21 19:46:07.922,,y
1019,Bonbonnière en verre + couvercle en cuivre,BVC-001,525,2026-04-21 19:46:07.922,,y
1020,Bonbonnière en verre + couvercle en cuivre,BVC-001,525,2026-04-21 19:46:07.922,,y
1021,Bonbonnière en verre + couvercle en cuivre,BVC-001,525,2026-04-21 19:46:07.922,,y
1022,Bonbonnière en verre + couvercle en cuivre,BVC-001,525,2026-04-21 19:46:07.922,,y
1023,Coffret Mathred + Lance Parfum + Chapelet,CMM,525,2026-04-21 19:46:07.922,,y
1024,Stylos LilasDream,STL,525,2026-04-21 19:46:07.922,,y
1025,Photophore Sidi Bousaid T1,Ph-T1,525,2026-04-21 19:46:07.922,,y
1026,Photophore Sidi Bousaid T2,Ph-T2,525,2026-04-21 19:46:07.922,,y
1027,Photophore Sidi Bousaid T3,Ph-T3,525,2026-04-21 19:46:07.922,,y
1028,Photophore Sidi Bousaid T4,Ph-T4,525,2026-04-21 19:46:07.922,,y
1029,Trio Bougies Sidi Bousaid,TB-01,525,2026-04-21 19:46:07.922,,y
1030,Thermos à paille,TP-001,525,2026-04-21 19:46:07.922,,y
1031,Personnalisation,Pers-1,525,2026-04-21 19:46:07.922,,y
1032,Tote Bag personnalisé,TOT-001,525,2026-04-21 19:46:07.922,,y
1033,Bonbonniére en verre craquelé + Cuivre,BVC-001,525,2026-04-21 19:46:07.922,,y
1034,Bonbonnière Verre + Cuivre 1,BON-001,525,2026-04-21 19:46:07.922,,y
1035,Bonbonnière Verre + Cuivre 2,BON-002,525,2026-04-21 19:46:07.922,,y
1036,Bonbonnière en verre + couvercle en cuivre,BVC-001,525,2026-04-21 19:46:07.922,,y
1037,Bonbonnière en verre + couvercle en cuivre,BVC-001,525,2026-04-21 19:46:07.922,,y
1038,Bonbonnière en verre + couvercle en cuivre,BVC-001,525,2026-04-21 19:46:07.922,,y
1039,Bonbonnière en verre + couvercle en cuivre,BVC-001,525,2026-04-21 19:46:07.922,,y
1040,Bonbonnière en verre + couvercle en cuivre,BVC-001,525,2026-04-21 19:46:07.922,,y
1041,Bonbonnière en verre,BV-001,525,2026-04-21 19:46:07.922,,y
1042,Bonbonnière en verre + couvercle en cuivre,BVC-001,525,2026-04-21 19:46:07.922,,y
1043,Bonbonnière en verre,BV-001,525,2026-04-21 19:46:07.922,,y
1044,Bonbonnière en verre + couvercle en cuivre,BVC-001,525,2026-04-21 19:46:07.922,,y
1045,Bonbonnière en verre + couvercle en cuivre,BVC-001,525,2026-04-21 19:46:07.922,,y
1046,Bonbonnière en verre + couvercle en cuivre,BVC-001,525,2026-04-21 19:46:07.922,,y
1047,Bonbonnière en verre + couvercle en cuivre,BVC-001,525,2026-04-21 19:46:07.922,,y
1048,Bonbonnière en verre + couvercle en cuivre,BVC-001,525,2026-04-21 19:46:07.922,,y
1049,Bonbonnière en verre + couvercle en cuivre,BVC-001,525,2026-04-21 19:46:07.922,,y
1050,Bonbonnière en verre + couvercle en cuivre,BVC-001,525,2026-04-21 19:46:07.922,,y
1051,Bonbonnière en verre + couvercle en cuivre,BVC-001,525,2026-04-21 19:46:07.922,,y
1052,Bonbonnière en verre + couvercle en cuivre,BVC-001,525,2026-04-21 19:46:07.922,,y
1053,Bonbonnière en verre + couvercle en cuivre,BVC-001,525,2026-04-21 19:46:07.922,,y
1054,Bonbonnière en verre + couvercle en cuivre,BVC-001,525,2026-04-21 19:46:07.922,,y
1055,Bonbonnière en verre + couvercle en cuivre,BVC-001,525,2026-04-21 19:46:07.922,,y
1056,Bonbonnière en verre + couvercle en cuivre,BVC-001,525,2026-04-21 19:46:07.922,,y
1057,Bonbonnière en verre + couvercle en cuivre,BVC-001,525,2026-04-21 19:46:07.922,,y
1058,Bonbonnière en verre + couvercle en cuivre,BVC-001,525,2026-04-21 19:46:07.922,,y
1059,Bonbonnière en verre + couvercle en cuivre,BVC-001,525,2026-04-21 19:46:07.922,,y
1060,Bonbonnière en verre + couvercle en cuivre,BVC-001,525,2026-04-21 19:46:07.922,,y
1061,Bonbonnière en verre,BV-001,525,2026-04-21 19:46:07.922,,y
1062,Bonbonnière en verre + couvercle en cuivre,BVC-001,525,2026-04-21 19:46:07.922,,y
1063,Bonbonnière en verre + couvercle en cuivre,BVC-001,525,2026-04-21 19:46:07.922,,y
1064,Bonbonnière en verre + couvercle en cuivre,BVC-001,525,2026-04-21 19:46:07.922,,y
1065,Bonbonnière en verre + couvercle en cuivre,BVC-001,525,2026-04-21 19:46:07.922,,y
1066,Bonbonnière en verre + couvercle en cuivre,BVC-001,525,2026-04-21 19:46:07.922,,y
1067,Bonbonnière en verre + couvercle en cuivre,BVC-001,525,2026-04-21 19:46:07.922,,y
1068,Bonbonnière en verre + couvercle en cuivre,BVC-001,525,2026-04-21 19:46:07.922,,y
1069,Bonbonnière en verre + couvercle en cuivre,BVC-001,525,2026-04-21 19:46:07.922,,y
1070,Bonbonnière en verre + couvercle en cuivre,BVC-001,525,2026-04-21 19:46:07.922,,y
1071,Bonbonnière en verre + couvercle en cuivre,BVC-001,525,2026-04-21 19:46:07.922,,y
1072,Coffret Mathred + Lance Parfum + Chapelet,CMM,525,2026-04-21 19:46:07.922,,y
1073,Stylos LilasDream,STL,525,2026-04-21 19:46:07.922,,y
1074,Photophore Sidi Bousaid T1,Ph-T1,525,2026-04-21 19:46:07.922,,y
1075,Photophore Sidi Bousaid T2,Ph-T2,525,2026-04-21 19:46:07.922,,y
1076,Photophore Sidi Bousaid T3,Ph-T3,525,2026-04-21 19:46:07.922,,y
1077,Photophore Sidi Bousaid T4,Ph-T4,525,2026-04-21 19:46:07.922,,y
1078,Trio Bougies Sidi Bousaid,TB-01,525,2026-04-21 19:46:07.922,,y
1079,Thermos à paille,TP-001,525,2026-04-21 19:46:07.922,,y
1080,Personnalisation,Pers-1,525,2026-04-21 19:46:07.922,,y
1081,Tote Bag personnalisé,TOT-001,525,2026-04-21 19:46:07.922,,y
1082,Bonbonniére en verre craquelé + Cuivre,BVC-001,525,2026-04-21 19:46:07.922,,y
1083,Bonbonnière Verre + Cuivre 1,BON-001,525,2026-04-21 19:46:07.922,,y
1084,Bonbonnière Verre + Cuivre 2,BON-002,525,2026-04-21 19:46:07.922,,y
1085,Bonbonnière en verre + couvercle en cuivre,BVC-001,525,2026-04-21 19:46:07.922,,y
1086,Bonbonnière en verre + couvercle en cuivre,BVC-001,525,2026-04-21 19:46:07.922,,y
1087,Bonbonnière en verre + couvercle en cuivre,BVC-001,525,2026-04-21 19:46:07.922,,y
1088,Bonbonnière en verre + couvercle en cuivre,BVC-001,525,2026-04-21 19:46:07.922,,y
1089,Bonbonnière en verre + couvercle en cuivre,BVC-001,525,2026-04-21 19:46:07.922,,y
1090,Bonbonnière en verre,BV-001,525,2026-04-21 19:46:07.922,,y
1091,Bonbonnière en verre + couvercle en cuivre,BVC-001,525,2026-04-21 19:46:07.922,,y
1092,Bonbonnière en verre,BV-001,525,2026-04-21 19:46:07.922,,y
1093,Bonbonnière en verre + couvercle en cuivre,BVC-001,525,2026-04-21 19:46:07.922,,y
1094,Bonbonnière en verre + couvercle en cuivre,BVC-001,525,2026-04-21 19:46:07.922,,y
1095,Bonbonnière en verre + couvercle en cuivre,BVC-001,525,2026-04-21 19:46:07.922,,y
1096,Bonbonnière en verre + couvercle en cuivre,BVC-001,525,2026-04-21 19:46:07.922,,y
1097,Bonbonnière en verre + couvercle en cuivre,BVC-001,525,2026-04-21 19:46:07.922,,y
1098,Bonbonnière en verre + couvercle en cuivre,BVC-001,525,2026-04-21 19:46:07.922,,y
1099,Bonbonnière en verre + couvercle en cuivre,BVC-001,525,2026-04-21 19:46:07.922,,y
1100,Bonbonnière en verre + couvercle en cuivre,BVC-001,525,2026-04-21 19:46:07.922,,y
1101,Bonbonnière en verre + couvercle en cuivre,BVC-001,525,2026-04-21 19:46:07.922,,y
1102,Bonbonnière en verre + couvercle en cuivre,BVC-001,525,2026-04-21 19:46:07.922,,y
1103,Bonbonnière en verre + couvercle en cuivre,BVC-001,525,2026-04-21 19:46:07.922,,y
1104,Bonbonnière en verre + couvercle en cuivre,BVC-001,525,2026-04-21 19:46:07.922,,y
1105,Bonbonnière en verre + couvercle en cuivre,BVC-001,525,2026-04-21 19:46:07.922,,y
1106,Bonbonnière en verre + couvercle en cuivre,BVC-001,525,2026-04-21 19:46:07.922,,y
1107,Bonbonnière en verre + couvercle en cuivre,BVC-001,525,2026-04-21 19:46:07.922,,y
1108,Bonbonnière en verre + couvercle en cuivre,BVC-001,525,2026-04-21 19:46:07.922,,y
1109,Bonbonnière en verre + couvercle en cuivre,BVC-001,525,2026-04-21 19:46:07.922,,y
1110,Bonbonnière en verre,BV-001,525,2026-04-21 19:46:07.922,,y
1111,Bonbonnière en verre + couvercle en cuivre,BVC-001,525,2026-04-21 19:46:07.922,,y
1112,Bonbonnière en verre + couvercle en cuivre,BVC-001,525,2026-04-21 19:46:07.922,,y
1113,Bonbonnière en verre + couvercle en cuivre,BVC-001,525,2026-04-21 19:46:07.922,,y
1114,Bonbonnière en verre + couvercle en cuivre,BVC-001,525,2026-04-21 19:46:07.922,,y
1115,Bonbonnière en verre + couvercle en cuivre,BVC-001,525,2026-04-21 19:46:07.922,,y
1116,Bonbonnière en verre + couvercle en cuivre,BVC-001,525,2026-04-21 19:46:07.922,,y
1117,Bonbonnière en verre + couvercle en cuivre,BVC-001,525,2026-04-21 19:46:07.922,,y
1118,Bonbonnière en verre + couvercle en cuivre,BVC-001,525,2026-04-21 19:46:07.922,,y
1119,Bonbonnière en verre + couvercle en cuivre,BVC-001,525,2026-04-21 19:46:07.922,,y
1120,Bonbonnière en verre + couvercle en cuivre,BVC-001,525,2026-04-21 19:46:07.922,,y
1121,Coffret Mathred + Lance Parfum + Chapelet,CMM,525,2026-04-21 19:46:07.922,,y
1122,Stylos LilasDream,STL,525,2026-04-21 19:46:07.922,,y
1123,Photophore Sidi Bousaid T1,Ph-T1,525,2026-04-21 19:46:07.922,,y
1124,Photophore Sidi Bousaid T2,Ph-T2,525,2026-04-21 19:46:07.922,,y
1125,Photophore Sidi Bousaid T3,Ph-T3,525,2026-04-21 19:46:07.922,,y
1126,Photophore Sidi Bousaid T4,Ph-T4,525,2026-04-21 19:46:07.922,,y
1127,Trio Bougies Sidi Bousaid,TB-01,525,2026-04-21 19:46:07.922,,y
1128,Thermos à paille,TP-001,525,2026-04-21 19:46:07.922,,y
1129,Personnalisation,Pers-1,525,2026-04-21 19:46:07.922,,y
1130,Tote Bag personnalisé,TOT-001,525,2026-04-21 19:46:07.922,,y
1131,Bonbonniére en verre craquelé + Cuivre,BVC-001,525,2026-04-21 19:46:07.922,,y
1132,Bonbonnière Verre + Cuivre 1,BON-001,525,2026-04-21 19:46:07.922,,y
1133,Bonbonnière Verre + Cuivre 2,BON-002,525,2026-04-21 19:46:07.922,,y
1134,Bonbonnière en verre + couvercle en cuivre,BVC-001,525,2026-04-21 19:46:07.922,,y
1135,Bonbonnière en verre + couvercle en cuivre,BVC-001,525,2026-04-21 19:46:07.923,,y
1136,Bonbonnière en verre + couvercle en cuivre,BVC-001,525,2026-04-21 19:46:07.923,,y
1137,Bonbonnière en verre + couvercle en cuivre,BVC-001,525,2026-04-21 19:46:07.923,,y
1138,Bonbonnière en verre + couvercle en cuivre,BVC-001,525,2026-04-21 19:46:07.923,,y
1139,Bonbonnière en verre,BV-001,525,2026-04-21 19:46:07.923,,y
1140,Bonbonnière en verre + couvercle en cuivre,BVC-001,525,2026-04-21 19:46:07.923,,y
1141,Bonbonnière en verre + couvercle en cuivre,BVC-001,525,2026-04-21 19:46:07.923,,y
1142,Bonbonnière en verre + couvercle en cuivre,BVC-001,525,2026-04-21 19:46:07.923,,y
1143,Bonbonnière en verre + couvercle en cuivre,BVC-001,525,2026-04-21 19:46:07.923,,y
1144,Bonbonnière en verre + couvercle en cuivre,BVC-001,525,2026-04-21 19:46:07.923,,y
1145,Bonbonnière en verre + couvercle en cuivre,BVC-001,525,2026-04-21 19:46:07.923,,y
1146,Bonbonnière en verre + couvercle en cuivre,BVC-001,525,2026-04-21 19:46:07.923,,y
1147,Bonbonnière en verre + couvercle en cuivre,BVC-001,525,2026-04-21 19:46:07.923,,y
1148,Bonbonnière en verre + couvercle en cuivre,BVC-001,525,2026-04-21 19:46:07.923,,y
1149,Bonbonnière en verre + couvercle en cuivre,BVC-001,525,2026-04-21 19:46:07.923,,y
1150,Bonbonnière en verre + couvercle en cuivre,BVC-001,525,2026-04-21 19:46:07.923,,y
1151,Bonbonnière en verre + couvercle en cuivre,BVC-001,525,2026-04-21 19:46:07.923,,y
1152,Bonbonnière en verre + couvercle en cuivre,BVC-001,525,2026-04-21 19:46:07.923,,y
1153,Bonbonnière en verre + couvercle en cuivre,BVC-001,525,2026-04-21 19:46:07.923,,y
1154,Bonbonnière en verre + couvercle en cuivre,BVC-001,525,2026-04-21 19:46:07.923,,y
1155,Bonbonnière en verre + couvercle en cuivre,BVC-001,525,2026-04-21 19:46:07.923,,y
1156,Bonbonnière en verre + couvercle en cuivre,BVC-001,525,2026-04-21 19:46:07.923,,y
1157,Bonbonnière en verre,BV-001,525,2026-04-21 19:46:07.923,,y
1158,Bonbonnière en verre + couvercle en cuivre,BVC-001,525,2026-04-21 19:46:07.923,,y
1159,Bonbonnière en verre + couvercle en cuivre,BVC-001,525,2026-04-21 19:46:07.923,,y
1160,Bonbonnière en verre + couvercle en cuivre,BVC-001,525,2026-04-21 19:46:07.923,,y
1161,Bonbonnière en verre + couvercle en cuivre,BVC-001,525,2026-04-21 19:46:07.923,,y
1162,Bonbonnière en verre + couvercle en cuivre,BVC-001,525,2026-04-21 19:46:07.923,,y
1163,Bonbonnière en verre + couvercle en cuivre,BVC-001,525,2026-04-21 19:46:07.923,,y
1164,Bonbonnière en verre + couvercle en cuivre,BVC-001,525,2026-04-21 19:46:07.923,,y
1165,Bonbonnière en verre + couvercle en cuivre,BVC-001,525,2026-04-21 19:46:07.923,,y
1166,Bonbonnière en verre + couvercle en cuivre,BVC-001,525,2026-04-21 19:46:07.923,,y
1167,Bonbonnière en verre + couvercle en cuivre,BVC-001,525,2026-04-21 19:46:07.923,,y
1168,Coffret Mathred + Lance Parfum + Chapelet,CMM,525,2026-04-21 19:46:07.923,,y
1169,Stylos LilasDream,STL,525,2026-04-21 19:46:07.923,,y
1170,Photophore Sidi Bousaid T1,Ph-T1,525,2026-04-21 19:46:07.923,,y
1171,Photophore Sidi Bousaid T2,Ph-T2,525,2026-04-21 19:46:07.923,,y
1172,Photophore Sidi Bousaid T3,Ph-T3,525,2026-04-21 19:46:07.923,,y
1173,Photophore Sidi Bousaid T4,Ph-T4,525,2026-04-21 19:46:07.923,,y
1174,Trio Bougies Sidi Bousaid,TB-01,525,2026-04-21 19:46:07.923,,y
1175,Thermos à paille,TP-001,525,2026-04-21 19:46:07.923,,y
1176,Personnalisation,Pers-1,525,2026-04-21 19:46:07.923,,y
1177,Tote Bag personnalisé,TOT-001,525,2026-04-21 19:46:07.923,,y
1178,Bonbonniére en verre craquelé + Cuivre,BVC-001,525,2026-04-21 19:46:07.923,,y
1179,Bonbonnière Verre + Cuivre 1,BON-001,525,2026-04-21 19:46:07.923,,y
1180,Trio Bougies Sidi Bousaid,TB-01,525,2026-04-21 19:46:07.923,,y
1181,Bonbonnière Verre + Cuivre 2,BON-002,525,2026-04-21 19:46:07.923,,y
1182,Bonbonnière en verre + couvercle en cuivre,BVC-001,525,2026-04-21 19:46:07.923,,y
1183,Bonbonnière en verre + couvercle en cuivre,BVC-001,525,2026-04-21 19:46:07.923,,y
1184,Bonbonnière en verre + couvercle en cuivre,BVC-001,525,2026-04-21 19:46:07.923,,y
1185,Bonbonnière en verre + couvercle en cuivre,BVC-001,525,2026-04-21 19:46:07.923,,y
1186,Bonbonnière en verre + couvercle en cuivre,BVC-001,525,2026-04-21 19:46:07.923,,y
1187,Bonbonnière en verre,BV-001,525,2026-04-21 19:46:07.923,,y
1188,Bonbonnière en verre + couvercle en cuivre,BVC-001,525,2026-04-21 19:46:07.923,,y
1189,Bonbonnière en verre,BV-001,525,2026-04-21 19:46:07.923,,y
1190,Bonbonnière en verre + couvercle en cuivre,BVC-001,525,2026-04-21 19:46:07.923,,y
1191,Bonbonnière en verre + couvercle en cuivre,BVC-001,525,2026-04-21 19:46:07.923,,y
1192,Bonbonnière en verre + couvercle en cuivre,BVC-001,525,2026-04-21 19:46:07.923,,y
1193,Bonbonnière en verre + couvercle en cuivre,BVC-001,525,2026-04-21 19:46:07.923,,y
1194,Bonbonnière en verre + couvercle en cuivre,BVC-001,525,2026-04-21 19:46:07.923,,y
1195,Bonbonnière en verre + couvercle en cuivre,BVC-001,525,2026-04-21 19:46:07.923,,y
1196,Bonbonnière en verre + couvercle en cuivre,BVC-001,525,2026-04-21 19:46:07.923,,y
1197,Bonbonnière en verre + couvercle en cuivre,BVC-001,525,2026-04-21 19:46:07.923,,y
1198,Bonbonnière en verre + couvercle en cuivre,BVC-001,525,2026-04-21 19:46:07.923,,y
1199,Bonbonnière en verre + couvercle en cuivre,BVC-001,525,2026-04-21 19:46:07.923,,y
1200,Bonbonnière en verre + couvercle en cuivre,BVC-001,525,2026-04-21 19:46:07.923,,y
1201,Bonbonnière en verre + couvercle en cuivre,BVC-001,525,2026-04-21 19:46:07.923,,y
1202,Bonbonnière en verre + couvercle en cuivre,BVC-001,525,2026-04-21 19:46:07.923,,y
1203,Bonbonnière en verre + couvercle en cuivre,BVC-001,525,2026-04-21 19:46:07.923,,y
1204,Bonbonnière en verre + couvercle en cuivre,BVC-001,525,2026-04-21 19:46:07.923,,y
1205,Bonbonnière en verre + couvercle en cuivre,BVC-001,525,2026-04-21 19:46:07.923,,y
1206,Bonbonnière en verre + couvercle en cuivre,BVC-001,525,2026-04-21 19:46:07.923,,y
1207,Bonbonnière en verre,BV-001,525,2026-04-21 19:46:07.923,,y
1208,Bonbonnière en verre + couvercle en cuivre,BVC-001,525,2026-04-21 19:46:07.926,,y
1209,Bonbonnière en verre + couvercle en cuivre,BVC-001,525,2026-04-21 19:46:07.926,,y
1210,Bonbonnière en verre + couvercle en cuivre,BVC-001,525,2026-04-21 19:46:07.926,,y
1211,Bonbonnière en verre + couvercle en cuivre,BVC-001,525,2026-04-21 19:46:07.926,,y
1212,Bonbonnière en verre + couvercle en cuivre,BVC-001,525,2026-04-21 19:46:07.926,,y
1213,Bonbonnière en verre + couvercle en cuivre,BVC-001,525,2026-04-21 19:46:07.926,,y
1214,Bonbonnière en verre + couvercle en cuivre,BVC-001,525,2026-04-21 19:46:07.926,,y
1215,Bonbonnière en verre + couvercle en cuivre,BVC-001,525,2026-04-21 19:46:07.926,,y
1216,Bonbonnière en verre + couvercle en cuivre,BVC-001,525,2026-04-21 19:46:07.926,,y
1217,Bonbonnière en verre + couvercle en cuivre,BVC-001,525,2026-04-21 19:46:07.926,,y
1218,Coffret Mathred + Lance Parfum + Chapelet,CMM,525,2026-04-21 19:46:07.926,,y
1219,Stylos LilasDream,STL,525,2026-04-21 19:46:07.926,,y
1220,Photophore Sidi Bousaid T1,Ph-T1,525,2026-04-21 19:46:07.926,,y
1221,Photophore Sidi Bousaid T2,Ph-T2,525,2026-04-21 19:46:07.926,,y
1222,Photophore Sidi Bousaid T3,Ph-T3,525,2026-04-21 19:46:07.926,,y
1223,Photophore Sidi Bousaid T4,Ph-T4,525,2026-04-21 19:46:07.926,,y
1224,Thermos à paille,TP-001,525,2026-04-21 19:46:07.926,,y
1225,Personnalisation,Pers-1,525,2026-04-21 19:46:07.926,,y
1226,Tote Bag personnalisé,TOT-001,525,2026-04-21 19:46:07.926,,y
1227,Bonbonniére en verre craquelé + Cuivre,BVC-001,525,2026-04-21 19:46:07.926,,y
1228,Bonbonnière Verre + Cuivre 1,BON-001,525,2026-04-21 19:46:07.926,,y
1229,Bonbonnière Verre + Cuivre 2,BON-002,525,2026-04-21 19:46:07.926,,y
1230,Bonbonnière en verre + couvercle en cuivre,BVC-001,525,2026-04-21 19:46:07.926,,y
1231,Bonbonnière en verre + couvercle en cuivre,BVC-001,525,2026-04-21 19:46:07.926,,y
1232,Bonbonnière en verre + couvercle en cuivre,BVC-001,525,2026-04-21 19:46:07.926,,y
1233,Bonbonnière en verre + couvercle en cuivre,BVC-001,525,2026-04-21 19:46:07.926,,y
1234,Bonbonnière en verre + couvercle en cuivre,BVC-001,525,2026-04-21 19:46:07.926,,y
1235,Bonbonnière en verre,BV-001,525,2026-04-21 19:46:07.926,,y
1236,Bonbonnière en verre + couvercle en cuivre,BVC-001,525,2026-04-21 19:46:07.927,,y
1237,Bonbonnière en verre,BV-001,525,2026-04-21 19:46:07.927,,y
1238,Bonbonnière en verre + couvercle en cuivre,BVC-001,525,2026-04-21 19:46:07.927,,y
1239,Bonbonnière en verre + couvercle en cuivre,BVC-001,525,2026-04-21 19:46:07.927,,y
1240,Bonbonnière en verre + couvercle en cuivre,BVC-001,525,2026-04-21 19:46:07.927,,y
1241,Bonbonnière en verre + couvercle en cuivre,BVC-001,525,2026-04-21 19:46:07.927,,y
1242,Bonbonnière en verre + couvercle en cuivre,BVC-001,525,2026-04-21 19:46:07.927,,y
1243,Bonbonnière en verre + couvercle en cuivre,BVC-001,525,2026-04-21 19:46:07.927,,y
1244,Bonbonnière en verre + couvercle en cuivre,BVC-001,525,2026-04-21 19:46:07.927,,y
1245,Bonbonnière en verre + couvercle en cuivre,BVC-001,525,2026-04-21 19:46:07.927,,y
1246,Bonbonnière en verre + couvercle en cuivre,BVC-001,525,2026-04-21 19:46:07.927,,y
1247,Bonbonnière en verre + couvercle en cuivre,BVC-001,525,2026-04-21 19:46:07.927,,y
1248,Bonbonnière en verre + couvercle en cuivre,BVC-001,525,2026-04-21 19:46:07.927,,y
1249,Bonbonnière en verre + couvercle en cuivre,BVC-001,525,2026-04-21 19:46:07.927,,y
1250,Bonbonnière en verre + couvercle en cuivre,BVC-001,525,2026-04-21 19:46:07.927,,y
1251,Bonbonnière en verre + couvercle en cuivre,BVC-001,525,2026-04-21 19:46:07.927,,y
1252,Bonbonnière en verre + couvercle en cuivre,BVC-001,525,2026-04-21 19:46:07.927,,y
1253,Bonbonnière en verre + couvercle en cuivre,BVC-001,525,2026-04-21 19:46:07.927,,y
1254,Bonbonnière en verre + couvercle en cuivre,BVC-001,525,2026-04-21 19:46:07.927,,y
1255,Bonbonnière en verre,BV-001,525,2026-04-21 19:46:07.927,,y
1256,Bonbonnière en verre + couvercle en cuivre,BVC-001,525,2026-04-21 19:46:07.927,,y
1257,Bonbonnière en verre + couvercle en cuivre,BVC-001,525,2026-04-21 19:46:07.927,,y
1258,Bonbonnière en verre + couvercle en cuivre,BVC-001,525,2026-04-21 19:46:07.927,,y
1259,Bonbonnière en verre + couvercle en cuivre,BVC-001,525,2026-04-21 19:46:07.927,,y
1260,Bonbonnière en verre + couvercle en cuivre,BVC-001,525,2026-04-21 19:46:07.927,,y
1261,Bonbonnière en verre + couvercle en cuivre,BVC-001,525,2026-04-21 19:46:07.927,,y
1262,Bonbonnière en verre + couvercle en cuivre,BVC-001,525,2026-04-21 19:46:07.927,,y
1263,Bonbonnière en verre + couvercle en cuivre,BVC-001,525,2026-04-21 19:46:07.927,,y
1264,Bonbonnière en verre + couvercle en cuivre,BVC-001,525,2026-04-21 19:46:07.927,,y
1265,Bonbonnière en verre + couvercle en cuivre,BVC-001,525,2026-04-21 19:46:07.927,,y
1266,Coffret Mathred + Lance Parfum + Chapelet,CMM,525,2026-04-21 19:46:07.927,,y
1267,Stylos LilasDream,STL,525,2026-04-21 19:46:07.927,,y
1268,Photophore Sidi Bousaid T1,Ph-T1,525,2026-04-21 19:46:07.927,,y
1269,Photophore Sidi Bousaid T2,Ph-T2,525,2026-04-21 19:46:07.927,,y
1270,Photophore Sidi Bousaid T3,Ph-T3,525,2026-04-21 19:46:07.927,,y
1271,Photophore Sidi Bousaid T4,Ph-T4,525,2026-04-21 19:46:07.927,,y
1272,Trio Bougies Sidi Bousaid,TB-01,525,2026-04-21 19:46:07.927,,y
1273,Thermos à paille,TP-001,525,2026-04-21 19:46:07.927,,y
1274,Personnalisation,Pers-1,525,2026-04-21 19:46:07.927,,y
1275,Tote Bag personnalisé,TOT-001,525,2026-04-21 19:46:07.927,,y
1276,Bonbonniére en verre craquelé + Cuivre,BVC-001,525,2026-04-21 19:46:07.927,,y
1277,Bonbonnière Verre + Cuivre 1,BON-001,525,2026-04-21 19:46:07.927,,y
1278,Bonbonnière Verre + Cuivre 2,BON-002,525,2026-04-21 19:46:07.927,,y
1279,Bonbonnière en verre + couvercle en cuivre,BVC-001,525,2026-04-21 19:46:07.927,,y
1280,Bonbonnière en verre + couvercle en cuivre,BVC-001,525,2026-04-21 19:46:07.927,,y
1281,Bonbonnière en verre + couvercle en cuivre,BVC-001,525,2026-04-21 19:46:07.927,,y
1282,Bonbonnière en verre + couvercle en cuivre,BVC-001,525,2026-04-21 19:46:07.927,,y
1283,Bonbonnière en verre + couvercle en cuivre,BVC-001,525,2026-04-21 19:46:07.927,,y
1284,Bonbonnière en verre,BV-001,525,2026-04-21 19:46:07.927,,y
1285,Bonbonnière en verre + couvercle en cuivre,BVC-001,525,2026-04-21 19:46:07.927,,y
1286,Bonbonnière en verre,BV-001,525,2026-04-21 19:46:07.927,,y
1287,Bonbonnière en verre + couvercle en cuivre,BVC-001,525,2026-04-21 19:46:07.927,,y
1288,Bonbonnière en verre + couvercle en cuivre,BVC-001,525,2026-04-21 19:46:07.927,,y
1289,Bonbonnière en verre + couvercle en cuivre,BVC-001,525,2026-04-21 19:46:07.927,,y
1290,Bonbonnière en verre + couvercle en cuivre,BVC-001,525,2026-04-21 19:46:07.927,,y
1291,Bonbonnière en verre + couvercle en cuivre,BVC-001,525,2026-04-21 19:46:07.927,,y
1292,Bonbonnière en verre + couvercle en cuivre,BVC-001,525,2026-04-21 19:46:07.927,,y
1293,Bonbonnière en verre + couvercle en cuivre,BVC-001,525,2026-04-21 19:46:07.927,,y
1294,Bonbonnière en verre + couvercle en cuivre,BVC-001,525,2026-04-21 19:46:07.927,,y
1295,Bonbonnière en verre + couvercle en cuivre,BVC-001,525,2026-04-21 19:46:07.927,,y
1296,Bonbonnière en verre + couvercle en cuivre,BVC-001,525,2026-04-21 19:46:07.927,,y
1297,Bonbonnière en verre + couvercle en cuivre,BVC-001,525,2026-04-21 19:46:07.927,,y
1298,Bonbonnière en verre + couvercle en cuivre,BVC-001,525,2026-04-21 19:46:07.927,,y
1299,Bonbonnière en verre + couvercle en cuivre,BVC-001,525,2026-04-21 19:46:07.927,,y
1300,Bonbonnière en verre + couvercle en cuivre,BVC-001,525,2026-04-21 19:46:07.927,,y
1301,Bonbonnière en verre + couvercle en cuivre,BVC-001,525,2026-04-21 19:46:07.927,,y
1302,Bonbonnière en verre + couvercle en cuivre,BVC-001,525,2026-04-21 19:46:07.927,,y
1303,Bonbonnière en verre + couvercle en cuivre,BVC-001,525,2026-04-21 19:46:07.927,,y
1304,Bonbonnière en verre,BV-001,525,2026-04-21 19:46:07.927,,y
1305,Bonbonnière en verre + couvercle en cuivre,BVC-001,525,2026-04-21 19:46:07.927,,y
1306,Bonbonnière en verre + couvercle en cuivre,BVC-001,525,2026-04-21 19:46:07.927,,y
1307,Bonbonnière en verre + couvercle en cuivre,BVC-001,525,2026-04-21 19:46:07.927,,y
1308,Bonbonnière en verre + couvercle en cuivre,BVC-001,525,2026-04-21 19:46:07.927,,y
1309,Bonbonnière en verre + couvercle en cuivre,BVC-001,525,2026-04-21 19:46:07.927,,y
1310,Bonbonnière en verre + couvercle en cuivre,BVC-001,525,2026-04-21 19:46:07.927,,y
1311,Bonbonnière en verre + couvercle en cuivre,BVC-001,525,2026-04-21 19:46:07.927,,y
1312,Bonbonnière en verre + couvercle en cuivre,BVC-001,525,2026-04-21 19:46:07.927,,y
1313,Bonbonnière en verre + couvercle en cuivre,BVC-001,525,2026-04-21 19:46:07.927,,y
1314,Bonbonnière en verre + couvercle en cuivre,BVC-001,525,2026-04-21 19:46:07.927,,y
1315,Coffret Mathred + Lance Parfum + Chapelet,CMM,525,2026-04-21 19:46:07.927,,y
1316,Stylos LilasDream,STL,525,2026-04-21 19:46:07.927,,y
1317,Photophore Sidi Bousaid T1,Ph-T1,525,2026-04-21 19:46:07.927,,y
1318,Photophore Sidi Bousaid T2,Ph-T2,525,2026-04-21 19:46:07.927,,y
1319,Photophore Sidi Bousaid T3,Ph-T3,525,2026-04-21 19:46:07.927,,y
1320,Photophore Sidi Bousaid T4,Ph-T4,525,2026-04-21 19:46:07.927,,y
1321,Trio Bougies Sidi Bousaid,TB-01,525,2026-04-21 19:46:07.927,,y
1322,Thermos à paille,TP-001,525,2026-04-21 19:46:07.927,,y
1323,Personnalisation,Pers-1,525,2026-04-21 19:46:07.927,,y
1324,Tote Bag personnalisé,TOT-001,525,2026-04-21 19:46:07.927,,y
1325,Bonbonniére en verre craquelé + Cuivre,BVC-001,525,2026-04-21 19:46:07.927,,y
1326,Bonbonnière Verre + Cuivre 1,BON-001,525,2026-04-21 19:46:07.927,,y
1327,Bonbonnière Verre + Cuivre 2,BON-002,525,2026-04-21 19:46:07.927,,y
1328,Bonbonnière en verre + couvercle en cuivre,BVC-001,525,2026-04-21 19:46:07.927,,y
1329,Bonbonnière en verre + couvercle en cuivre,BVC-001,525,2026-04-21 19:46:07.927,,y
1330,Bonbonnière en verre + couvercle en cuivre,BVC-001,525,2026-04-21 19:46:07.927,,y
1331,Bonbonnière en verre + couvercle en cuivre,BVC-001,525,2026-04-21 19:46:07.927,,y
1332,Bonbonnière en verre + couvercle en cuivre,BVC-001,525,2026-04-21 19:46:07.927,,y
1333,Bonbonnière en verre,BV-001,525,2026-04-21 19:46:07.927,,y
1334,Bonbonnière en verre + couvercle en cuivre,BVC-001,525,2026-04-21 19:46:07.927,,y
1335,Bonbonnière en verre,BV-001,525,2026-04-21 19:46:07.927,,y
1336,Bonbonnière en verre + couvercle en cuivre,BVC-001,525,2026-04-21 19:46:07.927,,y
1337,Bonbonnière en verre + couvercle en cuivre,BVC-001,525,2026-04-21 19:46:07.927,,y
1338,Bonbonnière en verre + couvercle en cuivre,BVC-001,525,2026-04-21 19:46:07.927,,y
1339,Bonbonnière en verre + couvercle en cuivre,BVC-001,525,2026-04-21 19:46:07.927,,y
1340,Bonbonnière en verre + couvercle en cuivre,BVC-001,525,2026-04-21 19:46:07.927,,y
1341,Bonbonnière en verre + couvercle en cuivre,BVC-001,525,2026-04-21 19:46:07.927,,y
1342,Bonbonnière en verre + couvercle en cuivre,BVC-001,525,2026-04-21 19:46:07.927,,y
1343,Bonbonnière en verre + couvercle en cuivre,BVC-001,525,2026-04-21 19:46:07.927,,y
1344,Bonbonnière en verre + couvercle en cuivre,BVC-001,525,2026-04-21 19:46:07.927,,y
1345,Bonbonnière en verre + couvercle en cuivre,BVC-001,525,2026-04-21 19:46:07.927,,y
1346,Bonbonnière en verre + couvercle en cuivre,BVC-001,525,2026-04-21 19:46:07.927,,y
1347,Bonbonnière en verre + couvercle en cuivre,BVC-001,525,2026-04-21 19:46:07.927,,y
1348,Bonbonnière en verre + couvercle en cuivre,BVC-001,525,2026-04-21 19:46:07.927,,y
1349,Bonbonnière en verre + couvercle en cuivre,BVC-001,525,2026-04-21 19:46:07.927,,y
1350,Bonbonnière en verre + couvercle en cuivre,BVC-001,525,2026-04-21 19:46:07.927,,y
1351,Bonbonnière en verre + couvercle en cuivre,BVC-001,525,2026-04-21 19:46:07.927,,y
1352,Bonbonnière en verre + couvercle en cuivre,BVC-001,525,2026-04-21 19:46:07.927,,y
1353,Bonbonnière en verre,BV-001,525,2026-04-21 19:46:07.927,,y
1354,Bonbonnière en verre + couvercle en cuivre,BVC-001,525,2026-04-21 19:46:07.927,,y
1355,Bonbonnière en verre + couvercle en cuivre,BVC-001,525,2026-04-21 19:46:07.927,,y
1356,Bonbonnière en verre + couvercle en cuivre,BVC-001,525,2026-04-21 19:46:07.927,,y
1357,Bonbonnière en verre + couvercle en cuivre,BVC-001,525,2026-04-21 19:46:07.927,,y
1358,Bonbonnière en verre + couvercle en cuivre,BVC-001,525,2026-04-21 19:46:07.927,,y
1359,Bonbonnière en verre + couvercle en cuivre,BVC-001,525,2026-04-21 19:46:07.927,,y
1360,Bonbonnière en verre + couvercle en cuivre,BVC-001,525,2026-04-21 19:46:07.927,,y
1361,Bonbonnière en verre + couvercle en cuivre,BVC-001,525,2026-04-21 19:46:07.927,,y
1362,Bonbonnière en verre + couvercle en cuivre,BVC-001,525,2026-04-21 19:46:07.927,,y
1363,Bonbonnière en verre + couvercle en cuivre,BVC-001,525,2026-04-21 19:46:07.927,,y
1364,Bonbonnière en verre + couvercle en cuivre,BVC-001,525,2026-04-21 19:46:07.927,,y
1365,Coffret Mathred + Lance Parfum + Chapelet,CMM,525,2026-04-21 19:46:07.927,,y
1366,Stylos LilasDream,STL,525,2026-04-21 19:46:07.927,,y
1367,Photophore Sidi Bousaid T1,Ph-T1,525,2026-04-21 19:46:07.927,,y
1368,Photophore Sidi Bousaid T2,Ph-T2,525,2026-04-21 19:46:07.927,,y
1369,Photophore Sidi Bousaid T3,Ph-T3,525,2026-04-21 19:46:07.927,,y
1370,Photophore Sidi Bousaid T4,Ph-T4,525,2026-04-21 19:46:07.927,,y
1371,Trio Bougies Sidi Bousaid,TB-01,525,2026-04-21 19:46:07.927,,y
1372,Thermos à paille,TP-001,525,2026-04-21 19:46:07.927,,y
1373,Personnalisation,Pers-1,525,2026-04-21 19:46:07.928,,y
1374,Tote Bag personnalisé,TOT-001,525,2026-04-21 19:46:07.928,,y
1375,Bonbonniére en verre craquelé + Cuivre,BVC-001,525,2026-04-21 19:46:07.928,,y
1376,Bonbonnière Verre + Cuivre 1,BON-001,525,2026-04-21 19:46:07.928,,y
1377,Bonbonnière Verre + Cuivre 2,BON-002,525,2026-04-21 19:46:07.928,,y
1378,Bonbonnière en verre + couvercle en cuivre,BVC-001,525,2026-04-21 19:46:07.928,,y
1379,Bonbonnière en verre + couvercle en cuivre,BVC-001,525,2026-04-21 19:46:07.928,,y
1380,Bonbonnière en verre + couvercle en cuivre,BVC-001,525,2026-04-21 19:46:07.928,,y
1381,Bonbonnière en verre + couvercle en cuivre,BVC-001,525,2026-04-21 19:46:07.928,,y
1382,Bonbonnière en verre + couvercle en cuivre,BVC-001,525,2026-04-21 19:46:07.928,,y
1383,Bonbonnière en verre,BV-001,525,2026-04-21 19:46:07.928,,y
1384,Bonbonnière en verre + couvercle en cuivre,BVC-001,525,2026-04-21 19:46:07.928,,y
1385,Bonbonnière en verre,BV-001,525,2026-04-21 19:46:07.928,,y
1386,Bonbonnière en verre + couvercle en cuivre,BVC-001,525,2026-04-21 19:46:07.928,,y
1387,Bonbonnière en verre + couvercle en cuivre,BVC-001,525,2026-04-21 19:46:07.928,,y
1388,Bonbonnière en verre + couvercle en cuivre,BVC-001,525,2026-04-21 19:46:07.928,,y
1389,Bonbonnière en verre + couvercle en cuivre,BVC-001,525,2026-04-21 19:46:07.928,,y
1390,Bonbonnière en verre + couvercle en cuivre,BVC-001,525,2026-04-21 19:46:07.928,,y
1391,Bonbonnière en verre + couvercle en cuivre,BVC-001,525,2026-04-21 19:46:07.928,,y
1392,Bonbonnière en verre + couvercle en cuivre,BVC-001,525,2026-04-21 19:46:07.928,,y
1393,Bonbonnière en verre + couvercle en cuivre,BVC-001,525,2026-04-21 19:46:07.928,,y
1394,Bonbonnière en verre + couvercle en cuivre,BVC-001,525,2026-04-21 19:46:07.928,,y
1395,Bonbonnière en verre + couvercle en cuivre,BVC-001,525,2026-04-21 19:46:07.928,,y
1396,Bonbonnière en verre + couvercle en cuivre,BVC-001,525,2026-04-21 19:46:07.928,,y
1397,Bonbonnière en verre + couvercle en cuivre,BVC-001,525,2026-04-21 19:46:07.928,,y
1398,Bonbonnière en verre,BV-001,525,2026-04-21 19:46:07.928,,y
1399,Bonbonnière en verre + couvercle en cuivre,BVC-001,525,2026-04-21 19:46:07.928,,y
1400,Bonbonnière en verre + couvercle en cuivre,BVC-001,525,2026-04-21 19:46:07.928,,y
1401,Bonbonnière en verre + couvercle en cuivre,BVC-001,525,2026-04-21 19:46:07.928,,y
1402,Bonbonnière en verre + couvercle en cuivre,BVC-001,525,2026-04-21 19:46:07.928,,y
1403,Bonbonnière en verre + couvercle en cuivre,BVC-001,525,2026-04-21 19:46:07.928,,y
1404,Bonbonnière en verre,BV-001,525,2026-04-21 19:46:07.928,,y
1405,Bonbonnière en verre + couvercle en cuivre,BVC-001,525,2026-04-21 19:46:07.928,,y
1406,Bonbonnière en verre + couvercle en cuivre,BVC-001,525,2026-04-21 19:46:07.928,,y
1407,Bonbonnière en verre + couvercle en cuivre,BVC-001,525,2026-04-21 19:46:07.928,,y
1408,Bonbonnière en verre + couvercle en cuivre,BVC-001,525,2026-04-21 19:46:07.928,,y
1409,Bonbonnière en verre + couvercle en cuivre,BVC-001,525,2026-04-21 19:46:07.928,,y
1410,Bonbonnière en verre + couvercle en cuivre,BVC-001,525,2026-04-21 19:46:07.928,,y
1411,Bonbonnière en verre + couvercle en cuivre,BVC-001,525,2026-04-21 19:46:07.928,,y
1412,Bonbonnière en verre + couvercle en cuivre,BVC-001,525,2026-04-21 19:46:07.928,,y
1413,Bonbonnière en verre + couvercle en cuivre,BVC-001,525,2026-04-21 19:46:07.928,,y
1414,Bonbonnière en verre + couvercle en cuivre,BVC-001,525,2026-04-21 19:46:07.928,,y
1415,Coffret Mathred + Lance Parfum + Chapelet,CMM,525,2026-04-21 19:46:07.928,,y
1416,Stylos LilasDream,STL,525,2026-04-21 19:46:07.928,,y
1417,Photophore Sidi Bousaid T1,Ph-T1,525,2026-04-21 19:46:07.928,,y
1418,Photophore Sidi Bousaid T2,Ph-T2,525,2026-04-21 19:46:07.928,,y
1419,Photophore Sidi Bousaid T3,Ph-T3,525,2026-04-21 19:46:07.928,,y
1420,Photophore Sidi Bousaid T4,Ph-T4,525,2026-04-21 19:46:07.928,,y
1421,Trio Bougies Sidi Bousaid,TB-01,525,2026-04-21 19:46:07.928,,y
1422,Thermos à paille,TP-001,525,2026-04-21 19:46:07.928,,y
1423,Personnalisation,Pers-1,525,2026-04-21 19:46:07.928,,y
1424,Tote Bag personnalisé,TOT-001,525,2026-04-21 19:46:07.928,,y
1425,Bonbonniére en verre craquelé + Cuivre,BVC-001,525,2026-04-21 19:46:07.928,,y
1426,Bonbonnière Verre + Cuivre 1,BON-001,525,2026-04-21 19:46:07.928,,y
1427,Bonbonnière Verre + Cuivre 2,BON-002,525,2026-04-21 19:46:07.928,,y
1428,Bonbonnière en verre + couvercle en cuivre,BVC-001,525,2026-04-21 19:46:07.928,,y
1429,Bonbonnière en verre + couvercle en cuivre,BVC-001,525,2026-04-21 19:46:07.928,,y
1430,Bonbonnière en verre + couvercle en cuivre,BVC-001,525,2026-04-21 19:46:07.928,,y
1431,Bonbonnière en verre + couvercle en cuivre,BVC-001,525,2026-04-21 19:46:07.928,,y
1432,Bonbonnière en verre + couvercle en cuivre,BVC-001,525,2026-04-21 19:46:07.928,,y
1433,Bonbonnière en verre,BV-001,525,2026-04-21 19:46:07.928,,y
1434,Bonbonnière en verre + couvercle en cuivre,BVC-001,525,2026-04-21 19:46:07.928,,y
1435,Bonbonnière en verre,BV-001,525,2026-04-21 19:46:07.928,,y
1436,Bonbonnière en verre + couvercle en cuivre,BVC-001,525,2026-04-21 19:46:07.928,,y
1437,Bonbonnière en verre + couvercle en cuivre,BVC-001,525,2026-04-21 19:46:07.928,,y
1438,Bonbonnière en verre + couvercle en cuivre,BVC-001,525,2026-04-21 19:46:07.928,,y
1439,Bonbonnière en verre + couvercle en cuivre,BVC-001,525,2026-04-21 19:46:07.928,,y
1440,Bonbonnière en verre + couvercle en cuivre,BVC-001,525,2026-04-21 19:46:07.928,,y
1441,Bonbonnière en verre + couvercle en cuivre,BVC-001,525,2026-04-21 19:46:07.928,,y
1442,Bonbonnière en verre + couvercle en cuivre,BVC-001,525,2026-04-21 19:46:07.928,,y
1443,Bonbonnière en verre + couvercle en cuivre,BVC-001,525,2026-04-21 19:46:07.928,,y
1444,Bonbonnière en verre + couvercle en cuivre,BVC-001,525,2026-04-21 19:46:07.928,,y
1445,Bonbonnière en verre + couvercle en cuivre,BVC-001,525,2026-04-21 19:46:07.928,,y
1446,Bonbonnière en verre + couvercle en cuivre,BVC-001,525,2026-04-21 19:46:07.928,,y
1447,Bonbonnière en verre + couvercle en cuivre,BVC-001,525,2026-04-21 19:46:07.928,,y
1448,Bonbonnière en verre + couvercle en cuivre,BVC-001,525,2026-04-21 19:46:07.928,,y
1449,Bonbonnière en verre + couvercle en cuivre,BVC-001,525,2026-04-21 19:46:07.928,,y
1450,Bonbonnière en verre + couvercle en cuivre,BVC-001,525,2026-04-21 19:46:07.928,,y
1451,Bonbonnière en verre + couvercle en cuivre,BVC-001,525,2026-04-21 19:46:07.928,,y
1452,Bonbonnière en verre + couvercle en cuivre,BVC-001,525,2026-04-21 19:46:07.928,,y
1453,Bonbonnière en verre,BV-001,525,2026-04-21 19:46:07.928,,y
1454,Bonbonnière en verre + couvercle en cuivre,BVC-001,525,2026-04-21 19:46:07.928,,y
1455,Bonbonnière en verre + couvercle en cuivre,BVC-001,525,2026-04-21 19:46:07.928,,y
1456,Bonbonnière en verre + couvercle en cuivre,BVC-001,525,2026-04-21 19:46:07.928,,y
1457,Bonbonnière en verre + couvercle en cuivre,BVC-001,525,2026-04-21 19:46:07.928,,y
1458,Bonbonnière en verre + couvercle en cuivre,BVC-001,525,2026-04-21 19:46:07.928,,y
1459,Bonbonnière en verre + couvercle en cuivre,BVC-001,525,2026-04-21 19:46:07.928,,y
1460,Bonbonnière en verre + couvercle en cuivre,BVC-001,525,2026-04-21 19:46:07.928,,y
1461,Bonbonnière en verre + couvercle en cuivre,BVC-001,525,2026-04-21 19:46:07.928,,y
1462,Bonbonnière en verre + couvercle en cuivre,BVC-001,525,2026-04-21 19:46:07.928,,y
1463,Bonbonnière en verre + couvercle en cuivre,BVC-001,525,2026-04-21 19:46:07.928,,y
1464,Coffret Mathred + Lance Parfum + Chapelet,CMM,525,2026-04-21 19:46:07.928,,y
1465,Stylos LilasDream,STL,525,2026-04-21 19:46:07.928,,y
1466,Photophore Sidi Bousaid T1,Ph-T1,525,2026-04-21 19:46:07.928,,y
1467,Photophore Sidi Bousaid T2,Ph-T2,525,2026-04-21 19:46:07.928,,y
1468,Photophore Sidi Bousaid T3,Ph-T3,525,2026-04-21 19:46:07.928,,y
1469,Photophore Sidi Bousaid T4,Ph-T4,525,2026-04-21 19:46:07.928,,y
1470,Trio Bougies Sidi Bousaid,TB-01,525,2026-04-21 19:46:07.928,,y
1471,Thermos à paille,TP-001,525,2026-04-21 19:46:07.928,,y
1472,Personnalisation,Pers-1,525,2026-04-21 19:46:07.928,,y
1473,Tote Bag personnalisé,TOT-001,525,2026-04-21 19:46:07.928,,y
1474,Bonbonniére en verre craquelé + Cuivre,BVC-001,525,2026-04-21 19:46:07.928,,y
1475,Bonbonnière Verre + Cuivre 1,BON-001,525,2026-04-21 19:46:07.928,,y
1476,Bonbonnière Verre + Cuivre 2,BON-002,525,2026-04-21 19:46:07.928,,y
1477,Bonbonnière en verre + couvercle en cuivre,BVC-001,525,2026-04-21 19:46:07.928,,y
1478,Bonbonnière en verre + couvercle en cuivre,BVC-001,525,2026-04-21 19:46:07.928,,y
1479,Bonbonnière en verre + couvercle en cuivre,BVC-001,525,2026-04-21 19:46:07.928,,y
1480,Bonbonnière en verre + couvercle en cuivre,BVC-001,525,2026-04-21 19:46:07.928,,y
1481,Bonbonnière en verre + couvercle en cuivre,BVC-001,525,2026-04-21 19:46:07.928,,y
1482,Bonbonnière en verre,BV-001,525,2026-04-21 19:46:07.928,,y
1483,Bonbonnière en verre + couvercle en cuivre,BVC-001,525,2026-04-21 19:46:07.928,,y
1484,Bonbonnière en verre,BV-001,525,2026-04-21 19:46:07.928,,y
1485,Bonbonnière en verre + couvercle en cuivre,BVC-001,525,2026-04-21 19:46:07.928,,y
1486,Bonbonnière en verre + couvercle en cuivre,BVC-001,525,2026-04-21 19:46:07.928,,y
1487,Bonbonnière en verre + couvercle en cuivre,BVC-001,525,2026-04-21 19:46:07.928,,y
1488,Bonbonnière en verre + couvercle en cuivre,BVC-001,525,2026-04-21 19:46:07.928,,y
1489,Bonbonnière en verre + couvercle en cuivre,BVC-001,525,2026-04-21 19:46:07.928,,y
1490,Bonbonnière en verre + couvercle en cuivre,BVC-001,525,2026-04-21 19:46:07.928,,y
1491,Bonbonnière en verre + couvercle en cuivre,BVC-001,525,2026-04-21 19:46:07.928,,y
1492,Bonbonnière en verre + couvercle en cuivre,BVC-001,525,2026-04-21 19:46:07.928,,y
1493,Bonbonnière en verre + couvercle en cuivre,BVC-001,525,2026-04-21 19:46:07.928,,y
1494,Bonbonnière en verre + couvercle en cuivre,BVC-001,525,2026-04-21 19:46:07.928,,y
1495,Bonbonnière en verre + couvercle en cuivre,BVC-001,525,2026-04-21 19:46:07.928,,y
1496,Bonbonnière en verre + couvercle en cuivre,BVC-001,525,2026-04-21 19:46:07.928,,y
1497,Bonbonnière en verre + couvercle en cuivre,BVC-001,525,2026-04-21 19:46:07.928,,y
1498,Bonbonnière en verre + couvercle en cuivre,BVC-001,525,2026-04-21 19:46:07.928,,y
1499,Bonbonnière en verre + couvercle en cuivre,BVC-001,525,2026-04-21 19:46:07.928,,y
1500,Bonbonnière en verre + couvercle en cuivre,BVC-001,525,2026-04-21 19:46:07.928,,y
1501,Bonbonnière en verre + couvercle en cuivre,BVC-001,525,2026-04-21 19:46:07.928,,y
1502,Bonbonnière en verre,BV-001,525,2026-04-21 19:46:07.928,,y
1503,Bonbonnière en verre + couvercle en cuivre,BVC-001,525,2026-04-21 19:46:07.928,,y
1504,Bonbonnière en verre + couvercle en cuivre,BVC-001,525,2026-04-21 19:46:07.928,,y
1505,Bonbonnière en verre + couvercle en cuivre,BVC-001,525,2026-04-21 19:46:07.928,,y
1506,Bonbonnière en verre + couvercle en cuivre,BVC-001,525,2026-04-21 19:46:07.928,,y
1507,Bonbonnière en verre + couvercle en cuivre,BVC-001,525,2026-04-21 19:46:07.928,,y
1508,Bonbonnière en verre + couvercle en cuivre,BVC-001,525,2026-04-21 19:46:07.928,,y
1509,Bonbonnière en verre + couvercle en cuivre,BVC-001,525,2026-04-21 19:46:07.928,,y
1510,Bonbonnière en verre + couvercle en cuivre,BVC-001,525,2026-04-21 19:46:07.928,,y
1511,Bonbonnière en verre + couvercle en cuivre,BVC-001,525,2026-04-21 19:46:07.928,,y
1512,Bonbonnière en verre + couvercle en cuivre,BVC-001,525,2026-04-21 19:46:07.928,,y
1513,Coffret Mathred + Lance Parfum + Chapelet,CMM,525,2026-04-21 19:46:07.928,,y
1514,Stylos LilasDream,STL,525,2026-04-21 19:46:07.928,,y
1515,Photophore Sidi Bousaid T1,Ph-T1,525,2026-04-21 19:46:07.928,,y
1516,Photophore Sidi Bousaid T2,Ph-T2,525,2026-04-21 19:46:07.928,,y
1517,Photophore Sidi Bousaid T3,Ph-T3,525,2026-04-21 19:46:07.928,,y
1518,Photophore Sidi Bousaid T4,Ph-T4,525,2026-04-21 19:46:07.928,,y
1519,Trio Bougies Sidi Bousaid,TB-01,525,2026-04-21 19:46:07.928,,y
1520,Thermos à paille,TP-001,525,2026-04-21 19:46:07.928,,y
1521,Personnalisation,Pers-1,525,2026-04-21 19:46:07.928,,y
1522,Tote Bag personnalisé,TOT-001,525,2026-04-21 19:46:07.928,,y
1523,Bonbonniére en verre craquelé + Cuivre,BVC-001,525,2026-04-21 19:46:07.929,,y
1524,Bonbonnière Verre + Cuivre 1,BON-001,525,2026-04-21 19:46:07.929,,y
1525,Bonbonnière Verre + Cuivre 2,BON-002,525,2026-04-21 19:46:07.929,,y
1526,Bonbonnière en verre + couvercle en cuivre,BVC-001,525,2026-04-21 19:46:07.929,,y
1527,Bonbonnière en verre + couvercle en cuivre,BVC-001,525,2026-04-21 19:46:07.929,,y
1528,Bonbonnière en verre + couvercle en cuivre,BVC-001,525,2026-04-21 19:46:07.929,,y
1529,Bonbonnière en verre + couvercle en cuivre,BVC-001,525,2026-04-21 19:46:07.929,,y
1530,Bonbonnière en verre + couvercle en cuivre,BVC-001,525,2026-04-21 19:46:07.929,,y
1531,Bonbonnière en verre,BV-001,525,2026-04-21 19:46:07.929,,y
1532,Bonbonnière en verre + couvercle en cuivre,BVC-001,525,2026-04-21 19:46:07.929,,y
1533,Bonbonnière en verre + couvercle en cuivre,BVC-001,525,2026-04-21 19:46:07.929,,y
1534,Bonbonnière en verre + couvercle en cuivre,BVC-001,525,2026-04-21 19:46:07.929,,y
1535,Bonbonnière en verre + couvercle en cuivre,BVC-001,525,2026-04-21 19:46:07.929,,y
1536,Bonbonnière en verre + couvercle en cuivre,BVC-001,525,2026-04-21 19:46:07.929,,y
1537,Bonbonnière en verre + couvercle en cuivre,BVC-001,525,2026-04-21 19:46:07.929,,y
1538,Bonbonnière en verre + couvercle en cuivre,BVC-001,525,2026-04-21 19:46:07.929,,y
1539,Bonbonnière en verre + couvercle en cuivre,BVC-001,525,2026-04-21 19:46:07.929,,y
1540,Bonbonnière en verre + couvercle en cuivre,BVC-001,525,2026-04-21 19:46:07.929,,y
1541,Bonbonnière en verre + couvercle en cuivre,BVC-001,525,2026-04-21 19:46:07.929,,y
1542,Bonbonnière en verre + couvercle en cuivre,BVC-001,525,2026-04-21 19:46:07.929,,y
1543,Bonbonnière en verre + couvercle en cuivre,BVC-001,525,2026-04-21 19:46:07.929,,y
1544,Bonbonnière en verre + couvercle en cuivre,BVC-001,525,2026-04-21 19:46:07.929,,y
1545,Bonbonnière en verre + couvercle en cuivre,BVC-001,525,2026-04-21 19:46:07.929,,y
1546,Bonbonnière en verre + couvercle en cuivre,BVC-001,525,2026-04-21 19:46:07.929,,y
1547,Bonbonnière en verre + couvercle en cuivre,BVC-001,525,2026-04-21 19:46:07.929,,y
1548,Bonbonnière en verre + couvercle en cuivre,BVC-001,525,2026-04-21 19:46:07.929,,y
1549,Bonbonnière en verre,BV-001,525,2026-04-21 19:46:07.929,,y
1550,Bonbonnière en verre + couvercle en cuivre,BVC-001,525,2026-04-21 19:46:07.929,,y
1551,Bonbonnière en verre + couvercle en cuivre,BVC-001,525,2026-04-21 19:46:07.929,,y
1552,Bonbonnière en verre + couvercle en cuivre,BVC-001,525,2026-04-21 19:46:07.929,,y
1553,Bonbonnière en verre + couvercle en cuivre,BVC-001,525,2026-04-21 19:46:07.929,,y
1554,Bonbonnière en verre + couvercle en cuivre,BVC-001,525,2026-04-21 19:46:07.929,,y
1555,Bonbonnière en verre + couvercle en cuivre,BVC-001,525,2026-04-21 19:46:07.929,,y
1556,Bonbonnière en verre + couvercle en cuivre,BVC-001,525,2026-04-21 19:46:07.929,,y
1557,Bonbonnière en verre + couvercle en cuivre,BVC-001,525,2026-04-21 19:46:07.929,,y
1558,Bonbonnière en verre + couvercle en cuivre,BVC-001,525,2026-04-21 19:46:07.929,,y
1559,Bonbonnière en verre + couvercle en cuivre,BVC-001,525,2026-04-21 19:46:07.929,,y
1560,Coffret Mathred + Lance Parfum + Chapelet,CMM,525,2026-04-21 19:46:07.929,,y
1561,Stylos LilasDream,STL,525,2026-04-21 19:46:07.929,,y
1562,Photophore Sidi Bousaid T1,Ph-T1,525,2026-04-21 19:46:07.929,,y
1563,Photophore Sidi Bousaid T2,Ph-T2,525,2026-04-21 19:46:07.929,,y
1564,Photophore Sidi Bousaid T3,Ph-T3,525,2026-04-21 19:46:07.929,,y
1565,Photophore Sidi Bousaid T4,Ph-T4,525,2026-04-21 19:46:07.929,,y
1566,Trio Bougies Sidi Bousaid,TB-01,525,2026-04-21 19:46:07.929,,y
1567,Thermos à paille,TP-001,525,2026-04-21 19:46:07.929,,y
1568,Personnalisation,Pers-1,525,2026-04-21 19:46:07.929,,y
1569,Tote Bag personnalisé,TOT-001,525,2026-04-21 19:46:07.929,,y
1570,Bonbonniére en verre craquelé + Cuivre,BVC-001,525,2026-04-21 19:46:07.929,,y
1571,Bonbonnière Verre + Cuivre 1,BON-001,525,2026-04-21 19:46:07.929,,y
1572,Trio Bougies Sidi Bousaid,TB-01,525,2026-04-21 19:46:07.929,,y
1573,Bonbonnière Verre + Cuivre 2,BON-002,525,2026-04-21 19:46:07.929,,y
1574,Bonbonnière en verre + couvercle en cuivre,BVC-001,525,2026-04-21 19:46:07.929,,y
1575,Bonbonnière en verre + couvercle en cuivre,BVC-001,525,2026-04-21 19:46:07.929,,y
1576,Bonbonnière en verre + couvercle en cuivre,BVC-001,525,2026-04-21 19:46:07.929,,y
1577,Bonbonnière en verre + couvercle en cuivre,BVC-001,525,2026-04-21 19:46:07.929,,y
1578,Bonbonnière en verre + couvercle en cuivre,BVC-001,525,2026-04-21 19:46:07.929,,y
1579,Bonbonnière en verre,BV-001,525,2026-04-21 19:46:07.929,,y
1580,Bonbonnière en verre + couvercle en cuivre,BVC-001,525,2026-04-21 19:46:07.929,,y
1581,Bonbonnière en verre,BV-001,525,2026-04-21 19:46:07.929,,y
1582,Bonbonnière en verre + couvercle en cuivre,BVC-001,525,2026-04-21 19:46:07.929,,y
1583,Bonbonnière en verre + couvercle en cuivre,BVC-001,525,2026-04-21 19:46:07.929,,y
1584,Bonbonnière en verre + couvercle en cuivre,BVC-001,525,2026-04-21 19:46:07.929,,y
1585,Bonbonnière en verre + couvercle en cuivre,BVC-001,525,2026-04-21 19:46:07.929,,y
1586,Bonbonnière en verre + couvercle en cuivre,BVC-001,525,2026-04-21 19:46:07.929,,y
1587,Bonbonnière en verre + couvercle en cuivre,BVC-001,525,2026-04-21 19:46:07.929,,y
1588,Bonbonnière en verre + couvercle en cuivre,BVC-001,525,2026-04-21 19:46:07.929,,y
1589,Bonbonnière en verre + couvercle en cuivre,BVC-001,525,2026-04-21 19:46:07.929,,y
1590,Bonbonnière en verre + couvercle en cuivre,BVC-001,525,2026-04-21 19:46:07.929,,y
1591,Bonbonnière en verre + couvercle en cuivre,BVC-001,525,2026-04-21 19:46:07.929,,y
1592,Bonbonnière en verre + couvercle en cuivre,BVC-001,525,2026-04-21 19:46:07.929,,y
1593,Bonbonnière en verre + couvercle en cuivre,BVC-001,525,2026-04-21 19:46:07.929,,y
1594,Bonbonnière en verre + couvercle en cuivre,BVC-001,525,2026-04-21 19:46:07.929,,y
1595,Bonbonnière en verre + couvercle en cuivre,BVC-001,525,2026-04-21 19:46:07.929,,y
1596,Bonbonnière en verre + couvercle en cuivre,BVC-001,525,2026-04-21 19:46:07.929,,y
1597,Bonbonnière en verre + couvercle en cuivre,BVC-001,525,2026-04-21 19:46:07.929,,y
1598,Bonbonnière en verre + couvercle en cuivre,BVC-001,525,2026-04-21 19:46:07.929,,y
1599,Bonbonnière en verre,BV-001,525,2026-04-21 19:46:07.929,,y
1600,Bonbonnière en verre + couvercle en cuivre,BVC-001,525,2026-04-21 19:46:07.929,,y
1601,Bonbonnière en verre + couvercle en cuivre,BVC-001,525,2026-04-21 19:46:07.929,,y
1602,Bonbonnière en verre + couvercle en cuivre,BVC-001,525,2026-04-21 19:46:07.929,,y
1603,Bonbonnière en verre + couvercle en cuivre,BVC-001,525,2026-04-21 19:46:07.929,,y
1604,Bonbonnière en verre + couvercle en cuivre,BVC-001,525,2026-04-21 19:46:07.929,,y
1605,Bonbonnière en verre + couvercle en cuivre,BVC-001,525,2026-04-21 19:46:07.929,,y
1606,Bonbonnière en verre + couvercle en cuivre,BVC-001,525,2026-04-21 19:46:07.929,,y
1607,Bonbonnière en verre + couvercle en cuivre,BVC-001,525,2026-04-21 19:46:07.929,,y
1608,Bonbonnière en verre + couvercle en cuivre,BVC-001,525,2026-04-21 19:46:07.929,,y
1609,Bonbonnière en verre + couvercle en cuivre,BVC-001,525,2026-04-21 19:46:07.929,,y
1610,Coffret Mathred + Lance Parfum + Chapelet,CMM,525,2026-04-21 19:46:07.929,,y
1611,Stylos LilasDream,STL,525,2026-04-21 19:46:07.929,,y
1612,Photophore Sidi Bousaid T1,Ph-T1,525,2026-04-21 19:46:07.929,,y
1613,Photophore Sidi Bousaid T2,Ph-T2,525,2026-04-21 19:46:07.929,,y
1614,Photophore Sidi Bousaid T3,Ph-T3,525,2026-04-21 19:46:07.929,,y
1615,Photophore Sidi Bousaid T4,Ph-T4,525,2026-04-21 19:46:07.929,,y
1616,Thermos à paille,TP-001,525,2026-04-21 19:46:07.929,,y
1617,Personnalisation,Pers-1,525,2026-04-21 19:46:07.929,,y
1618,Tote Bag personnalisé,TOT-001,525,2026-04-21 19:46:07.929,,y
1619,Bonbonniére en verre craquelé + Cuivre,BVC-001,525,2026-04-21 19:46:07.929,,y
1620,Bonbonnière Verre + Cuivre 1,BON-001,525,2026-04-21 19:46:07.929,,y
1621,Bonbonnière Verre + Cuivre 2,BON-002,525,2026-04-21 19:46:07.929,,y
1622,Bonbonnière en verre + couvercle en cuivre,BVC-001,525,2026-04-21 19:46:07.929,,y
1623,Bonbonnière en verre + couvercle en cuivre,BVC-001,525,2026-04-21 19:46:07.929,,y
1624,Bonbonnière en verre + couvercle en cuivre,BVC-001,525,2026-04-21 19:46:07.929,,y
1625,Bonbonnière en verre + couvercle en cuivre,BVC-001,525,2026-04-21 19:46:07.929,,y
1626,Bonbonnière en verre + couvercle en cuivre,BVC-001,525,2026-04-21 19:46:07.929,,y
1627,Bonbonnière en verre,BV-001,525,2026-04-21 19:46:07.929,,y
1628,Bonbonnière en verre + couvercle en cuivre,BVC-001,525,2026-04-21 19:46:07.929,,y
1629,Bonbonnière en verre,BV-001,525,2026-04-21 19:46:07.929,,y
1630,Bonbonnière en verre + couvercle en cuivre,BVC-001,525,2026-04-21 19:46:07.929,,y
1631,Bonbonnière en verre + couvercle en cuivre,BVC-001,525,2026-04-21 19:46:07.929,,y
1632,Bonbonnière en verre + couvercle en cuivre,BVC-001,525,2026-04-21 19:46:07.929,,y
1633,Bonbonnière en verre + couvercle en cuivre,BVC-001,525,2026-04-21 19:46:07.929,,y
1634,Bonbonnière en verre + couvercle en cuivre,BVC-001,525,2026-04-21 19:46:07.929,,y
1635,Bonbonnière en verre + couvercle en cuivre,BVC-001,525,2026-04-21 19:46:07.929,,y
1636,Bonbonnière en verre + couvercle en cuivre,BVC-001,525,2026-04-21 19:46:07.929,,y
1637,Bonbonnière en verre + couvercle en cuivre,BVC-001,525,2026-04-21 19:46:07.929,,y
1638,Bonbonnière en verre + couvercle en cuivre,BVC-001,525,2026-04-21 19:46:07.929,,y
1639,Bonbonnière en verre + couvercle en cuivre,BVC-001,525,2026-04-21 19:46:07.929,,y
1640,Bonbonnière en verre + couvercle en cuivre,BVC-001,525,2026-04-21 19:46:07.929,,y
1641,Bonbonnière en verre + couvercle en cuivre,BVC-001,525,2026-04-21 19:46:07.929,,y
1642,Bonbonnière en verre + couvercle en cuivre,BVC-001,525,2026-04-21 19:46:07.929,,y
1643,Bonbonnière en verre + couvercle en cuivre,BVC-001,525,2026-04-21 19:46:07.929,,y
1644,Bonbonnière en verre + couvercle en cuivre,BVC-001,525,2026-04-21 19:46:07.929,,y
1645,Bonbonnière en verre + couvercle en cuivre,BVC-001,525,2026-04-21 19:46:07.929,,y
1646,Bonbonnière en verre + couvercle en cuivre,BVC-001,525,2026-04-21 19:46:07.929,,y
1647,Bonbonnière en verre,BV-001,525,2026-04-21 19:46:07.929,,y
1648,Bonbonnière en verre + couvercle en cuivre,BVC-001,525,2026-04-21 19:46:07.929,,y
1649,Bonbonnière en verre + couvercle en cuivre,BVC-001,525,2026-04-21 19:46:07.929,,y
1650,Bonbonnière en verre + couvercle en cuivre,BVC-001,525,2026-04-21 19:46:07.929,,y
1651,Bonbonnière en verre + couvercle en cuivre,BVC-001,525,2026-04-21 19:46:07.929,,y
1652,Bonbonnière en verre + couvercle en cuivre,BVC-001,525,2026-04-21 19:46:07.929,,y
1653,Bonbonnière en verre + couvercle en cuivre,BVC-001,525,2026-04-21 19:46:07.929,,y
1654,Bonbonnière en verre + couvercle en cuivre,BVC-001,525,2026-04-21 19:46:07.929,,y
1655,Bonbonnière en verre + couvercle en cuivre,BVC-001,525,2026-04-21 19:46:07.929,,y
1656,Bonbonnière en verre + couvercle en cuivre,BVC-001,525,2026-04-21 19:46:07.929,,y
1657,Bonbonnière en verre + couvercle en cuivre,BVC-001,525,2026-04-21 19:46:07.929,,y
1658,Coffret Mathred + Lance Parfum + Chapelet,CMM,525,2026-04-21 19:46:07.929,,y
1659,Stylos LilasDream,STL,525,2026-04-21 19:46:07.929,,y
1660,Photophore Sidi Bousaid T1,Ph-T1,525,2026-04-21 19:46:07.929,,y
1661,Photophore Sidi Bousaid T2,Ph-T2,525,2026-04-21 19:46:07.929,,y
1662,Photophore Sidi Bousaid T3,Ph-T3,525,2026-04-21 19:46:07.929,,y
1663,Photophore Sidi Bousaid T4,Ph-T4,525,2026-04-21 19:46:07.929,,y
1664,Trio Bougies Sidi Bousaid,TB-01,525,2026-04-21 19:46:07.929,,y
1665,Thermos à paille,TP-001,525,2026-04-21 19:46:07.929,,y
1666,Personnalisation,Pers-1,525,2026-04-21 19:46:07.929,,y
1667,Tote Bag personnalisé,TOT-001,525,2026-04-21 19:46:07.929,,y
1668,Bonbonniére en verre craquelé + Cuivre,BVC-001,525,2026-04-21 19:46:07.930,,y
1669,Bonbonnière Verre + Cuivre 1,BON-001,525,2026-04-21 19:46:07.930,,y
1670,Bonbonnière Verre + Cuivre 2,BON-002,525,2026-04-21 19:46:07.930,,y
1671,Bonbonnière en verre + couvercle en cuivre,BVC-001,525,2026-04-21 19:46:07.930,,y
1672,Bonbonnière en verre + couvercle en cuivre,BVC-001,525,2026-04-21 19:46:07.930,,y
1673,Bonbonnière en verre + couvercle en cuivre,BVC-001,525,2026-04-21 19:46:07.930,,y
1674,Bonbonnière en verre + couvercle en cuivre,BVC-001,525,2026-04-21 19:46:07.930,,y
1675,Bonbonnière en verre + couvercle en cuivre,BVC-001,525,2026-04-21 19:46:07.930,,y
1676,Bonbonnière en verre,BV-001,525,2026-04-21 19:46:07.930,,y
1677,Bonbonnière en verre + couvercle en cuivre,BVC-001,525,2026-04-21 19:46:07.930,,y
1678,Bonbonnière en verre,BV-001,525,2026-04-21 19:46:07.930,,y
1679,Bonbonnière en verre + couvercle en cuivre,BVC-001,525,2026-04-21 19:46:07.930,,y
1680,Bonbonnière en verre + couvercle en cuivre,BVC-001,525,2026-04-21 19:46:07.930,,y
1681,Bonbonnière en verre + couvercle en cuivre,BVC-001,525,2026-04-21 19:46:07.930,,y
1682,Bonbonnière en verre + couvercle en cuivre,BVC-001,525,2026-04-21 19:46:07.930,,y
1683,Bonbonnière en verre + couvercle en cuivre,BVC-001,525,2026-04-21 19:46:07.930,,y
1684,Bonbonnière en verre + couvercle en cuivre,BVC-001,525,2026-04-21 19:46:07.930,,y
1685,Bonbonnière en verre + couvercle en cuivre,BVC-001,525,2026-04-21 19:46:07.930,,y
1686,Bonbonnière en verre + couvercle en cuivre,BVC-001,525,2026-04-21 19:46:07.930,,y
1687,Bonbonnière en verre + couvercle en cuivre,BVC-001,525,2026-04-21 19:46:07.930,,y
1688,Bonbonnière en verre + couvercle en cuivre,BVC-001,525,2026-04-21 19:46:07.936,,y
1689,Bonbonnière en verre + couvercle en cuivre,BVC-001,525,2026-04-21 19:46:07.936,,y
1690,Bonbonnière en verre + couvercle en cuivre,BVC-001,525,2026-04-21 19:46:07.936,,y
1691,Bonbonnière en verre + couvercle en cuivre,BVC-001,525,2026-04-21 19:46:07.936,,y
1692,Bonbonnière en verre + couvercle en cuivre,BVC-001,525,2026-04-21 19:46:07.936,,y
1693,Bonbonnière en verre + couvercle en cuivre,BVC-001,525,2026-04-21 19:46:07.936,,y
1694,Bonbonnière en verre + couvercle en cuivre,BVC-001,525,2026-04-21 19:46:07.936,,y
1695,Bonbonnière en verre + couvercle en cuivre,BVC-001,525,2026-04-21 19:46:07.936,,y
1696,Bonbonnière en verre,BV-001,525,2026-04-21 19:46:07.936,,y
1697,Bonbonnière en verre + couvercle en cuivre,BVC-001,525,2026-04-21 19:46:07.936,,y
1698,Bonbonnière en verre + couvercle en cuivre,BVC-001,525,2026-04-21 19:46:07.936,,y
1699,Bonbonnière en verre + couvercle en cuivre,BVC-001,525,2026-04-21 19:46:07.936,,y
1700,Bonbonnière en verre + couvercle en cuivre,BVC-001,525,2026-04-21 19:46:07.936,,y
1701,Bonbonnière en verre + couvercle en cuivre,BVC-001,525,2026-04-21 19:46:07.936,,y
1702,Bonbonnière en verre + couvercle en cuivre,BVC-001,525,2026-04-21 19:46:07.936,,y
1703,Bonbonnière en verre + couvercle en cuivre,BVC-001,525,2026-04-21 19:46:07.936,,y
1704,Bonbonnière en verre + couvercle en cuivre,BVC-001,525,2026-04-21 19:46:07.936,,y
1705,Bonbonnière en verre + couvercle en cuivre,BVC-001,525,2026-04-21 19:46:07.936,,y
1706,Bonbonnière en verre + couvercle en cuivre,BVC-001,525,2026-04-21 19:46:07.936,,y
1707,Coffret Mathred + Lance Parfum + Chapelet,CMM,525,2026-04-21 19:46:07.936,,y
1708,Stylos LilasDream,STL,525,2026-04-21 19:46:07.936,,y
1709,Photophore Sidi Bousaid T1,Ph-T1,525,2026-04-21 19:46:07.936,,y
1710,Photophore Sidi Bousaid T2,Ph-T2,525,2026-04-21 19:46:07.936,,y
1711,Photophore Sidi Bousaid T3,Ph-T3,525,2026-04-21 19:46:07.936,,y
1712,Photophore Sidi Bousaid T4,Ph-T4,525,2026-04-21 19:46:07.936,,y
1713,Trio Bougies Sidi Bousaid,TB-01,525,2026-04-21 19:46:07.936,,y
1714,Thermos à paille,TP-001,525,2026-04-21 19:46:07.936,,y
1715,Personnalisation,Pers-1,525,2026-04-21 19:46:07.936,,y
1716,Tote Bag personnalisé,TOT-001,525,2026-04-21 19:46:07.936,,y
1717,Bonbonniére en verre craquelé + Cuivre,BVC-001,525,2026-04-21 19:46:07.936,,y
1718,Bonbonnière Verre + Cuivre 1,BON-001,525,2026-04-21 19:46:07.936,,y
1719,Bonbonnière Verre + Cuivre 2,BON-002,525,2026-04-21 19:46:07.936,,y
1720,Bonbonnière en verre + couvercle en cuivre,BVC-001,525,2026-04-21 19:46:07.936,,y
1721,Bonbonnière en verre + couvercle en cuivre,BVC-001,525,2026-04-21 19:46:07.936,,y
1722,Bonbonnière en verre + couvercle en cuivre,BVC-001,525,2026-04-21 19:46:07.936,,y
1723,Bonbonnière en verre + couvercle en cuivre,BVC-001,525,2026-04-21 19:46:07.936,,y
1724,Bonbonnière en verre + couvercle en cuivre,BVC-001,525,2026-04-21 19:46:07.936,,y
1725,Bonbonnière en verre,BV-001,525,2026-04-21 19:46:07.936,,y
1726,Bonbonnière en verre + couvercle en cuivre,BVC-001,525,2026-04-21 19:46:07.936,,y
1727,Bonbonnière en verre,BV-001,525,2026-04-21 19:46:07.936,,y
1728,Bonbonnière en verre + couvercle en cuivre,BVC-001,525,2026-04-21 19:46:07.936,,y
1729,Bonbonnière en verre + couvercle en cuivre,BVC-001,525,2026-04-21 19:46:07.936,,y
1730,Bonbonnière en verre + couvercle en cuivre,BVC-001,525,2026-04-21 19:46:07.936,,y
1731,Bonbonnière en verre + couvercle en cuivre,BVC-001,525,2026-04-21 19:46:07.936,,y
1732,Bonbonnière en verre + couvercle en cuivre,BVC-001,525,2026-04-21 19:46:07.936,,y
1733,Bonbonnière en verre + couvercle en cuivre,BVC-001,525,2026-04-21 19:46:07.936,,y
1734,Bonbonnière en verre + couvercle en cuivre,BVC-001,525,2026-04-21 19:46:07.936,,y
1735,Bonbonnière en verre + couvercle en cuivre,BVC-001,525,2026-04-21 19:46:07.936,,y
1736,Bonbonnière en verre + couvercle en cuivre,BVC-001,525,2026-04-21 19:46:07.936,,y
1737,Bonbonnière en verre + couvercle en cuivre,BVC-001,525,2026-04-21 19:46:07.936,,y
1738,Bonbonnière en verre + couvercle en cuivre,BVC-001,525,2026-04-21 19:46:07.936,,y
1739,Bonbonnière en verre + couvercle en cuivre,BVC-001,525,2026-04-21 19:46:07.936,,y
1740,Bonbonnière en verre + couvercle en cuivre,BVC-001,525,2026-04-21 19:46:07.936,,y
1741,Bonbonnière en verre + couvercle en cuivre,BVC-001,525,2026-04-21 19:46:07.936,,y
1742,Bonbonnière en verre + couvercle en cuivre,BVC-001,525,2026-04-21 19:46:07.936,,y
1743,Bonbonnière en verre + couvercle en cuivre,BVC-001,525,2026-04-21 19:46:07.936,,y
1744,Bonbonnière en verre + couvercle en cuivre,BVC-001,525,2026-04-21 19:46:07.936,,y
1745,Bonbonnière en verre,BV-001,525,2026-04-21 19:46:07.936,,y
1746,Bonbonnière en verre + couvercle en cuivre,BVC-001,525,2026-04-21 19:46:07.936,,y
1747,Bonbonnière en verre + couvercle en cuivre,BVC-001,525,2026-04-21 19:46:07.936,,y
1748,Bonbonnière en verre + couvercle en cuivre,BVC-001,525,2026-04-21 19:46:07.936,,y
1749,Bonbonnière en verre + couvercle en cuivre,BVC-001,525,2026-04-21 19:46:07.936,,y
1750,Bonbonnière en verre + couvercle en cuivre,BVC-001,525,2026-04-21 19:46:07.936,,y
1751,Bonbonnière en verre + couvercle en cuivre,BVC-001,525,2026-04-21 19:46:07.936,,y
1752,Bonbonnière en verre + couvercle en cuivre,BVC-001,525,2026-04-21 19:46:07.936,,y
1753,Bonbonnière en verre + couvercle en cuivre,BVC-001,525,2026-04-21 19:46:07.936,,y
1754,Bonbonnière en verre + couvercle en cuivre,BVC-001,525,2026-04-21 19:46:07.936,,y
1755,Bonbonnière en verre + couvercle en cuivre,BVC-001,525,2026-04-21 19:46:07.936,,y
1756,Bonbonnière en verre + couvercle en cuivre,BVC-001,525,2026-04-21 19:46:07.936,,y
1757,Coffret Mathred + Lance Parfum + Chapelet,CMM,525,2026-04-21 19:46:07.936,,y
1758,Stylos LilasDream,STL,525,2026-04-21 19:46:07.936,,y
1759,Photophore Sidi Bousaid T1,Ph-T1,525,2026-04-21 19:46:07.936,,y
1760,Photophore Sidi Bousaid T2,Ph-T2,525,2026-04-21 19:46:07.936,,y
1761,Photophore Sidi Bousaid T3,Ph-T3,525,2026-04-21 19:46:07.936,,y
1762,Photophore Sidi Bousaid T4,Ph-T4,525,2026-04-21 19:46:07.936,,y
1763,Trio Bougies Sidi Bousaid,TB-01,525,2026-04-21 19:46:07.936,,y
1764,Thermos à paille,TP-001,525,2026-04-21 19:46:07.936,,y
1765,Personnalisation,Pers-1,525,2026-04-21 19:46:07.936,,y
1766,Tote Bag personnalisé,TOT-001,525,2026-04-21 19:46:07.936,,y
1767,Bonbonniére en verre craquelé + Cuivre,BVC-001,525,2026-04-21 19:46:07.936,,y
1768,Bonbonnière Verre + Cuivre 1,BON-001,525,2026-04-21 19:46:07.936,,y
1769,Bonbonnière Verre + Cuivre 2,BON-002,525,2026-04-21 19:46:07.936,,y
1770,Bonbonnière en verre + couvercle en cuivre,BVC-001,525,2026-04-21 19:46:07.936,,y
1771,Bonbonnière en verre + couvercle en cuivre,BVC-001,525,2026-04-21 19:46:07.936,,y
1772,Bonbonnière en verre + couvercle en cuivre,BVC-001,525,2026-04-21 19:46:07.936,,y
1773,Bonbonnière en verre + couvercle en cuivre,BVC-001,525,2026-04-21 19:46:07.936,,y
1774,Bonbonnière en verre + couvercle en cuivre,BVC-001,525,2026-04-21 19:46:07.936,,y
1775,Bonbonnière en verre,BV-001,525,2026-04-21 19:46:07.936,,y
1776,Bonbonnière en verre + couvercle en cuivre,BVC-001,525,2026-04-21 19:46:07.936,,y
1777,Bonbonnière en verre,BV-001,525,2026-04-21 19:46:07.936,,y
1778,Bonbonnière en verre + couvercle en cuivre,BVC-001,525,2026-04-21 19:46:07.936,,y
1779,Bonbonnière en verre + couvercle en cuivre,BVC-001,525,2026-04-21 19:46:07.936,,y
1780,Bonbonnière en verre + couvercle en cuivre,BVC-001,525,2026-04-21 19:46:07.936,,y
1781,Bonbonnière en verre + couvercle en cuivre,BVC-001,525,2026-04-21 19:46:07.936,,y
1782,Bonbonnière en verre + couvercle en cuivre,BVC-001,525,2026-04-21 19:46:07.936,,y
1783,Bonbonnière en verre + couvercle en cuivre,BVC-001,525,2026-04-21 19:46:07.936,,y
1784,Bonbonnière en verre + couvercle en cuivre,BVC-001,525,2026-04-21 19:46:07.936,,y
1785,Bonbonnière en verre + couvercle en cuivre,BVC-001,525,2026-04-21 19:46:07.936,,y
1786,Bonbonnière en verre + couvercle en cuivre,BVC-001,525,2026-04-21 19:46:07.936,,y
1787,Bonbonnière en verre + couvercle en cuivre,BVC-001,525,2026-04-21 19:46:07.936,,y
1788,Bonbonnière en verre + couvercle en cuivre,BVC-001,525,2026-04-21 19:46:07.936,,y
1789,Bonbonnière en verre + couvercle en cuivre,BVC-001,525,2026-04-21 19:46:07.936,,y
1790,Bonbonnière en verre + couvercle en cuivre,BVC-001,525,2026-04-21 19:46:07.936,,y
1791,Bonbonnière en verre + couvercle en cuivre,BVC-001,525,2026-04-21 19:46:07.936,,y
1792,Bonbonnière en verre + couvercle en cuivre,BVC-001,525,2026-04-21 19:46:07.936,,y
1793,Bonbonnière en verre + couvercle en cuivre,BVC-001,525,2026-04-21 19:46:07.936,,y
1794,Bonbonnière en verre + couvercle en cuivre,BVC-001,525,2026-04-21 19:46:07.936,,y
1795,Bonbonnière en verre + couvercle en cuivre,BVC-001,525,2026-04-21 19:46:07.936,,y
1796,Bonbonnière en verre,BV-001,525,2026-04-21 19:46:07.936,,y
1797,Bonbonnière en verre + couvercle en cuivre,BVC-001,525,2026-04-21 19:46:07.936,,y
1798,Bonbonnière en verre + couvercle en cuivre,BVC-001,525,2026-04-21 19:46:07.936,,y
1799,Bonbonnière en verre + couvercle en cuivre,BVC-001,525,2026-04-21 19:46:07.937,,y
1800,Bonbonnière en verre + couvercle en cuivre,BVC-001,525,2026-04-21 19:46:07.937,,y
1801,Bonbonnière en verre + couvercle en cuivre,BVC-001,525,2026-04-21 19:46:07.937,,y
1802,Bonbonnière en verre + couvercle en cuivre,BVC-001,525,2026-04-21 19:46:07.937,,y
1803,Bonbonnière en verre + couvercle en cuivre,BVC-001,525,2026-04-21 19:46:07.937,,y
1804,Bonbonnière en verre + couvercle en cuivre,BVC-001,525,2026-04-21 19:46:07.937,,y
1805,Bonbonnière en verre + couvercle en cuivre,BVC-001,525,2026-04-21 19:46:07.937,,y
1806,Bonbonnière en verre + couvercle en cuivre,BVC-001,525,2026-04-21 19:46:07.937,,y
1807,Coffret Mathred + Lance Parfum + Chapelet,CMM,525,2026-04-21 19:46:07.937,,y
1808,Stylos LilasDream,STL,525,2026-04-21 19:46:07.937,,y
1809,Photophore Sidi Bousaid T1,Ph-T1,525,2026-04-21 19:46:07.937,,y
1810,Photophore Sidi Bousaid T2,Ph-T2,525,2026-04-21 19:46:07.937,,y
1811,Photophore Sidi Bousaid T3,Ph-T3,525,2026-04-21 19:46:07.937,,y
1812,Photophore Sidi Bousaid T4,Ph-T4,525,2026-04-21 19:46:07.937,,y
1813,Trio Bougies Sidi Bousaid,TB-01,525,2026-04-21 19:46:07.937,,y
1814,Thermos à paille,TP-001,525,2026-04-21 19:46:07.937,,y
1815,Personnalisation,Pers-1,525,2026-04-21 19:46:07.937,,y
1816,Tote Bag personnalisé,TOT-001,525,2026-04-21 19:46:07.937,,y
1817,Bonbonniére en verre craquelé + Cuivre,BVC-001,525,2026-04-21 19:46:07.937,,y
1818,Bonbonnière Verre + Cuivre 1,BON-001,525,2026-04-21 19:46:07.937,,y
1819,Bonbonnière Verre + Cuivre 2,BON-002,525,2026-04-21 19:46:07.937,,y
1820,Bonbonnière en verre + couvercle en cuivre,BVC-001,525,2026-04-21 19:46:07.937,,y
1821,Bonbonnière en verre + couvercle en cuivre,BVC-001,525,2026-04-21 19:46:07.937,,y
1822,Bonbonnière en verre + couvercle en cuivre,BVC-001,525,2026-04-21 19:46:07.937,,y
1823,Bonbonnière en verre + couvercle en cuivre,BVC-001,525,2026-04-21 19:46:07.937,,y
1824,Bonbonnière en verre + couvercle en cuivre,BVC-001,525,2026-04-21 19:46:07.937,,y
1825,Bonbonnière en verre,BV-001,525,2026-04-21 19:46:07.937,,y
1826,Bonbonnière en verre + couvercle en cuivre,BVC-001,525,2026-04-21 19:46:07.937,,y
1827,Bonbonnière en verre,BV-001,525,2026-04-21 19:46:07.937,,y
1828,Bonbonnière en verre + couvercle en cuivre,BVC-001,525,2026-04-21 19:46:07.937,,y
1829,Bonbonnière en verre + couvercle en cuivre,BVC-001,525,2026-04-21 19:46:07.937,,y
1830,Bonbonnière en verre + couvercle en cuivre,BVC-001,525,2026-04-21 19:46:07.937,,y
1831,Bonbonnière en verre + couvercle en cuivre,BVC-001,525,2026-04-21 19:46:07.937,,y
1832,Bonbonnière en verre + couvercle en cuivre,BVC-001,525,2026-04-21 19:46:07.937,,y
1833,Bonbonnière en verre + couvercle en cuivre,BVC-001,525,2026-04-21 19:46:07.937,,y
1834,Bonbonnière en verre + couvercle en cuivre,BVC-001,525,2026-04-21 19:46:07.937,,y
1835,Bonbonnière en verre + couvercle en cuivre,BVC-001,525,2026-04-21 19:46:07.937,,y
1836,Bonbonnière en verre + couvercle en cuivre,BVC-001,525,2026-04-21 19:46:07.937,,y
1837,Bonbonnière en verre + couvercle en cuivre,BVC-001,525,2026-04-21 19:46:07.937,,y
1838,Bonbonnière en verre + couvercle en cuivre,BVC-001,525,2026-04-21 19:46:07.937,,y
1839,Bonbonnière en verre + couvercle en cuivre,BVC-001,525,2026-04-21 19:46:07.937,,y
1840,Bonbonnière en verre + couvercle en cuivre,BVC-001,525,2026-04-21 19:46:07.937,,y
1841,Bonbonnière en verre + couvercle en cuivre,BVC-001,525,2026-04-21 19:46:07.937,,y
1842,Bonbonnière en verre + couvercle en cuivre,BVC-001,525,2026-04-21 19:46:07.937,,y
1843,Bonbonnière en verre + couvercle en cuivre,BVC-001,525,2026-04-21 19:46:07.937,,y
1844,Bonbonnière en verre + couvercle en cuivre,BVC-001,525,2026-04-21 19:46:07.937,,y
1845,Bonbonnière en verre,BV-001,525,2026-04-21 19:46:07.937,,y
1846,Bonbonnière en verre + couvercle en cuivre,BVC-001,525,2026-04-21 19:46:07.937,,y
1847,Bonbonnière en verre + couvercle en cuivre,BVC-001,525,2026-04-21 19:46:07.937,,y
1848,Bonbonnière en verre + couvercle en cuivre,BVC-001,525,2026-04-21 19:46:07.937,,y
1849,Bonbonnière en verre + couvercle en cuivre,BVC-001,525,2026-04-21 19:46:07.937,,y
1850,Bonbonnière en verre + couvercle en cuivre,BVC-001,525,2026-04-21 19:46:07.937,,y
1851,Bonbonnière en verre + couvercle en cuivre,BVC-001,525,2026-04-21 19:46:07.937,,y
1852,Bonbonnière en verre + couvercle en cuivre,BVC-001,525,2026-04-21 19:46:07.937,,y
1853,Bonbonnière en verre + couvercle en cuivre,BVC-001,525,2026-04-21 19:46:07.937,,y
1854,Bonbonnière en verre + couvercle en cuivre,BVC-001,525,2026-04-21 19:46:07.937,,y
1855,Bonbonnière en verre + couvercle en cuivre,BVC-001,525,2026-04-21 19:46:07.937,,y
1856,Coffret Mathred + Lance Parfum + Chapelet,CMM,525,2026-04-21 19:46:07.937,,y
1857,Stylos LilasDream,STL,525,2026-04-21 19:46:07.937,,y
1858,Photophore Sidi Bousaid T1,Ph-T1,525,2026-04-21 19:46:07.937,,y
1859,Photophore Sidi Bousaid T2,Ph-T2,525,2026-04-21 19:46:07.937,,y
1860,Photophore Sidi Bousaid T3,Ph-T3,525,2026-04-21 19:46:07.937,,y
1861,Photophore Sidi Bousaid T4,Ph-T4,525,2026-04-21 19:46:07.937,,y
1862,Trio Bougies Sidi Bousaid,TB-01,525,2026-04-21 19:46:07.937,,y
1863,Thermos à paille,TP-001,525,2026-04-21 19:46:07.937,,y
1864,Personnalisation,Pers-1,525,2026-04-21 19:46:07.937,,y
1865,Tote Bag personnalisé,TOT-001,525,2026-04-21 19:46:07.937,,y
1866,Bonbonniére en verre craquelé + Cuivre,BVC-001,525,2026-04-21 19:46:07.937,,y
1867,Bonbonnière Verre + Cuivre 1,BON-001,525,2026-04-21 19:46:07.937,,y
1868,Bonbonnière Verre + Cuivre 2,BON-002,525,2026-04-21 19:46:07.937,,y
1869,Bonbonnière en verre + couvercle en cuivre,BVC-001,525,2026-04-21 19:46:07.937,,y
1870,Bonbonnière en verre + couvercle en cuivre,BVC-001,525,2026-04-21 19:46:07.937,,y
1871,Bonbonnière en verre + couvercle en cuivre,BVC-001,525,2026-04-21 19:46:07.937,,y
1872,Bonbonnière en verre + couvercle en cuivre,BVC-001,525,2026-04-21 19:46:07.937,,y
1873,Bonbonnière en verre + couvercle en cuivre,BVC-001,525,2026-04-21 19:46:07.937,,y
1874,Bonbonnière en verre,BV-001,525,2026-04-21 19:46:07.937,,y
1875,Bonbonnière en verre + couvercle en cuivre,BVC-001,525,2026-04-21 19:46:07.937,,y
1876,Bonbonnière en verre,BV-001,525,2026-04-21 19:46:07.937,,y
1877,Bonbonnière en verre + couvercle en cuivre,BVC-001,525,2026-04-21 19:46:07.937,,y
1878,Bonbonnière en verre + couvercle en cuivre,BVC-001,525,2026-04-21 19:46:07.937,,y
1879,Bonbonnière en verre + couvercle en cuivre,BVC-001,525,2026-04-21 19:46:07.937,,y
1880,Bonbonnière en verre + couvercle en cuivre,BVC-001,525,2026-04-21 19:46:07.937,,y
1881,Bonbonnière en verre + couvercle en cuivre,BVC-001,525,2026-04-21 19:46:07.937,,y
1882,Bonbonnière en verre + couvercle en cuivre,BVC-001,525,2026-04-21 19:46:07.937,,y
1883,Bonbonnière en verre + couvercle en cuivre,BVC-001,525,2026-04-21 19:46:07.937,,y
1884,Bonbonnière en verre + couvercle en cuivre,BVC-001,525,2026-04-21 19:46:07.937,,y
1885,Bonbonnière en verre + couvercle en cuivre,BVC-001,525,2026-04-21 19:46:07.937,,y
1886,Bonbonnière en verre + couvercle en cuivre,BVC-001,525,2026-04-21 19:46:07.937,,y
1887,Bonbonnière en verre + couvercle en cuivre,BVC-001,525,2026-04-21 19:46:07.937,,y
1888,Bonbonnière en verre + couvercle en cuivre,BVC-001,525,2026-04-21 19:46:07.937,,y
1889,Bonbonnière en verre + couvercle en cuivre,BVC-001,525,2026-04-21 19:46:07.937,,y
1890,Bonbonnière en verre + couvercle en cuivre,BVC-001,525,2026-04-21 19:46:07.937,,y
1891,Bonbonnière en verre + couvercle en cuivre,BVC-001,525,2026-04-21 19:46:07.937,,y
1892,Bonbonnière en verre + couvercle en cuivre,BVC-001,525,2026-04-21 19:46:07.937,,y
1893,Bonbonnière en verre + couvercle en cuivre,BVC-001,525,2026-04-21 19:46:07.937,,y
1894,Bonbonnière en verre,BV-001,525,2026-04-21 19:46:07.937,,y
1895,Bonbonnière en verre + couvercle en cuivre,BVC-001,525,2026-04-21 19:46:07.937,,y
1896,Bonbonnière en verre + couvercle en cuivre,BVC-001,525,2026-04-21 19:46:07.937,,y
1897,Bonbonnière en verre + couvercle en cuivre,BVC-001,525,2026-04-21 19:46:07.937,,y
1898,Bonbonnière en verre + couvercle en cuivre,BVC-001,525,2026-04-21 19:46:07.937,,y
1899,Bonbonnière en verre + couvercle en cuivre,BVC-001,525,2026-04-21 19:46:07.937,,y
1900,Bonbonnière en verre + couvercle en cuivre,BVC-001,525,2026-04-21 19:46:07.937,,y
1901,Bonbonnière en verre + couvercle en cuivre,BVC-001,525,2026-04-21 19:46:07.937,,y
1902,Bonbonnière en verre + couvercle en cuivre,BVC-001,525,2026-04-21 19:46:07.937,,y
1903,Bonbonnière en verre + couvercle en cuivre,BVC-001,525,2026-04-21 19:46:07.937,,y
1904,Bonbonnière en verre + couvercle en cuivre,BVC-001,525,2026-04-21 19:46:07.937,,y
1905,Coffret Mathred + Lance Parfum + Chapelet,CMM,525,2026-04-21 19:46:07.937,,y
1906,Stylos LilasDream,STL,525,2026-04-21 19:46:07.937,,y
1907,Photophore Sidi Bousaid T1,Ph-T1,525,2026-04-21 19:46:07.937,,y
1908,Photophore Sidi Bousaid T2,Ph-T2,525,2026-04-21 19:46:07.937,,y
1909,Photophore Sidi Bousaid T3,Ph-T3,525,2026-04-21 19:46:07.937,,y
1910,Photophore Sidi Bousaid T4,Ph-T4,525,2026-04-21 19:46:07.937,,y
1911,Trio Bougies Sidi Bousaid,TB-01,525,2026-04-21 19:46:07.937,,y
1912,Thermos à paille,TP-001,525,2026-04-21 19:46:07.937,,y
1913,Personnalisation,Pers-1,525,2026-04-21 19:46:07.937,,y
1914,Tote Bag personnalisé,TOT-001,525,2026-04-21 19:46:07.937,,y
1915,Bonbonniére en verre craquelé + Cuivre,BVC-001,525,2026-04-21 19:46:07.937,,y
1916,Bonbonnière Verre + Cuivre 1,BON-001,525,2026-04-21 19:46:07.937,,y
1917,Bonbonnière Verre + Cuivre 2,BON-002,525,2026-04-21 19:46:07.937,,y
1918,Bonbonnière en verre + couvercle en cuivre,BVC-001,525,2026-04-21 19:46:07.937,,y
1919,Bonbonnière en verre + couvercle en cuivre,BVC-001,525,2026-04-21 19:46:07.937,,y
1920,Bonbonnière en verre + couvercle en cuivre,BVC-001,525,2026-04-21 19:46:07.937,,y
1921,Bonbonnière en verre,BV-001,525,2026-04-21 19:46:07.937,,y
1922,Bonbonnière en verre + couvercle en cuivre,BVC-001,525,2026-04-21 19:46:07.937,,y
1923,Bonbonnière en verre,BV-001,525,2026-04-21 19:46:07.937,,y
1924,Bonbonnière en verre + couvercle en cuivre,BVC-001,525,2026-04-21 19:46:07.937,,y
1925,Bonbonnière en verre + couvercle en cuivre,BVC-001,525,2026-04-21 19:46:07.937,,y
1926,Bonbonnière en verre + couvercle en cuivre,BVC-001,525,2026-04-21 19:46:07.937,,y
1927,Bonbonnière en verre + couvercle en cuivre,BVC-001,525,2026-04-21 19:46:07.937,,y
1928,Bonbonnière en verre + couvercle en cuivre,BVC-001,525,2026-04-21 19:46:07.937,,y
1929,Bonbonnière en verre + couvercle en cuivre,BVC-001,525,2026-04-21 19:46:07.937,,y
1930,Bonbonnière en verre + couvercle en cuivre,BVC-001,525,2026-04-21 19:46:07.937,,y
1931,Bonbonnière en verre + couvercle en cuivre,BVC-001,525,2026-04-21 19:46:07.937,,y
1932,Bonbonnière en verre + couvercle en cuivre,BVC-001,525,2026-04-21 19:46:07.937,,y
1933,Bonbonnière en verre + couvercle en cuivre,BVC-001,525,2026-04-21 19:46:07.937,,y
1934,Bonbonnière en verre + couvercle en cuivre,BVC-001,525,2026-04-21 19:46:07.937,,y
1935,Bonbonnière en verre + couvercle en cuivre,BVC-001,525,2026-04-21 19:46:07.937,,y
1936,Bonbonnière en verre + couvercle en cuivre,BVC-001,525,2026-04-21 19:46:07.937,,y
1937,Bonbonnière en verre + couvercle en cuivre,BVC-001,525,2026-04-21 19:46:07.937,,y
1938,Bonbonnière en verre + couvercle en cuivre,BVC-001,525,2026-04-21 19:46:07.937,,y
1939,Bonbonnière en verre + couvercle en cuivre,BVC-001,525,2026-04-21 19:46:07.937,,y
1940,Bonbonnière en verre + couvercle en cuivre,BVC-001,525,2026-04-21 19:46:07.937,,y
1941,Bonbonnière en verre,BV-001,525,2026-04-21 19:46:07.937,,y
1942,Bonbonnière en verre + couvercle en cuivre,BVC-001,525,2026-04-21 19:46:07.937,,y
1943,Bonbonnière en verre + couvercle en cuivre,BVC-001,525,2026-04-21 19:46:07.937,,y
1944,Bonbonnière en verre + couvercle en cuivre,BVC-001,525,2026-04-21 19:46:07.937,,y
1945,Bonbonnière en verre + couvercle en cuivre,BVC-001,525,2026-04-21 19:46:07.937,,y
1946,Bonbonnière en verre + couvercle en cuivre,BVC-001,525,2026-04-21 19:46:07.937,,y
1947,Bonbonnière en verre + couvercle en cuivre,BVC-001,525,2026-04-21 19:46:07.937,,y
1948,Bonbonnière en verre + couvercle en cuivre,BVC-001,525,2026-04-21 19:46:07.937,,y
1949,Bonbonnière en verre + couvercle en cuivre,BVC-001,525,2026-04-21 19:46:07.937,,y
1950,Bonbonnière en verre + couvercle en cuivre,BVC-001,525,2026-04-21 19:46:07.937,,y
1951,Bonbonnière en verre + couvercle en cuivre,BVC-001,525,2026-04-21 19:46:07.937,,y
1952,Coffret Mathred + Lance Parfum + Chapelet,CMM,525,2026-04-21 19:46:07.937,,y
1953,Stylos LilasDream,STL,525,2026-04-21 19:46:07.937,,y
1954,Photophore Sidi Bousaid T1,Ph-T1,525,2026-04-21 19:46:07.937,,y
1955,Photophore Sidi Bousaid T2,Ph-T2,525,2026-04-21 19:46:07.937,,y
1956,Photophore Sidi Bousaid T3,Ph-T3,525,2026-04-21 19:46:07.937,,y
1957,Photophore Sidi Bousaid T4,Ph-T4,525,2026-04-21 19:46:07.937,,y
1958,Trio Bougies Sidi Bousaid,TB-01,525,2026-04-21 19:46:07.937,,y
1959,Thermos à paille,TP-001,525,2026-04-21 19:46:07.937,,y
1960,Personnalisation,Pers-1,525,2026-04-21 19:46:07.937,,y
1961,Tote Bag personnalisé,TOT-001,525,2026-04-21 19:46:07.937,,y
1962,Bonbonniére en verre craquelé + Cuivre,BVC-001,525,2026-04-21 19:46:07.937,,y
1963,Bonbonnière Verre + Cuivre 1,BON-001,525,2026-04-21 19:46:07.937,,y
1964,Trio Bougies Sidi Bousaid,TB-01,525,2026-04-21 19:46:07.937,,y
1965,Bonbonnière Verre + Cuivre 2,BON-002,525,2026-04-21 19:46:07.937,,y
1966,Bonbonnière en verre + couvercle en cuivre,BVC-001,525,2026-04-21 19:46:07.937,,y
1967,Bonbonnière en verre + couvercle en cuivre,BVC-001,525,2026-04-21 19:46:07.937,,y
1968,Bonbonnière en verre + couvercle en cuivre,BVC-001,525,2026-04-21 19:46:07.937,,y
1969,Bonbonnière en verre + couvercle en cuivre,BVC-001,525,2026-04-21 19:46:07.937,,y
1970,Bonbonnière en verre + couvercle en cuivre,BVC-001,525,2026-04-21 19:46:07.937,,y
1971,Bonbonnière en verre,BV-001,525,2026-04-21 19:46:07.937,,y
1972,Bonbonnière en verre + couvercle en cuivre,BVC-001,525,2026-04-21 19:46:07.937,,y
1973,Bonbonnière en verre,BV-001,525,2026-04-21 19:46:07.937,,y
1974,Bonbonnière en verre + couvercle en cuivre,BVC-001,525,2026-04-21 19:46:07.937,,y
1975,Bonbonnière en verre + couvercle en cuivre,BVC-001,525,2026-04-21 19:46:07.937,,y
1976,Bonbonnière en verre + couvercle en cuivre,BVC-001,525,2026-04-21 19:46:07.937,,y
1977,Bonbonnière en verre + couvercle en cuivre,BVC-001,525,2026-04-21 19:46:07.937,,y
1978,Bonbonnière en verre + couvercle en cuivre,BVC-001,525,2026-04-21 19:46:07.937,,y
1979,Bonbonnière en verre + couvercle en cuivre,BVC-001,525,2026-04-21 19:46:07.937,,y
1980,Bonbonnière en verre + couvercle en cuivre,BVC-001,525,2026-04-21 19:46:07.937,,y
1981,Bonbonnière en verre + couvercle en cuivre,BVC-001,525,2026-04-21 19:46:07.937,,y
1982,Bonbonnière en verre + couvercle en cuivre,BVC-001,525,2026-04-21 19:46:07.937,,y
1983,Bonbonnière en verre + couvercle en cuivre,BVC-001,525,2026-04-21 19:46:07.937,,y
1984,Bonbonnière en verre + couvercle en cuivre,BVC-001,525,2026-04-21 19:46:07.937,,y
1985,Bonbonnière en verre + couvercle en cuivre,BVC-001,525,2026-04-21 19:46:07.937,,y
1986,Bonbonnière en verre + couvercle en cuivre,BVC-001,525,2026-04-21 19:46:07.937,,y
1987,Bonbonnière en verre + couvercle en cuivre,BVC-001,525,2026-04-21 19:46:07.938,,y
1988,Bonbonnière en verre + couvercle en cuivre,BVC-001,525,2026-04-21 19:46:07.938,,y
1989,Bonbonnière en verre + couvercle en cuivre,BVC-001,525,2026-04-21 19:46:07.938,,y
1990,Bonbonnière en verre + couvercle en cuivre,BVC-001,525,2026-04-21 19:46:07.938,,y
1991,Bonbonnière en verre,BV-001,525,2026-04-21 19:46:07.938,,y
1992,Bonbonnière en verre + couvercle en cuivre,BVC-001,525,2026-04-21 19:46:07.938,,y
1993,Bonbonnière en verre + couvercle en cuivre,BVC-001,525,2026-04-21 19:46:07.938,,y
1994,Bonbonnière en verre + couvercle en cuivre,BVC-001,525,2026-04-21 19:46:07.938,,y
1995,Bonbonnière en verre + couvercle en cuivre,BVC-001,525,2026-04-21 19:46:07.938,,y
1996,Bonbonnière en verre + couvercle en cuivre,BVC-001,525,2026-04-21 19:46:07.938,,y
1997,Bonbonnière en verre + couvercle en cuivre,BVC-001,525,2026-04-21 19:46:07.938,,y
1998,Bonbonnière en verre + couvercle en cuivre,BVC-001,525,2026-04-21 19:46:07.938,,y
1999,Bonbonnière en verre + couvercle en cuivre,BVC-001,525,2026-04-21 19:46:07.938,,y
2000,Bonbonnière en verre + couvercle en cuivre,BVC-001,525,2026-04-21 19:46:07.938,,y
2001,Bonbonnière en verre + couvercle en cuivre,BVC-001,525,2026-04-21 19:46:07.938,,y
2002,Coffret Mathred + Lance Parfum + Chapelet,CMM,525,2026-04-21 19:46:07.938,,y
2003,Stylos LilasDream,STL,525,2026-04-21 19:46:07.938,,y
2004,Photophore Sidi Bousaid T1,Ph-T1,525,2026-04-21 19:46:07.938,,y
2005,Photophore Sidi Bousaid T2,Ph-T2,525,2026-04-21 19:46:07.938,,y
2006,Photophore Sidi Bousaid T3,Ph-T3,525,2026-04-21 19:46:07.938,,y
2007,Photophore Sidi Bousaid T4,Ph-T4,525,2026-04-21 19:46:07.938,,y
2008,Thermos à paille,TP-001,525,2026-04-21 19:46:07.938,,y
2009,Personnalisation,Pers-1,525,2026-04-21 19:46:07.938,,y
2010,Tote Bag personnalisé,TOT-001,525,2026-04-21 19:46:07.938,,y
2011,Bonbonniére en verre craquelé + Cuivre,BVC-001,525,2026-04-21 19:46:07.938,,y
2012,Bonbonnière Verre + Cuivre 1,BON-001,525,2026-04-21 19:46:07.938,,y
2013,Bonbonnière Verre + Cuivre 2,BON-002,525,2026-04-21 19:46:07.938,,y
2014,Bonbonnière en verre + couvercle en cuivre,BVC-001,525,2026-04-21 19:46:07.938,,y
2015,Bonbonnière en verre + couvercle en cuivre,BVC-001,525,2026-04-21 19:46:07.938,,y
2016,Bonbonnière en verre + couvercle en cuivre,BVC-001,525,2026-04-21 19:46:07.938,,y
2017,Bonbonnière en verre + couvercle en cuivre,BVC-001,525,2026-04-21 19:46:07.938,,y
2018,Bonbonnière en verre + couvercle en cuivre,BVC-001,525,2026-04-21 19:46:07.938,,y
2019,Bonbonnière en verre,BV-001,525,2026-04-21 19:46:07.938,,y
2020,Bonbonnière en verre + couvercle en cuivre,BVC-001,525,2026-04-21 19:46:07.938,,y
2021,Bonbonnière en verre,BV-001,525,2026-04-21 19:46:07.938,,y
2022,Bonbonnière en verre + couvercle en cuivre,BVC-001,525,2026-04-21 19:46:07.938,,y
2023,Bonbonnière en verre + couvercle en cuivre,BVC-001,525,2026-04-21 19:46:07.938,,y
2024,Bonbonnière en verre + couvercle en cuivre,BVC-001,525,2026-04-21 19:46:07.938,,y
2025,Bonbonnière en verre + couvercle en cuivre,BVC-001,525,2026-04-21 19:46:07.938,,y
2026,Bonbonnière en verre + couvercle en cuivre,BVC-001,525,2026-04-21 19:46:07.938,,y
2027,Bonbonnière en verre + couvercle en cuivre,BVC-001,525,2026-04-21 19:46:07.938,,y
2028,Bonbonnière en verre + couvercle en cuivre,BVC-001,525,2026-04-21 19:46:07.938,,y
2029,Bonbonnière en verre + couvercle en cuivre,BVC-001,525,2026-04-21 19:46:07.938,,y
2030,Bonbonnière en verre + couvercle en cuivre,BVC-001,525,2026-04-21 19:46:07.938,,y
2031,Bonbonnière en verre + couvercle en cuivre,BVC-001,525,2026-04-21 19:46:07.938,,y
2032,Bonbonnière en verre + couvercle en cuivre,BVC-001,525,2026-04-21 19:46:07.938,,y
2033,Bonbonnière en verre + couvercle en cuivre,BVC-001,525,2026-04-21 19:46:07.938,,y
2034,Bonbonnière en verre + couvercle en cuivre,BVC-001,525,2026-04-21 19:46:07.938,,y
2035,Bonbonnière en verre + couvercle en cuivre,BVC-001,525,2026-04-21 19:46:07.938,,y
2036,Bonbonnière en verre + couvercle en cuivre,BVC-001,525,2026-04-21 19:46:07.938,,y
2037,Bonbonnière en verre + couvercle en cuivre,BVC-001,525,2026-04-21 19:46:07.938,,y
2038,Bonbonnière en verre + couvercle en cuivre,BVC-001,525,2026-04-21 19:46:07.938,,y
2039,Bonbonnière en verre,BV-001,525,2026-04-21 19:46:07.938,,y
2040,Bonbonnière en verre + couvercle en cuivre,BVC-001,525,2026-04-21 19:46:07.938,,y
2041,Bonbonnière en verre + couvercle en cuivre,BVC-001,525,2026-04-21 19:46:07.938,,y
2042,Bonbonnière en verre + couvercle en cuivre,BVC-001,525,2026-04-21 19:46:07.938,,y
2043,Bonbonnière en verre + couvercle en cuivre,BVC-001,525,2026-04-21 19:46:07.938,,y
2044,Bonbonnière en verre + couvercle en cuivre,BVC-001,525,2026-04-21 19:46:07.938,,y
2045,Bonbonnière en verre + couvercle en cuivre,BVC-001,525,2026-04-21 19:46:07.938,,y
2046,Bonbonnière en verre + couvercle en cuivre,BVC-001,525,2026-04-21 19:46:07.938,,y
2047,Bonbonnière en verre + couvercle en cuivre,BVC-001,525,2026-04-21 19:46:07.939,,y
2048,Bonbonnière en verre + couvercle en cuivre,BVC-001,525,2026-04-21 19:46:07.939,,y
2049,Bonbonnière en verre + couvercle en cuivre,BVC-001,525,2026-04-21 19:46:07.939,,y
2050,Coffret Mathred + Lance Parfum + Chapelet,CMM,525,2026-04-21 19:46:07.939,,y
2051,Stylos LilasDream,STL,525,2026-04-21 19:46:07.939,,y
2052,Photophore Sidi Bousaid T1,Ph-T1,525,2026-04-21 19:46:07.939,,y
2053,Photophore Sidi Bousaid T2,Ph-T2,525,2026-04-21 19:46:07.939,,y
2054,Photophore Sidi Bousaid T3,Ph-T3,525,2026-04-21 19:46:07.939,,y
2055,Photophore Sidi Bousaid T4,Ph-T4,525,2026-04-21 19:46:07.939,,y
2056,Trio Bougies Sidi Bousaid,TB-01,525,2026-04-21 19:46:07.939,,y
2057,Thermos à paille,TP-001,525,2026-04-21 19:46:07.939,,y
2058,Personnalisation,Pers-1,525,2026-04-21 19:46:07.939,,y
2059,Tote Bag personnalisé,TOT-001,525,2026-04-21 19:46:07.939,,y
2060,Bonbonniére en verre craquelé + Cuivre,BVC-001,525,2026-04-21 19:46:07.939,,y
2061,Bonbonnière Verre + Cuivre 1,BON-001,525,2026-04-21 19:46:07.939,,y
2062,Bonbonnière Verre + Cuivre 2,BON-002,525,2026-04-21 19:46:07.939,,y
2063,Bonbonnière en verre + couvercle en cuivre,BVC-001,525,2026-04-21 19:46:07.939,,y
2064,Bonbonnière en verre + couvercle en cuivre,BVC-001,525,2026-04-21 19:46:07.939,,y
2065,Bonbonnière en verre + couvercle en cuivre,BVC-001,525,2026-04-21 19:46:07.939,,y
2066,Bonbonnière en verre + couvercle en cuivre,BVC-001,525,2026-04-21 19:46:07.939,,y
2067,Bonbonnière en verre + couvercle en cuivre,BVC-001,525,2026-04-21 19:46:07.939,,y
2068,Bonbonnière en verre,BV-001,525,2026-04-21 19:46:07.939,,y
2069,Bonbonnière en verre + couvercle en cuivre,BVC-001,525,2026-04-21 19:46:07.939,,y
2070,Bonbonnière en verre,BV-001,525,2026-04-21 19:46:07.939,,y
2071,Bonbonnière en verre + couvercle en cuivre,BVC-001,525,2026-04-21 19:46:07.939,,y
2072,Bonbonnière en verre + couvercle en cuivre,BVC-001,525,2026-04-21 19:46:07.939,,y
2073,Bonbonnière en verre + couvercle en cuivre,BVC-001,525,2026-04-21 19:46:07.939,,y
2074,Bonbonnière en verre + couvercle en cuivre,BVC-001,525,2026-04-21 19:46:07.939,,y
2075,Bonbonnière en verre + couvercle en cuivre,BVC-001,525,2026-04-21 19:46:07.939,,y
2076,Bonbonnière en verre + couvercle en cuivre,BVC-001,525,2026-04-21 19:46:07.939,,y
2077,Bonbonnière en verre + couvercle en cuivre,BVC-001,525,2026-04-21 19:46:07.939,,y
2078,Bonbonnière en verre + couvercle en cuivre,BVC-001,525,2026-04-21 19:46:07.939,,y
2079,Bonbonnière en verre + couvercle en cuivre,BVC-001,525,2026-04-21 19:46:07.939,,y
2080,Bonbonnière en verre + couvercle en cuivre,BVC-001,525,2026-04-21 19:46:07.939,,y
2081,Bonbonnière en verre + couvercle en cuivre,BVC-001,525,2026-04-21 19:46:07.939,,y
2082,Bonbonnière en verre + couvercle en cuivre,BVC-001,525,2026-04-21 19:46:07.939,,y
2083,Bonbonnière en verre + couvercle en cuivre,BVC-001,525,2026-04-21 19:46:07.939,,y
2084,Bonbonnière en verre + couvercle en cuivre,BVC-001,525,2026-04-21 19:46:07.939,,y
2085,Bonbonnière en verre + couvercle en cuivre,BVC-001,525,2026-04-21 19:46:07.939,,y
2086,Bonbonnière en verre + couvercle en cuivre,BVC-001,525,2026-04-21 19:46:07.939,,y
2087,Bonbonnière en verre + couvercle en cuivre,BVC-001,525,2026-04-21 19:46:07.939,,y
2088,Bonbonnière en verre,BV-001,525,2026-04-21 19:46:07.939,,y
2089,Bonbonnière en verre + couvercle en cuivre,BVC-001,525,2026-04-21 19:46:07.939,,y
2090,Bonbonnière en verre + couvercle en cuivre,BVC-001,525,2026-04-21 19:46:07.939,,y
2091,Bonbonnière en verre + couvercle en cuivre,BVC-001,525,2026-04-21 19:46:07.939,,y
2092,Bonbonnière en verre + couvercle en cuivre,BVC-001,525,2026-04-21 19:46:07.939,,y
2093,Bonbonnière en verre + couvercle en cuivre,BVC-001,525,2026-04-21 19:46:07.939,,y
2094,Bonbonnière en verre + couvercle en cuivre,BVC-001,525,2026-04-21 19:46:07.939,,y
2095,Bonbonnière en verre + couvercle en cuivre,BVC-001,525,2026-04-21 19:46:07.939,,y
2096,Bonbonnière en verre + couvercle en cuivre,BVC-001,525,2026-04-21 19:46:07.939,,y
2097,Bonbonnière en verre + couvercle en cuivre,BVC-001,525,2026-04-21 19:46:07.939,,y
2098,Bonbonnière en verre + couvercle en cuivre,BVC-001,525,2026-04-21 19:46:07.939,,y
2099,Coffret Mathred + Lance Parfum + Chapelet,CMM,525,2026-04-21 19:46:07.939,,y
2100,Stylos LilasDream,STL,525,2026-04-21 19:46:07.939,,y
2101,Photophore Sidi Bousaid T1,Ph-T1,525,2026-04-21 19:46:07.939,,y
2102,Photophore Sidi Bousaid T2,Ph-T2,525,2026-04-21 19:46:07.939,,y
2103,Photophore Sidi Bousaid T3,Ph-T3,525,2026-04-21 19:46:07.939,,y
2104,Photophore Sidi Bousaid T4,Ph-T4,525,2026-04-21 19:46:07.939,,y
2105,Trio Bougies Sidi Bousaid,TB-01,525,2026-04-21 19:46:07.939,,y
2106,Thermos à paille,TP-001,525,2026-04-21 19:46:07.939,,y
2107,Personnalisation,Pers-1,525,2026-04-21 19:46:07.939,,y
2108,Tote Bag personnalisé,TOT-001,525,2026-04-21 19:46:07.939,,y
2109,Bonbonniére en verre craquelé + Cuivre,BVC-001,525,2026-04-21 19:46:07.939,,y
2110,Bonbonnière Verre + Cuivre 1,BON-001,525,2026-04-21 19:46:07.939,,y
2111,Bonbonnière Verre + Cuivre 2,BON-002,525,2026-04-21 19:46:07.939,,y
2112,Bonbonnière en verre + couvercle en cuivre,BVC-001,525,2026-04-21 19:46:07.939,,y
2113,Bonbonnière en verre + couvercle en cuivre,BVC-001,525,2026-04-21 19:46:07.939,,y
2114,Bonbonnière en verre + couvercle en cuivre,BVC-001,525,2026-04-21 19:46:07.939,,y
2115,Bonbonnière en verre + couvercle en cuivre,BVC-001,525,2026-04-21 19:46:07.939,,y
2116,Bonbonnière en verre + couvercle en cuivre,BVC-001,525,2026-04-21 19:46:07.939,,y
2117,Bonbonnière en verre,BV-001,525,2026-04-21 19:46:07.939,,y
2118,Bonbonnière en verre + couvercle en cuivre,BVC-001,525,2026-04-21 19:46:07.939,,y
2119,Bonbonnière en verre,BV-001,525,2026-04-21 19:46:07.939,,y
2120,Bonbonnière en verre + couvercle en cuivre,BVC-001,525,2026-04-21 19:46:07.939,,y
2121,Bonbonnière en verre + couvercle en cuivre,BVC-001,525,2026-04-21 19:46:07.939,,y
2122,Bonbonnière en verre + couvercle en cuivre,BVC-001,525,2026-04-21 19:46:07.939,,y
2123,Bonbonnière en verre + couvercle en cuivre,BVC-001,525,2026-04-21 19:46:07.939,,y
2124,Bonbonnière en verre + couvercle en cuivre,BVC-001,525,2026-04-21 19:46:07.939,,y
2125,Bonbonnière en verre + couvercle en cuivre,BVC-001,525,2026-04-21 19:46:07.939,,y
2126,Bonbonnière en verre + couvercle en cuivre,BVC-001,525,2026-04-21 19:46:07.939,,y
2127,Bonbonnière en verre + couvercle en cuivre,BVC-001,525,2026-04-21 19:46:07.939,,y
2128,Bonbonnière en verre + couvercle en cuivre,BVC-001,525,2026-04-21 19:46:07.939,,y
2129,Bonbonnière en verre + couvercle en cuivre,BVC-001,525,2026-04-21 19:46:07.939,,y
2130,Bonbonnière en verre + couvercle en cuivre,BVC-001,525,2026-04-21 19:46:07.939,,y
2131,Bonbonnière en verre + couvercle en cuivre,BVC-001,525,2026-04-21 19:46:07.939,,y
2132,Bonbonnière en verre + couvercle en cuivre,BVC-001,525,2026-04-21 19:46:07.939,,y
2133,Bonbonnière en verre + couvercle en cuivre,BVC-001,525,2026-04-21 19:46:07.939,,y
2134,Bonbonnière en verre + couvercle en cuivre,BVC-001,525,2026-04-21 19:46:07.939,,y
2135,Bonbonnière en verre + couvercle en cuivre,BVC-001,525,2026-04-21 19:46:07.939,,y
2136,Bonbonnière en verre + couvercle en cuivre,BVC-001,525,2026-04-21 19:46:07.939,,y
2137,Bonbonnière en verre,BV-001,525,2026-04-21 19:46:07.939,,y
2138,Bonbonnière en verre + couvercle en cuivre,BVC-001,525,2026-04-21 19:46:07.939,,y
2139,Bonbonnière en verre + couvercle en cuivre,BVC-001,525,2026-04-21 19:46:07.939,,y
2140,Bonbonnière en verre + couvercle en cuivre,BVC-001,525,2026-04-21 19:46:07.939,,y
2141,Bonbonnière en verre + couvercle en cuivre,BVC-001,525,2026-04-21 19:46:07.939,,y
2142,Bonbonnière en verre + couvercle en cuivre,BVC-001,525,2026-04-21 19:46:07.939,,y
2143,Bonbonnière en verre + couvercle en cuivre,BVC-001,525,2026-04-21 19:46:07.939,,y
2144,Bonbonnière en verre + couvercle en cuivre,BVC-001,525,2026-04-21 19:46:07.939,,y
2145,Bonbonnière en verre + couvercle en cuivre,BVC-001,525,2026-04-21 19:46:07.939,,y
2146,Bonbonnière en verre + couvercle en cuivre,BVC-001,525,2026-04-21 19:46:07.939,,y
2147,Bonbonnière en verre + couvercle en cuivre,BVC-001,525,2026-04-21 19:46:07.939,,y
2148,Bonbonnière en verre + couvercle en cuivre,BVC-001,525,2026-04-21 19:46:07.939,,y
2149,Coffret Mathred + Lance Parfum + Chapelet,CMM,525,2026-04-21 19:46:07.939,,y
2150,Stylos LilasDream,STL,525,2026-04-21 19:46:07.939,,y
2151,Photophore Sidi Bousaid T1,Ph-T1,525,2026-04-21 19:46:07.939,,y
2152,Photophore Sidi Bousaid T2,Ph-T2,525,2026-04-21 19:46:07.939,,y
2153,Photophore Sidi Bousaid T3,Ph-T3,525,2026-04-21 19:46:07.939,,y
2154,Photophore Sidi Bousaid T4,Ph-T4,525,2026-04-21 19:46:07.939,,y
2155,Trio Bougies Sidi Bousaid,TB-01,525,2026-04-21 19:46:07.939,,y
2156,Thermos à paille,TP-001,525,2026-04-21 19:46:07.939,,y
2157,Personnalisation,Pers-1,525,2026-04-21 19:46:07.939,,y
2158,Tote Bag personnalisé,TOT-001,525,2026-04-21 19:46:07.939,,y
2159,Bonbonniére en verre craquelé + Cuivre,BVC-001,525,2026-04-21 19:46:07.939,,y
2160,Bonbonnière Verre + Cuivre 1,BON-001,525,2026-04-21 19:46:07.939,,y
2161,Bonbonnière Verre + Cuivre 2,BON-002,525,2026-04-21 19:46:07.939,,y
2162,Bonbonnière en verre + couvercle en cuivre,BVC-001,525,2026-04-21 19:46:07.939,,y
2163,Bonbonnière en verre + couvercle en cuivre,BVC-001,525,2026-04-21 19:46:07.939,,y
2164,Bonbonnière en verre + couvercle en cuivre,BVC-001,525,2026-04-21 19:46:07.939,,y
2165,Bonbonnière en verre + couvercle en cuivre,BVC-001,525,2026-04-21 19:46:07.939,,y
2166,Bonbonnière en verre + couvercle en cuivre,BVC-001,525,2026-04-21 19:46:07.939,,y
2167,Bonbonnière en verre,BV-001,525,2026-04-21 19:46:07.939,,y
2168,Bonbonnière en verre + couvercle en cuivre,BVC-001,525,2026-04-21 19:46:07.939,,y
2169,Bonbonnière en verre,BV-001,525,2026-04-21 19:46:07.939,,y
2170,Bonbonnière en verre + couvercle en cuivre,BVC-001,525,2026-04-21 19:46:07.939,,y
2171,Bonbonnière en verre + couvercle en cuivre,BVC-001,525,2026-04-21 19:46:07.939,,y
2172,Bonbonnière en verre + couvercle en cuivre,BVC-001,525,2026-04-21 19:46:07.939,,y
2173,Bonbonnière en verre + couvercle en cuivre,BVC-001,525,2026-04-21 19:46:07.939,,y
2174,Bonbonnière en verre + couvercle en cuivre,BVC-001,525,2026-04-21 19:46:07.939,,y
2175,Bonbonnière en verre + couvercle en cuivre,BVC-001,525,2026-04-21 19:46:07.939,,y
2176,Bonbonnière en verre + couvercle en cuivre,BVC-001,525,2026-04-21 19:46:07.939,,y
2177,Bonbonnière en verre + couvercle en cuivre,BVC-001,525,2026-04-21 19:46:07.940,,y
2178,Bonbonnière en verre + couvercle en cuivre,BVC-001,525,2026-04-21 19:46:07.940,,y
2179,Bonbonnière en verre + couvercle en cuivre,BVC-001,525,2026-04-21 19:46:07.940,,y
2180,Bonbonnière en verre + couvercle en cuivre,BVC-001,525,2026-04-21 19:46:07.940,,y
2181,Bonbonnière en verre + couvercle en cuivre,BVC-001,525,2026-04-21 19:46:07.940,,y
2182,Bonbonnière en verre,BV-001,525,2026-04-21 19:46:07.940,,y
2183,Bonbonnière en verre + couvercle en cuivre,BVC-001,525,2026-04-21 19:46:07.940,,y
2184,Bonbonnière en verre + couvercle en cuivre,BVC-001,525,2026-04-21 19:46:07.940,,y
2185,Bonbonnière en verre + couvercle en cuivre,BVC-001,525,2026-04-21 19:46:07.940,,y
2186,Bonbonnière en verre + couvercle en cuivre,BVC-001,525,2026-04-21 19:46:07.940,,y
2187,Bonbonnière en verre + couvercle en cuivre,BVC-001,525,2026-04-21 19:46:07.940,,y
2188,Bonbonnière en verre,BV-001,525,2026-04-21 19:46:07.940,,y
2189,Bonbonnière en verre + couvercle en cuivre,BVC-001,525,2026-04-21 19:46:07.940,,y
2190,Bonbonnière en verre + couvercle en cuivre,BVC-001,525,2026-04-21 19:46:07.940,,y
2191,Bonbonnière en verre + couvercle en cuivre,BVC-001,525,2026-04-21 19:46:07.940,,y
2192,Bonbonnière en verre + couvercle en cuivre,BVC-001,525,2026-04-21 19:46:07.940,,y
2193,Bonbonnière en verre + couvercle en cuivre,BVC-001,525,2026-04-21 19:46:07.940,,y
2194,Bonbonnière en verre + couvercle en cuivre,BVC-001,525,2026-04-21 19:46:07.940,,y
2195,Bonbonnière en verre + couvercle en cuivre,BVC-001,525,2026-04-21 19:46:07.940,,y
2196,Bonbonnière en verre + couvercle en cuivre,BVC-001,525,2026-04-21 19:46:07.940,,y
2197,Bonbonnière en verre + couvercle en cuivre,BVC-001,525,2026-04-21 19:46:07.940,,y
2198,Bonbonnière en verre + couvercle en cuivre,BVC-001,525,2026-04-21 19:46:07.940,,y
2199,Coffret Mathred + Lance Parfum + Chapelet,CMM,525,2026-04-21 19:46:07.940,,y
2200,Stylos LilasDream,STL,525,2026-04-21 19:46:07.940,,y
2201,Photophore Sidi Bousaid T1,Ph-T1,525,2026-04-21 19:46:07.940,,y
2202,Photophore Sidi Bousaid T2,Ph-T2,525,2026-04-21 19:46:07.940,,y
2203,Photophore Sidi Bousaid T3,Ph-T3,525,2026-04-21 19:46:07.940,,y
2204,Photophore Sidi Bousaid T4,Ph-T4,525,2026-04-21 19:46:07.940,,y
2205,Trio Bougies Sidi Bousaid,TB-01,525,2026-04-21 19:46:07.940,,y
2206,Thermos à paille,TP-001,525,2026-04-21 19:46:07.940,,y
2207,Personnalisation,Pers-1,525,2026-04-21 19:46:07.940,,y
2208,Tote Bag personnalisé,TOT-001,525,2026-04-21 19:46:07.940,,y
2209,Bonbonniére en verre craquelé + Cuivre,BVC-001,525,2026-04-21 19:46:07.940,,y
2210,Bonbonnière Verre + Cuivre 1,BON-001,525,2026-04-21 19:46:07.940,,y
2211,Bonbonnière Verre + Cuivre 2,BON-002,525,2026-04-21 19:46:07.940,,y
2212,Bonbonnière en verre + couvercle en cuivre,BVC-001,525,2026-04-21 19:46:07.940,,y
2213,Bonbonnière en verre + couvercle en cuivre,BVC-001,525,2026-04-21 19:46:07.940,,y
2214,Bonbonnière en verre + couvercle en cuivre,BVC-001,525,2026-04-21 19:46:07.940,,y
2215,Bonbonnière en verre + couvercle en cuivre,BVC-001,525,2026-04-21 19:46:07.940,,y
2216,Bonbonnière en verre + couvercle en cuivre,BVC-001,525,2026-04-21 19:46:07.940,,y
2217,Bonbonnière en verre,BV-001,525,2026-04-21 19:46:07.940,,y
2218,Bonbonnière en verre + couvercle en cuivre,BVC-001,525,2026-04-21 19:46:07.940,,y
2219,Bonbonnière en verre,BV-001,525,2026-04-21 19:46:07.940,,y
2220,Bonbonnière en verre + couvercle en cuivre,BVC-001,525,2026-04-21 19:46:07.940,,y
2221,Bonbonnière en verre + couvercle en cuivre,BVC-001,525,2026-04-21 19:46:07.940,,y
2222,Bonbonnière en verre + couvercle en cuivre,BVC-001,525,2026-04-21 19:46:07.940,,y
2223,Bonbonnière en verre + couvercle en cuivre,BVC-001,525,2026-04-21 19:46:07.940,,y
2224,Bonbonnière en verre + couvercle en cuivre,BVC-001,525,2026-04-21 19:46:07.940,,y
2225,Bonbonnière en verre + couvercle en cuivre,BVC-001,525,2026-04-21 19:46:07.940,,y
2226,Bonbonnière en verre + couvercle en cuivre,BVC-001,525,2026-04-21 19:46:07.940,,y
2227,Bonbonnière en verre + couvercle en cuivre,BVC-001,525,2026-04-21 19:46:07.940,,y
2228,Bonbonnière en verre + couvercle en cuivre,BVC-001,525,2026-04-21 19:46:07.940,,y
2229,Bonbonnière en verre + couvercle en cuivre,BVC-001,525,2026-04-21 19:46:07.940,,y
2230,Bonbonnière en verre + couvercle en cuivre,BVC-001,525,2026-04-21 19:46:07.940,,y
2231,Bonbonnière en verre + couvercle en cuivre,BVC-001,525,2026-04-21 19:46:07.940,,y
2232,Bonbonnière en verre + couvercle en cuivre,BVC-001,525,2026-04-21 19:46:07.940,,y
2233,Bonbonnière en verre + couvercle en cuivre,BVC-001,525,2026-04-21 19:46:07.940,,y
2234,Bonbonnière en verre + couvercle en cuivre,BVC-001,525,2026-04-21 19:46:07.940,,y
2235,Bonbonnière en verre + couvercle en cuivre,BVC-001,525,2026-04-21 19:46:07.940,,y
2236,Bonbonnière en verre + couvercle en cuivre,BVC-001,525,2026-04-21 19:46:07.940,,y
2237,Bonbonnière en verre,BV-001,525,2026-04-21 19:46:07.940,,y
2238,Bonbonnière en verre + couvercle en cuivre,BVC-001,525,2026-04-21 19:46:07.940,,y
2239,Bonbonnière en verre + couvercle en cuivre,BVC-001,525,2026-04-21 19:46:07.940,,y
2240,Bonbonnière en verre + couvercle en cuivre,BVC-001,525,2026-04-21 19:46:07.940,,y
2241,Bonbonnière en verre + couvercle en cuivre,BVC-001,525,2026-04-21 19:46:07.940,,y
2242,Bonbonnière en verre + couvercle en cuivre,BVC-001,525,2026-04-21 19:46:07.940,,y
2243,Bonbonnière en verre + couvercle en cuivre,BVC-001,525,2026-04-21 19:46:07.940,,y
2244,Bonbonnière en verre + couvercle en cuivre,BVC-001,525,2026-04-21 19:46:07.940,,y
2245,Bonbonnière en verre + couvercle en cuivre,BVC-001,525,2026-04-21 19:46:07.940,,y
2246,Bonbonnière en verre + couvercle en cuivre,BVC-001,525,2026-04-21 19:46:07.940,,y
2247,Bonbonnière en verre + couvercle en cuivre,BVC-001,525,2026-04-21 19:46:07.940,,y
2248,Coffret Mathred + Lance Parfum + Chapelet,CMM,525,2026-04-21 19:46:07.940,,y
2249,Stylos LilasDream,STL,525,2026-04-21 19:46:07.940,,y
2250,Photophore Sidi Bousaid T1,Ph-T1,525,2026-04-21 19:46:07.940,,y
2251,Photophore Sidi Bousaid T2,Ph-T2,525,2026-04-21 19:46:07.940,,y
2252,Photophore Sidi Bousaid T3,Ph-T3,525,2026-04-21 19:46:07.940,,y
2253,Photophore Sidi Bousaid T4,Ph-T4,525,2026-04-21 19:46:07.940,,y
2254,Trio Bougies Sidi Bousaid,TB-01,525,2026-04-21 19:46:07.940,,y
2255,Thermos à paille,TP-001,525,2026-04-21 19:46:07.940,,y
2256,Personnalisation,Pers-1,525,2026-04-21 19:46:07.940,,y
2257,Tote Bag personnalisé,TOT-001,525,2026-04-21 19:46:07.940,,y
2258,Bonbonniére en verre craquelé + Cuivre,BVC-001,525,2026-04-21 19:46:07.940,,y
2259,Bonbonnière Verre + Cuivre 1,BON-001,525,2026-04-21 19:46:07.940,,y
2260,Bonbonnière Verre + Cuivre 2,BON-002,525,2026-04-21 19:46:07.940,,y
2261,Bonbonnière en verre + couvercle en cuivre,BVC-001,525,2026-04-21 19:46:07.940,,y
2262,Bonbonnière en verre + couvercle en cuivre,BVC-001,525,2026-04-21 19:46:07.940,,y
2263,Bonbonnière en verre + couvercle en cuivre,BVC-001,525,2026-04-21 19:46:07.940,,y
2264,Bonbonnière en verre + couvercle en cuivre,BVC-001,525,2026-04-21 19:46:07.940,,y
2265,Bonbonnière en verre + couvercle en cuivre,BVC-001,525,2026-04-21 19:46:07.940,,y
2266,Bonbonnière en verre,BV-001,525,2026-04-21 19:46:07.940,,y
2267,Bonbonnière en verre + couvercle en cuivre,BVC-001,525,2026-04-21 19:46:07.940,,y
2268,Bonbonnière en verre,BV-001,525,2026-04-21 19:46:07.940,,y
2269,Bonbonnière en verre + couvercle en cuivre,BVC-001,525,2026-04-21 19:46:07.940,,y
2270,Bonbonnière en verre + couvercle en cuivre,BVC-001,525,2026-04-21 19:46:07.940,,y
2271,Bonbonnière en verre + couvercle en cuivre,BVC-001,525,2026-04-21 19:46:07.940,,y
2272,Bonbonnière en verre + couvercle en cuivre,BVC-001,525,2026-04-21 19:46:07.940,,y
2273,Bonbonnière en verre + couvercle en cuivre,BVC-001,525,2026-04-21 19:46:07.940,,y
2274,Bonbonnière en verre + couvercle en cuivre,BVC-001,525,2026-04-21 19:46:07.940,,y
2275,Bonbonnière en verre + couvercle en cuivre,BVC-001,525,2026-04-21 19:46:07.940,,y
2276,Bonbonnière en verre + couvercle en cuivre,BVC-001,525,2026-04-21 19:46:07.940,,y
2277,Bonbonnière en verre + couvercle en cuivre,BVC-001,525,2026-04-21 19:46:07.940,,y
2278,Bonbonnière en verre + couvercle en cuivre,BVC-001,525,2026-04-21 19:46:07.940,,y
2279,Bonbonnière en verre + couvercle en cuivre,BVC-001,525,2026-04-21 19:46:07.940,,y
2280,Bonbonnière en verre + couvercle en cuivre,BVC-001,525,2026-04-21 19:46:07.940,,y
2281,Bonbonnière en verre + couvercle en cuivre,BVC-001,525,2026-04-21 19:46:07.940,,y
2282,Bonbonnière en verre + couvercle en cuivre,BVC-001,525,2026-04-21 19:46:07.940,,y
2283,Bonbonnière en verre + couvercle en cuivre,BVC-001,525,2026-04-21 19:46:07.940,,y
2284,Bonbonnière en verre + couvercle en cuivre,BVC-001,525,2026-04-21 19:46:07.940,,y
2285,Bonbonnière en verre + couvercle en cuivre,BVC-001,525,2026-04-21 19:46:07.940,,y
2286,Bonbonnière en verre,BV-001,525,2026-04-21 19:46:07.940,,y
2287,Bonbonnière en verre + couvercle en cuivre,BVC-001,525,2026-04-21 19:46:07.940,,y
2288,Bonbonnière en verre + couvercle en cuivre,BVC-001,525,2026-04-21 19:46:07.940,,y
2289,Bonbonnière en verre + couvercle en cuivre,BVC-001,525,2026-04-21 19:46:07.940,,y
2290,Bonbonnière en verre + couvercle en cuivre,BVC-001,525,2026-04-21 19:46:07.940,,y
2291,Bonbonnière en verre + couvercle en cuivre,BVC-001,525,2026-04-21 19:46:07.940,,y
2292,Bonbonnière en verre + couvercle en cuivre,BVC-001,525,2026-04-21 19:46:07.940,,y
2293,Bonbonnière en verre + couvercle en cuivre,BVC-001,525,2026-04-21 19:46:07.940,,y
2294,Bonbonnière en verre + couvercle en cuivre,BVC-001,525,2026-04-21 19:46:07.940,,y
2295,Bonbonnière en verre + couvercle en cuivre,BVC-001,525,2026-04-21 19:46:07.940,,y
2296,Bonbonnière en verre + couvercle en cuivre,BVC-001,525,2026-04-21 19:46:07.940,,y
2297,Coffret Mathred + Lance Parfum + Chapelet,CMM,525,2026-04-21 19:46:07.940,,y
2298,Stylos LilasDream,STL,525,2026-04-21 19:46:07.940,,y
2299,Photophore Sidi Bousaid T1,Ph-T1,525,2026-04-21 19:46:07.940,,y
2300,Photophore Sidi Bousaid T2,Ph-T2,525,2026-04-21 19:46:07.940,,y
2301,Photophore Sidi Bousaid T3,Ph-T3,525,2026-04-21 19:46:07.940,,y
2302,Photophore Sidi Bousaid T4,Ph-T4,525,2026-04-21 19:46:07.940,,y
2303,Trio Bougies Sidi Bousaid,TB-01,525,2026-04-21 19:46:07.940,,y
2304,Thermos à paille,TP-001,525,2026-04-21 19:46:07.941,,y
2305,Personnalisation,Pers-1,525,2026-04-21 19:46:07.941,,y
2306,Tote Bag personnalisé,TOT-001,525,2026-04-21 19:46:07.941,,y
2307,Bonbonniére en verre craquelé + Cuivre,BVC-001,525,2026-04-21 19:46:07.941,,y
2308,Bonbonnière Verre + Cuivre 1,BON-001,525,2026-04-21 19:46:07.941,,y
2309,Bonbonnière Verre + Cuivre 2,BON-002,525,2026-04-21 19:46:07.941,,y
2310,Bonbonnière en verre + couvercle en cuivre,BVC-001,525,2026-04-21 19:46:07.941,,y
2311,Bonbonnière en verre + couvercle en cuivre,BVC-001,525,2026-04-21 19:46:07.941,,y
2312,Bonbonnière en verre + couvercle en cuivre,BVC-001,525,2026-04-21 19:46:07.941,,y
2313,Bonbonnière en verre + couvercle en cuivre,BVC-001,525,2026-04-21 19:46:07.941,,y
2314,Bonbonnière en verre + couvercle en cuivre,BVC-001,525,2026-04-21 19:46:07.941,,y
2315,Bonbonnière en verre,BV-001,525,2026-04-21 19:46:07.941,,y
2316,Bonbonnière en verre + couvercle en cuivre,BVC-001,525,2026-04-21 19:46:07.941,,y
2317,Bonbonnière en verre + couvercle en cuivre,BVC-001,525,2026-04-21 19:46:07.941,,y
2318,Bonbonnière en verre + couvercle en cuivre,BVC-001,525,2026-04-21 19:46:07.941,,y
2319,Bonbonnière en verre + couvercle en cuivre,BVC-001,525,2026-04-21 19:46:07.941,,y
2320,Bonbonnière en verre + couvercle en cuivre,BVC-001,525,2026-04-21 19:46:07.941,,y
2321,Bonbonnière en verre + couvercle en cuivre,BVC-001,525,2026-04-21 19:46:07.941,,y
2322,Bonbonnière en verre + couvercle en cuivre,BVC-001,525,2026-04-21 19:46:07.941,,y
2323,Bonbonnière en verre + couvercle en cuivre,BVC-001,525,2026-04-21 19:46:07.941,,y
2324,Bonbonnière en verre + couvercle en cuivre,BVC-001,525,2026-04-21 19:46:07.941,,y
2325,Bonbonnière en verre + couvercle en cuivre,BVC-001,525,2026-04-21 19:46:07.941,,y
2326,Bonbonnière en verre + couvercle en cuivre,BVC-001,525,2026-04-21 19:46:07.941,,y
2327,Bonbonnière en verre + couvercle en cuivre,BVC-001,525,2026-04-21 19:46:07.941,,y
2328,Bonbonnière en verre + couvercle en cuivre,BVC-001,525,2026-04-21 19:46:07.941,,y
2329,Bonbonnière en verre + couvercle en cuivre,BVC-001,525,2026-04-21 19:46:07.941,,y
2330,Bonbonnière en verre + couvercle en cuivre,BVC-001,525,2026-04-21 19:46:07.941,,y
2331,Bonbonnière en verre + couvercle en cuivre,BVC-001,525,2026-04-21 19:46:07.941,,y
2332,Bonbonnière en verre + couvercle en cuivre,BVC-001,525,2026-04-21 19:46:07.941,,y
2333,Bonbonnière en verre,BV-001,525,2026-04-21 19:46:07.941,,y
2334,Bonbonnière en verre + couvercle en cuivre,BVC-001,525,2026-04-21 19:46:07.941,,y
2335,Bonbonnière en verre + couvercle en cuivre,BVC-001,525,2026-04-21 19:46:07.941,,y
2336,Bonbonnière en verre + couvercle en cuivre,BVC-001,525,2026-04-21 19:46:07.941,,y
2337,Bonbonnière en verre + couvercle en cuivre,BVC-001,525,2026-04-21 19:46:07.941,,y
2338,Bonbonnière en verre + couvercle en cuivre,BVC-001,525,2026-04-21 19:46:07.941,,y
2339,Bonbonnière en verre + couvercle en cuivre,BVC-001,525,2026-04-21 19:46:07.941,,y
2340,Bonbonnière en verre + couvercle en cuivre,BVC-001,525,2026-04-21 19:46:07.941,,y
2341,Bonbonnière en verre + couvercle en cuivre,BVC-001,525,2026-04-21 19:46:07.941,,y
2342,Bonbonnière en verre + couvercle en cuivre,BVC-001,525,2026-04-21 19:46:07.941,,y
2343,Bonbonnière en verre + couvercle en cuivre,BVC-001,525,2026-04-21 19:46:07.941,,y
2344,Coffret Mathred + Lance Parfum + Chapelet,CMM,525,2026-04-21 19:46:07.941,,y
2345,Stylos LilasDream,STL,525,2026-04-21 19:46:07.941,,y
2346,Photophore Sidi Bousaid T1,Ph-T1,525,2026-04-21 19:46:07.941,,y
2347,Photophore Sidi Bousaid T2,Ph-T2,525,2026-04-21 19:46:07.941,,y
2348,Photophore Sidi Bousaid T3,Ph-T3,525,2026-04-21 19:46:07.941,,y
2349,Photophore Sidi Bousaid T4,Ph-T4,525,2026-04-21 19:46:07.941,,y
2350,Trio Bougies Sidi Bousaid,TB-01,525,2026-04-21 19:46:07.941,,y
2351,Thermos à paille,TP-001,525,2026-04-21 19:46:07.941,,y
2352,Personnalisation,Pers-1,525,2026-04-21 19:46:07.941,,y
2353,Tote Bag personnalisé,TOT-001,525,2026-04-21 19:46:07.941,,y
2354,Bonbonniére en verre craquelé + Cuivre,BVC-001,525,2026-04-21 19:46:07.941,,y
2355,Bonbonnière Verre + Cuivre 1,BON-001,525,2026-04-21 19:46:07.941,,y
2356,Trio Bougies Sidi Bousaid,TB-01,525,2026-04-21 19:46:07.941,,y
2357,Bonbonnière Verre + Cuivre 2,BON-002,525,2026-04-21 19:46:07.941,,y
2358,Bonbonnière en verre + couvercle en cuivre,BVC-001,525,2026-04-21 19:46:07.941,,y
2359,Bonbonnière en verre + couvercle en cuivre,BVC-001,525,2026-04-21 19:46:07.941,,y
2360,Bonbonnière en verre + couvercle en cuivre,BVC-001,525,2026-04-21 19:46:07.941,,y
2361,Bonbonnière en verre + couvercle en cuivre,BVC-001,525,2026-04-21 19:46:07.941,,y
2362,Bonbonnière en verre + couvercle en cuivre,BVC-001,525,2026-04-21 19:46:07.941,,y
2363,Bonbonnière en verre,BV-001,525,2026-04-21 19:46:07.941,,y
2364,Bonbonnière en verre + couvercle en cuivre,BVC-001,525,2026-04-21 19:46:07.941,,y
2365,Bonbonnière en verre,BV-001,525,2026-04-21 19:46:07.941,,y
2366,Bonbonnière en verre + couvercle en cuivre,BVC-001,525,2026-04-21 19:46:07.941,,y
2367,Bonbonnière en verre + couvercle en cuivre,BVC-001,525,2026-04-21 19:46:07.941,,y
2368,Bonbonnière en verre + couvercle en cuivre,BVC-001,525,2026-04-21 19:46:07.941,,y
2369,Bonbonnière en verre + couvercle en cuivre,BVC-001,525,2026-04-21 19:46:07.941,,y
2370,Bonbonnière en verre + couvercle en cuivre,BVC-001,525,2026-04-21 19:46:07.941,,y
2371,Bonbonnière en verre + couvercle en cuivre,BVC-001,525,2026-04-21 19:46:07.941,,y
2372,Bonbonnière en verre + couvercle en cuivre,BVC-001,525,2026-04-21 19:46:07.941,,y
2373,Bonbonnière en verre + couvercle en cuivre,BVC-001,525,2026-04-21 19:46:07.941,,y
2374,Bonbonnière en verre + couvercle en cuivre,BVC-001,525,2026-04-21 19:46:07.941,,y
2375,Bonbonnière en verre + couvercle en cuivre,BVC-001,525,2026-04-21 19:46:07.941,,y
2376,Bonbonnière en verre + couvercle en cuivre,BVC-001,525,2026-04-21 19:46:07.941,,y
2377,Bonbonnière en verre + couvercle en cuivre,BVC-001,525,2026-04-21 19:46:07.941,,y
2378,Bonbonnière en verre + couvercle en cuivre,BVC-001,525,2026-04-21 19:46:07.941,,y
2379,Bonbonnière en verre + couvercle en cuivre,BVC-001,525,2026-04-21 19:46:07.941,,y
2380,Bonbonnière en verre + couvercle en cuivre,BVC-001,525,2026-04-21 19:46:07.941,,y
2381,Bonbonnière en verre + couvercle en cuivre,BVC-001,525,2026-04-21 19:46:07.941,,y
2382,Bonbonnière en verre + couvercle en cuivre,BVC-001,525,2026-04-21 19:46:07.941,,y
2383,Bonbonnière en verre,BV-001,525,2026-04-21 19:46:07.941,,y
2384,Bonbonnière en verre + couvercle en cuivre,BVC-001,525,2026-04-21 19:46:07.941,,y
2385,Bonbonnière en verre + couvercle en cuivre,BVC-001,525,2026-04-21 19:46:07.941,,y
2386,Bonbonnière en verre + couvercle en cuivre,BVC-001,525,2026-04-21 19:46:07.941,,y
2387,Bonbonnière en verre + couvercle en cuivre,BVC-001,525,2026-04-21 19:46:07.941,,y
2388,Bonbonnière en verre + couvercle en cuivre,BVC-001,525,2026-04-21 19:46:07.941,,y
2389,Bonbonnière en verre + couvercle en cuivre,BVC-001,525,2026-04-21 19:46:07.941,,y
2390,Bonbonnière en verre + couvercle en cuivre,BVC-001,525,2026-04-21 19:46:07.941,,y
2391,Bonbonnière en verre + couvercle en cuivre,BVC-001,525,2026-04-21 19:46:07.941,,y
2392,Bonbonnière en verre + couvercle en cuivre,BVC-001,525,2026-04-21 19:46:07.941,,y
2393,Bonbonnière en verre + couvercle en cuivre,BVC-001,525,2026-04-21 19:46:07.941,,y
2394,Coffret Mathred + Lance Parfum + Chapelet,CMM,525,2026-04-21 19:46:07.941,,y
2395,Stylos LilasDream,STL,525,2026-04-21 19:46:07.941,,y
2396,Photophore Sidi Bousaid T1,Ph-T1,525,2026-04-21 19:46:07.941,,y
2397,Photophore Sidi Bousaid T2,Ph-T2,525,2026-04-21 19:46:07.941,,y
2398,Photophore Sidi Bousaid T3,Ph-T3,525,2026-04-21 19:46:07.941,,y
2399,Photophore Sidi Bousaid T4,Ph-T4,525,2026-04-21 19:46:07.941,,y
2400,Thermos à paille,TP-001,525,2026-04-21 19:46:07.941,,y
2401,Personnalisation,Pers-1,525,2026-04-21 19:46:07.941,,y
2402,Tote Bag personnalisé,TOT-001,525,2026-04-21 19:46:07.941,,y
2403,Bonbonniére en verre craquelé + Cuivre,BVC-001,525,2026-04-21 19:46:07.941,,y
2404,Bonbonnière Verre + Cuivre 1,BON-001,525,2026-04-21 19:46:07.941,,y
2405,Bonbonnière Verre + Cuivre 2,BON-002,525,2026-04-21 19:46:07.941,,y
2406,Bonbonnière en verre + couvercle en cuivre,BVC-001,525,2026-04-21 19:46:07.941,,y
2407,Bonbonnière en verre + couvercle en cuivre,BVC-001,525,2026-04-21 19:46:07.941,,y
2408,Bonbonnière en verre + couvercle en cuivre,BVC-001,525,2026-04-21 19:46:07.941,,y
2409,Bonbonnière en verre + couvercle en cuivre,BVC-001,525,2026-04-21 19:46:07.941,,y
2410,Bonbonnière en verre + couvercle en cuivre,BVC-001,525,2026-04-21 19:46:07.941,,y
2411,Bonbonnière en verre,BV-001,525,2026-04-21 19:46:07.941,,y
2412,Bonbonnière en verre + couvercle en cuivre,BVC-001,525,2026-04-21 19:46:07.941,,y
2413,Bonbonnière en verre,BV-001,525,2026-04-21 19:46:07.941,,y
2414,Bonbonnière en verre + couvercle en cuivre,BVC-001,525,2026-04-21 19:46:07.941,,y
2415,Bonbonnière en verre + couvercle en cuivre,BVC-001,525,2026-04-21 19:46:07.941,,y
2416,Bonbonnière en verre + couvercle en cuivre,BVC-001,525,2026-04-21 19:46:07.941,,y
2417,Bonbonnière en verre + couvercle en cuivre,BVC-001,525,2026-04-21 19:46:07.941,,y
2418,Bonbonnière en verre + couvercle en cuivre,BVC-001,525,2026-04-21 19:46:07.941,,y
2419,Bonbonnière en verre + couvercle en cuivre,BVC-001,525,2026-04-21 19:46:07.941,,y
2420,Bonbonnière en verre + couvercle en cuivre,BVC-001,525,2026-04-21 19:46:07.941,,y
2421,Bonbonnière en verre + couvercle en cuivre,BVC-001,525,2026-04-21 19:46:07.941,,y
2422,Bonbonnière en verre + couvercle en cuivre,BVC-001,525,2026-04-21 19:46:07.941,,y
2423,Bonbonnière en verre + couvercle en cuivre,BVC-001,525,2026-04-21 19:46:07.941,,y
2424,Bonbonnière en verre + couvercle en cuivre,BVC-001,525,2026-04-21 19:46:07.941,,y
2425,Bonbonnière en verre + couvercle en cuivre,BVC-001,525,2026-04-21 19:46:07.941,,y
2426,Bonbonnière en verre + couvercle en cuivre,BVC-001,525,2026-04-21 19:46:07.941,,y
2427,Bonbonnière en verre + couvercle en cuivre,BVC-001,525,2026-04-21 19:46:07.941,,y
2428,Bonbonnière en verre + couvercle en cuivre,BVC-001,525,2026-04-21 19:46:07.941,,y
2429,Bonbonnière en verre + couvercle en cuivre,BVC-001,525,2026-04-21 19:46:07.941,,y
2430,Bonbonnière en verre + couvercle en cuivre,BVC-001,525,2026-04-21 19:46:07.941,,y
2431,Bonbonnière en verre,BV-001,525,2026-04-21 19:46:07.941,,y
2432,Bonbonnière en verre + couvercle en cuivre,BVC-001,525,2026-04-21 19:46:07.941,,y
2433,Bonbonnière en verre + couvercle en cuivre,BVC-001,525,2026-04-21 19:46:07.941,,y
2434,Bonbonnière en verre + couvercle en cuivre,BVC-001,525,2026-04-21 19:46:07.941,,y
2435,Bonbonnière en verre + couvercle en cuivre,BVC-001,525,2026-04-21 19:46:07.941,,y
2436,Bonbonnière en verre + couvercle en cuivre,BVC-001,525,2026-04-21 19:46:07.941,,y
2437,Bonbonnière en verre + couvercle en cuivre,BVC-001,525,2026-04-21 19:46:07.941,,y
2438,Bonbonnière en verre + couvercle en cuivre,BVC-001,525,2026-04-21 19:46:07.941,,y
2439,Bonbonnière en verre + couvercle en cuivre,BVC-001,525,2026-04-21 19:46:07.941,,y
2440,Bonbonnière en verre + couvercle en cuivre,BVC-001,525,2026-04-21 19:46:07.941,,y
2441,Bonbonnière en verre + couvercle en cuivre,BVC-001,525,2026-04-21 19:46:07.941,,y
2442,Coffret Mathred + Lance Parfum + Chapelet,CMM,525,2026-04-21 19:46:07.941,,y
2443,Stylos LilasDream,STL,525,2026-04-21 19:46:07.941,,y
2444,Photophore Sidi Bousaid T1,Ph-T1,525,2026-04-21 19:46:07.941,,y
2445,Photophore Sidi Bousaid T2,Ph-T2,525,2026-04-21 19:46:07.941,,y
2446,Photophore Sidi Bousaid T3,Ph-T3,525,2026-04-21 19:46:07.941,,y
2447,Photophore Sidi Bousaid T4,Ph-T4,525,2026-04-21 19:46:07.941,,y
2448,Trio Bougies Sidi Bousaid,TB-01,525,2026-04-21 19:46:07.941,,y
2449,Thermos à paille,TP-001,525,2026-04-21 19:46:07.941,,y
2450,Personnalisation,Pers-1,525,2026-04-21 19:46:07.941,,y
2451,Tote Bag personnalisé,TOT-001,525,2026-04-21 19:46:07.941,,y
2452,Bonbonniére en verre craquelé + Cuivre,BVC-001,525,2026-04-21 19:46:07.942,,y
2453,Bonbonnière Verre + Cuivre 1,BON-001,525,2026-04-21 19:46:07.942,,y
2454,Bonbonnière Verre + Cuivre 2,BON-002,525,2026-04-21 19:46:07.942,,y
2455,Lunch Box,LB,525,2026-04-21 19:46:07.942,,y
2456,Bourse Lunch Box,BLB,525,2026-04-21 19:46:07.942,,y
2457,Personnalisation Lunch Box,PLB,525,2026-04-21 19:46:07.942,,y
2458,Personnalisation Bourse,PBLB,525,2026-04-21 19:46:07.942,,y
2459,Papier Craft 15*10 personnalisé,PCP,525,2026-04-21 19:46:07.942,,y
2460,Thermos à paille,TP-001,525,2026-04-21 19:46:07.942,,y
2461,Personnalisation 1,Pers-1,525,2026-04-21 19:46:07.942,,y
2462,Tote Bag,TOT-001,525,2026-04-21 19:46:07.942,,y
2463,Personnalisation 2,Pers-2,525,2026-04-21 19:46:07.942,,y
2464,Thermos à paille,TP-001,525,2026-04-21 19:46:07.942,,y
2465,Personnalisation 1,Pers-1,525,2026-04-21 19:46:07.942,,y
2466,Tote Bag,TOT-001,525,2026-04-21 19:46:07.942,,y
2467,Thermos à paille,TP-001,525,2026-04-21 19:46:07.942,,y
2468,Personnalisation,Pers-1,525,2026-04-21 19:46:07.942,,y
2469,Tote bag personnalisé,TOT-001,525,2026-04-21 19:46:07.942,,y
2470,Coffret Mathred + Lance-Parfum + Chapelet,CMM,525,2026-04-21 19:46:07.942,,y
2471,QR code,QR-001,525,2026-04-21 19:46:07.942,,y
2472,QR code,QR,525,2026-04-21 19:46:07.942,,y
2473,Bonbonniére en verre craquelé + couvercle en cuivre,BVC-001,525,2026-04-21 19:46:07.942,,y
2474,Frais de Livraison,LIV,525,2026-04-21 19:46:07.942,,y
2475,Elémént de bureau en Bois,EB-001,525,2026-04-21 19:46:07.942,,y
2476,Bonbonnière en verre craquelé+ couvercle en cuivre,BVC-001,525,2026-04-21 19:46:07.942,,y
2477,Saphir Majesté,SM-001,525,2026-04-21 19:46:07.942,,y
2478,Azur Impérial,AI-001,525,2026-04-21 19:46:07.942,,y
2479,Impérial d'or,IMP-001,525,2026-04-21 19:46:07.942,,y
2480,Packaging & personnalisation,Pers,525,2026-04-21 19:46:07.942,,y
2481,Coffret en bois personnalisé,CP-01,525,2026-04-21 19:46:07.942,,y
2482,Bon d'achat 100 DT,BA,525,2026-04-21 19:46:07.942,,y
2483,Support PC en Bois personnalisé,SBP,525,2026-04-21 19:46:07.942,,y
2484,Lunch Box + Bourse personnalisé,LB,525,2026-04-21 19:46:07.942,,y
2485,Coffret Diffuseur 100 ml,DA1,525,2026-04-21 19:46:07.942,,y
2486,Coffret Diffuseur 50 ml,DA2,525,2026-04-21 19:46:07.942,,y
2487,Bonbonniére Saphir Majesté,BON-001,525,2026-04-21 19:46:07.942,,y
2488,Coffret,CO-001,525,2026-04-21 19:46:07.942,,y
2489,Personnalisation + carte de vœux,Pers,525,2026-04-21 19:46:07.942,,y
2490,Porte clé,PC-002,525,2026-04-21 19:46:07.942,,y
2491,Stylos,SS-002,525,2026-04-21 19:46:07.942,,y
2492,Personnalisation,PERS,525,2026-04-21 19:46:07.942,,y
2493,Porte clé,PC-002,525,2026-04-21 19:46:07.942,,y
2494,Stylos,SS-002,525,2026-04-21 19:46:07.942,,y
2495,Personnalisation,PERS,525,2026-04-21 19:46:07.942,,y
2496,Stylo Blanc 1,SB-01,525,2026-04-21 19:46:07.942,,y
2497,Personnalisation,Pers,525,2026-04-21 19:46:07.942,,y
2498,Support PC en Bois + Bloc notes en bois Personnalisé,SPC,525,2026-04-21 19:46:07.942,,y
2499,Lunch box personnalisé,LB,525,2026-04-21 19:46:07.942,,y
2500,Bourse Lunch box personnalisé,BLB,525,2026-04-21 19:46:07.942,,y
2501,Support PC en Bois Type 2,SPC,525,2026-04-21 19:46:07.942,,y
2502,Lunch Box,LB2,525,2026-04-21 19:46:07.942,,y
2503,Calendrier Perpétuel,CP1,525,2026-04-21 19:46:07.942,,y
2504,Jeu Tic-Tac-Toe,JTTT,525,2026-04-21 19:46:07.942,,y
2505,Lunch Box,LB,525,2026-04-21 19:46:07.942,,y
2506,Bourse Lunch Box,BLB,525,2026-04-21 19:46:07.942,,y
2507,Personnalisation Lunch Box,PLB,525,2026-04-21 19:46:07.942,,y
2508,Personnalisation Bourse,PBLB,525,2026-04-21 19:46:07.942,,y
2509,Bonbonnière en verre craquelé+ couvercle en cuivre,BVC-001,525,2026-04-21 19:46:07.942,,y
2510,Livraison,LIV,525,2026-04-21 19:46:07.942,,y
2511,Bonbonnière en verre craquelé + Couvercle en cuivre,BVC-001,525,2026-04-21 19:46:07.942,,y
2512,Livraison,LIV,525,2026-04-21 19:46:07.942,,y
2513,Bonbonnière en verre craquelé + Couvercle en cuivre,BVC-001,525,2026-04-21 19:46:07.942,,y
2514,Livraison,LIV,525,2026-04-21 19:46:07.942,,y
2515,Bonbonnière en verre craquelé + Couvercle en cuivre,BVC-001,525,2026-04-21 19:46:07.942,,y
2516,Saphir Majesté,SM-001,525,2026-04-21 19:46:07.942,,y
2517,Azur Impérial,AI-001,525,2026-04-21 19:46:07.942,,y
2518,Impérial d'or,IMP-001,525,2026-04-21 19:46:07.942,,y
2519,Packaging & personnalisation,Pers,525,2026-04-21 19:46:07.943,,y
2520,Coffret Personnalisé,Pac-002,525,2026-04-21 19:46:07.943,,y
2521,Saphir Majesté,SM-001,525,2026-04-21 19:46:07.943,,y
2522,Azur Impérial,AI-001,525,2026-04-21 19:46:07.943,,y
2523,Impérial d'or,IMP-001,525,2026-04-21 19:46:07.943,,y
2524,Packaging & personnalisation,Pers,525,2026-04-21 19:46:07.943,,y
2525,Action Vérité Bitounsi + 108 Extra Cartes - Jeu D'ambiance,SS-AV-002,525,2026-04-21 19:46:07.943,,y
2526,Jeu De Mimes - ميم بالتونسي - Jeu D'ambiance,SS-MT-01,525,2026-04-21 19:46:07.943,,y
2527,L'archive - لرشيف,JA-001-ACH,525,2026-04-21 19:46:07.943,,y
2528,TALA3 BITOUNSI - طلّع بالتونسي,SS-TT-001,525,2026-04-21 19:46:07.943,,y
2529,Bon d'achat de 100 DT,BA,525,2026-04-21 19:46:07.943,,y
2530,Stylo LilasDream,ST,525,2026-04-21 19:46:07.943,,y
2531,Bonbonnière Verre + Cuivre 1,BON-001,525,2026-04-21 19:46:07.943,,y
2532,Bonbonnière Verre + Cuivre 2,BON-002,525,2026-04-21 19:46:07.943,,y
2533,S1 : 3 Postes,-,525,2026-04-21 19:46:07.943,,y
2534,S2 : 4 Postes,-,525,2026-04-21 19:46:07.943,,y
2535,S3 : 3 Postes + 2 vinyles,-,525,2026-04-21 19:46:07.943,,y
2536,S4 : 5 Postes,-,525,2026-04-21 19:46:07.943,,y
2537,S1 : 4 postes + 1 Vinyle,-,525,2026-04-21 19:46:07.943,,y
2538,S2 : 3 postes,-,525,2026-04-21 19:46:07.943,,y
2539,S3 : 4 postes,-,525,2026-04-21 19:46:07.943,,y
2540,S4 : 6 postes,-,525,2026-04-21 19:46:07.943,,y
2541,4 Postes,S1,525,2026-04-21 19:46:07.943,,y
2542,5 Postes,S2,525,2026-04-21 19:46:07.943,,y
2543,4 Postes,S3,525,2026-04-21 19:46:07.943,,y
2544,4 Postes,S4,525,2026-04-21 19:46:07.943,,y
2545,TL1,TL1,525,2026-04-21 19:46:07.943,,y
2546,TL2,TL2,525,2026-04-21 19:46:07.943,,y
2547,4 Postes,S1,525,2026-04-21 19:46:07.943,,y
2548,5 Postes,S2,525,2026-04-21 19:46:07.943,,y
2549,4 Postes,S3,525,2026-04-21 19:46:07.943,,y
2550,4 Postes,S1,525,2026-04-21 19:46:07.943,,y
2551,4 Postes,S2,525,2026-04-21 19:46:07.943,,y
2552,4 Postes,S3,525,2026-04-21 19:46:07.943,,y
2553,4 Postes,S4,525,2026-04-21 19:46:07.943,,y
2554,adaptation couverture,S4,525,2026-04-21 19:46:07.943,,y
2555,S1 : 4 postes,S1,525,2026-04-21 19:46:07.943,,y
2556,S2 : 4 postes,S2,525,2026-04-21 19:46:07.943,,y
2557,S3 : 3 postes,S3,525,2026-04-21 19:46:07.943,,y
2558,3 postes,S1,525,2026-04-21 19:46:07.943,,y
2559,4 postes,S2,525,2026-04-21 19:46:07.943,,y
2560,4 postes,S3,525,2026-04-21 19:46:07.943,,y
2561,4 postes,S4,525,2026-04-21 19:46:07.943,,y
2562,3 postes,OP,525,2026-04-21 19:46:07.943,,y
2563,Habillage,H,525,2026-04-21 19:46:07.943,,y
2564,3 postes,S1,525,2026-04-21 19:46:07.943,,y
2565,Stickers,ST,525,2026-04-21 19:46:07.943,,y
2566,3 postes,S1,525,2026-04-21 19:46:07.943,,y
2567,2 postes,S2,525,2026-04-21 19:46:07.943,,y
2568,3 bannières,S2,525,2026-04-21 19:46:07.943,,y
2569,2 postes,S3,525,2026-04-21 19:46:07.943,,y
2570,1 bannière,S3,525,2026-04-21 19:46:07.943,,y
2571,4 postes,S1,525,2026-04-21 19:46:07.943,,y
2572,2 postes,S2,525,2026-04-21 19:46:07.943,,y
2573,4 postes,S3,525,2026-04-21 19:46:07.943,,y
2574,2 postes,S1,525,2026-04-21 19:46:07.943,,y
2575,4 postes,S2,525,2026-04-21 19:46:07.943,,y
2576,4 postes,S3,525,2026-04-21 19:46:07.943,,y
2577,Evenement Flyer,ET,525,2026-04-21 19:46:07.943,,y
2578,Evenement mur,ET,525,2026-04-21 19:46:07.943,,y
2579,Evenement certificat,ET,525,2026-04-21 19:46:07.943,,y
2580,Evenement invitation,ET,525,2026-04-21 19:46:07.943,,y
2581,4 postes,S1,525,2026-04-21 19:46:07.943,,y
2582,3 postes,S2,525,2026-04-21 19:46:07.943,,y
2583,4 Postes,S1-10,525,2026-04-21 19:46:07.943,,y
2584,3 Postes,S1-11,525,2026-04-21 19:46:07.943,,y
2585,4 Postes,S2-11,525,2026-04-21 19:46:07.943,,y
2586,Photophore Sidi Bousaid T1,Ph-T1,525,2026-04-21 19:46:07.943,,y
2587,Photophore Sidi Bousaid T2,Ph-T2,525,2026-04-21 19:46:07.943,,y
2588,Photophore Sidi Bousaid T3,Ph-T3,525,2026-04-21 19:46:07.943,,y
2589,Photophore Sidi Bousaid T4,Ph-T4,525,2026-04-21 19:46:07.943,,y
2590,Trio Bougies Sidi Bousaid,TB-01,525,2026-04-21 19:46:07.943,,y
2591,TL1,TL1,525,2026-04-21 19:46:07.943,,y
2592,TL2,TL2,525,2026-04-21 19:46:07.943,,y
2593,3 Postes,S1,525,2026-04-21 19:46:07.943,,y
2594,2 Postes,S2,525,2026-04-21 19:46:07.943,,y
2595,2 Postes,S1,525,2026-04-21 19:46:07.943,,y
2596,3 Postes,S2,525,2026-04-21 19:46:07.943,,y
2597,2 Postes,S3,525,2026-04-21 19:46:07.943,,y
2598,S1 : 3 postes,S1,525,2026-04-21 19:46:07.943,,y
2599,S2 : 2 postes,S2,525,2026-04-21 19:46:07.943,,y
2600,S3 : 3 postes,S3,525,2026-04-21 19:46:07.943,,y
2601,2 postes,S1,525,2026-04-21 19:46:07.943,,y
2602,3 postes,S2,525,2026-04-21 19:46:07.943,,y
2603,4 postes,S3,525,2026-04-21 19:46:07.943,,y
2604,Adaptation couverture,AC,525,2026-04-21 19:46:07.943,,y
2605,4 postes,S1,525,2026-04-21 19:46:07.943,,y
2606,3 postes,S2,525,2026-04-21 19:46:07.943,,y
2607,3 postes,S1,525,2026-04-21 19:46:07.943,,y
2608,3 postes,S2,525,2026-04-21 19:46:07.943,,y
2609,1 postes,S1,525,2026-04-21 19:46:07.943,,y
2610,4 postes,S1,525,2026-04-21 19:46:07.943,,y
2611,3 postes,S1,525,2026-04-21 19:46:07.944,,y
2612,3 Postes,S1-10,525,2026-04-21 19:46:07.944,,y
2613,Bonbonniére en verre craquelé + Cuivre,BVC-001,525,2026-04-21 19:46:07.944,,y
2614,Livraison,LIV,525,2026-04-21 19:46:07.944,,y
2615,Logo + Charte Graphique,LCG1,525,2026-04-21 19:46:07.944,,y
2616,Lunch Box,LB,525,2026-04-21 19:46:07.944,,y
2617,Bourse Lunch Box,BLB,525,2026-04-21 19:46:07.944,,y
2618,Personnalisation Lunch Box,PLB,525,2026-04-21 19:46:07.944,,y
2619,Personnalisation Bourse Lunch Box,PBLB,525,2026-04-21 19:46:07.944,,y
2620,Papier Craft 15*10 personnalisé,PCP,525,2026-04-21 19:46:07.944,,y
2621,Thermos à paille,TP-001,525,2026-04-21 19:46:07.944,,y
2622,Personnalisation,Pers-1,525,2026-04-21 19:46:07.944,,y
2623,Tote Bag personnalisé,TOT-001,525,2026-04-21 19:46:07.944,,y
2624,Coffret Mathred + Lance Parfum + Chapelet,CMM,525,2026-04-21 19:46:07.944,,y
2625,Coffret Mathred + Lance Parfum + Chapelet,CMM,525,2026-04-21 19:46:07.944,,y
2626,Coffret mathred + lance parfum,CMM,525,2026-04-21 19:46:07.944,,y
2627,QR Code,QR,525,2026-04-21 19:46:07.944,,y
2628,QR Code,QR,525,2026-04-21 19:46:07.944,,y
2629,Bonbonnières en verre soufflé & cuivre martelé - Transparent,BON-VS-TR,525,2026-04-21 19:46:07.944,,y
2630,Ensemble de vases en céramique avec motifs berbères - Gris,TVC-003-RL,525,2026-04-21 19:46:07.944,,y
2631,Action Vérité Bitounsi + 108 Extra Cartes - Jeu D'ambiance,SS-AV-002,525,2026-04-21 19:46:07.944,,y
2632,Jeu De Mimes - ميم بالتونسي - Jeu D'ambiance,SS-MT-01,525,2026-04-21 19:46:07.944,,y
2633,"Set ""Duo Envoûtant"" – Mug et Plateau en Céramique",PDE-001-KER,525,2026-04-21 19:46:07.944,,y
2634,"Carafe et 6 Gobelets ""Olivéa"" en Grès – Élégance Naturelle et Authentique",CGO-001-2M,525,2026-04-21 19:46:07.944,,y
2635,"Carafe et 6 Gobelets ""Olivéa"" en Grès – Élégance Naturelle et Authentique",CGO-001-2M,525,2026-04-21 19:46:07.944,,y
2636,Bonbonnières en verre soufflé & cuivre martelé - Transparent,BON-VS-TR,525,2026-04-21 19:46:07.944,,y
2637,Collection Émotion – Tasses & Soucoupes Artisanales - Fleurs Ciel,TSC-ART-001-CL,525,2026-04-21 19:46:07.944,,y
2638,Mug Bohème en céramique artisanale – Avec sous-tasse - Cœurs Rouges,MUG-BOH-CR,525,2026-04-21 19:46:07.944,,y
2639,Mug Bohème en céramique artisanale – Avec sous-tasse - Fleurs Orange,MUG-BOH-FO,525,2026-04-21 19:46:07.944,,y
2640,Mug Bohème en céramique artisanale – Avec sous-tasse - Fleurs Bleues,MUG-BOH-FB,525,2026-04-21 19:46:07.944,,y
2641,Bonbonnières en verre soufflé & cuivre martelé - Ebène,BON-VS-EB,525,2026-04-21 19:46:07.944,,y
2642,Mug Bohème en céramique artisanale – Avec sous-tasse - Fleurs Multicolores,MUG-BOH-FM,525,2026-04-21 19:46:07.944,,y
2643,Jeu De Mimes - ميم بالتونسي - Jeu D'ambiance,SS-MT-01,525,2026-04-21 19:46:07.944,,y
2644,"Set ""Olivéa"" en Grès - 12 pièces",CGO-001-2M-12,525,2026-04-21 19:46:07.944,,y
2645,Bonbonnières en verre soufflé & cuivre martelé - Transparent,BON-VS-TR,525,2026-04-21 19:46:07.944,,y
2646,طلّع بالتونسي - TALA3 BITOUNSI,SS-TT-001,525,2026-04-21 19:46:07.944,,y
2647,Action Vérité Bitounsi + 108 Extra Cartes - Jeu D'ambiance,SS-AV-002,525,2026-04-21 19:46:07.945,,y
2648,Jeu Nes Bekri Kalou ناس بكري قالوا,NBK-001-OSL,525,2026-04-21 19:46:07.945,,y
2649,"Carafe et 6 Gobelets ""Olivéa"" en Grès – Élégance Naturelle et Authentique",CGO-001-2M,525,2026-04-21 19:46:07.945,,y
2650,"Duo de Bouteilles avec Support ""Olivéa"" en Grès – Élégance Naturelle",DBO-001-2M,525,2026-04-21 19:46:07.945,,y
2651,"Carafe et 6 Gobelets ""Olivéa"" en Grès – Élégance Naturelle et Authentique",CGO-001-2M,525,2026-04-21 19:46:07.945,,y
2652,Fouta artisanale en coton – 2m x 1m – Couleurs au choix - Vert,FOT-COT-VV,525,2026-04-21 19:46:07.945,,y
2653,"Set ""Duo Envoûtant"" – Mug et Plateau en Céramique",PDE-001-KER,525,2026-04-21 19:46:07.946,,y
2654,Bonbonnières en verre soufflé & cuivre martelé - Transparent,BON-VS-TR,525,2026-04-21 19:46:07.946,,y
2655,Coffret Flamme d’artisan - Jasmin Noir ou Silex - Silex,CFA-002-SO,525,2026-04-21 19:46:07.946,,y
2656,"Carafe et 6 Gobelets ""Olivéa"" en Grès – Élégance Naturelle et Authentique",CGO-001-2M,525,2026-04-21 19:46:07.946,,y
2657,"Carafe et 6 Gobelets ""Olivéa"" en Grès – Élégance Naturelle et Authentique",CGO-001-2M,525,2026-04-21 19:46:07.946,,y
2658,"Carafe et 6 Gobelets ""Olivéa"" en Grès – Élégance Naturelle et Authentique",CGO-001-2M,525,2026-04-21 19:46:07.946,,y
2659,Ensemble de vases en céramique avec motifs berbères - Bleu,TVC-002-RL,525,2026-04-21 19:46:07.946,,y
2660,Tote Bag Sougui - Khomssa,TOT-SO-004,525,2026-04-21 19:46:07.946,,y
2661,Collection Émotion – Tasses & Soucoupes Artisanales - Fleurs Bleues,TSC-ART-001-FB,525,2026-04-21 19:46:07.946,,y
2662,Mug Bohème en céramique artisanale – Avec sous-tasse - Cœurs Rouges,MUG-BOH-CR,525,2026-04-21 19:46:07.946,,y
2663,Couffin artisanal en fibre végétale – Anses cuir & fouta offerte,COU-CUIR-FOUTA-002,525,2026-04-21 19:46:07.946,,y
2664,Couffin artisanal en fibre végétale – Anses cuir & fouta offerte,COU-CUIR-FOUTA-002,525,2026-04-21 19:46:07.946,,y
2665,Couffin artisanal en fibre végétale – Anses cuir & fouta offerte,COU-CUIR-FOUTA-002,525,2026-04-21 19:46:07.946,,y
2666,Couffin artisanal en fibre végétale – Anses cuir & fouta offerte,COU-CUIR-FOUTA-002,525,2026-04-21 19:46:07.946,,y
2667,Plateau Mosaïque d’Olive - Motif 1,PCB-003-BF,525,2026-04-21 19:46:07.946,,y
2668,"Vide-poches décoratif en bois d’olivier peint à la main – Motifs portes tunisiennes - Vert, Carré",VPB-CO-VRT,525,2026-04-21 19:46:07.946,,y
2669,Set de 6 Verres en Verre Soufflé - Collection Didon,S6V-001-OD,525,2026-04-21 19:46:07.946,,y
2670,Bonbonnières en verre soufflé & cuivre martelé - Ebène,BON-VS-EB,525,2026-04-21 19:46:07.946,,y
2671,Mug Bohème en céramique artisanale – Avec sous-tasse - Fleurs Orange,MUG-BOH-FO,525,2026-04-21 19:46:07.946,,y
2672,Mug Bohème en céramique artisanale – Avec sous-tasse - Fleurs Bleues,MUG-BOH-FB,525,2026-04-21 19:46:07.946,,y
2673,Collection Émotion – Tasses & Soucoupes Artisanales - Love & Cœurs Rouges,TSC-ART-001-LOV,525,2026-04-21 19:46:07.946,,y
2674,Sous plat “Rosace Azur” – Céramique décorative orientale,SPR-004-RL,525,2026-04-21 19:46:07.946,,y
2675,Mug Bohème en céramique artisanale – Avec sous-tasse - Cœurs Rouges,MUG-BOH-CR,525,2026-04-21 19:46:07.946,,y
2676,Fouta artisanale en coton – 2m x 1m – Couleurs au choix - Vert,FOT-COT-VV,525,2026-04-21 19:46:07.946,,y
2677,Coffret Flamme d’artisan - Jasmin Noir ou Silex - Silex,CFA-002-SO,525,2026-04-21 19:46:07.946,,y
2678,Bouteille en Céramique – Motifs Ottomans Peints à la Main (75 cl),BCO-001-RL,525,2026-04-21 19:46:07.946,,y
2679,Jeu De Mimes - ميم بالتونسي - Jeu D'ambiance,SS-MT-01,525,2026-04-21 19:46:07.946,,y
2680,Bouteille en Céramique – Motifs Ottomans Peints à la Main (75 cl),BCO-001-RL,525,2026-04-21 19:46:07.946,,y
2681,Fouta artisanale en coton – 2m x 1m – Couleurs au choix - Violet,FOT-COT-VG,525,2026-04-21 19:46:07.946,,y
2682,Coffret Flamme d’artisan - Jasmin Noir ou Silex - Silex,CFA-002-SO,525,2026-04-21 19:46:07.946,,y
2683,"Carafe Tanit – Élégance en Verre Soufflé - Bleu, Premium",CTB-006,525,2026-04-21 19:46:07.946,,y
2684,Action Vérité Bitounsi - Jeu D'ambiance,SS-AV-001,525,2026-04-21 19:46:07.946,,y
2685,طلّع بالتونسي - TALA3 BITOUNSI,SS-TT-001,525,2026-04-21 19:46:07.946,,y
2686,Jeu Nes Bekri Kalou ناس بكري قالوا,NBK-001-OSL,525,2026-04-21 19:46:07.946,,y
2687,"Set ""Duo Envoûtant"" – Mug et Plateau en Céramique",PDE-001-KER,525,2026-04-21 19:46:07.946,,y
2688,Coffret Flamme d’artisan - Jasmin Noir ou Silex - Silex,CFA-002-SO,525,2026-04-21 19:46:07.946,,y
2689,"Set ""Duo Envoûtant"" – Mug et Plateau en Céramique",PDE-001-KER,525,2026-04-21 19:46:07.946,,y
2690,Coffret Flamme d’artisan - Jasmin Noir ou Silex - Silex,CFA-002-SO,525,2026-04-21 19:46:07.946,,y
2691,Couffin artisanal en fibre végétale – Anses cuir & fouta offerte,COU-CUIR-FOUTA-002,525,2026-04-21 19:46:07.946,,y
2692,Couffin artisanal en fibre végétale – Anses cuir & fouta offerte,COU-CUIR-FOUTA-002,525,2026-04-21 19:46:07.946,,y
2693,"Carafe et 6 Gobelets ""Olivéa"" en Grès – Élégance Naturelle et Authentique",CGO-001-2M,525,2026-04-21 19:46:07.946,,y
2694,طلّع بالتونسي - TALA3 BITOUNSI,SS-TT-001,525,2026-04-21 19:46:07.946,,y
2695,Action Vérité Bitounsi - Jeu D'ambiance,SS-AV-001,525,2026-04-21 19:46:07.946,,y
2696,Coffret Flamme d’artisan - Jasmin Noir ou Silex - Silex,CFA-002-SO,525,2026-04-21 19:46:07.946,,y
2697,Bonbonnières en verre soufflé & cuivre martelé - Miel,BON-VS-ML,525,2026-04-21 19:46:07.946,,y
2698,"Carafe en Verre Soufflé - Didon - Solo, Marron",CVD-001-CH-1,525,2026-04-21 19:46:07.946,,y
2699,Bougeoirs Ethniques en Céramique - Gris,TBC-003-RL,525,2026-04-21 19:46:07.946,,y
2700,Couffin artisanal en fibre végétale – Anses cuir & fouta offerte,COU-CUIR-FOUTA-002,525,2026-04-21 19:46:07.946,,y
2701,"Set ""Duo Envoûtant"" – Mug et Plateau en Céramique",PDE-001-KER,525,2026-04-21 19:46:07.946,,y
2702,Collection Émotion – Tasses & Soucoupes Artisanales - Fleurs Ciel,TSC-ART-001-CL,525,2026-04-21 19:46:07.946,,y
2703,Mug Bohème en céramique artisanale – Avec sous-tasse - Cœurs Rouges,MUG-BOH-CR,525,2026-04-21 19:46:07.946,,y
2704,Mug Bohème en céramique artisanale – Avec sous-tasse - Fleurs Multicolores,MUG-BOH-FM,525,2026-04-21 19:46:07.946,,y
2705,Mug Bohème en céramique artisanale – Avec sous-tasse - Fleurs Bleues,MUG-BOH-FB,525,2026-04-21 19:46:07.946,,y
2706,Mug Bohème en céramique artisanale – Avec sous-tasse - Fleurs Orange,MUG-BOH-FO,525,2026-04-21 19:46:07.946,,y
2707,Plateau Mosaïque d’Olive - Motif 1,PCB-003-BF,525,2026-04-21 19:46:07.946,,y
2708,Mug Bohème en céramique artisanale – Avec sous-tasse - Fleurs Multicolores,MUG-BOH-FM,525,2026-04-21 19:46:07.946,,y
2709,Coffret Flamme d’artisan - Jasmin Noir ou Silex - Silex,CFA-002-SO,525,2026-04-21 19:46:07.946,,y
2710,Fouta artisanale en coton – 2m x 1m – Couleurs au choix - Rose,FOT-COT-RG,525,2026-04-21 19:46:07.946,,y
2711,Fouta artisanale en coton – 2m x 1m – Couleurs au choix - Vert,FOT-COT-VV,525,2026-04-21 19:46:07.946,,y
2712,Couffin artisanal en fibre végétale – Elyssa - Cuir marron,COU-CUIR-003,525,2026-04-21 19:46:07.946,,y
2713,Coffret Flamme d’artisan - Jasmin Noir ou Silex - Silex,CFA-002-SO,525,2026-04-21 19:46:07.946,,y
2714,"Duo de Bouteilles avec Support ""Olivéa"" en Grès – Élégance Naturelle",DBO-001-2M,525,2026-04-21 19:46:07.946,,y
2715,Mug Bohème en céramique artisanale – Avec sous-tasse - Fleurs Multicolores,MUG-BOH-FM,525,2026-04-21 19:46:07.946,,y
2716,Action Vérité Bitounsi + 108 Extra Cartes - Jeu D'ambiance,SS-AV-002,525,2026-04-21 19:46:07.946,,y
2717,Mug Bohème en céramique artisanale – Avec sous-tasse - Fleurs Multicolores,MUG-BOH-FM,525,2026-04-21 19:46:07.946,,y
2718,Couffin artisanal en fibre végétale – Elyssa - Cuir marron,COU-CUIR-003,525,2026-04-21 19:46:07.946,,y
2719,Coffret Flamme d’artisan - Jasmin Noir ou Silex - Silex,CFA-002-SO,525,2026-04-21 19:46:07.946,,y
2720,Mug Bohème en céramique artisanale – Avec sous-tasse - Cœurs Rouges,MUG-BOH-CR,525,2026-04-21 19:46:07.946,,y
2721,Mug Bohème en céramique artisanale – Avec sous-tasse - Fleurs Multicolores,MUG-BOH-FM,525,2026-04-21 19:46:07.946,,y
2722,Coffret Flamme d’artisan - Jasmin Noir ou Silex - Silex,CFA-002-SO,525,2026-04-21 19:46:07.946,,y
2723,Bonbonnières en verre soufflé & cuivre martelé - Transparent,BON-VS-TR,525,2026-04-21 19:46:07.946,,y
2724,Coffret Flamme d’artisan - Jasmin Noir ou Silex - Silex,CFA-002-SO,525,2026-04-21 19:46:07.946,,y
2725,Échiquier en Bois d'Olivier – Pièce d’Artisanat Élégante,JEB-BF,525,2026-04-21 19:46:07.946,,y
2726,Couffin artisanal en fibre végétale – Anses cuir & fouta offerte,COU-CUIR-FOUTA-002,525,2026-04-21 19:46:07.946,,y
2727,Couffin artisanal en fibre végétale – Anses cuir & fouta offerte,COU-CUIR-FOUTA-002,525,2026-04-21 19:46:07.946,,y
2728,"Carafe et 6 Gobelets ""Olivéa"" en Grès – Élégance Naturelle et Authentique",CGO-001-2M,525,2026-04-21 19:46:07.946,,y
2729,"Carafe et 6 Gobelets ""Olivéa"" en Grès – Élégance Naturelle et Authentique",CGO-001-2M,525,2026-04-21 19:46:07.946,,y
2730,"Set ""Duo Envoûtant"" – Mug et Plateau en Céramique",PDE-001-KER,525,2026-04-21 19:46:07.946,,y
2731,Mug Bohème en céramique artisanale – Avec sous-tasse - Fleurs Multicolores,MUG-BOH-FM,525,2026-04-21 19:46:07.946,,y
2732,Couffin artisanal en fibre végétale – Anses cuir & fouta offerte,COU-CUIR-FOUTA-002,525,2026-04-21 19:46:07.946,,y
2733,Mug Bohème en céramique artisanale – Avec sous-tasse - Cœurs Rouges,MUG-BOH-CR,525,2026-04-21 19:46:07.946,,y
2734,Couffin artisanal en fibre végétale – Elyssa - Cuir beige,COU-CUIR-004,525,2026-04-21 19:46:07.946,,y
2735,"Carafe et 6 Gobelets ""Olivéa"" en Grès – Élégance Naturelle et Authentique",CGO-001-2M,525,2026-04-21 19:46:07.946,,y
2736,Couffin artisanal en fibre végétale – Elyssa,COU-CUIR-003,525,2026-04-21 19:46:07.946,,y
2737,Couffin artisanal en fibre végétale – Anses cuir & fouta offerte,COU-CUIR-FOUTA-002,525,2026-04-21 19:46:07.946,,y
2738,Bonbonnières en verre soufflé & cuivre martelé - Miel,BON-VS-ML,525,2026-04-21 19:46:07.946,,y
2739,Fouta artisanale en coton – 2m x 1m – Couleurs au choix - Vert,FOT-COT-VV,525,2026-04-21 19:46:07.946,,y
2740,Collection Émotion – Tasses & Soucoupes Artisanales - Fleurs rouge,TSC-ART-001-RG,525,2026-04-21 19:46:07.946,,y
2741,Bonbonnières en verre soufflé & cuivre martelé - Ebène,BON-VS-EB,525,2026-04-21 19:46:07.946,,y
2742,Coffret Flamme d’artisan - Jasmin Noir ou Silex - Silex,CFA-002-SO,525,2026-04-21 19:46:07.946,,y
2743,Bouteille en céramique - Calligraphie arabe Bleue - Oreille,BCL-007-RL,525,2026-04-21 19:46:07.946,,y
2744,Couffin artisanal en fibre végétale – Elyssa - Cuir marron,COU-CUIR-003,525,2026-04-21 19:46:07.946,,y
2745,Ensemble de vases en céramique avec motifs berbères - Gris,TVC-003-RL,525,2026-04-21 19:46:07.946,,y
2746,Bonbonnières en verre soufflé & cuivre martelé - Ebène,BON-VS-EB,525,2026-04-21 19:46:07.946,,y
2747,Mug Bohème en céramique artisanale – Avec sous-tasse - Cœurs Rouges,MUG-BOH-CR,525,2026-04-21 19:46:07.946,,y
2748,Bouteille en Céramique – Motifs Ottomans Peints à la Main (75 cl),BCO-001-RL,525,2026-04-21 19:46:07.946,,y
2749,Vase en céramique avec motifs de poissons colorés- Samak,VC-001-RL,525,2026-04-21 19:46:07.946,,y
2750,Jeu Nes Bekri Kalou ناس بكري قالوا,NBK-001-OSL,525,2026-04-21 19:46:07.946,,y
2751,"Set ""Duo Envoûtant"" – Mug et Plateau en Céramique",PDE-001-KER,525,2026-04-21 19:46:07.946,,y
2752,Collection Émotion – Tasses & Soucoupes Artisanales - Fleurs Bleues,TSC-ART-001-FB,525,2026-04-21 19:46:07.946,,y
2753,Collection Émotion – Tasses & Soucoupes Artisanales - Love & Cœurs Rouges,TSC-ART-001-LOV,525,2026-04-21 19:46:07.946,,y
2754,"Duo de Bouteilles avec Support ""Olivéa"" en Grès – Élégance Naturelle",DBO-001-2M,525,2026-04-21 19:46:07.946,,y
2755,"Carafe et 6 Gobelets ""Olivéa"" en Grès – Élégance Naturelle et Authentique",CGO-001-2M,525,2026-04-21 19:46:07.946,,y
2756,Échiquier en Bois d'Olivier – Pièce d’Artisanat Élégante,JEB-BF,525,2026-04-21 19:46:07.946,,y
2757,Mug Bohème en céramique artisanale – Avec sous-tasse - Cœurs Rouges,MUG-BOH-CR,525,2026-04-21 19:46:07.946,,y
2758,Mug Bohème en céramique artisanale – Avec sous-tasse - Fleurs Multicolores,MUG-BOH-FM,525,2026-04-21 19:46:07.946,,y
2759,"Duo de Bouteilles avec Support ""Olivéa"" en Grès – Élégance Naturelle",DBO-001-2M,525,2026-04-21 19:46:07.946,,y
2760,Bouteille en Céramique – Motifs Ottomans Peints à la Main (75 cl),BCO-001-RL,525,2026-04-21 19:46:07.946,,y
2761,Mug Bohème en céramique artisanale – Avec sous-tasse - Fleurs Bleues,MUG-BOH-FB,525,2026-04-21 19:46:07.946,,y
2762,Mug Bohème en céramique artisanale – Avec sous-tasse - Cœurs Rouges,MUG-BOH-CR,525,2026-04-21 19:46:07.946,,y
2763,"Duo de Bouteilles avec Support ""Olivéa"" en Grès – Élégance Naturelle",DBO-001-2M,525,2026-04-21 19:46:07.946,,y
2764,Bonbonnières en verre soufflé & cuivre martelé - Transparent,BON-VS-TR,525,2026-04-21 19:46:07.946,,y
2765,Coffret Flamme d’artisan - Jasmin Noir ou Silex - Silex,CFA-002-SO,525,2026-04-21 19:46:07.946,,y
2766,Mug Bohème en céramique artisanale – Avec sous-tasse - Fleurs Multicolores,MUG-BOH-FM,525,2026-04-21 19:46:07.946,,y
2767,Mug Bohème en céramique artisanale – Avec sous-tasse - Cœurs Rouges,MUG-BOH-CR,525,2026-04-21 19:46:07.946,,y
2768,"Set ""Duo Envoûtant"" – Mug et Plateau en Céramique",PDE-001-KER,525,2026-04-21 19:46:07.946,,y
2769,"Vide-poches décoratif en bois d’olivier peint à la main – Motifs portes tunisiennes - Vert, Carré",VPB-CO-VRT,525,2026-04-21 19:46:07.946,,y
2770,Action Vérité Bitounsi - Jeu D'ambiance,SS-AV-001,525,2026-04-21 19:46:07.946,,y
2771,لعبة الباندي - Jeu D’ambiance,SS-JB-001,525,2026-04-21 19:46:07.946,,y
2772,Collection Sidi Bou – Photophores artisanaux en cire parfumée - MF,SDB-PPH-MF,525,2026-04-21 19:46:07.946,,y
2773,Mug Bohème en céramique artisanale – Avec sous-tasse - Fleurs Multicolores,MUG-BOH-FM,525,2026-04-21 19:46:07.946,,y
2774,Collection Émotion – Tasses & Soucoupes Artisanales - Fleurs Roses,TSC-ART-001-FR,525,2026-04-21 19:46:07.946,,y
2775,Mug Bohème en céramique artisanale – Avec sous-tasse - Cœurs Rouges,MUG-BOH-CR,525,2026-04-21 19:46:07.946,,y
2776,"Set ""Duo Envoûtant"" – Mug et Plateau en Céramique",PDE-001-KER,525,2026-04-21 19:46:07.946,,y
2777,Mug Bohème en céramique artisanale – Avec sous-tasse - Fleurs Multicolores,MUG-BOH-FM,525,2026-04-21 19:46:07.946,,y
2778,Collection Émotion – Tasses & Soucoupes Artisanales - Fleurs Roses,TSC-ART-001-FR,525,2026-04-21 19:46:07.946,,y
2779,Fouta artisanale en coton – 2m x 1m – Couleurs au choix - Rose,FOT-COT-RG,525,2026-04-21 19:46:07.946,,y
2780,"Carafe en Verre Soufflé - Didon - Solo, Marron",CVD-001-CH-1,525,2026-04-21 19:46:07.946,,y
2781,Bonbonnières en verre soufflé & cuivre martelé - Miel,BON-VS-ML,525,2026-04-21 19:46:07.946,,y
2782,Coffret Flamme d’artisan - Jasmin Noir ou Silex - Silex,CFA-002-SO,525,2026-04-21 19:46:07.946,,y
2783,Bonbonnières en verre soufflé & cuivre martelé - Miel,BON-VS-ML,525,2026-04-21 19:46:07.946,,y
2784,Bonbonnières en verre soufflé & cuivre martelé - Transparent,BON-VS-TR,525,2026-04-21 19:46:07.946,,y
2785,Mug Bohème en céramique artisanale – Avec sous-tasse - Fleurs Bleues,MUG-BOH-FB,525,2026-04-21 19:46:07.946,,y
2786,"Set ""Duo Envoûtant"" – Mug et Plateau en Céramique",PDE-001-KER,525,2026-04-21 19:46:07.946,,y
2787,Coffret Flamme d’artisan - Jasmin Noir ou Silex - Silex,CFA-002-SO,525,2026-04-21 19:46:07.946,,y
2788,Coffret Flamme d’artisan - Jasmin Noir ou Silex - Jasmin noir,CFA-001-SO,525,2026-04-21 19:46:07.946,,y
5263,Bouteille Huile d'olive GF,Bouteille_Huile_d'olive_GF,525,2026-04-21 19:46:08.017,,y
2789,"Carafe et 6 Gobelets ""Olivéa"" en Grès – Élégance Naturelle et Authentique",CGO-001-2M,525,2026-04-21 19:46:07.946,,y
2790,Jeu De Mimes - ميم بالتونسي - Jeu D'ambiance,SS-MT-01,525,2026-04-21 19:46:07.946,,y
2791,Échiquier en Bois d'Olivier – Pièce d’Artisanat Élégante,JEB-BF,525,2026-04-21 19:46:07.946,,y
2792,Mug Bohème en céramique artisanale – Avec sous-tasse - Fleurs Multicolores,MUG-BOH-FM,525,2026-04-21 19:46:07.946,,y
2793,Couffin artisanal en fibre végétale – Anses cuir & fouta offerte,COU-CUIR-FOUTA-002,525,2026-04-21 19:46:07.946,,y
2794,Fouta artisanale en coton – 2m x 1m – Couleurs au choix - Jaune,FOT-COT-YG,525,2026-04-21 19:46:07.946,,y
2795,Fouta artisanale en coton – 2m x 1m – Couleurs au choix - Vert,FOT-COT-VV,525,2026-04-21 19:46:07.946,,y
2796,Bouteille en Céramique – Motifs Ottomans Peints à la Main (75 cl),BCO-001-RL,525,2026-04-21 19:46:07.946,,y
2797,Mug Bohème en céramique artisanale – Avec sous-tasse - Fleurs Multicolores,MUG-BOH-FM,525,2026-04-21 19:46:07.946,,y
2798,Mug Bohème en céramique artisanale – Avec sous-tasse - Cœurs Rouges,MUG-BOH-CR,525,2026-04-21 19:46:07.946,,y
2799,Ensemble de vases en céramique avec motifs berbères - Rouge,TVC-001-RL,525,2026-04-21 19:46:07.946,,y
2800,Couffin artisanal en fibre végétale – Elyssa - Cuir marron,COU-CUIR-003,525,2026-04-21 19:46:07.946,,y
2801,Échiquier en Bois d'Olivier – Pièce d’Artisanat Élégante,JEB-BF,525,2026-04-21 19:46:07.946,,y
2802,Bouteille en Céramique – Motifs Ottomans Peints à la Main (75 cl),BCO-001-RL,525,2026-04-21 19:46:07.947,,y
2803,Fouta artisanale en coton – 2m x 1m – Couleurs au choix - Violet,FOT-COT-VG,525,2026-04-21 19:46:07.947,,y
2804,Mug Bohème en céramique artisanale – Avec sous-tasse - Fleurs Multicolores,MUG-BOH-FM,525,2026-04-21 19:46:07.947,,y
2805,"Duo de Bouteilles avec Support ""Olivéa"" en Grès – Élégance Naturelle",DBO-001-2M,525,2026-04-21 19:46:07.947,,y
2806,Couffin artisanal en fibre végétale – Elyssa - Cuir beige,COU-CUIR-004,525,2026-04-21 19:46:07.947,,y
2807,Bonbonnières en verre soufflé & cuivre martelé - Transparent,BON-VS-TR,525,2026-04-21 19:46:07.947,,y
2808,Mug Bohème en céramique artisanale – Avec sous-tasse - Cœurs Rouges,MUG-BOH-CR,525,2026-04-21 19:46:07.947,,y
2809,Mug Bohème en céramique artisanale – Avec sous-tasse - Fleurs Multicolores,MUG-BOH-FM,525,2026-04-21 19:46:07.947,,y
2810,"Set ""Duo Envoûtant"" – Mug et Plateau en Céramique",PDE-001-KER,525,2026-04-21 19:46:07.947,,y
2811,Collection Émotion – Tasses & Soucoupes Artisanales - Fleurs Roses,TSC-ART-001-FR,525,2026-04-21 19:46:07.947,,y
2812,Mug Bohème en céramique artisanale – Avec sous-tasse - Cœurs Rouges,MUG-BOH-CR,525,2026-04-21 19:46:07.947,,y
2813,Carafe Médina – Verre soufflé artisanal (3 coloris) - Transparent,CRM-MED-TR,525,2026-04-21 19:46:07.947,,y
2814,Bonbonnières en verre soufflé & cuivre martelé - Transparent,BON-VS-TR,525,2026-04-21 19:46:07.947,,y
2815,Mug Bohème en céramique artisanale – Avec sous-tasse - Fleurs Multicolores,MUG-BOH-FM,525,2026-04-21 19:46:07.947,,y
2816,Mug Bohème en céramique artisanale – Avec sous-tasse - Cœurs Rouges,MUG-BOH-CR,525,2026-04-21 19:46:07.947,,y
2817,Mug Bohème en céramique artisanale – Avec sous-tasse - Fleurs Orange,MUG-BOH-FO,525,2026-04-21 19:46:07.947,,y
2818,Coffret Flamme d’artisan - Jasmin Noir ou Silex - Jasmin noir,CFA-001-SO,525,2026-04-21 19:46:07.947,,y
2819,Bonbonnières en verre soufflé & cuivre martelé - Transparent,BON-VS-TR,525,2026-04-21 19:46:07.947,,y
2820,Sous plat “Rosace Azur” – Céramique décorative orientale,SPR-004-RL,525,2026-04-21 19:46:07.947,,y
2821,Bouteille “Azura” – Céramique artisanale géométrique - kous,BCL-001-RL-4,525,2026-04-21 19:46:07.947,,y
2822,Couffin artisanal en fibre végétale – Anses cuir & fouta offerte,COU-CUIR-FOUTA-002,525,2026-04-21 19:46:07.947,,y
2823,"Set ""Duo Envoûtant"" – Mug et Plateau en Céramique",PDE-001-KER,525,2026-04-21 19:46:07.947,,y
2824,Mug Bohème en céramique artisanale – Avec sous-tasse - Cœurs Rouges,MUG-BOH-CR,525,2026-04-21 19:46:07.947,,y
2825,Collection Émotion – Tasses & Soucoupes Artisanales - Œil Bleu,TSC-ART-001-OB,525,2026-04-21 19:46:07.947,,y
2826,Fouta artisanale en coton – 2m x 1m – Couleurs au choix - Rose,FOT-COT-RG,525,2026-04-21 19:46:07.947,,y
2827,"Carafe et 6 Gobelets ""Olivéa"" en Grès – Élégance Naturelle et Authentique",CGO-001-2M,525,2026-04-21 19:46:07.947,,y
2828,Mug Bohème en céramique artisanale – Avec sous-tasse - Cœurs Rouges,MUG-BOH-CR,525,2026-04-21 19:46:07.947,,y
2829,Action Vérité Bitounsi - Jeu D'ambiance,SS-AV-001,525,2026-04-21 19:46:07.947,,y
2830,Mug Bohème en céramique artisanale – Avec sous-tasse - Cœurs Rouges,MUG-BOH-CR,525,2026-04-21 19:46:07.947,,y
2831,Collection Émotion – Tasses & Soucoupes Artisanales - Œil Bleu,TSC-ART-001-OB,525,2026-04-21 19:46:07.947,,y
2832,Mug Bohème en céramique artisanale – Avec sous-tasse - Fleurs Multicolores,MUG-BOH-FM,525,2026-04-21 19:46:07.947,,y
2833,Fouta artisanale en coton – 2m x 1m – Couleurs au choix - Rose,FOT-COT-RG,525,2026-04-21 19:46:07.947,,y
2834,"Set ""Duo Envoûtant"" – Mug et Plateau en Céramique",PDE-001-KER,525,2026-04-21 19:46:07.947,,y
2835,Bonbonnières en verre soufflé & cuivre martelé - Transparent,BON-VS-TR,525,2026-04-21 19:46:07.947,,y
2836,Mug Bohème en céramique artisanale – Avec sous-tasse - Fleurs Multicolores,MUG-BOH-FM,525,2026-04-21 19:46:07.947,,y
2837,Mug Bohème en céramique artisanale – Avec sous-tasse - Fleurs Orange,MUG-BOH-FO,525,2026-04-21 19:46:07.947,,y
2838,Mug Bohème en céramique artisanale – Avec sous-tasse - Fleurs Bleues,MUG-BOH-FB,525,2026-04-21 19:46:07.947,,y
2839,Mug Bohème en céramique artisanale – Avec sous-tasse - Cœurs Rouges,MUG-BOH-CR,525,2026-04-21 19:46:07.947,,y
2840,"Carafe Tanit – Élégance en Verre Soufflé - Bleu, Quattro",CTB-004,525,2026-04-21 19:46:07.947,,y
2841,Collection Émotion – Tasses & Soucoupes Artisanales - Fleurs Roses,TSC-ART-001-FR,525,2026-04-21 19:46:07.947,,y
2842,Coffret Flamme d’artisan - Jasmin Noir ou Silex - Jasmin noir,CFA-001-SO,525,2026-04-21 19:46:07.947,,y
2843,Mug Bohème en céramique artisanale – Avec sous-tasse - Fleurs Bleues,MUG-BOH-FB,525,2026-04-21 19:46:07.947,,y
2844,Couffin artisanal en fibre végétale – Anses cuir & fouta offerte,COU-CUIR-FOUTA-002,525,2026-04-21 19:46:07.947,,y
2845,Fouta artisanale en coton – 2m x 1m – Couleurs au choix - Bleu,FOT-COT-BG,525,2026-04-21 19:46:07.947,,y
2846,"Carafe et 6 Gobelets ""Olivéa"" en Grès – Élégance Naturelle et Authentique",CGO-001-2M,525,2026-04-21 19:46:07.947,,y
2847,طلّع بالتونسي - TALA3 BITOUNSI,SS-TT-001,525,2026-04-21 19:46:07.947,,y
2848,Fouta artisanale en coton – 2m x 1m – Couleurs au choix - Violet,FOT-COT-VG,525,2026-04-21 19:46:07.947,,y
2849,Échiquier en Bois d'Olivier – Pièce d’Artisanat Élégante,JEB-BF,525,2026-04-21 19:46:07.947,,y
2850,Fouta artisanale en coton – 2m x 1m – Couleurs au choix - Bleu,FOT-COT-BG,525,2026-04-21 19:46:07.947,,y
2851,Fouta artisanale en coton – 2m x 1m – Couleurs au choix - Jaune,FOT-COT-YG,525,2026-04-21 19:46:07.947,,y
2852,Fouta artisanale en coton – 2m x 1m – Couleurs au choix - Rose,FOT-COT-RG,525,2026-04-21 19:46:07.947,,y
2853,Fouta artisanale en coton – 2m x 1m – Couleurs au choix - Vert,FOT-COT-VV,525,2026-04-21 19:46:07.947,,y
2854,Fouta artisanale en coton – 2m x 1m – Couleurs au choix - Violet,FOT-COT-VG,525,2026-04-21 19:46:07.947,,y
2855,Couffin artisanal en fibre végétale – Anses cuir & fouta offerte,COU-CUIR-FOUTA-002,525,2026-04-21 19:46:07.947,,y
2856,Bonbonnières en verre soufflé & cuivre martelé - Miel,BON-VS-ML,525,2026-04-21 19:46:07.947,,y
2857,Collection Émotion – Tasses & Soucoupes Artisanales - Fleurs rouge,TSC-ART-001-RG,525,2026-04-21 19:46:07.947,,y
2858,Mug Bohème en céramique artisanale – Avec sous-tasse - Fleurs Orange,MUG-BOH-FO,525,2026-04-21 19:46:07.947,,y
2859,Mug Bohème en céramique artisanale – Avec sous-tasse - Cœurs Rouges,MUG-BOH-CR,525,2026-04-21 19:46:07.947,,y
2860,Coffret Flamme d’artisan - Jasmin Noir ou Silex - Jasmin noir,CFA-001-SO,525,2026-04-21 19:46:07.947,,y
2861,"Set ""Duo Envoûtant"" – Mug et Plateau en Céramique",PDE-001-KER,525,2026-04-21 19:46:07.947,,y
2862,Mug Bohème en céramique artisanale – Avec sous-tasse - Fleurs Multicolores,MUG-BOH-FM,525,2026-04-21 19:46:07.947,,y
2863,Collection Émotion – Tasses & Soucoupes Artisanales - Love & Cœurs Rouges,TSC-ART-001-LOV,525,2026-04-21 19:46:07.947,,y
2864,Collection Émotion – Tasses & Soucoupes Artisanales - Fleurs Bleues,TSC-ART-001-FB,525,2026-04-21 19:46:07.947,,y
2865,"Set ""Duo Envoûtant"" – Mug et Plateau en Céramique",PDE-001-KER,525,2026-04-21 19:46:07.947,,y
2866,Collection Émotion – Tasses & Soucoupes Artisanales - Œil Bleu,TSC-ART-001-OB,525,2026-04-21 19:46:07.947,,y
2867,لعبة الباندي - Jeu D’ambiance,SS-JB-001,525,2026-04-21 19:46:07.947,,y
2868,Bonbonnières en verre soufflé & cuivre martelé - Ebène,BON-VS-EB,525,2026-04-21 19:46:07.947,,y
2869,"Carafe et 6 Gobelets ""Olivéa"" en Grès – Élégance Naturelle et Authentique",CGO-001-2M,525,2026-04-21 19:46:07.947,,y
2870,Dessert zouba - emraude,Dessert-zouba---emraude,525,2026-04-21 19:46:07.947,,y
2871,Bol zouba - Emraude,Bol-zouba---Emraude,525,2026-04-21 19:46:07.947,,y
2872,Creux zouba - emraude,Creux-zouba---emraude,525,2026-04-21 19:46:07.947,,y
2873,Couffin artisanal en fibre végétale – Elyssa - Cuir marron,COU-CUIR-003,525,2026-04-21 19:46:07.947,,y
2874,Couffin artisanal en fibre végétale – Anses cuir & fouta offerte,COU-CUIR-FOUTA-002,525,2026-04-21 19:46:07.947,,y
2875,Couffin artisanal en fibre végétale – Elyssa - Cuir marron,COU-CUIR-003,525,2026-04-21 19:46:07.947,,y
2876,"Duo de Bouteilles avec Support ""Olivéa"" en Grès – Élégance Naturelle",DBO-001-2M,525,2026-04-21 19:46:07.947,,y
2877,Jeu Nes Bekri Kalou ناس بكري قالوا,NBK-001-OSL,525,2026-04-21 19:46:07.947,,y
2878,"Set ""Duo Envoûtant"" – Mug et Plateau en Céramique",PDE-001-KER,525,2026-04-21 19:46:07.947,,y
2879,Action Vérité Bitounsi + 108 Extra Cartes - Jeu D'ambiance,SS-AV-002,525,2026-04-21 19:46:07.947,,y
2880,Couffin artisanal en fibre végétale – Anses cuir & fouta offerte,COU-CUIR-FOUTA-002,525,2026-04-21 19:46:07.947,,y
2881,Fouta artisanale en coton – 2m x 1m – Couleurs au choix - Jaune,FOT-COT-YG,525,2026-04-21 19:46:07.947,,y
2882,Bonbonnières en verre soufflé & cuivre martelé - Transparent,BON-VS-TR,525,2026-04-21 19:46:07.947,,y
2883,Bouteille en Céramique – Motifs Ottomans Peints à la Main (75 cl),BCO-001-RL,525,2026-04-21 19:46:07.947,,y
2884,Bouteille en céramique - Calligraphie arabe Bleue - Oreille,BCL-007-RL,525,2026-04-21 19:46:07.947,,y
2885,Jeu Nes Bekri Kalou ناس بكري قالوا,NBK-001-OSL,525,2026-04-21 19:46:07.947,,y
2886,Jeu De Mimes - ميم بالتونسي - Jeu D'ambiance,SS-MT-01,525,2026-04-21 19:46:07.947,,y
2887,"Duo de Bouteilles avec Support ""Olivéa"" en Grès – Élégance Naturelle",DBO-001-2M,525,2026-04-21 19:46:07.947,,y
2888,"Carafe et 6 Gobelets ""Olivéa"" en Grès – Élégance Naturelle et Authentique",CGO-001-2M,525,2026-04-21 19:46:07.947,,y
2889,لعبة الباندي - Jeu D’ambiance,SS-JB-001,525,2026-04-21 19:46:07.947,,y
2890,L'archive - لرشيف,JA-001-ACH,525,2026-04-21 19:46:07.947,,y
2891,"Carafe Tanit – Élégance en Verre Soufflé - Bleu, Quattro",CTB-004,525,2026-04-21 19:46:07.947,,y
2892,Mug Bohème en céramique artisanale – Avec sous-tasse - Fleurs Bleues,MUG-BOH-FB,525,2026-04-21 19:46:07.947,,y
2893,Mug Bohème en céramique artisanale – Avec sous-tasse - Fleurs Orange,MUG-BOH-FO,525,2026-04-21 19:46:07.947,,y
2894,Set Mots du Cœur Duo,PMC-001-KER,525,2026-04-21 19:46:07.947,,y
2895,"Set ""Duo Envoûtant"" – Mug et Plateau en Céramique",PDE-001-KER,525,2026-04-21 19:46:07.947,,y
2896,Mug Bohème en céramique artisanale – Avec sous-tasse - Cœurs Rouges,MUG-BOH-CR,525,2026-04-21 19:46:07.947,,y
2897,Mug Bohème en céramique artisanale – Avec sous-tasse - Fleurs Multicolores,MUG-BOH-FM,525,2026-04-21 19:46:07.947,,y
2898,Sous-Plat Rond en Céramique Andalous – 20 cm,SPR-003-RL,525,2026-04-21 19:46:07.947,,y
2899,Lampe en Béton Brut – L’Élégance de la Lumière Artisanale,LB-001-FP,525,2026-04-21 19:46:07.947,,y
2900,Fouta artisanale en coton – 2m x 1m – Couleurs au choix - Bleu,FOT-COT-BG,525,2026-04-21 19:46:07.947,,y
2901,"Set Gourmet L’Éveil – Vaisselle en Céramique en Pâte Blanche (Bleu Gris, Terracotta, Vert d’Eau) - Rose, 6 Personnes",SGE-NA,525,2026-04-21 19:46:07.947,,y
2902,Couffin artisanal en fibre végétale – Elyssa - Cuir,COU-CUIR-003,525,2026-04-21 19:46:07.947,,y
2903,"Set ""Duo Envoûtant"" – Mug et Plateau en Céramique",PDE-001-KER,525,2026-04-21 19:46:07.947,,y
2904,Vase en céramique avec motifs de poissons colorés- Samak,VC-001-RL,525,2026-04-21 19:46:07.947,,y
2905,Mug Bohème en céramique artisanale – Avec sous-tasse - Cœurs Rouges,MUG-BOH-CR,525,2026-04-21 19:46:07.947,,y
2906,Couffin artisanal en fibre végétale – Elyssa - Cuir,COU-CUIR-003,525,2026-04-21 19:46:07.947,,y
2907,Couffin artisanal en fibre végétale – Elyssa - Cuir,COU-CUIR-003,525,2026-04-21 19:46:07.947,,y
2908,"Duo de Bouteilles avec Support ""Olivéa"" en Grès – Élégance Naturelle",DBO-001-2M,525,2026-04-21 19:46:07.947,,y
2909,Collection Émotion – Tasses & Soucoupes Artisanales - Fleurs Bleues,TSC-ART-001-FB,525,2026-04-21 19:46:07.947,,y
2910,Collection Émotion – Tasses & Soucoupes Artisanales - Fleurs Roses,TSC-ART-001-FR,525,2026-04-21 19:46:07.947,,y
5264,Bougie sougui,Bougie_sougui,525,2026-04-21 19:46:08.017,,y
2911,Couffin artisanal en fibre végétale – Elyssa - Bois,COU-BOIS-001,525,2026-04-21 19:46:07.947,,y
2912,طلّع بالتونسي - TALA3 BITOUNSI,SS-TT-001,525,2026-04-21 19:46:07.947,,y
2913,"Set Gourmet L’Éveil – Vaisselle en Céramique en Pâte Blanche (Bleu Gris, Terracotta, Vert d’Eau) - Gris, 6 Personnes",SGE-NA,525,2026-04-21 19:46:07.948,,y
2914,Vase en céramique avec motifs de poissons colorés- Samak,VC-001-RL,525,2026-04-21 19:46:07.948,,y
2915,Grand Vase Visage Minimaliste en Résine,VV-001-RES,525,2026-04-21 19:46:07.948,,y
2916,Ensemble de vases en céramique avec motifs berbères - Gris,TVC-003-RL,525,2026-04-21 19:46:07.948,,y
2917,Bouteille en Céramique – Motifs Ottomans Peints à la Main (75 cl),BCO-001-RL,525,2026-04-21 19:46:07.948,,y
2918,Ensemble Décoratif en Résine Marbrée avec Dorures - 4 Pièces,ED-003-RES,525,2026-04-21 19:46:07.948,,y
2919,Ensemble Décoratif en Résine avec Fleurs Séchées - 6 Pièces,ED-005-RES,525,2026-04-21 19:46:07.948,,y
2920,"🖤 Carafe et 6 Gobelets ""Séli"" en Grès – Élégance Naturelle et Authentique",CGS-002-2M,525,2026-04-21 19:46:07.948,,y
2921,Carafe en Verre Soufflé - Didon - Duo,CVD-001-OD,525,2026-04-21 19:46:07.948,,y
2922,"Set Gourmet L’Éveil – Vaisselle en Céramique en Pâte Blanche (Bleu Gris, Terracotta, Vert d’Eau) - Vert, 6 Personnes",SGE-NA,525,2026-04-21 19:46:07.948,,y
2923,"Set Gourmet L’Éveil – Vaisselle en Céramique en Pâte Blanche (Bleu Gris, Terracotta, Vert d’Eau) - Rose, 6 Personnes",SGE-NA,525,2026-04-21 19:46:07.948,,y
2924,Bonbonnières en verre soufflé & cuivre martelé - Transparent,BON-VS-TR,525,2026-04-21 19:46:07.948,,y
2925,Bonbonnières en verre soufflé & cuivre martelé - Transparent,BON-VS-TR,525,2026-04-21 19:46:07.948,,y
2926,Ensemble Décoratif en Résine Marbrée avec Fleurs Séchées - 4 Pièces,ED-004-RES,525,2026-04-21 19:46:07.948,,y
2927,Lunch-box Bento,LB-001-SB,525,2026-04-21 19:46:07.948,,y
2928,"Mug ""Émeraude Passion"" – Céramique Artisanale Peinte à la Main",MEP-001-SZ,525,2026-04-21 19:46:07.948,,y
2929,"Carafe et 6 Gobelets ""Olivéa"" en Grès – Élégance Naturelle et Authentique",CGO-001-2M,525,2026-04-21 19:46:07.948,,y
2930,"Set Gourmet L’Éveil – Vaisselle en Céramique en Pâte Blanche (Bleu Gris, Terracotta, Vert d’Eau) - Vert, 6 Personnes",SGE-NA,525,2026-04-21 19:46:07.948,,y
2931,"Set Gourmet L’Éveil – Vaisselle en Céramique en Pâte Blanche (Bleu Gris, Terracotta, Vert d’Eau) - Vert, 6 Personnes",SGE-NA,525,2026-04-21 19:46:07.948,,y
2932,Zazwa en Cuivre Martelé avec Manche en Laiton (4pax),ZCL-002-KB,525,2026-04-21 19:46:07.948,,y
2933,Tasse à café avec support en cuivre martelé et soucoupe,TCC-001-KB,525,2026-04-21 19:46:07.948,,y
2934,"Porte-épices ""Médina Épices""",E4B-001-BF,525,2026-04-21 19:46:07.948,,y
2935,Bonbonnières en verre soufflé & cuivre martelé - Transparent,BON-VS-TR,525,2026-04-21 19:46:07.948,,y
2936,Boîte en céramique avec calligraphie arabe bleue (13cm),BC-003-RL,525,2026-04-21 19:46:07.948,,y
2937,"Set ""Mots du Cœur Uno"" – Mug avec Inscription & Sous-Tasse",PMC-002-KER,525,2026-04-21 19:46:07.948,,y
2938,"Set ""Cœur à Cœur"" – Mug et Plateau en Céramique",PCC-001-KER,525,2026-04-21 19:46:07.948,,y
2939,Bonbonnières en verre soufflé & cuivre martelé - Transparent,BON-VS-TR,525,2026-04-21 19:46:07.948,,y
2940,"Carafe Tanit – Élégance en Verre Soufflé - Transparent, Solo",CTT-001,525,2026-04-21 19:46:07.948,,y
2941,Petite Zazwa en Cuivre Martelé,ZCL-001-KB,525,2026-04-21 19:46:07.948,,y
2942,Tasse à café avec support en cuivre martelé et soucoupe,TCC-001-KB,525,2026-04-21 19:46:07.948,,y
2943,Mrach-Encensoir Traditionnel en Métal Martelé avec Pompon Bleu,LPC-001-KB,525,2026-04-21 19:46:07.948,,y
2944,"Set ""Cœur à Cœur"" – Mug et Plateau en Céramique",PCC-001-KER,525,2026-04-21 19:46:07.948,,y
2945,Coffret Flamme d’artisan - Jasmin Noir ou Silex - Jasmin noir,CFA-001-SO,525,2026-04-21 19:46:07.948,,y
2946,"Set ""Cœur à Cœur"" – Mug et Plateau en Céramique",PCC-001-KER,525,2026-04-21 19:46:07.948,,y
2947,"Set Gourmet L’Éveil – Vaisselle en Céramique en Pâte Blanche (Bleu Gris, Terracotta, Vert d’Eau) - Gris, 4 Personnes",SGE-NA,525,2026-04-21 19:46:07.948,,y
2948,Lunch-box Bento,LB-001-SB,525,2026-04-21 19:46:07.948,,y
2949,Ensemble Décoratif Minimaliste en Résine Blanche - 4 Pièces,ED-002-RES,525,2026-04-21 19:46:07.948,,y
2950,Set Mots du Cœur Duo,PMC-001-KER,525,2026-04-21 19:46:07.948,,y
2951,Ensemble Décoratif Minimaliste en Résine Blanche - 4 Pièces,ED-002-RES,525,2026-04-21 19:46:07.948,,y
2952,Ensemble Décoratif Compact en Résine Marbrée avec Fleurs Séchées - 3 Pièces,ED-001-RES,525,2026-04-21 19:46:07.948,,y
2953,"Sous plat ""Khamsa"" – Céramique ronde calligraphiée",SPR-001-RL,525,2026-04-21 19:46:07.948,,y
2954,Mrach-Encensoir Traditionnel en Métal Martelé avec Pompon Bleu,LPC-001-KB,525,2026-04-21 19:46:07.948,,y
2955,Tasse à café avec support en cuivre martelé et soucoupe,TCC-001-KB,525,2026-04-21 19:46:07.948,,y
2956,"Set ""Olivéa"" en Grès - 14 pièces",CGO-001-2M-14,525,2026-04-21 19:46:07.948,,y
2957,"Set Gourmet L’Éveil – Vaisselle en Céramique en Pâte Blanche (Bleu Gris, Terracotta, Vert d’Eau) - Vert, 6 Personnes",SGE-NA,525,2026-04-21 19:46:07.948,,y
2958,Jeu Nes Bekri Kalou ناس بكري قالوا,NBK-001-OSL,525,2026-04-21 19:46:07.948,,y
2959,Action Vérité Bitounsi - Jeu D'ambiance,SS-AV-001,525,2026-04-21 19:46:07.948,,y
2960,"Set ""Duo Envoûtant"" – Mug et Plateau en Céramique",PDE-001-KER,525,2026-04-21 19:46:07.948,,y
2961,"Carafe Tanit – Élégance en Verre Soufflé - Transparent, Premium",CTT-006,525,2026-04-21 19:46:07.948,,y
2962,Set “Baraka” – Art de la table en céramique calligraphique,SB-001-RL,525,2026-04-21 19:46:07.948,,y
2963,Lunch-box Bento,LB-001-SB,525,2026-04-21 19:46:07.948,,y
2964,Échiquier en Bois d'Olivier – Pièce d’Artisanat Élégante - 50*50,JEB-BF,525,2026-04-21 19:46:07.948,,y
2965,Set Mots du Cœur Duo,PMC-001-KER,525,2026-04-21 19:46:07.948,,y
2966,Mathred-Coupe à Pied Martelée en Cuivre Argenté,MC-001-KB,525,2026-04-21 19:46:07.948,,y
2967,Boîte “Rosace Azur” – Céramique artisanale,BC-007-RL,525,2026-04-21 19:46:07.948,,y
2968,Set Mots du Cœur Duo,PMC-001-KER,525,2026-04-21 19:46:07.948,,y
2969,Bouteille en céramique décorée avec bouchon en liège,BCP-001-RL,525,2026-04-21 19:46:07.948,,y
2970,Boîte carrée en céramique “Azur” – Motifs géométriques - 16*16*6,BC-004-RL-1,525,2026-04-21 19:46:07.948,,y
2971,Ensemble Décoratif Minimaliste en Résine Blanche - 4 Pièces,ED-002-RES,525,2026-04-21 19:46:07.948,,y
2972,Coffret Flamme d’artisan - Jasmin Noir ou Silex - Silex,CFA-002-SO,525,2026-04-21 19:46:07.948,,y
5265,Bougie rose,Bougie_rose,525,2026-04-21 19:46:08.017,,y
2973,Bouteille “Azura” – Céramique artisanale géométrique - Avec anse,BCL-001-RL-2,525,2026-04-21 19:46:07.948,,y
2974,"Mug ""Émeraude Passion"" – Céramique Artisanale Peinte à la Main",MEP-001-SZ,525,2026-04-21 19:46:07.948,,y
2975,Sous plat “Rosace Azur” – Céramique décorative orientale,SPR-004-RL,525,2026-04-21 19:46:07.948,,y
2976,"Set Gourmet L’Éveil – Vaisselle en Céramique en Pâte Blanche (Bleu Gris, Terracotta, Vert d’Eau) - Vert, 4 Personnes",SGE-NA,525,2026-04-21 19:46:07.948,,y
2977,Bouteille en Céramique – Motifs Ottomans Peints à la Main (75 cl),BCO-001-RL,525,2026-04-21 19:46:07.948,,y
2978,Mathred-Coupe à Pied Martelée en Cuivre Argenté,MC-001-KB,525,2026-04-21 19:46:07.948,,y
2979,Boîte en céramique avec calligraphie arabe bleue (13cm),BC-003-RL,525,2026-04-21 19:46:07.948,,y
2980,Bonbonnières en verre soufflé & cuivre martelé - Transparent,BON-VS-TR,525,2026-04-21 19:46:07.948,,y
2981,"Carafe et 6 Gobelets ""Olivéa"" en Grès – Élégance Naturelle et Authentique",CGO-001-2M,525,2026-04-21 19:46:07.948,,y
2982,"🖤 Carafe et 6 Gobelets ""Séli"" en Grès – Élégance Naturelle et Authentique",CGS-002-2M,525,2026-04-21 19:46:07.948,,y
2983,Lampe en Béton Brut – L’Élégance de la Lumière Artisanale,LB-001-FP,525,2026-04-21 19:46:07.948,,y
2984,طلّع بالتونسي - TALA3 BITOUNSI,SS-TT-001,525,2026-04-21 19:46:07.948,,y
2985,Jeu Nes Bekri Kalou ناس بكري قالوا,NBK-001-OSL,525,2026-04-21 19:46:07.948,,y
2986,"Set Gourmet L’Éveil – Vaisselle en Céramique en Pâte Blanche (Bleu Gris, Terracotta, Vert d’Eau) - Vert, 6 Personnes",SGE-NA,525,2026-04-21 19:46:07.948,,y
2987,"Duo de Bouteilles avec Support ""Olivéa"" en Grès – Élégance Naturelle",DBO-001-2M,525,2026-04-21 19:46:07.948,,y
2988,Ensemble Décoratif en Résine Marbrée avec Dorures - 4 Pièces,ED-003-RES,525,2026-04-21 19:46:07.948,,y
2989,Coffret Flamme d’artisan - Jasmin Noir ou Silex - Jasmin noir,CFA-001-SO,525,2026-04-21 19:46:07.948,,y
2990,"🖤 Carafe et 6 Gobelets ""Séli"" en Grès – Élégance Naturelle et Authentique",CGS-002-2M,525,2026-04-21 19:46:07.948,,y
2991,"Set ""Duo Envoûtant"" – Mug et Plateau en Céramique",PDE-001-KER,525,2026-04-21 19:46:07.948,,y
2992,"Set Gourmet L’Éveil – Vaisselle en Céramique en Pâte Blanche (Bleu Gris, Terracotta, Vert d’Eau) - Vert, 6 Personnes",SGE-NA,525,2026-04-21 19:46:07.948,,y
2993,لعبة الباندي - Jeu D’ambiance,SS-JB-001,525,2026-04-21 19:46:07.948,,y
2994,Action Vérité Bitounsi - Jeu D'ambiance,SS-AV-001,525,2026-04-21 19:46:07.948,,y
2995,Jeu De Mimes - ميم بالتونسي - Jeu D'ambiance,SS-MT-01,525,2026-04-21 19:46:07.948,,y
2996,Action Vérité Bitounsi - Jeu D'ambiance,SS-AV-001,525,2026-04-21 19:46:07.948,,y
2997,Ensemble Décoratif en Résine Marbrée avec Fleurs Séchées - 4 Pièces,ED-004-RES,525,2026-04-21 19:46:07.948,,y
2998,Set Mots du Cœur Duo,PMC-001-KER,525,2026-04-21 19:46:07.948,,y
2999,"Set Gourmet L’Éveil – Vaisselle en Céramique en Pâte Blanche (Bleu Gris, Terracotta, Vert d’Eau) - Vert, 6 Personnes",SGE-NA,525,2026-04-21 19:46:07.949,,y
3000,"Duo de Bouteilles avec Support ""Olivéa"" en Grès – Élégance Naturelle",DBO-001-2M,525,2026-04-21 19:46:07.949,,y
3001,"Set de Vaisselle ""Organica"" - 4 Personnes, Jaune",SVO-001,525,2026-04-21 19:46:07.949,,y
3002,L'archive - لرشيف,JA-001-ACH,525,2026-04-21 19:46:07.949,,y
3003,Action Vérité Bitounsi - Jeu D'ambiance,SS-AV-001,525,2026-04-21 19:46:07.949,,y
3004,Lampe en Béton Brut – L’Élégance de la Lumière Artisanale,LB-001-FP,525,2026-04-21 19:46:07.949,,y
3005,"🤍 Carafe et 6 Gobelets ""Séa"" en Grès – Pureté et Élégance Naturelle",CGS-001-2M,525,2026-04-21 19:46:07.949,,y
3006,Action Vérité Bitounsi + 108 Extra Cartes - Jeu D'ambiance,SS-AV-002,525,2026-04-21 19:46:07.949,,y
3007,Jeu Nes Bekri Kalou ناس بكري قالوا,NBK-001-OSL,525,2026-04-21 19:46:07.949,,y
3008,Bonbonnières en verre soufflé & cuivre martelé - Transparent,BON-VS-TR,525,2026-04-21 19:46:07.949,,y
3009,"Set de Vaisselle ""Organica"" - 4 Personnes",SVO-001,525,2026-04-21 19:46:07.949,,y
3010,"Set ""Cœur à Cœur"" – Mug et Plateau en Céramique",PCC-001-KER,525,2026-04-21 19:46:07.949,,y
3011,"Mug ""Émeraude Passion"" – Céramique Artisanale Peinte à la Main",MEP-001-SZ,525,2026-04-21 19:46:07.949,,y
3012,"Mug ""Tendresse"" en Céramique – Fait Main avec Cœur Rouge",MTC-001-SZ,525,2026-04-21 19:46:07.949,,y
3013,Jeu Nes Bekri Kalou ناس بكري قالوا,NBK-001-OSL,525,2026-04-21 19:46:07.949,,y
3014,Set Mots du Cœur Duo,PMC-001-KER,525,2026-04-21 19:46:07.949,,y
3015,Zazwa en Cuivre Martelé avec Manche en Laiton (4pax),ZCL-002-KB,525,2026-04-21 19:46:07.949,,y
3016,Jeu Nes Bekri Kalou ناس بكري قالوا,NBK-001-OSL,525,2026-04-21 19:46:07.949,,y
3017,Boîte Martelée en Cuivre Argenté,BCM-001-KB,525,2026-04-21 19:46:07.949,,y
3018,Mathred-Coupe à Pied Martelée en Cuivre Argenté,MC-001-KB,525,2026-04-21 19:46:07.949,,y
3019,Boîte carrée en céramique “Azur” – Motifs géométriques - 16*16*6,BC-004-RL-1,525,2026-04-21 19:46:07.949,,y
3020,Boîte carrée en céramique “Azur” – Motifs géométriques - 10*10*6,BC-004-RL-2,525,2026-04-21 19:46:07.949,,y
3021,Boîte “Rosace Azur” – Céramique artisanale,BC-007-RL,525,2026-04-21 19:46:07.949,,y
3022,Planche “Azur” – Céramique géométrique artisanale,PC-006-RL,525,2026-04-21 19:46:07.949,,y
3023,Cruche Zénith – Céramique émaillée décor bleu,CCL-02-RL,525,2026-04-21 19:46:07.949,,y
3024,Bouteille “Azura” – Céramique artisanale géométrique - Double anneau,BCL-001-RL-3,525,2026-04-21 19:46:07.949,,y
3025,Ensemble Décoratif en Résine avec Fleurs Séchées - 6 Pièces,ED-005-RES,525,2026-04-21 19:46:07.949,,y
3026,Coffret Flamme d’artisan - Jasmin Noir ou Silex - Jasmin noir,CFA-001-SO,525,2026-04-21 19:46:07.949,,y
3027,Petite Zazwa en Cuivre Martelé,ZCL-001-KB,525,2026-04-21 19:46:07.949,,y
3028,Boîte rectangulaire en céramique avec couvercle décoré de motifs géométriques,BC-002-RL,525,2026-04-21 19:46:07.949,,y
3029,Ensemble Décoratif en Résine Marbrée avec Dorures - 4 Pièces,ED-003-RES,525,2026-04-21 19:46:07.949,,y
3030,Ensemble Décoratif en Résine Marbrée avec Fleurs Séchées - 4 Pièces,ED-004-RES,525,2026-04-21 19:46:07.949,,y
3031,"Carafe Tanit – Élégance en Verre Soufflé - Transparent, Quattro",CTT-004,525,2026-04-21 19:46:07.949,,y
3032,Ensemble Décoratif en Résine Marbrée avec Fleurs Séchées - 4 Pièces,ED-004-RES,525,2026-04-21 19:46:07.949,,y
3033,Ensemble Décoratif Minimaliste en Résine Blanche - 4 Pièces,ED-002-RES,525,2026-04-21 19:46:07.949,,y
3034,"Set ""Cœur à Cœur"" – Mug et Plateau en Céramique",PCC-001-KER,525,2026-04-21 19:46:07.949,,y
3035,Ensemble Décoratif en Résine Marbrée avec Dorures - 4 Pièces,ED-003-RES,525,2026-04-21 19:46:07.949,,y
3036,"Set ""Cœur à Cœur"" – Mug et Plateau en Céramique",PCC-001-KER,525,2026-04-21 19:46:07.949,,y
3037,"Set ""Duo Envoûtant"" – Mug et Plateau en Céramique",PDE-001-KER,525,2026-04-21 19:46:07.949,,y
3038,Bonbonnières en verre soufflé & cuivre martelé - Miel,BON-VS-ML,525,2026-04-21 19:46:07.949,,y
3039,Sous-Plat Rond en Céramique Andalous – 20 cm,SPR-003-RL,525,2026-04-21 19:46:07.949,,y
3040,Boîte en Céramique Andalous – 13 cm,BC-006-RL,525,2026-04-21 19:46:07.949,,y
3041,Bouteille Carrée en Céramique Andalous – 75 cl,BCL-002-RL,525,2026-04-21 19:46:07.949,,y
3042,Coffret Flamme d’artisan - Jasmin Noir ou Silex - Jasmin noir,CFA-001-SO,525,2026-04-21 19:46:07.949,,y
3043,"Set ""Cœur à Cœur"" – Mug et Plateau en Céramique",PCC-001-KER,525,2026-04-21 19:46:07.949,,y
3044,"Set ""Mots du Cœur Uno"" – Mug avec Inscription & Sous-Tasse",PMC-002-KER,525,2026-04-21 19:46:07.949,,y
3045,Ensemble Décoratif Compact en Résine Marbrée avec Fleurs Séchées - 3 Pièces,ED-001-RES,525,2026-04-21 19:46:07.949,,y
3046,"Set ""Cœur à Cœur"" – Mug et Plateau en Céramique",PCC-001-KER,525,2026-04-21 19:46:07.949,,y
3047,"Set ""Duo Envoûtant"" – Mug et Plateau en Céramique",PDE-001-KER,525,2026-04-21 19:46:07.949,,y
3048,Ensemble Décoratif Compact en Résine Marbrée avec Fleurs Séchées - 3 Pièces,ED-001-RES,525,2026-04-21 19:46:07.949,,y
3049,"Set ""Cœur à Cœur"" – Mug et Plateau en Céramique",PCC-001-KER,525,2026-04-21 19:46:07.949,,y
3050,Boîte en céramique avec calligraphie arabe bleue (13cm),BC-003-RL,525,2026-04-21 19:46:07.949,,y
3051,"Porte-épices ""Médina Épices""",E4B-001-BF,525,2026-04-21 19:46:07.949,,y
3052,Boîte Ronde en Céramique – Motifs Ottomans Peints à la Main (13 cm),BC-005-RL,525,2026-04-21 19:46:07.949,,y
3053,"Set ""Mots du Cœur Uno"" – Mug avec Inscription & Sous-Tasse",PMC-002-KER,525,2026-04-21 19:46:07.949,,y
3054,Bonbonnières en verre soufflé & cuivre martelé - Miel,BON-VS-ML,525,2026-04-21 19:46:07.949,,y
3055,Bougeoirs Ethniques en Céramique - Gris,TBC-003-RL,525,2026-04-21 19:46:07.949,,y
3056,Ensemble Décoratif Compact en Résine Marbrée avec Fleurs Séchées - 3 Pièces,ED-001-RES,525,2026-04-21 19:46:07.949,,y
3057,"Set ""Cœur à Cœur"" – Mug et Plateau en Céramique",PCC-001-KER,525,2026-04-21 19:46:07.949,,y
3058,"Set Gourmet L’Éveil – Vaisselle en Céramique en Pâte Blanche (Bleu Gris, Terracotta, Vert d’Eau) - Vert, 4 Personnes",SGE-NA,525,2026-04-21 19:46:07.949,,y
3059,"Set ""Cœur à Cœur"" – Mug et Plateau en Céramique",PCC-001-KER,525,2026-04-21 19:46:07.949,,y
3060,Jeu Nes Bekri Kalou ناس بكري قالوا,NBK-001-OSL,525,2026-04-21 19:46:07.949,,y
3061,Boîte en céramique avec calligraphie arabe bleue (13cm),BC-003-RL,525,2026-04-21 19:46:07.949,,y
3062,Vase en céramique avec motifs de poissons colorés- Samak,VC-001-RL,525,2026-04-21 19:46:07.949,,y
3063,Mathred-Coupe à Pied Martelée en Cuivre Argenté,MC-001-KB,525,2026-04-21 19:46:07.949,,y
3064,"Set ""Cœur à Cœur"" – Mug et Plateau en Céramique",PCC-001-KER,525,2026-04-21 19:46:07.949,,y
3065,"Set ""Duo Envoûtant"" – Mug et Plateau en Céramique",PDE-001-KER,525,2026-04-21 19:46:07.949,,y
3066,Ensemble Décoratif Compact en Résine Marbrée avec Fleurs Séchées - 3 Pièces,ED-001-RES,525,2026-04-21 19:46:07.949,,y
3067,Boîte Ronde en Céramique – Motifs Ottomans Peints à la Main (13 cm),BC-005-RL,525,2026-04-21 19:46:07.949,,y
3068,Mathred-Coupe à Pied Martelée en Cuivre Argenté,MC-001-KB,525,2026-04-21 19:46:07.949,,y
3069,Vase en céramique avec motifs de poissons colorés- Samak,VC-001-RL,525,2026-04-21 19:46:07.949,,y
3070,Ensemble Décoratif en Résine Marbrée avec Dorures - 4 Pièces,ED-003-RES,525,2026-04-21 19:46:07.949,,y
3071,"Set de Vaisselle ""Organica"" - 4 Personnes",SVO-001,525,2026-04-21 19:46:07.949,,y
3072,Bougeoirs Ethniques en Céramique - Gris,TBC-003-RL,525,2026-04-21 19:46:07.949,,y
3073,Jeu Nes Bekri Kalou ناس بكري قالوا,NBK-001-OSL,525,2026-04-21 19:46:07.949,,y
3074,Bonbonnières en verre soufflé & cuivre martelé - Miel,BON-VS-ML,525,2026-04-21 19:46:07.949,,y
3075,Bonbonnières en verre soufflé & cuivre martelé - Ebène,BON-VS-EB,525,2026-04-21 19:46:07.949,,y
3076,"Set ""Cœur à Cœur"" – Mug et Plateau en Céramique",PCC-001-KER,525,2026-04-21 19:46:07.949,,y
3077,"Set Gourmet L’Éveil – Vaisselle en Céramique en Pâte Blanche (Bleu Gris, Terracotta, Vert d’Eau) - Vert, 6 Personnes",SGE-NA,525,2026-04-21 19:46:07.949,,y
3078,Ensemble Décoratif en Résine avec Fleurs Séchées - 6 Pièces,ED-005-RES,525,2026-04-21 19:46:07.949,,y
3079,Pack Andalous en Céramique – Élégance et Tradition,PAC-001-RL,525,2026-04-21 19:46:07.949,,y
3080,Jeu Nes Bekri Kalou ناس بكري قالوا,NBK-001-OSL,525,2026-04-21 19:46:07.949,,y
3081,Lunch-box Bento,LB-001-SB,525,2026-04-21 19:46:07.949,,y
3082,Bonbonnières en verre soufflé & cuivre martelé - Transparent,BON-VS-TR,525,2026-04-21 19:46:07.949,,y
3083,Ensemble Décoratif en Résine avec Fleurs Séchées - 6 Pièces,ED-005-RES,525,2026-04-21 19:46:07.949,,y
3084,Cruche en céramique circulaire avec motifs andalous jaunes et bleus,CCL-001-RL,525,2026-04-21 19:46:07.949,,y
3085,Échiquier en Bois d'Olivier – Pièce d’Artisanat Élégante - 50*50,JEB-BF,525,2026-04-21 19:46:07.949,,y
3086,Lunch-box Bento,LB-001-SB,525,2026-04-21 19:46:07.949,,y
3087,"Set ""Cœur à Cœur"" – Mug et Plateau en Céramique",PCC-001-KER,525,2026-04-21 19:46:07.949,,y
3088,"Mug ""Tendresse"" en Céramique – Fait Main avec Cœur Rouge",MTC-001-SZ,525,2026-04-21 19:46:07.949,,y
3089,Ensemble Décoratif en Résine avec Fleurs Séchées - 6 Pièces,ED-005-RES,525,2026-04-21 19:46:07.949,,y
3090,"Set ""Cœur à Cœur"" – Mug et Plateau en Céramique",PCC-001-KER,525,2026-04-21 19:46:07.949,,y
3091,Action Vérité Bitounsi + 108 Extra Cartes - Jeu D'ambiance,SS-AV-002,525,2026-04-21 19:46:07.949,,y
3092,Grand Vase Visage Minimaliste en Résine,VV-001-RES,525,2026-04-21 19:46:07.949,,y
3093,"🤍 Carafe et 6 Gobelets ""Séa"" en Grès – Pureté et Élégance Naturelle",CGS-001-2M,525,2026-04-21 19:46:07.949,,y
3094,"Set ""Cœur à Cœur"" – Mug et Plateau en Céramique",PCC-001-KER,525,2026-04-21 19:46:07.949,,y
3095,"Set ""Cœur à Cœur"" – Mug et Plateau en Céramique",PCC-001-KER,525,2026-04-21 19:46:07.949,,y
3096,"Carafe Tanit – Élégance en Verre Soufflé - Bleu, Quattro",CTB-004,525,2026-04-21 19:46:07.949,,y
3097,Carafe en Verre Soufflé - Didon - Premium,CVD-001-OD-6,525,2026-04-21 19:46:07.949,,y
3098,Ensemble Décoratif en Résine Marbrée avec Dorures - 4 Pièces,ED-003-RES,525,2026-04-21 19:46:07.949,,y
3099,"Set ""Mots du Cœur Uno"" – Mug avec Inscription & Sous-Tasse",PMC-002-KER,525,2026-04-21 19:46:07.949,,y
5266,Vide poche coeur,Vide_poche_coeur,525,2026-04-21 19:46:08.017,,y
3100,"Set ""Cœur à Cœur"" – Mug et Plateau en Céramique",PCC-001-KER,525,2026-04-21 19:46:07.949,,y
3101,Set Royal ottomans – Élégance Artisanale (8 Pièces),SRO-001-RL,525,2026-04-21 19:46:07.949,,y
3102,"🤍 Set ""Séa"" en Grès Blanc Moucheté - 32 pièces",SSB-001-2M-32,525,2026-04-21 19:46:07.949,,y
3103,Bonbonnières en verre soufflé & cuivre martelé - Miel,BON-VS-ML,525,2026-04-21 19:46:07.949,,y
3104,Bonbonnières en verre soufflé & cuivre martelé - Transparent,BON-VS-TR,525,2026-04-21 19:46:07.949,,y
3105,Bonbonnières en verre soufflé & cuivre martelé - Ebène,BON-VS-EB,525,2026-04-21 19:46:07.949,,y
3106,"Set ""Cœur à Cœur"" – Mug et Plateau en Céramique",PCC-001-KER,525,2026-04-21 19:46:07.949,,y
3107,"Set ""Cœur à Cœur"" – Mug et Plateau en Céramique",PCC-001-KER,525,2026-04-21 19:46:07.949,,y
3108,"Set ""Cœur à Cœur"" – Mug et Plateau en Céramique",PCC-001-KER,525,2026-04-21 19:46:07.949,,y
3109,Boîte en céramique avec calligraphie arabe bleue (13cm),BC-003-RL,525,2026-04-21 19:46:07.949,,y
3110,Planche en Céramique Andalous – Élégance Artisanale,PC-002-RL,525,2026-04-21 19:46:07.949,,y
3111,Bouteille en Céramique à Motifs Andalous,BCA-001-RL,525,2026-04-21 19:46:07.949,,y
3112,Sous-Plat Rond en Céramique Andalous – 20 cm,SPR-003-RL,525,2026-04-21 19:46:07.949,,y
3113,Bougeoirs Ethniques en Céramique - Gris,TBC-003-RL,525,2026-04-21 19:46:07.949,,y
3114,Ensemble Décoratif Minimaliste en Résine Blanche - 4 Pièces,ED-002-RES,525,2026-04-21 19:46:07.949,,y
3115,"Set ""Cœur à Cœur"" – Mug et Plateau en Céramique",PCC-001-KER,525,2026-04-21 19:46:07.949,,y
3116,"Set ""Duo Envoûtant"" – Mug et Plateau en Céramique",PDE-001-KER,525,2026-04-21 19:46:07.949,,y
3117,Bonbonnières en verre soufflé & cuivre martelé - Miel,BON-VS-ML,525,2026-04-21 19:46:07.949,,y
3118,Bonbonnières en verre soufflé & cuivre martelé - Transparent,BON-VS-TR,525,2026-04-21 19:46:07.949,,y
3119,Ensemble Décoratif en Résine Marbrée avec Dorures - 4 Pièces,ED-003-RES,525,2026-04-21 19:46:07.949,,y
3120,Cruche en céramique circulaire avec motifs andalous jaunes et bleus,CCL-001-RL,525,2026-04-21 19:46:07.949,,y
3121,Planche en Céramique Andalous – Élégance Artisanale,PC-002-RL,525,2026-04-21 19:46:07.949,,y
3122,Boîte en céramique avec calligraphie arabe bleue (13cm),BC-003-RL,525,2026-04-21 19:46:07.949,,y
3123,Set de 6 Verres en Verre Soufflé - Collection Didon,S6V-001-OD,525,2026-04-21 19:46:07.949,,y
3124,"Set Gourmet L’Éveil – Vaisselle en Céramique en Pâte Blanche (Bleu Gris, Terracotta, Vert d’Eau) - Vert, 6 Personnes",SGE-NA,525,2026-04-21 19:46:07.949,,y
3125,"🖤 Carafe et 6 Gobelets ""Séli"" en Grès – Élégance Naturelle et Authentique",CGS-002-2M,525,2026-04-21 19:46:07.949,,y
3126,Coffret Flamme d’artisan - Jasmin Noir ou Silex - Jasmin noir,CFA-001-SO,525,2026-04-21 19:46:07.949,,y
3127,"Set ""Cœur à Cœur"" – Mug et Plateau en Céramique",PCC-001-KER,525,2026-04-21 19:46:07.949,,y
3128,"Set ""Cœur à Cœur"" – Mug et Plateau en Céramique",PCC-001-KER,525,2026-04-21 19:46:07.949,,y
3129,Action Vérité Bitounsi - Jeu D'ambiance,SS-AV-001,525,2026-04-21 19:46:07.949,,y
3130,Ensemble Décoratif Minimaliste en Résine Blanche - 4 Pièces,ED-002-RES,525,2026-04-21 19:46:07.949,,y
3131,Bonbonnières en verre soufflé & cuivre martelé - Transparent,BON-VS-TR,525,2026-04-21 19:46:07.949,,y
3132,Bonbonnières en verre soufflé & cuivre martelé - Miel,BON-VS-ML,525,2026-04-21 19:46:07.949,,y
3133,Bonbonnières en verre soufflé & cuivre martelé - Miel,BON-VS-ML,525,2026-04-21 19:46:07.949,,y
3134,Pack Andalous en Céramique – Élégance et Tradition,PAC-001-RL,525,2026-04-21 19:46:07.949,,y
3135,Ensemble Décoratif en Résine Marbrée avec Fleurs Séchées - 4 Pièces,ED-004-RES,525,2026-04-21 19:46:07.949,,y
3136,Ensemble Décoratif Compact en Résine Marbrée avec Fleurs Séchées - 3 Pièces,ED-001-RES,525,2026-04-21 19:46:07.949,,y
3137,"Set ""Mots du Cœur Uno"" – Mug avec Inscription & Sous-Tasse",PMC-002-KER,525,2026-04-21 19:46:07.949,,y
3138,Ensemble Décoratif en Résine avec Fleurs Séchées - 6 Pièces,ED-005-RES,525,2026-04-21 19:46:07.949,,y
3139,"Set ""Cœur à Cœur"" – Mug et Plateau en Céramique",PCC-001-KER,525,2026-04-21 19:46:07.949,,y
3140,Mathred-Coupe à Pied Martelée en Cuivre Argenté,MC-001-KB,525,2026-04-21 19:46:07.949,,y
3141,Ensemble Décoratif en Résine Marbrée avec Fleurs Séchées - 4 Pièces,ED-004-RES,525,2026-04-21 19:46:07.949,,y
3142,"Set ""Cœur à Cœur"" – Mug et Plateau en Céramique",PCC-001-KER,525,2026-04-21 19:46:07.949,,y
3143,Action Vérité Bitounsi - Jeu D'ambiance,SS-AV-001,525,2026-04-21 19:46:07.949,,y
3144,"Set ""Cœur à Cœur"" – Mug et Plateau en Céramique",PCC-001-KER,525,2026-04-21 19:46:07.949,,y
3145,Ensemble Décoratif Minimaliste en Résine Blanche - 4 Pièces,ED-002-RES,525,2026-04-21 19:46:07.949,,y
3146,"Set ""Cœur à Cœur"" – Mug et Plateau en Céramique",PCC-001-KER,525,2026-04-21 19:46:07.949,,y
3147,Lunch-box Bento,LB-001-SB,525,2026-04-21 19:46:07.949,,y
3148,Sculptures Moaï en Béton – L’Art Mystique de l’Île de Pâques,SMB-001-FP,525,2026-04-21 19:46:07.949,,y
3149,Ensemble Décoratif Compact en Résine Marbrée avec Fleurs Séchées - 3 Pièces,ED-001-RES,525,2026-04-21 19:46:07.949,,y
3150,Ensemble Décoratif en Résine Marbrée avec Fleurs Séchées - 4 Pièces,ED-004-RES,525,2026-04-21 19:46:07.949,,y
3151,"Set ""Cœur à Cœur"" – Mug et Plateau en Céramique",PCC-001-KER,525,2026-04-21 19:46:07.949,,y
3152,Ensemble Décoratif en Résine Marbrée avec Dorures - 4 Pièces,ED-003-RES,525,2026-04-21 19:46:07.949,,y
3153,Ensemble Décoratif Minimaliste en Résine Blanche - 4 Pièces,ED-002-RES,525,2026-04-21 19:46:07.949,,y
3154,"Carafe et 6 Gobelets ""Olivéa"" en Grès – Élégance Naturelle et Authentique",CGO-001-2M,525,2026-04-21 19:46:07.949,,y
3155,"Set ""Duo Envoûtant"" – Mug et Plateau en Céramique",PDE-001-KER,525,2026-04-21 19:46:07.949,,y
3156,Ensemble Décoratif Compact en Résine Marbrée avec Fleurs Séchées - 3 Pièces,ED-001-RES,525,2026-04-21 19:46:07.949,,y
3157,"Set ""Cœur à Cœur"" – Mug et Plateau en Céramique",PCC-001-KER,525,2026-04-21 19:46:07.949,,y
3158,Ensemble Décoratif Minimaliste en Résine Blanche - 4 Pièces,ED-002-RES,525,2026-04-21 19:46:07.949,,y
3159,Boîte en céramique avec calligraphie arabe bleue (13cm),BC-003-RL,525,2026-04-21 19:46:07.949,,y
3160,Pack Ottoman en Céramique – Élégance et Artisanat,POC-001-RL,525,2026-04-21 19:46:07.949,,y
3161,"Set ""Cœur à Cœur"" – Mug et Plateau en Céramique",PCC-001-KER,525,2026-04-21 19:46:07.949,,y
3162,Ensemble Décoratif en Résine Marbrée avec Dorures - 4 Pièces,ED-003-RES,525,2026-04-21 19:46:07.949,,y
3163,Plateau rond profond en cuivre martelé (34cm),PCM-002-KB,525,2026-04-21 19:46:07.949,,y
3164,"Set ""Cœur à Cœur"" – Mug et Plateau en Céramique",PCC-001-KER,525,2026-04-21 19:46:07.949,,y
3165,Ensemble Décoratif Minimaliste en Résine Blanche - 4 Pièces,ED-002-RES,525,2026-04-21 19:46:07.949,,y
3166,"Set de Vaisselle ""Organica"" - 4 Personnes",SVO-001,525,2026-04-21 19:46:07.949,,y
3167,Jeu Nes Bekri Kalou ناس بكري قالوا,NBK-001-OSL,525,2026-04-21 19:46:07.949,,y
3168,Action Vérité Bitounsi + 108 Extra Cartes - Jeu D'ambiance,SS-AV-002,525,2026-04-21 19:46:07.949,,y
3169,"Set ""Cœur à Cœur"" – Mug et Plateau en Céramique",PCC-001-KER,525,2026-04-21 19:46:07.949,,y
3170,"Service de Table ""Astéria"" - 6 Personnes",STE-001-EN-6,525,2026-04-21 19:46:07.949,,y
3171,طلّع بالتونسي - TALA3 BITOUNSI,SS-TT-001,525,2026-04-21 19:46:07.949,,y
3172,"Set ""Cœur à Cœur"" – Mug et Plateau en Céramique",PCC-001-KER,525,2026-04-21 19:46:07.949,,y
3173,Bouteille en céramique décorée avec bouchon en liège,BCP-001-RL,525,2026-04-21 19:46:07.950,,y
3174,Action Vérité Bitounsi + 108 Extra Cartes - Jeu D'ambiance,SS-AV-002,525,2026-04-21 19:46:07.950,,y
3175,Set de 6 Verres en Verre Soufflé - Collection Didon,S6V-001-OD,525,2026-04-21 19:46:07.950,,y
3176,Bouteille en Céramique Andalous – 75 cl,BO-001-RL,525,2026-04-21 19:46:07.950,,y
3177,"Set ""Cœur à Cœur"" – Mug et Plateau en Céramique",PCC-001-KER,525,2026-04-21 19:46:07.950,,y
3178,Set Mots du Cœur Duo,PMC-001-KER,525,2026-04-21 19:46:07.950,,y
3179,"Service de Table ""Astéria"" - 4 Personnes",SA-001-NA-4,525,2026-04-21 19:46:07.950,,y
3180,"Set ""Cœur à Cœur"" – Mug et Plateau en Céramique",PCC-001-KER,525,2026-04-21 19:46:07.950,,y
3181,Set Mots du Cœur Duo,PMC-001-KER,525,2026-04-21 19:46:07.950,,y
3182,Action Vérité Bitounsi + 108 Extra Cartes - Jeu D'ambiance,SS-AV-002,525,2026-04-21 19:46:07.950,,y
3183,Jeu De Mimes - ميم بالتونسي - Jeu D'ambiance,SS-MT-01,525,2026-04-21 19:46:07.950,,y
3184,L'archive - لرشيف,JA-001-ACH,525,2026-04-21 19:46:07.950,,y
3185,طلّع بالتونسي - TALA3 BITOUNSI,SS-TT-001,525,2026-04-21 19:46:07.950,,y
3186,Ensemble Décoratif en Résine Marbrée avec Fleurs Séchées - 4 Pièces,ED-004-RES,525,2026-04-21 19:46:07.950,,y
3187,Set Mots du Cœur Duo,PMC-001-KER,525,2026-04-21 19:46:07.950,,y
3188,Bouteille Ovale en Céramique – Motifs Ottomans Peints à la Main (75 cl),BCO-003-RL,525,2026-04-21 19:46:07.950,,y
3189,Tasse à café avec support en cuivre martelé et soucoupe,TCC-001-KB,525,2026-04-21 19:46:07.950,,y
3190,Bonbonnières en verre soufflé & cuivre martelé - Miel,BON-VS-ML,525,2026-04-21 19:46:07.950,,y
3191,"Set de Vaisselle ""Organica"" - 6 Personnes",SVO-001-6V,525,2026-04-21 19:46:07.950,,y
3192,Zazwa en Cuivre Martelé avec Manche en Laiton (4pax),ZCL-002-KB,525,2026-04-21 19:46:07.950,,y
3193,Bonbonnières en verre soufflé & cuivre martelé - Transparent,BON-VS-TR,525,2026-04-21 19:46:07.950,,y
3194,Bonbonnières en verre soufflé & cuivre martelé - Miel,BON-VS-ML,525,2026-04-21 19:46:07.950,,y
3195,Set Mots du Cœur Duo,PMC-001-KER,525,2026-04-21 19:46:07.950,,y
3196,"Set ""Cœur à Cœur"" – Mug et Plateau en Céramique",PCC-001-KER,525,2026-04-21 19:46:07.950,,y
3197,Boîte en céramique avec calligraphie arabe bleue (13cm),BC-003-RL,525,2026-04-21 19:46:07.950,,y
3198,Cruche en céramique circulaire avec motifs andalous jaunes et bleus,CCL-001-RL,525,2026-04-21 19:46:07.950,,y
3199,Bonbonnières en verre soufflé & cuivre martelé - Miel,BON-VS-ML,525,2026-04-21 19:46:07.950,,y
3200,Bonbonnières en verre soufflé & cuivre martelé - Transparent,BON-VS-TR,525,2026-04-21 19:46:07.950,,y
3201,"Set Gourmet L’Éveil – Vaisselle en Céramique en Pâte Blanche (Bleu Gris, Terracotta, Vert d’Eau) - Gris, 6 Personnes",SGE-NA,525,2026-04-21 19:46:07.950,,y
3202,"Set de Vaisselle ""Organica"" - 6 Personnes",SVO-001-6V,525,2026-04-21 19:46:07.950,,y
3203,"Set ""Cœur à Cœur"" – Mug et Plateau en Céramique",PCC-001-KER,525,2026-04-21 19:46:07.950,,y
3204,Set Mots du Cœur Duo,PMC-001-KER,525,2026-04-21 19:46:07.950,,y
3205,Bonbonnières en verre soufflé & cuivre martelé - Miel,BON-VS-ML,525,2026-04-21 19:46:07.950,,y
3206,"Set Gourmet L’Éveil – Vaisselle en Céramique en Pâte Blanche (Bleu Gris, Terracotta, Vert d’Eau) - Vert, 4 Personnes",SGE-NA,525,2026-04-21 19:46:07.950,,y
3207,Planche en Céramique Andalous – Élégance Artisanale,PC-002-RL,525,2026-04-21 19:46:07.950,,y
3208,Verre de thé avec base en cuivre,VTC-001-KB,525,2026-04-21 19:46:07.950,,y
3209,Mathred-Coupe à Pied Martelée en Cuivre Argenté,MC-001-KB,525,2026-04-21 19:46:07.950,,y
3210,Tasse à café avec support en cuivre martelé et soucoupe,TCC-001-KB,525,2026-04-21 19:46:07.950,,y
3211,Plateau rond en métal martelé (25cm),PCM-001-KB,525,2026-04-21 19:46:07.950,,y
3212,Boîte en verre avec couvercle en cuivre martelé,BVC-001-KB,525,2026-04-21 19:46:07.950,,y
3213,Plateau rond profond en cuivre martelé (34cm),PCM-002-KB,525,2026-04-21 19:46:07.950,,y
3214,"Carafe ""el bey"" en verre et cuivre martelé",CVC-001-KB,525,2026-04-21 19:46:07.950,,y
3215,Grand Vase Visage Minimaliste en Résine,VV-001-RES,525,2026-04-21 19:46:07.950,,y
3216,Coffret Flamme d’artisan - Jasmin Noir ou Silex - Jasmin noir,CFA-001-SO,525,2026-04-21 19:46:07.950,,y
3217,"Set Gourmet L’Éveil – Vaisselle en Céramique en Pâte Blanche (Bleu Gris, Terracotta, Vert d’Eau) - Vert, 6 Personnes",SGE-NA,525,2026-04-21 19:46:07.950,,y
3218,"Set ""Cœur à Cœur"" – Mug et Plateau en Céramique",PCC-001-KER,525,2026-04-21 19:46:07.950,,y
3219,"Mug ""Tendresse"" en Céramique – Fait Main avec Cœur Rouge",MTC-001-SZ,525,2026-04-21 19:46:07.950,,y
3220,Ensemble Décoratif en Résine Marbrée avec Dorures - 4 Pièces,ED-003-RES,525,2026-04-21 19:46:07.950,,y
3221,"Service de Table ""Astéria"" - 6 Personnes",STE-001-EN-6,525,2026-04-21 19:46:07.950,,y
3222,"Set de Vaisselle ""Organica"" - 6 Personnes",SVO-001-6V,525,2026-04-21 19:46:07.950,,y
3223,Set Tanit Quattro - Carafe et 4 Verres en Verre Soufflé,Set-Tanit-Quattro---Carafe-et-4-Verres-en-Verre-Soufflé,525,2026-04-21 19:46:07.950,,y
3224,Planche en Céramique Andalous – Élégance Artisanale,PC-002-RL,525,2026-04-21 19:46:07.950,,y
3225,Sous-Plat Rond en Céramique Andalous – 20 cm,SPR-003-RL,525,2026-04-21 19:46:07.950,,y
3226,"Set Gourmet L’Éveil – Vaisselle en Céramique en Pâte Blanche (Bleu Gris, Terracotta, Vert d’Eau) - Gris, 6 Personnes",SGE-NA,525,2026-04-21 19:46:07.950,,y
3227,"Set Gourmet L’Éveil – Vaisselle en Céramique en Pâte Blanche (Bleu Gris, Terracotta, Vert d’Eau) - Vert, 6 Personnes",SGE-NA,525,2026-04-21 19:46:07.950,,y
3228,"Set Gourmet L’Éveil – Vaisselle en Céramique en Pâte Blanche (Bleu Gris, Terracotta, Vert d’Eau) - Vert, 6 Personnes",SGE-NA,525,2026-04-21 19:46:07.950,,y
3229,Pack Andalous en Céramique – Élégance et Tradition,PAC-001-RL,525,2026-04-21 19:46:07.950,,y
3230,"Set de Vaisselle ""Organica"" - 6 Personnes",SVO-001-6V,525,2026-04-21 19:46:07.950,,y
3231,"🖤 Carafe et 6 Gobelets ""Séli"" en Grès – Élégance Naturelle et Authentique",CGS-002-2M,525,2026-04-21 19:46:07.950,,y
3232,"Set de Vaisselle ""Organica"" en Pâte Blanche – 19 Pièces pour 6 Personnes - 4 Personnes",SVO-001,525,2026-04-21 19:46:07.950,,y
3233,Théière en cuivre martelé,TCM-001-KB,525,2026-04-21 19:46:07.950,,y
3234,Verre de thé avec base en cuivre,VTC-001-KB,525,2026-04-21 19:46:07.950,,y
3235,Grand Vase Visage Minimaliste en Résine,VV-001-RES,525,2026-04-21 19:46:07.950,,y
3236,Ensemble Décoratif Minimaliste en Résine Blanche - 4 Pièces,ED-002-RES,525,2026-04-21 19:46:07.950,,y
3237,Ensemble Décoratif en Résine Marbrée avec Fleurs Séchées - 4 Pièces,ED-004-RES,525,2026-04-21 19:46:07.950,,y
3238,"Set de Vaisselle ""Organica"" en Pâte Blanche – 19 Pièces pour 6 Personnes",SVO-001,525,2026-04-21 19:46:07.950,,y
3239,"Set de Vaisselle ""Organica"" en Pâte Blanche – 19 Pièces pour 6 Personnes",SVO-001,525,2026-04-21 19:46:07.950,,y
3240,"Set de Vaisselle ""Organica"" en Pâte Blanche – 19 Pièces pour 6 Personnes",SVO-001,525,2026-04-21 19:46:07.950,,y
3241,Ensemble Décoratif en Résine Marbrée avec Fleurs Séchées - 4 Pièces,ED-004-RES,525,2026-04-21 19:46:07.950,,y
3242,Grand Vase Visage Minimaliste en Résine,VV-001-RES,525,2026-04-21 19:46:07.950,,y
3243,"Set ""Cœur à Cœur"" – Mug et Plateau en Céramique",PCC-001-KER,525,2026-04-21 19:46:07.950,,y
3244,Pack Andalous en Céramique – Élégance et Tradition,PAC-001-RL,525,2026-04-21 19:46:07.950,,y
3245,"Set ""Cœur à Cœur"" – Mug et Plateau en Céramique",PCC-001-KER,525,2026-04-21 19:46:07.950,,y
3246,Échiquier en Bois d'Olivier – Pièce d’Artisanat Élégante - 50*50,JEB-BF,525,2026-04-21 19:46:07.950,,y
3247,طلّع بالتونسي - TALA3 BITOUNSI,SS-TT-001,525,2026-04-21 19:46:07.950,,y
3248,Action Vérité Bitounsi + 108 Extra Cartes - Jeu D'ambiance,SS-AV-002,525,2026-04-21 19:46:07.950,,y
3249,Cruche en céramique circulaire avec motifs andalous jaunes et bleus,CCL-001-RL,525,2026-04-21 19:46:07.950,,y
3250,Mathred-Coupe à Pied Martelée en Cuivre Argenté,MC-001-KB,525,2026-04-21 19:46:07.950,,y
3251,Mrach-Encensoir Traditionnel en Métal Martelé avec Pompon Bleu,LPC-001-KB,525,2026-04-21 19:46:07.950,,y
3252,Petite Zazwa en Cuivre Martelé,ZCL-001-KB,525,2026-04-21 19:46:07.950,,y
3253,Échiquier en Bois d'Olivier – Pièce d’Artisanat Élégante - 50*50,JEB-BF,525,2026-04-21 19:46:07.950,,y
3254,Set Mots du Cœur Duo,PMC-001-KER,525,2026-04-21 19:46:07.950,,y
3255,"Set Calligraphie Arabe – Cruche, Sous-Plat & Planche en Céramique",SCA-001-RL,525,2026-04-21 19:46:07.950,,y
3256,"Set ""Cœur à Cœur"" – Mug et Plateau en Céramique",PCC-001-KER,525,2026-04-21 19:46:07.950,,y
3257,"Set ""Cœur à Cœur"" – Mug et Plateau en Céramique",PCC-001-KER,525,2026-04-21 19:46:07.950,,y
3258,Ensemble Décoratif en Résine Marbrée avec Dorures - 4 Pièces,ED-003-RES,525,2026-04-21 19:46:07.950,,y
3259,Planche en Céramique Andalous – Élégance Artisanale,PC-002-RL,525,2026-04-21 19:46:07.950,,y
3260,Sous-Plat Rond en Céramique Andalous – 20 cm,SPR-003-RL,525,2026-04-21 19:46:07.950,,y
3261,Bouteille en Céramique à Motifs Andalous,BCA-001-RL,525,2026-04-21 19:46:07.950,,y
3262,"Set ""Mots du Cœur Uno"" – Mug avec Inscription & Sous-Tasse",PMC-002-KER,525,2026-04-21 19:46:07.950,,y
3263,Set Mots du Cœur Duo,PMC-001-KER,525,2026-04-21 19:46:07.950,,y
3264,"Set ""Mots du Cœur Uno"" – Mug avec Inscription & Sous-Tasse",PMC-002-KER,525,2026-04-21 19:46:07.950,,y
3265,Set Mots du Cœur Duo,PMC-001-KER,525,2026-04-21 19:46:07.950,,y
3266,Set Mots du Cœur Duo,PMC-001-KER,525,2026-04-21 19:46:07.950,,y
3267,"Set ""Duo Envoûtant"" – Mug et Plateau en Céramique",PDE-001-KER,525,2026-04-21 19:46:07.950,,y
3268,"Set ""Mots du Cœur Uno"" – Mug avec Inscription & Sous-Tasse",PMC-002-KER,525,2026-04-21 19:46:07.950,,y
3269,"Set ""Cœur à Cœur"" – Mug et Plateau en Céramique",PCC-001-KER,525,2026-04-21 19:46:07.950,,y
3270,"Set ""Duo Envoûtant"" – Mug et Plateau en Céramique",PDE-001-KER,525,2026-04-21 19:46:07.950,,y
3271,"Set ""Duo Envoûtant"" – Mug et Plateau en Céramique",PDE-001-KER,525,2026-04-21 19:46:07.950,,y
3272,"Set ""Cœur à Cœur"" – Mug et Plateau en Céramique",PCC-001-KER,525,2026-04-21 19:46:07.950,,y
3273,"Set ""Cœur à Cœur"" – Mug et Plateau en Céramique",PCC-001-KER,525,2026-04-21 19:46:07.950,,y
3274,Set Mots du Cœur Duo,PMC-001-KER,525,2026-04-21 19:46:07.950,,y
3275,"Set ""Cœur à Cœur"" – Mug et Plateau en Céramique",PCC-001-KER,525,2026-04-21 19:46:07.950,,y
3276,"Set ""Cœur à Cœur"" – Mug et Plateau en Céramique",PCC-001-KER,525,2026-04-21 19:46:07.950,,y
3277,Set Mots du Cœur Duo,PMC-001-KER,525,2026-04-21 19:46:07.950,,y
3278,"Set ""Duo Envoûtant"" – Mug et Plateau en Céramique",PDE-001-KER,525,2026-04-21 19:46:07.950,,y
3279,Plateau rond en métal martelé (25cm),PCM-001-KB,525,2026-04-21 19:46:07.950,,y
3280,Tasse à café avec support en cuivre martelé et soucoupe,TCC-001-KB,525,2026-04-21 19:46:07.950,,y
3281,"Set ""Duo Envoûtant"" – Mug et Plateau en Céramique",PDE-001-KER,525,2026-04-21 19:46:07.950,,y
3282,Set Mots du Cœur Duo,PMC-001-KER,525,2026-04-21 19:46:07.950,,y
3283,Théière en cuivre martelé,TCM-001-KB,525,2026-04-21 19:46:07.950,,y
3284,Verre de thé avec base en cuivre,VTC-001-KB,525,2026-04-21 19:46:07.950,,y
3285,"Set ""Cœur à Cœur"" – Mug et Plateau en Céramique",PCC-001-KER,525,2026-04-21 19:46:07.950,,y
3286,"Set ""Cœur à Cœur"" – Mug et Plateau en Céramique",PCC-001-KER,525,2026-04-21 19:46:07.950,,y
3287,"Set ""Mots du Cœur Uno"" – Mug avec Inscription & Sous-Tasse",PMC-002-KER,525,2026-04-21 19:46:07.950,,y
3288,Duo cœur à cœur + Plateau,Duo-cœur-à-cœur-+-Plateau,525,2026-04-21 19:46:07.951,,y
3289,"Set ""Cœur à Cœur"" – Mug et Plateau en Céramique",PCC-001-KER,525,2026-04-21 19:46:07.951,,y
3290,"Set ""Cœur à Cœur"" – Mug et Plateau en Céramique",PCC-001-KER,525,2026-04-21 19:46:07.951,,y
3291,"Set ""Duo Envoûtant"" – Mug et Plateau en Céramique",PDE-001-KER,525,2026-04-21 19:46:07.951,,y
3292,"Set ""Cœur à Cœur"" – Mug et Plateau en Céramique",PCC-001-KER,525,2026-04-21 19:46:07.951,,y
3293,"Set ""Cœur à Cœur"" – Mug et Plateau en Céramique",PCC-001-KER,525,2026-04-21 19:46:07.951,,y
3294,"Set ""Duo Envoûtant"" – Mug et Plateau en Céramique",PDE-001-KER,525,2026-04-21 19:46:07.951,,y
3295,"Set ""Mots du Cœur Uno"" – Mug avec Inscription & Sous-Tasse",PMC-002-KER,525,2026-04-21 19:46:07.951,,y
3296,Set Mots du Cœur Duo,PMC-001-KER,525,2026-04-21 19:46:07.951,,y
3297,Set Mots du Cœur Duo,PMC-001-KER,525,2026-04-21 19:46:07.951,,y
3298,"Set Calligraphie Arabe – Cruche, Sous-Plat & Planche en Céramique",SCA-001-RL,525,2026-04-21 19:46:07.951,,y
3299,Ensemble Décoratif en Résine Marbrée avec Dorures - 4 Pièces,ED-003-RES,525,2026-04-21 19:46:07.951,,y
3300,"Set ""Cœur à Cœur"" – Mug et Plateau en Céramique",PCC-001-KER,525,2026-04-21 19:46:07.951,,y
3301,Vase en céramique avec motifs de poissons colorés- Samak,VC-001-RL,525,2026-04-21 19:46:07.951,,y
3302,Set Mots du Cœur Duo,PMC-001-KER,525,2026-04-21 19:46:07.951,,y
3303,"Set ""Cœur à Cœur"" – Mug et Plateau en Céramique",PCC-001-KER,525,2026-04-21 19:46:07.951,,y
3304,Set Mots du Cœur,PMC-001-KER,525,2026-04-21 19:46:07.951,,y
3305,Ensemble Décoratif en Résine avec Fleurs Séchées - 6 Pièces,ED-005-RES,525,2026-04-21 19:46:07.951,,y
3306,Pack Ottoman en Céramique – Élégance et Artisanat,POC-001-RL,525,2026-04-21 19:46:07.951,,y
3307,Porte-serviettes en céramique décoré,PSC-001-RL,525,2026-04-21 19:46:07.951,,y
3308,Zazwa en Cuivre Martelé avec Manche en Laiton (4pax),ZCL-002-KB,525,2026-04-21 19:46:07.951,,y
3309,Petite Zazwa en Cuivre Martelé,ZCL-001-KB,525,2026-04-21 19:46:07.951,,y
3310,Bouteille en Céramique – Motifs Ottomans Peints à la Main (75 cl),BCO-001-RL,525,2026-04-21 19:46:07.951,,y
3311,Ensemble Décoratif en Résine Marbrée avec Fleurs Séchées - 4 Pièces,ED-004-RES,525,2026-04-21 19:46:07.951,,y
3312,Ensemble Décoratif Minimaliste en Résine Blanche - 4 Pièces,ED-002-RES,525,2026-04-21 19:46:07.951,,y
3313,Coffret Diffuseur et Bougie - Jasmin Noir ou Silex - Jasmin noir,CFA-001-SO,525,2026-04-21 19:46:07.951,,y
3314,Ensemble Décoratif Compact en Résine Marbrée avec Fleurs Séchées - 3 Pièces,ED-001-RES,525,2026-04-21 19:46:07.951,,y
3315,Bouteille en Céramique à Motifs Andalous,BCA-001-RL,525,2026-04-21 19:46:07.951,,y
3316,Cruche en céramique circulaire avec motifs andalous jaunes et bleus,CCL-001-RL,525,2026-04-21 19:46:07.951,,y
3317,Porte-serviettes en céramique décoré,PSC-001-RL,525,2026-04-21 19:46:07.951,,y
3318,Boîte rectangulaire en céramique avec couvercle décoré de motifs géométriques,BC-002-RL,525,2026-04-21 19:46:07.951,,y
3319,Jeu Nes Bekri Kalou ناس بكري قالوا,NBK-001-OSL,525,2026-04-21 19:46:07.951,,y
3320,Cruche en céramique circulaire avec motifs andalous jaunes et bleus,CCL-001-RL,525,2026-04-21 19:46:07.951,,y
3321,Mathred-Coupe à Pied Martelée en Cuivre Argenté,MC-001-KB,525,2026-04-21 19:46:07.951,,y
3322,Ensemble Décoratif Minimaliste en Résine Blanche - 4 Pièces,ED-002-RES,525,2026-04-21 19:46:07.951,,y
3323,Ensemble Décoratif Minimaliste en Résine Blanche - 4 Pièces,ED-002-RES,525,2026-04-21 19:46:07.951,,y
3324,Ensemble Décoratif en Résine Marbrée avec Dorures - 4 Pièces,ED-003-RES,525,2026-04-21 19:46:07.951,,y
3325,Coffret Diffuseur et Bougie - Jasmin Noir ou Silex - Jasmin noir,CFA-001-SO,525,2026-04-21 19:46:07.951,,y
3326,Cruche en céramique circulaire avec motifs andalous jaunes et bleus,CCL-001-RL,525,2026-04-21 19:46:07.951,,y
3327,Mathred-Coupe à Pied Martelée en Cuivre Argenté,MC-001-KB,525,2026-04-21 19:46:07.951,,y
3328,Zazwa en Cuivre Martelé avec Manche en Laiton (4pax),ZCL-002-KB,525,2026-04-21 19:46:07.951,,y
3329,Cruche en céramique circulaire avec motifs andalous jaunes et bleus,CCL-001-RL,525,2026-04-21 19:46:07.951,,y
3330,Bouteille en Céramique à Motifs Andalous,BCA-001-RL,525,2026-04-21 19:46:07.951,,y
3331,Zazwa en Cuivre Martelé avec Manche en Laiton (4pax),ZCL-002-KB,525,2026-04-21 19:46:07.951,,y
3332,Ensemble Décoratif en Résine avec Fleurs Séchées - 6 Pièces,ED-005-RES,525,2026-04-21 19:46:07.951,,y
3333,Ensemble Décoratif en Résine Marbrée avec Fleurs Séchées - 4 Pièces,ED-004-RES,525,2026-04-21 19:46:07.951,,y
3334,Ensemble Décoratif en Résine avec Fleurs Séchées - 6 Pièces,ED-005-RES,525,2026-04-21 19:46:07.951,,y
3335,Ensemble Décoratif Compact en Résine Marbrée avec Fleurs Séchées - 3 Pièces,ED-001-RES,525,2026-04-21 19:46:07.951,,y
3336,Boîte rectangulaire en céramique avec couvercle décoré de motifs géométriques,BC-002-RL,525,2026-04-21 19:46:07.951,,y
3337,Bouteille en Céramique à Motifs Andalous,BCA-001-RL,525,2026-04-21 19:46:07.951,,y
3338,Mug en céramique minimaliste,MC-001-RL,525,2026-04-21 19:46:07.951,,y
3339,لعبة الباندي - Jeu D’ambiance,SS-JB-001,525,2026-04-21 19:46:07.951,,y
3340,Jeu Nes Bekri Kalou ناس بكري قالوا,NBK-001-OSL,525,2026-04-21 19:46:07.951,,y
3341,Jeu Nes Bekri Kalou ناس بكري قالوا,NBK-001-OSL,525,2026-04-21 19:46:07.951,,y
3342,طلّع بالتونسي - TALA3 BITOUNSI,SS-TT-001,525,2026-04-21 19:46:07.951,,y
3343,Set Tanit Quattro - Carafe et 4 Verres en Verre Soufflé,Set-Tanit-Quattro---Carafe-et-4-Verres-en-Verre-Soufflé,525,2026-04-21 19:46:07.952,,y
3344,Jeu De Mimes - ميم بالتونسي - Jeu D'ambiance,SS-MT-01,525,2026-04-21 19:46:07.952,,y
3345,Jeu Nes Bekri Kalou ناس بكري قالوا,NBK-001-OSL,525,2026-04-21 19:46:07.952,,y
3346,Jeu Nes Bekri Kalou ناس بكري قالوا,NBK-001-OSL,525,2026-04-21 19:46:07.952,,y
3347,brume de corps Passion Jasmin,brume-de-corps-Passion-Jasmin,525,2026-04-21 19:46:07.952,,y
3348,Jeu De Mimes - ميم بالتونسي - Jeu D'ambiance,SS-MT-01,525,2026-04-21 19:46:07.952,,y
3349,لعبة الباندي - Jeu D’ambiance,SS-JB-001,525,2026-04-21 19:46:07.952,,y
3350,Jeu Nes Bekri Kalou ناس بكري قالوا,NBK-001-OSL,525,2026-04-21 19:46:07.952,,y
3351,Loup Garou Bitounsi - Jeu D'ambiance,SS-LG-01,525,2026-04-21 19:46:07.952,,y
3352,Lunch-box Bento,LB-001-SB,525,2026-04-21 19:46:07.952,,y
3353,Jeu Nes Bekri Kalou ناس بكري قالوا,NBK-001-OSL,525,2026-04-21 19:46:07.952,,y
3354,Huile de Pépin de Courge,Huile-de-Pépin-de-Courge,525,2026-04-21 19:46:07.952,,y
3355,Lunch-box Bento,LB-001-SB,525,2026-04-21 19:46:07.952,,y
3356,Coussin Géométrique Style Boho 50cm*30cm - Avec,Coussin-Géométrique-Style-Boho-50cm*30cm---Avec,525,2026-04-21 19:46:07.952,,y
3357,Diffuseur d'ambiance SOUGUI - Jasmin Noir,Diffuseur-d'ambiance-SOUGUI---Jasmin-Noir,525,2026-04-21 19:46:07.952,,y
3358,طلّع بالتونسي - TALA3 BITOUNSI,SS-TT-001,525,2026-04-21 19:46:07.952,,y
3359,Cape en Lin avec Peinture à la Main,Cape-en-Lin-avec-Peinture-à-la-Main,525,2026-04-21 19:46:07.952,,y
3360,Couffin paniers,Couffin-paniers,525,2026-04-21 19:46:07.952,,y
3361,Jeu Nes Bekri Kalou ناس بكري قالوا,NBK-001-OSL,525,2026-04-21 19:46:07.952,,y
3362,Action Vérité Bitounsi + 108 Extra Cartes - Jeu D'ambiance,SS-AV-002,525,2026-04-21 19:46:07.952,,y
3363,Jeu De Mimes - ميم بالتونسي - Jeu D'ambiance,SS-MT-01,525,2026-04-21 19:46:07.952,,y
3364,Jeu Nes Bekri Kalou ناس بكري قالوا,NBK-001-OSL,525,2026-04-21 19:46:07.952,,y
3365,Action Vérité Bitounsi - Jeu D'ambiance,SS-AV-001,525,2026-04-21 19:46:07.952,,y
3366,Jeu Nes Bekri Kalou ناس بكري قالوا,NBK-001-OSL,525,2026-04-21 19:46:07.952,,y
3367,Action Vérité Bitounsi - Jeu D'ambiance,SS-AV-001,525,2026-04-21 19:46:07.952,,y
3368,Beurre de Coco,Beurre-de-Coco,525,2026-04-21 19:46:07.953,,y
3369,لعبة الباندي - Jeu D’ambiance,SS-JB-001,525,2026-04-21 19:46:07.953,,y
3370,Action Vérité Bitounsi + 108 Extra Cartes - Jeu D'ambiance,SS-AV-002,525,2026-04-21 19:46:07.953,,y
3371,Jeu Nes Bekri Kalou ناس بكري قالوا,NBK-001-OSL,525,2026-04-21 19:46:07.953,,y
3372,Loup Garou Bitounsi - Jeu D'ambiance,SS-LG-01,525,2026-04-21 19:46:07.953,,y
3373,Jeu Nes Bekri Kalou ناس بكري قالوا,NBK-001-OSL,525,2026-04-21 19:46:07.953,,y
3374,Jeu Nes Bekri Kalou ناس بكري قالوا,NBK-001-OSL,525,2026-04-21 19:46:07.953,,y
3375,Déodorant Solide Jasmin 50g,Déodorant-Solide-Jasmin-50g,525,2026-04-21 19:46:07.953,,y
3376,Déodorant Solide Rose 50g,Déodorant-Solide-Rose-50g,525,2026-04-21 19:46:07.953,,y
3377,Déodorant Solide Vanille 50g,Déodorant-Solide-Vanille-50g,525,2026-04-21 19:46:07.953,,y
3378,Jeu Nes Bekri Kalou ناس بكري قالوا,NBK-001-OSL,525,2026-04-21 19:46:07.953,,y
3379,Jeu Nes Bekri Kalou ناس بكري قالوا,NBK-001-OSL,525,2026-04-21 19:46:07.953,,y
3380,Beurre d’Avocat,Beurre-d’Avocat,525,2026-04-21 19:46:07.953,,y
3381,Baume à Lèvre Embrasse Moi,Baume-à-Lèvre-Embrasse-Moi,525,2026-04-21 19:46:07.953,,y
3382,Broche Cuivre Artisanale avec Pierre Semi-Précieuse Turquoise,Broche-Cuivre-Artisanale-avec-Pierre-Semi-Précieuse-Turquoise,525,2026-04-21 19:46:07.953,,y
3383,Beurre d’Avocat,Beurre-d’Avocat,525,2026-04-21 19:46:07.953,,y
3384,Diffuseur Voiture Citron,Diffuseur-Voiture-Citron,525,2026-04-21 19:46:07.953,,y
3385,Diffuseur Voiture Jasmin,Diffuseur-Voiture-Jasmin,525,2026-04-21 19:46:07.953,,y
3386,Diffuseur Voiture Roses et Fruits Rouges,Diffuseur-Voiture-Roses-et-Fruits-Rouges,525,2026-04-21 19:46:07.953,,y
3387,Jeu Nes Bekri Kalou ناس بكري قالوا,NBK-001-OSL,525,2026-04-21 19:46:07.953,,y
3388,Parfum de Linge C'est Du Propre,Parfum-de-Linge-C'est-Du-Propre,525,2026-04-21 19:46:07.953,,y
3389,Bonbonnières en verre soufflé & cuivre martelé - Transparent,BON-VS-TR,525,2026-04-21 19:46:07.953,,y
3390,Ensemble de vases en céramique avec motifs berbères - Gris,TVC-003-RL,525,2026-04-21 19:46:07.953,,y
3391,"Action Vérité Bitounsi + 108 Extra Cartes - Jeu D'ambiance
Jeu De Mimes - ميم بالتونسي - Jeu D'ambiance
Set ""Duo Envoûtant"" – Mug et Plateau en Céramique","SS-AV-002
SS-MT-01
PDE-001-KER",525,2026-04-21 19:46:07.953,,y
3392,"Carafe et 6 Gobelets ""Olivéa"" en Grès – Élégance Naturelle et Authentique",CGO-001-2M,525,2026-04-21 19:46:07.953,,y
3393,"Carafe et 6 Gobelets ""Olivéa"" en Grès – Élégance Naturelle et Authentique",CGO-001-2M,525,2026-04-21 19:46:07.953,,y
3394,Bonbonnières en verre soufflé & cuivre martelé - Transparent,BON-VS-TR,525,2026-04-21 19:46:07.953,,y
3395,"Collection Émotion – Tasses & Soucoupes Artisanales - Fleurs Ciel
Mug Bohème en céramique artisanale – Avec sous-tasse - Cœurs Rouges
Mug Bohème en céramique artisanale – Avec sous-tasse - Fleurs Orange
Mug Bohème en céramique artisanale – Avec sous-tasse - Fleurs Bleues","TSC-ART-001-CL
MUG-BOH-CR
MUG-BOH-FO
MUG-BOH-FB",525,2026-04-21 19:46:07.953,,y
3396,"Bonbonnières en verre soufflé & cuivre martelé - Ebène
Mug Bohème en céramique artisanale – Avec sous-tasse - Fleurs Multicolores","BON-VS-EB
MUG-BOH-FM",525,2026-04-21 19:46:07.953,,y
3397,Jeu De Mimes - ميم بالتونسي - Jeu D'ambiance,SS-MT-01,525,2026-04-21 19:46:07.953,,y
3398,"Set ""Olivéa"" en Grès - 12 pièces",CGO-001-2M-12,525,2026-04-21 19:46:07.953,,y
3399,"Bonbonnières en verre soufflé & cuivre martelé - Transparent
طلّع بالتونسي - TALA3 BITOUNSI","BON-VS-TR
SS-TT-001",525,2026-04-21 19:46:07.953,,y
3400,Action Vérité Bitounsi + 108 Extra Cartes - Jeu D'ambiance,SS-AV-002,525,2026-04-21 19:46:07.953,,y
3401,Jeu Nes Bekri Kalou ناس بكري قالوا,NBK-001-OSL,525,2026-04-21 19:46:07.953,,y
3402,"Carafe et 6 Gobelets ""Olivéa"" en Grès – Élégance Naturelle et Authentique
Duo de Bouteilles avec Support ""Olivéa"" en Grès – Élégance Naturelle","CGO-001-2M
DBO-001-2M",525,2026-04-21 19:46:07.953,,y
3403,"Carafe et 6 Gobelets ""Olivéa"" en Grès – Élégance Naturelle et Authentique",CGO-001-2M,525,2026-04-21 19:46:07.953,,y
3404,Fouta artisanale en coton – 2m x 1m – Couleurs au choix - Vert,FOT-COT-VV,525,2026-04-21 19:46:07.953,,y
3405,"Set ""Duo Envoûtant"" – Mug et Plateau en Céramique",PDE-001-KER,525,2026-04-21 19:46:07.953,,y
3406,"Bonbonnières en verre soufflé & cuivre martelé - Transparent
Coffret Flamme d’artisan - Jasmin Noir ou Silex - Silex","BON-VS-TR
CFA-002-SO",525,2026-04-21 19:46:07.953,,y
3407,"Carafe et 6 Gobelets ""Olivéa"" en Grès – Élégance Naturelle et Authentique",CGO-001-2M,525,2026-04-21 19:46:07.953,,y
3408,"Carafe et 6 Gobelets ""Olivéa"" en Grès – Élégance Naturelle et Authentique",CGO-001-2M,525,2026-04-21 19:46:07.953,,y
3409,"Carafe et 6 Gobelets ""Olivéa"" en Grès – Élégance Naturelle et Authentique",CGO-001-2M,525,2026-04-21 19:46:07.953,,y
3410,Ensemble de vases en céramique avec motifs berbères - Bleu,TVC-002-RL,525,2026-04-21 19:46:07.953,,y
3411,"Tote Bag Sougui - Khomssa
Collection Émotion – Tasses & Soucoupes Artisanales - Fleurs Bleues
Mug Bohème en céramique artisanale – Avec sous-tasse - Cœurs Rouges","TOT-SO-004
TSC-ART-001-FB
MUG-BOH-CR",525,2026-04-21 19:46:07.953,,y
3412,Couffin artisanal en fibre végétale – Anses cuir & fouta offerte,COU-CUIR-FOUTA-002,525,2026-04-21 19:46:07.953,,y
3413,Couffin artisanal en fibre végétale – Anses cuir & fouta offerte,COU-CUIR-FOUTA-002,525,2026-04-21 19:46:07.953,,y
3414,Couffin artisanal en fibre végétale – Anses cuir & fouta offerte,COU-CUIR-FOUTA-002,525,2026-04-21 19:46:07.953,,y
3415,Couffin artisanal en fibre végétale – Anses cuir & fouta offerte,COU-CUIR-FOUTA-002,525,2026-04-21 19:46:07.953,,y
3416,"Plateau Mosaïque d’Olive - Motif 1
Vide-poches décoratif en bois d’olivier peint à la main – Motifs portes tunisiennes - Vert, Carré","PCB-003-BF
VPB-CO-VRT",525,2026-04-21 19:46:07.953,,y
3417,"Set de 6 Verres en Verre Soufflé - Collection Didon
Bonbonnières en verre soufflé & cuivre martelé - Ebène","S6V-001-OD
BON-VS-EB",525,2026-04-21 19:46:07.953,,y
3418,"Mug Bohème en céramique artisanale – Avec sous-tasse - Fleurs Orange
Mug Bohème en céramique artisanale – Avec sous-tasse - Fleurs Bleues
Collection Émotion – Tasses & Soucoupes Artisanales - Love & Cœurs Rouges
Sous plat “Rosace Azur” – Céramique décorative orientale","MUG-BOH-FO
MUG-BOH-FB
TSC-ART-001-LOV
SPR-004-RL",525,2026-04-21 19:46:07.953,,y
3419,Mug Bohème en céramique artisanale – Avec sous-tasse - Cœurs Rouges,MUG-BOH-CR,525,2026-04-21 19:46:07.953,,y
3420,"Fouta artisanale en coton – 2m x 1m – Couleurs au choix - Vert
Coffret Flamme d’artisan - Jasmin Noir ou Silex - Silex
Bouteille en Céramique – Motifs Ottomans Peints à la Main (75 cl)","FOT-COT-VV
CFA-002-SO
BCO-001-RL",525,2026-04-21 19:46:07.953,,y
3421,Jeu De Mimes - ميم بالتونسي - Jeu D'ambiance,SS-MT-01,525,2026-04-21 19:46:07.953,,y
3422,"Bouteille en Céramique – Motifs Ottomans Peints à la Main (75 cl)
Fouta artisanale en coton – 2m x 1m – Couleurs au choix - Violet
Coffret Flamme d’artisan - Jasmin Noir ou Silex - Silex","BCO-001-RL
FOT-COT-VG
CFA-002-SO",525,2026-04-21 19:46:07.953,,y
3423,"Carafe Tanit – Élégance en Verre Soufflé - Bleu, Premium",CTB-006,525,2026-04-21 19:46:07.953,,y
3424,"Action Vérité Bitounsi - Jeu D'ambiance
طلّع بالتونسي - TALA3 BITOUNSI
Jeu Nes Bekri Kalou ناس بكري قالوا","SS-AV-001
SS-TT-001
NBK-001-OSL",525,2026-04-21 19:46:07.953,,y
3425,"Set ""Duo Envoûtant"" – Mug et Plateau en Céramique
Coffret Flamme d’artisan - Jasmin Noir ou Silex - Silex","PDE-001-KER
CFA-002-SO",525,2026-04-21 19:46:07.953,,y
3426,"Set ""Duo Envoûtant"" – Mug et Plateau en Céramique
Coffret Flamme d’artisan - Jasmin Noir ou Silex - Silex","PDE-001-KER
CFA-002-SO",525,2026-04-21 19:46:07.953,,y
3427,Couffin artisanal en fibre végétale – Anses cuir & fouta offerte,COU-CUIR-FOUTA-002,525,2026-04-21 19:46:07.953,,y
3428,Couffin artisanal en fibre végétale – Anses cuir & fouta offerte,COU-CUIR-FOUTA-002,525,2026-04-21 19:46:07.953,,y
3429,"Carafe et 6 Gobelets ""Olivéa"" en Grès – Élégance Naturelle et Authentique",CGO-001-2M,525,2026-04-21 19:46:07.953,,y
3430,"طلّع بالتونسي - TALA3 BITOUNSI
Action Vérité Bitounsi - Jeu D'ambiance","SS-TT-001
SS-AV-001",525,2026-04-21 19:46:07.953,,y
3431,Coffret Flamme d’artisan - Jasmin Noir ou Silex - Silex,CFA-002-SO,525,2026-04-21 19:46:07.953,,y
3432,"Bonbonnières en verre soufflé & cuivre martelé - Miel
Carafe en Verre Soufflé - Didon - Solo, Marron","BON-VS-ML
CVD-001-CH-1",525,2026-04-21 19:46:07.953,,y
3433,Bougeoirs Ethniques en Céramique - Gris,TBC-003-RL,525,2026-04-21 19:46:07.953,,y
3434,Couffin artisanal en fibre végétale – Anses cuir & fouta offerte,COU-CUIR-FOUTA-002,525,2026-04-21 19:46:07.953,,y
3435,"Set ""Duo Envoûtant"" – Mug et Plateau en Céramique
Collection Émotion – Tasses & Soucoupes Artisanales - Fleurs Ciel","PDE-001-KER
TSC-ART-001-CL",525,2026-04-21 19:46:07.953,,y
3436,"Mug Bohème en céramique artisanale – Avec sous-tasse - Cœurs Rouges
Mug Bohème en céramique artisanale – Avec sous-tasse - Fleurs Multicolores
Mug Bohème en céramique artisanale – Avec sous-tasse - Fleurs Bleues
Mug Bohème en céramique artisanale – Avec sous-tasse - Fleurs Orange","MUG-BOH-CR
MUG-BOH-FM
MUG-BOH-FB
MUG-BOH-FO",525,2026-04-21 19:46:07.953,,y
3437,"Plateau Mosaïque d’Olive - Motif 1
Mug Bohème en céramique artisanale – Avec sous-tasse - Fleurs Multicolores","PCB-003-BF
MUG-BOH-FM",525,2026-04-21 19:46:07.953,,y
3438,"Coffret Flamme d’artisan - Jasmin Noir ou Silex - Silex
Fouta artisanale en coton – 2m x 1m – Couleurs au choix - Rose
Fouta artisanale en coton – 2m x 1m – Couleurs au choix - Vert","CFA-002-SO
FOT-COT-RG
FOT-COT-VV",525,2026-04-21 19:46:07.953,,y
3439,Couffin artisanal en fibre végétale – Elyssa - Cuir marron,COU-CUIR-003,525,2026-04-21 19:46:07.953,,y
3440,"Coffret Flamme d’artisan - Jasmin Noir ou Silex - Silex
Duo de Bouteilles avec Support ""Olivéa"" en Grès – Élégance Naturelle
Mug Bohème en céramique artisanale – Avec sous-tasse - Fleurs Multicolores","CFA-002-SO
DBO-001-2M
MUG-BOH-FM",525,2026-04-21 19:46:07.953,,y
3441,"Action Vérité Bitounsi + 108 Extra Cartes - Jeu D'ambiance
Mug Bohème en céramique artisanale – Avec sous-tasse - Fleurs Multicolores","SS-AV-002
MUG-BOH-FM",525,2026-04-21 19:46:07.954,,y
3442,Couffin artisanal en fibre végétale – Elyssa - Cuir marron,COU-CUIR-003,525,2026-04-21 19:46:07.954,,y
3443,Coffret Flamme d’artisan - Jasmin Noir ou Silex - Silex,CFA-002-SO,525,2026-04-21 19:46:07.954,,y
3444,"Mug Bohème en céramique artisanale – Avec sous-tasse - Cœurs Rouges
Mug Bohème en céramique artisanale – Avec sous-tasse - Fleurs Multicolores
Coffret Flamme d’artisan - Jasmin Noir ou Silex - Silex","MUG-BOH-CR
MUG-BOH-FM
CFA-002-SO",525,2026-04-21 19:46:07.954,,y
3445,"Bonbonnières en verre soufflé & cuivre martelé - Transparent
Coffret Flamme d’artisan - Jasmin Noir ou Silex - Silex","BON-VS-TR
CFA-002-SO",525,2026-04-21 19:46:07.954,,y
3446,Échiquier en Bois d'Olivier – Pièce d’Artisanat Élégante,JEB-BF,525,2026-04-21 19:46:07.954,,y
3447,Couffin artisanal en fibre végétale – Anses cuir & fouta offerte,COU-CUIR-FOUTA-002,525,2026-04-21 19:46:07.954,,y
3448,Couffin artisanal en fibre végétale – Anses cuir & fouta offerte,COU-CUIR-FOUTA-002,525,2026-04-21 19:46:07.954,,y
3449,"Carafe et 6 Gobelets ""Olivéa"" en Grès – Élégance Naturelle et Authentique",CGO-001-2M,525,2026-04-21 19:46:07.954,,y
3450,"Carafe et 6 Gobelets ""Olivéa"" en Grès – Élégance Naturelle et Authentique",CGO-001-2M,525,2026-04-21 19:46:07.954,,y
3451,"Set ""Duo Envoûtant"" – Mug et Plateau en Céramique
Mug Bohème en céramique artisanale – Avec sous-tasse - Fleurs Multicolores","PDE-001-KER
MUG-BOH-FM",525,2026-04-21 19:46:07.954,,y
3452,"Couffin artisanal en fibre végétale – Anses cuir & fouta offerte
Mug Bohème en céramique artisanale – Avec sous-tasse - Cœurs Rouges","COU-CUIR-FOUTA-002
MUG-BOH-CR",525,2026-04-21 19:46:07.954,,y
3453,Couffin artisanal en fibre végétale – Elyssa - Cuir beige,COU-CUIR-004,525,2026-04-21 19:46:07.954,,y
3454,"Carafe et 6 Gobelets ""Olivéa"" en Grès – Élégance Naturelle et Authentique",CGO-001-2M,525,2026-04-21 19:46:07.954,,y
3455,Couffin artisanal en fibre végétale – Elyssa,COU-CUIR-003,525,2026-04-21 19:46:07.954,,y
3456,Couffin artisanal en fibre végétale – Anses cuir & fouta offerte,COU-CUIR-FOUTA-002,525,2026-04-21 19:46:07.954,,y
3457,"Bonbonnières en verre soufflé & cuivre martelé - Miel
Fouta artisanale en coton – 2m x 1m – Couleurs au choix - Vert
Collection Émotion – Tasses & Soucoupes Artisanales - Fleurs rouge","BON-VS-ML
FOT-COT-VV
TSC-ART-001-RG",525,2026-04-21 19:46:07.954,,y
3458,"Bonbonnières en verre soufflé & cuivre martelé - Ebène
Coffret Flamme d’artisan - Jasmin Noir ou Silex - Silex","BON-VS-EB
CFA-002-SO",525,2026-04-21 19:46:07.954,,y
3459,Bouteille en céramique - Calligraphie arabe Bleue - Oreille,BCL-007-RL,525,2026-04-21 19:46:07.954,,y
3460,Couffin artisanal en fibre végétale – Elyssa - Cuir marron,COU-CUIR-003,525,2026-04-21 19:46:07.954,,y
3461,Ensemble de vases en céramique avec motifs berbères - Gris,TVC-003-RL,525,2026-04-21 19:46:07.954,,y
3462,"Bonbonnières en verre soufflé & cuivre martelé - Ebène
Mug Bohème en céramique artisanale – Avec sous-tasse - Cœurs Rouges","BON-VS-EB
MUG-BOH-CR",525,2026-04-21 19:46:07.954,,y
5267,PLATEAU 20*20,PLATEAU_20*20,525,2026-04-21 19:46:08.017,,y
5268,Mouton T1,Mouton_T1,525,2026-04-21 19:46:08.017,,y
3463,"Bouteille en Céramique – Motifs Ottomans Peints à la Main (75 cl)
Vase en céramique avec motifs de poissons colorés- Samak
Jeu Nes Bekri Kalou ناس بكري قالوا","BCO-001-RL
VC-001-RL
NBK-001-OSL",525,2026-04-21 19:46:07.954,,y
3464,"Set ""Duo Envoûtant"" – Mug et Plateau en Céramique
Collection Émotion – Tasses & Soucoupes Artisanales - Fleurs Bleues
Collection Émotion – Tasses & Soucoupes Artisanales - Love & Cœurs Rouges","PDE-001-KER
TSC-ART-001-FB
TSC-ART-001-LOV",525,2026-04-21 19:46:07.954,,y
3465,"Duo de Bouteilles avec Support ""Olivéa"" en Grès – Élégance Naturelle
Carafe et 6 Gobelets ""Olivéa"" en Grès – Élégance Naturelle et Authentique","DBO-001-2M
CGO-001-2M",525,2026-04-21 19:46:07.954,,y
3466,Échiquier en Bois d'Olivier – Pièce d’Artisanat Élégante,JEB-BF,525,2026-04-21 19:46:07.954,,y
3467,"Mug Bohème en céramique artisanale – Avec sous-tasse - Cœurs Rouges
Mug Bohème en céramique artisanale – Avec sous-tasse - Fleurs Multicolores
Duo de Bouteilles avec Support ""Olivéa"" en Grès – Élégance Naturelle","MUG-BOH-CR
MUG-BOH-FM
DBO-001-2M",525,2026-04-21 19:46:07.954,,y
3468,"Bouteille en Céramique – Motifs Ottomans Peints à la Main (75 cl)
Mug Bohème en céramique artisanale – Avec sous-tasse - Fleurs Bleues
Mug Bohème en céramique artisanale – Avec sous-tasse - Cœurs Rouges
Duo de Bouteilles avec Support ""Olivéa"" en Grès – Élégance Naturelle","BCO-001-RL
MUG-BOH-FB
MUG-BOH-CR
DBO-001-2M",525,2026-04-21 19:46:07.955,,y
3469,Bonbonnières en verre soufflé & cuivre martelé - Transparent,BON-VS-TR,525,2026-04-21 19:46:07.955,,y
3470,"Coffret Flamme d’artisan - Jasmin Noir ou Silex - Silex
Mug Bohème en céramique artisanale – Avec sous-tasse - Fleurs Multicolores
Mug Bohème en céramique artisanale – Avec sous-tasse - Cœurs Rouges","CFA-002-SO
MUG-BOH-FM
MUG-BOH-CR",525,2026-04-21 19:46:07.955,,y
3471,"Set ""Duo Envoûtant"" – Mug et Plateau en Céramique
Vide-poches décoratif en bois d’olivier peint à la main – Motifs portes tunisiennes - Vert, Carré
Action Vérité Bitounsi - Jeu D'ambiance","PDE-001-KER
VPB-CO-VRT
SS-AV-001",525,2026-04-21 19:46:07.955,,y
3472,"لعبة الباندي - Jeu D’ambiance
Collection Sidi Bou – Photophores artisanaux en cire parfumée - MF","SS-JB-001
SDB-PPH-MF",525,2026-04-21 19:46:07.955,,y
3473,"Mug Bohème en céramique artisanale – Avec sous-tasse - Fleurs Multicolores
Collection Émotion – Tasses & Soucoupes Artisanales - Fleurs Roses
Mug Bohème en céramique artisanale – Avec sous-tasse - Cœurs Rouges","MUG-BOH-FM
TSC-ART-001-FR
MUG-BOH-CR",525,2026-04-21 19:46:07.955,,y
3474,"Set ""Duo Envoûtant"" – Mug et Plateau en Céramique
Mug Bohème en céramique artisanale – Avec sous-tasse - Fleurs Multicolores
Collection Émotion – Tasses & Soucoupes Artisanales - Fleurs Roses","PDE-001-KER
MUG-BOH-FM
TSC-ART-001-FR",525,2026-04-21 19:46:07.955,,y
3475,Fouta artisanale en coton – 2m x 1m – Couleurs au choix - Rose,FOT-COT-RG,525,2026-04-21 19:46:07.955,,y
3476,"Carafe en Verre Soufflé - Didon - Solo, Marron
Bonbonnières en verre soufflé & cuivre martelé - Miel","CVD-001-CH-1
BON-VS-ML",525,2026-04-21 19:46:07.955,,y
3477,"Coffret Flamme d’artisan - Jasmin Noir ou Silex - Silex
Bonbonnières en verre soufflé & cuivre martelé - Miel","CFA-002-SO
BON-VS-ML",525,2026-04-21 19:46:07.955,,y
3478,"Bonbonnières en verre soufflé & cuivre martelé - Transparent
Mug Bohème en céramique artisanale – Avec sous-tasse - Fleurs Bleues
Set ""Duo Envoûtant"" – Mug et Plateau en Céramique","BON-VS-TR
MUG-BOH-FB
PDE-001-KER",525,2026-04-21 19:46:07.955,,y
3479,"Coffret Flamme d’artisan - Jasmin Noir ou Silex - Silex
Coffret Flamme d’artisan - Jasmin Noir ou Silex - Jasmin noir","CFA-002-SO
CFA-001-SO",525,2026-04-21 19:46:07.955,,y
3480,"Carafe et 6 Gobelets ""Olivéa"" en Grès – Élégance Naturelle et Authentique",CGO-001-2M,525,2026-04-21 19:46:07.955,,y
3481,Jeu De Mimes - ميم بالتونسي - Jeu D'ambiance,SS-MT-01,525,2026-04-21 19:46:07.955,,y
3482,"Échiquier en Bois d'Olivier – Pièce d’Artisanat Élégante
Mug Bohème en céramique artisanale – Avec sous-tasse - Fleurs Multicolores","JEB-BF
MUG-BOH-FM",525,2026-04-21 19:46:07.955,,y
3483,Couffin artisanal en fibre végétale – Anses cuir & fouta offerte,COU-CUIR-FOUTA-002,525,2026-04-21 19:46:07.955,,y
3484,"Fouta artisanale en coton – 2m x 1m – Couleurs au choix - Jaune
Fouta artisanale en coton – 2m x 1m – Couleurs au choix - Vert
Bouteille en Céramique – Motifs Ottomans Peints à la Main (75 cl)
Mug Bohème en céramique artisanale – Avec sous-tasse - Fleurs Multicolores
Mug Bohème en céramique artisanale – Avec sous-tasse - Cœurs Rouges","FOT-COT-YG
FOT-COT-VV
BCO-001-RL
MUG-BOH-FM
MUG-BOH-CR",525,2026-04-21 19:46:07.955,,y
3485,Ensemble de vases en céramique avec motifs berbères - Rouge,TVC-001-RL,525,2026-04-21 19:46:07.955,,y
3486,Couffin artisanal en fibre végétale – Elyssa - Cuir marron,COU-CUIR-003,525,2026-04-21 19:46:07.955,,y
3487,Échiquier en Bois d'Olivier – Pièce d’Artisanat Élégante,JEB-BF,525,2026-04-21 19:46:07.955,,y
3488,"Bouteille en Céramique – Motifs Ottomans Peints à la Main (75 cl)
Fouta artisanale en coton – 2m x 1m – Couleurs au choix - Violet
Mug Bohème en céramique artisanale – Avec sous-tasse - Fleurs Multicolores
Duo de Bouteilles avec Support ""Olivéa"" en Grès – Élégance Naturelle","BCO-001-RL
FOT-COT-VG
MUG-BOH-FM
DBO-001-2M",525,2026-04-21 19:46:07.955,,y
3489,Couffin artisanal en fibre végétale – Elyssa - Cuir beige,COU-CUIR-004,525,2026-04-21 19:46:07.955,,y
3490,Bonbonnières en verre soufflé & cuivre martelé - Transparent,BON-VS-TR,525,2026-04-21 19:46:07.955,,y
3491,"Mug Bohème en céramique artisanale – Avec sous-tasse - Cœurs Rouges
Mug Bohème en céramique artisanale – Avec sous-tasse - Fleurs Multicolores
Set ""Duo Envoûtant"" – Mug et Plateau en Céramique
Collection Émotion – Tasses & Soucoupes Artisanales - Fleurs Roses","MUG-BOH-CR
MUG-BOH-FM
PDE-001-KER
TSC-ART-001-FR",525,2026-04-21 19:46:07.955,,y
3492,Mug Bohème en céramique artisanale – Avec sous-tasse - Cœurs Rouges,MUG-BOH-CR,525,2026-04-21 19:46:07.955,,y
3493,"Carafe Médina – Verre soufflé artisanal (3 coloris) - Transparent
Bonbonnières en verre soufflé & cuivre martelé - Transparent","CRM-MED-TR
BON-VS-TR",525,2026-04-21 19:46:07.955,,y
3494,"Mug Bohème en céramique artisanale – Avec sous-tasse - Fleurs Multicolores
Mug Bohème en céramique artisanale – Avec sous-tasse - Cœurs Rouges
Mug Bohème en céramique artisanale – Avec sous-tasse - Fleurs Orange","MUG-BOH-FM
MUG-BOH-CR
MUG-BOH-FO",525,2026-04-21 19:46:07.955,,y
3495,"Coffret Flamme d’artisan - Jasmin Noir ou Silex - Jasmin noir
Bonbonnières en verre soufflé & cuivre martelé - Transparent","CFA-001-SO
BON-VS-TR",525,2026-04-21 19:46:07.955,,y
3496,"Sous plat “Rosace Azur” – Céramique décorative orientale
Bouteille “Azura” – Céramique artisanale géométrique - kous","SPR-004-RL
BCL-001-RL-4",525,2026-04-21 19:46:07.955,,y
3497,Couffin artisanal en fibre végétale – Anses cuir & fouta offerte,COU-CUIR-FOUTA-002,525,2026-04-21 19:46:07.955,,y
5269,Couffin sac à main,Couffin_sac_à_main,525,2026-04-21 19:46:08.017,,y
5270,Carafe Bled transparente,Carafe_Bled_transparente,525,2026-04-21 19:46:08.017,,y
3498,"Set ""Duo Envoûtant"" – Mug et Plateau en Céramique
Mug Bohème en céramique artisanale – Avec sous-tasse - Cœurs Rouges
Collection Émotion – Tasses & Soucoupes Artisanales - Œil Bleu
Fouta artisanale en coton – 2m x 1m – Couleurs au choix - Rose","PDE-001-KER
MUG-BOH-CR
TSC-ART-001-OB
FOT-COT-RG",525,2026-04-21 19:46:07.955,,y
3499,"Carafe et 6 Gobelets ""Olivéa"" en Grès – Élégance Naturelle et Authentique",CGO-001-2M,525,2026-04-21 19:46:07.955,,y
3500,"Mug Bohème en céramique artisanale – Avec sous-tasse - Cœurs Rouges
Action Vérité Bitounsi - Jeu D'ambiance","MUG-BOH-CR
SS-AV-001",525,2026-04-21 19:46:07.955,,y
3501,"Mug Bohème en céramique artisanale – Avec sous-tasse - Cœurs Rouges
Collection Émotion – Tasses & Soucoupes Artisanales - Œil Bleu
Mug Bohème en céramique artisanale – Avec sous-tasse - Fleurs Multicolores","MUG-BOH-CR
TSC-ART-001-OB
MUG-BOH-FM",525,2026-04-21 19:46:07.955,,y
3502,Fouta artisanale en coton – 2m x 1m – Couleurs au choix - Rose,FOT-COT-RG,525,2026-04-21 19:46:07.955,,y
3503,"Set ""Duo Envoûtant"" – Mug et Plateau en Céramique
Bonbonnières en verre soufflé & cuivre martelé - Transparent","PDE-001-KER
BON-VS-TR",525,2026-04-21 19:46:07.955,,y
3504,"Mug Bohème en céramique artisanale – Avec sous-tasse - Fleurs Multicolores
Mug Bohème en céramique artisanale – Avec sous-tasse - Fleurs Orange
Mug Bohème en céramique artisanale – Avec sous-tasse - Fleurs Bleues
Mug Bohème en céramique artisanale – Avec sous-tasse - Cœurs Rouges","MUG-BOH-FM
MUG-BOH-FO
MUG-BOH-FB
MUG-BOH-CR",525,2026-04-21 19:46:07.955,,y
3505,"Carafe Tanit – Élégance en Verre Soufflé - Bleu, Quattro",CTB-004,525,2026-04-21 19:46:07.955,,y
3506,"Collection Émotion – Tasses & Soucoupes Artisanales - Fleurs Roses
Coffret Flamme d’artisan - Jasmin Noir ou Silex - Jasmin noir
Mug Bohème en céramique artisanale – Avec sous-tasse - Fleurs Bleues","TSC-ART-001-FR
CFA-001-SO
MUG-BOH-FB",525,2026-04-21 19:46:07.955,,y
3507,"Couffin artisanal en fibre végétale – Anses cuir & fouta offerte
Fouta artisanale en coton – 2m x 1m – Couleurs au choix - Bleu","COU-CUIR-FOUTA-002
FOT-COT-BG",525,2026-04-21 19:46:07.955,,y
3508,"Carafe et 6 Gobelets ""Olivéa"" en Grès – Élégance Naturelle et Authentique",CGO-001-2M,525,2026-04-21 19:46:07.955,,y
3509,طلّع بالتونسي - TALA3 BITOUNSI,SS-TT-001,525,2026-04-21 19:46:07.955,,y
3510,"Fouta artisanale en coton – 2m x 1m – Couleurs au choix - Violet
Échiquier en Bois d'Olivier – Pièce d’Artisanat Élégante","FOT-COT-VG
JEB-BF",525,2026-04-21 19:46:07.955,,y
3511,"Fouta artisanale en coton – 2m x 1m – Couleurs au choix - Bleu
Fouta artisanale en coton – 2m x 1m – Couleurs au choix - Jaune
Fouta artisanale en coton – 2m x 1m – Couleurs au choix - Rose
Fouta artisanale en coton – 2m x 1m – Couleurs au choix - Vert
Fouta artisanale en coton – 2m x 1m – Couleurs au choix - Violet","FOT-COT-BG
FOT-COT-YG
FOT-COT-RG
FOT-COT-VV
FOT-COT-VG",525,2026-04-21 19:46:07.955,,y
3512,Couffin artisanal en fibre végétale – Anses cuir & fouta offerte,COU-CUIR-FOUTA-002,525,2026-04-21 19:46:07.955,,y
3513,"Bonbonnières en verre soufflé & cuivre martelé - Miel
Collection Émotion – Tasses & Soucoupes Artisanales - Fleurs rouge","BON-VS-ML
TSC-ART-001-RG",525,2026-04-21 19:46:07.955,,y
3514,"Mug Bohème en céramique artisanale – Avec sous-tasse - Fleurs Orange
Mug Bohème en céramique artisanale – Avec sous-tasse - Cœurs Rouges
Coffret Flamme d’artisan - Jasmin Noir ou Silex - Jasmin noir","MUG-BOH-FO
MUG-BOH-CR
CFA-001-SO",525,2026-04-21 19:46:07.955,,y
3515,"Set ""Duo Envoûtant"" – Mug et Plateau en Céramique
Mug Bohème en céramique artisanale – Avec sous-tasse - Fleurs Multicolores
Collection Émotion – Tasses & Soucoupes Artisanales - Love & Cœurs Rouges","PDE-001-KER
MUG-BOH-FM
TSC-ART-001-LOV",525,2026-04-21 19:46:07.955,,y
3516,Collection Émotion – Tasses & Soucoupes Artisanales - Fleurs Bleues,TSC-ART-001-FB,525,2026-04-21 19:46:07.955,,y
3517,"Set ""Duo Envoûtant"" – Mug et Plateau en Céramique
Collection Émotion – Tasses & Soucoupes Artisanales - Œil Bleu","PDE-001-KER
TSC-ART-001-OB",525,2026-04-21 19:46:07.955,,y
3518,"لعبة الباندي - Jeu D’ambiance
Bonbonnières en verre soufflé & cuivre martelé - Ebène","SS-JB-001
BON-VS-EB",525,2026-04-21 19:46:07.955,,y
3519,"Carafe et 6 Gobelets ""Olivéa"" en Grès – Élégance Naturelle et Authentique",CGO-001-2M,525,2026-04-21 19:46:07.955,,y
3520,"Dessert zouba - emraude
Bol zouba - Emraude
Creux zouba - emraude",Dessert-zouba---emraude-Bol-zouba---Emraude-Creux-zouba---emraude,525,2026-04-21 19:46:07.955,,y
3521,Couffin artisanal en fibre végétale – Elyssa - Cuir marron,COU-CUIR-003,525,2026-04-21 19:46:07.955,,y
3522,Couffin artisanal en fibre végétale – Anses cuir & fouta offerte,COU-CUIR-FOUTA-002,525,2026-04-21 19:46:07.955,,y
3523,Couffin artisanal en fibre végétale – Elyssa - Cuir marron,COU-CUIR-003,525,2026-04-21 19:46:07.955,,y
3524,"Duo de Bouteilles avec Support ""Olivéa"" en Grès – Élégance Naturelle
Jeu Nes Bekri Kalou ناس بكري قالوا
Set ""Duo Envoûtant"" – Mug et Plateau en Céramique","DBO-001-2M
NBK-001-OSL
PDE-001-KER",525,2026-04-21 19:46:07.955,,y
3525,Action Vérité Bitounsi + 108 Extra Cartes - Jeu D'ambiance,SS-AV-002,525,2026-04-21 19:46:07.955,,y
3526,Couffin artisanal en fibre végétale – Anses cuir & fouta offerte,COU-CUIR-FOUTA-002,525,2026-04-21 19:46:07.955,,y
3527,Fouta artisanale en coton – 2m x 1m – Couleurs au choix - Jaune,FOT-COT-YG,525,2026-04-21 19:46:07.955,,y
3528,Bonbonnières en verre soufflé & cuivre martelé - Transparent,BON-VS-TR,525,2026-04-21 19:46:07.955,,y
3529,"Bouteille en Céramique – Motifs Ottomans Peints à la Main (75 cl)
Bouteille en céramique - Calligraphie arabe Bleue - Oreille","BCO-001-RL
BCL-007-RL",525,2026-04-21 19:46:07.955,,y
3530,"Jeu Nes Bekri Kalou ناس بكري قالوا
Jeu De Mimes - ميم بالتونسي - Jeu D'ambiance","NBK-001-OSL
SS-MT-01",525,2026-04-21 19:46:07.955,,y
3531,"Duo de Bouteilles avec Support ""Olivéa"" en Grès – Élégance Naturelle
Carafe et 6 Gobelets ""Olivéa"" en Grès – Élégance Naturelle et Authentique","DBO-001-2M
CGO-001-2M",525,2026-04-21 19:46:07.956,,y
3532,"لعبة الباندي - Jeu D’ambiance
L'archive - لرشيف","SS-JB-001
JA-001-ACH",525,2026-04-21 19:46:07.956,,y
3533,"Carafe Tanit – Élégance en Verre Soufflé - Bleu, Quattro",CTB-004,525,2026-04-21 19:46:07.956,,y
3534,"Mug Bohème en céramique artisanale – Avec sous-tasse - Fleurs Bleues
Mug Bohème en céramique artisanale – Avec sous-tasse - Fleurs Orange
Set Mots du Cœur Duo","MUG-BOH-FB
MUG-BOH-FO
PMC-001-KER",525,2026-04-21 19:46:07.956,,y
3535,"Set ""Duo Envoûtant"" – Mug et Plateau en Céramique
Mug Bohème en céramique artisanale – Avec sous-tasse - Cœurs Rouges
Mug Bohème en céramique artisanale – Avec sous-tasse - Fleurs Multicolores
Sous-Plat Rond en Céramique Andalous – 20 cm","PDE-001-KER
MUG-BOH-CR
MUG-BOH-FM
SPR-003-RL",525,2026-04-21 19:46:07.956,,y
3536,Lampe en Béton Brut – L’Élégance de la Lumière Artisanale,LB-001-FP,525,2026-04-21 19:46:07.956,,y
3537,Fouta artisanale en coton – 2m x 1m – Couleurs au choix - Bleu,FOT-COT-BG,525,2026-04-21 19:46:07.956,,y
3538,"Set Gourmet L’Éveil – Vaisselle en Céramique en Pâte Blanche (Bleu Gris, Terracotta, Vert d’Eau) - Rose, 6 Personnes",SGE-NA,525,2026-04-21 19:46:07.956,,y
3539,Couffin artisanal en fibre végétale – Elyssa - Cuir,COU-CUIR-003,525,2026-04-21 19:46:07.956,,y
3540,"Set ""Duo Envoûtant"" – Mug et Plateau en Céramique
Vase en céramique avec motifs de poissons colorés- Samak
Mug Bohème en céramique artisanale – Avec sous-tasse - Cœurs Rouges","PDE-001-KER
VC-001-RL
MUG-BOH-CR",525,2026-04-21 19:46:07.956,,y
3541,Couffin artisanal en fibre végétale – Elyssa - Cuir,COU-CUIR-003,525,2026-04-21 19:46:07.956,,y
3542,Couffin artisanal en fibre végétale – Elyssa - Cuir,COU-CUIR-003,525,2026-04-21 19:46:07.956,,y
3543,"Duo de Bouteilles avec Support ""Olivéa"" en Grès – Élégance Naturelle
Collection Émotion – Tasses & Soucoupes Artisanales - Fleurs Bleues
Collection Émotion – Tasses & Soucoupes Artisanales - Fleurs Roses","DBO-001-2M
TSC-ART-001-FB
TSC-ART-001-FR",525,2026-04-21 19:46:07.956,,y
3544,Couffin artisanal en fibre végétale – Elyssa - Bois,COU-BOIS-001,525,2026-04-21 19:46:07.956,,y
3545,طلّع بالتونسي - TALA3 BITOUNSI,SS-TT-001,525,2026-04-21 19:46:07.956,,y
3546,"Set Gourmet L’Éveil – Vaisselle en Céramique en Pâte Blanche (Bleu Gris, Terracotta, Vert d’Eau) - Gris, 6 Personnes",SGE-NA,525,2026-04-21 19:46:07.956,,y
3547,"Vase en céramique avec motifs de poissons colorés- Samak
Grand Vase Visage Minimaliste en Résine","VC-001-RL
VV-001-RES",525,2026-04-21 19:46:07.956,,y
3548,"Ensemble de vases en céramique avec motifs berbères - Gris
Bouteille en Céramique – Motifs Ottomans Peints à la Main (75 cl)","TVC-003-RL
BCO-001-RL",525,2026-04-21 19:46:07.956,,y
3549,"Ensemble Décoratif en Résine Marbrée avec Dorures - 4 Pièces
Ensemble Décoratif en Résine avec Fleurs Séchées - 6 Pièces","ED-003-RES
ED-005-RES",525,2026-04-21 19:46:07.956,,y
3550,"🖤 Carafe et 6 Gobelets ""Séli"" en Grès – Élégance Naturelle et Authentique",CGS-002-2M,525,2026-04-21 19:46:07.956,,y
3551,Carafe en Verre Soufflé - Didon - Duo,CVD-001-OD,525,2026-04-21 19:46:07.956,,y
3552,"Set Gourmet L’Éveil – Vaisselle en Céramique en Pâte Blanche (Bleu Gris, Terracotta, Vert d’Eau) - Vert, 6 Personnes",SGE-NA,525,2026-04-21 19:46:07.956,,y
3553,"Set Gourmet L’Éveil – Vaisselle en Céramique en Pâte Blanche (Bleu Gris, Terracotta, Vert d’Eau) - Rose, 6 Personnes",SGE-NA,525,2026-04-21 19:46:07.956,,y
3554,Bonbonnières en verre soufflé & cuivre martelé - Transparent,BON-VS-TR,525,2026-04-21 19:46:07.956,,y
3555,"Bonbonnières en verre soufflé & cuivre martelé - Transparent
Ensemble Décoratif en Résine Marbrée avec Fleurs Séchées - 4 Pièces","BON-VS-TR
ED-004-RES",525,2026-04-21 19:46:07.956,,y
3556,"Lunch-box Bento
Mug ""Émeraude Passion"" – Céramique Artisanale Peinte à la Main","LB-001-SB
MEP-001-SZ",525,2026-04-21 19:46:07.956,,y
3557,"Carafe et 6 Gobelets ""Olivéa"" en Grès – Élégance Naturelle et Authentique",CGO-001-2M,525,2026-04-21 19:46:07.956,,y
3558,"Set Gourmet L’Éveil – Vaisselle en Céramique en Pâte Blanche (Bleu Gris, Terracotta, Vert d’Eau) - Vert, 6 Personnes",SGE-NA,525,2026-04-21 19:46:07.956,,y
3559,"Set Gourmet L’Éveil – Vaisselle en Céramique en Pâte Blanche (Bleu Gris, Terracotta, Vert d’Eau) - Vert, 6 Personnes",SGE-NA,525,2026-04-21 19:46:07.956,,y
3560,"Zazwa en Cuivre Martelé avec Manche en Laiton (4pax)
Tasse à café avec support en cuivre martelé et soucoupe","ZCL-002-KB
TCC-001-KB",525,2026-04-21 19:46:07.956,,y
3561,"Porte-épices ""Médina Épices""
Bonbonnières en verre soufflé & cuivre martelé - Transparent
Boîte en céramique avec calligraphie arabe bleue (13cm)","E4B-001-BF
BON-VS-TR
BC-003-RL",525,2026-04-21 19:46:07.956,,y
3562,"Set ""Mots du Cœur Uno"" – Mug avec Inscription & Sous-Tasse
Set ""Cœur à Cœur"" – Mug et Plateau en Céramique","PMC-002-KER
PCC-001-KER",525,2026-04-21 19:46:07.956,,y
3563,"Bonbonnières en verre soufflé & cuivre martelé - Transparent
Carafe Tanit – Élégance en Verre Soufflé - Transparent, Solo","BON-VS-TR
CTT-001",525,2026-04-21 19:46:07.956,,y
3564,"Petite Zazwa en Cuivre Martelé
Tasse à café avec support en cuivre martelé et soucoupe
Mrach-Encensoir Traditionnel en Métal Martelé avec Pompon Bleu","ZCL-001-KB
TCC-001-KB
LPC-001-KB",525,2026-04-21 19:46:07.956,,y
3565,"Set ""Cœur à Cœur"" – Mug et Plateau en Céramique
Coffret Flamme d’artisan - Jasmin Noir ou Silex - Jasmin noir","PCC-001-KER
CFA-001-SO",525,2026-04-21 19:46:07.956,,y
3566,"Set ""Cœur à Cœur"" – Mug et Plateau en Céramique
Set Gourmet L’Éveil – Vaisselle en Céramique en Pâte Blanche (Bleu Gris, Terracotta, Vert d’Eau) - Gris, 4 Personnes","PCC-001-KER
SGE-NA",525,2026-04-21 19:46:07.956,,y
3567,Lunch-box Bento,LB-001-SB,525,2026-04-21 19:46:07.956,,y
3568,"Ensemble Décoratif Minimaliste en Résine Blanche - 4 Pièces
Set Mots du Cœur Duo","ED-002-RES
PMC-001-KER",525,2026-04-21 19:46:07.956,,y
3569,"Ensemble Décoratif Minimaliste en Résine Blanche - 4 Pièces
Ensemble Décoratif Compact en Résine Marbrée avec Fleurs Séchées - 3 Pièces
Sous plat ""Khamsa"" – Céramique ronde calligraphiée","ED-002-RES
ED-001-RES
SPR-001-RL",525,2026-04-21 19:46:07.956,,y
3570,"Mrach-Encensoir Traditionnel en Métal Martelé avec Pompon Bleu
Tasse à café avec support en cuivre martelé et soucoupe","LPC-001-KB
TCC-001-KB",525,2026-04-21 19:46:07.956,,y
3571,"Set ""Olivéa"" en Grès - 14 pièces",CGO-001-2M-14,525,2026-04-21 19:46:07.956,,y
3572,"Set Gourmet L’Éveil – Vaisselle en Céramique en Pâte Blanche (Bleu Gris, Terracotta, Vert d’Eau) - Vert, 6 Personnes",SGE-NA,525,2026-04-21 19:46:07.956,,y
3573,"Jeu Nes Bekri Kalou ناس بكري قالوا
Action Vérité Bitounsi - Jeu D'ambiance","NBK-001-OSL
SS-AV-001",525,2026-04-21 19:46:07.956,,y
3574,"Set ""Duo Envoûtant"" – Mug et Plateau en Céramique",PDE-001-KER,525,2026-04-21 19:46:07.956,,y
3575,"Carafe Tanit – Élégance en Verre Soufflé - Transparent, Premium",CTT-006,525,2026-04-21 19:46:07.956,,y
3576,Set “Baraka” – Art de la table en céramique calligraphique,SB-001-RL,525,2026-04-21 19:46:07.956,,y
3577,Lunch-box Bento,LB-001-SB,525,2026-04-21 19:46:07.956,,y
3578,Échiquier en Bois d'Olivier – Pièce d’Artisanat Élégante - 50*50,JEB-BF,525,2026-04-21 19:46:07.956,,y
3579,"Set Mots du Cœur Duo
Mathred-Coupe à Pied Martelée en Cuivre Argenté
Boîte “Rosace Azur” – Céramique artisanale","PMC-001-KER
MC-001-KB
BC-007-RL",525,2026-04-21 19:46:07.956,,y
3580,"Set Mots du Cœur Duo
Bouteille en céramique décorée avec bouchon en liège
Boîte carrée en céramique “Azur” – Motifs géométriques - 16*16*6","PMC-001-KER
BCP-001-RL
BC-004-RL-1",525,2026-04-21 19:46:07.956,,y
3581,"Ensemble Décoratif Minimaliste en Résine Blanche - 4 Pièces
Coffret Flamme d’artisan - Jasmin Noir ou Silex - Silex","ED-002-RES
CFA-002-SO",525,2026-04-21 19:46:07.956,,y
3582,"Bouteille “Azura” – Céramique artisanale géométrique - Avec anse
Mug ""Émeraude Passion"" – Céramique Artisanale Peinte à la Main
Sous plat “Rosace Azur” – Céramique décorative orientale","BCL-001-RL-2
MEP-001-SZ
SPR-004-RL",525,2026-04-21 19:46:07.956,,y
3583,"Set Gourmet L’Éveil – Vaisselle en Céramique en Pâte Blanche (Bleu Gris, Terracotta, Vert d’Eau) - Vert, 4 Personnes
Bouteille en Céramique – Motifs Ottomans Peints à la Main (75 cl)","SGE-NA
BCO-001-RL",525,2026-04-21 19:46:07.956,,y
3584,"Mathred-Coupe à Pied Martelée en Cuivre Argenté
Boîte en céramique avec calligraphie arabe bleue (13cm)
Bonbonnières en verre soufflé & cuivre martelé - Transparent","MC-001-KB
BC-003-RL
BON-VS-TR",525,2026-04-21 19:46:07.956,,y
3585,"Carafe et 6 Gobelets ""Olivéa"" en Grès – Élégance Naturelle et Authentique",CGO-001-2M,525,2026-04-21 19:46:07.956,,y
3586,"🖤 Carafe et 6 Gobelets ""Séli"" en Grès – Élégance Naturelle et Authentique",CGS-002-2M,525,2026-04-21 19:46:07.956,,y
3587,Lampe en Béton Brut – L’Élégance de la Lumière Artisanale,LB-001-FP,525,2026-04-21 19:46:07.956,,y
3588,"طلّع بالتونسي - TALA3 BITOUNSI
Jeu Nes Bekri Kalou ناس بكري قالوا","SS-TT-001
NBK-001-OSL",525,2026-04-21 19:46:07.956,,y
3589,"Set Gourmet L’Éveil – Vaisselle en Céramique en Pâte Blanche (Bleu Gris, Terracotta, Vert d’Eau) - Vert, 6 Personnes
Duo de Bouteilles avec Support ""Olivéa"" en Grès – Élégance Naturelle","SGE-NA
DBO-001-2M",525,2026-04-21 19:46:07.956,,y
3590,"Ensemble Décoratif en Résine Marbrée avec Dorures - 4 Pièces
Coffret Flamme d’artisan - Jasmin Noir ou Silex - Jasmin noir","ED-003-RES
CFA-001-SO",525,2026-04-21 19:46:07.956,,y
3591,"🖤 Carafe et 6 Gobelets ""Séli"" en Grès – Élégance Naturelle et Authentique
Set ""Duo Envoûtant"" – Mug et Plateau en Céramique","CGS-002-2M
PDE-001-KER",525,2026-04-21 19:46:07.956,,y
3592,"Set Gourmet L’Éveil – Vaisselle en Céramique en Pâte Blanche (Bleu Gris, Terracotta, Vert d’Eau) - Vert, 6 Personnes",SGE-NA,525,2026-04-21 19:46:07.956,,y
3593,"لعبة الباندي - Jeu D’ambiance
Action Vérité Bitounsi - Jeu D'ambiance","SS-JB-001
SS-AV-001",525,2026-04-21 19:46:07.956,,y
3594,"Jeu De Mimes - ميم بالتونسي - Jeu D'ambiance
Action Vérité Bitounsi - Jeu D'ambiance","SS-MT-01
SS-AV-001",525,2026-04-21 19:46:07.956,,y
3595,"Ensemble Décoratif en Résine Marbrée avec Fleurs Séchées - 4 Pièces
Set Mots du Cœur Duo","ED-004-RES
PMC-001-KER",525,2026-04-21 19:46:07.956,,y
3596,"Set Gourmet L’Éveil – Vaisselle en Céramique en Pâte Blanche (Bleu Gris, Terracotta, Vert d’Eau) - Vert, 6 Personnes
Duo de Bouteilles avec Support ""Olivéa"" en Grès – Élégance Naturelle","SGE-NA
DBO-001-2M",525,2026-04-21 19:46:07.956,,y
3597,"Set de Vaisselle ""Organica"" - 4 Personnes, Jaune",SVO-001,525,2026-04-21 19:46:07.956,,y
3598,"L'archive - لرشيف
Action Vérité Bitounsi - Jeu D'ambiance","JA-001-ACH
SS-AV-001",525,2026-04-21 19:46:07.956,,y
3599,Lampe en Béton Brut – L’Élégance de la Lumière Artisanale,LB-001-FP,525,2026-04-21 19:46:07.956,,y
3600,"🤍 Carafe et 6 Gobelets ""Séa"" en Grès – Pureté et Élégance Naturelle",CGS-001-2M,525,2026-04-21 19:46:07.956,,y
3601,Action Vérité Bitounsi + 108 Extra Cartes - Jeu D'ambiance,SS-AV-002,525,2026-04-21 19:46:07.956,,y
3602,Jeu Nes Bekri Kalou ناس بكري قالوا,NBK-001-OSL,525,2026-04-21 19:46:07.956,,y
3603,Bonbonnières en verre soufflé & cuivre martelé - Transparent,BON-VS-TR,525,2026-04-21 19:46:07.956,,y
3604,"Set de Vaisselle ""Organica"" - 4 Personnes",SVO-001,525,2026-04-21 19:46:07.956,,y
3605,"Set ""Cœur à Cœur"" – Mug et Plateau en Céramique
Mug ""Émeraude Passion"" – Céramique Artisanale Peinte à la Main
Mug ""Tendresse"" en Céramique – Fait Main avec Cœur Rouge","PCC-001-KER
MEP-001-SZ
MTC-001-SZ",525,2026-04-21 19:46:07.956,,y
3606,Jeu Nes Bekri Kalou ناس بكري قالوا,NBK-001-OSL,525,2026-04-21 19:46:07.956,,y
3607,"Set Mots du Cœur Duo
Zazwa en Cuivre Martelé avec Manche en Laiton (4pax)","PMC-001-KER
ZCL-002-KB",525,2026-04-21 19:46:07.956,,y
3608,Jeu Nes Bekri Kalou ناس بكري قالوا,NBK-001-OSL,525,2026-04-21 19:46:07.956,,y
3609,"Boîte Martelée en Cuivre Argenté
Mathred-Coupe à Pied Martelée en Cuivre Argenté","BCM-001-KB
MC-001-KB",525,2026-04-21 19:46:07.956,,y
3610,"Boîte carrée en céramique “Azur” – Motifs géométriques - 16*16*6
Boîte carrée en céramique “Azur” – Motifs géométriques - 10*10*6
Boîte “Rosace Azur” – Céramique artisanale
Planche “Azur” – Céramique géométrique artisanale
Cruche Zénith – Céramique émaillée décor bleu
Bouteille “Azura” – Céramique artisanale géométrique - Double anneau","BC-004-RL-1
BC-004-RL-2
BC-007-RL
PC-006-RL
CCL-02-RL
BCL-001-RL-3",525,2026-04-21 19:46:07.956,,y
3611,Ensemble Décoratif en Résine avec Fleurs Séchées - 6 Pièces,ED-005-RES,525,2026-04-21 19:46:07.956,,y
3612,"Coffret Flamme d’artisan - Jasmin Noir ou Silex - Jasmin noir
Petite Zazwa en Cuivre Martelé
Boîte rectangulaire en céramique avec couvercle décoré de motifs géométriques","CFA-001-SO
ZCL-001-KB
BC-002-RL",525,2026-04-21 19:46:07.956,,y
3613,"Ensemble Décoratif en Résine Marbrée avec Dorures - 4 Pièces
Ensemble Décoratif en Résine Marbrée avec Fleurs Séchées - 4 Pièces","ED-003-RES
ED-004-RES",525,2026-04-21 19:46:07.956,,y
3614,"Carafe Tanit – Élégance en Verre Soufflé - Transparent, Quattro",CTT-004,525,2026-04-21 19:46:07.956,,y
3615,"Ensemble Décoratif en Résine Marbrée avec Fleurs Séchées - 4 Pièces
Ensemble Décoratif Minimaliste en Résine Blanche - 4 Pièces","ED-004-RES
ED-002-RES",525,2026-04-21 19:46:07.956,,y
3616,"Set ""Cœur à Cœur"" – Mug et Plateau en Céramique
Ensemble Décoratif en Résine Marbrée avec Dorures - 4 Pièces","PCC-001-KER
ED-003-RES",525,2026-04-21 19:46:07.956,,y
3617,"Set ""Cœur à Cœur"" – Mug et Plateau en Céramique
Set ""Duo Envoûtant"" – Mug et Plateau en Céramique","PCC-001-KER
PDE-001-KER",525,2026-04-21 19:46:07.956,,y
3618,Bonbonnières en verre soufflé & cuivre martelé - Miel,BON-VS-ML,525,2026-04-21 19:46:07.956,,y
3619,"Sous-Plat Rond en Céramique Andalous – 20 cm
Boîte en Céramique Andalous – 13 cm
Bouteille Carrée en Céramique Andalous – 75 cl
Coffret Flamme d’artisan - Jasmin Noir ou Silex - Jasmin noir","SPR-003-RL
BC-006-RL
BCL-002-RL
CFA-001-SO",525,2026-04-21 19:46:07.956,,y
3620,"Set ""Cœur à Cœur"" – Mug et Plateau en Céramique
Set ""Mots du Cœur Uno"" – Mug avec Inscription & Sous-Tasse","PCC-001-KER
PMC-002-KER",525,2026-04-21 19:46:07.956,,y
3621,"Ensemble Décoratif Compact en Résine Marbrée avec Fleurs Séchées - 3 Pièces
Set ""Cœur à Cœur"" – Mug et Plateau en Céramique
Set ""Duo Envoûtant"" – Mug et Plateau en Céramique","ED-001-RES
PCC-001-KER
PDE-001-KER",525,2026-04-21 19:46:07.956,,y
3622,"Ensemble Décoratif Compact en Résine Marbrée avec Fleurs Séchées - 3 Pièces
Set ""Cœur à Cœur"" – Mug et Plateau en Céramique
Boîte en céramique avec calligraphie arabe bleue (13cm)","ED-001-RES
PCC-001-KER
BC-003-RL",525,2026-04-21 19:46:07.956,,y
3623,"Porte-épices ""Médina Épices""
Boîte Ronde en Céramique – Motifs Ottomans Peints à la Main (13 cm)","E4B-001-BF
BC-005-RL",525,2026-04-21 19:46:07.956,,y
3624,"Set ""Mots du Cœur Uno"" – Mug avec Inscription & Sous-Tasse",PMC-002-KER,525,2026-04-21 19:46:07.956,,y
3625,Bonbonnières en verre soufflé & cuivre martelé - Miel,BON-VS-ML,525,2026-04-21 19:46:07.956,,y
3626,Bougeoirs Ethniques en Céramique - Gris,TBC-003-RL,525,2026-04-21 19:46:07.956,,y
3627,"Ensemble Décoratif Compact en Résine Marbrée avec Fleurs Séchées - 3 Pièces
Set ""Cœur à Cœur"" – Mug et Plateau en Céramique","ED-001-RES
PCC-001-KER",525,2026-04-21 19:46:07.956,,y
3628,"Set Gourmet L’Éveil – Vaisselle en Céramique en Pâte Blanche (Bleu Gris, Terracotta, Vert d’Eau) - Vert, 4 Personnes",SGE-NA,525,2026-04-21 19:46:07.956,,y
3629,"Set ""Cœur à Cœur"" – Mug et Plateau en Céramique
Jeu Nes Bekri Kalou ناس بكري قالوا
Boîte en céramique avec calligraphie arabe bleue (13cm)
Vase en céramique avec motifs de poissons colorés- Samak","PCC-001-KER
NBK-001-OSL
BC-003-RL
VC-001-RL",525,2026-04-21 19:46:07.956,,y
3630,Mathred-Coupe à Pied Martelée en Cuivre Argenté,MC-001-KB,525,2026-04-21 19:46:07.956,,y
3631,"Set ""Cœur à Cœur"" – Mug et Plateau en Céramique
Set ""Duo Envoûtant"" – Mug et Plateau en Céramique
Ensemble Décoratif Compact en Résine Marbrée avec Fleurs Séchées - 3 Pièces
Boîte Ronde en Céramique – Motifs Ottomans Peints à la Main (13 cm)","PCC-001-KER
PDE-001-KER
ED-001-RES
BC-005-RL",525,2026-04-21 19:46:07.956,,y
3632,"Mathred-Coupe à Pied Martelée en Cuivre Argenté
Vase en céramique avec motifs de poissons colorés- Samak
Ensemble Décoratif en Résine Marbrée avec Dorures - 4 Pièces","MC-001-KB
VC-001-RL
ED-003-RES",525,2026-04-21 19:46:07.956,,y
3633,"Set de Vaisselle ""Organica"" - 4 Personnes",SVO-001,525,2026-04-21 19:46:07.956,,y
3634,Bougeoirs Ethniques en Céramique - Gris,TBC-003-RL,525,2026-04-21 19:46:07.956,,y
3635,Jeu Nes Bekri Kalou ناس بكري قالوا,NBK-001-OSL,525,2026-04-21 19:46:07.956,,y
3636,"Bonbonnières en verre soufflé & cuivre martelé - Miel
Bonbonnières en verre soufflé & cuivre martelé - Ebène","BON-VS-ML
BON-VS-EB",525,2026-04-21 19:46:07.956,,y
3637,"Set ""Cœur à Cœur"" – Mug et Plateau en Céramique",PCC-001-KER,525,2026-04-21 19:46:07.956,,y
3638,"Set Gourmet L’Éveil – Vaisselle en Céramique en Pâte Blanche (Bleu Gris, Terracotta, Vert d’Eau) - Vert, 6 Personnes",SGE-NA,525,2026-04-21 19:46:07.956,,y
3639,Ensemble Décoratif en Résine avec Fleurs Séchées - 6 Pièces,ED-005-RES,525,2026-04-21 19:46:07.956,,y
3640,Pack Andalous en Céramique – Élégance et Tradition,PAC-001-RL,525,2026-04-21 19:46:07.956,,y
3641,Jeu Nes Bekri Kalou ناس بكري قالوا,NBK-001-OSL,525,2026-04-21 19:46:07.956,,y
3642,Lunch-box Bento,LB-001-SB,525,2026-04-21 19:46:07.956,,y
3643,"Bonbonnières en verre soufflé & cuivre martelé - Transparent
Ensemble Décoratif en Résine avec Fleurs Séchées - 6 Pièces
Cruche en céramique circulaire avec motifs andalous jaunes et bleus","BON-VS-TR
ED-005-RES
CCL-001-RL",525,2026-04-21 19:46:07.956,,y
3644,Échiquier en Bois d'Olivier – Pièce d’Artisanat Élégante - 50*50,JEB-BF,525,2026-04-21 19:46:07.956,,y
3645,Lunch-box Bento,LB-001-SB,525,2026-04-21 19:46:07.956,,y
3646,"Set ""Cœur à Cœur"" – Mug et Plateau en Céramique
Mug ""Tendresse"" en Céramique – Fait Main avec Cœur Rouge","PCC-001-KER
MTC-001-SZ",525,2026-04-21 19:46:07.956,,y
3647,"Ensemble Décoratif en Résine avec Fleurs Séchées - 6 Pièces
Set ""Cœur à Cœur"" – Mug et Plateau en Céramique","ED-005-RES
PCC-001-KER",525,2026-04-21 19:46:07.956,,y
3648,"Action Vérité Bitounsi + 108 Extra Cartes - Jeu D'ambiance
Grand Vase Visage Minimaliste en Résine","SS-AV-002
VV-001-RES",525,2026-04-21 19:46:07.956,,y
3649,"🤍 Carafe et 6 Gobelets ""Séa"" en Grès – Pureté et Élégance Naturelle",CGS-001-2M,525,2026-04-21 19:46:07.956,,y
3650,"Set ""Cœur à Cœur"" – Mug et Plateau en Céramique",PCC-001-KER,525,2026-04-21 19:46:07.956,,y
3651,"Set ""Cœur à Cœur"" – Mug et Plateau en Céramique",PCC-001-KER,525,2026-04-21 19:46:07.956,,y
3652,"Carafe Tanit – Élégance en Verre Soufflé - Bleu, Quattro",CTB-004,525,2026-04-21 19:46:07.956,,y
3653,Carafe en Verre Soufflé - Didon - Premium,CVD-001-OD-6,525,2026-04-21 19:46:07.956,,y
3654,"Ensemble Décoratif en Résine Marbrée avec Dorures - 4 Pièces
Set ""Mots du Cœur Uno"" – Mug avec Inscription & Sous-Tasse
Set ""Cœur à Cœur"" – Mug et Plateau en Céramique","ED-003-RES
PMC-002-KER
PCC-001-KER",525,2026-04-21 19:46:07.956,,y
3655,Set Royal ottomans – Élégance Artisanale (8 Pièces),SRO-001-RL,525,2026-04-21 19:46:07.956,,y
3656,"🤍 Set ""Séa"" en Grès Blanc Moucheté - 32 pièces",SSB-001-2M-32,525,2026-04-21 19:46:07.956,,y
3657,"Bonbonnières en verre soufflé & cuivre martelé - Miel
Bonbonnières en verre soufflé & cuivre martelé - Transparent
Bonbonnières en verre soufflé & cuivre martelé - Ebène
Set ""Cœur à Cœur"" – Mug et Plateau en Céramique","BON-VS-ML
BON-VS-TR
BON-VS-EB
PCC-001-KER",525,2026-04-21 19:46:07.956,,y
3658,"Set ""Cœur à Cœur"" – Mug et Plateau en Céramique",PCC-001-KER,525,2026-04-21 19:46:07.956,,y
3659,"Set ""Cœur à Cœur"" – Mug et Plateau en Céramique
Boîte en céramique avec calligraphie arabe bleue (13cm)
Planche en Céramique Andalous – Élégance Artisanale
Bouteille en Céramique à Motifs Andalous
Sous-Plat Rond en Céramique Andalous – 20 cm","PCC-001-KER
BC-003-RL
PC-002-RL
BCA-001-RL
SPR-003-RL",525,2026-04-21 19:46:07.956,,y
3660,Bougeoirs Ethniques en Céramique - Gris,TBC-003-RL,525,2026-04-21 19:46:07.956,,y
3661,"Ensemble Décoratif Minimaliste en Résine Blanche - 4 Pièces
Set ""Cœur à Cœur"" – Mug et Plateau en Céramique
Set ""Duo Envoûtant"" – Mug et Plateau en Céramique","ED-002-RES
PCC-001-KER
PDE-001-KER",525,2026-04-21 19:46:07.956,,y
3662,Bonbonnières en verre soufflé & cuivre martelé - Miel,BON-VS-ML,525,2026-04-21 19:46:07.956,,y
3663,Bonbonnières en verre soufflé & cuivre martelé - Transparent,BON-VS-TR,525,2026-04-21 19:46:07.956,,y
3664,"Ensemble Décoratif en Résine Marbrée avec Dorures - 4 Pièces
Cruche en céramique circulaire avec motifs andalous jaunes et bleus
Planche en Céramique Andalous – Élégance Artisanale
Boîte en céramique avec calligraphie arabe bleue (13cm)","ED-003-RES
CCL-001-RL
PC-002-RL
BC-003-RL",525,2026-04-21 19:46:07.956,,y
3665,Set de 6 Verres en Verre Soufflé - Collection Didon,S6V-001-OD,525,2026-04-21 19:46:07.956,,y
3666,"Set Gourmet L’Éveil – Vaisselle en Céramique en Pâte Blanche (Bleu Gris, Terracotta, Vert d’Eau) - Vert, 6 Personnes",SGE-NA,525,2026-04-21 19:46:07.956,,y
3667,"🖤 Carafe et 6 Gobelets ""Séli"" en Grès – Élégance Naturelle et Authentique",CGS-002-2M,525,2026-04-21 19:46:07.956,,y
3668,"Coffret Flamme d’artisan - Jasmin Noir ou Silex - Jasmin noir
Set ""Cœur à Cœur"" – Mug et Plateau en Céramique","CFA-001-SO
PCC-001-KER",525,2026-04-21 19:46:07.956,,y
3669,"Set ""Cœur à Cœur"" – Mug et Plateau en Céramique",PCC-001-KER,525,2026-04-21 19:46:07.956,,y
3670,Action Vérité Bitounsi - Jeu D'ambiance,SS-AV-001,525,2026-04-21 19:46:07.956,,y
3671,"Ensemble Décoratif Minimaliste en Résine Blanche - 4 Pièces
Bonbonnières en verre soufflé & cuivre martelé - Transparent","ED-002-RES
BON-VS-TR",525,2026-04-21 19:46:07.956,,y
3672,Bonbonnières en verre soufflé & cuivre martelé - Miel,BON-VS-ML,525,2026-04-21 19:46:07.956,,y
3673,Bonbonnières en verre soufflé & cuivre martelé - Miel,BON-VS-ML,525,2026-04-21 19:46:07.956,,y
3674,Pack Andalous en Céramique – Élégance et Tradition,PAC-001-RL,525,2026-04-21 19:46:07.956,,y
3675,"Ensemble Décoratif en Résine Marbrée avec Fleurs Séchées - 4 Pièces
Ensemble Décoratif Compact en Résine Marbrée avec Fleurs Séchées - 3 Pièces
Set ""Mots du Cœur Uno"" – Mug avec Inscription & Sous-Tasse","ED-004-RES
ED-001-RES
PMC-002-KER",525,2026-04-21 19:46:07.956,,y
3676,"Ensemble Décoratif en Résine avec Fleurs Séchées - 6 Pièces
Set ""Cœur à Cœur"" – Mug et Plateau en Céramique","ED-005-RES
PCC-001-KER",525,2026-04-21 19:46:07.956,,y
3677,"Mathred-Coupe à Pied Martelée en Cuivre Argenté
Ensemble Décoratif en Résine Marbrée avec Fleurs Séchées - 4 Pièces
Set ""Cœur à Cœur"" – Mug et Plateau en Céramique","MC-001-KB
ED-004-RES
PCC-001-KER",525,2026-04-21 19:46:07.956,,y
3678,"Action Vérité Bitounsi - Jeu D'ambiance
Set ""Cœur à Cœur"" – Mug et Plateau en Céramique
Ensemble Décoratif Minimaliste en Résine Blanche - 4 Pièces","SS-AV-001
PCC-001-KER
ED-002-RES",525,2026-04-21 19:46:07.956,,y
3679,"Set ""Cœur à Cœur"" – Mug et Plateau en Céramique
Lunch-box Bento","PCC-001-KER
LB-001-SB",525,2026-04-21 19:46:07.956,,y
3680,"Sculptures Moaï en Béton – L’Art Mystique de l’Île de Pâques
Ensemble Décoratif Compact en Résine Marbrée avec Fleurs Séchées - 3 Pièces","SMB-001-FP
ED-001-RES",525,2026-04-21 19:46:07.956,,y
3681,"Ensemble Décoratif en Résine Marbrée avec Fleurs Séchées - 4 Pièces
Set ""Cœur à Cœur"" – Mug et Plateau en Céramique","ED-004-RES
PCC-001-KER",525,2026-04-21 19:46:07.956,,y
3682,"Ensemble Décoratif en Résine Marbrée avec Dorures - 4 Pièces
Ensemble Décoratif Minimaliste en Résine Blanche - 4 Pièces","ED-003-RES
ED-002-RES",525,2026-04-21 19:46:07.956,,y
3683,"Carafe et 6 Gobelets ""Olivéa"" en Grès – Élégance Naturelle et Authentique",CGO-001-2M,525,2026-04-21 19:46:07.956,,y
3684,"Set ""Duo Envoûtant"" – Mug et Plateau en Céramique
Ensemble Décoratif Compact en Résine Marbrée avec Fleurs Séchées - 3 Pièces","PDE-001-KER
ED-001-RES",525,2026-04-21 19:46:07.956,,y
3685,"Set ""Cœur à Cœur"" – Mug et Plateau en Céramique
Ensemble Décoratif Minimaliste en Résine Blanche - 4 Pièces
Boîte en céramique avec calligraphie arabe bleue (13cm)","PCC-001-KER
ED-002-RES
BC-003-RL",525,2026-04-21 19:46:07.956,,y
3686,Pack Ottoman en Céramique – Élégance et Artisanat,POC-001-RL,525,2026-04-21 19:46:07.956,,y
3687,"Set ""Cœur à Cœur"" – Mug et Plateau en Céramique",PCC-001-KER,525,2026-04-21 19:46:07.956,,y
3688,"Ensemble Décoratif en Résine Marbrée avec Dorures - 4 Pièces
Plateau rond profond en cuivre martelé (34cm)","ED-003-RES
PCM-002-KB",525,2026-04-21 19:46:07.956,,y
3689,"Set ""Cœur à Cœur"" – Mug et Plateau en Céramique
Ensemble Décoratif Minimaliste en Résine Blanche - 4 Pièces","PCC-001-KER
ED-002-RES",525,2026-04-21 19:46:07.956,,y
3690,"Set de Vaisselle ""Organica"" - 4 Personnes",SVO-001,525,2026-04-21 19:46:07.956,,y
3691,"Jeu Nes Bekri Kalou ناس بكري قالوا
Action Vérité Bitounsi + 108 Extra Cartes - Jeu D'ambiance","NBK-001-OSL
SS-AV-002",525,2026-04-21 19:46:07.956,,y
3692,"Set ""Cœur à Cœur"" – Mug et Plateau en Céramique
Service de Table ""Astéria"" - 6 Personnes","PCC-001-KER
STE-001-EN-6",525,2026-04-21 19:46:07.956,,y
3693,"طلّع بالتونسي - TALA3 BITOUNSI
Set ""Cœur à Cœur"" – Mug et Plateau en Céramique
Bouteille en céramique décorée avec bouchon en liège","SS-TT-001
PCC-001-KER
BCP-001-RL",525,2026-04-21 19:46:07.956,,y
3694,Action Vérité Bitounsi + 108 Extra Cartes - Jeu D'ambiance,SS-AV-002,525,2026-04-21 19:46:07.956,,y
3695,"Set de 6 Verres en Verre Soufflé - Collection Didon
Bouteille en Céramique Andalous – 75 cl","S6V-001-OD
BO-001-RL",525,2026-04-21 19:46:07.956,,y
3696,"Set ""Cœur à Cœur"" – Mug et Plateau en Céramique
Set Mots du Cœur Duo","PCC-001-KER
PMC-001-KER",525,2026-04-21 19:46:07.956,,y
3697,"Service de Table ""Astéria"" - 4 Personnes",SA-001-NA-4,525,2026-04-21 19:46:07.956,,y
3698,"Set ""Cœur à Cœur"" – Mug et Plateau en Céramique
Set Mots du Cœur Duo","PCC-001-KER
PMC-001-KER",525,2026-04-21 19:46:07.956,,y
3699,"Action Vérité Bitounsi + 108 Extra Cartes - Jeu D'ambiance
Jeu De Mimes - ميم بالتونسي - Jeu D'ambiance
L'archive - لرشيف
طلّع بالتونسي - TALA3 BITOUNSI","SS-AV-002
SS-MT-01
JA-001-ACH
SS-TT-001",525,2026-04-21 19:46:07.956,,y
3700,"Ensemble Décoratif en Résine Marbrée avec Fleurs Séchées - 4 Pièces
Set Mots du Cœur Duo","ED-004-RES
PMC-001-KER",525,2026-04-21 19:46:07.956,,y
3701,"Bouteille Ovale en Céramique – Motifs Ottomans Peints à la Main (75 cl)
Tasse à café avec support en cuivre martelé et soucoupe","BCO-003-RL
TCC-001-KB",525,2026-04-21 19:46:07.956,,y
3702,Bonbonnières en verre soufflé & cuivre martelé - Miel,BON-VS-ML,525,2026-04-21 19:46:07.956,,y
3703,"Set de Vaisselle ""Organica"" - 6 Personnes",SVO-001-6V,525,2026-04-21 19:46:07.956,,y
3704,"Zazwa en Cuivre Martelé avec Manche en Laiton (4pax)
Bonbonnières en verre soufflé & cuivre martelé - Transparent","ZCL-002-KB
BON-VS-TR",525,2026-04-21 19:46:07.956,,y
3705,Bonbonnières en verre soufflé & cuivre martelé - Miel,BON-VS-ML,525,2026-04-21 19:46:07.956,,y
3706,"Set Mots du Cœur Duo
Set ""Cœur à Cœur"" – Mug et Plateau en Céramique
Boîte en céramique avec calligraphie arabe bleue (13cm)
Cruche en céramique circulaire avec motifs andalous jaunes et bleus","PMC-001-KER
PCC-001-KER
BC-003-RL
CCL-001-RL",525,2026-04-21 19:46:07.956,,y
3707,Bonbonnières en verre soufflé & cuivre martelé - Miel,BON-VS-ML,525,2026-04-21 19:46:07.956,,y
3708,"Bonbonnières en verre soufflé & cuivre martelé - Transparent
Set Gourmet L’Éveil – Vaisselle en Céramique en Pâte Blanche (Bleu Gris, Terracotta, Vert d’Eau) - Gris, 6 Personnes
Set de Vaisselle ""Organica"" - 6 Personnes","BON-VS-TR
SGE-NA
SVO-001-6V",525,2026-04-21 19:46:07.956,,y
3709,"Set ""Cœur à Cœur"" – Mug et Plateau en Céramique
Set Mots du Cœur Duo","PCC-001-KER
PMC-001-KER",525,2026-04-21 19:46:07.956,,y
3710,Bonbonnières en verre soufflé & cuivre martelé - Miel,BON-VS-ML,525,2026-04-21 19:46:07.957,,y
3711,"Set Gourmet L’Éveil – Vaisselle en Céramique en Pâte Blanche (Bleu Gris, Terracotta, Vert d’Eau) - Vert, 4 Personnes
Planche en Céramique Andalous – Élégance Artisanale","SGE-NA
PC-002-RL",525,2026-04-21 19:46:07.957,,y
3712,"Verre de thé avec base en cuivre
Mathred-Coupe à Pied Martelée en Cuivre Argenté
Tasse à café avec support en cuivre martelé et soucoupe
Plateau rond en métal martelé (25cm)
Boîte en verre avec couvercle en cuivre martelé
Plateau rond profond en cuivre martelé (34cm)
Carafe ""el bey"" en verre et cuivre martelé","VTC-001-KB
MC-001-KB
TCC-001-KB
PCM-001-KB
BVC-001-KB
PCM-002-KB
CVC-001-KB",525,2026-04-21 19:46:07.957,,y
3713,"Grand Vase Visage Minimaliste en Résine
Coffret Flamme d’artisan - Jasmin Noir ou Silex - Jasmin noir","VV-001-RES
CFA-001-SO",525,2026-04-21 19:46:07.957,,y
3714,"Set Gourmet L’Éveil – Vaisselle en Céramique en Pâte Blanche (Bleu Gris, Terracotta, Vert d’Eau) - Vert, 6 Personnes",SGE-NA,525,2026-04-21 19:46:07.957,,y
3715,"Set ""Cœur à Cœur"" – Mug et Plateau en Céramique
Mug ""Tendresse"" en Céramique – Fait Main avec Cœur Rouge
Ensemble Décoratif en Résine Marbrée avec Dorures - 4 Pièces","PCC-001-KER
MTC-001-SZ
ED-003-RES",525,2026-04-21 19:46:07.957,,y
3716,"Service de Table ""Astéria"" - 6 Personnes",STE-001-EN-6,525,2026-04-21 19:46:07.957,,y
3717,"Set de Vaisselle ""Organica"" - 6 Personnes",SVO-001-6V,525,2026-04-21 19:46:07.957,,y
3718,"Set Tanit Quattro - Carafe et 4 Verres en Verre Soufflé
Planche en Céramique Andalous – Élégance Artisanale
Sous-Plat Rond en Céramique Andalous – 20 cm","
PC-002-RL
SPR-003-RL",525,2026-04-21 19:46:07.957,,y
3719,"Set Gourmet L’Éveil – Vaisselle en Céramique en Pâte Blanche (Bleu Gris, Terracotta, Vert d’Eau) - Gris, 6 Personnes
Set Gourmet L’Éveil – Vaisselle en Céramique en Pâte Blanche (Bleu Gris, Terracotta, Vert d’Eau) - Vert, 6 Personnes","SGE-NA
SGE-NA",525,2026-04-21 19:46:07.957,,y
3720,"Set Gourmet L’Éveil – Vaisselle en Céramique en Pâte Blanche (Bleu Gris, Terracotta, Vert d’Eau) - Vert, 6 Personnes",SGE-NA,525,2026-04-21 19:46:07.957,,y
3721,Pack Andalous en Céramique – Élégance et Tradition,PAC-001-RL,525,2026-04-21 19:46:07.957,,y
3722,"Set de Vaisselle ""Organica"" - 6 Personnes",SVO-001-6V,525,2026-04-21 19:46:07.957,,y
3723,"🖤 Carafe et 6 Gobelets ""Séli"" en Grès – Élégance Naturelle et Authentique",CGS-002-2M,525,2026-04-21 19:46:07.957,,y
3724,"Set de Vaisselle ""Organica"" en Pâte Blanche – 19 Pièces pour 6 Personnes - 4 Personnes",SVO-001,525,2026-04-21 19:46:07.957,,y
3725,"Théière en cuivre martelé
Verre de thé avec base en cuivre","TCM-001-KB
VTC-001-KB",525,2026-04-21 19:46:07.957,,y
3726,"Grand Vase Visage Minimaliste en Résine
Ensemble Décoratif Minimaliste en Résine Blanche - 4 Pièces
Ensemble Décoratif en Résine Marbrée avec Fleurs Séchées - 4 Pièces","VV-001-RES
ED-002-RES
ED-004-RES",525,2026-04-21 19:46:07.957,,y
3727,"Set de Vaisselle ""Organica"" en Pâte Blanche – 19 Pièces pour 6 Personnes",SVO-001,525,2026-04-21 19:46:07.957,,y
3728,"Set de Vaisselle ""Organica"" en Pâte Blanche – 19 Pièces pour 6 Personnes",SVO-001,525,2026-04-21 19:46:07.957,,y
3729,"Set de Vaisselle ""Organica"" en Pâte Blanche – 19 Pièces pour 6 Personnes",SVO-001,525,2026-04-21 19:46:07.957,,y
3730,"Ensemble Décoratif en Résine Marbrée avec Fleurs Séchées - 4 Pièces
Grand Vase Visage Minimaliste en Résine","ED-004-RES
VV-001-RES",525,2026-04-21 19:46:07.957,,y
3731,"Set ""Cœur à Cœur"" – Mug et Plateau en Céramique",PCC-001-KER,525,2026-04-21 19:46:07.957,,y
3732,Pack Andalous en Céramique – Élégance et Tradition,PAC-001-RL,525,2026-04-21 19:46:07.957,,y
3733,"Set ""Cœur à Cœur"" – Mug et Plateau en Céramique",PCC-001-KER,525,2026-04-21 19:46:07.957,,y
3734,Échiquier en Bois d'Olivier – Pièce d’Artisanat Élégante - 50*50,JEB-BF,525,2026-04-21 19:46:07.957,,y
3735,"طلّع بالتونسي - TALA3 BITOUNSI
Action Vérité Bitounsi + 108 Extra Cartes - Jeu D'ambiance","SS-TT-001
SS-AV-002",525,2026-04-21 19:46:07.957,,y
3736,Cruche en céramique circulaire avec motifs andalous jaunes et bleus,CCL-001-RL,525,2026-04-21 19:46:07.957,,y
3737,"Mathred-Coupe à Pied Martelée en Cuivre Argenté
Mrach-Encensoir Traditionnel en Métal Martelé avec Pompon Bleu
Petite Zazwa en Cuivre Martelé","MC-001-KB
LPC-001-KB
ZCL-001-KB",525,2026-04-21 19:46:07.957,,y
3738,Échiquier en Bois d'Olivier – Pièce d’Artisanat Élégante - 50*50,JEB-BF,525,2026-04-21 19:46:07.957,,y
3739,"Set Mots du Cœur Duo
Set Calligraphie Arabe – Cruche, Sous-Plat & Planche en Céramique","PMC-001-KER
SCA-001-RL",525,2026-04-21 19:46:07.957,,y
3740,"Set ""Cœur à Cœur"" – Mug et Plateau en Céramique",PCC-001-KER,525,2026-04-21 19:46:07.957,,y
3741,"Set ""Cœur à Cœur"" – Mug et Plateau en Céramique",PCC-001-KER,525,2026-04-21 19:46:07.957,,y
3742,"Ensemble Décoratif en Résine Marbrée avec Dorures - 4 Pièces
Planche en Céramique Andalous – Élégance Artisanale
Sous-Plat Rond en Céramique Andalous – 20 cm
Bouteille en Céramique à Motifs Andalous","ED-003-RES
PC-002-RL
SPR-003-RL
BCA-001-RL",525,2026-04-21 19:46:07.957,,y
3743,"Set ""Mots du Cœur Uno"" – Mug avec Inscription & Sous-Tasse",PMC-002-KER,525,2026-04-21 19:46:07.957,,y
3744,Set Mots du Cœur Duo,PMC-001-KER,525,2026-04-21 19:46:07.957,,y
3745,"Set ""Mots du Cœur Uno"" – Mug avec Inscription & Sous-Tasse",PMC-002-KER,525,2026-04-21 19:46:07.957,,y
3746,Set Mots du Cœur Duo,PMC-001-KER,525,2026-04-21 19:46:07.957,,y
3747,Set Mots du Cœur Duo,PMC-001-KER,525,2026-04-21 19:46:07.957,,y
3748,"Set ""Duo Envoûtant"" – Mug et Plateau en Céramique
Set ""Mots du Cœur Uno"" – Mug avec Inscription & Sous-Tasse","PDE-001-KER
PMC-002-KER",525,2026-04-21 19:46:07.957,,y
3749,"Set ""Cœur à Cœur"" – Mug et Plateau en Céramique",PCC-001-KER,525,2026-04-21 19:46:07.957,,y
3750,"Set ""Duo Envoûtant"" – Mug et Plateau en Céramique",PDE-001-KER,525,2026-04-21 19:46:07.957,,y
3751,"Set ""Duo Envoûtant"" – Mug et Plateau en Céramique",PDE-001-KER,525,2026-04-21 19:46:07.957,,y
3752,"Set ""Cœur à Cœur"" – Mug et Plateau en Céramique",PCC-001-KER,525,2026-04-21 19:46:07.957,,y
3753,"Set ""Cœur à Cœur"" – Mug et Plateau en Céramique",PCC-001-KER,525,2026-04-21 19:46:07.957,,y
3754,Set Mots du Cœur Duo,PMC-001-KER,525,2026-04-21 19:46:07.957,,y
3755,"Set ""Cœur à Cœur"" – Mug et Plateau en Céramique",PCC-001-KER,525,2026-04-21 19:46:07.957,,y
3756,"Set ""Cœur à Cœur"" – Mug et Plateau en Céramique",PCC-001-KER,525,2026-04-21 19:46:07.957,,y
3757,Set Mots du Cœur Duo,PMC-001-KER,525,2026-04-21 19:46:07.957,,y
3758,"Set ""Duo Envoûtant"" – Mug et Plateau en Céramique",PDE-001-KER,525,2026-04-21 19:46:07.957,,y
3759,"Plateau rond en métal martelé (25cm)
Tasse à café avec support en cuivre martelé et soucoupe","PCM-001-KB
TCC-001-KB",525,2026-04-21 19:46:07.957,,y
3760,"Set ""Duo Envoûtant"" – Mug et Plateau en Céramique",PDE-001-KER,525,2026-04-21 19:46:07.957,,y
3761,Set Mots du Cœur Duo,PMC-001-KER,525,2026-04-21 19:46:07.957,,y
3762,"Théière en cuivre martelé
Verre de thé avec base en cuivre","TCM-001-KB
VTC-001-KB",525,2026-04-21 19:46:07.957,,y
3763,"Set ""Cœur à Cœur"" – Mug et Plateau en Céramique",PCC-001-KER,525,2026-04-21 19:46:07.957,,y
3764,"Set ""Cœur à Cœur"" – Mug et Plateau en Céramique",PCC-001-KER,525,2026-04-21 19:46:07.957,,y
3765,"Set ""Mots du Cœur Uno"" – Mug avec Inscription & Sous-Tasse",PMC-002-KER,525,2026-04-21 19:46:07.957,,y
3766,Duo cœur à cœur + Plateau,Duo-cœur-à-cœur-+-Plateau,525,2026-04-21 19:46:07.957,,y
3767,"Set ""Cœur à Cœur"" – Mug et Plateau en Céramique",PCC-001-KER,525,2026-04-21 19:46:07.957,,y
3768,"Set ""Cœur à Cœur"" – Mug et Plateau en Céramique
Set ""Duo Envoûtant"" – Mug et Plateau en Céramique","PCC-001-KER
PDE-001-KER",525,2026-04-21 19:46:07.957,,y
3769,"Set ""Cœur à Cœur"" – Mug et Plateau en Céramique",PCC-001-KER,525,2026-04-21 19:46:07.957,,y
3770,"Set ""Cœur à Cœur"" – Mug et Plateau en Céramique
Set ""Duo Envoûtant"" – Mug et Plateau en Céramique
Set ""Mots du Cœur Uno"" – Mug avec Inscription & Sous-Tasse","PCC-001-KER
PDE-001-KER
PMC-002-KER",525,2026-04-21 19:46:07.957,,y
3771,Set Mots du Cœur Duo,PMC-001-KER,525,2026-04-21 19:46:07.957,,y
3772,"Set Mots du Cœur Duo
Set Calligraphie Arabe – Cruche, Sous-Plat & Planche en Céramique","PMC-001-KER
SCA-001-RL",525,2026-04-21 19:46:07.957,,y
3773,"Ensemble Décoratif en Résine Marbrée avec Dorures - 4 Pièces
Set ""Cœur à Cœur"" – Mug et Plateau en Céramique
Vase en céramique avec motifs de poissons colorés- Samak","ED-003-RES
PCC-001-KER
VC-001-RL",525,2026-04-21 19:46:07.957,,y
3774,Set Mots du Cœur Duo,PMC-001-KER,525,2026-04-21 19:46:07.957,,y
3775,"Set ""Cœur à Cœur"" – Mug et Plateau en Céramique",PCC-001-KER,525,2026-04-21 19:46:07.957,,y
3776,Set Mots du Cœur,PMC-001-KER,525,2026-04-21 19:46:07.957,,y
3777,Ensemble Décoratif en Résine avec Fleurs Séchées - 6 Pièces,ED-005-RES,525,2026-04-21 19:46:07.957,,y
3778,"Pack Ottoman en Céramique – Élégance et Artisanat
Porte-serviettes en céramique décoré","POC-001-RL
PSC-001-RL",525,2026-04-21 19:46:07.957,,y
3779,"Zazwa en Cuivre Martelé avec Manche en Laiton (4pax)
Petite Zazwa en Cuivre Martelé
Bouteille en Céramique – Motifs Ottomans Peints à la Main (75 cl)","ZCL-002-KB
ZCL-001-KB
BCO-001-RL",525,2026-04-21 19:46:07.957,,y
3780,"Ensemble Décoratif en Résine Marbrée avec Fleurs Séchées - 4 Pièces
Ensemble Décoratif Minimaliste en Résine Blanche - 4 Pièces","ED-004-RES
ED-002-RES",525,2026-04-21 19:46:07.958,,y
3781,"Coffret Diffuseur et Bougie - Jasmin Noir ou Silex - Jasmin noir
Ensemble Décoratif Compact en Résine Marbrée avec Fleurs Séchées - 3 Pièces","CFA-001-SO
ED-001-RES",525,2026-04-21 19:46:07.958,,y
3782,"Bouteille en Céramique à Motifs Andalous
Cruche en céramique circulaire avec motifs andalous jaunes et bleus
Porte-serviettes en céramique décoré
Boîte rectangulaire en céramique avec couvercle décoré de motifs géométriques","BCA-001-RL
CCL-001-RL
PSC-001-RL
BC-002-RL",525,2026-04-21 19:46:07.958,,y
3783,Jeu Nes Bekri Kalou ناس بكري قالوا,NBK-001-OSL,525,2026-04-21 19:46:07.958,,y
3784,"Cruche en céramique circulaire avec motifs andalous jaunes et bleus
Mathred-Coupe à Pied Martelée en Cuivre Argenté
Ensemble Décoratif Minimaliste en Résine Blanche - 4 Pièces","CCL-001-RL
MC-001-KB
ED-002-RES",525,2026-04-21 19:46:07.958,,y
3785,"Ensemble Décoratif Minimaliste en Résine Blanche - 4 Pièces
Ensemble Décoratif en Résine Marbrée avec Dorures - 4 Pièces","ED-002-RES
ED-003-RES",525,2026-04-21 19:46:07.958,,y
3786,"Coffret Diffuseur et Bougie - Jasmin Noir ou Silex - Jasmin noir
Cruche en céramique circulaire avec motifs andalous jaunes et bleus","CFA-001-SO
CCL-001-RL",525,2026-04-21 19:46:07.958,,y
3787,"Mathred-Coupe à Pied Martelée en Cuivre Argenté
Zazwa en Cuivre Martelé avec Manche en Laiton (4pax)","MC-001-KB
ZCL-002-KB",525,2026-04-21 19:46:07.958,,y
3788,"Cruche en céramique circulaire avec motifs andalous jaunes et bleus
Bouteille en Céramique à Motifs Andalous
Zazwa en Cuivre Martelé avec Manche en Laiton (4pax)","CCL-001-RL
BCA-001-RL
ZCL-002-KB",525,2026-04-21 19:46:07.958,,y
3789,Ensemble Décoratif en Résine avec Fleurs Séchées - 6 Pièces,ED-005-RES,525,2026-04-21 19:46:07.958,,y
3790,Ensemble Décoratif en Résine Marbrée avec Fleurs Séchées - 4 Pièces,ED-004-RES,525,2026-04-21 19:46:07.958,,y
3791,Ensemble Décoratif en Résine avec Fleurs Séchées - 6 Pièces,ED-005-RES,525,2026-04-21 19:46:07.958,,y
3792,"Ensemble Décoratif Compact en Résine Marbrée avec Fleurs Séchées - 3 Pièces
Boîte rectangulaire en céramique avec couvercle décoré de motifs géométriques
Bouteille en Céramique à Motifs Andalous
Mug en céramique minimaliste","ED-001-RES
BC-002-RL
BCA-001-RL
MC-001-RL",525,2026-04-21 19:46:07.958,,y
3793,لعبة الباندي - Jeu D’ambiance,SS-JB-001,525,2026-04-21 19:46:07.958,,y
3794,Jeu Nes Bekri Kalou ناس بكري قالوا,NBK-001-OSL,525,2026-04-21 19:46:07.958,,y
3795,Jeu Nes Bekri Kalou ناس بكري قالوا,NBK-001-OSL,525,2026-04-21 19:46:07.958,,y
3796,طلّع بالتونسي - TALA3 BITOUNSI,SS-TT-001,525,2026-04-21 19:46:07.958,,y
3797,Set Tanit Quattro - Carafe et 4 Verres en Verre Soufflé,Set-Tanit-Quattro---Carafe-et-4-Verres-en-Verre-Soufflé,525,2026-04-21 19:46:07.958,,y
3798,Jeu De Mimes - ميم بالتونسي - Jeu D'ambiance,SS-MT-01,525,2026-04-21 19:46:07.958,,y
3799,Jeu Nes Bekri Kalou ناس بكري قالوا,NBK-001-OSL,525,2026-04-21 19:46:07.958,,y
3800,Jeu Nes Bekri Kalou ناس بكري قالوا,NBK-001-OSL,525,2026-04-21 19:46:07.958,,y
3801,brume de corps Passion Jasmin,brume-de-corps-Passion-Jasmin,525,2026-04-21 19:46:07.958,,y
3802,"Jeu De Mimes - ميم بالتونسي - Jeu D'ambiance
لعبة الباندي - Jeu D’ambiance","SS-MT-01
SS-JB-001",525,2026-04-21 19:46:07.958,,y
3803,Jeu Nes Bekri Kalou ناس بكري قالوا,NBK-001-OSL,525,2026-04-21 19:46:07.958,,y
3804,Loup Garou Bitounsi - Jeu D'ambiance,SS-LG-01,525,2026-04-21 19:46:07.958,,y
3805,Lunch-box Bento,LB-001-SB,525,2026-04-21 19:46:07.958,,y
3806,Jeu Nes Bekri Kalou ناس بكري قالوا,NBK-001-OSL,525,2026-04-21 19:46:07.958,,y
3807,Huile de Pépin de Courge,Huile-de-Pépin-de-Courge,525,2026-04-21 19:46:07.958,,y
3808,Lunch-box Bento,LB-001-SB,525,2026-04-21 19:46:07.958,,y
3809,"Coussin Géométrique Style Boho 50cm*30cm - Avec
Diffuseur d'ambiance SOUGUI - Jasmin Noir",Coussin-Géométrique-Style-Boho-50cm*30cm---Avec-Diffuseur-d'ambiance-SOUGUI---Jasmin-Noir,525,2026-04-21 19:46:07.958,,y
3810,طلّع بالتونسي - TALA3 BITOUNSI,SS-TT-001,525,2026-04-21 19:46:07.958,,y
3811,Cape en Lin avec Peinture à la Main,Cape-en-Lin-avec-Peinture-à-la-Main,525,2026-04-21 19:46:07.958,,y
3812,Couffin paniers,Couffin-paniers,525,2026-04-21 19:46:07.958,,y
3813,Jeu Nes Bekri Kalou ناس بكري قالوا,NBK-001-OSL,525,2026-04-21 19:46:07.958,,y
3814,Action Vérité Bitounsi + 108 Extra Cartes - Jeu D'ambiance,SS-AV-002,525,2026-04-21 19:46:07.958,,y
3815,Jeu De Mimes - ميم بالتونسي - Jeu D'ambiance,SS-MT-01,525,2026-04-21 19:46:07.958,,y
3816,"Jeu Nes Bekri Kalou ناس بكري قالوا
Action Vérité Bitounsi - Jeu D'ambiance","NBK-001-OSL
SS-AV-001",525,2026-04-21 19:46:07.958,,y
3817,"Jeu Nes Bekri Kalou ناس بكري قالوا
Action Vérité Bitounsi - Jeu D'ambiance","NBK-001-OSL
SS-AV-001",525,2026-04-21 19:46:07.958,,y
3818,Beurre de Coco,Beurre-de-Coco,525,2026-04-21 19:46:07.958,,y
3819,"لعبة الباندي - Jeu D’ambiance
Action Vérité Bitounsi + 108 Extra Cartes - Jeu D'ambiance
Jeu Nes Bekri Kalou ناس بكري قالوا
Loup Garou Bitounsi - Jeu D'ambiance","SS-JB-001
SS-AV-002
NBK-001-OSL
SS-LG-01",525,2026-04-21 19:46:07.958,,y
3820,Jeu Nes Bekri Kalou ناس بكري قالوا,NBK-001-OSL,525,2026-04-21 19:46:07.958,,y
3821,Jeu Nes Bekri Kalou ناس بكري قالوا,NBK-001-OSL,525,2026-04-21 19:46:07.958,,y
3822,"Déodorant Solide Jasmin 50g
Déodorant Solide Rose 50g
Déodorant Solide Vanille 50g",Déodorant-Solide-Jasmin-50g-Déodorant-Solide-Rose-50g-Déodorant-Solide-Vanille-50g,525,2026-04-21 19:46:07.958,,y
3823,Jeu Nes Bekri Kalou ناس بكري قالوا,NBK-001-OSL,525,2026-04-21 19:46:07.958,,y
3824,Jeu Nes Bekri Kalou ناس بكري قالوا,NBK-001-OSL,525,2026-04-21 19:46:07.958,,y
3825,"Beurre d’Avocat
Baume à Lèvre Embrasse Moi",Beurre-d’Avocat-Baume-à-Lèvre-Embrasse-Moi,525,2026-04-21 19:46:07.959,,y
3826,Broche Cuivre Artisanale avec Pierre Semi-Précieuse Turquoise,Broche-Cuivre-Artisanale-avec-Pierre-Semi-Précieuse-Turquoise,525,2026-04-21 19:46:07.959,,y
3827,Beurre d’Avocat,Beurre-d’Avocat,525,2026-04-21 19:46:07.959,,y
3828,"Diffuseur Voiture Citron
Diffuseur Voiture Jasmin
Diffuseur Voiture Roses et Fruits Rouges",Diffuseur-Voiture-Citron-Diffuseur-Voiture-Jasmin-Diffuseur-Voiture-Roses-et-Fruits-Rouges,525,2026-04-21 19:46:07.959,,y
3829,Jeu Nes Bekri Kalou ناس بكري قالوا,NBK-001-OSL,525,2026-04-21 19:46:07.959,,y
3830,Parfum de Linge C'est Du Propre,Parfum-de-Linge-C'est-Du-Propre,525,2026-04-21 19:46:07.959,,y
3831,2 planches,2-planches,525,2026-04-21 19:46:07.959,,y
3832,Échiquier PF,Échiquier-PF,525,2026-04-21 19:46:07.959,,y
3833,Bonbonnière GF,Bonbonnière-GF,525,2026-04-21 19:46:07.959,,y
3834,Bouteille fleur 2 oreilles,Bouteille-fleur-2-oreilles,525,2026-04-21 19:46:07.960,,y
3835,Bouteille Andalouse + planche,Bouteille-Andalouse-+-planche,525,2026-04-21 19:46:07.960,,y
3836,3 bonbonnières GF,3-bonbonnières-GF,525,2026-04-21 19:46:07.960,,y
3837,1 bonbonnière PF,1-bonbonnière-PF,525,2026-04-21 19:46:07.960,,y
3838,Service gourmand fleur verte,Service-gourmand-fleur-verte,525,2026-04-21 19:46:07.960,,y
3839,Veilleuse S3G,Veilleuse-S3G,525,2026-04-21 19:46:07.960,,y
3840,TOTAL,TOTAL,525,2026-04-21 19:46:07.960,,y
3841,Bouteille Ovale Andalous + CRUCHE,Bouteille-Ovale-Andalous-+-CRUCHE,525,2026-04-21 19:46:07.960,,y
3842,Échiquier PF,Échiquier-PF,525,2026-04-21 19:46:07.960,,y
3843,TOTAL,TOTAL,525,2026-04-21 19:46:07.960,,y
3844,Bouteille andalouse rectangulaire,Bouteille-andalouse-rectangulaire,525,2026-04-21 19:46:07.960,,y
3845,Veilleuse S3G orange,Veilleuse-S3G-orange,525,2026-04-21 19:46:07.960,,y
3846,Bouteille huile bleue avec rame,Bouteille-huile-bleue-avec-rame,525,2026-04-21 19:46:07.960,,y
3847,2 petites Tasses + plateau Zouba,2-petites-Tasses-+-plateau-Zouba,525,2026-04-21 19:46:07.960,,y
3848,Service 6P gourmet  vert,Service-6P-gourmet-vert,525,2026-04-21 19:46:07.960,,y
3849,Boîte huile calligraphie bleue,Boîte-huile-calligraphie-bleue,525,2026-04-21 19:46:07.960,,y
3850,3 bouteilles calligraphie ,3-bouteilles-calligraphie,525,2026-04-21 19:46:07.960,,y
3851,TOTAL,TOTAL,525,2026-04-21 19:46:07.960,,y
3852,Bouteille motif andalouse sans oreille,Bouteille-motif-andalouse-sans-oreille,525,2026-04-21 19:46:07.960,,y
3853,Set 3 bougeoirs gris,Set-3-bougeoirs-gris,525,2026-04-21 19:46:07.960,,y
3854,Vase poisson,Vase-poisson,525,2026-04-21 19:46:07.960,,y
3855,Bouteille andalouse,Bouteille-andalouse,525,2026-04-21 19:46:07.960,,y
3856,Planche + bouteille calligraphie,Planche-+-bouteille-calligraphie,525,2026-04-21 19:46:07.960,,y
3857,2 planches + 2 bouteilles calligraphie,2-planches-+-2-bouteilles-calligraphie,525,2026-04-21 19:46:07.960,,y
3858,TOTAL,TOTAL,525,2026-04-21 19:46:07.960,,y
3859,Bonbonnière ébène,Bonbonnière-ébène,525,2026-04-21 19:46:07.961,,y
3860,Bouteille calligraphie + plateau,Bouteille-calligraphie-+-plateau,525,2026-04-21 19:46:07.961,,y
3861,Bouteille calligraphie,Bouteille-calligraphie,525,2026-04-21 19:46:07.961,,y
3862,Bougie bleue,Bougie-bleue,525,2026-04-21 19:46:07.961,,y
3863,Coffret zazoua+ planche + bouteille,Coffret-zazoua+-planche-+-bouteille,525,2026-04-21 19:46:07.961,,y
3864,Petit vase du trio bleu,Petit-vase-du-trio-bleu,525,2026-04-21 19:46:07.961,,y
3865,TOTAL,TOTAL,525,2026-04-21 19:46:07.961,,y
3866,Carafe transparente Dido,Carafe-transparente-Dido,525,2026-04-21 19:46:07.961,,y
3867,2 bonbonnières transparentes,2-bonbonnières-transparentes,525,2026-04-21 19:46:07.961,,y
3868,TOTAL,TOTAL,525,2026-04-21 19:46:07.961,,y
3869,2 carafes + 12 coupes,2-carafes-+-12-coupes,525,2026-04-21 19:46:07.961,,y
3870,Bouteille calligraphie,Bouteille-calligraphie,525,2026-04-21 19:46:07.961,,y
3871,Reste de veilleuse,Reste-de-veilleuse,525,2026-04-21 19:46:07.961,,y
3872,Cruche bleue,Cruche-bleue,525,2026-04-21 19:46:07.961,,y
3873,3 cruches + 3 serviettes + 3 bouteilles,3-cruches-+-3-serviettes-+-3-bouteilles,525,2026-04-21 19:46:07.961,,y
3874,3 bouteilles bleues ,3-bouteilles-bleues,525,2026-04-21 19:46:07.962,,y
3875,Bouteille calligraphie,Bouteille-calligraphie,525,2026-04-21 19:46:07.962,,y
3876,2 veilleuses,2-veilleuses,525,2026-04-21 19:46:07.962,,y
3877,Verre émeraude,Verre-émeraude,525,2026-04-21 19:46:07.962,,y
3878,Sous plat cœur zouba,Sous-plat-cœur-zouba,525,2026-04-21 19:46:07.962,,y
3879,Bouteille ottoman + planche,Bouteille-ottoman-+-planche,525,2026-04-21 19:46:07.962,,y
3880,2 bouteilles minimalistes + 1 ottoman,2-bouteilles-minimalistes-+-1-ottoman,525,2026-04-21 19:46:07.962,,y
3881,Bouteille calligraphie,Bouteille-calligraphie,525,2026-04-21 19:46:07.962,,y
3882,Vase poisson,Vase-poisson,525,2026-04-21 19:46:07.962,,y
3883,Porte-épices,Porte-épices,525,2026-04-21 19:46:07.962,,y
3884,Serviette + ovale + planche,Serviette-+-ovale-+-planche,525,2026-04-21 19:46:07.962,,y
3885,Bouteille visage,Bouteille-visage,525,2026-04-21 19:46:07.962,,y
3886,TOTAL,TOTAL,525,2026-04-21 19:46:07.962,,y
3887,2 bouteilles floral,2-bouteilles-floral,525,2026-04-21 19:46:07.962,,y
3888,1 porte serviette + 1 bouteille + Lampe natte,1-porte-serviette-+-1-bouteille-+-Lampe-natte,525,2026-04-21 19:46:07.962,,y
3889,1 cruche,1-cruche,525,2026-04-21 19:46:07.962,,y
3890,1 carafe tanit bleu,1-carafe-tanit-bleu,525,2026-04-21 19:46:07.962,,y
3891,1 veilleuse natte,1-veilleuse-natte,525,2026-04-21 19:46:07.962,,y
3892,1 bouteille,1-bouteille,525,2026-04-21 19:46:07.962,,y
3893,1 bouteille + 1 planche + Boite,1-bouteille-+-1-planche-+-Boite,525,2026-04-21 19:46:07.962,,y
3894,1 bouteille,1-bouteille,525,2026-04-21 19:46:07.962,,y
3895,1 bouteille + sous-plat,1-bouteille-+-sous-plat,525,2026-04-21 19:46:07.962,,y
3896,Bonbonnière ronde (avec défaut),Bonbonnière-ronde-(avec-défaut),525,2026-04-21 19:46:07.962,,y
3897,1 bouteille calligraphie bleu,1-bouteille-calligraphie-bleu,525,2026-04-21 19:46:07.962,,y
3898,TOTAL,TOTAL,525,2026-04-21 19:46:07.962,,y
3899,Mug vert cœur,Mug-vert-cœur,525,2026-04-21 19:46:07.963,,y
3900,3 mugs + planche,3-mugs-+-planche,525,2026-04-21 19:46:07.963,,y
3901,Carafe Didon,Carafe-Didon,525,2026-04-21 19:46:07.963,,y
3902,Planche andalouse,Planche-andalouse,525,2026-04-21 19:46:07.963,,y
3903,Bonbonnière transparente,Bonbonnière-transparente,525,2026-04-21 19:46:07.963,,y
3904,Planche arabesque noire,Planche-arabesque-noire,525,2026-04-21 19:46:07.963,,y
3905,Service Terracotta,Service-Terracotta,525,2026-04-21 19:46:07.963,,y
3906,Bougie émeraude,Bougie-émeraude,525,2026-04-21 19:46:07.963,,y
3907,2 bonbonnières (trame + miel) + 6 verres transparents + carafe Didon,2-bonbonnières-(trame-+-miel)-+-6-verres-transparents-+-carafe-Didon,525,2026-04-21 19:46:07.963,,y
3908,Service G.E gris (TPE),Service-G.E-gris-(TPE),525,2026-04-21 19:46:07.963,,y
3909,Veilleuse (TPE),Veilleuse-(TPE),525,2026-04-21 19:46:07.963,,y
3910,Bouteille visage,Bouteille-visage,525,2026-04-21 19:46:07.963,,y
3911,3 bonbonnières 3 couleurs,3-bonbonnières-3-couleurs,525,2026-04-21 19:46:07.963,,y
3912,Carafe Bledi + 6 verres GF,Carafe-Bledi-+-6-verres-GF,525,2026-04-21 19:46:07.963,,y
3913,Bouteille bleue,Bouteille-bleue,525,2026-04-21 19:46:07.963,,y
3914,Bouteille fleur plate,Bouteille-fleur-plate,525,2026-04-21 19:46:07.963,,y
3915,Bouteille calligraphie ovale + 2 plats calligraphie,Bouteille-calligraphie-ovale-+-2-plats-calligraphie,525,2026-04-21 19:46:07.963,,y
3916,Sous tasse bois d’olivier,Sous-tasse-bois-d’olivier,525,2026-04-21 19:46:07.963,,y
3917,Bonbonnière transparente,Bonbonnière-transparente,525,2026-04-21 19:46:07.963,,y
3918,Bonbonnière transparente,Bonbonnière-transparente,525,2026-04-21 19:46:07.963,,y
3919,Mug vert petit,Mug-vert-petit,525,2026-04-21 19:46:07.963,,y
3920,Bouteille minimaliste,Bouteille-minimaliste,525,2026-04-21 19:46:07.963,,y
3921,Bouteille bleue + planche ronde,Bouteille-bleue-+-planche-ronde,525,2026-04-21 19:46:07.963,,y
3922,Bouteille bleue,Bouteille-bleue,525,2026-04-21 19:46:07.963,,y
3923,Carafe medina,Carafe-medina,525,2026-04-21 19:46:07.963,,y
3924,Mug vert cœur,Mug-vert-cœur,525,2026-04-21 19:46:07.963,,y
3925,Bonbonnière transparente,Bonbonnière-transparente,525,2026-04-21 19:46:07.963,,y
3926,Set Zouba Rouge et blanc ( Tasse + St + plateau),Set-Zouba-Rouge-et-blanc-(-Tasse-+-St-+-plateau),525,2026-04-21 19:46:07.964,,y
3927,Bouteille fleur ,Bouteille-fleur,525,2026-04-21 19:46:07.964,,y
3928,TOTAL,TOTAL,525,2026-04-21 19:46:07.964,,y
3929,Bonbonnière transparente,Bonbonnière-transparente,525,2026-04-21 19:46:07.964,,y
3930,Bonbonnière transparente + carafe Dido bleue + 2 petits verres bleus,Bonbonnière-transparente-+-carafe-Dido-bleue-+-2-petits-verres-bleus,525,2026-04-21 19:46:07.964,,y
3931,3 boîtes grandes bleues,3-boîtes-grandes-bleues,525,2026-04-21 19:46:07.964,,y
3932,Bougie verte,Bougie-verte,525,2026-04-21 19:46:07.964,,y
3933,Bouteille ovale bleue + boîte ronde bleue,Bouteille-ovale-bleue-+-boîte-ronde-bleue,525,2026-04-21 19:46:07.964,,y
3934,2 grands mugs Zouba,2-grands-mugs-Zouba,525,2026-04-21 19:46:07.964,,y
3935,Service Organica 8P,Service-Organica-8P,525,2026-04-21 19:46:07.964,,y
3936,Échecs petit,Échecs-petit,525,2026-04-21 19:46:07.964,,y
3937,2 bonbonnières miel,2-bonbonnières-miel,525,2026-04-21 19:46:07.964,,y
3938,Bonbonnière Trampa + bougie Sougui (TPE),Bonbonnière-Trampa-+-bougie-Sougui-(TPE),525,2026-04-21 19:46:07.964,,y
3939,6 bols G.E (3 verts + 3 saumon),6-bols-G.E-(3-verts-+-3-saumon),525,2026-04-21 19:46:07.964,,y
3940,Serviette + bouteille + planche ronde + boîte ronde petite,Serviette-+-bouteille-+-planche-ronde-+-boîte-ronde-petite,525,2026-04-21 19:46:07.964,,y
3941,2 bougies Sougui,2-bougies-Sougui,525,2026-04-21 19:46:07.964,,y
3942,Bonbonnière transparente,Bonbonnière-transparente,525,2026-04-21 19:46:07.964,,y
3943,Bouteille fleur ovale,Bouteille-fleur-ovale,525,2026-04-21 19:46:07.964,,y
3944,6 coupes à vin transparentes,6-coupes-à-vin-transparentes,525,2026-04-21 19:46:07.964,,y
3945,Plateau bois + faïence,Plateau-bois-+-faïence,525,2026-04-21 19:46:07.964,,y
3946,4 bonbonnières (2 miel + 2 violet),4-bonbonnières-(2-miel-+-2-violet),525,2026-04-21 19:46:07.964,,y
3947,Bougie Sougui,Bougie-Sougui,525,2026-04-21 19:46:07.964,,y
3948,Avance Zineb Chayah (commande WhatsApp),Avance-Zineb-Chayah-(commande-WhatsApp),525,2026-04-21 19:46:07.964,,y
3949,Bonbonnière miel,Bonbonnière-miel,525,2026-04-21 19:46:07.964,,y
3950,Échiquier grand,Échiquier-grand,525,2026-04-21 19:46:07.964,,y
3951,Bougie Sougui + fond verre bleu,Bougie-Sougui-+-fond-verre-bleu,525,2026-04-21 19:46:07.965,,y
3952,2 bouteilles fleurs (ovale + plate),2-bouteilles-fleurs-(ovale-+-plate),525,2026-04-21 19:46:07.965,,y
3953,2 bougies Sougui,2-bougies-Sougui,525,2026-04-21 19:46:07.965,,y
3954,Petit verre transparent,Petit-verre-transparent,525,2026-04-21 19:46:07.965,,y
3955,2 services Terracotta + gris,2-services-Terracotta-+-gris,525,2026-04-21 19:46:07.965,,y
3956,Carafe Medina transparente,Carafe-Medina-transparente,525,2026-04-21 19:46:07.965,,y
3957,Mug rose cœur,Mug-rose-cœur,525,2026-04-21 19:46:07.965,,y
3958,Bouteille ovale fleur,Bouteille-ovale-fleur,525,2026-04-21 19:46:07.965,,y
3959,Bonbonnière miel,Bonbonnière-miel,525,2026-04-21 19:46:07.965,,y
3960,Service gourmet (verre d’eau + terracotta),Service-gourmet-(verre-d’eau-+-terracotta),525,2026-04-21 19:46:07.965,,y
3961,4 verres Transparent,4-verres-Transparent,525,2026-04-21 19:46:07.965,,y
3962,Bonbonnière transparente + porte-épices bois,Bonbonnière-transparente-+-porte-épices-bois,525,2026-04-21 19:46:07.965,,y
3963,Bougie parfum Sougui,Bougie-parfum-Sougui,525,2026-04-21 19:46:07.965,,y
3964,Bonbonnière miel + bonbonnière transparente,Bonbonnière-miel-+-bonbonnière-transparente,525,2026-04-21 19:46:07.965,,y
3965,TOTAL,TOTAL,525,2026-04-21 19:46:07.965,,y
3966,Plateau 30*10,Plateau-30*10,525,2026-04-21 19:46:07.965,,y
3967,Plateau 30*10,Plateau-30*10,525,2026-04-21 19:46:07.965,,y
3968,Plateau 20*10,Plateau-20*10,525,2026-04-21 19:46:07.965,,y
3969,Plateau 20*20,Plateau-20*20,525,2026-04-21 19:46:07.965,,y
3970,Magnet fridge,Magnet-fridge,525,2026-04-21 19:46:07.965,,y
3971,Porte clé chachia ,Porte-clé-chachia,525,2026-04-21 19:46:07.965,,y
3972,Couffin sac à main,Couffin-sac-à-main,525,2026-04-21 19:46:07.965,,y
3973,Plateau 20*10,Plateau-20*10,525,2026-04-21 19:46:07.966,,y
3974,Planche Bois,Planche-Bois,525,2026-04-21 19:46:07.966,,y
3975,Fouta,Fouta,525,2026-04-21 19:46:07.966,,y
3976,Couffin sac à main,Couffin-sac-à-main,525,2026-04-21 19:46:07.966,,y
3977,fridge magnet,fridge-magnet,525,2026-04-21 19:46:07.966,,y
3978,mouton T3,mouton-T3,525,2026-04-21 19:46:07.966,,y
3979,Planche Bois,Planche-Bois,525,2026-04-21 19:46:07.967,,y
3980,Sous plat bois,Sous-plat-bois,525,2026-04-21 19:46:07.968,,y
3981,Bouteille huile,Bouteille-huile,525,2026-04-21 19:46:07.968,,y
3982,bouteille huile,bouteille-huile,525,2026-04-21 19:46:07.968,,y
3983,fridge magnet,fridge-magnet,525,2026-04-21 19:46:07.968,,y
3984,bougie sidi bousaid MF,bougie-sidi-bousaid-MF,525,2026-04-21 19:46:07.968,,y
3985,bougie trio,bougie-trio,525,2026-04-21 19:46:07.968,,y
3986,fridge magnet,fridge-magnet,525,2026-04-21 19:46:07.968,,y
3987,mouton T3,mouton-T3,525,2026-04-21 19:46:07.968,,y
3988,tasse + st coeur irr,tasse-+-st-coeur-irr,525,2026-04-21 19:46:07.968,,y
3989,bougie sidi bousaid GF,bougie-sidi-bousaid-GF,525,2026-04-21 19:46:07.968,,y
3990,bouteille huile d'olive poisson pf,bouteille-huile-d'olive-poisson-pf,525,2026-04-21 19:46:07.968,,y
3991,Plateau 20*20,Plateau-20*20,525,2026-04-21 19:46:07.968,,y
3992,Bouteille huile d'olive pf,Bouteille-huile-d'olive-pf,525,2026-04-21 19:46:07.968,,y
3993,Tote Bag ,Tote-Bag,525,2026-04-21 19:46:07.969,,y
3994,Magnet fridge,Magnet-fridge,525,2026-04-21 19:46:07.969,,y
3995,Fouta,Fouta,525,2026-04-21 19:46:07.969,,y
3996,Porte clé porte,Porte-clé-porte,525,2026-04-21 19:46:07.969,,y
3997,Plateau 30*20,Plateau-30*20,525,2026-04-21 19:46:07.969,,y
3998,vase Poissons,vase-Poissons,525,2026-04-21 19:46:07.969,,y
3999,Plateau 30*10,Plateau-30*10,525,2026-04-21 19:46:07.969,,y
4000,BROC verre GM,BROC-verre-GM,525,2026-04-21 19:46:07.969,,y
4001,Mouton PF,Mouton-PF,525,2026-04-21 19:46:07.969,,y
4002,Poisson avec Tige ,Poisson-avec-Tige,525,2026-04-21 19:46:07.969,,y
4003,Mouton PF,Mouton-PF,525,2026-04-21 19:46:07.969,,y
4004,Porte clé chachia ,Porte-clé-chachia,525,2026-04-21 19:46:07.969,,y
4005,Mouton PF,Mouton-PF,525,2026-04-21 19:46:07.969,,y
4006,Carafe didon Bleue,Carafe-didon-Bleue,525,2026-04-21 19:46:07.970,,y
4007,Carafe Medina Bleue,Carafe-Medina-Bleue,525,2026-04-21 19:46:07.970,,y
4008,Verre Bleu PF,Verre-Bleu-PF,525,2026-04-21 19:46:07.970,,y
4009,Plateau 30*10,Plateau-30*10,525,2026-04-21 19:46:07.970,,y
4010,Carafe Didon Miel,Carafe-Didon-Miel,525,2026-04-21 19:46:07.970,,y
4011,Verre Miel PF,Verre-Miel-PF,525,2026-04-21 19:46:07.970,,y
4012,Verre Miel MF,Verre-Miel-MF,525,2026-04-21 19:46:07.970,,y
4013,Bonbonniére Miel,Bonbonniére-Miel,525,2026-04-21 19:46:07.970,,y
4014,Bonbonniére ebene,Bonbonniére-ebene,525,2026-04-21 19:46:07.970,,y
4015,Bonbonniére trans,Bonbonniére-trans,525,2026-04-21 19:46:07.970,,y
4016,Tasse + st fleur bleue irr,Tasse-+-st-fleur-bleue-irr,525,2026-04-21 19:46:07.970,,y
4017,Porte clé chachia ,Porte-clé-chachia,525,2026-04-21 19:46:07.970,,y
4018,Couffin sac à main,Couffin-sac-à-main,525,2026-04-21 19:46:07.970,,y
4019,Plateau 20*20,Plateau-20*20,525,2026-04-21 19:46:07.970,,y
4020,Couffin sac à main,Couffin-sac-à-main,525,2026-04-21 19:46:07.971,,y
4021,Carafe Tanit miel,Carafe-Tanit-miel,525,2026-04-21 19:46:07.971,,y
4022,Bouteille Huile d'olive fleurs GF,Bouteille-Huile-d'olive-fleurs-GF,525,2026-04-21 19:46:07.971,,y
4023,Mug emeraude Sougui,Mug-emeraude-Sougui,525,2026-04-21 19:46:07.971,,y
4024,Plat zouba emeraude ,Plat-zouba-emeraude,525,2026-04-21 19:46:07.971,,y
4025,Bougie Sidi bousaid MF,Bougie-Sidi-bousaid-MF,525,2026-04-21 19:46:07.971,,y
4026,Bonbonniére Miel,Bonbonniére-Miel,525,2026-04-21 19:46:07.971,,y
4027,Vase Corps PF,Vase-Corps-PF,525,2026-04-21 19:46:07.972,,y
4028,Verre Miel GF,Verre-Miel-GF,525,2026-04-21 19:46:07.978,,y
4029,Carafe Medina Miel,Carafe-Medina-Miel,525,2026-04-21 19:46:07.978,,y
4030,Bonbonniére trans,Bonbonniére-trans,525,2026-04-21 19:46:07.978,,y
4031,Verre Bleu GF,Verre-Bleu-GF,525,2026-04-21 19:46:07.978,,y
4032,verre Miel GF,verre-Miel-GF,525,2026-04-21 19:46:07.978,,y
4033,Couffin sac à main,Couffin-sac-à-main,525,2026-04-21 19:46:07.978,,y
4034,Mouton MF,Mouton-MF,525,2026-04-21 19:46:07.978,,y
4035,tasse + st irr,tasse-+-st-irr,525,2026-04-21 19:46:07.978,,y
4036,Mouton GF,Mouton-GF,525,2026-04-21 19:46:07.978,,y
4037,Bouteille Huile d'olive PF,Bouteille-Huile-d'olive-PF,525,2026-04-21 19:46:07.978,,y
4038,Mug Zouba Vert et mauve,Mug-Zouba-Vert-et-mauve,525,2026-04-21 19:46:07.978,,y
4039,sous tasse bleu et blanc PF zouba,sous-tasse-bleu-et-blanc-PF-zouba,525,2026-04-21 19:46:07.978,,y
4040,Tasse irr sans St,Tasse-irr-sans-St,525,2026-04-21 19:46:07.979,,y
4041,Magnet fridge,Magnet-fridge,525,2026-04-21 19:46:07.979,,y
4042,Plateau 20*20,Plateau-20*20,525,2026-04-21 19:46:07.979,,y
4043,Magnet fridge,Magnet-fridge,525,2026-04-21 19:46:07.979,,y
4044,Verre Miel MF,Verre-Miel-MF,525,2026-04-21 19:46:07.979,,y
4045,Magnet fridge,Magnet-fridge,525,2026-04-21 19:46:07.979,,y
4046,Poisson avec Tige ,Poisson-avec-Tige,525,2026-04-21 19:46:07.979,,y
4047,Bouteille Huile d'olive PF,Bouteille-Huile-d'olive-PF,525,2026-04-21 19:46:07.979,,y
4048,2 bol zouba + 2creux + plat dessert emraude,2-bol-zouba-+-2creux-+-plat-dessert-emraude,525,2026-04-21 19:46:07.979,,y
4049,Tasse + st  jasmin PF,Tasse-+-st-jasmin-PF,525,2026-04-21 19:46:07.979,,y
4050,plateau 6 + 2 bobonniére + diffiseur + bouteille pm ,plateau-6-+-2-bobonniére-+-diffiseur-+-bouteille-pm,525,2026-04-21 19:46:07.979,,y
4051,palteau 4,palteau-4,525,2026-04-21 19:46:07.979,,y
4052,plateau 6 + plateau 2 + porte sous tasses,plateau-6-+-plateau-2-+-porte-sous-tasses,525,2026-04-21 19:46:07.979,,y
4053,mot du coueur solo,mot-du-coueur-solo,525,2026-04-21 19:46:07.979,,y
4054,Mouton T2,Mouton-T2,525,2026-04-21 19:46:07.979,,y
4055,Tote Bag ,Tote-Bag,525,2026-04-21 19:46:07.979,,y
4056,mouton T2,mouton-T2,525,2026-04-21 19:46:07.979,,y
4057,carafe Bled champagne,carafe-Bled-champagne,525,2026-04-21 19:46:07.979,,y
4058,Packaging carafe,Packaging-carafe,525,2026-04-21 19:46:07.979,,y
4059,tasse ceram bouquet  sans St,tasse-ceram-bouquet-sans-St,525,2026-04-21 19:46:07.979,,y
4060,tasse irr fleur bleu ,tasse-irr-fleur-bleu,525,2026-04-21 19:46:07.979,,y
4061,photophote T1 + solo ,photophote-T1-+-solo,525,2026-04-21 19:46:07.979,,y
4062,fridge magnet,fridge-magnet,525,2026-04-21 19:46:07.979,,y
4063,photophote T1,photophote-T1,525,2026-04-21 19:46:07.979,,y
4064,bouteille + diffuseur,bouteille-+-diffuseur,525,2026-04-21 19:46:07.979,,y
4065,bouteille huile,bouteille-huile,525,2026-04-21 19:46:07.979,,y
4066,fridge magnet,fridge-magnet,525,2026-04-21 19:46:07.979,,y
4067,tassa +st irr violet,tassa-+st-irr-violet,525,2026-04-21 19:46:07.979,,y
4068,tasse irr oeil grec,tasse-irr-oeil-grec,525,2026-04-21 19:46:07.979,,y
4069,zouba tasse fleur,zouba-tasse-fleur,525,2026-04-21 19:46:07.979,,y
4070,verre soufle bleu GF,verre-soufle-bleu-GF,525,2026-04-21 19:46:07.979,,y
4071,mug irr red flower,mug-irr-red-flower,525,2026-04-21 19:46:07.979,,y
4072,fish,fish,525,2026-04-21 19:46:07.979,,y
4073,moia T2,moia-T2,525,2026-04-21 19:46:07.979,,y
4074,mug fleur bleu,mug-fleur-bleu,525,2026-04-21 19:46:07.979,,y
4075,diffiseur,diffiseur,525,2026-04-21 19:46:07.979,,y
4076,plateau 3,plateau-3,525,2026-04-21 19:46:07.979,,y
4077,zouba tasse emraude,zouba-tasse-emraude,525,2026-04-21 19:46:07.979,,y
4078,sac couffin cuire,sac-couffin-cuire,525,2026-04-21 19:46:07.979,,y
4079,carafe bled transparent + packaging,carafe-bled-transparent-+-packaging,525,2026-04-21 19:46:07.979,,y
4080,petit verre soufflé Transparent,petit-verre-soufflé-Transparent,525,2026-04-21 19:46:07.979,,y
4081,petit verre soufflé Bleu,petit-verre-soufflé-Bleu,525,2026-04-21 19:46:07.979,,y
4082,Sceau glaçon,Sceau-glaçon,525,2026-04-21 19:46:07.979,,y
4083,mouton T1,mouton-T1,525,2026-04-21 19:46:07.979,,y
4084,mouton T2,mouton-T2,525,2026-04-21 19:46:07.979,,y
4085,plateau 3 + carafe didon champagne + 2 petit verres,plateau-3-+-carafe-didon-champagne-+-2-petit-verres,525,2026-04-21 19:46:07.980,,y
4086,bouteilles aouiti,bouteilles-aouiti,525,2026-04-21 19:46:07.980,,y
4087,fridge magnet,fridge-magnet,525,2026-04-21 19:46:07.980,,y
4088,mouton T3,mouton-T3,525,2026-04-21 19:46:07.980,,y
4089,bouteille aouiti,bouteille-aouiti,525,2026-04-21 19:46:07.980,,y
4090,mug irr blue flower,mug-irr-blue-flower,525,2026-04-21 19:46:07.980,,y
4091,Carafe Didon miel,Carafe-Didon-miel,525,2026-04-21 19:46:07.980,,y
4092,Verre miel PF,Verre-miel-PF,525,2026-04-21 19:46:07.980,,y
4093,Plateau 30*10,Plateau-30*10,525,2026-04-21 19:46:07.980,,y
4094,Magnet fridge,Magnet-fridge,525,2026-04-21 19:46:07.980,,y
4095,Verre Miel GF,Verre-Miel-GF,525,2026-04-21 19:46:07.980,,y
4096,Photophore Sidi Bousaid ,Photophore-Sidi-Bousaid,525,2026-04-21 19:46:07.980,,y
4097,Magnet fridge,Magnet-fridge,525,2026-04-21 19:46:07.980,,y
4098,Couffin sac à main,Couffin-sac-à-main,525,2026-04-21 19:46:07.980,,y
4099,Mug irr blue flower,Mug-irr-blue-flower,525,2026-04-21 19:46:07.980,,y
4100,Tote Bag ,Tote-Bag,525,2026-04-21 19:46:07.980,,y
4101,Couffin + fouta,Couffin-+-fouta,525,2026-04-21 19:46:07.980,,y
4102,fouta,fouta,525,2026-04-21 19:46:07.980,,y
4103,Bol Zouba 15 dt,Bol-Zouba-15-dt,525,2026-04-21 19:46:07.980,,y
4104,Verre à vin miel,Verre-à-vin-miel,525,2026-04-21 19:46:07.980,,y
4105,Carafe Medina miel,Carafe-Medina-miel,525,2026-04-21 19:46:07.980,,y
4106,plateau 30*20,plateau-30*20,525,2026-04-21 19:46:07.980,,y
4107,bouteille huile d'olive GF,bouteille-huile-d'olive-GF,525,2026-04-21 19:46:07.980,,y
4108,vase bleu mf,vase-bleu-mf,525,2026-04-21 19:46:07.980,,y
4109,Flute Verre Miel,Flute-Verre-Miel,525,2026-04-21 19:46:07.980,,y
4110,carafe didon,carafe-didon,525,2026-04-21 19:46:07.980,,y
4111,plateau 30*20,plateau-30*20,525,2026-04-21 19:46:07.980,,y
4112,Carafe medina,Carafe-medina,525,2026-04-21 19:46:07.980,,y
4113,plateau 20*10,plateau-20*10,525,2026-04-21 19:46:07.980,,y
4114,Bonbonnière Violet,Bonbonnière-Violet,525,2026-04-21 19:46:07.980,,y
4115,bougie parfumée Abm,bougie-parfumée-Abm,525,2026-04-21 19:46:07.980,,y
4116,Lampe béton ,Lampe-béton,525,2026-04-21 19:46:07.980,,y
4117,Bonbonniére Miel,Bonbonniére-Miel,525,2026-04-21 19:46:07.980,,y
4118,Bougie Sidi Bousaid PF,Bougie-Sidi-Bousaid-PF,525,2026-04-21 19:46:07.980,,y
4119,Plateau 20*10,Plateau-20*10,525,2026-04-21 19:46:07.980,,y
4120,Tanit céramique,Tanit-céramique,525,2026-04-21 19:46:07.980,,y
4121,Sous plat Céramique Aouiti,Sous-plat-Céramique-Aouiti,525,2026-04-21 19:46:07.980,,y
4122,Bouteille Huile Aouiti PF,Bouteille-Huile-Aouiti-PF,525,2026-04-21 19:46:07.980,,y
4123,Flute Verre Transparent,Flute-Verre-Transparent,525,2026-04-21 19:46:07.980,,y
4124,Verre Bleu PF,Verre-Bleu-PF,525,2026-04-21 19:46:07.980,,y
4125,Mug Raku,Mug-Raku,525,2026-04-21 19:46:07.980,,y
4126,Mug Fleur rose Irr,Mug-Fleur-rose-Irr,525,2026-04-21 19:46:07.980,,y
4127,Fouta Jaune,Fouta-Jaune,525,2026-04-21 19:46:07.980,,y
4128,Mouton T1,Mouton-T1,525,2026-04-21 19:46:07.980,,y
4129,Plateau 20*10,Plateau-20*10,525,2026-04-21 19:46:07.980,,y
4130,Tote Bag ,Tote-Bag,525,2026-04-21 19:46:07.980,,y
4131,Plateau 20*20,Plateau-20*20,525,2026-04-21 19:46:07.980,,y
4132,Carafe Didon Miel,Carafe-Didon-Miel,525,2026-04-21 19:46:07.981,,y
4133,Verre Miel PF,Verre-Miel-PF,525,2026-04-21 19:46:07.981,,y
4134,Bonbonniére Miel,Bonbonniére-Miel,525,2026-04-21 19:46:07.981,,y
4135,Bouteille Huile Aouiti GF,Bouteille-Huile-Aouiti-GF,525,2026-04-21 19:46:07.981,,y
4136,Bougie Sidi Bousaid GF,Bougie-Sidi-Bousaid-GF,525,2026-04-21 19:46:07.981,,y
4137,Fridge magnet,Fridge-magnet,525,2026-04-21 19:46:07.981,,y
4138,Toupie,Toupie,525,2026-04-21 19:46:07.981,,y
4139,Bouteille Huile Aouiti GF,Bouteille-Huile-Aouiti-GF,525,2026-04-21 19:46:07.981,,y
4140,Sous Plat ,Sous-Plat,525,2026-04-21 19:46:07.981,,y
4141,Planche céramique Aouiti,Planche-céramique-Aouiti,525,2026-04-21 19:46:07.981,,y
4142,porte clé,porte-clé,525,2026-04-21 19:46:07.981,,y
4143,Bouteille huile aouiti GF,Bouteille-huile-aouiti-GF,525,2026-04-21 19:46:07.981,,y
4144,Planche bois d'olivier,Planche-bois-d'olivier,525,2026-04-21 19:46:07.981,,y
4145,Plateau 20*10,Plateau-20*10,525,2026-04-21 19:46:07.981,,y
4146,Plateau 20*10,Plateau-20*10,525,2026-04-21 19:46:07.981,,y
4147,Magnet fridge,Magnet-fridge,525,2026-04-21 19:46:07.981,,y
4148,Carafe Tanit miel,Carafe-Tanit-miel,525,2026-04-21 19:46:07.981,,y
4149,Carafe medina miel,Carafe-medina-miel,525,2026-04-21 19:46:07.981,,y
4150,Fouta ,Fouta,525,2026-04-21 19:46:07.981,,y
4151,Mug + paille,Mug-+-paille,525,2026-04-21 19:46:07.981,,y
4152,Tasse + St ,Tasse-+-St,525,2026-04-21 19:46:07.981,,y
4153,Verre Miel PF,Verre-Miel-PF,525,2026-04-21 19:46:07.981,,y
4154,Plateau 30*20,Plateau-30*20,525,2026-04-21 19:46:07.981,,y
4155,Bol vert Zouba,Bol-vert-Zouba,525,2026-04-21 19:46:07.981,,y
4156,Mug + paille,Mug-+-paille,525,2026-04-21 19:46:07.981,,y
4157,Fouta,Fouta,525,2026-04-21 19:46:07.981,,y
4158,Tote Bag ,Tote-Bag,525,2026-04-21 19:46:07.981,,y
4159,bouteille huile d'olive GF,bouteille-huile-d'olive-GF,525,2026-04-21 19:46:07.981,,y
4160,Tasse + st irr,Tasse-+-st-irr,525,2026-04-21 19:46:07.981,,y
4161,Tote Bag ,Tote-Bag,525,2026-04-21 19:46:07.981,,y
4162,Vide poche BO,Vide-poche-BO,525,2026-04-21 19:46:07.981,,y
4163,Poisson avec Tige ,Poisson-avec-Tige,525,2026-04-21 19:46:07.981,,y
4164,Mug + paille,Mug-+-paille,525,2026-04-21 19:46:07.981,,y
4165,Verre Miel PF,Verre-Miel-PF,525,2026-04-21 19:46:07.981,,y
4166,Mug + paille,Mug-+-paille,525,2026-04-21 19:46:07.981,,y
4167,Tote Bag ,Tote-Bag,525,2026-04-21 19:46:07.981,,y
4168,Fridge magnet,Fridge-magnet,525,2026-04-21 19:46:07.981,,y
4169,Plateau 30*20,Plateau-30*20,525,2026-04-21 19:46:07.981,,y
4170,échequier,échequier,525,2026-04-21 19:46:07.981,,y
4171,Mug +planche,Mug-+planche,525,2026-04-21 19:46:07.981,,y
4172,fouta,fouta,525,2026-04-21 19:46:07.981,,y
4173,Vide poche BO,Vide-poche-BO,525,2026-04-21 19:46:07.981,,y
4174,Tasse + ST irr,Tasse-+-ST-irr,525,2026-04-21 19:46:07.981,,y
4175,Mug Zouba Emeraude PF,Mug-Zouba-Emeraude-PF,525,2026-04-21 19:46:07.981,,y
4176,Fridge magnet,Fridge-magnet,525,2026-04-21 19:46:07.981,,y
4177,Tote Bag ,Tote-Bag,525,2026-04-21 19:46:07.981,,y
4178,Plateau 20*20,Plateau-20*20,525,2026-04-21 19:46:07.981,,y
4179,Plateau 30*10,Plateau-30*10,525,2026-04-21 19:46:07.981,,y
4180,Pack Mosaique,Pack-Mosaique,525,2026-04-21 19:46:07.982,,y
4181,Fridge magnet,Fridge-magnet,525,2026-04-21 19:46:07.982,,y
4182,Plateau 30*20,Plateau-30*20,525,2026-04-21 19:46:07.982,,y
4183,Plateau 30*10,Plateau-30*10,525,2026-04-21 19:46:07.982,,y
4184,Sous Tasse BO,Sous-Tasse-BO,525,2026-04-21 19:46:07.982,,y
4185,Planche bois d'olivier,Planche-bois-d'olivier,525,2026-04-21 19:46:07.982,,y
4186,Mouton T1,Mouton-T1,525,2026-04-21 19:46:07.982,,y
4187,échequier,échequier,525,2026-04-21 19:46:07.982,,y
4188,Bouteille Huile d'olive,Bouteille-Huile-d'olive,525,2026-04-21 19:46:07.982,,y
4189,Tasse + ST irr,Tasse-+-ST-irr,525,2026-04-21 19:46:07.982,,y
4190,Echéquier ,Echéquier,525,2026-04-21 19:46:07.982,,y
4191,Mug + paille,Mug-+-paille,525,2026-04-21 19:46:07.982,,y
4192,Fridge magnet,Fridge-magnet,525,2026-04-21 19:46:07.982,,y
4193,Tote Bag ,Tote-Bag,525,2026-04-21 19:46:07.982,,y
4194,Couffin sac à main,Couffin-sac-à-main,525,2026-04-21 19:46:07.982,,y
4195,Tote Bag ,Tote-Bag,525,2026-04-21 19:46:07.982,,y
4196,Fouta,Fouta,525,2026-04-21 19:46:07.983,,y
4197,Plateau 20*10,Plateau-20*10,525,2026-04-21 19:46:07.983,,y
4198,porte clé ,porte-clé,525,2026-04-21 19:46:07.983,,y
4199,Verre Miel ,Verre-Miel,525,2026-04-21 19:46:07.983,,y
4200,bonbonniére ,bonbonniére,525,2026-04-21 19:46:07.983,,y
4201,Poisson Céramique ,Poisson-Céramique,525,2026-04-21 19:46:07.983,,y
4202,tote bag ,tote-bag,525,2026-04-21 19:46:07.983,,y
4203,Porte clé,Porte-clé,525,2026-04-21 19:46:07.983,,y
4204,Fridge magnet,Fridge-magnet,525,2026-04-21 19:46:07.983,,y
4205,Tanit céramique,Tanit-céramique,525,2026-04-21 19:46:07.983,,y
4206,Planche bois d'olivier,Planche-bois-d'olivier,525,2026-04-21 19:46:07.983,,y
4207,Tasse + ST irr,Tasse-+-ST-irr,525,2026-04-21 19:46:07.983,,y
4208,Fridge magnet,Fridge-magnet,525,2026-04-21 19:46:07.983,,y
4209,tote bag ,tote-bag,525,2026-04-21 19:46:07.983,,y
4210,Vase Gris Amazigh Aouiti PF,Vase-Gris-Amazigh-Aouiti-PF,525,2026-04-21 19:46:07.983,,y
4211,Tasse + ST ,Tasse-+-ST,525,2026-04-21 19:46:07.983,,y
4212,Sous Tasse Bois d'olivier,Sous-Tasse-Bois-d'olivier,525,2026-04-21 19:46:07.983,,y
4213,Plateau 20*20,Plateau-20*20,525,2026-04-21 19:46:07.983,,y
4214,Plateau 30*20,Plateau-30*20,525,2026-04-21 19:46:07.983,,y
4215,Plateau 30*20,Plateau-30*20,525,2026-04-21 19:46:07.983,,y
4216,Tasse + St irr,Tasse-+-St-irr,525,2026-04-21 19:46:07.983,,y
4217,Mug + paille,Mug-+-paille,525,2026-04-21 19:46:07.983,,y
4218,Poisson avec Tige ,Poisson-avec-Tige,525,2026-04-21 19:46:07.983,,y
4219,Poisson Céramique ,Poisson-Céramique,525,2026-04-21 19:46:07.983,,y
4220,Plateau 20*20,Plateau-20*20,525,2026-04-21 19:46:07.983,,y
4221,Diffuseur Aouiti,Diffuseur-Aouiti,525,2026-04-21 19:46:07.983,,y
4222,Bougie Sidi Bousaid Solo PF,Bougie-Sidi-Bousaid-Solo-PF,525,2026-04-21 19:46:07.983,,y
4223,Bougie Sidi Bousaid Solo PF,Bougie-Sidi-Bousaid-Solo-PF,525,2026-04-21 19:46:07.983,,y
4224,Bouteille Huile d'olive gf,Bouteille-Huile-d'olive-gf,525,2026-04-21 19:46:07.983,,y
4225,Bouteille Huile d'olive gf,Bouteille-Huile-d'olive-gf,525,2026-04-21 19:46:07.984,,y
4226,Bouteille Huile d'olive mf,Bouteille-Huile-d'olive-mf,525,2026-04-21 19:46:07.984,,y
4227,Bougie Sidi Bousaid Solo MF,Bougie-Sidi-Bousaid-Solo-MF,525,2026-04-21 19:46:07.984,,y
4228,Tanit céramique,Tanit-céramique,525,2026-04-21 19:46:07.984,,y
4229,Boudha béton,Boudha-béton,525,2026-04-21 19:46:07.984,,y
4230,Plateau 20*10,Plateau-20*10,525,2026-04-21 19:46:07.984,,y
4231,Bouteille Huile d'olive pf,Bouteille-Huile-d'olive-pf,525,2026-04-21 19:46:07.984,,y
4232,Bougie Sidi Bousaid Solo PF,Bougie-Sidi-Bousaid-Solo-PF,525,2026-04-21 19:46:07.984,,y
4233,Bougie Sidi Bousaid Set 3,Bougie-Sidi-Bousaid-Set-3,525,2026-04-21 19:46:07.984,,y
4234,échequier,échequier,525,2026-04-21 19:46:07.984,,y
4235,Bougie Sidi Bousaid Solo PF,Bougie-Sidi-Bousaid-Solo-PF,525,2026-04-21 19:46:07.984,,y
4236,tote bag ,tote-bag,525,2026-04-21 19:46:07.984,,y
4237,Mouton T2,Mouton-T2,525,2026-04-21 19:46:07.984,,y
4238,Bol Zouba emeraude ,Bol-Zouba-emeraude,525,2026-04-21 19:46:07.984,,y
4239,Mouton T1,Mouton-T1,525,2026-04-21 19:46:07.984,,y
4240,Trio Porte bougie Rouge,Trio-Porte-bougie-Rouge,525,2026-04-21 19:46:07.984,,y
4241,Vase Gris Aamazigh Aouiti MF,Vase-Gris-Aamazigh-Aouiti-MF,525,2026-04-21 19:46:07.984,,y
4242,Couffin sac à main,Couffin-sac-à-main,525,2026-04-21 19:46:07.984,,y
4243,Bouteille Huile d'olive PF,Bouteille-Huile-d'olive-PF,525,2026-04-21 19:46:07.984,,y
4244,Trio Vases Bleu Aouiti,Trio-Vases-Bleu-Aouiti,525,2026-04-21 19:46:07.984,,y
4245,Trio Porte bougie Rouge,Trio-Porte-bougie-Rouge,525,2026-04-21 19:46:07.984,,y
4246,Grand Couffin ,Grand-Couffin,525,2026-04-21 19:46:07.984,,y
4247,Mouton T1,Mouton-T1,525,2026-04-21 19:46:07.984,,y
4248,Bol Zouba ,Bol-Zouba,525,2026-04-21 19:46:07.984,,y
4249,Bouteille Huile d'olive PF,Bouteille-Huile-d'olive-PF,525,2026-04-21 19:46:07.984,,y
4250,Planche céramique Aouiti ,Planche-céramique-Aouiti,525,2026-04-21 19:46:07.984,,y
4251,Carafe Didon Bleue,Carafe-Didon-Bleue,525,2026-04-21 19:46:07.984,,y
4252,Verre à pied Bleu,Verre-à-pied-Bleu,525,2026-04-21 19:46:07.984,,y
4253,Plateau 30*20,Plateau-30*20,525,2026-04-21 19:46:07.984,,y
4254,Bouteille Huile d'olive PF,Bouteille-Huile-d'olive-PF,525,2026-04-21 19:46:07.984,,y
4255,Mouton T1,Mouton-T1,525,2026-04-21 19:46:07.984,,y
4256,Tasse + ST coeur,Tasse-+-ST-coeur,525,2026-04-21 19:46:07.984,,y
4257,Bouteille Huile d'olive PF,Bouteille-Huile-d'olive-PF,525,2026-04-21 19:46:07.984,,y
4258,Mouton T2,Mouton-T2,525,2026-04-21 19:46:07.984,,y
4259,Fouta,Fouta,525,2026-04-21 19:46:07.984,,y
4260,Vase gris MF,Vase-gris-MF,525,2026-04-21 19:46:07.984,,y
4261,Feuille Longue Zouba,Feuille-Longue-Zouba,525,2026-04-21 19:46:07.984,,y
4262,Bouteille Huile d'olive PF,Bouteille-Huile-d'olive-PF,525,2026-04-21 19:46:07.984,,y
4263,Boite céramique PF,Boite-céramique-PF,525,2026-04-21 19:46:07.984,,y
4264,Bougie Sidi Bousaid MF,Bougie-Sidi-Bousaid-MF,525,2026-04-21 19:46:07.984,,y
4265,Veilleuse nattes ,Veilleuse-nattes,525,2026-04-21 19:46:07.984,,y
4266,Bonbonniére transparente,Bonbonniére-transparente,525,2026-04-21 19:46:07.984,,y
4267,Grand Couffin + Fouta,Grand-Couffin-+-Fouta,525,2026-04-21 19:46:07.984,,y
4268,Bougie Sidi Bousaid PF,Bougie-Sidi-Bousaid-PF,525,2026-04-21 19:46:07.984,,y
4269,Echequier ,Echequier,525,2026-04-21 19:46:07.984,,y
4270,Bougeoir Raku,Bougeoir-Raku,525,2026-04-21 19:46:07.984,,y
4271,Bouteille Huile d'olive PF,Bouteille-Huile-d'olive-PF,525,2026-04-21 19:46:07.984,,y
4272,Plateau émeraude dessin deux arbres Zouba,Plateau-émeraude-dessin-deux-arbres-Zouba,525,2026-04-21 19:46:07.984,,y
4273,Tasse + St irr,Tasse-+-St-irr,525,2026-04-21 19:46:07.984,,y
4274,Trio Vases Rouge Aouiti,Trio-Vases-Rouge-Aouiti,525,2026-04-21 19:46:07.984,,y
4275,tote bag ,tote-bag,525,2026-04-21 19:46:07.984,,y
4276,Veilleuse nattes ,Veilleuse-nattes,525,2026-04-21 19:46:07.985,,y
4277,Mouton T1,Mouton-T1,525,2026-04-21 19:46:07.985,,y
4278,Tasse + St irr,Tasse-+-St-irr,525,2026-04-21 19:46:07.985,,y
4279,Tanit céramique,Tanit-céramique,525,2026-04-21 19:46:07.985,,y
4280,Bougie Sidi Bousaid MF,Bougie-Sidi-Bousaid-MF,525,2026-04-21 19:46:07.985,,y
4281,porte clé ,porte-clé,525,2026-04-21 19:46:07.985,,y
4282,Bouteille Huile d'olive PF,Bouteille-Huile-d'olive-PF,525,2026-04-21 19:46:07.985,,y
4283,Boite ronde céramique ,Boite-ronde-céramique,525,2026-04-21 19:46:07.986,,y
4284,Tasse+ ST,Tasse+-ST,525,2026-04-21 19:46:07.987,,y
4285,tASSE + st irr,tASSE-+-st-irr,525,2026-04-21 19:46:07.987,,y
4286,Moia Béton PF,Moia-Béton-PF,525,2026-04-21 19:46:07.987,,y
4287,Mug Rose ,Mug-Rose,525,2026-04-21 19:46:07.987,,y
4288,Tote bag ,Tote-bag,525,2026-04-21 19:46:07.987,,y
4289,Couffin sac à main,Couffin-sac-à-main,525,2026-04-21 19:46:07.987,,y
4290,Mug + sous tasse Zouba,Mug-+-sous-tasse-Zouba,525,2026-04-21 19:46:07.987,,y
4291,Mouton T1,Mouton-T1,525,2026-04-21 19:46:07.987,,y
4292,Mouton T1,Mouton-T1,525,2026-04-21 19:46:07.987,,y
4293,Set Moia béton,Set-Moia-béton,525,2026-04-21 19:46:07.987,,y
4294,Bouteille Huile d'olive pf,Bouteille-Huile-d'olive-pf,525,2026-04-21 19:46:07.987,,y
4295,Plateau 30*20,Plateau-30*20,525,2026-04-21 19:46:07.987,,y
4296,Carafe didon Bleue,Carafe-didon-Bleue,525,2026-04-21 19:46:07.987,,y
4297,Verre GF,Verre-GF,525,2026-04-21 19:46:07.987,,y
4298,Mouton T1,Mouton-T1,525,2026-04-21 19:46:07.987,,y
4299,Mouton T2,Mouton-T2,525,2026-04-21 19:46:07.988,,y
4300,Couffin sac à main,Couffin-sac-à-main,525,2026-04-21 19:46:07.988,,y
4301,Bouteille Huile d'olive GF,Bouteille-Huile-d'olive-GF,525,2026-04-21 19:46:07.988,,y
4302,Tasse + planche coeur à coeur,Tasse-+-planche-coeur-à-coeur,525,2026-04-21 19:46:07.988,,y
4303,Tasse + St mot du coeur,Tasse-+-St-mot-du-coeur,525,2026-04-21 19:46:07.988,,y
4304,Trio Bougie sidi bou,Trio-Bougie-sidi-bou,525,2026-04-21 19:46:07.988,,y
4305,Bouteille Huile d'olive pf,Bouteille-Huile-d'olive-pf,525,2026-04-21 19:46:07.988,,y
4306,Mouton T1,Mouton-T1,525,2026-04-21 19:46:07.988,,y
4307,Grand Couffin + Fouta,Grand-Couffin-+-Fouta,525,2026-04-21 19:46:07.988,,y
4308,Couffin sac à main,Couffin-sac-à-main,525,2026-04-21 19:46:07.988,,y
4309,Mouton T1,Mouton-T1,525,2026-04-21 19:46:07.988,,y
4310,Trio Vases Gris Aouiti,Trio-Vases-Gris-Aouiti,525,2026-04-21 19:46:07.988,,y
4311,Tasse + St irr,Tasse-+-St-irr,525,2026-04-21 19:46:07.988,,y
4312,Bougie Sidi Bousaid GF,Bougie-Sidi-Bousaid-GF,525,2026-04-21 19:46:07.988,,y
4313,Tasse + St irr,Tasse-+-St-irr,525,2026-04-21 19:46:07.988,,y
4314,Tasse+ St mot du coeur,Tasse+-St-mot-du-coeur,525,2026-04-21 19:46:07.988,,y
4315,Echequier ,Echequier,525,2026-04-21 19:46:07.988,,y
4316,Bougie Sidi Bousaid solo pf,Bougie-Sidi-Bousaid-solo-pf,525,2026-04-21 19:46:07.988,,y
4317,Bouteille Huile d'olive PF,Bouteille-Huile-d'olive-PF,525,2026-04-21 19:46:07.988,,y
4318,Mouton T1,Mouton-T1,525,2026-04-21 19:46:07.988,,y
4319,Mouton T2,Mouton-T2,525,2026-04-21 19:46:07.988,,y
4320,Mug rose COEUR Zouba,Mug-rose-COEUR-Zouba,525,2026-04-21 19:46:07.988,,y
4321,Bouteille Huile D'olive pf,Bouteille-Huile-D'olive-pf,525,2026-04-21 19:46:07.988,,y
4322,Mouton T3,Mouton-T3,525,2026-04-21 19:46:07.988,,y
4323,Vase Gris Amazigh Aouiti PF,Vase-Gris-Amazigh-Aouiti-PF,525,2026-04-21 19:46:07.988,,y
4324,Vase corps PF,Vase-corps-PF,525,2026-04-21 19:46:07.988,,y
4325,Vase corps GF,Vase-corps-GF,525,2026-04-21 19:46:07.988,,y
4326,Mouton T1,Mouton-T1,525,2026-04-21 19:46:07.988,,y
4327,Poisson avec Tige ,Poisson-avec-Tige,525,2026-04-21 19:46:07.988,,y
4328,Echequier ,Echequier,525,2026-04-21 19:46:07.989,,y
4329,Bouteille Huile d'olive PF,Bouteille-Huile-d'olive-PF,525,2026-04-21 19:46:07.989,,y
4330,Tasse + ST fleur orange,Tasse-+-ST-fleur-orange,525,2026-04-21 19:46:07.989,,y
4331,Bougie Parfumée rose,Bougie-Parfumée-rose,525,2026-04-21 19:46:07.989,,y
4332,Tasse + Planche envoutant,Tasse-+-Planche-envoutant,525,2026-04-21 19:46:07.989,,y
4333,Bouteille Huile d'olive PF,Bouteille-Huile-d'olive-PF,525,2026-04-21 19:46:07.989,,y
4334,Mouton T1,Mouton-T1,525,2026-04-21 19:46:07.989,,y
4335,Couffin sac à main,Couffin-sac-à-main,525,2026-04-21 19:46:07.989,,y
4336,Couffin sac à main,Couffin-sac-à-main,525,2026-04-21 19:46:07.989,,y
4337,Grand Couffin ,Grand-Couffin,525,2026-04-21 19:46:07.989,,y
4338,Bougie parfumée Rose,Bougie-parfumée-Rose,525,2026-04-21 19:46:07.989,,y
4339,Sous Tasse Bois d'olivier,Sous-Tasse-Bois-d'olivier,525,2026-04-21 19:46:07.989,,y
4340,Tasse + ST irr,Tasse-+-ST-irr,525,2026-04-21 19:46:07.989,,y
4341,Vase Corps GF,Vase-Corps-GF,525,2026-04-21 19:46:07.989,,y
4342,Vase corps PF,Vase-corps-PF,525,2026-04-21 19:46:07.989,,y
4343,Tasse + St irr,Tasse-+-St-irr,525,2026-04-21 19:46:07.989,,y
4344,Tasse + ST fleur orange,Tasse-+-ST-fleur-orange,525,2026-04-21 19:46:07.989,,y
4345,Plateau 30*20,Plateau-30*20,525,2026-04-21 19:46:07.989,,y
4346,Plateau 30*20,Plateau-30*20,525,2026-04-21 19:46:07.989,,y
4347,Verre Bleu pf,Verre-Bleu-pf,525,2026-04-21 19:46:07.989,,y
4348,bonbonniére ébène ,bonbonniére-ébène,525,2026-04-21 19:46:07.989,,y
4349,Céramique Poisson,Céramique-Poisson,525,2026-04-21 19:46:07.989,,y
4350,Céramique Khomssa,Céramique-Khomssa,525,2026-04-21 19:46:07.989,,y
4351,Echéquier ,Echéquier,525,2026-04-21 19:46:07.989,,y
4352,Plateau 20*10,Plateau-20*10,525,2026-04-21 19:46:07.989,,y
4353,Fridge magnet,Fridge-magnet,525,2026-04-21 19:46:07.989,,y
4354,Porte clé chachia,Porte-clé-chachia,525,2026-04-21 19:46:07.989,,y
4355,Toupie ,Toupie,525,2026-04-21 19:46:07.989,,y
4356,Bouteille Huile d'olive PF,Bouteille-Huile-d'olive-PF,525,2026-04-21 19:46:07.989,,y
4357,Planche bois d'olivier,Planche-bois-d'olivier,525,2026-04-21 19:46:07.989,,y
4358,Plateau 20*10,Plateau-20*10,525,2026-04-21 19:46:07.989,,y
4359,Mouton T2,Mouton-T2,525,2026-04-21 19:46:07.989,,y
4360,Bouteille Huile d'olive PF,Bouteille-Huile-d'olive-PF,525,2026-04-21 19:46:07.989,,y
4361,Tasse Mot du coeur,Tasse-Mot-du-coeur,525,2026-04-21 19:46:07.989,,y
4362,Tasse + St irr,Tasse-+-St-irr,525,2026-04-21 19:46:07.989,,y
4363,Tasse Zouba fleur,Tasse-Zouba-fleur,525,2026-04-21 19:46:07.989,,y
4364,Echéquier ,Echéquier,525,2026-04-21 19:46:07.989,,y
4365,Plateau 20*10,Plateau-20*10,525,2026-04-21 19:46:07.989,,y
4366,Verre olive,Verre-olive,525,2026-04-21 19:46:07.989,,y
4367,Echéquier ,Echéquier,525,2026-04-21 19:46:07.989,,y
4368,Trio Bougie sidi bou,Trio-Bougie-sidi-bou,525,2026-04-21 19:46:07.989,,y
4369,Toupie ,Toupie,525,2026-04-21 19:46:07.989,,y
4370,Echéquier ,Echéquier,525,2026-04-21 19:46:07.989,,y
4371,Fridge magnet,Fridge-magnet,525,2026-04-21 19:46:07.989,,y
4372,Tasse + St irr,Tasse-+-St-irr,525,2026-04-21 19:46:07.989,,y
4373,Mug violet,Mug-violet,525,2026-04-21 19:46:07.989,,y
4374,Feuille Longue Zouba,Feuille-Longue-Zouba,525,2026-04-21 19:46:07.989,,y
4375,Fridge magnet,Fridge-magnet,525,2026-04-21 19:46:07.989,,y
4376,Tasse Mot du coeur,Tasse-Mot-du-coeur,525,2026-04-21 19:46:07.989,,y
4377,Carafe DIdon,Carafe-DIdon,525,2026-04-21 19:46:07.989,,y
4378,Verre pf,Verre-pf,525,2026-04-21 19:46:07.990,,y
4379,Bonbonniére ,Bonbonniére,525,2026-04-21 19:46:07.990,,y
4380,Tasse + ST irr,Tasse-+-ST-irr,525,2026-04-21 19:46:07.990,,y
4381,Fridge magnet,Fridge-magnet,525,2026-04-21 19:46:07.990,,y
4382,Trio bougie sidi bou,Trio-bougie-sidi-bou,525,2026-04-21 19:46:07.990,,y
4383,Fouta,Fouta,525,2026-04-21 19:46:07.990,,y
4384,Mouton T1,Mouton-T1,525,2026-04-21 19:46:07.990,,y
4385,Couffin sac à main,Couffin-sac-à-main,525,2026-04-21 19:46:07.990,,y
4386,Vide poche coeur ,Vide-poche-coeur,525,2026-04-21 19:46:07.990,,y
4387,Vide poche carré,Vide-poche-carré,525,2026-04-21 19:46:07.990,,y
4388,Fouta ,Fouta,525,2026-04-21 19:46:07.990,,y
4389,Carafe Champagne,Carafe-Champagne,525,2026-04-21 19:46:07.990,,y
4390,Verre GF,Verre-GF,525,2026-04-21 19:46:07.990,,y
4391,Mouton T1,Mouton-T1,525,2026-04-21 19:46:07.990,,y
4392,Mouton T2,Mouton-T2,525,2026-04-21 19:46:07.990,,y
4393,Vase Samak,Vase-Samak,525,2026-04-21 19:46:07.990,,y
4394,Bouteille Huile d'olive GF,Bouteille-Huile-d'olive-GF,525,2026-04-21 19:46:07.990,,y
4395,Bougie sougui,Bougie-sougui,525,2026-04-21 19:46:07.990,,y
4396,Bougie rose,Bougie-rose,525,2026-04-21 19:46:07.990,,y
4397,Vide poche coeur ,Vide-poche-coeur,525,2026-04-21 19:46:07.990,,y
4398,PLATEAU 20*20,PLATEAU-20*20,525,2026-04-21 19:46:07.990,,y
4399,Mouton T1,Mouton-T1,525,2026-04-21 19:46:07.990,,y
4400,Couffin sac à main,Couffin-sac-à-main,525,2026-04-21 19:46:07.990,,y
4401,Carafe Bled transparente,Carafe-Bled-transparente,525,2026-04-21 19:46:07.990,,y
4402,Verre transaprent GF,Verre-transaprent-GF,525,2026-04-21 19:46:07.990,,y
4403,Bonbonniére transparente,Bonbonniére-transparente,525,2026-04-21 19:46:07.990,,y
4404,Mouton T1,Mouton-T1,525,2026-04-21 19:46:07.990,,y
4405,Porte clé ,Porte-clé,525,2026-04-21 19:46:07.990,,y
4406,Tasse + ST IRR,Tasse-+-ST-IRR,525,2026-04-21 19:46:07.990,,y
4407,Sous tasse bois d'olivier,Sous-tasse-bois-d'olivier,525,2026-04-21 19:46:07.990,,y
4408,Grand couffin + fouta,Grand-couffin-+-fouta,525,2026-04-21 19:46:07.991,,y
4409,Mouton T1,Mouton-T1,525,2026-04-21 19:46:07.991,,y
4410,Plateau 30*20,Plateau-30*20,525,2026-04-21 19:46:07.991,,y
4411,Bouteille Huile d'olive GF,Bouteille-Huile-d'olive-GF,525,2026-04-21 19:46:07.991,,y
4412,Tasse + ST IRR,Tasse-+-ST-IRR,525,2026-04-21 19:46:07.991,,y
4413,Tote bag ,Tote-bag,525,2026-04-21 19:46:07.991,,y
4414,Sous tasse bois d'olivier,Sous-tasse-bois-d'olivier,525,2026-04-21 19:46:07.991,,y
4415,Fridge magnet,Fridge-magnet,525,2026-04-21 19:46:07.991,,y
4416,Tasse + ST IRR,Tasse-+-ST-IRR,525,2026-04-21 19:46:07.991,,y
4417,Mug rAKU gRIS,Mug-rAKU-gRIS,525,2026-04-21 19:46:07.991,,y
4418,Echequier ,Echequier,525,2026-04-21 19:46:07.991,,y
4419,Plateau 20*10,Plateau-20*10,525,2026-04-21 19:46:07.991,,y
4420,Plateau 30*10,Plateau-30*10,525,2026-04-21 19:46:07.991,,y
4421,Plateau 20*20,Plateau-20*20,525,2026-04-21 19:46:07.991,,y
4422,Fouta,Fouta,525,2026-04-21 19:46:07.991,,y
4423,Fridge magnet,Fridge-magnet,525,2026-04-21 19:46:07.991,,y
4424,Sous plat Andalous,Sous-plat-Andalous,525,2026-04-21 19:46:07.991,,y
4425,Carafe Tanit Bleue ,Carafe-Tanit-Bleue,525,2026-04-21 19:46:07.991,,y
4426,Verre Bleu pf,Verre-Bleu-pf,525,2026-04-21 19:46:07.991,,y
4427,Plateau 30*20,Plateau-30*20,525,2026-04-21 19:46:07.991,,y
4428,Plateau 20*20,Plateau-20*20,525,2026-04-21 19:46:07.991,,y
4429,Plateau 20*20,Plateau-20*20,525,2026-04-21 19:46:07.991,,y
4430,Fouta,Fouta,525,2026-04-21 19:46:07.991,,y
4431,Bouteille huile d'olive pf,Bouteille-huile-d'olive-pf,525,2026-04-21 19:46:07.991,,y
4432,Fridge magnet,Fridge-magnet,525,2026-04-21 19:46:07.991,,y
4433,Couffin sac à main,Couffin-sac-à-main,525,2026-04-21 19:46:07.991,,y
4434,bonbonniére miel,bonbonniére-miel,525,2026-04-21 19:46:07.991,,y
4435,Tote bag ,Tote-bag,525,2026-04-21 19:46:07.991,,y
4436,Bouteille Huile d'olive gf,Bouteille-Huile-d'olive-gf,525,2026-04-21 19:46:07.991,,y
4437,Vide poche coeur ,Vide-poche-coeur,525,2026-04-21 19:46:07.991,,y
4438,Planche bois d'olivier,Planche-bois-d'olivier,525,2026-04-21 19:46:07.991,,y
4439,Bouteille Huile d'olive pf,Bouteille-Huile-d'olive-pf,525,2026-04-21 19:46:07.991,,y
4440,Pack Photophore sidi bou,Pack-Photophore-sidi-bou,525,2026-04-21 19:46:07.991,,y
4441,Plateau 20*10,Plateau-20*10,525,2026-04-21 19:46:07.991,,y
4442,Tasse + planche ,Tasse-+-planche,525,2026-04-21 19:46:07.991,,y
4443,Porte clé,Porte-clé,525,2026-04-21 19:46:07.991,,y
4444,Fridge magnet,Fridge-magnet,525,2026-04-21 19:46:07.991,,y
4445,Veilleuse nattes ,Veilleuse-nattes,525,2026-04-21 19:46:07.991,,y
4446,Mouton T2,Mouton-T2,525,2026-04-21 19:46:07.991,,y
4447,Sous tasse bois d'olivier,Sous-tasse-bois-d'olivier,525,2026-04-21 19:46:07.991,,y
4448,Sous plat Andalous,Sous-plat-Andalous,525,2026-04-21 19:46:07.991,,y
4449,Poisson avec Tige ,Poisson-avec-Tige,525,2026-04-21 19:46:07.991,,y
4450,Vide poche carré,Vide-poche-carré,525,2026-04-21 19:46:07.991,,y
4451,Tanit Céramique ,Tanit-Céramique,525,2026-04-21 19:46:07.991,,y
4452,Poisson avec Tige ,Poisson-avec-Tige,525,2026-04-21 19:46:07.991,,y
4453,Planche bois d'olivier,Planche-bois-d'olivier,525,2026-04-21 19:46:07.991,,y
4454,Bonbonniére Miel,Bonbonniére-Miel,525,2026-04-21 19:46:07.991,,y
4455,Verre Miel Gf,Verre-Miel-Gf,525,2026-04-21 19:46:07.991,,y
4456,Plateau 30*20,Plateau-30*20,525,2026-04-21 19:46:07.991,,y
4457,Vide poche coeur ,Vide-poche-coeur,525,2026-04-21 19:46:07.991,,y
4458,Fridge magnet,Fridge-magnet,525,2026-04-21 19:46:07.991,,y
4459,Vide poche Carré,Vide-poche-Carré,525,2026-04-21 19:46:07.991,,y
4460,Toupie ,Toupie,525,2026-04-21 19:46:07.991,,y
4461,Poisson avec Tige ,Poisson-avec-Tige,525,2026-04-21 19:46:07.991,,y
4462,Plateau 20*10,Plateau-20*10,525,2026-04-21 19:46:07.991,,y
4463,Moia béton pf,Moia-béton-pf,525,2026-04-21 19:46:07.991,,y
4464,Broc eau BLEU,Broc-eau-BLEU,525,2026-04-21 19:46:07.991,,y
4465,Porte clé ,Porte-clé,525,2026-04-21 19:46:07.991,,y
4466,Diffuseur Sougui,DS-001-SO,1,2026-04-21 19:46:07.992,,y
4467,Bougie Parfumée Sougui,BP-001-SO,1,2026-04-21 19:46:07.992,,y
4468,Bonbonniére Cuivre martelé 1,BCM-001-KB,2,2026-04-21 19:46:07.992,,y
4469,Lance parfum cuivre martelé 1,LPC-001-KB,2,2026-04-21 19:46:07.992,,y
4470,Mathred Cuivre martelé 1,MC-001-KB,2,2026-04-21 19:46:07.992,,y
4471,Zazoua Cuivre martelé manche en laiton 1,ZCL-001-KB,2,2026-04-21 19:46:07.992,,y
4472,Zazoua Cuivre martelé manche en laiton 2,ZCL-002-KB,2,2026-04-21 19:46:07.992,,y
4473,Mug en cuivre martelé,MCM-001-KB,2,2026-04-21 19:46:07.992,,y
4474,Carafe « el bey » en verre et cuivre martelé,CVC-001-KB,3,2026-04-21 19:46:07.992,,y
4475,Théière en cuivre martelé,TCM-001-KB,2,2026-04-21 19:46:07.992,,y
4476,Verre de thé avec base en cuivre,VTC-001-KB,2,2026-04-21 19:46:07.992,,y
4477,Plateau rond en métal martelé (25cm),PCM-001-KB,2,2026-04-21 19:46:07.992,,y
4478,Plateau rond profond en cuivre martelé (34cm),PCM-002-KB,2,2026-04-21 19:46:07.992,,y
4479,Boîte en verre avec couvercle en cuivre martelé,BVC-001-KB,2,2026-04-21 19:46:07.992,,y
4480,Tasse à café avec support en cuivre martelé et soucoupe,TCC-001-KB,2,2026-04-21 19:46:07.993,,y
4481,Bouteille en céramique décorée avec bouchon en liège,BCL-001-RL,3,2026-04-21 19:46:07.993,,y
4482,Porte-serviettes en céramique décoré,PSC-001-RL,4,2026-04-21 19:46:07.993,,y
4483,Mug en céramique minimaliste,MC-001-RL,4,2026-04-21 19:46:07.993,,y
4484,Bouteille en Céramique à Motifs Andalous,BCL-002-RL,3,2026-04-21 19:46:07.993,,y
4485,Bouteille en Céramique à Motifs Andalous 2,BCL-003-RL,3,2026-04-21 19:46:07.993,,y
4486,Bouteille en Céramique à Motif VISAGE ,BCL-004-RL,3,2026-04-21 19:46:07.993,,y
4487,Bouteille en Céramique à Motif Calligraphie 1,BCL-005-RL,3,2026-04-21 19:46:07.993,,y
4488,Cruche en céramique circulaire avec motifs andalous jaunes et bleus,CCL-001-RL,3,2026-04-21 19:46:07.993,,y
4489,Bouteille en Céramique à Motif Fleurs,BCL-006-RL,3,2026-04-21 19:46:07.993,,y
4490,Porte-serviettes en céramique décoré andalous,PSC-002-RL,4,2026-04-21 19:46:07.993,,y
4491,Vase en céramique avec motifs de poissons colorés- Samak,VC-001-RL,5,2026-04-21 19:46:07.993,,y
4492,Boîte en céramique avec calligraphie arabe bleue,BC-001-RL,4,2026-04-21 19:46:07.993,,y
4493,Boîte rectangulaire en céramique avec couvercle décoré de motifs géométriques,BC-002-RL,4,2026-04-21 19:46:07.993,,y
4494,Boîte en céramique avec calligraphie arabe bleue 2,BC-003-RL,4,2026-04-21 19:46:07.993,,y
4495,Boîte carré en céramique avec couvercle décoré de motifs géométriques,BC-004-RL,4,2026-04-21 19:46:07.993,,y
4496,Boîte en céramique ronde avec porte médina,BC-005-RL,4,2026-04-21 19:46:07.993,,y
4497,Ensemble de vases en céramique bleue avec motifs berbères,VC-002-RL,5,2026-04-21 19:46:07.993,,y
4498,Petit mouton en Laine ,PML-001-LR,6,2026-04-21 19:46:07.993,,y
4499,Mouton taille moyenne en laine ,MML-001-LR,6,2026-04-21 19:46:07.993,,y
4500,Mouton taille Grande en laine ,GML-001-LR,6,2026-04-21 19:46:07.993,,y
4501,Trio bougies céramique rouge décoré ,TBC-001-RL,1,2026-04-21 19:46:07.994,,y
4502,Carafe Tanit en verre craquelé,CVC-001-OD,3,2026-04-21 19:46:07.994,,y
4503,Carafe Didon en verre craquelé,CVC-002-OD,3,2026-04-21 19:46:07.994,,y
4504,Carafe Magon  en verre craquelé,CVC-003-OD,3,2026-04-21 19:46:07.994,,y
4505,Set de 6 verres Didon,VVC-001-OD,3,2026-04-21 19:46:07.994,,y
4506,Jeu talla3 b tounsi ,TBT-001-SS,7,2026-04-21 19:46:07.994,,y
4507,Jeu el Bandi,JB-001-SS,7,2026-04-21 19:46:07.994,,y
4508,Jeu Mimes,JM-001-SS,7,2026-04-21 19:46:07.994,,y
4509,Jeu Loup Garou,JLG-001-SS,7,2026-04-21 19:46:07.994,,y
4510,Livraison Particulier,LIV-P,525,2026-04-21 19:46:07.994,,y
4511,Jeu Nes Bekri Kalou ناس بكري قالوا,NBK-001-OSL,7,2026-04-21 19:46:07.995,,y
4512,Jeu De Mimes - ميم بالتونسي - Jeu D'ambiance,SS-MT-01,7,2026-04-21 19:46:07.995,,y
4513,لعبة الباندي - Jeu D’ambiance,SS-JB-001,7,2026-04-21 19:46:07.995,,y
4514,Lunch-box Bento,LB-001-SB,65,2026-04-21 19:46:07.995,,y
4515,طلّع بالتونسي - TALA3 BITOUNSI,SS-TT-001,7,2026-04-21 19:46:07.995,,y
4516,Action Vérité Bitounsi - Jeu D'ambiance,SS-AV-001,7,2026-04-21 19:46:07.995,,y
4517,Action Vérité Bitounsi + 108 Extra Cartes - Jeu D'ambiance,SS-AV-002,7,2026-04-21 19:46:07.995,,y
4518,L'archive - لرشيف,JA-001-ACH,7,2026-04-21 19:46:07.995,,y
4519,Bougeoirs Ethniques en Céramique,TBC-RL,48,2026-04-21 19:46:07.995,,y
4520,Boîte Martelée en Cuivre Argenté,BCM-001-KB,38,2026-04-21 19:46:07.995,,y
4521,Mathred-Coupe à Pied Martelée en Cuivre Argenté,MC-001-KB,38,2026-04-21 19:46:07.995,,y
4522,Mrach-Encensoir Traditionnel en Métal Martelé avec Pompon Bleu,LPC-001-KB,38,2026-04-21 19:46:07.995,,y
4523,Zazwa en Cuivre Martelé avec Manche en Laiton (4pax),ZCL-002-KB,38,2026-04-21 19:46:07.995,,y
4524,Petite Zazwa en Cuivre Martelé,ZCL-001-KB,38,2026-04-21 19:46:07.995,,y
4525,"Carafe ""el bey"" en verre et cuivre martelé",CVC-001-KB,38,2026-04-21 19:46:07.995,,y
4526,"Carafe ""el bey"" en verre et cuivre martelé",CVC-001-KB,40,2026-04-21 19:46:07.995,,y
4527,Théière en cuivre martelé,TCM-001-KB,38,2026-04-21 19:46:07.995,,y
4528,Plateau rond en métal martelé (25cm),PCM-001-KB,38,2026-04-21 19:46:07.995,,y
4529,Verre de thé avec base en cuivre,VTC-001-KB,38,2026-04-21 19:46:07.995,,y
4530,Plateau rond profond en cuivre martelé (34cm),PCM-002-KB,38,2026-04-21 19:46:07.995,,y
4531,Boîte en verre avec couvercle en cuivre martelé,BVC-001-KB,38,2026-04-21 19:46:07.996,,y
4532,Boîte en verre avec couvercle en cuivre martelé,BVC-001-KB,40,2026-04-21 19:46:07.996,,y
4533,Tasse à café avec support en cuivre martelé et soucoupe,TCC-001-KB,38,2026-04-21 19:46:07.996,,y
4534,Bouteille en céramique décorée avec bouchon en liège,BCP-001-RL,62,2026-04-21 19:46:07.996,,y
4535,Porte-serviettes en céramique décoré,PSC-001-RL,62,2026-04-21 19:46:07.996,,y
4536,Mug en céramique minimaliste,MC-001-RL,62,2026-04-21 19:46:07.996,,y
4537,Ensemble de vases en céramique avec motifs berbères,TVC-RL,62,2026-04-21 19:46:07.996,,y
4538,Ensemble de vases en céramique avec motifs berbères,TVC-RL,24,2026-04-21 19:46:07.996,,y
4539,Boîte rectangulaire en céramique avec couvercle décoré de motifs géométriques,BC-002-RL,62,2026-04-21 19:46:07.996,,y
4540,Cruche en céramique circulaire avec motifs andalous jaunes et bleus,CCL-001-RL,62,2026-04-21 19:46:07.996,,y
4541,Vase en céramique avec motifs de poissons colorés- Samak,VC-001-RL,62,2026-04-21 19:46:07.996,,y
4542,Vase en céramique avec motifs de poissons colorés- Samak,VC-001-RL,24,2026-04-21 19:46:07.996,,y
4543,Boîte en céramique avec calligraphie arabe bleue (13cm),BC-003-RL,62,2026-04-21 19:46:07.996,,y
4544,Bouteille en Céramique à Motifs Andalous,BCA-001-RL,62,2026-04-21 19:46:07.996,,y
4545,Tasse artisanale en céramique émaillée - Vert Nature,TAC-001-SZ,62,2026-04-21 19:46:07.996,,y
4546,Tasse artisanale en céramique émaillée - Lilas Élégant,TAC-002-SZ,62,2026-04-21 19:46:07.996,,y
4547,Tasse citrouille en céramique artisanale - Édition Orange,TCO-001-SZ,62,2026-04-21 19:46:07.997,,y
4548,Mouton Décoratif en Laine - Disponible en 3 Tailles,ML-001-LR,58,2026-04-21 19:46:07.997,,y
4549,Mouton Décoratif en Laine - Disponible en 3 Tailles - S,MML-001-T1,525,2026-04-21 19:46:07.997,,y
4550,Mouton Décoratif en Laine - Disponible en 3 Tailles - M,GML-001-T2,525,2026-04-21 19:46:07.997,,y
4551,Mouton Décoratif en Laine - Disponible en 3 Tailles - L,PML-001-T3,525,2026-04-21 19:46:07.997,,y
4552,Coffret Flamme d’artisan - Jasmin Noir ou Silex,CFA-SO,17,2026-04-21 19:46:07.997,,y
4553,Coffret Flamme d’artisan - Jasmin Noir ou Silex - Silex,CFA-002-SO,525,2026-04-21 19:46:07.997,,y
4554,Coffret Flamme d’artisan - Jasmin Noir ou Silex - Jasmin noir,CFA-001-SO,525,2026-04-21 19:46:07.997,,y
4555,Carafe en Verre Soufflé - Didon,CVD-001-OD,67,2026-04-21 19:46:07.997,,y
4556,Carafe en Verre Soufflé - Didon,CVD-001-OD,40,2026-04-21 19:46:07.997,,y
4557,Set de 6 Verres en Verre Soufflé - Collection Didon,S6V-001-OD,20,2026-04-21 19:46:07.997,,y
4558,Sculpture Tête de Cheval en Raku - Édition Artisanale,Sculpture-Tête-de-Cheval-en-Raku---Édition-Artisanale,23,2026-04-21 19:46:07.997,,y
4559,Sculpture Hibou en Raku - Édition Artisanale,Sculpture-Hibou-en-Raku---Édition-Artisanale,23,2026-04-21 19:46:07.997,,y
4560,Vase Buste en Raku - Édition Artisanale,Vase-Buste-en-Raku---Édition-Artisanale,23,2026-04-21 19:46:07.997,,y
4561,Sculpture Poisson en Raku - Édition Artisanale,Sculpture-Poisson-en-Raku---Édition-Artisanale,23,2026-04-21 19:46:07.997,,y
4562,Sculpture Cheval en Raku - Édition Équestre Artisanale,Sculpture-Cheval-en-Raku---Édition-Équestre-Artisanale,23,2026-04-21 19:46:07.997,,y
4563,Veilleuse Coquille en Fibres Végétales et Fer,Veilleuse-Coquille-en-Fibres-Végétales-et-Fer,22,2026-04-21 19:46:07.997,,y
4564,Veilleuse Citrouille en Fibres Végétales et Fer,Veilleuse-Citrouille-en-Fibres-Végétales-et-Fer,22,2026-04-21 19:46:07.997,,y
4565,Veilleuse Diamant en Fibres Végétales et Fer,Veilleuse-Diamant-en-Fibres-Végétales-et-Fer,22,2026-04-21 19:46:07.997,,y
4566,Applique Murale Diamant en Fibres Végétales et Fer,Applique-Murale-Diamant-en-Fibres-Végétales-et-Fer,22,2026-04-21 19:46:07.998,,y
4567,Applique Murale Marabout en Fibres Végétales et Fer,Applique-Murale-Marabout-en-Fibres-Végétales-et-Fer,22,2026-04-21 19:46:07.998,,y
4568,Service à Thé Martelé - Théière et Verres,STC-002-KB,38,2026-04-21 19:46:07.998,,y
4569,Service à Thé Martelé avec Plateau - Théière et Verres,STC-001-KB,38,2026-04-21 19:46:07.998,,y
4570,Tasses à Café en Métal Martelé avec Intérieur en Céramique,4TC-001-KB,38,2026-04-21 19:46:07.998,,y
4571,Service à Café Oriental en Métal Martelé avec Plateau,SCC-001-KB,38,2026-04-21 19:46:07.998,,y
4572,Ensemble Décoratif en Résine avec Fleurs Séchées - 6 Pièces,ED-005-RES,23,2026-04-21 19:46:07.998,,y
4573,Ensemble Décoratif en Résine avec Fleurs Séchées - 6 Pièces,ED-005-RES,24,2026-04-21 19:46:07.998,,y
4574,Ensemble Décoratif en Résine Marbrée avec Fleurs Séchées - 4 Pièces,ED-004-RES,25,2026-04-21 19:46:07.998,,y
4575,Ensemble Décoratif en Résine Marbrée avec Dorures - 4 Pièces,ED-003-RES,23,2026-04-21 19:46:07.998,,y
4576,Ensemble Décoratif en Résine Marbrée avec Dorures - 4 Pièces,ED-003-RES,24,2026-04-21 19:46:07.998,,y
4577,Ensemble Décoratif Minimaliste en Résine Blanche - 4 Pièces,ED-002-RES,25,2026-04-21 19:46:07.998,,y
4578,Ensemble Décoratif Compact en Résine Marbrée avec Fleurs Séchées - 3 Pièces,ED-001-RES,25,2026-04-21 19:46:07.998,,y
4579,Bougeoirs Ethniques en Céramique - Gris,TBC-003-RL,525,2026-04-21 19:46:07.998,,y
4580,Bougeoirs Ethniques en Céramique - Bleu,TBC-002-RL,525,2026-04-21 19:46:07.998,,y
4581,Bougeoirs Ethniques en Céramique - Rouge,TBC-001-RL,525,2026-04-21 19:46:07.998,,y
4582,Échiquier en Bois d'Olivier – Pièce d’Artisanat Élégante,JEB-BF,68,2026-04-21 19:46:07.998,,y
4583,Échiquier en Bois d'Olivier – Pièce d’Artisanat Élégante,JEB-BF,64,2026-04-21 19:46:07.998,,y
4584,Échiquier en Bois d'Olivier – Pièce d’Artisanat Élégante,JEB-BF,28,2026-04-21 19:46:07.998,,y
4585,Bouteille en Céramique Andalous – 250 ml,BO-001-RL,62,2026-04-21 19:46:07.998,,y
4586,Bouteille Carrée en Céramique Andalous – 75 cl,BCL-002-RL,62,2026-04-21 19:46:07.998,,y
4587,Sous-Plat Rond en Céramique Andalous – 20 cm,SPR-003-RL,62,2026-04-21 19:46:07.999,,y
4588,Boîte en Céramique Andalous – 13 cm,BC-006-RL,62,2026-04-21 19:46:07.999,,y
4589,Planche en Céramique Andalous – Élégance Artisanale,PC-002-RL,62,2026-04-21 19:46:07.999,,y
4590,Pack Andalous en Céramique – Élégance et Tradition,PAC-001-RL,62,2026-04-21 19:46:07.999,,y
4591,Grand Vase Visage Minimaliste en Résine,VV-001-RES,25,2026-04-21 19:46:07.999,,y
4592,"Set Calligraphie Arabe – Cruche, Sous-Plat & Planche en Céramique",SCA-001-RL,62,2026-04-21 19:46:07.999,,y
4593,Bouteille Plate en Céramique – Motifs Ottomans Peints à la Main (75 cl),BCO-002-RL,62,2026-04-21 19:46:07.999,,y
4594,Bouteille Ovale en Céramique – Motifs Ottomans Peints à la Main (75 cl),BCO-003-RL,525,2026-04-21 19:46:07.999,,y
4595,Sous-Plat en Céramique – Motifs Ottomans Peints à la Main (20 cm),SPR-005-RL,62,2026-04-21 19:46:07.999,,y
4596,Planche en Céramique – Motifs Ottomans Peints à la Main,PC-003-RL,62,2026-04-21 19:46:07.999,,y
4597,Boîte Ronde en Céramique – Motifs Ottomans Peints à la Main (13 cm),BC-005-RL,62,2026-04-21 19:46:07.999,,y
4598,Set de Deux Boîtes en Céramique – Motifs Ottomans Peints à la Main,DBC-001-RL,62,2026-04-21 19:46:07.999,,y
4599,Pack Ottoman en Céramique – Élégance et Artisanat,POC-001-RL,62,2026-04-21 19:46:07.999,,y
4600,Set Royal ottomans – Élégance Artisanale (8 Pièces),SRO-001-RL,62,2026-04-21 19:46:07.999,,y
4601,"Mug ""Tendresse"" en Céramique – Fait Main avec Cœur Rouge",MTC-001-SZ,62,2026-04-21 19:46:07.999,,y
4602,"Mug ""Tendresse"" en Céramique – Fait Main avec Cœur Rouge",MTC-001-SZ,63,2026-04-21 19:46:07.999,,y
4603,Set Mots du Cœur Duo,PMC-001-KER,62,2026-04-21 19:46:07.999,,y
4604,Set Mots du Cœur Duo,PMC-001-KER,63,2026-04-21 19:46:07.999,,y
4605,"Set ""Cœur à Cœur"" – Mug et Plateau en Céramique",PCC-001-KER,62,2026-04-21 19:46:07.999,,y
4606,"Set ""Cœur à Cœur"" – Mug et Plateau en Céramique",PCC-001-KER,63,2026-04-21 19:46:07.999,,y
4607,"Set ""Duo Envoûtant"" – Mug et Plateau en Céramique",PDE-001-KER,62,2026-04-21 19:46:08.000,,y
4608,"Set ""Duo Envoûtant"" – Mug et Plateau en Céramique",PDE-001-KER,63,2026-04-21 19:46:08.000,,y
4609,"Mug ""Émeraude Passion"" – Céramique Artisanale Peinte à la Main",MEP-001-SZ,62,2026-04-21 19:46:08.000,,y
4610,"Mug ""Émeraude Passion"" – Céramique Artisanale Peinte à la Main",MEP-001-SZ,63,2026-04-21 19:46:08.000,,y
4611,Plateau Mosaïque d’Olive,PCB-001-BF,67,2026-04-21 19:46:08.000,,y
4612,Plateau Mosaïque d’Olive,PCB-001-BF,32,2026-04-21 19:46:08.000,,y
4613,Plateau Mosaïque d’Olive - Motif 1,PCB-003-BF,525,2026-04-21 19:46:08.000,,y
4614,Plateau Mosaïque d’Olive - Motif 2,PCB-002-BF,525,2026-04-21 19:46:08.000,,y
4615,"Porte-épices ""Médina Épices""",E4B-001-BF,67,2026-04-21 19:46:08.000,,y
4616,"Porte-épices ""Médina Épices""",E4B-001-BF,32,2026-04-21 19:46:08.000,,y
4617,Sous-tasses Mosaïque d’Olive,STB-001-BF,67,2026-04-21 19:46:08.000,,y
4618,Sous-tasses Mosaïque d’Olive,STB-001-BF,32,2026-04-21 19:46:08.000,,y
4619,Sous-tasses Mosaïque d’Olive - Lot de 4,STB-001-BF-4,525,2026-04-21 19:46:08.000,,y
4620,Sous-tasses Mosaïque d’Olive - Lot de 6,STB-001-BF-6,525,2026-04-21 19:46:08.000,,y
4621,"Set ""Mots du Cœur Uno"" – Mug avec Inscription & Sous-Tasse",PMC-002-KER,62,2026-04-21 19:46:08.000,,y
4622,"Set ""Mots du Cœur Uno"" – Mug avec Inscription & Sous-Tasse",PMC-002-KER,63,2026-04-21 19:46:08.000,,y
4623,Sculpture Bouddha en Béton – Sérénité et Artisanat Brut,BB-001-FP,23,2026-04-21 19:46:08.000,,y
4624,Lampe en Béton Brut – L’Élégance de la Lumière Artisanale,LB-001-FP,22,2026-04-21 19:46:08.000,,y
4625,Sculptures Moaï en Béton – L’Art Mystique de l’Île de Pâques,SMB-001-FP,23,2026-04-21 19:46:08.000,,y
4626,"Carafe et 6 Gobelets ""Olivéa"" en Grès – Élégance Naturelle et Authentique",CGO-001-2M,36,2026-04-21 19:46:08.000,,y
4627,"Set ""Olivéa"" en Grès",CGO-2M,36,2026-04-21 19:46:08.000,,y
4628,"Service de Table ""Astéria""",SA-001-NA,62,2026-04-21 19:46:08.000,,y
4629,"Service de Table ""Astéria""",SA-001-NA,35,2026-04-21 19:46:08.000,,y
4630,"Set de Vaisselle ""Organica""",SVO-001,36,2026-04-21 19:46:08.000,,y
4631,"Set ""Séli"" en Grès Noirs",SSN-2M,36,2026-04-21 19:46:08.000,,y
4632,"🤍 Set ""Séa"" en Grès Blanc Moucheté",SSB-2M,36,2026-04-21 19:46:08.001,,y
4633,"🖤 Carafe et 6 Gobelets ""Séli"" en Grès – Élégance Naturelle et Authentique",CGS-002-2M,36,2026-04-21 19:46:08.001,,y
4634,"🤍 Carafe et 6 Gobelets ""Séa"" en Grès – Pureté et Élégance Naturelle",CGS-001-2M,36,2026-04-21 19:46:08.001,,y
4635,"Set ""Éclats d’Azur""- 6 verres à pied en verre soufflé craquelé",SEA-001-OD,67,2026-04-21 19:46:08.001,,y
4636,"Set ""Éclats d’Azur""- 6 verres à pied en verre soufflé craquelé",SEA-001-OD,40,2026-04-21 19:46:08.001,,y
4637,"Set ""Olivéa"" en Grès - 32 pièces",CGO-001-2M-32,525,2026-04-21 19:46:08.001,,y
4638,"Set ""Olivéa"" en Grès - 27 pièces",CGO-001-2M-27,525,2026-04-21 19:46:08.001,,y
4639,"Set ""Olivéa"" en Grès - 20 pièces",CGO-001-2M-20,525,2026-04-21 19:46:08.001,,y
4640,"Set ""Olivéa"" en Grès - 18 pièces",CGO-001-2M-18,525,2026-04-21 19:46:08.001,,y
4641,"Set ""Olivéa"" en Grès - 14 pièces",CGO-001-2M-14,525,2026-04-21 19:46:08.001,,y
4642,"Set ""Séli"" en Grès Noirs - 32 pièces",SSN-001-2M-32,525,2026-04-21 19:46:08.001,,y
4643,"Set ""Séli"" en Grès Noirs - 27 pièces",SSN-001-2M-27,525,2026-04-21 19:46:08.001,,y
4644,"Set ""Séli"" en Grès Noirs - 20 pièces",SSN-001-2M-20,525,2026-04-21 19:46:08.001,,y
4645,"Set ""Séli"" en Grès Noirs - 18 pièces",SSN-001-2M-18,525,2026-04-21 19:46:08.001,,y
4646,"Set ""Séli"" en Grès Noirs - 14 pièces",SSN-001-2M-14,525,2026-04-21 19:46:08.001,,y
4647,"🤍 Set ""Séa"" en Grès Blanc Moucheté - 32 pièces",SSB-001-2M-32,525,2026-04-21 19:46:08.001,,y
4648,"🤍 Set ""Séa"" en Grès Blanc Moucheté - 27 pièces",SSB-001-2M-27,525,2026-04-21 19:46:08.001,,y
5271,Verre transaprent GF,Verre_transaprent_GF,525,2026-04-21 19:46:08.017,,y
4649,"🤍 Set ""Séa"" en Grès Blanc Moucheté - 20 pièces",SSB-001-2M-20,525,2026-04-21 19:46:08.001,,y
4650,"🤍 Set ""Séa"" en Grès Blanc Moucheté - 18 pièces",SSB-001-2M-18,525,2026-04-21 19:46:08.001,,y
4651,"🤍 Set ""Séa"" en Grès Blanc Moucheté - 14 pièces",SSB-001-2M-14,525,2026-04-21 19:46:08.001,,y
4652,"Service de Table ""Astéria"" - 4 Personnes",SA-001-NA-4,525,2026-04-21 19:46:08.001,,y
4653,"Service de Table ""Astéria"" - 6 Personnes",STE-001-EN-6,525,2026-04-21 19:46:08.001,,y
4654,"Set de Vaisselle ""Organica"" - 6 Personnes, Vert",SVO-001-6V,525,2026-04-21 19:46:08.001,,y
4655,"Set ""Olivéa"" en Grès - 12 pièces",CGO-001-2M-12,525,2026-04-21 19:46:08.001,,y
4656,"Set ""Séli"" en Grès Noirs - 12 pièces",SSN-001-2M-12,525,2026-04-21 19:46:08.001,,y
4657,"🤍 Set ""Séa"" en Grès Blanc Moucheté - 12 pièces",SSB-001-2M-12,525,2026-04-21 19:46:08.001,,y
4658,"Set Gourmet L’Éveil – Vaisselle en Céramique en Pâte Blanche (Bleu Gris, Terracotta, Vert d’Eau)",SGE-NA,62,2026-04-21 19:46:08.001,,y
4659,"Set Gourmet L’Éveil – Vaisselle en Céramique en Pâte Blanche (Bleu Gris, Terracotta, Vert d’Eau)",SGE-NA,35,2026-04-21 19:46:08.001,,y
4660,"Set Gourmet L’Éveil – Vaisselle en Céramique en Pâte Blanche (Bleu Gris, Terracotta, Vert d’Eau) - Gris, 6 Personnes","Set-Gourmet-L’Éveil-–-Vaisselle-en-Céramique-en-Pâte-Blanche-(Bleu-Gris,-Terracotta,-Vert-d’Eau)---Gris,-6-Personnes",525,2026-04-21 19:46:08.003,,y
4661,"Set Gourmet L’Éveil – Vaisselle en Céramique en Pâte Blanche (Bleu Gris, Terracotta, Vert d’Eau) - Rose, 6 Personnes","Set-Gourmet-L’Éveil-–-Vaisselle-en-Céramique-en-Pâte-Blanche-(Bleu-Gris,-Terracotta,-Vert-d’Eau)---Rose,-6-Personnes",525,2026-04-21 19:46:08.003,,y
4662,"Set Gourmet L’Éveil – Vaisselle en Céramique en Pâte Blanche (Bleu Gris, Terracotta, Vert d’Eau) - Vert, 6 Personnes","Set-Gourmet-L’Éveil-–-Vaisselle-en-Céramique-en-Pâte-Blanche-(Bleu-Gris,-Terracotta,-Vert-d’Eau)---Vert,-6-Personnes",525,2026-04-21 19:46:08.003,,y
4663,"Set ""Flûtes d'Azur"" - 6 flûtes en verre soufflé craquelé",SFA-001-OD,67,2026-04-21 19:46:08.003,,y
4664,"Set ""Flûtes d'Azur"" - 6 flûtes en verre soufflé craquelé",SFA-001-OD,40,2026-04-21 19:46:08.003,,y
4665,Ensemble de vases en céramique avec motifs berbères - Rouge,TVC-001-RL,525,2026-04-21 19:46:08.003,,y
4666,Ensemble de vases en céramique avec motifs berbères - Bleu,TVC-002-RL,525,2026-04-21 19:46:08.003,,y
4667,Ensemble de vases en céramique avec motifs berbères - Gris,TVC-003-RL,525,2026-04-21 19:46:08.003,,y
4668,Carafe Tanit – Élégance en Verre Soufflé,CT-TB-01,36,2026-04-21 19:46:08.003,,y
4669,Carafe Tanit – Élégance en Verre Soufflé,CT-TB-01,40,2026-04-21 19:46:08.003,,y
4670,"Carafe Tanit – Élégance en Verre Soufflé - Transparent, Solo",CTT-001,525,2026-04-21 19:46:08.003,,y
4671,"Carafe Tanit – Élégance en Verre Soufflé - Bleu, Solo",CTB-001,525,2026-04-21 19:46:08.003,,y
4672,"Carafe Tanit – Élégance en Verre Soufflé - Transparent, Duo",CTT-002,525,2026-04-21 19:46:08.003,,y
4673,"Carafe Tanit – Élégance en Verre Soufflé - Bleu, Duo",CTB-002,525,2026-04-21 19:46:08.003,,y
4674,"Carafe Tanit – Élégance en Verre Soufflé - Transparent, Quattro",CTT-004,525,2026-04-21 19:46:08.003,,y
4675,"Carafe Tanit – Élégance en Verre Soufflé - Bleu, Quattro",CTB-004,525,2026-04-21 19:46:08.003,,y
4676,"Carafe Tanit – Élégance en Verre Soufflé - Transparent, Premium",CTT-006,525,2026-04-21 19:46:08.003,,y
4677,"Carafe Tanit – Élégance en Verre Soufflé - Bleu, Premium",CTB-006,525,2026-04-21 19:46:08.003,,y
4678,"Carafe en Verre Soufflé - Didon - Solo, Blanc",CVD-001-OD-1,525,2026-04-21 19:46:08.003,,y
4679,"Carafe en Verre Soufflé - Didon - Quattro, Blanc",CVD-001-OD-4,525,2026-04-21 19:46:08.003,,y
4680,"Carafe en Verre Soufflé - Didon - Premium, Blanc",CVD-001-OD-6,525,2026-04-21 19:46:08.003,,y
4681,Bonbonnières en verre soufflé & cuivre martelé,BVC-002-SO,38,2026-04-21 19:46:08.003,,y
4682,Bonbonnières en verre soufflé & cuivre martelé,BVC-002-SO,61,2026-04-21 19:46:08.003,,y
4683,Bonbonnières en verre soufflé & cuivre martelé,BVC-002-SO,40,2026-04-21 19:46:08.003,,y
4684,Bonbonnières en verre soufflé & cuivre martelé - Miel,BON-VS-ML,525,2026-04-21 19:46:08.003,,y
4685,Bonbonnières en verre soufflé & cuivre martelé - Transparent,BON-VS-TR,525,2026-04-21 19:46:08.003,,y
4686,Bonbonnières en verre soufflé & cuivre martelé - Ebène,BON-VS-EB,525,2026-04-21 19:46:08.003,,y
4687,Bouteille en céramique - Calligraphie arabe Bleue,BCL-007-RL,67,2026-04-21 19:46:08.004,,y
4688,Bouteille en céramique - Calligraphie arabe Bleue,BCL-007-RL,46,2026-04-21 19:46:08.004,,y
4689,Bouteille en céramique - Calligraphie arabe Bleue - Rectangulaire,BCL-005-RL-1,525,2026-04-21 19:46:08.004,,y
4690,Bouteille en céramique - Calligraphie arabe Bleue - Ovale,BCL-005-RL-02,525,2026-04-21 19:46:08.004,,y
4691,Bouteille en céramique - Calligraphie arabe Bleue - Oreille,Bouteille-en-céramique---Calligraphie-arabe-Bleue---Oreille,525,2026-04-21 19:46:08.004,,y
4692,Cruche Zénith – Céramique émaillée décor bleu,CCL-02-RL,67,2026-04-21 19:46:08.004,,y
4693,Cruche Zénith – Céramique émaillée décor bleu,CCL-02-RL,46,2026-04-21 19:46:08.004,,y
4694,Set “Baraka” – Art de la table en céramique calligraphique,SB-001-RL,67,2026-04-21 19:46:08.004,,y
4695,Set “Baraka” – Art de la table en céramique calligraphique,SB-001-RL,46,2026-04-21 19:46:08.004,,y
4696,Planche “Khamsa” – Céramique calligraphique bleue,PC-001-RL,67,2026-04-21 19:46:08.004,,y
4697,Planche “Khamsa” – Céramique calligraphique bleue,PC-001-RL,46,2026-04-21 19:46:08.004,,y
4698,"Sous plat ""Khamsa"" – Céramique ronde calligraphiée",SPR-001-RL,67,2026-04-21 19:46:08.004,,y
4699,"Sous plat ""Khamsa"" – Céramique ronde calligraphiée",SPR-001-RL,46,2026-04-21 19:46:08.004,,y
4700,Planche “Azur” – Céramique géométrique artisanale,PC-006-RL,67,2026-04-21 19:46:08.004,,y
4701,Planche “Azur” – Céramique géométrique artisanale,PC-006-RL,46,2026-04-21 19:46:08.004,,y
4702,Boîte “Rosace Azur” – Céramique artisanale,BC-007-RL,67,2026-04-21 19:46:08.004,,y
4703,Boîte “Rosace Azur” – Céramique artisanale,BC-007-RL,46,2026-04-21 19:46:08.004,,y
4704,Bouteille “Azura” – Céramique artisanale géométrique,BCL-001-RL,67,2026-04-21 19:46:08.004,,y
4705,Bouteille “Azura” – Céramique artisanale géométrique,BCL-001-RL,46,2026-04-21 19:46:08.004,,y
4706,Bouteille “Azura” – Céramique artisanale géométrique - Rectangulaire,BCL-001-RL-1,525,2026-04-21 19:46:08.004,,y
4707,Bouteille “Azura” – Céramique artisanale géométrique - Avec anse,BCL-001-RL-2,525,2026-04-21 19:46:08.004,,y
4708,Bouteille “Azura” – Céramique artisanale géométrique - Double anneau,BCL-001-RL-3,525,2026-04-21 19:46:08.004,,y
4709,Boîte carrée en céramique “Azur” – Motifs géométriques,BC-004-RL,67,2026-04-21 19:46:08.004,,y
4710,Boîte carrée en céramique “Azur” – Motifs géométriques,BC-004-RL,46,2026-04-21 19:46:08.004,,y
4711,Boîte carrée en céramique “Azur” – Motifs géométriques - 16*16*6,BC-004-RL-1,525,2026-04-21 19:46:08.004,,y
4712,Boîte carrée en céramique “Azur” – Motifs géométriques - 10*10*6,BC-004-RL-2,525,2026-04-21 19:46:08.004,,y
4713,Duo de Corbeilles en Nattes tressées - Forme Cœur (Rouge Foncé),CCN-001-MHN,67,2026-04-21 19:46:08.004,,y
4714,Duo de Corbeilles en Nattes tressées - Forme Cœur (Rouge Foncé),CCN-001-MHN,44,2026-04-21 19:46:08.004,,y
4715,"Set de Vaisselle ""Organica"" - 6 Personnes, Jaune",SVO-001-6J,525,2026-04-21 19:46:08.004,,y
4716,Collection Émotion – Tasses & Soucoupes Artisanales,TSC-ART-001,67,2026-04-21 19:46:08.004,,y
4717,Collection Émotion – Tasses & Soucoupes Artisanales,TSC-ART-001,46,2026-04-21 19:46:08.004,,y
4718,Collection Émotion – Tasses & Soucoupes Artisanales,TSC-ART-001,63,2026-04-21 19:46:08.004,,y
4719,Collection Émotion – Tasses & Soucoupes Artisanales - Œil Bleu,TSC-ART-001-OB,525,2026-04-21 19:46:08.005,,y
4720,Collection Émotion – Tasses & Soucoupes Artisanales - Fleurs Bleues,TSC-ART-001-FB,525,2026-04-21 19:46:08.005,,y
4721,Collection Émotion – Tasses & Soucoupes Artisanales - Fleurs Roses,TSC-ART-001-FR,525,2026-04-21 19:46:08.005,,y
4722,Collection Émotion – Tasses & Soucoupes Artisanales - Love & Cœurs Rouges,TSC-ART-001-LOV,525,2026-04-21 19:46:08.005,,y
4723,Collection Sidi Bou – Photophores artisanaux en cire parfumée,SKU : SDB-PPH,48,2026-04-21 19:46:08.005,,y
4724,Collection Sidi Bou – Photophores artisanaux en cire parfumée,SKU : SDB-PPH,49,2026-04-21 19:46:08.005,,y
4725,Collection Sidi Bou – Photophores artisanaux en cire parfumée - PF,SDB-PPH-PF,525,2026-04-21 19:46:08.005,,y
4726,Collection Sidi Bou – Photophores artisanaux en cire parfumée - MF,SDB-PPH-MF,525,2026-04-21 19:46:08.005,,y
4727,Collection Sidi Bou – Photophores artisanaux en cire parfumée - GF,SDB-PPH-GF,525,2026-04-21 19:46:08.005,,y
4728,Collection Sidi Bou – Photophores artisanaux en cire parfumée - SET,SKU : SDB-PPH-SET,525,2026-04-21 19:46:08.005,,y
4729,Carafe Médina – Verre soufflé artisanal (3 coloris),Carafe-Médina-–-Verre-soufflé-artisanal-(3-coloris),36,2026-04-21 19:46:08.005,,y
4730,Carafe Médina – Verre soufflé artisanal (3 coloris),Carafe-Médina-–-Verre-soufflé-artisanal-(3-coloris),40,2026-04-21 19:46:08.005,,y
4731,Carafe Médina – Verre soufflé artisanal (3 coloris) - Transparent,CRM-MED-TR,525,2026-04-21 19:46:08.005,,y
4732,Carafe Médina – Verre soufflé artisanal (3 coloris) - Bleu,CRM-MED-BL,525,2026-04-21 19:46:08.005,,y
4733,Couffin artisanal en fibre végétale – Elyssa,Couffin-artisanal-en-fibre-végétale-–-Elyssa,55,2026-04-21 19:46:08.005,,y
4734,Couffin artisanal en fibre végétale – Elyssa,Couffin-artisanal-en-fibre-végétale-–-Elyssa,63,2026-04-21 19:46:08.006,,y
4735,Couffin artisanal en fibre végétale – Elyssa,Couffin-artisanal-en-fibre-végétale-–-Elyssa,64,2026-04-21 19:46:08.006,,y
4736,Couffin artisanal en fibre végétale – Elyssa - Cuir marron,COU-CUIR-003,525,2026-04-21 19:46:08.006,,y
4737,Couffin artisanal en fibre végétale – Elyssa - Bois,COU-BOIS-001,525,2026-04-21 19:46:08.006,,y
4738,Couffin artisanal en fibre végétale – Elyssa - Bambou,COU-BAMB-002,525,2026-04-21 19:46:08.006,,y
4739,Couffin artisanal en fibre végétale – Anses cuir & fouta offerte,COU-CUIR-FOUTA-002,55,2026-04-21 19:46:08.006,,y
4740,Couffin artisanal en fibre végétale – Anses cuir & fouta offerte,COU-CUIR-FOUTA-002,64,2026-04-21 19:46:08.006,,y
4741,Fouta artisanale en coton – 2m x 1m – Couleurs au choix,Fouta-artisanale-en-coton-–-2m-x-1m-–-Couleurs-au-choix,55,2026-04-21 19:46:08.006,,y
4742,Fouta artisanale en coton – 2m x 1m – Couleurs au choix - Jaune,FOT-COT-YG,525,2026-04-21 19:46:08.006,,y
4743,Fouta artisanale en coton – 2m x 1m – Couleurs au choix - Bleu,FOT-COT-BG,525,2026-04-21 19:46:08.006,,y
4744,Fouta artisanale en coton – 2m x 1m – Couleurs au choix - Rose,FOT-COT-RG,525,2026-04-21 19:46:08.006,,y
4745,Fouta artisanale en coton – 2m x 1m – Couleurs au choix - Vert,FOT-COT-VV,525,2026-04-21 19:46:08.006,,y
4746,Fouta artisanale en coton – 2m x 1m – Couleurs au choix - Violet,FOT-COT-VG,525,2026-04-21 19:46:08.006,,y
4747,Poisson décoratif artisanal en céramique – Motifs au choix,Poisson-décoratif-artisanal-en-céramique-–-Motifs-au-choix,58,2026-04-21 19:46:08.006,,y
4748,Poisson décoratif artisanal en céramique – Motifs au choix,Poisson-décoratif-artisanal-en-céramique-–-Motifs-au-choix,57,2026-04-21 19:46:08.006,,y
4749,Poisson décoratif artisanal en céramique – Motifs au choix - 1,SKU : DEC-POI-MC,525,2026-04-21 19:46:08.006,,y
4750,Poisson décoratif artisanal en céramique – Motifs au choix - 2,DEC-POI-BL,525,2026-04-21 19:46:08.006,,y
4751,Poisson décoratif artisanal en céramique – Motifs au choix - 3,DEC-POI-SR,525,2026-04-21 19:46:08.006,,y
4752,Bouteille “Azura” – Céramique artisanale géométrique - kous,BCL-001-RL-4,525,2026-04-21 19:46:08.006,,y
4753,Bouteille en Céramique Andalous – 250 ml - Kous,BO-001-RL-K,525,2026-04-21 19:46:08.006,,y
4754,Bouteille en Céramique Andalous – 250 ml,BO-001-RL-O,525,2026-04-21 19:46:08.006,,y
4755,Mouton à bascule artisanal – Bois & laine naturelle,MTN-BAS-001,58,2026-04-21 19:46:08.006,,y
4756,Mouton à bascule artisanal – Bois & laine naturelle,MTN-BAS-001,64,2026-04-21 19:46:08.006,,y
4757,Collection Émotion – Tasses & Soucoupes Artisanales - Fleurs Ciel,TSC-ART-001-CL,525,2026-04-21 19:46:08.006,,y
4758,Collection Émotion – Tasses & Soucoupes Artisanales - Bouquet,TSC-ART-001-BQ,525,2026-04-21 19:46:08.006,,y
4759,Collection Émotion – Tasses & Soucoupes Artisanales - Fleurs rouge,TSC-ART-001-RG,525,2026-04-21 19:46:08.006,,y
4760,Seau à glace artisanal en verre soufflé craquelé,SCG-VS-CRAQ-001,20,2026-04-21 19:46:08.006,,y
4761,Vide-poches décoratif en bois d’olivier peint à la main – Motifs portes tunisiennes,VPB-CR-CO,68,2026-04-21 19:46:08.006,,y
4762,Vide-poches décoratif en bois d’olivier peint à la main – Motifs portes tunisiennes,VPB-CR-CO,61,2026-04-21 19:46:08.006,,y
4763,"Vide-poches décoratif en bois d’olivier peint à la main – Motifs portes tunisiennes - Blanc, Carré",VPB-CR-BLC,525,2026-04-21 19:46:08.006,,y
4764,"Vide-poches décoratif en bois d’olivier peint à la main – Motifs portes tunisiennes - Bleu, Carré",VPB-CR-BLU,525,2026-04-21 19:46:08.006,,y
4765,"Vide-poches décoratif en bois d’olivier peint à la main – Motifs portes tunisiennes - Rouge, Carré",VPB-CR-RGE,525,2026-04-21 19:46:08.006,,y
4766,"Vide-poches décoratif en bois d’olivier peint à la main – Motifs portes tunisiennes - Vert, Carré",VPB-CO-VRT,525,2026-04-21 19:46:08.006,,y
4767,"Vide-poches décoratif en bois d’olivier peint à la main – Motifs portes tunisiennes - Blanc, Cœur",VPB-CO-BLC,525,2026-04-21 19:46:08.006,,y
4768,"Vide-poches décoratif en bois d’olivier peint à la main – Motifs portes tunisiennes - Rouge, Cœur","Vide-poches-décoratif-en-bois-d’olivier-peint-à-la-main-–-Motifs-portes-tunisiennes---Rouge,-Cœur",525,2026-04-21 19:46:08.006,,y
4769,"Vide-poches décoratif en bois d’olivier peint à la main – Motifs portes tunisiennes - Vert, Cœur",VPB-CR-VRT,525,2026-04-21 19:46:08.006,,y
4770,Mug Bohème en céramique artisanale – Avec sous-tasse,MUG-BOH,62,2026-04-21 19:46:08.006,,y
4771,Mug Bohème en céramique artisanale – Avec sous-tasse,MUG-BOH,63,2026-04-21 19:46:08.006,,y
4772,Mug Bohème en céramique artisanale – Avec sous-tasse,MUG-BOH,64,2026-04-21 19:46:08.006,,y
4773,Mug Bohème en céramique artisanale – Avec sous-tasse - Cœurs Rouges,MUG-BOH-CR,525,2026-04-21 19:46:08.006,,y
4774,Mug Bohème en céramique artisanale – Avec sous-tasse - Fleurs Bleues,MUG-BOH-FB,525,2026-04-21 19:46:08.006,,y
4775,Mug Bohème en céramique artisanale – Avec sous-tasse - Fleurs Orange,MUG-BOH-FO,525,2026-04-21 19:46:08.006,,y
4776,Mug Bohème en céramique artisanale – Avec sous-tasse - Fleurs Multicolores,MUG-BOH-FM,525,2026-04-21 19:46:08.006,,y
4777,Couffin artisanal en fibre végétale – Elyssa - Cuir beige,COU-CUIR-004,525,2026-04-21 19:46:08.006,,y
4778,Collection Opale d’Orient - Set de 6 verres artisanaux en verre soufflé craquelé,VER-CRAQ-OO,20,2026-04-21 19:46:08.006,,y
4779,Collection Opale d’Orient - Set de 6 verres artisanaux en verre soufflé craquelé - Transparent,VER-CRAQ-TRP,525,2026-04-21 19:46:08.006,,y
4780,Collection Opale d’Orient - Set de 6 verres artisanaux en verre soufflé craquelé - Champagne,VER-CRAQ-CHP,525,2026-04-21 19:46:08.006,,y
4781,Collection Opale d’Orient - Set de 6 verres artisanaux en verre soufflé craquelé,VER-CRAQ-BLU,525,2026-04-21 19:46:08.006,,y
4782,"Carafe en Verre Soufflé - Didon - Solo, Marron",CVD-001-CH-1,525,2026-04-21 19:46:08.006,,y
4783,Tote Bag Sougui,TOT-SO,55,2026-04-21 19:46:08.006,,y
4784,Tote Bag Sougui - Hout Alik,TOT-SO-001,525,2026-04-21 19:46:08.006,,y
4785,Tote Bag Sougui - Harissa,TOT-SO-002,525,2026-04-21 19:46:08.006,,y
4786,Tote Bag Sougui - Tunisia,TOT-SO-003,525,2026-04-21 19:46:08.006,,y
4787,Tote Bag Sougui - Khomssa,TOT-SO-004,525,2026-04-21 19:46:08.007,,y
4788,Tote Bag Sougui - Sayyafi,TOT-SO-005,525,2026-04-21 19:46:08.007,,y
4789,L’arbre du crépuscule,TAB-AC-ZA,65,2026-04-21 19:46:08.007,,y
4790,L’arbre du crépuscule,TAB-AC-ZA,66,2026-04-21 19:46:08.007,,y
4791,Couleurs de la Médina,TAB-CM-ZA,65,2026-04-21 19:46:08.007,,y
4792,Couleurs de la Médina,TAB-CM-ZA,66,2026-04-21 19:46:08.007,,y
4793,Douceur de Djerba,TAB-DJ-ZA,65,2026-04-21 19:46:08.007,,y
4794,Douceur de Djerba,TAB-DJ-ZA,66,2026-04-21 19:46:08.007,,y
4795,Diffuseur Sougui,DS-001-SO,525,2026-04-21 19:46:08.007,,y
4796,Bougie Parfumée Sougui,BP-001-SO,525,2026-04-21 19:46:08.007,,y
4797,Coffret Flamme d’artisan – Jasmin Noir ou Silex,CFA-001-SO,525,2026-04-21 19:46:08.007,,y
4798,Set Gourmet l'éveil céramique Vet d'eau,SGE-001-NA,525,2026-04-21 19:46:08.007,,y
4799,Set Gourmet l'éveil céramique Bleu Gris,SGE-002-NA,525,2026-04-21 19:46:08.007,,y
4800,Set Gourmet l'éveil céramique Terracotta,SGE-003-NA,525,2026-04-21 19:46:08.007,,y
4801,Set de TABLE « Organica »,SO-001-NA,525,2026-04-21 19:46:08.007,,y
4802,Set de TABLE « Astéria »,SA-001-NA,525,2026-04-21 19:46:08.007,,y
4803,Set de TABLE « olivéa » en grès ,SOV-001-NA,525,2026-04-21 19:46:08.007,,y
4804,Set « Séli » en Grès Noirs,SSN-001-2M,525,2026-04-21 19:46:08.007,,y
4805,Set « Séa » en Grès Blanc Moucheté,SSB-001-2M,525,2026-04-21 19:46:08.007,,y
4806,Carafe et 6 Gobelets « Olivéa » en Grès – Élégance Naturelle et Authentique,CGO-001-2M,525,2026-04-21 19:46:08.007,,y
4807,Duo de Bouteilles avec Support « Olivéa » en Grès,DBO-001-2M,525,2026-04-21 19:46:08.007,,y
4808,Carafe et 6 Gobelets « Séa » en Grès – Élégance Naturelle et Authentique,CGS-001-2M,525,2026-04-21 19:46:08.007,,y
4809,Carafe et 6 Gobelets « Séli » en Grès – Élégance Naturelle et Authentique,CGS-002-2M,525,2026-04-21 19:46:08.007,,y
4810,Bonbonniére Cuivre martelé 1,BCM-001-KB,525,2026-04-21 19:46:08.007,,y
4811,Lance parfum cuivre martelé 1,LPC-001-KB,525,2026-04-21 19:46:08.007,,y
4812,Mathred Cuivre martelé 1,MC-001-KB,525,2026-04-21 19:46:08.007,,y
4813,Zazoua Cuivre martelé manche en laiton 1,ZCL-001-KB,525,2026-04-21 19:46:08.007,,y
4814,Zazoua Cuivre martelé manche en laiton 2,ZCL-002-KB,525,2026-04-21 19:46:08.007,,y
4815,Mug en cuivre martelé,MCM-001-KB,525,2026-04-21 19:46:08.007,,y
4816,Carafe « el bey » en verre et cuivre martelé,CVC-001-KB,525,2026-04-21 19:46:08.007,,y
4817,Théière en cuivre martelé,TCM-001-KB,525,2026-04-21 19:46:08.007,,y
4818,Verre de thé avec base en cuivre,VTC-001-KB,525,2026-04-21 19:46:08.007,,y
4819,Plateau rond en métal martelé (25cm),PCM-001-KB,525,2026-04-21 19:46:08.007,,y
4820,Plateau rond profond en cuivre martelé (34cm),PCM-002-KB,525,2026-04-21 19:46:08.007,,y
4821,Boîte en verre avec couvercle en cuivre martelé,BVC-001-KB,525,2026-04-21 19:46:08.007,,y
4822,Tasse à café avec support en cuivre martelé et soucoupe,TCC-001-KB,525,2026-04-21 19:46:08.007,,y
4823,Bouteille en céramique décorée avec bouchon en liège,BCL-001-RL,525,2026-04-21 19:46:08.007,,y
4824,Porte-serviettes en céramique décoré fleurs,PSC-001-RL,525,2026-04-21 19:46:08.007,,y
4825,Mug en céramique minimaliste,MC-001-RL,525,2026-04-21 19:46:08.007,,y
4826,Bouteille en Céramique à Motifs Andalous,BCL-002-RL,525,2026-04-21 19:46:08.007,,y
4827,Bouteille en Céramique à Motifs Andalous 2,BCL-003-RL,525,2026-04-21 19:46:08.007,,y
4828,Bouteille en Céramique à Motif VISAGE ,BCL-004-RL,525,2026-04-21 19:46:08.007,,y
4829,Bouteille en Céramique à Motif Calligraphie 1,BCL-005-RL,525,2026-04-21 19:46:08.007,,y
4830,Cruche en céramique circulaire avec motifs andalous jaunes et bleus,CCL-001-RL,525,2026-04-21 19:46:08.007,,y
4831,Bouteille en Céramique à Motif Fleurs,BCL-006-RL,525,2026-04-21 19:46:08.007,,y
4832,Porte-serviettes en céramique décoré andalous,PSC-002-RL,525,2026-04-21 19:46:08.007,,y
4833,Vase en céramique avec motifs de poissons colorés- Samak,VC-001-RL,525,2026-04-21 19:46:08.007,,y
4834,Boîte en céramique avec calligraphie arabe bleue,BC-001-RL,525,2026-04-21 19:46:08.007,,y
4835,Boîte rectangulaire en céramique avec couvercle décoré de motifs géométriques,BC-002-RL,525,2026-04-21 19:46:08.007,,y
4836,Boîte en céramique avec calligraphie arabe bleue 2,BC-003-RL,525,2026-04-21 19:46:08.007,,y
4837,Boîte carré en céramique avec couvercle décoré de motifs géométriques,BC-004-RL,525,2026-04-21 19:46:08.007,,y
4838,Boîte en céramique ronde OTTOMAN,BC-005-RL,525,2026-04-21 19:46:08.007,,y
4839,Ensemble de vases en céramique avec motifs berbères,VC-002-RL,525,2026-04-21 19:46:08.007,,y
4840,Petit mouton en Laine ,PML-001-LR,525,2026-04-21 19:46:08.008,,y
4841,Mouton taille moyenne en laine ,MML-001-LR,525,2026-04-21 19:46:08.008,,y
4842,Mouton taille Grande en laine ,GML-001-LR,525,2026-04-21 19:46:08.008,,y
4843,Trio bougies céramique rouge décoré ,TBC-001-RL,525,2026-04-21 19:46:08.008,,y
4844,Set « Flûtes d’Azur » – 6 flûtes en verre soufflé craquelé,FAV-001-OD,525,2026-04-21 19:46:08.008,,y
4845,Carafe Tanit en verre craquelé,CVT-001-OD,525,2026-04-21 19:46:08.008,,y
4846,Carafe Didon en verre craquelé,CVD-001-OD,525,2026-04-21 19:46:08.008,,y
4847,Carafe Magon  en verre craquelé,CVC-003-OD,525,2026-04-21 19:46:08.008,,y
4848,Verre en verre craquelé type 1 didon,VVC-001-OD,525,2026-04-21 19:46:08.008,,y
4849,Jeu talla3 b tounsi ,TBT-001-SS,525,2026-04-21 19:46:08.008,,y
4850,Jeu el Bandi,JB-001-SS,525,2026-04-21 19:46:08.008,,y
4851,Jeu Mimes,JM-001-SS,525,2026-04-21 19:46:08.008,,y
4852,Jeu Loup Garou,JLG-001-SS,525,2026-04-21 19:46:08.008,,y
4853,Livraison Particulier,LIV-P,525,2026-04-21 19:46:08.008,,y
4854,Jeu Nes Bekri Kalou,NBK-001-OSL,525,2026-04-21 19:46:08.008,,y
4855,Rame papier multi office,RP-001-LIB,525,2026-04-21 19:46:08.008,,y
4856,Agrafeuse Maped,AGM-001-LIB,525,2026-04-21 19:46:08.008,,y
4857,Recharge Agrafeuse,RAG-001-LIB,525,2026-04-21 19:46:08.008,,y
4858,Planche céramique calligraphie bleue,PC-001-RL,525,2026-04-21 19:46:08.008,,y
4859,Planche céramique Andalous,PC-002-RL,525,2026-04-21 19:46:08.008,,y
4860,Planche céramique OTTOMAN,PC-003-RL,525,2026-04-21 19:46:08.008,,y
4861,Planche céramique calligraphie motif formes géométriques bleu,PC-004-RL,525,2026-04-21 19:46:08.008,,y
4862,Planche céramique calligraphie noire,PC-005-RL,525,2026-04-21 19:46:08.008,,y
4863,Jeu d'échecs petit modèle en bois d'olivier,JEB-001-BF,525,2026-04-21 19:46:08.008,,y
4864,Jeu d'échecs grand modèle en bois d'olivier,JEB-002-BF,525,2026-04-21 19:46:08.008,,y
4865,Etagére 4 boitiers bois d'olivier medina épices,E4B-001-BF,525,2026-04-21 19:46:08.008,,y
4866,Sous tasse céramique bois d'olivier,STB-001-BF,525,2026-04-21 19:46:08.008,,y
4867,Plateau en céramique bois d'olivier mosaique d'olive 30*20,PCB-001-BF,525,2026-04-21 19:46:08.008,,y
4868,Plateau en céramique bois d'olivier mosaique d'olive 30*10,PCB-002-BF,525,2026-04-21 19:46:08.008,,y
4869,Plateau en céramique bois d'olivier mosaique d'olive 20*10,PCB-003-BF,525,2026-04-21 19:46:08.008,,y
4870,Plateau en céramique bois d'olivier mosaique d'olive 20*20,PCB-004-BF,525,2026-04-21 19:46:08.008,,y
4871,Verre en verre craquelé type 2 Chope,VVC-002-OD,525,2026-04-21 19:46:08.008,,y
4872,Verre en verre craquelé type 3 flute avec base,VVC-003-OD,525,2026-04-21 19:46:08.008,,y
4873,Verre en verre craquelé type 4 a pied tp12b,VVC-004-OD,525,2026-04-21 19:46:08.008,,y
4874,Verre en verre craquelé type 5 a pied tige long,VVC-005-OD,525,2026-04-21 19:46:08.008,,y
4875,Verre à vin en cuivre,VVC-001-SMC,525,2026-04-21 19:46:08.008,,y
4876,Abonnement annuel salle de sport,AS-001-MF,525,2026-04-21 19:46:08.008,,y
4877,Pack  saint valentin cœur à coeur : planche + tasse,PCC-001-KER,525,2026-04-21 19:46:08.008,,y
4878,Pack saint valentin Mots du coeur : 2 tasses + 2 st + plateau),PMC-001-KER,525,2026-04-21 19:46:08.008,,y
4879,Ensemble décoratif en résine gris,ED-001-RES,525,2026-04-21 19:46:08.008,,y
4880,Ensemble décoratif en résine Beige,ED-002-RES,525,2026-04-21 19:46:08.008,,y
4881,Ensemble décoratif en résine Gris + doré,ED-003-RES,525,2026-04-21 19:46:08.008,,y
4882,Ensemble décoratif en résine gris marbré,ED-004-RES,525,2026-04-21 19:46:08.008,,y
4883,Ensemble décoratif grand modèle,ED-005-RES,525,2026-04-21 19:46:08.008,,y
4884,Grand Vase visage en résine,VV-001-RES,525,2026-04-21 19:46:08.008,,y
4885,Duo Vase Noir,DV-001-RES,525,2026-04-21 19:46:08.008,,y
4886,Duo Vase Beige,DV-002-RES,525,2026-04-21 19:46:08.008,,y
4887,Vase Beige en U,VB-001-RES,525,2026-04-21 19:46:08.008,,y
4888,Vase Beige triangle,VB-002-RES,525,2026-04-21 19:46:08.008,,y
4889,Salaire Mensuel ,Salaire Mensuel,525,2026-04-21 19:46:08.008,,y
4890,Grande Corbeille en fibre végétale,CFV-001-MHN,525,2026-04-21 19:46:08.008,,y
4891,Peti corbeille en fibre végétale,CFV-002-MHN,525,2026-04-21 19:46:08.008,,y
4892,Veilleuse de lit en fibre végétale,VL-001-MHN,525,2026-04-21 19:46:08.008,,y
4893,Location maison d'hotes,LMH-HA,525,2026-04-21 19:46:08.008,,y
4894,Shooting produits,Shooting,525,2026-04-21 19:46:08.008,,y
4895,Sous plat rond Calligraphie bleue,SPR-001-RL,525,2026-04-21 19:46:08.008,,y
4896,Sous plat rond Calligraphie Noire,SPR-002-RL,525,2026-04-21 19:46:08.008,,y
4897,Sous plat rond Andalous,SPR-003-RL,525,2026-04-21 19:46:08.008,,y
4898,Sous plat rond Formes géométriques,SPR-004-RL,525,2026-04-21 19:46:08.008,,y
4899,Sous plat rond fleurs colorés,SPR-005-RL,525,2026-04-21 19:46:08.008,,y
4900,Bon d'achat de 100dt,BA,525,2026-04-21 19:46:08.008,,y
4901,Pack  saint valentin duo envoutant : planche + tasse,PDE-001-KER,525,2026-04-21 19:46:08.008,,y
4902,Bougie Piccolo en béton,BPB-001-FP,525,2026-04-21 19:46:08.008,,y
4903,Lampe en béton brut forme G,LB-001-FP,525,2026-04-21 19:46:08.008,,y
4904,Série Moai en béton,SMB-001-FP,525,2026-04-21 19:46:08.008,,y
4905,Boudha en béton noir,BB-001-FP,525,2026-04-21 19:46:08.008,,y
4906,Boudha en béton doré,BB-002-FP,525,2026-04-21 19:46:08.008,,y
4907,Tortue Noir en béton,TB-001-FP,525,2026-04-21 19:46:08.008,,y
4908,Tortue doré en beton,TB-002-FP,525,2026-04-21 19:46:08.008,,y
4909,Transport marchnadise Sfax tunis ( béton),Transport,525,2026-04-21 19:46:08.008,,y
4910,Papier A3 350 G,Papier A3 350 G,525,2026-04-21 19:46:08.008,,y
4911,Remplissage 7 ( cire ),P-00002,525,2026-04-21 19:46:08.008,,y
4912,Pack Andalous en Céramique – Élégance et Tradition,PAC-001-RL,525,2026-04-21 19:46:08.008,,y
4913,"Set Calligraphie Arabe – Cruche, Sous-Plat & Planche en Céramique",SCA-001-RL,525,2026-04-21 19:46:08.008,,y
4914,Pack Ottoman en Céramique – Élégance et Artisanat,POC-001-RL,525,2026-04-21 19:46:08.008,,y
4915,Set Royal ottomans – Élégance Artisanale (8 Pièces),SRO-001-RL,525,2026-04-21 19:46:08.009,,y
4916,Service à Café Oriental en Métal Martelé avec Plateau,SCC-001-KB,525,2026-04-21 19:46:08.009,,y
4917,Service à Thé Martelé avec Plateau – Théière et Verres,STC-001-KB,525,2026-04-21 19:46:08.009,,y
4918,Action Vérité Bitounsi – Jeu D’ambiance,JAV-001-SS,525,2026-04-21 19:46:08.009,,y
4919,Action Vérité Bitounsi + 108 Extra Cartes – Jeu D’ambiance,JAV-002-SS,525,2026-04-21 19:46:08.009,,y
4920,Magnet Fridge en bois d'olivier,MFB-001-BF,525,2026-04-21 19:46:08.009,,y
4921,Porte clé Chachia en bois d'olivier,POB-001-BF,525,2026-04-21 19:46:08.009,,y
4922,Magnet Fridge en bois d'olivierCollection Émotion – Tasses & Soucoupes Artisanales, TSC-ART-001,525,2026-04-21 19:46:08.009,,y
4923,Collection Sidi Bou – Photophores artisanaux en cire parfumée,SDB-PPH,525,2026-04-21 19:46:08.009,,y
4924,Bonbonnières en verre soufflé & cuivre martelé,BVC-002-SO,525,2026-04-21 19:46:08.009,,y
4925,Mug Bohème en céramique artisanale – Avec sous-tasse,MUG-BOH,525,2026-04-21 19:46:08.009,,y
4926,Couffin artisanal en fibre végétale – Anses cuir & fouta offerte,COU-CUIR-FOUTA-002,525,2026-04-21 19:46:08.009,,y
4927,Couffin artisanal en fibre végétale – Elyssa,SCO-ELY,525,2026-04-21 19:46:08.009,,y
4928,Fouta artisanale en coton – 2m x 1m – Couleurs au choix,FOT-COT,525,2026-04-21 19:46:08.009,,y
4929,Mouton PF,Mouton_PF,525,2026-04-21 19:46:08.009,,y
4930,Poisson avec Tige,Poisson_avec_Tige,525,2026-04-21 19:46:08.009,,y
4931,Mouton PF,Mouton_PF,525,2026-04-21 19:46:08.009,,y
4932,Porte clé chachia,Porte_clé_chachia,525,2026-04-21 19:46:08.009,,y
4933,Carafe Didon Miel,Carafe_Didon_Miel,525,2026-04-21 19:46:08.009,,y
4934,Verre Miel PF,Verre_Miel_PF,525,2026-04-21 19:46:08.009,,y
4935,Verre Miel MF,Verre_Miel_MF,525,2026-04-21 19:46:08.009,,y
4936,Bonbonniére Miel,Bonbonniére_Miel,525,2026-04-21 19:46:08.009,,y
4937,Bonbonniére ebene,Bonbonniére_ebene,525,2026-04-21 19:46:08.009,,y
4938,Bonbonniére trans,Bonbonniére_trans,525,2026-04-21 19:46:08.009,,y
4939,Tasse + st fleur bleue irr,Tasse_+_st_fleur_bleue_irr,525,2026-04-21 19:46:08.009,,y
4940,Porte clé chachia,Porte_clé_chachia,525,2026-04-21 19:46:08.009,,y
4941,Couffin sac à main,Couffin_sac_à_main,525,2026-04-21 19:46:08.009,,y
4942,Plateau 20*20,Plateau_20*20,525,2026-04-21 19:46:08.009,,y
4943,Couffin sac à main,Couffin_sac_à_main,525,2026-04-21 19:46:08.009,,y
4944,Carafe Tanit miel,Carafe_Tanit_miel,525,2026-04-21 19:46:08.009,,y
4945,Verre Miel GF,Verre_Miel_GF,525,2026-04-21 19:46:08.009,,y
4946,Bouteille Huile d'olive fleurs GF,Bouteille_Huile_d'olive_fleurs_GF,525,2026-04-21 19:46:08.009,,y
4947,Mug emeraude Sougui,Mug_emeraude_Sougui,525,2026-04-21 19:46:08.009,,y
4948,Plat zouba emeraude,Plat_zouba_emeraude,525,2026-04-21 19:46:08.009,,y
4949,Bougie Sidi bousaid MF,Bougie_Sidi_bousaid_MF,525,2026-04-21 19:46:08.009,,y
4950,Bonbonniére Miel,Bonbonniére_Miel,525,2026-04-21 19:46:08.009,,y
4951,Vase Corps PF,Vase_Corps_PF,525,2026-04-21 19:46:08.009,,y
4952,Verre Miel GF,Verre_Miel_GF,525,2026-04-21 19:46:08.009,,y
4953,Carafe Medina Miel,Carafe_Medina_Miel,525,2026-04-21 19:46:08.009,,y
4954,Bonbonniére trans,Bonbonniére_trans,525,2026-04-21 19:46:08.009,,y
4955,Verre Bleu GF,Verre_Bleu_GF,525,2026-04-21 19:46:08.010,,y
4956,verre Miel GF,verre_Miel_GF,525,2026-04-21 19:46:08.010,,y
4957,Verre Miel MF,Verre_Miel_MF,525,2026-04-21 19:46:08.010,,y
4958,Magnet fridge,Magnet_fridge,525,2026-04-21 19:46:08.010,,y
4959,Poisson avec Tige,Poisson_avec_Tige,525,2026-04-21 19:46:08.010,,y
4960,plateau 6 + 2 bobonniére + diffiseur + bouteille pm,plateau_6_+_2_bobonniére_+_diffiseur_+_bouteille_pm,525,2026-04-21 19:46:08.010,,y
4961,palteau 4,palteau_4,525,2026-04-21 19:46:08.010,,y
4962,plateau 6 + plateau 2 + porte sous tasses,plateau_6_+_plateau_2_+_porte_sous_tasses,525,2026-04-21 19:46:08.010,,y
4963,mot du coueur solo,mot_du_coueur_solo,525,2026-04-21 19:46:08.011,,y
4964,Mouton T2,Mouton_T2,525,2026-04-21 19:46:08.011,,y
4965,Tote Bag,Tote_Bag,525,2026-04-21 19:46:08.011,,y
4966,mouton T2,mouton_T2,525,2026-04-21 19:46:08.011,,y
4967,carafe Bled champagne,carafe_Bled_champagne,525,2026-04-21 19:46:08.011,,y
4968,Packaging carafe,Packaging_carafe,525,2026-04-21 19:46:08.011,,y
4969,tasse ceram bouquet  sans St,tasse_ceram_bouquet_sans_St,525,2026-04-21 19:46:08.011,,y
4970,tasse irr fleur bleu,tasse_irr_fleur_bleu,525,2026-04-21 19:46:08.011,,y
4971,photophote T1 + solo,photophote_T1_+_solo,525,2026-04-21 19:46:08.011,,y
4972,fridge magnet,fridge_magnet,525,2026-04-21 19:46:08.011,,y
4973,Carafe Didon miel,Carafe_Didon_miel,525,2026-04-21 19:46:08.011,,y
4974,Verre miel PF,Verre_miel_PF,525,2026-04-21 19:46:08.011,,y
4975,Plateau 30*10,Plateau_30*10,525,2026-04-21 19:46:08.011,,y
4976,Magnet fridge,Magnet_fridge,525,2026-04-21 19:46:08.011,,y
4977,Verre Miel GF,Verre_Miel_GF,525,2026-04-21 19:46:08.011,,y
4978,Photophore Sidi Bousaid,Photophore_Sidi_Bousaid,525,2026-04-21 19:46:08.011,,y
4979,Magnet fridge,Magnet_fridge,525,2026-04-21 19:46:08.011,,y
4980,Couffin sac à main,Couffin_sac_à_main,525,2026-04-21 19:46:08.011,,y
4981,Mug irr blue flower,Mug_irr_blue_flower,525,2026-04-21 19:46:08.011,,y
4982,Tote Bag,Tote_Bag,525,2026-04-21 19:46:08.011,,y
4983,Couffin + fouta,Couffin_+_fouta,525,2026-04-21 19:46:08.011,,y
4984,fouta,fouta,525,2026-04-21 19:46:08.011,,y
4985,Lampe béton,Lampe_béton,525,2026-04-21 19:46:08.011,,y
4986,Bonbonniére Miel,Bonbonniére_Miel,525,2026-04-21 19:46:08.011,,y
4987,Bougie Sidi Bousaid PF,Bougie_Sidi_Bousaid_PF,525,2026-04-21 19:46:08.012,,y
4988,Plateau 20*10,Plateau_20*10,525,2026-04-21 19:46:08.012,,y
4989,Tanit céramique,Tanit_céramique,525,2026-04-21 19:46:08.012,,y
4990,Sous plat Céramique Aouiti,Sous_plat_Céramique_Aouiti,525,2026-04-21 19:46:08.012,,y
4991,Fridge magnet,Fridge_magnet,525,2026-04-21 19:46:08.012,,y
4992,Toupie,Toupie,525,2026-04-21 19:46:08.012,,y
4993,Bouteille Huile Aouiti GF,Bouteille_Huile_Aouiti_GF,525,2026-04-21 19:46:08.012,,y
4994,Sous Plat,Sous_Plat,525,2026-04-21 19:46:08.012,,y
4995,Planche céramique Aouiti,Planche_céramique_Aouiti,525,2026-04-21 19:46:08.012,,y
4996,porte clé,porte_clé,525,2026-04-21 19:46:08.012,,y
4997,Bouteille huile aouiti GF,Bouteille_huile_aouiti_GF,525,2026-04-21 19:46:08.012,,y
4998,Planche bois d'olivier,Planche_bois_d'olivier,525,2026-04-21 19:46:08.012,,y
4999,Plateau 20*10,Plateau_20*10,525,2026-04-21 19:46:08.012,,y
5000,Plateau 20*10,Plateau_20*10,525,2026-04-21 19:46:08.012,,y
5001,Magnet fridge,Magnet_fridge,525,2026-04-21 19:46:08.012,,y
5002,Carafe Tanit miel,Carafe_Tanit_miel,525,2026-04-21 19:46:08.012,,y
5003,Carafe medina miel,Carafe_medina_miel,525,2026-04-21 19:46:08.012,,y
5004,Fouta,Fouta,525,2026-04-21 19:46:08.012,,y
5005,Mug + paille,Mug_+_paille,525,2026-04-21 19:46:08.012,,y
5006,Tasse + St,Tasse_+_St,525,2026-04-21 19:46:08.012,,y
5007,Verre Miel PF,Verre_Miel_PF,525,2026-04-21 19:46:08.012,,y
5008,Plateau 30*20,Plateau_30*20,525,2026-04-21 19:46:08.012,,y
5009,Bol vert Zouba,Bol_vert_Zouba,525,2026-04-21 19:46:08.012,,y
5010,Mug + paille,Mug_+_paille,525,2026-04-21 19:46:08.012,,y
5011,Fouta,Fouta,525,2026-04-21 19:46:08.012,,y
5012,Tote Bag,Tote_Bag,525,2026-04-21 19:46:08.012,,y
5013,bouteille huile d'olive GF,bouteille_huile_d'olive_GF,525,2026-04-21 19:46:08.012,,y
5014,Tasse + st irr,Tasse_+_st_irr,525,2026-04-21 19:46:08.012,,y
5015,Tote Bag,Tote_Bag,525,2026-04-21 19:46:08.012,,y
5016,Vide poche BO,Vide_poche_BO,525,2026-04-21 19:46:08.012,,y
5017,Poisson avec Tige,Poisson_avec_Tige,525,2026-04-21 19:46:08.012,,y
5018,Mug + paille,Mug_+_paille,525,2026-04-21 19:46:08.013,,y
5019,Verre Miel PF,Verre_Miel_PF,525,2026-04-21 19:46:08.013,,y
5020,Mug + paille,Mug_+_paille,525,2026-04-21 19:46:08.013,,y
5021,Tote Bag,Tote_Bag,525,2026-04-21 19:46:08.013,,y
5022,Fridge magnet,Fridge_magnet,525,2026-04-21 19:46:08.013,,y
5023,Plateau 30*20,Plateau_30*20,525,2026-04-21 19:46:08.013,,y
5024,échequier,échequier,525,2026-04-21 19:46:08.013,,y
5025,Mug +planche,Mug_+planche,525,2026-04-21 19:46:08.013,,y
5026,fouta,fouta,525,2026-04-21 19:46:08.013,,y
5027,Vide poche BO,Vide_poche_BO,525,2026-04-21 19:46:08.013,,y
5028,Tasse + ST irr,Tasse_+_ST_irr,525,2026-04-21 19:46:08.013,,y
5029,Mug Zouba Emeraude PF,Mug_Zouba_Emeraude_PF,525,2026-04-21 19:46:08.013,,y
5030,Fridge magnet,Fridge_magnet,525,2026-04-21 19:46:08.013,,y
5031,Tote Bag,Tote_Bag,525,2026-04-21 19:46:08.013,,y
5032,Plateau 20*20,Plateau_20*20,525,2026-04-21 19:46:08.013,,y
5033,Plateau 30*10,Plateau_30*10,525,2026-04-21 19:46:08.013,,y
5034,Pack Mosaique,Pack_Mosaique,525,2026-04-21 19:46:08.013,,y
5035,Fridge magnet,Fridge_magnet,525,2026-04-21 19:46:08.013,,y
5036,Plateau 30*20,Plateau_30*20,525,2026-04-21 19:46:08.013,,y
5037,Plateau 30*10,Plateau_30*10,525,2026-04-21 19:46:08.013,,y
5038,Sous Tasse BO,Sous_Tasse_BO,525,2026-04-21 19:46:08.013,,y
5039,Planche bois d'olivier,Planche_bois_d'olivier,525,2026-04-21 19:46:08.013,,y
5040,Mouton T1,Mouton_T1,525,2026-04-21 19:46:08.013,,y
5041,échequier,échequier,525,2026-04-21 19:46:08.013,,y
5042,Bouteille Huile d'olive,Bouteille_Huile_d'olive,525,2026-04-21 19:46:08.013,,y
5043,Tasse + ST irr,Tasse_+_ST_irr,525,2026-04-21 19:46:08.013,,y
5044,Echéquier,Echéquier,525,2026-04-21 19:46:08.013,,y
5045,Mug + paille,Mug_+_paille,525,2026-04-21 19:46:08.013,,y
5046,Fridge magnet,Fridge_magnet,525,2026-04-21 19:46:08.013,,y
5047,Tote Bag,Tote_Bag,525,2026-04-21 19:46:08.013,,y
5048,Couffin sac à main,Couffin_sac_à_main,525,2026-04-21 19:46:08.013,,y
5049,Tote Bag,Tote_Bag,525,2026-04-21 19:46:08.013,,y
5050,Fouta,Fouta,525,2026-04-21 19:46:08.013,,y
5051,Plateau 20*10,Plateau_20*10,525,2026-04-21 19:46:08.013,,y
5052,porte clé,porte_clé,525,2026-04-21 19:46:08.013,,y
5053,Verre Miel,Verre_Miel,525,2026-04-21 19:46:08.013,,y
5054,bonbonniére,bonbonniére,525,2026-04-21 19:46:08.013,,y
5055,Poisson Céramique,Poisson_Céramique,525,2026-04-21 19:46:08.013,,y
5056,tote bag,tote_bag,525,2026-04-21 19:46:08.013,,y
5057,Porte clé,Porte_clé,525,2026-04-21 19:46:08.013,,y
5058,Fridge magnet,Fridge_magnet,525,2026-04-21 19:46:08.013,,y
5059,Tanit céramique,Tanit_céramique,525,2026-04-21 19:46:08.013,,y
5060,Planche bois d'olivier,Planche_bois_d'olivier,525,2026-04-21 19:46:08.013,,y
5061,Tasse + ST irr,Tasse_+_ST_irr,525,2026-04-21 19:46:08.013,,y
5062,Fridge magnet,Fridge_magnet,525,2026-04-21 19:46:08.013,,y
5063,tote bag,tote_bag,525,2026-04-21 19:46:08.013,,y
5064,Vase Gris Amazigh Aouiti PF,Vase_Gris_Amazigh_Aouiti_PF,525,2026-04-21 19:46:08.013,,y
5065,Tasse + ST,Tasse_+_ST,525,2026-04-21 19:46:08.013,,y
5066,Sous Tasse Bois d'olivier,Sous_Tasse_Bois_d'olivier,525,2026-04-21 19:46:08.013,,y
5067,Plateau 20*20,Plateau_20*20,525,2026-04-21 19:46:08.013,,y
5068,Plateau 30*20,Plateau_30*20,525,2026-04-21 19:46:08.013,,y
5069,Plateau 30*20,Plateau_30*20,525,2026-04-21 19:46:08.013,,y
5070,Tasse + St irr,Tasse_+_St_irr,525,2026-04-21 19:46:08.013,,y
5071,Mug + paille,Mug_+_paille,525,2026-04-21 19:46:08.013,,y
5072,Poisson avec Tige,Poisson_avec_Tige,525,2026-04-21 19:46:08.013,,y
5073,Poisson Céramique,Poisson_Céramique,525,2026-04-21 19:46:08.013,,y
5074,Flute Miel,Flute_Miel,525,2026-04-21 19:46:08.014,,y
5075,Plateau 20*20,Plateau_20*20,525,2026-04-21 19:46:08.014,,y
5076,Diffuseur Aouiti,Diffuseur_Aouiti,525,2026-04-21 19:46:08.014,,y
5077,Bougie Sidi Bousaid Solo PF,Bougie_Sidi_Bousaid_Solo_PF,525,2026-04-21 19:46:08.014,,y
5078,Bougie Sidi Bousaid Solo PF,Bougie_Sidi_Bousaid_Solo_PF,525,2026-04-21 19:46:08.014,,y
5079,Bouteille Huile d'olive gf,Bouteille_Huile_d'olive_gf,525,2026-04-21 19:46:08.014,,y
5080,Bouteille Huile d'olive gf,Bouteille_Huile_d'olive_gf,525,2026-04-21 19:46:08.014,,y
5081,Bouteille Huile d'olive mf,Bouteille_Huile_d'olive_mf,525,2026-04-21 19:46:08.014,,y
5082,Bougie Sidi Bousaid Solo MF,Bougie_Sidi_Bousaid_Solo_MF,525,2026-04-21 19:46:08.014,,y
5083,Tanit céramique,Tanit_céramique,525,2026-04-21 19:46:08.014,,y
5084,Boudha béton,Boudha_béton,525,2026-04-21 19:46:08.014,,y
5085,Plateau 20*10,Plateau_20*10,525,2026-04-21 19:46:08.014,,y
5086,Bougie Sidi Bousaid Solo PF,Bougie_Sidi_Bousaid_Solo_PF,525,2026-04-21 19:46:08.014,,y
5087,Bouteille Huile d'olive pf,Bouteille_Huile_d'olive_pf,525,2026-04-21 19:46:08.014,,y
5088,Bougie Sidi Bousaid Solo PF,Bougie_Sidi_Bousaid_Solo_PF,525,2026-04-21 19:46:08.014,,y
5089,Bougie Sidi Bousaid Set 3,Bougie_Sidi_Bousaid_Set_3,525,2026-04-21 19:46:08.014,,y
5090,Bouteille Huile d'olive gf,Bouteille_Huile_d'olive_gf,525,2026-04-21 19:46:08.014,,y
5091,échequier,échequier,525,2026-04-21 19:46:08.014,,y
5092,Bougie Sidi Bousaid Solo PF,Bougie_Sidi_Bousaid_Solo_PF,525,2026-04-21 19:46:08.014,,y
5093,Bougie Sidi Bousaid Solo PF,Bougie_Sidi_Bousaid_Solo_PF,525,2026-04-21 19:46:08.014,,y
5094,tote bag,tote_bag,525,2026-04-21 19:46:08.014,,y
5095,Mouton T2,Mouton_T2,525,2026-04-21 19:46:08.014,,y
5096,Bol Zouba emeraude,Bol_Zouba_emeraude,525,2026-04-21 19:46:08.014,,y
5097,Mouton T1,Mouton_T1,525,2026-04-21 19:46:08.014,,y
5098,Trio Porte bougie Rouge,Trio_Porte_bougie_Rouge,525,2026-04-21 19:46:08.014,,y
5099,Vase Gris Aamazigh Aouiti MF,Vase_Gris_Aamazigh_Aouiti_MF,525,2026-04-21 19:46:08.014,,y
5100,Couffin sac à main,Couffin_sac_à_main,525,2026-04-21 19:46:08.014,,y
5101,Sous tasse BO,Sous_tasse_BO,525,2026-04-21 19:46:08.014,,y
5102,Bouteille Huile d'olive PF,Bouteille_Huile_d'olive_PF,525,2026-04-21 19:46:08.014,,y
5103,Trio Vases Bleu Aouiti,Trio_Vases_Bleu_Aouiti,525,2026-04-21 19:46:08.014,,y
5104,Trio Porte bougie Rouge,Trio_Porte_bougie_Rouge,525,2026-04-21 19:46:08.014,,y
5105,Grand Couffin,Grand_Couffin,525,2026-04-21 19:46:08.014,,y
5106,Mouton T1,Mouton_T1,525,2026-04-21 19:46:08.014,,y
5107,Bol Zouba,Bol_Zouba,525,2026-04-21 19:46:08.014,,y
5108,Bouteille Huile d'olive PF,Bouteille_Huile_d'olive_PF,525,2026-04-21 19:46:08.014,,y
5109,Planche céramique Aouiti,Planche_céramique_Aouiti,525,2026-04-21 19:46:08.014,,y
5110,Carafe Didon Bleue,Carafe_Didon_Bleue,525,2026-04-21 19:46:08.014,,y
5111,Verre à pied Bleu,Verre_à_pied_Bleu,525,2026-04-21 19:46:08.014,,y
5112,Plateau 30*20,Plateau_30*20,525,2026-04-21 19:46:08.014,,y
5113,Bouteille Huile d'olive PF,Bouteille_Huile_d'olive_PF,525,2026-04-21 19:46:08.014,,y
5114,Mouton T1,Mouton_T1,525,2026-04-21 19:46:08.014,,y
5115,Tasse + ST coeur,Tasse_+_ST_coeur,525,2026-04-21 19:46:08.014,,y
5116,Bouteille Huile d'olive PF,Bouteille_Huile_d'olive_PF,525,2026-04-21 19:46:08.014,,y
5117,Mouton T2,Mouton_T2,525,2026-04-21 19:46:08.014,,y
5118,Fouta,Fouta,525,2026-04-21 19:46:08.014,,y
5119,Vase gris MF,Vase_gris_MF,525,2026-04-21 19:46:08.014,,y
5120,Feuille Longue Zouba,Feuille_Longue_Zouba,525,2026-04-21 19:46:08.014,,y
5121,Bouteille Huile d'olive PF,Bouteille_Huile_d'olive_PF,525,2026-04-21 19:46:08.014,,y
5122,Boite céramique PF,Boite_céramique_PF,525,2026-04-21 19:46:08.014,,y
5123,Bougie Sidi Bousaid MF,Bougie_Sidi_Bousaid_MF,525,2026-04-21 19:46:08.014,,y
5124,Tasse + ST irr,Tasse_+_ST_irr,525,2026-04-21 19:46:08.014,,y
5125,Veilleuse nattes,Veilleuse_nattes,525,2026-04-21 19:46:08.015,,y
5126,Bonbonniére transparente,Bonbonniére_transparente,525,2026-04-21 19:46:08.015,,y
5127,Grand Couffin + Fouta,Grand_Couffin_+_Fouta,525,2026-04-21 19:46:08.015,,y
5128,Bougie Sidi bousaid solo pf,Bougie_Sidi_bousaid_solo_pf,525,2026-04-21 19:46:08.015,,y
5129,Bougie Sidi Bousaid PF,Bougie_Sidi_Bousaid_PF,525,2026-04-21 19:46:08.015,,y
5130,Echequier,Echequier,525,2026-04-21 19:46:08.015,,y
5131,Bougeoir Raku,Bougeoir_Raku,525,2026-04-21 19:46:08.015,,y
5132,Bouteille Huile d'olive PF,Bouteille_Huile_d'olive_PF,525,2026-04-21 19:46:08.015,,y
5133,Plateau émeraude dessin deux arbres Zouba,Plateau_émeraude_dessin_deux_arbres_Zouba,525,2026-04-21 19:46:08.015,,y
5134,Tasse + St irr,Tasse_+_St_irr,525,2026-04-21 19:46:08.015,,y
5135,Trio Vases Rouge Aouiti,Trio_Vases_Rouge_Aouiti,525,2026-04-21 19:46:08.015,,y
5136,tote bag,tote_bag,525,2026-04-21 19:46:08.015,,y
5137,Veilleuse nattes,Veilleuse_nattes,525,2026-04-21 19:46:08.015,,y
5138,Mouton T1,Mouton_T1,525,2026-04-21 19:46:08.015,,y
5139,Tasse + St irr,Tasse_+_St_irr,525,2026-04-21 19:46:08.015,,y
5140,Tanit céramique,Tanit_céramique,525,2026-04-21 19:46:08.015,,y
5141,Bougie Sidi Bousaid MF,Bougie_Sidi_Bousaid_MF,525,2026-04-21 19:46:08.015,,y
5142,porte clé,porte_clé,525,2026-04-21 19:46:08.015,,y
5143,Bouteille Huile d'olive PF,Bouteille_Huile_d'olive_PF,525,2026-04-21 19:46:08.015,,y
5144,Boite ronde céramique,Boite_ronde_céramique,525,2026-04-21 19:46:08.015,,y
5145,Tasse+ ST,Tasse+_ST,525,2026-04-21 19:46:08.015,,y
5146,tASSE + st irr,tASSE_+_st_irr,525,2026-04-21 19:46:08.015,,y
5147,Moia Béton PF,Moia_Béton_PF,525,2026-04-21 19:46:08.015,,y
5148,Mug Rose,Mug_Rose,525,2026-04-21 19:46:08.015,,y
5149,Tote bag,Tote_bag,525,2026-04-21 19:46:08.015,,y
5150,Couffin sac à main,Couffin_sac_à_main,525,2026-04-21 19:46:08.015,,y
5151,Couffin sac à main,Couffin_sac_à_main,525,2026-04-21 19:46:08.015,,y
5152,Mug + sous tasse Zouba,Mug_+_sous_tasse_Zouba,525,2026-04-21 19:46:08.015,,y
5153,Mouton T1,Mouton_T1,525,2026-04-21 19:46:08.015,,y
5154,Mouton T1,Mouton_T1,525,2026-04-21 19:46:08.015,,y
5155,Set Moia béton,Set_Moia_béton,525,2026-04-21 19:46:08.015,,y
5156,Bouteille Huile d'olive pf,Bouteille_Huile_d'olive_pf,525,2026-04-21 19:46:08.015,,y
5157,Plateau 30*20,Plateau_30*20,525,2026-04-21 19:46:08.015,,y
5158,Carafe didon Bleue,Carafe_didon_Bleue,525,2026-04-21 19:46:08.015,,y
5159,Verre GF,Verre_GF,525,2026-04-21 19:46:08.015,,y
5160,Mouton T1,Mouton_T1,525,2026-04-21 19:46:08.015,,y
5161,Mouton T2,Mouton_T2,525,2026-04-21 19:46:08.015,,y
5162,Couffin sac à main,Couffin_sac_à_main,525,2026-04-21 19:46:08.015,,y
5163,Bouteille Huile d'olive GF,Bouteille_Huile_d'olive_GF,525,2026-04-21 19:46:08.015,,y
5164,Tasse + planche coeur à coeur,Tasse_+_planche_coeur_à_coeur,525,2026-04-21 19:46:08.015,,y
5165,Tasse + St mot du coeur,Tasse_+_St_mot_du_coeur,525,2026-04-21 19:46:08.015,,y
5166,Trio Bougie sidi bou,Trio_Bougie_sidi_bou,525,2026-04-21 19:46:08.015,,y
5167,Bouteille Huile d'olive pf,Bouteille_Huile_d'olive_pf,525,2026-04-21 19:46:08.015,,y
5168,Mouton T1,Mouton_T1,525,2026-04-21 19:46:08.015,,y
5169,Grand Couffin + Fouta,Grand_Couffin_+_Fouta,525,2026-04-21 19:46:08.015,,y
5170,Couffin sac à main,Couffin_sac_à_main,525,2026-04-21 19:46:08.015,,y
5171,Mouton T1,Mouton_T1,525,2026-04-21 19:46:08.015,,y
5172,Trio Vases Gris Aouiti,Trio_Vases_Gris_Aouiti,525,2026-04-21 19:46:08.015,,y
5173,Tasse + St irr,Tasse_+_St_irr,525,2026-04-21 19:46:08.015,,y
5174,Tasse+ ST coeur à coeur,Tasse+_ST_coeur_à_coeur,525,2026-04-21 19:46:08.015,,y
5175,Bougie Sidi Bousaid GF,Bougie_Sidi_Bousaid_GF,525,2026-04-21 19:46:08.015,,y
5176,Tasse + St irr,Tasse_+_St_irr,525,2026-04-21 19:46:08.015,,y
5177,Tasse+ St mot du coeur,Tasse+_St_mot_du_coeur,525,2026-04-21 19:46:08.015,,y
5178,Echequier,Echequier,525,2026-04-21 19:46:08.015,,y
5179,Bougie Sidi Bousaid solo pf,Bougie_Sidi_Bousaid_solo_pf,525,2026-04-21 19:46:08.015,,y
5180,Bouteille Huile d'olive PF,Bouteille_Huile_d'olive_PF,525,2026-04-21 19:46:08.015,,y
5181,Mouton T1,Mouton_T1,525,2026-04-21 19:46:08.015,,y
5182,Mouton T2,Mouton_T2,525,2026-04-21 19:46:08.015,,y
5183,Mug rose COEUR Zouba,Mug_rose_COEUR_Zouba,525,2026-04-21 19:46:08.015,,y
5184,Bougie Sidi bou solo Pf,Bougie_Sidi_bou_solo_Pf,525,2026-04-21 19:46:08.016,,y
5185,Bouteille Huile D'olive pf,Bouteille_Huile_D'olive_pf,525,2026-04-21 19:46:08.016,,y
5186,Mouton T3,Mouton_T3,525,2026-04-21 19:46:08.016,,y
5187,Vase Gris Amazigh Aouiti PF,Vase_Gris_Amazigh_Aouiti_PF,525,2026-04-21 19:46:08.016,,y
5188,Bougie Sidi bousaid solo pf,Bougie_Sidi_bousaid_solo_pf,525,2026-04-21 19:46:08.016,,y
5189,Vase corps PF,Vase_corps_PF,525,2026-04-21 19:46:08.016,,y
5190,Vase corps GF,Vase_corps_GF,525,2026-04-21 19:46:08.016,,y
5191,Mouton T1,Mouton_T1,525,2026-04-21 19:46:08.016,,y
5192,Poisson avec Tige,Poisson_avec_Tige,525,2026-04-21 19:46:08.016,,y
5193,Echequier,Echequier,525,2026-04-21 19:46:08.016,,y
5194,Bouteille Huile d'olive PF,Bouteille_Huile_d'olive_PF,525,2026-04-21 19:46:08.016,,y
5195,Tasse + ST fleur orange,Tasse_+_ST_fleur_orange,525,2026-04-21 19:46:08.016,,y
5196,Bougie Parfumée rose,Bougie_Parfumée_rose,525,2026-04-21 19:46:08.016,,y
5197,Tasse + Planche envoutant,Tasse_+_Planche_envoutant,525,2026-04-21 19:46:08.016,,y
5198,Bouteille Huile d'olive PF,Bouteille_Huile_d'olive_PF,525,2026-04-21 19:46:08.016,,y
5199,Mouton T1,Mouton_T1,525,2026-04-21 19:46:08.016,,y
5200,Couffin sac à main,Couffin_sac_à_main,525,2026-04-21 19:46:08.016,,y
5201,Couffin sac à main,Couffin_sac_à_main,525,2026-04-21 19:46:08.016,,y
5202,Grand Couffin,Grand_Couffin,525,2026-04-21 19:46:08.016,,y
5203,Bougie parfumée Rose,Bougie_parfumée_Rose,525,2026-04-21 19:46:08.016,,y
5204,Sous Tasse Bois d'olivier,Sous_Tasse_Bois_d'olivier,525,2026-04-21 19:46:08.016,,y
5205,Tasse + ST irr,Tasse_+_ST_irr,525,2026-04-21 19:46:08.016,,y
5206,Vase Corps GF,Vase_Corps_GF,525,2026-04-21 19:46:08.016,,y
5207,Vase corps PF,Vase_corps_PF,525,2026-04-21 19:46:08.016,,y
5208,Trio Bougie sidi bou,Trio_Bougie_sidi_bou,525,2026-04-21 19:46:08.016,,y
5209,Tasse + St irr,Tasse_+_St_irr,525,2026-04-21 19:46:08.016,,y
5210,Tasse + ST fleur orange,Tasse_+_ST_fleur_orange,525,2026-04-21 19:46:08.016,,y
5211,Plateau 30*20,Plateau_30*20,525,2026-04-21 19:46:08.016,,y
5212,Plateau 30*20,Plateau_30*20,525,2026-04-21 19:46:08.016,,y
5213,Verre Bleu pf,Verre_Bleu_pf,525,2026-04-21 19:46:08.016,,y
5214,bonbonniére ébène,bonbonniére_ébène,525,2026-04-21 19:46:08.016,,y
5215,Céramique Poisson,Céramique_Poisson,525,2026-04-21 19:46:08.016,,y
5216,Céramique Khomssa,Céramique_Khomssa,525,2026-04-21 19:46:08.016,,y
5217,Echéquier,Echéquier,525,2026-04-21 19:46:08.016,,y
5218,Plateau 20*10,Plateau_20*10,525,2026-04-21 19:46:08.016,,y
5219,Fridge magnet,Fridge_magnet,525,2026-04-21 19:46:08.016,,y
5220,Porte clé chachia,Porte_clé_chachia,525,2026-04-21 19:46:08.016,,y
5221,Toupie,Toupie,525,2026-04-21 19:46:08.016,,y
5222,Bouteille Huile d'olive PF,Bouteille_Huile_d'olive_PF,525,2026-04-21 19:46:08.016,,y
5223,Planche bois d'olivier,Planche_bois_d'olivier,525,2026-04-21 19:46:08.016,,y
5224,Sous Tasse Bois d'olivier,Sous_Tasse_Bois_d'olivier,525,2026-04-21 19:46:08.016,,y
5225,Plateau 20*10,Plateau_20*10,525,2026-04-21 19:46:08.016,,y
5226,Mouton T2,Mouton_T2,525,2026-04-21 19:46:08.016,,y
5227,Bouteille Huile d'olive PF,Bouteille_Huile_d'olive_PF,525,2026-04-21 19:46:08.016,,y
5228,Tasse Mot du coeur,Tasse_Mot_du_coeur,525,2026-04-21 19:46:08.016,,y
5229,Tasse + St irr,Tasse_+_St_irr,525,2026-04-21 19:46:08.016,,y
5230,Tasse Zouba fleur,Tasse_Zouba_fleur,525,2026-04-21 19:46:08.016,,y
5231,Echéquier,Echéquier,525,2026-04-21 19:46:08.016,,y
5232,Plateau 20*10,Plateau_20*10,525,2026-04-21 19:46:08.016,,y
5233,Verre olive,Verre_olive,525,2026-04-21 19:46:08.016,,y
5234,Echéquier,Echéquier,525,2026-04-21 19:46:08.016,,y
5235,Trio Bougie sidi bou,Trio_Bougie_sidi_bou,525,2026-04-21 19:46:08.016,,y
5236,Bougie sidi bou solo Pf,Bougie_sidi_bou_solo_Pf,525,2026-04-21 19:46:08.016,,y
5237,Toupie,Toupie,525,2026-04-21 19:46:08.016,,y
5238,Echéquier,Echéquier,525,2026-04-21 19:46:08.016,,y
5239,Fridge magnet,Fridge_magnet,525,2026-04-21 19:46:08.016,,y
5240,Tasse + St irr,Tasse_+_St_irr,525,2026-04-21 19:46:08.016,,y
5241,Mug violet,Mug_violet,525,2026-04-21 19:46:08.016,,y
5242,Feuille Longue Zouba,Feuille_Longue_Zouba,525,2026-04-21 19:46:08.016,,y
5243,Fridge magnet,Fridge_magnet,525,2026-04-21 19:46:08.016,,y
5244,Tasse Mot du coeur,Tasse_Mot_du_coeur,525,2026-04-21 19:46:08.016,,y
5245,Bonbonniére,Bonbonniére,525,2026-04-21 19:46:08.016,,y
5246,Carafe DIdon,Carafe_DIdon,525,2026-04-21 19:46:08.016,,y
5247,Verre pf,Verre_pf,525,2026-04-21 19:46:08.017,,y
5248,Bonbonniére,Bonbonniére,525,2026-04-21 19:46:08.017,,y
5249,Tasse + ST irr,Tasse_+_ST_irr,525,2026-04-21 19:46:08.017,,y
5250,Fridge magnet,Fridge_magnet,525,2026-04-21 19:46:08.017,,y
5251,Trio bougie sidi bou,Trio_bougie_sidi_bou,525,2026-04-21 19:46:08.017,,y
5252,Fouta,Fouta,525,2026-04-21 19:46:08.017,,y
5253,Mouton T1,Mouton_T1,525,2026-04-21 19:46:08.017,,y
5254,Couffin sac à main,Couffin_sac_à_main,525,2026-04-21 19:46:08.017,,y
5255,Vide poche coeur,Vide_poche_coeur,525,2026-04-21 19:46:08.017,,y
5272,Bonbonniére transparente,Bonbonniére_transparente,525,2026-04-21 19:46:08.017,,y
5273,Mouton T1,Mouton_T1,525,2026-04-21 19:46:08.017,,y
5274,Porte clé,Porte_clé,525,2026-04-21 19:46:08.017,,y
5275,Tasse + ST IRR,Tasse_+_ST_IRR,525,2026-04-21 19:46:08.017,,y
5276,Sous tasse bois d'olivier,Sous_tasse_bois_d'olivier,525,2026-04-21 19:46:08.017,,y
5277,Grand couffin + fouta,Grand_couffin_+_fouta,525,2026-04-21 19:46:08.017,,y
5278,Mouton T1,Mouton_T1,525,2026-04-21 19:46:08.017,,y
5279,Plateau 30*20,Plateau_30*20,525,2026-04-21 19:46:08.017,,y
5280,Bouteille Huile d'olive GF,Bouteille_Huile_d'olive_GF,525,2026-04-21 19:46:08.017,,y
5281,Tasse + ST IRR,Tasse_+_ST_IRR,525,2026-04-21 19:46:08.017,,y
5282,Tote bag,Tote_bag,525,2026-04-21 19:46:08.017,,y
5283,Sous tasse bois d'olivier,Sous_tasse_bois_d'olivier,525,2026-04-21 19:46:08.017,,y
5284,Fridge magnet,Fridge_magnet,525,2026-04-21 19:46:08.017,,y
5285,Tasse + ST IRR,Tasse_+_ST_IRR,525,2026-04-21 19:46:08.017,,y
5286,Mug rAKU gRIS,Mug_rAKU_gRIS,525,2026-04-21 19:46:08.017,,y
5287,Echequier,Echequier,525,2026-04-21 19:46:08.017,,y
5288,Plateau 20*10,Plateau_20*10,525,2026-04-21 19:46:08.017,,y
5289,Plateau 30*10,Plateau_30*10,525,2026-04-21 19:46:08.017,,y
5290,Plateau 20*20,Plateau_20*20,525,2026-04-21 19:46:08.017,,y
5291,Fouta,Fouta,525,2026-04-21 19:46:08.017,,y
5292,Fridge magnet,Fridge_magnet,525,2026-04-21 19:46:08.017,,y
5293,Sous plat Andalous,Sous_plat_Andalous,525,2026-04-21 19:46:08.017,,y
5294,Carafe Tanit Bleue,Carafe_Tanit_Bleue,525,2026-04-21 19:46:08.017,,y
5295,Verre Bleu pf,Verre_Bleu_pf,525,2026-04-21 19:46:08.017,,y
5296,Plateau 30*20,Plateau_30*20,525,2026-04-21 19:46:08.017,,y
5297,Plateau 20*20,Plateau_20*20,525,2026-04-21 19:46:08.017,,y
5298,Plateau 20*20,Plateau_20*20,525,2026-04-21 19:46:08.017,,y
5299,Fouta,Fouta,525,2026-04-21 19:46:08.017,,y
5300,Bouteille huile d'olive pf,Bouteille_huile_d'olive_pf,525,2026-04-21 19:46:08.017,,y
5301,Fridge magnet,Fridge_magnet,525,2026-04-21 19:46:08.017,,y
5302,Couffin sac à main,Couffin_sac_à_main,525,2026-04-21 19:46:08.017,,y
5303,bonbonniére miel,bonbonniére_miel,525,2026-04-21 19:46:08.017,,y
5304,Tote bag,Tote_bag,525,2026-04-21 19:46:08.017,,y
5305,Bouteille Huile d'olive gf,Bouteille_Huile_d'olive_gf,525,2026-04-21 19:46:08.017,,y
5306,Vide poche coeur,Vide_poche_coeur,525,2026-04-21 19:46:08.017,,y
5307,Planche bois d'olivier,Planche_bois_d'olivier,525,2026-04-21 19:46:08.017,,y
5308,Bouteille Huile d'olive pf,Bouteille_Huile_d'olive_pf,525,2026-04-21 19:46:08.017,,y
5309,Pack Photophore sidi bou,Pack_Photophore_sidi_bou,525,2026-04-21 19:46:08.017,,y
5310,Plateau 20*10,Plateau_20*10,525,2026-04-21 19:46:08.017,,y
5311,Tasse + planche,Tasse_+_planche,525,2026-04-21 19:46:08.017,,y
5312,Porte clé,Porte_clé,525,2026-04-21 19:46:08.018,,y
5313,Fridge magnet,Fridge_magnet,525,2026-04-21 19:46:08.018,,y
5314,Veilleuse nattes,Veilleuse_nattes,525,2026-04-21 19:46:08.018,,y
5315,Mouton T2,Mouton_T2,525,2026-04-21 19:46:08.018,,y
5316,Sous tasse bois d'olivier,Sous_tasse_bois_d'olivier,525,2026-04-21 19:46:08.018,,y
5317,Sous plat Andalous,Sous_plat_Andalous,525,2026-04-21 19:46:08.018,,y
5318,Poisson avec Tige,Poisson_avec_Tige,525,2026-04-21 19:46:08.018,,y
5319,Vide poche carré,Vide_poche_carré,525,2026-04-21 19:46:08.018,,y
5320,Tanit Céramique,Tanit_Céramique,525,2026-04-21 19:46:08.018,,y
5321,Poisson avec Tige,Poisson_avec_Tige,525,2026-04-21 19:46:08.018,,y
5322,Planche bois d'olivier,Planche_bois_d'olivier,525,2026-04-21 19:46:08.018,,y
5323,Bonbonniére Miel,Bonbonniére_Miel,525,2026-04-21 19:46:08.018,,y
5324,Verre Miel Gf,Verre_Miel_Gf,525,2026-04-21 19:46:08.018,,y
5325,Plateau 30*20,Plateau_30*20,525,2026-04-21 19:46:08.018,,y
5326,Vide poche coeur,Vide_poche_coeur,525,2026-04-21 19:46:08.018,,y
5327,Fridge magnet,Fridge_magnet,525,2026-04-21 19:46:08.018,,y
5328,Vide poche Carré,Vide_poche_Carré,525,2026-04-21 19:46:08.018,,y
5329,Toupie,Toupie,525,2026-04-21 19:46:08.018,,y
5330,Poisson avec Tige,Poisson_avec_Tige,525,2026-04-21 19:46:08.018,,y
5331,Plateau 20*10,Plateau_20*10,525,2026-04-21 19:46:08.018,,y
5332,Moia béton pf,Moia_béton_pf,525,2026-04-21 19:46:08.018,,y
5333,Broc eau BLEU,Broc_eau_BLEU,525,2026-04-21 19:46:08.018,,y
5334,Porte clé,Porte_clé,525,2026-04-21 19:46:08.018,,y
