FactShippingPK,dateFK,productFK,customerFK,documentFK,quantity,productPrice,total,deliveryPrice,startDate,endDate,flag
1,20250311,2441,2646,2467,60.0,0,0,0,2026-04-21 19:46:18.638,,y
2,20250317,2441,2646,2468,26.0,0,0,0,2026-04-21 19:46:18.645,,y
3,20250321,2441,2646,2469,50.0,0,0,0,2026-04-21 19:46:18.645,,y
4,20250326,2441,2646,2470,40.0,0,0,0,2026-04-21 19:46:18.645,,y
5,20250403,2441,2646,2472,72.0,0,0,0,2026-04-21 19:46:18.645,,y
6,20250403,2431,2646,2472,3.0,0,0,0,2026-04-21 19:46:18.645,,y
7,20250415,2441,2646,2474,19.0,0,0,0,2026-04-21 19:46:18.646,,y
8,20250415,2431,2646,2474,3.0,0,0,0,2026-04-21 19:46:18.646,,y
9,20250328,2441,2410,2475,47.0,0,0,0,2026-04-21 19:46:18.646,,y
10,20250326,2441,2411,2476,16.0,0,0,0,2026-04-21 19:46:18.646,,y
11,20250328,2441,2412,2477,4.0,0,0,0,2026-04-21 19:46:18.646,,y
12,20250325,2441,2413,2478,39.0,0,0,0,2026-04-21 19:46:18.646,,y
13,20250324,2441,2414,2479,1.0,0,0,0,2026-04-21 19:46:18.646,,y
14,20250324,2441,2415,2480,3.0,0,0,0,2026-04-21 19:46:18.647,,y
15,20250315,2441,2416,2481,13.0,0,0,0,2026-04-21 19:46:18.647,,y
16,20250312,2441,2417,2482,8.0,0,0,0,2026-04-21 19:46:18.647,,y
17,20250312,2441,2418,2483,8.0,0,0,0,2026-04-21 19:46:18.647,,y
18,20250312,2441,2419,2484,15.0,0,0,0,2026-04-21 19:46:18.647,,y
19,20250328,2441,2420,2485,29.0,0,0,0,2026-04-21 19:46:18.648,,y
20,20250328,2441,2421,2486,32.0,0,0,0,2026-04-21 19:46:18.648,,y
21,20250328,2441,2422,2487,36.0,0,0,0,2026-04-21 19:46:18.648,,y
22,20250327,2441,2423,2488,7.0,0,0,0,2026-04-21 19:46:18.649,,y
23,20250324,2441,2424,2489,24.0,0,0,0,2026-04-21 19:46:18.649,,y
24,20250326,2441,2425,2490,13.0,0,0,0,2026-04-21 19:46:18.649,,y
25,20250403,2441,2428,2492,3.0,0,0,0,2026-04-21 19:46:18.649,,y
26,20250403,2431,2428,2492,5.0,0,0,0,2026-04-21 19:46:18.650,,y
27,20250315,2441,2428,2493,38.0,0,0,0,2026-04-21 19:46:18.650,,y
28,20250324,2441,2429,2494,23.0,0,0,0,2026-04-21 19:46:18.650,,y
29,20250314,2441,2646,2495,97.0,0,0,0,2026-04-21 19:46:18.651,,y
30,20250315,2441,2431,2496,13.0,0,0,0,2026-04-21 19:46:18.651,,y
31,20250402,2441,2432,2497,7.0,0,0,0,2026-04-21 19:46:18.651,,y
32,20250402,2441,2433,2504,3.0,0,0,0,2026-04-21 19:46:18.652,,y
33,20250402,2441,2434,2513,4.0,0,0,0,2026-04-21 19:46:18.652,,y
34,20250402,2441,2435,2509,4.0,0,0,0,2026-04-21 19:46:18.652,,y
35,20250402,2441,2436,2509,7.0,0,0,0,2026-04-21 19:46:18.652,,y
36,20250402,2441,2437,2509,32.0,0,0,0,2026-04-21 19:46:18.652,,y
37,20241210,2625,2685,2503,432.0,0,0,0,2026-04-21 19:46:18.652,,y
38,20251118,2443,2696,2504,1500.0,0,0,0,2026-04-21 19:46:18.652,,y
39,20251212,2586,2698,2509,5.0,0,0,0,2026-04-21 19:46:18.653,,y
40,20251212,2587,2698,2509,5.0,0,0,0,2026-04-21 19:46:18.653,,y
41,20251212,2588,2698,2509,5.0,0,0,0,2026-04-21 19:46:18.653,,y
42,20251212,2589,2698,2509,5.0,0,0,0,2026-04-21 19:46:18.653,,y
43,20251212,2590,2698,2509,5.0,0,0,0,2026-04-21 19:46:18.653,,y
44,20251215,2621,244,2512,450.0,0,0,0,2026-04-21 19:46:18.654,,y
45,20251215,2622,244,2512,450.0,0,0,0,2026-04-21 19:46:18.654,,y
46,20251215,2623,244,2512,450.0,0,0,0,2026-04-21 19:46:18.654,,y
47,20251210,2613,2700,2513,10.0,0,0,0,2026-04-21 19:46:18.655,,y
48,20251216,2531,244,2515,20.0,0,0,0,2026-04-21 19:46:18.656,,y
49,20251216,2532,244,2515,20.0,0,0,0,2026-04-21 19:46:18.656,,y
50,20250311,2441,2646,2467,60.0,0,0,0,2026-04-21 19:46:18.656,,y
51,20250317,2441,2646,2468,26.0,0,0,0,2026-04-21 19:46:18.656,,y
52,20250321,2441,2646,2469,50.0,0,0,0,2026-04-21 19:46:18.656,,y
53,20250326,2441,2646,2470,40.0,0,0,0,2026-04-21 19:46:18.657,,y
54,20250403,2441,2646,2472,72.0,0,0,0,2026-04-21 19:46:18.657,,y
55,20250403,2431,2646,2472,3.0,0,0,0,2026-04-21 19:46:18.657,,y
56,20250415,2441,2646,2474,19.0,0,0,0,2026-04-21 19:46:18.657,,y
57,20250415,2431,2646,2474,3.0,0,0,0,2026-04-21 19:46:18.657,,y
58,20250328,2441,2410,2475,47.0,0,0,0,2026-04-21 19:46:18.657,,y
59,20250326,2441,2411,2476,16.0,0,0,0,2026-04-21 19:46:18.657,,y
60,20250328,2441,2412,2477,4.0,0,0,0,2026-04-21 19:46:18.658,,y
61,20250325,2441,2413,2478,39.0,0,0,0,2026-04-21 19:46:18.658,,y
62,20250324,2441,2414,2479,1.0,0,0,0,2026-04-21 19:46:18.658,,y
63,20250324,2441,2415,2480,3.0,0,0,0,2026-04-21 19:46:18.658,,y
64,20250315,2441,2416,2481,13.0,0,0,0,2026-04-21 19:46:18.658,,y
65,20250312,2441,2417,2482,8.0,0,0,0,2026-04-21 19:46:18.658,,y
66,20250312,2441,2418,2483,8.0,0,0,0,2026-04-21 19:46:18.658,,y
67,20250312,2441,2419,2484,15.0,0,0,0,2026-04-21 19:46:18.659,,y
68,20250328,2441,2420,2485,29.0,0,0,0,2026-04-21 19:46:18.659,,y
69,20250328,2441,2421,2486,32.0,0,0,0,2026-04-21 19:46:18.659,,y
70,20250328,2441,2422,2487,36.0,0,0,0,2026-04-21 19:46:18.659,,y
71,20250327,2441,2423,2488,7.0,0,0,0,2026-04-21 19:46:18.659,,y
72,20250324,2441,2424,2489,24.0,0,0,0,2026-04-21 19:46:18.659,,y
73,20250326,2441,2425,2490,13.0,0,0,0,2026-04-21 19:46:18.659,,y
74,20250403,2441,2428,2492,3.0,0,0,0,2026-04-21 19:46:18.659,,y
75,20250403,2431,2428,2492,5.0,0,0,0,2026-04-21 19:46:18.659,,y
76,20250315,2441,2428,2493,38.0,0,0,0,2026-04-21 19:46:18.659,,y
77,20250324,2441,2429,2494,23.0,0,0,0,2026-04-21 19:46:18.660,,y
78,20250314,2441,2646,2495,97.0,0,0,0,2026-04-21 19:46:18.660,,y
79,20250315,2441,2431,2496,13.0,0,0,0,2026-04-21 19:46:18.660,,y
80,20250402,2441,2432,2497,7.0,0,0,0,2026-04-21 19:46:18.660,,y
81,20250402,2441,2433,2504,3.0,0,0,0,2026-04-21 19:46:18.660,,y
82,20250402,2441,2434,2513,4.0,0,0,0,2026-04-21 19:46:18.660,,y
83,20250402,2441,2435,2509,4.0,0,0,0,2026-04-21 19:46:18.660,,y
84,20250402,2441,2436,2509,7.0,0,0,0,2026-04-21 19:46:18.660,,y
85,20250402,2441,2437,2509,32.0,0,0,0,2026-04-21 19:46:18.660,,y
86,20241210,2625,2685,2503,432.0,0,0,0,2026-04-21 19:46:18.661,,y
87,20251118,2443,2696,2504,1500.0,0,0,0,2026-04-21 19:46:18.661,,y
88,20251212,2586,2698,2509,5.0,0,0,0,2026-04-21 19:46:18.661,,y
89,20251212,2587,2698,2509,5.0,0,0,0,2026-04-21 19:46:18.661,,y
90,20251212,2588,2698,2509,5.0,0,0,0,2026-04-21 19:46:18.661,,y
91,20251212,2589,2698,2509,5.0,0,0,0,2026-04-21 19:46:18.661,,y
92,20251212,2590,2698,2509,5.0,0,0,0,2026-04-21 19:46:18.661,,y
93,20251215,2621,244,2512,450.0,0,0,0,2026-04-21 19:46:18.661,,y
94,20251215,2622,244,2512,450.0,0,0,0,2026-04-21 19:46:18.662,,y
95,20251215,2623,244,2512,450.0,0,0,0,2026-04-21 19:46:18.662,,y
96,20251210,2613,2700,2513,10.0,0,0,0,2026-04-21 19:46:18.662,,y
97,20251216,2531,244,2515,20.0,0,0,0,2026-04-21 19:46:18.662,,y
98,20251216,2532,244,2515,20.0,0,0,0,2026-04-21 19:46:18.662,,y
99,20250311,2441,2646,2467,60.0,0,0,0,2026-04-21 19:46:18.662,,y
100,20250317,2441,2646,2468,26.0,0,0,0,2026-04-21 19:46:18.662,,y
101,20250321,2441,2646,2469,50.0,0,0,0,2026-04-21 19:46:18.662,,y
102,20250326,2441,2646,2470,40.0,0,0,0,2026-04-21 19:46:18.663,,y
103,20250403,2441,2646,2472,72.0,0,0,0,2026-04-21 19:46:18.663,,y
104,20250403,2431,2646,2472,3.0,0,0,0,2026-04-21 19:46:18.663,,y
105,20250415,2441,2646,2474,19.0,0,0,0,2026-04-21 19:46:18.663,,y
106,20250415,2431,2646,2474,3.0,0,0,0,2026-04-21 19:46:18.663,,y
107,20250328,2441,2410,2475,47.0,0,0,0,2026-04-21 19:46:18.663,,y
108,20250326,2441,2411,2476,16.0,0,0,0,2026-04-21 19:46:18.663,,y
109,20250328,2441,2412,2477,4.0,0,0,0,2026-04-21 19:46:18.664,,y
110,20250325,2441,2413,2478,39.0,0,0,0,2026-04-21 19:46:18.664,,y
111,20250324,2441,2414,2479,1.0,0,0,0,2026-04-21 19:46:18.664,,y
112,20250324,2441,2415,2480,3.0,0,0,0,2026-04-21 19:46:18.664,,y
113,20250315,2441,2416,2481,13.0,0,0,0,2026-04-21 19:46:18.664,,y
114,20250312,2441,2417,2482,8.0,0,0,0,2026-04-21 19:46:18.664,,y
115,20250312,2441,2418,2483,8.0,0,0,0,2026-04-21 19:46:18.664,,y
116,20250312,2441,2419,2484,15.0,0,0,0,2026-04-21 19:46:18.664,,y
117,20250328,2441,2420,2485,29.0,0,0,0,2026-04-21 19:46:18.664,,y
118,20250328,2441,2421,2486,32.0,0,0,0,2026-04-21 19:46:18.664,,y
119,20250328,2441,2422,2487,36.0,0,0,0,2026-04-21 19:46:18.665,,y
120,20250327,2441,2423,2488,7.0,0,0,0,2026-04-21 19:46:18.665,,y
121,20250324,2441,2424,2489,24.0,0,0,0,2026-04-21 19:46:18.665,,y
122,20250326,2441,2425,2490,13.0,0,0,0,2026-04-21 19:46:18.665,,y
123,20250403,2441,2428,2492,3.0,0,0,0,2026-04-21 19:46:18.665,,y
124,20250403,2431,2428,2492,5.0,0,0,0,2026-04-21 19:46:18.665,,y
125,20250315,2441,2428,2493,38.0,0,0,0,2026-04-21 19:46:18.665,,y
126,20250324,2441,2429,2494,23.0,0,0,0,2026-04-21 19:46:18.665,,y
127,20250314,2441,2646,2495,97.0,0,0,0,2026-04-21 19:46:18.665,,y
128,20250315,2441,2431,2496,13.0,0,0,0,2026-04-21 19:46:18.665,,y
129,20250402,2441,2432,2497,7.0,0,0,0,2026-04-21 19:46:18.666,,y
130,20250402,2441,2433,2504,3.0,0,0,0,2026-04-21 19:46:18.666,,y
131,20250402,2441,2434,2513,4.0,0,0,0,2026-04-21 19:46:18.666,,y
132,20250402,2441,2435,2509,4.0,0,0,0,2026-04-21 19:46:18.666,,y
133,20250402,2441,2436,2509,7.0,0,0,0,2026-04-21 19:46:18.666,,y
134,20250402,2441,2437,2509,32.0,0,0,0,2026-04-21 19:46:18.666,,y
135,20241210,2625,2685,2503,432.0,0,0,0,2026-04-21 19:46:18.666,,y
136,20251118,2443,2696,2504,1500.0,0,0,0,2026-04-21 19:46:18.666,,y
137,20251212,2586,2698,2509,5.0,0,0,0,2026-04-21 19:46:18.666,,y
138,20251212,2587,2698,2509,5.0,0,0,0,2026-04-21 19:46:18.667,,y
139,20251212,2588,2698,2509,5.0,0,0,0,2026-04-21 19:46:18.667,,y
140,20251212,2589,2698,2509,5.0,0,0,0,2026-04-21 19:46:18.667,,y
141,20251212,2590,2698,2509,5.0,0,0,0,2026-04-21 19:46:18.668,,y
142,20251215,2621,244,2512,450.0,0,0,0,2026-04-21 19:46:18.668,,y
143,20251215,2622,244,2512,450.0,0,0,0,2026-04-21 19:46:18.668,,y
144,20251215,2623,244,2512,450.0,0,0,0,2026-04-21 19:46:18.668,,y
145,20251210,2613,2700,2513,10.0,0,0,0,2026-04-21 19:46:18.668,,y
146,20251216,2531,244,2515,20.0,0,0,0,2026-04-21 19:46:18.668,,y
147,20251216,2532,244,2515,20.0,0,0,0,2026-04-21 19:46:18.669,,y
148,20250311,2441,2646,2467,60.0,0,0,0,2026-04-21 19:46:18.669,,y
149,20250317,2441,2646,2468,26.0,0,0,0,2026-04-21 19:46:18.669,,y
150,20250321,2441,2646,2469,50.0,0,0,0,2026-04-21 19:46:18.669,,y
151,20250326,2441,2646,2470,40.0,0,0,0,2026-04-21 19:46:18.669,,y
152,20250403,2441,2646,2472,72.0,0,0,0,2026-04-21 19:46:18.669,,y
153,20250403,2431,2646,2472,3.0,0,0,0,2026-04-21 19:46:18.669,,y
154,20250415,2441,2646,2474,19.0,0,0,0,2026-04-21 19:46:18.669,,y
155,20250415,2431,2646,2474,3.0,0,0,0,2026-04-21 19:46:18.669,,y
156,20250328,2441,2410,2475,47.0,0,0,0,2026-04-21 19:46:18.670,,y
157,20250326,2441,2411,2476,16.0,0,0,0,2026-04-21 19:46:18.672,,y
158,20250328,2441,2412,2477,4.0,0,0,0,2026-04-21 19:46:18.673,,y
159,20250325,2441,2413,2478,39.0,0,0,0,2026-04-21 19:46:18.673,,y
160,20250324,2441,2414,2479,1.0,0,0,0,2026-04-21 19:46:18.673,,y
161,20250324,2441,2415,2480,3.0,0,0,0,2026-04-21 19:46:18.674,,y
162,20250315,2441,2416,2481,13.0,0,0,0,2026-04-21 19:46:18.674,,y
163,20250312,2441,2417,2482,8.0,0,0,0,2026-04-21 19:46:18.674,,y
164,20250312,2441,2418,2483,8.0,0,0,0,2026-04-21 19:46:18.674,,y
165,20250312,2441,2419,2484,15.0,0,0,0,2026-04-21 19:46:18.674,,y
166,20250328,2441,2420,2485,29.0,0,0,0,2026-04-21 19:46:18.674,,y
167,20250328,2441,2421,2486,32.0,0,0,0,2026-04-21 19:46:18.674,,y
168,20250328,2441,2422,2487,36.0,0,0,0,2026-04-21 19:46:18.674,,y
169,20250327,2441,2423,2488,7.0,0,0,0,2026-04-21 19:46:18.674,,y
170,20250324,2441,2424,2489,24.0,0,0,0,2026-04-21 19:46:18.675,,y
171,20250326,2441,2425,2490,13.0,0,0,0,2026-04-21 19:46:18.675,,y
172,20250403,2441,2428,2492,3.0,0,0,0,2026-04-21 19:46:18.675,,y
173,20250403,2431,2428,2492,5.0,0,0,0,2026-04-21 19:46:18.675,,y
174,20250403,2441,2646,2472,72.0,0,0,0,2026-04-21 19:46:18.675,,y
175,20250315,2441,2428,2493,38.0,0,0,0,2026-04-21 19:46:18.675,,y
176,20250324,2441,2429,2494,23.0,0,0,0,2026-04-21 19:46:18.675,,y
177,20250314,2441,2646,2495,97.0,0,0,0,2026-04-21 19:46:18.675,,y
178,20250315,2441,2431,2496,13.0,0,0,0,2026-04-21 19:46:18.675,,y
179,20250402,2441,2432,2497,7.0,0,0,0,2026-04-21 19:46:18.675,,y
180,20250402,2441,2433,2504,3.0,0,0,0,2026-04-21 19:46:18.676,,y
181,20250402,2441,2434,2513,4.0,0,0,0,2026-04-21 19:46:18.676,,y
182,20250402,2441,2435,2509,4.0,0,0,0,2026-04-21 19:46:18.676,,y
183,20250402,2441,2436,2509,7.0,0,0,0,2026-04-21 19:46:18.676,,y
184,20250402,2441,2437,2509,32.0,0,0,0,2026-04-21 19:46:18.676,,y
185,20241210,2625,2685,2503,432.0,0,0,0,2026-04-21 19:46:18.676,,y
186,20251118,2443,2696,2504,1500.0,0,0,0,2026-04-21 19:46:18.676,,y
187,20251212,2586,2698,2509,5.0,0,0,0,2026-04-21 19:46:18.676,,y
188,20251212,2587,2698,2509,5.0,0,0,0,2026-04-21 19:46:18.676,,y
189,20251212,2588,2698,2509,5.0,0,0,0,2026-04-21 19:46:18.676,,y
190,20251212,2589,2698,2509,5.0,0,0,0,2026-04-21 19:46:18.677,,y
191,20251212,2590,2698,2509,5.0,0,0,0,2026-04-21 19:46:18.677,,y
192,20251215,2621,244,2512,450.0,0,0,0,2026-04-21 19:46:18.677,,y
193,20251215,2622,244,2512,450.0,0,0,0,2026-04-21 19:46:18.677,,y
194,20251215,2623,244,2512,450.0,0,0,0,2026-04-21 19:46:18.677,,y
195,20251210,2613,2700,2513,10.0,0,0,0,2026-04-21 19:46:18.677,,y
196,20251216,2531,244,2515,20.0,0,0,0,2026-04-21 19:46:18.677,,y
197,20251216,2532,244,2515,20.0,0,0,0,2026-04-21 19:46:18.677,,y
198,20250311,2441,2646,2467,60.0,0,0,0,2026-04-21 19:46:18.677,,y
199,20250317,2441,2646,2468,26.0,0,0,0,2026-04-21 19:46:18.677,,y
200,20250321,2441,2646,2469,50.0,0,0,0,2026-04-21 19:46:18.678,,y
201,20250326,2441,2646,2470,40.0,0,0,0,2026-04-21 19:46:18.678,,y
202,20250403,2441,2646,2472,72.0,0,0,0,2026-04-21 19:46:18.678,,y
203,20250403,2431,2646,2472,3.0,0,0,0,2026-04-21 19:46:18.678,,y
204,20250415,2441,2646,2474,19.0,0,0,0,2026-04-21 19:46:18.678,,y
205,20250415,2431,2646,2474,3.0,0,0,0,2026-04-21 19:46:18.678,,y
206,20250328,2441,2410,2475,47.0,0,0,0,2026-04-21 19:46:18.678,,y
207,20250326,2441,2411,2476,16.0,0,0,0,2026-04-21 19:46:18.678,,y
208,20250328,2441,2412,2477,4.0,0,0,0,2026-04-21 19:46:18.678,,y
209,20250325,2441,2413,2478,39.0,0,0,0,2026-04-21 19:46:18.678,,y
210,20250324,2441,2414,2479,1.0,0,0,0,2026-04-21 19:46:18.679,,y
211,20250324,2441,2415,2480,3.0,0,0,0,2026-04-21 19:46:18.679,,y
212,20250315,2441,2416,2481,13.0,0,0,0,2026-04-21 19:46:18.679,,y
213,20250312,2441,2417,2482,8.0,0,0,0,2026-04-21 19:46:18.679,,y
214,20250312,2441,2418,2483,8.0,0,0,0,2026-04-21 19:46:18.679,,y
215,20250312,2441,2419,2484,15.0,0,0,0,2026-04-21 19:46:18.679,,y
216,20250328,2441,2420,2485,29.0,0,0,0,2026-04-21 19:46:18.679,,y
217,20250328,2441,2421,2486,32.0,0,0,0,2026-04-21 19:46:18.679,,y
218,20250403,2431,2646,2472,3.0,0,0,0,2026-04-21 19:46:18.680,,y
219,20250328,2441,2422,2487,36.0,0,0,0,2026-04-21 19:46:18.680,,y
220,20250327,2441,2423,2488,7.0,0,0,0,2026-04-21 19:46:18.680,,y
221,20250324,2441,2424,2489,24.0,0,0,0,2026-04-21 19:46:18.680,,y
222,20250326,2441,2425,2490,13.0,0,0,0,2026-04-21 19:46:18.680,,y
223,20250403,2441,2428,2492,3.0,0,0,0,2026-04-21 19:46:18.680,,y
224,20250403,2431,2428,2492,5.0,0,0,0,2026-04-21 19:46:18.680,,y
225,20250315,2441,2428,2493,38.0,0,0,0,2026-04-21 19:46:18.680,,y
226,20250324,2441,2429,2494,23.0,0,0,0,2026-04-21 19:46:18.680,,y
227,20250314,2441,2646,2495,97.0,0,0,0,2026-04-21 19:46:18.680,,y
228,20250315,2441,2431,2496,13.0,0,0,0,2026-04-21 19:46:18.681,,y
229,20250402,2441,2432,2497,7.0,0,0,0,2026-04-21 19:46:18.681,,y
230,20250402,2441,2433,2504,3.0,0,0,0,2026-04-21 19:46:18.681,,y
231,20250402,2441,2434,2513,4.0,0,0,0,2026-04-21 19:46:18.681,,y
232,20250402,2441,2435,2509,4.0,0,0,0,2026-04-21 19:46:18.681,,y
233,20250402,2441,2436,2509,7.0,0,0,0,2026-04-21 19:46:18.681,,y
234,20250402,2441,2437,2509,32.0,0,0,0,2026-04-21 19:46:18.681,,y
235,20241210,2625,2685,2503,432.0,0,0,0,2026-04-21 19:46:18.681,,y
236,20251118,2443,2696,2504,1500.0,0,0,0,2026-04-21 19:46:18.681,,y
237,20251212,2586,2698,2509,5.0,0,0,0,2026-04-21 19:46:18.681,,y
238,20251212,2587,2698,2509,5.0,0,0,0,2026-04-21 19:46:18.682,,y
239,20251212,2588,2698,2509,5.0,0,0,0,2026-04-21 19:46:18.682,,y
240,20251212,2589,2698,2509,5.0,0,0,0,2026-04-21 19:46:18.682,,y
241,20251212,2590,2698,2509,5.0,0,0,0,2026-04-21 19:46:18.682,,y
242,20251215,2621,244,2512,450.0,0,0,0,2026-04-21 19:46:18.682,,y
243,20251215,2622,244,2512,450.0,0,0,0,2026-04-21 19:46:18.682,,y
244,20251215,2623,244,2512,450.0,0,0,0,2026-04-21 19:46:18.682,,y
245,20251210,2613,2700,2513,10.0,0,0,0,2026-04-21 19:46:18.682,,y
246,20251216,2531,244,2515,20.0,0,0,0,2026-04-21 19:46:18.682,,y
247,20251216,2532,244,2515,20.0,0,0,0,2026-04-21 19:46:18.682,,y
248,20250311,2441,2646,2467,60.0,0,0,0,2026-04-21 19:46:18.682,,y
249,20250317,2441,2646,2468,26.0,0,0,0,2026-04-21 19:46:18.682,,y
250,20250321,2441,2646,2469,50.0,0,0,0,2026-04-21 19:46:18.683,,y
251,20250326,2441,2646,2470,40.0,0,0,0,2026-04-21 19:46:18.683,,y
252,20250403,2441,2646,2472,72.0,0,0,0,2026-04-21 19:46:18.683,,y
253,20250403,2431,2646,2472,3.0,0,0,0,2026-04-21 19:46:18.683,,y
254,20250415,2441,2646,2474,19.0,0,0,0,2026-04-21 19:46:18.683,,y
255,20250415,2431,2646,2474,3.0,0,0,0,2026-04-21 19:46:18.683,,y
256,20250328,2441,2410,2475,47.0,0,0,0,2026-04-21 19:46:18.683,,y
257,20250326,2441,2411,2476,16.0,0,0,0,2026-04-21 19:46:18.683,,y
258,20250328,2441,2412,2477,4.0,0,0,0,2026-04-21 19:46:18.683,,y
259,20250325,2441,2413,2478,39.0,0,0,0,2026-04-21 19:46:18.683,,y
260,20250324,2441,2414,2479,1.0,0,0,0,2026-04-21 19:46:18.684,,y
261,20250324,2441,2415,2480,3.0,0,0,0,2026-04-21 19:46:18.684,,y
262,20250315,2441,2416,2481,13.0,0,0,0,2026-04-21 19:46:18.684,,y
263,20250312,2441,2417,2482,8.0,0,0,0,2026-04-21 19:46:18.684,,y
264,20250312,2441,2418,2483,8.0,0,0,0,2026-04-21 19:46:18.684,,y
265,20250312,2441,2419,2484,15.0,0,0,0,2026-04-21 19:46:18.684,,y
266,20250328,2441,2420,2485,29.0,0,0,0,2026-04-21 19:46:18.684,,y
267,20250328,2441,2421,2486,32.0,0,0,0,2026-04-21 19:46:18.684,,y
268,20250328,2441,2422,2487,36.0,0,0,0,2026-04-21 19:46:18.684,,y
269,20250327,2441,2423,2488,7.0,0,0,0,2026-04-21 19:46:18.684,,y
270,20250324,2441,2424,2489,24.0,0,0,0,2026-04-21 19:46:18.684,,y
271,20250326,2441,2425,2490,13.0,0,0,0,2026-04-21 19:46:18.684,,y
272,20250403,2441,2428,2492,3.0,0,0,0,2026-04-21 19:46:18.684,,y
273,20250403,2431,2428,2492,5.0,0,0,0,2026-04-21 19:46:18.684,,y
274,20250315,2441,2428,2493,38.0,0,0,0,2026-04-21 19:46:18.685,,y
275,20250324,2441,2429,2494,23.0,0,0,0,2026-04-21 19:46:18.685,,y
276,20250314,2441,2646,2495,97.0,0,0,0,2026-04-21 19:46:18.685,,y
277,20250315,2441,2431,2496,13.0,0,0,0,2026-04-21 19:46:18.685,,y
278,20250402,2441,2432,2497,7.0,0,0,0,2026-04-21 19:46:18.685,,y
279,20250402,2441,2433,2504,3.0,0,0,0,2026-04-21 19:46:18.685,,y
280,20250402,2441,2434,2513,4.0,0,0,0,2026-04-21 19:46:18.685,,y
281,20250402,2441,2435,2509,4.0,0,0,0,2026-04-21 19:46:18.685,,y
282,20250402,2441,2436,2509,7.0,0,0,0,2026-04-21 19:46:18.685,,y
283,20250402,2441,2437,2509,32.0,0,0,0,2026-04-21 19:46:18.685,,y
284,20241210,2625,2685,2503,432.0,0,0,0,2026-04-21 19:46:18.685,,y
285,20251118,2443,2696,2504,1500.0,0,0,0,2026-04-21 19:46:18.685,,y
286,20251212,2586,2698,2509,5.0,0,0,0,2026-04-21 19:46:18.685,,y
287,20251212,2587,2698,2509,5.0,0,0,0,2026-04-21 19:46:18.685,,y
288,20251212,2588,2698,2509,5.0,0,0,0,2026-04-21 19:46:18.686,,y
289,20251212,2589,2698,2509,5.0,0,0,0,2026-04-21 19:46:18.686,,y
290,20251212,2590,2698,2509,5.0,0,0,0,2026-04-21 19:46:18.686,,y
291,20251215,2621,244,2512,450.0,0,0,0,2026-04-21 19:46:18.686,,y
292,20251215,2622,244,2512,450.0,0,0,0,2026-04-21 19:46:18.686,,y
293,20251215,2623,244,2512,450.0,0,0,0,2026-04-21 19:46:18.686,,y
294,20251210,2613,2700,2513,10.0,0,0,0,2026-04-21 19:46:18.686,,y
295,20251216,2531,244,2515,20.0,0,0,0,2026-04-21 19:46:18.686,,y
296,20251216,2532,244,2515,20.0,0,0,0,2026-04-21 19:46:18.686,,y
297,20250311,2441,2646,2467,60.0,0,0,0,2026-04-21 19:46:18.686,,y
298,20250317,2441,2646,2468,26.0,0,0,0,2026-04-21 19:46:18.688,,y
299,20250321,2441,2646,2469,50.0,0,0,0,2026-04-21 19:46:18.689,,y
300,20250326,2441,2646,2470,40.0,0,0,0,2026-04-21 19:46:18.689,,y
301,20250403,2441,2646,2472,72.0,0,0,0,2026-04-21 19:46:18.689,,y
302,20250403,2431,2646,2472,3.0,0,0,0,2026-04-21 19:46:18.689,,y
303,20250415,2441,2646,2474,19.0,0,0,0,2026-04-21 19:46:18.689,,y
304,20250415,2431,2646,2474,3.0,0,0,0,2026-04-21 19:46:18.689,,y
305,20250328,2441,2410,2475,47.0,0,0,0,2026-04-21 19:46:18.689,,y
306,20250326,2441,2411,2476,16.0,0,0,0,2026-04-21 19:46:18.689,,y
307,20250328,2441,2412,2477,4.0,0,0,0,2026-04-21 19:46:18.689,,y
308,20250325,2441,2413,2478,39.0,0,0,0,2026-04-21 19:46:18.690,,y
309,20250324,2441,2414,2479,1.0,0,0,0,2026-04-21 19:46:18.690,,y
310,20250324,2441,2415,2480,3.0,0,0,0,2026-04-21 19:46:18.690,,y
311,20250315,2441,2416,2481,13.0,0,0,0,2026-04-21 19:46:18.690,,y
312,20250312,2441,2417,2482,8.0,0,0,0,2026-04-21 19:46:18.690,,y
313,20250312,2441,2418,2483,8.0,0,0,0,2026-04-21 19:46:18.690,,y
314,20250312,2441,2419,2484,15.0,0,0,0,2026-04-21 19:46:18.690,,y
315,20250328,2441,2420,2485,29.0,0,0,0,2026-04-21 19:46:18.691,,y
316,20250328,2441,2421,2486,32.0,0,0,0,2026-04-21 19:46:18.691,,y
317,20250328,2441,2422,2487,36.0,0,0,0,2026-04-21 19:46:18.691,,y
318,20250327,2441,2423,2488,7.0,0,0,0,2026-04-21 19:46:18.691,,y
319,20250324,2441,2424,2489,24.0,0,0,0,2026-04-21 19:46:18.691,,y
320,20250326,2441,2425,2490,13.0,0,0,0,2026-04-21 19:46:18.691,,y
321,20250403,2441,2428,2492,3.0,0,0,0,2026-04-21 19:46:18.692,,y
322,20250403,2431,2428,2492,5.0,0,0,0,2026-04-21 19:46:18.692,,y
323,20250315,2441,2428,2493,38.0,0,0,0,2026-04-21 19:46:18.692,,y
324,20250324,2441,2429,2494,23.0,0,0,0,2026-04-21 19:46:18.692,,y
325,20250314,2441,2646,2495,97.0,0,0,0,2026-04-21 19:46:18.692,,y
326,20250315,2441,2431,2496,13.0,0,0,0,2026-04-21 19:46:18.692,,y
327,20250402,2441,2432,2497,7.0,0,0,0,2026-04-21 19:46:18.692,,y
328,20250402,2441,2433,2504,3.0,0,0,0,2026-04-21 19:46:18.692,,y
329,20250402,2441,2434,2513,4.0,0,0,0,2026-04-21 19:46:18.692,,y
330,20250402,2441,2435,2509,4.0,0,0,0,2026-04-21 19:46:18.692,,y
331,20250402,2441,2436,2509,7.0,0,0,0,2026-04-21 19:46:18.692,,y
332,20250402,2441,2437,2509,32.0,0,0,0,2026-04-21 19:46:18.692,,y
333,20241210,2625,2685,2503,432.0,0,0,0,2026-04-21 19:46:18.694,,y
334,20251118,2443,2696,2504,1500.0,0,0,0,2026-04-21 19:46:18.697,,y
335,20251212,2586,2698,2509,5.0,0,0,0,2026-04-21 19:46:18.697,,y
336,20251212,2587,2698,2509,5.0,0,0,0,2026-04-21 19:46:18.698,,y
337,20251212,2588,2698,2509,5.0,0,0,0,2026-04-21 19:46:18.698,,y
338,20251212,2589,2698,2509,5.0,0,0,0,2026-04-21 19:46:18.698,,y
339,20251212,2590,2698,2509,5.0,0,0,0,2026-04-21 19:46:18.698,,y
340,20251215,2621,244,2512,450.0,0,0,0,2026-04-21 19:46:18.698,,y
341,20251215,2622,244,2512,450.0,0,0,0,2026-04-21 19:46:18.698,,y
342,20251215,2623,244,2512,450.0,0,0,0,2026-04-21 19:46:18.698,,y
343,20251210,2613,2700,2513,10.0,0,0,0,2026-04-21 19:46:18.699,,y
344,20251216,2531,244,2515,20.0,0,0,0,2026-04-21 19:46:18.699,,y
345,20251216,2532,244,2515,20.0,0,0,0,2026-04-21 19:46:18.699,,y
346,20250311,2441,2646,2467,60.0,0,0,0,2026-04-21 19:46:18.699,,y
347,20250317,2441,2646,2468,26.0,0,0,0,2026-04-21 19:46:18.699,,y
348,20250321,2441,2646,2469,50.0,0,0,0,2026-04-21 19:46:18.699,,y
349,20250326,2441,2646,2470,40.0,0,0,0,2026-04-21 19:46:18.699,,y
350,20250415,2441,2646,2474,19.0,0,0,0,2026-04-21 19:46:18.699,,y
351,20250415,2431,2646,2474,3.0,0,0,0,2026-04-21 19:46:18.699,,y
352,20250328,2441,2410,2475,47.0,0,0,0,2026-04-21 19:46:18.699,,y
353,20250326,2441,2411,2476,16.0,0,0,0,2026-04-21 19:46:18.699,,y
354,20250328,2441,2412,2477,4.0,0,0,0,2026-04-21 19:46:18.699,,y
355,20250325,2441,2413,2478,39.0,0,0,0,2026-04-21 19:46:18.699,,y
356,20250324,2441,2414,2479,1.0,0,0,0,2026-04-21 19:46:18.699,,y
357,20250324,2441,2415,2480,3.0,0,0,0,2026-04-21 19:46:18.699,,y
358,20250315,2441,2416,2481,13.0,0,0,0,2026-04-21 19:46:18.700,,y
359,20250312,2441,2417,2482,8.0,0,0,0,2026-04-21 19:46:18.700,,y
360,20250312,2441,2418,2483,8.0,0,0,0,2026-04-21 19:46:18.700,,y
361,20250312,2441,2419,2484,15.0,0,0,0,2026-04-21 19:46:18.700,,y
362,20250328,2441,2420,2485,29.0,0,0,0,2026-04-21 19:46:18.700,,y
363,20250328,2441,2421,2486,32.0,0,0,0,2026-04-21 19:46:18.700,,y
364,20250328,2441,2422,2487,36.0,0,0,0,2026-04-21 19:46:18.700,,y
365,20250327,2441,2423,2488,7.0,0,0,0,2026-04-21 19:46:18.700,,y
366,20250324,2441,2424,2489,24.0,0,0,0,2026-04-21 19:46:18.700,,y
367,20250326,2441,2425,2490,13.0,0,0,0,2026-04-21 19:46:18.700,,y
368,20250403,2441,2428,2492,3.0,0,0,0,2026-04-21 19:46:18.700,,y
369,20250403,2431,2428,2492,5.0,0,0,0,2026-04-21 19:46:18.700,,y
370,20250315,2441,2428,2493,38.0,0,0,0,2026-04-21 19:46:18.700,,y
371,20250324,2441,2429,2494,23.0,0,0,0,2026-04-21 19:46:18.701,,y
372,20250314,2441,2646,2495,97.0,0,0,0,2026-04-21 19:46:18.701,,y
373,20250315,2441,2431,2496,13.0,0,0,0,2026-04-21 19:46:18.701,,y
374,20250402,2441,2432,2497,7.0,0,0,0,2026-04-21 19:46:18.701,,y
375,20250402,2441,2433,2504,3.0,0,0,0,2026-04-21 19:46:18.701,,y
376,20250402,2441,2434,2513,4.0,0,0,0,2026-04-21 19:46:18.701,,y
377,20250402,2441,2435,2509,4.0,0,0,0,2026-04-21 19:46:18.701,,y
378,20250402,2441,2436,2509,7.0,0,0,0,2026-04-21 19:46:18.701,,y
379,20250402,2441,2437,2509,32.0,0,0,0,2026-04-21 19:46:18.701,,y
380,20241210,2625,2685,2503,432.0,0,0,0,2026-04-21 19:46:18.701,,y
381,20251118,2443,2696,2504,1500.0,0,0,0,2026-04-21 19:46:18.701,,y
382,20251212,2586,2698,2509,5.0,0,0,0,2026-04-21 19:46:18.701,,y
383,20251212,2587,2698,2509,5.0,0,0,0,2026-04-21 19:46:18.701,,y
384,20251212,2588,2698,2509,5.0,0,0,0,2026-04-21 19:46:18.702,,y
385,20251212,2589,2698,2509,5.0,0,0,0,2026-04-21 19:46:18.702,,y
386,20251212,2590,2698,2509,5.0,0,0,0,2026-04-21 19:46:18.702,,y
387,20251215,2621,244,2512,450.0,0,0,0,2026-04-21 19:46:18.702,,y
388,20251215,2622,244,2512,450.0,0,0,0,2026-04-21 19:46:18.702,,y
389,20251215,2623,244,2512,450.0,0,0,0,2026-04-21 19:46:18.702,,y
390,20251210,2613,2700,2513,10.0,0,0,0,2026-04-21 19:46:18.702,,y
391,20251216,2531,244,2515,20.0,0,0,0,2026-04-21 19:46:18.702,,y
392,20251212,2590,2698,2509,5.0,0,0,0,2026-04-21 19:46:18.702,,y
393,20251216,2532,244,2515,20.0,0,0,0,2026-04-21 19:46:18.702,,y
394,20250311,2441,2646,2467,60.0,0,0,0,2026-04-21 19:46:18.702,,y
395,20250317,2441,2646,2468,26.0,0,0,0,2026-04-21 19:46:18.702,,y
396,20250321,2441,2646,2469,50.0,0,0,0,2026-04-21 19:46:18.703,,y
397,20250326,2441,2646,2470,40.0,0,0,0,2026-04-21 19:46:18.703,,y
398,20250403,2441,2646,2472,72.0,0,0,0,2026-04-21 19:46:18.703,,y
399,20250403,2431,2646,2472,3.0,0,0,0,2026-04-21 19:46:18.703,,y
400,20250415,2441,2646,2474,19.0,0,0,0,2026-04-21 19:46:18.703,,y
401,20250415,2431,2646,2474,3.0,0,0,0,2026-04-21 19:46:18.703,,y
402,20250328,2441,2410,2475,47.0,0,0,0,2026-04-21 19:46:18.703,,y
403,20250326,2441,2411,2476,16.0,0,0,0,2026-04-21 19:46:18.703,,y
404,20250328,2441,2412,2477,4.0,0,0,0,2026-04-21 19:46:18.703,,y
405,20250325,2441,2413,2478,39.0,0,0,0,2026-04-21 19:46:18.703,,y
406,20250324,2441,2414,2479,1.0,0,0,0,2026-04-21 19:46:18.703,,y
407,20250324,2441,2415,2480,3.0,0,0,0,2026-04-21 19:46:18.703,,y
408,20250315,2441,2416,2481,13.0,0,0,0,2026-04-21 19:46:18.703,,y
409,20250312,2441,2417,2482,8.0,0,0,0,2026-04-21 19:46:18.703,,y
410,20250312,2441,2418,2483,8.0,0,0,0,2026-04-21 19:46:18.703,,y
411,20250312,2441,2419,2484,15.0,0,0,0,2026-04-21 19:46:18.704,,y
412,20250328,2441,2420,2485,29.0,0,0,0,2026-04-21 19:46:18.704,,y
413,20250328,2441,2421,2486,32.0,0,0,0,2026-04-21 19:46:18.704,,y
414,20250328,2441,2422,2487,36.0,0,0,0,2026-04-21 19:46:18.704,,y
415,20250327,2441,2423,2488,7.0,0,0,0,2026-04-21 19:46:18.705,,y
416,20250324,2441,2424,2489,24.0,0,0,0,2026-04-21 19:46:18.705,,y
417,20250326,2441,2425,2490,13.0,0,0,0,2026-04-21 19:46:18.705,,y
418,20250403,2441,2428,2492,3.0,0,0,0,2026-04-21 19:46:18.705,,y
419,20250403,2431,2428,2492,5.0,0,0,0,2026-04-21 19:46:18.705,,y
420,20250315,2441,2428,2493,38.0,0,0,0,2026-04-21 19:46:18.705,,y
421,20250324,2441,2429,2494,23.0,0,0,0,2026-04-21 19:46:18.705,,y
422,20250314,2441,2646,2495,97.0,0,0,0,2026-04-21 19:46:18.705,,y
423,20250315,2441,2431,2496,13.0,0,0,0,2026-04-21 19:46:18.705,,y
424,20250402,2441,2432,2497,7.0,0,0,0,2026-04-21 19:46:18.705,,y
425,20250402,2441,2433,2504,3.0,0,0,0,2026-04-21 19:46:18.705,,y
426,20250402,2441,2434,2513,4.0,0,0,0,2026-04-21 19:46:18.705,,y
427,20250402,2441,2435,2509,4.0,0,0,0,2026-04-21 19:46:18.705,,y
428,20250402,2441,2436,2509,7.0,0,0,0,2026-04-21 19:46:18.705,,y
429,20250402,2441,2437,2509,32.0,0,0,0,2026-04-21 19:46:18.705,,y
430,20241210,2625,2685,2503,432.0,0,0,0,2026-04-21 19:46:18.705,,y
431,20251118,2443,2696,2504,1500.0,0,0,0,2026-04-21 19:46:18.706,,y
432,20251212,2586,2698,2509,5.0,0,0,0,2026-04-21 19:46:18.706,,y
433,20251212,2587,2698,2509,5.0,0,0,0,2026-04-21 19:46:18.706,,y
434,20251212,2588,2698,2509,5.0,0,0,0,2026-04-21 19:46:18.706,,y
435,20251212,2589,2698,2509,5.0,0,0,0,2026-04-21 19:46:18.706,,y
436,20251215,2621,244,2512,450.0,0,0,0,2026-04-21 19:46:18.706,,y
437,20251215,2622,244,2512,450.0,0,0,0,2026-04-21 19:46:18.706,,y
438,20251215,2623,244,2512,450.0,0,0,0,2026-04-21 19:46:18.706,,y
439,20251210,2613,2700,2513,10.0,0,0,0,2026-04-21 19:46:18.706,,y
440,20251216,2531,244,2515,20.0,0,0,0,2026-04-21 19:46:18.706,,y
441,20251216,2532,244,2515,20.0,0,0,0,2026-04-21 19:46:18.706,,y
442,20250311,2441,2646,2467,60.0,0,0,0,2026-04-21 19:46:18.706,,y
443,20250317,2441,2646,2468,26.0,0,0,0,2026-04-21 19:46:18.707,,y
444,20250321,2441,2646,2469,50.0,0,0,0,2026-04-21 19:46:18.707,,y
445,20250326,2441,2646,2470,40.0,0,0,0,2026-04-21 19:46:18.707,,y
446,20250403,2441,2646,2472,72.0,0,0,0,2026-04-21 19:46:18.707,,y
447,20250403,2431,2646,2472,3.0,0,0,0,2026-04-21 19:46:18.707,,y
448,20250415,2441,2646,2474,19.0,0,0,0,2026-04-21 19:46:18.707,,y
449,20250415,2431,2646,2474,3.0,0,0,0,2026-04-21 19:46:18.707,,y
450,20250328,2441,2410,2475,47.0,0,0,0,2026-04-21 19:46:18.707,,y
451,20250326,2441,2411,2476,16.0,0,0,0,2026-04-21 19:46:18.707,,y
452,20250328,2441,2412,2477,4.0,0,0,0,2026-04-21 19:46:18.707,,y
453,20250325,2441,2413,2478,39.0,0,0,0,2026-04-21 19:46:18.707,,y
454,20250324,2441,2414,2479,1.0,0,0,0,2026-04-21 19:46:18.707,,y
455,20250324,2441,2415,2480,3.0,0,0,0,2026-04-21 19:46:18.708,,y
456,20250315,2441,2416,2481,13.0,0,0,0,2026-04-21 19:46:18.708,,y
457,20250312,2441,2417,2482,8.0,0,0,0,2026-04-21 19:46:18.708,,y
458,20250312,2441,2418,2483,8.0,0,0,0,2026-04-21 19:46:18.708,,y
459,20250312,2441,2419,2484,15.0,0,0,0,2026-04-21 19:46:18.708,,y
460,20250328,2441,2420,2485,29.0,0,0,0,2026-04-21 19:46:18.708,,y
461,20250328,2441,2421,2486,32.0,0,0,0,2026-04-21 19:46:18.708,,y
462,20250328,2441,2422,2487,36.0,0,0,0,2026-04-21 19:46:18.708,,y
463,20250327,2441,2423,2488,7.0,0,0,0,2026-04-21 19:46:18.708,,y
464,20250324,2441,2424,2489,24.0,0,0,0,2026-04-21 19:46:18.708,,y
465,20250326,2441,2425,2490,13.0,0,0,0,2026-04-21 19:46:18.708,,y
466,20250403,2441,2428,2492,3.0,0,0,0,2026-04-21 19:46:18.708,,y
467,20250403,2431,2428,2492,5.0,0,0,0,2026-04-21 19:46:18.708,,y
468,20250315,2441,2428,2493,38.0,0,0,0,2026-04-21 19:46:18.708,,y
469,20250324,2441,2429,2494,23.0,0,0,0,2026-04-21 19:46:18.708,,y
470,20250314,2441,2646,2495,97.0,0,0,0,2026-04-21 19:46:18.709,,y
471,20250315,2441,2431,2496,13.0,0,0,0,2026-04-21 19:46:18.709,,y
472,20250402,2441,2432,2497,7.0,0,0,0,2026-04-21 19:46:18.709,,y
473,20250402,2441,2433,2504,3.0,0,0,0,2026-04-21 19:46:18.709,,y
474,20250402,2441,2434,2513,4.0,0,0,0,2026-04-21 19:46:18.709,,y
475,20250402,2441,2435,2509,4.0,0,0,0,2026-04-21 19:46:18.709,,y
476,20250402,2441,2436,2509,7.0,0,0,0,2026-04-21 19:46:18.719,,y
477,20250402,2441,2437,2509,32.0,0,0,0,2026-04-21 19:46:18.719,,y
478,20241210,2625,2685,2503,432.0,0,0,0,2026-04-21 19:46:18.720,,y
479,20251118,2443,2696,2504,1500.0,0,0,0,2026-04-21 19:46:18.720,,y
480,20251212,2586,2698,2509,5.0,0,0,0,2026-04-21 19:46:18.720,,y
481,20251212,2587,2698,2509,5.0,0,0,0,2026-04-21 19:46:18.720,,y
482,20251212,2588,2698,2509,5.0,0,0,0,2026-04-21 19:46:18.720,,y
483,20251212,2589,2698,2509,5.0,0,0,0,2026-04-21 19:46:18.720,,y
484,20251212,2590,2698,2509,5.0,0,0,0,2026-04-21 19:46:18.720,,y
485,20251215,2621,244,2512,450.0,0,0,0,2026-04-21 19:46:18.720,,y
486,20251215,2622,244,2512,450.0,0,0,0,2026-04-21 19:46:18.720,,y
487,20251215,2623,244,2512,450.0,0,0,0,2026-04-21 19:46:18.720,,y
488,20251210,2613,2700,2513,10.0,0,0,0,2026-04-21 19:46:18.720,,y
489,20251216,2531,244,2515,20.0,0,0,0,2026-04-21 19:46:18.720,,y
490,20251216,2532,244,2515,20.0,0,0,0,2026-04-21 19:46:18.720,,y
491,20250311,2441,2646,2467,60.0,0,0,0,2026-04-21 19:46:18.720,,y
492,20250317,2441,2646,2468,26.0,0,0,0,2026-04-21 19:46:18.720,,y
493,20250321,2441,2646,2469,50.0,0,0,0,2026-04-21 19:46:18.720,,y
494,20250326,2441,2646,2470,40.0,0,0,0,2026-04-21 19:46:18.720,,y
495,20250403,2441,2646,2472,72.0,0,0,0,2026-04-21 19:46:18.721,,y
496,20250403,2431,2646,2472,3.0,0,0,0,2026-04-21 19:46:18.721,,y
497,20250415,2441,2646,2474,19.0,0,0,0,2026-04-21 19:46:18.721,,y
498,20250415,2431,2646,2474,3.0,0,0,0,2026-04-21 19:46:18.721,,y
499,20250328,2441,2410,2475,47.0,0,0,0,2026-04-21 19:46:18.721,,y
500,20250326,2441,2411,2476,16.0,0,0,0,2026-04-21 19:46:18.721,,y
501,20250328,2441,2412,2477,4.0,0,0,0,2026-04-21 19:46:18.721,,y
502,20250325,2441,2413,2478,39.0,0,0,0,2026-04-21 19:46:18.721,,y
503,20250324,2441,2414,2479,1.0,0,0,0,2026-04-21 19:46:18.721,,y
504,20250324,2441,2415,2480,3.0,0,0,0,2026-04-21 19:46:18.721,,y
505,20250315,2441,2416,2481,13.0,0,0,0,2026-04-21 19:46:18.721,,y
506,20250312,2441,2417,2482,8.0,0,0,0,2026-04-21 19:46:18.721,,y
507,20250312,2441,2418,2483,8.0,0,0,0,2026-04-21 19:46:18.721,,y
508,20250312,2441,2419,2484,15.0,0,0,0,2026-04-21 19:46:18.721,,y
509,20250328,2441,2420,2485,29.0,0,0,0,2026-04-21 19:46:18.721,,y
510,20250328,2441,2421,2486,32.0,0,0,0,2026-04-21 19:46:18.721,,y
511,20250328,2441,2422,2487,36.0,0,0,0,2026-04-21 19:46:18.721,,y
512,20250327,2441,2423,2488,7.0,0,0,0,2026-04-21 19:46:18.722,,y
513,20250324,2441,2424,2489,24.0,0,0,0,2026-04-21 19:46:18.726,,y
514,20250326,2441,2425,2490,13.0,0,0,0,2026-04-21 19:46:18.726,,y
515,20250403,2441,2428,2492,3.0,0,0,0,2026-04-21 19:46:18.726,,y
516,20250403,2431,2428,2492,5.0,0,0,0,2026-04-21 19:46:18.726,,y
517,20250315,2441,2428,2493,38.0,0,0,0,2026-04-21 19:46:18.726,,y
518,20250324,2441,2429,2494,23.0,0,0,0,2026-04-21 19:46:18.726,,y
519,20250314,2441,2646,2495,97.0,0,0,0,2026-04-21 19:46:18.726,,y
520,20250315,2441,2431,2496,13.0,0,0,0,2026-04-21 19:46:18.726,,y
521,20250402,2441,2432,2497,7.0,0,0,0,2026-04-21 19:46:18.727,,y
522,20250402,2441,2433,2504,3.0,0,0,0,2026-04-21 19:46:18.727,,y
523,20250402,2441,2434,2513,4.0,0,0,0,2026-04-21 19:46:18.727,,y
524,20250402,2441,2435,2509,4.0,0,0,0,2026-04-21 19:46:18.727,,y
525,20250402,2441,2436,2509,7.0,0,0,0,2026-04-21 19:46:18.727,,y
526,20250402,2441,2437,2509,32.0,0,0,0,2026-04-21 19:46:18.727,,y
527,20241210,2625,2685,2503,432.0,0,0,0,2026-04-21 19:46:18.727,,y
528,20251118,2443,2696,2504,1500.0,0,0,0,2026-04-21 19:46:18.727,,y
529,20251212,2586,2698,2509,5.0,0,0,0,2026-04-21 19:46:18.727,,y
530,20251212,2587,2698,2509,5.0,0,0,0,2026-04-21 19:46:18.727,,y
531,20251212,2588,2698,2509,5.0,0,0,0,2026-04-21 19:46:18.727,,y
532,20251212,2589,2698,2509,5.0,0,0,0,2026-04-21 19:46:18.727,,y
533,20251212,2590,2698,2509,5.0,0,0,0,2026-04-21 19:46:18.727,,y
534,20251215,2621,244,2512,450.0,0,0,0,2026-04-21 19:46:18.727,,y
535,20251215,2622,244,2512,450.0,0,0,0,2026-04-21 19:46:18.727,,y
536,20251215,2623,244,2512,450.0,0,0,0,2026-04-21 19:46:18.727,,y
537,20251210,2613,2700,2513,10.0,0,0,0,2026-04-21 19:46:18.727,,y
538,20251216,2531,244,2515,20.0,0,0,0,2026-04-21 19:46:18.727,,y
539,20251216,2532,244,2515,20.0,0,0,0,2026-04-21 19:46:18.727,,y
540,20250311,2441,2646,2467,60.0,0,0,0,2026-04-21 19:46:18.727,,y
541,20250317,2441,2646,2468,26.0,0,0,0,2026-04-21 19:46:18.727,,y
542,20250321,2441,2646,2469,50.0,0,0,0,2026-04-21 19:46:18.728,,y
543,20250326,2441,2646,2470,40.0,0,0,0,2026-04-21 19:46:18.728,,y
544,20250403,2441,2646,2472,72.0,0,0,0,2026-04-21 19:46:18.728,,y
545,20250403,2431,2646,2472,3.0,0,0,0,2026-04-21 19:46:18.728,,y
546,20250415,2441,2646,2474,19.0,0,0,0,2026-04-21 19:46:18.728,,y
547,20250415,2431,2646,2474,3.0,0,0,0,2026-04-21 19:46:18.728,,y
548,20250328,2441,2410,2475,47.0,0,0,0,2026-04-21 19:46:18.728,,y
549,20250326,2441,2411,2476,16.0,0,0,0,2026-04-21 19:46:18.728,,y
550,20250328,2441,2412,2477,4.0,0,0,0,2026-04-21 19:46:18.728,,y
551,20250325,2441,2413,2478,39.0,0,0,0,2026-04-21 19:46:18.728,,y
552,20250324,2441,2414,2479,1.0,0,0,0,2026-04-21 19:46:18.728,,y
553,20250324,2441,2415,2480,3.0,0,0,0,2026-04-21 19:46:18.728,,y
554,20250315,2441,2416,2481,13.0,0,0,0,2026-04-21 19:46:18.728,,y
555,20250312,2441,2417,2482,8.0,0,0,0,2026-04-21 19:46:18.728,,y
556,20250312,2441,2418,2483,8.0,0,0,0,2026-04-21 19:46:18.728,,y
557,20250312,2441,2419,2484,15.0,0,0,0,2026-04-21 19:46:18.728,,y
558,20250328,2441,2420,2485,29.0,0,0,0,2026-04-21 19:46:18.728,,y
559,20250328,2441,2421,2486,32.0,0,0,0,2026-04-21 19:46:18.728,,y
560,20250328,2441,2422,2487,36.0,0,0,0,2026-04-21 19:46:18.728,,y
561,20250327,2441,2423,2488,7.0,0,0,0,2026-04-21 19:46:18.729,,y
562,20250324,2441,2424,2489,24.0,0,0,0,2026-04-21 19:46:18.729,,y
563,20250326,2441,2425,2490,13.0,0,0,0,2026-04-21 19:46:18.729,,y
564,20250403,2441,2428,2492,3.0,0,0,0,2026-04-21 19:46:18.729,,y
565,20250403,2431,2428,2492,5.0,0,0,0,2026-04-21 19:46:18.729,,y
566,20250403,2441,2646,2472,72.0,0,0,0,2026-04-21 19:46:18.729,,y
567,20250315,2441,2428,2493,38.0,0,0,0,2026-04-21 19:46:18.729,,y
568,20250324,2441,2429,2494,23.0,0,0,0,2026-04-21 19:46:18.729,,y
569,20250314,2441,2646,2495,97.0,0,0,0,2026-04-21 19:46:18.729,,y
570,20250315,2441,2431,2496,13.0,0,0,0,2026-04-21 19:46:18.729,,y
571,20250402,2441,2432,2497,7.0,0,0,0,2026-04-21 19:46:18.729,,y
572,20250402,2441,2433,2504,3.0,0,0,0,2026-04-21 19:46:18.729,,y
573,20250402,2441,2434,2513,4.0,0,0,0,2026-04-21 19:46:18.729,,y
574,20250402,2441,2435,2509,4.0,0,0,0,2026-04-21 19:46:18.729,,y
575,20250402,2441,2436,2509,7.0,0,0,0,2026-04-21 19:46:18.729,,y
576,20250402,2441,2437,2509,32.0,0,0,0,2026-04-21 19:46:18.729,,y
577,20241210,2625,2685,2503,432.0,0,0,0,2026-04-21 19:46:18.729,,y
578,20251118,2443,2696,2504,1500.0,0,0,0,2026-04-21 19:46:18.729,,y
579,20251212,2586,2698,2509,5.0,0,0,0,2026-04-21 19:46:18.729,,y
580,20251212,2587,2698,2509,5.0,0,0,0,2026-04-21 19:46:18.729,,y
581,20251212,2588,2698,2509,5.0,0,0,0,2026-04-21 19:46:18.729,,y
582,20251212,2589,2698,2509,5.0,0,0,0,2026-04-21 19:46:18.729,,y
583,20251212,2590,2698,2509,5.0,0,0,0,2026-04-21 19:46:18.730,,y
584,20251215,2621,244,2512,450.0,0,0,0,2026-04-21 19:46:18.730,,y
585,20251215,2622,244,2512,450.0,0,0,0,2026-04-21 19:46:18.730,,y
586,20251215,2623,244,2512,450.0,0,0,0,2026-04-21 19:46:18.730,,y
587,20251210,2613,2700,2513,10.0,0,0,0,2026-04-21 19:46:18.730,,y
588,20251216,2531,244,2515,20.0,0,0,0,2026-04-21 19:46:18.730,,y
589,20251216,2532,244,2515,20.0,0,0,0,2026-04-21 19:46:18.730,,y
590,20250311,2441,2646,2467,60.0,0,0,0,2026-04-21 19:46:18.730,,y
591,20250317,2441,2646,2468,26.0,0,0,0,2026-04-21 19:46:18.730,,y
592,20250321,2441,2646,2469,50.0,0,0,0,2026-04-21 19:46:18.730,,y
593,20250326,2441,2646,2470,40.0,0,0,0,2026-04-21 19:46:18.730,,y
594,20250403,2441,2646,2472,72.0,0,0,0,2026-04-21 19:46:18.730,,y
595,20250403,2431,2646,2472,3.0,0,0,0,2026-04-21 19:46:18.730,,y
596,20250415,2441,2646,2474,19.0,0,0,0,2026-04-21 19:46:18.730,,y
597,20250415,2431,2646,2474,3.0,0,0,0,2026-04-21 19:46:18.730,,y
598,20250328,2441,2410,2475,47.0,0,0,0,2026-04-21 19:46:18.730,,y
599,20250326,2441,2411,2476,16.0,0,0,0,2026-04-21 19:46:18.730,,y
600,20250328,2441,2412,2477,4.0,0,0,0,2026-04-21 19:46:18.730,,y
601,20250325,2441,2413,2478,39.0,0,0,0,2026-04-21 19:46:18.730,,y
602,20250324,2441,2414,2479,1.0,0,0,0,2026-04-21 19:46:18.731,,y
603,20250324,2441,2415,2480,3.0,0,0,0,2026-04-21 19:46:18.731,,y
604,20250315,2441,2416,2481,13.0,0,0,0,2026-04-21 19:46:18.731,,y
605,20250312,2441,2417,2482,8.0,0,0,0,2026-04-21 19:46:18.731,,y
606,20250312,2441,2418,2483,8.0,0,0,0,2026-04-21 19:46:18.731,,y
607,20250312,2441,2419,2484,15.0,0,0,0,2026-04-21 19:46:18.731,,y
608,20250328,2441,2420,2485,29.0,0,0,0,2026-04-21 19:46:18.731,,y
609,20250328,2441,2421,2486,32.0,0,0,0,2026-04-21 19:46:18.731,,y
610,20250403,2431,2646,2472,3.0,0,0,0,2026-04-21 19:46:18.731,,y
611,20250328,2441,2422,2487,36.0,0,0,0,2026-04-21 19:46:18.731,,y
612,20250327,2441,2423,2488,7.0,0,0,0,2026-04-21 19:46:18.731,,y
613,20250324,2441,2424,2489,24.0,0,0,0,2026-04-21 19:46:18.731,,y
614,20250326,2441,2425,2490,13.0,0,0,0,2026-04-21 19:46:18.731,,y
615,20250403,2441,2428,2492,3.0,0,0,0,2026-04-21 19:46:18.731,,y
616,20250403,2431,2428,2492,5.0,0,0,0,2026-04-21 19:46:18.731,,y
617,20250315,2441,2428,2493,38.0,0,0,0,2026-04-21 19:46:18.731,,y
618,20250324,2441,2429,2494,23.0,0,0,0,2026-04-21 19:46:18.731,,y
619,20250314,2441,2646,2495,97.0,0,0,0,2026-04-21 19:46:18.731,,y
620,20250315,2441,2431,2496,13.0,0,0,0,2026-04-21 19:46:18.731,,y
621,20250402,2441,2432,2497,7.0,0,0,0,2026-04-21 19:46:18.731,,y
622,20250402,2441,2433,2504,3.0,0,0,0,2026-04-21 19:46:18.732,,y
623,20250402,2441,2434,2513,4.0,0,0,0,2026-04-21 19:46:18.732,,y
624,20250402,2441,2435,2509,4.0,0,0,0,2026-04-21 19:46:18.732,,y
625,20250402,2441,2436,2509,7.0,0,0,0,2026-04-21 19:46:18.732,,y
626,20250402,2441,2437,2509,32.0,0,0,0,2026-04-21 19:46:18.732,,y
627,20241210,2625,2685,2503,432.0,0,0,0,2026-04-21 19:46:18.732,,y
628,20251118,2443,2696,2504,1500.0,0,0,0,2026-04-21 19:46:18.732,,y
629,20251212,2586,2698,2509,5.0,0,0,0,2026-04-21 19:46:18.732,,y
630,20251212,2587,2698,2509,5.0,0,0,0,2026-04-21 19:46:18.732,,y
631,20251212,2588,2698,2509,5.0,0,0,0,2026-04-21 19:46:18.732,,y
632,20251212,2589,2698,2509,5.0,0,0,0,2026-04-21 19:46:18.732,,y
633,20251212,2590,2698,2509,5.0,0,0,0,2026-04-21 19:46:18.732,,y
634,20251215,2621,244,2512,450.0,0,0,0,2026-04-21 19:46:18.732,,y
635,20251215,2622,244,2512,450.0,0,0,0,2026-04-21 19:46:18.732,,y
636,20251215,2623,244,2512,450.0,0,0,0,2026-04-21 19:46:18.732,,y
637,20251210,2613,2700,2513,10.0,0,0,0,2026-04-21 19:46:18.732,,y
638,20251216,2531,244,2515,20.0,0,0,0,2026-04-21 19:46:18.732,,y
639,20251216,2532,244,2515,20.0,0,0,0,2026-04-21 19:46:18.733,,y
640,20250311,2441,2646,2467,60.0,0,0,0,2026-04-21 19:46:18.733,,y
641,20250317,2441,2646,2468,26.0,0,0,0,2026-04-21 19:46:18.733,,y
642,20250321,2441,2646,2469,50.0,0,0,0,2026-04-21 19:46:18.733,,y
643,20250326,2441,2646,2470,40.0,0,0,0,2026-04-21 19:46:18.733,,y
644,20250403,2441,2646,2472,72.0,0,0,0,2026-04-21 19:46:18.733,,y
645,20250403,2431,2646,2472,3.0,0,0,0,2026-04-21 19:46:18.733,,y
646,20250415,2441,2646,2474,19.0,0,0,0,2026-04-21 19:46:18.733,,y
647,20250415,2431,2646,2474,3.0,0,0,0,2026-04-21 19:46:18.733,,y
648,20250328,2441,2410,2475,47.0,0,0,0,2026-04-21 19:46:18.733,,y
649,20250326,2441,2411,2476,16.0,0,0,0,2026-04-21 19:46:18.733,,y
650,20250328,2441,2412,2477,4.0,0,0,0,2026-04-21 19:46:18.733,,y
651,20250325,2441,2413,2478,39.0,0,0,0,2026-04-21 19:46:18.733,,y
652,20250324,2441,2414,2479,1.0,0,0,0,2026-04-21 19:46:18.733,,y
653,20250324,2441,2415,2480,3.0,0,0,0,2026-04-21 19:46:18.733,,y
654,20250315,2441,2416,2481,13.0,0,0,0,2026-04-21 19:46:18.733,,y
655,20250312,2441,2417,2482,8.0,0,0,0,2026-04-21 19:46:18.733,,y
656,20250312,2441,2418,2483,8.0,0,0,0,2026-04-21 19:46:18.733,,y
657,20250312,2441,2419,2484,15.0,0,0,0,2026-04-21 19:46:18.734,,y
658,20250328,2441,2420,2485,29.0,0,0,0,2026-04-21 19:46:18.734,,y
659,20250328,2441,2421,2486,32.0,0,0,0,2026-04-21 19:46:18.734,,y
660,20250328,2441,2422,2487,36.0,0,0,0,2026-04-21 19:46:18.734,,y
661,20250327,2441,2423,2488,7.0,0,0,0,2026-04-21 19:46:18.734,,y
662,20250324,2441,2424,2489,24.0,0,0,0,2026-04-21 19:46:18.734,,y
663,20250326,2441,2425,2490,13.0,0,0,0,2026-04-21 19:46:18.734,,y
664,20250403,2441,2428,2492,3.0,0,0,0,2026-04-21 19:46:18.734,,y
665,20250403,2431,2428,2492,5.0,0,0,0,2026-04-21 19:46:18.734,,y
666,20250315,2441,2428,2493,38.0,0,0,0,2026-04-21 19:46:18.734,,y
667,20250324,2441,2429,2494,23.0,0,0,0,2026-04-21 19:46:18.734,,y
668,20250314,2441,2646,2495,97.0,0,0,0,2026-04-21 19:46:18.735,,y
669,20250315,2441,2431,2496,13.0,0,0,0,2026-04-21 19:46:18.735,,y
670,20250402,2441,2432,2497,7.0,0,0,0,2026-04-21 19:46:18.735,,y
671,20250402,2441,2433,2504,3.0,0,0,0,2026-04-21 19:46:18.735,,y
672,20250402,2441,2434,2513,4.0,0,0,0,2026-04-21 19:46:18.735,,y
673,20250402,2441,2435,2509,4.0,0,0,0,2026-04-21 19:46:18.736,,y
674,20250402,2441,2436,2509,7.0,0,0,0,2026-04-21 19:46:18.737,,y
675,20250402,2441,2437,2509,32.0,0,0,0,2026-04-21 19:46:18.737,,y
676,20241210,2625,2685,2503,432.0,0,0,0,2026-04-21 19:46:18.737,,y
677,20251118,2443,2696,2504,1500.0,0,0,0,2026-04-21 19:46:18.737,,y
678,20251212,2586,2698,2509,5.0,0,0,0,2026-04-21 19:46:18.737,,y
679,20251212,2587,2698,2509,5.0,0,0,0,2026-04-21 19:46:18.737,,y
680,20251212,2588,2698,2509,5.0,0,0,0,2026-04-21 19:46:18.737,,y
681,20251212,2589,2698,2509,5.0,0,0,0,2026-04-21 19:46:18.737,,y
682,20251212,2590,2698,2509,5.0,0,0,0,2026-04-21 19:46:18.737,,y
683,20251215,2621,244,2512,450.0,0,0,0,2026-04-21 19:46:18.737,,y
684,20251215,2622,244,2512,450.0,0,0,0,2026-04-21 19:46:18.737,,y
685,20251215,2623,244,2512,450.0,0,0,0,2026-04-21 19:46:18.738,,y
686,20251210,2613,2700,2513,10.0,0,0,0,2026-04-21 19:46:18.738,,y
687,20251216,2531,244,2515,20.0,0,0,0,2026-04-21 19:46:18.738,,y
688,20251216,2532,244,2515,20.0,0,0,0,2026-04-21 19:46:18.738,,y
689,20250311,2441,2646,2467,60.0,0,0,0,2026-04-21 19:46:18.738,,y
690,20250317,2441,2646,2468,26.0,0,0,0,2026-04-21 19:46:18.738,,y
691,20250321,2441,2646,2469,50.0,0,0,0,2026-04-21 19:46:18.738,,y
692,20250326,2441,2646,2470,40.0,0,0,0,2026-04-21 19:46:18.738,,y
693,20250403,2441,2646,2472,72.0,0,0,0,2026-04-21 19:46:18.738,,y
694,20250403,2431,2646,2472,3.0,0,0,0,2026-04-21 19:46:18.738,,y
695,20250415,2441,2646,2474,19.0,0,0,0,2026-04-21 19:46:18.738,,y
696,20250415,2431,2646,2474,3.0,0,0,0,2026-04-21 19:46:18.738,,y
697,20250328,2441,2410,2475,47.0,0,0,0,2026-04-21 19:46:18.738,,y
698,20250326,2441,2411,2476,16.0,0,0,0,2026-04-21 19:46:18.738,,y
699,20250328,2441,2412,2477,4.0,0,0,0,2026-04-21 19:46:18.738,,y
700,20250325,2441,2413,2478,39.0,0,0,0,2026-04-21 19:46:18.738,,y
701,20250324,2441,2414,2479,1.0,0,0,0,2026-04-21 19:46:18.738,,y
702,20250324,2441,2415,2480,3.0,0,0,0,2026-04-21 19:46:18.738,,y
703,20250315,2441,2416,2481,13.0,0,0,0,2026-04-21 19:46:18.739,,y
704,20250312,2441,2417,2482,8.0,0,0,0,2026-04-21 19:46:18.739,,y
705,20250312,2441,2418,2483,8.0,0,0,0,2026-04-21 19:46:18.739,,y
706,20250312,2441,2419,2484,15.0,0,0,0,2026-04-21 19:46:18.739,,y
707,20250328,2441,2420,2485,29.0,0,0,0,2026-04-21 19:46:18.739,,y
708,20250328,2441,2421,2486,32.0,0,0,0,2026-04-21 19:46:18.739,,y
709,20250328,2441,2422,2487,36.0,0,0,0,2026-04-21 19:46:18.739,,y
710,20250327,2441,2423,2488,7.0,0,0,0,2026-04-21 19:46:18.739,,y
711,20250324,2441,2424,2489,24.0,0,0,0,2026-04-21 19:46:18.739,,y
712,20250326,2441,2425,2490,13.0,0,0,0,2026-04-21 19:46:18.739,,y
713,20250403,2441,2428,2492,3.0,0,0,0,2026-04-21 19:46:18.739,,y
714,20250403,2431,2428,2492,5.0,0,0,0,2026-04-21 19:46:18.739,,y
715,20250315,2441,2428,2493,38.0,0,0,0,2026-04-21 19:46:18.739,,y
716,20250324,2441,2429,2494,23.0,0,0,0,2026-04-21 19:46:18.739,,y
717,20250314,2441,2646,2495,97.0,0,0,0,2026-04-21 19:46:18.740,,y
718,20250315,2441,2431,2496,13.0,0,0,0,2026-04-21 19:46:18.740,,y
719,20250402,2441,2432,2497,7.0,0,0,0,2026-04-21 19:46:18.740,,y
720,20250402,2441,2433,2504,3.0,0,0,0,2026-04-21 19:46:18.740,,y
721,20250402,2441,2434,2513,4.0,0,0,0,2026-04-21 19:46:18.740,,y
722,20250402,2441,2435,2509,4.0,0,0,0,2026-04-21 19:46:18.740,,y
723,20250402,2441,2436,2509,7.0,0,0,0,2026-04-21 19:46:18.740,,y
724,20250402,2441,2437,2509,32.0,0,0,0,2026-04-21 19:46:18.740,,y
725,20241210,2625,2685,2503,432.0,0,0,0,2026-04-21 19:46:18.740,,y
726,20251118,2443,2696,2504,1500.0,0,0,0,2026-04-21 19:46:18.740,,y
727,20251212,2586,2698,2509,5.0,0,0,0,2026-04-21 19:46:18.740,,y
728,20251212,2587,2698,2509,5.0,0,0,0,2026-04-21 19:46:18.740,,y
729,20251212,2588,2698,2509,5.0,0,0,0,2026-04-21 19:46:18.742,,y
730,20251212,2589,2698,2509,5.0,0,0,0,2026-04-21 19:46:18.742,,y
731,20251212,2590,2698,2509,5.0,0,0,0,2026-04-21 19:46:18.743,,y
732,20251215,2621,244,2512,450.0,0,0,0,2026-04-21 19:46:18.743,,y
733,20251215,2622,244,2512,450.0,0,0,0,2026-04-21 19:46:18.743,,y
734,20251215,2623,244,2512,450.0,0,0,0,2026-04-21 19:46:18.743,,y
735,20251210,2613,2700,2513,10.0,0,0,0,2026-04-21 19:46:18.743,,y
736,20251216,2531,244,2515,20.0,0,0,0,2026-04-21 19:46:18.743,,y
737,20251216,2532,244,2515,20.0,0,0,0,2026-04-21 19:46:18.744,,y
738,20250311,2441,2646,2467,60.0,0,0,0,2026-04-21 19:46:18.744,,y
739,20250317,2441,2646,2468,26.0,0,0,0,2026-04-21 19:46:18.744,,y
740,20250321,2441,2646,2469,50.0,0,0,0,2026-04-21 19:46:18.744,,y
741,20250326,2441,2646,2470,40.0,0,0,0,2026-04-21 19:46:18.744,,y
742,20250415,2441,2646,2474,19.0,0,0,0,2026-04-21 19:46:18.744,,y
743,20250415,2431,2646,2474,3.0,0,0,0,2026-04-21 19:46:18.744,,y
744,20250328,2441,2410,2475,47.0,0,0,0,2026-04-21 19:46:18.745,,y
745,20250326,2441,2411,2476,16.0,0,0,0,2026-04-21 19:46:18.745,,y
746,20250328,2441,2412,2477,4.0,0,0,0,2026-04-21 19:46:18.745,,y
747,20250325,2441,2413,2478,39.0,0,0,0,2026-04-21 19:46:18.745,,y
748,20250324,2441,2414,2479,1.0,0,0,0,2026-04-21 19:46:18.745,,y
749,20250324,2441,2415,2480,3.0,0,0,0,2026-04-21 19:46:18.745,,y
750,20250315,2441,2416,2481,13.0,0,0,0,2026-04-21 19:46:18.745,,y
751,20250312,2441,2417,2482,8.0,0,0,0,2026-04-21 19:46:18.745,,y
752,20250312,2441,2418,2483,8.0,0,0,0,2026-04-21 19:46:18.745,,y
753,20250312,2441,2419,2484,15.0,0,0,0,2026-04-21 19:46:18.745,,y
754,20250328,2441,2420,2485,29.0,0,0,0,2026-04-21 19:46:18.745,,y
755,20250328,2441,2421,2486,32.0,0,0,0,2026-04-21 19:46:18.745,,y
756,20250328,2441,2422,2487,36.0,0,0,0,2026-04-21 19:46:18.746,,y
757,20250327,2441,2423,2488,7.0,0,0,0,2026-04-21 19:46:18.746,,y
758,20250324,2441,2424,2489,24.0,0,0,0,2026-04-21 19:46:18.746,,y
759,20250326,2441,2425,2490,13.0,0,0,0,2026-04-21 19:46:18.746,,y
760,20250403,2441,2428,2492,3.0,0,0,0,2026-04-21 19:46:18.746,,y
761,20250403,2431,2428,2492,5.0,0,0,0,2026-04-21 19:46:18.746,,y
762,20250315,2441,2428,2493,38.0,0,0,0,2026-04-21 19:46:18.746,,y
763,20250324,2441,2429,2494,23.0,0,0,0,2026-04-21 19:46:18.746,,y
764,20250314,2441,2646,2495,97.0,0,0,0,2026-04-21 19:46:18.746,,y
765,20250315,2441,2431,2496,13.0,0,0,0,2026-04-21 19:46:18.746,,y
766,20250402,2441,2432,2497,7.0,0,0,0,2026-04-21 19:46:18.746,,y
767,20250402,2441,2433,2504,3.0,0,0,0,2026-04-21 19:46:18.746,,y
768,20250402,2441,2434,2513,4.0,0,0,0,2026-04-21 19:46:18.746,,y
769,20250402,2441,2435,2509,4.0,0,0,0,2026-04-21 19:46:18.747,,y
770,20250402,2441,2436,2509,7.0,0,0,0,2026-04-21 19:46:18.747,,y
771,20250402,2441,2437,2509,32.0,0,0,0,2026-04-21 19:46:18.747,,y
772,20241210,2625,2685,2503,432.0,0,0,0,2026-04-21 19:46:18.747,,y
773,20251118,2443,2696,2504,1500.0,0,0,0,2026-04-21 19:46:18.747,,y
774,20251212,2586,2698,2509,5.0,0,0,0,2026-04-21 19:46:18.747,,y
775,20251212,2587,2698,2509,5.0,0,0,0,2026-04-21 19:46:18.747,,y
776,20251212,2588,2698,2509,5.0,0,0,0,2026-04-21 19:46:18.747,,y
777,20251212,2589,2698,2509,5.0,0,0,0,2026-04-21 19:46:18.747,,y
778,20251212,2590,2698,2509,5.0,0,0,0,2026-04-21 19:46:18.747,,y
779,20251215,2621,244,2512,450.0,0,0,0,2026-04-21 19:46:18.747,,y
780,20251215,2622,244,2512,450.0,0,0,0,2026-04-21 19:46:18.747,,y
781,20251215,2623,244,2512,450.0,0,0,0,2026-04-21 19:46:18.747,,y
782,20251210,2613,2700,2513,10.0,0,0,0,2026-04-21 19:46:18.747,,y
783,20251216,2531,244,2515,20.0,0,0,0,2026-04-21 19:46:18.747,,y
784,20251212,2590,2698,2509,5.0,0,0,0,2026-04-21 19:46:18.747,,y
785,20251216,2532,244,2515,20.0,0,0,0,2026-04-21 19:46:18.747,,y
786,20250311,2441,2646,2467,60.0,0,0,0,2026-04-21 19:46:18.748,,y
787,20250317,2441,2646,2468,26.0,0,0,0,2026-04-21 19:46:18.748,,y
788,20250321,2441,2646,2469,50.0,0,0,0,2026-04-21 19:46:18.748,,y
789,20250326,2441,2646,2470,40.0,0,0,0,2026-04-21 19:46:18.748,,y
790,20250403,2441,2646,2472,72.0,0,0,0,2026-04-21 19:46:18.748,,y
791,20250403,2431,2646,2472,3.0,0,0,0,2026-04-21 19:46:18.748,,y
792,20250415,2441,2646,2474,19.0,0,0,0,2026-04-21 19:46:18.748,,y
793,20250415,2431,2646,2474,3.0,0,0,0,2026-04-21 19:46:18.748,,y
794,20250328,2441,2410,2475,47.0,0,0,0,2026-04-21 19:46:18.748,,y
795,20250326,2441,2411,2476,16.0,0,0,0,2026-04-21 19:46:18.748,,y
796,20250328,2441,2412,2477,4.0,0,0,0,2026-04-21 19:46:18.748,,y
797,20250325,2441,2413,2478,39.0,0,0,0,2026-04-21 19:46:18.748,,y
798,20250324,2441,2414,2479,1.0,0,0,0,2026-04-21 19:46:18.748,,y
799,20250324,2441,2415,2480,3.0,0,0,0,2026-04-21 19:46:18.748,,y
800,20250315,2441,2416,2481,13.0,0,0,0,2026-04-21 19:46:18.748,,y
801,20250312,2441,2417,2482,8.0,0,0,0,2026-04-21 19:46:18.748,,y
802,20250312,2441,2418,2483,8.0,0,0,0,2026-04-21 19:46:18.748,,y
803,20250312,2441,2419,2484,15.0,0,0,0,2026-04-21 19:46:18.748,,y
804,20250328,2441,2420,2485,29.0,0,0,0,2026-04-21 19:46:18.748,,y
805,20250328,2441,2421,2486,32.0,0,0,0,2026-04-21 19:46:18.748,,y
806,20250328,2441,2422,2487,36.0,0,0,0,2026-04-21 19:46:18.748,,y
807,20250327,2441,2423,2488,7.0,0,0,0,2026-04-21 19:46:18.749,,y
808,20250324,2441,2424,2489,24.0,0,0,0,2026-04-21 19:46:18.749,,y
809,20250326,2441,2425,2490,13.0,0,0,0,2026-04-21 19:46:18.749,,y
810,20250403,2441,2428,2492,3.0,0,0,0,2026-04-21 19:46:18.749,,y
811,20250403,2431,2428,2492,5.0,0,0,0,2026-04-21 19:46:18.749,,y
812,20250315,2441,2428,2493,38.0,0,0,0,2026-04-21 19:46:18.749,,y
813,20250324,2441,2429,2494,23.0,0,0,0,2026-04-21 19:46:18.749,,y
814,20250314,2441,2646,2495,97.0,0,0,0,2026-04-21 19:46:18.749,,y
815,20250315,2441,2431,2496,13.0,0,0,0,2026-04-21 19:46:18.749,,y
816,20250402,2441,2432,2497,7.0,0,0,0,2026-04-21 19:46:18.749,,y
817,20250402,2441,2433,2504,3.0,0,0,0,2026-04-21 19:46:18.749,,y
818,20250402,2441,2434,2513,4.0,0,0,0,2026-04-21 19:46:18.749,,y
819,20250402,2441,2435,2509,4.0,0,0,0,2026-04-21 19:46:18.749,,y
820,20250402,2441,2436,2509,7.0,0,0,0,2026-04-21 19:46:18.749,,y
821,20250402,2441,2437,2509,32.0,0,0,0,2026-04-21 19:46:18.749,,y
822,20241210,2625,2685,2503,432.0,0,0,0,2026-04-21 19:46:18.749,,y
823,20251118,2443,2696,2504,1500.0,0,0,0,2026-04-21 19:46:18.749,,y
824,20251212,2586,2698,2509,5.0,0,0,0,2026-04-21 19:46:18.749,,y
825,20251212,2587,2698,2509,5.0,0,0,0,2026-04-21 19:46:18.749,,y
826,20251212,2588,2698,2509,5.0,0,0,0,2026-04-21 19:46:18.749,,y
827,20251212,2589,2698,2509,5.0,0,0,0,2026-04-21 19:46:18.749,,y
828,20251215,2621,244,2512,450.0,0,0,0,2026-04-21 19:46:18.750,,y
829,20251215,2622,244,2512,450.0,0,0,0,2026-04-21 19:46:18.750,,y
830,20251215,2623,244,2512,450.0,0,0,0,2026-04-21 19:46:18.750,,y
831,20251210,2613,2700,2513,10.0,0,0,0,2026-04-21 19:46:18.750,,y
832,20251216,2531,244,2515,20.0,0,0,0,2026-04-21 19:46:18.750,,y
833,20251216,2532,244,2515,20.0,0,0,0,2026-04-21 19:46:18.750,,y
834,20250311,2441,2646,2467,60.0,0,0,0,2026-04-21 19:46:18.750,,y
835,20250317,2441,2646,2468,26.0,0,0,0,2026-04-21 19:46:18.750,,y
836,20250321,2441,2646,2469,50.0,0,0,0,2026-04-21 19:46:18.750,,y
837,20250326,2441,2646,2470,40.0,0,0,0,2026-04-21 19:46:18.750,,y
838,20250403,2441,2646,2472,72.0,0,0,0,2026-04-21 19:46:18.750,,y
839,20250403,2431,2646,2472,3.0,0,0,0,2026-04-21 19:46:18.750,,y
840,20250415,2441,2646,2474,19.0,0,0,0,2026-04-21 19:46:18.750,,y
841,20250415,2431,2646,2474,3.0,0,0,0,2026-04-21 19:46:18.750,,y
842,20250328,2441,2410,2475,47.0,0,0,0,2026-04-21 19:46:18.750,,y
843,20250326,2441,2411,2476,16.0,0,0,0,2026-04-21 19:46:18.750,,y
844,20250328,2441,2412,2477,4.0,0,0,0,2026-04-21 19:46:18.750,,y
845,20250325,2441,2413,2478,39.0,0,0,0,2026-04-21 19:46:18.750,,y
846,20250324,2441,2414,2479,1.0,0,0,0,2026-04-21 19:46:18.750,,y
847,20250324,2441,2415,2480,3.0,0,0,0,2026-04-21 19:46:18.750,,y
848,20250315,2441,2416,2481,13.0,0,0,0,2026-04-21 19:46:18.750,,y
849,20250312,2441,2417,2482,8.0,0,0,0,2026-04-21 19:46:18.750,,y
850,20250312,2441,2418,2483,8.0,0,0,0,2026-04-21 19:46:18.751,,y
851,20250312,2441,2419,2484,15.0,0,0,0,2026-04-21 19:46:18.751,,y
852,20250328,2441,2420,2485,29.0,0,0,0,2026-04-21 19:46:18.751,,y
853,20250328,2441,2421,2486,32.0,0,0,0,2026-04-21 19:46:18.751,,y
854,20250328,2441,2422,2487,36.0,0,0,0,2026-04-21 19:46:18.751,,y
855,20250327,2441,2423,2488,7.0,0,0,0,2026-04-21 19:46:18.751,,y
856,20250324,2441,2424,2489,24.0,0,0,0,2026-04-21 19:46:18.751,,y
857,20250326,2441,2425,2490,13.0,0,0,0,2026-04-21 19:46:18.751,,y
858,20250403,2441,2428,2492,3.0,0,0,0,2026-04-21 19:46:18.751,,y
859,20250403,2431,2428,2492,5.0,0,0,0,2026-04-21 19:46:18.751,,y
860,20250315,2441,2428,2493,38.0,0,0,0,2026-04-21 19:46:18.751,,y
861,20250324,2441,2429,2494,23.0,0,0,0,2026-04-21 19:46:18.751,,y
862,20250314,2441,2646,2495,97.0,0,0,0,2026-04-21 19:46:18.751,,y
863,20250315,2441,2431,2496,13.0,0,0,0,2026-04-21 19:46:18.751,,y
864,20250402,2441,2432,2497,7.0,0,0,0,2026-04-21 19:46:18.751,,y
865,20250402,2441,2433,2504,3.0,0,0,0,2026-04-21 19:46:18.751,,y
866,20250402,2441,2434,2513,4.0,0,0,0,2026-04-21 19:46:18.751,,y
867,20250402,2441,2435,2509,4.0,0,0,0,2026-04-21 19:46:18.751,,y
868,20250402,2441,2436,2509,7.0,0,0,0,2026-04-21 19:46:18.751,,y
869,20250402,2441,2437,2509,32.0,0,0,0,2026-04-21 19:46:18.751,,y
870,20241210,2625,2685,2503,432.0,0,0,0,2026-04-21 19:46:18.751,,y
871,20251118,2443,2696,2504,1500.0,0,0,0,2026-04-21 19:46:18.751,,y
872,20251212,2586,2698,2509,5.0,0,0,0,2026-04-21 19:46:18.752,,y
873,20251212,2587,2698,2509,5.0,0,0,0,2026-04-21 19:46:18.752,,y
874,20251212,2588,2698,2509,5.0,0,0,0,2026-04-21 19:46:18.752,,y
875,20251212,2589,2698,2509,5.0,0,0,0,2026-04-21 19:46:18.753,,y
876,20251212,2590,2698,2509,5.0,0,0,0,2026-04-21 19:46:18.753,,y
877,20251215,2621,244,2512,450.0,0,0,0,2026-04-21 19:46:18.753,,y
878,20251215,2622,244,2512,450.0,0,0,0,2026-04-21 19:46:18.753,,y
879,20251215,2623,244,2512,450.0,0,0,0,2026-04-21 19:46:18.753,,y
880,20251210,2613,2700,2513,10.0,0,0,0,2026-04-21 19:46:18.753,,y
881,20251216,2531,244,2515,20.0,0,0,0,2026-04-21 19:46:18.753,,y
882,20251216,2532,244,2515,20.0,0,0,0,2026-04-21 19:46:18.753,,y
883,20250311,2441,2646,2467,60.0,0,0,0,2026-04-21 19:46:18.753,,y
884,20250317,2441,2646,2468,26.0,0,0,0,2026-04-21 19:46:18.753,,y
885,20250321,2441,2646,2469,50.0,0,0,0,2026-04-21 19:46:18.755,,y
886,20250326,2441,2646,2470,40.0,0,0,0,2026-04-21 19:46:18.756,,y
887,20250403,2441,2646,2472,72.0,0,0,0,2026-04-21 19:46:18.756,,y
888,20250403,2431,2646,2472,3.0,0,0,0,2026-04-21 19:46:18.760,,y
889,20250415,2441,2646,2474,19.0,0,0,0,2026-04-21 19:46:18.763,,y
890,20250415,2431,2646,2474,3.0,0,0,0,2026-04-21 19:46:18.763,,y
891,20250328,2441,2410,2475,47.0,0,0,0,2026-04-21 19:46:18.763,,y
892,20250326,2441,2411,2476,16.0,0,0,0,2026-04-21 19:46:18.763,,y
893,20250328,2441,2412,2477,4.0,0,0,0,2026-04-21 19:46:18.763,,y
894,20250325,2441,2413,2478,39.0,0,0,0,2026-04-21 19:46:18.763,,y
895,20250324,2441,2414,2479,1.0,0,0,0,2026-04-21 19:46:18.763,,y
896,20250324,2441,2415,2480,3.0,0,0,0,2026-04-21 19:46:18.763,,y
897,20250315,2441,2416,2481,13.0,0,0,0,2026-04-21 19:46:18.763,,y
898,20250312,2441,2417,2482,8.0,0,0,0,2026-04-21 19:46:18.763,,y
899,20250312,2441,2418,2483,8.0,0,0,0,2026-04-21 19:46:18.763,,y
900,20250312,2441,2419,2484,15.0,0,0,0,2026-04-21 19:46:18.763,,y
901,20250328,2441,2420,2485,29.0,0,0,0,2026-04-21 19:46:18.763,,y
902,20250328,2441,2421,2486,32.0,0,0,0,2026-04-21 19:46:18.763,,y
903,20250328,2441,2422,2487,36.0,0,0,0,2026-04-21 19:46:18.763,,y
904,20250327,2441,2423,2488,7.0,0,0,0,2026-04-21 19:46:18.763,,y
905,20250324,2441,2424,2489,24.0,0,0,0,2026-04-21 19:46:18.763,,y
906,20250326,2441,2425,2490,13.0,0,0,0,2026-04-21 19:46:18.763,,y
907,20250403,2441,2428,2492,3.0,0,0,0,2026-04-21 19:46:18.763,,y
908,20250403,2431,2428,2492,5.0,0,0,0,2026-04-21 19:46:18.764,,y
909,20250315,2441,2428,2493,38.0,0,0,0,2026-04-21 19:46:18.764,,y
910,20250324,2441,2429,2494,23.0,0,0,0,2026-04-21 19:46:18.764,,y
911,20250314,2441,2646,2495,97.0,0,0,0,2026-04-21 19:46:18.764,,y
912,20250315,2441,2431,2496,13.0,0,0,0,2026-04-21 19:46:18.764,,y
913,20250402,2441,2432,2497,7.0,0,0,0,2026-04-21 19:46:18.764,,y
914,20250402,2441,2433,2504,3.0,0,0,0,2026-04-21 19:46:18.764,,y
915,20250402,2441,2434,2513,4.0,0,0,0,2026-04-21 19:46:18.764,,y
916,20250402,2441,2435,2509,4.0,0,0,0,2026-04-21 19:46:18.764,,y
917,20250402,2441,2436,2509,7.0,0,0,0,2026-04-21 19:46:18.764,,y
918,20250402,2441,2437,2509,32.0,0,0,0,2026-04-21 19:46:18.764,,y
919,20241210,2625,2685,2503,432.0,0,0,0,2026-04-21 19:46:18.764,,y
920,20251118,2443,2696,2504,1500.0,0,0,0,2026-04-21 19:46:18.764,,y
921,20251212,2586,2698,2509,5.0,0,0,0,2026-04-21 19:46:18.764,,y
922,20251212,2587,2698,2509,5.0,0,0,0,2026-04-21 19:46:18.765,,y
923,20251212,2588,2698,2509,5.0,0,0,0,2026-04-21 19:46:18.772,,y
924,20251212,2589,2698,2509,5.0,0,0,0,2026-04-21 19:46:18.772,,y
925,20251212,2590,2698,2509,5.0,0,0,0,2026-04-21 19:46:18.772,,y
926,20251215,2621,244,2512,450.0,0,0,0,2026-04-21 19:46:18.772,,y
927,20251215,2622,244,2512,450.0,0,0,0,2026-04-21 19:46:18.773,,y
928,20251215,2623,244,2512,450.0,0,0,0,2026-04-21 19:46:18.773,,y
929,20251210,2613,2700,2513,10.0,0,0,0,2026-04-21 19:46:18.773,,y
930,20251216,2531,244,2515,20.0,0,0,0,2026-04-21 19:46:18.773,,y
931,20251216,2532,244,2515,20.0,0,0,0,2026-04-21 19:46:18.773,,y
932,20250311,2441,2646,2467,60.0,0,0,0,2026-04-21 19:46:18.773,,y
933,20250317,2441,2646,2468,26.0,0,0,0,2026-04-21 19:46:18.773,,y
934,20250321,2441,2646,2469,50.0,0,0,0,2026-04-21 19:46:18.773,,y
935,20250326,2441,2646,2470,40.0,0,0,0,2026-04-21 19:46:18.773,,y
936,20250403,2441,2646,2472,72.0,0,0,0,2026-04-21 19:46:18.773,,y
937,20250403,2431,2646,2472,3.0,0,0,0,2026-04-21 19:46:18.773,,y
938,20250415,2441,2646,2474,19.0,0,0,0,2026-04-21 19:46:18.773,,y
939,20250415,2431,2646,2474,3.0,0,0,0,2026-04-21 19:46:18.776,,y
940,20250328,2441,2410,2475,47.0,0,0,0,2026-04-21 19:46:18.776,,y
941,20250326,2441,2411,2476,16.0,0,0,0,2026-04-21 19:46:18.776,,y
942,20250328,2441,2412,2477,4.0,0,0,0,2026-04-21 19:46:18.777,,y
943,20250325,2441,2413,2478,39.0,0,0,0,2026-04-21 19:46:18.777,,y
944,20250324,2441,2414,2479,1.0,0,0,0,2026-04-21 19:46:18.777,,y
945,20250324,2441,2415,2480,3.0,0,0,0,2026-04-21 19:46:18.777,,y
946,20250315,2441,2416,2481,13.0,0,0,0,2026-04-21 19:46:18.777,,y
947,20250312,2441,2417,2482,8.0,0,0,0,2026-04-21 19:46:18.777,,y
948,20250312,2441,2418,2483,8.0,0,0,0,2026-04-21 19:46:18.777,,y
949,20250312,2441,2419,2484,15.0,0,0,0,2026-04-21 19:46:18.777,,y
950,20250328,2441,2420,2485,29.0,0,0,0,2026-04-21 19:46:18.777,,y
951,20250328,2441,2421,2486,32.0,0,0,0,2026-04-21 19:46:18.777,,y
952,20250328,2441,2422,2487,36.0,0,0,0,2026-04-21 19:46:18.777,,y
953,20250327,2441,2423,2488,7.0,0,0,0,2026-04-21 19:46:18.777,,y
954,20250324,2441,2424,2489,24.0,0,0,0,2026-04-21 19:46:18.777,,y
955,20250326,2441,2425,2490,13.0,0,0,0,2026-04-21 19:46:18.777,,y
956,20250403,2441,2428,2492,3.0,0,0,0,2026-04-21 19:46:18.777,,y
957,20250403,2431,2428,2492,5.0,0,0,0,2026-04-21 19:46:18.777,,y
958,20250403,2441,2646,2472,72.0,0,0,0,2026-04-21 19:46:18.777,,y
959,20250315,2441,2428,2493,38.0,0,0,0,2026-04-21 19:46:18.777,,y
960,20250324,2441,2429,2494,23.0,0,0,0,2026-04-21 19:46:18.777,,y
961,20250314,2441,2646,2495,97.0,0,0,0,2026-04-21 19:46:18.778,,y
962,20250315,2441,2431,2496,13.0,0,0,0,2026-04-21 19:46:18.778,,y
963,20250402,2441,2432,2497,7.0,0,0,0,2026-04-21 19:46:18.778,,y
964,20250402,2441,2433,2504,3.0,0,0,0,2026-04-21 19:46:18.778,,y
965,20250402,2441,2434,2513,4.0,0,0,0,2026-04-21 19:46:18.781,,y
966,20250402,2441,2435,2509,4.0,0,0,0,2026-04-21 19:46:18.781,,y
967,20250402,2441,2436,2509,7.0,0,0,0,2026-04-21 19:46:18.781,,y
968,20250402,2441,2437,2509,32.0,0,0,0,2026-04-21 19:46:18.781,,y
969,20241210,2625,2685,2503,432.0,0,0,0,2026-04-21 19:46:18.781,,y
970,20251118,2443,2696,2504,1500.0,0,0,0,2026-04-21 19:46:18.782,,y
971,20251212,2586,2698,2509,5.0,0,0,0,2026-04-21 19:46:18.782,,y
972,20251212,2587,2698,2509,5.0,0,0,0,2026-04-21 19:46:18.782,,y
973,20251212,2588,2698,2509,5.0,0,0,0,2026-04-21 19:46:18.782,,y
974,20251212,2589,2698,2509,5.0,0,0,0,2026-04-21 19:46:18.782,,y
975,20251212,2590,2698,2509,5.0,0,0,0,2026-04-21 19:46:18.782,,y
976,20251215,2621,244,2512,450.0,0,0,0,2026-04-21 19:46:18.782,,y
977,20251215,2622,244,2512,450.0,0,0,0,2026-04-21 19:46:18.782,,y
978,20251215,2623,244,2512,450.0,0,0,0,2026-04-21 19:46:18.782,,y
979,20251210,2613,2700,2513,10.0,0,0,0,2026-04-21 19:46:18.782,,y
980,20251216,2531,244,2515,20.0,0,0,0,2026-04-21 19:46:18.782,,y
981,20251216,2532,244,2515,20.0,0,0,0,2026-04-21 19:46:18.782,,y
982,20250311,2441,2646,2467,60.0,0,0,0,2026-04-21 19:46:18.782,,y
983,20250317,2441,2646,2468,26.0,0,0,0,2026-04-21 19:46:18.782,,y
984,20250321,2441,2646,2469,50.0,0,0,0,2026-04-21 19:46:18.782,,y
985,20250326,2441,2646,2470,40.0,0,0,0,2026-04-21 19:46:18.782,,y
986,20250403,2441,2646,2472,72.0,0,0,0,2026-04-21 19:46:18.782,,y
987,20250403,2431,2646,2472,3.0,0,0,0,2026-04-21 19:46:18.782,,y
988,20250415,2441,2646,2474,19.0,0,0,0,2026-04-21 19:46:18.782,,y
989,20250415,2431,2646,2474,3.0,0,0,0,2026-04-21 19:46:18.782,,y
990,20250328,2441,2410,2475,47.0,0,0,0,2026-04-21 19:46:18.782,,y
991,20250326,2441,2411,2476,16.0,0,0,0,2026-04-21 19:46:18.782,,y
992,20250328,2441,2412,2477,4.0,0,0,0,2026-04-21 19:46:18.782,,y
993,20250325,2441,2413,2478,39.0,0,0,0,2026-04-21 19:46:18.782,,y
994,20250324,2441,2414,2479,1.0,0,0,0,2026-04-21 19:46:18.782,,y
995,20250324,2441,2415,2480,3.0,0,0,0,2026-04-21 19:46:18.782,,y
996,20250315,2441,2416,2481,13.0,0,0,0,2026-04-21 19:46:18.783,,y
997,20250312,2441,2417,2482,8.0,0,0,0,2026-04-21 19:46:18.783,,y
998,20250312,2441,2418,2483,8.0,0,0,0,2026-04-21 19:46:18.783,,y
999,20250312,2441,2419,2484,15.0,0,0,0,2026-04-21 19:46:18.783,,y
1000,20250328,2441,2420,2485,29.0,0,0,0,2026-04-21 19:46:18.783,,y
1001,20250328,2441,2421,2486,32.0,0,0,0,2026-04-21 19:46:18.783,,y
1002,20250403,2431,2646,2472,3.0,0,0,0,2026-04-21 19:46:18.783,,y
1003,20250328,2441,2422,2487,36.0,0,0,0,2026-04-21 19:46:18.783,,y
1004,20250327,2441,2423,2488,7.0,0,0,0,2026-04-21 19:46:18.783,,y
1005,20250324,2441,2424,2489,24.0,0,0,0,2026-04-21 19:46:18.783,,y
1006,20250326,2441,2425,2490,13.0,0,0,0,2026-04-21 19:46:18.783,,y
1007,20250403,2441,2428,2492,3.0,0,0,0,2026-04-21 19:46:18.783,,y
1008,20250403,2431,2428,2492,5.0,0,0,0,2026-04-21 19:46:18.783,,y
1009,20250315,2441,2428,2493,38.0,0,0,0,2026-04-21 19:46:18.783,,y
1010,20250324,2441,2429,2494,23.0,0,0,0,2026-04-21 19:46:18.783,,y
1011,20250314,2441,2646,2495,97.0,0,0,0,2026-04-21 19:46:18.783,,y
1012,20250315,2441,2431,2496,13.0,0,0,0,2026-04-21 19:46:18.783,,y
1013,20250402,2441,2432,2497,7.0,0,0,0,2026-04-21 19:46:18.783,,y
1014,20250402,2441,2433,2504,3.0,0,0,0,2026-04-21 19:46:18.783,,y
1015,20250402,2441,2434,2513,4.0,0,0,0,2026-04-21 19:46:18.783,,y
1016,20250402,2441,2435,2509,4.0,0,0,0,2026-04-21 19:46:18.783,,y
1017,20250402,2441,2436,2509,7.0,0,0,0,2026-04-21 19:46:18.783,,y
1018,20250402,2441,2437,2509,32.0,0,0,0,2026-04-21 19:46:18.783,,y
1019,20241210,2625,2685,2503,432.0,0,0,0,2026-04-21 19:46:18.783,,y
1020,20251118,2443,2696,2504,1500.0,0,0,0,2026-04-21 19:46:18.784,,y
1021,20251212,2586,2698,2509,5.0,0,0,0,2026-04-21 19:46:18.784,,y
1022,20251212,2587,2698,2509,5.0,0,0,0,2026-04-21 19:46:18.784,,y
1023,20251212,2588,2698,2509,5.0,0,0,0,2026-04-21 19:46:18.784,,y
1024,20251212,2589,2698,2509,5.0,0,0,0,2026-04-21 19:46:18.784,,y
1025,20251212,2590,2698,2509,5.0,0,0,0,2026-04-21 19:46:18.784,,y
1026,20251215,2621,244,2512,450.0,0,0,0,2026-04-21 19:46:18.784,,y
1027,20251215,2622,244,2512,450.0,0,0,0,2026-04-21 19:46:18.784,,y
1028,20251215,2623,244,2512,450.0,0,0,0,2026-04-21 19:46:18.784,,y
1029,20251210,2613,2700,2513,10.0,0,0,0,2026-04-21 19:46:18.784,,y
1030,20251216,2531,244,2515,20.0,0,0,0,2026-04-21 19:46:18.784,,y
1031,20251216,2532,244,2515,20.0,0,0,0,2026-04-21 19:46:18.784,,y
1032,20250311,2441,2646,2467,60.0,0,0,0,2026-04-21 19:46:18.784,,y
1033,20250317,2441,2646,2468,26.0,0,0,0,2026-04-21 19:46:18.784,,y
1034,20250321,2441,2646,2469,50.0,0,0,0,2026-04-21 19:46:18.784,,y
1035,20250326,2441,2646,2470,40.0,0,0,0,2026-04-21 19:46:18.784,,y
1036,20250403,2441,2646,2472,72.0,0,0,0,2026-04-21 19:46:18.784,,y
1037,20250403,2431,2646,2472,3.0,0,0,0,2026-04-21 19:46:18.784,,y
1038,20250415,2441,2646,2474,19.0,0,0,0,2026-04-21 19:46:18.784,,y
1039,20250415,2431,2646,2474,3.0,0,0,0,2026-04-21 19:46:18.784,,y
1040,20250328,2441,2410,2475,47.0,0,0,0,2026-04-21 19:46:18.784,,y
1041,20250326,2441,2411,2476,16.0,0,0,0,2026-04-21 19:46:18.784,,y
1042,20250328,2441,2412,2477,4.0,0,0,0,2026-04-21 19:46:18.784,,y
1043,20250325,2441,2413,2478,39.0,0,0,0,2026-04-21 19:46:18.784,,y
1044,20250324,2441,2414,2479,1.0,0,0,0,2026-04-21 19:46:18.784,,y
1045,20250324,2441,2415,2480,3.0,0,0,0,2026-04-21 19:46:18.784,,y
1046,20250315,2441,2416,2481,13.0,0,0,0,2026-04-21 19:46:18.784,,y
1047,20250312,2441,2417,2482,8.0,0,0,0,2026-04-21 19:46:18.784,,y
1048,20250312,2441,2418,2483,8.0,0,0,0,2026-04-21 19:46:18.785,,y
1049,20250312,2441,2419,2484,15.0,0,0,0,2026-04-21 19:46:18.785,,y
1050,20250328,2441,2420,2485,29.0,0,0,0,2026-04-21 19:46:18.785,,y
1051,20250328,2441,2421,2486,32.0,0,0,0,2026-04-21 19:46:18.785,,y
1052,20250328,2441,2422,2487,36.0,0,0,0,2026-04-21 19:46:18.785,,y
1053,20250327,2441,2423,2488,7.0,0,0,0,2026-04-21 19:46:18.785,,y
1054,20250324,2441,2424,2489,24.0,0,0,0,2026-04-21 19:46:18.785,,y
1055,20250326,2441,2425,2490,13.0,0,0,0,2026-04-21 19:46:18.785,,y
1056,20250403,2441,2428,2492,3.0,0,0,0,2026-04-21 19:46:18.785,,y
1057,20250403,2431,2428,2492,5.0,0,0,0,2026-04-21 19:46:18.785,,y
1058,20250315,2441,2428,2493,38.0,0,0,0,2026-04-21 19:46:18.785,,y
1059,20250324,2441,2429,2494,23.0,0,0,0,2026-04-21 19:46:18.785,,y
1060,20250314,2441,2646,2495,97.0,0,0,0,2026-04-21 19:46:18.785,,y
1061,20250315,2441,2431,2496,13.0,0,0,0,2026-04-21 19:46:18.785,,y
1062,20250402,2441,2432,2497,7.0,0,0,0,2026-04-21 19:46:18.785,,y
1063,20250402,2441,2433,2504,3.0,0,0,0,2026-04-21 19:46:18.785,,y
1064,20250402,2441,2434,2513,4.0,0,0,0,2026-04-21 19:46:18.785,,y
1065,20250402,2441,2435,2509,4.0,0,0,0,2026-04-21 19:46:18.785,,y
1066,20250402,2441,2436,2509,7.0,0,0,0,2026-04-21 19:46:18.785,,y
1067,20250402,2441,2437,2509,32.0,0,0,0,2026-04-21 19:46:18.785,,y
1068,20241210,2625,2685,2503,432.0,0,0,0,2026-04-21 19:46:18.785,,y
1069,20251118,2443,2696,2504,1500.0,0,0,0,2026-04-21 19:46:18.785,,y
1070,20251212,2586,2698,2509,5.0,0,0,0,2026-04-21 19:46:18.785,,y
1071,20251212,2587,2698,2509,5.0,0,0,0,2026-04-21 19:46:18.785,,y
1072,20251212,2588,2698,2509,5.0,0,0,0,2026-04-21 19:46:18.785,,y
1073,20251212,2589,2698,2509,5.0,0,0,0,2026-04-21 19:46:18.785,,y
1074,20251212,2590,2698,2509,5.0,0,0,0,2026-04-21 19:46:18.786,,y
1075,20251215,2621,244,2512,450.0,0,0,0,2026-04-21 19:46:18.786,,y
1076,20251215,2622,244,2512,450.0,0,0,0,2026-04-21 19:46:18.786,,y
1077,20251215,2623,244,2512,450.0,0,0,0,2026-04-21 19:46:18.786,,y
1078,20251210,2613,2700,2513,10.0,0,0,0,2026-04-21 19:46:18.790,,y
1079,20251216,2531,244,2515,20.0,0,0,0,2026-04-21 19:46:18.790,,y
1080,20251216,2532,244,2515,20.0,0,0,0,2026-04-21 19:46:18.791,,y
1081,20250311,2441,2646,2467,60.0,0,0,0,2026-04-21 19:46:18.791,,y
1082,20250317,2441,2646,2468,26.0,0,0,0,2026-04-21 19:46:18.792,,y
1083,20250321,2441,2646,2469,50.0,0,0,0,2026-04-21 19:46:18.792,,y
1084,20250326,2441,2646,2470,40.0,0,0,0,2026-04-21 19:46:18.792,,y
1085,20250403,2441,2646,2472,72.0,0,0,0,2026-04-21 19:46:18.792,,y
1086,20250403,2431,2646,2472,3.0,0,0,0,2026-04-21 19:46:18.792,,y
1087,20250415,2441,2646,2474,19.0,0,0,0,2026-04-21 19:46:18.792,,y
1088,20250415,2431,2646,2474,3.0,0,0,0,2026-04-21 19:46:18.792,,y
1089,20250328,2441,2410,2475,47.0,0,0,0,2026-04-21 19:46:18.792,,y
1090,20250326,2441,2411,2476,16.0,0,0,0,2026-04-21 19:46:18.792,,y
1091,20250328,2441,2412,2477,4.0,0,0,0,2026-04-21 19:46:18.792,,y
1092,20250325,2441,2413,2478,39.0,0,0,0,2026-04-21 19:46:18.792,,y
1093,20250324,2441,2414,2479,1.0,0,0,0,2026-04-21 19:46:18.794,,y
1094,20250324,2441,2415,2480,3.0,0,0,0,2026-04-21 19:46:18.794,,y
1095,20250315,2441,2416,2481,13.0,0,0,0,2026-04-21 19:46:18.794,,y
1096,20250312,2441,2417,2482,8.0,0,0,0,2026-04-21 19:46:18.794,,y
1097,20250312,2441,2418,2483,8.0,0,0,0,2026-04-21 19:46:18.794,,y
1098,20250312,2441,2419,2484,15.0,0,0,0,2026-04-21 19:46:18.794,,y
1099,20250328,2441,2420,2485,29.0,0,0,0,2026-04-21 19:46:18.794,,y
1100,20250328,2441,2421,2486,32.0,0,0,0,2026-04-21 19:46:18.794,,y
1101,20250328,2441,2422,2487,36.0,0,0,0,2026-04-21 19:46:18.794,,y
1102,20250327,2441,2423,2488,7.0,0,0,0,2026-04-21 19:46:18.794,,y
1103,20250324,2441,2424,2489,24.0,0,0,0,2026-04-21 19:46:18.794,,y
1104,20250326,2441,2425,2490,13.0,0,0,0,2026-04-21 19:46:18.794,,y
1105,20250403,2441,2428,2492,3.0,0,0,0,2026-04-21 19:46:18.794,,y
1106,20250403,2431,2428,2492,5.0,0,0,0,2026-04-21 19:46:18.795,,y
1107,20250315,2441,2428,2493,38.0,0,0,0,2026-04-21 19:46:18.795,,y
1108,20250324,2441,2429,2494,23.0,0,0,0,2026-04-21 19:46:18.795,,y
1109,20250314,2441,2646,2495,97.0,0,0,0,2026-04-21 19:46:18.795,,y
1110,20250315,2441,2431,2496,13.0,0,0,0,2026-04-21 19:46:18.795,,y
1111,20250402,2441,2432,2497,7.0,0,0,0,2026-04-21 19:46:18.795,,y
1112,20250402,2441,2433,2504,3.0,0,0,0,2026-04-21 19:46:18.795,,y
1113,20250402,2441,2434,2513,4.0,0,0,0,2026-04-21 19:46:18.795,,y
1114,20250402,2441,2435,2509,4.0,0,0,0,2026-04-21 19:46:18.795,,y
1115,20250402,2441,2436,2509,7.0,0,0,0,2026-04-21 19:46:18.796,,y
1116,20250402,2441,2437,2509,32.0,0,0,0,2026-04-21 19:46:18.796,,y
1117,20241210,2625,2685,2503,432.0,0,0,0,2026-04-21 19:46:18.797,,y
1118,20251118,2443,2696,2504,1500.0,0,0,0,2026-04-21 19:46:18.797,,y
1119,20251212,2586,2698,2509,5.0,0,0,0,2026-04-21 19:46:18.797,,y
1120,20251212,2587,2698,2509,5.0,0,0,0,2026-04-21 19:46:18.797,,y
1121,20251212,2588,2698,2509,5.0,0,0,0,2026-04-21 19:46:18.797,,y
1122,20251212,2589,2698,2509,5.0,0,0,0,2026-04-21 19:46:18.797,,y
1123,20251212,2590,2698,2509,5.0,0,0,0,2026-04-21 19:46:18.797,,y
1124,20251215,2621,244,2512,450.0,0,0,0,2026-04-21 19:46:18.797,,y
1125,20251215,2622,244,2512,450.0,0,0,0,2026-04-21 19:46:18.797,,y
1126,20251215,2623,244,2512,450.0,0,0,0,2026-04-21 19:46:18.797,,y
1127,20251210,2613,2700,2513,10.0,0,0,0,2026-04-21 19:46:18.797,,y
1128,20251216,2531,244,2515,20.0,0,0,0,2026-04-21 19:46:18.797,,y
1129,20251216,2532,244,2515,20.0,0,0,0,2026-04-21 19:46:18.797,,y
1130,20250311,2441,2646,2467,60.0,0,0,0,2026-04-21 19:46:18.797,,y
1131,20250317,2441,2646,2468,26.0,0,0,0,2026-04-21 19:46:18.797,,y
1132,20250321,2441,2646,2469,50.0,0,0,0,2026-04-21 19:46:18.797,,y
1133,20250326,2441,2646,2470,40.0,0,0,0,2026-04-21 19:46:18.797,,y
1134,20250415,2441,2646,2474,19.0,0,0,0,2026-04-21 19:46:18.797,,y
1135,20250415,2431,2646,2474,3.0,0,0,0,2026-04-21 19:46:18.797,,y
1136,20250328,2441,2410,2475,47.0,0,0,0,2026-04-21 19:46:18.797,,y
1137,20250326,2441,2411,2476,16.0,0,0,0,2026-04-21 19:46:18.797,,y
1138,20250328,2441,2412,2477,4.0,0,0,0,2026-04-21 19:46:18.797,,y
1139,20250325,2441,2413,2478,39.0,0,0,0,2026-04-21 19:46:18.797,,y
1140,20250324,2441,2414,2479,1.0,0,0,0,2026-04-21 19:46:18.797,,y
1141,20250324,2441,2415,2480,3.0,0,0,0,2026-04-21 19:46:18.798,,y
1142,20250315,2441,2416,2481,13.0,0,0,0,2026-04-21 19:46:18.798,,y
1143,20250312,2441,2417,2482,8.0,0,0,0,2026-04-21 19:46:18.798,,y
1144,20250312,2441,2418,2483,8.0,0,0,0,2026-04-21 19:46:18.798,,y
1145,20250312,2441,2419,2484,15.0,0,0,0,2026-04-21 19:46:18.798,,y
1146,20250328,2441,2420,2485,29.0,0,0,0,2026-04-21 19:46:18.798,,y
1147,20250328,2441,2421,2486,32.0,0,0,0,2026-04-21 19:46:18.798,,y
1148,20250328,2441,2422,2487,36.0,0,0,0,2026-04-21 19:46:18.798,,y
1149,20250327,2441,2423,2488,7.0,0,0,0,2026-04-21 19:46:18.798,,y
1150,20250324,2441,2424,2489,24.0,0,0,0,2026-04-21 19:46:18.798,,y
1151,20250326,2441,2425,2490,13.0,0,0,0,2026-04-21 19:46:18.798,,y
1152,20250403,2441,2428,2492,3.0,0,0,0,2026-04-21 19:46:18.798,,y
1153,20250403,2431,2428,2492,5.0,0,0,0,2026-04-21 19:46:18.798,,y
1154,20250315,2441,2428,2493,38.0,0,0,0,2026-04-21 19:46:18.798,,y
1155,20250324,2441,2429,2494,23.0,0,0,0,2026-04-21 19:46:18.798,,y
1156,20250314,2441,2646,2495,97.0,0,0,0,2026-04-21 19:46:18.798,,y
1157,20250315,2441,2431,2496,13.0,0,0,0,2026-04-21 19:46:18.798,,y
1158,20250402,2441,2432,2497,7.0,0,0,0,2026-04-21 19:46:18.798,,y
1159,20250402,2441,2433,2504,3.0,0,0,0,2026-04-21 19:46:18.798,,y
1160,20250402,2441,2434,2513,4.0,0,0,0,2026-04-21 19:46:18.799,,y
1161,20250402,2441,2435,2509,4.0,0,0,0,2026-04-21 19:46:18.799,,y
1162,20250402,2441,2436,2509,7.0,0,0,0,2026-04-21 19:46:18.799,,y
1163,20250402,2441,2437,2509,32.0,0,0,0,2026-04-21 19:46:18.799,,y
1164,20241210,2625,2685,2503,432.0,0,0,0,2026-04-21 19:46:18.799,,y
1165,20251118,2443,2696,2504,1500.0,0,0,0,2026-04-21 19:46:18.799,,y
1166,20251212,2586,2698,2509,5.0,0,0,0,2026-04-21 19:46:18.799,,y
1167,20251212,2587,2698,2509,5.0,0,0,0,2026-04-21 19:46:18.799,,y
1168,20251212,2588,2698,2509,5.0,0,0,0,2026-04-21 19:46:18.799,,y
1169,20251212,2589,2698,2509,5.0,0,0,0,2026-04-21 19:46:18.799,,y
1170,20251212,2590,2698,2509,5.0,0,0,0,2026-04-21 19:46:18.800,,y
1171,20251215,2621,244,2512,450.0,0,0,0,2026-04-21 19:46:18.800,,y
1172,20251215,2622,244,2512,450.0,0,0,0,2026-04-21 19:46:18.800,,y
1173,20251215,2623,244,2512,450.0,0,0,0,2026-04-21 19:46:18.800,,y
1174,20251210,2613,2700,2513,10.0,0,0,0,2026-04-21 19:46:18.800,,y
1175,20251216,2531,244,2515,20.0,0,0,0,2026-04-21 19:46:18.800,,y
1176,20251212,2590,2698,2509,5.0,0,0,0,2026-04-21 19:46:18.800,,y
1177,20251216,2532,244,2515,20.0,0,0,0,2026-04-21 19:46:18.800,,y
1178,20250311,2441,2646,2467,60.0,0,0,0,2026-04-21 19:46:18.800,,y
1179,20250317,2441,2646,2468,26.0,0,0,0,2026-04-21 19:46:18.800,,y
1180,20250321,2441,2646,2469,50.0,0,0,0,2026-04-21 19:46:18.800,,y
1181,20250326,2441,2646,2470,40.0,0,0,0,2026-04-21 19:46:18.800,,y
1182,20250403,2441,2646,2472,72.0,0,0,0,2026-04-21 19:46:18.800,,y
1183,20250403,2431,2646,2472,3.0,0,0,0,2026-04-21 19:46:18.800,,y
1184,20250415,2441,2646,2474,19.0,0,0,0,2026-04-21 19:46:18.800,,y
1185,20250415,2431,2646,2474,3.0,0,0,0,2026-04-21 19:46:18.800,,y
1186,20250328,2441,2410,2475,47.0,0,0,0,2026-04-21 19:46:18.800,,y
1187,20250326,2441,2411,2476,16.0,0,0,0,2026-04-21 19:46:18.800,,y
1188,20250328,2441,2412,2477,4.0,0,0,0,2026-04-21 19:46:18.800,,y
1189,20250325,2441,2413,2478,39.0,0,0,0,2026-04-21 19:46:18.800,,y
1190,20250324,2441,2414,2479,1.0,0,0,0,2026-04-21 19:46:18.800,,y
1191,20250324,2441,2415,2480,3.0,0,0,0,2026-04-21 19:46:18.800,,y
1192,20250315,2441,2416,2481,13.0,0,0,0,2026-04-21 19:46:18.800,,y
1193,20250312,2441,2417,2482,8.0,0,0,0,2026-04-21 19:46:18.801,,y
1194,20250312,2441,2418,2483,8.0,0,0,0,2026-04-21 19:46:18.801,,y
1195,20250312,2441,2419,2484,15.0,0,0,0,2026-04-21 19:46:18.801,,y
1196,20250328,2441,2420,2485,29.0,0,0,0,2026-04-21 19:46:18.801,,y
1197,20250328,2441,2421,2486,32.0,0,0,0,2026-04-21 19:46:18.801,,y
1198,20250328,2441,2422,2487,36.0,0,0,0,2026-04-21 19:46:18.801,,y
1199,20250327,2441,2423,2488,7.0,0,0,0,2026-04-21 19:46:18.801,,y
1200,20250324,2441,2424,2489,24.0,0,0,0,2026-04-21 19:46:18.801,,y
1201,20250326,2441,2425,2490,13.0,0,0,0,2026-04-21 19:46:18.801,,y
1202,20250403,2441,2428,2492,3.0,0,0,0,2026-04-21 19:46:18.801,,y
1203,20250403,2431,2428,2492,5.0,0,0,0,2026-04-21 19:46:18.801,,y
1204,20250315,2441,2428,2493,38.0,0,0,0,2026-04-21 19:46:18.801,,y
1205,20250324,2441,2429,2494,23.0,0,0,0,2026-04-21 19:46:18.801,,y
1206,20250314,2441,2646,2495,97.0,0,0,0,2026-04-21 19:46:18.801,,y
1207,20250315,2441,2431,2496,13.0,0,0,0,2026-04-21 19:46:18.801,,y
1208,20250402,2441,2432,2497,7.0,0,0,0,2026-04-21 19:46:18.801,,y
1209,20250402,2441,2433,2504,3.0,0,0,0,2026-04-21 19:46:18.801,,y
1210,20250402,2441,2434,2513,4.0,0,0,0,2026-04-21 19:46:18.801,,y
1211,20250402,2441,2435,2509,4.0,0,0,0,2026-04-21 19:46:18.801,,y
1212,20250402,2441,2436,2509,7.0,0,0,0,2026-04-21 19:46:18.801,,y
1213,20250402,2441,2437,2509,32.0,0,0,0,2026-04-21 19:46:18.801,,y
1214,20241210,2625,2685,2503,432.0,0,0,0,2026-04-21 19:46:18.801,,y
1215,20251118,2443,2696,2504,1500.0,0,0,0,2026-04-21 19:46:18.801,,y
1216,20251212,2586,2698,2509,5.0,0,0,0,2026-04-21 19:46:18.801,,y
1217,20251212,2587,2698,2509,5.0,0,0,0,2026-04-21 19:46:18.801,,y
1218,20251212,2588,2698,2509,5.0,0,0,0,2026-04-21 19:46:18.801,,y
1219,20251212,2589,2698,2509,5.0,0,0,0,2026-04-21 19:46:18.802,,y
1220,20251215,2621,244,2512,450.0,0,0,0,2026-04-21 19:46:18.802,,y
1221,20251215,2622,244,2512,450.0,0,0,0,2026-04-21 19:46:18.802,,y
1222,20251215,2623,244,2512,450.0,0,0,0,2026-04-21 19:46:18.802,,y
1223,20251210,2613,2700,2513,10.0,0,0,0,2026-04-21 19:46:18.802,,y
1224,20251216,2531,244,2515,20.0,0,0,0,2026-04-21 19:46:18.802,,y
1225,20251216,2532,244,2515,20.0,0,0,0,2026-04-21 19:46:18.802,,y
1226,20250311,2441,2646,2467,60.0,0,0,0,2026-04-21 19:46:18.802,,y
1227,20250317,2441,2646,2468,26.0,0,0,0,2026-04-21 19:46:18.802,,y
1228,20250321,2441,2646,2469,50.0,0,0,0,2026-04-21 19:46:18.802,,y
1229,20250326,2441,2646,2470,40.0,0,0,0,2026-04-21 19:46:18.802,,y
1230,20250403,2441,2646,2472,72.0,0,0,0,2026-04-21 19:46:18.802,,y
1231,20250403,2431,2646,2472,3.0,0,0,0,2026-04-21 19:46:18.802,,y
1232,20250415,2441,2646,2474,19.0,0,0,0,2026-04-21 19:46:18.802,,y
1233,20250415,2431,2646,2474,3.0,0,0,0,2026-04-21 19:46:18.802,,y
1234,20250328,2441,2410,2475,47.0,0,0,0,2026-04-21 19:46:18.802,,y
1235,20250326,2441,2411,2476,16.0,0,0,0,2026-04-21 19:46:18.802,,y
1236,20250328,2441,2412,2477,4.0,0,0,0,2026-04-21 19:46:18.802,,y
1237,20250325,2441,2413,2478,39.0,0,0,0,2026-04-21 19:46:18.802,,y
1238,20250324,2441,2414,2479,1.0,0,0,0,2026-04-21 19:46:18.802,,y
1239,20250324,2441,2415,2480,3.0,0,0,0,2026-04-21 19:46:18.802,,y
1240,20250315,2441,2416,2481,13.0,0,0,0,2026-04-21 19:46:18.802,,y
1241,20250312,2441,2417,2482,8.0,0,0,0,2026-04-21 19:46:18.802,,y
1242,20250312,2441,2418,2483,8.0,0,0,0,2026-04-21 19:46:18.802,,y
1243,20250312,2441,2419,2484,15.0,0,0,0,2026-04-21 19:46:18.802,,y
1244,20250328,2441,2420,2485,29.0,0,0,0,2026-04-21 19:46:18.803,,y
1245,20250328,2441,2421,2486,32.0,0,0,0,2026-04-21 19:46:18.803,,y
1246,20250328,2441,2422,2487,36.0,0,0,0,2026-04-21 19:46:18.803,,y
1247,20250327,2441,2423,2488,7.0,0,0,0,2026-04-21 19:46:18.803,,y
1248,20250324,2441,2424,2489,24.0,0,0,0,2026-04-21 19:46:18.803,,y
1249,20250326,2441,2425,2490,13.0,0,0,0,2026-04-21 19:46:18.803,,y
1250,20250403,2441,2428,2492,3.0,0,0,0,2026-04-21 19:46:18.803,,y
1251,20250403,2431,2428,2492,5.0,0,0,0,2026-04-21 19:46:18.803,,y
1252,20250315,2441,2428,2493,38.0,0,0,0,2026-04-21 19:46:18.803,,y
1253,20250324,2441,2429,2494,23.0,0,0,0,2026-04-21 19:46:18.803,,y
1254,20250314,2441,2646,2495,97.0,0,0,0,2026-04-21 19:46:18.803,,y
1255,20250315,2441,2431,2496,13.0,0,0,0,2026-04-21 19:46:18.803,,y
1256,20250402,2441,2432,2497,7.0,0,0,0,2026-04-21 19:46:18.803,,y
1257,20250402,2441,2433,2504,3.0,0,0,0,2026-04-21 19:46:18.803,,y
1258,20250402,2441,2434,2513,4.0,0,0,0,2026-04-21 19:46:18.803,,y
1259,20250402,2441,2435,2509,4.0,0,0,0,2026-04-21 19:46:18.803,,y
1260,20250402,2441,2436,2509,7.0,0,0,0,2026-04-21 19:46:18.803,,y
1261,20250402,2441,2437,2509,32.0,0,0,0,2026-04-21 19:46:18.803,,y
1262,20241210,2625,2685,2503,432.0,0,0,0,2026-04-21 19:46:18.803,,y
1263,20251118,2443,2696,2504,1500.0,0,0,0,2026-04-21 19:46:18.803,,y
1264,20251212,2586,2698,2509,5.0,0,0,0,2026-04-21 19:46:18.803,,y
1265,20251212,2587,2698,2509,5.0,0,0,0,2026-04-21 19:46:18.803,,y
1266,20251212,2588,2698,2509,5.0,0,0,0,2026-04-21 19:46:18.803,,y
1267,20251212,2589,2698,2509,5.0,0,0,0,2026-04-21 19:46:18.803,,y
1268,20251212,2590,2698,2509,5.0,0,0,0,2026-04-21 19:46:18.803,,y
1269,20251215,2621,244,2512,450.0,0,0,0,2026-04-21 19:46:18.803,,y
1270,20251215,2622,244,2512,450.0,0,0,0,2026-04-21 19:46:18.803,,y
1271,20251215,2623,244,2512,450.0,0,0,0,2026-04-21 19:46:18.803,,y
1272,20251210,2613,2700,2513,10.0,0,0,0,2026-04-21 19:46:18.803,,y
1273,20251216,2531,244,2515,20.0,0,0,0,2026-04-21 19:46:18.803,,y
1274,20251216,2532,244,2515,20.0,0,0,0,2026-04-21 19:46:18.803,,y
1275,20250311,2441,2646,2467,60.0,0,0,0,2026-04-21 19:46:18.804,,y
1276,20250317,2441,2646,2468,26.0,0,0,0,2026-04-21 19:46:18.804,,y
1277,20250321,2441,2646,2469,50.0,0,0,0,2026-04-21 19:46:18.804,,y
1278,20250326,2441,2646,2470,40.0,0,0,0,2026-04-21 19:46:18.804,,y
1279,20250403,2441,2646,2472,72.0,0,0,0,2026-04-21 19:46:18.804,,y
1280,20250403,2431,2646,2472,3.0,0,0,0,2026-04-21 19:46:18.804,,y
1281,20250415,2441,2646,2474,19.0,0,0,0,2026-04-21 19:46:18.804,,y
1282,20250415,2431,2646,2474,3.0,0,0,0,2026-04-21 19:46:18.804,,y
1283,20250328,2441,2410,2475,47.0,0,0,0,2026-04-21 19:46:18.804,,y
1284,20250326,2441,2411,2476,16.0,0,0,0,2026-04-21 19:46:18.804,,y
1285,20250328,2441,2412,2477,4.0,0,0,0,2026-04-21 19:46:18.804,,y
1286,20250325,2441,2413,2478,39.0,0,0,0,2026-04-21 19:46:18.804,,y
1287,20250324,2441,2414,2479,1.0,0,0,0,2026-04-21 19:46:18.804,,y
1288,20250324,2441,2415,2480,3.0,0,0,0,2026-04-21 19:46:18.804,,y
1289,20250315,2441,2416,2481,13.0,0,0,0,2026-04-21 19:46:18.804,,y
1290,20250312,2441,2417,2482,8.0,0,0,0,2026-04-21 19:46:18.804,,y
1291,20250312,2441,2418,2483,8.0,0,0,0,2026-04-21 19:46:18.804,,y
1292,20250312,2441,2419,2484,15.0,0,0,0,2026-04-21 19:46:18.804,,y
1293,20250328,2441,2420,2485,29.0,0,0,0,2026-04-21 19:46:18.804,,y
1294,20250328,2441,2421,2486,32.0,0,0,0,2026-04-21 19:46:18.804,,y
1295,20250328,2441,2422,2487,36.0,0,0,0,2026-04-21 19:46:18.804,,y
1296,20250327,2441,2423,2488,7.0,0,0,0,2026-04-21 19:46:18.804,,y
1297,20250324,2441,2424,2489,24.0,0,0,0,2026-04-21 19:46:18.804,,y
1298,20250326,2441,2425,2490,13.0,0,0,0,2026-04-21 19:46:18.804,,y
1299,20250403,2441,2428,2492,3.0,0,0,0,2026-04-21 19:46:18.804,,y
1300,20250403,2431,2428,2492,5.0,0,0,0,2026-04-21 19:46:18.804,,y
1301,20250315,2441,2428,2493,38.0,0,0,0,2026-04-21 19:46:18.804,,y
1302,20250324,2441,2429,2494,23.0,0,0,0,2026-04-21 19:46:18.804,,y
1303,20250314,2441,2646,2495,97.0,0,0,0,2026-04-21 19:46:18.804,,y
1304,20250315,2441,2431,2496,13.0,0,0,0,2026-04-21 19:46:18.805,,y
1305,20250402,2441,2432,2497,7.0,0,0,0,2026-04-21 19:46:18.805,,y
1306,20250402,2441,2433,2504,3.0,0,0,0,2026-04-21 19:46:18.805,,y
1307,20250402,2441,2434,2513,4.0,0,0,0,2026-04-21 19:46:18.805,,y
1308,20250402,2441,2435,2509,4.0,0,0,0,2026-04-21 19:46:18.805,,y
1309,20250402,2441,2436,2509,7.0,0,0,0,2026-04-21 19:46:18.805,,y
1310,20250402,2441,2437,2509,32.0,0,0,0,2026-04-21 19:46:18.805,,y
1311,20241210,2625,2685,2503,432.0,0,0,0,2026-04-21 19:46:18.805,,y
1312,20251118,2443,2696,2504,1500.0,0,0,0,2026-04-21 19:46:18.805,,y
1313,20251212,2586,2698,2509,5.0,0,0,0,2026-04-21 19:46:18.805,,y
1314,20251212,2587,2698,2509,5.0,0,0,0,2026-04-21 19:46:18.805,,y
1315,20251212,2588,2698,2509,5.0,0,0,0,2026-04-21 19:46:18.805,,y
1316,20251212,2589,2698,2509,5.0,0,0,0,2026-04-21 19:46:18.805,,y
1317,20251212,2590,2698,2509,5.0,0,0,0,2026-04-21 19:46:18.805,,y
1318,20251215,2621,244,2512,450.0,0,0,0,2026-04-21 19:46:18.805,,y
1319,20251215,2622,244,2512,450.0,0,0,0,2026-04-21 19:46:18.805,,y
1320,20251215,2623,244,2512,450.0,0,0,0,2026-04-21 19:46:18.805,,y
1321,20251210,2613,2700,2513,10.0,0,0,0,2026-04-21 19:46:18.805,,y
1322,20251216,2531,244,2515,20.0,0,0,0,2026-04-21 19:46:18.805,,y
1323,20251216,2532,244,2515,20.0,0,0,0,2026-04-21 19:46:18.805,,y
1324,20250311,2441,2646,2467,60.0,0,0,0,2026-04-21 19:46:18.805,,y
1325,20250317,2441,2646,2468,26.0,0,0,0,2026-04-21 19:46:18.805,,y
1326,20250321,2441,2646,2469,50.0,0,0,0,2026-04-21 19:46:18.805,,y
1327,20250326,2441,2646,2470,40.0,0,0,0,2026-04-21 19:46:18.805,,y
1328,20250403,2441,2646,2472,72.0,0,0,0,2026-04-21 19:46:18.805,,y
1329,20250403,2431,2646,2472,3.0,0,0,0,2026-04-21 19:46:18.805,,y
1330,20250415,2441,2646,2474,19.0,0,0,0,2026-04-21 19:46:18.805,,y
1331,20250415,2431,2646,2474,3.0,0,0,0,2026-04-21 19:46:18.807,,y
1332,20250328,2441,2410,2475,47.0,0,0,0,2026-04-21 19:46:18.807,,y
1333,20250326,2441,2411,2476,16.0,0,0,0,2026-04-21 19:46:18.807,,y
1334,20250328,2441,2412,2477,4.0,0,0,0,2026-04-21 19:46:18.807,,y
1335,20250325,2441,2413,2478,39.0,0,0,0,2026-04-21 19:46:18.807,,y
1336,20250324,2441,2414,2479,1.0,0,0,0,2026-04-21 19:46:18.807,,y
1337,20250324,2441,2415,2480,3.0,0,0,0,2026-04-21 19:46:18.807,,y
1338,20250315,2441,2416,2481,13.0,0,0,0,2026-04-21 19:46:18.807,,y
1339,20250312,2441,2417,2482,8.0,0,0,0,2026-04-21 19:46:18.807,,y
1340,20250312,2441,2418,2483,8.0,0,0,0,2026-04-21 19:46:18.807,,y
1341,20250312,2441,2419,2484,15.0,0,0,0,2026-04-21 19:46:18.807,,y
1342,20250328,2441,2420,2485,29.0,0,0,0,2026-04-21 19:46:18.807,,y
1343,20250328,2441,2421,2486,32.0,0,0,0,2026-04-21 19:46:18.807,,y
1344,20250328,2441,2422,2487,36.0,0,0,0,2026-04-21 19:46:18.807,,y
1345,20250327,2441,2423,2488,7.0,0,0,0,2026-04-21 19:46:18.807,,y
1346,20250324,2441,2424,2489,24.0,0,0,0,2026-04-21 19:46:18.807,,y
1347,20250326,2441,2425,2490,13.0,0,0,0,2026-04-21 19:46:18.807,,y
1348,20250403,2441,2428,2492,3.0,0,0,0,2026-04-21 19:46:18.807,,y
1349,20250403,2431,2428,2492,5.0,0,0,0,2026-04-21 19:46:18.807,,y
1350,20250403,2441,2646,2472,72.0,0,0,0,2026-04-21 19:46:18.807,,y
1351,20250315,2441,2428,2493,38.0,0,0,0,2026-04-21 19:46:18.807,,y
1352,20250324,2441,2429,2494,23.0,0,0,0,2026-04-21 19:46:18.807,,y
1353,20250314,2441,2646,2495,97.0,0,0,0,2026-04-21 19:46:18.807,,y
1354,20250315,2441,2431,2496,13.0,0,0,0,2026-04-21 19:46:18.807,,y
1355,20250402,2441,2432,2497,7.0,0,0,0,2026-04-21 19:46:18.807,,y
1356,20250402,2441,2433,2504,3.0,0,0,0,2026-04-21 19:46:18.807,,y
1357,20250402,2441,2434,2513,4.0,0,0,0,2026-04-21 19:46:18.807,,y
1358,20250402,2441,2435,2509,4.0,0,0,0,2026-04-21 19:46:18.807,,y
1359,20250402,2441,2436,2509,7.0,0,0,0,2026-04-21 19:46:18.807,,y
1360,20250402,2441,2437,2509,32.0,0,0,0,2026-04-21 19:46:18.807,,y
1361,20241210,2625,2685,2503,432.0,0,0,0,2026-04-21 19:46:18.807,,y
1362,20251118,2443,2696,2504,1500.0,0,0,0,2026-04-21 19:46:18.808,,y
1363,20251212,2586,2698,2509,5.0,0,0,0,2026-04-21 19:46:18.808,,y
1364,20251212,2587,2698,2509,5.0,0,0,0,2026-04-21 19:46:18.808,,y
1365,20251212,2588,2698,2509,5.0,0,0,0,2026-04-21 19:46:18.808,,y
1366,20251212,2589,2698,2509,5.0,0,0,0,2026-04-21 19:46:18.808,,y
1367,20251212,2590,2698,2509,5.0,0,0,0,2026-04-21 19:46:18.808,,y
1368,20251215,2621,244,2512,450.0,0,0,0,2026-04-21 19:46:18.808,,y
1369,20251215,2622,244,2512,450.0,0,0,0,2026-04-21 19:46:18.808,,y
1370,20251215,2623,244,2512,450.0,0,0,0,2026-04-21 19:46:18.808,,y
1371,20251210,2613,2700,2513,10.0,0,0,0,2026-04-21 19:46:18.808,,y
1372,20251216,2531,244,2515,20.0,0,0,0,2026-04-21 19:46:18.808,,y
1373,20251216,2532,244,2515,20.0,0,0,0,2026-04-21 19:46:18.808,,y
1374,20250311,2441,2646,2467,60.0,0,0,0,2026-04-21 19:46:18.808,,y
1375,20250317,2441,2646,2468,26.0,0,0,0,2026-04-21 19:46:18.808,,y
1376,20250321,2441,2646,2469,50.0,0,0,0,2026-04-21 19:46:18.808,,y
1377,20250326,2441,2646,2470,40.0,0,0,0,2026-04-21 19:46:18.808,,y
1378,20250403,2441,2646,2472,72.0,0,0,0,2026-04-21 19:46:18.808,,y
1379,20250403,2431,2646,2472,3.0,0,0,0,2026-04-21 19:46:18.808,,y
1380,20250415,2441,2646,2474,19.0,0,0,0,2026-04-21 19:46:18.808,,y
1381,20250415,2431,2646,2474,3.0,0,0,0,2026-04-21 19:46:18.808,,y
1382,20250328,2441,2410,2475,47.0,0,0,0,2026-04-21 19:46:18.808,,y
1383,20250326,2441,2411,2476,16.0,0,0,0,2026-04-21 19:46:18.808,,y
1384,20250328,2441,2412,2477,4.0,0,0,0,2026-04-21 19:46:18.808,,y
1385,20250325,2441,2413,2478,39.0,0,0,0,2026-04-21 19:46:18.808,,y
1386,20250324,2441,2414,2479,1.0,0,0,0,2026-04-21 19:46:18.808,,y
1387,20250324,2441,2415,2480,3.0,0,0,0,2026-04-21 19:46:18.808,,y
1388,20250315,2441,2416,2481,13.0,0,0,0,2026-04-21 19:46:18.808,,y
1389,20250312,2441,2417,2482,8.0,0,0,0,2026-04-21 19:46:18.808,,y
1390,20250312,2441,2418,2483,8.0,0,0,0,2026-04-21 19:46:18.808,,y
1391,20250312,2441,2419,2484,15.0,0,0,0,2026-04-21 19:46:18.808,,y
1392,20250328,2441,2420,2485,29.0,0,0,0,2026-04-21 19:46:18.808,,y
1393,20250328,2441,2421,2486,32.0,0,0,0,2026-04-21 19:46:18.808,,y
1394,20250403,2431,2646,2472,3.0,0,0,0,2026-04-21 19:46:18.808,,y
1395,20250328,2441,2422,2487,36.0,0,0,0,2026-04-21 19:46:18.808,,y
1396,20250327,2441,2423,2488,7.0,0,0,0,2026-04-21 19:46:18.809,,y
1397,20250324,2441,2424,2489,24.0,0,0,0,2026-04-21 19:46:18.809,,y
1398,20250326,2441,2425,2490,13.0,0,0,0,2026-04-21 19:46:18.809,,y
1399,20250403,2441,2428,2492,3.0,0,0,0,2026-04-21 19:46:18.809,,y
1400,20250403,2431,2428,2492,5.0,0,0,0,2026-04-21 19:46:18.809,,y
1401,20250315,2441,2428,2493,38.0,0,0,0,2026-04-21 19:46:18.809,,y
1402,20250324,2441,2429,2494,23.0,0,0,0,2026-04-21 19:46:18.809,,y
1403,20250314,2441,2646,2495,97.0,0,0,0,2026-04-21 19:46:18.809,,y
1404,20250315,2441,2431,2496,13.0,0,0,0,2026-04-21 19:46:18.809,,y
1405,20250402,2441,2432,2497,7.0,0,0,0,2026-04-21 19:46:18.809,,y
1406,20250402,2441,2433,2504,3.0,0,0,0,2026-04-21 19:46:18.809,,y
1407,20250402,2441,2434,2513,4.0,0,0,0,2026-04-21 19:46:18.809,,y
1408,20250402,2441,2435,2509,4.0,0,0,0,2026-04-21 19:46:18.809,,y
1409,20250402,2441,2436,2509,7.0,0,0,0,2026-04-21 19:46:18.809,,y
1410,20250402,2441,2437,2509,32.0,0,0,0,2026-04-21 19:46:18.809,,y
1411,20241210,2625,2685,2503,432.0,0,0,0,2026-04-21 19:46:18.809,,y
1412,20251118,2443,2696,2504,1500.0,0,0,0,2026-04-21 19:46:18.809,,y
1413,20251212,2586,2698,2509,5.0,0,0,0,2026-04-21 19:46:18.809,,y
1414,20251212,2587,2698,2509,5.0,0,0,0,2026-04-21 19:46:18.809,,y
1415,20251212,2588,2698,2509,5.0,0,0,0,2026-04-21 19:46:18.809,,y
1416,20251212,2589,2698,2509,5.0,0,0,0,2026-04-21 19:46:18.809,,y
1417,20251212,2590,2698,2509,5.0,0,0,0,2026-04-21 19:46:18.809,,y
1418,20251215,2621,244,2512,450.0,0,0,0,2026-04-21 19:46:18.809,,y
1419,20251215,2622,244,2512,450.0,0,0,0,2026-04-21 19:46:18.809,,y
1420,20251215,2623,244,2512,450.0,0,0,0,2026-04-21 19:46:18.809,,y
1421,20251210,2613,2700,2513,10.0,0,0,0,2026-04-21 19:46:18.809,,y
1422,20251216,2531,244,2515,20.0,0,0,0,2026-04-21 19:46:18.809,,y
1423,20251216,2532,244,2515,20.0,0,0,0,2026-04-21 19:46:18.809,,y
1424,20250311,2441,2646,2467,60.0,0,0,0,2026-04-21 19:46:18.809,,y
1425,20250317,2441,2646,2468,26.0,0,0,0,2026-04-21 19:46:18.809,,y
1426,20250321,2441,2646,2469,50.0,0,0,0,2026-04-21 19:46:18.809,,y
1427,20250326,2441,2646,2470,40.0,0,0,0,2026-04-21 19:46:18.809,,y
1428,20250403,2441,2646,2472,72.0,0,0,0,2026-04-21 19:46:18.809,,y
1429,20250403,2431,2646,2472,3.0,0,0,0,2026-04-21 19:46:18.810,,y
1430,20250415,2441,2646,2474,19.0,0,0,0,2026-04-21 19:46:18.810,,y
1431,20250415,2431,2646,2474,3.0,0,0,0,2026-04-21 19:46:18.810,,y
1432,20250328,2441,2410,2475,47.0,0,0,0,2026-04-21 19:46:18.810,,y
1433,20250326,2441,2411,2476,16.0,0,0,0,2026-04-21 19:46:18.810,,y
1434,20250328,2441,2412,2477,4.0,0,0,0,2026-04-21 19:46:18.810,,y
1435,20250325,2441,2413,2478,39.0,0,0,0,2026-04-21 19:46:18.810,,y
1436,20250324,2441,2414,2479,1.0,0,0,0,2026-04-21 19:46:18.810,,y
1437,20250324,2441,2415,2480,3.0,0,0,0,2026-04-21 19:46:18.810,,y
1438,20250315,2441,2416,2481,13.0,0,0,0,2026-04-21 19:46:18.810,,y
1439,20250312,2441,2417,2482,8.0,0,0,0,2026-04-21 19:46:18.810,,y
1440,20250312,2441,2418,2483,8.0,0,0,0,2026-04-21 19:46:18.810,,y
1441,20250312,2441,2419,2484,15.0,0,0,0,2026-04-21 19:46:18.810,,y
1442,20250328,2441,2420,2485,29.0,0,0,0,2026-04-21 19:46:18.810,,y
1443,20250328,2441,2421,2486,32.0,0,0,0,2026-04-21 19:46:18.810,,y
1444,20250328,2441,2422,2487,36.0,0,0,0,2026-04-21 19:46:18.810,,y
1445,20250327,2441,2423,2488,7.0,0,0,0,2026-04-21 19:46:18.810,,y
1446,20250324,2441,2424,2489,24.0,0,0,0,2026-04-21 19:46:18.810,,y
1447,20250326,2441,2425,2490,13.0,0,0,0,2026-04-21 19:46:18.810,,y
1448,20250403,2441,2428,2492,3.0,0,0,0,2026-04-21 19:46:18.810,,y
1449,20250403,2431,2428,2492,5.0,0,0,0,2026-04-21 19:46:18.810,,y
1450,20250315,2441,2428,2493,38.0,0,0,0,2026-04-21 19:46:18.810,,y
1451,20250324,2441,2429,2494,23.0,0,0,0,2026-04-21 19:46:18.810,,y
1452,20250314,2441,2646,2495,97.0,0,0,0,2026-04-21 19:46:18.810,,y
1453,20250315,2441,2431,2496,13.0,0,0,0,2026-04-21 19:46:18.810,,y
1454,20250402,2441,2432,2497,7.0,0,0,0,2026-04-21 19:46:18.810,,y
1455,20250402,2441,2433,2504,3.0,0,0,0,2026-04-21 19:46:18.810,,y
1456,20250402,2441,2434,2513,4.0,0,0,0,2026-04-21 19:46:18.811,,y
1457,20250402,2441,2435,2509,4.0,0,0,0,2026-04-21 19:46:18.811,,y
1458,20250402,2441,2436,2509,7.0,0,0,0,2026-04-21 19:46:18.811,,y
1459,20250402,2441,2437,2509,32.0,0,0,0,2026-04-21 19:46:18.811,,y
1460,20241210,2625,2685,2503,432.0,0,0,0,2026-04-21 19:46:18.811,,y
1461,20251118,2443,2696,2504,1500.0,0,0,0,2026-04-21 19:46:18.811,,y
1462,20251212,2586,2698,2509,5.0,0,0,0,2026-04-21 19:46:18.811,,y
1463,20251212,2587,2698,2509,5.0,0,0,0,2026-04-21 19:46:18.811,,y
1464,20251212,2588,2698,2509,5.0,0,0,0,2026-04-21 19:46:18.811,,y
1465,20251212,2589,2698,2509,5.0,0,0,0,2026-04-21 19:46:18.811,,y
1466,20251212,2590,2698,2509,5.0,0,0,0,2026-04-21 19:46:18.811,,y
1467,20251215,2621,244,2512,450.0,0,0,0,2026-04-21 19:46:18.811,,y
1468,20251215,2622,244,2512,450.0,0,0,0,2026-04-21 19:46:18.811,,y
1469,20251215,2623,244,2512,450.0,0,0,0,2026-04-21 19:46:18.811,,y
1470,20251210,2613,2700,2513,10.0,0,0,0,2026-04-21 19:46:18.811,,y
1471,20251216,2531,244,2515,20.0,0,0,0,2026-04-21 19:46:18.811,,y
1472,20251216,2532,244,2515,20.0,0,0,0,2026-04-21 19:46:18.811,,y
1473,20250311,2441,2646,2467,60.0,0,0,0,2026-04-21 19:46:18.811,,y
1474,20250317,2441,2646,2468,26.0,0,0,0,2026-04-21 19:46:18.811,,y
1475,20250321,2441,2646,2469,50.0,0,0,0,2026-04-21 19:46:18.811,,y
1476,20250326,2441,2646,2470,40.0,0,0,0,2026-04-21 19:46:18.811,,y
1477,20250403,2441,2646,2472,72.0,0,0,0,2026-04-21 19:46:18.811,,y
1478,20250403,2431,2646,2472,3.0,0,0,0,2026-04-21 19:46:18.811,,y
1479,20250415,2441,2646,2474,19.0,0,0,0,2026-04-21 19:46:18.811,,y
1480,20250415,2431,2646,2474,3.0,0,0,0,2026-04-21 19:46:18.811,,y
1481,20250328,2441,2410,2475,47.0,0,0,0,2026-04-21 19:46:18.811,,y
1482,20250326,2441,2411,2476,16.0,0,0,0,2026-04-21 19:46:18.811,,y
1483,20250328,2441,2412,2477,4.0,0,0,0,2026-04-21 19:46:18.811,,y
1484,20250325,2441,2413,2478,39.0,0,0,0,2026-04-21 19:46:18.811,,y
1485,20250324,2441,2414,2479,1.0,0,0,0,2026-04-21 19:46:18.811,,y
1486,20250324,2441,2415,2480,3.0,0,0,0,2026-04-21 19:46:18.811,,y
1487,20250315,2441,2416,2481,13.0,0,0,0,2026-04-21 19:46:18.811,,y
1488,20250312,2441,2417,2482,8.0,0,0,0,2026-04-21 19:46:18.811,,y
1489,20250312,2441,2418,2483,8.0,0,0,0,2026-04-21 19:46:18.811,,y
1490,20250312,2441,2419,2484,15.0,0,0,0,2026-04-21 19:46:18.811,,y
1491,20250328,2441,2420,2485,29.0,0,0,0,2026-04-21 19:46:18.812,,y
1492,20250328,2441,2421,2486,32.0,0,0,0,2026-04-21 19:46:18.812,,y
1493,20250328,2441,2422,2487,36.0,0,0,0,2026-04-21 19:46:18.812,,y
1494,20250327,2441,2423,2488,7.0,0,0,0,2026-04-21 19:46:18.812,,y
1495,20250324,2441,2424,2489,24.0,0,0,0,2026-04-21 19:46:18.812,,y
1496,20250326,2441,2425,2490,13.0,0,0,0,2026-04-21 19:46:18.812,,y
1497,20250403,2441,2428,2492,3.0,0,0,0,2026-04-21 19:46:18.812,,y
1498,20250403,2431,2428,2492,5.0,0,0,0,2026-04-21 19:46:18.812,,y
1499,20250315,2441,2428,2493,38.0,0,0,0,2026-04-21 19:46:18.812,,y
1500,20250324,2441,2429,2494,23.0,0,0,0,2026-04-21 19:46:18.812,,y
1501,20250314,2441,2646,2495,97.0,0,0,0,2026-04-21 19:46:18.812,,y
1502,20250315,2441,2431,2496,13.0,0,0,0,2026-04-21 19:46:18.812,,y
1503,20250402,2441,2432,2497,7.0,0,0,0,2026-04-21 19:46:18.812,,y
1504,20250402,2441,2433,2504,3.0,0,0,0,2026-04-21 19:46:18.812,,y
1505,20250402,2441,2434,2513,4.0,0,0,0,2026-04-21 19:46:18.812,,y
1506,20250402,2441,2435,2509,4.0,0,0,0,2026-04-21 19:46:18.812,,y
1507,20250402,2441,2436,2509,7.0,0,0,0,2026-04-21 19:46:18.812,,y
1508,20250402,2441,2437,2509,32.0,0,0,0,2026-04-21 19:46:18.812,,y
1509,20241210,2625,2685,2503,432.0,0,0,0,2026-04-21 19:46:18.812,,y
1510,20251118,2443,2696,2504,1500.0,0,0,0,2026-04-21 19:46:18.812,,y
1511,20251212,2586,2698,2509,5.0,0,0,0,2026-04-21 19:46:18.812,,y
1512,20251212,2587,2698,2509,5.0,0,0,0,2026-04-21 19:46:18.812,,y
1513,20251212,2588,2698,2509,5.0,0,0,0,2026-04-21 19:46:18.812,,y
1514,20251212,2589,2698,2509,5.0,0,0,0,2026-04-21 19:46:18.812,,y
1515,20251212,2590,2698,2509,5.0,0,0,0,2026-04-21 19:46:18.812,,y
1516,20251215,2621,244,2512,450.0,0,0,0,2026-04-21 19:46:18.812,,y
1517,20251215,2622,244,2512,450.0,0,0,0,2026-04-21 19:46:18.812,,y
1518,20251215,2623,244,2512,450.0,0,0,0,2026-04-21 19:46:18.812,,y
1519,20251210,2613,2700,2513,10.0,0,0,0,2026-04-21 19:46:18.812,,y
1520,20251216,2531,244,2515,20.0,0,0,0,2026-04-21 19:46:18.812,,y
1521,20251216,2532,244,2515,20.0,0,0,0,2026-04-21 19:46:18.812,,y
1522,20250311,2441,2646,2467,60.0,0,0,0,2026-04-21 19:46:18.812,,y
1523,20250317,2441,2646,2468,26.0,0,0,0,2026-04-21 19:46:18.812,,y
1524,20250321,2441,2646,2469,50.0,0,0,0,2026-04-21 19:46:18.812,,y
1525,20250326,2441,2646,2470,40.0,0,0,0,2026-04-21 19:46:18.812,,y
1526,20250415,2441,2646,2474,19.0,0,0,0,2026-04-21 19:46:18.813,,y
1527,20250415,2431,2646,2474,3.0,0,0,0,2026-04-21 19:46:18.813,,y
1528,20250328,2441,2410,2475,47.0,0,0,0,2026-04-21 19:46:18.813,,y
1529,20250326,2441,2411,2476,16.0,0,0,0,2026-04-21 19:46:18.813,,y
1530,20250328,2441,2412,2477,4.0,0,0,0,2026-04-21 19:46:18.813,,y
1531,20250325,2441,2413,2478,39.0,0,0,0,2026-04-21 19:46:18.813,,y
1532,20250324,2441,2414,2479,1.0,0,0,0,2026-04-21 19:46:18.813,,y
1533,20250324,2441,2415,2480,3.0,0,0,0,2026-04-21 19:46:18.813,,y
1534,20250315,2441,2416,2481,13.0,0,0,0,2026-04-21 19:46:18.813,,y
1535,20250312,2441,2417,2482,8.0,0,0,0,2026-04-21 19:46:18.813,,y
1536,20250312,2441,2418,2483,8.0,0,0,0,2026-04-21 19:46:18.813,,y
1537,20250312,2441,2419,2484,15.0,0,0,0,2026-04-21 19:46:18.813,,y
1538,20250328,2441,2420,2485,29.0,0,0,0,2026-04-21 19:46:18.813,,y
1539,20250328,2441,2421,2486,32.0,0,0,0,2026-04-21 19:46:18.813,,y
1540,20250328,2441,2422,2487,36.0,0,0,0,2026-04-21 19:46:18.813,,y
1541,20250327,2441,2423,2488,7.0,0,0,0,2026-04-21 19:46:18.813,,y
1542,20250324,2441,2424,2489,24.0,0,0,0,2026-04-21 19:46:18.813,,y
1543,20250326,2441,2425,2490,13.0,0,0,0,2026-04-21 19:46:18.813,,y
1544,20250403,2441,2428,2492,3.0,0,0,0,2026-04-21 19:46:18.813,,y
1545,20250403,2431,2428,2492,5.0,0,0,0,2026-04-21 19:46:18.813,,y
1546,20250315,2441,2428,2493,38.0,0,0,0,2026-04-21 19:46:18.813,,y
1547,20250324,2441,2429,2494,23.0,0,0,0,2026-04-21 19:46:18.813,,y
1548,20250314,2441,2646,2495,97.0,0,0,0,2026-04-21 19:46:18.813,,y
1549,20250315,2441,2431,2496,13.0,0,0,0,2026-04-21 19:46:18.813,,y
1550,20250402,2441,2432,2497,7.0,0,0,0,2026-04-21 19:46:18.813,,y
1551,20250402,2441,2433,2504,3.0,0,0,0,2026-04-21 19:46:18.813,,y
1552,20250402,2441,2434,2513,4.0,0,0,0,2026-04-21 19:46:18.813,,y
1553,20250402,2441,2435,2509,4.0,0,0,0,2026-04-21 19:46:18.813,,y
1554,20250402,2441,2436,2509,7.0,0,0,0,2026-04-21 19:46:18.813,,y
1555,20250402,2441,2437,2509,32.0,0,0,0,2026-04-21 19:46:18.813,,y
1556,20241210,2625,2685,2503,432.0,0,0,0,2026-04-21 19:46:18.813,,y
1557,20251118,2443,2696,2504,1500.0,0,0,0,2026-04-21 19:46:18.813,,y
1558,20251212,2586,2698,2509,5.0,0,0,0,2026-04-21 19:46:18.813,,y
1559,20251212,2587,2698,2509,5.0,0,0,0,2026-04-21 19:46:18.813,,y
1560,20251212,2588,2698,2509,5.0,0,0,0,2026-04-21 19:46:18.813,,y
1561,20251212,2589,2698,2509,5.0,0,0,0,2026-04-21 19:46:18.813,,y
1562,20251212,2590,2698,2509,5.0,0,0,0,2026-04-21 19:46:18.813,,y
1563,20251215,2621,244,2512,450.0,0,0,0,2026-04-21 19:46:18.813,,y
1564,20251215,2622,244,2512,450.0,0,0,0,2026-04-21 19:46:18.814,,y
1565,20251215,2623,244,2512,450.0,0,0,0,2026-04-21 19:46:18.814,,y
1566,20251210,2613,2700,2513,10.0,0,0,0,2026-04-21 19:46:18.814,,y
1567,20251216,2531,244,2515,20.0,0,0,0,2026-04-21 19:46:18.814,,y
1568,20251212,2590,2698,2509,5.0,0,0,0,2026-04-21 19:46:18.815,,y
1569,20251216,2532,244,2515,20.0,0,0,0,2026-04-21 19:46:18.815,,y
1570,20250311,2441,2646,2467,60.0,0,0,0,2026-04-21 19:46:18.816,,y
1571,20250317,2441,2646,2468,26.0,0,0,0,2026-04-21 19:46:18.816,,y
1572,20250321,2441,2646,2469,50.0,0,0,0,2026-04-21 19:46:18.816,,y
1573,20250326,2441,2646,2470,40.0,0,0,0,2026-04-21 19:46:18.816,,y
1574,20250403,2441,2646,2472,72.0,0,0,0,2026-04-21 19:46:18.816,,y
1575,20250403,2431,2646,2472,3.0,0,0,0,2026-04-21 19:46:18.816,,y
1576,20250415,2441,2646,2474,19.0,0,0,0,2026-04-21 19:46:18.816,,y
1577,20250415,2431,2646,2474,3.0,0,0,0,2026-04-21 19:46:18.816,,y
1578,20250328,2441,2410,2475,47.0,0,0,0,2026-04-21 19:46:18.816,,y
1579,20250326,2441,2411,2476,16.0,0,0,0,2026-04-21 19:46:18.816,,y
1580,20250328,2441,2412,2477,4.0,0,0,0,2026-04-21 19:46:18.816,,y
1581,20250325,2441,2413,2478,39.0,0,0,0,2026-04-21 19:46:18.816,,y
1582,20250324,2441,2414,2479,1.0,0,0,0,2026-04-21 19:46:18.816,,y
1583,20250324,2441,2415,2480,3.0,0,0,0,2026-04-21 19:46:18.816,,y
1584,20250315,2441,2416,2481,13.0,0,0,0,2026-04-21 19:46:18.816,,y
1585,20250312,2441,2417,2482,8.0,0,0,0,2026-04-21 19:46:18.816,,y
1586,20250312,2441,2418,2483,8.0,0,0,0,2026-04-21 19:46:18.816,,y
1587,20250312,2441,2419,2484,15.0,0,0,0,2026-04-21 19:46:18.816,,y
1588,20250328,2441,2420,2485,29.0,0,0,0,2026-04-21 19:46:18.816,,y
1589,20250328,2441,2421,2486,32.0,0,0,0,2026-04-21 19:46:18.816,,y
1590,20250328,2441,2422,2487,36.0,0,0,0,2026-04-21 19:46:18.816,,y
1591,20250327,2441,2423,2488,7.0,0,0,0,2026-04-21 19:46:18.816,,y
1592,20250324,2441,2424,2489,24.0,0,0,0,2026-04-21 19:46:18.817,,y
1593,20250326,2441,2425,2490,13.0,0,0,0,2026-04-21 19:46:18.817,,y
1594,20250403,2441,2428,2492,3.0,0,0,0,2026-04-21 19:46:18.817,,y
1595,20250403,2431,2428,2492,5.0,0,0,0,2026-04-21 19:46:18.817,,y
1596,20250315,2441,2428,2493,38.0,0,0,0,2026-04-21 19:46:18.817,,y
1597,20250324,2441,2429,2494,23.0,0,0,0,2026-04-21 19:46:18.817,,y
1598,20250314,2441,2646,2495,97.0,0,0,0,2026-04-21 19:46:18.817,,y
1599,20250315,2441,2431,2496,13.0,0,0,0,2026-04-21 19:46:18.817,,y
1600,20250402,2441,2432,2497,7.0,0,0,0,2026-04-21 19:46:18.817,,y
1601,20250402,2441,2433,2504,3.0,0,0,0,2026-04-21 19:46:18.817,,y
1602,20250402,2441,2434,2513,4.0,0,0,0,2026-04-21 19:46:18.817,,y
1603,20250402,2441,2435,2509,4.0,0,0,0,2026-04-21 19:46:18.817,,y
1604,20250402,2441,2436,2509,7.0,0,0,0,2026-04-21 19:46:18.818,,y
1605,20250402,2441,2437,2509,32.0,0,0,0,2026-04-21 19:46:18.818,,y
1606,20241210,2625,2685,2503,432.0,0,0,0,2026-04-21 19:46:18.818,,y
1607,20251118,2443,2696,2504,1500.0,0,0,0,2026-04-21 19:46:18.818,,y
1608,20251212,2586,2698,2509,5.0,0,0,0,2026-04-21 19:46:18.818,,y
1609,20251212,2587,2698,2509,5.0,0,0,0,2026-04-21 19:46:18.818,,y
1610,20251212,2588,2698,2509,5.0,0,0,0,2026-04-21 19:46:18.818,,y
1611,20251212,2589,2698,2509,5.0,0,0,0,2026-04-21 19:46:18.818,,y
1612,20251215,2621,244,2512,450.0,0,0,0,2026-04-21 19:46:18.818,,y
1613,20251215,2622,244,2512,450.0,0,0,0,2026-04-21 19:46:18.818,,y
1614,20251215,2623,244,2512,450.0,0,0,0,2026-04-21 19:46:18.818,,y
1615,20251210,2613,2700,2513,10.0,0,0,0,2026-04-21 19:46:18.819,,y
1616,20251216,2531,244,2515,20.0,0,0,0,2026-04-21 19:46:18.829,,y
1617,20251216,2532,244,2515,20.0,0,0,0,2026-04-21 19:46:18.829,,y
1618,20250311,2441,2646,2467,60.0,0,0,0,2026-04-21 19:46:18.829,,y
1619,20250317,2441,2646,2468,26.0,0,0,0,2026-04-21 19:46:18.829,,y
1620,20250321,2441,2646,2469,50.0,0,0,0,2026-04-21 19:46:18.829,,y
1621,20250326,2441,2646,2470,40.0,0,0,0,2026-04-21 19:46:18.829,,y
1622,20250403,2441,2646,2472,72.0,0,0,0,2026-04-21 19:46:18.829,,y
1623,20250403,2431,2646,2472,3.0,0,0,0,2026-04-21 19:46:18.829,,y
1624,20250415,2441,2646,2474,19.0,0,0,0,2026-04-21 19:46:18.829,,y
1625,20250415,2431,2646,2474,3.0,0,0,0,2026-04-21 19:46:18.829,,y
1626,20250328,2441,2410,2475,47.0,0,0,0,2026-04-21 19:46:18.829,,y
1627,20250326,2441,2411,2476,16.0,0,0,0,2026-04-21 19:46:18.829,,y
1628,20250328,2441,2412,2477,4.0,0,0,0,2026-04-21 19:46:18.829,,y
1629,20250325,2441,2413,2478,39.0,0,0,0,2026-04-21 19:46:18.829,,y
1630,20250324,2441,2414,2479,1.0,0,0,0,2026-04-21 19:46:18.829,,y
1631,20250324,2441,2415,2480,3.0,0,0,0,2026-04-21 19:46:18.829,,y
1632,20250315,2441,2416,2481,13.0,0,0,0,2026-04-21 19:46:18.830,,y
1633,20250312,2441,2417,2482,8.0,0,0,0,2026-04-21 19:46:18.830,,y
1634,20250312,2441,2418,2483,8.0,0,0,0,2026-04-21 19:46:18.830,,y
1635,20250312,2441,2419,2484,15.0,0,0,0,2026-04-21 19:46:18.830,,y
1636,20250328,2441,2420,2485,29.0,0,0,0,2026-04-21 19:46:18.830,,y
1637,20250328,2441,2421,2486,32.0,0,0,0,2026-04-21 19:46:18.830,,y
1638,20250328,2441,2422,2487,36.0,0,0,0,2026-04-21 19:46:18.830,,y
1639,20250327,2441,2423,2488,7.0,0,0,0,2026-04-21 19:46:18.830,,y
1640,20250324,2441,2424,2489,24.0,0,0,0,2026-04-21 19:46:18.830,,y
1641,20250326,2441,2425,2490,13.0,0,0,0,2026-04-21 19:46:18.830,,y
1642,20250403,2441,2428,2492,3.0,0,0,0,2026-04-21 19:46:18.830,,y
1643,20250403,2431,2428,2492,5.0,0,0,0,2026-04-21 19:46:18.830,,y
1644,20250315,2441,2428,2493,38.0,0,0,0,2026-04-21 19:46:18.830,,y
1645,20250324,2441,2429,2494,23.0,0,0,0,2026-04-21 19:46:18.831,,y
1646,20250314,2441,2646,2495,97.0,0,0,0,2026-04-21 19:46:18.831,,y
1647,20250315,2441,2431,2496,13.0,0,0,0,2026-04-21 19:46:18.831,,y
1648,20250402,2441,2432,2497,7.0,0,0,0,2026-04-21 19:46:18.831,,y
1649,20250402,2441,2433,2504,3.0,0,0,0,2026-04-21 19:46:18.831,,y
1650,20250402,2441,2434,2513,4.0,0,0,0,2026-04-21 19:46:18.831,,y
1651,20250402,2441,2435,2509,4.0,0,0,0,2026-04-21 19:46:18.831,,y
1652,20250402,2441,2436,2509,7.0,0,0,0,2026-04-21 19:46:18.831,,y
1653,20250402,2441,2437,2509,32.0,0,0,0,2026-04-21 19:46:18.831,,y
1654,20241210,2625,2685,2503,432.0,0,0,0,2026-04-21 19:46:18.831,,y
1655,20251118,2443,2696,2504,1500.0,0,0,0,2026-04-21 19:46:18.831,,y
1656,20251212,2586,2698,2509,5.0,0,0,0,2026-04-21 19:46:18.831,,y
1657,20251212,2587,2698,2509,5.0,0,0,0,2026-04-21 19:46:18.831,,y
1658,20251212,2588,2698,2509,5.0,0,0,0,2026-04-21 19:46:18.831,,y
1659,20251212,2589,2698,2509,5.0,0,0,0,2026-04-21 19:46:18.831,,y
1660,20251212,2590,2698,2509,5.0,0,0,0,2026-04-21 19:46:18.831,,y
1661,20251215,2621,244,2512,450.0,0,0,0,2026-04-21 19:46:18.831,,y
1662,20251215,2622,244,2512,450.0,0,0,0,2026-04-21 19:46:18.831,,y
1663,20251215,2623,244,2512,450.0,0,0,0,2026-04-21 19:46:18.831,,y
1664,20251210,2613,2700,2513,10.0,0,0,0,2026-04-21 19:46:18.831,,y
1665,20251216,2531,244,2515,20.0,0,0,0,2026-04-21 19:46:18.831,,y
1666,20251216,2532,244,2515,20.0,0,0,0,2026-04-21 19:46:18.831,,y
1667,20250311,2441,2646,2467,60.0,0,0,0,2026-04-21 19:46:18.831,,y
1668,20250317,2441,2646,2468,26.0,0,0,0,2026-04-21 19:46:18.831,,y
1669,20250321,2441,2646,2469,50.0,0,0,0,2026-04-21 19:46:18.831,,y
1670,20250326,2441,2646,2470,40.0,0,0,0,2026-04-21 19:46:18.831,,y
1671,20250403,2441,2646,2472,72.0,0,0,0,2026-04-21 19:46:18.831,,y
1672,20250403,2431,2646,2472,3.0,0,0,0,2026-04-21 19:46:18.831,,y
1673,20250415,2441,2646,2474,19.0,0,0,0,2026-04-21 19:46:18.831,,y
1674,20250415,2431,2646,2474,3.0,0,0,0,2026-04-21 19:46:18.831,,y
1675,20250328,2441,2410,2475,47.0,0,0,0,2026-04-21 19:46:18.831,,y
1676,20250326,2441,2411,2476,16.0,0,0,0,2026-04-21 19:46:18.831,,y
1677,20250328,2441,2412,2477,4.0,0,0,0,2026-04-21 19:46:18.831,,y
1678,20250325,2441,2413,2478,39.0,0,0,0,2026-04-21 19:46:18.831,,y
1679,20250324,2441,2414,2479,1.0,0,0,0,2026-04-21 19:46:18.831,,y
1680,20250324,2441,2415,2480,3.0,0,0,0,2026-04-21 19:46:18.831,,y
1681,20250315,2441,2416,2481,13.0,0,0,0,2026-04-21 19:46:18.833,,y
1682,20250312,2441,2417,2482,8.0,0,0,0,2026-04-21 19:46:18.833,,y
1683,20250312,2441,2418,2483,8.0,0,0,0,2026-04-21 19:46:18.833,,y
1684,20250312,2441,2419,2484,15.0,0,0,0,2026-04-21 19:46:18.833,,y
1685,20250328,2441,2420,2485,29.0,0,0,0,2026-04-21 19:46:18.833,,y
1686,20250328,2441,2421,2486,32.0,0,0,0,2026-04-21 19:46:18.833,,y
1687,20250328,2441,2422,2487,36.0,0,0,0,2026-04-21 19:46:18.833,,y
1688,20250327,2441,2423,2488,7.0,0,0,0,2026-04-21 19:46:18.833,,y
1689,20250324,2441,2424,2489,24.0,0,0,0,2026-04-21 19:46:18.833,,y
1690,20250326,2441,2425,2490,13.0,0,0,0,2026-04-21 19:46:18.833,,y
1691,20250403,2441,2428,2492,3.0,0,0,0,2026-04-21 19:46:18.833,,y
1692,20250403,2431,2428,2492,5.0,0,0,0,2026-04-21 19:46:18.833,,y
1693,20250315,2441,2428,2493,38.0,0,0,0,2026-04-21 19:46:18.833,,y
1694,20250324,2441,2429,2494,23.0,0,0,0,2026-04-21 19:46:18.833,,y
1695,20250314,2441,2646,2495,97.0,0,0,0,2026-04-21 19:46:18.833,,y
1696,20250315,2441,2431,2496,13.0,0,0,0,2026-04-21 19:46:18.833,,y
1697,20250402,2441,2432,2497,7.0,0,0,0,2026-04-21 19:46:18.833,,y
1698,20250402,2441,2433,2504,3.0,0,0,0,2026-04-21 19:46:18.833,,y
1699,20250402,2441,2434,2513,4.0,0,0,0,2026-04-21 19:46:18.833,,y
1700,20250402,2441,2435,2509,4.0,0,0,0,2026-04-21 19:46:18.833,,y
1701,20250402,2441,2436,2509,7.0,0,0,0,2026-04-21 19:46:18.833,,y
1702,20250402,2441,2437,2509,32.0,0,0,0,2026-04-21 19:46:18.834,,y
1703,20241210,2625,2685,2503,432.0,0,0,0,2026-04-21 19:46:18.834,,y
1704,20251118,2443,2696,2504,1500.0,0,0,0,2026-04-21 19:46:18.834,,y
1705,20251212,2586,2698,2509,5.0,0,0,0,2026-04-21 19:46:18.834,,y
1706,20251212,2587,2698,2509,5.0,0,0,0,2026-04-21 19:46:18.834,,y
1707,20251212,2588,2698,2509,5.0,0,0,0,2026-04-21 19:46:18.834,,y
1708,20251212,2589,2698,2509,5.0,0,0,0,2026-04-21 19:46:18.834,,y
1709,20251212,2590,2698,2509,5.0,0,0,0,2026-04-21 19:46:18.837,,y
1710,20251215,2621,244,2512,450.0,0,0,0,2026-04-21 19:46:18.837,,y
1711,20251215,2622,244,2512,450.0,0,0,0,2026-04-21 19:46:18.837,,y
1712,20251215,2623,244,2512,450.0,0,0,0,2026-04-21 19:46:18.837,,y
1713,20251210,2613,2700,2513,10.0,0,0,0,2026-04-21 19:46:18.837,,y
1714,20251216,2531,244,2515,20.0,0,0,0,2026-04-21 19:46:18.837,,y
1715,20251216,2532,244,2515,20.0,0,0,0,2026-04-21 19:46:18.837,,y
1716,20250311,2441,2646,2467,60.0,0,0,0,2026-04-21 19:46:18.837,,y
1717,20250317,2441,2646,2468,26.0,0,0,0,2026-04-21 19:46:18.837,,y
1718,20250321,2441,2646,2469,50.0,0,0,0,2026-04-21 19:46:18.837,,y
1719,20250326,2441,2646,2470,40.0,0,0,0,2026-04-21 19:46:18.837,,y
1720,20250403,2441,2646,2472,72.0,0,0,0,2026-04-21 19:46:18.837,,y
1721,20250403,2431,2646,2472,3.0,0,0,0,2026-04-21 19:46:18.837,,y
1722,20250415,2441,2646,2474,19.0,0,0,0,2026-04-21 19:46:18.837,,y
1723,20250415,2431,2646,2474,3.0,0,0,0,2026-04-21 19:46:18.837,,y
1724,20250328,2441,2410,2475,47.0,0,0,0,2026-04-21 19:46:18.837,,y
1725,20250326,2441,2411,2476,16.0,0,0,0,2026-04-21 19:46:18.837,,y
1726,20250328,2441,2412,2477,4.0,0,0,0,2026-04-21 19:46:18.837,,y
1727,20250325,2441,2413,2478,39.0,0,0,0,2026-04-21 19:46:18.837,,y
1728,20250324,2441,2414,2479,1.0,0,0,0,2026-04-21 19:46:18.837,,y
1729,20250324,2441,2415,2480,3.0,0,0,0,2026-04-21 19:46:18.837,,y
1730,20250315,2441,2416,2481,13.0,0,0,0,2026-04-21 19:46:18.838,,y
1731,20250312,2441,2417,2482,8.0,0,0,0,2026-04-21 19:46:18.838,,y
1732,20250312,2441,2418,2483,8.0,0,0,0,2026-04-21 19:46:18.838,,y
1733,20250312,2441,2419,2484,15.0,0,0,0,2026-04-21 19:46:18.838,,y
1734,20250328,2441,2420,2485,29.0,0,0,0,2026-04-21 19:46:18.838,,y
1735,20250328,2441,2421,2486,32.0,0,0,0,2026-04-21 19:46:18.838,,y
1736,20250328,2441,2422,2487,36.0,0,0,0,2026-04-21 19:46:18.838,,y
1737,20250327,2441,2423,2488,7.0,0,0,0,2026-04-21 19:46:18.838,,y
1738,20250324,2441,2424,2489,24.0,0,0,0,2026-04-21 19:46:18.838,,y
1739,20250326,2441,2425,2490,13.0,0,0,0,2026-04-21 19:46:18.838,,y
1740,20250403,2441,2428,2492,3.0,0,0,0,2026-04-21 19:46:18.838,,y
1741,20250403,2431,2428,2492,5.0,0,0,0,2026-04-21 19:46:18.838,,y
1742,20250311,2441,2646,2467,60.0,0,0,0,2026-04-21 19:46:18.838,,y
1743,20250315,2441,2428,2493,38.0,0,0,0,2026-04-21 19:46:18.838,,y
1744,20250324,2441,2429,2494,23.0,0,0,0,2026-04-21 19:46:18.838,,y
1745,20250314,2441,2646,2495,97.0,0,0,0,2026-04-21 19:46:18.838,,y
1746,20250315,2441,2431,2496,13.0,0,0,0,2026-04-21 19:46:18.838,,y
1747,20250402,2441,2432,2497,7.0,0,0,0,2026-04-21 19:46:18.838,,y
1748,20250402,2441,2433,2504,3.0,0,0,0,2026-04-21 19:46:18.838,,y
1749,20250402,2441,2434,2513,4.0,0,0,0,2026-04-21 19:46:18.838,,y
1750,20250402,2441,2435,2509,4.0,0,0,0,2026-04-21 19:46:18.838,,y
1751,20250402,2441,2436,2509,7.0,0,0,0,2026-04-21 19:46:18.838,,y
1752,20250402,2441,2437,2509,32.0,0,0,0,2026-04-21 19:46:18.838,,y
1753,20241210,2625,2685,2503,432.0,0,0,0,2026-04-21 19:46:18.838,,y
1754,20251118,2443,2696,2504,1500.0,0,0,0,2026-04-21 19:46:18.838,,y
1755,20251212,2586,2698,2509,5.0,0,0,0,2026-04-21 19:46:18.838,,y
1756,20251212,2587,2698,2509,5.0,0,0,0,2026-04-21 19:46:18.838,,y
1757,20251212,2588,2698,2509,5.0,0,0,0,2026-04-21 19:46:18.838,,y
1758,20251212,2589,2698,2509,5.0,0,0,0,2026-04-21 19:46:18.838,,y
1759,20251212,2590,2698,2509,5.0,0,0,0,2026-04-21 19:46:18.838,,y
1760,20251215,2621,244,2512,450.0,0,0,0,2026-04-21 19:46:18.838,,y
1761,20251215,2622,244,2512,450.0,0,0,0,2026-04-21 19:46:18.838,,y
1762,20251215,2623,244,2512,450.0,0,0,0,2026-04-21 19:46:18.838,,y
1763,20251210,2613,2700,2513,10.0,0,0,0,2026-04-21 19:46:18.838,,y
1764,20251216,2531,244,2515,20.0,0,0,0,2026-04-21 19:46:18.838,,y
1765,20251216,2532,244,2515,20.0,0,0,0,2026-04-21 19:46:18.838,,y
1766,20250311,2441,2646,2467,60.0,0,0,0,2026-04-21 19:46:18.838,,y
1767,20250317,2441,2646,2468,26.0,0,0,0,2026-04-21 19:46:18.838,,y
1768,20250321,2441,2646,2469,50.0,0,0,0,2026-04-21 19:46:18.838,,y
1769,20250326,2441,2646,2470,40.0,0,0,0,2026-04-21 19:46:18.838,,y
1770,20250403,2441,2646,2472,72.0,0,0,0,2026-04-21 19:46:18.838,,y
1771,20250403,2431,2646,2472,3.0,0,0,0,2026-04-21 19:46:18.838,,y
1772,20250415,2441,2646,2474,19.0,0,0,0,2026-04-21 19:46:18.838,,y
1773,20250415,2431,2646,2474,3.0,0,0,0,2026-04-21 19:46:18.838,,y
1774,20250328,2441,2410,2475,47.0,0,0,0,2026-04-21 19:46:18.838,,y
1775,20250326,2441,2411,2476,16.0,0,0,0,2026-04-21 19:46:18.838,,y
1776,20250328,2441,2412,2477,4.0,0,0,0,2026-04-21 19:46:18.838,,y
1777,20250325,2441,2413,2478,39.0,0,0,0,2026-04-21 19:46:18.838,,y
1778,20250324,2441,2414,2479,1.0,0,0,0,2026-04-21 19:46:18.838,,y
1779,20250324,2441,2415,2480,3.0,0,0,0,2026-04-21 19:46:18.838,,y
1780,20250315,2441,2416,2481,13.0,0,0,0,2026-04-21 19:46:18.838,,y
1781,20250312,2441,2417,2482,8.0,0,0,0,2026-04-21 19:46:18.838,,y
1782,20250312,2441,2418,2483,8.0,0,0,0,2026-04-21 19:46:18.838,,y
1783,20250312,2441,2419,2484,15.0,0,0,0,2026-04-21 19:46:18.838,,y
1784,20250328,2441,2420,2485,29.0,0,0,0,2026-04-21 19:46:18.838,,y
1785,20250328,2441,2421,2486,32.0,0,0,0,2026-04-21 19:46:18.838,,y
1786,20250317,2441,2646,2468,26.0,0,0,0,2026-04-21 19:46:18.838,,y
1787,20250328,2441,2422,2487,36.0,0,0,0,2026-04-21 19:46:18.838,,y
1788,20250327,2441,2423,2488,7.0,0,0,0,2026-04-21 19:46:18.838,,y
1789,20250324,2441,2424,2489,24.0,0,0,0,2026-04-21 19:46:18.838,,y
1790,20250326,2441,2425,2490,13.0,0,0,0,2026-04-21 19:46:18.839,,y
1791,20250403,2441,2428,2492,3.0,0,0,0,2026-04-21 19:46:18.839,,y
1792,20250403,2431,2428,2492,5.0,0,0,0,2026-04-21 19:46:18.839,,y
1793,20250315,2441,2428,2493,38.0,0,0,0,2026-04-21 19:46:18.839,,y
1794,20250324,2441,2429,2494,23.0,0,0,0,2026-04-21 19:46:18.839,,y
1795,20250314,2441,2646,2495,97.0,0,0,0,2026-04-21 19:46:18.839,,y
1796,20250315,2441,2431,2496,13.0,0,0,0,2026-04-21 19:46:18.839,,y
1797,20250402,2441,2432,2497,7.0,0,0,0,2026-04-21 19:46:18.839,,y
1798,20250402,2441,2433,2504,3.0,0,0,0,2026-04-21 19:46:18.839,,y
1799,20250402,2441,2434,2513,4.0,0,0,0,2026-04-21 19:46:18.839,,y
1800,20250402,2441,2435,2509,4.0,0,0,0,2026-04-21 19:46:18.839,,y
1801,20250402,2441,2436,2509,7.0,0,0,0,2026-04-21 19:46:18.839,,y
1802,20250402,2441,2437,2509,32.0,0,0,0,2026-04-21 19:46:18.839,,y
1803,20241210,2625,2685,2503,432.0,0,0,0,2026-04-21 19:46:18.839,,y
1804,20251118,2443,2696,2504,1500.0,0,0,0,2026-04-21 19:46:18.839,,y
1805,20251212,2586,2698,2509,5.0,0,0,0,2026-04-21 19:46:18.839,,y
1806,20251212,2587,2698,2509,5.0,0,0,0,2026-04-21 19:46:18.839,,y
1807,20251212,2588,2698,2509,5.0,0,0,0,2026-04-21 19:46:18.839,,y
1808,20251212,2589,2698,2509,5.0,0,0,0,2026-04-21 19:46:18.839,,y
1809,20251212,2590,2698,2509,5.0,0,0,0,2026-04-21 19:46:18.839,,y
1810,20251215,2621,244,2512,450.0,0,0,0,2026-04-21 19:46:18.839,,y
1811,20251215,2622,244,2512,450.0,0,0,0,2026-04-21 19:46:18.839,,y
1812,20251215,2623,244,2512,450.0,0,0,0,2026-04-21 19:46:18.839,,y
1813,20251210,2613,2700,2513,10.0,0,0,0,2026-04-21 19:46:18.839,,y
1814,20251216,2531,244,2515,20.0,0,0,0,2026-04-21 19:46:18.839,,y
1815,20251216,2532,244,2515,20.0,0,0,0,2026-04-21 19:46:18.839,,y
1816,20250311,2441,2646,2467,60.0,0,0,0,2026-04-21 19:46:18.839,,y
1817,20250317,2441,2646,2468,26.0,0,0,0,2026-04-21 19:46:18.839,,y
1818,20250321,2441,2646,2469,50.0,0,0,0,2026-04-21 19:46:18.839,,y
1819,20250326,2441,2646,2470,40.0,0,0,0,2026-04-21 19:46:18.839,,y
1820,20250403,2441,2646,2472,72.0,0,0,0,2026-04-21 19:46:18.839,,y
1821,20250403,2431,2646,2472,3.0,0,0,0,2026-04-21 19:46:18.839,,y
1822,20250415,2441,2646,2474,19.0,0,0,0,2026-04-21 19:46:18.839,,y
1823,20250415,2431,2646,2474,3.0,0,0,0,2026-04-21 19:46:18.839,,y
1824,20250328,2441,2410,2475,47.0,0,0,0,2026-04-21 19:46:18.839,,y
1825,20250326,2441,2411,2476,16.0,0,0,0,2026-04-21 19:46:18.839,,y
1826,20250328,2441,2412,2477,4.0,0,0,0,2026-04-21 19:46:18.839,,y
1827,20250325,2441,2413,2478,39.0,0,0,0,2026-04-21 19:46:18.840,,y
1828,20250324,2441,2414,2479,1.0,0,0,0,2026-04-21 19:46:18.840,,y
1829,20250324,2441,2415,2480,3.0,0,0,0,2026-04-21 19:46:18.840,,y
1830,20250315,2441,2416,2481,13.0,0,0,0,2026-04-21 19:46:18.840,,y
1831,20250312,2441,2417,2482,8.0,0,0,0,2026-04-21 19:46:18.840,,y
1832,20250312,2441,2418,2483,8.0,0,0,0,2026-04-21 19:46:18.840,,y
1833,20250312,2441,2419,2484,15.0,0,0,0,2026-04-21 19:46:18.840,,y
1834,20250328,2441,2420,2485,29.0,0,0,0,2026-04-21 19:46:18.840,,y
1835,20250328,2441,2421,2486,32.0,0,0,0,2026-04-21 19:46:18.840,,y
1836,20250328,2441,2422,2487,36.0,0,0,0,2026-04-21 19:46:18.840,,y
1837,20250327,2441,2423,2488,7.0,0,0,0,2026-04-21 19:46:18.840,,y
1838,20250324,2441,2424,2489,24.0,0,0,0,2026-04-21 19:46:18.840,,y
1839,20250326,2441,2425,2490,13.0,0,0,0,2026-04-21 19:46:18.840,,y
1840,20250403,2441,2428,2492,3.0,0,0,0,2026-04-21 19:46:18.840,,y
1841,20250403,2431,2428,2492,5.0,0,0,0,2026-04-21 19:46:18.840,,y
1842,20250315,2441,2428,2493,38.0,0,0,0,2026-04-21 19:46:18.840,,y
1843,20250324,2441,2429,2494,23.0,0,0,0,2026-04-21 19:46:18.840,,y
1844,20250314,2441,2646,2495,97.0,0,0,0,2026-04-21 19:46:18.840,,y
1845,20250315,2441,2431,2496,13.0,0,0,0,2026-04-21 19:46:18.840,,y
1846,20250402,2441,2432,2497,7.0,0,0,0,2026-04-21 19:46:18.840,,y
1847,20250402,2441,2433,2504,3.0,0,0,0,2026-04-21 19:46:18.840,,y
1848,20250402,2441,2434,2513,4.0,0,0,0,2026-04-21 19:46:18.840,,y
1849,20250402,2441,2435,2509,4.0,0,0,0,2026-04-21 19:46:18.840,,y
1850,20250402,2441,2436,2509,7.0,0,0,0,2026-04-21 19:46:18.840,,y
1851,20250402,2441,2437,2509,32.0,0,0,0,2026-04-21 19:46:18.840,,y
1852,20241210,2625,2685,2503,432.0,0,0,0,2026-04-21 19:46:18.840,,y
1853,20251118,2443,2696,2504,1500.0,0,0,0,2026-04-21 19:46:18.840,,y
1854,20251212,2586,2698,2509,5.0,0,0,0,2026-04-21 19:46:18.840,,y
1855,20251212,2587,2698,2509,5.0,0,0,0,2026-04-21 19:46:18.840,,y
1856,20251212,2588,2698,2509,5.0,0,0,0,2026-04-21 19:46:18.840,,y
1857,20251212,2589,2698,2509,5.0,0,0,0,2026-04-21 19:46:18.840,,y
1858,20251212,2590,2698,2509,5.0,0,0,0,2026-04-21 19:46:18.840,,y
1859,20251215,2621,244,2512,450.0,0,0,0,2026-04-21 19:46:18.840,,y
1860,20251215,2622,244,2512,450.0,0,0,0,2026-04-21 19:46:18.840,,y
1861,20251215,2623,244,2512,450.0,0,0,0,2026-04-21 19:46:18.841,,y
1862,20251210,2613,2700,2513,10.0,0,0,0,2026-04-21 19:46:18.841,,y
1863,20251216,2531,244,2515,20.0,0,0,0,2026-04-21 19:46:18.841,,y
1864,20251216,2532,244,2515,20.0,0,0,0,2026-04-21 19:46:18.841,,y
1865,20250311,2441,2646,2467,60.0,0,0,0,2026-04-21 19:46:18.841,,y
1866,20250317,2441,2646,2468,26.0,0,0,0,2026-04-21 19:46:18.841,,y
1867,20250321,2441,2646,2469,50.0,0,0,0,2026-04-21 19:46:18.841,,y
1868,20250326,2441,2646,2470,40.0,0,0,0,2026-04-21 19:46:18.841,,y
1869,20250403,2441,2646,2472,72.0,0,0,0,2026-04-21 19:46:18.841,,y
1870,20250403,2431,2646,2472,3.0,0,0,0,2026-04-21 19:46:18.841,,y
1871,20250415,2441,2646,2474,19.0,0,0,0,2026-04-21 19:46:18.841,,y
1872,20250415,2431,2646,2474,3.0,0,0,0,2026-04-21 19:46:18.841,,y
1873,20250328,2441,2410,2475,47.0,0,0,0,2026-04-21 19:46:18.842,,y
1874,20250326,2441,2411,2476,16.0,0,0,0,2026-04-21 19:46:18.842,,y
1875,20250328,2441,2412,2477,4.0,0,0,0,2026-04-21 19:46:18.842,,y
1876,20250325,2441,2413,2478,39.0,0,0,0,2026-04-21 19:46:18.842,,y
1877,20250324,2441,2414,2479,1.0,0,0,0,2026-04-21 19:46:18.842,,y
1878,20250324,2441,2415,2480,3.0,0,0,0,2026-04-21 19:46:18.842,,y
1879,20250315,2441,2416,2481,13.0,0,0,0,2026-04-21 19:46:18.842,,y
1880,20250312,2441,2417,2482,8.0,0,0,0,2026-04-21 19:46:18.842,,y
1881,20250312,2441,2418,2483,8.0,0,0,0,2026-04-21 19:46:18.842,,y
1882,20250312,2441,2419,2484,15.0,0,0,0,2026-04-21 19:46:18.842,,y
1883,20250328,2441,2420,2485,29.0,0,0,0,2026-04-21 19:46:18.842,,y
1884,20250328,2441,2421,2486,32.0,0,0,0,2026-04-21 19:46:18.842,,y
1885,20250328,2441,2422,2487,36.0,0,0,0,2026-04-21 19:46:18.842,,y
1886,20250327,2441,2423,2488,7.0,0,0,0,2026-04-21 19:46:18.842,,y
1887,20250324,2441,2424,2489,24.0,0,0,0,2026-04-21 19:46:18.842,,y
1888,20250326,2441,2425,2490,13.0,0,0,0,2026-04-21 19:46:18.842,,y
1889,20250403,2441,2428,2492,3.0,0,0,0,2026-04-21 19:46:18.843,,y
1890,20250403,2431,2428,2492,5.0,0,0,0,2026-04-21 19:46:18.843,,y
1891,20250315,2441,2428,2493,38.0,0,0,0,2026-04-21 19:46:18.843,,y
1892,20250324,2441,2429,2494,23.0,0,0,0,2026-04-21 19:46:18.843,,y
1893,20250314,2441,2646,2495,97.0,0,0,0,2026-04-21 19:46:18.843,,y
1894,20250315,2441,2431,2496,13.0,0,0,0,2026-04-21 19:46:18.843,,y
1895,20250402,2441,2432,2497,7.0,0,0,0,2026-04-21 19:46:18.843,,y
1896,20250402,2441,2433,2504,3.0,0,0,0,2026-04-21 19:46:18.843,,y
1897,20250402,2441,2434,2513,4.0,0,0,0,2026-04-21 19:46:18.843,,y
1898,20250402,2441,2435,2509,4.0,0,0,0,2026-04-21 19:46:18.843,,y
1899,20250402,2441,2436,2509,7.0,0,0,0,2026-04-21 19:46:18.843,,y
1900,20250402,2441,2437,2509,32.0,0,0,0,2026-04-21 19:46:18.843,,y
1901,20241210,2625,2685,2503,432.0,0,0,0,2026-04-21 19:46:18.843,,y
1902,20251118,2443,2696,2504,1500.0,0,0,0,2026-04-21 19:46:18.843,,y
1903,20251212,2586,2698,2509,5.0,0,0,0,2026-04-21 19:46:18.843,,y
1904,20251212,2587,2698,2509,5.0,0,0,0,2026-04-21 19:46:18.843,,y
1905,20251212,2588,2698,2509,5.0,0,0,0,2026-04-21 19:46:18.843,,y
1906,20251212,2589,2698,2509,5.0,0,0,0,2026-04-21 19:46:18.843,,y
1907,20251212,2590,2698,2509,5.0,0,0,0,2026-04-21 19:46:18.843,,y
1908,20251215,2621,244,2512,450.0,0,0,0,2026-04-21 19:46:18.843,,y
1909,20251215,2622,244,2512,450.0,0,0,0,2026-04-21 19:46:18.843,,y
1910,20251215,2623,244,2512,450.0,0,0,0,2026-04-21 19:46:18.843,,y
1911,20251210,2613,2700,2513,10.0,0,0,0,2026-04-21 19:46:18.844,,y
1912,20251216,2531,244,2515,20.0,0,0,0,2026-04-21 19:46:18.844,,y
1913,20251216,2532,244,2515,20.0,0,0,0,2026-04-21 19:46:18.844,,y
1914,20250321,2441,2646,2469,50.0,0,0,0,2026-04-21 19:46:18.844,,y
1915,20250326,2441,2646,2470,40.0,0,0,0,2026-04-21 19:46:18.844,,y
1916,20250403,2441,2646,2472,72.0,0,0,0,2026-04-21 19:46:18.844,,y
1917,20250403,2431,2646,2472,3.0,0,0,0,2026-04-21 19:46:18.844,,y
1918,20250415,2441,2646,2474,19.0,0,0,0,2026-04-21 19:46:18.844,,y
1919,20250415,2431,2646,2474,3.0,0,0,0,2026-04-21 19:46:18.844,,y
1920,20250328,2441,2410,2475,47.0,0,0,0,2026-04-21 19:46:18.844,,y
1921,20250326,2441,2411,2476,16.0,0,0,0,2026-04-21 19:46:18.844,,y
1922,20250328,2441,2412,2477,4.0,0,0,0,2026-04-21 19:46:18.844,,y
1923,20250325,2441,2413,2478,39.0,0,0,0,2026-04-21 19:46:18.844,,y
1924,20250324,2441,2414,2479,1.0,0,0,0,2026-04-21 19:46:18.844,,y
1925,20250324,2441,2415,2480,3.0,0,0,0,2026-04-21 19:46:18.844,,y
1926,20250315,2441,2416,2481,13.0,0,0,0,2026-04-21 19:46:18.844,,y
1927,20250312,2441,2417,2482,8.0,0,0,0,2026-04-21 19:46:18.844,,y
1928,20250312,2441,2418,2483,8.0,0,0,0,2026-04-21 19:46:18.844,,y
1929,20250312,2441,2419,2484,15.0,0,0,0,2026-04-21 19:46:18.844,,y
1930,20250328,2441,2420,2485,29.0,0,0,0,2026-04-21 19:46:18.844,,y
1931,20250328,2441,2421,2486,32.0,0,0,0,2026-04-21 19:46:18.844,,y
1932,20250328,2441,2422,2487,36.0,0,0,0,2026-04-21 19:46:18.844,,y
1933,20250327,2441,2423,2488,7.0,0,0,0,2026-04-21 19:46:18.845,,y
1934,20250324,2441,2424,2489,24.0,0,0,0,2026-04-21 19:46:18.845,,y
1935,20250326,2441,2425,2490,13.0,0,0,0,2026-04-21 19:46:18.845,,y
1936,20250403,2441,2428,2492,3.0,0,0,0,2026-04-21 19:46:18.845,,y
1937,20250403,2431,2428,2492,5.0,0,0,0,2026-04-21 19:46:18.845,,y
1938,20250315,2441,2428,2493,38.0,0,0,0,2026-04-21 19:46:18.845,,y
1939,20250324,2441,2429,2494,23.0,0,0,0,2026-04-21 19:46:18.845,,y
1940,20250314,2441,2646,2495,97.0,0,0,0,2026-04-21 19:46:18.845,,y
1941,20250315,2441,2431,2496,13.0,0,0,0,2026-04-21 19:46:18.845,,y
1942,20250402,2441,2432,2497,7.0,0,0,0,2026-04-21 19:46:18.845,,y
1943,20250402,2441,2433,2504,3.0,0,0,0,2026-04-21 19:46:18.845,,y
1944,20250402,2441,2434,2513,4.0,0,0,0,2026-04-21 19:46:18.845,,y
1945,20250402,2441,2435,2509,4.0,0,0,0,2026-04-21 19:46:18.845,,y
1946,20250402,2441,2436,2509,7.0,0,0,0,2026-04-21 19:46:18.845,,y
1947,20250402,2441,2437,2509,32.0,0,0,0,2026-04-21 19:46:18.845,,y
1948,20241210,2625,2685,2503,432.0,0,0,0,2026-04-21 19:46:18.845,,y
1949,20251118,2443,2696,2504,1500.0,0,0,0,2026-04-21 19:46:18.845,,y
1950,20251212,2586,2698,2509,5.0,0,0,0,2026-04-21 19:46:18.845,,y
1951,20251212,2587,2698,2509,5.0,0,0,0,2026-04-21 19:46:18.845,,y
1952,20251212,2588,2698,2509,5.0,0,0,0,2026-04-21 19:46:18.845,,y
1953,20251212,2589,2698,2509,5.0,0,0,0,2026-04-21 19:46:18.845,,y
1954,20251212,2590,2698,2509,5.0,0,0,0,2026-04-21 19:46:18.845,,y
1955,20251215,2621,244,2512,450.0,0,0,0,2026-04-21 19:46:18.845,,y
1956,20251215,2622,244,2512,450.0,0,0,0,2026-04-21 19:46:18.845,,y
1957,20251215,2623,244,2512,450.0,0,0,0,2026-04-21 19:46:18.845,,y
1958,20251210,2613,2700,2513,10.0,0,0,0,2026-04-21 19:46:18.845,,y
1959,20251216,2531,244,2515,20.0,0,0,0,2026-04-21 19:46:18.845,,y
1960,20251212,2590,2698,2509,5.0,0,0,0,2026-04-21 19:46:18.845,,y
1961,20251216,2532,244,2515,20.0,0,0,0,2026-04-21 19:46:18.845,,y
1962,20250311,2441,2646,2467,60.0,0,0,0,2026-04-21 19:46:18.845,,y
1963,20250317,2441,2646,2468,26.0,0,0,0,2026-04-21 19:46:18.845,,y
1964,20250321,2441,2646,2469,50.0,0,0,0,2026-04-21 19:46:18.845,,y
1965,20250326,2441,2646,2470,40.0,0,0,0,2026-04-21 19:46:18.845,,y
1966,20250403,2441,2646,2472,72.0,0,0,0,2026-04-21 19:46:18.845,,y
1967,20250403,2431,2646,2472,3.0,0,0,0,2026-04-21 19:46:18.845,,y
1968,20250415,2441,2646,2474,19.0,0,0,0,2026-04-21 19:46:18.845,,y
1969,20250415,2431,2646,2474,3.0,0,0,0,2026-04-21 19:46:18.845,,y
1970,20250328,2441,2410,2475,47.0,0,0,0,2026-04-21 19:46:18.845,,y
1971,20250326,2441,2411,2476,16.0,0,0,0,2026-04-21 19:46:18.845,,y
1972,20250328,2441,2412,2477,4.0,0,0,0,2026-04-21 19:46:18.845,,y
1973,20250325,2441,2413,2478,39.0,0,0,0,2026-04-21 19:46:18.845,,y
1974,20250324,2441,2414,2479,1.0,0,0,0,2026-04-21 19:46:18.845,,y
1975,20250324,2441,2415,2480,3.0,0,0,0,2026-04-21 19:46:18.845,,y
1976,20250315,2441,2416,2481,13.0,0,0,0,2026-04-21 19:46:18.845,,y
1977,20250312,2441,2417,2482,8.0,0,0,0,2026-04-21 19:46:18.846,,y
1978,20250312,2441,2418,2483,8.0,0,0,0,2026-04-21 19:46:18.846,,y
1979,20250312,2441,2419,2484,15.0,0,0,0,2026-04-21 19:46:18.846,,y
1980,20250328,2441,2420,2485,29.0,0,0,0,2026-04-21 19:46:18.846,,y
1981,20250328,2441,2421,2486,32.0,0,0,0,2026-04-21 19:46:18.846,,y
1982,20250328,2441,2422,2487,36.0,0,0,0,2026-04-21 19:46:18.846,,y
1983,20250327,2441,2423,2488,7.0,0,0,0,2026-04-21 19:46:18.846,,y
1984,20250324,2441,2424,2489,24.0,0,0,0,2026-04-21 19:46:18.846,,y
1985,20250326,2441,2425,2490,13.0,0,0,0,2026-04-21 19:46:18.846,,y
1986,20250403,2441,2428,2492,3.0,0,0,0,2026-04-21 19:46:18.846,,y
1987,20250403,2431,2428,2492,5.0,0,0,0,2026-04-21 19:46:18.846,,y
1988,20250315,2441,2428,2493,38.0,0,0,0,2026-04-21 19:46:18.846,,y
1989,20250324,2441,2429,2494,23.0,0,0,0,2026-04-21 19:46:18.846,,y
1990,20250314,2441,2646,2495,97.0,0,0,0,2026-04-21 19:46:18.846,,y
1991,20250315,2441,2431,2496,13.0,0,0,0,2026-04-21 19:46:18.846,,y
1992,20250402,2441,2432,2497,7.0,0,0,0,2026-04-21 19:46:18.846,,y
1993,20250402,2441,2433,2504,3.0,0,0,0,2026-04-21 19:46:18.846,,y
1994,20250402,2441,2434,2513,4.0,0,0,0,2026-04-21 19:46:18.846,,y
1995,20250402,2441,2435,2509,4.0,0,0,0,2026-04-21 19:46:18.846,,y
1996,20250402,2441,2436,2509,7.0,0,0,0,2026-04-21 19:46:18.846,,y
1997,20250402,2441,2437,2509,32.0,0,0,0,2026-04-21 19:46:18.846,,y
1998,20241210,2625,2685,2503,432.0,0,0,0,2026-04-21 19:46:18.847,,y
1999,20251118,2443,2696,2504,1500.0,0,0,0,2026-04-21 19:46:18.847,,y
2000,20251212,2586,2698,2509,5.0,0,0,0,2026-04-21 19:46:18.847,,y
2001,20251212,2587,2698,2509,5.0,0,0,0,2026-04-21 19:46:18.847,,y
2002,20251212,2588,2698,2509,5.0,0,0,0,2026-04-21 19:46:18.847,,y
2003,20251212,2589,2698,2509,5.0,0,0,0,2026-04-21 19:46:18.847,,y
2004,20251215,2621,244,2512,450.0,0,0,0,2026-04-21 19:46:18.847,,y
2005,20251215,2622,244,2512,450.0,0,0,0,2026-04-21 19:46:18.847,,y
2006,20251215,2623,244,2512,450.0,0,0,0,2026-04-21 19:46:18.847,,y
2007,20251210,2613,2700,2513,10.0,0,0,0,2026-04-21 19:46:18.847,,y
2008,20251216,2531,244,2515,20.0,0,0,0,2026-04-21 19:46:18.847,,y
2009,20251216,2532,244,2515,20.0,0,0,0,2026-04-21 19:46:18.847,,y
2010,20250311,2441,2646,2467,60.0,0,0,0,2026-04-21 19:46:18.847,,y
2011,20250317,2441,2646,2468,26.0,0,0,0,2026-04-21 19:46:18.847,,y
2012,20250321,2441,2646,2469,50.0,0,0,0,2026-04-21 19:46:18.847,,y
2013,20250326,2441,2646,2470,40.0,0,0,0,2026-04-21 19:46:18.847,,y
2014,20250403,2441,2646,2472,72.0,0,0,0,2026-04-21 19:46:18.847,,y
2015,20250403,2431,2646,2472,3.0,0,0,0,2026-04-21 19:46:18.847,,y
2016,20250415,2441,2646,2474,19.0,0,0,0,2026-04-21 19:46:18.847,,y
2017,20250415,2431,2646,2474,3.0,0,0,0,2026-04-21 19:46:18.847,,y
2018,20250328,2441,2410,2475,47.0,0,0,0,2026-04-21 19:46:18.847,,y
2019,20250326,2441,2411,2476,16.0,0,0,0,2026-04-21 19:46:18.847,,y
2020,20250328,2441,2412,2477,4.0,0,0,0,2026-04-21 19:46:18.848,,y
2021,20250325,2441,2413,2478,39.0,0,0,0,2026-04-21 19:46:18.848,,y
2022,20250324,2441,2414,2479,1.0,0,0,0,2026-04-21 19:46:18.848,,y
2023,20250324,2441,2415,2480,3.0,0,0,0,2026-04-21 19:46:18.848,,y
2024,20250315,2441,2416,2481,13.0,0,0,0,2026-04-21 19:46:18.848,,y
2025,20250312,2441,2417,2482,8.0,0,0,0,2026-04-21 19:46:18.848,,y
2026,20250312,2441,2418,2483,8.0,0,0,0,2026-04-21 19:46:18.848,,y
2027,20250312,2441,2419,2484,15.0,0,0,0,2026-04-21 19:46:18.848,,y
2028,20250328,2441,2420,2485,29.0,0,0,0,2026-04-21 19:46:18.848,,y
2029,20250328,2441,2421,2486,32.0,0,0,0,2026-04-21 19:46:18.848,,y
2030,20250328,2441,2422,2487,36.0,0,0,0,2026-04-21 19:46:18.848,,y
2031,20250327,2441,2423,2488,7.0,0,0,0,2026-04-21 19:46:18.848,,y
2032,20250324,2441,2424,2489,24.0,0,0,0,2026-04-21 19:46:18.848,,y
2033,20250326,2441,2425,2490,13.0,0,0,0,2026-04-21 19:46:18.848,,y
2034,20250403,2441,2428,2492,3.0,0,0,0,2026-04-21 19:46:18.849,,y
2035,20250403,2431,2428,2492,5.0,0,0,0,2026-04-21 19:46:18.849,,y
2036,20250315,2441,2428,2493,38.0,0,0,0,2026-04-21 19:46:18.849,,y
2037,20250324,2441,2429,2494,23.0,0,0,0,2026-04-21 19:46:18.849,,y
2038,20250314,2441,2646,2495,97.0,0,0,0,2026-04-21 19:46:18.849,,y
2039,20250315,2441,2431,2496,13.0,0,0,0,2026-04-21 19:46:18.849,,y
2040,20250402,2441,2432,2497,7.0,0,0,0,2026-04-21 19:46:18.849,,y
2041,20250402,2441,2433,2504,3.0,0,0,0,2026-04-21 19:46:18.849,,y
2042,20250402,2441,2434,2513,4.0,0,0,0,2026-04-21 19:46:18.849,,y
2043,20250402,2441,2435,2509,4.0,0,0,0,2026-04-21 19:46:18.849,,y
2044,20250402,2441,2436,2509,7.0,0,0,0,2026-04-21 19:46:18.849,,y
2045,20250402,2441,2437,2509,32.0,0,0,0,2026-04-21 19:46:18.849,,y
2046,20241210,2625,2685,2503,432.0,0,0,0,2026-04-21 19:46:18.849,,y
2047,20251118,2443,2696,2504,1500.0,0,0,0,2026-04-21 19:46:18.849,,y
2048,20251212,2586,2698,2509,5.0,0,0,0,2026-04-21 19:46:18.850,,y
2049,20251212,2587,2698,2509,5.0,0,0,0,2026-04-21 19:46:18.850,,y
2050,20251212,2588,2698,2509,5.0,0,0,0,2026-04-21 19:46:18.850,,y
2051,20251212,2589,2698,2509,5.0,0,0,0,2026-04-21 19:46:18.850,,y
2052,20251212,2590,2698,2509,5.0,0,0,0,2026-04-21 19:46:18.850,,y
2053,20251215,2621,244,2512,450.0,0,0,0,2026-04-21 19:46:18.850,,y
2054,20251215,2622,244,2512,450.0,0,0,0,2026-04-21 19:46:18.850,,y
2055,20251215,2623,244,2512,450.0,0,0,0,2026-04-21 19:46:18.850,,y
2056,20251210,2613,2700,2513,10.0,0,0,0,2026-04-21 19:46:18.850,,y
2057,20251216,2531,244,2515,20.0,0,0,0,2026-04-21 19:46:18.850,,y
2058,20251216,2532,244,2515,20.0,0,0,0,2026-04-21 19:46:18.850,,y
2059,20250311,2441,2646,2467,60.0,0,0,0,2026-04-21 19:46:18.850,,y
2060,20250317,2441,2646,2468,26.0,0,0,0,2026-04-21 19:46:18.850,,y
2061,20250321,2441,2646,2469,50.0,0,0,0,2026-04-21 19:46:18.850,,y
2062,20250326,2441,2646,2470,40.0,0,0,0,2026-04-21 19:46:18.850,,y
2063,20250403,2441,2646,2472,72.0,0,0,0,2026-04-21 19:46:18.850,,y
2064,20250403,2431,2646,2472,3.0,0,0,0,2026-04-21 19:46:18.850,,y
2065,20250415,2441,2646,2474,19.0,0,0,0,2026-04-21 19:46:18.850,,y
2066,20250415,2431,2646,2474,3.0,0,0,0,2026-04-21 19:46:18.850,,y
2067,20250328,2441,2410,2475,47.0,0,0,0,2026-04-21 19:46:18.850,,y
2068,20250326,2441,2411,2476,16.0,0,0,0,2026-04-21 19:46:18.850,,y
2069,20250328,2441,2412,2477,4.0,0,0,0,2026-04-21 19:46:18.850,,y
2070,20250325,2441,2413,2478,39.0,0,0,0,2026-04-21 19:46:18.850,,y
2071,20250324,2441,2414,2479,1.0,0,0,0,2026-04-21 19:46:18.850,,y
2072,20250324,2441,2415,2480,3.0,0,0,0,2026-04-21 19:46:18.850,,y
2073,20250315,2441,2416,2481,13.0,0,0,0,2026-04-21 19:46:18.851,,y
2074,20250312,2441,2417,2482,8.0,0,0,0,2026-04-21 19:46:18.851,,y
2075,20250312,2441,2418,2483,8.0,0,0,0,2026-04-21 19:46:18.852,,y
2076,20250312,2441,2419,2484,15.0,0,0,0,2026-04-21 19:46:18.852,,y
2077,20250328,2441,2420,2485,29.0,0,0,0,2026-04-21 19:46:18.852,,y
2078,20250328,2441,2421,2486,32.0,0,0,0,2026-04-21 19:46:18.852,,y
2079,20250328,2441,2422,2487,36.0,0,0,0,2026-04-21 19:46:18.852,,y
2080,20250327,2441,2423,2488,7.0,0,0,0,2026-04-21 19:46:18.852,,y
2081,20250324,2441,2424,2489,24.0,0,0,0,2026-04-21 19:46:18.852,,y
2082,20250326,2441,2425,2490,13.0,0,0,0,2026-04-21 19:46:18.852,,y
2083,20250403,2441,2428,2492,3.0,0,0,0,2026-04-21 19:46:18.852,,y
2084,20250403,2431,2428,2492,5.0,0,0,0,2026-04-21 19:46:18.852,,y
2085,20250315,2441,2428,2493,38.0,0,0,0,2026-04-21 19:46:18.852,,y
2086,20250324,2441,2429,2494,23.0,0,0,0,2026-04-21 19:46:18.852,,y
2087,20250314,2441,2646,2495,97.0,0,0,0,2026-04-21 19:46:18.852,,y
2088,20250315,2441,2431,2496,13.0,0,0,0,2026-04-21 19:46:18.852,,y
2089,20250402,2441,2432,2497,7.0,0,0,0,2026-04-21 19:46:18.852,,y
2090,20250402,2441,2433,2504,3.0,0,0,0,2026-04-21 19:46:18.852,,y
2091,20250402,2441,2434,2513,4.0,0,0,0,2026-04-21 19:46:18.852,,y
2092,20250402,2441,2435,2509,4.0,0,0,0,2026-04-21 19:46:18.852,,y
2093,20250402,2441,2436,2509,7.0,0,0,0,2026-04-21 19:46:18.852,,y
2094,20250402,2441,2437,2509,32.0,0,0,0,2026-04-21 19:46:18.852,,y
2095,20241210,2625,2685,2503,432.0,0,0,0,2026-04-21 19:46:18.853,,y
2096,20251118,2443,2696,2504,1500.0,0,0,0,2026-04-21 19:46:18.853,,y
2097,20251212,2586,2698,2509,5.0,0,0,0,2026-04-21 19:46:18.853,,y
2098,20251212,2587,2698,2509,5.0,0,0,0,2026-04-21 19:46:18.853,,y
2099,20251212,2588,2698,2509,5.0,0,0,0,2026-04-21 19:46:18.853,,y
2100,20251212,2589,2698,2509,5.0,0,0,0,2026-04-21 19:46:18.853,,y
2101,20251212,2590,2698,2509,5.0,0,0,0,2026-04-21 19:46:18.853,,y
2102,20251215,2621,244,2512,450.0,0,0,0,2026-04-21 19:46:18.853,,y
2103,20251215,2622,244,2512,450.0,0,0,0,2026-04-21 19:46:18.853,,y
2104,20251215,2623,244,2512,450.0,0,0,0,2026-04-21 19:46:18.853,,y
2105,20251210,2613,2700,2513,10.0,0,0,0,2026-04-21 19:46:18.853,,y
2106,20251216,2531,244,2515,20.0,0,0,0,2026-04-21 19:46:18.853,,y
2107,20251216,2532,244,2515,20.0,0,0,0,2026-04-21 19:46:18.853,,y
2108,20250311,2441,2646,2467,60.0,0,0,0,2026-04-21 19:46:18.853,,y
2109,20250317,2441,2646,2468,26.0,0,0,0,2026-04-21 19:46:18.853,,y
2110,20250321,2441,2646,2469,50.0,0,0,0,2026-04-21 19:46:18.853,,y
2111,20250326,2441,2646,2470,40.0,0,0,0,2026-04-21 19:46:18.853,,y
2112,20250403,2441,2646,2472,72.0,0,0,0,2026-04-21 19:46:18.853,,y
2113,20250403,2431,2646,2472,3.0,0,0,0,2026-04-21 19:46:18.853,,y
2114,20250415,2441,2646,2474,19.0,0,0,0,2026-04-21 19:46:18.853,,y
2115,20250415,2431,2646,2474,3.0,0,0,0,2026-04-21 19:46:18.853,,y
2116,20250328,2441,2410,2475,47.0,0,0,0,2026-04-21 19:46:18.853,,y
2117,20250326,2441,2411,2476,16.0,0,0,0,2026-04-21 19:46:18.853,,y
2118,20250328,2441,2412,2477,4.0,0,0,0,2026-04-21 19:46:18.853,,y
2119,20250325,2441,2413,2478,39.0,0,0,0,2026-04-21 19:46:18.853,,y
2120,20250324,2441,2414,2479,1.0,0,0,0,2026-04-21 19:46:18.853,,y
2121,20250324,2441,2415,2480,3.0,0,0,0,2026-04-21 19:46:18.853,,y
2122,20250315,2441,2416,2481,13.0,0,0,0,2026-04-21 19:46:18.853,,y
2123,20250312,2441,2417,2482,8.0,0,0,0,2026-04-21 19:46:18.853,,y
2124,20250312,2441,2418,2483,8.0,0,0,0,2026-04-21 19:46:18.854,,y
2125,20250312,2441,2419,2484,15.0,0,0,0,2026-04-21 19:46:18.854,,y
2126,20250328,2441,2420,2485,29.0,0,0,0,2026-04-21 19:46:18.854,,y
2127,20250328,2441,2421,2486,32.0,0,0,0,2026-04-21 19:46:18.854,,y
2128,20250328,2441,2422,2487,36.0,0,0,0,2026-04-21 19:46:18.854,,y
2129,20250327,2441,2423,2488,7.0,0,0,0,2026-04-21 19:46:18.854,,y
2130,20250324,2441,2424,2489,24.0,0,0,0,2026-04-21 19:46:18.855,,y
2131,20250326,2441,2425,2490,13.0,0,0,0,2026-04-21 19:46:18.855,,y
2132,20250403,2441,2428,2492,3.0,0,0,0,2026-04-21 19:46:18.855,,y
2133,20250403,2431,2428,2492,5.0,0,0,0,2026-04-21 19:46:18.855,,y
2134,20250403,2441,2646,2472,72.0,0,0,0,2026-04-21 19:46:18.855,,y
2135,20250315,2441,2428,2493,38.0,0,0,0,2026-04-21 19:46:18.855,,y
2136,20250324,2441,2429,2494,23.0,0,0,0,2026-04-21 19:46:18.855,,y
2137,20250314,2441,2646,2495,97.0,0,0,0,2026-04-21 19:46:18.855,,y
2138,20250315,2441,2431,2496,13.0,0,0,0,2026-04-21 19:46:18.855,,y
2139,20250402,2441,2432,2497,7.0,0,0,0,2026-04-21 19:46:18.855,,y
2140,20250402,2441,2433,2504,3.0,0,0,0,2026-04-21 19:46:18.855,,y
2141,20250402,2441,2434,2513,4.0,0,0,0,2026-04-21 19:46:18.855,,y
2142,20250402,2441,2435,2509,4.0,0,0,0,2026-04-21 19:46:18.855,,y
2143,20250402,2441,2436,2509,7.0,0,0,0,2026-04-21 19:46:18.855,,y
2144,20250402,2441,2437,2509,32.0,0,0,0,2026-04-21 19:46:18.855,,y
2145,20241210,2625,2685,2503,432.0,0,0,0,2026-04-21 19:46:18.855,,y
2146,20251118,2443,2696,2504,1500.0,0,0,0,2026-04-21 19:46:18.855,,y
2147,20251212,2586,2698,2509,5.0,0,0,0,2026-04-21 19:46:18.855,,y
2148,20251212,2587,2698,2509,5.0,0,0,0,2026-04-21 19:46:18.855,,y
2149,20251212,2588,2698,2509,5.0,0,0,0,2026-04-21 19:46:18.855,,y
2150,20251212,2589,2698,2509,5.0,0,0,0,2026-04-21 19:46:18.855,,y
2151,20251212,2590,2698,2509,5.0,0,0,0,2026-04-21 19:46:18.855,,y
2152,20251215,2621,244,2512,450.0,0,0,0,2026-04-21 19:46:18.856,,y
2153,20251215,2622,244,2512,450.0,0,0,0,2026-04-21 19:46:18.856,,y
2154,20251215,2623,244,2512,450.0,0,0,0,2026-04-21 19:46:18.856,,y
2155,20251210,2613,2700,2513,10.0,0,0,0,2026-04-21 19:46:18.856,,y
2156,20251216,2531,244,2515,20.0,0,0,0,2026-04-21 19:46:18.856,,y
2157,20251216,2532,244,2515,20.0,0,0,0,2026-04-21 19:46:18.856,,y
2158,20250311,2441,2646,2467,60.0,0,0,0,2026-04-21 19:46:18.856,,y
2159,20250317,2441,2646,2468,26.0,0,0,0,2026-04-21 19:46:18.856,,y
2160,20250321,2441,2646,2469,50.0,0,0,0,2026-04-21 19:46:18.856,,y
2161,20250326,2441,2646,2470,40.0,0,0,0,2026-04-21 19:46:18.856,,y
2162,20250403,2441,2646,2472,72.0,0,0,0,2026-04-21 19:46:18.856,,y
2163,20250403,2431,2646,2472,3.0,0,0,0,2026-04-21 19:46:18.856,,y
2164,20250415,2441,2646,2474,19.0,0,0,0,2026-04-21 19:46:18.856,,y
2165,20250415,2431,2646,2474,3.0,0,0,0,2026-04-21 19:46:18.856,,y
2166,20250328,2441,2410,2475,47.0,0,0,0,2026-04-21 19:46:18.856,,y
2167,20250326,2441,2411,2476,16.0,0,0,0,2026-04-21 19:46:18.856,,y
2168,20250328,2441,2412,2477,4.0,0,0,0,2026-04-21 19:46:18.856,,y
2169,20250325,2441,2413,2478,39.0,0,0,0,2026-04-21 19:46:18.856,,y
2170,20250324,2441,2414,2479,1.0,0,0,0,2026-04-21 19:46:18.856,,y
2171,20250324,2441,2415,2480,3.0,0,0,0,2026-04-21 19:46:18.856,,y
2172,20250315,2441,2416,2481,13.0,0,0,0,2026-04-21 19:46:18.856,,y
2173,20250312,2441,2417,2482,8.0,0,0,0,2026-04-21 19:46:18.856,,y
2174,20250312,2441,2418,2483,8.0,0,0,0,2026-04-21 19:46:18.856,,y
2175,20250312,2441,2419,2484,15.0,0,0,0,2026-04-21 19:46:18.856,,y
2176,20250328,2441,2420,2485,29.0,0,0,0,2026-04-21 19:46:18.856,,y
2177,20250328,2441,2421,2486,32.0,0,0,0,2026-04-21 19:46:18.856,,y
2178,20250403,2431,2646,2472,3.0,0,0,0,2026-04-21 19:46:18.856,,y
2179,20250328,2441,2422,2487,36.0,0,0,0,2026-04-21 19:46:18.856,,y
2180,20250327,2441,2423,2488,7.0,0,0,0,2026-04-21 19:46:18.856,,y
2181,20250324,2441,2424,2489,24.0,0,0,0,2026-04-21 19:46:18.856,,y
2182,20250326,2441,2425,2490,13.0,0,0,0,2026-04-21 19:46:18.856,,y
2183,20250403,2441,2428,2492,3.0,0,0,0,2026-04-21 19:46:18.856,,y
2184,20250403,2431,2428,2492,5.0,0,0,0,2026-04-21 19:46:18.856,,y
2185,20250315,2441,2428,2493,38.0,0,0,0,2026-04-21 19:46:18.856,,y
2186,20250324,2441,2429,2494,23.0,0,0,0,2026-04-21 19:46:18.856,,y
2187,20250314,2441,2646,2495,97.0,0,0,0,2026-04-21 19:46:18.856,,y
2188,20250315,2441,2431,2496,13.0,0,0,0,2026-04-21 19:46:18.856,,y
2189,20250402,2441,2432,2497,7.0,0,0,0,2026-04-21 19:46:18.856,,y
2190,20250402,2441,2433,2504,3.0,0,0,0,2026-04-21 19:46:18.856,,y
2191,20250402,2441,2434,2513,4.0,0,0,0,2026-04-21 19:46:18.856,,y
2192,20250402,2441,2435,2509,4.0,0,0,0,2026-04-21 19:46:18.856,,y
2193,20250402,2441,2436,2509,7.0,0,0,0,2026-04-21 19:46:18.856,,y
2194,20250402,2441,2437,2509,32.0,0,0,0,2026-04-21 19:46:18.856,,y
2195,20241210,2625,2685,2503,432.0,0,0,0,2026-04-21 19:46:18.856,,y
2196,20251118,2443,2696,2504,1500.0,0,0,0,2026-04-21 19:46:18.856,,y
2197,20251212,2586,2698,2509,5.0,0,0,0,2026-04-21 19:46:18.856,,y
2198,20251212,2587,2698,2509,5.0,0,0,0,2026-04-21 19:46:18.857,,y
2199,20251212,2588,2698,2509,5.0,0,0,0,2026-04-21 19:46:18.857,,y
2200,20251212,2589,2698,2509,5.0,0,0,0,2026-04-21 19:46:18.857,,y
2201,20251212,2590,2698,2509,5.0,0,0,0,2026-04-21 19:46:18.857,,y
2202,20251215,2621,244,2512,450.0,0,0,0,2026-04-21 19:46:18.857,,y
2203,20251215,2622,244,2512,450.0,0,0,0,2026-04-21 19:46:18.857,,y
2204,20251215,2623,244,2512,450.0,0,0,0,2026-04-21 19:46:18.857,,y
2205,20251210,2613,2700,2513,10.0,0,0,0,2026-04-21 19:46:18.857,,y
2206,20251216,2531,244,2515,20.0,0,0,0,2026-04-21 19:46:18.857,,y
2207,20251216,2532,244,2515,20.0,0,0,0,2026-04-21 19:46:18.857,,y
2208,20250311,2441,2646,2467,60.0,0,0,0,2026-04-21 19:46:18.857,,y
2209,20250317,2441,2646,2468,26.0,0,0,0,2026-04-21 19:46:18.857,,y
2210,20250321,2441,2646,2469,50.0,0,0,0,2026-04-21 19:46:18.857,,y
2211,20250326,2441,2646,2470,40.0,0,0,0,2026-04-21 19:46:18.862,,y
2212,20250403,2441,2646,2472,72.0,0,0,0,2026-04-21 19:46:18.862,,y
2213,20250403,2431,2646,2472,3.0,0,0,0,2026-04-21 19:46:18.862,,y
2214,20250415,2441,2646,2474,19.0,0,0,0,2026-04-21 19:46:18.862,,y
2215,20250415,2431,2646,2474,3.0,0,0,0,2026-04-21 19:46:18.862,,y
2216,20250328,2441,2410,2475,47.0,0,0,0,2026-04-21 19:46:18.862,,y
2217,20250326,2441,2411,2476,16.0,0,0,0,2026-04-21 19:46:18.862,,y
2218,20250328,2441,2412,2477,4.0,0,0,0,2026-04-21 19:46:18.867,,y
2219,20250325,2441,2413,2478,39.0,0,0,0,2026-04-21 19:46:18.868,,y
2220,20250324,2441,2414,2479,1.0,0,0,0,2026-04-21 19:46:18.868,,y
2221,20250324,2441,2415,2480,3.0,0,0,0,2026-04-21 19:46:18.868,,y
2222,20250315,2441,2416,2481,13.0,0,0,0,2026-04-21 19:46:18.868,,y
2223,20250312,2441,2417,2482,8.0,0,0,0,2026-04-21 19:46:18.868,,y
2224,20250312,2441,2418,2483,8.0,0,0,0,2026-04-21 19:46:18.869,,y
2225,20250312,2441,2419,2484,15.0,0,0,0,2026-04-21 19:46:18.869,,y
2226,20250328,2441,2420,2485,29.0,0,0,0,2026-04-21 19:46:18.869,,y
2227,20250328,2441,2421,2486,32.0,0,0,0,2026-04-21 19:46:18.869,,y
2228,20250328,2441,2422,2487,36.0,0,0,0,2026-04-21 19:46:18.869,,y
2229,20250327,2441,2423,2488,7.0,0,0,0,2026-04-21 19:46:18.869,,y
2230,20250324,2441,2424,2489,24.0,0,0,0,2026-04-21 19:46:18.869,,y
2231,20250326,2441,2425,2490,13.0,0,0,0,2026-04-21 19:46:18.869,,y
2232,20250403,2441,2428,2492,3.0,0,0,0,2026-04-21 19:46:18.869,,y
2233,20250403,2431,2428,2492,5.0,0,0,0,2026-04-21 19:46:18.869,,y
2234,20250315,2441,2428,2493,38.0,0,0,0,2026-04-21 19:46:18.869,,y
2235,20250324,2441,2429,2494,23.0,0,0,0,2026-04-21 19:46:18.869,,y
2236,20250314,2441,2646,2495,97.0,0,0,0,2026-04-21 19:46:18.869,,y
2237,20250315,2441,2431,2496,13.0,0,0,0,2026-04-21 19:46:18.869,,y
2238,20250402,2441,2432,2497,7.0,0,0,0,2026-04-21 19:46:18.869,,y
2239,20250402,2441,2433,2504,3.0,0,0,0,2026-04-21 19:46:18.869,,y
2240,20250402,2441,2434,2513,4.0,0,0,0,2026-04-21 19:46:18.869,,y
2241,20250402,2441,2435,2509,4.0,0,0,0,2026-04-21 19:46:18.869,,y
2242,20250402,2441,2436,2509,7.0,0,0,0,2026-04-21 19:46:18.869,,y
2243,20250402,2441,2437,2509,32.0,0,0,0,2026-04-21 19:46:18.869,,y
2244,20241210,2625,2685,2503,432.0,0,0,0,2026-04-21 19:46:18.869,,y
2245,20251118,2443,2696,2504,1500.0,0,0,0,2026-04-21 19:46:18.869,,y
2246,20251212,2586,2698,2509,5.0,0,0,0,2026-04-21 19:46:18.870,,y
2247,20251212,2587,2698,2509,5.0,0,0,0,2026-04-21 19:46:18.870,,y
2248,20251212,2588,2698,2509,5.0,0,0,0,2026-04-21 19:46:18.870,,y
2249,20251212,2589,2698,2509,5.0,0,0,0,2026-04-21 19:46:18.870,,y
2250,20251212,2590,2698,2509,5.0,0,0,0,2026-04-21 19:46:18.870,,y
2251,20251215,2621,244,2512,450.0,0,0,0,2026-04-21 19:46:18.870,,y
2252,20251215,2622,244,2512,450.0,0,0,0,2026-04-21 19:46:18.870,,y
2253,20251215,2623,244,2512,450.0,0,0,0,2026-04-21 19:46:18.870,,y
2254,20251210,2613,2700,2513,10.0,0,0,0,2026-04-21 19:46:18.870,,y
2255,20251216,2531,244,2515,20.0,0,0,0,2026-04-21 19:46:18.870,,y
2256,20251216,2532,244,2515,20.0,0,0,0,2026-04-21 19:46:18.870,,y
2257,20250311,2441,2646,2467,60.0,0,0,0,2026-04-21 19:46:18.870,,y
2258,20250317,2441,2646,2468,26.0,0,0,0,2026-04-21 19:46:18.870,,y
2259,20250321,2441,2646,2469,50.0,0,0,0,2026-04-21 19:46:18.870,,y
2260,20250326,2441,2646,2470,40.0,0,0,0,2026-04-21 19:46:18.870,,y
2261,20250403,2441,2646,2472,72.0,0,0,0,2026-04-21 19:46:18.870,,y
2262,20250403,2431,2646,2472,3.0,0,0,0,2026-04-21 19:46:18.870,,y
2263,20250415,2441,2646,2474,19.0,0,0,0,2026-04-21 19:46:18.870,,y
2264,20250415,2431,2646,2474,3.0,0,0,0,2026-04-21 19:46:18.870,,y
2265,20250328,2441,2410,2475,47.0,0,0,0,2026-04-21 19:46:18.870,,y
2266,20250326,2441,2411,2476,16.0,0,0,0,2026-04-21 19:46:18.870,,y
2267,20250328,2441,2412,2477,4.0,0,0,0,2026-04-21 19:46:18.870,,y
2268,20250325,2441,2413,2478,39.0,0,0,0,2026-04-21 19:46:18.870,,y
2269,20250324,2441,2414,2479,1.0,0,0,0,2026-04-21 19:46:18.870,,y
2270,20250324,2441,2415,2480,3.0,0,0,0,2026-04-21 19:46:18.870,,y
2271,20250315,2441,2416,2481,13.0,0,0,0,2026-04-21 19:46:18.870,,y
2272,20250312,2441,2417,2482,8.0,0,0,0,2026-04-21 19:46:18.870,,y
2273,20250312,2441,2418,2483,8.0,0,0,0,2026-04-21 19:46:18.870,,y
2274,20250312,2441,2419,2484,15.0,0,0,0,2026-04-21 19:46:18.870,,y
2275,20250328,2441,2420,2485,29.0,0,0,0,2026-04-21 19:46:18.870,,y
2276,20250328,2441,2421,2486,32.0,0,0,0,2026-04-21 19:46:18.870,,y
2277,20250328,2441,2422,2487,36.0,0,0,0,2026-04-21 19:46:18.870,,y
2278,20250327,2441,2423,2488,7.0,0,0,0,2026-04-21 19:46:18.870,,y
2279,20250324,2441,2424,2489,24.0,0,0,0,2026-04-21 19:46:18.870,,y
2280,20250326,2441,2425,2490,13.0,0,0,0,2026-04-21 19:46:18.870,,y
2281,20250403,2441,2428,2492,3.0,0,0,0,2026-04-21 19:46:18.870,,y
2282,20250403,2431,2428,2492,5.0,0,0,0,2026-04-21 19:46:18.871,,y
2283,20250315,2441,2428,2493,38.0,0,0,0,2026-04-21 19:46:18.871,,y
2284,20250324,2441,2429,2494,23.0,0,0,0,2026-04-21 19:46:18.871,,y
2285,20250314,2441,2646,2495,97.0,0,0,0,2026-04-21 19:46:18.871,,y
2286,20250315,2441,2431,2496,13.0,0,0,0,2026-04-21 19:46:18.871,,y
2287,20250402,2441,2432,2497,7.0,0,0,0,2026-04-21 19:46:18.871,,y
2288,20250402,2441,2433,2504,3.0,0,0,0,2026-04-21 19:46:18.871,,y
2289,20250402,2441,2434,2513,4.0,0,0,0,2026-04-21 19:46:18.871,,y
2290,20250402,2441,2435,2509,4.0,0,0,0,2026-04-21 19:46:18.872,,y
2291,20250402,2441,2436,2509,7.0,0,0,0,2026-04-21 19:46:18.872,,y
2292,20250402,2441,2437,2509,32.0,0,0,0,2026-04-21 19:46:18.873,,y
2293,20241210,2625,2685,2503,432.0,0,0,0,2026-04-21 19:46:18.873,,y
2294,20251118,2443,2696,2504,1500.0,0,0,0,2026-04-21 19:46:18.873,,y
2295,20251212,2586,2698,2509,5.0,0,0,0,2026-04-21 19:46:18.873,,y
2296,20251212,2587,2698,2509,5.0,0,0,0,2026-04-21 19:46:18.873,,y
2297,20251212,2588,2698,2509,5.0,0,0,0,2026-04-21 19:46:18.873,,y
2298,20251212,2589,2698,2509,5.0,0,0,0,2026-04-21 19:46:18.873,,y
2299,20251212,2590,2698,2509,5.0,0,0,0,2026-04-21 19:46:18.873,,y
2300,20251215,2621,244,2512,450.0,0,0,0,2026-04-21 19:46:18.873,,y
2301,20251215,2622,244,2512,450.0,0,0,0,2026-04-21 19:46:18.873,,y
2302,20251215,2623,244,2512,450.0,0,0,0,2026-04-21 19:46:18.873,,y
2303,20251210,2613,2700,2513,10.0,0,0,0,2026-04-21 19:46:18.873,,y
2304,20251216,2531,244,2515,20.0,0,0,0,2026-04-21 19:46:18.873,,y
2305,20251216,2532,244,2515,20.0,0,0,0,2026-04-21 19:46:18.873,,y
2306,20250311,2441,2646,2467,60.0,0,0,0,2026-04-21 19:46:18.873,,y
2307,20250317,2441,2646,2468,26.0,0,0,0,2026-04-21 19:46:18.873,,y
2308,20250321,2441,2646,2469,50.0,0,0,0,2026-04-21 19:46:18.873,,y
2309,20250326,2441,2646,2470,40.0,0,0,0,2026-04-21 19:46:18.873,,y
2310,20250415,2441,2646,2474,19.0,0,0,0,2026-04-21 19:46:18.873,,y
2311,20250415,2431,2646,2474,3.0,0,0,0,2026-04-21 19:46:18.873,,y
2312,20250328,2441,2410,2475,47.0,0,0,0,2026-04-21 19:46:18.873,,y
2313,20250326,2441,2411,2476,16.0,0,0,0,2026-04-21 19:46:18.873,,y
2314,20250328,2441,2412,2477,4.0,0,0,0,2026-04-21 19:46:18.873,,y
2315,20250325,2441,2413,2478,39.0,0,0,0,2026-04-21 19:46:18.873,,y
2316,20250324,2441,2414,2479,1.0,0,0,0,2026-04-21 19:46:18.873,,y
2317,20250324,2441,2415,2480,3.0,0,0,0,2026-04-21 19:46:18.873,,y
2318,20250315,2441,2416,2481,13.0,0,0,0,2026-04-21 19:46:18.873,,y
2319,20250312,2441,2417,2482,8.0,0,0,0,2026-04-21 19:46:18.873,,y
2320,20250312,2441,2418,2483,8.0,0,0,0,2026-04-21 19:46:18.873,,y
2321,20250312,2441,2419,2484,15.0,0,0,0,2026-04-21 19:46:18.874,,y
2322,20250328,2441,2420,2485,29.0,0,0,0,2026-04-21 19:46:18.874,,y
2323,20250328,2441,2421,2486,32.0,0,0,0,2026-04-21 19:46:18.874,,y
2324,20250328,2441,2422,2487,36.0,0,0,0,2026-04-21 19:46:18.874,,y
2325,20250327,2441,2423,2488,7.0,0,0,0,2026-04-21 19:46:18.875,,y
2326,20250324,2441,2424,2489,24.0,0,0,0,2026-04-21 19:46:18.875,,y
2327,20250326,2441,2425,2490,13.0,0,0,0,2026-04-21 19:46:18.876,,y
2328,20250403,2441,2428,2492,3.0,0,0,0,2026-04-21 19:46:18.876,,y
2329,20250403,2431,2428,2492,5.0,0,0,0,2026-04-21 19:46:18.876,,y
2330,20250315,2441,2428,2493,38.0,0,0,0,2026-04-21 19:46:18.876,,y
2331,20250324,2441,2429,2494,23.0,0,0,0,2026-04-21 19:46:18.876,,y
2332,20250314,2441,2646,2495,97.0,0,0,0,2026-04-21 19:46:18.876,,y
2333,20250315,2441,2431,2496,13.0,0,0,0,2026-04-21 19:46:18.876,,y
2334,20250402,2441,2432,2497,7.0,0,0,0,2026-04-21 19:46:18.876,,y
2335,20250402,2441,2433,2504,3.0,0,0,0,2026-04-21 19:46:18.877,,y
2336,20250402,2441,2434,2513,4.0,0,0,0,2026-04-21 19:46:18.877,,y
2337,20250402,2441,2435,2509,4.0,0,0,0,2026-04-21 19:46:18.877,,y
2338,20250402,2441,2436,2509,7.0,0,0,0,2026-04-21 19:46:18.877,,y
2339,20250402,2441,2437,2509,32.0,0,0,0,2026-04-21 19:46:18.877,,y
2340,20241210,2625,2685,2503,432.0,0,0,0,2026-04-21 19:46:18.877,,y
2341,20251118,2443,2696,2504,1500.0,0,0,0,2026-04-21 19:46:18.877,,y
2342,20251212,2586,2698,2509,5.0,0,0,0,2026-04-21 19:46:18.877,,y
2343,20251212,2587,2698,2509,5.0,0,0,0,2026-04-21 19:46:18.877,,y
2344,20251212,2588,2698,2509,5.0,0,0,0,2026-04-21 19:46:18.877,,y
2345,20251212,2589,2698,2509,5.0,0,0,0,2026-04-21 19:46:18.877,,y
2346,20251212,2590,2698,2509,5.0,0,0,0,2026-04-21 19:46:18.878,,y
2347,20251215,2621,244,2512,450.0,0,0,0,2026-04-21 19:46:18.878,,y
2348,20251215,2622,244,2512,450.0,0,0,0,2026-04-21 19:46:18.878,,y
2349,20251215,2623,244,2512,450.0,0,0,0,2026-04-21 19:46:18.878,,y
2350,20251210,2613,2700,2513,10.0,0,0,0,2026-04-21 19:46:18.878,,y
2351,20251216,2531,244,2515,20.0,0,0,0,2026-04-21 19:46:18.878,,y
2352,20251212,2590,2698,2509,5.0,0,0,0,2026-04-21 19:46:18.878,,y
2353,20251216,2532,244,2515,20.0,0,0,0,2026-04-21 19:46:18.878,,y
2354,20250311,2441,2646,2467,60.0,0,0,0,2026-04-21 19:46:18.878,,y
2355,20250317,2441,2646,2468,26.0,0,0,0,2026-04-21 19:46:18.878,,y
2356,20250321,2441,2646,2469,50.0,0,0,0,2026-04-21 19:46:18.878,,y
2357,20250326,2441,2646,2470,40.0,0,0,0,2026-04-21 19:46:18.878,,y
2358,20250403,2441,2646,2472,72.0,0,0,0,2026-04-21 19:46:18.878,,y
2359,20250403,2431,2646,2472,3.0,0,0,0,2026-04-21 19:46:18.878,,y
2360,20250415,2441,2646,2474,19.0,0,0,0,2026-04-21 19:46:18.878,,y
2361,20250415,2431,2646,2474,3.0,0,0,0,2026-04-21 19:46:18.878,,y
2362,20250328,2441,2410,2475,47.0,0,0,0,2026-04-21 19:46:18.878,,y
2363,20250326,2441,2411,2476,16.0,0,0,0,2026-04-21 19:46:18.878,,y
2364,20250328,2441,2412,2477,4.0,0,0,0,2026-04-21 19:46:18.878,,y
2365,20250325,2441,2413,2478,39.0,0,0,0,2026-04-21 19:46:18.878,,y
2366,20250324,2441,2414,2479,1.0,0,0,0,2026-04-21 19:46:18.878,,y
2367,20250324,2441,2415,2480,3.0,0,0,0,2026-04-21 19:46:18.878,,y
2368,20250315,2441,2416,2481,13.0,0,0,0,2026-04-21 19:46:18.879,,y
2369,20250312,2441,2417,2482,8.0,0,0,0,2026-04-21 19:46:18.879,,y
2370,20250312,2441,2418,2483,8.0,0,0,0,2026-04-21 19:46:18.879,,y
2371,20250312,2441,2419,2484,15.0,0,0,0,2026-04-21 19:46:18.879,,y
2372,20250328,2441,2420,2485,29.0,0,0,0,2026-04-21 19:46:18.879,,y
2373,20250328,2441,2421,2486,32.0,0,0,0,2026-04-21 19:46:18.880,,y
2374,20250328,2441,2422,2487,36.0,0,0,0,2026-04-21 19:46:18.883,,y
2375,20250327,2441,2423,2488,7.0,0,0,0,2026-04-21 19:46:18.885,,y
2376,20250324,2441,2424,2489,24.0,0,0,0,2026-04-21 19:46:18.886,,y
2377,20250326,2441,2425,2490,13.0,0,0,0,2026-04-21 19:46:18.886,,y
2378,20250403,2441,2428,2492,3.0,0,0,0,2026-04-21 19:46:18.886,,y
2379,20250403,2431,2428,2492,5.0,0,0,0,2026-04-21 19:46:18.886,,y
2380,20250315,2441,2428,2493,38.0,0,0,0,2026-04-21 19:46:18.889,,y
2381,20250324,2441,2429,2494,23.0,0,0,0,2026-04-21 19:46:18.889,,y
2382,20250314,2441,2646,2495,97.0,0,0,0,2026-04-21 19:46:18.889,,y
2383,20250315,2441,2431,2496,13.0,0,0,0,2026-04-21 19:46:18.889,,y
2384,20250402,2441,2432,2497,7.0,0,0,0,2026-04-21 19:46:18.890,,y
2385,20250402,2441,2433,2504,3.0,0,0,0,2026-04-21 19:46:18.890,,y
2386,20250402,2441,2434,2513,4.0,0,0,0,2026-04-21 19:46:18.890,,y
2387,20250402,2441,2435,2509,4.0,0,0,0,2026-04-21 19:46:18.890,,y
2388,20250402,2441,2436,2509,7.0,0,0,0,2026-04-21 19:46:18.890,,y
2389,20250402,2441,2437,2509,32.0,0,0,0,2026-04-21 19:46:18.890,,y
2390,20241210,2625,2685,2503,432.0,0,0,0,2026-04-21 19:46:18.890,,y
2391,20251118,2443,2696,2504,1500.0,0,0,0,2026-04-21 19:46:18.890,,y
2392,20251212,2586,2698,2509,5.0,0,0,0,2026-04-21 19:46:18.890,,y
2393,20251212,2587,2698,2509,5.0,0,0,0,2026-04-21 19:46:18.890,,y
2394,20251212,2588,2698,2509,5.0,0,0,0,2026-04-21 19:46:18.890,,y
2395,20251212,2589,2698,2509,5.0,0,0,0,2026-04-21 19:46:18.890,,y
2396,20251215,2621,244,2512,450.0,0,0,0,2026-04-21 19:46:18.890,,y
2397,20251215,2622,244,2512,450.0,0,0,0,2026-04-21 19:46:18.890,,y
2398,20251215,2623,244,2512,450.0,0,0,0,2026-04-21 19:46:18.890,,y
2399,20251210,2613,2700,2513,10.0,0,0,0,2026-04-21 19:46:18.890,,y
2400,20251216,2531,244,2515,20.0,0,0,0,2026-04-21 19:46:18.890,,y
2401,20251216,2532,244,2515,20.0,0,0,0,2026-04-21 19:46:18.890,,y
2402,20250311,2441,2646,2467,60.0,0,0,0,2026-04-21 19:46:18.890,,y
2403,20250317,2441,2646,2468,26.0,0,0,0,2026-04-21 19:46:18.890,,y
2404,20250321,2441,2646,2469,50.0,0,0,0,2026-04-21 19:46:18.890,,y
2405,20250326,2441,2646,2470,40.0,0,0,0,2026-04-21 19:46:18.890,,y
2406,20250403,2441,2646,2472,72.0,0,0,0,2026-04-21 19:46:18.890,,y
2407,20250403,2431,2646,2472,3.0,0,0,0,2026-04-21 19:46:18.890,,y
2408,20250415,2441,2646,2474,19.0,0,0,0,2026-04-21 19:46:18.890,,y
2409,20250415,2431,2646,2474,3.0,0,0,0,2026-04-21 19:46:18.890,,y
2410,20250328,2441,2410,2475,47.0,0,0,0,2026-04-21 19:46:18.890,,y
2411,20250326,2441,2411,2476,16.0,0,0,0,2026-04-21 19:46:18.890,,y
2412,20250328,2441,2412,2477,4.0,0,0,0,2026-04-21 19:46:18.890,,y
2413,20250325,2441,2413,2478,39.0,0,0,0,2026-04-21 19:46:18.890,,y
2414,20250324,2441,2414,2479,1.0,0,0,0,2026-04-21 19:46:18.890,,y
2415,20250324,2441,2415,2480,3.0,0,0,0,2026-04-21 19:46:18.890,,y
2416,20250315,2441,2416,2481,13.0,0,0,0,2026-04-21 19:46:18.890,,y
2417,20250312,2441,2417,2482,8.0,0,0,0,2026-04-21 19:46:18.890,,y
2418,20250312,2441,2418,2483,8.0,0,0,0,2026-04-21 19:46:18.890,,y
2419,20250312,2441,2419,2484,15.0,0,0,0,2026-04-21 19:46:18.890,,y
2420,20250328,2441,2420,2485,29.0,0,0,0,2026-04-21 19:46:18.890,,y
2421,20250328,2441,2421,2486,32.0,0,0,0,2026-04-21 19:46:18.890,,y
2422,20250328,2441,2422,2487,36.0,0,0,0,2026-04-21 19:46:18.890,,y
2423,20250327,2441,2423,2488,7.0,0,0,0,2026-04-21 19:46:18.890,,y
2424,20250324,2441,2424,2489,24.0,0,0,0,2026-04-21 19:46:18.891,,y
2425,20250326,2441,2425,2490,13.0,0,0,0,2026-04-21 19:46:18.891,,y
2426,20250403,2441,2428,2492,3.0,0,0,0,2026-04-21 19:46:18.891,,y
2427,20250403,2431,2428,2492,5.0,0,0,0,2026-04-21 19:46:18.891,,y
2428,20250315,2441,2428,2493,38.0,0,0,0,2026-04-21 19:46:18.891,,y
2429,20250324,2441,2429,2494,23.0,0,0,0,2026-04-21 19:46:18.891,,y
2430,20250314,2441,2646,2495,97.0,0,0,0,2026-04-21 19:46:18.891,,y
2431,20250315,2441,2431,2496,13.0,0,0,0,2026-04-21 19:46:18.891,,y
2432,20250402,2441,2432,2497,7.0,0,0,0,2026-04-21 19:46:18.891,,y
2433,20250402,2441,2433,2504,3.0,0,0,0,2026-04-21 19:46:18.891,,y
2434,20250402,2441,2434,2513,4.0,0,0,0,2026-04-21 19:46:18.891,,y
2435,20250402,2441,2435,2509,4.0,0,0,0,2026-04-21 19:46:18.891,,y
2436,20250402,2441,2436,2509,7.0,0,0,0,2026-04-21 19:46:18.891,,y
2437,20250402,2441,2437,2509,32.0,0,0,0,2026-04-21 19:46:18.891,,y
2438,20241210,2625,2685,2503,432.0,0,0,0,2026-04-21 19:46:18.891,,y
2439,20251118,2443,2696,2504,1500.0,0,0,0,2026-04-21 19:46:18.891,,y
2440,20251212,2586,2698,2509,5.0,0,0,0,2026-04-21 19:46:18.891,,y
2441,20251212,2587,2698,2509,5.0,0,0,0,2026-04-21 19:46:18.891,,y
2442,20251212,2588,2698,2509,5.0,0,0,0,2026-04-21 19:46:18.891,,y
2443,20251212,2589,2698,2509,5.0,0,0,0,2026-04-21 19:46:18.891,,y
2444,20251212,2590,2698,2509,5.0,0,0,0,2026-04-21 19:46:18.891,,y
2445,20251215,2621,244,2512,450.0,0,0,0,2026-04-21 19:46:18.891,,y
2446,20251215,2622,244,2512,450.0,0,0,0,2026-04-21 19:46:18.891,,y
2447,20251215,2623,244,2512,450.0,0,0,0,2026-04-21 19:46:18.891,,y
2448,20251210,2613,2700,2513,10.0,0,0,0,2026-04-21 19:46:18.891,,y
2449,20251216,2531,244,2515,20.0,0,0,0,2026-04-21 19:46:18.891,,y
2450,20251216,2532,244,2515,20.0,0,0,0,2026-04-21 19:46:18.891,,y
2451,20260102,4685,3461,6245,1,50,100,8,2026-04-21 19:46:19.047,,y
2452,20251230,4667,3462,6245,1,90,90,8,2026-04-21 19:46:19.048,,y
2453,20251229,4517,3463,6245,1,65,153,0,2026-04-21 19:46:19.048,,y
2454,20251229,4512,3463,6245,2,58,153,0,2026-04-21 19:46:19.048,,y
2455,20251229,4608,3463,6245,3,30,153,0,2026-04-21 19:46:19.048,,y
2456,20251229,4626,3464,6245,1,90,90,8,2026-04-21 19:46:19.048,,y
2457,20251229,4626,3465,6245,1,90,90,8,2026-04-21 19:46:19.048,,y
2458,20251229,4685,3466,6245,1,50,100,8,2026-04-21 19:46:19.048,,y
2459,20251229,4757,3467,6245,1,30,105,8,2026-04-21 19:46:19.048,,y
2460,20251229,4773,3467,6245,2,25,105,8,2026-04-21 19:46:19.048,,y
2461,20251229,4775,3467,6245,3,25,105,8,2026-04-21 19:46:19.048,,y
2462,20251229,4774,3467,6245,4,25,105,8,2026-04-21 19:46:19.048,,y
2463,20251228,4686,3468,6245,1,50,75,8,2026-04-21 19:46:19.048,,y
2464,20251228,4776,3468,6245,2,25,75,8,2026-04-21 19:46:19.048,,y
2465,20251228,4512,3469,6245,1,58,58,8,2026-04-21 19:46:19.049,,y
2466,20251228,4655,3470,6245,1,184,184,0,2026-04-21 19:46:19.049,,y
2467,20251227,4685,3471,6245,1,50,98,8,2026-04-21 19:46:19.049,,y
2468,20251227,4515,3471,6245,2,48,98,8,2026-04-21 19:46:19.049,,y
2469,20251227,4517,3472,5814,1,65,65,8,2026-04-21 19:46:19.049,,y
2470,20251227,4511,3674,5815,1,30,30,8,2026-04-21 19:46:19.049,,y
2471,20251227,4626,3474,6245,1,90,124,8,2026-04-21 19:46:19.049,,y
2472,20251227,3000,3474,6245,2,34,124,8,2026-04-21 19:46:19.049,,y
2473,20251226,4626,3475,6245,1,90,90,8,2026-04-21 19:46:19.049,,y
2474,20251226,4745,3476,6245,1,20,100,8,2026-04-21 19:46:19.049,,y
2475,20251226,4608,3477,6245,1,30,120,8,2026-04-21 19:46:19.049,,y
2476,20251226,4685,3478,6245,1,50,99.9,8,2026-04-21 19:46:19.049,,y
2477,20251226,4553,3478,6245,2,49.9,99.9,8,2026-04-21 19:46:19.050,,y
2478,20251225,4626,3480,6245,1,90,90,8,2026-04-21 19:46:19.050,,y
2479,20251225,4626,3480,6245,1,90,90,8,2026-04-21 19:46:19.058,,y
2480,20251225,4626,3481,6245,1,90,90,8,2026-04-21 19:46:19.058,,y
2481,20251225,4666,3482,6245,1,90,90,8,2026-04-21 19:46:19.058,,y
2482,20251224,4787,3483,6245,1,20,75,8,2026-04-21 19:46:19.058,,y
2483,20251224,4720,3483,6245,2,30,75,8,2026-04-21 19:46:19.058,,y
2484,20251224,4773,3483,6245,3,25,75,8,2026-04-21 19:46:19.058,,y
2485,20251224,4926,3484,6245,1,90,90,8,2026-04-21 19:46:19.058,,y
2486,20251224,4926,3485,6245,1,90,90,8,2026-04-21 19:46:19.058,,y
2487,20251224,4926,3486,6245,1,90,90,8,2026-04-21 19:46:19.058,,y
2488,20251224,4926,3487,6245,1,90,90,8,2026-04-21 19:46:19.058,,y
2489,20251224,4613,3488,6245,1,80,105,8,2026-04-21 19:46:19.059,,y
2490,20251224,4766,3488,6245,2,25,105,8,2026-04-21 19:46:19.059,,y
2491,20251224,4557,3489,5831,1,100,150,0,2026-04-21 19:46:19.059,,y
2492,20251224,4686,3489,5831,2,50,150,0,2026-04-21 19:46:19.059,,y
2493,20251224,4775,3490,6245,1,25,100,8,2026-04-21 19:46:19.059,,y
2494,20251224,4774,3490,6245,2,25,100,8,2026-04-21 19:46:19.059,,y
2495,20251224,4722,3490,6245,3,30,100,8,2026-04-21 19:46:19.059,,y
2496,20251224,2975,3490,6245,4,20,100,8,2026-04-21 19:46:19.059,,y
2497,20251224,4773,3491,6245,1,25,100,8,2026-04-21 19:46:19.059,,y
2498,20251224,4745,3492,6245,1,20,89.9,8,2026-04-21 19:46:19.059,,y
2499,20251224,4553,3492,6245,2,49.9,89.9,8,2026-04-21 19:46:19.059,,y
2500,20251224,3310,3492,6245,3,20,89.9,8,2026-04-21 19:46:19.059,,y
2501,20251224,4512,3493,6245,1,58,58,8,2026-04-21 19:46:19.059,,y
2502,20251224,3310,3494,6245,1,20,89.9,8,2026-04-21 19:46:19.059,,y
2503,20251224,4746,3494,6245,2,20,89.9,8,2026-04-21 19:46:19.059,,y
2504,20251224,4553,3494,6245,3,49.9,89.9,8,2026-04-21 19:46:19.059,,y
2505,20251224,4677,3495,6245,1,150,150,0,2026-04-21 19:46:19.059,,y
2506,20251223,4516,3496,6245,1,45,123,8,2026-04-21 19:46:19.060,,y
2507,20251223,4515,3496,6245,2,48,123,8,2026-04-21 19:46:19.060,,y
2508,20251223,4511,3496,6245,3,30,123,8,2026-04-21 19:46:19.060,,y
2509,20251222,4608,3498,6245,1,30,79.9,8,2026-04-21 19:46:19.060,,y
2510,20251222,4553,3498,6245,2,49.9,79.9,8,2026-04-21 19:46:19.060,,y
2511,20251222,4608,3498,6245,1,30,79.9,8,2026-04-21 19:46:19.060,,y
2512,20251222,4553,3498,6245,2,49.9,79.9,8,2026-04-21 19:46:19.060,,y
2513,20251222,4926,3499,6245,1,90,90,8,2026-04-21 19:46:19.060,,y
2514,20251219,4926,3500,6245,1,90,90,8,2026-04-21 19:46:19.060,,y
2515,20251218,4626,3501,6245,1,90,90,8,2026-04-21 19:46:19.060,,y
2516,20251217,4515,3502,6245,1,48,93,8,2026-04-21 19:46:19.060,,y
2517,20251217,4516,3502,6245,2,45,93,8,2026-04-21 19:46:19.060,,y
2518,20251217,4553,3503,5845,1,49.9,99.8,8,2026-04-21 19:46:19.060,,y
2519,20251217,4684,3504,6245,1,50,106,8,2026-04-21 19:46:19.060,,y
2520,20251217,4782,3504,6245,2,56,106,8,2026-04-21 19:46:19.060,,y
2521,20251215,4579,3505,6245,1,90,90,8,2026-04-21 19:46:19.060,,y
2522,20251214,4926,3506,6245,1,90,90,8,2026-04-21 19:46:19.060,,y
2523,20251214,4608,3507,6245,1,30,90,8,2026-04-21 19:46:19.060,,y
2524,20251214,4757,3507,6245,2,30,90,8,2026-04-21 19:46:19.061,,y
2525,20251213,4773,3508,6245,1,25,100,8,2026-04-21 19:46:19.061,,y
2526,20251213,4776,3508,6245,2,25,100,8,2026-04-21 19:46:19.061,,y
2527,20251213,4774,3508,6245,3,25,100,8,2026-04-21 19:46:19.061,,y
2528,20251213,4775,3508,6245,4,25,100,8,2026-04-21 19:46:19.061,,y
2529,20251212,4613,3509,6245,1,80,105,8,2026-04-21 19:46:19.061,,y
2530,20251212,4776,3509,6245,2,25,105,8,2026-04-21 19:46:19.061,,y
2531,20251212,4553,3510,6245,1,49.9,89.9,8,2026-04-21 19:46:19.061,,y
2532,20251212,4744,3510,6245,2,20,89.9,8,2026-04-21 19:46:19.061,,y
2533,20251212,4745,3510,6245,3,20,89.9,8,2026-04-21 19:46:19.061,,y
2534,20251212,4736,3695,6245,1,119,119,8,2026-04-21 19:46:19.061,,y
2535,20251211,4553,3512,6245,1,49.9,108.9,8,2026-04-21 19:46:19.061,,y
2536,20251211,3000,3512,6245,2,34,108.9,8,2026-04-21 19:46:19.061,,y
2537,20251211,4776,3512,6245,3,25,108.9,8,2026-04-21 19:46:19.061,,y
2538,20251211,4517,3513,6245,1,65,90,8,2026-04-21 19:46:19.061,,y
2539,20251211,4776,3513,6245,2,25,90,8,2026-04-21 19:46:19.061,,y
2540,20251211,4736,3514,6245,1,119,119,8,2026-04-21 19:46:19.061,,y
2541,20251211,4553,3515,6245,1,49.9,99.8,8,2026-04-21 19:46:19.061,,y
2542,20251211,4773,3516,6245,1,25,99.9,8,2026-04-21 19:46:19.062,,y
2543,20251211,4776,3516,6245,2,25,99.9,8,2026-04-21 19:46:19.062,,y
2544,20251211,4553,3516,6245,3,49.9,99.9,8,2026-04-21 19:46:19.062,,y
2545,20251211,4685,3517,6245,1,50,99.9,8,2026-04-21 19:46:19.062,,y
2546,20251211,4553,3517,6245,2,49.9,99.9,8,2026-04-21 19:46:19.062,,y
2547,20251210,4584,3518,6245,1,80,80,8,2026-04-21 19:46:19.062,,y
2548,20251210,4926,3519,6245,1,90,90,8,2026-04-21 19:46:19.062,,y
2549,20251210,4926,3520,5862,1,90,90,8,2026-04-21 19:46:19.062,,y
2550,20251209,4626,3521,6245,1,90,90,8,2026-04-21 19:46:19.062,,y
2551,20251209,4626,3522,6245,1,90,90,8,2026-04-21 19:46:19.062,,y
2552,20251208,4608,3523,5865,1,30,85,8,2026-04-21 19:46:19.062,,y
2553,20251208,4776,3523,5865,2,25,85,8,2026-04-21 19:46:19.062,,y
2554,20251205,4926,3524,5866,1,90,115,8,2026-04-21 19:46:19.062,,y
2555,20251205,4773,3524,5866,2,25,115,8,2026-04-21 19:46:19.062,,y
2556,20251205,4777,3525,5867,1,119,119,8,2026-04-21 19:46:19.062,,y
2557,20251204,4626,3526,5868,1,90,90,8,2026-04-21 19:46:19.062,,y
2558,20251204,4927,3527,5869,1,119,119,8,2026-04-21 19:46:19.062,,y
2559,20251203,4926,3528,5870,1,90,90,8,2026-04-21 19:46:19.063,,y
2560,20251202,4684,3529,5871,1,50,100,8,2026-04-21 19:46:19.063,,y
2561,20251202,4745,3529,5871,2,20,100,8,2026-04-21 19:46:19.063,,y
2562,20251202,4759,3529,5871,3,30,100,8,2026-04-21 19:46:19.063,,y
2563,20251201,4686,3530,5872,1,50,99.9,8,2026-04-21 19:46:19.063,,y
2564,20251201,4553,3530,5872,2,49.9,99.9,8,2026-04-21 19:46:19.063,,y
2565,20251201,4691,3531,5873,1,25,25,8,2026-04-21 19:46:19.063,,y
2566,20251201,4736,3532,5874,1,119,119,8,2026-04-21 19:46:19.063,,y
2567,20251127,4667,3533,5875,1,90,90,8,2026-04-21 19:46:19.063,,y
2568,20251125,4686,3534,5876,1,50,100,8,2026-04-21 19:46:19.063,,y
2569,20251125,4773,3534,5876,2,25,100,8,2026-04-21 19:46:19.063,,y
2570,20251125,3310,3535,5877,1,20,85,8,2026-04-21 19:46:19.063,,y
2571,20251125,4833,3535,5877,2,35,85,8,2026-04-21 19:46:19.063,,y
2572,20251125,4511,3535,5877,3,30,85,8,2026-04-21 19:46:19.063,,y
2573,20251123,4608,3536,5878,1,30,90,8,2026-04-21 19:46:19.063,,y
2574,20251123,4720,3536,5878,2,30,90,8,2026-04-21 19:46:19.064,,y
2575,20251123,4722,3536,5878,3,30,90,8,2026-04-21 19:46:19.064,,y
2576,20251121,3000,3537,5879,1,34,124,8,2026-04-21 19:46:19.064,,y
2577,20251121,4626,3537,5879,2,90,124,8,2026-04-21 19:46:19.064,,y
2578,20251120,4584,3538,5880,1,80,80,8,2026-04-21 19:46:19.064,,y
2579,20251120,4773,3539,5881,1,25,84,8,2026-04-21 19:46:19.064,,y
2580,20251120,4776,3539,5881,2,25,84,8,2026-04-21 19:46:19.064,,y
2581,20251120,3000,3539,5881,3,34,84,8,2026-04-21 19:46:19.064,,y
2582,20251117,3310,3540,5882,1,20,104,8,2026-04-21 19:46:19.064,,y
2583,20251117,4774,3540,5882,2,25,104,8,2026-04-21 19:46:19.064,,y
2584,20251117,4773,3540,5882,3,25,104,8,2026-04-21 19:46:19.065,,y
2585,20251117,3000,3540,5882,4,34,104,8,2026-04-21 19:46:19.065,,y
2586,20251117,4685,3541,5883,1,50,100,8,2026-04-21 19:46:19.065,,y
2587,20251114,4553,3542,5884,1,49.9,99.9,8,2026-04-21 19:46:19.065,,y
2588,20251114,4776,3542,5884,2,25,99.9,8,2026-04-21 19:46:19.065,,y
2589,20251114,4773,3542,5884,3,25,99.9,8,2026-04-21 19:46:19.065,,y
2590,20251114,4608,3543,5885,1,30,100,8,2026-04-21 19:46:19.065,,y
2591,20251114,4766,3543,5885,2,25,100,8,2026-04-21 19:46:19.065,,y
2592,20251114,4516,3543,5885,3,45,100,8,2026-04-21 19:46:19.065,,y
2593,20251114,4513,3544,5886,1,46,96,8,2026-04-21 19:46:19.065,,y
2594,20251114,4726,3544,5886,2,50,96,8,2026-04-21 19:46:19.065,,y
2595,20251112,4776,3545,5887,1,25,80,8,2026-04-21 19:46:19.065,,y
2596,20251112,4721,3545,5887,2,30,80,8,2026-04-21 19:46:19.065,,y
2597,20251112,4773,3545,5887,3,25,80,8,2026-04-21 19:46:19.065,,y
2598,20251111,4608,3546,5888,1,30,115,8,2026-04-21 19:46:19.065,,y
2599,20251111,4776,3546,5888,2,25,115,8,2026-04-21 19:46:19.065,,y
2600,20251111,4721,3546,5888,3,30,115,8,2026-04-21 19:46:19.066,,y
2601,20251110,4744,3547,5889,1,20,100,8,2026-04-21 19:46:19.066,,y
2602,20251108,4782,3548,5890,1,56,106,8,2026-04-21 19:46:19.066,,y
2603,20251108,4684,3548,5890,2,50,106,8,2026-04-21 19:46:19.066,,y
2604,20251106,4553,3549,5891,1,49.9,99.9,8,2026-04-21 19:46:19.066,,y
2605,20251106,4684,3549,5891,2,50,99.9,8,2026-04-21 19:46:19.066,,y
2606,20251106,4685,3550,5892,1,50,105,8,2026-04-21 19:46:19.066,,y
2607,20251106,4774,3550,5892,2,25,105,8,2026-04-21 19:46:19.066,,y
2608,20251106,4608,3550,5892,3,30,105,8,2026-04-21 19:46:19.066,,y
2609,20251104,4553,3551,5893,1,49.9,99.8,8,2026-04-21 19:46:19.066,,y
2610,20251104,4554,3551,5893,2,49.9,99.8,8,2026-04-21 19:46:19.066,,y
2611,20251104,4626,3552,5894,1,90,90,8,2026-04-21 19:46:19.066,,y
2612,20251102,4512,3553,5895,1,58,58,8,2026-04-21 19:46:19.066,,y
2613,20251031,4584,3554,5896,1,80,105,8,2026-04-21 19:46:19.067,,y
2614,20251031,4776,3554,5896,2,25,105,8,2026-04-21 19:46:19.067,,y
2615,20251031,4926,3555,5897,1,90,90,8,2026-04-21 19:46:19.067,,y
2616,20251031,4742,3556,5898,1,20,110,8,2026-04-21 19:46:19.067,,y
2617,20251031,4745,3556,5898,2,20,110,8,2026-04-21 19:46:19.067,,y
2618,20251031,3310,3556,5898,3,20,110,8,2026-04-21 19:46:19.067,,y
2619,20251031,4776,3556,5898,4,25,110,8,2026-04-21 19:46:19.067,,y
2620,20251031,4773,3556,5898,5,25,110,8,2026-04-21 19:46:19.067,,y
2621,20251030,4665,3557,5899,1,90,90,8,2026-04-21 19:46:19.067,,y
2622,20251030,4736,3558,5900,1,119,119,8,2026-04-21 19:46:19.067,,y
2623,20251029,4584,3559,5901,1,80,80,8,2026-04-21 19:46:19.067,,y
2624,20251028,3310,3560,5902,1,20,99,8,2026-04-21 19:46:19.067,,y
2625,20251028,4746,3560,5902,2,20,99,8,2026-04-21 19:46:19.067,,y
2626,20251028,4776,3560,5902,3,25,99,8,2026-04-21 19:46:19.067,,y
2627,20251028,3000,3560,5902,4,34,99,8,2026-04-21 19:46:19.067,,y
2628,20251028,4777,3561,5903,1,119,119,8,2026-04-21 19:46:19.067,,y
2629,20251025,4685,3562,5904,1,50,100,8,2026-04-21 19:46:19.067,,y
2630,20251023,4773,3563,5905,1,25,110,8,2026-04-21 19:46:19.067,,y
2631,20251023,4776,3563,5905,2,25,110,8,2026-04-21 19:46:19.067,,y
2632,20251023,4608,3563,5905,3,30,110,8,2026-04-21 19:46:19.068,,y
2633,20251023,4721,3563,5905,4,30,110,8,2026-04-21 19:46:19.068,,y
2634,20251022,4773,3564,5906,1,25,25,8,2026-04-21 19:46:19.068,,y
2635,20251022,4731,3565,5907,1,60,110,8,2026-04-21 19:46:19.068,,y
2636,20251022,4685,3565,5907,2,50,110,8,2026-04-21 19:46:19.068,,y
2637,20251020,4776,3566,5908,1,25,100,8,2026-04-21 19:46:19.068,,y
2638,20251020,4773,3566,5908,2,25,100,8,2026-04-21 19:46:19.068,,y
2639,20251020,4775,3566,5908,3,25,100,8,2026-04-21 19:46:19.068,,y
2640,20251020,4554,3567,5909,1,49.9,99.9,8,2026-04-21 19:46:19.068,,y
2641,20251020,4685,3567,5909,2,50,99.9,8,2026-04-21 19:46:19.068,,y
2642,20251020,2975,3568,5910,1,20,90,8,2026-04-21 19:46:19.068,,y
2643,20251020,4752,3568,5910,2,25,90,8,2026-04-21 19:46:19.068,,y
2644,20251020,4926,3569,5911,1,90,90,8,2026-04-21 19:46:19.068,,y
2645,20251020,4608,3570,5912,1,30,105,8,2026-04-21 19:46:19.068,,y
2646,20251020,4773,3570,5912,2,25,105,8,2026-04-21 19:46:19.068,,y
2647,20251020,4719,3570,5912,3,30,105,8,2026-04-21 19:46:19.068,,y
2648,20251020,4744,3570,5912,4,20,105,8,2026-04-21 19:46:19.068,,y
2649,20251020,4626,3571,5913,1,90,90,8,2026-04-21 19:46:19.069,,y
2650,20251018,4773,3572,5914,1,25,95,8,2026-04-21 19:46:19.069,,y
2651,20251018,4516,3572,5914,2,45,95,8,2026-04-21 19:46:19.069,,y
2652,20251016,4773,3573,5915,1,25,105,8,2026-04-21 19:46:19.069,,y
2653,20251016,4719,3573,5915,2,30,105,8,2026-04-21 19:46:19.069,,y
2654,20251016,4776,3573,5915,3,25,105,8,2026-04-21 19:46:19.069,,y
2655,20251014,4744,3574,5916,1,20,80,8,2026-04-21 19:46:19.069,,y
2656,20251013,4608,3577,5917,1,30,110,8,2026-04-21 19:46:19.069,,y
2657,20251013,4685,3577,5917,2,50,110,8,2026-04-21 19:46:19.069,,y
2658,20251013,4776,3576,5918,1,25,100,8,2026-04-21 19:46:19.069,,y
2659,20251013,4775,3576,5918,2,25,100,8,2026-04-21 19:46:19.069,,y
2660,20251013,4774,3576,5918,3,25,100,8,2026-04-21 19:46:19.069,,y
2661,20251013,4773,3576,5918,4,25,100,8,2026-04-21 19:46:19.069,,y
2662,20251013,4675,3577,5919,1,120,120,8,2026-04-21 19:46:19.069,,y
2663,20251012,4721,3578,5920,1,30,104.9,8,2026-04-21 19:46:19.070,,y
2664,20251012,4554,3578,5920,2,49.9,104.9,8,2026-04-21 19:46:19.070,,y
2665,20251012,4774,3578,5920,3,25,104.9,8,2026-04-21 19:46:19.070,,y
2666,20251009,4926,3579,5921,1,90,110,8,2026-04-21 19:46:19.070,,y
2667,20251009,4743,3579,5921,2,20,110,8,2026-04-21 19:46:19.070,,y
2668,20251007,4626,3580,5922,1,90,90,8,2026-04-21 19:46:19.070,,y
2669,20251003,4515,3581,5923,1,48,48,8,2026-04-21 19:46:19.070,,y
2670,20251003,4746,3582,5924,1,20,100,8,2026-04-21 19:46:19.070,,y
2671,20251003,4584,3582,5924,2,80,100,8,2026-04-21 19:46:19.071,,y
2672,20250930,4743,3583,5925,1,20,100,8,2026-04-21 19:46:19.071,,y
2673,20250930,4742,3583,5925,2,20,100,8,2026-04-21 19:46:19.071,,y
2674,20250930,4744,3583,5925,3,20,100,8,2026-04-21 19:46:19.071,,y
2675,20250930,4745,3583,5925,4,20,100,8,2026-04-21 19:46:19.071,,y
2676,20250930,4746,3583,5925,5,20,100,8,2026-04-21 19:46:19.071,,y
2677,20250930,4926,3584,5926,1,90,90,8,2026-04-21 19:46:19.071,,y
2678,20250930,4684,3585,5927,1,50,80,8,2026-04-21 19:46:19.071,,y
2679,20250930,4759,3585,5927,2,30,80,8,2026-04-21 19:46:19.071,,y
2680,20250928,4775,3586,5928,1,25,99.9,8,2026-04-21 19:46:19.071,,y
2681,20250928,4773,3586,5928,2,25,99.9,8,2026-04-21 19:46:19.071,,y
2682,20250928,4554,3586,5928,3,49.9,99.9,8,2026-04-21 19:46:19.071,,y
2683,20250927,4608,3587,5929,1,30,85,8,2026-04-21 19:46:19.071,,y
2684,20250927,4776,3587,5929,2,25,85,8,2026-04-21 19:46:19.071,,y
2685,20250927,4722,3587,5929,3,30,85,8,2026-04-21 19:46:19.071,,y
2686,20250925,4720,3730,5930,1,30,30,8,2026-04-21 19:46:19.071,,y
2687,20250924,4608,3589,5931,1,30,90,8,2026-04-21 19:46:19.071,,y
2688,20250924,4719,3589,5931,2,30,90,8,2026-04-21 19:46:19.072,,y
2689,20250924,4513,3590,5932,1,46,96,8,2026-04-21 19:46:19.072,,y
2690,20250924,4686,3590,5932,2,50,96,8,2026-04-21 19:46:19.072,,y
2691,20250924,4626,3591,5933,1,90,90,8,2026-04-21 19:46:19.072,,y
2692,20250923,2870,3592,5934,1,31,185,0,2026-04-21 19:46:19.072,,y
2693,20250923,2871,3592,5934,2,31,185,0,2026-04-21 19:46:19.072,,y
2694,20250923,2872,3592,5934,3,36,185,0,2026-04-21 19:46:19.072,,y
2695,20250923,4736,3593,5935,1,119,119,8,2026-04-21 19:46:19.072,,y
2696,20250922,4926,3594,5936,1,90,90,8,2026-04-21 19:46:19.072,,y
2697,20250919,4736,3595,5937,1,119,119,8,2026-04-21 19:46:19.072,,y
2698,20250917,3000,3596,5938,1,34,94,8,2026-04-21 19:46:19.072,,y
2699,20250917,4511,3596,5938,2,30,94,8,2026-04-21 19:46:19.072,,y
2700,20250917,4608,3596,5938,3,30,94,8,2026-04-21 19:46:19.072,,y
2701,20250913,4517,3597,5939,1,65,65,8,2026-04-21 19:46:19.072,,y
2702,20250910,4926,3737,5940,1,90,90,8,2026-04-21 19:46:19.072,,y
2703,20250909,4742,3599,5941,1,20,20,8,2026-04-21 19:46:19.072,,y
2704,20250907,4685,3626,5942,1,50,100,8,2026-04-21 19:46:19.072,,y
2705,20250905,3310,3601,5943,1,20,65,8,2026-04-21 19:46:19.072,,y
2706,20250905,4691,3601,5943,2,25,65,8,2026-04-21 19:46:19.073,,y
2707,20250904,4511,3602,5944,1,30,88,8,2026-04-21 19:46:19.073,,y
2708,20250904,4512,3602,5944,2,58,88,8,2026-04-21 19:46:19.073,,y
2709,20250903,3000,3603,5945,1,34,124,8,2026-04-21 19:46:19.073,,y
2710,20250903,4626,3603,5945,2,90,124,8,2026-04-21 19:46:19.073,,y
2711,20250903,4513,3604,5946,1,46,94,8,2026-04-21 19:46:19.073,,y
2712,20250903,4518,3604,5946,2,48,94,8,2026-04-21 19:46:19.073,,y
2713,20250901,4675,3643,5947,1,120,120,8,2026-04-21 19:46:19.073,,y
2714,20250901,4774,3606,5948,1,25,100,8,2026-04-21 19:46:19.073,,y
2715,20250901,4775,3606,5948,2,25,100,8,2026-04-21 19:46:19.073,,y
2716,20250901,4604,3606,5948,3,50,100,8,2026-04-21 19:46:19.073,,y
2717,20250901,4608,3607,5949,1,30,100,8,2026-04-21 19:46:19.073,,y
2718,20250901,4773,3607,5949,2,25,100,8,2026-04-21 19:46:19.073,,y
2719,20250901,4776,3607,5949,3,25,100,8,2026-04-21 19:46:19.073,,y
2720,20250901,4587,3607,5949,4,20,100,8,2026-04-21 19:46:19.073,,y
2721,20250831,4624,3608,5950,1,84,84,8,2026-04-21 19:46:19.073,,y
2722,20250831,4743,3609,5951,1,20,40,8,2026-04-21 19:46:19.073,,y
2723,20250831,4661,3610,5952,1,100,100,8,2026-04-21 19:46:19.073,,y
2724,20250830,3542,3611,5953,1,119,119,8,2026-04-21 19:46:19.073,,y
2725,20250829,4608,3612,5954,1,30,115,8,2026-04-21 19:46:19.073,,y
2726,20250829,4833,3612,5954,2,35,115,8,2026-04-21 19:46:19.073,,y
2727,20250829,4773,3612,5954,3,25,115,8,2026-04-21 19:46:19.074,,y
2728,20250829,3542,3613,5955,1,119,119,8,2026-04-21 19:46:19.074,,y
2729,20250829,3542,3614,5956,1,119,119,8,2026-04-21 19:46:19.074,,y
2730,20250826,3000,3615,5957,1,34,94,8,2026-04-21 19:46:19.074,,y
2731,20250826,4720,3615,5957,2,30,94,8,2026-04-21 19:46:19.074,,y
2732,20250826,4721,3615,5957,3,30,94,8,2026-04-21 19:46:19.074,,y
2733,20250826,4737,3616,5958,1,109,109,8,2026-04-21 19:46:19.074,,y
2734,20250826,4515,3617,5959,1,48,96,8,2026-04-21 19:46:19.074,,y
2735,20250825,4660,3618,5960,1,100,100,8,2026-04-21 19:46:19.074,,y
2736,20250825,4833,3619,5961,1,25,85,8,2026-04-21 19:46:19.074,,y
2737,20250825,4591,3619,5961,2,35,85,8,2026-04-21 19:46:19.075,,y
2738,20250824,4667,3620,5962,1,80,100,8,2026-04-21 19:46:19.075,,y
2739,20250824,3310,3620,5962,2,20,100,8,2026-04-21 19:46:19.075,,y
2740,20250823,4576,3621,5963,1,45,135,8,2026-04-21 19:46:19.075,,y
2741,20250823,4573,3621,5963,2,90,135,8,2026-04-21 19:46:19.075,,y
2742,20250822,4633,3622,5964,1,90,90,8,2026-04-21 19:46:19.075,,y
2743,20250821,3551,3623,5965,1,85,85,8,2026-04-21 19:46:19.075,,y
2744,20250821,4662,3624,5966,1,100,100,8,2026-04-21 19:46:19.075,,y
2745,20250821,4661,3625,5967,1,100,100,8,2026-04-21 19:46:19.075,,y
2746,20250820,4685,3626,5968,1,50,100,8,2026-04-21 19:46:19.076,,y
2747,20250820,4685,3627,5969,1,50,100,8,2026-04-21 19:46:19.077,,y
2748,20250820,4574,3627,5969,2,50,100,8,2026-04-21 19:46:19.077,,y
2749,20250820,4514,3628,5970,1,49.9,99.9,8,2026-04-21 19:46:19.077,,y
2750,20250820,4610,3628,5970,2,50,99.9,8,2026-04-21 19:46:19.077,,y
2751,20250820,4626,3629,5971,1,90,90,8,2026-04-21 19:46:19.077,,y
2752,20250820,4662,3630,5972,1,100,100,8,2026-04-21 19:46:19.077,,y
2753,20250820,4662,3631,5973,1,100,100,8,2026-04-21 19:46:19.077,,y
2754,20250820,4523,3632,5974,1,45,105,8,2026-04-21 19:46:19.077,,y
2755,20250820,4822,3632,5974,2,30,105,8,2026-04-21 19:46:19.077,,y
2756,20250819,4616,3633,5975,1,90,155,0,2026-04-21 19:46:19.077,,y
2757,20250819,4685,3633,5975,2,50,155,0,2026-04-21 19:46:19.077,,y
2758,20250819,4543,3633,5975,3,15,155,0,2026-04-21 19:46:19.078,,y
2759,20250819,4622,3634,5976,1,25,100,8,2026-04-21 19:46:19.078,,y
2760,20250819,4606,3634,5976,2,25,100,8,2026-04-21 19:46:19.078,,y
2761,20250818,4685,3635,5977,1,50,105,8,2026-04-21 19:46:19.078,,y
2762,20250818,4670,3635,5977,2,55,105,8,2026-04-21 19:46:19.078,,y
2763,20250818,4524,3636,5978,1,34,104,8,2026-04-21 19:46:19.078,,y
2764,20250818,4822,3636,5978,2,30,104,8,2026-04-21 19:46:19.078,,y
2765,20250818,4522,3636,5978,3,40,104,8,2026-04-21 19:46:19.078,,y
2766,20250818,4606,3637,5979,1,25,74.9,8,2026-04-21 19:46:19.078,,y
2767,20250818,4554,3637,5979,2,49.9,74.9,8,2026-04-21 19:46:19.078,,y
2768,20250818,4606,3839,5980,1,25,95,8,2026-04-21 19:46:19.078,,y
2769,20250818,2947,3839,5980,2,70,95,8,2026-04-21 19:46:19.078,,y
2770,20250816,4514,3639,5981,1,49.9,99.8,8,2026-04-21 19:46:19.078,,y
2771,20250813,4577,3640,5982,1,45,95,8,2026-04-21 19:46:19.078,,y
2772,20250813,4604,3640,5982,2,50,95,8,2026-04-21 19:46:19.078,,y
2773,20250813,4577,3641,5983,1,45,100,8,2026-04-21 19:46:19.078,,y
2774,20250813,4578,3641,5983,2,35,100,8,2026-04-21 19:46:19.078,,y
2775,20250813,4699,3641,5983,3,20,100,8,2026-04-21 19:46:19.078,,y
2776,20250812,4522,3642,5984,1,40,110,8,2026-04-21 19:46:19.078,,y
2777,20250812,4822,3642,5984,2,30,110,8,2026-04-21 19:46:19.078,,y
2778,20250811,4641,3643,5985,1,219,219,0,2026-04-21 19:46:19.078,,y
2779,20250811,4662,3644,6245,1,100,100,8,2026-04-21 19:46:19.078,,y
2780,20250811,4511,3645,5987,1,30,75,8,2026-04-21 19:46:19.078,,y
2781,20250811,4516,3645,5987,2,45,75,8,2026-04-21 19:46:19.078,,y
2782,20250810,4608,3699,5988,1,25,25,8,2026-04-21 19:46:19.079,,y
2783,20250809,4676,3647,5989,1,150,150,0,2026-04-21 19:46:19.079,,y
2784,20250809,4695,3648,5990,1,92,92,8,2026-04-21 19:46:19.079,,y
2785,20250807,4514,3649,5991,1,49.9,49.9,8,2026-04-21 19:46:19.079,,y
2786,20250806,3738,3650,5992,1,92,92,8,2026-04-21 19:46:19.079,,y
2787,20250806,4604,3651,5993,1,50,99,8,2026-04-21 19:46:19.079,,y
2788,20250806,4521,3651,5993,2,34,99,8,2026-04-21 19:46:19.079,,y
2789,20250806,4703,3651,5993,3,15,99,8,2026-04-21 19:46:19.079,,y
2790,20250806,4604,3652,5994,1,50,86,8,2026-04-21 19:46:19.079,,y
2791,20250806,4823,3652,5994,2,18,86,8,2026-04-21 19:46:19.079,,y
2792,20250806,4711,3652,5994,3,18,86,8,2026-04-21 19:46:19.079,,y
2793,20250805,4577,3653,5995,1,45,94.9,8,2026-04-21 19:46:19.079,,y
2794,20250805,4553,3653,5995,2,49.9,94.9,8,2026-04-21 19:46:19.079,,y
2795,20250805,4707,3654,5996,1,20,95,8,2026-04-21 19:46:19.079,,y
2796,20250805,4610,3654,5996,2,35,95,8,2026-04-21 19:46:19.079,,y
2797,20250805,2975,3654,5996,3,20,95,8,2026-04-21 19:46:19.079,,y
2798,20250805,3628,3655,5997,1,70,90,8,2026-04-21 19:46:19.079,,y
2799,20250805,3310,3655,5997,2,20,90,8,2026-04-21 19:46:19.079,,y
2800,20250804,4521,3656,5998,1,34,99,8,2026-04-21 19:46:19.079,,y
2801,20250804,4543,3656,5998,2,15,99,8,2026-04-21 19:46:19.079,,y
2802,20250804,4685,3656,5998,3,50,99,8,2026-04-21 19:46:19.079,,y
2803,20250804,4626,3657,5999,1,90,90,8,2026-04-21 19:46:19.079,,y
2804,20250804,4633,3658,6000,1,90,90,8,2026-04-21 19:46:19.079,,y
2805,20250804,4624,3659,6001,1,84,84,8,2026-04-21 19:46:19.079,,y
2806,20250804,4515,3660,6002,1,48,78,8,2026-04-21 19:46:19.079,,y
2807,20250804,4511,3660,6002,2,30,78,8,2026-04-21 19:46:19.079,,y
2808,20250804,4662,3661,6003,1,100,134,8,2026-04-21 19:46:19.079,,y
2809,20250804,3000,3661,6003,2,34,134,8,2026-04-21 19:46:19.079,,y
2810,20250803,4576,3662,6004,1,45,94.9,8,2026-04-21 19:46:19.080,,y
2811,20250803,4554,3662,6004,2,49.9,94.9,8,2026-04-21 19:46:19.080,,y
2812,20250802,4633,3663,6005,1,90,115,8,2026-04-21 19:46:19.080,,y
2813,20250802,4608,3663,6005,2,25,115,8,2026-04-21 19:46:19.080,,y
2814,20250801,4662,3664,6006,1,100,100,8,2026-04-21 19:46:19.080,,y
2815,20250728,4513,3665,6007,1,46,91,8,2026-04-21 19:46:19.080,,y
2816,20250728,4516,3665,6007,2,45,91,8,2026-04-21 19:46:19.080,,y
2817,20250721,4512,3666,6008,1,58,103,8,2026-04-21 19:46:19.080,,y
2818,20250721,4516,3666,6008,2,45,103,8,2026-04-21 19:46:19.080,,y
2819,20250721,4574,3667,6009,1,50,100,8,2026-04-21 19:46:19.080,,y
2820,20250721,4604,3667,6009,2,50,100,8,2026-04-21 19:46:19.080,,y
2821,20250718,4662,3668,6010,1,100,134,8,2026-04-21 19:46:19.080,,y
2822,20250718,3000,3668,6010,2,34,134,8,2026-04-21 19:46:19.080,,y
2823,20250718,3597,3669,6011,1,86,86,8,2026-04-21 19:46:19.080,,y
2824,20250717,4518,3670,6012,1,48,93,8,2026-04-21 19:46:19.080,,y
2825,20250717,4516,3670,6012,2,45,93,8,2026-04-21 19:46:19.080,,y
2826,20250715,4624,3671,6013,1,84,84,8,2026-04-21 19:46:19.080,,y
2827,20250715,4634,3672,6014,1,90,90,8,2026-04-21 19:46:19.080,,y
2828,20250715,4517,3673,6015,1,65,65,8,2026-04-21 19:46:19.080,,y
2829,20250714,4511,3674,6016,1,30,30,8,2026-04-21 19:46:19.080,,y
2830,20250714,4685,3675,6017,1,50,100,8,2026-04-21 19:46:19.080,,y
2831,20250712,3690,3676,6018,1,86,86,8,2026-04-21 19:46:19.080,,y
2832,20250710,4606,3677,6019,1,25,95,8,2026-04-21 19:46:19.080,,y
2833,20250710,4610,3677,6019,2,35,95,8,2026-04-21 19:46:19.080,,y
2834,20250710,4602,3677,6019,3,35,95,8,2026-04-21 19:46:19.080,,y
2835,20250708,4511,3678,6020,1,30,30,8,2026-04-21 19:46:19.080,,y
2836,20250708,4604,3679,6021,1,50,95,8,2026-04-21 19:46:19.080,,y
2837,20250708,4523,3679,6021,2,45,95,8,2026-04-21 19:46:19.081,,y
2838,20250708,4511,3680,6022,1,30,30,8,2026-04-21 19:46:19.081,,y
2839,20250707,4520,3681,6023,1,80,114,8,2026-04-21 19:46:19.081,,y
2840,20250707,4521,3681,6023,2,34,114,8,2026-04-21 19:46:19.081,,y
2841,20250704,4711,3682,6024,1,18,108,8,2026-04-21 19:46:19.081,,y
2842,20250704,4712,3682,6024,2,15,108,8,2026-04-21 19:46:19.081,,y
2843,20250704,4703,3682,6024,3,15,108,8,2026-04-21 19:46:19.081,,y
2844,20250704,4701,3682,6024,4,20,108,8,2026-04-21 19:46:19.081,,y
2845,20250704,4693,3682,6024,5,20,108,8,2026-04-21 19:46:19.081,,y
2846,20250704,4708,3682,6024,6,20,108,8,2026-04-21 19:46:19.081,,y
2847,20250704,4573,3683,6025,1,90,90,8,2026-04-21 19:46:19.081,,y
2848,20250702,4554,3684,6026,1,49.9,98.9,8,2026-04-21 19:46:19.081,,y
2849,20250702,4524,3684,6026,2,34,98.9,8,2026-04-21 19:46:19.081,,y
2850,20250702,4835,3684,6026,3,15,98.9,8,2026-04-21 19:46:19.081,,y
2851,20250701,4576,3685,6027,1,45,95,8,2026-04-21 19:46:19.081,,y
2852,20250701,4574,3685,6027,2,50,95,8,2026-04-21 19:46:19.082,,y
2853,20250701,4674,3686,6028,1,120,120,8,2026-04-21 19:46:19.082,,y
2854,20250701,4574,3687,6029,1,50,95,8,2026-04-21 19:46:19.082,,y
2855,20250701,4577,3687,6029,2,45,95,8,2026-04-21 19:46:19.082,,y
2856,20250630,4606,3688,6030,1,25,95,8,2026-04-21 19:46:19.082,,y
2857,20250630,4576,3688,6030,2,45,95,8,2026-04-21 19:46:19.082,,y
2858,20250625,4606,3689,6031,1,25,100,8,2026-04-21 19:46:19.082,,y
2859,20250625,4608,3689,6031,2,25,100,8,2026-04-21 19:46:19.082,,y
2860,20250625,4684,3690,6032,1,50,50,8,2026-04-21 19:46:19.083,,y
2861,20250624,4587,3691,6033,1,15,99.9,8,2026-04-21 19:46:19.083,,y
2862,20250624,4588,3691,6033,2,15,99.9,8,2026-04-21 19:46:19.083,,y
2863,20250624,4586,3691,6033,3,20,99.9,8,2026-04-21 19:46:19.083,,y
2864,20250624,4554,3691,6033,4,49.9,99.9,8,2026-04-21 19:46:19.083,,y
2865,20250620,4606,3692,6034,1,25,100,8,2026-04-21 19:46:19.083,,y
2866,20250620,4622,3692,6034,2,25,100,8,2026-04-21 19:46:19.083,,y
2867,20250620,4578,3693,6035,1,35,110,8,2026-04-21 19:46:19.083,,y
2868,20250620,4606,3693,6035,2,25,110,8,2026-04-21 19:46:19.083,,y
2869,20250620,4608,3693,6035,3,25,110,8,2026-04-21 19:46:19.083,,y
2870,20250619,4578,3694,6036,1,35,100,8,2026-04-21 19:46:19.083,,y
2871,20250619,4606,3694,6036,2,25,100,8,2026-04-21 19:46:19.083,,y
2872,20250619,4543,3694,6036,3,15,100,8,2026-04-21 19:46:19.083,,y
2873,20250618,4616,3695,6037,1,90,105,8,2026-04-21 19:46:19.083,,y
2874,20250618,4597,3695,6037,2,15,105,8,2026-04-21 19:46:19.083,,y
2875,20250616,4622,3696,6038,1,25,100,8,2026-04-21 19:46:19.083,,y
2876,20250613,4684,3697,6039,1,50,50,8,2026-04-21 19:46:19.083,,y
2877,20250612,4579,3698,6040,1,90,90,8,2026-04-21 19:46:19.083,,y
2878,20250612,4578,3699,6041,1,35,60,8,2026-04-21 19:46:19.084,,y
2879,20250612,4606,3699,6041,2,25,60,8,2026-04-21 19:46:19.084,,y
2880,20250612,3628,3700,6042,1,86,86,8,2026-04-21 19:46:19.084,,y
2881,20250612,4606,3701,6043,1,25,95,8,2026-04-21 19:46:19.084,,y
2882,20250612,4511,3701,6043,2,30,95,8,2026-04-21 19:46:19.084,,y
2883,20250612,4543,3701,6043,3,15,95,8,2026-04-21 19:46:19.084,,y
2884,20250612,4833,3701,6043,4,25,95,8,2026-04-21 19:46:19.084,,y
2885,20250612,4521,3702,6044,1,34,102,8,2026-04-21 19:46:19.084,,y
2886,20250612,4606,3703,6045,1,25,100,8,2026-04-21 19:46:19.084,,y
2887,20250612,4608,3703,6045,2,25,100,8,2026-04-21 19:46:19.084,,y
2888,20250612,4578,3703,6045,3,35,100,8,2026-04-21 19:46:19.084,,y
2889,20250612,4597,3703,6045,4,15,100,8,2026-04-21 19:46:19.084,,y
2890,20250612,4521,3704,6046,1,34,104,8,2026-04-21 19:46:19.084,,y
2891,20250612,4833,3704,6046,2,25,104,8,2026-04-21 19:46:19.084,,y
2892,20250612,4576,3704,6046,3,45,104,8,2026-04-21 19:46:19.084,,y
2893,20250611,3690,3705,6047,1,86,86,8,2026-04-21 19:46:19.084,,y
2894,20250611,4579,3706,6048,1,90,90,8,2026-04-21 19:46:19.084,,y
2895,20250611,4511,3707,6049,1,30,30,8,2026-04-21 19:46:19.085,,y
2896,20250609,4684,3708,6050,1,50,100,8,2026-04-21 19:46:19.085,,y
2897,20250609,4686,3708,6050,2,50,100,8,2026-04-21 19:46:19.085,,y
2898,20250607,4606,3709,6051,1,25,100,8,2026-04-21 19:46:19.085,,y
2899,20250605,4662,3710,6052,1,129,129,8,2026-04-21 19:46:19.085,,y
2900,20250605,4573,3711,6053,1,90,90,8,2026-04-21 19:46:19.085,,y
2901,20250603,4912,3712,6054,1,92,92,8,2026-04-21 19:46:19.085,,y
2902,20250602,4511,3713,6055,1,30,30,8,2026-04-21 19:46:19.085,,y
2903,20250530,4514,3714,6056,1,49.9,49.9,8,2026-04-21 19:46:19.085,,y
2904,20250530,4685,3715,6057,1,50,160,0,2026-04-21 19:46:19.086,,y
2905,20250530,4573,3715,6057,2,90,160,0,2026-04-21 19:46:19.086,,y
2906,20250530,4830,3715,6057,3,20,160,0,2026-04-21 19:46:19.086,,y
2907,20250530,3738,3716,6058,1,92,92,8,2026-04-21 19:46:19.086,,y
2908,20250529,4514,3741,6059,1,49.9,49.9,8,2026-04-21 19:46:19.086,,y
2909,20250528,4606,3718,6060,1,25,60,8,2026-04-21 19:46:19.086,,y
2910,20250528,4602,3718,6060,2,35,60,8,2026-04-21 19:46:19.086,,y
2911,20250526,4573,3719,6061,1,90,115,8,2026-04-21 19:46:19.086,,y
2912,20250526,4606,3719,6061,2,25,115,8,2026-04-21 19:46:19.086,,y
2913,20250526,4517,3720,6062,1,65,100,8,2026-04-21 19:46:19.086,,y
2914,20250526,4591,3720,6062,2,35,100,8,2026-04-21 19:46:19.086,,y
2915,20250525,4634,3721,6063,1,90,90,8,2026-04-21 19:46:19.086,,y
2916,20250523,4606,3722,6064,1,25,25,8,2026-04-21 19:46:19.086,,y
2917,20250523,4606,3723,6065,1,25,25,8,2026-04-21 19:46:19.086,,y
2918,20250522,4675,3724,6066,1,120,120,8,2026-04-21 19:46:19.086,,y
2919,20250521,3653,3728,6067,1,145,145,0,2026-04-21 19:46:19.086,,y
2920,20250521,4576,3726,6068,1,45,95,8,2026-04-21 19:46:19.086,,y
2921,20250521,4622,3726,6068,2,25,95,8,2026-04-21 19:46:19.086,,y
2922,20250521,4606,3726,6068,3,25,95,8,2026-04-21 19:46:19.086,,y
2923,20250519,4915,3727,6069,1,120,120,8,2026-04-21 19:46:19.087,,y
2924,20250519,4647,3728,6070,1,399,399,0,2026-04-21 19:46:19.087,,y
2925,20250519,4684,3729,6071,1,50,225,0,2026-04-21 19:46:19.087,,y
2926,20250519,4685,3729,6071,2,50,225,0,2026-04-21 19:46:19.087,,y
2927,20250519,4686,3729,6071,3,50,225,0,2026-04-21 19:46:19.087,,y
2928,20250519,4606,3729,6071,4,25,225,0,2026-04-21 19:46:19.087,,y
2929,20250519,4606,3730,6072,1,25,50,8,2026-04-21 19:46:19.087,,y
2930,20250518,4606,3731,6073,1,25,90,8,2026-04-21 19:46:19.087,,y
2931,20250518,4543,3731,6073,2,15,90,8,2026-04-21 19:46:19.087,,y
2932,20250518,4589,3731,6073,3,15,90,8,2026-04-21 19:46:19.087,,y
2933,20250518,4826,3731,6073,4,20,90,8,2026-04-21 19:46:19.087,,y
2934,20250518,4587,3731,6073,5,15,90,8,2026-04-21 19:46:19.087,,y
2935,20250518,4579,3732,6074,1,90,90,8,2026-04-21 19:46:19.087,,y
2936,20250517,4577,3733,6075,1,45,95,8,2026-04-21 19:46:19.087,,y
2937,20250517,4606,3733,6075,2,25,95,8,2026-04-21 19:46:19.087,,y
2938,20250517,4608,3733,6075,3,25,95,8,2026-04-21 19:46:19.087,,y
2939,20250516,4684,3734,6076,1,50,50,8,2026-04-21 19:46:19.087,,y
2940,20250516,4685,3735,6077,1,50,50,8,2026-04-21 19:46:19.087,,y
2941,20250515,4576,3736,6078,1,45,155,0,2026-04-21 19:46:19.087,,y
2942,20250515,4830,3736,6078,2,20,155,0,2026-04-21 19:46:19.087,,y
2943,20250515,4589,3736,6078,3,15,155,0,2026-04-21 19:46:19.087,,y
2944,20250515,4543,3736,6078,4,15,155,0,2026-04-21 19:46:19.087,,y
2945,20250514,4557,3737,6079,1,0,100,8,2026-04-21 19:46:19.087,,y
2946,20250514,4662,3738,6080,1,29,129,8,2026-04-21 19:46:19.087,,y
2947,20250513,4633,3739,6081,1,90,90,8,2026-04-21 19:46:19.088,,y
2948,20250512,4554,3740,6082,1,49.9,74.9,8,2026-04-21 19:46:19.088,,y
2949,20250512,4606,3740,6082,2,25,74.9,8,2026-04-21 19:46:19.088,,y
2950,20250512,4606,3741,6083,1,25,25,8,2026-04-21 19:46:19.088,,y
2951,20250510,4516,3742,6084,1,45,45,8,2026-04-21 19:46:19.088,,y
2952,20250509,4577,3743,6085,1,45,95,8,2026-04-21 19:46:19.088,,y
2953,20250509,4685,3743,6085,2,50,95,8,2026-04-21 19:46:19.088,,y
2954,20250509,4684,3744,6086,1,50,100,8,2026-04-21 19:46:19.088,,y
2955,20250509,4684,3745,6087,1,50,50,8,2026-04-21 19:46:19.088,,y
2956,20250508,4912,3746,6088,1,92,92,8,2026-04-21 19:46:19.088,,y
2957,20250506,4574,3747,6089,1,50,110,8,2026-04-21 19:46:19.088,,y
2958,20250506,4578,3747,6089,2,35,110,8,2026-04-21 19:46:19.088,,y
2959,20250506,4622,3747,6089,3,25,110,8,2026-04-21 19:46:19.088,,y
2960,20250506,4573,3748,6090,1,90,115,8,2026-04-21 19:46:19.088,,y
2961,20250506,4606,3748,6090,2,25,115,8,2026-04-21 19:46:19.088,,y
2962,20250505,4521,3749,6091,1,34,109,8,2026-04-21 19:46:19.088,,y
2963,20250505,4574,3749,6091,2,50,109,8,2026-04-21 19:46:19.088,,y
2964,20250505,4606,3749,6091,3,25,109,8,2026-04-21 19:46:19.088,,y
2965,20250505,4516,3750,6092,1,45,115,8,2026-04-21 19:46:19.088,,y
2966,20250505,4606,3750,6092,2,25,115,8,2026-04-21 19:46:19.088,,y
2967,20250505,4577,3750,6092,3,45,115,8,2026-04-21 19:46:19.088,,y
2968,20250503,4606,3751,6093,1,25,99.9,8,2026-04-21 19:46:19.088,,y
2969,20250503,4514,3751,6093,2,49.9,99.9,8,2026-04-21 19:46:19.088,,y
2970,20250430,4625,3752,6094,1,115,150,0,2026-04-21 19:46:19.088,,y
2971,20250430,4578,3752,6094,2,35,150,0,2026-04-21 19:46:19.089,,y
2972,20250426,4574,3753,6095,1,50,100,8,2026-04-21 19:46:19.089,,y
2973,20250426,4606,3753,6095,2,25,100,8,2026-04-21 19:46:19.089,,y
2974,20250424,4576,3754,6096,1,45,90,8,2026-04-21 19:46:19.089,,y
2975,20250424,4577,3754,6096,2,45,90,8,2026-04-21 19:46:19.089,,y
2976,20250424,4626,3755,6097,1,90,90,8,2026-04-21 19:46:19.089,,y
2977,20250424,4608,3756,6098,1,25,60,8,2026-04-21 19:46:19.089,,y
2978,20250424,4578,3756,6098,2,35,60,8,2026-04-21 19:46:19.089,,y
2979,20250423,4606,3757,6099,1,25,85,8,2026-04-21 19:46:19.089,,y
2980,20250423,4577,3757,6099,2,45,85,8,2026-04-21 19:46:19.089,,y
2981,20250423,4543,3757,6099,3,15,85,8,2026-04-21 19:46:19.089,,y
2982,20250423,4914,3758,6100,1,92,92,8,2026-04-21 19:46:19.089,,y
2983,20250422,4606,3759,6101,1,25,100,8,2026-04-21 19:46:19.089,,y
2984,20250422,4576,3760,6102,1,45,160,0,2026-04-21 19:46:19.089,,y
2985,20250422,4820,3760,6102,2,115,160,0,2026-04-21 19:46:19.089,,y
2986,20250421,4606,3761,6103,1,25,95,8,2026-04-21 19:46:19.089,,y
2987,20250421,4577,3761,6103,2,45,95,8,2026-04-21 19:46:19.089,,y
2988,20250417,3690,3762,6104,1,86,86,8,2026-04-21 19:46:19.089,,y
2989,20250417,4511,3763,6105,1,30,95,8,2026-04-21 19:46:19.089,,y
2990,20250417,4517,3763,6105,2,65,95,8,2026-04-21 19:46:19.089,,y
2991,20250416,4606,3764,6106,1,25,154,0,2026-04-21 19:46:19.089,,y
2992,20250416,4653,3764,6106,2,129,154,0,2026-04-21 19:46:19.089,,y
2993,20250416,4515,3765,6107,1,48,91,8,2026-04-21 19:46:19.089,,y
2994,20250416,4606,3765,6107,2,25,91,8,2026-04-21 19:46:19.090,,y
2995,20250416,4823,3765,6107,3,18,91,8,2026-04-21 19:46:19.090,,y
2996,20250415,4517,3766,6108,1,65,65,8,2026-04-21 19:46:19.090,,y
2997,20250412,4557,3767,6109,1,75,120,0,2026-04-21 19:46:19.090,,y
2998,20250412,3176,3767,6109,2,15,120,0,2026-04-21 19:46:19.090,,y
2999,20250411,4606,3768,6110,1,25,100,8,2026-04-21 19:46:19.090,,y
3000,20250411,4604,3768,6110,2,50,100,8,2026-04-21 19:46:19.090,,y
3001,20250411,4652,3769,6111,1,86,86,8,2026-04-21 19:46:19.090,,y
3002,20250409,4606,3770,6112,1,25,100,8,2026-04-21 19:46:19.090,,y
3003,20250409,4604,3770,6112,2,50,100,8,2026-04-21 19:46:19.090,,y
3004,20250409,4517,3771,6113,1,65,267,0,2026-04-21 19:46:19.090,,y
3005,20250409,4512,3771,6113,2,58,267,0,2026-04-21 19:46:19.090,,y
3006,20250409,4518,3771,6113,3,48,267,0,2026-04-21 19:46:19.090,,y
3007,20250409,4515,3771,6113,4,48,267,0,2026-04-21 19:46:19.090,,y
3008,20250409,4574,3772,6114,1,50,100,8,2026-04-21 19:46:19.090,,y
3009,20250409,4604,3772,6114,2,50,100,8,2026-04-21 19:46:19.090,,y
3010,20250408,4594,3773,6115,1,20,80,8,2026-04-21 19:46:19.090,,y
3011,20250408,4822,3773,6115,2,30,80,8,2026-04-21 19:46:19.090,,y
3012,20250403,4684,3774,6116,1,50,50,8,2026-04-21 19:46:19.091,,y
3013,20250402,3722,3775,6117,1,129,129,8,2026-04-21 19:46:19.091,,y
3014,20250402,4523,3776,6118,1,45,95,8,2026-04-21 19:46:19.091,,y
3015,20250402,4685,3776,6118,2,50,95,8,2026-04-21 19:46:19.091,,y
3016,20250331,4684,3917,6119,1,50,50,8,2026-04-21 19:46:19.091,,y
3017,20250331,4604,3918,6120,1,50,110,8,2026-04-21 19:46:19.091,,y
3018,20250331,4606,3918,6120,2,25,110,8,2026-04-21 19:46:19.091,,y
3019,20250331,4543,3918,6120,3,15,110,8,2026-04-21 19:46:19.091,,y
3020,20250331,4830,3918,6120,4,20,110,8,2026-04-21 19:46:19.091,,y
3021,20250331,4684,3919,6121,1,50,50,8,2026-04-21 19:46:19.091,,y
3022,20250330,4685,3780,6122,1,50,308,0,2026-04-21 19:46:19.091,,y
3023,20250330,4660,3780,6122,2,129,308,0,2026-04-21 19:46:19.091,,y
3024,20250330,3722,3780,6122,3,129,308,0,2026-04-21 19:46:19.091,,y
3025,20250330,4606,3781,6123,1,25,100,8,2026-04-21 19:46:19.091,,y
3026,20250330,4604,3781,6123,2,50,100,8,2026-04-21 19:46:19.092,,y
3027,20250330,4684,3782,6124,1,50,50,8,2026-04-21 19:46:19.092,,y
3028,20250327,3628,3783,6125,1,86,101,8,2026-04-21 19:46:19.092,,y
3029,20250327,4589,3783,6125,2,15,101,8,2026-04-21 19:46:19.092,,y
3030,20250327,4818,3784,6126,1,16.5,1505,0,2026-04-21 19:46:19.092,,y
3031,20250327,4521,3784,6126,2,34,1505,0,2026-04-21 19:46:19.092,,y
3032,20250327,4822,3784,6126,3,30,1505,0,2026-04-21 19:46:19.092,,y
3033,20250327,4819,3784,6126,4,85,1505,0,2026-04-21 19:46:19.092,,y
3034,20250327,4821,3784,6126,5,65,1505,0,2026-04-21 19:46:19.092,,y
3035,20250327,4820,3784,6126,6,115,1505,0,2026-04-21 19:46:19.092,,y
3036,20250327,4526,3784,6126,7,125,1505,0,2026-04-21 19:46:19.092,,y
3037,20250320,4591,3861,6127,1,35,84.9,8,2026-04-21 19:46:19.092,,y
3038,20250320,4554,3861,6127,2,49.9,84.9,8,2026-04-21 19:46:19.092,,y
3039,20250318,4662,3786,6128,1,129,129,8,2026-04-21 19:46:19.092,,y
3040,20250318,4606,3787,6129,1,25,105,8,2026-04-21 19:46:19.092,,y
3041,20250318,4602,3787,6129,2,35,105,8,2026-04-21 19:46:19.092,,y
3042,20250318,4576,3787,6129,3,45,105,8,2026-04-21 19:46:19.092,,y
3043,20250317,4653,3788,6130,1,129,129,8,2026-04-21 19:46:19.092,,y
3044,20250307,3722,3789,6131,1,129,129,8,2026-04-21 19:46:19.092,,y
3045,20250307,3797,3790,6132,1,120,150,8,2026-04-21 19:46:19.092,,y
3046,20250307,4589,3790,6132,2,15,150,8,2026-04-21 19:46:19.092,,y
3047,20250307,4587,3790,6132,3,15,150,8,2026-04-21 19:46:19.093,,y
3048,20250306,4660,3791,6133,1,129,258,0,2026-04-21 19:46:19.093,,y
3049,20250306,4662,3791,6133,2,129,258,0,2026-04-21 19:46:19.093,,y
3050,20250306,4662,3792,6134,1,129,258,0,2026-04-21 19:46:19.093,,y
3051,20250306,4912,3793,6135,1,92,92,8,2026-04-21 19:46:19.093,,y
3052,20250304,3722,3794,6136,1,129,129,8,2026-04-21 19:46:19.093,,y
3053,20250302,4633,3795,6137,1,64,90,8,2026-04-21 19:46:19.094,,y
3054,20250302,3724,3796,6138,1,86,172,0,2026-04-21 19:46:19.094,,y
3055,20250302,4817,3797,6139,1,90,156,0,2026-04-21 19:46:19.094,,y
3056,20250302,4818,3797,6139,2,16.5,156,0,2026-04-21 19:46:19.094,,y
3057,20250302,4591,3798,6140,1,35,130,8,2026-04-21 19:46:19.094,,y
3058,20250302,4577,3798,6140,2,45,130,8,2026-04-21 19:46:19.094,,y
3059,20250302,4574,3798,6140,3,50,130,8,2026-04-21 19:46:19.094,,y
3060,20250301,3729,3799,6141,1,129,129,8,2026-04-21 19:46:19.094,,y
3061,20250301,3729,3800,6142,1,129,258,0,2026-04-21 19:46:19.094,,y
3062,20250301,3729,3801,6143,1,129,129,8,2026-04-21 19:46:19.094,,y
3063,20250226,4574,3802,6144,1,50,85,8,2026-04-21 19:46:19.094,,y
3064,20250226,4591,3802,6144,2,35,85,8,2026-04-21 19:46:19.094,,y
3065,20250226,4606,3803,6145,1,25,25,8,2026-04-21 19:46:19.094,,y
3066,20250224,4912,3804,6146,1,92,92,8,2026-04-21 19:46:19.094,,y
3067,20250223,4606,3805,6147,1,25,25,8,2026-04-21 19:46:19.094,,y
3068,20250221,3738,3806,6148,1,92,92,8,2026-04-21 19:46:19.094,,y
3069,20250219,4515,3920,6149,1,48,113,8,2026-04-21 19:46:19.094,,y
3070,20250219,4517,3920,6149,2,65,113,8,2026-04-21 19:46:19.094,,y
3071,20250219,4830,3921,6150,1,20,20,8,2026-04-21 19:46:19.094,,y
3072,20250218,4521,3809,6151,1,34,108,8,2026-04-21 19:46:19.094,,y
3073,20250218,4522,3809,6151,2,40,108,8,2026-04-21 19:46:19.094,,y
3074,20250218,4524,3809,6151,3,34,108,8,2026-04-21 19:46:19.094,,y
3075,20250215,3738,3810,6152,1,92,92,8,2026-04-21 19:46:19.094,,y
3076,20250215,4604,3811,6153,1,50,100,8,2026-04-21 19:46:19.094,,y
3077,20250215,4913,3811,6153,2,50,100,8,2026-04-21 19:46:19.095,,y
3078,20250214,4606,3812,6154,1,25,25,8,2026-04-21 19:46:19.095,,y
3079,20250214,4606,3813,6155,1,25,25,8,2026-04-21 19:46:19.095,,y
3080,20250214,4576,3814,6156,1,45,95,8,2026-04-21 19:46:19.095,,y
3081,20250214,4589,3814,6156,2,15,95,8,2026-04-21 19:46:19.095,,y
3082,20250214,4587,3814,6156,3,15,95,8,2026-04-21 19:46:19.095,,y
3083,20250214,4826,3814,6156,4,20,95,8,2026-04-21 19:46:19.095,,y
3084,20250213,4622,3815,6157,1,25,25,8,2026-04-21 19:46:19.095,,y
3085,20250213,4604,3816,6158,1,50,50,8,2026-04-21 19:46:19.095,,y
3086,20250213,4622,3817,6159,1,25,25,8,2026-04-21 19:46:19.095,,y
3087,20250213,4604,3818,6160,1,50,50,8,2026-04-21 19:46:19.095,,y
3088,20250213,4604,3819,6161,1,50,50,8,2026-04-21 19:46:19.095,,y
3089,20250213,4608,3820,6162,1,25,50,8,2026-04-21 19:46:19.095,,y
3090,20250213,4622,3820,6162,2,25,50,8,2026-04-21 19:46:19.095,,y
3091,20250213,4606,3821,6163,1,25,50,8,2026-04-21 19:46:19.095,,y
3092,20250213,4608,3822,6164,1,25,25,8,2026-04-21 19:46:19.095,,y
3093,20250213,4608,3823,6165,1,25,25,8,2026-04-21 19:46:19.095,,y
3094,20250213,4606,3824,6166,1,25,25,8,2026-04-21 19:46:19.095,,y
3095,20250213,4606,3825,6167,1,25,25,8,2026-04-21 19:46:19.095,,y
3096,20250213,4604,3826,6168,1,50,50,8,2026-04-21 19:46:19.095,,y
3097,20250213,4606,3827,6169,1,25,25,8,2026-04-21 19:46:19.095,,y
3098,20250213,4606,3828,6170,1,25,25,8,2026-04-21 19:46:19.095,,y
3099,20250213,4604,3829,6171,1,50,50,8,2026-04-21 19:46:19.095,,y
3100,20250213,4608,3830,6172,1,25,50,8,2026-04-21 19:46:19.095,,y
3101,20250213,4819,3831,6173,1,85,115,8,2026-04-21 19:46:19.095,,y
3102,20250213,4822,3831,6173,2,30,115,8,2026-04-21 19:46:19.096,,y
3103,20250213,4608,3832,6174,1,25,25,8,2026-04-21 19:46:19.096,,y
3104,20250213,4604,3833,6175,1,50,50,8,2026-04-21 19:46:19.096,,y
3105,20250213,4817,3834,6176,1,90,106.5,8,2026-04-21 19:46:19.096,,y
3106,20250213,4818,3834,6176,2,16.5,106.5,8,2026-04-21 19:46:19.096,,y
3107,20250213,4606,3835,6177,1,25,25,8,2026-04-21 19:46:19.096,,y
3108,20250213,4622,3836,6179,1,25,25,8,2026-04-21 19:46:19.096,,y
3109,20250213,3766,3837,6180,1,60,60,8,2026-04-21 19:46:19.096,,y
3110,20250213,4606,3838,6181,1,25,25,8,2026-04-21 19:46:19.096,,y
3111,20250212,4606,3839,6182,1,25,50,8,2026-04-21 19:46:19.096,,y
3112,20250212,4608,3839,6182,2,25,50,8,2026-04-21 19:46:19.096,,y
3113,20250212,4606,3840,6183,1,25,25,8,2026-04-21 19:46:19.096,,y
3114,20250212,4606,3841,6184,1,20,150,8,2026-04-21 19:46:19.096,,y
3115,20250212,4608,3841,6184,2,20,150,8,2026-04-21 19:46:19.096,,y
3116,20250212,4622,3841,6184,3,20,150,8,2026-04-21 19:46:19.096,,y
3117,20250212,4604,3842,6185,1,50,50,8,2026-04-21 19:46:19.096,,y
3118,20250212,4604,3843,6186,1,50,100,0,2026-04-21 19:46:19.096,,y
3119,20250212,4913,3843,6186,2,50,100,0,2026-04-21 19:46:19.096,,y
3120,20250212,4576,3844,6187,1,45,95,8,2026-04-21 19:46:19.096,,y
3121,20250212,4606,3844,6187,2,25,95,8,2026-04-21 19:46:19.096,,y
3122,20250212,4833,3844,6187,3,25,95,8,2026-04-21 19:46:19.096,,y
3123,20250212,4604,3845,6188,1,50,50,8,2026-04-21 19:46:19.096,,y
3124,20250211,4606,3846,6189,1,25,25,8,2026-04-21 19:46:19.096,,y
3125,20250211,3776,3847,6190,1,50,100,8,2026-04-21 19:46:19.096,,y
3126,20250210,4573,3848,6191,1,90,90,8,2026-04-21 19:46:19.096,,y
3127,20250210,4914,3849,6192,1,92,109,8,2026-04-21 19:46:19.096,,y
3128,20250210,4535,3849,6192,2,17,109,8,2026-04-21 19:46:19.096,,y
3129,20250208,4523,3850,6193,1,45,99,8,2026-04-21 19:46:19.096,,y
3130,20250208,4524,3850,6193,2,34,99,8,2026-04-21 19:46:19.097,,y
3131,20250208,3310,3850,6193,3,20,99,8,2026-04-21 19:46:19.097,,y
3132,20250206,4574,3851,6194,1,50,95,8,2026-04-21 19:46:19.097,,y
3133,20250206,4577,3851,6194,2,45,95,8,2026-04-21 19:46:19.097,,y
3134,20250206,3325,3852,6195,1,70,105,8,2026-04-21 19:46:19.097,,y
3135,20250206,4578,3852,6195,2,35,105,8,2026-04-21 19:46:19.097,,y
3136,20250205,4826,3921,6196,1,20,72,8,2026-04-21 19:46:19.097,,y
3137,20250205,4830,3921,6196,2,20,72,8,2026-04-21 19:46:19.097,,y
3138,20250205,4535,3921,6196,3,17,72,8,2026-04-21 19:46:19.097,,y
3139,20250205,4835,3921,6196,4,15,72,8,2026-04-21 19:46:19.097,,y
3140,20250204,4511,3854,6197,1,30,30,8,2026-04-21 19:46:19.097,,y
3141,20250203,4830,3855,6198,1,20,99,8,2026-04-21 19:46:19.097,,y
3142,20250203,4521,3855,6198,2,34,99,8,2026-04-21 19:46:19.097,,y
3143,20250203,4577,3855,6198,3,45,99,8,2026-04-21 19:46:19.097,,y
3144,20250129,4577,3856,6199,1,45,90,7,2026-04-21 19:46:19.097,,y
3145,20250129,4576,3856,6199,2,45,90,7,2026-04-21 19:46:19.097,,y
3146,20250129,3325,3857,6200,1,70,90,7,2026-04-21 19:46:19.097,,y
3147,20250129,4830,3857,6200,2,20,90,7,2026-04-21 19:46:19.097,,y
3148,20250128,4521,3858,6201,1,34,79,7,2026-04-21 19:46:19.097,,y
3149,20250128,4523,3858,6201,2,45,79,7,2026-04-21 19:46:19.097,,y
3150,20250125,4830,3859,6202,1,20,105,7,2026-04-21 19:46:19.097,,y
3151,20250125,4826,3859,6202,2,20,105,7,2026-04-21 19:46:19.097,,y
3152,20250125,4523,3859,6202,3,45,105,7,2026-04-21 19:46:19.097,,y
3153,20250124,4573,3860,6203,1,90,90,7,2026-04-21 19:46:19.097,,y
3154,20250124,4574,3861,6204,1,50,100,7,2026-04-21 19:46:19.097,,y
3155,20250120,4573,3862,6205,1,90,90,7,2026-04-21 19:46:19.097,,y
3156,20250120,4578,3863,6206,1,35,100,7,2026-04-21 19:46:19.098,,y
3157,20250120,4835,3863,6206,2,15,100,7,2026-04-21 19:46:19.098,,y
3158,20250120,4826,3863,6206,3,20,100,7,2026-04-21 19:46:19.098,,y
3159,20250120,4825,3863,6206,4,15,100,7,2026-04-21 19:46:19.098,,y
3160,20250118,4513,3864,6207,1,46,46,7,2026-04-21 19:46:19.098,,y
3161,20250114,4511,3865,6208,1,30,30,7,2026-04-21 19:46:19.098,,y
3162,20250114,4511,3866,6209,1,30,30,7,2026-04-21 19:46:19.098,,y
3163,20250111,4515,3867,6210,1,48,48,7,2026-04-21 19:46:19.098,,y
3164,20250106,3797,3868,6211,1,120,120,7,2026-04-21 19:46:19.098,,y
3165,20250103,4512,3869,6212,1,58,58,7,2026-04-21 19:46:19.098,,y
3166,20241227,4511,3870,6213,1,30,30,7,2026-04-21 19:46:19.098,,y
3167,20241225,4511,3871,6214,1,30,30,7,2026-04-21 19:46:19.098,,y
3168,20241224,3801,3872,6215,1,20,60,7,2026-04-21 19:46:19.098,,y
3169,20241224,4512,3873,6216,1,58,104,7,2026-04-21 19:46:19.098,,y
3170,20241224,4513,3873,6216,2,46,104,7,2026-04-21 19:46:19.098,,y
3171,20241223,4511,3874,6217,1,30,30,7,2026-04-21 19:46:19.098,,y
3172,20241210,3804,3875,6218,1,28,28,7,2026-04-21 19:46:19.098,,y
3173,20241125,4514,3876,6219,1,70,70,7,2026-04-21 19:46:19.098,,y
3174,20241123,4511,3877,6220,1,30,30,7,2026-04-21 19:46:19.098,,y
3175,20241107,3807,3878,6221,1,15,45,7,2026-04-21 19:46:19.098,,y
3176,20241107,4514,3879,6222,1,70,70,7,2026-04-21 19:46:19.098,,y
3177,20241002,3356,3880,6223,1,40,110,7,2026-04-21 19:46:19.098,,y
3178,20241002,3357,3880,6223,2,30,110,7,2026-04-21 19:46:19.098,,y
3179,20240926,4515,3881,6224,1,48,48,7,2026-04-21 19:46:19.098,,y
3180,20240906,3811,3882,6225,1,180,180,7,2026-04-21 19:46:19.098,,y
3181,20240827,3812,3883,6226,1,55,55,7,2026-04-21 19:46:19.098,,y
3182,20240827,4511,3884,6227,1,30,30,7,2026-04-21 19:46:19.098,,y
3183,20240817,4517,3885,6228,1,65,65,7,2026-04-21 19:46:19.098,,y
3184,20240805,4512,3886,6229,1,58,58,7,2026-04-21 19:46:19.098,,y
3185,20240730,4511,3887,6230,1,30,75,7,2026-04-21 19:46:19.098,,y
3186,20240730,4516,3887,6230,2,45,75,7,2026-04-21 19:46:19.098,,y
3187,20240721,4511,3888,6231,1,30,75,7,2026-04-21 19:46:19.099,,y
3188,20240721,4516,3888,6231,2,45,75,7,2026-04-21 19:46:19.099,,y
3189,20240704,3818,3889,6232,1,14,14,7,2026-04-21 19:46:19.099,,y
3190,20240630,4513,3890,6233,1,46,169,7,2026-04-21 19:46:19.099,,y
3191,20240630,4517,3890,6233,2,65,169,7,2026-04-21 19:46:19.099,,y
3192,20240630,4511,3890,6233,3,30,169,7,2026-04-21 19:46:19.099,,y
3193,20240630,3804,3890,6233,4,28,169,7,2026-04-21 19:46:19.099,,y
3194,20240611,4511,3891,6234,1,30,30,7,2026-04-21 19:46:19.099,,y
3195,20240610,4511,3892,6235,1,30,30,7,2026-04-21 19:46:19.099,,y
3196,20240527,3375,3893,6236,1,15,45,7,2026-04-21 19:46:19.099,,y
3197,20240527,3376,3893,6236,2,15,45,7,2026-04-21 19:46:19.099,,y
3198,20240527,3377,3893,6236,3,15,45,7,2026-04-21 19:46:19.099,,y
3199,20240507,4511,3894,6237,1,30,30,7,2026-04-21 19:46:19.099,,y
3200,20240328,4511,3895,6238,1,30,30,7,2026-04-21 19:46:19.099,,y
3201,20240324,3827,3896,6239,1,17,29,7,2026-04-21 19:46:19.099,,y
3202,20240324,3381,3896,6239,2,12,29,7,2026-04-21 19:46:19.099,,y
3203,20240318,3826,3897,6240,1,30,30,7,2026-04-21 19:46:19.099,,y
3204,20240313,3827,3898,6241,1,17,34,7,2026-04-21 19:46:19.099,,y
3205,20240220,3384,3899,6242,1,6,18,7,2026-04-21 19:46:19.099,,y
3206,20240220,3385,3899,6242,2,6,18,7,2026-04-21 19:46:19.099,,y
3207,20240220,3386,3899,6242,3,6,18,7,2026-04-21 19:46:19.099,,y
3208,20231230,4511,3900,6243,1,30,30,0,2026-04-21 19:46:19.099,,y
3209,20231206,3830,3901,6244,1,19,19,0,2026-04-21 19:46:19.099,,y
3210,20260102,4685,3461,6245,1,50,100,8,2026-04-21 19:46:19.259,,y
3211,20251230,4667,3462,6245,1,90,90,8,2026-04-21 19:46:19.259,,y
3212,20251229,3391,3463,6245,"1
2
3","65
58
30",153,0,2026-04-21 19:46:19.259,,y
3213,20251229,4626,3464,6245,1,90,90,8,2026-04-21 19:46:19.259,,y
3214,20251229,4626,3465,6245,1,90,90,8,2026-04-21 19:46:19.259,,y
3215,20251229,4685,3466,6245,1,50,100,8,2026-04-21 19:46:19.259,,y
3216,20251229,3395,3467,6245,"1
2
3
4","30
25
25
25",105,8,2026-04-21 19:46:19.259,,y
3217,20251228,3396,3468,6245,"1
2","50
25",75,8,2026-04-21 19:46:19.259,,y
3218,20251228,4512,3469,6245,1,58,58,8,2026-04-21 19:46:19.259,,y
3219,20251228,4655,3470,6245,1,184,184,0,2026-04-21 19:46:19.259,,y
3220,20251227,3399,3471,6245,"1
2","50
48",98,8,2026-04-21 19:46:19.259,,y
3221,20251227,4517,3472,5814,1,65,65,8,2026-04-21 19:46:19.259,,y
3222,20251227,4511,3674,5815,1,30,30,8,2026-04-21 19:46:19.259,,y
3223,20251227,3402,3474,6245,"1
2","90
34",124,8,2026-04-21 19:46:19.259,,y
3224,20251226,4626,3475,6245,1,90,90,8,2026-04-21 19:46:19.259,,y
3225,20251226,4745,3476,6245,1,20,100,8,2026-04-21 19:46:19.259,,y
3226,20251226,4608,3477,6245,1,30,120,8,2026-04-21 19:46:19.259,,y
3227,20251226,3445,3478,6245,"1
2","50
49.9",99.9,8,2026-04-21 19:46:19.259,,y
3228,20251225,4626,3480,6245,1,90,90,8,2026-04-21 19:46:19.260,,y
3229,20251225,4626,3480,6245,1,90,90,8,2026-04-21 19:46:19.260,,y
3230,20251225,4626,3481,6245,1,90,90,8,2026-04-21 19:46:19.260,,y
3231,20251225,4666,3482,6245,1,90,90,8,2026-04-21 19:46:19.260,,y
3232,20251224,3411,3483,6245,"1
2
3","20
30
25",75,8,2026-04-21 19:46:19.260,,y
3233,20251224,4926,3484,6245,1,90,90,8,2026-04-21 19:46:19.260,,y
3234,20251224,4926,3485,6245,1,90,90,8,2026-04-21 19:46:19.260,,y
3235,20251224,4926,3486,6245,1,90,90,8,2026-04-21 19:46:19.260,,y
3236,20251224,4926,3487,6245,1,90,90,8,2026-04-21 19:46:19.260,,y
3237,20251224,3416,3488,6245,"1
2","80
25",105,8,2026-04-21 19:46:19.260,,y
3238,20251224,3417,3489,5831,"1
2","100
50",150,0,2026-04-21 19:46:19.260,,y
3239,20251224,3418,3490,6245,"1
2
3
4","25
25
30
20",100,8,2026-04-21 19:46:19.260,,y
3240,20251224,4773,3491,6245,1,25,100,8,2026-04-21 19:46:19.260,,y
3241,20251224,3420,3492,6245,"1
2
3","20
49.9
20",89.9,8,2026-04-21 19:46:19.260,,y
3242,20251224,4512,3493,6245,1,58,58,8,2026-04-21 19:46:19.260,,y
3243,20251224,3422,3494,6245,"1
2
3","20
20
49.9",89.9,8,2026-04-21 19:46:19.260,,y
3244,20251224,4677,3495,6245,1,150,150,0,2026-04-21 19:46:19.260,,y
3245,20251223,3424,3496,6245,"1
2
3","45
48
30",123,8,2026-04-21 19:46:19.260,,y
3246,20251222,3426,3498,6245,"1
2","30
49.9",79.9,8,2026-04-21 19:46:19.260,,y
3247,20251222,3426,3498,6245,"1
2","30
49.9",79.9,8,2026-04-21 19:46:19.260,,y
3248,20251222,4926,3499,6245,1,90,90,8,2026-04-21 19:46:19.260,,y
3249,20251219,4926,3500,6245,1,90,90,8,2026-04-21 19:46:19.260,,y
3250,20251218,4626,3501,6245,1,90,90,8,2026-04-21 19:46:19.260,,y
3251,20251217,3430,3502,6245,"1
2","48
45",93,8,2026-04-21 19:46:19.260,,y
3252,20251217,4553,3503,5845,1,49.9,99.8,8,2026-04-21 19:46:19.260,,y
3253,20251217,3432,3504,6245,"1
2","50
56",106,8,2026-04-21 19:46:19.260,,y
3254,20251215,4579,3505,6245,1,90,90,8,2026-04-21 19:46:19.260,,y
3255,20251214,4926,3506,6245,1,90,90,8,2026-04-21 19:46:19.260,,y
3256,20251214,3435,3507,6245,"1
2","30
30",90,8,2026-04-21 19:46:19.260,,y
3257,20251213,3436,3508,6245,"1
2
3
4","25
25
25
25",100,8,2026-04-21 19:46:19.260,,y
3258,20251212,3437,3509,6245,"1
2","80
25",105,8,2026-04-21 19:46:19.260,,y
3259,20251212,3438,3510,6245,"1
2
3","49.9
20
20",89.9,8,2026-04-21 19:46:19.260,,y
3260,20251212,4736,3695,6245,1,119,119,8,2026-04-21 19:46:19.260,,y
3261,20251211,3440,3512,6245,"1
2
3","49.9
34
25",108.9,8,2026-04-21 19:46:19.260,,y
3262,20251211,3441,3513,6245,"1
2","65
25",90,8,2026-04-21 19:46:19.260,,y
3263,20251211,4736,3514,6245,1,119,119,8,2026-04-21 19:46:19.260,,y
3264,20251211,4553,3515,6245,1,49.9,99.8,8,2026-04-21 19:46:19.261,,y
3265,20251211,3444,3516,6245,"1
2
3","25
25
49.9",99.9,8,2026-04-21 19:46:19.261,,y
3266,20251211,3445,3517,6245,"1
2","50
49.9",99.9,8,2026-04-21 19:46:19.261,,y
3267,20251210,4584,3518,6245,1,80,80,8,2026-04-21 19:46:19.261,,y
3268,20251210,4926,3519,6245,1,90,90,8,2026-04-21 19:46:19.261,,y
3269,20251210,4926,3520,5862,1,90,90,8,2026-04-21 19:46:19.261,,y
3270,20251209,4626,3521,6245,1,90,90,8,2026-04-21 19:46:19.261,,y
3271,20251209,4626,3522,6245,1,90,90,8,2026-04-21 19:46:19.261,,y
3272,20251208,3451,3523,5865,"1
2","30
25",85,8,2026-04-21 19:46:19.261,,y
3273,20251205,3452,3524,5866,"1
2","90
25",115,8,2026-04-21 19:46:19.261,,y
3274,20251205,4777,3525,5867,1,119,119,8,2026-04-21 19:46:19.261,,y
3275,20251204,4626,3526,5868,1,90,90,8,2026-04-21 19:46:19.261,,y
3276,20251204,4927,3527,5869,1,119,119,8,2026-04-21 19:46:19.261,,y
3277,20251203,4926,3528,5870,1,90,90,8,2026-04-21 19:46:19.261,,y
3278,20251202,3457,3529,5871,"1
2
3","50
20
30",100,8,2026-04-21 19:46:19.261,,y
3279,20251201,3458,3530,5872,"1
2","50
49.9",99.9,8,2026-04-21 19:46:19.261,,y
3280,20251201,4691,3531,5873,1,25,25,8,2026-04-21 19:46:19.261,,y
3281,20251201,4736,3532,5874,1,119,119,8,2026-04-21 19:46:19.261,,y
3282,20251127,4667,3533,5875,1,90,90,8,2026-04-21 19:46:19.261,,y
3283,20251125,3462,3534,5876,"1
2","50
25",100,8,2026-04-21 19:46:19.261,,y
3284,20251125,3463,3535,5877,"1
2
3","20
35
30",85,8,2026-04-21 19:46:19.261,,y
3285,20251123,3464,3536,5878,"1
2
3","30
30
30",90,8,2026-04-21 19:46:19.261,,y
3286,20251121,3531,3537,5879,"1
2","34
90",124,8,2026-04-21 19:46:19.261,,y
3287,20251120,4584,3538,5880,1,80,80,8,2026-04-21 19:46:19.261,,y
3288,20251120,3467,3539,5881,"1
2
3","25
25
34",84,8,2026-04-21 19:46:19.261,,y
3289,20251117,3468,3540,5882,"1
2
3
4","20
25
25
34",104,8,2026-04-21 19:46:19.261,,y
3290,20251117,4685,3541,5883,1,50,100,8,2026-04-21 19:46:19.261,,y
3291,20251114,3470,3542,5884,"1
2
3","49.9
25
25",99.9,8,2026-04-21 19:46:19.261,,y
3292,20251114,3471,3543,5885,"1
2
3","30
25
45",100,8,2026-04-21 19:46:19.261,,y
3293,20251114,3472,3544,5886,"1
2","46
50",96,8,2026-04-21 19:46:19.261,,y
3294,20251112,3473,3545,5887,"1
2
3","25
30
25",80,8,2026-04-21 19:46:19.261,,y
3295,20251111,3474,3546,5888,"1
2
3","30
25
30",115,8,2026-04-21 19:46:19.261,,y
3296,20251110,4744,3547,5889,1,20,100,8,2026-04-21 19:46:19.261,,y
3297,20251108,3476,3548,5890,"1
2","56
50",106,8,2026-04-21 19:46:19.261,,y
3298,20251106,3477,3549,5891,"1
2","49.9
50",99.9,8,2026-04-21 19:46:19.261,,y
3299,20251106,3478,3550,5892,"1
2
3","50
25
30",105,8,2026-04-21 19:46:19.261,,y
3300,20251104,3479,3551,5893,"1
2","49.9
49.9",99.8,8,2026-04-21 19:46:19.262,,y
3301,20251104,4626,3552,5894,1,90,90,8,2026-04-21 19:46:19.262,,y
3302,20251102,4512,3553,5895,1,58,58,8,2026-04-21 19:46:19.262,,y
3303,20251031,3482,3554,5896,"1
2","80
25",105,8,2026-04-21 19:46:19.262,,y
3304,20251031,4926,3555,5897,1,90,90,8,2026-04-21 19:46:19.262,,y
3305,20251031,3484,3556,5898,"1
2
3
4
5","20
20
20
25
25",110,8,2026-04-21 19:46:19.262,,y
3306,20251030,4665,3557,5899,1,90,90,8,2026-04-21 19:46:19.262,,y
3307,20251030,4736,3558,5900,1,119,119,8,2026-04-21 19:46:19.262,,y
3308,20251029,4584,3559,5901,1,80,80,8,2026-04-21 19:46:19.262,,y
3309,20251028,3488,3560,5902,"1
2
3
4","20
20
25
34",99,8,2026-04-21 19:46:19.262,,y
3310,20251028,4777,3561,5903,1,119,119,8,2026-04-21 19:46:19.262,,y
3311,20251025,4685,3562,5904,1,50,100,8,2026-04-21 19:46:19.262,,y
3312,20251023,3491,3563,5905,"1
2
3
4","25
25
30
30",110,8,2026-04-21 19:46:19.262,,y
3313,20251022,4773,3564,5906,1,25,25,8,2026-04-21 19:46:19.262,,y
3314,20251022,3493,3565,5907,"1
2","60
50",110,8,2026-04-21 19:46:19.263,,y
3315,20251020,3494,3566,5908,"1
2
3","25
25
25",100,8,2026-04-21 19:46:19.263,,y
3316,20251020,3495,3567,5909,"1
2","49.9
50",99.9,8,2026-04-21 19:46:19.263,,y
3317,20251020,3496,3568,5910,"1
2","20
25",90,8,2026-04-21 19:46:19.263,,y
3318,20251020,4926,3569,5911,1,90,90,8,2026-04-21 19:46:19.263,,y
3319,20251020,3498,3570,5912,"1
2
3
4","30
25
30
20",105,8,2026-04-21 19:46:19.263,,y
3320,20251020,4626,3571,5913,1,90,90,8,2026-04-21 19:46:19.263,,y
3321,20251018,3500,3572,5914,"1
2","25
45",95,8,2026-04-21 19:46:19.263,,y
3322,20251016,3501,3573,5915,"1
2
3","25
30
25",105,8,2026-04-21 19:46:19.263,,y
3323,20251014,4744,3574,5916,1,20,80,8,2026-04-21 19:46:19.263,,y
3324,20251013,3503,3577,5917,"1
2","30
50",110,8,2026-04-21 19:46:19.263,,y
3325,20251013,3504,3576,5918,"1
2
3
4","25
25
25
25",100,8,2026-04-21 19:46:19.263,,y
3326,20251013,4675,3577,5919,1,120,120,8,2026-04-21 19:46:19.263,,y
3327,20251012,3506,3578,5920,"1
2
3","30
49.9
25",104.9,8,2026-04-21 19:46:19.263,,y
3328,20251009,3507,3579,5921,"1
2","90
20",110,8,2026-04-21 19:46:19.263,,y
3329,20251007,4626,3580,5922,1,90,90,8,2026-04-21 19:46:19.263,,y
3330,20251003,4515,3581,5923,1,48,48,8,2026-04-21 19:46:19.263,,y
3331,20251003,3510,3582,5924,"1
2","20
80",100,8,2026-04-21 19:46:19.264,,y
3332,20250930,3511,3583,5925,"1
2
3
4
5","20
20
20
20
20",100,8,2026-04-21 19:46:19.264,,y
3333,20250930,4926,3584,5926,1,90,90,8,2026-04-21 19:46:19.264,,y
3334,20250930,3513,3585,5927,"1
2","50
30",80,8,2026-04-21 19:46:19.264,,y
3335,20250928,3514,3586,5928,"1
2
3","25
25
49.9",99.9,8,2026-04-21 19:46:19.264,,y
3336,20250927,3515,3587,5929,"1
2
3","30
25
30",85,8,2026-04-21 19:46:19.264,,y
3337,20250925,4720,3730,5930,1,30,30,8,2026-04-21 19:46:19.264,,y
3338,20250924,3517,3589,5931,"1
2","30
30",90,8,2026-04-21 19:46:19.264,,y
3339,20250924,3518,3590,5932,"1
2","46
50",96,8,2026-04-21 19:46:19.264,,y
3340,20250924,4626,3591,5933,1,90,90,8,2026-04-21 19:46:19.264,,y
3341,20250923,3520,3592,5934,"1
2
3","31
31
36",185,0,2026-04-21 19:46:19.264,,y
3342,20250923,4736,3593,5935,1,119,119,8,2026-04-21 19:46:19.265,,y
3343,20250922,4926,3594,5936,1,90,90,8,2026-04-21 19:46:19.265,,y
3344,20250919,4736,3595,5937,1,119,119,8,2026-04-21 19:46:19.265,,y
3345,20250917,3524,3596,5938,"1
2
3","34
30
30",94,8,2026-04-21 19:46:19.265,,y
3346,20250913,4517,3597,5939,1,65,65,8,2026-04-21 19:46:19.265,,y
3347,20250910,4926,3737,5940,1,90,90,8,2026-04-21 19:46:19.265,,y
3348,20250909,4742,3599,5941,1,20,20,8,2026-04-21 19:46:19.265,,y
3349,20250907,4685,3626,5942,1,50,100,8,2026-04-21 19:46:19.265,,y
3350,20250905,3529,3601,5943,"1
2","20
25",65,8,2026-04-21 19:46:19.265,,y
3351,20250904,3530,3602,5944,"1
2","30
58",88,8,2026-04-21 19:46:19.265,,y
3352,20250903,3531,3603,5945,"1
2","34
90",124,8,2026-04-21 19:46:19.265,,y
3353,20250903,3532,3604,5946,"1
2","46
48",94,8,2026-04-21 19:46:19.266,,y
3354,20250901,4675,3643,5947,1,120,120,8,2026-04-21 19:46:19.271,,y
3355,20250901,3534,3606,5948,"1
2
3","25
25
50",100,8,2026-04-21 19:46:19.271,,y
3356,20250901,3535,3607,5949,"1
2
3
4","30
25
25
20",100,8,2026-04-21 19:46:19.271,,y
3357,20250831,4624,3608,5950,1,84,84,8,2026-04-21 19:46:19.271,,y
3358,20250831,4743,3609,5951,1,20,40,8,2026-04-21 19:46:19.271,,y
3359,20250831,4661,3610,5952,1,100,100,8,2026-04-21 19:46:19.271,,y
3360,20250830,3542,3611,5953,1,119,119,8,2026-04-21 19:46:19.271,,y
3361,20250829,3540,3612,5954,"1
2
3","30
35
25",115,8,2026-04-21 19:46:19.271,,y
3362,20250829,3542,3613,5955,1,119,119,8,2026-04-21 19:46:19.271,,y
3363,20250829,3542,3614,5956,1,119,119,8,2026-04-21 19:46:19.271,,y
3364,20250826,3543,3615,5957,"1
2
3","34
30
30",94,8,2026-04-21 19:46:19.271,,y
3365,20250826,4737,3616,5958,1,109,109,8,2026-04-21 19:46:19.271,,y
3366,20250826,4515,3617,5959,1,48,96,8,2026-04-21 19:46:19.272,,y
3367,20250825,4660,3618,5960,1,100,100,8,2026-04-21 19:46:19.272,,y
3368,20250825,3547,3619,5961,"1
2","25
35",85,8,2026-04-21 19:46:19.272,,y
3369,20250824,3548,3620,5962,"1
2","80
20",100,8,2026-04-21 19:46:19.272,,y
3370,20250823,3549,3621,5963,"1
2","45
90",135,8,2026-04-21 19:46:19.272,,y
3371,20250822,4633,3622,5964,1,90,90,8,2026-04-21 19:46:19.272,,y
3372,20250821,3551,3623,5965,1,85,85,8,2026-04-21 19:46:19.272,,y
3373,20250821,4662,3624,5966,1,100,100,8,2026-04-21 19:46:19.272,,y
3374,20250821,4661,3625,5967,1,100,100,8,2026-04-21 19:46:19.272,,y
3375,20250820,4685,3626,5968,1,50,100,8,2026-04-21 19:46:19.272,,y
3376,20250820,3555,3627,5969,"1
2","50
50",100,8,2026-04-21 19:46:19.272,,y
3377,20250820,3556,3628,5970,"1
2","49.9
50",99.9,8,2026-04-21 19:46:19.272,,y
3378,20250820,4626,3629,5971,1,90,90,8,2026-04-21 19:46:19.272,,y
3379,20250820,4662,3630,5972,1,100,100,8,2026-04-21 19:46:19.272,,y
3380,20250820,4662,3631,5973,1,100,100,8,2026-04-21 19:46:19.272,,y
3381,20250820,3560,3632,5974,"1
2","45
30",105,8,2026-04-21 19:46:19.272,,y
3382,20250819,3561,3633,5975,"1
2
3","90
50
15",155,0,2026-04-21 19:46:19.272,,y
3383,20250819,3562,3634,5976,"1
2","25
25",100,8,2026-04-21 19:46:19.272,,y
3384,20250818,3563,3635,5977,"1
2","50
55",105,8,2026-04-21 19:46:19.272,,y
3385,20250818,3564,3636,5978,"1
2
3","34
30
40",104,8,2026-04-21 19:46:19.272,,y
3386,20250818,3565,3637,5979,"1
2","25
49.9",74.9,8,2026-04-21 19:46:19.272,,y
3387,20250818,3566,3839,5980,"1
2","25
70",95,8,2026-04-21 19:46:19.272,,y
3388,20250816,4514,3639,5981,1,49.9,99.8,8,2026-04-21 19:46:19.272,,y
3389,20250813,3568,3640,5982,"1
2","45
50",95,8,2026-04-21 19:46:19.272,,y
3390,20250813,3569,3641,5983,"1
2
3","45
35
20",100,8,2026-04-21 19:46:19.272,,y
3391,20250812,3570,3642,5984,"1
2","40
30",110,8,2026-04-21 19:46:19.272,,y
3392,20250811,4641,3643,5985,1,219,219,0,2026-04-21 19:46:19.273,,y
3393,20250811,4662,3644,6245,1,100,100,8,2026-04-21 19:46:19.273,,y
3394,20250811,3817,3645,5987,"1
2","30
45",75,8,2026-04-21 19:46:19.273,,y
3395,20250810,4608,3699,5988,1,25,25,8,2026-04-21 19:46:19.273,,y
3396,20250809,4676,3647,5989,1,150,150,0,2026-04-21 19:46:19.273,,y
3397,20250809,4695,3648,5990,1,92,92,8,2026-04-21 19:46:19.273,,y
3398,20250807,4514,3649,5991,1,49.9,49.9,8,2026-04-21 19:46:19.273,,y
3399,20250806,3738,3650,5992,1,92,92,8,2026-04-21 19:46:19.273,,y
3400,20250806,3579,3651,5993,"1
2
3","50
34
15",99,8,2026-04-21 19:46:19.273,,y
3401,20250806,3580,3652,5994,"1
2
3","50
18
18",86,8,2026-04-21 19:46:19.273,,y
3402,20250805,3581,3653,5995,"1
2","45
49.9",94.9,8,2026-04-21 19:46:19.273,,y
3403,20250805,3582,3654,5996,"1
2
3","20
35
20",95,8,2026-04-21 19:46:19.273,,y
3404,20250805,3583,3655,5997,"1
2","70
20",90,8,2026-04-21 19:46:19.273,,y
3405,20250804,3584,3656,5998,"1
2
3","34
15
50",99,8,2026-04-21 19:46:19.273,,y
3406,20250804,4626,3657,5999,1,90,90,8,2026-04-21 19:46:19.273,,y
3407,20250804,4633,3658,6000,1,90,90,8,2026-04-21 19:46:19.273,,y
3408,20250804,4624,3659,6001,1,84,84,8,2026-04-21 19:46:19.273,,y
3409,20250804,3588,3660,6002,"1
2","48
30",78,8,2026-04-21 19:46:19.273,,y
3410,20250804,3596,3661,6003,"1
2","100
34",134,8,2026-04-21 19:46:19.273,,y
3411,20250803,3590,3662,6004,"1
2","45
49.9",94.9,8,2026-04-21 19:46:19.273,,y
3412,20250802,3591,3663,6005,"1
2","90
25",115,8,2026-04-21 19:46:19.273,,y
3413,20250801,4662,3664,6006,1,100,100,8,2026-04-21 19:46:19.273,,y
3414,20250728,3593,3665,6007,"1
2","46
45",91,8,2026-04-21 19:46:19.273,,y
3415,20250721,3594,3666,6008,"1
2","58
45",103,8,2026-04-21 19:46:19.273,,y
3416,20250721,3700,3667,6009,"1
2","50
50",100,8,2026-04-21 19:46:19.273,,y
3417,20250718,3596,3668,6010,"1
2","100
34",134,8,2026-04-21 19:46:19.273,,y
3418,20250718,3597,3669,6011,1,86,86,8,2026-04-21 19:46:19.273,,y
3419,20250717,3598,3670,6012,"1
2","48
45",93,8,2026-04-21 19:46:19.273,,y
3420,20250715,4624,3671,6013,1,84,84,8,2026-04-21 19:46:19.273,,y
3421,20250715,4634,3672,6014,1,90,90,8,2026-04-21 19:46:19.273,,y
3422,20250715,4517,3673,6015,1,65,65,8,2026-04-21 19:46:19.273,,y
3423,20250714,4511,3674,6016,1,30,30,8,2026-04-21 19:46:19.273,,y
3424,20250714,4685,3675,6017,1,50,100,8,2026-04-21 19:46:19.273,,y
3425,20250712,3690,3676,6018,1,86,86,8,2026-04-21 19:46:19.273,,y
3426,20250710,3605,3677,6019,"1
2
3","25
35
35",95,8,2026-04-21 19:46:19.273,,y
3427,20250708,4511,3678,6020,1,30,30,8,2026-04-21 19:46:19.273,,y
3428,20250708,3607,3679,6021,"1
2","50
45",95,8,2026-04-21 19:46:19.273,,y
3429,20250708,4511,3680,6022,1,30,30,8,2026-04-21 19:46:19.273,,y
3430,20250707,3609,3681,6023,"1
2","80
34",114,8,2026-04-21 19:46:19.273,,y
3431,20250704,3610,3682,6024,"1
2
3
4
5
6","18
15
15
20
20
20",108,8,2026-04-21 19:46:19.273,,y
3432,20250704,4573,3683,6025,1,90,90,8,2026-04-21 19:46:19.273,,y
3433,20250702,3612,3684,6026,"1
2
3","49.9
34
15",98.9,8,2026-04-21 19:46:19.273,,y
3434,20250701,3613,3685,6027,"1
2","45
50",95,8,2026-04-21 19:46:19.273,,y
3435,20250701,4674,3686,6028,1,120,120,8,2026-04-21 19:46:19.273,,y
3436,20250701,3780,3687,6029,"1
2","50
45",95,8,2026-04-21 19:46:19.273,,y
3437,20250630,3616,3688,6030,"1
2","25
45",95,8,2026-04-21 19:46:19.273,,y
3438,20250625,3768,3689,6031,"1
2","25
25",100,8,2026-04-21 19:46:19.273,,y
3439,20250625,4684,3690,6032,1,50,50,8,2026-04-21 19:46:19.273,,y
3440,20250624,3619,3691,6033,"1
2
3
4","15
15
20
49.9",99.9,8,2026-04-21 19:46:19.273,,y
3441,20250620,3620,3692,6034,"1
2","25
25",100,8,2026-04-21 19:46:19.274,,y
3442,20250620,3621,3693,6035,"1
2
3","35
25
25",110,8,2026-04-21 19:46:19.274,,y
3443,20250619,3622,3694,6036,"1
2
3","35
25
15",100,8,2026-04-21 19:46:19.274,,y
3444,20250618,3623,3695,6037,"1
2","90
15",105,8,2026-04-21 19:46:19.274,,y
3445,20250616,4622,3696,6038,1,25,100,8,2026-04-21 19:46:19.274,,y
3446,20250613,4684,3697,6039,1,50,50,8,2026-04-21 19:46:19.274,,y
3447,20250612,4579,3698,6040,1,90,90,8,2026-04-21 19:46:19.274,,y
3448,20250612,3627,3699,6041,"1
2","35
25",60,8,2026-04-21 19:46:19.274,,y
3449,20250612,3628,3700,6042,1,86,86,8,2026-04-21 19:46:19.274,,y
3450,20250612,3629,3701,6043,"1
2
3
4","25
30
15
25",95,8,2026-04-21 19:46:19.274,,y
3451,20250612,4521,3702,6044,1,34,102,8,2026-04-21 19:46:19.274,,y
3452,20250612,3631,3703,6045,"1
2
3
4","25
25
35
15",100,8,2026-04-21 19:46:19.279,,y
3453,20250612,3632,3704,6046,"1
2
3","34
25
45",104,8,2026-04-21 19:46:19.279,,y
3454,20250611,3690,3705,6047,1,86,86,8,2026-04-21 19:46:19.279,,y
3455,20250611,4579,3706,6048,1,90,90,8,2026-04-21 19:46:19.280,,y
3456,20250611,4511,3707,6049,1,30,30,8,2026-04-21 19:46:19.280,,y
3457,20250609,3636,3708,6050,"1
2","50
50",100,8,2026-04-21 19:46:19.280,,y
3458,20250607,4606,3709,6051,1,25,100,8,2026-04-21 19:46:19.280,,y
3459,20250605,4662,3710,6052,1,129,129,8,2026-04-21 19:46:19.280,,y
3460,20250605,4573,3711,6053,1,90,90,8,2026-04-21 19:46:19.280,,y
3461,20250603,4912,3712,6054,1,92,92,8,2026-04-21 19:46:19.280,,y
3462,20250602,4511,3713,6055,1,30,30,8,2026-04-21 19:46:19.280,,y
3463,20250530,4514,3714,6056,1,49.9,49.9,8,2026-04-21 19:46:19.280,,y
3464,20250530,3643,3715,6057,"1
2
3","50
90
20",160,0,2026-04-21 19:46:19.280,,y
3465,20250530,3738,3716,6058,1,92,92,8,2026-04-21 19:46:19.280,,y
3466,20250529,4514,3741,6059,1,49.9,49.9,8,2026-04-21 19:46:19.280,,y
3467,20250528,3646,3718,6060,"1
2","25
35",60,8,2026-04-21 19:46:19.280,,y
3468,20250526,3676,3719,6061,"1
2","90
25",115,8,2026-04-21 19:46:19.280,,y
3469,20250526,3648,3720,6062,"1
2","65
35",100,8,2026-04-21 19:46:19.280,,y
3470,20250525,4634,3721,6063,1,90,90,8,2026-04-21 19:46:19.280,,y
3471,20250523,4606,3722,6064,1,25,25,8,2026-04-21 19:46:19.280,,y
3472,20250523,4606,3723,6065,1,25,25,8,2026-04-21 19:46:19.280,,y
3473,20250522,4675,3724,6066,1,120,120,8,2026-04-21 19:46:19.280,,y
3474,20250521,3653,3728,6067,1,145,145,0,2026-04-21 19:46:19.280,,y
3475,20250521,3654,3726,6068,"1
2
3","45
25
25",95,8,2026-04-21 19:46:19.280,,y
3476,20250519,4915,3727,6069,1,120,120,8,2026-04-21 19:46:19.280,,y
3477,20250519,4647,3728,6070,1,399,399,0,2026-04-21 19:46:19.280,,y
3478,20250519,3657,3729,6071,"1
2
3
4","50
50
50
25",225,0,2026-04-21 19:46:19.280,,y
3479,20250519,4606,3730,6072,1,25,50,8,2026-04-21 19:46:19.280,,y
3480,20250518,3659,3731,6073,"1
2
3
4
5","25
15
15
20
15",90,8,2026-04-21 19:46:19.280,,y
3481,20250518,4579,3732,6074,1,90,90,8,2026-04-21 19:46:19.280,,y
3482,20250517,3661,3733,6075,"1
2
3","45
25
25",95,8,2026-04-21 19:46:19.280,,y
3483,20250516,4684,3734,6076,1,50,50,8,2026-04-21 19:46:19.280,,y
3484,20250516,4685,3735,6077,1,50,50,8,2026-04-21 19:46:19.281,,y
3485,20250515,3664,3736,6078,"1
2
3
4","45
20
15
15",155,0,2026-04-21 19:46:19.281,,y
3486,20250514,4557,3737,6079,1,0,100,8,2026-04-21 19:46:19.281,,y
3487,20250514,4662,3738,6080,1,29,129,8,2026-04-21 19:46:19.281,,y
3488,20250513,4633,3739,6081,1,90,90,8,2026-04-21 19:46:19.281,,y
3489,20250512,3668,3740,6082,"1
2","49.9
25",74.9,8,2026-04-21 19:46:19.281,,y
3490,20250512,4606,3741,6083,1,25,25,8,2026-04-21 19:46:19.281,,y
3491,20250510,4516,3742,6084,1,45,45,8,2026-04-21 19:46:19.281,,y
3492,20250509,3671,3743,6085,"1
2","45
50",95,8,2026-04-21 19:46:19.281,,y
3493,20250509,4684,3744,6086,1,50,100,8,2026-04-21 19:46:19.281,,y
3494,20250509,4684,3745,6087,1,50,50,8,2026-04-21 19:46:19.281,,y
3495,20250508,4912,3746,6088,1,92,92,8,2026-04-21 19:46:19.281,,y
3496,20250506,3675,3747,6089,"1
2
3","50
35
25",110,8,2026-04-21 19:46:19.281,,y
3497,20250506,3676,3748,6090,"1
2","90
25",115,8,2026-04-21 19:46:19.281,,y
3498,20250505,3677,3749,6091,"1
2
3","34
50
25",109,8,2026-04-21 19:46:19.281,,y
3499,20250505,3678,3750,6092,"1
2
3","45
25
45",115,8,2026-04-21 19:46:19.281,,y
3500,20250503,3679,3751,6093,"1
2","25
49.9",99.9,8,2026-04-21 19:46:19.281,,y
3501,20250430,3680,3752,6094,"1
2","115
35",150,0,2026-04-21 19:46:19.281,,y
3502,20250426,3681,3753,6095,"1
2","50
25",100,8,2026-04-21 19:46:19.281,,y
3503,20250424,3682,3754,6096,"1
2","45
45",90,8,2026-04-21 19:46:19.281,,y
3504,20250424,4626,3755,6097,1,90,90,8,2026-04-21 19:46:19.281,,y
3505,20250424,3684,3756,6098,"1
2","25
35",60,8,2026-04-21 19:46:19.281,,y
3506,20250423,3685,3757,6099,"1
2
3","25
45
15",85,8,2026-04-21 19:46:19.281,,y
3507,20250423,4914,3758,6100,1,92,92,8,2026-04-21 19:46:19.281,,y
3508,20250422,4606,3759,6101,1,25,100,8,2026-04-21 19:46:19.281,,y
3509,20250422,3688,3760,6102,"1
2","45
115",160,0,2026-04-21 19:46:19.281,,y
3510,20250421,3689,3761,6103,"1
2","25
45",95,8,2026-04-21 19:46:19.281,,y
3511,20250417,3690,3762,6104,1,86,86,8,2026-04-21 19:46:19.281,,y
3512,20250417,3691,3763,6105,"1
2","30
65",95,8,2026-04-21 19:46:19.281,,y
3513,20250416,3692,3764,6106,"1
2","25
129",154,0,2026-04-21 19:46:19.281,,y
3514,20250416,3693,3765,6107,"1
2
3","48
25
18",91,8,2026-04-21 19:46:19.281,,y
3515,20250415,4517,3766,6108,1,65,65,8,2026-04-21 19:46:19.281,,y
3516,20250412,3695,3767,6109,"1
2","75
15",120,0,2026-04-21 19:46:19.281,,y
3517,20250411,3709,3768,6110,"1
2","25
50",100,8,2026-04-21 19:46:19.282,,y
3518,20250411,4652,3769,6111,1,86,86,8,2026-04-21 19:46:19.282,,y
3519,20250409,3709,3770,6112,"1
2","25
50",100,8,2026-04-21 19:46:19.282,,y
3520,20250409,3699,3771,6113,"1
2
3
4","65
58
48
48",267,0,2026-04-21 19:46:19.282,,y
3521,20250409,3700,3772,6114,"1
2","50
50",100,8,2026-04-21 19:46:19.282,,y
3522,20250408,3701,3773,6115,"1
2","20
30",80,8,2026-04-21 19:46:19.282,,y
3523,20250403,4684,3774,6116,1,50,50,8,2026-04-21 19:46:19.282,,y
3524,20250402,3722,3775,6117,1,129,129,8,2026-04-21 19:46:19.282,,y
3525,20250402,3704,3776,6118,"1
2","45
50",95,8,2026-04-21 19:46:19.282,,y
3526,20250331,4684,3917,6119,1,50,50,8,2026-04-21 19:46:19.282,,y
3527,20250331,3706,3918,6120,"1
2
3
4","50
25
15
20",110,8,2026-04-21 19:46:19.282,,y
3528,20250331,4684,3919,6121,1,50,50,8,2026-04-21 19:46:19.282,,y
3529,20250330,3708,3780,6122,"1
2
3","50
129
129",308,0,2026-04-21 19:46:19.282,,y
3530,20250330,3709,3781,6123,"1
2","25
50",100,8,2026-04-21 19:46:19.282,,y
3531,20250330,4684,3782,6124,1,50,50,8,2026-04-21 19:46:19.282,,y
3532,20250327,3711,3783,6125,"1
2","86
15",101,8,2026-04-21 19:46:19.282,,y
3533,20250327,3712,3784,6126,"1
2
3
4
5
6
7","16.5
34
30
85
65
115
125",1505,0,2026-04-21 19:46:19.282,,y
3534,20250320,3713,3861,6127,"1
2","35
49.9",84.9,8,2026-04-21 19:46:19.282,,y
3535,20250318,4662,3786,6128,1,129,129,8,2026-04-21 19:46:19.282,,y
3536,20250318,3715,3787,6129,"1
2
3","25
35
45",105,8,2026-04-21 19:46:19.282,,y
3537,20250317,4653,3788,6130,1,129,129,8,2026-04-21 19:46:19.282,,y
3538,20250307,3722,3789,6131,1,129,129,8,2026-04-21 19:46:19.282,,y
3539,20250307,3718,3790,6132,"1
2
3","120
15
15",150,8,2026-04-21 19:46:19.282,,y
3540,20250306,3719,3791,6133,"1
2","129
129",258,0,2026-04-21 19:46:19.282,,y
3541,20250306,4662,3792,6134,1,129,258,0,2026-04-21 19:46:19.282,,y
3542,20250306,4912,3793,6135,1,92,92,8,2026-04-21 19:46:19.282,,y
3543,20250304,3722,3794,6136,1,129,129,8,2026-04-21 19:46:19.282,,y
3544,20250302,4633,3795,6137,1,64,90,8,2026-04-21 19:46:19.282,,y
3545,20250302,3724,3796,6138,1,86,172,0,2026-04-21 19:46:19.282,,y
3546,20250302,3762,3797,6139,"1
2","90
16.5",156,0,2026-04-21 19:46:19.282,,y
3547,20250302,3726,3798,6140,"1
2
3","35
45
50",130,8,2026-04-21 19:46:19.282,,y
3548,20250301,3729,3799,6141,1,129,129,8,2026-04-21 19:46:19.282,,y
3549,20250301,3729,3800,6142,1,129,258,0,2026-04-21 19:46:19.282,,y
3550,20250301,3729,3801,6143,1,129,129,8,2026-04-21 19:46:19.282,,y
3551,20250226,3730,3802,6144,"1
2","50
35",85,8,2026-04-21 19:46:19.282,,y
3552,20250226,4606,3803,6145,1,25,25,8,2026-04-21 19:46:19.282,,y
3553,20250224,4912,3804,6146,1,92,92,8,2026-04-21 19:46:19.282,,y
3554,20250223,4606,3805,6147,1,25,25,8,2026-04-21 19:46:19.283,,y
3555,20250221,3738,3806,6148,1,92,92,8,2026-04-21 19:46:19.283,,y
3556,20250219,3735,3920,6149,"1
2","48
65",113,8,2026-04-21 19:46:19.283,,y
3557,20250219,4830,3921,6150,1,20,20,8,2026-04-21 19:46:19.283,,y
3558,20250218,3737,3809,6151,"1
2
3","34
40
34",108,8,2026-04-21 19:46:19.283,,y
3559,20250215,3738,3810,6152,1,92,92,8,2026-04-21 19:46:19.283,,y
3560,20250215,3772,3811,6153,"1
2","50
50",100,8,2026-04-21 19:46:19.283,,y
3561,20250214,4606,3812,6154,1,25,25,8,2026-04-21 19:46:19.283,,y
3562,20250214,4606,3813,6155,1,25,25,8,2026-04-21 19:46:19.283,,y
3563,20250214,3742,3814,6156,"1
2
3
4","45
15
15
20",95,8,2026-04-21 19:46:19.283,,y
3564,20250213,4622,3815,6157,1,25,25,8,2026-04-21 19:46:19.283,,y
3565,20250213,4604,3816,6158,1,50,50,8,2026-04-21 19:46:19.283,,y
3566,20250213,4622,3817,6159,1,25,25,8,2026-04-21 19:46:19.283,,y
3567,20250213,4604,3818,6160,1,50,50,8,2026-04-21 19:46:19.283,,y
3568,20250213,4604,3819,6161,1,50,50,8,2026-04-21 19:46:19.283,,y
3569,20250213,3748,3820,6162,"1
2","25
25",50,8,2026-04-21 19:46:19.283,,y
3570,20250213,4606,3821,6163,1,25,50,8,2026-04-21 19:46:19.283,,y
3571,20250213,4608,3822,6164,1,25,25,8,2026-04-21 19:46:19.283,,y
3572,20250213,4608,3823,6165,1,25,25,8,2026-04-21 19:46:19.283,,y
3573,20250213,4606,3824,6166,1,25,25,8,2026-04-21 19:46:19.283,,y
3574,20250213,4606,3825,6167,1,25,25,8,2026-04-21 19:46:19.283,,y
3575,20250213,4604,3826,6168,1,50,50,8,2026-04-21 19:46:19.283,,y
3576,20250213,4606,3827,6169,1,25,25,8,2026-04-21 19:46:19.283,,y
3577,20250213,4606,3828,6170,1,25,25,8,2026-04-21 19:46:19.283,,y
3578,20250213,4604,3829,6171,1,50,50,8,2026-04-21 19:46:19.283,,y
3579,20250213,4608,3830,6172,1,25,50,8,2026-04-21 19:46:19.283,,y
3580,20250213,3759,3831,6173,"1
2","85
30",115,8,2026-04-21 19:46:19.283,,y
3581,20250213,4608,3832,6174,1,25,25,8,2026-04-21 19:46:19.283,,y
3582,20250213,4604,3833,6175,1,50,50,8,2026-04-21 19:46:19.283,,y
3583,20250213,3762,3834,6176,"1
2","90
16.5",106.5,8,2026-04-21 19:46:19.283,,y
3584,20250213,4606,3835,6177,1,25,25,8,2026-04-21 19:46:19.283,,y
3585,20250213,4622,3836,6179,1,25,25,8,2026-04-21 19:46:19.283,,y
3586,20250213,3766,3837,6180,1,60,60,8,2026-04-21 19:46:19.283,,y
3587,20250213,4606,3838,6181,1,25,25,8,2026-04-21 19:46:19.283,,y
3588,20250212,3768,3839,6182,"1
2","25
25",50,8,2026-04-21 19:46:19.283,,y
3589,20250212,4606,3840,6183,1,25,25,8,2026-04-21 19:46:19.283,,y
3590,20250212,3770,3841,6184,"1
2
3","20
20
20",150,8,2026-04-21 19:46:19.283,,y
3591,20250212,4604,3842,6185,1,50,50,8,2026-04-21 19:46:19.283,,y
3592,20250212,3772,3843,6186,"1
2","50
50",100,0,2026-04-21 19:46:19.283,,y
3593,20250212,3773,3844,6187,"1
2
3","45
25
25",95,8,2026-04-21 19:46:19.283,,y
3594,20250212,4604,3845,6188,1,50,50,8,2026-04-21 19:46:19.283,,y
3595,20250211,4606,3846,6189,1,25,25,8,2026-04-21 19:46:19.283,,y
3596,20250211,3776,3847,6190,1,50,100,8,2026-04-21 19:46:19.283,,y
3597,20250210,4573,3848,6191,1,90,90,8,2026-04-21 19:46:19.284,,y
3598,20250210,3778,3849,6192,"1
2","92
17",109,8,2026-04-21 19:46:19.284,,y
3599,20250208,3779,3850,6193,"1
2
3","45
34
20",99,8,2026-04-21 19:46:19.284,,y
3600,20250206,3780,3851,6194,"1
2","50
45",95,8,2026-04-21 19:46:19.284,,y
3601,20250206,3781,3852,6195,"1
2","70
35",105,8,2026-04-21 19:46:19.284,,y
3602,20250205,3782,3921,6196,"1
2
3
4","20
20
17
15",72,8,2026-04-21 19:46:19.284,,y
3603,20250204,4511,3854,6197,1,30,30,8,2026-04-21 19:46:19.284,,y
3604,20250203,3784,3855,6198,"1
2
3","20
34
45",99,8,2026-04-21 19:46:19.284,,y
3605,20250129,3785,3856,6199,"1
2","45
45",90,7,2026-04-21 19:46:19.284,,y
3606,20250129,3786,3857,6200,"1
2","70
20",90,7,2026-04-21 19:46:19.284,,y
3607,20250128,3787,3858,6201,"1
2","34
45",79,7,2026-04-21 19:46:19.284,,y
3608,20250125,3788,3859,6202,"1
2
3","20
20
45",105,7,2026-04-21 19:46:19.284,,y
3609,20250124,4573,3860,6203,1,90,90,7,2026-04-21 19:46:19.284,,y
3610,20250124,4574,3861,6204,1,50,100,7,2026-04-21 19:46:19.284,,y
3611,20250120,4573,3862,6205,1,90,90,7,2026-04-21 19:46:19.284,,y
3612,20250120,3792,3863,6206,"1
2
3
4","35
15
20
15",100,7,2026-04-21 19:46:19.284,,y
3613,20250118,4513,3864,6207,1,46,46,7,2026-04-21 19:46:19.284,,y
3614,20250114,4511,3865,6208,1,30,30,7,2026-04-21 19:46:19.284,,y
3615,20250114,4511,3866,6209,1,30,30,7,2026-04-21 19:46:19.284,,y
3616,20250111,4515,3867,6210,1,48,48,7,2026-04-21 19:46:19.284,,y
3617,20250106,3797,3868,6211,1,120,120,7,2026-04-21 19:46:19.284,,y
3618,20250103,4512,3869,6212,1,58,58,7,2026-04-21 19:46:19.284,,y
3619,20241227,4511,3870,6213,1,30,30,7,2026-04-21 19:46:19.284,,y
3620,20241225,4511,3871,6214,1,30,30,7,2026-04-21 19:46:19.284,,y
3621,20241224,3801,3872,6215,1,20,60,7,2026-04-21 19:46:19.284,,y
3622,20241224,3802,3873,6216,"1
2","58
46",104,7,2026-04-21 19:46:19.284,,y
3623,20241223,4511,3874,6217,1,30,30,7,2026-04-21 19:46:19.284,,y
3624,20241210,3804,3875,6218,1,28,28,7,2026-04-21 19:46:19.284,,y
3625,20241125,4514,3876,6219,1,70,70,7,2026-04-21 19:46:19.284,,y
3626,20241123,4511,3877,6220,1,30,30,7,2026-04-21 19:46:19.284,,y
3627,20241107,3807,3878,6221,1,15,45,7,2026-04-21 19:46:19.284,,y
3628,20241107,4514,3879,6222,1,70,70,7,2026-04-21 19:46:19.284,,y
3629,20241002,3809,3880,6223,"1
2","40
30",110,7,2026-04-21 19:46:19.284,,y
3630,20240926,4515,3881,6224,1,48,48,7,2026-04-21 19:46:19.284,,y
3631,20240906,3811,3882,6225,1,180,180,7,2026-04-21 19:46:19.284,,y
3632,20240827,3812,3883,6226,1,55,55,7,2026-04-21 19:46:19.284,,y
3633,20240827,4511,3884,6227,1,30,30,7,2026-04-21 19:46:19.284,,y
3634,20240817,4517,3885,6228,1,65,65,7,2026-04-21 19:46:19.285,,y
3635,20240805,4512,3886,6229,1,58,58,7,2026-04-21 19:46:19.285,,y
3636,20240730,3817,3887,6230,"1
2","30
45",75,7,2026-04-21 19:46:19.285,,y
3637,20240721,3817,3888,6231,"1
2","30
45",75,7,2026-04-21 19:46:19.285,,y
3638,20240704,3818,3889,6232,1,14,14,7,2026-04-21 19:46:19.285,,y
3639,20240630,3819,3890,6233,"1
2
3
4","46
65
30
28",169,7,2026-04-21 19:46:19.285,,y
3640,20240611,4511,3891,6234,1,30,30,7,2026-04-21 19:46:19.285,,y
3641,20240610,4511,3892,6235,1,30,30,7,2026-04-21 19:46:19.285,,y
3642,20240527,3822,3893,6236,"1
2
3","15
15
15",45,7,2026-04-21 19:46:19.285,,y
3643,20240507,4511,3894,6237,1,30,30,7,2026-04-21 19:46:19.285,,y
3644,20240328,4511,3895,6238,1,30,30,7,2026-04-21 19:46:19.285,,y
3645,20240324,3825,3896,6239,"1
2","17
12",29,7,2026-04-21 19:46:19.285,,y
3646,20240318,3826,3897,6240,1,30,30,7,2026-04-21 19:46:19.285,,y
3647,20240313,3827,3898,6241,1,17,34,7,2026-04-21 19:46:19.285,,y
3648,20240220,3828,3899,6242,"1
2
3","6
6
6",18,7,2026-04-21 19:46:19.285,,y
3649,20231230,4511,3900,6243,1,30,30,0,2026-04-21 19:46:19.285,,y
3650,20231206,3830,3901,6244,1,19,19,0,2026-04-21 19:46:19.285,,y
3651,-1,2509,2646,2520,850.0,66.5,20715.926,0,2026-04-21 19:46:19.543,,y
3652,-1,2614,2646,2520,1.0,1500.0,20715.926,1500.0,2026-04-21 19:46:19.544,,y
3653,-1,2515,2646,2522,850.0,66.5,13810.95,0,2026-04-21 19:46:19.544,,y
3654,-1,2614,2646,2522,1.0,1500.0,13810.95,1500.0,2026-04-21 19:46:19.544,,y
3655,-1,2515,2646,2524,850.0,66.5,34525.875,0,2026-04-21 19:46:19.544,,y
3656,-1,2614,2646,2524,1.0,1500.0,34525.875,1500.0,2026-04-21 19:46:19.544,,y
3657,-1,2515,2648,2525,33.0,66.5,2612.455,0,2026-04-21 19:46:19.544,,y
3658,-1,2521,2693,2529,5.0,220.0,3738.5,0,2026-04-21 19:46:19.544,,y
3659,-1,2522,2693,2529,15.0,170.0,3738.5,0,2026-04-21 19:46:19.545,,y
3660,-1,2523,2693,2529,20.0,170.0,3738.5,0,2026-04-21 19:46:19.545,,y
3661,-1,2524,2693,2529,1.0,425.0,3738.5,0,2026-04-21 19:46:19.545,,y
3662,-1,2520,2693,2530,20.0,15.0,301.0,0,2026-04-21 19:46:19.545,,y
3663,-1,2521,2693,2534,5.0,220.0,3738.5,0,2026-04-21 19:46:19.545,,y
3664,-1,2522,2693,2534,15.0,170.0,3738.5,0,2026-04-21 19:46:19.545,,y
3665,-1,2523,2693,2534,20.0,170.0,3738.5,0,2026-04-21 19:46:19.545,,y
3666,-1,2524,2693,2534,1.0,425.0,3738.5,0,2026-04-21 19:46:19.545,,y
3667,-1,4517,2652,2567,1.0,54.62,267.965,0,2026-04-21 19:46:19.545,,y
3668,-1,4512,2652,2567,1.0,48.73,267.965,0,2026-04-21 19:46:19.545,,y
3669,-1,4518,2652,2567,2.0,40.33,267.965,0,2026-04-21 19:46:19.545,,y
3670,-1,2528,2652,2567,1.0,40.33,267.965,0,2026-04-21 19:46:19.545,,y
3671,-1,2529,2695,2539,500.0,100.0,59501.0,0,2026-04-21 19:46:19.546,,y
3672,-1,2530,2696,2540,1500.0,1.19,2125.15,0,2026-04-21 19:46:19.546,,y
3673,-1,2531,2697,2542,20.0,36.0,2047.8,0,2026-04-21 19:46:19.546,,y
3674,-1,2532,2697,2542,20.0,50.0,2047.8,0,2026-04-21 19:46:19.546,,y
3675,-1,2533,2578,2546,3.0,32.0,667.4,0,2026-04-21 19:46:19.546,,y
3676,-1,2534,2578,2546,4.0,32.0,667.4,0,2026-04-21 19:46:19.546,,y
3677,-1,2535,2578,2546,3.0,32.0,667.4,0,2026-04-21 19:46:19.546,,y
3678,-1,2536,2578,2546,5.0,32.0,667.4,0,2026-04-21 19:46:19.546,,y
3679,-1,2537,2578,2550,1.0,168.0,695.96,0,2026-04-21 19:46:19.546,,y
3680,-1,2538,2578,2550,1.0,96.0,695.96,0,2026-04-21 19:46:19.546,,y
3681,-1,2539,2578,2550,1.0,128.0,695.96,0,2026-04-21 19:46:19.547,,y
3682,-1,2540,2578,2550,1.0,160.0,695.96,0,2026-04-21 19:46:19.547,,y
3683,-1,2585,2578,2554,4.0,32.0,648.36,0,2026-04-21 19:46:19.547,,y
3684,-1,2548,2578,2554,5.0,32.0,648.36,0,2026-04-21 19:46:19.547,,y
3685,-1,2585,2578,2554,4.0,32.0,648.36,0,2026-04-21 19:46:19.547,,y
3686,-1,2585,2578,2554,4.0,32.0,648.36,0,2026-04-21 19:46:19.547,,y
3687,-1,2591,2578,2556,7.0,32.0,419.88,0,2026-04-21 19:46:19.547,,y
3688,-1,2592,2578,2556,4.0,32.0,419.88,0,2026-04-21 19:46:19.547,,y
3689,-1,2585,2578,2559,4.0,32.0,496.04,0,2026-04-21 19:46:19.547,,y
3690,-1,2548,2578,2559,5.0,32.0,496.04,0,2026-04-21 19:46:19.547,,y
3691,-1,2585,2578,2559,4.0,32.0,496.04,0,2026-04-21 19:46:19.547,,y
3692,-1,2585,2578,2564,4.0,32.0,628.13,0,2026-04-21 19:46:19.547,,y
3693,-1,2585,2578,2564,4.0,32.0,628.13,0,2026-04-21 19:46:19.547,,y
3694,-1,2585,2578,2564,4.0,32.0,628.13,0,2026-04-21 19:46:19.547,,y
3695,-1,2585,2578,2564,4.0,32.0,628.13,0,2026-04-21 19:46:19.547,,y
3696,-1,2554,2578,2564,1.0,15.0,628.13,0,2026-04-21 19:46:19.547,,y
3697,-1,2555,2578,2567,4.0,32.0,419.88,0,2026-04-21 19:46:19.547,,y
3698,-1,2556,2578,2567,4.0,32.0,419.88,0,2026-04-21 19:46:19.547,,y
3699,-1,2600,2578,2567,3.0,32.0,419.88,0,2026-04-21 19:46:19.547,,y
3700,-1,2611,2578,2572,3.0,32.0,686.44,0,2026-04-21 19:46:19.548,,y
3701,-1,2610,2578,2572,4.0,32.0,686.44,0,2026-04-21 19:46:19.548,,y
3702,-1,2610,2578,2572,4.0,32.0,686.44,0,2026-04-21 19:46:19.548,,y
3703,-1,2610,2578,2572,4.0,32.0,686.44,0,2026-04-21 19:46:19.548,,y
3704,-1,2611,2578,2572,3.0,32.0,686.44,0,2026-04-21 19:46:19.548,,y
3705,-1,2563,2578,2575,1.0,140.0,329.44,0,2026-04-21 19:46:19.548,,y
3706,-1,2611,2578,2575,3.0,32.0,329.44,0,2026-04-21 19:46:19.548,,y
3707,-1,2565,2578,2575,1.0,40.0,329.44,0,2026-04-21 19:46:19.548,,y
3708,-1,2611,2578,2580,3.0,32.0,457.96,0,2026-04-21 19:46:19.548,,y
3709,-1,2601,2578,2580,2.0,32.0,457.96,0,2026-04-21 19:46:19.548,,y
3710,-1,2568,2578,2580,3.0,40.0,457.96,0,2026-04-21 19:46:19.548,,y
3711,-1,2601,2578,2580,2.0,32.0,457.96,0,2026-04-21 19:46:19.548,,y
3712,-1,2570,2578,2580,1.0,40.0,457.96,0,2026-04-21 19:46:19.548,,y
3713,-1,2610,2578,2583,4.0,32.0,381.8,0,2026-04-21 19:46:19.548,,y
3714,-1,2601,2578,2583,2.0,32.0,381.8,0,2026-04-21 19:46:19.548,,y
3715,-1,2610,2578,2583,4.0,32.0,381.8,0,2026-04-21 19:46:19.548,,y
3716,-1,2601,2578,2590,2.0,32.0,576.96,0,2026-04-21 19:46:19.549,,y
3717,-1,2610,2578,2590,4.0,32.0,576.96,0,2026-04-21 19:46:19.549,,y
3718,-1,2610,2578,2590,4.0,32.0,576.96,0,2026-04-21 19:46:19.549,,y
3719,-1,2577,2578,2590,1.0,50.0,576.96,0,2026-04-21 19:46:19.549,,y
3720,-1,2578,2578,2590,1.0,50.0,576.96,0,2026-04-21 19:46:19.549,,y
3721,-1,2579,2578,2590,1.0,32.0,576.96,0,2026-04-21 19:46:19.549,,y
3722,-1,2580,2578,2590,1.0,32.0,576.96,0,2026-04-21 19:46:19.549,,y
3723,-1,2610,2578,2592,4.0,32.0,267.56,0,2026-04-21 19:46:19.549,,y
3724,-1,2611,2578,2592,3.0,32.0,267.56,0,2026-04-21 19:46:19.549,,y
3725,-1,2585,2578,2595,4.0,32.0,419.88,0,2026-04-21 19:46:19.549,,y
3726,-1,2612,2578,2595,3.0,32.0,419.88,0,2026-04-21 19:46:19.549,,y
3727,-1,2585,2578,2595,4.0,32.0,419.88,0,2026-04-21 19:46:19.549,,y
3728,-1,2586,2698,2600,5.0,15.0,720.95,0,2026-04-21 19:46:19.549,,y
3729,-1,2587,2698,2600,5.0,25.0,720.95,0,2026-04-21 19:46:19.549,,y
3730,-1,2588,2698,2600,5.0,30.0,720.95,0,2026-04-21 19:46:19.549,,y
3731,-1,2589,2698,2600,5.0,38.0,720.95,0,2026-04-21 19:46:19.549,,y
3732,-1,2590,2698,2600,5.0,13.0,720.95,0,2026-04-21 19:46:19.549,,y
3733,-1,2591,2603,2602,2.0,32.0,191.4,0,2026-04-21 19:46:19.549,,y
3734,-1,2592,2603,2602,3.0,32.0,191.4,0,2026-04-21 19:46:19.549,,y
3735,-1,2612,2603,2604,3.0,32.0,191.4,0,2026-04-21 19:46:19.549,,y
3736,-1,2597,2603,2604,2.0,32.0,191.4,0,2026-04-21 19:46:19.549,,y
3737,-1,2597,2603,2607,2.0,32.0,267.56,0,2026-04-21 19:46:19.550,,y
3738,-1,2612,2603,2607,3.0,32.0,267.56,0,2026-04-21 19:46:19.550,,y
3739,-1,2597,2603,2607,2.0,32.0,267.56,0,2026-04-21 19:46:19.550,,y
3740,-1,2598,2603,2625,3.0,32.0,305.64,0,2026-04-21 19:46:19.550,,y
3741,-1,2599,2603,2625,2.0,32.0,305.64,0,2026-04-21 19:46:19.550,,y
3742,-1,2600,2603,2625,3.0,32.0,305.64,0,2026-04-21 19:46:19.550,,y
3743,-1,2601,2603,2614,2.0,32.0,361.57,0,2026-04-21 19:46:19.550,,y
3744,-1,2611,2603,2614,3.0,32.0,361.57,0,2026-04-21 19:46:19.550,,y
3745,-1,2610,2603,2614,4.0,32.0,361.57,0,2026-04-21 19:46:19.550,,y
3746,-1,2604,2603,2614,1.0,15.0,361.57,0,2026-04-21 19:46:19.550,,y
3747,-1,2610,2603,2616,4.0,32.0,267.56,0,2026-04-21 19:46:19.550,,y
3748,-1,2611,2603,2616,3.0,32.0,267.56,0,2026-04-21 19:46:19.550,,y
3749,-1,2611,2603,2618,3.0,32.0,229.48,0,2026-04-21 19:46:19.550,,y
3750,-1,2611,2603,2618,3.0,32.0,229.48,0,2026-04-21 19:46:19.550,,y
3751,-1,2609,2603,2619,1.0,32.0,39.08,0,2026-04-21 19:46:19.550,,y
3752,-1,2610,2603,2620,4.0,32.0,153.32,0,2026-04-21 19:46:19.550,,y
3753,-1,2611,2603,2621,3.0,32.0,115.24,0,2026-04-21 19:46:19.550,,y
3754,-1,2612,2603,2622,3.0,32.0,115.24,0,2026-04-21 19:46:19.550,,y
3755,-1,2613,2700,2624,10.0,45.0,471.0,0,2026-04-21 19:46:19.550,,y
3756,-1,2614,2700,2624,1.0,20.0,471.0,20.0,2026-04-21 19:46:19.551,,y
3757,-1,2615,2701,2625,1.0,150.0,179.5,0,2026-04-21 19:46:19.551,,y
3758,-1,2616,244,6367,500.0,29.0,23206.0,0,2026-04-21 19:46:19.551,,y
3759,-1,2617,244,6367,500.0,5.0,23206.0,0,2026-04-21 19:46:19.551,,y
3760,-1,2618,244,6367,500.0,2.0,23206.0,0,2026-04-21 19:46:19.551,,y
3761,-1,2619,244,6367,500.0,2.0,23206.0,0,2026-04-21 19:46:19.551,,y
3762,-1,2620,244,6367,500.0,1.0,23206.0,0,2026-04-21 19:46:19.551,,y
3763,-1,2621,244,2633,450.0,28.15,17365.926,0,2026-04-21 19:46:19.551,,y
3764,-1,2622,244,2633,450.0,2.0,17365.926,0,2026-04-21 19:46:19.551,,y
3765,-1,2623,244,2633,450.0,8.0,17365.926,0,2026-04-21 19:46:19.551,,y
3766,-1,2625,2685,2634,432.0,62.0,31873.96,0,2026-04-21 19:46:19.551,,y
3767,-1,2625,2685,6368,432.0,62.0,16096.35,0,2026-04-21 19:46:19.551,,y
3768,-1,2626,2685,2636,3.0,62.0,222.34,0,2026-04-21 19:46:19.551,,y
3769,-1,2628,2685,2637,1.0,200.0,239.0,0,2026-04-21 19:46:19.551,,y
3770,-1,2628,2685,2638,1.0,200.0,239.0,0,2026-04-21 19:46:19.551,,y
