FactVentePK,dateFK,documentFK,channelFK,customerFK,productFK,price,quantity,remise,total_ht,tva,timbre,total_ttc,startDate,endDate,flag
1,20260102,4601,4,3461,4685,50,2,0,100,0,0,100,2026-04-21 19:46:19.489,,y
2,20251230,4602,4,3462,4667,90,1,0,90,0,0,90,2026-04-21 19:46:19.493,,y
3,20251229,4603,4,3463,4517,65,1,0,153,0,0,153,2026-04-21 19:46:19.493,,y
4,20251229,4603,4,3463,4512,58,1,0,153,0,0,153,2026-04-21 19:46:19.493,,y
5,20251229,4603,4,3463,4608,30,1,0,153,0,0,153,2026-04-21 19:46:19.493,,y
6,20251229,4604,4,3464,4626,90,1,0,90,0,0,90,2026-04-21 19:46:19.493,,y
7,20251229,4605,4,3465,4626,90,1,0,90,0,0,90,2026-04-21 19:46:19.493,,y
8,20251229,4606,4,3466,4685,50,2,0,100,0,0,100,2026-04-21 19:46:19.494,,y
9,20251229,4607,4,3467,4757,30,1,0,105,0,0,105,2026-04-21 19:46:19.494,,y
10,20251229,4607,4,3467,4773,25,1,0,105,0,0,105,2026-04-21 19:46:19.494,,y
11,20251229,4607,4,3467,4775,25,1,0,105,0,0,105,2026-04-21 19:46:19.494,,y
12,20251229,4607,4,3467,4774,25,1,0,105,0,0,105,2026-04-21 19:46:19.494,,y
13,20251228,4608,4,3468,4686,50,1,0,75,0,0,75,2026-04-21 19:46:19.494,,y
14,20251228,4608,4,3468,4776,25,1,0,75,0,0,75,2026-04-21 19:46:19.494,,y
15,20251228,4609,4,3469,4512,58,1,0,58,0,0,58,2026-04-21 19:46:19.495,,y
16,20251228,4610,4,3470,4655,184,1,0,184,0,0,184,2026-04-21 19:46:19.495,,y
17,20251227,4611,4,3471,4685,50,1,0,98,0,0,98,2026-04-21 19:46:19.495,,y
18,20251227,4611,4,3471,4515,48,1,0,98,0,0,98,2026-04-21 19:46:19.495,,y
19,20251227,4612,4,3472,4517,65,1,0,65,0,0,65,2026-04-21 19:46:19.495,,y
20,20251227,4613,4,3674,4511,30,1,0,30,0,0,30,2026-04-21 19:46:19.495,,y
21,20251227,4614,4,3474,4626,90,1,0,124,0,0,124,2026-04-21 19:46:19.495,,y
22,20251227,4614,4,3474,3000,34,1,0,124,0,0,124,2026-04-21 19:46:19.495,,y
23,20251226,4615,4,3475,4626,90,1,0,90,0,0,90,2026-04-21 19:46:19.496,,y
24,20251226,4616,4,3476,4745,20,5,0,100,0,0,100,2026-04-21 19:46:19.496,,y
25,20251226,4617,4,3477,4608,30,4,0,120,0,0,120,2026-04-21 19:46:19.496,,y
26,20251226,4618,4,3478,4685,50,1,0,99.9,0,0,99.9,2026-04-21 19:46:19.496,,y
27,20251226,4618,4,3478,4553,49.9,1,0,99.9,0,0,99.9,2026-04-21 19:46:19.496,,y
28,20251225,4619,4,3480,4626,90,1,0,90,0,0,90,2026-04-21 19:46:19.496,,y
29,20251225,4620,4,3480,4626,90,1,0,90,0,0,90,2026-04-21 19:46:19.497,,y
30,20251225,4621,4,3481,4626,90,1,0,90,0,0,90,2026-04-21 19:46:19.497,,y
31,20251225,4622,4,3482,4666,90,1,0,90,0,0,90,2026-04-21 19:46:19.497,,y
32,20251224,4623,4,3483,4787,20,1,0,75,0,0,75,2026-04-21 19:46:19.497,,y
33,20251224,4623,4,3483,4720,30,1,0,75,0,0,75,2026-04-21 19:46:19.497,,y
34,20251224,4623,4,3483,4773,25,1,0,75,0,0,75,2026-04-21 19:46:19.497,,y
35,20251224,4624,4,3484,4926,90,1,0,90,0,0,90,2026-04-21 19:46:19.497,,y
36,20251224,4625,4,3485,4926,90,1,0,90,0,0,90,2026-04-21 19:46:19.498,,y
37,20251224,4626,4,3486,4926,90,1,0,90,0,0,90,2026-04-21 19:46:19.498,,y
38,20251224,4627,4,3487,4926,90,1,0,90,0,0,90,2026-04-21 19:46:19.498,,y
39,20251224,4628,4,3488,4613,80,1,0,105,0,0,105,2026-04-21 19:46:19.498,,y
40,20251224,4628,4,3488,4766,25,1,0,105,0,0,105,2026-04-21 19:46:19.498,,y
41,20251224,4629,4,3489,4557,100,1,0,150,0,0,150,2026-04-21 19:46:19.498,,y
42,20251224,4629,4,3489,4686,50,1,0,150,0,0,150,2026-04-21 19:46:19.499,,y
43,20251224,4630,4,3490,4775,25,1,0,100,0,0,100,2026-04-21 19:46:19.499,,y
44,20251224,4630,4,3490,4774,25,1,0,100,0,0,100,2026-04-21 19:46:19.499,,y
45,20251224,4630,4,3490,4722,30,1,0,100,0,0,100,2026-04-21 19:46:19.499,,y
46,20251224,4630,4,3490,2975,20,1,0,100,0,0,100,2026-04-21 19:46:19.499,,y
47,20251224,4631,4,3491,4773,25,4,0,100,0,0,100,2026-04-21 19:46:19.499,,y
48,20251224,4632,4,3492,4745,20,1,0,89.9,0,0,89.9,2026-04-21 19:46:19.499,,y
49,20251224,4632,4,3492,4553,49.9,1,0,89.9,0,0,89.9,2026-04-21 19:46:19.500,,y
50,20251224,4632,4,3492,3310,20,1,0,89.9,0,0,89.9,2026-04-21 19:46:19.500,,y
51,20251224,4633,4,3493,4512,58,1,0,58,0,0,58,2026-04-21 19:46:19.500,,y
52,20251224,4634,4,3494,3310,20,1,0,89.9,0,0,89.9,2026-04-21 19:46:19.500,,y
53,20251224,4634,4,3494,4746,20,1,0,89.9,0,0,89.9,2026-04-21 19:46:19.500,,y
54,20251224,4634,4,3494,4553,49.9,1,0,89.9,0,0,89.9,2026-04-21 19:46:19.501,,y
55,20251224,4635,4,3495,4677,150,1,0,150,0,0,150,2026-04-21 19:46:19.501,,y
56,20251223,4636,4,3496,4516,45,1,0,123,0,0,123,2026-04-21 19:46:19.501,,y
57,20251223,4636,4,3496,4515,48,1,0,123,0,0,123,2026-04-21 19:46:19.501,,y
58,20251223,4636,4,3496,4511,30,1,0,123,0,0,123,2026-04-21 19:46:19.501,,y
59,20251222,4637,4,3498,4608,30,1,0,79.9,0,0,79.9,2026-04-21 19:46:19.501,,y
60,20251222,4637,4,3498,4553,49.9,1,0,79.9,0,0,79.9,2026-04-21 19:46:19.502,,y
61,20251222,4638,4,3498,4608,30,1,0,79.9,0,0,79.9,2026-04-21 19:46:19.502,,y
62,20251222,4638,4,3498,4553,49.9,1,0,79.9,0,0,79.9,2026-04-21 19:46:19.502,,y
63,20251222,4639,4,3499,4926,90,1,0,90,0,0,90,2026-04-21 19:46:19.502,,y
64,20251219,4640,4,3500,4926,90,1,0,90,0,0,90,2026-04-21 19:46:19.502,,y
65,20251218,4641,4,3501,4626,90,1,0,90,0,0,90,2026-04-21 19:46:19.502,,y
66,20251217,4642,4,3502,4515,48,1,0,93,0,0,93,2026-04-21 19:46:19.503,,y
67,20251217,4642,4,3502,4516,45,1,0,93,0,0,93,2026-04-21 19:46:19.503,,y
68,20251217,4643,4,3503,4553,49.9,2,0,99.8,0,0,99.8,2026-04-21 19:46:19.503,,y
69,20251217,4644,4,3504,4684,50,1,0,106,0,0,106,2026-04-21 19:46:19.503,,y
70,20251217,4644,4,3504,4782,56,1,0,106,0,0,106,2026-04-21 19:46:19.503,,y
71,20251215,4645,4,3505,4579,90,1,0,90,0,0,90,2026-04-21 19:46:19.503,,y
72,20251214,4646,4,3506,4926,90,1,0,90,0,0,90,2026-04-21 19:46:19.503,,y
73,20251214,4647,4,3507,4608,30,2,0,90,0,0,90,2026-04-21 19:46:19.504,,y
74,20251214,4647,4,3507,4757,30,1,0,90,0,0,90,2026-04-21 19:46:19.504,,y
75,20251213,4648,4,3508,4773,25,1,0,100,0,0,100,2026-04-21 19:46:19.504,,y
76,20251213,4648,4,3508,4776,25,1,0,100,0,0,100,2026-04-21 19:46:19.504,,y
77,20251213,4648,4,3508,4774,25,1,0,100,0,0,100,2026-04-21 19:46:19.504,,y
78,20251213,4648,4,3508,4775,25,1,0,100,0,0,100,2026-04-21 19:46:19.504,,y
79,20251212,4649,4,3509,4613,80,1,0,105,0,0,105,2026-04-21 19:46:19.505,,y
80,20251212,4649,4,3509,4776,25,1,0,105,0,0,105,2026-04-21 19:46:19.505,,y
81,20251212,4650,4,3510,4553,49.9,1,0,89.9,0,0,89.9,2026-04-21 19:46:19.505,,y
82,20251212,4650,4,3510,4744,20,1,0,89.9,0,0,89.9,2026-04-21 19:46:19.505,,y
83,20251212,4650,4,3510,4745,20,1,0,89.9,0,0,89.9,2026-04-21 19:46:19.505,,y
84,20251212,4651,4,3695,4736,119,1,0,119,0,0,119,2026-04-21 19:46:19.505,,y
85,20251211,4652,4,3512,4553,49.9,1,0,108.9,0,0,108.9,2026-04-21 19:46:19.505,,y
86,20251211,4652,4,3512,3000,34,1,0,108.9,0,0,108.9,2026-04-21 19:46:19.506,,y
87,20251211,4652,4,3512,4776,25,1,0,108.9,0,0,108.9,2026-04-21 19:46:19.506,,y
88,20251211,4653,4,3513,4517,65,1,0,90,0,0,90,2026-04-21 19:46:19.506,,y
89,20251211,4653,4,3513,4776,25,1,0,90,0,0,90,2026-04-21 19:46:19.506,,y
90,20251211,4654,4,3514,4736,119,1,0,119,0,0,119,2026-04-21 19:46:19.506,,y
91,20251211,4655,4,3515,4553,49.9,2,0,99.8,0,0,99.8,2026-04-21 19:46:19.507,,y
92,20251211,4656,4,3516,4773,25,1,0,99.9,0,0,99.9,2026-04-21 19:46:19.507,,y
93,20251211,4656,4,3516,4776,25,1,0,99.9,0,0,99.9,2026-04-21 19:46:19.507,,y
94,20251211,4656,4,3516,4553,49.9,1,0,99.9,0,0,99.9,2026-04-21 19:46:19.507,,y
95,20251211,4657,4,3517,4685,50,1,0,99.9,0,0,99.9,2026-04-21 19:46:19.507,,y
96,20251211,4657,4,3517,4553,49.9,1,0,99.9,0,0,99.9,2026-04-21 19:46:19.507,,y
97,20251210,4658,4,3518,4584,80,1,0,80,0,0,80,2026-04-21 19:46:19.508,,y
98,20251210,4659,4,3519,4926,90,1,0,90,0,0,90,2026-04-21 19:46:19.508,,y
99,20251210,4660,4,3520,4926,90,1,0,90,0,0,90,2026-04-21 19:46:19.508,,y
100,20251209,4661,4,3521,4626,90,1,0,90,0,0,90,2026-04-21 19:46:19.508,,y
101,20251209,4662,4,3522,4626,90,1,0,90,0,0,90,2026-04-21 19:46:19.508,,y
102,20251208,4663,4,3523,4608,30,2,0,85,0,0,85,2026-04-21 19:46:19.508,,y
103,20251208,4663,4,3523,4776,25,1,0,85,0,0,85,2026-04-21 19:46:19.509,,y
104,20251205,4664,4,3524,4926,90,1,0,115,0,0,115,2026-04-21 19:46:19.509,,y
105,20251205,4664,4,3524,4773,25,1,0,115,0,0,115,2026-04-21 19:46:19.509,,y
106,20251205,4665,4,3525,4777,119,1,0,119,0,0,119,2026-04-21 19:46:19.509,,y
107,20251204,4666,4,3526,4626,90,1,0,90,0,0,90,2026-04-21 19:46:19.509,,y
108,20251204,4667,4,3527,4927,119,1,0,119,0,0,119,2026-04-21 19:46:19.509,,y
109,20251203,4668,4,3528,4926,90,1,0,90,0,0,90,2026-04-21 19:46:19.509,,y
110,20251202,4669,4,3529,4684,50,1,0,100,0,0,100,2026-04-21 19:46:19.510,,y
111,20251202,4669,4,3529,4745,20,1,0,100,0,0,100,2026-04-21 19:46:19.510,,y
112,20251202,4669,4,3529,4759,30,1,0,100,0,0,100,2026-04-21 19:46:19.510,,y
113,20251201,4670,4,3530,4686,50,1,0,99.9,0,0,99.9,2026-04-21 19:46:19.510,,y
114,20251201,4670,4,3530,4553,49.9,1,0,99.9,0,0,99.9,2026-04-21 19:46:19.510,,y
115,20251201,4671,4,3531,4691,25,1,0,25,0,0,25,2026-04-21 19:46:19.510,,y
116,20251201,4672,4,3532,4736,119,1,0,119,0,0,119,2026-04-21 19:46:19.510,,y
117,20251127,4673,4,3533,4667,90,1,0,90,0,0,90,2026-04-21 19:46:19.511,,y
118,20251125,4674,4,3534,4686,50,1,0,100,0,0,100,2026-04-21 19:46:19.511,,y
119,20251125,4674,4,3534,4773,25,2,0,100,0,0,100,2026-04-21 19:46:19.511,,y
120,20251125,4675,4,3535,3310,20,1,0,85,0,0,85,2026-04-21 19:46:19.511,,y
121,20251125,4675,4,3535,4833,35,1,0,85,0,0,85,2026-04-21 19:46:19.511,,y
122,20251125,4675,4,3535,4511,30,1,0,85,0,0,85,2026-04-21 19:46:19.512,,y
123,20251123,4676,4,3536,4608,30,1,0,90,0,0,90,2026-04-21 19:46:19.512,,y
124,20251123,4676,4,3536,4720,30,1,0,90,0,0,90,2026-04-21 19:46:19.512,,y
125,20251123,4676,4,3536,4722,30,1,0,90,0,0,90,2026-04-21 19:46:19.512,,y
126,20251121,4677,4,3537,3000,34,1,0,124,0,0,124,2026-04-21 19:46:19.512,,y
127,20251121,4677,4,3537,4626,90,1,0,124,0,0,124,2026-04-21 19:46:19.513,,y
128,20251120,4678,4,3538,4584,80,1,0,80,0,0,80,2026-04-21 19:46:19.513,,y
129,20251120,4679,4,3539,4773,25,1,0,84,0,0,84,2026-04-21 19:46:19.513,,y
130,20251120,4679,4,3539,4776,25,1,0,84,0,0,84,2026-04-21 19:46:19.513,,y
131,20251120,4679,4,3539,3000,34,1,0,84,0,0,84,2026-04-21 19:46:19.513,,y
132,20251117,4680,4,3540,3310,20,1,0,104,0,0,104,2026-04-21 19:46:19.513,,y
133,20251117,4680,4,3540,4774,25,1,0,104,0,0,104,2026-04-21 19:46:19.513,,y
134,20251117,4680,4,3540,4773,25,1,0,104,0,0,104,2026-04-21 19:46:19.514,,y
135,20251117,4680,4,3540,3000,34,1,0,104,0,0,104,2026-04-21 19:46:19.514,,y
136,20251117,4681,4,3541,4685,50,2,0,100,0,0,100,2026-04-21 19:46:19.514,,y
137,20251114,4682,4,3542,4553,49.9,1,0,99.9,0,0,99.9,2026-04-21 19:46:19.514,,y
138,20251114,4682,4,3542,4776,25,1,0,99.9,0,0,99.9,2026-04-21 19:46:19.514,,y
139,20251114,4682,4,3542,4773,25,1,0,99.9,0,0,99.9,2026-04-21 19:46:19.514,,y
140,20251114,4683,4,3543,4608,30,1,0,100,0,0,100,2026-04-21 19:46:19.514,,y
141,20251114,4683,4,3543,4766,25,1,0,100,0,0,100,2026-04-21 19:46:19.514,,y
142,20251114,4683,4,3543,4516,45,1,0,100,0,0,100,2026-04-21 19:46:19.515,,y
143,20251114,4684,4,3544,4513,46,1,0,96,0,0,96,2026-04-21 19:46:19.515,,y
144,20251114,4684,4,3544,4726,50,1,0,96,0,0,96,2026-04-21 19:46:19.515,,y
145,20251112,4685,4,3545,4776,25,1,0,80,0,0,80,2026-04-21 19:46:19.515,,y
146,20251112,4685,4,3545,4721,30,1,0,80,0,0,80,2026-04-21 19:46:19.515,,y
147,20251112,4685,4,3545,4773,25,1,0,80,0,0,80,2026-04-21 19:46:19.515,,y
148,20251111,4686,4,3546,4608,30,1,0,115,0,0,115,2026-04-21 19:46:19.515,,y
149,20251111,4686,4,3546,4776,25,1,0,115,0,0,115,2026-04-21 19:46:19.515,,y
150,20251111,4686,4,3546,4721,30,2,0,115,0,0,115,2026-04-21 19:46:19.516,,y
151,20251110,4687,4,3547,4744,20,5,0,100,0,0,100,2026-04-21 19:46:19.516,,y
152,20251108,4688,4,3548,4782,56,1,0,106,0,0,106,2026-04-21 19:46:19.516,,y
153,20251108,4688,4,3548,4684,50,1,0,106,0,0,106,2026-04-21 19:46:19.516,,y
154,20251106,4689,4,3549,4553,49.9,1,0,99.9,0,0,99.9,2026-04-21 19:46:19.516,,y
155,20251106,4689,4,3549,4684,50,1,0,99.9,0,0,99.9,2026-04-21 19:46:19.516,,y
156,20251106,4690,4,3550,4685,50,1,0,105,0,0,105,2026-04-21 19:46:19.516,,y
157,20251106,4690,4,3550,4774,25,1,0,105,0,0,105,2026-04-21 19:46:19.516,,y
158,20251106,4690,4,3550,4608,30,1,0,105,0,0,105,2026-04-21 19:46:19.516,,y
159,20251104,4691,4,3551,4553,49.9,1,0,99.8,0,0,99.8,2026-04-21 19:46:19.516,,y
160,20251104,4691,4,3551,4554,49.9,1,0,99.8,0,0,99.8,2026-04-21 19:46:19.517,,y
161,20251104,4692,4,3552,4626,90,1,0,90,0,0,90,2026-04-21 19:46:19.517,,y
162,20251102,4693,4,3553,4512,58,1,0,58,0,0,58,2026-04-21 19:46:19.517,,y
163,20251031,4694,4,3554,4584,80,1,0,105,0,0,105,2026-04-21 19:46:19.517,,y
164,20251031,4694,4,3554,4776,25,1,0,105,0,0,105,2026-04-21 19:46:19.517,,y
165,20251031,4695,4,3555,4926,90,1,0,90,0,0,90,2026-04-21 19:46:19.517,,y
166,20251031,4696,4,3556,4742,20,1,0,110,0,0,110,2026-04-21 19:46:19.517,,y
167,20251031,4696,4,3556,4745,20,1,0,110,0,0,110,2026-04-21 19:46:19.517,,y
168,20251031,4696,4,3556,3310,20,1,0,110,0,0,110,2026-04-21 19:46:19.517,,y
169,20251031,4696,4,3556,4776,25,1,0,110,0,0,110,2026-04-21 19:46:19.518,,y
170,20251031,4696,4,3556,4773,25,1,0,110,0,0,110,2026-04-21 19:46:19.518,,y
171,20251030,4697,4,3557,4665,90,1,0,90,0,0,90,2026-04-21 19:46:19.518,,y
172,20251030,4698,4,3558,4736,119,1,0,119,0,0,119,2026-04-21 19:46:19.518,,y
173,20251029,4699,4,3559,4584,80,1,0,80,0,0,80,2026-04-21 19:46:19.518,,y
174,20251028,4700,4,3560,3310,20,1,0,99,0,0,99,2026-04-21 19:46:19.518,,y
175,20251028,4700,4,3560,4746,20,1,0,99,0,0,99,2026-04-21 19:46:19.520,,y
176,20251028,4700,4,3560,4776,25,1,0,99,0,0,99,2026-04-21 19:46:19.520,,y
177,20251028,4700,4,3560,3000,34,1,0,99,0,0,99,2026-04-21 19:46:19.521,,y
178,20251028,4701,4,3561,4777,119,1,0,119,0,0,119,2026-04-21 19:46:19.521,,y
179,20251025,4702,4,3562,4685,50,2,0,100,0,0,100,2026-04-21 19:46:19.521,,y
180,20251023,4703,4,3563,4773,25,1,0,110,0,0,110,2026-04-21 19:46:19.521,,y
181,20251023,4703,4,3563,4776,25,1,0,110,0,0,110,2026-04-21 19:46:19.521,,y
182,20251023,4703,4,3563,4608,30,1,0,110,0,0,110,2026-04-21 19:46:19.521,,y
183,20251023,4703,4,3563,4721,30,1,0,110,0,0,110,2026-04-21 19:46:19.521,,y
184,20251022,4704,4,3564,4773,25,1,0,25,0,0,25,2026-04-21 19:46:19.522,,y
185,20251022,4705,4,3565,4731,60,1,0,110,0,0,110,2026-04-21 19:46:19.522,,y
186,20251022,4705,4,3565,4685,50,1,0,110,0,0,110,2026-04-21 19:46:19.522,,y
187,20251020,4706,4,3566,4776,25,1,0,100,0,0,100,2026-04-21 19:46:19.523,,y
188,20251020,4706,4,3566,4773,25,2,0,100,0,0,100,2026-04-21 19:46:19.523,,y
189,20251020,4706,4,3566,4775,25,1,0,100,0,0,100,2026-04-21 19:46:19.523,,y
190,20251020,4707,4,3567,4554,49.9,1,0,99.9,0,0,99.9,2026-04-21 19:46:19.524,,y
191,20251020,4707,4,3567,4685,50,1,0,99.9,0,0,99.9,2026-04-21 19:46:19.524,,y
192,20251020,4708,4,3568,2975,20,2,0,90,0,0,90,2026-04-21 19:46:19.525,,y
193,20251020,4708,4,3568,4752,25,2,0,90,0,0,90,2026-04-21 19:46:19.525,,y
194,20251020,4709,4,3569,4926,90,1,0,90,0,0,90,2026-04-21 19:46:19.525,,y
195,20251020,4710,4,3570,4608,30,1,0,105,0,0,105,2026-04-21 19:46:19.525,,y
196,20251020,4710,4,3570,4773,25,1,0,105,0,0,105,2026-04-21 19:46:19.525,,y
197,20251020,4710,4,3570,4719,30,1,0,105,0,0,105,2026-04-21 19:46:19.525,,y
198,20251020,4710,4,3570,4744,20,1,0,105,0,0,105,2026-04-21 19:46:19.525,,y
199,20251020,4711,4,3571,4626,90,1,0,90,0,0,90,2026-04-21 19:46:19.526,,y
200,20251018,4712,4,3572,4773,25,2,0,95,0,0,95,2026-04-21 19:46:19.526,,y
201,20251018,4712,4,3572,4516,45,1,0,95,0,0,95,2026-04-21 19:46:19.526,,y
202,20251016,4713,4,3573,4773,25,2,0,105,0,0,105,2026-04-21 19:46:19.526,,y
203,20251016,4713,4,3573,4719,30,1,0,105,0,0,105,2026-04-21 19:46:19.526,,y
204,20251016,4713,4,3573,4776,25,1,0,105,0,0,105,2026-04-21 19:46:19.526,,y
205,20251014,4714,4,3574,4744,20,4,0,80,0,0,80,2026-04-21 19:46:19.526,,y
206,20251013,4715,4,3577,4608,30,2,0,110,0,0,110,2026-04-21 19:46:19.526,,y
207,20251013,4715,4,3577,4685,50,1,0,110,0,0,110,2026-04-21 19:46:19.527,,y
208,20251013,4716,4,3576,4776,25,1,0,100,0,0,100,2026-04-21 19:46:19.527,,y
209,20251013,4716,4,3576,4775,25,1,0,100,0,0,100,2026-04-21 19:46:19.527,,y
210,20251013,4716,4,3576,4774,25,1,0,100,0,0,100,2026-04-21 19:46:19.527,,y
211,20251013,4716,4,3576,4773,25,1,0,100,0,0,100,2026-04-21 19:46:19.527,,y
212,20251013,4717,4,3577,4675,120,1,0,120,0,0,120,2026-04-21 19:46:19.527,,y
213,20251012,4718,4,3578,4721,30,1,0,104.9,0,0,104.9,2026-04-21 19:46:19.527,,y
214,20251012,4718,4,3578,4554,49.9,1,0,104.9,0,0,104.9,2026-04-21 19:46:19.527,,y
215,20251012,4718,4,3578,4774,25,1,0,104.9,0,0,104.9,2026-04-21 19:46:19.528,,y
216,20251009,4719,4,3579,4926,90,1,0,110,0,0,110,2026-04-21 19:46:19.528,,y
217,20251009,4719,4,3579,4743,20,1,0,110,0,0,110,2026-04-21 19:46:19.528,,y
218,20251007,4720,4,3580,4626,90,1,0,90,0,0,90,2026-04-21 19:46:19.528,,y
219,20251003,4721,4,3581,4515,48,1,0,48,0,0,48,2026-04-21 19:46:19.528,,y
220,20251003,4722,4,3582,4746,20,1,0,100,0,0,100,2026-04-21 19:46:19.528,,y
221,20251003,4722,4,3582,4584,80,1,0,100,0,0,100,2026-04-21 19:46:19.528,,y
222,20250930,4723,4,3583,4743,20,1,0,100,0,0,100,2026-04-21 19:46:19.528,,y
223,20250930,4723,4,3583,4742,20,1,0,100,0,0,100,2026-04-21 19:46:19.528,,y
224,20250930,4723,4,3583,4744,20,1,0,100,0,0,100,2026-04-21 19:46:19.528,,y
225,20250930,4723,4,3583,4745,20,1,0,100,0,0,100,2026-04-21 19:46:19.529,,y
226,20250930,4723,4,3583,4746,20,1,0,100,0,0,100,2026-04-21 19:46:19.529,,y
227,20250930,4724,4,3584,4926,90,1,0,90,0,0,90,2026-04-21 19:46:19.529,,y
228,20250930,4725,4,3585,4684,50,1,0,80,0,0,80,2026-04-21 19:46:19.529,,y
229,20250930,4725,4,3585,4759,30,1,0,80,0,0,80,2026-04-21 19:46:19.529,,y
230,20250928,4726,4,3586,4775,25,1,0,99.9,0,0,99.9,2026-04-21 19:46:19.529,,y
231,20250928,4726,4,3586,4773,25,1,0,99.9,0,0,99.9,2026-04-21 19:46:19.529,,y
232,20250928,4726,4,3586,4554,49.9,1,0,99.9,0,0,99.9,2026-04-21 19:46:19.529,,y
233,20250927,4727,4,3587,4608,30,1,0,85,0,0,85,2026-04-21 19:46:19.529,,y
234,20250927,4727,4,3587,4776,25,1,0,85,0,0,85,2026-04-21 19:46:19.529,,y
235,20250927,4727,4,3587,4722,30,1,0,85,0,0,85,2026-04-21 19:46:19.529,,y
236,20250925,4728,4,3730,4720,30,1,0,30,0,0,30,2026-04-21 19:46:19.530,,y
237,20250924,4729,4,3589,4608,30,2,0,90,0,0,90,2026-04-21 19:46:19.530,,y
238,20250924,4729,4,3589,4719,30,1,0,90,0,0,90,2026-04-21 19:46:19.530,,y
239,20250924,4730,4,3590,4513,46,1,0,96,0,0,96,2026-04-21 19:46:19.530,,y
240,20250924,4730,4,3590,4686,50,1,0,96,0,0,96,2026-04-21 19:46:19.530,,y
241,20250924,4731,4,3591,4626,90,1,0,90,0,0,90,2026-04-21 19:46:19.530,,y
242,20250923,4732,4,3592,2870,31,1,20,185,0,0,185,2026-04-21 19:46:19.530,,y
243,20250923,4732,4,3592,2871,31,2,0,185,0,0,185,2026-04-21 19:46:19.530,,y
244,20250923,4732,4,3592,2872,36,2,0,185,0,0,185,2026-04-21 19:46:19.530,,y
245,20250923,4733,4,3593,4736,119,1,0,119,0,0,119,2026-04-21 19:46:19.530,,y
246,20250922,4734,4,3594,4926,90,1,0,90,0,0,90,2026-04-21 19:46:19.531,,y
247,20250919,4735,4,3595,4736,119,1,0,119,0,0,119,2026-04-21 19:46:19.531,,y
248,20250917,4736,4,3596,3000,34,1,0,94,0,0,94,2026-04-21 19:46:19.531,,y
249,20250917,4736,4,3596,4511,30,1,0,94,0,0,94,2026-04-21 19:46:19.531,,y
250,20250917,4736,4,3596,4608,30,1,0,94,0,0,94,2026-04-21 19:46:19.531,,y
251,20250913,4737,4,3597,4517,65,1,0,65,0,0,65,2026-04-21 19:46:19.531,,y
252,20250910,4738,4,3737,4926,90,1,0,90,0,0,90,2026-04-21 19:46:19.531,,y
253,20250909,4739,4,3599,4742,20,1,0,20,0,0,20,2026-04-21 19:46:19.531,,y
254,20250907,4740,4,3626,4685,50,2,0,100,0,0,100,2026-04-21 19:46:19.531,,y
255,20250905,4741,4,3601,3310,20,2,0,65,0,0,65,2026-04-21 19:46:19.531,,y
256,20250905,4741,4,3601,4691,25,1,0,65,0,0,65,2026-04-21 19:46:19.532,,y
257,20250904,4742,4,3602,4511,30,1,0,88,0,0,88,2026-04-21 19:46:19.532,,y
258,20250904,4742,4,3602,4512,58,1,0,88,0,0,88,2026-04-21 19:46:19.532,,y
259,20250903,4743,4,3603,3000,34,1,0,124,0,0,124,2026-04-21 19:46:19.532,,y
260,20250903,4743,4,3603,4626,90,1,0,124,0,0,124,2026-04-21 19:46:19.532,,y
261,20250903,4744,4,3604,4513,46,1,0,94,0,0,94,2026-04-21 19:46:19.532,,y
262,20250903,4744,4,3604,4518,48,1,0,94,0,0,94,2026-04-21 19:46:19.532,,y
263,20250901,4745,4,3643,4675,120,1,0,120,0,0,120,2026-04-21 19:46:19.532,,y
264,20250901,4746,4,3606,4774,25,1,0,100,0,0,100,2026-04-21 19:46:19.532,,y
265,20250901,4746,4,3606,4775,25,1,0,100,0,0,100,2026-04-21 19:46:19.532,,y
266,20250901,4746,4,3606,4604,50,1,0,100,0,0,100,2026-04-21 19:46:19.532,,y
267,20250901,4747,4,3607,4608,30,1,0,100,0,0,100,2026-04-21 19:46:19.533,,y
268,20250901,4747,4,3607,4773,25,1,0,100,0,0,100,2026-04-21 19:46:19.533,,y
269,20250901,4747,4,3607,4776,25,1,0,100,0,0,100,2026-04-21 19:46:19.533,,y
270,20250901,4747,4,3607,4587,20,1,0,100,0,0,100,2026-04-21 19:46:19.533,,y
271,20250831,4748,4,3608,4624,84,1,0,84,0,0,84,2026-04-21 19:46:19.533,,y
272,20250831,4749,4,3609,4743,20,2,0,40,0,0,40,2026-04-21 19:46:19.533,,y
273,20250831,4750,4,3610,4661,100,1,0,100,0,0,100,2026-04-21 19:46:19.533,,y
274,20250830,4751,4,3611,3542,119,1,0,119,0,0,119,2026-04-21 19:46:19.533,,y
275,20250829,4752,4,3612,4608,30,1,0,115,0,0,115,2026-04-21 19:46:19.533,,y
276,20250829,4752,4,3612,4833,35,1,0,115,0,0,115,2026-04-21 19:46:19.533,,y
277,20250829,4752,4,3612,4773,25,2,0,115,0,0,115,2026-04-21 19:46:19.534,,y
278,20250829,4753,4,3613,3542,119,1,0,119,0,0,119,2026-04-21 19:46:19.534,,y
279,20250829,4754,4,3614,3542,119,1,0,119,0,0,119,2026-04-21 19:46:19.534,,y
280,20250826,4755,4,3615,3000,34,1,0,94,0,0,94,2026-04-21 19:46:19.534,,y
281,20250826,4755,4,3615,4720,30,1,0,94,0,0,94,2026-04-21 19:46:19.534,,y
282,20250826,4755,4,3615,4721,30,1,0,94,0,0,94,2026-04-21 19:46:19.534,,y
283,20250826,4756,4,3616,4737,109,1,0,109,0,0,109,2026-04-21 19:46:19.534,,y
284,20250826,4757,4,3617,4515,48,2,0,96,0,0,96,2026-04-21 19:46:19.534,,y
285,20250825,4758,4,3618,4660,100,1,0,100,0,0,100,2026-04-21 19:46:19.534,,y
286,20250825,4759,4,3619,4833,25,2,0,85,0,0,85,2026-04-21 19:46:19.534,,y
287,20250825,4759,4,3619,4591,35,1,0,85,0,0,85,2026-04-21 19:46:19.534,,y
288,20250824,4760,4,3620,4667,80,1,0,100,0,0,100,2026-04-21 19:46:19.534,,y
289,20250824,4760,4,3620,3310,20,1,0,100,0,0,100,2026-04-21 19:46:19.535,,y
290,20250823,4761,4,3621,4576,45,1,0,135,0,0,135,2026-04-21 19:46:19.535,,y
291,20250823,4761,4,3621,4573,90,1,0,135,0,0,135,2026-04-21 19:46:19.535,,y
292,20250822,4762,4,3622,4633,90,1,0,90,0,0,90,2026-04-21 19:46:19.535,,y
293,20250821,4763,4,3623,3551,85,1,0,85,0,0,85,2026-04-21 19:46:19.535,,y
294,20250821,4764,4,3624,4662,100,1,0,100,0,0,100,2026-04-21 19:46:19.535,,y
295,20250821,4765,4,3625,4661,100,1,0,100,0,0,100,2026-04-21 19:46:19.535,,y
296,20250820,4766,4,3626,4685,50,2,0,100,0,0,100,2026-04-21 19:46:19.535,,y
297,20250820,4767,4,3627,4685,50,1,0,100,0,0,100,2026-04-21 19:46:19.535,,y
298,20250820,4767,4,3627,4574,50,1,0,100,0,0,100,2026-04-21 19:46:19.535,,y
299,20250820,4768,4,3628,4514,49.9,1,0,99.9,0,0,99.9,2026-04-21 19:46:19.535,,y
300,20250820,4768,4,3628,4610,50,1,0,99.9,0,0,99.9,2026-04-21 19:46:19.535,,y
301,20250820,4769,4,3629,4626,90,1,0,90,0,0,90,2026-04-21 19:46:19.535,,y
302,20250820,4770,4,3630,4662,100,1,0,100,0,0,100,2026-04-21 19:46:19.535,,y
303,20250820,4771,4,3631,4662,100,1,0,100,0,0,100,2026-04-21 19:46:19.535,,y
304,20250820,4772,4,3632,4523,45,1,0,105,0,0,105,2026-04-21 19:46:19.535,,y
305,20250820,4772,4,3632,4822,30,2,0,105,0,0,105,2026-04-21 19:46:19.535,,y
306,20250819,4773,4,3633,4616,90,1,0,155,0,0,155,2026-04-21 19:46:19.536,,y
307,20250819,4773,4,3633,4685,50,1,0,155,0,0,155,2026-04-21 19:46:19.536,,y
308,20250819,4773,4,3633,4543,15,1,0,155,0,0,155,2026-04-21 19:46:19.536,,y
309,20250819,4774,4,3634,4622,25,1,0,100,0,0,100,2026-04-21 19:46:19.536,,y
310,20250819,4774,4,3634,4606,25,3,0,100,0,0,100,2026-04-21 19:46:19.536,,y
311,20250818,4775,4,3635,4685,50,1,0,105,0,0,105,2026-04-21 19:46:19.536,,y
312,20250818,4775,4,3635,4670,55,1,0,105,0,0,105,2026-04-21 19:46:19.536,,y
313,20250818,4776,4,3636,4524,34,1,0,104,0,0,104,2026-04-21 19:46:19.536,,y
314,20250818,4776,4,3636,4822,30,1,0,104,0,0,104,2026-04-21 19:46:19.536,,y
315,20250818,4776,4,3636,4522,40,1,0,104,0,0,104,2026-04-21 19:46:19.536,,y
316,20250818,4777,4,3637,4606,25,1,0,74.9,0,0,74.9,2026-04-21 19:46:19.536,,y
317,20250818,4777,4,3637,4554,49.9,1,0,74.9,0,0,74.9,2026-04-21 19:46:19.536,,y
318,20250818,4778,4,3839,4606,25,1,0,95,0,0,95,2026-04-21 19:46:19.536,,y
319,20250818,4778,4,3839,2947,70,1,0,95,0,0,95,2026-04-21 19:46:19.536,,y
320,20250816,4779,4,3639,4514,49.9,2,0,99.8,0,0,99.8,2026-04-21 19:46:19.536,,y
321,20250813,4780,4,3640,4577,45,1,0,95,0,0,95,2026-04-21 19:46:19.536,,y
322,20250813,4780,4,3640,4604,50,1,0,95,0,0,95,2026-04-21 19:46:19.536,,y
323,20250813,4781,4,3641,4577,45,1,0,100,0,0,100,2026-04-21 19:46:19.536,,y
324,20250813,4781,4,3641,4578,35,1,0,100,0,0,100,2026-04-21 19:46:19.536,,y
325,20250813,4781,4,3641,4699,20,1,0,100,0,0,100,2026-04-21 19:46:19.537,,y
326,20250812,4782,4,3642,4522,40,2,0,110,0,0,110,2026-04-21 19:46:19.537,,y
327,20250812,4782,4,3642,4822,30,1,0,110,0,0,110,2026-04-21 19:46:19.537,,y
328,20250811,4783,4,3643,4641,219,1,0,219,0,0,219,2026-04-21 19:46:19.537,,y
329,20250811,4784,4,3644,4662,100,1,0,100,0,0,100,2026-04-21 19:46:19.537,,y
330,20250811,4785,4,3645,4511,30,1,0,75,0,0,75,2026-04-21 19:46:19.537,,y
331,20250811,4785,4,3645,4516,45,1,0,75,0,0,75,2026-04-21 19:46:19.537,,y
332,20250810,4786,4,3699,4608,25,1,0,25,0,0,25,2026-04-21 19:46:19.537,,y
333,20250809,4787,4,3647,4676,150,1,0,150,0,0,150,2026-04-21 19:46:19.537,,y
334,20250809,4788,4,3648,4695,92,1,0,92,0,0,92,2026-04-21 19:46:19.537,,y
335,20250807,4789,4,3649,4514,49.9,1,0,49.9,0,0,49.9,2026-04-21 19:46:19.537,,y
336,20250806,4790,4,3650,3738,92,1,0,92,0,0,92,2026-04-21 19:46:19.537,,y
337,20250806,4791,4,3651,4604,50,1,0,99,0,0,99,2026-04-21 19:46:19.537,,y
338,20250806,4791,4,3651,4521,34,1,0,99,0,0,99,2026-04-21 19:46:19.537,,y
339,20250806,4791,4,3651,4703,15,1,0,99,0,0,99,2026-04-21 19:46:19.537,,y
340,20250806,4792,4,3652,4604,50,1,0,86,0,0,86,2026-04-21 19:46:19.537,,y
341,20250806,4792,4,3652,4823,18,1,0,86,0,0,86,2026-04-21 19:46:19.537,,y
342,20250806,4792,4,3652,4711,18,1,0,86,0,0,86,2026-04-21 19:46:19.537,,y
343,20250805,4793,4,3653,4577,45,1,0,94.9,0,0,94.9,2026-04-21 19:46:19.537,,y
344,20250805,4793,4,3653,4553,49.9,1,0,94.9,0,0,94.9,2026-04-21 19:46:19.538,,y
345,20250805,4794,4,3654,4707,20,1,0,95,0,0,95,2026-04-21 19:46:19.538,,y
346,20250805,4794,4,3654,4610,35,1,0,95,0,0,95,2026-04-21 19:46:19.538,,y
347,20250805,4794,4,3654,2975,20,2,0,95,0,0,95,2026-04-21 19:46:19.538,,y
348,20250805,4795,4,3655,3628,70,1,0,90,0,0,90,2026-04-21 19:46:19.538,,y
349,20250805,4795,4,3655,3310,20,1,0,90,0,0,90,2026-04-21 19:46:19.538,,y
350,20250804,4796,4,3656,4521,34,1,0,99,0,0,99,2026-04-21 19:46:19.538,,y
351,20250804,4796,4,3656,4543,15,1,0,99,0,0,99,2026-04-21 19:46:19.538,,y
352,20250804,4796,4,3656,4685,50,1,0,99,0,0,99,2026-04-21 19:46:19.538,,y
353,20250804,4797,4,3657,4626,90,1,0,90,0,0,90,2026-04-21 19:46:19.538,,y
354,20250804,4798,4,3658,4633,90,1,0,90,0,0,90,2026-04-21 19:46:19.538,,y
355,20250804,4799,4,3659,4624,84,1,0,84,0,0,84,2026-04-21 19:46:19.538,,y
356,20250804,4800,4,3660,4515,48,1,0,78,0,0,78,2026-04-21 19:46:19.538,,y
357,20250804,4800,4,3660,4511,30,1,0,78,0,0,78,2026-04-21 19:46:19.538,,y
358,20250804,4801,4,3661,4662,100,1,0,134,0,0,134,2026-04-21 19:46:19.538,,y
359,20250804,4801,4,3661,3000,34,1,0,134,0,0,134,2026-04-21 19:46:19.538,,y
360,20250803,4802,4,3662,4576,45,1,0,94.9,0,0,94.9,2026-04-21 19:46:19.538,,y
361,20250803,4802,4,3662,4554,49.9,1,0,94.9,0,0,94.9,2026-04-21 19:46:19.538,,y
362,20250802,4803,4,3663,4633,90,1,0,115,0,0,115,2026-04-21 19:46:19.539,,y
363,20250802,4803,4,3663,4608,25,1,0,115,0,0,115,2026-04-21 19:46:19.539,,y
364,20250801,4804,4,3664,4662,100,1,0,100,0,0,100,2026-04-21 19:46:19.539,,y
365,20250728,4805,4,3665,4513,46,1,0,91,0,0,91,2026-04-21 19:46:19.539,,y
366,20250728,4805,4,3665,4516,45,1,0,91,0,0,91,2026-04-21 19:46:19.539,,y
367,20250721,4806,4,3666,4512,58,1,0,103,0,0,103,2026-04-21 19:46:19.539,,y
368,20250721,4806,4,3666,4516,45,1,0,103,0,0,103,2026-04-21 19:46:19.539,,y
369,20250721,4807,4,3667,4574,50,1,0,100,0,0,100,2026-04-21 19:46:19.539,,y
370,20250721,4807,4,3667,4604,50,1,0,100,0,0,100,2026-04-21 19:46:19.539,,y
371,20250718,4808,4,3668,4662,100,1,0,134,0,0,134,2026-04-21 19:46:19.539,,y
372,20250718,4808,4,3668,3000,34,1,0,134,0,0,134,2026-04-21 19:46:19.539,,y
373,20250718,4809,4,3669,3597,86,1,0,86,0,0,86,2026-04-21 19:46:19.539,,y
374,20250717,4810,4,3670,4518,48,1,0,93,0,0,93,2026-04-21 19:46:19.539,,y
375,20250717,4810,4,3670,4516,45,1,0,93,0,0,93,2026-04-21 19:46:19.539,,y
376,20250715,4811,4,3671,4624,84,1,0,84,0,0,84,2026-04-21 19:46:19.540,,y
377,20250715,4812,4,3672,4634,90,1,0,90,0,0,90,2026-04-21 19:46:19.540,,y
378,20250715,4813,4,3673,4517,65,1,0,65,0,0,65,2026-04-21 19:46:19.540,,y
379,20250714,4814,4,3674,4511,30,1,0,30,0,0,30,2026-04-21 19:46:19.540,,y
380,20250714,4815,4,3675,4685,50,2,0,100,0,0,100,2026-04-21 19:46:19.540,,y
381,20250712,4816,4,3676,3690,86,1,0,86,0,0,86,2026-04-21 19:46:19.540,,y
382,20250710,4817,4,3677,4606,25,1,0,95,0,0,95,2026-04-21 19:46:19.540,,y
383,20250710,4817,4,3677,4610,35,1,0,95,0,0,95,2026-04-21 19:46:19.540,,y
384,20250710,4817,4,3677,4602,35,1,0,95,0,0,95,2026-04-21 19:46:19.540,,y
385,20250708,4818,4,3678,4511,30,1,0,30,0,0,30,2026-04-21 19:46:19.540,,y
386,20250708,4819,4,3679,4604,50,1,0,95,0,0,95,2026-04-21 19:46:19.540,,y
387,20250708,4819,4,3679,4523,45,1,0,95,0,0,95,2026-04-21 19:46:19.540,,y
388,20250708,4820,4,3680,4511,30,1,0,30,0,0,30,2026-04-21 19:46:19.540,,y
389,20250707,4821,4,3681,4520,80,1,0,114,0,0,114,2026-04-21 19:46:19.540,,y
390,20250707,4821,4,3681,4521,34,1,0,114,0,0,114,2026-04-21 19:46:19.541,,y
391,20250704,4822,4,3682,4711,18,1,0,108,0,0,108,2026-04-21 19:46:19.541,,y
392,20250704,4822,4,3682,4712,15,1,0,108,0,0,108,2026-04-21 19:46:19.541,,y
393,20250704,4822,4,3682,4703,15,1,0,108,0,0,108,2026-04-21 19:46:19.541,,y
394,20250704,4822,4,3682,4701,20,1,0,108,0,0,108,2026-04-21 19:46:19.541,,y
395,20250704,4822,4,3682,4693,20,1,0,108,0,0,108,2026-04-21 19:46:19.541,,y
396,20250704,4822,4,3682,4708,20,1,0,108,0,0,108,2026-04-21 19:46:19.541,,y
397,20250704,4823,4,3683,4573,90,1,0,90,0,0,90,2026-04-21 19:46:19.541,,y
398,20250702,4824,4,3684,4554,49.9,1,0,98.9,0,0,98.9,2026-04-21 19:46:19.541,,y
399,20250702,4824,4,3684,4524,34,1,0,98.9,0,0,98.9,2026-04-21 19:46:19.541,,y
400,20250702,4824,4,3684,4835,15,1,0,98.9,0,0,98.9,2026-04-21 19:46:19.541,,y
401,20250701,4825,4,3685,4576,45,1,0,95,0,0,95,2026-04-21 19:46:19.541,,y
402,20250701,4825,4,3685,4574,50,1,0,95,0,0,95,2026-04-21 19:46:19.541,,y
403,20250701,4826,4,3686,4674,120,1,0,120,0,0,120,2026-04-21 19:46:19.541,,y
404,20250701,4827,4,3687,4574,50,1,0,95,0,0,95,2026-04-21 19:46:19.541,,y
405,20250701,4827,4,3687,4577,45,1,0,95,0,0,95,2026-04-21 19:46:19.541,,y
406,20250630,4828,4,3688,4606,25,2,0,95,0,0,95,2026-04-21 19:46:19.542,,y
407,20250630,4828,4,3688,4576,45,1,0,95,0,0,95,2026-04-21 19:46:19.542,,y
408,20250625,4829,4,3689,4606,25,2,0,100,0,0,100,2026-04-21 19:46:19.542,,y
409,20250625,4829,4,3689,4608,25,2,0,100,0,0,100,2026-04-21 19:46:19.542,,y
410,20250625,4830,4,3690,4684,50,1,0,50,0,0,50,2026-04-21 19:46:19.542,,y
411,20250624,4831,4,3691,4587,15,1,0,99.9,0,0,99.9,2026-04-21 19:46:19.542,,y
412,20250624,4831,4,3691,4588,15,1,0,99.9,0,0,99.9,2026-04-21 19:46:19.542,,y
413,20250624,4831,4,3691,4586,20,1,0,99.9,0,0,99.9,2026-04-21 19:46:19.542,,y
414,20250624,4831,4,3691,4554,49.9,1,0,99.9,0,0,99.9,2026-04-21 19:46:19.542,,y
415,20250620,4832,4,3692,4606,25,3,0,100,0,0,100,2026-04-21 19:46:19.542,,y
416,20250620,4832,4,3692,4622,25,1,0,100,0,0,100,2026-04-21 19:46:19.542,,y
417,20250620,4833,4,3693,4578,35,1,0,110,0,0,110,2026-04-21 19:46:19.542,,y
418,20250620,4833,4,3693,4606,25,2,0,110,0,0,110,2026-04-21 19:46:19.542,,y
419,20250620,4833,4,3693,4608,25,1,0,110,0,0,110,2026-04-21 19:46:19.542,,y
420,20250619,4834,4,3694,4578,35,1,0,100,0,0,100,2026-04-21 19:46:19.542,,y
421,20250619,4834,4,3694,4606,25,2,0,100,0,0,100,2026-04-21 19:46:19.542,,y
422,20250619,4834,4,3694,4543,15,1,0,100,0,0,100,2026-04-21 19:46:19.542,,y
423,20250618,4835,4,3695,4616,90,1,0,105,0,0,105,2026-04-21 19:46:19.542,,y
424,20250618,4835,4,3695,4597,15,1,0,105,0,0,105,2026-04-21 19:46:19.542,,y
425,20250616,4836,4,3696,4622,25,4,0,100,0,0,100,2026-04-21 19:46:19.543,,y
426,20250613,4837,4,3697,4684,50,1,0,50,0,0,50,2026-04-21 19:46:19.543,,y
427,20250612,4838,4,3698,4579,90,1,0,90,0,0,90,2026-04-21 19:46:19.543,,y
428,20250612,4839,4,3699,4578,35,1,0,60,0,0,60,2026-04-21 19:46:19.543,,y
429,20250612,4839,4,3699,4606,25,1,0,60,0,0,60,2026-04-21 19:46:19.543,,y
430,20250612,4840,4,3700,3628,86,1,0,86,0,0,86,2026-04-21 19:46:19.543,,y
431,20250612,4841,4,3701,4606,25,1,0,95,0,0,95,2026-04-21 19:46:19.543,,y
432,20250612,4841,4,3701,4511,30,1,0,95,0,0,95,2026-04-21 19:46:19.543,,y
433,20250612,4841,4,3701,4543,15,1,0,95,0,0,95,2026-04-21 19:46:19.543,,y
434,20250612,4841,4,3701,4833,25,1,0,95,0,0,95,2026-04-21 19:46:19.543,,y
435,20250612,4842,4,3702,4521,34,3,0,102,0,0,102,2026-04-21 19:46:19.543,,y
436,20250612,4843,4,3703,4606,25,1,0,100,0,0,100,2026-04-21 19:46:19.543,,y
437,20250612,4843,4,3703,4608,25,1,0,100,0,0,100,2026-04-21 19:46:19.543,,y
438,20250612,4843,4,3703,4578,35,1,0,100,0,0,100,2026-04-21 19:46:19.543,,y
439,20250612,4843,4,3703,4597,15,1,0,100,0,0,100,2026-04-21 19:46:19.543,,y
440,20250612,4844,4,3704,4521,34,1,0,104,0,0,104,2026-04-21 19:46:19.544,,y
441,20250612,4844,4,3704,4833,25,1,0,104,0,0,104,2026-04-21 19:46:19.544,,y
442,20250612,4844,4,3704,4576,45,1,0,104,0,0,104,2026-04-21 19:46:19.544,,y
443,20250611,4845,4,3705,3690,86,1,0,86,0,0,86,2026-04-21 19:46:19.544,,y
444,20250611,4846,4,3706,4579,90,1,0,90,0,0,90,2026-04-21 19:46:19.544,,y
445,20250611,4847,4,3707,4511,30,1,0,30,0,0,30,2026-04-21 19:46:19.544,,y
446,20250609,4848,4,3708,4684,50,1,0,100,0,0,100,2026-04-21 19:46:19.544,,y
447,20250609,4848,4,3708,4686,50,1,0,100,0,0,100,2026-04-21 19:46:19.544,,y
448,20250607,4849,4,3709,4606,25,4,0,100,0,0,100,2026-04-21 19:46:19.544,,y
449,20250605,4850,4,3710,4662,129,1,0,129,0,0,129,2026-04-21 19:46:19.544,,y
450,20250605,4851,4,3711,4573,90,1,0,90,0,0,90,2026-04-21 19:46:19.544,,y
451,20250603,4852,4,3712,4912,92,1,0,92,0,0,92,2026-04-21 19:46:19.544,,y
452,20250602,4853,4,3713,4511,30,1,0,30,0,0,30,2026-04-21 19:46:19.544,,y
453,20250530,4854,4,3714,4514,49.9,1,0,49.9,0,0,49.9,2026-04-21 19:46:19.545,,y
454,20250530,4855,4,3715,4685,50,1,0,160,0,0,160,2026-04-21 19:46:19.545,,y
455,20250530,4855,4,3715,4573,90,1,0,160,0,0,160,2026-04-21 19:46:19.545,,y
456,20250530,4855,4,3715,4830,20,1,0,160,0,0,160,2026-04-21 19:46:19.545,,y
457,20250530,4856,4,3716,3738,92,1,0,92,0,0,92,2026-04-21 19:46:19.545,,y
458,20250529,4857,4,3741,4514,49.9,1,0,49.9,0,0,49.9,2026-04-21 19:46:19.545,,y
459,20250528,4858,4,3718,4606,25,1,0,60,0,0,60,2026-04-21 19:46:19.545,,y
460,20250528,4858,4,3718,4602,35,1,0,60,0,0,60,2026-04-21 19:46:19.545,,y
461,20250526,4859,4,3719,4573,90,1,0,115,0,0,115,2026-04-21 19:46:19.545,,y
462,20250526,4859,4,3719,4606,25,1,0,115,0,0,115,2026-04-21 19:46:19.545,,y
463,20250526,4860,4,3720,4517,65,1,0,100,0,0,100,2026-04-21 19:46:19.545,,y
464,20250526,4860,4,3720,4591,35,1,0,100,0,0,100,2026-04-21 19:46:19.545,,y
465,20250525,4861,4,3721,4634,90,1,0,90,0,0,90,2026-04-21 19:46:19.545,,y
466,20250523,4862,4,3722,4606,25,1,0,25,0,0,25,2026-04-21 19:46:19.546,,y
467,20250523,4863,4,3723,4606,25,1,0,25,0,0,25,2026-04-21 19:46:19.546,,y
468,20250522,4864,4,3724,4675,120,1,0,120,0,0,120,2026-04-21 19:46:19.546,,y
469,20250521,4865,4,3728,3653,145,1,0,145,0,0,145,2026-04-21 19:46:19.546,,y
470,20250521,4866,4,3726,4576,45,1,0,95,0,0,95,2026-04-21 19:46:19.547,,y
471,20250521,4866,4,3726,4622,25,1,0,95,0,0,95,2026-04-21 19:46:19.547,,y
472,20250521,4866,4,3726,4606,25,1,0,95,0,0,95,2026-04-21 19:46:19.547,,y
473,20250519,4867,4,3727,4915,120,1,0,120,0,0,120,2026-04-21 19:46:19.547,,y
474,20250519,4868,4,3728,4647,399,1,0,399,0,0,399,2026-04-21 19:46:19.547,,y
475,20250519,4869,4,3729,4684,50,1,0,225,0,0,225,2026-04-21 19:46:19.547,,y
476,20250519,4869,4,3729,4685,50,1,0,225,0,0,225,2026-04-21 19:46:19.547,,y
477,20250519,4869,4,3729,4686,50,1,0,225,0,0,225,2026-04-21 19:46:19.547,,y
478,20250519,4869,4,3729,4606,25,3,0,225,0,0,225,2026-04-21 19:46:19.547,,y
479,20250519,4870,4,3730,4606,25,2,0,50,0,0,50,2026-04-21 19:46:19.547,,y
480,20250518,4871,4,3731,4606,25,1,0,90,0,0,90,2026-04-21 19:46:19.547,,y
481,20250518,4871,4,3731,4543,15,1,0,90,0,0,90,2026-04-21 19:46:19.548,,y
482,20250518,4871,4,3731,4589,15,1,0,90,0,0,90,2026-04-21 19:46:19.548,,y
483,20250518,4871,4,3731,4826,20,1,0,90,0,0,90,2026-04-21 19:46:19.548,,y
484,20250518,4871,4,3731,4587,15,1,0,90,0,0,90,2026-04-21 19:46:19.548,,y
485,20250518,4872,4,3732,4579,90,1,0,90,0,0,90,2026-04-21 19:46:19.548,,y
486,20250517,4873,4,3733,4577,45,1,0,95,0,0,95,2026-04-21 19:46:19.548,,y
487,20250517,4873,4,3733,4606,25,1,0,95,0,0,95,2026-04-21 19:46:19.548,,y
488,20250517,4873,4,3733,4608,25,1,0,95,0,0,95,2026-04-21 19:46:19.548,,y
489,20250516,4874,4,3734,4684,50,1,0,50,0,0,50,2026-04-21 19:46:19.548,,y
490,20250516,4875,4,3735,4685,50,1,0,50,0,0,50,2026-04-21 19:46:19.548,,y
491,20250515,4876,4,3736,4576,45,2,0,155,0,0,155,2026-04-21 19:46:19.548,,y
492,20250515,4876,4,3736,4830,20,1,0,155,0,0,155,2026-04-21 19:46:19.548,,y
493,20250515,4876,4,3736,4589,15,1,0,155,0,0,155,2026-04-21 19:46:19.548,,y
494,20250515,4876,4,3736,4543,15,2,0,155,0,0,155,2026-04-21 19:46:19.548,,y
495,20250514,4877,4,3737,4557,0,1,100,100,0,0,100,2026-04-21 19:46:19.548,,y
496,20250514,4878,4,3738,4662,29,1,100,129,0,0,129,2026-04-21 19:46:19.549,,y
497,20250513,4879,4,3739,4633,90,1,0,90,0,0,90,2026-04-21 19:46:19.549,,y
498,20250512,4880,4,3740,4554,49.9,1,0,74.9,0,0,74.9,2026-04-21 19:46:19.549,,y
499,20250512,4880,4,3740,4606,25,1,0,74.9,0,0,74.9,2026-04-21 19:46:19.549,,y
500,20250512,4881,4,3741,4606,25,1,0,25,0,0,25,2026-04-21 19:46:19.549,,y
501,20250510,4882,4,3742,4516,45,1,0,45,0,0,45,2026-04-21 19:46:19.549,,y
502,20250509,4883,4,3743,4577,45,1,0,95,0,0,95,2026-04-21 19:46:19.549,,y
503,20250509,4883,4,3743,4685,50,1,0,95,0,0,95,2026-04-21 19:46:19.549,,y
504,20250509,4884,4,3744,4684,50,2,0,100,0,0,100,2026-04-21 19:46:19.549,,y
505,20250509,4885,4,3745,4684,50,1,0,50,0,0,50,2026-04-21 19:46:19.549,,y
506,20250508,4886,4,3746,4912,92,1,0,92,0,0,92,2026-04-21 19:46:19.549,,y
507,20250506,4887,4,3747,4574,50,1,0,110,0,0,110,2026-04-21 19:46:19.549,,y
508,20250506,4887,4,3747,4578,35,1,0,110,0,0,110,2026-04-21 19:46:19.549,,y
509,20250506,4887,4,3747,4622,25,1,0,110,0,0,110,2026-04-21 19:46:19.549,,y
510,20250506,4888,4,3748,4573,90,1,0,115,0,0,115,2026-04-21 19:46:19.549,,y
511,20250506,4888,4,3748,4606,25,1,0,115,0,0,115,2026-04-21 19:46:19.550,,y
512,20250505,4889,4,3749,4521,34,1,0,109,0,0,109,2026-04-21 19:46:19.550,,y
513,20250505,4889,4,3749,4574,50,1,0,109,0,0,109,2026-04-21 19:46:19.550,,y
514,20250505,4889,4,3749,4606,25,1,0,109,0,0,109,2026-04-21 19:46:19.550,,y
515,20250505,4890,4,3750,4516,45,1,0,115,0,0,115,2026-04-21 19:46:19.550,,y
516,20250505,4890,4,3750,4606,25,1,0,115,0,0,115,2026-04-21 19:46:19.550,,y
517,20250505,4890,4,3750,4577,45,1,0,115,0,0,115,2026-04-21 19:46:19.550,,y
518,20250503,4891,4,3751,4606,25,2,0,99.9,0,0,99.9,2026-04-21 19:46:19.550,,y
519,20250503,4891,4,3751,4514,49.9,1,0,99.9,0,0,99.9,2026-04-21 19:46:19.550,,y
520,20250430,4892,4,3752,4625,115,1,0,150,0,0,150,2026-04-21 19:46:19.550,,y
521,20250430,4892,4,3752,4578,35,1,0,150,0,0,150,2026-04-21 19:46:19.550,,y
522,20250426,4893,4,3753,4574,50,1,0,100,0,0,100,2026-04-21 19:46:19.550,,y
523,20250426,4893,4,3753,4606,25,2,0,100,0,0,100,2026-04-21 19:46:19.550,,y
524,20250424,4894,4,3754,4576,45,1,0,90,0,0,90,2026-04-21 19:46:19.550,,y
525,20250424,4894,4,3754,4577,45,1,0,90,0,0,90,2026-04-21 19:46:19.550,,y
526,20250424,4895,4,3755,4626,90,1,0,90,0,0,90,2026-04-21 19:46:19.551,,y
527,20250424,4896,4,3756,4608,25,1,0,60,0,0,60,2026-04-21 19:46:19.551,,y
528,20250424,4896,4,3756,4578,35,1,0,60,0,0,60,2026-04-21 19:46:19.551,,y
529,20250423,4897,4,3757,4606,25,1,0,85,0,0,85,2026-04-21 19:46:19.551,,y
530,20250423,4897,4,3757,4577,45,1,0,85,0,0,85,2026-04-21 19:46:19.551,,y
531,20250423,4897,4,3757,4543,15,1,0,85,0,0,85,2026-04-21 19:46:19.551,,y
532,20250423,4898,4,3758,4914,92,1,0,92,0,0,92,2026-04-21 19:46:19.551,,y
533,20250422,4899,4,3759,4606,25,4,0,100,0,0,100,2026-04-21 19:46:19.551,,y
534,20250422,4900,4,3760,4576,45,1,0,160,0,0,160,2026-04-21 19:46:19.551,,y
535,20250422,4900,4,3760,4820,115,1,0,160,0,0,160,2026-04-21 19:46:19.551,,y
536,20250421,4901,4,3761,4606,25,2,0,95,0,0,95,2026-04-21 19:46:19.551,,y
537,20250421,4901,4,3761,4577,45,1,0,95,0,0,95,2026-04-21 19:46:19.552,,y
538,20250417,4902,4,3762,3690,86,1,0,86,0,0,86,2026-04-21 19:46:19.552,,y
539,20250417,4903,4,3763,4511,30,1,0,95,0,0,95,2026-04-21 19:46:19.552,,y
540,20250417,4903,4,3763,4517,65,1,0,95,0,0,95,2026-04-21 19:46:19.552,,y
541,20250416,4904,4,3764,4606,25,1,0,154,0,0,154,2026-04-21 19:46:19.552,,y
542,20250416,4904,4,3764,4653,129,1,0,154,0,0,154,2026-04-21 19:46:19.552,,y
543,20250416,4905,4,3765,4515,48,1,0,91,0,0,91,2026-04-21 19:46:19.552,,y
544,20250416,4905,4,3765,4606,25,1,0,91,0,0,91,2026-04-21 19:46:19.552,,y
545,20250416,4905,4,3765,4823,18,1,0,91,0,0,91,2026-04-21 19:46:19.552,,y
546,20250415,4906,4,3766,4517,65,1,0,65,0,0,65,2026-04-21 19:46:19.552,,y
547,20250412,4907,4,3767,4557,75,1,30,120,0,0,120,2026-04-21 19:46:19.552,,y
548,20250412,4907,4,3767,3176,15,1,0,120,0,0,120,2026-04-21 19:46:19.552,,y
549,20250411,4908,4,3768,4606,25,2,0,100,0,0,100,2026-04-21 19:46:19.552,,y
550,20250411,4908,4,3768,4604,50,1,0,100,0,0,100,2026-04-21 19:46:19.552,,y
551,20250411,4909,4,3769,4652,86,1,0,86,0,0,86,2026-04-21 19:46:19.552,,y
552,20250409,4910,4,3770,4606,25,2,0,100,0,0,100,2026-04-21 19:46:19.552,,y
553,20250409,4910,4,3770,4604,50,1,0,100,0,0,100,2026-04-21 19:46:19.553,,y
554,20250409,4911,4,3771,4517,65,1,0,267,0,0,267,2026-04-21 19:46:19.553,,y
555,20250409,4911,4,3771,4512,58,1,0,267,0,0,267,2026-04-21 19:46:19.553,,y
556,20250409,4911,4,3771,4518,48,2,0,267,0,0,267,2026-04-21 19:46:19.553,,y
557,20250409,4911,4,3771,4515,48,1,0,267,0,0,267,2026-04-21 19:46:19.553,,y
558,20250409,4912,4,3772,4574,50,1,0,100,0,0,100,2026-04-21 19:46:19.553,,y
559,20250409,4912,4,3772,4604,50,1,0,100,0,0,100,2026-04-21 19:46:19.553,,y
560,20250408,4913,4,3773,4594,20,1,0,80,0,0,80,2026-04-21 19:46:19.553,,y
561,20250408,4913,4,3773,4822,30,2,0,80,0,0,80,2026-04-21 19:46:19.553,,y
562,20250403,4914,4,3774,4684,50,1,0,50,0,0,50,2026-04-21 19:46:19.553,,y
563,20250402,4915,4,3775,3722,129,1,0,129,0,0,129,2026-04-21 19:46:19.553,,y
564,20250402,4916,4,3776,4523,45,1,0,95,0,0,95,2026-04-21 19:46:19.553,,y
565,20250402,4916,4,3776,4685,50,1,0,95,0,0,95,2026-04-21 19:46:19.553,,y
566,20250331,4917,4,3917,4684,50,1,0,50,0,0,50,2026-04-21 19:46:19.553,,y
567,20250331,4918,4,3918,4604,50,1,0,110,0,0,110,2026-04-21 19:46:19.554,,y
568,20250331,4918,4,3918,4606,25,1,0,110,0,0,110,2026-04-21 19:46:19.554,,y
569,20250331,4918,4,3918,4543,15,1,0,110,0,0,110,2026-04-21 19:46:19.554,,y
570,20250331,4918,4,3918,4830,20,1,0,110,0,0,110,2026-04-21 19:46:19.554,,y
571,20250331,4919,4,3919,4684,50,1,0,50,0,0,50,2026-04-21 19:46:19.554,,y
572,20250330,4920,4,3780,4685,50,1,0,308,0,0,308,2026-04-21 19:46:19.554,,y
573,20250330,4920,4,3780,4660,129,1,0,308,0,0,308,2026-04-21 19:46:19.554,,y
574,20250330,4920,4,3780,3722,129,1,0,308,0,0,308,2026-04-21 19:46:19.554,,y
575,20250330,4921,4,3781,4606,25,2,0,100,0,0,100,2026-04-21 19:46:19.554,,y
576,20250330,4921,4,3781,4604,50,1,0,100,0,0,100,2026-04-21 19:46:19.554,,y
577,20250330,4922,4,3782,4684,50,1,0,50,0,0,50,2026-04-21 19:46:19.554,,y
578,20250327,4923,4,3783,3628,86,1,0,101,0,0,101,2026-04-21 19:46:19.554,,y
579,20250327,4923,4,3783,4589,15,1,0,101,0,0,101,2026-04-21 19:46:19.554,,y
580,20250327,4924,4,3784,4818,16.5,12,0,1505,0,0,1505,2026-04-21 19:46:19.554,,y
581,20250327,4924,4,3784,4521,34,3,0,1505,0,0,1505,2026-04-21 19:46:19.554,,y
582,20250327,4924,4,3784,4822,30,12,0,1505,0,0,1505,2026-04-21 19:46:19.554,,y
583,20250327,4924,4,3784,4819,85,2,0,1505,0,0,1505,2026-04-21 19:46:19.554,,y
584,20250327,4924,4,3784,4821,65,3,0,1505,0,0,1505,2026-04-21 19:46:19.554,,y
585,20250327,4924,4,3784,4820,115,2,0,1505,0,0,1505,2026-04-21 19:46:19.554,,y
586,20250327,4924,4,3784,4526,125,2,0,1505,0,0,1505,2026-04-21 19:46:19.554,,y
587,20250320,4925,4,3861,4591,35,1,0,84.9,0,0,84.9,2026-04-21 19:46:19.555,,y
588,20250320,4925,4,3861,4554,49.9,1,0,84.9,0,0,84.9,2026-04-21 19:46:19.555,,y
589,20250318,4926,4,3786,4662,129,1,0,129,0,0,129,2026-04-21 19:46:19.555,,y
590,20250318,4927,4,3787,4606,25,1,0,105,0,0,105,2026-04-21 19:46:19.555,,y
591,20250318,4927,4,3787,4602,35,1,0,105,0,0,105,2026-04-21 19:46:19.555,,y
592,20250318,4927,4,3787,4576,45,1,0,105,0,0,105,2026-04-21 19:46:19.555,,y
593,20250317,4928,4,3788,4653,129,1,0,129,0,0,129,2026-04-21 19:46:19.555,,y
594,20250307,4929,4,3789,3722,129,1,0,129,0,0,129,2026-04-21 19:46:19.555,,y
595,20250307,4930,4,3790,3797,120,1,0,150,0,0,150,2026-04-21 19:46:19.555,,y
596,20250307,4930,4,3790,4589,15,1,0,150,0,0,150,2026-04-21 19:46:19.555,,y
597,20250307,4930,4,3790,4587,15,1,0,150,0,0,150,2026-04-21 19:46:19.555,,y
598,20250306,4931,4,3791,4660,129,1,0,258,0,0,258,2026-04-21 19:46:19.555,,y
599,20250306,4931,4,3791,4662,129,1,0,258,0,0,258,2026-04-21 19:46:19.555,,y
600,20250306,4932,4,3792,4662,129,2,0,258,0,0,258,2026-04-21 19:46:19.555,,y
601,20250306,4933,4,3793,4912,92,1,0,92,0,0,92,2026-04-21 19:46:19.555,,y
602,20250304,4934,4,3794,3722,129,1,0,129,0,0,129,2026-04-21 19:46:19.555,,y
603,20250302,4935,4,3795,4633,64,1,26,90,0,0,90,2026-04-21 19:46:19.556,,y
604,20250302,4936,4,3796,3724,86,2,0,172,0,0,172,2026-04-21 19:46:19.556,,y
605,20250302,4937,4,3797,4817,90,1,0,156,0,0,156,2026-04-21 19:46:19.556,,y
606,20250302,4937,4,3797,4818,16.5,4,0,156,0,0,156,2026-04-21 19:46:19.556,,y
607,20250302,4938,4,3798,4591,35,1,0,130,0,0,130,2026-04-21 19:46:19.556,,y
608,20250302,4938,4,3798,4577,45,1,0,130,0,0,130,2026-04-21 19:46:19.556,,y
609,20250302,4938,4,3798,4574,50,1,0,130,0,0,130,2026-04-21 19:46:19.556,,y
610,20250301,4939,4,3799,3729,129,1,0,129,0,0,129,2026-04-21 19:46:19.556,,y
611,20250301,4940,4,3800,3729,129,2,0,258,0,0,258,2026-04-21 19:46:19.556,,y
612,20250301,4941,4,3801,3729,129,1,0,129,0,0,129,2026-04-21 19:46:19.556,,y
613,20250226,4942,4,3802,4574,50,1,0,85,0,0,85,2026-04-21 19:46:19.556,,y
614,20250226,4942,4,3802,4591,35,1,0,85,0,0,85,2026-04-21 19:46:19.557,,y
615,20250226,4943,4,3803,4606,25,1,0,25,0,0,25,2026-04-21 19:46:19.557,,y
616,20250224,4944,4,3804,4912,92,1,0,92,0,0,92,2026-04-21 19:46:19.557,,y
617,20250223,4945,4,3805,4606,25,1,0,25,0,0,25,2026-04-21 19:46:19.557,,y
618,20250221,4946,4,3806,3738,92,1,0,92,0,0,92,2026-04-21 19:46:19.557,,y
619,20250219,4947,4,3920,4515,48,1,0,113,0,0,113,2026-04-21 19:46:19.557,,y
620,20250219,4947,4,3920,4517,65,1,0,113,0,0,113,2026-04-21 19:46:19.557,,y
621,20250219,4948,4,3921,4830,20,1,0,20,0,0,20,2026-04-21 19:46:19.557,,y
622,20250218,4949,4,3809,4521,34,1,0,108,0,0,108,2026-04-21 19:46:19.557,,y
623,20250218,4949,4,3809,4522,40,1,0,108,0,0,108,2026-04-21 19:46:19.557,,y
624,20250218,4949,4,3809,4524,34,1,0,108,0,0,108,2026-04-21 19:46:19.557,,y
625,20250215,4950,4,3810,3738,92,1,0,92,0,0,92,2026-04-21 19:46:19.557,,y
626,20250215,4951,4,3811,4604,50,1,0,100,0,0,100,2026-04-21 19:46:19.557,,y
627,20250215,4951,4,3811,4913,50,1,0,100,0,0,100,2026-04-21 19:46:19.557,,y
628,20250214,4952,4,3812,4606,25,1,0,25,0,0,25,2026-04-21 19:46:19.557,,y
629,20250214,4953,4,3813,4606,25,1,0,25,0,0,25,2026-04-21 19:46:19.557,,y
630,20250214,4954,4,3814,4576,45,1,0,95,0,0,95,2026-04-21 19:46:19.557,,y
631,20250214,4954,4,3814,4589,15,1,0,95,0,0,95,2026-04-21 19:46:19.558,,y
632,20250214,4954,4,3814,4587,15,1,0,95,0,0,95,2026-04-21 19:46:19.558,,y
633,20250214,4954,4,3814,4826,20,1,0,95,0,0,95,2026-04-21 19:46:19.558,,y
634,20250213,4955,4,3815,4622,25,1,0,25,0,0,25,2026-04-21 19:46:19.559,,y
635,20250213,4956,4,3816,4604,50,1,0,50,0,0,50,2026-04-21 19:46:19.559,,y
636,20250213,4957,4,3817,4622,25,1,0,25,0,0,25,2026-04-21 19:46:19.559,,y
637,20250213,4958,4,3818,4604,50,1,0,50,0,0,50,2026-04-21 19:46:19.559,,y
638,20250213,4959,4,3819,4604,50,1,0,50,0,0,50,2026-04-21 19:46:19.559,,y
639,20250213,4960,4,3820,4608,25,1,0,50,0,0,50,2026-04-21 19:46:19.560,,y
640,20250213,4960,4,3820,4622,25,1,0,50,0,0,50,2026-04-21 19:46:19.560,,y
641,20250213,4961,4,3821,4606,25,2,0,50,0,0,50,2026-04-21 19:46:19.560,,y
642,20250213,4962,4,3822,4608,25,1,0,25,0,0,25,2026-04-21 19:46:19.560,,y
643,20250213,4963,4,3823,4608,25,1,0,25,0,0,25,2026-04-21 19:46:19.560,,y
644,20250213,4964,4,3824,4606,25,1,0,25,0,0,25,2026-04-21 19:46:19.560,,y
645,20250213,4965,4,3825,4606,25,1,0,25,0,0,25,2026-04-21 19:46:19.560,,y
646,20250213,4966,4,3826,4604,50,1,0,50,0,0,50,2026-04-21 19:46:19.560,,y
647,20250213,4967,4,3827,4606,25,1,0,25,0,0,25,2026-04-21 19:46:19.560,,y
648,20250213,4968,4,3828,4606,25,1,0,25,0,0,25,2026-04-21 19:46:19.561,,y
649,20250213,4969,4,3829,4604,50,1,0,50,0,0,50,2026-04-21 19:46:19.561,,y
650,20250213,4970,4,3830,4608,25,2,0,50,0,0,50,2026-04-21 19:46:19.561,,y
651,20250213,4971,4,3831,4819,85,1,0,115,0,0,115,2026-04-21 19:46:19.561,,y
652,20250213,4971,4,3831,4822,30,1,0,115,0,0,115,2026-04-21 19:46:19.561,,y
653,20250213,4972,4,3832,4608,25,1,0,25,0,0,25,2026-04-21 19:46:19.561,,y
654,20250213,4973,4,3833,4604,50,1,0,50,0,0,50,2026-04-21 19:46:19.561,,y
655,20250213,4974,4,3834,4817,90,1,0,106.5,0,0,106.5,2026-04-21 19:46:19.561,,y
656,20250213,4974,4,3834,4818,16.5,1,0,106.5,0,0,106.5,2026-04-21 19:46:19.561,,y
657,20250213,4975,4,3835,4606,25,1,0,25,0,0,25,2026-04-21 19:46:19.562,,y
658,20250213,4977,4,3836,4622,25,1,0,25,0,0,25,2026-04-21 19:46:19.562,,y
659,20250213,4978,4,3837,3766,60,1,0,60,0,0,60,2026-04-21 19:46:19.562,,y
660,20250213,4979,4,3838,4606,25,1,0,25,0,0,25,2026-04-21 19:46:19.562,,y
661,20250212,4980,4,3839,4606,25,1,0,50,0,0,50,2026-04-21 19:46:19.562,,y
662,20250212,4980,4,3839,4608,25,1,0,50,0,0,50,2026-04-21 19:46:19.562,,y
663,20250212,4981,4,3840,4606,25,1,0,25,0,0,25,2026-04-21 19:46:19.562,,y
664,20250212,4982,4,3841,4606,20,2,30,150,0,0,150,2026-04-21 19:46:19.562,,y
665,20250212,4982,4,3841,4608,20,2,0,150,0,0,150,2026-04-21 19:46:19.562,,y
666,20250212,4982,4,3841,4622,20,2,0,150,0,0,150,2026-04-21 19:46:19.562,,y
667,20250212,4983,4,3842,4604,50,1,0,50,0,0,50,2026-04-21 19:46:19.562,,y
668,20250212,4984,4,3843,4604,50,1,0,100,0,0,100,2026-04-21 19:46:19.562,,y
669,20250212,4984,4,3843,4913,50,1,0,100,0,0,100,2026-04-21 19:46:19.562,,y
670,20250212,4985,4,3844,4576,45,1,0,95,0,0,95,2026-04-21 19:46:19.562,,y
671,20250212,4985,4,3844,4606,25,1,0,95,0,0,95,2026-04-21 19:46:19.562,,y
672,20250212,4985,4,3844,4833,25,1,0,95,0,0,95,2026-04-21 19:46:19.562,,y
673,20250212,4986,4,3845,4604,50,1,0,50,0,0,50,2026-04-21 19:46:19.563,,y
674,20250211,4987,4,3846,4606,25,1,0,25,0,0,25,2026-04-21 19:46:19.563,,y
675,20250211,4988,4,3847,3776,50,2,0,100,0,0,100,2026-04-21 19:46:19.563,,y
676,20250210,4989,4,3848,4573,90,1,0,90,0,0,90,2026-04-21 19:46:19.563,,y
677,20250210,4990,4,3849,4914,92,1,0,109,0,0,109,2026-04-21 19:46:19.563,,y
678,20250210,4990,4,3849,4535,17,1,0,109,0,0,109,2026-04-21 19:46:19.563,,y
679,20250208,4991,4,3850,4523,45,1,0,99,0,0,99,2026-04-21 19:46:19.563,,y
680,20250208,4991,4,3850,4524,34,1,0,99,0,0,99,2026-04-21 19:46:19.563,,y
681,20250208,4991,4,3850,3310,20,1,0,99,0,0,99,2026-04-21 19:46:19.563,,y
682,20250206,4992,4,3851,4574,50,1,0,95,0,0,95,2026-04-21 19:46:19.563,,y
683,20250206,4992,4,3851,4577,45,1,0,95,0,0,95,2026-04-21 19:46:19.563,,y
684,20250206,4993,4,3852,3325,70,1,0,105,0,0,105,2026-04-21 19:46:19.563,,y
685,20250206,4993,4,3852,4578,35,1,0,105,0,0,105,2026-04-21 19:46:19.563,,y
686,20250205,4994,4,3921,4826,20,1,0,72,0,0,72,2026-04-21 19:46:19.563,,y
687,20250205,4994,4,3921,4830,20,1,0,72,0,0,72,2026-04-21 19:46:19.563,,y
688,20250205,4994,4,3921,4535,17,1,0,72,0,0,72,2026-04-21 19:46:19.563,,y
689,20250205,4994,4,3921,4835,15,1,0,72,0,0,72,2026-04-21 19:46:19.563,,y
690,20250204,4995,4,3854,4511,30,1,0,30,0,0,30,2026-04-21 19:46:19.563,,y
691,20250203,4996,4,3855,4830,20,1,0,99,0,0,99,2026-04-21 19:46:19.563,,y
692,20250203,4996,4,3855,4521,34,1,0,99,0,0,99,2026-04-21 19:46:19.563,,y
693,20250203,4996,4,3855,4577,45,1,0,99,0,0,99,2026-04-21 19:46:19.564,,y
694,20250129,4997,4,3856,4577,45,1,0,90,0,0,90,2026-04-21 19:46:19.564,,y
695,20250129,4997,4,3856,4576,45,1,0,90,0,0,90,2026-04-21 19:46:19.564,,y
696,20250129,4998,4,3857,3325,70,1,0,90,0,0,90,2026-04-21 19:46:19.564,,y
697,20250129,4998,4,3857,4830,20,1,0,90,0,0,90,2026-04-21 19:46:19.564,,y
698,20250128,4999,4,3858,4521,34,1,0,79,0,0,79,2026-04-21 19:46:19.564,,y
699,20250128,4999,4,3858,4523,45,1,0,79,0,0,79,2026-04-21 19:46:19.564,,y
700,20250125,5000,4,3859,4830,20,1,0,105,0,0,105,2026-04-21 19:46:19.564,,y
701,20250125,5000,4,3859,4826,20,2,0,105,0,0,105,2026-04-21 19:46:19.564,,y
702,20250125,5000,4,3859,4523,45,1,0,105,0,0,105,2026-04-21 19:46:19.564,,y
703,20250124,5001,4,3860,4573,90,1,0,90,0,0,90,2026-04-21 19:46:19.564,,y
704,20250124,5002,4,3861,4574,50,2,0,100,0,0,100,2026-04-21 19:46:19.564,,y
705,20250120,5003,4,3862,4573,90,1,0,90,0,0,90,2026-04-21 19:46:19.564,,y
706,20250120,5004,4,3863,4578,35,1,0,100,0,0,100,2026-04-21 19:46:19.564,,y
707,20250120,5004,4,3863,4835,15,1,0,100,0,0,100,2026-04-21 19:46:19.564,,y
708,20250120,5004,4,3863,4826,20,1,0,100,0,0,100,2026-04-21 19:46:19.564,,y
709,20250120,5004,4,3863,4825,15,2,0,100,0,0,100,2026-04-21 19:46:19.564,,y
710,20250118,5005,4,3864,4513,46,1,0,46,0,0,46,2026-04-21 19:46:19.564,,y
711,20250114,5006,4,3865,4511,30,1,0,30,0,0,30,2026-04-21 19:46:19.564,,y
712,20250114,5007,4,3866,4511,30,1,0,30,0,0,30,2026-04-21 19:46:19.564,,y
713,20250111,5008,4,3867,4515,48,1,0,48,0,0,48,2026-04-21 19:46:19.564,,y
714,20250106,5009,4,3868,3797,120,1,0,120,0,0,120,2026-04-21 19:46:19.564,,y
715,20250103,5010,4,3869,4512,58,1,0,58,0,0,58,2026-04-21 19:46:19.564,,y
716,20241227,5011,4,3870,4511,30,1,0,30,0,0,30,2026-04-21 19:46:19.564,,y
717,20241225,5012,4,3871,4511,30,1,0,30,0,0,30,2026-04-21 19:46:19.564,,y
718,20241224,5013,4,3872,3801,20,3,0,60,0,0,60,2026-04-21 19:46:19.564,,y
719,20241224,5014,4,3873,4512,58,1,0,104,0,0,104,2026-04-21 19:46:19.564,,y
720,20241224,5014,4,3873,4513,46,1,0,104,0,0,104,2026-04-21 19:46:19.564,,y
721,20241223,5015,4,3874,4511,30,1,0,30,0,0,30,2026-04-21 19:46:19.564,,y
722,20241210,5016,4,3875,3804,28,1,0,28,0,0,28,2026-04-21 19:46:19.564,,y
723,20241125,5017,4,3876,4514,70,1,0,70,0,0,70,2026-04-21 19:46:19.565,,y
724,20241123,5018,4,3877,4511,30,1,0,30,0,0,30,2026-04-21 19:46:19.565,,y
725,20241107,5019,4,3878,3807,15,3,0,45,0,0,45,2026-04-21 19:46:19.565,,y
726,20241107,5020,4,3879,4514,70,1,0,70,0,0,70,2026-04-21 19:46:19.565,,y
727,20241002,5021,4,3880,3356,40,2,0,110,0,0,110,2026-04-21 19:46:19.565,,y
728,20241002,5021,4,3880,3357,30,1,0,110,0,0,110,2026-04-21 19:46:19.565,,y
729,20240926,5022,4,3881,4515,48,1,0,48,0,0,48,2026-04-21 19:46:19.565,,y
730,20240906,5023,4,3882,3811,180,1,0,180,0,0,180,2026-04-21 19:46:19.565,,y
731,20240827,5024,4,3883,3812,55,1,0,55,0,0,55,2026-04-21 19:46:19.565,,y
732,20240827,5025,4,3884,4511,30,1,0,30,0,0,30,2026-04-21 19:46:19.565,,y
733,20240817,5026,4,3885,4517,65,1,0,65,0,0,65,2026-04-21 19:46:19.565,,y
734,20240805,5027,4,3886,4512,58,1,0,58,0,0,58,2026-04-21 19:46:19.565,,y
735,20240730,5028,4,3887,4511,30,1,0,75,0,0,75,2026-04-21 19:46:19.565,,y
736,20240730,5028,4,3887,4516,45,1,0,75,0,0,75,2026-04-21 19:46:19.565,,y
737,20240721,5029,4,3888,4511,30,1,0,75,0,0,75,2026-04-21 19:46:19.565,,y
738,20240721,5029,4,3888,4516,45,1,0,75,0,0,75,2026-04-21 19:46:19.565,,y
739,20240704,5030,4,3889,3818,14,1,0,14,0,0,14,2026-04-21 19:46:19.565,,y
740,20240630,5031,4,3890,4513,46,1,0,169,0,0,169,2026-04-21 19:46:19.565,,y
741,20240630,5031,4,3890,4517,65,1,0,169,0,0,169,2026-04-21 19:46:19.565,,y
742,20240630,5031,4,3890,4511,30,1,0,169,0,0,169,2026-04-21 19:46:19.565,,y
743,20240630,5031,4,3890,3804,28,1,0,169,0,0,169,2026-04-21 19:46:19.565,,y
744,20240611,5032,4,3891,4511,30,1,0,30,0,0,30,2026-04-21 19:46:19.565,,y
745,20240610,5033,4,3892,4511,30,1,0,30,0,0,30,2026-04-21 19:46:19.565,,y
746,20240527,5034,4,3893,3375,15,1,0,45,0,0,45,2026-04-21 19:46:19.565,,y
747,20240527,5034,4,3893,3376,15,1,0,45,0,0,45,2026-04-21 19:46:19.565,,y
748,20240527,5034,4,3893,3377,15,1,0,45,0,0,45,2026-04-21 19:46:19.565,,y
749,20240507,5035,4,3894,4511,30,1,0,30,0,0,30,2026-04-21 19:46:19.566,,y
750,20240328,5036,4,3895,4511,30,1,0,30,0,0,30,2026-04-21 19:46:19.566,,y
751,20240324,5037,4,3896,3827,17,1,0,29,0,0,29,2026-04-21 19:46:19.566,,y
752,20240324,5037,4,3896,3381,12,1,0,29,0,0,29,2026-04-21 19:46:19.566,,y
753,20240318,5038,4,3897,3826,30,1,0,30,0,0,30,2026-04-21 19:46:19.566,,y
754,20240313,5039,4,3898,3827,17,2,0,34,0,0,34,2026-04-21 19:46:19.566,,y
755,20240220,5040,4,3899,3384,6,1,0,18,0,0,18,2026-04-21 19:46:19.566,,y
756,20240220,5040,4,3899,3385,6,1,0,18,0,0,18,2026-04-21 19:46:19.566,,y
757,20240220,5040,4,3899,3386,6,1,0,18,0,0,18,2026-04-21 19:46:19.566,,y
758,20231230,5041,4,3900,4511,30,1,0,30,0,0,30,2026-04-21 19:46:19.566,,y
759,20231206,5042,4,3901,3830,19,1,0,19,0,0,19,2026-04-21 19:46:19.566,,y
760,20260102,4601,4,3461,4685,50,2,0,100,0,0,100,2026-04-21 19:46:19.690,,y
761,20251230,4602,4,3462,4667,90,1,0,90,0,0,90,2026-04-21 19:46:19.690,,y
762,20251229,4603,4,3463,3391,"65
58
30","1
1
1",0,153,0,0,153,2026-04-21 19:46:19.690,,y
763,20251229,4604,4,3464,4626,90,1,0,90,0,0,90,2026-04-21 19:46:19.691,,y
764,20251229,4605,4,3465,4626,90,1,0,90,0,0,90,2026-04-21 19:46:19.691,,y
765,20251229,4606,4,3466,4685,50,2,0,100,0,0,100,2026-04-21 19:46:19.691,,y
766,20251229,4607,4,3467,3395,"30
25
25
25","1
1
1
1",0,105,0,0,105,2026-04-21 19:46:19.691,,y
767,20251228,4608,4,3468,3396,"50
25","1
1",0,75,0,0,75,2026-04-21 19:46:19.691,,y
768,20251228,4609,4,3469,4512,58,1,0,58,0,0,58,2026-04-21 19:46:19.691,,y
769,20251228,4610,4,3470,4655,184,1,0,184,0,0,184,2026-04-21 19:46:19.692,,y
770,20251227,4611,4,3471,3399,"50
48","1
1",0,98,0,0,98,2026-04-21 19:46:19.692,,y
771,20251227,4612,4,3472,4517,65,1,0,65,0,0,65,2026-04-21 19:46:19.692,,y
772,20251227,4613,4,3674,4511,30,1,0,30,0,0,30,2026-04-21 19:46:19.692,,y
773,20251227,4614,4,3474,3402,"90
34","1
1",0,124,0,0,124,2026-04-21 19:46:19.692,,y
774,20251226,4615,4,3475,4626,90,1,0,90,0,0,90,2026-04-21 19:46:19.692,,y
775,20251226,4616,4,3476,4745,20,5,0,100,0,0,100,2026-04-21 19:46:19.692,,y
776,20251226,4617,4,3477,4608,30,4,0,120,0,0,120,2026-04-21 19:46:19.692,,y
777,20251226,4618,4,3478,3445,"50
49.9","1
1",0,99.9,0,0,99.9,2026-04-21 19:46:19.693,,y
778,20251225,4619,4,3480,4626,90,1,0,90,0,0,90,2026-04-21 19:46:19.693,,y
779,20251225,4620,4,3480,4626,90,1,0,90,0,0,90,2026-04-21 19:46:19.693,,y
780,20251225,4621,4,3481,4626,90,1,0,90,0,0,90,2026-04-21 19:46:19.693,,y
781,20251225,4622,4,3482,4666,90,1,0,90,0,0,90,2026-04-21 19:46:19.693,,y
782,20251224,4623,4,3483,3411,"20
30
25","1
1
1",0,75,0,0,75,2026-04-21 19:46:19.693,,y
783,20251224,4624,4,3484,4926,90,1,0,90,0,0,90,2026-04-21 19:46:19.693,,y
784,20251224,4625,4,3485,4926,90,1,0,90,0,0,90,2026-04-21 19:46:19.694,,y
785,20251224,4626,4,3486,4926,90,1,0,90,0,0,90,2026-04-21 19:46:19.694,,y
786,20251224,4627,4,3487,4926,90,1,0,90,0,0,90,2026-04-21 19:46:19.695,,y
787,20251224,4628,4,3488,3416,"80
25","1
1",0,105,0,0,105,2026-04-21 19:46:19.695,,y
788,20251224,4629,4,3489,3417,"100
50","1
1",0,150,0,0,150,2026-04-21 19:46:19.695,,y
789,20251224,4630,4,3490,3418,"25
25
30
20","1
1
1
1",0,100,0,0,100,2026-04-21 19:46:19.695,,y
790,20251224,4631,4,3491,4773,25,4,0,100,0,0,100,2026-04-21 19:46:19.695,,y
791,20251224,4632,4,3492,3420,"20
49.9
20","1
1
1",0,89.9,0,0,89.9,2026-04-21 19:46:19.695,,y
792,20251224,4633,4,3493,4512,58,1,0,58,0,0,58,2026-04-21 19:46:19.695,,y
793,20251224,4634,4,3494,3422,"20
20
49.9","1
1
1",0,89.9,0,0,89.9,2026-04-21 19:46:19.695,,y
794,20251224,4635,4,3495,4677,150,1,0,150,0,0,150,2026-04-21 19:46:19.695,,y
795,20251223,4636,4,3496,3424,"45
48
30","1
1
1",0,123,0,0,123,2026-04-21 19:46:19.695,,y
796,20251222,4637,4,3498,3426,"30
49.9","1
1",0,79.9,0,0,79.9,2026-04-21 19:46:19.695,,y
797,20251222,4638,4,3498,3426,"30
49.9","1
1",0,79.9,0,0,79.9,2026-04-21 19:46:19.695,,y
798,20251222,4639,4,3499,4926,90,1,0,90,0,0,90,2026-04-21 19:46:19.695,,y
799,20251219,4640,4,3500,4926,90,1,0,90,0,0,90,2026-04-21 19:46:19.695,,y
800,20251218,4641,4,3501,4626,90,1,0,90,0,0,90,2026-04-21 19:46:19.695,,y
801,20251217,4642,4,3502,3430,"48
45","1
1",0,93,0,0,93,2026-04-21 19:46:19.696,,y
802,20251217,4643,4,3503,4553,49.9,2,0,99.8,0,0,99.8,2026-04-21 19:46:19.696,,y
803,20251217,4644,4,3504,3432,"50
56","1
1",0,106,0,0,106,2026-04-21 19:46:19.696,,y
804,20251215,4645,4,3505,4579,90,1,0,90,0,0,90,2026-04-21 19:46:19.696,,y
805,20251214,4646,4,3506,4926,90,1,0,90,0,0,90,2026-04-21 19:46:19.696,,y
806,20251214,4647,4,3507,3435,"30
30","2
1",0,90,0,0,90,2026-04-21 19:46:19.696,,y
807,20251213,4648,4,3508,3436,"25
25
25
25","1
1
1
1",0,100,0,0,100,2026-04-21 19:46:19.696,,y
808,20251212,4649,4,3509,3437,"80
25","1
1",0,105,0,0,105,2026-04-21 19:46:19.696,,y
809,20251212,4650,4,3510,3438,"49.9
20
20","1
1
1",0,89.9,0,0,89.9,2026-04-21 19:46:19.696,,y
810,20251212,4651,4,3695,4736,119,1,0,119,0,0,119,2026-04-21 19:46:19.696,,y
811,20251211,4652,4,3512,3440,"49.9
34
25","1
1
1",0,108.9,0,0,108.9,2026-04-21 19:46:19.696,,y
812,20251211,4653,4,3513,3441,"65
25","1
1",0,90,0,0,90,2026-04-21 19:46:19.696,,y
813,20251211,4654,4,3514,4736,119,1,0,119,0,0,119,2026-04-21 19:46:19.696,,y
814,20251211,4655,4,3515,4553,49.9,2,0,99.8,0,0,99.8,2026-04-21 19:46:19.696,,y
815,20251211,4656,4,3516,3444,"25
25
49.9","1
1
1",0,99.9,0,0,99.9,2026-04-21 19:46:19.696,,y
816,20251211,4657,4,3517,3445,"50
49.9","1
1",0,99.9,0,0,99.9,2026-04-21 19:46:19.696,,y
817,20251210,4658,4,3518,4584,80,1,0,80,0,0,80,2026-04-21 19:46:19.696,,y
818,20251210,4659,4,3519,4926,90,1,0,90,0,0,90,2026-04-21 19:46:19.696,,y
819,20251210,4660,4,3520,4926,90,1,0,90,0,0,90,2026-04-21 19:46:19.696,,y
820,20251209,4661,4,3521,4626,90,1,0,90,0,0,90,2026-04-21 19:46:19.696,,y
821,20251209,4662,4,3522,4626,90,1,0,90,0,0,90,2026-04-21 19:46:19.697,,y
822,20251208,4663,4,3523,3451,"30
25","2
1",0,85,0,0,85,2026-04-21 19:46:19.697,,y
823,20251205,4664,4,3524,3452,"90
25","1
1",0,115,0,0,115,2026-04-21 19:46:19.697,,y
824,20251205,4665,4,3525,4777,119,1,0,119,0,0,119,2026-04-21 19:46:19.697,,y
825,20251204,4666,4,3526,4626,90,1,0,90,0,0,90,2026-04-21 19:46:19.697,,y
826,20251204,4667,4,3527,4927,119,1,0,119,0,0,119,2026-04-21 19:46:19.697,,y
827,20251203,4668,4,3528,4926,90,1,0,90,0,0,90,2026-04-21 19:46:19.697,,y
828,20251202,4669,4,3529,3457,"50
20
30","1
1
1",0,100,0,0,100,2026-04-21 19:46:19.697,,y
829,20251201,4670,4,3530,3458,"50
49.9","1
1",0,99.9,0,0,99.9,2026-04-21 19:46:19.697,,y
830,20251201,4671,4,3531,4691,25,1,0,25,0,0,25,2026-04-21 19:46:19.697,,y
831,20251201,4672,4,3532,4736,119,1,0,119,0,0,119,2026-04-21 19:46:19.697,,y
832,20251127,4673,4,3533,4667,90,1,0,90,0,0,90,2026-04-21 19:46:19.697,,y
833,20251125,4674,4,3534,3462,"50
25","1
2",0,100,0,0,100,2026-04-21 19:46:19.697,,y
834,20251125,4675,4,3535,3463,"20
35
30","1
1
1",0,85,0,0,85,2026-04-21 19:46:19.697,,y
835,20251123,4676,4,3536,3464,"30
30
30","1
1
1",0,90,0,0,90,2026-04-21 19:46:19.697,,y
836,20251121,4677,4,3537,3531,"34
90","1
1",0,124,0,0,124,2026-04-21 19:46:19.697,,y
837,20251120,4678,4,3538,4584,80,1,0,80,0,0,80,2026-04-21 19:46:19.697,,y
838,20251120,4679,4,3539,3467,"25
25
34","1
1
1",0,84,0,0,84,2026-04-21 19:46:19.697,,y
839,20251117,4680,4,3540,3468,"20
25
25
34","1
1
1
1",0,104,0,0,104,2026-04-21 19:46:19.697,,y
840,20251117,4681,4,3541,4685,50,2,0,100,0,0,100,2026-04-21 19:46:19.697,,y
841,20251114,4682,4,3542,3470,"49.9
25
25","1
1
1",0,99.9,0,0,99.9,2026-04-21 19:46:19.697,,y
842,20251114,4683,4,3543,3471,"30
25
45","1
1
1",0,100,0,0,100,2026-04-21 19:46:19.697,,y
843,20251114,4684,4,3544,3472,"46
50","1
1",0,96,0,0,96,2026-04-21 19:46:19.697,,y
844,20251112,4685,4,3545,3473,"25
30
25","1
1
1",0,80,0,0,80,2026-04-21 19:46:19.698,,y
845,20251111,4686,4,3546,3474,"30
25
30","1
1
2",0,115,0,0,115,2026-04-21 19:46:19.698,,y
846,20251110,4687,4,3547,4744,20,5,0,100,0,0,100,2026-04-21 19:46:19.698,,y
847,20251108,4688,4,3548,3476,"56
50","1
1",0,106,0,0,106,2026-04-21 19:46:19.698,,y
848,20251106,4689,4,3549,3477,"49.9
50","1
1",0,99.9,0,0,99.9,2026-04-21 19:46:19.698,,y
849,20251106,4690,4,3550,3478,"50
25
30","1
1
1",0,105,0,0,105,2026-04-21 19:46:19.698,,y
850,20251104,4691,4,3551,3479,"49.9
49.9","1
1",0,99.8,0,0,99.8,2026-04-21 19:46:19.698,,y
851,20251104,4692,4,3552,4626,90,1,0,90,0,0,90,2026-04-21 19:46:19.698,,y
852,20251102,4693,4,3553,4512,58,1,0,58,0,0,58,2026-04-21 19:46:19.698,,y
853,20251031,4694,4,3554,3482,"80
25","1
1",0,105,0,0,105,2026-04-21 19:46:19.698,,y
854,20251031,4695,4,3555,4926,90,1,0,90,0,0,90,2026-04-21 19:46:19.698,,y
855,20251031,4696,4,3556,3484,"20
20
20
25
25","1
1
1
1
1",0,110,0,0,110,2026-04-21 19:46:19.698,,y
856,20251030,4697,4,3557,4665,90,1,0,90,0,0,90,2026-04-21 19:46:19.698,,y
857,20251030,4698,4,3558,4736,119,1,0,119,0,0,119,2026-04-21 19:46:19.698,,y
858,20251029,4699,4,3559,4584,80,1,0,80,0,0,80,2026-04-21 19:46:19.698,,y
859,20251028,4700,4,3560,3488,"20
20
25
34","1
1
1
1",0,99,0,0,99,2026-04-21 19:46:19.698,,y
860,20251028,4701,4,3561,4777,119,1,0,119,0,0,119,2026-04-21 19:46:19.698,,y
861,20251025,4702,4,3562,4685,50,2,0,100,0,0,100,2026-04-21 19:46:19.698,,y
862,20251023,4703,4,3563,3491,"25
25
30
30","1
1
1
1",0,110,0,0,110,2026-04-21 19:46:19.698,,y
863,20251022,4704,4,3564,4773,25,1,0,25,0,0,25,2026-04-21 19:46:19.698,,y
864,20251022,4705,4,3565,3493,"60
50","1
1",0,110,0,0,110,2026-04-21 19:46:19.698,,y
865,20251020,4706,4,3566,3494,"25
25
25","1
2
1",0,100,0,0,100,2026-04-21 19:46:19.698,,y
866,20251020,4707,4,3567,3495,"49.9
50","1
1",0,99.9,0,0,99.9,2026-04-21 19:46:19.698,,y
867,20251020,4708,4,3568,3496,"20
25","2
2",0,90,0,0,90,2026-04-21 19:46:19.698,,y
868,20251020,4709,4,3569,4926,90,1,0,90,0,0,90,2026-04-21 19:46:19.698,,y
869,20251020,4710,4,3570,3498,"30
25
30
20","1
1
1
1",0,105,0,0,105,2026-04-21 19:46:19.698,,y
870,20251020,4711,4,3571,4626,90,1,0,90,0,0,90,2026-04-21 19:46:19.698,,y
871,20251018,4712,4,3572,3500,"25
45","2
1",0,95,0,0,95,2026-04-21 19:46:19.698,,y
872,20251016,4713,4,3573,3501,"25
30
25","2
1
1",0,105,0,0,105,2026-04-21 19:46:19.698,,y
873,20251014,4714,4,3574,4744,20,4,0,80,0,0,80,2026-04-21 19:46:19.699,,y
874,20251013,4715,4,3577,3503,"30
50","2
1",0,110,0,0,110,2026-04-21 19:46:19.699,,y
875,20251013,4716,4,3576,3504,"25
25
25
25","1
1
1
1",0,100,0,0,100,2026-04-21 19:46:19.699,,y
876,20251013,4717,4,3577,4675,120,1,0,120,0,0,120,2026-04-21 19:46:19.699,,y
877,20251012,4718,4,3578,3506,"30
49.9
25","1
1
1",0,104.9,0,0,104.9,2026-04-21 19:46:19.699,,y
878,20251009,4719,4,3579,3507,"90
20","1
1",0,110,0,0,110,2026-04-21 19:46:19.699,,y
879,20251007,4720,4,3580,4626,90,1,0,90,0,0,90,2026-04-21 19:46:19.699,,y
880,20251003,4721,4,3581,4515,48,1,0,48,0,0,48,2026-04-21 19:46:19.699,,y
881,20251003,4722,4,3582,3510,"20
80","1
1",0,100,0,0,100,2026-04-21 19:46:19.699,,y
882,20250930,4723,4,3583,3511,"20
20
20
20
20","1
1
1
1
1",0,100,0,0,100,2026-04-21 19:46:19.699,,y
883,20250930,4724,4,3584,4926,90,1,0,90,0,0,90,2026-04-21 19:46:19.699,,y
884,20250930,4725,4,3585,3513,"50
30","1
1",0,80,0,0,80,2026-04-21 19:46:19.699,,y
885,20250928,4726,4,3586,3514,"25
25
49.9","1
1
1",0,99.9,0,0,99.9,2026-04-21 19:46:19.699,,y
886,20250927,4727,4,3587,3515,"30
25
30","1
1
1",0,85,0,0,85,2026-04-21 19:46:19.699,,y
887,20250925,4728,4,3730,4720,30,1,0,30,0,0,30,2026-04-21 19:46:19.699,,y
888,20250924,4729,4,3589,3517,"30
30","2
1",0,90,0,0,90,2026-04-21 19:46:19.699,,y
889,20250924,4730,4,3590,3518,"46
50","1
1",0,96,0,0,96,2026-04-21 19:46:19.699,,y
890,20250924,4731,4,3591,4626,90,1,0,90,0,0,90,2026-04-21 19:46:19.699,,y
891,20250923,4732,4,3592,3520,"31
31
36","1
2
2",20,185,0,0,185,2026-04-21 19:46:19.699,,y
892,20250923,4733,4,3593,4736,119,1,0,119,0,0,119,2026-04-21 19:46:19.699,,y
893,20250922,4734,4,3594,4926,90,1,0,90,0,0,90,2026-04-21 19:46:19.699,,y
894,20250919,4735,4,3595,4736,119,1,0,119,0,0,119,2026-04-21 19:46:19.699,,y
895,20250917,4736,4,3596,3524,"34
30
30","1
1
1",0,94,0,0,94,2026-04-21 19:46:19.699,,y
896,20250913,4737,4,3597,4517,65,1,0,65,0,0,65,2026-04-21 19:46:19.699,,y
897,20250910,4738,4,3737,4926,90,1,0,90,0,0,90,2026-04-21 19:46:19.700,,y
898,20250909,4739,4,3599,4742,20,1,0,20,0,0,20,2026-04-21 19:46:19.700,,y
899,20250907,4740,4,3626,4685,50,2,0,100,0,0,100,2026-04-21 19:46:19.700,,y
900,20250905,4741,4,3601,3529,"20
25","2
1",0,65,0,0,65,2026-04-21 19:46:19.700,,y
901,20250904,4742,4,3602,3530,"30
58","1
1",0,88,0,0,88,2026-04-21 19:46:19.700,,y
902,20250903,4743,4,3603,3531,"34
90","1
1",0,124,0,0,124,2026-04-21 19:46:19.700,,y
903,20250903,4744,4,3604,3532,"46
48","1
1",0,94,0,0,94,2026-04-21 19:46:19.700,,y
904,20250901,4745,4,3643,4675,120,1,0,120,0,0,120,2026-04-21 19:46:19.700,,y
905,20250901,4746,4,3606,3534,"25
25
50","1
1
1",0,100,0,0,100,2026-04-21 19:46:19.700,,y
906,20250901,4747,4,3607,3535,"30
25
25
20","1
1
1
1",0,100,0,0,100,2026-04-21 19:46:19.700,,y
907,20250831,4748,4,3608,4624,84,1,0,84,0,0,84,2026-04-21 19:46:19.700,,y
908,20250831,4749,4,3609,4743,20,2,0,40,0,0,40,2026-04-21 19:46:19.700,,y
909,20250831,4750,4,3610,4661,100,1,0,100,0,0,100,2026-04-21 19:46:19.700,,y
910,20250830,4751,4,3611,3542,119,1,0,119,0,0,119,2026-04-21 19:46:19.700,,y
911,20250829,4752,4,3612,3540,"30
35
25","1
1
2",0,115,0,0,115,2026-04-21 19:46:19.700,,y
912,20250829,4753,4,3613,3542,119,1,0,119,0,0,119,2026-04-21 19:46:19.700,,y
913,20250829,4754,4,3614,3542,119,1,0,119,0,0,119,2026-04-21 19:46:19.700,,y
914,20250826,4755,4,3615,3543,"34
30
30","1
1
1",0,94,0,0,94,2026-04-21 19:46:19.700,,y
915,20250826,4756,4,3616,4737,109,1,0,109,0,0,109,2026-04-21 19:46:19.700,,y
916,20250826,4757,4,3617,4515,48,2,0,96,0,0,96,2026-04-21 19:46:19.700,,y
917,20250825,4758,4,3618,4660,100,1,0,100,0,0,100,2026-04-21 19:46:19.700,,y
918,20250825,4759,4,3619,3547,"25
35","2
1",0,85,0,0,85,2026-04-21 19:46:19.700,,y
919,20250824,4760,4,3620,3548,"80
20","1
1",0,100,0,0,100,2026-04-21 19:46:19.700,,y
920,20250823,4761,4,3621,3549,"45
90","1
1",0,135,0,0,135,2026-04-21 19:46:19.700,,y
921,20250822,4762,4,3622,4633,90,1,0,90,0,0,90,2026-04-21 19:46:19.700,,y
922,20250821,4763,4,3623,3551,85,1,0,85,0,0,85,2026-04-21 19:46:19.700,,y
923,20250821,4764,4,3624,4662,100,1,0,100,0,0,100,2026-04-21 19:46:19.701,,y
924,20250821,4765,4,3625,4661,100,1,0,100,0,0,100,2026-04-21 19:46:19.701,,y
925,20250820,4766,4,3626,4685,50,2,0,100,0,0,100,2026-04-21 19:46:19.701,,y
926,20250820,4767,4,3627,3555,"50
50","1
1",0,100,0,0,100,2026-04-21 19:46:19.701,,y
927,20250820,4768,4,3628,3556,"49.9
50","1
1",0,99.9,0,0,99.9,2026-04-21 19:46:19.701,,y
928,20250820,4769,4,3629,4626,90,1,0,90,0,0,90,2026-04-21 19:46:19.701,,y
929,20250820,4770,4,3630,4662,100,1,0,100,0,0,100,2026-04-21 19:46:19.701,,y
930,20250820,4771,4,3631,4662,100,1,0,100,0,0,100,2026-04-21 19:46:19.701,,y
931,20250820,4772,4,3632,3560,"45
30","1
2",0,105,0,0,105,2026-04-21 19:46:19.701,,y
932,20250819,4773,4,3633,3561,"90
50
15","1
1
1",0,155,0,0,155,2026-04-21 19:46:19.701,,y
933,20250819,4774,4,3634,3562,"25
25","1
3",0,100,0,0,100,2026-04-21 19:46:19.701,,y
934,20250818,4775,4,3635,3563,"50
55","1
1",0,105,0,0,105,2026-04-21 19:46:19.701,,y
935,20250818,4776,4,3636,3564,"34
30
40","1
1
1",0,104,0,0,104,2026-04-21 19:46:19.701,,y
936,20250818,4777,4,3637,3565,"25
49.9","1
1",0,74.9,0,0,74.9,2026-04-21 19:46:19.701,,y
937,20250818,4778,4,3839,3566,"25
70","1
1",0,95,0,0,95,2026-04-21 19:46:19.701,,y
938,20250816,4779,4,3639,4514,49.9,2,0,99.8,0,0,99.8,2026-04-21 19:46:19.701,,y
939,20250813,4780,4,3640,3568,"45
50","1
1",0,95,0,0,95,2026-04-21 19:46:19.701,,y
940,20250813,4781,4,3641,3569,"45
35
20","1
1
1",0,100,0,0,100,2026-04-21 19:46:19.701,,y
941,20250812,4782,4,3642,3570,"40
30","2
1",0,110,0,0,110,2026-04-21 19:46:19.701,,y
942,20250811,4783,4,3643,4641,219,1,0,219,0,0,219,2026-04-21 19:46:19.701,,y
943,20250811,4784,4,3644,4662,100,1,0,100,0,0,100,2026-04-21 19:46:19.701,,y
944,20250811,4785,4,3645,3817,"30
45","1
1",0,75,0,0,75,2026-04-21 19:46:19.701,,y
945,20250810,4786,4,3699,4608,25,1,0,25,0,0,25,2026-04-21 19:46:19.701,,y
946,20250809,4787,4,3647,4676,150,1,0,150,0,0,150,2026-04-21 19:46:19.701,,y
947,20250809,4788,4,3648,4695,92,1,0,92,0,0,92,2026-04-21 19:46:19.701,,y
948,20250807,4789,4,3649,4514,49.9,1,0,49.9,0,0,49.9,2026-04-21 19:46:19.701,,y
949,20250806,4790,4,3650,3738,92,1,0,92,0,0,92,2026-04-21 19:46:19.701,,y
950,20250806,4791,4,3651,3579,"50
34
15","1
1
1",0,99,0,0,99,2026-04-21 19:46:19.701,,y
951,20250806,4792,4,3652,3580,"50
18
18","1
1
1",0,86,0,0,86,2026-04-21 19:46:19.702,,y
952,20250805,4793,4,3653,3581,"45
49.9","1
1",0,94.9,0,0,94.9,2026-04-21 19:46:19.702,,y
953,20250805,4794,4,3654,3582,"20
35
20","1
1
2",0,95,0,0,95,2026-04-21 19:46:19.702,,y
954,20250805,4795,4,3655,3583,"70
20","1
1",0,90,0,0,90,2026-04-21 19:46:19.702,,y
955,20250804,4796,4,3656,3584,"34
15
50","1
1
1",0,99,0,0,99,2026-04-21 19:46:19.702,,y
956,20250804,4797,4,3657,4626,90,1,0,90,0,0,90,2026-04-21 19:46:19.702,,y
957,20250804,4798,4,3658,4633,90,1,0,90,0,0,90,2026-04-21 19:46:19.702,,y
958,20250804,4799,4,3659,4624,84,1,0,84,0,0,84,2026-04-21 19:46:19.702,,y
959,20250804,4800,4,3660,3588,"48
30","1
1",0,78,0,0,78,2026-04-21 19:46:19.702,,y
960,20250804,4801,4,3661,3596,"100
34","1
1",0,134,0,0,134,2026-04-21 19:46:19.702,,y
961,20250803,4802,4,3662,3590,"45
49.9","1
1",0,94.9,0,0,94.9,2026-04-21 19:46:19.702,,y
962,20250802,4803,4,3663,3591,"90
25","1
1",0,115,0,0,115,2026-04-21 19:46:19.702,,y
963,20250801,4804,4,3664,4662,100,1,0,100,0,0,100,2026-04-21 19:46:19.702,,y
964,20250728,4805,4,3665,3593,"46
45","1
1",0,91,0,0,91,2026-04-21 19:46:19.702,,y
965,20250721,4806,4,3666,3594,"58
45","1
1",0,103,0,0,103,2026-04-21 19:46:19.702,,y
966,20250721,4807,4,3667,3700,"50
50","1
1",0,100,0,0,100,2026-04-21 19:46:19.702,,y
967,20250718,4808,4,3668,3596,"100
34","1
1",0,134,0,0,134,2026-04-21 19:46:19.702,,y
968,20250718,4809,4,3669,3597,86,1,0,86,0,0,86,2026-04-21 19:46:19.702,,y
969,20250717,4810,4,3670,3598,"48
45","1
1",0,93,0,0,93,2026-04-21 19:46:19.702,,y
970,20250715,4811,4,3671,4624,84,1,0,84,0,0,84,2026-04-21 19:46:19.702,,y
971,20250715,4812,4,3672,4634,90,1,0,90,0,0,90,2026-04-21 19:46:19.702,,y
972,20250715,4813,4,3673,4517,65,1,0,65,0,0,65,2026-04-21 19:46:19.702,,y
973,20250714,4814,4,3674,4511,30,1,0,30,0,0,30,2026-04-21 19:46:19.702,,y
974,20250714,4815,4,3675,4685,50,2,0,100,0,0,100,2026-04-21 19:46:19.702,,y
975,20250712,4816,4,3676,3690,86,1,0,86,0,0,86,2026-04-21 19:46:19.702,,y
976,20250710,4817,4,3677,3605,"25
35
35","1
1
1",0,95,0,0,95,2026-04-21 19:46:19.702,,y
977,20250708,4818,4,3678,4511,30,1,0,30,0,0,30,2026-04-21 19:46:19.702,,y
978,20250708,4819,4,3679,3607,"50
45","1
1",0,95,0,0,95,2026-04-21 19:46:19.703,,y
979,20250708,4820,4,3680,4511,30,1,0,30,0,0,30,2026-04-21 19:46:19.703,,y
980,20250707,4821,4,3681,3609,"80
34","1
1",0,114,0,0,114,2026-04-21 19:46:19.703,,y
981,20250704,4822,4,3682,3610,"18
15
15
20
20
20","1
1
1
1
1
1",0,108,0,0,108,2026-04-21 19:46:19.703,,y
982,20250704,4823,4,3683,4573,90,1,0,90,0,0,90,2026-04-21 19:46:19.703,,y
983,20250702,4824,4,3684,3612,"49.9
34
15","1
1
1",0,98.9,0,0,98.9,2026-04-21 19:46:19.703,,y
984,20250701,4825,4,3685,3613,"45
50","1
1",0,95,0,0,95,2026-04-21 19:46:19.703,,y
985,20250701,4826,4,3686,4674,120,1,0,120,0,0,120,2026-04-21 19:46:19.703,,y
986,20250701,4827,4,3687,3780,"50
45","1
1",0,95,0,0,95,2026-04-21 19:46:19.703,,y
987,20250630,4828,4,3688,3616,"25
45","2
1",0,95,0,0,95,2026-04-21 19:46:19.703,,y
988,20250625,4829,4,3689,3768,"25
25","2
2",0,100,0,0,100,2026-04-21 19:46:19.703,,y
989,20250625,4830,4,3690,4684,50,1,0,50,0,0,50,2026-04-21 19:46:19.703,,y
990,20250624,4831,4,3691,3619,"15
15
20
49.9","1
1
1
1",0,99.9,0,0,99.9,2026-04-21 19:46:19.703,,y
991,20250620,4832,4,3692,3620,"25
25","3
1",0,100,0,0,100,2026-04-21 19:46:19.703,,y
992,20250620,4833,4,3693,3621,"35
25
25","1
2
1",0,110,0,0,110,2026-04-21 19:46:19.703,,y
993,20250619,4834,4,3694,3622,"35
25
15","1
2
1",0,100,0,0,100,2026-04-21 19:46:19.703,,y
994,20250618,4835,4,3695,3623,"90
15","1
1",0,105,0,0,105,2026-04-21 19:46:19.703,,y
995,20250616,4836,4,3696,4622,25,4,0,100,0,0,100,2026-04-21 19:46:19.703,,y
996,20250613,4837,4,3697,4684,50,1,0,50,0,0,50,2026-04-21 19:46:19.703,,y
997,20250612,4838,4,3698,4579,90,1,0,90,0,0,90,2026-04-21 19:46:19.703,,y
998,20250612,4839,4,3699,3627,"35
25","1
1",0,60,0,0,60,2026-04-21 19:46:19.703,,y
999,20250612,4840,4,3700,3628,86,1,0,86,0,0,86,2026-04-21 19:46:19.703,,y
1000,20250612,4841,4,3701,3629,"25
30
15
25","1
1
1
1",0,95,0,0,95,2026-04-21 19:46:19.703,,y
1001,20250612,4842,4,3702,4521,34,3,0,102,0,0,102,2026-04-21 19:46:19.703,,y
1002,20250612,4843,4,3703,3631,"25
25
35
15","1
1
1
1",0,100,0,0,100,2026-04-21 19:46:19.703,,y
1003,20250612,4844,4,3704,3632,"34
25
45","1
1
1",0,104,0,0,104,2026-04-21 19:46:19.703,,y
1004,20250611,4845,4,3705,3690,86,1,0,86,0,0,86,2026-04-21 19:46:19.703,,y
1005,20250611,4846,4,3706,4579,90,1,0,90,0,0,90,2026-04-21 19:46:19.703,,y
1006,20250611,4847,4,3707,4511,30,1,0,30,0,0,30,2026-04-21 19:46:19.703,,y
1007,20250609,4848,4,3708,3636,"50
50","1
1",0,100,0,0,100,2026-04-21 19:46:19.703,,y
1008,20250607,4849,4,3709,4606,25,4,0,100,0,0,100,2026-04-21 19:46:19.704,,y
1009,20250605,4850,4,3710,4662,129,1,0,129,0,0,129,2026-04-21 19:46:19.704,,y
1010,20250605,4851,4,3711,4573,90,1,0,90,0,0,90,2026-04-21 19:46:19.704,,y
1011,20250603,4852,4,3712,4912,92,1,0,92,0,0,92,2026-04-21 19:46:19.704,,y
1012,20250602,4853,4,3713,4511,30,1,0,30,0,0,30,2026-04-21 19:46:19.704,,y
1013,20250530,4854,4,3714,4514,49.9,1,0,49.9,0,0,49.9,2026-04-21 19:46:19.704,,y
1014,20250530,4855,4,3715,3643,"50
90
20","1
1
1",0,160,0,0,160,2026-04-21 19:46:19.704,,y
1015,20250530,4856,4,3716,3738,92,1,0,92,0,0,92,2026-04-21 19:46:19.704,,y
1016,20250529,4857,4,3741,4514,49.9,1,0,49.9,0,0,49.9,2026-04-21 19:46:19.704,,y
1017,20250528,4858,4,3718,3646,"25
35","1
1",0,60,0,0,60,2026-04-21 19:46:19.704,,y
1018,20250526,4859,4,3719,3676,"90
25","1
1",0,115,0,0,115,2026-04-21 19:46:19.704,,y
1019,20250526,4860,4,3720,3648,"65
35","1
1",0,100,0,0,100,2026-04-21 19:46:19.704,,y
1020,20250525,4861,4,3721,4634,90,1,0,90,0,0,90,2026-04-21 19:46:19.704,,y
1021,20250523,4862,4,3722,4606,25,1,0,25,0,0,25,2026-04-21 19:46:19.704,,y
1022,20250523,4863,4,3723,4606,25,1,0,25,0,0,25,2026-04-21 19:46:19.704,,y
1023,20250522,4864,4,3724,4675,120,1,0,120,0,0,120,2026-04-21 19:46:19.704,,y
1024,20250521,4865,4,3728,3653,145,1,0,145,0,0,145,2026-04-21 19:46:19.704,,y
1025,20250521,4866,4,3726,3654,"45
25
25","1
1
1",0,95,0,0,95,2026-04-21 19:46:19.704,,y
1026,20250519,4867,4,3727,4915,120,1,0,120,0,0,120,2026-04-21 19:46:19.704,,y
1027,20250519,4868,4,3728,4647,399,1,0,399,0,0,399,2026-04-21 19:46:19.704,,y
1028,20250519,4869,4,3729,3657,"50
50
50
25","1
1
1
3",0,225,0,0,225,2026-04-21 19:46:19.704,,y
1029,20250519,4870,4,3730,4606,25,2,0,50,0,0,50,2026-04-21 19:46:19.704,,y
1030,20250518,4871,4,3731,3659,"25
15
15
20
15","1
1
1
1
1",0,90,0,0,90,2026-04-21 19:46:19.704,,y
1031,20250518,4872,4,3732,4579,90,1,0,90,0,0,90,2026-04-21 19:46:19.704,,y
1032,20250517,4873,4,3733,3661,"45
25
25","1
1
1",0,95,0,0,95,2026-04-21 19:46:19.704,,y
1033,20250516,4874,4,3734,4684,50,1,0,50,0,0,50,2026-04-21 19:46:19.704,,y
1034,20250516,4875,4,3735,4685,50,1,0,50,0,0,50,2026-04-21 19:46:19.704,,y
1035,20250515,4876,4,3736,3664,"45
20
15
15","2
1
1
2",0,155,0,0,155,2026-04-21 19:46:19.704,,y
1036,20250514,4877,4,3737,4557,0,1,100,100,0,0,100,2026-04-21 19:46:19.704,,y
1037,20250514,4878,4,3738,4662,29,1,100,129,0,0,129,2026-04-21 19:46:19.704,,y
1038,20250513,4879,4,3739,4633,90,1,0,90,0,0,90,2026-04-21 19:46:19.704,,y
1039,20250512,4880,4,3740,3668,"49.9
25","1
1",0,74.9,0,0,74.9,2026-04-21 19:46:19.704,,y
1040,20250512,4881,4,3741,4606,25,1,0,25,0,0,25,2026-04-21 19:46:19.705,,y
1041,20250510,4882,4,3742,4516,45,1,0,45,0,0,45,2026-04-21 19:46:19.705,,y
1042,20250509,4883,4,3743,3671,"45
50","1
1",0,95,0,0,95,2026-04-21 19:46:19.705,,y
1043,20250509,4884,4,3744,4684,50,2,0,100,0,0,100,2026-04-21 19:46:19.705,,y
1044,20250509,4885,4,3745,4684,50,1,0,50,0,0,50,2026-04-21 19:46:19.705,,y
1045,20250508,4886,4,3746,4912,92,1,0,92,0,0,92,2026-04-21 19:46:19.705,,y
1046,20250506,4887,4,3747,3675,"50
35
25","1
1
1",0,110,0,0,110,2026-04-21 19:46:19.705,,y
1047,20250506,4888,4,3748,3676,"90
25","1
1",0,115,0,0,115,2026-04-21 19:46:19.705,,y
1048,20250505,4889,4,3749,3677,"34
50
25","1
1
1",0,109,0,0,109,2026-04-21 19:46:19.705,,y
1049,20250505,4890,4,3750,3678,"45
25
45","1
1
1",0,115,0,0,115,2026-04-21 19:46:19.705,,y
1050,20250503,4891,4,3751,3679,"25
49.9","2
1",0,99.9,0,0,99.9,2026-04-21 19:46:19.705,,y
1051,20250430,4892,4,3752,3680,"115
35","1
1",0,150,0,0,150,2026-04-21 19:46:19.705,,y
1052,20250426,4893,4,3753,3681,"50
25","1
2",0,100,0,0,100,2026-04-21 19:46:19.705,,y
1053,20250424,4894,4,3754,3682,"45
45","1
1",0,90,0,0,90,2026-04-21 19:46:19.705,,y
1054,20250424,4895,4,3755,4626,90,1,0,90,0,0,90,2026-04-21 19:46:19.705,,y
1055,20250424,4896,4,3756,3684,"25
35","1
1",0,60,0,0,60,2026-04-21 19:46:19.705,,y
1056,20250423,4897,4,3757,3685,"25
45
15","1
1
1",0,85,0,0,85,2026-04-21 19:46:19.705,,y
1057,20250423,4898,4,3758,4914,92,1,0,92,0,0,92,2026-04-21 19:46:19.705,,y
1058,20250422,4899,4,3759,4606,25,4,0,100,0,0,100,2026-04-21 19:46:19.705,,y
1059,20250422,4900,4,3760,3688,"45
115","1
1",0,160,0,0,160,2026-04-21 19:46:19.705,,y
1060,20250421,4901,4,3761,3689,"25
45","2
1",0,95,0,0,95,2026-04-21 19:46:19.705,,y
1061,20250417,4902,4,3762,3690,86,1,0,86,0,0,86,2026-04-21 19:46:19.705,,y
1062,20250417,4903,4,3763,3691,"30
65","1
1",0,95,0,0,95,2026-04-21 19:46:19.705,,y
1063,20250416,4904,4,3764,3692,"25
129","1
1",0,154,0,0,154,2026-04-21 19:46:19.705,,y
1064,20250416,4905,4,3765,3693,"48
25
18","1
1
1",0,91,0,0,91,2026-04-21 19:46:19.705,,y
1065,20250415,4906,4,3766,4517,65,1,0,65,0,0,65,2026-04-21 19:46:19.705,,y
1066,20250412,4907,4,3767,3695,"75
15","1
1",30,120,0,0,120,2026-04-21 19:46:19.705,,y
1067,20250411,4908,4,3768,3709,"25
50","2
1",0,100,0,0,100,2026-04-21 19:46:19.705,,y
1068,20250411,4909,4,3769,4652,86,1,0,86,0,0,86,2026-04-21 19:46:19.705,,y
1069,20250409,4910,4,3770,3709,"25
50","2
1",0,100,0,0,100,2026-04-21 19:46:19.705,,y
1070,20250409,4911,4,3771,3699,"65
58
48
48","1
1
2
1",0,267,0,0,267,2026-04-21 19:46:19.705,,y
1071,20250409,4912,4,3772,3700,"50
50","1
1",0,100,0,0,100,2026-04-21 19:46:19.705,,y
1072,20250408,4913,4,3773,3701,"20
30","1
2",0,80,0,0,80,2026-04-21 19:46:19.705,,y
1073,20250403,4914,4,3774,4684,50,1,0,50,0,0,50,2026-04-21 19:46:19.705,,y
1074,20250402,4915,4,3775,3722,129,1,0,129,0,0,129,2026-04-21 19:46:19.705,,y
1075,20250402,4916,4,3776,3704,"45
50","1
1",0,95,0,0,95,2026-04-21 19:46:19.706,,y
1076,20250331,4917,4,3917,4684,50,1,0,50,0,0,50,2026-04-21 19:46:19.706,,y
1077,20250331,4918,4,3918,3706,"50
25
15
20","1
1
1
1",0,110,0,0,110,2026-04-21 19:46:19.706,,y
1078,20250331,4919,4,3919,4684,50,1,0,50,0,0,50,2026-04-21 19:46:19.706,,y
1079,20250330,4920,4,3780,3708,"50
129
129","1
1
1",0,308,0,0,308,2026-04-21 19:46:19.706,,y
1080,20250330,4921,4,3781,3709,"25
50","2
1",0,100,0,0,100,2026-04-21 19:46:19.706,,y
1081,20250330,4922,4,3782,4684,50,1,0,50,0,0,50,2026-04-21 19:46:19.706,,y
1082,20250327,4923,4,3783,3711,"86
15","1
1",0,101,0,0,101,2026-04-21 19:46:19.706,,y
1083,20250327,4924,4,3784,3712,"16.5
34
30
85
65
115
125","12
3
12
2
3
2
2",0,1505,0,0,1505,2026-04-21 19:46:19.706,,y
1084,20250320,4925,4,3861,3713,"35
49.9","1
1",0,84.9,0,0,84.9,2026-04-21 19:46:19.706,,y
1085,20250318,4926,4,3786,4662,129,1,0,129,0,0,129,2026-04-21 19:46:19.706,,y
1086,20250318,4927,4,3787,3715,"25
35
45","1
1
1",0,105,0,0,105,2026-04-21 19:46:19.706,,y
1087,20250317,4928,4,3788,4653,129,1,0,129,0,0,129,2026-04-21 19:46:19.706,,y
1088,20250307,4929,4,3789,3722,129,1,0,129,0,0,129,2026-04-21 19:46:19.706,,y
1089,20250307,4930,4,3790,3718,"120
15
15","1
1
1",0,150,0,0,150,2026-04-21 19:46:19.706,,y
1090,20250306,4931,4,3791,3719,"129
129","1
1",0,258,0,0,258,2026-04-21 19:46:19.706,,y
1091,20250306,4932,4,3792,4662,129,2,0,258,0,0,258,2026-04-21 19:46:19.706,,y
1092,20250306,4933,4,3793,4912,92,1,0,92,0,0,92,2026-04-21 19:46:19.706,,y
1093,20250304,4934,4,3794,3722,129,1,0,129,0,0,129,2026-04-21 19:46:19.707,,y
1094,20250302,4935,4,3795,4633,64,1,26,90,0,0,90,2026-04-21 19:46:19.707,,y
1095,20250302,4936,4,3796,3724,86,2,0,172,0,0,172,2026-04-21 19:46:19.707,,y
1096,20250302,4937,4,3797,3762,"90
16.5","1
4",0,156,0,0,156,2026-04-21 19:46:19.707,,y
1097,20250302,4938,4,3798,3726,"35
45
50","1
1
1",0,130,0,0,130,2026-04-21 19:46:19.707,,y
1098,20250301,4939,4,3799,3729,129,1,0,129,0,0,129,2026-04-21 19:46:19.707,,y
1099,20250301,4940,4,3800,3729,129,2,0,258,0,0,258,2026-04-21 19:46:19.707,,y
1100,20250301,4941,4,3801,3729,129,1,0,129,0,0,129,2026-04-21 19:46:19.707,,y
1101,20250226,4942,4,3802,3730,"50
35","1
1",0,85,0,0,85,2026-04-21 19:46:19.707,,y
1102,20250226,4943,4,3803,4606,25,1,0,25,0,0,25,2026-04-21 19:46:19.707,,y
1103,20250224,4944,4,3804,4912,92,1,0,92,0,0,92,2026-04-21 19:46:19.707,,y
1104,20250223,4945,4,3805,4606,25,1,0,25,0,0,25,2026-04-21 19:46:19.707,,y
1105,20250221,4946,4,3806,3738,92,1,0,92,0,0,92,2026-04-21 19:46:19.707,,y
1106,20250219,4947,4,3920,3735,"48
65","1
1",0,113,0,0,113,2026-04-21 19:46:19.707,,y
1107,20250219,4948,4,3921,4830,20,1,0,20,0,0,20,2026-04-21 19:46:19.707,,y
1108,20250218,4949,4,3809,3737,"34
40
34","1
1
1",0,108,0,0,108,2026-04-21 19:46:19.707,,y
1109,20250215,4950,4,3810,3738,92,1,0,92,0,0,92,2026-04-21 19:46:19.707,,y
1110,20250215,4951,4,3811,3772,"50
50","1
1",0,100,0,0,100,2026-04-21 19:46:19.707,,y
1111,20250214,4952,4,3812,4606,25,1,0,25,0,0,25,2026-04-21 19:46:19.707,,y
1112,20250214,4953,4,3813,4606,25,1,0,25,0,0,25,2026-04-21 19:46:19.707,,y
1113,20250214,4954,4,3814,3742,"45
15
15
20","1
1
1
1",0,95,0,0,95,2026-04-21 19:46:19.707,,y
1114,20250213,4955,4,3815,4622,25,1,0,25,0,0,25,2026-04-21 19:46:19.707,,y
1115,20250213,4956,4,3816,4604,50,1,0,50,0,0,50,2026-04-21 19:46:19.707,,y
1116,20250213,4957,4,3817,4622,25,1,0,25,0,0,25,2026-04-21 19:46:19.707,,y
1117,20250213,4958,4,3818,4604,50,1,0,50,0,0,50,2026-04-21 19:46:19.707,,y
1118,20250213,4959,4,3819,4604,50,1,0,50,0,0,50,2026-04-21 19:46:19.707,,y
1119,20250213,4960,4,3820,3748,"25
25","1
1",0,50,0,0,50,2026-04-21 19:46:19.707,,y
1120,20250213,4961,4,3821,4606,25,2,0,50,0,0,50,2026-04-21 19:46:19.708,,y
1121,20250213,4962,4,3822,4608,25,1,0,25,0,0,25,2026-04-21 19:46:19.708,,y
1122,20250213,4963,4,3823,4608,25,1,0,25,0,0,25,2026-04-21 19:46:19.708,,y
1123,20250213,4964,4,3824,4606,25,1,0,25,0,0,25,2026-04-21 19:46:19.708,,y
1124,20250213,4965,4,3825,4606,25,1,0,25,0,0,25,2026-04-21 19:46:19.708,,y
1125,20250213,4966,4,3826,4604,50,1,0,50,0,0,50,2026-04-21 19:46:19.708,,y
1126,20250213,4967,4,3827,4606,25,1,0,25,0,0,25,2026-04-21 19:46:19.708,,y
1127,20250213,4968,4,3828,4606,25,1,0,25,0,0,25,2026-04-21 19:46:19.708,,y
1128,20250213,4969,4,3829,4604,50,1,0,50,0,0,50,2026-04-21 19:46:19.708,,y
1129,20250213,4970,4,3830,4608,25,2,0,50,0,0,50,2026-04-21 19:46:19.708,,y
1130,20250213,4971,4,3831,3759,"85
30","1
1",0,115,0,0,115,2026-04-21 19:46:19.708,,y
1131,20250213,4972,4,3832,4608,25,1,0,25,0,0,25,2026-04-21 19:46:19.708,,y
1132,20250213,4973,4,3833,4604,50,1,0,50,0,0,50,2026-04-21 19:46:19.708,,y
1133,20250213,4974,4,3834,3762,"90
16.5","1
1",0,106.5,0,0,106.5,2026-04-21 19:46:19.708,,y
1134,20250213,4975,4,3835,4606,25,1,0,25,0,0,25,2026-04-21 19:46:19.708,,y
1135,20250213,4977,4,3836,4622,25,1,0,25,0,0,25,2026-04-21 19:46:19.708,,y
1136,20250213,4978,4,3837,3766,60,1,0,60,0,0,60,2026-04-21 19:46:19.708,,y
1137,20250213,4979,4,3838,4606,25,1,0,25,0,0,25,2026-04-21 19:46:19.708,,y
1138,20250212,4980,4,3839,3768,"25
25","1
1",0,50,0,0,50,2026-04-21 19:46:19.708,,y
1139,20250212,4981,4,3840,4606,25,1,0,25,0,0,25,2026-04-21 19:46:19.708,,y
1140,20250212,4982,4,3841,3770,"20
20
20","2
2
2",30,150,0,0,150,2026-04-21 19:46:19.708,,y
1141,20250212,4983,4,3842,4604,50,1,0,50,0,0,50,2026-04-21 19:46:19.708,,y
1142,20250212,4984,4,3843,3772,"50
50","1
1",0,100,0,0,100,2026-04-21 19:46:19.709,,y
1143,20250212,4985,4,3844,3773,"45
25
25","1
1
1",0,95,0,0,95,2026-04-21 19:46:19.709,,y
1144,20250212,4986,4,3845,4604,50,1,0,50,0,0,50,2026-04-21 19:46:19.709,,y
1145,20250211,4987,4,3846,4606,25,1,0,25,0,0,25,2026-04-21 19:46:19.709,,y
1146,20250211,4988,4,3847,3776,50,2,0,100,0,0,100,2026-04-21 19:46:19.709,,y
1147,20250210,4989,4,3848,4573,90,1,0,90,0,0,90,2026-04-21 19:46:19.709,,y
1148,20250210,4990,4,3849,3778,"92
17","1
1",0,109,0,0,109,2026-04-21 19:46:19.709,,y
1149,20250208,4991,4,3850,3779,"45
34
20","1
1
1",0,99,0,0,99,2026-04-21 19:46:19.709,,y
1150,20250206,4992,4,3851,3780,"50
45","1
1",0,95,0,0,95,2026-04-21 19:46:19.709,,y
1151,20250206,4993,4,3852,3781,"70
35","1
1",0,105,0,0,105,2026-04-21 19:46:19.709,,y
1152,20250205,4994,4,3921,3782,"20
20
17
15","1
1
1
1",0,72,0,0,72,2026-04-21 19:46:19.709,,y
1153,20250204,4995,4,3854,4511,30,1,0,30,0,0,30,2026-04-21 19:46:19.709,,y
1154,20250203,4996,4,3855,3784,"20
34
45","1
1
1",0,99,0,0,99,2026-04-21 19:46:19.709,,y
1155,20250129,4997,4,3856,3785,"45
45","1
1",0,90,0,0,90,2026-04-21 19:46:19.709,,y
1156,20250129,4998,4,3857,3786,"70
20","1
1",0,90,0,0,90,2026-04-21 19:46:19.709,,y
1157,20250128,4999,4,3858,3787,"34
45","1
1",0,79,0,0,79,2026-04-21 19:46:19.709,,y
1158,20250125,5000,4,3859,3788,"20
20
45","1
2
1",0,105,0,0,105,2026-04-21 19:46:19.709,,y
1159,20250124,5001,4,3860,4573,90,1,0,90,0,0,90,2026-04-21 19:46:19.709,,y
1160,20250124,5002,4,3861,4574,50,2,0,100,0,0,100,2026-04-21 19:46:19.709,,y
1161,20250120,5003,4,3862,4573,90,1,0,90,0,0,90,2026-04-21 19:46:19.709,,y
1162,20250120,5004,4,3863,3792,"35
15
20
15","1
1
1
2",0,100,0,0,100,2026-04-21 19:46:19.709,,y
1163,20250118,5005,4,3864,4513,46,1,0,46,0,0,46,2026-04-21 19:46:19.709,,y
1164,20250114,5006,4,3865,4511,30,1,0,30,0,0,30,2026-04-21 19:46:19.709,,y
1165,20250114,5007,4,3866,4511,30,1,0,30,0,0,30,2026-04-21 19:46:19.709,,y
1166,20250111,5008,4,3867,4515,48,1,0,48,0,0,48,2026-04-21 19:46:19.709,,y
1167,20250106,5009,4,3868,3797,120,1,0,120,0,0,120,2026-04-21 19:46:19.709,,y
1168,20250103,5010,4,3869,4512,58,1,0,58,0,0,58,2026-04-21 19:46:19.709,,y
1169,20241227,5011,4,3870,4511,30,1,0,30,0,0,30,2026-04-21 19:46:19.709,,y
1170,20241225,5012,4,3871,4511,30,1,0,30,0,0,30,2026-04-21 19:46:19.710,,y
1171,20241224,5013,4,3872,3801,20,3,0,60,0,0,60,2026-04-21 19:46:19.710,,y
1172,20241224,5014,4,3873,3802,"58
46","1
1",0,104,0,0,104,2026-04-21 19:46:19.710,,y
1173,20241223,5015,4,3874,4511,30,1,0,30,0,0,30,2026-04-21 19:46:19.710,,y
1174,20241210,5016,4,3875,3804,28,1,0,28,0,0,28,2026-04-21 19:46:19.710,,y
1175,20241125,5017,4,3876,4514,70,1,0,70,0,0,70,2026-04-21 19:46:19.710,,y
1176,20241123,5018,4,3877,4511,30,1,0,30,0,0,30,2026-04-21 19:46:19.710,,y
1177,20241107,5019,4,3878,3807,15,3,0,45,0,0,45,2026-04-21 19:46:19.710,,y
1178,20241107,5020,4,3879,4514,70,1,0,70,0,0,70,2026-04-21 19:46:19.710,,y
1179,20241002,5021,4,3880,3809,"40
30","2
1",0,110,0,0,110,2026-04-21 19:46:19.710,,y
1180,20240926,5022,4,3881,4515,48,1,0,48,0,0,48,2026-04-21 19:46:19.710,,y
1181,20240906,5023,4,3882,3811,180,1,0,180,0,0,180,2026-04-21 19:46:19.710,,y
1182,20240827,5024,4,3883,3812,55,1,0,55,0,0,55,2026-04-21 19:46:19.710,,y
1183,20240827,5025,4,3884,4511,30,1,0,30,0,0,30,2026-04-21 19:46:19.710,,y
1184,20240817,5026,4,3885,4517,65,1,0,65,0,0,65,2026-04-21 19:46:19.710,,y
1185,20240805,5027,4,3886,4512,58,1,0,58,0,0,58,2026-04-21 19:46:19.711,,y
1186,20240730,5028,4,3887,3817,"30
45","1
1",0,75,0,0,75,2026-04-21 19:46:19.711,,y
1187,20240721,5029,4,3888,3817,"30
45","1
1",0,75,0,0,75,2026-04-21 19:46:19.711,,y
1188,20240704,5030,4,3889,3818,14,1,0,14,0,0,14,2026-04-21 19:46:19.711,,y
1189,20240630,5031,4,3890,3819,"46
65
30
28","1
1
1
1",0,169,0,0,169,2026-04-21 19:46:19.711,,y
1190,20240611,5032,4,3891,4511,30,1,0,30,0,0,30,2026-04-21 19:46:19.711,,y
1191,20240610,5033,4,3892,4511,30,1,0,30,0,0,30,2026-04-21 19:46:19.711,,y
1192,20240527,5034,4,3893,3822,"15
15
15","1
1
1",0,45,0,0,45,2026-04-21 19:46:19.711,,y
1193,20240507,5035,4,3894,4511,30,1,0,30,0,0,30,2026-04-21 19:46:19.711,,y
1194,20240328,5036,4,3895,4511,30,1,0,30,0,0,30,2026-04-21 19:46:19.711,,y
1195,20240324,5037,4,3896,3825,"17
12","1
1",0,29,0,0,29,2026-04-21 19:46:19.711,,y
1196,20240318,5038,4,3897,3826,30,1,0,30,0,0,30,2026-04-21 19:46:19.711,,y
1197,20240313,5039,4,3898,3827,17,2,0,34,0,0,34,2026-04-21 19:46:19.711,,y
1198,20240220,5040,4,3899,3828,"6
6
6","1
1
1",0,18,0,0,18,2026-04-21 19:46:19.711,,y
1199,20231230,5041,4,3900,4511,30,1,0,30,0,0,30,2026-04-21 19:46:19.711,,y
1200,20231206,5042,4,3901,3830,19,1,0,19,0,0,19,2026-04-21 19:46:19.711,,y
1201,20250718,6245,2,3902,3831,0,0,0,24,0,0,24,2026-04-21 19:46:19.822,,y
1202,20250718,6245,2,3902,3842,0,0,0,45,0,0,45,2026-04-21 19:46:19.822,,y
1203,20250718,6245,2,3902,3833,0,0,0,45,0,0,45,2026-04-21 19:46:19.822,,y
1204,20250718,6245,2,3902,3834,0,0,0,15,0,0,15,2026-04-21 19:46:19.822,,y
1205,20250718,6245,2,3902,3835,0,0,0,25,0,0,25,2026-04-21 19:46:19.822,,y
1206,20250718,6245,2,3902,3836,0,0,0,120,0,0,120,2026-04-21 19:46:19.822,,y
1207,20250718,6245,2,3902,3837,0,0,0,40,0,0,40,2026-04-21 19:46:19.822,,y
1208,20250718,6245,2,3902,3838,0,0,0,120,0,0,120,2026-04-21 19:46:19.822,,y
1209,20250718,6245,2,3902,3839,0,0,0,80,0,0,80,2026-04-21 19:46:19.822,,y
1210,20250718,6245,2,3902,3965,0,0,0,514,0,0,514,2026-04-21 19:46:19.822,,y
1211,20250719,6245,2,3902,3841,0,0,0,25,0,0,25,2026-04-21 19:46:19.822,,y
1212,20250719,6245,2,3902,3842,0,0,0,36,0,0,36,2026-04-21 19:46:19.822,,y
1213,20250719,6245,2,3902,3965,0,0,0,61,0,0,61,2026-04-21 19:46:19.822,,y
1214,20250720,6245,2,3902,3844,0,0,0,13,0,0,13,2026-04-21 19:46:19.822,,y
1215,20250720,6245,2,3902,3845,0,0,0,20,0,0,20,2026-04-21 19:46:19.822,,y
1216,20250720,6245,2,3902,3846,0,0,0,10,0,0,10,2026-04-21 19:46:19.822,,y
1217,20250720,6245,2,3902,3847,0,0,0,30,0,0,30,2026-04-21 19:46:19.822,,y
1218,20250720,6245,2,3902,3848,0,0,0,100,0,0,100,2026-04-21 19:46:19.822,,y
1219,20250720,6245,2,3902,3849,0,0,0,10,0,0,10,2026-04-21 19:46:19.822,,y
1220,20250720,6245,2,3902,3965,0,0,0,213,0,0,213,2026-04-21 19:46:19.822,,y
1221,20250721,6245,2,3902,3852,0,0,0,12,0,0,12,2026-04-21 19:46:19.822,,y
1222,20250721,6245,2,3902,3853,0,0,0,45,0,0,45,2026-04-21 19:46:19.822,,y
1223,20250721,6245,2,3902,3882,0,0,0,20,0,0,20,2026-04-21 19:46:19.822,,y
1224,20250721,6245,2,3902,3855,0,0,0,12,0,0,12,2026-04-21 19:46:19.823,,y
1225,20250721,6245,2,3902,3856,0,0,0,20,0,0,20,2026-04-21 19:46:19.823,,y
1226,20250721,6245,2,3902,3857,0,0,0,40,0,0,40,2026-04-21 19:46:19.823,,y
1227,20250721,6245,2,3902,3965,0,0,0,149,0,0,149,2026-04-21 19:46:19.823,,y
1228,20250723,6245,2,3902,3859,0,0,0,40,0,0,40,2026-04-21 19:46:19.823,,y
1229,20250723,6245,2,3902,3860,0,0,0,26,0,0,26,2026-04-21 19:46:19.823,,y
1230,20250723,6245,2,3902,3881,0,0,0,13,0,0,13,2026-04-21 19:46:19.823,,y
1231,20250723,6245,2,3902,3862,0,0,0,15,0,0,15,2026-04-21 19:46:19.823,,y
1232,20250723,6245,2,3902,3863,0,0,0,50,0,0,50,2026-04-21 19:46:19.823,,y
1233,20250723,6245,2,3902,3864,0,0,0,25,0,0,25,2026-04-21 19:46:19.823,,y
1234,20250723,6245,2,3902,3965,0,0,0,169,0,0,169,2026-04-21 19:46:19.823,,y
1235,20250724,6245,2,3902,3866,0,0,0,40,0,0,40,2026-04-21 19:46:19.823,,y
1236,20250724,6245,2,3902,3867,0,0,0,80,0,0,80,2026-04-21 19:46:19.823,,y
1237,20250724,6245,2,3902,3965,0,0,0,120,0,0,120,2026-04-21 19:46:19.823,,y
1238,20250725,6245,2,3902,3869,0,0,0,270,0,0,270,2026-04-21 19:46:19.823,,y
1239,20250725,6245,2,3902,3881,0,0,0,12,0,0,12,2026-04-21 19:46:19.823,,y
1240,20250725,6245,2,3902,3871,0,0,0,60,0,0,60,2026-04-21 19:46:19.823,,y
1241,20250725,6245,2,3902,3872,0,0,0,12,0,0,12,2026-04-21 19:46:19.823,,y
1242,20250725,6245,2,3902,3873,0,0,0,102,0,0,102,2026-04-21 19:46:19.823,,y
1243,20250725,6245,2,3902,3881,0,0,0,12,0,0,12,2026-04-21 19:46:19.823,,y
1244,20250725,6245,2,3902,3876,0,0,0,160,0,0,160,2026-04-21 19:46:19.823,,y
1245,20250725,6245,2,3902,3877,0,0,0,12,0,0,12,2026-04-21 19:46:19.823,,y
1246,20250725,6245,2,3902,3878,0,0,0,15,0,0,15,2026-04-21 19:46:19.823,,y
1247,20250725,6245,2,3902,3879,0,0,0,24,0,0,24,2026-04-21 19:46:19.823,,y
1248,20250725,6245,2,3902,3880,0,0,0,34,0,0,34,2026-04-21 19:46:19.823,,y
1249,20250725,6245,2,3902,3881,0,0,0,12,0,0,12,2026-04-21 19:46:19.823,,y
1250,20250725,6245,2,3902,3882,0,0,0,20,0,0,20,2026-04-21 19:46:19.823,,y
1251,20250725,6245,2,3902,3883,0,0,0,50,0,0,50,2026-04-21 19:46:19.823,,y
1252,20250725,6245,2,3902,3884,0,0,0,20,0,0,20,2026-04-21 19:46:19.823,,y
1253,20250725,6245,2,3902,3910,0,0,0,12,0,0,12,2026-04-21 19:46:19.823,,y
1254,20250725,6245,2,3902,3965,0,0,0,861,0,0,861,2026-04-21 19:46:19.823,,y
1255,20250722,6245,2,3902,3887,0,0,0,22,0,0,22,2026-04-21 19:46:19.823,,y
1256,20250722,6245,2,3902,3888,0,0,0,108,0,0,108,2026-04-21 19:46:19.823,,y
1257,20250722,6245,2,3902,3889,0,0,0,12,0,0,12,2026-04-21 19:46:19.823,,y
1258,20250722,6245,2,3902,3890,0,0,0,40,0,0,40,2026-04-21 19:46:19.823,,y
1259,20250722,6245,2,3902,3891,0,0,0,85,0,0,85,2026-04-21 19:46:19.823,,y
1260,20250722,6245,2,3902,3894,0,0,0,10,0,0,10,2026-04-21 19:46:19.823,,y
1261,20250722,6245,2,3902,3893,0,0,0,30,0,0,30,2026-04-21 19:46:19.823,,y
1262,20250722,6245,2,3902,3894,0,0,0,12,0,0,12,2026-04-21 19:46:19.823,,y
1263,20250722,6245,2,3902,3895,0,0,0,25,0,0,25,2026-04-21 19:46:19.823,,y
1264,20250722,6245,2,3902,3896,0,0,0,27,0,0,27,2026-04-21 19:46:19.823,,y
1265,20250722,6245,2,3902,3897,0,0,0,10,0,0,10,2026-04-21 19:46:19.823,,y
1266,20250722,6245,2,3902,3965,0,0,0,381,0,0,381,2026-04-21 19:46:19.823,,y
1267,20250726,6245,2,3902,3924,0,0,0,25,0,0,25,2026-04-21 19:46:19.823,,y
1268,20250726,6245,2,3902,3900,0,0,0,48,0,0,48,2026-04-21 19:46:19.823,,y
1269,20250726,6245,2,3902,3901,0,0,0,35,0,0,35,2026-04-21 19:46:19.823,,y
1270,20250726,6245,2,3902,3902,0,0,0,10,0,0,10,2026-04-21 19:46:19.823,,y
1271,20250726,6245,2,3902,3942,0,0,0,40,0,0,40,2026-04-21 19:46:19.823,,y
1272,20250726,6245,2,3902,3904,0,0,0,10,0,0,10,2026-04-21 19:46:19.823,,y
1273,20250726,6245,2,3902,3905,0,0,0,80,0,0,80,2026-04-21 19:46:19.823,,y
1274,20250726,6245,2,3902,3906,0,0,0,10,0,0,10,2026-04-21 19:46:19.823,,y
1275,20250726,6245,2,3902,3907,0,0,0,200,0,0,200,2026-04-21 19:46:19.823,,y
1276,20250726,6245,2,3902,3908,0,0,0,80,0,0,80,2026-04-21 19:46:19.823,,y
1277,20250726,6245,2,3902,3909,0,0,0,80,0,0,80,2026-04-21 19:46:19.823,,y
1278,20250726,6245,2,3902,3910,0,0,0,11,0,0,11,2026-04-21 19:46:19.823,,y
1279,20250726,6245,2,3902,3911,0,0,0,105,0,0,105,2026-04-21 19:46:19.823,,y
1280,20250726,6245,2,3902,3912,0,0,0,100,0,0,100,2026-04-21 19:46:19.823,,y
1281,20250726,6245,2,3902,3922,0,0,0,12,0,0,12,2026-04-21 19:46:19.823,,y
1282,20250726,6245,2,3902,3914,0,0,0,12,0,0,12,2026-04-21 19:46:19.823,,y
1283,20250726,6245,2,3902,3915,0,0,0,32,0,0,32,2026-04-21 19:46:19.823,,y
1284,20250726,6245,2,3902,3916,0,0,0,12,0,0,12,2026-04-21 19:46:19.823,,y
1285,20250726,6245,2,3902,3942,0,0,0,40,0,0,40,2026-04-21 19:46:19.823,,y
1286,20250726,6245,2,3902,3942,0,0,0,40,0,0,40,2026-04-21 19:46:19.823,,y
1287,20250726,6245,2,3902,3919,0,0,0,15,0,0,15,2026-04-21 19:46:19.823,,y
1288,20250726,6245,2,3902,3920,0,0,0,13,0,0,13,2026-04-21 19:46:19.823,,y
1289,20250726,6245,2,3902,3921,0,0,0,24,0,0,24,2026-04-21 19:46:19.823,,y
1290,20250726,6245,2,3902,3922,0,0,0,12,0,0,12,2026-04-21 19:46:19.823,,y
1291,20250726,6245,2,3902,4112,0,0,0,40,0,0,40,2026-04-21 19:46:19.823,,y
1292,20250726,6245,2,3902,3924,0,0,0,20,0,0,20,2026-04-21 19:46:19.823,,y
1293,20250726,6245,2,3902,3942,0,0,0,35,0,0,35,2026-04-21 19:46:19.823,,y
1294,20250726,6245,2,3902,3926,0,0,0,50,0,0,50,2026-04-21 19:46:19.823,,y
1295,20250726,6245,2,3902,3965,0,0,0,1203,0,0,1203,2026-04-21 19:46:19.823,,y
1296,20250727,6245,2,3902,3942,0,0,0,40,0,0,40,2026-04-21 19:46:19.823,,y
1297,20250727,6245,2,3902,3930,0,0,0,50,0,0,50,2026-04-21 19:46:19.823,,y
1298,20250727,6245,2,3902,3931,0,0,0,40,0,0,40,2026-04-21 19:46:19.823,,y
1299,20250727,6245,2,3902,3932,0,0,0,10,0,0,10,2026-04-21 19:46:19.823,,y
1300,20250727,6245,2,3902,3933,0,0,0,24,0,0,24,2026-04-21 19:46:19.823,,y
1301,20250727,6245,2,3902,3934,0,0,0,60,0,0,60,2026-04-21 19:46:19.823,,y
1302,20250727,6245,2,3902,3935,0,0,0,100,0,0,100,2026-04-21 19:46:19.823,,y
1303,20250727,6245,2,3902,3936,0,0,0,50,0,0,50,2026-04-21 19:46:19.823,,y
1304,20250727,6245,2,3902,3937,0,0,0,70,0,0,70,2026-04-21 19:46:19.823,,y
1305,20250727,6245,2,3902,3938,0,0,0,50,0,0,50,2026-04-21 19:46:19.823,,y
1306,20250727,6245,2,3902,3939,0,0,0,15,0,0,15,2026-04-21 19:46:19.823,,y
1307,20250727,6245,2,3902,3940,0,0,0,40,0,0,40,2026-04-21 19:46:19.823,,y
1308,20250727,6245,2,3902,3953,0,0,0,20,0,0,20,2026-04-21 19:46:19.823,,y
1309,20250727,6245,2,3902,3942,0,0,0,40,0,0,40,2026-04-21 19:46:19.823,,y
1310,20250727,6245,2,3902,3943,0,0,0,12,0,0,12,2026-04-21 19:46:19.823,,y
1311,20250727,6245,2,3902,3944,0,0,0,100,0,0,100,2026-04-21 19:46:19.823,,y
1312,20250727,6245,2,3902,3945,0,0,0,55,0,0,55,2026-04-21 19:46:19.823,,y
1313,20250727,6245,2,3902,3946,0,0,0,140,0,0,140,2026-04-21 19:46:19.823,,y
1314,20250727,6245,2,3902,3947,0,0,0,10,0,0,10,2026-04-21 19:46:19.823,,y
1315,20250727,6245,2,3902,3948,0,0,0,40,0,0,40,2026-04-21 19:46:19.823,,y
1316,20250727,6245,2,3902,3959,0,0,0,40,0,0,40,2026-04-21 19:46:19.823,,y
1317,20250727,6245,2,3902,3950,0,0,0,60,0,0,60,2026-04-21 19:46:19.823,,y
1318,20250727,6245,2,3902,3951,0,0,0,35,0,0,35,2026-04-21 19:46:19.823,,y
1319,20250727,6245,2,3902,3952,0,0,0,24,0,0,24,2026-04-21 19:46:19.823,,y
1320,20250727,6245,2,3902,3953,0,0,0,20,0,0,20,2026-04-21 19:46:19.823,,y
1321,20250727,6245,2,3902,3954,0,0,0,10,0,0,10,2026-04-21 19:46:19.823,,y
1322,20250727,6245,2,3902,3955,0,0,0,160,0,0,160,2026-04-21 19:46:19.823,,y
1323,20250727,6245,2,3902,3956,0,0,0,45,0,0,45,2026-04-21 19:46:19.823,,y
1324,20250727,6245,2,3902,3957,0,0,0,25,0,0,25,2026-04-21 19:46:19.823,,y
1325,20250727,6245,2,3902,3958,0,0,0,12,0,0,12,2026-04-21 19:46:19.823,,y
1326,20250727,6245,2,3902,3959,0,0,0,30,0,0,30,2026-04-21 19:46:19.824,,y
1327,20250727,6245,2,3902,3960,0,0,0,80,0,0,80,2026-04-21 19:46:19.824,,y
1328,20250727,6245,2,3902,3961,0,0,0,40,0,0,40,2026-04-21 19:46:19.824,,y
1329,20250727,6245,2,3902,3962,0,0,0,90,0,0,90,2026-04-21 19:46:19.824,,y
1330,20250727,6245,2,3902,3963,0,0,0,10,0,0,10,2026-04-21 19:46:19.824,,y
1331,20250727,6245,2,3902,3964,0,0,0,80,0,0,80,2026-04-21 19:46:19.824,,y
1332,20250727,6245,2,3902,3965,0,0,0,1727,0,0,1727,2026-04-21 19:46:19.824,,y
1333,-1,6245,2,3902,1,0,0,0,null,0,0,null,2026-04-21 19:46:19.824,,y
1334,20240430,6366,1,2646,1,0,0,0,490,0,0,490,2026-04-21 19:46:19.887,,y
1335,20240502,6342,1,2578,1,0,0,0,631,0,0,631,2026-04-21 19:46:19.887,,y
1336,20240516,6343,1,2685,1,0,0,0,845,0,0,845,2026-04-21 19:46:19.887,,y
1337,20240528,6359,1,2578,1,0,0,0,727,0,0,727,2026-04-21 19:46:19.887,,y
1338,20240624,6361,1,2685,1,0,0,0,4150,0,0,4150,2026-04-21 19:46:19.887,,y
1339,20240701,6362,1,2578,1,0,0,0,544,0,0,544,2026-04-21 19:46:19.887,,y
1340,20240730,6363,1,2578,1,0,0,0,744,0,0,744,2026-04-21 19:46:19.887,,y
1341,20240906,6365,1,2578,1,0,0,0,544,0,0,544,2026-04-21 19:46:19.887,,y
1342,-1,6245,1,3902,1,0,0,0,null,0,0,null,2026-04-21 19:46:19.887,,y
1343,-1,6245,1,3902,1,0,0,0,null,0,0,null,2026-04-21 19:46:19.887,,y
1344,-1,6245,1,3902,1,0,0,0,null,0,0,null,2026-04-21 19:46:19.887,,y
1345,-1,6245,1,3902,1,0,0,0,null,0,0,null,2026-04-21 19:46:19.887,,y
1346,-1,6245,1,3902,1,0,0,0,null,0,0,null,2026-04-21 19:46:19.887,,y
1347,-1,6245,1,3902,1,0,0,0,null,0,0,null,2026-04-21 19:46:19.887,,y
1348,-1,6245,1,3902,1,0,0,0,null,0,0,null,2026-04-21 19:46:19.887,,y
1349,-1,6245,1,3902,1,0,0,0,null,0,0,null,2026-04-21 19:46:19.887,,y
1350,-1,6245,1,3902,1,0,0,0,null,0,0,null,2026-04-21 19:46:19.888,,y
1351,-1,6245,1,3902,1,0,0,0,null,0,0,null,2026-04-21 19:46:19.888,,y
1352,-1,6245,1,3902,1,0,0,0,null,0,0,null,2026-04-21 19:46:19.888,,y
1353,-1,6245,1,3902,1,0,0,0,null,0,0,null,2026-04-21 19:46:19.888,,y
1354,-1,6245,1,3902,1,0,0,0,null,0,0,null,2026-04-21 19:46:19.888,,y
1355,20250911,6245,3,3902,5289,70,1,0,70,0,0,70,2026-04-21 19:46:19.982,,y
1356,20250911,6245,3,3902,5289,70,1,0,70,0,0,70,2026-04-21 19:46:19.982,,y
1357,20250911,6245,3,3902,5331,55,1,0,55,0,0,55,2026-04-21 19:46:19.982,,y
1358,20250911,6245,3,3902,5298,70,1,0,70,0,0,70,2026-04-21 19:46:19.982,,y
1359,20250911,6245,3,3902,5001,10,1,0,10,0,0,10,2026-04-21 19:46:19.982,,y
1360,20250911,6245,3,3902,5220,10,1,0,10,0,0,10,2026-04-21 19:46:19.982,,y
1361,20250911,6245,3,3902,5302,110,1,9.09090909090909,100,0,0,100,2026-04-21 19:46:19.982,,y
1362,20250911,6245,3,3902,5331,55,1,0,55,0,0,55,2026-04-21 19:46:19.982,,y
1363,20250911,6245,3,3902,3979,35,1,0,35,0,0,35,2026-04-21 19:46:19.982,,y
1364,20250911,6245,3,3902,5299,25,1,20,20,0,0,20,2026-04-21 19:46:19.982,,y
1365,20250912,6245,3,3902,5302,110,1,0,110,0,0,110,2026-04-21 19:46:19.982,,y
1366,20250912,6245,3,3902,4972,10,1,0,10,0,0,10,2026-04-21 19:46:19.982,,y
1367,20250913,6245,3,3902,4088,80,1,0,80,0,0,80,2026-04-21 19:46:19.982,,y
1368,20250913,6245,3,3902,3979,40,3,0,120,0,0,120,2026-04-21 19:46:19.982,,y
1369,20250913,6245,3,3902,3980,40,1,0,40,0,0,40,2026-04-21 19:46:19.982,,y
1370,20250913,6245,3,3902,3981,30,2,0,60,0,0,60,2026-04-21 19:46:19.982,,y
1371,20250913,6245,3,3902,4065,30,1,33.3333333333333,20,0,0,20,2026-04-21 19:46:19.982,,y
1372,20250913,6245,3,3902,4972,10,1,0,10,0,0,10,2026-04-21 19:46:19.982,,y
1373,20250913,6245,3,3902,3984,50,2,0,100,0,0,100,2026-04-21 19:46:19.982,,y
1374,20250913,6245,3,3902,3985,20,1,0,20,0,0,20,2026-04-21 19:46:19.982,,y
1375,20250913,6245,3,3902,4972,10,2,0,20,0,0,20,2026-04-21 19:46:19.983,,y
1376,20250913,6245,3,3902,4088,70,1,0,70,0,0,70,2026-04-21 19:46:19.983,,y
1377,20250914,6245,3,3902,3988,30,1,0,30,0,0,30,2026-04-21 19:46:19.983,,y
1378,20250914,6245,3,3902,3989,60,1,8.33333333333333,55,0,0,55,2026-04-21 19:46:19.983,,y
1379,20250914,6245,3,3902,3990,25,1,20,20,0,0,20,2026-04-21 19:46:19.983,,y
1380,20250914,6245,3,3902,5298,70,1,0,70,0,0,70,2026-04-21 19:46:19.983,,y
1381,20250914,6245,3,3902,5300,25,1,0,25,0,0,25,2026-04-21 19:46:19.983,,y
1382,20250914,6245,3,3902,5049,20,1,25,15,0,0,15,2026-04-21 19:46:19.983,,y
1383,20250914,6245,3,3902,5001,10,2,0,20,0,0,20,2026-04-21 19:46:19.983,,y
1384,20250914,6245,3,3902,5299,20,1,0,20,0,0,20,2026-04-21 19:46:19.983,,y
1385,20250914,6245,3,3902,3996,10,2,0,20,0,0,20,2026-04-21 19:46:19.983,,y
1386,20250914,6245,3,3902,5325,100,1,0,100,0,0,100,2026-04-21 19:46:19.983,,y
1387,20250914,6245,3,3902,3998,25,1,0,25,0,0,25,2026-04-21 19:46:19.983,,y
1388,20250914,6245,3,3902,5289,70,1,0,70,0,0,70,2026-04-21 19:46:19.983,,y
1389,20250914,6245,3,3902,4000,55,1,9.09090909090909,50,0,0,50,2026-04-21 19:46:19.983,,y
1390,20250915,6245,3,3902,4931,50,1,0,50,0,0,50,2026-04-21 19:46:19.983,,y
1391,20250915,6245,3,3902,5330,90,1,0,90,0,0,90,2026-04-21 19:46:19.983,,y
1392,20250915,6245,3,3902,4931,50,1,0,50,0,0,50,2026-04-21 19:46:19.983,,y
1393,20250915,6245,3,3902,5220,10,1,0,10,0,0,10,2026-04-21 19:46:19.983,,y
1394,20250916,6245,3,3902,4931,50,1,20,40,0,0,40,2026-04-21 19:46:19.983,,y
1395,20250917,6245,3,3902,5158,55,1,0,55,0,0,55,2026-04-21 19:46:19.983,,y
1396,20250917,6245,3,3902,4007,60,1,0,60,0,0,60,2026-04-21 19:46:19.983,,y
1397,20250917,6245,3,3902,4124,20,2,0,40,0,0,40,2026-04-21 19:46:19.983,,y
1398,20250917,6245,3,3902,5289,70,1,0,70,0,0,70,2026-04-21 19:46:19.983,,y
1399,20250918,6245,3,3902,4933,55,1,9.09090909090909,50,0,0,50,2026-04-21 19:46:19.983,,y
1400,20250918,6245,3,3902,5019,18,4,0,72,0,0,72,2026-04-21 19:46:19.983,,y
1401,20250918,6245,3,3902,4957,18,2,0,36,0,0,36,2026-04-21 19:46:19.983,,y
1402,20250918,6245,3,3902,5323,50,1,0,50,0,0,50,2026-04-21 19:46:19.983,,y
1403,20250918,6245,3,3902,4937,50,1,0,50,0,0,50,2026-04-21 19:46:19.983,,y
1404,20250918,6245,3,3902,4954,50,1,0,50,0,0,50,2026-04-21 19:46:19.983,,y
1405,20250918,6245,3,3902,4939,30,1,0,30,0,0,30,2026-04-21 19:46:19.983,,y
1406,20250918,6245,3,3902,5220,10,3,50,15,0,0,15,2026-04-21 19:46:19.983,,y
1407,20250918,6245,3,3902,5302,110,1,18.1818181818182,90,0,0,90,2026-04-21 19:46:19.983,,y
1408,20250918,6245,3,3902,5298,70,1,0,70,0,0,70,2026-04-21 19:46:19.983,,y
1409,20250918,6245,3,3902,5302,110,1,0,110,0,0,110,2026-04-21 19:46:19.983,,y
1410,20250918,6245,3,3902,5002,55,1,18.1818181818182,45,0,0,45,2026-04-21 19:46:19.983,,y
1411,20250918,6245,3,3902,4946,30,1,33.3333333333333,20,0,0,20,2026-04-21 19:46:19.983,,y
1412,20250918,6245,3,3902,4947,25,1,20,20,0,0,20,2026-04-21 19:46:19.983,,y
1413,20250918,6245,3,3902,4948,40,1,12.5,35,0,0,35,2026-04-21 19:46:19.983,,y
1414,20250918,6245,3,3902,4949,50,1,0,50,0,0,50,2026-04-21 19:46:19.983,,y
1415,20250918,6245,3,3902,5323,50,1,0,50,0,0,50,2026-04-21 19:46:19.983,,y
1416,20250918,6245,3,3902,4951,20,1,0,20,0,0,20,2026-04-21 19:46:19.983,,y
1417,20250918,6245,3,3902,4977,20,12,20,192,0,0,192,2026-04-21 19:46:19.983,,y
1418,20250918,6245,3,3902,4953,60,2,10,108,0,0,108,2026-04-21 19:46:19.983,,y
1419,20250918,6245,3,3902,4954,50,1,20,40,0,0,40,2026-04-21 19:46:19.983,,y
1420,20250918,6245,3,3902,4955,20,6,16.6666666666667,100,0,0,100,2026-04-21 19:46:19.983,,y
1421,20250918,6245,3,3902,4956,20,6,16.6666666666667,100,0,0,100,2026-04-21 19:46:19.983,,y
1422,20250919,6245,3,3902,5302,110,1,27.2727272727273,80,0,0,80,2026-04-21 19:46:19.983,,y
1423,20250919,6245,3,3902,4034,60,1,0,60,0,0,60,2026-04-21 19:46:19.983,,y
1424,20250919,6245,3,3902,4035,30,3,0,90,0,0,90,2026-04-21 19:46:19.983,,y
1425,20250919,6245,3,3902,4036,80,2,6.25,150,0,0,150,2026-04-21 19:46:19.983,,y
1426,20250920,6245,3,3902,5227,25,2,0,50,0,0,50,2026-04-21 19:46:19.983,,y
1427,20250920,6245,3,3902,4038,30,1,0,30,0,0,30,2026-04-21 19:46:19.983,,y
1428,20250920,6245,3,3902,4039,10,1,0,10,0,0,10,2026-04-21 19:46:19.983,,y
1429,20250920,6245,3,3902,4040,20,1,0,20,0,0,20,2026-04-21 19:46:19.983,,y
1430,20250920,6245,3,3902,5001,10,2,50,10,0,0,10,2026-04-21 19:46:19.983,,y
1431,20250920,6245,3,3902,5298,70,1,0,70,0,0,70,2026-04-21 19:46:19.983,,y
1432,20250920,6245,3,3902,5001,10,7,14.2857142857143,60,0,0,60,2026-04-21 19:46:19.983,,y
1433,20250921,6245,3,3902,4957,20,4,0,80,0,0,80,2026-04-21 19:46:19.983,,y
1434,20250921,6245,3,3902,5001,10,1,50,5,0,0,5,2026-04-21 19:46:19.983,,y
1435,20250921,6245,3,3902,5330,90,1,0,90,0,0,90,2026-04-21 19:46:19.983,,y
1436,20250922,6245,3,3902,5227,25,2,0,50,0,0,50,2026-04-21 19:46:19.983,,y
1437,20250922,6245,3,3902,4048,165,1,0,165,0,0,165,2026-04-21 19:46:19.983,,y
1438,20250923,6245,3,3902,4049,25,2,0,50,0,0,50,2026-04-21 19:46:19.983,,y
1439,20250924,6245,3,3902,4960,200,1,0,200,0,0,200,2026-04-21 19:46:19.983,,y
1440,20250924,6245,3,3902,4961,70,2,0,140,0,0,140,2026-04-21 19:46:19.983,,y
1441,20250924,6245,3,3902,4962,200,1,0,200,0,0,200,2026-04-21 19:46:19.983,,y
1442,20250924,6245,3,3902,4963,25,1,0,25,0,0,25,2026-04-21 19:46:19.983,,y
1443,20250924,6245,3,3902,5315,50,1,0,50,0,0,50,2026-04-21 19:46:19.983,,y
1444,20250924,6245,3,3902,5049,20,1,25,15,0,0,15,2026-04-21 19:46:19.983,,y
1445,20250924,6245,3,3902,4966,50,2,0,100,0,0,100,2026-04-21 19:46:19.983,,y
1446,20250925,6245,3,3902,4967,60,1,0,60,0,0,60,2026-04-21 19:46:19.983,,y
1447,20250925,6245,3,3902,4968,20,1,0,20,0,0,20,2026-04-21 19:46:19.983,,y
1448,20250925,6245,3,3902,4969,20,1,0,20,0,0,20,2026-04-21 19:46:19.983,,y
1449,20250925,6245,3,3902,4970,30,1,0,30,0,0,30,2026-04-21 19:46:19.983,,y
1450,20250925,6245,3,3902,4971,40,1,0,40,0,0,40,2026-04-21 19:46:19.984,,y
1451,20250925,6245,3,3902,4972,10,1,0,10,0,0,10,2026-04-21 19:46:19.984,,y
1452,20250926,6245,3,3902,4063,20,1,0,20,0,0,20,2026-04-21 19:46:19.984,,y
1453,20250926,6245,3,3902,4064,45,1,0,45,0,0,45,2026-04-21 19:46:19.984,,y
1454,20250926,6245,3,3902,4065,25,1,0,25,0,0,25,2026-04-21 19:46:19.984,,y
1455,20250926,6245,3,3902,4972,10,1,0,10,0,0,10,2026-04-21 19:46:19.984,,y
1456,20250926,6245,3,3902,4067,30,1,0,30,0,0,30,2026-04-21 19:46:19.984,,y
1457,20250926,6245,3,3902,4068,30,1,0,30,0,0,30,2026-04-21 19:46:19.984,,y
1458,20250926,6245,3,3902,4069,40,1,0,40,0,0,40,2026-04-21 19:46:19.984,,y
1459,20250926,6245,3,3902,4070,20,2,0,40,0,0,40,2026-04-21 19:46:19.984,,y
1460,20250926,6245,3,3902,4071,30,1,0,30,0,0,30,2026-04-21 19:46:19.984,,y
1461,20250927,6245,3,3902,4072,100,1,0,100,0,0,100,2026-04-21 19:46:19.984,,y
1462,20250927,6245,3,3902,4073,40,2,0,80,0,0,80,2026-04-21 19:46:19.984,,y
1463,20250927,6245,3,3902,4074,25,1,0,25,0,0,25,2026-04-21 19:46:19.984,,y
1464,20250927,6245,3,3902,4075,30,1,0,30,0,0,30,2026-04-21 19:46:19.984,,y
1465,20250927,6245,3,3902,4076,55,1,0,55,0,0,55,2026-04-21 19:46:19.984,,y
1466,20250927,6245,3,3902,4077,50,1,0,50,0,0,50,2026-04-21 19:46:19.984,,y
1467,20250927,6245,3,3902,4078,100,1,0,100,0,0,100,2026-04-21 19:46:19.984,,y
1468,20250927,6245,3,3902,4079,90,1,0,90,0,0,90,2026-04-21 19:46:19.984,,y
1469,20250927,6245,3,3902,4080,18,3,0,54,0,0,54,2026-04-21 19:46:19.984,,y
1470,20250927,6245,3,3902,4081,18,3,0,54,0,0,54,2026-04-21 19:46:19.984,,y
1471,20250927,6245,3,3902,4082,90,1,0,90,0,0,90,2026-04-21 19:46:19.984,,y
1472,20250927,6245,3,3902,4083,40,2,0,80,0,0,80,2026-04-21 19:46:19.984,,y
1473,20250928,6245,3,3902,4966,50,1,0,50,0,0,50,2026-04-21 19:46:19.984,,y
1474,20250928,6245,3,3902,4085,190,1,0,190,0,0,190,2026-04-21 19:46:19.984,,y
1475,20250928,6245,3,3902,4086,30,4,0,120,0,0,120,2026-04-21 19:46:19.984,,y
1476,20250928,6245,3,3902,4972,10,5,0,50,0,0,50,2026-04-21 19:46:19.984,,y
1477,20250928,6245,3,3902,4088,60,1,0,60,0,0,60,2026-04-21 19:46:19.984,,y
1478,20250929,6245,3,3902,4089,30,2,0,60,0,0,60,2026-04-21 19:46:19.984,,y
1479,20250929,6245,3,3902,4090,30,2,0,60,0,0,60,2026-04-21 19:46:19.984,,y
1480,20250930,6245,3,3902,4973,55,1,9.09090909090909,50,0,0,50,2026-04-21 19:46:19.984,,y
1481,20250930,6245,3,3902,4974,20,2,12.5,35,0,0,35,2026-04-21 19:46:19.984,,y
1482,20250930,6245,3,3902,5289,70,1,7.14285714285714,65,0,0,65,2026-04-21 19:46:19.984,,y
1483,20250930,6245,3,3902,5001,10,2,0,20,0,0,20,2026-04-21 19:46:19.984,,y
1484,20250930,6245,3,3902,4977,20,4,0,80,0,0,80,2026-04-21 19:46:19.984,,y
1485,20250930,6245,3,3902,4978,25,1,0,25,0,0,25,2026-04-21 19:46:19.984,,y
1486,20250930,6245,3,3902,5001,10,1,0,10,0,0,10,2026-04-21 19:46:19.984,,y
1487,20250930,6245,3,3902,5302,110,2,0,220,0,0,220,2026-04-21 19:46:19.984,,y
1488,20250930,6245,3,3902,4981,30,1,0,30,0,0,30,2026-04-21 19:46:19.984,,y
1489,20250930,6245,3,3902,5049,20,1,0,20,0,0,20,2026-04-21 19:46:19.984,,y
1490,20250930,6245,3,3902,4983,110,1,9.09090909090909,100,0,0,100,2026-04-21 19:46:19.984,,y
1491,20250930,6245,3,3902,5026,20,1,0,20,0,0,20,2026-04-21 19:46:19.984,,y
1492,20251001,6245,3,3902,4103,15,1,0,15,0,0,15,2026-04-21 19:46:19.984,,y
1493,20251002,6245,3,3902,4104,28,6,10.7142857142857,150,0,0,150,2026-04-21 19:46:19.984,,y
1494,20251002,6245,3,3902,4105,60,1,16.6666666666667,50,0,0,50,2026-04-21 19:46:19.984,,y
1495,20251002,6245,3,3902,4111,90,1,0,90,0,0,90,2026-04-21 19:46:19.984,,y
1496,20251002,6245,3,3902,5013,30,2,0,60,0,0,60,2026-04-21 19:46:19.984,,y
1497,20251002,6245,3,3902,4108,30,1,0,30,0,0,30,2026-04-21 19:46:19.984,,y
1498,20251002,6245,3,3902,4109,25,6,6.66666666666667,140,0,0,140,2026-04-21 19:46:19.984,,y
1499,20251002,6245,3,3902,4110,55,1,9.09090909090909,50,0,0,50,2026-04-21 19:46:19.984,,y
1500,20251002,6245,3,3902,4111,90,2,11.1111111111111,160,0,0,160,2026-04-21 19:46:19.984,,y
1501,20251002,6245,3,3902,4112,60,2,16.6666666666667,100,0,0,100,2026-04-21 19:46:19.984,,y
1502,20251002,6245,3,3902,4113,55,1,0,55,0,0,55,2026-04-21 19:46:19.984,,y
1503,20251002,6245,3,3902,4114,60,1,33.3333333333333,40,0,0,40,2026-04-21 19:46:19.984,,y
1504,20251002,6245,3,3902,4115,40,1,0,40,0,0,40,2026-04-21 19:46:19.984,,y
1505,20250831,6245,3,3902,4985,80,1,0,80,0,0,80,2026-04-21 19:46:19.984,,y
1506,20250831,6245,3,3902,5323,50,1,20,40,0,0,40,2026-04-21 19:46:19.984,,y
1507,20250831,6245,3,3902,5129,40,1,12.5,35,0,0,35,2026-04-21 19:46:19.984,,y
1508,20250831,6245,3,3902,5331,55,1,0,55,0,0,55,2026-04-21 19:46:19.984,,y
1509,20250831,6245,3,3902,5140,10,2,25,15,0,0,15,2026-04-21 19:46:19.984,,y
1510,20250831,6245,3,3902,4990,15,2,0,30,0,0,30,2026-04-21 19:46:19.984,,y
1511,20250901,6245,3,3902,4122,25,1,0,25,0,0,25,2026-04-21 19:46:19.984,,y
1512,20250901,6245,3,3902,4123,28,6,14.8809523809524,143,0,0,143,2026-04-21 19:46:19.984,,y
1513,20250901,6245,3,3902,4124,18,6,24.0740740740741,82,0,0,82,2026-04-21 19:46:19.984,,y
1514,20250901,6245,3,3902,4125,30,2,0,60,0,0,60,2026-04-21 19:46:19.984,,y
1515,20250901,6245,3,3902,4126,30,1,16.6666666666667,25,0,0,25,2026-04-21 19:46:19.984,,y
1516,20250901,6245,3,3902,4127,20,1,100,0,0,0,0,2026-04-21 19:46:19.984,,y
1517,20250902,6245,3,3902,5278,40,1,0,40,0,0,40,2026-04-21 19:46:19.984,,y
1518,20250902,6245,3,3902,5331,55,1,0,55,0,0,55,2026-04-21 19:46:19.984,,y
1519,20250902,6245,3,3902,5049,20,2,25,30,0,0,30,2026-04-21 19:46:19.984,,y
1520,20250902,6245,3,3902,5298,70,1,0,70,0,0,70,2026-04-21 19:46:19.984,,y
1521,20250902,6245,3,3902,4933,55,1,9.09090909090909,50,0,0,50,2026-04-21 19:46:19.984,,y
1522,20250902,6245,3,3902,5019,18,6,16.6666666666667,90,0,0,90,2026-04-21 19:46:19.984,,y
1523,20250902,6245,3,3902,5323,50,1,20,40,0,0,40,2026-04-21 19:46:19.984,,y
1524,20250902,6245,3,3902,4993,30,1,33.3333333333333,20,0,0,20,2026-04-21 19:46:19.984,,y
1525,20250902,6245,3,3902,5175,60,1,25,45,0,0,45,2026-04-21 19:46:19.984,,y
1526,20250903,6245,3,3902,5327,10,1,0,10,0,0,10,2026-04-21 19:46:19.984,,y
1527,20250903,6245,3,3902,5329,10,1,0,10,0,0,10,2026-04-21 19:46:19.984,,y
1528,20250903,6245,3,3902,4993,30,2,0,60,0,0,60,2026-04-21 19:46:19.984,,y
1529,20250903,6245,3,3902,4994,20,1,0,20,0,0,20,2026-04-21 19:46:19.984,,y
1530,20250903,6245,3,3902,5109,20,1,0,20,0,0,20,2026-04-21 19:46:19.984,,y
1531,20250904,6245,3,3902,5142,10,1,0,10,0,0,10,2026-04-21 19:46:19.984,,y
1532,20250904,6245,3,3902,4997,30,1,0,30,0,0,30,2026-04-21 19:46:19.984,,y
1533,20250904,6245,3,3902,5322,35,1,28.5714285714286,25,0,0,25,2026-04-21 19:46:19.984,,y
1534,20250904,6245,3,3902,5331,55,1,0,55,0,0,55,2026-04-21 19:46:19.984,,y
1535,20250904,6245,3,3902,5331,55,1,0,55,0,0,55,2026-04-21 19:46:19.984,,y
1536,20250904,6245,3,3902,5001,10,1,0,10,0,0,10,2026-04-21 19:46:19.984,,y
1537,20250904,6245,3,3902,5002,60,1,0,60,0,0,60,2026-04-21 19:46:19.984,,y
1538,20250904,6245,3,3902,5003,60,1,0,60,0,0,60,2026-04-21 19:46:19.984,,y
1539,20250904,6245,3,3902,5299,20,1,0,20,0,0,20,2026-04-21 19:46:19.984,,y
1540,20250904,6245,3,3902,5071,25,1,0,25,0,0,25,2026-04-21 19:46:19.984,,y
1541,20250904,6245,3,3902,5006,25,1,0,25,0,0,25,2026-04-21 19:46:19.984,,y
1542,20250904,6245,3,3902,5019,18,6,16.6666666666667,90,0,0,90,2026-04-21 19:46:19.984,,y
1543,20250904,6245,3,3902,5325,100,1,10,90,0,0,90,2026-04-21 19:46:19.984,,y
1544,20250905,6245,3,3902,5009,35,1,0,35,0,0,35,2026-04-21 19:46:19.984,,y
1545,20250905,6245,3,3902,5071,25,1,0,25,0,0,25,2026-04-21 19:46:19.985,,y
1546,20250905,6245,3,3902,5299,20,1,0,20,0,0,20,2026-04-21 19:46:19.985,,y
1547,20250905,6245,3,3902,5049,20,1,0,20,0,0,20,2026-04-21 19:46:19.985,,y
1548,20250905,6245,3,3902,5013,30,1,0,30,0,0,30,2026-04-21 19:46:19.985,,y
1549,20250905,6245,3,3902,5014,30,1,0,30,0,0,30,2026-04-21 19:46:19.985,,y
1550,20250905,6245,3,3902,5049,20,1,0,20,0,0,20,2026-04-21 19:46:19.985,,y
1551,20250905,6245,3,3902,5027,25,2,0,50,0,0,50,2026-04-21 19:46:19.985,,y
1552,20250905,6245,3,3902,5330,90,1,0,90,0,0,90,2026-04-21 19:46:19.985,,y
1553,20250906,6245,3,3902,5071,25,1,0,25,0,0,25,2026-04-21 19:46:19.985,,y
1554,20250906,6245,3,3902,5019,18,9,13.5802469135802,140,0,0,140,2026-04-21 19:46:19.985,,y
1555,20250906,6245,3,3902,5071,25,1,20,20,0,0,20,2026-04-21 19:46:19.985,,y
1556,20250906,6245,3,3902,5049,20,1,50,10,0,0,10,2026-04-21 19:46:19.985,,y
1557,20250906,6245,3,3902,5327,10,1,50,5,0,0,5,2026-04-21 19:46:19.985,,y
1558,20250906,6245,3,3902,5325,90,4,8.33333333333333,330,0,0,330,2026-04-21 19:46:19.985,,y
1559,20250906,6245,3,3902,5091,80,1,12.5,70,0,0,70,2026-04-21 19:46:19.985,,y
1560,20250906,6245,3,3902,5025,30,1,0,30,0,0,30,2026-04-21 19:46:19.985,,y
1561,20250907,6245,3,3902,5026,20,4,0,80,0,0,80,2026-04-21 19:46:19.985,,y
1562,20250907,6245,3,3902,5027,25,1,20,20,0,0,20,2026-04-21 19:46:19.985,,y
1563,20250907,6245,3,3902,5249,30,2,0,60,0,0,60,2026-04-21 19:46:19.985,,y
1564,20250907,6245,3,3902,5029,40,1,0,40,0,0,40,2026-04-21 19:46:19.985,,y
1565,20250907,6245,3,3902,5327,10,2,0,20,0,0,20,2026-04-21 19:46:19.985,,y
1566,20250907,6245,3,3902,5049,20,1,0,20,0,0,20,2026-04-21 19:46:19.985,,y
1567,20250907,6245,3,3902,5298,70,1,0,70,0,0,70,2026-04-21 19:46:19.985,,y
1568,20250907,6245,3,3902,5289,70,1,0,70,0,0,70,2026-04-21 19:46:19.985,,y
1569,20250907,6245,3,3902,5034,60,2,0,120,0,0,120,2026-04-21 19:46:19.985,,y
1570,20250907,6245,3,3902,5327,10,1,0,10,0,0,10,2026-04-21 19:46:19.985,,y
1571,20250907,6245,3,3902,5325,90,1,11.1111111111111,80,0,0,80,2026-04-21 19:46:19.985,,y
1572,20250907,6245,3,3902,5289,70,1,14.2857142857143,60,0,0,60,2026-04-21 19:46:19.985,,y
1573,20250907,6245,3,3902,5038,35,3,14.2857142857143,90,0,0,90,2026-04-21 19:46:19.985,,y
1574,20250907,6245,3,3902,5322,40,1,25,30,0,0,30,2026-04-21 19:46:19.985,,y
1575,20250907,6245,3,3902,5278,40,1,0,40,0,0,40,2026-04-21 19:46:19.985,,y
1576,20250907,6245,3,3902,5091,80,2,12.5,140,0,0,140,2026-04-21 19:46:19.985,,y
1577,20250907,6245,3,3902,5042,30,2,16.6666666666667,50,0,0,50,2026-04-21 19:46:19.985,,y
1578,20250907,6245,3,3902,5249,30,1,0,30,0,0,30,2026-04-21 19:46:19.985,,y
1579,20250907,6245,3,3902,5238,80,1,0,80,0,0,80,2026-04-21 19:46:19.985,,y
1580,20250907,6245,3,3902,5071,25,1,0,25,0,0,25,2026-04-21 19:46:19.985,,y
1581,20250907,6245,3,3902,5327,10,1,0,10,0,0,10,2026-04-21 19:46:19.985,,y
1582,20250907,6245,3,3902,5049,20,1,50,10,0,0,10,2026-04-21 19:46:19.985,,y
1583,20250907,6245,3,3902,5302,120,1,16.6666666666667,100,0,0,100,2026-04-21 19:46:19.985,,y
1584,20250907,6245,3,3902,5049,20,1,0,20,0,0,20,2026-04-21 19:46:19.985,,y
1585,20250908,6245,3,3902,5299,20,2,0,40,0,0,40,2026-04-21 19:46:19.985,,y
1586,20250908,6245,3,3902,5331,55,1,0,55,0,0,55,2026-04-21 19:46:19.985,,y
1587,20250908,6245,3,3902,5142,10,1,0,10,0,0,10,2026-04-21 19:46:19.985,,y
1588,20250908,6245,3,3902,5053,18,6,0,108,0,0,108,2026-04-21 19:46:19.985,,y
1589,20250908,6245,3,3902,5054,50,1,0,50,0,0,50,2026-04-21 19:46:19.985,,y
1590,20250908,6245,3,3902,5073,10,1,0,10,0,0,10,2026-04-21 19:46:19.985,,y
1591,20250908,6245,3,3902,5136,20,1,0,20,0,0,20,2026-04-21 19:46:19.985,,y
1592,20250908,6245,3,3902,5334,10,2,0,20,0,0,20,2026-04-21 19:46:19.985,,y
1593,20250908,6245,3,3902,5327,10,1,0,10,0,0,10,2026-04-21 19:46:19.985,,y
1594,20250908,6245,3,3902,5140,10,2,0,20,0,0,20,2026-04-21 19:46:19.985,,y
1595,20250908,6245,3,3902,5322,35,1,14.2857142857143,30,0,0,30,2026-04-21 19:46:19.985,,y
1596,20250908,6245,3,3902,5249,30,1,0,30,0,0,30,2026-04-21 19:46:19.985,,y
1597,20250908,6245,3,3902,5327,10,1,0,10,0,0,10,2026-04-21 19:46:19.985,,y
1598,20250908,6245,3,3902,5136,20,1,35,13,0,0,13,2026-04-21 19:46:19.985,,y
1599,20250909,6245,3,3902,5187,25,2,20,40,0,0,40,2026-04-21 19:46:19.985,,y
1600,20250909,6245,3,3902,5065,25,1,0,25,0,0,25,2026-04-21 19:46:19.985,,y
1601,20250909,6245,3,3902,5224,35,3,0,105,0,0,105,2026-04-21 19:46:19.985,,y
1602,20250909,6245,3,3902,5298,70,2,14.2857142857143,120,0,0,120,2026-04-21 19:46:19.985,,y
1603,20250909,6245,3,3902,5325,90,1,0,90,0,0,90,2026-04-21 19:46:19.985,,y
1604,20250909,6245,3,3902,5325,90,1,0,90,0,0,90,2026-04-21 19:46:19.985,,y
1605,20250909,6245,3,3902,5240,30,1,0,30,0,0,30,2026-04-21 19:46:19.985,,y
1606,20250909,6245,3,3902,5071,30,1,0,30,0,0,30,2026-04-21 19:46:19.985,,y
1607,20250910,6245,3,3902,5330,90,1,0,90,0,0,90,2026-04-21 19:46:19.985,,y
1608,20250910,6245,3,3902,5073,10,1,0,10,0,0,10,2026-04-21 19:46:19.985,,y
1609,20251003,6245,3,3902,5298,70,1,14.2857142857143,60,0,0,60,2026-04-21 19:46:19.985,,y
1610,20251003,6245,3,3902,5076,30,1,0,30,0,0,30,2026-04-21 19:46:19.985,,y
1611,20251003,6245,3,3902,5093,15,2,33.3333333333333,20,0,0,20,2026-04-21 19:46:19.985,,y
1612,20251003,6245,3,3902,5093,15,3,33.3333333333333,30,0,0,30,2026-04-21 19:46:19.985,,y
1613,20251003,6245,3,3902,5305,30,1,0,30,0,0,30,2026-04-21 19:46:19.985,,y
1614,20251003,6245,3,3902,5305,30,1,36.6666666666667,19,0,0,19,2026-04-21 19:46:19.985,,y
1615,20251003,6245,3,3902,5081,25,1,40,15,0,0,15,2026-04-21 19:46:19.985,,y
1616,20251003,6245,3,3902,5082,25,2,20,40,0,0,40,2026-04-21 19:46:19.985,,y
1617,20251003,6245,3,3902,5140,10,1,50,5,0,0,5,2026-04-21 19:46:19.985,,y
1618,20251003,6245,3,3902,5084,40,1,25,30,0,0,30,2026-04-21 19:46:19.985,,y
1619,20251003,6245,3,3902,5331,55,1,18.1818181818182,45,0,0,45,2026-04-21 19:46:19.985,,y
1620,20251003,6245,3,3902,5308,20,1,0,20,0,0,20,2026-04-21 19:46:19.985,,y
1621,20251003,6245,3,3902,5093,15,8,33.3333333333333,80,0,0,80,2026-04-21 19:46:19.985,,y
1622,20251003,6245,3,3902,5089,25,3,26.6666666666667,55,0,0,55,2026-04-21 19:46:19.985,,y
1623,20251003,6245,3,3902,5091,80,1,12.5,70,0,0,70,2026-04-21 19:46:19.985,,y
1624,20251003,6245,3,3902,5093,15,6,33.3333333333333,60,0,0,60,2026-04-21 19:46:19.985,,y
1625,20251003,6245,3,3902,5136,20,2,0,40,0,0,40,2026-04-21 19:46:19.985,,y
1626,20251003,6245,3,3902,5315,50,1,24,38,0,0,38,2026-04-21 19:46:19.985,,y
1627,20251003,6245,3,3902,5096,40,1,12.5,35,0,0,35,2026-04-21 19:46:19.985,,y
1628,20250816,6245,3,3902,5278,40,2,12.5,70,0,0,70,2026-04-21 19:46:19.985,,y
1629,20250816,6245,3,3902,5104,80,1,0,80,0,0,80,2026-04-21 19:46:19.985,,y
1630,20250816,6245,3,3902,5099,30,1,0,30,0,0,30,2026-04-21 19:46:19.985,,y
1631,20250816,6245,3,3902,5302,110,3,18.1818181818182,270,0,0,270,2026-04-21 19:46:19.985,,y
1632,20250813,6245,3,3902,5227,25,2,20,40,0,0,40,2026-04-21 19:46:19.985,,y
1633,20250813,6245,3,3902,5103,80,1,0,80,0,0,80,2026-04-21 19:46:19.985,,y
1634,20250813,6245,3,3902,5104,80,1,0,80,0,0,80,2026-04-21 19:46:19.985,,y
1635,20250813,6245,3,3902,5202,80,1,12.5,70,0,0,70,2026-04-21 19:46:19.985,,y
1636,20250813,6245,3,3902,5278,40,1,0,40,0,0,40,2026-04-21 19:46:19.985,,y
1637,20250813,6245,3,3902,5107,45,2,0,90,0,0,90,2026-04-21 19:46:19.985,,y
1638,20250813,6245,3,3902,5227,25,1,20,20,0,0,20,2026-04-21 19:46:19.985,,y
1639,20250813,6245,3,3902,5109,20,1,25,15,0,0,15,2026-04-21 19:46:19.985,,y
1640,20250813,6245,3,3902,5110,55,1,0,55,0,0,55,2026-04-21 19:46:19.986,,y
1641,20250813,6245,3,3902,5111,27,6,7.40740740740741,150,0,0,150,2026-04-21 19:46:19.986,,y
1642,20250813,6245,3,3902,5325,90,1,0,90,0,0,90,2026-04-21 19:46:19.986,,y
1643,20250813,6245,3,3902,5227,25,1,0,25,0,0,25,2026-04-21 19:46:19.986,,y
1644,20250813,6245,3,3902,5278,40,1,0,40,0,0,40,2026-04-21 19:46:19.986,,y
1645,20250813,6245,3,3902,5115,25,1,0,25,0,0,25,2026-04-21 19:46:19.986,,y
1646,20250813,6245,3,3902,5227,25,1,0,25,0,0,25,2026-04-21 19:46:19.986,,y
1647,20250813,6245,3,3902,5315,50,1,0,50,0,0,50,2026-04-21 19:46:19.986,,y
1648,20250816,6245,3,3902,5299,20,4,25,60,0,0,60,2026-04-21 19:46:19.986,,y
1649,20250816,6245,3,3902,5119,30,1,16.6666666666667,25,0,0,25,2026-04-21 19:46:19.986,,y
1650,20250816,6245,3,3902,5242,55,1,0,55,0,0,55,2026-04-21 19:46:19.986,,y
1651,20250816,6245,3,3902,5227,25,3,20,60,0,0,60,2026-04-21 19:46:19.986,,y
1652,20250816,6245,3,3902,5122,20,1,25,15,0,0,15,2026-04-21 19:46:19.986,,y
1653,20250816,6245,3,3902,5141,40,1,25,30,0,0,30,2026-04-21 19:46:19.986,,y
1654,20250816,6245,3,3902,5314,150,1,20,120,0,0,120,2026-04-21 19:46:19.986,,y
1655,20250816,6245,3,3902,5272,50,1,20,40,0,0,40,2026-04-21 19:46:19.986,,y
1656,20250816,6245,3,3902,5169,90,1,0,90,0,0,90,2026-04-21 19:46:19.986,,y
1657,20250816,6245,3,3902,5129,40,1,0,40,0,0,40,2026-04-21 19:46:19.986,,y
1658,20250816,6245,3,3902,5287,80,1,0,80,0,0,80,2026-04-21 19:46:19.986,,y
1659,20250816,6245,3,3902,5131,60,1,0,60,0,0,60,2026-04-21 19:46:19.986,,y
1660,20250816,6245,3,3902,5227,25,1,0,25,0,0,25,2026-04-21 19:46:19.986,,y
1661,20250816,6245,3,3902,5133,40,1,0,40,0,0,40,2026-04-21 19:46:19.986,,y
1662,20250816,6245,3,3902,5240,30,1,0,30,0,0,30,2026-04-21 19:46:19.986,,y
1663,20250816,6245,3,3902,5135,80,1,0,80,0,0,80,2026-04-21 19:46:19.986,,y
1664,20250816,6245,3,3902,5136,20,1,50,10,0,0,10,2026-04-21 19:46:19.986,,y
1665,20250816,6245,3,3902,5314,150,1,20,120,0,0,120,2026-04-21 19:46:19.986,,y
1666,20250816,6245,3,3902,5278,40,1,0,40,0,0,40,2026-04-21 19:46:19.986,,y
1667,20250816,6245,3,3902,5240,30,2,0,60,0,0,60,2026-04-21 19:46:19.986,,y
1668,20250816,6245,3,3902,5140,10,1,0,10,0,0,10,2026-04-21 19:46:19.986,,y
1669,20250816,6245,3,3902,5141,50,1,20,40,0,0,40,2026-04-21 19:46:19.986,,y
1670,20250816,6245,3,3902,5142,10,1,0,10,0,0,10,2026-04-21 19:46:19.986,,y
1671,20250816,6245,3,3902,5227,25,3,20,60,0,0,60,2026-04-21 19:46:19.986,,y
1672,20250816,6245,3,3902,5144,25,1,0,25,0,0,25,2026-04-21 19:46:19.986,,y
1673,20250816,6245,3,3902,5145,25,3,13.3333333333333,65,0,0,65,2026-04-21 19:46:19.986,,y
1674,20250816,6245,3,3902,5146,30,1,0,30,0,0,30,2026-04-21 19:46:19.986,,y
1675,20250816,6245,3,3902,5147,30,1,50,15,0,0,15,2026-04-21 19:46:19.986,,y
1676,20250816,6245,3,3902,5148,30,1,0,30,0,0,30,2026-04-21 19:46:19.986,,y
1677,20250816,6245,3,3902,5304,20,2,0,40,0,0,40,2026-04-21 19:46:19.986,,y
1678,20250814,6245,3,3902,5302,110,1,9.09090909090909,100,0,0,100,2026-04-21 19:46:19.986,,y
1679,20250814,6245,3,3902,5152,50,1,20,40,0,0,40,2026-04-21 19:46:19.986,,y
1680,20250814,6245,3,3902,5278,40,1,15,34,0,0,34,2026-04-21 19:46:19.986,,y
1681,20250814,6245,3,3902,5278,40,1,12.5,35,0,0,35,2026-04-21 19:46:19.986,,y
1682,20250814,6245,3,3902,5155,100,1,30,70,0,0,70,2026-04-21 19:46:19.986,,y
1683,20250814,6245,3,3902,5308,25,1,0,25,0,0,25,2026-04-21 19:46:19.986,,y
1684,20250814,6245,3,3902,5325,90,1,11.1111111111111,80,0,0,80,2026-04-21 19:46:19.986,,y
1685,20250814,6245,3,3902,5158,55,1,18.1818181818182,45,0,0,45,2026-04-21 19:46:19.986,,y
1686,20250814,6245,3,3902,5159,18,2,30.5555555555556,25,0,0,25,2026-04-21 19:46:19.986,,y
1687,20250814,6245,3,3902,5278,40,1,0,40,0,0,40,2026-04-21 19:46:19.986,,y
1688,20250814,6245,3,3902,5315,50,1,0,50,0,0,50,2026-04-21 19:46:19.986,,y
1689,20250814,6245,3,3902,5302,110,1,9.09090909090909,100,0,0,100,2026-04-21 19:46:19.986,,y
1690,20250814,6245,3,3902,5280,30,1,0,30,0,0,30,2026-04-21 19:46:19.986,,y
1691,20250814,6245,3,3902,5164,30,1,16.6666666666667,25,0,0,25,2026-04-21 19:46:19.986,,y
1692,20250814,6245,3,3902,5165,30,1,16.6666666666667,25,0,0,25,2026-04-21 19:46:19.986,,y
1693,20250814,6245,3,3902,5235,20,1,0,20,0,0,20,2026-04-21 19:46:19.986,,y
1694,20250815,6245,3,3902,5308,25,1,0,25,0,0,25,2026-04-21 19:46:19.986,,y
1695,20250815,6245,3,3902,5278,40,1,0,40,0,0,40,2026-04-21 19:46:19.986,,y
1696,20250815,6245,3,3902,5169,90,1,27.7777777777778,65,0,0,65,2026-04-21 19:46:19.986,,y
1697,20250815,6245,3,3902,5302,110,1,18.1818181818182,90,0,0,90,2026-04-21 19:46:19.986,,y
1698,20250815,6245,3,3902,5278,40,2,0,80,0,0,80,2026-04-21 19:46:19.986,,y
1699,20250815,6245,3,3902,5172,80,1,0,80,0,0,80,2026-04-21 19:46:19.986,,y
1700,20250815,6245,3,3902,5240,30,2,50,30,0,0,30,2026-04-21 19:46:19.986,,y
1701,20250815,6245,3,3902,5175,60,1,0,60,0,0,60,2026-04-21 19:46:19.986,,y
1702,20250815,6245,3,3902,5240,30,1,0,30,0,0,30,2026-04-21 19:46:19.986,,y
1703,20250815,6245,3,3902,5177,25,1,0,25,0,0,25,2026-04-21 19:46:19.986,,y
1704,20250817,6245,3,3902,5287,80,1,12.5,70,0,0,70,2026-04-21 19:46:19.986,,y
1705,20250817,6245,3,3902,5179,15,2,33.3333333333333,20,0,0,20,2026-04-21 19:46:19.986,,y
1706,20250817,6245,3,3902,5227,25,1,0,25,0,0,25,2026-04-21 19:46:19.986,,y
1707,20250817,6245,3,3902,5278,40,1,0,40,0,0,40,2026-04-21 19:46:19.986,,y
1708,20250817,6245,3,3902,5315,50,1,0,50,0,0,50,2026-04-21 19:46:19.986,,y
1709,20250817,6245,3,3902,5183,50,1,0,50,0,0,50,2026-04-21 19:46:19.986,,y
1710,20250818,6245,3,3902,5185,25,1,20,20,0,0,20,2026-04-21 19:46:19.986,,y
1711,20250818,6245,3,3902,5186,80,1,0,80,0,0,80,2026-04-21 19:46:19.986,,y
1712,20250818,6245,3,3902,5187,20,1,0,20,0,0,20,2026-04-21 19:46:19.986,,y
1713,20250818,6245,3,3902,5207,20,2,0,40,0,0,40,2026-04-21 19:46:19.986,,y
1714,20250818,6245,3,3902,5190,30,2,0,60,0,0,60,2026-04-21 19:46:19.986,,y
1715,20250818,6245,3,3902,5278,40,1,0,40,0,0,40,2026-04-21 19:46:19.986,,y
1716,20250818,6245,3,3902,5330,90,1,0,90,0,0,90,2026-04-21 19:46:19.986,,y
1717,20250818,6245,3,3902,5287,80,1,0,80,0,0,80,2026-04-21 19:46:19.986,,y
1718,20250818,6245,3,3902,5227,25,1,0,25,0,0,25,2026-04-21 19:46:19.986,,y
1719,20250818,6245,3,3902,5210,25,1,0,25,0,0,25,2026-04-21 19:46:19.986,,y
1720,20250818,6245,3,3902,5196,20,1,0,20,0,0,20,2026-04-21 19:46:19.986,,y
1721,20250818,6245,3,3902,5197,30,1,16.6666666666667,25,0,0,25,2026-04-21 19:46:19.986,,y
1722,20250819,6245,3,3902,5227,25,1,20,20,0,0,20,2026-04-21 19:46:19.986,,y
1723,20250819,6245,3,3902,5278,40,1,0,40,0,0,40,2026-04-21 19:46:19.986,,y
1724,20250819,6245,3,3902,5302,110,1,18.1818181818182,90,0,0,90,2026-04-21 19:46:19.986,,y
1725,20250819,6245,3,3902,5302,110,1,0,110,0,0,110,2026-04-21 19:46:19.986,,y
1726,20250819,6245,3,3902,5202,80,1,0,80,0,0,80,2026-04-21 19:46:19.986,,y
1727,20250819,6245,3,3902,5203,20,1,0,20,0,0,20,2026-04-21 19:46:19.986,,y
1728,20250819,6245,3,3902,5224,25,1,20,20,0,0,20,2026-04-21 19:46:19.986,,y
1729,20250819,6245,3,3902,5249,30,2,16.6666666666667,50,0,0,50,2026-04-21 19:46:19.986,,y
1730,20250819,6245,3,3902,5206,30,1,16.6666666666667,25,0,0,25,2026-04-21 19:46:19.987,,y
1731,20250819,6245,3,3902,5207,20,2,0,40,0,0,40,2026-04-21 19:46:19.987,,y
1732,20250820,6245,3,3902,5240,30,2,16.6666666666667,50,0,0,50,2026-04-21 19:46:19.987,,y
1733,20250820,6245,3,3902,5210,25,2,0,50,0,0,50,2026-04-21 19:46:19.987,,y
1734,20250820,6245,3,3902,5325,90,1,11.1111111111111,80,0,0,80,2026-04-21 19:46:19.987,,y
1735,20250820,6245,3,3902,5325,90,1,22.2222222222222,70,0,0,70,2026-04-21 19:46:19.987,,y
1736,20250820,6245,3,3902,5295,18,6,25.9259259259259,80,0,0,80,2026-04-21 19:46:19.987,,y
1737,20250820,6245,3,3902,5214,50,1,40,30,0,0,30,2026-04-21 19:46:19.987,,y
1738,20250820,6245,3,3902,5215,10,1,0,10,0,0,10,2026-04-21 19:46:19.987,,y
1739,20250820,6245,3,3902,5216,10,1,0,10,0,0,10,2026-04-21 19:46:19.987,,y
1740,20250820,6245,3,3902,5238,80,1,12.5,70,0,0,70,2026-04-21 19:46:19.987,,y
1741,20250820,6245,3,3902,5331,55,1,0,55,0,0,55,2026-04-21 19:46:19.987,,y
1742,20250820,6245,3,3902,5327,10,2,50,10,0,0,10,2026-04-21 19:46:19.987,,y
1743,20250820,6245,3,3902,5220,10,1,0,10,0,0,10,2026-04-21 19:46:19.987,,y
1744,20250820,6245,3,3902,5329,10,1,0,10,0,0,10,2026-04-21 19:46:19.987,,y
1745,20250821,6245,3,3902,5227,25,1,20,20,0,0,20,2026-04-21 19:46:19.987,,y
1746,20250821,6245,3,3902,5322,40,1,25,30,0,0,30,2026-04-21 19:46:19.987,,y
1747,20250821,6245,3,3902,5331,55,1,27.2727272727273,40,0,0,40,2026-04-21 19:46:19.987,,y
1748,20250821,6245,3,3902,5315,50,1,0,50,0,0,50,2026-04-21 19:46:19.987,,y
1749,20250821,6245,3,3902,5227,25,1,20,20,0,0,20,2026-04-21 19:46:19.987,,y
1750,20250821,6245,3,3902,5244,20,1,0,20,0,0,20,2026-04-21 19:46:19.987,,y
1751,20250821,6245,3,3902,5240,30,1,0,30,0,0,30,2026-04-21 19:46:19.987,,y
1752,20250821,6245,3,3902,5230,50,1,0,50,0,0,50,2026-04-21 19:46:19.987,,y
1753,20250821,6245,3,3902,5238,80,1,12.5,70,0,0,70,2026-04-21 19:46:19.987,,y
1754,20250821,6245,3,3902,5331,55,1,18.1818181818182,45,0,0,45,2026-04-21 19:46:19.987,,y
1755,20250821,6245,3,3902,5233,18,2,16.6666666666667,30,0,0,30,2026-04-21 19:46:19.987,,y
1756,20250821,6245,3,3902,5238,80,1,0,80,0,0,80,2026-04-21 19:46:19.987,,y
1757,20250821,6245,3,3902,5235,20,1,25,15,0,0,15,2026-04-21 19:46:19.987,,y
1758,20250821,6245,3,3902,5329,10,1,50,5,0,0,5,2026-04-21 19:46:19.987,,y
1759,20250821,6245,3,3902,5238,80,1,0,80,0,0,80,2026-04-21 19:46:19.987,,y
1760,20250821,6245,3,3902,5327,10,1,0,10,0,0,10,2026-04-21 19:46:19.987,,y
1761,20250821,6245,3,3902,5240,30,2,0,60,0,0,60,2026-04-21 19:46:19.987,,y
1762,20250821,6245,3,3902,5241,25,1,0,25,0,0,25,2026-04-21 19:46:19.987,,y
1763,20250821,6245,3,3902,5242,55,1,0,55,0,0,55,2026-04-21 19:46:19.987,,y
1764,20250821,6245,3,3902,5327,10,4,0,40,0,0,40,2026-04-21 19:46:19.987,,y
1765,20250822,6245,3,3902,5244,20,1,0,20,0,0,20,2026-04-21 19:46:19.987,,y
1766,20250822,6245,3,3902,5246,55,1,18.1818181818182,45,0,0,45,2026-04-21 19:46:19.987,,y
1767,20250822,6245,3,3902,5247,18,6,16.6666666666667,90,0,0,90,2026-04-21 19:46:19.987,,y
1768,20250822,6245,3,3902,5248,50,1,50,25,0,0,25,2026-04-21 19:46:19.987,,y
1769,20250822,6245,3,3902,5249,30,1,0,30,0,0,30,2026-04-21 19:46:19.987,,y
1770,20250822,6245,3,3902,5327,10,2,0,20,0,0,20,2026-04-21 19:46:19.987,,y
1771,20250822,6245,3,3902,5251,20,1,0,20,0,0,20,2026-04-21 19:46:19.987,,y
1772,20250822,6245,3,3902,5299,20,1,0,20,0,0,20,2026-04-21 19:46:19.987,,y
1773,20250822,6245,3,3902,5278,40,1,0,40,0,0,40,2026-04-21 19:46:19.987,,y
1774,20250823,6245,3,3902,5302,110,1,9.09090909090909,100,0,0,100,2026-04-21 19:46:19.987,,y
1775,20250823,6245,3,3902,5326,25,1,20,20,0,0,20,2026-04-21 19:46:19.987,,y
1776,20250823,6245,3,3902,5319,25,1,20,20,0,0,20,2026-04-21 19:46:19.987,,y
1777,20250823,6245,3,3902,5299,20,1,0,20,0,0,20,2026-04-21 19:46:19.987,,y
1778,20250823,6245,3,3902,4389,60,1,16.6666666666667,50,0,0,50,2026-04-21 19:46:19.987,,y
1779,20250823,6245,3,3902,5159,18,6,25.9259259259259,80,0,0,80,2026-04-21 19:46:19.987,,y
1780,20250824,6245,3,3902,5278,3,50,0,150,0,0,150,2026-04-21 19:46:19.987,,y
1781,20250824,6245,3,3902,5315,3,60,0,180,0,0,180,2026-04-21 19:46:19.987,,y
1782,20250824,6245,3,3902,4393,30,1,0,30,0,0,30,2026-04-21 19:46:19.987,,y
1783,20250824,6245,3,3902,5280,30,1,6.66666666666667,28,0,0,28,2026-04-21 19:46:19.987,,y
1784,20250824,6245,3,3902,4395,15,2,0,30,0,0,30,2026-04-21 19:46:19.987,,y
1785,20250824,6245,3,3902,4396,25,1,0,25,0,0,25,2026-04-21 19:46:19.987,,y
1786,20250824,6245,3,3902,5326,25,2,0,50,0,0,50,2026-04-21 19:46:19.987,,y
1787,20250824,6245,3,3902,4398,70,1,0,70,0,0,70,2026-04-21 19:46:19.987,,y
1788,20250825,6245,3,3902,5278,50,1,0,50,0,0,50,2026-04-21 19:46:19.987,,y
1789,20250825,6245,3,3902,5302,110,1,9.09090909090909,100,0,0,100,2026-04-21 19:46:19.987,,y
1790,20250825,6245,3,3902,4401,60,1,0,60,0,0,60,2026-04-21 19:46:19.987,,y
1791,20250825,6245,3,3902,5271,18,6,16.6666666666667,90,0,0,90,2026-04-21 19:46:19.987,,y
1792,20250825,6245,3,3902,5272,50,1,40,30,0,0,30,2026-04-21 19:46:19.987,,y
1793,20250825,6245,3,3902,5278,50,1,0,50,0,0,50,2026-04-21 19:46:19.987,,y
1794,20250825,6245,3,3902,5334,10,1,0,10,0,0,10,2026-04-21 19:46:19.987,,y
1795,20250826,6245,3,3902,5285,30,2,0,60,0,0,60,2026-04-21 19:46:19.987,,y
1796,20250826,6245,3,3902,5316,30,1,16.6666666666667,25,0,0,25,2026-04-21 19:46:19.987,,y
1797,20250826,6245,3,3902,5277,90,1,11.1111111111111,80,0,0,80,2026-04-21 19:46:19.987,,y
1798,20250826,6245,3,3902,5278,50,1,0,50,0,0,50,2026-04-21 19:46:19.987,,y
1799,20250826,6245,3,3902,5325,90,1,0,90,0,0,90,2026-04-21 19:46:19.987,,y
1800,20250826,6245,3,3902,5280,30,1,0,30,0,0,30,2026-04-21 19:46:19.987,,y
1801,20250826,6245,3,3902,5285,30,1,0,30,0,0,30,2026-04-21 19:46:19.987,,y
1802,20250827,6245,3,3902,5304,20,1,0,20,0,0,20,2026-04-21 19:46:19.987,,y
1803,20250828,6245,3,3902,5316,25,2,0,50,0,0,50,2026-04-21 19:46:19.987,,y
1804,20250828,6245,3,3902,5327,10,1,0,10,0,0,10,2026-04-21 19:46:19.987,,y
1805,20250828,6245,3,3902,5285,30,3,0,90,0,0,90,2026-04-21 19:46:19.987,,y
1806,20250828,6245,3,3902,5286,30,1,0,30,0,0,30,2026-04-21 19:46:19.987,,y
1807,20250828,6245,3,3902,5287,80,1,0,80,0,0,80,2026-04-21 19:46:19.987,,y
1808,20250828,6245,3,3902,5331,55,2,0,110,0,0,110,2026-04-21 19:46:19.987,,y
1809,20250828,6245,3,3902,5289,70,1,0,70,0,0,70,2026-04-21 19:46:19.987,,y
1810,20250828,6245,3,3902,5298,70,1,0,70,0,0,70,2026-04-21 19:46:19.987,,y
1811,20250828,6245,3,3902,5299,20,2,12.5,35,0,0,35,2026-04-21 19:46:19.987,,y
1812,20250828,6245,3,3902,5327,10,2,0,20,0,0,20,2026-04-21 19:46:19.987,,y
1813,20250828,6245,3,3902,5317,10,1,0,10,0,0,10,2026-04-21 19:46:19.987,,y
1814,20250828,6245,3,3902,5294,60,1,0,60,0,0,60,2026-04-21 19:46:19.987,,y
1815,20250828,6245,3,3902,5295,18,6,16.6666666666667,90,0,0,90,2026-04-21 19:46:19.987,,y
1816,20250828,6245,3,3902,5325,90,1,11.1111111111111,80,0,0,80,2026-04-21 19:46:19.987,,y
1817,20250828,6245,3,3902,5298,70,1,0,70,0,0,70,2026-04-21 19:46:19.987,,y
1818,20250828,6245,3,3902,5298,70,1,0,70,0,0,70,2026-04-21 19:46:19.987,,y
1819,20250828,6245,3,3902,5299,20,3,16.6666666666667,50,0,0,50,2026-04-21 19:46:19.987,,y
1820,20250828,6245,3,3902,5300,25,1,0,25,0,0,25,2026-04-21 19:46:19.987,,y
1821,20250828,6245,3,3902,5327,10,2,0,20,0,0,20,2026-04-21 19:46:19.987,,y
1822,20250828,6245,3,3902,5302,110,2,9.09090909090909,200,0,0,200,2026-04-21 19:46:19.987,,y
1823,20250828,6245,3,3902,5303,50,1,20,40,0,0,40,2026-04-21 19:46:19.987,,y
1824,20250828,6245,3,3902,5304,20,2,0,40,0,0,40,2026-04-21 19:46:19.987,,y
1825,20250828,6245,3,3902,5305,30,1,6.66666666666667,28,0,0,28,2026-04-21 19:46:19.987,,y
1826,20250828,6245,3,3902,5326,25,1,0,25,0,0,25,2026-04-21 19:46:19.987,,y
1827,20250828,6245,3,3902,5322,40,2,0,80,0,0,80,2026-04-21 19:46:19.988,,y
1828,20250828,6245,3,3902,5308,30,1,0,30,0,0,30,2026-04-21 19:46:19.988,,y
1829,20250828,6245,3,3902,5309,120,1,0,120,0,0,120,2026-04-21 19:46:19.988,,y
1830,20250828,6245,3,3902,5331,55,1,0,55,0,0,55,2026-04-21 19:46:19.988,,y
1831,20250828,6245,3,3902,5311,30,1,16.6666666666667,25,0,0,25,2026-04-21 19:46:19.988,,y
1832,20250829,6245,3,3902,5334,10,3,0,30,0,0,30,2026-04-21 19:46:19.988,,y
1833,20250829,6245,3,3902,5327,10,2,0,20,0,0,20,2026-04-21 19:46:19.988,,y
1834,20250829,6245,3,3902,5314,150,2,20,240,0,0,240,2026-04-21 19:46:19.988,,y
1835,20250829,6245,3,3902,5315,60,1,0,60,0,0,60,2026-04-21 19:46:19.988,,y
1836,20250829,6245,3,3902,5316,25,1,0,25,0,0,25,2026-04-21 19:46:19.988,,y
1837,20250829,6245,3,3902,5317,25,1,0,25,0,0,25,2026-04-21 19:46:19.988,,y
1838,20250829,6245,3,3902,5330,90,1,0,90,0,0,90,2026-04-21 19:46:19.988,,y
1839,20250829,6245,3,3902,5319,25,2,0,50,0,0,50,2026-04-21 19:46:19.988,,y
1840,20250829,6245,3,3902,5320,10,3,0,30,0,0,30,2026-04-21 19:46:19.988,,y
1841,20250829,6245,3,3902,5330,90,1,0,90,0,0,90,2026-04-21 19:46:19.988,,y
1842,20250829,6245,3,3902,5322,35,1,0,35,0,0,35,2026-04-21 19:46:19.988,,y
1843,20250829,6245,3,3902,5323,50,1,0,50,0,0,50,2026-04-21 19:46:19.988,,y
1844,20250829,6245,3,3902,5324,18,6,0,108,0,0,108,2026-04-21 19:46:19.988,,y
1845,20250829,6245,3,3902,5325,92,1,0,92,0,0,92,2026-04-21 19:46:19.988,,y
1846,20250829,6245,3,3902,5326,30,1,0,30,0,0,30,2026-04-21 19:46:19.988,,y
1847,20250830,6245,3,3902,5327,10,4,0,40,0,0,40,2026-04-21 19:46:19.988,,y
1848,20250830,6245,3,3902,5328,25,3,0,75,0,0,75,2026-04-21 19:46:19.988,,y
1849,20250830,6245,3,3902,5329,10,2,0,20,0,0,20,2026-04-21 19:46:19.988,,y
1850,20250830,6245,3,3902,5330,90,1,0,90,0,0,90,2026-04-21 19:46:19.988,,y
1851,20250830,6245,3,3902,5331,55,1,0,55,0,0,55,2026-04-21 19:46:19.988,,y
1852,20250830,6245,3,3902,5332,30,1,0,30,0,0,30,2026-04-21 19:46:19.988,,y
1853,20250830,6245,3,3902,5333,60,1,0,60,0,0,60,2026-04-21 19:46:19.988,,y
1854,20250830,6245,3,3902,5334,10,1,0,10,0,0,10,2026-04-21 19:46:19.988,,y
1855,-1,6245,3,3902,1,null,null,0,null,0,0,null,2026-04-21 19:46:19.988,,y
1856,-1,6245,3,3902,1,null,null,0,null,0,0,null,2026-04-21 19:46:19.988,,y
1857,-1,6245,3,3902,1,null,null,0,null,0,0,null,2026-04-21 19:46:19.988,,y
1858,-1,6245,3,3902,1,null,null,0,null,0,0,null,2026-04-21 19:46:19.988,,y
1859,-1,6245,3,3902,1,null,null,0,null,0,0,null,2026-04-21 19:46:19.988,,y
1860,-1,6245,3,3902,1,null,null,0,null,0,0,null,2026-04-21 19:46:19.988,,y
1861,-1,6245,3,3902,1,null,null,0,null,0,0,null,2026-04-21 19:46:19.988,,y
1862,-1,6245,3,3902,1,null,null,0,null,0,0,null,2026-04-21 19:46:19.988,,y
1863,-1,6245,3,3902,1,null,null,0,null,0,0,null,2026-04-21 19:46:19.988,,y
1864,-1,6245,3,3902,1,null,null,0,null,0,0,null,2026-04-21 19:46:19.988,,y
1865,-1,6245,3,3902,1,null,null,0,null,0,0,null,2026-04-21 19:46:19.988,,y
1866,-1,6245,3,3902,1,null,null,0,null,0,0,null,2026-04-21 19:46:19.988,,y
1867,-1,6245,3,3902,1,null,null,0,null,0,0,null,2026-04-21 19:46:19.988,,y
1868,-1,6245,3,3902,1,null,null,0,null,0,0,null,2026-04-21 19:46:19.988,,y
1869,-1,6245,3,3902,1,null,null,0,null,0,0,null,2026-04-21 19:46:19.988,,y
1870,-1,6245,3,3902,1,null,null,0,null,0,0,null,2026-04-21 19:46:19.988,,y
1871,-1,6245,3,3902,1,null,null,0,null,0,0,null,2026-04-21 19:46:19.988,,y
1872,-1,6245,3,3902,1,null,null,0,null,0,0,null,2026-04-21 19:46:19.988,,y
1873,-1,6245,3,3902,1,null,null,0,null,0,0,null,2026-04-21 19:46:19.988,,y
1874,-1,6245,3,3902,1,null,null,0,null,0,0,null,2026-04-21 19:46:19.988,,y
1875,-1,6245,3,3902,1,null,null,0,null,0,0,null,2026-04-21 19:46:19.988,,y
1876,-1,6245,3,3902,1,null,null,0,null,0,0,null,2026-04-21 19:46:19.988,,y
1877,-1,6245,3,3902,1,null,null,0,null,0,0,null,2026-04-21 19:46:19.988,,y
1878,-1,6245,3,3902,1,null,null,0,null,0,0,null,2026-04-21 19:46:19.988,,y
1879,-1,6245,3,3902,1,null,null,0,null,0,0,null,2026-04-21 19:46:19.988,,y
1880,-1,6245,3,3902,1,null,null,0,null,0,0,null,2026-04-21 19:46:19.988,,y
1881,-1,6245,3,3902,1,null,null,0,null,0,0,null,2026-04-21 19:46:19.988,,y
1882,-1,6245,3,3902,1,null,null,0,null,0,0,null,2026-04-21 19:46:19.988,,y
1883,-1,6245,3,3902,1,null,null,0,null,0,0,null,2026-04-21 19:46:19.988,,y
1884,-1,6245,3,3902,1,null,null,0,null,0,0,null,2026-04-21 19:46:19.988,,y
1885,-1,6245,3,3902,1,null,null,0,null,0,0,null,2026-04-21 19:46:19.988,,y
1886,-1,6245,3,3902,1,null,null,0,null,0,0,null,2026-04-21 19:46:19.988,,y
1887,-1,6245,3,3902,1,null,null,0,null,0,0,null,2026-04-21 19:46:19.988,,y
1888,-1,6245,3,3902,1,null,null,0,null,0,0,null,2026-04-21 19:46:19.988,,y
1889,-1,6245,3,3902,1,null,null,0,null,0,0,null,2026-04-21 19:46:19.988,,y
1890,-1,6245,3,3902,1,null,null,0,null,0,0,null,2026-04-21 19:46:19.988,,y
1891,-1,6245,3,3902,1,null,null,0,null,0,0,null,2026-04-21 19:46:19.988,,y
1892,-1,6245,3,3902,1,null,null,0,null,0,0,null,2026-04-21 19:46:19.988,,y
1893,-1,6245,3,3902,1,null,null,0,null,0,0,null,2026-04-21 19:46:19.988,,y
1894,-1,6245,3,3902,1,null,null,0,null,0,0,null,2026-04-21 19:46:19.988,,y
1895,-1,6245,3,3902,1,null,null,0,null,0,0,null,2026-04-21 19:46:19.988,,y
1896,-1,6245,3,3902,1,null,null,0,null,0,0,null,2026-04-21 19:46:19.988,,y
1897,-1,6245,3,3902,1,null,null,0,null,0,0,null,2026-04-21 19:46:19.988,,y
1898,-1,6245,3,3902,1,null,null,0,null,0,0,null,2026-04-21 19:46:19.988,,y
1899,-1,6245,3,3902,1,null,null,0,null,0,0,null,2026-04-21 19:46:19.988,,y
1900,-1,6245,3,3902,1,null,null,0,null,0,0,null,2026-04-21 19:46:19.988,,y
1901,-1,6245,3,3902,1,null,null,0,null,0,0,null,2026-04-21 19:46:19.988,,y
1902,-1,6245,3,3902,1,null,null,0,null,0,0,null,2026-04-21 19:46:19.988,,y
1903,-1,6245,3,3902,1,null,null,0,null,0,0,null,2026-04-21 19:46:19.988,,y
1904,-1,6245,3,3902,1,null,null,0,null,0,0,null,2026-04-21 19:46:19.988,,y
1905,-1,6245,3,3902,1,null,null,0,null,0,0,null,2026-04-21 19:46:19.988,,y
1906,-1,6245,3,3902,1,null,null,0,null,0,0,null,2026-04-21 19:46:19.988,,y
1907,-1,6245,3,3902,1,null,null,0,null,0,0,null,2026-04-21 19:46:19.988,,y
1908,-1,6245,3,3902,1,null,null,0,null,0,0,null,2026-04-21 19:46:19.988,,y
1909,-1,6245,3,3902,1,null,null,0,null,0,0,null,2026-04-21 19:46:19.988,,y
1910,-1,6245,3,3902,1,null,null,0,null,0,0,null,2026-04-21 19:46:19.988,,y
1911,-1,6245,3,3902,1,null,null,0,null,0,0,null,2026-04-21 19:46:19.988,,y
1912,-1,6245,3,3902,1,null,null,0,null,0,0,null,2026-04-21 19:46:19.988,,y
1913,-1,6245,3,3902,1,null,null,0,null,0,0,null,2026-04-21 19:46:19.988,,y
1914,-1,6245,3,3902,1,null,null,0,null,0,0,null,2026-04-21 19:46:19.988,,y
1915,-1,6245,3,3902,1,null,null,0,null,0,0,null,2026-04-21 19:46:19.989,,y
1916,-1,6245,3,3902,1,null,null,0,null,0,0,null,2026-04-21 19:46:19.989,,y
1917,-1,6245,3,3902,1,null,null,0,null,0,0,null,2026-04-21 19:46:19.989,,y
1918,-1,6245,3,3902,1,null,null,0,null,0,0,null,2026-04-21 19:46:19.989,,y
1919,-1,6245,3,3902,1,null,null,0,null,0,0,null,2026-04-21 19:46:19.989,,y
1920,-1,6245,3,3902,1,null,null,0,null,0,0,null,2026-04-21 19:46:19.989,,y
1921,-1,6245,3,3902,1,null,null,0,null,0,0,null,2026-04-21 19:46:19.989,,y
1922,-1,6245,3,3902,1,null,null,0,null,0,0,null,2026-04-21 19:46:19.989,,y
1923,-1,6245,3,3902,1,null,null,0,null,0,0,null,2026-04-21 19:46:19.989,,y
1924,-1,6245,3,3902,1,null,null,0,null,0,0,null,2026-04-21 19:46:19.989,,y
1925,-1,6245,3,3902,1,null,null,0,null,0,0,null,2026-04-21 19:46:19.989,,y
1926,-1,6245,3,3902,1,null,null,0,null,0,0,null,2026-04-21 19:46:19.989,,y
1927,-1,6245,3,3902,1,null,null,0,null,0,0,null,2026-04-21 19:46:19.989,,y
1928,-1,6245,3,3902,1,null,null,0,null,0,0,null,2026-04-21 19:46:19.989,,y
1929,-1,6245,3,3902,1,null,null,0,null,0,0,null,2026-04-21 19:46:19.989,,y
1930,-1,6245,3,3902,1,null,null,0,null,0,0,null,2026-04-21 19:46:19.989,,y
1931,-1,6245,3,3902,1,null,null,0,null,0,0,null,2026-04-21 19:46:19.989,,y
1932,-1,6245,3,3902,1,null,null,0,null,0,0,null,2026-04-21 19:46:19.989,,y
1933,-1,6245,3,3902,1,null,null,0,null,0,0,null,2026-04-21 19:46:19.989,,y
1934,-1,6245,3,3902,1,null,null,0,null,0,0,null,2026-04-21 19:46:19.989,,y
1935,-1,6245,3,3902,1,null,null,0,null,0,0,null,2026-04-21 19:46:19.989,,y
1936,-1,6245,3,3902,1,null,null,0,null,0,0,null,2026-04-21 19:46:19.989,,y
1937,-1,6245,3,3902,1,null,null,0,null,0,0,null,2026-04-21 19:46:19.989,,y
1938,-1,6245,3,3902,1,null,null,0,null,0,0,null,2026-04-21 19:46:19.989,,y
1939,-1,6245,3,3902,1,null,null,0,null,0,0,null,2026-04-21 19:46:19.989,,y
1940,-1,6245,3,3902,1,null,null,0,null,0,0,null,2026-04-21 19:46:19.989,,y
1941,-1,6245,3,3902,1,null,null,0,null,0,0,null,2026-04-21 19:46:19.989,,y
1942,-1,6245,3,3902,1,null,null,0,null,0,0,null,2026-04-21 19:46:19.989,,y
1943,-1,6245,3,3902,1,null,null,0,null,0,0,null,2026-04-21 19:46:19.989,,y
1944,-1,6245,3,3902,1,null,null,0,null,0,0,null,2026-04-21 19:46:19.989,,y
1945,-1,6245,3,3902,1,null,null,0,null,0,0,null,2026-04-21 19:46:19.989,,y
1946,-1,6245,3,3902,1,null,null,0,null,0,0,null,2026-04-21 19:46:19.989,,y
1947,-1,6245,3,3902,1,null,null,0,null,0,0,null,2026-04-21 19:46:19.989,,y
1948,-1,6245,3,3902,1,null,null,0,null,0,0,null,2026-04-21 19:46:19.989,,y
1949,-1,6245,3,3902,1,null,null,0,null,0,0,null,2026-04-21 19:46:19.989,,y
1950,-1,6245,3,3902,1,null,null,0,null,0,0,null,2026-04-21 19:46:19.989,,y
1951,-1,6245,3,3902,1,null,null,0,null,0,0,null,2026-04-21 19:46:19.989,,y
1952,-1,6245,3,3902,1,null,null,0,null,0,0,null,2026-04-21 19:46:19.989,,y
1953,-1,6245,3,3902,1,null,null,0,null,0,0,null,2026-04-21 19:46:19.989,,y
1954,-1,6245,3,3902,1,null,null,0,null,0,0,null,2026-04-21 19:46:19.989,,y
1955,-1,6245,3,3902,1,null,null,0,null,0,0,null,2026-04-21 19:46:19.989,,y
1956,-1,6245,3,3902,1,null,null,0,null,0,0,null,2026-04-21 19:46:19.989,,y
1957,-1,6245,3,3902,1,null,null,0,null,0,0,null,2026-04-21 19:46:19.989,,y
1958,-1,6245,3,3902,1,null,null,0,null,0,0,null,2026-04-21 19:46:19.989,,y
1959,-1,6245,3,3902,1,null,null,0,null,0,0,null,2026-04-21 19:46:19.989,,y
1960,-1,6245,3,3902,1,null,null,0,null,0,0,null,2026-04-21 19:46:19.989,,y
1961,-1,6245,3,3902,1,null,null,0,null,0,0,null,2026-04-21 19:46:19.989,,y
1962,-1,6245,3,3902,1,null,null,0,null,0,0,null,2026-04-21 19:46:19.989,,y
1963,-1,6245,3,3902,1,null,null,0,null,0,0,null,2026-04-21 19:46:19.989,,y
1964,-1,6245,3,3902,1,null,null,0,null,0,0,null,2026-04-21 19:46:19.989,,y
1965,-1,6245,3,3902,1,null,null,0,null,0,0,null,2026-04-21 19:46:19.989,,y
1966,-1,6245,3,3902,1,null,null,0,null,0,0,null,2026-04-21 19:46:19.989,,y
1967,-1,6245,3,3902,1,null,null,0,null,0,0,null,2026-04-21 19:46:19.989,,y
1968,-1,6245,3,3902,1,null,null,0,null,0,0,null,2026-04-21 19:46:19.989,,y
1969,-1,6245,3,3902,1,null,null,0,null,0,0,null,2026-04-21 19:46:19.989,,y
1970,-1,6245,3,3902,1,null,null,0,null,0,0,null,2026-04-21 19:46:19.989,,y
1971,-1,6245,3,3902,1,null,null,0,null,0,0,null,2026-04-21 19:46:19.989,,y
1972,-1,6245,3,3902,1,null,null,0,null,0,0,null,2026-04-21 19:46:19.989,,y
1973,-1,6245,3,3902,1,null,null,0,null,0,0,null,2026-04-21 19:46:19.989,,y
1974,-1,6245,3,3902,1,null,null,0,null,0,0,null,2026-04-21 19:46:19.989,,y
1975,-1,6245,3,3902,1,null,null,0,null,0,0,null,2026-04-21 19:46:19.989,,y
1976,-1,6245,3,3902,1,null,null,0,null,0,0,null,2026-04-21 19:46:19.989,,y
1977,-1,6245,3,3902,1,null,null,0,null,0,0,null,2026-04-21 19:46:19.989,,y
1978,-1,6245,3,3902,1,null,null,0,null,0,0,null,2026-04-21 19:46:19.989,,y
1979,-1,6245,3,3902,1,null,null,0,null,0,0,null,2026-04-21 19:46:19.989,,y
1980,-1,6245,3,3902,1,null,null,0,null,0,0,null,2026-04-21 19:46:19.989,,y
1981,-1,6245,3,3902,1,null,null,0,null,0,0,null,2026-04-21 19:46:19.989,,y
1982,-1,6245,3,3902,1,null,null,0,null,0,0,null,2026-04-21 19:46:19.989,,y
1983,-1,6245,3,3902,1,null,null,0,null,0,0,null,2026-04-21 19:46:19.989,,y
1984,-1,6245,3,3902,1,null,null,0,null,0,0,null,2026-04-21 19:46:19.989,,y
1985,-1,6245,3,3902,1,null,null,0,null,0,0,null,2026-04-21 19:46:19.989,,y
1986,-1,6245,3,3902,1,null,null,0,null,0,0,null,2026-04-21 19:46:19.989,,y
1987,-1,6245,3,3902,1,null,null,0,null,0,0,null,2026-04-21 19:46:19.989,,y
1988,-1,6245,3,3902,1,null,null,0,null,0,0,null,2026-04-21 19:46:19.989,,y
1989,-1,6245,3,3902,1,null,null,0,null,0,0,null,2026-04-21 19:46:19.989,,y
1990,-1,6245,3,3902,1,null,null,0,null,0,0,null,2026-04-21 19:46:19.989,,y
1991,-1,6245,3,3902,1,null,null,0,null,0,0,null,2026-04-21 19:46:19.989,,y
1992,-1,6245,3,3902,1,null,null,0,null,0,0,null,2026-04-21 19:46:19.989,,y
1993,-1,6245,3,3902,1,null,null,0,null,0,0,null,2026-04-21 19:46:19.989,,y
1994,-1,6245,3,3902,1,null,null,0,null,0,0,null,2026-04-21 19:46:19.989,,y
1995,-1,6245,3,3902,1,null,null,0,null,0,0,null,2026-04-21 19:46:19.989,,y
1996,-1,6245,3,3902,1,null,null,0,null,0,0,null,2026-04-21 19:46:19.989,,y
1997,-1,6245,3,3902,1,null,null,0,null,0,0,null,2026-04-21 19:46:19.989,,y
1998,-1,6245,3,3902,1,null,null,0,null,0,0,null,2026-04-21 19:46:19.989,,y
1999,-1,6245,3,3902,1,null,null,0,null,0,0,null,2026-04-21 19:46:19.989,,y
2000,-1,6245,3,3902,1,null,null,0,null,0,0,null,2026-04-21 19:46:19.989,,y
2001,-1,6245,3,3902,1,null,null,0,null,0,0,null,2026-04-21 19:46:19.989,,y
2002,-1,6245,3,3902,1,null,null,0,null,0,0,null,2026-04-21 19:46:19.989,,y
2003,-1,6245,3,3902,1,null,null,0,null,0,0,null,2026-04-21 19:46:19.989,,y
2004,-1,6245,3,3902,1,null,null,0,null,0,0,null,2026-04-21 19:46:19.989,,y
2005,-1,6245,3,3902,1,null,null,0,null,0,0,null,2026-04-21 19:46:19.989,,y
2006,-1,6245,3,3902,1,null,null,0,null,0,0,null,2026-04-21 19:46:19.989,,y
2007,-1,6245,3,3902,1,null,null,0,null,0,0,null,2026-04-21 19:46:19.989,,y
2008,-1,6245,3,3902,1,null,null,0,null,0,0,null,2026-04-21 19:46:19.989,,y
2009,-1,6245,3,3902,1,null,null,0,null,0,0,null,2026-04-21 19:46:19.989,,y
2010,-1,6245,3,3902,1,null,null,0,null,0,0,null,2026-04-21 19:46:19.989,,y
2011,-1,6245,3,3902,1,null,null,0,null,0,0,null,2026-04-21 19:46:19.989,,y
2012,-1,6245,3,3902,1,null,null,0,null,0,0,null,2026-04-21 19:46:19.989,,y
2013,-1,6245,3,3902,1,null,null,0,null,0,0,null,2026-04-21 19:46:19.989,,y
2014,-1,6245,3,3902,1,null,null,0,null,0,0,null,2026-04-21 19:46:19.989,,y
2015,-1,6245,3,3902,1,null,null,0,null,0,0,null,2026-04-21 19:46:19.989,,y
2016,-1,6245,3,3902,1,null,null,0,null,0,0,null,2026-04-21 19:46:19.989,,y
2017,-1,6245,3,3902,1,null,null,0,null,0,0,null,2026-04-21 19:46:19.989,,y
2018,-1,6245,3,3902,1,null,null,0,null,0,0,null,2026-04-21 19:46:19.989,,y
2019,-1,6245,3,3902,1,null,null,0,null,0,0,null,2026-04-21 19:46:19.989,,y
2020,-1,6245,3,3902,1,null,null,0,null,0,0,null,2026-04-21 19:46:19.989,,y
2021,-1,6245,3,3902,1,null,null,0,null,0,0,null,2026-04-21 19:46:19.989,,y
2022,-1,6245,3,3902,1,null,null,0,null,0,0,null,2026-04-21 19:46:19.989,,y
2023,-1,6245,3,3902,1,null,null,0,null,0,0,null,2026-04-21 19:46:19.989,,y
2024,-1,6245,3,3902,1,null,null,0,null,0,0,null,2026-04-21 19:46:19.989,,y
2025,-1,6245,3,3902,1,null,null,0,null,0,0,null,2026-04-21 19:46:19.989,,y
2026,-1,6245,3,3902,1,null,null,0,null,0,0,null,2026-04-21 19:46:19.990,,y
2027,-1,6245,3,3902,1,null,null,0,null,0,0,null,2026-04-21 19:46:19.990,,y
2028,-1,6245,3,3902,1,null,null,0,null,0,0,null,2026-04-21 19:46:19.990,,y
2029,-1,6245,3,3902,1,null,null,0,null,0,0,null,2026-04-21 19:46:19.990,,y
2030,-1,6245,3,3902,1,null,null,0,null,0,0,null,2026-04-21 19:46:19.990,,y
2031,-1,6245,3,3902,1,null,null,0,null,0,0,null,2026-04-21 19:46:19.990,,y
2032,-1,6245,3,3902,1,null,null,0,null,0,0,null,2026-04-21 19:46:19.990,,y
2033,-1,6245,3,3902,1,null,null,0,null,0,0,null,2026-04-21 19:46:19.990,,y
2034,-1,6245,3,3902,1,null,null,0,null,0,0,null,2026-04-21 19:46:19.990,,y
2035,-1,6245,3,3902,1,null,null,0,null,0,0,null,2026-04-21 19:46:19.990,,y
2036,-1,6245,3,3902,1,null,null,0,null,0,0,null,2026-04-21 19:46:19.990,,y
2037,-1,6245,3,3902,1,null,null,0,null,0,0,null,2026-04-21 19:46:19.990,,y
2038,-1,6245,3,3902,1,null,null,0,null,0,0,null,2026-04-21 19:46:19.990,,y
2039,-1,6245,3,3902,1,null,null,0,null,0,0,null,2026-04-21 19:46:19.990,,y
2040,-1,6245,3,3902,1,null,null,0,null,0,0,null,2026-04-21 19:46:19.990,,y
2041,-1,6245,3,3902,1,null,null,0,null,0,0,null,2026-04-21 19:46:19.990,,y
2042,-1,6245,3,3902,1,null,null,0,null,0,0,null,2026-04-21 19:46:19.990,,y
2043,-1,6245,3,3902,1,null,null,0,null,0,0,null,2026-04-21 19:46:19.990,,y
2044,-1,6245,3,3902,1,null,null,0,null,0,0,null,2026-04-21 19:46:19.990,,y
2045,-1,6245,3,3902,1,null,null,0,null,0,0,null,2026-04-21 19:46:19.990,,y
2046,-1,6245,3,3902,1,null,null,0,null,0,0,null,2026-04-21 19:46:19.990,,y
2047,-1,6245,3,3902,1,null,null,0,null,0,0,null,2026-04-21 19:46:19.990,,y
2048,-1,6245,3,3902,1,null,null,0,null,0,0,null,2026-04-21 19:46:19.990,,y
2049,-1,6245,3,3902,1,null,null,0,null,0,0,null,2026-04-21 19:46:19.990,,y
2050,-1,6245,3,3902,1,null,null,0,null,0,0,null,2026-04-21 19:46:19.990,,y
2051,-1,6245,3,3902,1,null,null,0,null,0,0,null,2026-04-21 19:46:19.990,,y
2052,-1,6245,3,3902,1,null,null,0,null,0,0,null,2026-04-21 19:46:19.990,,y
2053,-1,6245,3,3902,1,null,null,0,null,0,0,null,2026-04-21 19:46:19.990,,y
2054,-1,6245,3,3902,1,null,null,0,null,0,0,null,2026-04-21 19:46:19.990,,y
2055,-1,6245,3,3902,1,null,null,0,null,0,0,null,2026-04-21 19:46:19.990,,y
2056,-1,6245,3,3902,1,null,null,0,null,0,0,null,2026-04-21 19:46:19.990,,y
2057,-1,6245,3,3902,1,null,null,0,null,0,0,null,2026-04-21 19:46:19.990,,y
2058,-1,6245,3,3902,1,null,null,0,null,0,0,null,2026-04-21 19:46:19.990,,y
2059,-1,6245,3,3902,1,null,null,0,null,0,0,null,2026-04-21 19:46:19.990,,y
2060,-1,6245,3,3902,1,null,null,0,null,0,0,null,2026-04-21 19:46:19.990,,y
2061,-1,6245,3,3902,1,null,null,0,null,0,0,null,2026-04-21 19:46:19.990,,y
2062,-1,6245,3,3902,1,null,null,0,null,0,0,null,2026-04-21 19:46:19.990,,y
2063,-1,6245,3,3902,1,null,null,0,null,0,0,null,2026-04-21 19:46:19.990,,y
2064,-1,6245,3,3902,1,null,null,0,null,0,0,null,2026-04-21 19:46:19.990,,y
2065,-1,6245,3,3902,1,null,null,0,null,0,0,null,2026-04-21 19:46:19.990,,y
2066,-1,6245,3,3902,1,null,null,0,null,0,0,null,2026-04-21 19:46:19.990,,y
2067,-1,6245,3,3902,1,null,null,0,null,0,0,null,2026-04-21 19:46:19.990,,y
2068,-1,6245,3,3902,1,null,null,0,null,0,0,null,2026-04-21 19:46:19.990,,y
2069,-1,6245,3,3902,1,null,null,0,null,0,0,null,2026-04-21 19:46:19.990,,y
2070,-1,6245,3,3902,1,null,null,0,null,0,0,null,2026-04-21 19:46:19.990,,y
2071,-1,6245,3,3902,1,null,null,0,null,0,0,null,2026-04-21 19:46:19.990,,y
2072,-1,6245,3,3902,1,null,null,0,null,0,0,null,2026-04-21 19:46:19.990,,y
2073,-1,6245,3,3902,1,null,null,0,null,0,0,null,2026-04-21 19:46:19.990,,y
2074,-1,6245,3,3902,1,null,null,0,null,0,0,null,2026-04-21 19:46:19.990,,y
2075,-1,6245,3,3902,1,null,null,0,null,0,0,null,2026-04-21 19:46:19.990,,y
2076,-1,6245,3,3902,1,null,null,0,null,0,0,null,2026-04-21 19:46:19.990,,y
2077,-1,6245,3,3902,1,null,null,0,null,0,0,null,2026-04-21 19:46:19.990,,y
2078,-1,6245,3,3902,1,null,null,0,null,0,0,null,2026-04-21 19:46:19.990,,y
2079,-1,6245,3,3902,1,null,null,0,null,0,0,null,2026-04-21 19:46:19.990,,y
2080,-1,6245,3,3902,1,null,null,0,null,0,0,null,2026-04-21 19:46:19.990,,y
2081,-1,6245,3,3902,1,null,null,0,null,0,0,null,2026-04-21 19:46:19.990,,y
2082,-1,6245,3,3902,1,null,null,0,null,0,0,null,2026-04-21 19:46:19.990,,y
2083,-1,6245,3,3902,1,null,null,0,null,0,0,null,2026-04-21 19:46:19.990,,y
2084,-1,6245,3,3902,1,null,null,0,null,0,0,null,2026-04-21 19:46:19.990,,y
2085,-1,6245,3,3902,1,null,null,0,null,0,0,null,2026-04-21 19:46:19.990,,y
2086,-1,6245,3,3902,1,null,null,0,null,0,0,null,2026-04-21 19:46:19.990,,y
2087,-1,6245,3,3902,1,null,null,0,null,0,0,null,2026-04-21 19:46:19.990,,y
2088,-1,6245,3,3902,1,null,null,0,null,0,0,null,2026-04-21 19:46:19.990,,y
2089,-1,6245,3,3902,1,null,null,0,null,0,0,null,2026-04-21 19:46:19.990,,y
2090,-1,6245,3,3902,1,null,null,0,null,0,0,null,2026-04-21 19:46:19.990,,y
2091,-1,6245,3,3902,1,null,null,0,null,0,0,null,2026-04-21 19:46:19.990,,y
2092,-1,6245,3,3902,1,null,null,0,null,0,0,null,2026-04-21 19:46:19.990,,y
2093,-1,6245,3,3902,1,null,null,0,null,0,0,null,2026-04-21 19:46:19.991,,y
2094,-1,6245,3,3902,1,null,null,0,null,0,0,null,2026-04-21 19:46:19.991,,y
2095,-1,6245,3,3902,1,null,null,0,null,0,0,null,2026-04-21 19:46:19.991,,y
2096,-1,6245,3,3902,1,null,null,0,null,0,0,null,2026-04-21 19:46:19.991,,y
2097,-1,6245,3,3902,1,null,null,0,null,0,0,null,2026-04-21 19:46:19.991,,y
2098,-1,6245,3,3902,1,null,null,0,null,0,0,null,2026-04-21 19:46:19.991,,y
2099,-1,6245,3,3902,1,null,null,0,null,0,0,null,2026-04-21 19:46:19.991,,y
2100,-1,6245,3,3902,1,null,null,0,null,0,0,null,2026-04-21 19:46:19.991,,y
2101,-1,6245,3,3902,1,null,null,0,null,0,0,null,2026-04-21 19:46:19.991,,y
2102,-1,6245,3,3902,1,null,null,0,null,0,0,null,2026-04-21 19:46:19.991,,y
2103,-1,6245,3,3902,1,null,null,0,null,0,0,null,2026-04-21 19:46:19.991,,y
2104,-1,6245,3,3902,1,null,null,0,null,0,0,null,2026-04-21 19:46:19.991,,y
2105,-1,6245,3,3902,1,null,null,0,null,0,0,null,2026-04-21 19:46:19.991,,y
2106,-1,6245,3,3902,1,null,null,0,null,0,0,null,2026-04-21 19:46:19.991,,y
2107,-1,6245,3,3902,1,null,null,0,null,0,0,null,2026-04-21 19:46:19.991,,y
2108,-1,6245,3,3902,1,null,null,0,null,0,0,null,2026-04-21 19:46:19.991,,y
2109,-1,6245,3,3902,1,null,null,0,null,0,0,null,2026-04-21 19:46:19.991,,y
2110,-1,6245,3,3902,1,null,null,0,null,0,0,null,2026-04-21 19:46:19.991,,y
2111,-1,6245,3,3902,1,null,null,0,null,0,0,null,2026-04-21 19:46:19.991,,y
2112,-1,6245,3,3902,1,null,null,0,null,0,0,null,2026-04-21 19:46:19.991,,y
2113,-1,6245,3,3902,1,null,null,0,null,0,0,null,2026-04-21 19:46:19.991,,y
2114,-1,6245,3,3902,1,null,null,0,null,0,0,null,2026-04-21 19:46:19.991,,y
2115,-1,6245,3,3902,1,null,null,0,null,0,0,null,2026-04-21 19:46:19.991,,y
2116,-1,6245,3,3902,1,null,null,0,null,0,0,null,2026-04-21 19:46:19.991,,y
2117,-1,6245,3,3902,1,null,null,0,null,0,0,null,2026-04-21 19:46:19.991,,y
2118,-1,6245,3,3902,1,null,null,0,null,0,0,null,2026-04-21 19:46:19.991,,y
2119,-1,6245,3,3902,1,null,null,0,null,0,0,null,2026-04-21 19:46:19.991,,y
2120,-1,6245,3,3902,1,null,null,0,null,0,0,null,2026-04-21 19:46:19.991,,y
2121,-1,6245,3,3902,1,null,null,0,null,0,0,null,2026-04-21 19:46:19.991,,y
2122,-1,6245,3,3902,1,null,null,0,null,0,0,null,2026-04-21 19:46:19.991,,y
2123,-1,6245,3,3902,1,null,null,0,null,0,0,null,2026-04-21 19:46:19.991,,y
2124,-1,6245,3,3902,1,null,null,0,null,0,0,null,2026-04-21 19:46:19.991,,y
2125,-1,6245,3,3902,1,null,null,0,null,0,0,null,2026-04-21 19:46:19.991,,y
2126,-1,6245,3,3902,1,null,null,0,null,0,0,null,2026-04-21 19:46:19.991,,y
2127,-1,6245,3,3902,1,null,null,0,null,0,0,null,2026-04-21 19:46:19.991,,y
2128,-1,6245,3,3902,1,null,null,0,null,0,0,null,2026-04-21 19:46:19.991,,y
2129,-1,6245,3,3902,1,null,null,0,null,0,0,null,2026-04-21 19:46:19.991,,y
2130,-1,6245,3,3902,1,null,null,0,null,0,0,null,2026-04-21 19:46:19.991,,y
2131,-1,6245,3,3902,1,null,null,0,null,0,0,null,2026-04-21 19:46:19.991,,y
2132,-1,6245,3,3902,1,null,null,0,null,0,0,null,2026-04-21 19:46:19.991,,y
2133,-1,6245,3,3902,1,null,null,0,null,0,0,null,2026-04-21 19:46:19.991,,y
2134,-1,6245,3,3902,1,null,null,0,null,0,0,null,2026-04-21 19:46:19.991,,y
2135,-1,6245,3,3902,1,null,null,0,null,0,0,null,2026-04-21 19:46:19.991,,y
2136,-1,6245,3,3902,1,null,null,0,null,0,0,null,2026-04-21 19:46:19.991,,y
2137,-1,6245,3,3902,1,null,null,0,null,0,0,null,2026-04-21 19:46:19.991,,y
2138,-1,6245,3,3902,1,null,null,0,null,0,0,null,2026-04-21 19:46:19.991,,y
2139,-1,6245,3,3902,1,null,null,0,null,0,0,null,2026-04-21 19:46:19.991,,y
2140,-1,6245,3,3902,1,null,null,0,null,0,0,null,2026-04-21 19:46:19.991,,y
2141,-1,6245,3,3902,1,null,null,0,null,0,0,null,2026-04-21 19:46:19.991,,y
2142,-1,6245,3,3902,1,null,null,0,null,0,0,null,2026-04-21 19:46:19.991,,y
2143,-1,6245,3,3902,1,null,null,0,null,0,0,null,2026-04-21 19:46:19.991,,y
2144,-1,6245,3,3902,1,null,null,0,null,0,0,null,2026-04-21 19:46:19.991,,y
2145,-1,6245,3,3902,1,null,null,0,null,0,0,null,2026-04-21 19:46:19.991,,y
2146,-1,6245,3,3902,1,null,null,0,null,0,0,null,2026-04-21 19:46:19.991,,y
2147,-1,6245,3,3902,1,null,null,0,null,0,0,null,2026-04-21 19:46:19.991,,y
2148,-1,6245,3,3902,1,null,null,0,null,0,0,null,2026-04-21 19:46:19.991,,y
2149,-1,6245,3,3902,1,null,null,0,null,0,0,null,2026-04-21 19:46:19.991,,y
2150,-1,6245,3,3902,1,null,null,0,null,0,0,null,2026-04-21 19:46:19.991,,y
2151,-1,6245,3,3902,1,null,null,0,null,0,0,null,2026-04-21 19:46:19.992,,y
2152,-1,6245,3,3902,1,null,null,0,null,0,0,null,2026-04-21 19:46:19.992,,y
2153,-1,6245,3,3902,1,null,null,0,null,0,0,null,2026-04-21 19:46:19.992,,y
2154,-1,6245,3,3902,1,null,null,0,null,0,0,null,2026-04-21 19:46:19.992,,y
2155,-1,6245,3,3902,1,null,null,0,null,0,0,null,2026-04-21 19:46:19.992,,y
2156,-1,6245,3,3902,1,null,null,0,null,0,0,null,2026-04-21 19:46:19.992,,y
2157,-1,6245,3,3902,1,null,null,0,null,0,0,null,2026-04-21 19:46:19.992,,y
2158,-1,6245,3,3902,1,null,null,0,null,0,0,null,2026-04-21 19:46:19.992,,y
2159,-1,6245,3,3902,1,null,null,0,null,0,0,null,2026-04-21 19:46:19.992,,y
2160,-1,6245,3,3902,1,null,null,0,null,0,0,null,2026-04-21 19:46:19.992,,y
2161,-1,6245,3,3902,1,null,null,0,null,0,0,null,2026-04-21 19:46:19.992,,y
2162,-1,6245,3,3902,1,null,null,0,null,0,0,null,2026-04-21 19:46:19.992,,y
2163,-1,6245,3,3902,1,null,null,0,null,0,0,null,2026-04-21 19:46:19.992,,y
2164,-1,6245,3,3902,1,null,null,0,null,0,0,null,2026-04-21 19:46:19.992,,y
2165,-1,6245,3,3902,1,null,null,0,null,0,0,null,2026-04-21 19:46:19.992,,y
2166,-1,6245,3,3902,1,null,null,0,null,0,0,null,2026-04-21 19:46:19.992,,y
2167,-1,6245,3,3902,1,null,null,0,null,0,0,null,2026-04-21 19:46:19.992,,y
2168,-1,6245,3,3902,1,null,null,0,null,0,0,null,2026-04-21 19:46:19.992,,y
2169,-1,6245,3,3902,1,null,null,0,null,0,0,null,2026-04-21 19:46:19.992,,y
2170,-1,6245,3,3902,1,null,null,0,null,0,0,null,2026-04-21 19:46:19.992,,y
2171,-1,6245,3,3902,1,null,null,0,null,0,0,null,2026-04-21 19:46:19.992,,y
2172,-1,6245,3,3902,1,null,null,0,null,0,0,null,2026-04-21 19:46:19.992,,y
2173,-1,6245,3,3902,1,null,null,0,null,0,0,null,2026-04-21 19:46:19.992,,y
2174,-1,6245,3,3902,1,null,null,0,null,0,0,null,2026-04-21 19:46:19.992,,y
2175,-1,6245,3,3902,1,null,null,0,null,0,0,null,2026-04-21 19:46:19.992,,y
2176,-1,6245,3,3902,1,null,null,0,null,0,0,null,2026-04-21 19:46:19.992,,y
2177,-1,6245,3,3902,1,null,null,0,null,0,0,null,2026-04-21 19:46:19.992,,y
2178,-1,6245,3,3902,1,null,null,0,null,0,0,null,2026-04-21 19:46:19.992,,y
2179,-1,6245,3,3902,1,null,null,0,null,0,0,null,2026-04-21 19:46:19.992,,y
2180,-1,6245,3,3902,1,null,null,0,null,0,0,null,2026-04-21 19:46:19.992,,y
2181,-1,6245,3,3902,1,null,null,0,null,0,0,null,2026-04-21 19:46:19.992,,y
2182,-1,6245,3,3902,1,null,null,0,null,0,0,null,2026-04-21 19:46:19.992,,y
2183,-1,6245,3,3902,1,null,null,0,null,0,0,null,2026-04-21 19:46:19.992,,y
2184,-1,6245,3,3902,1,null,null,0,null,0,0,null,2026-04-21 19:46:19.992,,y
2185,-1,6245,3,3902,1,null,null,0,null,0,0,null,2026-04-21 19:46:19.992,,y
2186,-1,6245,3,3902,1,null,null,0,null,0,0,null,2026-04-21 19:46:19.992,,y
2187,-1,6245,3,3902,1,null,null,0,null,0,0,null,2026-04-21 19:46:19.992,,y
2188,-1,6245,3,3902,1,null,null,0,null,0,0,null,2026-04-21 19:46:19.992,,y
2189,-1,6245,3,3902,1,null,null,0,null,0,0,null,2026-04-21 19:46:19.992,,y
2190,-1,6245,3,3902,1,null,null,0,null,0,0,null,2026-04-21 19:46:19.992,,y
2191,-1,6245,3,3902,1,null,null,0,null,0,0,null,2026-04-21 19:46:19.992,,y
2192,-1,6245,3,3902,1,null,null,0,null,0,0,null,2026-04-21 19:46:19.992,,y
2193,-1,6245,3,3902,1,null,null,0,null,0,0,null,2026-04-21 19:46:19.992,,y
2194,-1,6245,3,3902,1,null,null,0,null,0,0,null,2026-04-21 19:46:19.992,,y
2195,-1,6245,3,3902,1,null,null,0,null,0,0,null,2026-04-21 19:46:19.992,,y
2196,-1,6245,3,3902,1,null,null,0,null,0,0,null,2026-04-21 19:46:19.992,,y
2197,-1,6245,3,3902,1,null,null,0,null,0,0,null,2026-04-21 19:46:19.992,,y
2198,-1,6245,3,3902,1,null,null,0,null,0,0,null,2026-04-21 19:46:19.992,,y
2199,-1,6245,3,3902,1,null,null,0,null,0,0,null,2026-04-21 19:46:19.992,,y
2200,-1,6245,3,3902,1,null,null,0,null,0,0,null,2026-04-21 19:46:19.992,,y
2201,-1,6245,3,3902,1,null,null,0,null,0,0,null,2026-04-21 19:46:19.992,,y
2202,-1,6245,3,3902,1,null,null,0,null,0,0,null,2026-04-21 19:46:19.992,,y
2203,-1,6245,3,3902,1,null,null,0,null,0,0,null,2026-04-21 19:46:19.992,,y
2204,-1,6245,3,3902,1,null,null,0,null,0,0,null,2026-04-21 19:46:19.993,,y
2205,-1,6245,3,3902,1,null,null,0,null,0,0,null,2026-04-21 19:46:19.993,,y
2206,-1,6245,3,3902,1,null,null,0,null,0,0,null,2026-04-21 19:46:19.993,,y
2207,-1,6245,3,3902,1,null,null,0,null,0,0,null,2026-04-21 19:46:19.993,,y
2208,-1,6245,3,3902,1,null,null,0,null,0,0,null,2026-04-21 19:46:19.993,,y
2209,-1,6245,3,3902,1,null,null,0,null,0,0,null,2026-04-21 19:46:19.993,,y
2210,-1,6245,3,3902,1,null,null,0,null,0,0,null,2026-04-21 19:46:19.993,,y
2211,-1,6245,3,3902,1,null,null,0,null,0,0,null,2026-04-21 19:46:19.993,,y
2212,-1,6245,3,3902,1,null,null,0,null,0,0,null,2026-04-21 19:46:19.993,,y
2213,-1,6245,3,3902,1,null,null,0,null,0,0,null,2026-04-21 19:46:19.993,,y
2214,-1,6245,3,3902,1,null,null,0,null,0,0,null,2026-04-21 19:46:19.993,,y
2215,-1,6245,3,3902,1,null,null,0,null,0,0,null,2026-04-21 19:46:19.993,,y
2216,-1,6245,3,3902,1,null,null,0,null,0,0,null,2026-04-21 19:46:19.993,,y
2217,-1,6245,3,3902,1,null,null,0,null,0,0,null,2026-04-21 19:46:19.993,,y
2218,-1,6245,3,3902,1,null,null,0,null,0,0,null,2026-04-21 19:46:19.993,,y
2219,-1,6245,3,3902,1,null,null,0,null,0,0,null,2026-04-21 19:46:19.993,,y
2220,-1,6245,3,3902,1,null,null,0,null,0,0,null,2026-04-21 19:46:19.993,,y
2221,-1,6245,3,3902,1,null,null,0,null,0,0,null,2026-04-21 19:46:19.993,,y
2222,-1,6245,3,3902,1,null,null,0,null,0,0,null,2026-04-21 19:46:19.993,,y
2223,-1,6245,3,3902,1,null,null,0,null,0,0,null,2026-04-21 19:46:19.993,,y
2224,-1,6245,3,3902,1,null,null,0,null,0,0,null,2026-04-21 19:46:19.993,,y
2225,-1,6245,3,3902,1,null,null,0,null,0,0,null,2026-04-21 19:46:19.993,,y
2226,-1,6245,3,3902,1,null,null,0,null,0,0,null,2026-04-21 19:46:19.993,,y
2227,-1,6245,3,3902,1,null,null,0,null,0,0,null,2026-04-21 19:46:19.993,,y
2228,-1,6245,3,3902,1,null,null,0,null,0,0,null,2026-04-21 19:46:19.993,,y
2229,-1,6245,3,3902,1,null,null,0,null,0,0,null,2026-04-21 19:46:19.993,,y
2230,-1,6245,3,3902,1,null,null,0,null,0,0,null,2026-04-21 19:46:19.993,,y
2231,-1,6245,3,3902,1,null,null,0,null,0,0,null,2026-04-21 19:46:19.993,,y
2232,-1,6245,3,3902,1,null,null,0,null,0,0,null,2026-04-21 19:46:19.993,,y
2233,-1,6245,3,3902,1,null,null,0,null,0,0,null,2026-04-21 19:46:19.993,,y
2234,-1,6245,3,3902,1,null,null,0,null,0,0,null,2026-04-21 19:46:19.993,,y
2235,-1,6245,3,3902,1,null,null,0,null,0,0,null,2026-04-21 19:46:19.993,,y
2236,-1,6245,3,3902,1,null,null,0,null,0,0,null,2026-04-21 19:46:19.993,,y
2237,-1,6245,3,3902,1,null,null,0,null,0,0,null,2026-04-21 19:46:19.993,,y
2238,-1,6245,3,3902,1,null,null,0,null,0,0,null,2026-04-21 19:46:19.993,,y
2239,-1,6245,3,3902,1,null,null,0,null,0,0,null,2026-04-21 19:46:19.993,,y
2240,-1,6245,3,3902,1,null,null,0,null,0,0,null,2026-04-21 19:46:19.993,,y
2241,-1,6245,3,3902,1,null,null,0,null,0,0,null,2026-04-21 19:46:19.993,,y
2242,-1,6245,3,3902,1,null,null,0,null,0,0,null,2026-04-21 19:46:19.993,,y
2243,-1,6245,3,3902,1,null,null,0,null,0,0,null,2026-04-21 19:46:19.993,,y
2244,-1,6245,3,3902,1,null,null,0,null,0,0,null,2026-04-21 19:46:19.993,,y
2245,-1,6245,3,3902,1,null,null,0,null,0,0,null,2026-04-21 19:46:19.993,,y
2246,-1,6245,3,3902,1,null,null,0,null,0,0,null,2026-04-21 19:46:19.993,,y
2247,-1,6245,3,3902,1,null,null,0,null,0,0,null,2026-04-21 19:46:19.993,,y
2248,-1,6245,3,3902,1,null,null,0,null,0,0,null,2026-04-21 19:46:19.993,,y
2249,-1,6245,3,3902,1,null,null,0,null,0,0,null,2026-04-21 19:46:19.993,,y
2250,-1,6245,3,3902,1,null,null,0,null,0,0,null,2026-04-21 19:46:19.993,,y
2251,-1,6245,3,3902,1,null,null,0,null,0,0,null,2026-04-21 19:46:19.993,,y
2252,-1,6245,3,3902,1,null,null,0,null,0,0,null,2026-04-21 19:46:19.993,,y
2253,-1,6245,3,3902,1,null,null,0,null,0,0,null,2026-04-21 19:46:19.993,,y
2254,-1,6245,3,3902,1,null,null,0,null,0,0,null,2026-04-21 19:46:19.993,,y
2255,-1,6245,3,3902,1,null,null,0,null,0,0,null,2026-04-21 19:46:19.993,,y
2256,-1,6245,3,3902,1,null,null,0,null,0,0,null,2026-04-21 19:46:19.993,,y
2257,-1,6245,3,3902,1,null,null,0,null,0,0,null,2026-04-21 19:46:19.993,,y
2258,-1,6245,3,3902,1,null,null,0,null,0,0,null,2026-04-21 19:46:19.993,,y
2259,-1,6245,3,3902,1,null,null,0,null,0,0,null,2026-04-21 19:46:19.993,,y
2260,-1,6245,3,3902,1,null,null,0,null,0,0,null,2026-04-21 19:46:19.993,,y
2261,-1,6245,3,3902,1,null,null,0,null,0,0,null,2026-04-21 19:46:19.993,,y
2262,-1,6245,3,3902,1,null,null,0,null,0,0,null,2026-04-21 19:46:19.993,,y
2263,-1,6245,3,3902,1,null,null,0,null,0,0,null,2026-04-21 19:46:19.993,,y
2264,-1,6245,3,3902,1,null,null,0,null,0,0,null,2026-04-21 19:46:19.993,,y
2265,-1,6245,3,3902,1,null,null,0,null,0,0,null,2026-04-21 19:46:19.993,,y
2266,-1,6245,3,3902,1,null,null,0,null,0,0,null,2026-04-21 19:46:19.993,,y
2267,-1,6245,3,3902,1,null,null,0,null,0,0,null,2026-04-21 19:46:19.993,,y
2268,-1,6245,3,3902,1,null,null,0,null,0,0,null,2026-04-21 19:46:19.993,,y
2269,-1,6245,3,3902,1,null,null,0,null,0,0,null,2026-04-21 19:46:19.993,,y
2270,-1,6245,3,3902,1,null,null,0,null,0,0,null,2026-04-21 19:46:19.993,,y
2271,-1,6245,3,3902,1,null,null,0,null,0,0,null,2026-04-21 19:46:19.993,,y
2272,-1,6245,3,3902,1,null,null,0,null,0,0,null,2026-04-21 19:46:19.993,,y
2273,-1,6245,3,3902,1,null,null,0,null,0,0,null,2026-04-21 19:46:19.993,,y
2274,-1,6245,3,3902,1,null,null,0,null,0,0,null,2026-04-21 19:46:19.994,,y
2275,-1,6245,3,3902,1,null,null,0,null,0,0,null,2026-04-21 19:46:19.994,,y
2276,-1,6245,3,3902,1,null,null,0,null,0,0,null,2026-04-21 19:46:19.994,,y
2277,-1,6245,3,3902,1,null,null,0,null,0,0,null,2026-04-21 19:46:19.994,,y
2278,-1,6245,3,3902,1,null,null,0,null,0,0,null,2026-04-21 19:46:19.994,,y
2279,-1,6245,3,3902,1,null,null,0,null,0,0,null,2026-04-21 19:46:19.994,,y
2280,-1,6245,3,3902,1,null,null,0,null,0,0,null,2026-04-21 19:46:19.994,,y
2281,-1,6245,3,3902,1,null,null,0,null,0,0,null,2026-04-21 19:46:19.994,,y
2282,-1,6245,3,3902,1,null,null,0,null,0,0,null,2026-04-21 19:46:19.994,,y
2283,-1,6245,3,3902,1,null,null,0,null,0,0,null,2026-04-21 19:46:19.994,,y
2284,-1,6245,3,3902,1,null,null,0,null,0,0,null,2026-04-21 19:46:19.994,,y
2285,-1,6245,3,3902,1,null,null,0,null,0,0,null,2026-04-21 19:46:19.994,,y
2286,-1,6245,3,3902,1,null,null,0,null,0,0,null,2026-04-21 19:46:19.994,,y
2287,-1,6245,3,3902,1,null,null,0,null,0,0,null,2026-04-21 19:46:19.994,,y
2288,-1,6245,3,3902,1,null,null,0,null,0,0,null,2026-04-21 19:46:19.994,,y
2289,-1,6245,3,3902,1,null,null,0,null,0,0,null,2026-04-21 19:46:19.994,,y
2290,-1,6245,3,3902,1,null,null,0,null,0,0,null,2026-04-21 19:46:19.994,,y
2291,-1,6245,3,3902,1,null,null,0,null,0,0,null,2026-04-21 19:46:19.994,,y
2292,-1,6245,3,3902,1,null,null,0,null,0,0,null,2026-04-21 19:46:19.994,,y
2293,-1,6245,3,3902,1,null,null,0,null,0,0,null,2026-04-21 19:46:19.994,,y
2294,-1,6245,3,3902,1,null,null,0,null,0,0,null,2026-04-21 19:46:19.994,,y
2295,-1,6245,3,3902,1,null,null,0,null,0,0,null,2026-04-21 19:46:19.994,,y
2296,-1,6245,3,3902,1,null,null,0,null,0,0,null,2026-04-21 19:46:19.994,,y
2297,-1,6245,3,3902,1,null,null,0,null,0,0,null,2026-04-21 19:46:19.994,,y
2298,-1,6245,3,3902,1,null,null,0,null,0,0,null,2026-04-21 19:46:19.994,,y
2299,-1,6245,3,3902,1,null,null,0,null,0,0,null,2026-04-21 19:46:19.994,,y
2300,-1,6245,3,3902,1,null,null,0,null,0,0,null,2026-04-21 19:46:19.994,,y
2301,-1,6245,3,3902,1,null,null,0,null,0,0,null,2026-04-21 19:46:19.994,,y
2302,-1,6245,3,3902,1,null,null,0,null,0,0,null,2026-04-21 19:46:19.994,,y
2303,-1,6245,3,3902,1,null,null,0,null,0,0,null,2026-04-21 19:46:19.994,,y
2304,-1,6245,3,3902,1,null,null,0,null,0,0,null,2026-04-21 19:46:19.994,,y
2305,-1,6245,3,3902,1,null,null,0,null,0,0,null,2026-04-21 19:46:19.994,,y
2306,-1,6245,3,3902,1,null,null,0,null,0,0,null,2026-04-21 19:46:19.994,,y
2307,-1,6245,3,3902,1,null,null,0,null,0,0,null,2026-04-21 19:46:19.994,,y
2308,-1,6245,3,3902,1,null,null,0,null,0,0,null,2026-04-21 19:46:19.994,,y
2309,-1,6245,3,3902,1,null,null,0,null,0,0,null,2026-04-21 19:46:19.994,,y
2310,-1,6245,3,3902,1,null,null,0,null,0,0,null,2026-04-21 19:46:19.994,,y
2311,-1,6245,3,3902,1,null,null,0,null,0,0,null,2026-04-21 19:46:19.994,,y
2312,-1,6245,3,3902,1,null,null,0,null,0,0,null,2026-04-21 19:46:19.994,,y
2313,-1,6245,3,3902,1,null,null,0,null,0,0,null,2026-04-21 19:46:19.994,,y
2314,-1,6245,3,3902,1,null,null,0,null,0,0,null,2026-04-21 19:46:19.994,,y
2315,-1,6245,3,3902,1,null,null,0,null,0,0,null,2026-04-21 19:46:19.994,,y
2316,-1,6245,3,3902,1,null,null,0,null,0,0,null,2026-04-21 19:46:19.994,,y
2317,-1,6245,3,3902,1,null,null,0,null,0,0,null,2026-04-21 19:46:19.994,,y
2318,-1,6245,3,3902,1,null,null,0,null,0,0,null,2026-04-21 19:46:19.994,,y
2319,-1,6245,3,3902,1,null,null,0,null,0,0,null,2026-04-21 19:46:19.994,,y
2320,-1,6245,3,3902,1,null,null,0,null,0,0,null,2026-04-21 19:46:19.994,,y
2321,-1,6245,3,3902,1,null,null,0,null,0,0,null,2026-04-21 19:46:19.994,,y
2322,-1,6245,3,3902,1,null,null,0,null,0,0,null,2026-04-21 19:46:19.994,,y
2323,-1,6245,3,3902,1,null,null,0,null,0,0,null,2026-04-21 19:46:19.994,,y
2324,-1,6245,3,3902,1,null,null,0,null,0,0,null,2026-04-21 19:46:19.994,,y
2325,-1,6245,3,3902,1,null,null,0,null,0,0,null,2026-04-21 19:46:19.994,,y
2326,-1,6245,3,3902,1,null,null,0,null,0,0,null,2026-04-21 19:46:19.994,,y
2327,-1,6245,3,3902,1,null,null,0,null,0,0,null,2026-04-21 19:46:19.994,,y
2328,-1,6245,3,3902,1,null,null,0,null,0,0,null,2026-04-21 19:46:19.994,,y
2329,-1,6245,3,3902,1,null,null,0,null,0,0,null,2026-04-21 19:46:19.994,,y
2330,-1,6245,3,3902,1,null,null,0,null,0,0,null,2026-04-21 19:46:19.994,,y
2331,-1,6245,3,3902,1,null,null,0,null,0,0,null,2026-04-21 19:46:19.994,,y
2332,-1,6245,3,3902,1,null,null,0,null,0,0,null,2026-04-21 19:46:19.994,,y
2333,-1,6245,3,3902,1,null,null,0,null,0,0,null,2026-04-21 19:46:19.994,,y
2334,-1,6245,3,3902,1,null,null,0,null,0,0,null,2026-04-21 19:46:19.994,,y
2335,-1,6245,3,3902,1,null,null,0,null,0,0,null,2026-04-21 19:46:19.994,,y
2336,-1,6245,3,3902,1,null,null,0,null,0,0,null,2026-04-21 19:46:19.994,,y
2337,-1,6245,3,3902,1,null,null,0,null,0,0,null,2026-04-21 19:46:19.994,,y
2338,20230811,6350,1,2685,1,0,0,0,6050.42,0,0,6050.42,2026-04-21 19:46:20.094,,y
2339,20240125,6356,1,2685,1,0,0,0,1700,0,0,1700,2026-04-21 19:46:20.094,,y
2340,20240515,6358,1,2685,1,0,0,0,845,0,0,845,2026-04-21 19:46:20.094,,y
2341,20240612,6361,1,2685,1,0,0,0,4150,0,0,4150,2026-04-21 19:46:20.094,,y
2342,20241210,6368,1,2685,1,0,0,0,26784,0,0,26784,2026-04-21 19:46:20.094,,y
2343,20231219,6351,1,2686,1,0,0,0,5100,0,0,5100,2026-04-21 19:46:20.094,,y
2344,20240308,6364,1,2646,1,0,0,0,51480,0,0,51480,2026-04-21 19:46:20.094,,y
2345,20240307,6366,1,2648,1,0,0,0,1830.4,0,0,1830.4,2026-04-21 19:46:20.094,,y
2346,20231222,6352,1,2689,1,0,0,0,7470,0,0,7470,2026-04-21 19:46:20.094,,y
2347,20231228,6355,1,2578,1,0,0,0,800,0,0,800,2026-04-21 19:46:20.094,,y
2348,20240131,6357,1,2578,1,0,0,0,751,0,0,751,2026-04-21 19:46:20.094,,y
2349,20250528,6359,1,2578,1,0,0,0,727,0,0,727,2026-04-21 19:46:20.095,,y
2350,20240701,6362,1,2578,1,0,0,0,544,0,0,544,2026-04-21 19:46:20.095,,y
2351,20240730,6363,1,2578,1,0,0,0,744,0,0,744,2026-04-21 19:46:20.095,,y
2352,20240906,6365,1,2578,1,0,0,0,544,0,0,544,2026-04-21 19:46:20.095,,y
2353,20231226,6354,1,2691,1,0,0,0,5460,0,0,5460,2026-04-21 19:46:20.095,,y
2354,20241113,6367,1,244,1,0,0,0,19500,0,0,19500,2026-04-21 19:46:20.095,,y
2355,20250210,9412,1,2646,1,0,0,0,17407.5,0,0,17407.5,2026-04-21 19:46:20.095,,y
2356,20250305,9413,1,2646,1,0,0,0,11605,0,0,11605,2026-04-21 19:46:20.095,,y
2357,20250327,9414,1,2646,1,0,0,0,29012,0,0,29012,2026-04-21 19:46:20.095,,y
2358,20250306,9415,1,2648,1,0,0,0,2194.5,0,0,2194.5,2026-04-21 19:46:20.095,,y
2359,20251126,2529,1,2693,1,0,0,0,3737.5,0,0,3737.5,2026-04-21 19:46:20.095,,y
2360,20251215,2530,1,2693,1,0,0,0,300,0,0,300,2026-04-21 19:46:20.095,,y
2361,20251215,2534,1,2693,1,0,0,0,3737.5,0,0,3737.5,2026-04-21 19:46:20.095,,y
2362,20250411,9416,1,2652,1,0,0,0,224.34,0,0,224.34,2026-04-21 19:46:20.095,,y
2363,20250103,2539,1,2695,1,0,0,0,50000,0,0,50000,2026-04-21 19:46:20.095,,y
2364,20251118,2540,1,2696,1,0,0,0,1785,0,0,1785,2026-04-21 19:46:20.095,,y
2365,20251216,2542,1,2697,1,0,0,0,1720,0,0,1720,2026-04-21 19:46:20.095,,y
2366,20250102,6245,1,2578,1,0,0,0,352,0,0,352,2026-04-21 19:46:20.095,,y
2367,20250203,6245,1,2578,1,0,0,0,416,0,0,416,2026-04-21 19:46:20.095,,y
2368,20250302,6245,1,2578,1,0,0,0,527,0,0,527,2026-04-21 19:46:20.095,,y
2369,20250403,6245,1,2578,1,0,0,0,352,0,0,352,2026-04-21 19:46:20.095,,y
2370,20250430,6245,1,2578,1,0,0,0,576,0,0,576,2026-04-21 19:46:20.095,,y
2371,20250529,6245,1,2578,1,0,0,0,276,0,0,276,2026-04-21 19:46:20.095,,y
2372,20250701,6245,1,2578,1,0,0,0,384,0,0,384,2026-04-21 19:46:20.095,,y
2373,20250819,6245,1,2578,1,0,0,0,320,0,0,320,2026-04-21 19:46:20.095,,y
2374,20250911,6245,1,2578,1,0,0,0,484,0,0,484,2026-04-21 19:46:20.095,,y
2375,20251014,6245,1,2578,1,0,0,0,224,0,0,224,2026-04-21 19:46:20.095,,y
2376,20251121,6245,1,2578,1,0,0,0,352,0,0,352,2026-04-21 19:46:20.095,,y
2377,20251212,2600,1,2698,1,0,0,0,605,0,0,605,2026-04-21 19:46:20.095,,y
2378,20250106,6245,1,2603,1,0,0,0,160,0,0,160,2026-04-21 19:46:20.095,,y
2379,20250203,6245,1,2603,1,0,0,0,160,0,0,160,2026-04-21 19:46:20.095,,y
2380,20250302,6245,1,2603,1,0,0,0,224,0,0,224,2026-04-21 19:46:20.095,,y
2381,20250403,6245,1,2603,1,0,0,0,256,0,0,256,2026-04-21 19:46:20.095,,y
2382,20250430,6245,1,2603,1,0,0,0,303,0,0,303,2026-04-21 19:46:20.095,,y
2383,20250529,6245,1,2603,1,0,0,0,224,0,0,224,2026-04-21 19:46:20.095,,y
2384,20250701,6245,1,2603,1,0,0,0,192,0,0,192,2026-04-21 19:46:20.095,,y
2385,20250819,6245,1,2603,1,0,0,0,32,0,0,32,2026-04-21 19:46:20.095,,y
2386,20250911,6245,1,2603,1,0,0,0,128,0,0,128,2026-04-21 19:46:20.095,,y
2387,20251014,6245,1,2603,1,0,0,0,96,0,0,96,2026-04-21 19:46:20.095,,y
2388,20251121,6245,1,2603,1,0,0,0,96,0,0,96,2026-04-21 19:46:20.095,,y
2389,20251210,2624,1,2700,1,0,0,0,470,0,0,470,2026-04-21 19:46:20.095,,y
2390,20250415,9417,1,2701,1,0,0,0,150,0,0,150,2026-04-21 19:46:20.095,,y
2391,20251215,2633,1,244,1,0,0,0,17167.5,0,0,17167.5,2026-04-21 19:46:20.095,,y
2392,20250116,2636,1,2685,1,0,0,0,186,0,0,186,2026-04-21 19:46:20.095,,y
2393,20251017,2637,1,2685,1,0,0,0,200,0,0,200,2026-04-21 19:46:20.095,,y
2394,20251117,9418,1,2685,1,0,0,0,200,0,0,200,2026-04-21 19:46:20.095,,y
2395,-1,6245,1,2685,1,0,0,0,,0,0,40115.42,2026-04-21 19:46:20.166,,y
2396,-1,6245,1,2686,1,0,0,0,,0,0,5100.0,2026-04-21 19:46:20.166,,y
2397,-1,6245,1,2646,1,0,0,0,,0,0,109504.5,2026-04-21 19:46:20.166,,y
2398,-1,6245,1,2648,1,0,0,0,,0,0,4024.9,2026-04-21 19:46:20.166,,y
2399,-1,6245,1,2689,1,0,0,0,,0,0,7470.0,2026-04-21 19:46:20.166,,y
2400,-1,6245,1,2578,1,0,0,0,,0,0,8373.0,2026-04-21 19:46:20.167,,y
2401,-1,6245,1,2691,1,0,0,0,,0,0,5460.0,2026-04-21 19:46:20.167,,y
2402,-1,6245,1,244,1,0,0,0,,0,0,36667.5,2026-04-21 19:46:20.167,,y
2403,-1,6245,1,2693,1,0,0,0,,0,0,7775.0,2026-04-21 19:46:20.167,,y
2404,-1,6245,1,2652,1,0,0,0,,0,0,224.34,2026-04-21 19:46:20.167,,y
2405,-1,6245,1,2695,1,0,0,0,,0,0,50000.0,2026-04-21 19:46:20.167,,y
2406,-1,6245,1,2696,1,0,0,0,,0,0,1785.0,2026-04-21 19:46:20.167,,y
2407,-1,6245,1,2697,1,0,0,0,,0,0,1720.0,2026-04-21 19:46:20.167,,y
2408,-1,6245,1,2698,1,0,0,0,,0,0,605.0,2026-04-21 19:46:20.167,,y
2409,-1,6245,1,2603,1,0,0,0,,0,0,1871.0,2026-04-21 19:46:20.167,,y
2410,-1,6245,1,2700,1,0,0,0,,0,0,470.0,2026-04-21 19:46:20.167,,y
2411,-1,6245,1,2701,1,0,0,0,,0,0,150.0,2026-04-21 19:46:20.167,,y
2412,-1,6245,1,3902,1,0,0,0,,0,0,null,2026-04-21 19:46:20.167,,y
2413,-1,6245,1,3902,1,0,0,0,,0,0,null,2026-04-21 19:46:20.167,,y
2414,20231222,6352,1,2689,1,0,0,0,7470,0.19,0,8889.3,2026-04-21 19:46:20.270,,y
2415,20231226,6354,1,2691,1,0,0,0,5460,0.19,0,6497.4,2026-04-21 19:46:20.270,,y
2416,20231228,6355,1,2578,1,0,0,0,800,0.19,0,952,2026-04-21 19:46:20.270,,y
2417,20240131,6357,1,2578,1,0,0,0,751,0.19,0,893.69,2026-04-21 19:46:20.270,,y
2418,20240528,6359,1,2578,1,0,0,0,727,0.19,1,866.13,2026-04-21 19:46:20.270,,y
2419,20240701,6362,1,2578,1,0,0,0,544,0.19,1,648.36,2026-04-21 19:46:20.270,,y
2420,20240730,6363,1,2578,1,0,0,0,744,0.19,1,886.36,2026-04-21 19:46:20.270,,y
2421,20240308,6364,1,2646,1,0,0,0,51480,0.19,0,61261.2,2026-04-21 19:46:20.270,,y
2422,20240906,6365,1,2578,1,0,0,0,544,0.19,1,648.36,2026-04-21 19:46:20.270,,y
2423,20240307,6366,1,2648,1,0,0,0,1830.4,0.19,1,2178.176,2026-04-21 19:46:20.270,,y
2424,-1,6245,1,3902,1,0,0,0,,0,0,,2026-04-21 19:46:20.271,,y
2425,-1,6245,1,3902,1,0,0,0,,0,0,,2026-04-21 19:46:20.271,,y
2426,-1,6245,1,3902,1,0,0,0,,0,0,,2026-04-21 19:46:20.271,,y
2427,-1,6245,1,3902,1,0,0,0,,0,0,,2026-04-21 19:46:20.271,,y
2428,-1,6245,1,3902,1,0,0,0,,0,0,,2026-04-21 19:46:20.271,,y
2429,-1,6245,1,3902,1,0,0,0,,0,0,,2026-04-21 19:46:20.271,,y
2430,-1,6245,1,3902,1,0,0,0,,0,0,,2026-04-21 19:46:20.271,,y
2431,-1,6245,1,3902,1,0,0,0,,0,0,,2026-04-21 19:46:20.271,,y
2432,-1,6245,1,3902,1,0,0,0,,0,0,,2026-04-21 19:46:20.271,,y
2433,-1,6245,1,3902,1,0,0,0,,0,0,,2026-04-21 19:46:20.271,,y
2434,-1,6245,1,3902,1,0,0,0,,0,0,,2026-04-21 19:46:20.271,,y
2435,-1,6245,1,3902,1,0,0,0,,0,0,,2026-04-21 19:46:20.271,,y
2436,-1,6245,1,3902,1,0,0,0,,0,0,,2026-04-21 19:46:20.271,,y
2437,-1,6245,1,3902,1,0,0,0,,0,0,,2026-04-21 19:46:20.271,,y
2438,-1,6245,1,3902,1,0,0,0,,0,0,,2026-04-21 19:46:20.271,,y
2439,-1,6245,1,3902,1,0,0,0,,0,0,,2026-04-21 19:46:20.271,,y
2440,-1,6245,1,3902,1,0,0,0,,0,0,,2026-04-21 19:46:20.271,,y
2441,-1,6245,1,3902,1,0,0,0,137692.82,0,0,163390.5458,2026-04-21 19:46:20.271,,y
2442,20200101,6245,1,3902,1,0,0,0,(montant HT factures),0,0,(montants TTC factures),2026-04-21 19:46:20.271,,y
2443,20250210,2520,1,2646,2509,66.5,850.0,0,58025,19%,1,20715.926,2026-04-21 19:46:20.366,,y
2444,20250210,2520,1,2646,2614,1500.0,1.0,0,58025,19%,1,20715.926,2026-04-21 19:46:20.366,,y
2445,20250305,2522,1,2646,2515,66.5,850.0,0,58025,19%,1,13810.95,2026-04-21 19:46:20.366,,y
2446,20250305,2522,1,2646,2614,1500.0,1.0,0,58025,19%,1,13810.95,2026-04-21 19:46:20.366,,y
2447,20250327,2524,1,2646,2515,66.5,850.0,0,58025,19%,1,34525.875,2026-04-21 19:46:20.367,,y
2448,20250327,2524,1,2646,2614,1500.0,1.0,0,58025,19%,1,34525.875,2026-04-21 19:46:20.367,,y
2449,20250306,2525,1,2648,2515,66.5,33.0,0,2194.5,19%,1,2612.455,2026-04-21 19:46:20.367,,y
2450,20251126,2529,1,2693,2521,220.0,5.0,0,7475,0%,1,3738.5,2026-04-21 19:46:20.367,,y
2451,20251126,2529,1,2693,2522,170.0,15.0,0,7475,0%,1,3738.5,2026-04-21 19:46:20.367,,y
2452,20251126,2529,1,2693,2523,170.0,20.0,0,7475,0%,1,3738.5,2026-04-21 19:46:20.367,,y
2453,20251126,2529,1,2693,2524,425.0,1.0,0,7475,0%,1,3738.5,2026-04-21 19:46:20.367,,y
2454,20251215,2530,1,2693,2520,15.0,20.0,0,300,0%,1,301,2026-04-21 19:46:20.367,,y
2455,20251215,2534,1,2693,2521,220.0,5.0,0,7475,0%,1,3738.5,2026-04-21 19:46:20.367,,y
2456,20251215,2534,1,2693,2522,170.0,15.0,0,7475,0%,1,3738.5,2026-04-21 19:46:20.367,,y
2457,20251215,2534,1,2693,2523,170.0,20.0,0,7475,0%,1,3738.5,2026-04-21 19:46:20.367,,y
2458,20251215,2534,1,2693,2524,425.0,1.0,0,7475,0%,1,3738.5,2026-04-21 19:46:20.367,,y
2459,20250411,2567,1,2652,4517,54.62,1.0,0,224.34,19%,1,267.965,2026-04-21 19:46:20.367,,y
2460,20250411,2567,1,2652,4512,48.73,1.0,0,224.34,19%,1,267.965,2026-04-21 19:46:20.367,,y
2461,20250411,2567,1,2652,4518,40.33,2.0,0,224.34,19%,1,267.965,2026-04-21 19:46:20.367,,y
2462,20250411,2567,1,2652,2528,40.33,1.0,0,224.34,19%,1,267.965,2026-04-21 19:46:20.367,,y
2463,20250103,2539,1,2695,2529,100.0,500.0,0,50000,19%,1,59501,2026-04-21 19:46:20.367,,y
2464,20251118,2540,1,2696,2530,1.19,1500.0,0,1785,19%,1,2125.15,2026-04-21 19:46:20.367,,y
2465,20251216,2542,1,2697,2531,36.0,20.0,0,1720,19%,1,2047.8,2026-04-21 19:46:20.367,,y
2466,20251216,2542,1,2697,2532,50.0,20.0,0,1720,19%,1,2047.8,2026-04-21 19:46:20.367,,y
2467,20240930,2546,1,2578,2533,32.0,3.0,0,560,19%,1,667.4,2026-04-21 19:46:20.367,,y
2468,20240930,2546,1,2578,2534,32.0,4.0,0,560,19%,1,667.4,2026-04-21 19:46:20.367,,y
2469,20240930,2546,1,2578,2535,32.0,3.0,0,560,19%,1,667.4,2026-04-21 19:46:20.367,,y
2470,20240930,2546,1,2578,2536,32.0,5.0,0,560,19%,1,667.4,2026-04-21 19:46:20.367,,y
2471,20241108,2550,1,2578,2537,168.0,1.0,0,584,19%,1,695.96,2026-04-21 19:46:20.367,,y
2472,20241108,2550,1,2578,2538,96.0,1.0,0,584,19%,1,695.96,2026-04-21 19:46:20.367,,y
2473,20241108,2550,1,2578,2539,128.0,1.0,0,584,19%,1,695.96,2026-04-21 19:46:20.367,,y
2474,20241108,2550,1,2578,2540,160.0,1.0,0,584,19%,1,695.96,2026-04-21 19:46:20.367,,y
2475,20241209,2554,1,2578,2585,32.0,4.0,0,544,19%,1,648.36,2026-04-21 19:46:20.367,,y
2476,20241209,2554,1,2578,2548,32.0,5.0,0,544,19%,1,648.36,2026-04-21 19:46:20.367,,y
2477,20241209,2554,1,2578,2585,32.0,4.0,0,544,19%,1,648.36,2026-04-21 19:46:20.367,,y
2478,20241209,2554,1,2578,2585,32.0,4.0,0,544,19%,1,648.36,2026-04-21 19:46:20.367,,y
2479,20250102,2556,1,2578,2591,32.0,7.0,0,352,19%,1,419.88,2026-04-21 19:46:20.367,,y
2480,20250102,2556,1,2578,2592,32.0,4.0,0,352,19%,1,419.88,2026-04-21 19:46:20.367,,y
2481,20250203,2559,1,2578,2585,32.0,4.0,0,416,19%,1,496.04,2026-04-21 19:46:20.367,,y
2482,20250203,2559,1,2578,2548,32.0,5.0,0,416,19%,1,496.04,2026-04-21 19:46:20.367,,y
2483,20250203,2559,1,2578,2585,32.0,4.0,0,416,19%,1,496.04,2026-04-21 19:46:20.367,,y
2484,20250302,2564,1,2578,2585,32.0,4.0,0,527,19%,1,628.13,2026-04-21 19:46:20.367,,y
2485,20250302,2564,1,2578,2585,32.0,4.0,0,527,19%,1,628.13,2026-04-21 19:46:20.367,,y
2486,20250302,2564,1,2578,2585,32.0,4.0,0,527,19%,1,628.13,2026-04-21 19:46:20.367,,y
2487,20250302,2564,1,2578,2585,32.0,4.0,0,527,19%,1,628.13,2026-04-21 19:46:20.367,,y
2488,20250302,2564,1,2578,2554,15.0,1.0,0,527,19%,1,628.13,2026-04-21 19:46:20.368,,y
2489,20250403,2567,1,2578,2555,32.0,4.0,0,352,19%,1,419.88,2026-04-21 19:46:20.368,,y
2490,20250403,2567,1,2578,2556,32.0,4.0,0,352,19%,1,419.88,2026-04-21 19:46:20.368,,y
2491,20250403,2567,1,2578,2600,32.0,3.0,0,352,19%,1,419.88,2026-04-21 19:46:20.368,,y
2492,20250430,2572,1,2578,2611,32.0,3.0,0,576,19%,1,686.44,2026-04-21 19:46:20.368,,y
2493,20250430,2572,1,2578,2610,32.0,4.0,0,576,19%,1,686.44,2026-04-21 19:46:20.368,,y
2494,20250430,2572,1,2578,2610,32.0,4.0,0,576,19%,1,686.44,2026-04-21 19:46:20.368,,y
2495,20250430,2572,1,2578,2610,32.0,4.0,0,576,19%,1,686.44,2026-04-21 19:46:20.368,,y
2496,20250430,2572,1,2578,2611,32.0,3.0,0,576,19%,1,686.44,2026-04-21 19:46:20.368,,y
2497,20250529,2575,1,2578,2563,140.0,1.0,0,276,19%,1,329.44,2026-04-21 19:46:20.368,,y
2498,20250529,2575,1,2578,2611,32.0,3.0,0,276,19%,1,329.44,2026-04-21 19:46:20.368,,y
2499,20250529,2575,1,2578,2565,40.0,1.0,0,276,19%,1,329.44,2026-04-21 19:46:20.368,,y
2500,20250701,2580,1,2578,2611,32.0,3.0,0,384,19%,1,457.96,2026-04-21 19:46:20.368,,y
2501,20250701,2580,1,2578,2601,32.0,2.0,0,384,19%,1,457.96,2026-04-21 19:46:20.368,,y
2502,20250701,2580,1,2578,2568,40.0,3.0,0,384,19%,1,457.96,2026-04-21 19:46:20.368,,y
2503,20250701,2580,1,2578,2601,32.0,2.0,0,384,19%,1,457.96,2026-04-21 19:46:20.368,,y
2504,20250701,2580,1,2578,2570,40.0,1.0,0,384,19%,1,457.96,2026-04-21 19:46:20.368,,y
2505,20250819,2583,1,2578,2610,32.0,4.0,0,320,19%,1,381.8,2026-04-21 19:46:20.368,,y
2506,20250819,2583,1,2578,2601,32.0,2.0,0,320,19%,1,381.8,2026-04-21 19:46:20.368,,y
2507,20250819,2583,1,2578,2610,32.0,4.0,0,320,19%,1,381.8,2026-04-21 19:46:20.368,,y
2508,20250911,2590,1,2578,2601,32.0,2.0,0,484,19%,1,576.96,2026-04-21 19:46:20.368,,y
2509,20250911,2590,1,2578,2610,32.0,4.0,0,484,19%,1,576.96,2026-04-21 19:46:20.368,,y
2510,20250911,2590,1,2578,2610,32.0,4.0,0,484,19%,1,576.96,2026-04-21 19:46:20.368,,y
2511,20250911,2590,1,2578,2577,50.0,1.0,0,484,19%,1,576.96,2026-04-21 19:46:20.368,,y
2512,20250911,2590,1,2578,2578,50.0,1.0,0,484,19%,1,576.96,2026-04-21 19:46:20.368,,y
2513,20250911,2590,1,2578,2579,32.0,1.0,0,484,19%,1,576.96,2026-04-21 19:46:20.368,,y
2514,20250911,2590,1,2578,2580,32.0,1.0,0,484,19%,1,576.96,2026-04-21 19:46:20.368,,y
2515,20251014,2592,1,2578,2610,32.0,4.0,0,224,19%,1,267.56,2026-04-21 19:46:20.368,,y
2516,20251014,2592,1,2578,2611,32.0,3.0,0,224,19%,1,267.56,2026-04-21 19:46:20.368,,y
2517,20251121,2595,1,2578,2585,32.0,4.0,0,352,19%,1,419.88,2026-04-21 19:46:20.368,,y
2518,20251121,2595,1,2578,2612,32.0,3.0,0,352,19%,1,419.88,2026-04-21 19:46:20.368,,y
2519,20251121,2595,1,2578,2585,32.0,4.0,0,352,19%,1,419.88,2026-04-21 19:46:20.368,,y
2520,20251212,2600,1,2698,2586,15.0,5.0,0,605,19%,1,720.95,2026-04-21 19:46:20.368,,y
2521,20251212,2600,1,2698,2587,25.0,5.0,0,605,19%,1,720.95,2026-04-21 19:46:20.368,,y
2522,20251212,2600,1,2698,2588,30.0,5.0,0,605,19%,1,720.95,2026-04-21 19:46:20.368,,y
2523,20251212,2600,1,2698,2589,38.0,5.0,0,605,19%,1,720.95,2026-04-21 19:46:20.368,,y
2524,20251212,2600,1,2698,2590,13.0,5.0,0,605,19%,1,720.95,2026-04-21 19:46:20.368,,y
2525,20250106,2602,1,2603,2591,32.0,2.0,0,160,19%,1,191.4,2026-04-21 19:46:20.368,,y
2526,20250106,2602,1,2603,2592,32.0,3.0,0,160,19%,1,191.4,2026-04-21 19:46:20.368,,y
2527,20250203,2604,1,2603,2612,32.0,3.0,0,160,19%,1,191.4,2026-04-21 19:46:20.369,,y
2528,20250203,2604,1,2603,2597,32.0,2.0,0,160,19%,1,191.4,2026-04-21 19:46:20.369,,y
2529,20250302,2607,1,2603,2597,32.0,2.0,0,224,19%,1,267.56,2026-04-21 19:46:20.369,,y
2530,20250302,2607,1,2603,2612,32.0,3.0,0,224,19%,1,267.56,2026-04-21 19:46:20.369,,y
2531,20250302,2607,1,2603,2597,32.0,2.0,0,224,19%,1,267.56,2026-04-21 19:46:20.369,,y
2532,20250403,2625,1,2603,2598,32.0,3.0,0,256,19%,1,305.64,2026-04-21 19:46:20.369,,y
2533,20250403,2625,1,2603,2599,32.0,2.0,0,256,19%,1,305.64,2026-04-21 19:46:20.369,,y
2534,20250403,2625,1,2603,2600,32.0,3.0,0,256,19%,1,305.64,2026-04-21 19:46:20.369,,y
2535,20250430,2614,1,2603,2601,32.0,2.0,0,303,19%,1,361.57,2026-04-21 19:46:20.369,,y
2536,20250430,2614,1,2603,2611,32.0,3.0,0,303,19%,1,361.57,2026-04-21 19:46:20.369,,y
2537,20250430,2614,1,2603,2610,32.0,4.0,0,303,19%,1,361.57,2026-04-21 19:46:20.369,,y
2538,20250430,2614,1,2603,2604,15.0,1.0,0,303,19%,1,361.57,2026-04-21 19:46:20.369,,y
2539,20250529,2616,1,2603,2610,32.0,4.0,0,224,19%,1,267.56,2026-04-21 19:46:20.369,,y
2540,20250529,2616,1,2603,2611,32.0,3.0,0,224,19%,1,267.56,2026-04-21 19:46:20.369,,y
2541,20250701,2618,1,2603,2611,32.0,3.0,0,192,19%,1,229.48,2026-04-21 19:46:20.369,,y
2542,20250701,2618,1,2603,2611,32.0,3.0,0,192,19%,1,229.48,2026-04-21 19:46:20.369,,y
2543,20250819,2619,1,2603,2609,32.0,1.0,0,32,19%,1,39.08,2026-04-21 19:46:20.369,,y
2544,20250911,2620,1,2603,2610,32.0,4.0,0,128,19%,1,153.32,2026-04-21 19:46:20.369,,y
2545,20251014,2621,1,2603,2611,32.0,3.0,0,96,19%,1,115.24,2026-04-21 19:46:20.369,,y
2546,20251121,2622,1,2603,2612,32.0,3.0,0,96,19%,1,115.24,2026-04-21 19:46:20.369,,y
2547,20251210,2624,1,2700,2613,45.0,10.0,0,470,0%,1,471,2026-04-21 19:46:20.369,,y
2548,20251210,2624,1,2700,2614,20.0,1.0,0,470,0%,1,471,2026-04-21 19:46:20.369,,y
2549,20250415,2625,1,2701,2615,150.0,1.0,0,150,19%,1,179.5,2026-04-21 19:46:20.369,,y
2550,20241113,6367,1,244,2616,29.0,500.0,0,19500,19%,1,23206,2026-04-21 19:46:20.369,,y
2551,20241113,6367,1,244,2617,5.0,500.0,0,19500,19%,1,23206,2026-04-21 19:46:20.369,,y
2552,20241113,6367,1,244,2618,2.0,500.0,0,19500,19%,1,23206,2026-04-21 19:46:20.369,,y
2553,20241113,6367,1,244,2619,2.0,500.0,0,19500,19%,1,23206,2026-04-21 19:46:20.369,,y
2554,20241113,6367,1,244,2620,1.0,500.0,0,19500,19%,1,23206,2026-04-21 19:46:20.369,,y
2555,20251215,2633,1,244,2621,28.15,450.0,0,14592.38,19%,1,17365.926,2026-04-21 19:46:20.369,,y
2556,20251215,2633,1,244,2622,2.0,450.0,0,14592.38,19%,1,17365.926,2026-04-21 19:46:20.369,,y
2557,20251215,2633,1,244,2623,8.0,450.0,0,14592.38,19%,1,17365.926,2026-04-21 19:46:20.369,,y
2558,20241030,2634,1,2685,2625,62.0,432.0,0,26784,19%,1,31873.96,2026-04-21 19:46:20.369,,y
2559,20241210,6368,1,2685,2625,62.0,432.0,0,26784,19%,1,16096.35,2026-04-21 19:46:20.369,,y
2560,20250116,2636,1,2685,2626,62.0,3.0,0,186,19%,1,222.34,2026-04-21 19:46:20.369,,y
2561,20251017,2637,1,2685,2628,200.0,1.0,0,200,19%,1,239,2026-04-21 19:46:20.369,,y
2562,20251117,2638,1,2685,2628,200.0,1.0,0,200,19%,1,239,2026-04-21 19:46:20.369,,y
