product,category,avg_price,nb_concurrents,nb_occurrences,cat_total_products,cat_avg_price,cat_nb_concurrents,feat_cat_popularity,feat_price_distance,feat_occurrence_score,feat_concurrent_coverage,predicted_category,confidence_score,correct_prediction
a-2 plats bois olivier,arts de la table,14.0,1,1,299,65.4371237458194,1,0.6127049180327869,0.7860541542070976,1.0,1.0,arts de la table,0.965,True
a-3 bowls,arts de la table,47.0,1,1,299,65.4371237458194,1,0.6127049180327869,0.2817532680024622,1.0,1.0,arts de la table,0.945,True
a-3 feuilles,arts de la table,120.0,1,1,299,65.4371237458194,1,0.6127049180327869,0.8338214196623372,1.0,1.0,arts de la table,0.935,True
a-3 plateaux,arts de la table,175.0,1,1,299,65.4371237458194,1,0.6127049180327869,1.674322896670063,1.0,1.0,arts de la table,0.965,True
a-abeya bleue,habillement,120.0,1,1,351,134.41378917378916,1,0.7192622950819673,0.10723445232184116,1.0,1.0,habillement,1.0,True
a-abeya lin,habillement,140.0,1,1,351,134.41378917378916,1,0.7192622950819673,0.04155980438456651,1.0,1.0,habillement,0.985,True
a-accessoires cheveux,bijoux,110.0,1,1,488,92.91122950819673,1,1.0,0.18392577945995114,1.0,1.0,bijoux,0.97,True
a-argile verte,cosmetiques et soins,1.8,1,1,193,24.965803108808288,1,0.39549180327868855,0.9279013408839119,1.0,1.0,cosmetiques et soins,0.84,True
"a-articles en ""halfa"" kasserine",arts de la table,30.0,1,1,299,65.4371237458194,1,0.6127049180327869,0.541544633623032,1.0,1.0,arts de la table,0.885,True
a-assiette amamou,arts de la table,5.0,1,1,299,65.4371237458194,1,0.6127049180327869,0.9235907595356345,1.0,1.0,arts de la table,0.99,True
a-assiette chemla,arts de la table,30.0,1,1,299,65.4371237458194,1,0.6127049180327869,0.541544633623032,1.0,1.0,arts de la table,1.0,True
a-assiette creuse,arts de la table,12.5,1,1,299,65.4371237458194,1,0.6127049180327869,0.8089769217618538,1.0,1.0,arts de la table,0.985,True
a-assiette céramique poisson,arts de la table,25.0,1,1,299,65.4371237458194,1,0.6127049180327869,0.6179538588055524,1.0,1.0,arts de la table,0.98,True
a-assiette dessert,arts de la table,9.9,1,1,299,65.4371237458194,1,0.6127049180327869,0.8487097188567644,1.0,1.0,arts de la table,0.995,True
a-assiette kesra,arts de la table,15.0,1,1,299,65.4371237458194,1,0.6127049180327869,0.7707723091705935,1.0,1.0,arts de la table,1.0,True
a-assiette noire,arts de la table,20.0,1,1,299,65.4371237458194,1,0.6127049180327869,0.694363083988073,1.0,1.0,arts de la table,0.965,True
a-assiette peinte argent,arts de la table,150.0,1,1,299,65.4371237458194,1,0.6127049180327869,1.2922767707574603,1.0,1.0,arts de la table,0.96,True
a-assiette pierre kesra,arts de la table,70.0,1,1,299,65.4371237458194,1,0.6127049180327869,0.06972916783713214,1.0,1.0,arts de la table,0.975,True
a-assiette rouge,arts de la table,15.0,1,1,299,65.4371237458194,1,0.6127049180327869,0.7707723091705935,1.0,1.0,arts de la table,0.95,True
a-assiettes calligraphiées,arts de la table,15.0,1,1,299,65.4371237458194,1,0.6127049180327869,0.7707723091705935,1.0,1.0,arts de la table,1.0,True
a-assiettes nabeul,arts de la table,20.0,1,1,299,65.4371237458194,1,0.6127049180327869,0.694363083988073,1.0,1.0,arts de la table,0.965,True
a-babouche raphia,habillement,60.0,1,1,351,134.41378917378916,1,0.7192622950819673,0.5536172224410641,1.0,1.0,habillement,1.0,True
a-babouches cuir,habillement,90.0,1,1,351,134.41378917378916,1,0.7192622950819673,0.33042583738145265,1.0,1.0,habillement,0.995,True
a-babouches pointues,habillement,14.0,1,1,351,134.41378917378916,1,0.7192622950819673,0.8958440128658018,1.0,1.0,habillement,0.925,True
a-bague agate argent,bijoux,40.0,1,1,488,92.91122950819673,1,1.0,0.5694815278926786,1.0,1.0,bijoux,1.0,True
a-bague ajourée,bijoux,35.0,1,1,488,92.91122950819673,1,1.0,0.6232963355607236,1.0,1.0,bijoux,1.0,True
a-bague ambre,bijoux,70.0,1,1,488,92.91122950819673,1,1.0,0.24659268188440872,1.0,1.0,bijoux,1.0,True
a-bague argent ciselé,bijoux,45.0,1,1,488,92.91122950819673,1,1.0,0.5156667202246337,1.0,1.0,bijoux,1.0,True
a-bague argent fleur,bijoux,70.0,1,1,488,92.91122950819673,1,1.0,0.24659268188440872,1.0,1.0,bijoux,1.0,True
a-bague basmala,bijoux,35.0,1,1,488,92.91122950819673,1,1.0,0.6232963355607236,1.0,1.0,bijoux,1.0,True
a-bague bleue,bijoux,40.0,1,1,488,92.91122950819673,1,1.0,0.5694815278926786,1.0,1.0,bijoux,1.0,True
a-bague coquillage,bijoux,125.0,1,1,488,92.91122950819673,1,1.0,0.34537020246408606,1.0,1.0,bijoux,1.0,True
a-bague corail,bijoux,90.0,1,1,488,92.91122950819673,1,1.0,0.0313334512122288,1.0,1.0,bijoux,0.965,True
a-bague crayons,bijoux,60.0,1,1,488,92.91122950819673,1,1.0,0.3542222972204987,1.0,1.0,bijoux,1.0,True
a-bague cuivre,bijoux,40.0,1,1,488,92.91122950819673,1,1.0,0.5694815278926786,1.0,1.0,bijoux,0.95,True
a-bague céramique,bijoux,45.0,1,1,488,92.91122950819673,1,1.0,0.5156667202246337,1.0,1.0,bijoux,0.99,True
a-bague deux coeurs,bijoux,10.0,1,1,488,92.91122950819673,1,1.0,0.8923703739009485,1.0,1.0,bijoux,0.99,True
a-bague en argent,bijoux,80.0,1,1,488,92.91122950819673,1,1.0,0.13896306654831878,1.0,1.0,bijoux,1.0,True
a-bague en bois woodstone,bijoux,25.0,1,1,488,92.91122950819673,1,1.0,0.7309259508968136,1.0,1.0,bijoux,0.975,True
a-bague en bouton,bijoux,15.0,1,1,488,92.91122950819673,1,1.0,0.8385555662329035,1.0,1.0,bijoux,0.995,True
a-bague en cuivre,bijoux,25.0,1,1,488,92.91122950819673,1,1.0,0.7309259508968136,1.0,1.0,bijoux,0.96,True
a-bague en laiton,bijoux,25.0,1,1,488,92.91122950819673,1,1.0,0.7309259508968136,1.0,1.0,bijoux,1.0,True
a-bague ethno chic,bijoux,15.0,1,1,488,92.91122950819673,1,1.0,0.8385555662329035,1.0,1.0,bijoux,0.975,True
a-bague filigrane,bijoux,50.0,1,1,488,92.91122950819673,1,1.0,0.46185191255658864,1.0,1.0,bijoux,1.0,True
a-bague longiligne poisson,bijoux,10.0,1,1,488,92.91122950819673,1,1.0,0.8923703739009485,1.0,1.0,bijoux,0.975,True
a-bague mandarine,bijoux,35.0,1,1,488,92.91122950819673,1,1.0,0.6232963355607236,1.0,1.0,bijoux,1.0,True
a-bague nemli,bijoux,65.0,1,1,488,92.91122950819673,1,1.0,0.3004074895524537,1.0,1.0,bijoux,1.0,True
a-bague ours,bijoux,20.0,1,1,488,92.91122950819673,1,1.0,0.7847407585648586,1.0,1.0,bijoux,0.985,True
a-bague ronde,bijoux,10.0,1,1,488,92.91122950819673,1,1.0,0.8923703739009485,1.0,1.0,bijoux,0.99,True
a-bague rouge,bijoux,10.0,1,1,488,92.91122950819673,1,1.0,0.8923703739009485,1.0,1.0,bijoux,0.95,True
a-bague sertie ambre,bijoux,25.0,1,1,488,92.91122950819673,1,1.0,0.7309259508968136,1.0,1.0,bijoux,0.995,True
a-bague soleil,bijoux,70.0,1,1,488,92.91122950819673,1,1.0,0.24659268188440872,1.0,1.0,bijoux,1.0,True
a-bague tanit,bijoux,55.0,1,1,488,92.91122950819673,1,1.0,0.40803710488854367,1.0,1.0,bijoux,1.0,True
a-bague trendy,bijoux,90.0,1,1,488,92.91122950819673,1,1.0,0.0313334512122288,1.0,1.0,bijoux,0.97,True
a-bague triangulaire,bijoux,25.0,1,1,488,92.91122950819673,1,1.0,0.7309259508968136,1.0,1.0,bijoux,0.99,True
a-bague verre de murano,bijoux,80.0,1,1,488,92.91122950819673,1,1.0,0.13896306654831878,1.0,1.0,bijoux,0.845,True
a-bague verte,bijoux,70.0,1,1,488,92.91122950819673,1,1.0,0.24659268188440872,1.0,1.0,bijoux,1.0,True
a-bague verte en verre,bijoux,40.0,1,1,488,92.91122950819673,1,1.0,0.5694815278926786,1.0,1.0,bijoux,0.98,True
a-bague épurée,bijoux,20.0,1,1,488,92.91122950819673,1,1.0,0.7847407585648586,1.0,1.0,bijoux,0.985,True
a-bagues brodées,bijoux,38.0,1,1,488,92.91122950819673,1,1.0,0.5910074509598966,1.0,1.0,bijoux,0.965,True
a-bagues en argent,bijoux,45.0,1,1,488,92.91122950819673,1,1.0,0.5156667202246337,1.0,1.0,bijoux,0.985,True
a-bagues en verre,bijoux,5.0,1,1,488,92.91122950819673,1,1.0,0.9461851815689936,1.0,1.0,bijoux,0.835,True
a-balgha,habillement,60.0,1,1,351,134.41378917378916,1,0.7192622950819673,0.5536172224410641,1.0,1.0,habillement,1.0,True
a-balgha africa,habillement,60.0,1,1,351,134.41378917378916,1,0.7192622950819673,0.5536172224410641,1.0,1.0,habillement,1.0,True
a-balgha crocro,habillement,90.0,1,1,351,134.41378917378916,1,0.7192622950819673,0.33042583738145265,1.0,1.0,habillement,0.99,True
a-ballerines plates,habillement,85.0,1,1,351,134.41378917378916,1,0.7192622950819673,0.3676244015580546,1.0,1.0,habillement,1.0,True
a-barboteuse,habillement,75.0,1,1,351,134.41378917378916,1,0.7192622950819673,0.4420215299112584,1.0,1.0,habillement,1.0,True
a-baril à huile,arts de la table,90.0,1,1,299,65.4371237458194,1,0.6127049180327869,0.37536606856721416,1.0,1.0,arts de la table,0.895,True
a-barre de massage,cosmetiques et soins,5.5,1,1,193,24.965803108808288,1,0.39549180327868855,0.7796986239245736,1.0,1.0,cosmetiques et soins,0.935,True
a-barre de savon huile d'olive,cosmetiques et soins,15.0,1,1,193,24.965803108808288,1,0.39549180327868855,0.39917813443438066,1.0,1.0,cosmetiques et soins,0.875,True
a-baume capillaire,cosmetiques et soins,20.0,1,1,193,24.965803108808288,1,0.39549180327868855,0.198904192597437,1.0,1.0,cosmetiques et soins,1.0,True
a-baume lèvres,cosmetiques et soins,15.6,1,1,193,24.965803108808288,1,0.39549180327868855,0.37514526141394744,1.0,1.0,cosmetiques et soins,0.94,True
a-baume miel,cosmetiques et soins,10.0,1,1,193,24.965803108808288,1,0.39549180327868855,0.5994520762713242,1.0,1.0,cosmetiques et soins,0.97,True
a-baume pieds,cosmetiques et soins,18.8,1,1,193,24.965803108808288,1,0.39549180327868855,0.24696993863830344,1.0,1.0,cosmetiques et soins,0.99,True
a-baume à lèvres,cosmetiques et soins,10.0,1,1,193,24.965803108808288,1,0.39549180327868855,0.5994520762713242,1.0,1.0,cosmetiques et soins,1.0,True
a-beurre de cacao,cosmetiques et soins,30.0,1,1,193,24.965803108808288,1,0.39549180327868855,0.2016436910764503,1.0,1.0,cosmetiques et soins,0.68,True
a-bijou manchette,bijoux,300.0,1,1,488,92.91122950819673,1,1.0,2.2288884708456607,1.0,1.0,bijoux,0.99,True
a-bijou sac,bijoux,30.0,1,1,488,92.91122950819673,1,1.0,0.6771111432287686,1.0,1.0,bijoux,0.83,True
a-bijou wasta,bijoux,75.0,1,1,488,92.91122950819673,1,1.0,0.19277787421636375,1.0,1.0,bijoux,0.995,True
a-bijoux by jasmino,bijoux,160.0,1,1,488,92.91122950819673,1,1.0,0.722073856140401,1.0,1.0,bijoux,0.81,True
a-bijoux corail agate,bijoux,100.0,1,1,488,92.91122950819673,1,1.0,0.07629616412386117,1.0,1.0,bijoux,0.95,True
a-bijoux enfant,bijoux,25.0,1,1,488,92.91122950819673,1,1.0,0.7309259508968136,1.0,1.0,bijoux,0.965,True
a-bijoux fil de soie,bijoux,65.0,1,1,488,92.91122950819673,1,1.0,0.3004074895524537,1.0,1.0,bijoux,0.895,True
a-bijoux nacrés,bijoux,75.0,1,1,488,92.91122950819673,1,1.0,0.19277787421636375,1.0,1.0,bijoux,1.0,True
a-bijoux terre cuite,bijoux,15.0,1,1,488,92.91122950819673,1,1.0,0.8385555662329035,1.0,1.0,bijoux,0.955,True
a-bikini,habillement,285.0,1,1,351,134.41378917378916,1,0.7192622950819673,1.1203181655060221,1.0,1.0,habillement,0.985,True
a-blouse baraa,habillement,414.48,1,1,351,134.41378917378916,1,0.7192622950819673,2.0836121834233055,1.0,1.0,habillement,0.995,True
a-blouse djerbienne,habillement,120.0,1,1,351,134.41378917378916,1,0.7192622950819673,0.10723445232184116,1.0,1.0,habillement,1.0,True
a-blouse hayek,habillement,180.0,1,1,351,134.41378917378916,1,0.7192622950819673,0.33914831779738186,1.0,1.0,habillement,1.0,True
a-blouson cuir brodé,habillement,250.0,1,1,351,134.41378917378916,1,0.7192622950819673,0.8599282162698086,1.0,1.0,habillement,0.99,True
a-blouza brodée,habillement,120.0,1,1,351,134.41378917378916,1,0.7192622950819673,0.10723445232184116,1.0,1.0,habillement,0.995,True
a-blouza calligraphiée,habillement,120.0,1,1,351,134.41378917378916,1,0.7192622950819673,0.10723445232184116,1.0,1.0,habillement,1.0,True
a-body scrub,cosmetiques et soins,42.0,1,1,193,24.965803108808288,1,0.39549180327868855,0.682301151485115,1.0,1.0,cosmetiques et soins,0.575,True
a-body wash,cosmetiques et soins,13.0,1,1,193,24.965803108808288,1,0.39549180327868855,0.4792877111691581,1.0,1.0,cosmetiques et soins,0.995,True
a-bol calligraphié,arts de la table,4.0,1,1,299,65.4371237458194,1,0.6127049180327869,0.9388726045721386,1.0,1.0,arts de la table,0.975,True
a-bol poisson,arts de la table,10.0,1,1,299,65.4371237458194,1,0.6127049180327869,0.8471815343531139,1.0,1.0,arts de la table,0.91,True
a-bol sejnane,arts de la table,40.0,1,1,299,65.4371237458194,1,0.6127049180327869,0.3887261832579909,1.0,1.0,arts de la table,0.995,True
a-bols cuivre,arts de la table,35.0,1,1,299,65.4371237458194,1,0.6127049180327869,0.46513540844051143,1.0,1.0,arts de la table,0.99,True
a-bols céramique,arts de la table,12.0,1,1,299,65.4371237458194,1,0.6127049180327869,0.8166178442801058,1.0,1.0,arts de la table,0.96,True
a-bombes de bain,cosmetiques et soins,3.0,1,1,193,24.965803108808288,1,0.39549180327868855,0.8798355948430454,1.0,1.0,cosmetiques et soins,0.96,True
a-bonbonnière,arts de la table,40.0,1,1,299,65.4371237458194,1,0.6127049180327869,0.3887261832579909,1.0,1.0,arts de la table,0.995,True
a-bottes longues,habillement,174.0,1,1,351,134.41378917378916,1,0.7192622950819673,0.29451004078545956,1.0,1.0,habillement,0.985,True
a-boucle arabesque,bijoux,45.0,1,1,488,92.91122950819673,1,1.0,0.5156667202246337,1.0,1.0,bijoux,0.995,True
a-boucle feuille,bijoux,60.0,1,1,488,92.91122950819673,1,1.0,0.3542222972204987,1.0,1.0,bijoux,0.99,True
a-boucle fleur,bijoux,15.0,1,1,488,92.91122950819673,1,1.0,0.8385555662329035,1.0,1.0,bijoux,0.98,True
a-boucle florale,bijoux,20.0,1,1,488,92.91122950819673,1,1.0,0.7847407585648586,1.0,1.0,bijoux,0.96,True
"a-boucles ""face""",bijoux,45.0,1,1,488,92.91122950819673,1,1.0,0.5156667202246337,1.0,1.0,bijoux,1.0,True
a-boucles africa,bijoux,30.0,1,1,488,92.91122950819673,1,1.0,0.6771111432287686,1.0,1.0,bijoux,0.995,True
a-boucles ambre,bijoux,25.0,1,1,488,92.91122950819673,1,1.0,0.7309259508968136,1.0,1.0,bijoux,0.99,True
a-boucles anneaux,bijoux,65.0,1,1,488,92.91122950819673,1,1.0,0.3004074895524537,1.0,1.0,bijoux,0.995,True
a-boucles argent bois,bijoux,75.0,1,1,488,92.91122950819673,1,1.0,0.19277787421636375,1.0,1.0,bijoux,0.995,True
a-boucles argent verre,bijoux,35.0,1,1,488,92.91122950819673,1,1.0,0.6232963355607236,1.0,1.0,bijoux,0.995,True
a-boucles attrape-rêve,bijoux,8.0,1,1,488,92.91122950819673,1,1.0,0.9138962969681665,1.0,1.0,bijoux,0.99,True
a-boucles bateau,bijoux,20.0,1,1,488,92.91122950819673,1,1.0,0.7847407585648586,1.0,1.0,bijoux,1.0,True
a-boucles berbères,bijoux,17.0,1,1,488,92.91122950819673,1,1.0,0.8170296431656856,1.0,1.0,bijoux,1.0,True
a-boucles bordeau,bijoux,12.0,1,1,488,92.91122950819673,1,1.0,0.8708444508337305,1.0,1.0,bijoux,0.97,True
a-boucles brodées,bijoux,55.0,1,1,488,92.91122950819673,1,1.0,0.40803710488854367,1.0,1.0,bijoux,1.0,True
a-boucles ciselées,bijoux,95.0,1,1,488,92.91122950819673,1,1.0,0.022481356455816184,1.0,1.0,bijoux,0.99,True
a-boucles corail,bijoux,60.0,1,1,488,92.91122950819673,1,1.0,0.3542222972204987,1.0,1.0,bijoux,0.995,True
a-boucles d'oreille arc en ciel,bijoux,10.0,1,1,488,92.91122950819673,1,1.0,0.8923703739009485,1.0,1.0,bijoux,1.0,True
a-boucles d'oreille argent,bijoux,60.0,1,1,488,92.91122950819673,1,1.0,0.3542222972204987,1.0,1.0,bijoux,1.0,True
a-boucles d'oreille cascades,bijoux,90.0,1,1,488,92.91122950819673,1,1.0,0.0313334512122288,1.0,1.0,bijoux,0.995,True
a-boucles d'oreille ceramique,bijoux,95.0,1,1,488,92.91122950819673,1,1.0,0.022481356455816184,1.0,1.0,bijoux,0.995,True
a-boucles d'oreille cuir,bijoux,7.0,1,1,488,92.91122950819673,1,1.0,0.9246592585017755,1.0,1.0,bijoux,1.0,True
a-boucles d'oreille cuivre,bijoux,15.0,1,1,488,92.91122950819673,1,1.0,0.8385555662329035,1.0,1.0,bijoux,0.975,True
a-boucles d'oreille ecolos,bijoux,6.0,1,1,488,92.91122950819673,1,1.0,0.9354222200353846,1.0,1.0,bijoux,1.0,True
a-boucles d'oreille en verre,bijoux,5.0,1,1,488,92.91122950819673,1,1.0,0.9461851815689936,1.0,1.0,bijoux,1.0,True
a-boucles d'oreille feuille,bijoux,35.0,1,1,488,92.91122950819673,1,1.0,0.6232963355607236,1.0,1.0,bijoux,1.0,True
a-boucles d'oreille filigrane,bijoux,70.0,1,1,488,92.91122950819673,1,1.0,0.24659268188440872,1.0,1.0,bijoux,1.0,True
a-boucles d'oreille flower,bijoux,25.0,1,1,488,92.91122950819673,1,1.0,0.7309259508968136,1.0,1.0,bijoux,1.0,True
a-boucles d'oreille petit bonhomme,bijoux,10.0,1,1,488,92.91122950819673,1,1.0,0.8923703739009485,1.0,1.0,bijoux,0.975,True
a-boucles d'oreille rondes,bijoux,15.0,1,1,488,92.91122950819673,1,1.0,0.8385555662329035,1.0,1.0,bijoux,1.0,True
a-boucles d'oreille silver,bijoux,35.0,1,1,488,92.91122950819673,1,1.0,0.6232963355607236,1.0,1.0,bijoux,1.0,True
a-boucles d'oreille southnorth,bijoux,45.0,1,1,488,92.91122950819673,1,1.0,0.5156667202246337,1.0,1.0,bijoux,1.0,True
a-boucles d'oreille topaze,bijoux,65.0,1,1,488,92.91122950819673,1,1.0,0.3004074895524537,1.0,1.0,bijoux,1.0,True
a-boucles d'oreille triangle,bijoux,15.0,1,1,488,92.91122950819673,1,1.0,0.8385555662329035,1.0,1.0,bijoux,1.0,True
a-boucles d'oreille zlizz,bijoux,35.0,1,1,488,92.91122950819673,1,1.0,0.6232963355607236,1.0,1.0,bijoux,1.0,True
a-boucles d'oreilles bleues,bijoux,120.0,1,1,488,92.91122950819673,1,1.0,0.2915553947960411,1.0,1.0,bijoux,0.995,True
a-boucles dorées,bijoux,45.0,1,1,488,92.91122950819673,1,1.0,0.5156667202246337,1.0,1.0,bijoux,1.0,True
a-boucles dream catcher,bijoux,15.0,1,1,488,92.91122950819673,1,1.0,0.8385555662329035,1.0,1.0,bijoux,0.995,True
a-boucles filigrane,bijoux,50.0,1,1,488,92.91122950819673,1,1.0,0.46185191255658864,1.0,1.0,bijoux,1.0,True
a-boucles fillette,bijoux,5.0,1,1,488,92.91122950819673,1,1.0,0.9461851815689936,1.0,1.0,bijoux,0.99,True
a-boucles fimo,bijoux,18.0,1,1,488,92.91122950819673,1,1.0,0.8062666816320766,1.0,1.0,bijoux,1.0,True
a-boucles fleuries,bijoux,15.0,1,1,488,92.91122950819673,1,1.0,0.8385555662329035,1.0,1.0,bijoux,0.995,True
a-boucles florales,bijoux,55.0,1,1,488,92.91122950819673,1,1.0,0.40803710488854367,1.0,1.0,bijoux,1.0,True
a-boucles glam,bijoux,80.0,1,1,488,92.91122950819673,1,1.0,0.13896306654831878,1.0,1.0,bijoux,1.0,True
a-boucles gomra,bijoux,65.0,1,1,488,92.91122950819673,1,1.0,0.3004074895524537,1.0,1.0,bijoux,1.0,True
a-boucles grenouille,bijoux,20.0,1,1,488,92.91122950819673,1,1.0,0.7847407585648586,1.0,1.0,bijoux,1.0,True
a-boucles houta,bijoux,35.0,1,1,488,92.91122950819673,1,1.0,0.6232963355607236,1.0,1.0,bijoux,1.0,True
a-boucles khomsa,bijoux,25.0,1,1,488,92.91122950819673,1,1.0,0.7309259508968136,1.0,1.0,bijoux,0.98,True
a-boucles lapis-lazuli,bijoux,75.0,1,1,488,92.91122950819673,1,1.0,0.19277787421636375,1.0,1.0,bijoux,1.0,True
a-boucles nkott,bijoux,130.0,1,1,488,92.91122950819673,1,1.0,0.3991850101321311,1.0,1.0,bijoux,0.995,True
a-boucles nâcre,bijoux,80.0,1,1,488,92.91122950819673,1,1.0,0.13896306654831878,1.0,1.0,bijoux,1.0,True
a-boucles okod,bijoux,20.0,1,1,488,92.91122950819673,1,1.0,0.7847407585648586,1.0,1.0,bijoux,1.0,True
a-boucles papillon,bijoux,60.0,1,1,488,92.91122950819673,1,1.0,0.3542222972204987,1.0,1.0,bijoux,0.995,True
a-boucles pastèque,bijoux,35.0,1,1,488,92.91122950819673,1,1.0,0.6232963355607236,1.0,1.0,bijoux,1.0,True
a-boucles peintes,bijoux,35.0,1,1,488,92.91122950819673,1,1.0,0.6232963355607236,1.0,1.0,bijoux,1.0,True
a-boucles point de croix,bijoux,10.0,1,1,488,92.91122950819673,1,1.0,0.8923703739009485,1.0,1.0,bijoux,0.9,True
a-boucles poisson,bijoux,13.0,1,1,488,92.91122950819673,1,1.0,0.8600814893001215,1.0,1.0,bijoux,0.935,True
a-boucles poisson omrane,bijoux,56.0,1,1,488,92.91122950819673,1,1.0,0.39727414335493466,1.0,1.0,bijoux,0.985,True
a-boucles poissons,bijoux,15.0,1,1,488,92.91122950819673,1,1.0,0.8385555662329035,1.0,1.0,bijoux,0.995,True
a-boucles pompon,bijoux,20.0,1,1,488,92.91122950819673,1,1.0,0.7847407585648586,1.0,1.0,bijoux,1.0,True
a-boucles pompon sousse,bijoux,15.0,1,1,488,92.91122950819673,1,1.0,0.8385555662329035,1.0,1.0,bijoux,1.0,True
a-boucles rectangulaires,bijoux,35.0,1,1,488,92.91122950819673,1,1.0,0.6232963355607236,1.0,1.0,bijoux,1.0,True
a-boucles rondes,bijoux,40.0,1,1,488,92.91122950819673,1,1.0,0.5694815278926786,1.0,1.0,bijoux,1.0,True
a-boucles ruban,bijoux,150.0,1,1,488,92.91122950819673,1,1.0,0.614444240804311,1.0,1.0,bijoux,1.0,True
a-boucles stylisées,bijoux,60.0,1,1,488,92.91122950819673,1,1.0,0.3542222972204987,1.0,1.0,bijoux,1.0,True
a-boucles taureau,bijoux,14.0,1,1,488,92.91122950819673,1,1.0,0.8493185277665125,1.0,1.0,bijoux,0.975,True
a-boucles triangle,bijoux,30.0,1,1,488,92.91122950819673,1,1.0,0.6771111432287686,1.0,1.0,bijoux,0.99,True
a-boucles triangles,bijoux,35.0,1,1,488,92.91122950819673,1,1.0,0.6232963355607236,1.0,1.0,bijoux,1.0,True
a-boucles warka,bijoux,55.0,1,1,488,92.91122950819673,1,1.0,0.40803710488854367,1.0,1.0,bijoux,1.0,True
a-bouquet savons,cosmetiques et soins,5.0,1,1,193,24.965803108808288,1,0.39549180327868855,0.7997260181082679,1.0,1.0,cosmetiques et soins,0.95,True
a-bourse raphia,habillement,40.0,1,1,351,134.41378917378916,1,0.7192622950819673,0.7024114791474718,1.0,1.0,habillement,0.99,True
a-bouteille,arts de la table,10.0,1,1,299,65.4371237458194,1,0.6127049180327869,0.8471815343531139,1.0,1.0,arts de la table,0.975,True
a-bouteille huile d'olive,arts de la table,13.9,1,1,299,65.4371237458194,1,0.6127049180327869,0.787582338710748,1.0,1.0,arts de la table,0.76,True
a-boîte gateaux cuivre,arts de la table,180.0,1,1,299,65.4371237458194,1,0.6127049180327869,1.7507321218525833,1.0,1.0,arts de la table,0.97,True
a-boîte halfa,arts de la table,20.0,1,1,299,65.4371237458194,1,0.6127049180327869,0.694363083988073,1.0,1.0,arts de la table,0.925,True
a-boîte à chocolat,arts de la table,65.0,1,1,299,65.4371237458194,1,0.6127049180327869,0.0066800573453883695,1.0,1.0,arts de la table,0.955,True
"a-bracelet ""infini""",bijoux,15.0,1,1,488,92.91122950819673,1,1.0,0.8385555662329035,1.0,1.0,bijoux,0.995,True
a-bracelet agate,bijoux,220.0,1,1,488,92.91122950819673,1,1.0,1.3678515481569407,1.0,1.0,bijoux,0.995,True
a-bracelet ambre,bijoux,5.0,1,1,488,92.91122950819673,1,1.0,0.9461851815689936,1.0,1.0,bijoux,0.97,True
a-bracelet argent,bijoux,90.0,1,1,488,92.91122950819673,1,1.0,0.0313334512122288,1.0,1.0,bijoux,0.99,True
a-bracelet argent 925,bijoux,90.0,1,1,488,92.91122950819673,1,1.0,0.0313334512122288,1.0,1.0,bijoux,0.99,True
a-bracelet attrape-rêves,bijoux,8.0,1,1,488,92.91122950819673,1,1.0,0.9138962969681665,1.0,1.0,bijoux,0.985,True
a-bracelet bois,bijoux,35.0,1,1,488,92.91122950819673,1,1.0,0.6232963355607236,1.0,1.0,bijoux,1.0,True
a-bracelet bois marbre,bijoux,60.0,1,1,488,92.91122950819673,1,1.0,0.3542222972204987,1.0,1.0,bijoux,0.995,True
a-bracelet boules,bijoux,30.0,1,1,488,92.91122950819673,1,1.0,0.6771111432287686,1.0,1.0,bijoux,1.0,True
a-bracelet calligraphié,bijoux,90.0,1,1,488,92.91122950819673,1,1.0,0.0313334512122288,1.0,1.0,bijoux,0.99,True
a-bracelet calligraphié art'cristo,bijoux,28.0,1,1,488,92.91122950819673,1,1.0,0.6986370662959865,1.0,1.0,bijoux,0.985,True
a-bracelet chat,bijoux,25.0,1,1,488,92.91122950819673,1,1.0,0.7309259508968136,1.0,1.0,bijoux,1.0,True
a-bracelet clé,bijoux,35.0,1,1,488,92.91122950819673,1,1.0,0.6232963355607236,1.0,1.0,bijoux,1.0,True
a-bracelet coloré,bijoux,25.0,1,1,488,92.91122950819673,1,1.0,0.7309259508968136,1.0,1.0,bijoux,1.0,True
a-bracelet corail,bijoux,180.0,1,1,488,92.91122950819673,1,1.0,0.9373330868125809,1.0,1.0,bijoux,0.985,True
a-bracelet corail argent,bijoux,414.48,1,1,488,92.91122950819673,1,1.0,3.4610323072132188,1.0,1.0,bijoux,1.0,True
a-bracelet croissant,bijoux,25.0,1,1,488,92.91122950819673,1,1.0,0.7309259508968136,1.0,1.0,bijoux,1.0,True
a-bracelet cuir ancre,bijoux,20.0,1,1,488,92.91122950819673,1,1.0,0.7847407585648586,1.0,1.0,bijoux,1.0,True
a-bracelet cuir effet croco,bijoux,50.0,1,1,488,92.91122950819673,1,1.0,0.46185191255658864,1.0,1.0,bijoux,0.99,True
a-bracelet cuivre,bijoux,40.0,1,1,488,92.91122950819673,1,1.0,0.5694815278926786,1.0,1.0,bijoux,0.985,True
a-bracelet en bouton,bijoux,25.0,1,1,488,92.91122950819673,1,1.0,0.7309259508968136,1.0,1.0,bijoux,1.0,True
a-bracelet en cuivre,bijoux,35.0,1,1,488,92.91122950819673,1,1.0,0.6232963355607236,1.0,1.0,bijoux,0.985,True
a-bracelet enfant,bijoux,70.0,1,1,488,92.91122950819673,1,1.0,0.24659268188440872,1.0,1.0,bijoux,1.0,True
a-bracelet et boucles ciselées,bijoux,190.0,1,1,488,92.91122950819673,1,1.0,1.044962702148671,1.0,1.0,bijoux,0.995,True
a-bracelet filigrane,bijoux,270.0,1,1,488,92.91122950819673,1,1.0,1.9059996248373905,1.0,1.0,bijoux,0.99,True
a-bracelet filigrané,bijoux,414.48,1,1,488,92.91122950819673,1,1.0,3.4610323072132188,1.0,1.0,bijoux,1.0,True
a-bracelet fleur,bijoux,45.0,1,1,488,92.91122950819673,1,1.0,0.5156667202246337,1.0,1.0,bijoux,1.0,True
a-bracelet homme,bijoux,30.0,1,1,488,92.91122950819673,1,1.0,0.6771111432287686,1.0,1.0,bijoux,1.0,True
a-bracelet homme fait main,bijoux,25.0,1,1,488,92.91122950819673,1,1.0,0.7309259508968136,1.0,1.0,bijoux,1.0,True
a-bracelet hommes,bijoux,30.0,1,1,488,92.91122950819673,1,1.0,0.6771111432287686,1.0,1.0,bijoux,1.0,True
a-bracelet khlel,bijoux,80.0,1,1,488,92.91122950819673,1,1.0,0.13896306654831878,1.0,1.0,bijoux,0.995,True
a-bracelet khomsa,bijoux,8.0,1,1,488,92.91122950819673,1,1.0,0.9138962969681665,1.0,1.0,bijoux,0.995,True
a-bracelet lady,bijoux,45.0,1,1,488,92.91122950819673,1,1.0,0.5156667202246337,1.0,1.0,bijoux,1.0,True
a-bracelet mahboub,bijoux,15.0,1,1,488,92.91122950819673,1,1.0,0.8385555662329035,1.0,1.0,bijoux,0.995,True
a-bracelet manchette,bijoux,85.0,1,1,488,92.91122950819673,1,1.0,0.08514825888027379,1.0,1.0,bijoux,0.995,True
a-bracelet manchette cuivre,bijoux,20.0,1,1,488,92.91122950819673,1,1.0,0.7847407585648586,1.0,1.0,bijoux,0.98,True
a-bracelet manchette stylisé,bijoux,50.0,1,1,488,92.91122950819673,1,1.0,0.46185191255658864,1.0,1.0,bijoux,1.0,True
a-bracelet nemli,bijoux,45.0,1,1,488,92.91122950819673,1,1.0,0.5156667202246337,1.0,1.0,bijoux,1.0,True
a-bracelet nude,bijoux,15.0,1,1,488,92.91122950819673,1,1.0,0.8385555662329035,1.0,1.0,bijoux,0.995,True
a-bracelet o'plaisir,bijoux,25.0,1,1,488,92.91122950819673,1,1.0,0.7309259508968136,1.0,1.0,bijoux,1.0,True
a-bracelet perle,bijoux,65.0,1,1,488,92.91122950819673,1,1.0,0.3004074895524537,1.0,1.0,bijoux,0.99,True
a-bracelet perles,bijoux,12.0,1,1,488,92.91122950819673,1,1.0,0.8708444508337305,1.0,1.0,bijoux,0.97,True
a-bracelet personnalisable,bijoux,35.0,1,1,488,92.91122950819673,1,1.0,0.6232963355607236,1.0,1.0,bijoux,1.0,True
a-bracelet personnalisé,bijoux,10.0,1,1,488,92.91122950819673,1,1.0,0.8923703739009485,1.0,1.0,bijoux,0.995,True
a-bracelet poisson,bijoux,150.0,1,1,488,92.91122950819673,1,1.0,0.614444240804311,1.0,1.0,bijoux,0.995,True
a-bracelet pompons,bijoux,20.0,1,1,488,92.91122950819673,1,1.0,0.7847407585648586,1.0,1.0,bijoux,1.0,True
a-bracelet prénom,bijoux,60.0,1,1,488,92.91122950819673,1,1.0,0.3542222972204987,1.0,1.0,bijoux,0.995,True
a-bracelet quartz argent,bijoux,75.0,1,1,488,92.91122950819673,1,1.0,0.19277787421636375,1.0,1.0,bijoux,1.0,True
a-bracelet ruche,bijoux,400.0,1,1,488,92.91122950819673,1,1.0,3.3051846242065603,1.0,1.0,bijoux,0.99,True
a-bracelet serpent,bijoux,80.0,1,1,488,92.91122950819673,1,1.0,0.13896306654831878,1.0,1.0,bijoux,0.995,True
a-bracelet soie,bijoux,35.0,1,1,488,92.91122950819673,1,1.0,0.6232963355607236,1.0,1.0,bijoux,0.995,True
a-bracelet style zemni,bijoux,330.0,1,1,488,92.91122950819673,1,1.0,2.55177731685393,1.0,1.0,bijoux,0.99,True
a-bracelet stylisé kholkhal,bijoux,30.0,1,1,488,92.91122950819673,1,1.0,0.6771111432287686,1.0,1.0,bijoux,1.0,True
a-bracelet tressé,bijoux,55.0,1,1,488,92.91122950819673,1,1.0,0.40803710488854367,1.0,1.0,bijoux,1.0,True
a-bracelet tunisie,bijoux,45.0,1,1,488,92.91122950819673,1,1.0,0.5156667202246337,1.0,1.0,bijoux,1.0,True
a-bracelet éléphant,bijoux,16.0,1,1,488,92.91122950819673,1,1.0,0.8277926046992945,1.0,1.0,bijoux,1.0,True
a-bracelet étoile,bijoux,133.0,1,1,488,92.91122950819673,1,1.0,0.43147389473295805,1.0,1.0,bijoux,0.99,True
a-bracelets argent,bijoux,40.0,1,1,488,92.91122950819673,1,1.0,0.5694815278926786,1.0,1.0,bijoux,0.985,True
a-bracelets brodés,bijoux,45.0,1,1,488,92.91122950819673,1,1.0,0.5156667202246337,1.0,1.0,bijoux,0.995,True
a-bracelets chnechen,bijoux,18.0,1,1,488,92.91122950819673,1,1.0,0.8062666816320766,1.0,1.0,bijoux,0.895,True
a-bracelets fantaisie,bijoux,3.0,1,1,488,92.91122950819673,1,1.0,0.9677111046362115,1.0,1.0,bijoux,0.79,True
a-bracelets marsiens,bijoux,32.0,1,1,488,92.91122950819673,1,1.0,0.6555852201615506,1.0,1.0,bijoux,0.965,True
a-bracelets ressort,bijoux,35.0,1,1,488,92.91122950819673,1,1.0,0.6232963355607236,1.0,1.0,bijoux,0.98,True
a-bracelets soie,bijoux,40.0,1,1,488,92.91122950819673,1,1.0,0.5694815278926786,1.0,1.0,bijoux,0.96,True
a-broche 5 jeudis,bijoux,60.0,1,1,488,92.91122950819673,1,1.0,0.3542222972204987,1.0,1.0,bijoux,0.995,True
a-broche carthaginoise,bijoux,45.0,1,1,488,92.91122950819673,1,1.0,0.5156667202246337,1.0,1.0,bijoux,1.0,True
a-broche cheveux,bijoux,35.0,1,1,488,92.91122950819673,1,1.0,0.6232963355607236,1.0,1.0,bijoux,1.0,True
a-broche cuir,bijoux,15.0,1,1,488,92.91122950819673,1,1.0,0.8385555662329035,1.0,1.0,bijoux,0.955,True
a-broche céramique,bijoux,5.0,1,1,488,92.91122950819673,1,1.0,0.9461851815689936,1.0,1.0,bijoux,0.9,True
a-broche elephant,bijoux,45.0,1,1,488,92.91122950819673,1,1.0,0.5156667202246337,1.0,1.0,bijoux,1.0,True
a-broche flamant,bijoux,65.0,1,1,488,92.91122950819673,1,1.0,0.3004074895524537,1.0,1.0,bijoux,0.995,True
a-broche hibou,bijoux,30.0,1,1,488,92.91122950819673,1,1.0,0.6771111432287686,1.0,1.0,bijoux,1.0,True
a-broche hout alik,bijoux,6.0,1,1,488,92.91122950819673,1,1.0,0.9354222200353846,1.0,1.0,bijoux,0.86,True
a-broche lettre,bijoux,86.0,1,1,488,92.91122950819673,1,1.0,0.07438529734666478,1.0,1.0,bijoux,0.99,True
a-broche naissance,bijoux,15.0,1,1,488,92.91122950819673,1,1.0,0.8385555662329035,1.0,1.0,bijoux,0.935,True
a-broche oeil,bijoux,120.0,1,1,488,92.91122950819673,1,1.0,0.2915553947960411,1.0,1.0,bijoux,0.995,True
a-broche oiseau,bijoux,55.0,1,1,488,92.91122950819673,1,1.0,0.40803710488854367,1.0,1.0,bijoux,1.0,True
a-broche paon,bijoux,50.0,1,1,488,92.91122950819673,1,1.0,0.46185191255658864,1.0,1.0,bijoux,1.0,True
a-broche papillon,bijoux,35.0,1,1,488,92.91122950819673,1,1.0,0.6232963355607236,1.0,1.0,bijoux,0.975,True
a-broche papillon de nuit,bijoux,60.0,1,1,488,92.91122950819673,1,1.0,0.3542222972204987,1.0,1.0,bijoux,0.965,True
a-broche peinte,bijoux,25.0,1,1,488,92.91122950819673,1,1.0,0.7309259508968136,1.0,1.0,bijoux,0.955,True
a-broche poisson,bijoux,45.0,1,1,488,92.91122950819673,1,1.0,0.5156667202246337,1.0,1.0,bijoux,0.985,True
a-broche tanit,bijoux,65.0,1,1,488,92.91122950819673,1,1.0,0.3004074895524537,1.0,1.0,bijoux,0.995,True
a-broderie manche,habillement,100.0,1,1,351,134.41378917378916,1,0.7192622950819673,0.2560287090282488,1.0,1.0,habillement,1.0,True
a-burnous brodé,habillement,414.48,1,1,351,134.41378917378916,1,0.7192622950819673,2.0836121834233055,1.0,1.0,habillement,0.995,True
a-burnous fillette,habillement,85.0,1,1,351,134.41378917378916,1,0.7192622950819673,0.3676244015580546,1.0,1.0,habillement,0.995,True
a-bustier fleuri,habillement,414.48,1,1,351,134.41378917378916,1,0.7192622950819673,2.0836121834233055,1.0,1.0,habillement,0.98,True
a-cache-bouteille,arts de la table,18.0,1,1,299,65.4371237458194,1,0.6127049180327869,0.7249267740610812,1.0,1.0,arts de la table,0.955,True
a-cache-bébé,habillement,50.0,1,1,351,134.41378917378916,1,0.7192622950819673,0.628014350794268,1.0,1.0,habillement,1.0,True
a-cache-maillot calligraphié,habillement,180.0,1,1,351,134.41378917378916,1,0.7192622950819673,0.33914831779738186,1.0,1.0,habillement,0.975,True
a-cactus bio slim,cosmetiques et soins,13.0,1,1,193,24.965803108808288,1,0.39549180327868855,0.4792877111691581,1.0,1.0,cosmetiques et soins,0.995,True
a-caftan brodé,habillement,350.0,1,1,351,134.41378917378916,1,0.7192622950819673,1.603899499801847,1.0,1.0,habillement,1.0,True
a-caftan emeraude,habillement,414.48,1,1,351,134.41378917378916,1,0.7192622950819673,2.0836121834233055,1.0,1.0,habillement,0.995,True
a-caftan hayek,habillement,160.0,1,1,351,134.41378917378916,1,0.7192622950819673,0.1903540610909742,1.0,1.0,habillement,1.0,True
a-caftan revisité,habillement,414.48,1,1,351,134.41378917378916,1,0.7192622950819673,2.0836121834233055,1.0,1.0,habillement,0.995,True
a-camel soap,cosmetiques et soins,7.0,1,1,193,24.965803108808288,1,0.39549180327868855,0.7196164413734905,1.0,1.0,cosmetiques et soins,1.0,True
a-candy farda,bijoux,175.0,1,1,488,92.91122950819673,1,1.0,0.883518279144536,1.0,1.0,bijoux,0.96,True
a-cape 7ob,habillement,414.48,1,1,351,134.41378917378916,1,0.7192622950819673,2.0836121834233055,1.0,1.0,habillement,1.0,True
a-cape brodée,habillement,100.0,1,1,351,134.41378917378916,1,0.7192622950819673,0.2560287090282488,1.0,1.0,habillement,1.0,True
a-cape calligraphiée,habillement,200.0,1,1,351,134.41378917378916,1,0.7192622950819673,0.48794257450378953,1.0,1.0,habillement,1.0,True
a-cape fleurie,habillement,45.0,1,1,351,134.41378917378916,1,0.7192622950819673,0.6652129149708699,1.0,1.0,habillement,1.0,True
a-cape hayek,habillement,150.0,1,1,351,134.41378917378916,1,0.7192622950819673,0.11595693273777034,1.0,1.0,habillement,1.0,True
a-cape marron,habillement,60.0,1,1,351,134.41378917378916,1,0.7192622950819673,0.5536172224410641,1.0,1.0,habillement,1.0,True
a-cape rose pâle,habillement,90.0,1,1,351,134.41378917378916,1,0.7192622950819673,0.33042583738145265,1.0,1.0,habillement,0.95,True
a-cape tissée,habillement,130.0,1,1,351,134.41378917378916,1,0.7192622950819673,0.032837323968637325,1.0,1.0,habillement,0.985,True
a-carafe,arts de la table,55.0,1,1,299,65.4371237458194,1,0.6127049180327869,0.1594985077104294,1.0,1.0,arts de la table,0.95,True
a-carafe peinte,arts de la table,45.0,1,1,299,65.4371237458194,1,0.6127049180327869,0.3123169580754704,1.0,1.0,arts de la table,0.995,True
a-cartable palmier,habillement,40.0,1,1,351,134.41378917378916,1,0.7192622950819673,0.7024114791474718,1.0,1.0,habillement,0.99,True
a-casserole,arts de la table,30.0,1,1,299,65.4371237458194,1,0.6127049180327869,0.541544633623032,1.0,1.0,arts de la table,0.99,True
a-ceinture,habillement,150.0,1,1,351,134.41378917378916,1,0.7192622950819673,0.11595693273777034,1.0,1.0,habillement,1.0,True
a-ceinture camel,habillement,65.0,1,1,351,134.41378917378916,1,0.7192622950819673,0.5164186582644622,1.0,1.0,habillement,0.995,True
a-ceinture laine,habillement,50.0,1,1,351,134.41378917378916,1,0.7192622950819673,0.628014350794268,1.0,1.0,habillement,1.0,True
a-ceinture macramé,habillement,40.0,1,1,351,134.41378917378916,1,0.7192622950819673,0.7024114791474718,1.0,1.0,habillement,1.0,True
a-ceinture noire,habillement,65.0,1,1,351,134.41378917378916,1,0.7192622950819673,0.5164186582644622,1.0,1.0,habillement,0.985,True
a-centre de table,arts de la table,80.0,1,1,299,65.4371237458194,1,0.6127049180327869,0.22254761820217317,1.0,1.0,arts de la table,0.99,True
a-chantilly safran,cosmetiques et soins,20.0,1,1,193,24.965803108808288,1,0.39549180327868855,0.198904192597437,1.0,1.0,cosmetiques et soins,1.0,True
a-chapeau couffin,habillement,120.0,1,1,351,134.41378917378916,1,0.7192622950819673,0.10723445232184116,1.0,1.0,habillement,0.985,True
a-chapeau fruits,habillement,40.0,1,1,351,134.41378917378916,1,0.7192622950819673,0.7024114791474718,1.0,1.0,habillement,0.995,True
a-chapeau halfa,habillement,30.0,1,1,351,134.41378917378916,1,0.7192622950819673,0.7768086075006757,1.0,1.0,habillement,0.94,True
a-chapeau hommes,habillement,60.0,1,1,351,134.41378917378916,1,0.7192622950819673,0.5536172224410641,1.0,1.0,habillement,1.0,True
a-chapeau pastel,habillement,90.0,1,1,351,134.41378917378916,1,0.7192622950819673,0.33042583738145265,1.0,1.0,habillement,0.945,True
a-chapelet ambre,bijoux,35.0,1,1,488,92.91122950819673,1,1.0,0.6232963355607236,1.0,1.0,bijoux,0.985,True
a-chapelet perles et ambre,bijoux,150.0,1,1,488,92.91122950819673,1,1.0,0.614444240804311,1.0,1.0,bijoux,0.995,True
a-chapelet savon neroli,cosmetiques et soins,25.0,1,1,193,24.965803108808288,1,0.39549180327868855,0.0013697492395066478,1.0,1.0,cosmetiques et soins,0.985,True
a-chaussettes falta,habillement,12.0,1,1,351,134.41378917378916,1,0.7192622950819673,0.9107234385364426,1.0,1.0,habillement,0.96,True
a-chaussettes ouaz,habillement,25.0,1,1,351,134.41378917378916,1,0.7192622950819673,0.8140071716772775,1.0,1.0,habillement,0.915,True
a-chaussons,habillement,20.0,1,1,351,134.41378917378916,1,0.7192622950819673,0.8512057358538795,1.0,1.0,habillement,0.745,True
a-chaussures brodées,habillement,180.0,1,1,351,134.41378917378916,1,0.7192622950819673,0.33914831779738186,1.0,1.0,habillement,0.985,True
a-chaussures bébé,habillement,60.0,1,1,351,134.41378917378916,1,0.7192622950819673,0.5536172224410641,1.0,1.0,habillement,1.0,True
a-chaussures cuir,habillement,139.0,1,1,351,134.41378917378916,1,0.7192622950819673,0.034120091549246126,1.0,1.0,habillement,0.975,True
a-chaussures cuir glacé,habillement,245.0,1,1,351,134.41378917378916,1,0.7192622950819673,0.8227296520932068,1.0,1.0,habillement,0.955,True
a-chaussures daim,habillement,219.0,1,1,351,134.41378917378916,1,0.7192622950819673,0.6292971183748768,1.0,1.0,habillement,0.985,True
a-chaussures nino,habillement,199.0,1,1,351,134.41378917378916,1,0.7192622950819673,0.4805028616684691,1.0,1.0,habillement,1.0,True
a-chaussures orange,habillement,119.0,1,1,351,134.41378917378916,1,0.7192622950819673,0.11467416515716154,1.0,1.0,habillement,0.99,True
a-chaussures raphia,habillement,120.0,1,1,351,134.41378917378916,1,0.7192622950819673,0.10723445232184116,1.0,1.0,habillement,1.0,True
a-chaussures velours,habillement,155.0,1,1,351,134.41378917378916,1,0.7192622950819673,0.15315549691437225,1.0,1.0,habillement,0.995,True
a-chemin de table,arts de la table,85.0,1,1,299,65.4371237458194,1,0.6127049180327869,0.2989568433846937,1.0,1.0,arts de la table,0.975,True
a-chemin de table laine,arts de la table,70.0,1,1,299,65.4371237458194,1,0.6127049180327869,0.06972916783713214,1.0,1.0,arts de la table,0.985,True
a-chemin table,arts de la table,65.0,1,1,299,65.4371237458194,1,0.6127049180327869,0.0066800573453883695,1.0,1.0,arts de la table,0.985,True
a-chemins de table brodés,arts de la table,68.0,1,1,299,65.4371237458194,1,0.6127049180327869,0.039165477764123935,1.0,1.0,arts de la table,0.97,True
a-chemise brodée,habillement,195.0,1,1,351,134.41378917378916,1,0.7192622950819673,0.4507440103271876,1.0,1.0,habillement,0.995,True
a-chemise customisée,habillement,80.0,1,1,351,134.41378917378916,1,0.7192622950819673,0.4048229657346565,1.0,1.0,habillement,1.0,True
a-chemise lin,habillement,60.0,1,1,351,134.41378917378916,1,0.7192622950819673,0.5536172224410641,1.0,1.0,habillement,0.995,True
a-chemise velours,habillement,190.0,1,1,351,134.41378917378916,1,0.7192622950819673,0.4135454461505857,1.0,1.0,habillement,0.995,True
a-chemisier,habillement,50.0,1,1,351,134.41378917378916,1,0.7192622950819673,0.628014350794268,1.0,1.0,habillement,1.0,True
a-chemisier poisson,habillement,175.0,1,1,351,134.41378917378916,1,0.7192622950819673,0.3019497536207799,1.0,1.0,habillement,0.955,True
a-chevalière hommes,bijoux,80.0,1,1,488,92.91122950819673,1,1.0,0.13896306654831878,1.0,1.0,bijoux,0.99,True
a-choker cuir brillant,bijoux,25.0,1,1,488,92.91122950819673,1,1.0,0.7309259508968136,1.0,1.0,bijoux,0.945,True
a-choker fleuri,bijoux,50.0,1,1,488,92.91122950819673,1,1.0,0.46185191255658864,1.0,1.0,bijoux,0.975,True
a-choker flower,bijoux,16.0,1,1,488,92.91122950819673,1,1.0,0.8277926046992945,1.0,1.0,bijoux,0.955,True
a-choker velours swarovski,bijoux,300.0,1,1,488,92.91122950819673,1,1.0,2.2288884708456607,1.0,1.0,bijoux,0.96,True
a-chokers gharam,bijoux,30.0,1,1,488,92.91122950819673,1,1.0,0.6771111432287686,1.0,1.0,bijoux,0.985,True
a-chtar bicolore,habillement,400.0,1,1,351,134.41378917378916,1,0.7192622950819673,1.9758851415678662,1.0,1.0,habillement,0.995,True
a-châle,habillement,45.0,1,1,351,134.41378917378916,1,0.7192622950819673,0.6652129149708699,1.0,1.0,habillement,1.0,True
a-cloche cuivre martelé,arts de la table,90.0,1,1,299,65.4371237458194,1,0.6127049180327869,0.37536606856721416,1.0,1.0,arts de la table,1.0,True
a-cloche céramique,arts de la table,35.0,1,1,299,65.4371237458194,1,0.6127049180327869,0.46513540844051143,1.0,1.0,arts de la table,0.99,True
a-cloche en cuivre,arts de la table,110.0,1,1,299,65.4371237458194,1,0.6127049180327869,0.6810029692972962,1.0,1.0,arts de la table,0.965,True
a-coffret beauté,cosmetiques et soins,50.0,1,1,193,24.965803108808288,1,0.39549180327868855,1.0027394584242248,1.0,1.0,cosmetiques et soins,0.95,True
a-coffret eaux de bain,cosmetiques et soins,35.0,1,1,193,24.965803108808288,1,0.39549180327868855,0.40191763291339394,1.0,1.0,cosmetiques et soins,0.9,True
a-coffret miel et soins,cosmetiques et soins,85.0,1,1,193,24.965803108808288,1,0.39549180327868855,2.4046570512828302,1.0,1.0,cosmetiques et soins,0.8,True
a-coffret naissance,cosmetiques et soins,40.0,1,1,193,24.965803108808288,1,0.39549180327868855,0.6021915747503376,1.0,1.0,cosmetiques et soins,0.855,True
a-coffret organica,cosmetiques et soins,60.0,1,1,193,24.965803108808288,1,0.39549180327868855,1.4032873420981122,1.0,1.0,cosmetiques et soins,0.935,True
a-coffret soins,cosmetiques et soins,75.0,1,1,193,24.965803108808288,1,0.39549180327868855,2.0041091676089433,1.0,1.0,cosmetiques et soins,0.935,True
a-coffret tasse tisane,arts de la table,75.0,1,1,299,65.4371237458194,1,0.6127049180327869,0.14613839301965265,1.0,1.0,arts de la table,0.725,True
a-col collier,bijoux,30.0,1,1,488,92.91122950819673,1,1.0,0.6771111432287686,1.0,1.0,bijoux,1.0,True
a-collier afro,bijoux,40.0,1,1,488,92.91122950819673,1,1.0,0.5694815278926786,1.0,1.0,bijoux,1.0,True
a-collier agate fartattou,bijoux,95.0,1,1,488,92.91122950819673,1,1.0,0.022481356455816184,1.0,1.0,bijoux,1.0,True
a-collier agate rouge,bijoux,55.0,1,1,488,92.91122950819673,1,1.0,0.40803710488854367,1.0,1.0,bijoux,0.99,True
a-collier ambre corail,bijoux,260.0,1,1,488,92.91122950819673,1,1.0,1.7983700095013007,1.0,1.0,bijoux,1.0,True
a-collier anneaux,bijoux,180.0,1,1,488,92.91122950819673,1,1.0,0.9373330868125809,1.0,1.0,bijoux,1.0,True
a-collier anneaux perles,bijoux,130.0,1,1,488,92.91122950819673,1,1.0,0.3991850101321311,1.0,1.0,bijoux,1.0,True
a-collier anneaux sfax,bijoux,260.0,1,1,488,92.91122950819673,1,1.0,1.7983700095013007,1.0,1.0,bijoux,1.0,True
a-collier anneaux sousse,bijoux,60.0,1,1,488,92.91122950819673,1,1.0,0.3542222972204987,1.0,1.0,bijoux,1.0,True
a-collier anneaux tunis,bijoux,110.0,1,1,488,92.91122950819673,1,1.0,0.18392577945995114,1.0,1.0,bijoux,1.0,True
a-collier arc en ciel,bijoux,30.0,1,1,488,92.91122950819673,1,1.0,0.6771111432287686,1.0,1.0,bijoux,0.985,True
a-collier argent,bijoux,250.0,1,1,488,92.91122950819673,1,1.0,1.6907403941652106,1.0,1.0,bijoux,1.0,True
a-collier argent agate,bijoux,100.0,1,1,488,92.91122950819673,1,1.0,0.07629616412386117,1.0,1.0,bijoux,1.0,True
a-collier argent corail zemni,bijoux,414.48,1,1,488,92.91122950819673,1,1.0,3.4610323072132188,1.0,1.0,bijoux,1.0,True
a-collier argent doré et jaspe,bijoux,165.0,1,1,488,92.91122950819673,1,1.0,0.7758886638084459,1.0,1.0,bijoux,1.0,True
a-collier argent massif,bijoux,110.0,1,1,488,92.91122950819673,1,1.0,0.18392577945995114,1.0,1.0,bijoux,1.0,True
a-collier argent pierres,bijoux,250.0,1,1,488,92.91122950819673,1,1.0,1.6907403941652106,1.0,1.0,bijoux,1.0,True
a-collier argent turquoise,bijoux,300.0,1,1,488,92.91122950819673,1,1.0,2.2288884708456607,1.0,1.0,bijoux,0.98,True
a-collier atika turquoise,bijoux,90.0,1,1,488,92.91122950819673,1,1.0,0.0313334512122288,1.0,1.0,bijoux,0.985,True
a-collier bariolé,bijoux,45.0,1,1,488,92.91122950819673,1,1.0,0.5156667202246337,1.0,1.0,bijoux,1.0,True
a-collier berbère,bijoux,60.0,1,1,488,92.91122950819673,1,1.0,0.3542222972204987,1.0,1.0,bijoux,1.0,True
a-collier berbère cuir,bijoux,75.0,1,1,488,92.91122950819673,1,1.0,0.19277787421636375,1.0,1.0,bijoux,0.985,True
a-collier bleu,bijoux,60.0,1,1,488,92.91122950819673,1,1.0,0.3542222972204987,1.0,1.0,bijoux,0.98,True
a-collier bleu ethno,bijoux,25.0,1,1,488,92.91122950819673,1,1.0,0.7309259508968136,1.0,1.0,bijoux,0.99,True
a-collier bleu vert,bijoux,70.0,1,1,488,92.91122950819673,1,1.0,0.24659268188440872,1.0,1.0,bijoux,0.985,True
a-collier boules bois,bijoux,40.0,1,1,488,92.91122950819673,1,1.0,0.5694815278926786,1.0,1.0,bijoux,1.0,True
a-collier bouquet fleurs,bijoux,35.0,1,1,488,92.91122950819673,1,1.0,0.6232963355607236,1.0,1.0,bijoux,1.0,True
a-collier bracelet bleu,bijoux,130.0,1,1,488,92.91122950819673,1,1.0,0.3991850101321311,1.0,1.0,bijoux,0.985,True
a-collier bracelet cuir tressé,bijoux,110.0,1,1,488,92.91122950819673,1,1.0,0.18392577945995114,1.0,1.0,bijoux,0.985,True
a-collier brodé,bijoux,130.0,1,1,488,92.91122950819673,1,1.0,0.3991850101321311,1.0,1.0,bijoux,0.995,True
a-collier brodé pierres semi précieuses,bijoux,120.0,1,1,488,92.91122950819673,1,1.0,0.2915553947960411,1.0,1.0,bijoux,0.995,True
a-collier calligraphié,bijoux,110.0,1,1,488,92.91122950819673,1,1.0,0.18392577945995114,1.0,1.0,bijoux,1.0,True
a-collier carmela,bijoux,300.0,1,1,488,92.91122950819673,1,1.0,2.2288884708456607,1.0,1.0,bijoux,1.0,True
a-collier ceramique,bijoux,20.0,1,1,488,92.91122950819673,1,1.0,0.7847407585648586,1.0,1.0,bijoux,1.0,True
a-collier cerceau,bijoux,150.0,1,1,488,92.91122950819673,1,1.0,0.614444240804311,1.0,1.0,bijoux,1.0,True
a-collier chat,bijoux,35.0,1,1,488,92.91122950819673,1,1.0,0.6232963355607236,1.0,1.0,bijoux,1.0,True
a-collier choker,bijoux,15.0,1,1,488,92.91122950819673,1,1.0,0.8385555662329035,1.0,1.0,bijoux,0.99,True
a-collier choker pompon,bijoux,14.0,1,1,488,92.91122950819673,1,1.0,0.8493185277665125,1.0,1.0,bijoux,0.965,True
a-collier chouchen,bijoux,50.0,1,1,488,92.91122950819673,1,1.0,0.46185191255658864,1.0,1.0,bijoux,1.0,True
a-collier ciselé,bijoux,414.48,1,1,488,92.91122950819673,1,1.0,3.4610323072132188,1.0,1.0,bijoux,1.0,True
a-collier corail,bijoux,320.0,1,1,488,92.91122950819673,1,1.0,2.4441477015178403,1.0,1.0,bijoux,1.0,True
a-collier corail 4 rangées,bijoux,280.0,1,1,488,92.91122950819673,1,1.0,2.0136292401734806,1.0,1.0,bijoux,1.0,True
a-collier corail 40cm,bijoux,250.0,1,1,488,92.91122950819673,1,1.0,1.6907403941652106,1.0,1.0,bijoux,1.0,True
a-collier corail argent,bijoux,165.0,1,1,488,92.91122950819673,1,1.0,0.7758886638084459,1.0,1.0,bijoux,1.0,True
a-collier corail et perles,bijoux,230.0,1,1,488,92.91122950819673,1,1.0,1.4754811634930307,1.0,1.0,bijoux,1.0,True
a-collier crayons,bijoux,70.0,1,1,488,92.91122950819673,1,1.0,0.24659268188440872,1.0,1.0,bijoux,1.0,True
a-collier crochet ras du cou,bijoux,12.0,1,1,488,92.91122950819673,1,1.0,0.8708444508337305,1.0,1.0,bijoux,0.98,True
a-collier double câble,bijoux,40.0,1,1,488,92.91122950819673,1,1.0,0.5694815278926786,1.0,1.0,bijoux,1.0,True
a-collier double khomsa,bijoux,30.0,1,1,488,92.91122950819673,1,1.0,0.6771111432287686,1.0,1.0,bijoux,0.995,True
a-collier en argent,bijoux,200.0,1,1,488,92.91122950819673,1,1.0,1.1525923174847608,1.0,1.0,bijoux,1.0,True
a-collier en argent trempé dans de l'or,bijoux,150.0,1,1,488,92.91122950819673,1,1.0,0.614444240804311,1.0,1.0,bijoux,0.975,True
a-collier en cuivre,bijoux,45.0,1,1,488,92.91122950819673,1,1.0,0.5156667202246337,1.0,1.0,bijoux,0.975,True
a-collier estival,bijoux,70.0,1,1,488,92.91122950819673,1,1.0,0.24659268188440872,1.0,1.0,bijoux,1.0,True
a-collier et boucles,bijoux,200.0,1,1,488,92.91122950819673,1,1.0,1.1525923174847608,1.0,1.0,bijoux,1.0,True
a-collier ethnic,bijoux,35.0,1,1,488,92.91122950819673,1,1.0,0.6232963355607236,1.0,1.0,bijoux,1.0,True
a-collier ethnic ambre,bijoux,180.0,1,1,488,92.91122950819673,1,1.0,0.9373330868125809,1.0,1.0,bijoux,0.995,True
a-collier ethnic chic,bijoux,40.0,1,1,488,92.91122950819673,1,1.0,0.5694815278926786,1.0,1.0,bijoux,0.995,True
a-collier ethnic rouge,bijoux,30.0,1,1,488,92.91122950819673,1,1.0,0.6771111432287686,1.0,1.0,bijoux,0.995,True
a-collier ethnic vert,bijoux,30.0,1,1,488,92.91122950819673,1,1.0,0.6771111432287686,1.0,1.0,bijoux,0.98,True
a-collier ethnique,bijoux,40.0,1,1,488,92.91122950819673,1,1.0,0.5694815278926786,1.0,1.0,bijoux,1.0,True
a-collier ethno chic,bijoux,120.0,1,1,488,92.91122950819673,1,1.0,0.2915553947960411,1.0,1.0,bijoux,1.0,True
a-collier fianka,bijoux,230.0,1,1,488,92.91122950819673,1,1.0,1.4754811634930307,1.0,1.0,bijoux,1.0,True
a-collier fil satin,bijoux,40.0,1,1,488,92.91122950819673,1,1.0,0.5694815278926786,1.0,1.0,bijoux,1.0,True
a-collier filigrane,bijoux,130.0,1,1,488,92.91122950819673,1,1.0,0.3991850101321311,1.0,1.0,bijoux,1.0,True
a-collier fleur argent corail,bijoux,135.0,1,1,488,92.91122950819673,1,1.0,0.45299981780017606,1.0,1.0,bijoux,1.0,True
a-collier fleuri,bijoux,35.0,1,1,488,92.91122950819673,1,1.0,0.6232963355607236,1.0,1.0,bijoux,1.0,True
a-collier fleurs,bijoux,220.0,1,1,488,92.91122950819673,1,1.0,1.3678515481569407,1.0,1.0,bijoux,1.0,True
a-collier floral,bijoux,85.0,1,1,488,92.91122950819673,1,1.0,0.08514825888027379,1.0,1.0,bijoux,0.99,True
a-collier gai,bijoux,25.0,1,1,488,92.91122950819673,1,1.0,0.7309259508968136,1.0,1.0,bijoux,1.0,True
a-collier gamra,bijoux,23.0,1,1,488,92.91122950819673,1,1.0,0.7524518739640316,1.0,1.0,bijoux,1.0,True
a-collier ginkgo,bijoux,150.0,1,1,488,92.91122950819673,1,1.0,0.614444240804311,1.0,1.0,bijoux,1.0,True
a-collier grand rond,bijoux,150.0,1,1,488,92.91122950819673,1,1.0,0.614444240804311,1.0,1.0,bijoux,1.0,True
a-collier grenat corail argent,bijoux,150.0,1,1,488,92.91122950819673,1,1.0,0.614444240804311,1.0,1.0,bijoux,1.0,True
a-collier grigri,bijoux,20.0,1,1,488,92.91122950819673,1,1.0,0.7847407585648586,1.0,1.0,bijoux,1.0,True
a-collier indien,bijoux,250.0,1,1,488,92.91122950819673,1,1.0,1.6907403941652106,1.0,1.0,bijoux,1.0,True
a-collier jasmin,bijoux,250.0,1,1,488,92.91122950819673,1,1.0,1.6907403941652106,1.0,1.0,bijoux,1.0,True
a-collier khella,bijoux,140.0,1,1,488,92.91122950819673,1,1.0,0.506814625468221,1.0,1.0,bijoux,1.0,True
a-collier khlel,bijoux,110.0,1,1,488,92.91122950819673,1,1.0,0.18392577945995114,1.0,1.0,bijoux,1.0,True
a-collier khlel fashion,bijoux,45.0,1,1,488,92.91122950819673,1,1.0,0.5156667202246337,1.0,1.0,bijoux,1.0,True
a-collier kholkhal fashion,bijoux,60.0,1,1,488,92.91122950819673,1,1.0,0.3542222972204987,1.0,1.0,bijoux,1.0,True
a-collier khomsa fashion,bijoux,55.0,1,1,488,92.91122950819673,1,1.0,0.40803710488854367,1.0,1.0,bijoux,1.0,True
a-collier laine chechias,bijoux,60.0,1,1,488,92.91122950819673,1,1.0,0.3542222972204987,1.0,1.0,bijoux,0.995,True
a-collier layali,bijoux,140.0,1,1,488,92.91122950819673,1,1.0,0.506814625468221,1.0,1.0,bijoux,1.0,True
a-collier libellule,bijoux,250.0,1,1,488,92.91122950819673,1,1.0,1.6907403941652106,1.0,1.0,bijoux,1.0,True
a-collier lune,bijoux,180.0,1,1,488,92.91122950819673,1,1.0,0.9373330868125809,1.0,1.0,bijoux,1.0,True
a-collier macramé,bijoux,65.0,1,1,488,92.91122950819673,1,1.0,0.3004074895524537,1.0,1.0,bijoux,1.0,True
a-collier mahboub,bijoux,180.0,1,1,488,92.91122950819673,1,1.0,0.9373330868125809,1.0,1.0,bijoux,1.0,True
a-collier mahdois,bijoux,300.0,1,1,488,92.91122950819673,1,1.0,2.2288884708456607,1.0,1.0,bijoux,1.0,True
a-collier mains de fatma,bijoux,50.0,1,1,488,92.91122950819673,1,1.0,0.46185191255658864,1.0,1.0,bijoux,0.92,True
a-collier motif cuivre,bijoux,75.0,1,1,488,92.91122950819673,1,1.0,0.19277787421636375,1.0,1.0,bijoux,0.985,True
a-collier multicolore,bijoux,45.0,1,1,488,92.91122950819673,1,1.0,0.5156667202246337,1.0,1.0,bijoux,1.0,True
a-collier multicolore nbs,bijoux,250.0,1,1,488,92.91122950819673,1,1.0,1.6907403941652106,1.0,1.0,bijoux,1.0,True
a-collier médaillon,bijoux,70.0,1,1,488,92.91122950819673,1,1.0,0.24659268188440872,1.0,1.0,bijoux,1.0,True
a-collier médaillon ciselé,bijoux,350.0,1,1,488,92.91122950819673,1,1.0,2.7670365475261107,1.0,1.0,bijoux,1.0,True
a-collier nacre,bijoux,80.0,1,1,488,92.91122950819673,1,1.0,0.13896306654831878,1.0,1.0,bijoux,1.0,True
a-collier nacre lac2,bijoux,350.0,1,1,488,92.91122950819673,1,1.0,2.7670365475261107,1.0,1.0,bijoux,1.0,True
a-collier oeil,bijoux,55.0,1,1,488,92.91122950819673,1,1.0,0.40803710488854367,1.0,1.0,bijoux,1.0,True
a-collier olivier,bijoux,414.48,1,1,488,92.91122950819673,1,1.0,3.4610323072132188,1.0,1.0,bijoux,1.0,True
a-collier onyx,bijoux,180.0,1,1,488,92.91122950819673,1,1.0,0.9373330868125809,1.0,1.0,bijoux,1.0,True
a-collier papillon,bijoux,60.0,1,1,488,92.91122950819673,1,1.0,0.3542222972204987,1.0,1.0,bijoux,0.995,True
a-collier papillon rose,bijoux,25.0,1,1,488,92.91122950819673,1,1.0,0.7309259508968136,1.0,1.0,bijoux,0.995,True
a-collier pastel,bijoux,380.0,1,1,488,92.91122950819673,1,1.0,3.0899253935343807,1.0,1.0,bijoux,0.98,True
a-collier perles argent,bijoux,414.48,1,1,488,92.91122950819673,1,1.0,3.4610323072132188,1.0,1.0,bijoux,1.0,True
a-collier perles culture,bijoux,414.48,1,1,488,92.91122950819673,1,1.0,3.4610323072132188,1.0,1.0,bijoux,1.0,True
a-collier perles et cuivre,bijoux,95.0,1,1,488,92.91122950819673,1,1.0,0.022481356455816184,1.0,1.0,bijoux,0.985,True
a-collier personnalisé,bijoux,30.0,1,1,488,92.91122950819673,1,1.0,0.6771111432287686,1.0,1.0,bijoux,1.0,True
a-collier pierre jaune,bijoux,70.0,1,1,488,92.91122950819673,1,1.0,0.24659268188440872,1.0,1.0,bijoux,1.0,True
a-collier pierre mauve,bijoux,120.0,1,1,488,92.91122950819673,1,1.0,0.2915553947960411,1.0,1.0,bijoux,1.0,True
a-collier pinky,bijoux,40.0,1,1,488,92.91122950819673,1,1.0,0.5694815278926786,1.0,1.0,bijoux,1.0,True
a-collier plume,bijoux,60.0,1,1,488,92.91122950819673,1,1.0,0.3542222972204987,1.0,1.0,bijoux,1.0,True
a-collier poisson,bijoux,60.0,1,1,488,92.91122950819673,1,1.0,0.3542222972204987,1.0,1.0,bijoux,1.0,True
a-collier poisson ambre,bijoux,95.0,1,1,488,92.91122950819673,1,1.0,0.022481356455816184,1.0,1.0,bijoux,0.995,True
a-collier poisson cuivre,bijoux,35.0,1,1,488,92.91122950819673,1,1.0,0.6232963355607236,1.0,1.0,bijoux,0.995,True
a-collier poisson doré,bijoux,60.0,1,1,488,92.91122950819673,1,1.0,0.3542222972204987,1.0,1.0,bijoux,1.0,True
a-collier prénom,bijoux,35.0,1,1,488,92.91122950819673,1,1.0,0.6232963355607236,1.0,1.0,bijoux,1.0,True
a-collier ras du cou,bijoux,320.0,1,1,488,92.91122950819673,1,1.0,2.4441477015178403,1.0,1.0,bijoux,1.0,True
a-collier ras du cou bleu,bijoux,70.0,1,1,488,92.91122950819673,1,1.0,0.24659268188440872,1.0,1.0,bijoux,1.0,True
a-collier ras du cou rouge,bijoux,55.0,1,1,488,92.91122950819673,1,1.0,0.40803710488854367,1.0,1.0,bijoux,1.0,True
a-collier rectangle,bijoux,100.0,1,1,488,92.91122950819673,1,1.0,0.07629616412386117,1.0,1.0,bijoux,0.975,True
a-collier rihanna,bijoux,40.0,1,1,488,92.91122950819673,1,1.0,0.5694815278926786,1.0,1.0,bijoux,1.0,True
a-collier rondeur,bijoux,45.0,1,1,488,92.91122950819673,1,1.0,0.5156667202246337,1.0,1.0,bijoux,1.0,True
a-collier rosace,bijoux,35.0,1,1,488,92.91122950819673,1,1.0,0.6232963355607236,1.0,1.0,bijoux,1.0,True
a-collier rose dégradé,bijoux,45.0,1,1,488,92.91122950819673,1,1.0,0.5156667202246337,1.0,1.0,bijoux,0.99,True
a-collier rose ethno,bijoux,25.0,1,1,488,92.91122950819673,1,1.0,0.7309259508968136,1.0,1.0,bijoux,0.995,True
a-collier rouge,bijoux,200.0,1,1,488,92.91122950819673,1,1.0,1.1525923174847608,1.0,1.0,bijoux,0.995,True
a-collier rouge khomsa,bijoux,45.0,1,1,488,92.91122950819673,1,1.0,0.5156667202246337,1.0,1.0,bijoux,1.0,True
a-collier ruche,bijoux,50.0,1,1,488,92.91122950819673,1,1.0,0.46185191255658864,1.0,1.0,bijoux,1.0,True
a-collier résine,bijoux,35.0,1,1,488,92.91122950819673,1,1.0,0.6232963355607236,1.0,1.0,bijoux,1.0,True
a-collier sejnene,bijoux,15.0,1,1,488,92.91122950819673,1,1.0,0.8385555662329035,1.0,1.0,bijoux,1.0,True
a-collier sejnene et bois,bijoux,50.0,1,1,488,92.91122950819673,1,1.0,0.46185191255658864,1.0,1.0,bijoux,0.995,True
a-collier serpent tunis,bijoux,150.0,1,1,488,92.91122950819673,1,1.0,0.614444240804311,1.0,1.0,bijoux,1.0,True
a-collier soie et agate,bijoux,90.0,1,1,488,92.91122950819673,1,1.0,0.0313334512122288,1.0,1.0,bijoux,0.995,True
a-collier soleil,bijoux,35.0,1,1,488,92.91122950819673,1,1.0,0.6232963355607236,1.0,1.0,bijoux,1.0,True
a-collier spaghetti,bijoux,350.0,1,1,488,92.91122950819673,1,1.0,2.7670365475261107,1.0,1.0,bijoux,1.0,True
a-collier stylisé contemporain,bijoux,80.0,1,1,488,92.91122950819673,1,1.0,0.13896306654831878,1.0,1.0,bijoux,1.0,True
a-collier stylé,bijoux,45.0,1,1,488,92.91122950819673,1,1.0,0.5156667202246337,1.0,1.0,bijoux,1.0,True
a-collier tanit mosaïque,bijoux,45.0,1,1,488,92.91122950819673,1,1.0,0.5156667202246337,1.0,1.0,bijoux,1.0,True
a-collier taureau stylisé,bijoux,145.0,1,1,488,92.91122950819673,1,1.0,0.560629433136266,1.0,1.0,bijoux,1.0,True
a-collier torsade,bijoux,75.0,1,1,488,92.91122950819673,1,1.0,0.19277787421636375,1.0,1.0,bijoux,1.0,True
a-collier tortue,bijoux,414.48,1,1,488,92.91122950819673,1,1.0,3.4610323072132188,1.0,1.0,bijoux,1.0,True
a-collier tortue stylisée,bijoux,40.0,1,1,488,92.91122950819673,1,1.0,0.5694815278926786,1.0,1.0,bijoux,1.0,True
a-collier touareg,bijoux,414.48,1,1,488,92.91122950819673,1,1.0,3.4610323072132188,1.0,1.0,bijoux,1.0,True
a-collier translucide,bijoux,100.0,1,1,488,92.91122950819673,1,1.0,0.07629616412386117,1.0,1.0,bijoux,1.0,True
a-collier trempé or et perles,bijoux,230.0,1,1,488,92.91122950819673,1,1.0,1.4754811634930307,1.0,1.0,bijoux,1.0,True
a-collier triangle,bijoux,55.0,1,1,488,92.91122950819673,1,1.0,0.40803710488854367,1.0,1.0,bijoux,1.0,True
a-collier triangle pompon,bijoux,25.0,1,1,488,92.91122950819673,1,1.0,0.7309259508968136,1.0,1.0,bijoux,1.0,True
a-collier tribal,bijoux,100.0,1,1,488,92.91122950819673,1,1.0,0.07629616412386117,1.0,1.0,bijoux,1.0,True
a-collier tricoté perlé,bijoux,20.0,1,1,488,92.91122950819673,1,1.0,0.7847407585648586,1.0,1.0,bijoux,1.0,True
a-collier tunisie,bijoux,20.0,1,1,488,92.91122950819673,1,1.0,0.7847407585648586,1.0,1.0,bijoux,1.0,True
a-collier turquoise yakouta,bijoux,160.0,1,1,488,92.91122950819673,1,1.0,0.722073856140401,1.0,1.0,bijoux,0.985,True
a-collier vermillon,bijoux,27.0,1,1,488,92.91122950819673,1,1.0,0.7094000278295955,1.0,1.0,bijoux,0.995,True
a-collier vert,bijoux,220.0,1,1,488,92.91122950819673,1,1.0,1.3678515481569407,1.0,1.0,bijoux,0.99,True
a-collier wardan filigrane argent,bijoux,414.48,1,1,488,92.91122950819673,1,1.0,3.4610323072132188,1.0,1.0,bijoux,1.0,True
a-collier wechwech,bijoux,300.0,1,1,488,92.91122950819673,1,1.0,2.2288884708456607,1.0,1.0,bijoux,1.0,True
a-collier zayna,bijoux,190.0,1,1,488,92.91122950819673,1,1.0,1.044962702148671,1.0,1.0,bijoux,1.0,True
a-collier écolo,bijoux,18.0,1,1,488,92.91122950819673,1,1.0,0.8062666816320766,1.0,1.0,bijoux,1.0,True
a-collier éléphant,bijoux,65.0,1,1,488,92.91122950819673,1,1.0,0.3004074895524537,1.0,1.0,bijoux,1.0,True
a-collier émaillage,bijoux,95.0,1,1,488,92.91122950819673,1,1.0,0.022481356455816184,1.0,1.0,bijoux,1.0,True
a-collier étoiles lune,bijoux,55.0,1,1,488,92.91122950819673,1,1.0,0.40803710488854367,1.0,1.0,bijoux,1.0,True
a-colliers enfant,bijoux,75.0,1,1,488,92.91122950819673,1,1.0,0.19277787421636375,1.0,1.0,bijoux,0.985,True
a-combi satin,habillement,170.0,1,1,351,134.41378917378916,1,0.7192622950819673,0.264751189444178,1.0,1.0,habillement,1.0,True
a-combinaison dentelle,habillement,350.0,1,1,351,134.41378917378916,1,0.7192622950819673,1.603899499801847,1.0,1.0,habillement,1.0,True
a-combinaison oversized,habillement,145.0,1,1,351,134.41378917378916,1,0.7192622950819673,0.07875836856116843,1.0,1.0,habillement,0.97,True
a-coquetier,arts de la table,9.0,1,1,299,65.4371237458194,1,0.6127049180327869,0.862463379389618,1.0,1.0,arts de la table,0.97,True
a-corbeille,arts de la table,20.0,1,1,299,65.4371237458194,1,0.6127049180327869,0.694363083988073,1.0,1.0,arts de la table,0.95,True
"a-corbeille ""halfa"" kasserine",arts de la table,15.0,1,1,299,65.4371237458194,1,0.6127049180327869,0.7707723091705935,1.0,1.0,arts de la table,0.965,True
a-corbeille bois,arts de la table,45.0,1,1,299,65.4371237458194,1,0.6127049180327869,0.3123169580754704,1.0,1.0,arts de la table,0.99,True
a-corbeille fruits,arts de la table,29.0,1,1,299,65.4371237458194,1,0.6127049180327869,0.556826478659536,1.0,1.0,arts de la table,0.985,True
a-corbeille margoum,arts de la table,65.0,1,1,299,65.4371237458194,1,0.6127049180327869,0.0066800573453883695,1.0,1.0,arts de la table,0.97,True
a-corbeille sejnene,arts de la table,30.0,1,1,299,65.4371237458194,1,0.6127049180327869,0.541544633623032,1.0,1.0,arts de la table,1.0,True
a-costume homme,habillement,400.0,1,1,351,134.41378917378916,1,0.7192622950819673,1.9758851415678662,1.0,1.0,habillement,0.99,True
a-couffin africain,habillement,200.0,1,1,351,134.41378917378916,1,0.7192622950819673,0.48794257450378953,1.0,1.0,habillement,0.99,True
a-couffin amazigh,habillement,75.0,1,1,351,134.41378917378916,1,0.7192622950819673,0.4420215299112584,1.0,1.0,habillement,0.975,True
a-couffin ananas,habillement,60.0,1,1,351,134.41378917378916,1,0.7192622950819673,0.5536172224410641,1.0,1.0,habillement,1.0,True
a-couffin cerceaux,habillement,22.0,1,1,351,134.41378917378916,1,0.7192622950819673,0.8363263101832388,1.0,1.0,habillement,0.945,True
a-couffin cerises,habillement,45.0,1,1,351,134.41378917378916,1,0.7192622950819673,0.6652129149708699,1.0,1.0,habillement,1.0,True
a-couffin coquillage,habillement,150.0,1,1,351,134.41378917378916,1,0.7192622950819673,0.11595693273777034,1.0,1.0,habillement,0.975,True
a-couffin corail,habillement,100.0,1,1,351,134.41378917378916,1,0.7192622950819673,0.2560287090282488,1.0,1.0,habillement,0.995,True
a-couffin enfant,habillement,10.0,1,1,351,134.41378917378916,1,0.7192622950819673,0.9256028642070834,1.0,1.0,habillement,0.955,True
a-couffin estival,habillement,85.0,1,1,351,134.41378917378916,1,0.7192622950819673,0.3676244015580546,1.0,1.0,habillement,1.0,True
a-couffin faïence,habillement,40.0,1,1,351,134.41378917378916,1,0.7192622950819673,0.7024114791474718,1.0,1.0,habillement,0.99,True
a-couffin fleuri,habillement,58.0,1,1,351,134.41378917378916,1,0.7192622950819673,0.568496648111705,1.0,1.0,habillement,0.985,True
a-couffin fleurs,habillement,60.0,1,1,351,134.41378917378916,1,0.7192622950819673,0.5536172224410641,1.0,1.0,habillement,1.0,True
a-couffin macramé,habillement,90.0,1,1,351,134.41378917378916,1,0.7192622950819673,0.33042583738145265,1.0,1.0,habillement,0.995,True
a-couffin nattes cuir,habillement,65.0,1,1,351,134.41378917378916,1,0.7192622950819673,0.5164186582644622,1.0,1.0,habillement,0.995,True
a-couffin paon,habillement,150.0,1,1,351,134.41378917378916,1,0.7192622950819673,0.11595693273777034,1.0,1.0,habillement,0.975,True
a-couffin peint,habillement,55.0,1,1,351,134.41378917378916,1,0.7192622950819673,0.5908157866176661,1.0,1.0,habillement,0.975,True
a-couffin poisson,habillement,25.0,1,1,351,134.41378917378916,1,0.7192622950819673,0.8140071716772775,1.0,1.0,habillement,0.965,True
a-couffin sac,habillement,75.0,1,1,351,134.41378917378916,1,0.7192622950819673,0.4420215299112584,1.0,1.0,habillement,1.0,True
a-couffin tejna,habillement,80.0,1,1,351,134.41378917378916,1,0.7192622950819673,0.4048229657346565,1.0,1.0,habillement,0.995,True
a-coupe cristal,arts de la table,150.0,1,1,299,65.4371237458194,1,0.6127049180327869,1.2922767707574603,1.0,1.0,arts de la table,0.985,True
a-coupe seau,arts de la table,240.0,1,1,299,65.4371237458194,1,0.6127049180327869,2.6676428240428294,1.0,1.0,arts de la table,0.915,True
a-coupe turquoise peinte or,arts de la table,35.0,1,1,299,65.4371237458194,1,0.6127049180327869,0.46513540844051143,1.0,1.0,arts de la table,0.905,True
a-coupelle oiseau,arts de la table,70.0,1,1,299,65.4371237458194,1,0.6127049180327869,0.06972916783713214,1.0,1.0,arts de la table,0.96,True
a-coupelle ornée poisson céramique,arts de la table,2.5,1,1,299,65.4371237458194,1,0.6127049180327869,0.9617953721268947,1.0,1.0,arts de la table,0.825,True
a-coupelles cuivre verre,arts de la table,45.0,1,1,299,65.4371237458194,1,0.6127049180327869,0.3123169580754704,1.0,1.0,arts de la table,0.985,True
a-coupelles céramique,arts de la table,15.0,1,1,299,65.4371237458194,1,0.6127049180327869,0.7707723091705935,1.0,1.0,arts de la table,0.99,True
a-coupelles rouges,arts de la table,15.0,1,1,299,65.4371237458194,1,0.6127049180327869,0.7707723091705935,1.0,1.0,arts de la table,1.0,True
a-coupelles vert d'eau,arts de la table,25.0,1,1,299,65.4371237458194,1,0.6127049180327869,0.6179538588055524,1.0,1.0,arts de la table,0.925,True
a-couronne,bijoux,150.0,1,1,488,92.91122950819673,1,1.0,0.614444240804311,1.0,1.0,bijoux,0.98,True
a-couronne calligraphiée,bijoux,80.0,1,1,488,92.91122950819673,1,1.0,0.13896306654831878,1.0,1.0,bijoux,0.99,True
a-couronne délicate,bijoux,45.0,1,1,488,92.91122950819673,1,1.0,0.5156667202246337,1.0,1.0,bijoux,0.995,True
a-couronne impériale,bijoux,160.0,1,1,488,92.91122950819673,1,1.0,0.722073856140401,1.0,1.0,bijoux,0.96,True
a-couscoussier,arts de la table,45.0,1,1,299,65.4371237458194,1,0.6127049180327869,0.3123169580754704,1.0,1.0,arts de la table,0.99,True
a-crème anti taches,cosmetiques et soins,40.0,1,1,193,24.965803108808288,1,0.39549180327868855,0.6021915747503376,1.0,1.0,cosmetiques et soins,0.975,True
a-crème anti-rides,cosmetiques et soins,100.0,1,1,193,24.965803108808288,1,0.39549180327868855,3.0054788767936613,1.0,1.0,cosmetiques et soins,0.975,True
a-crème anti-taches brunes,cosmetiques et soins,40.0,1,1,193,24.965803108808288,1,0.39549180327868855,0.6021915747503376,1.0,1.0,cosmetiques et soins,0.975,True
a-crème anti-âge,cosmetiques et soins,58.0,1,1,193,24.965803108808288,1,0.39549180327868855,1.3231777653633348,1.0,1.0,cosmetiques et soins,0.97,True
a-crème apaisante,cosmetiques et soins,50.0,1,1,193,24.965803108808288,1,0.39549180327868855,1.0027394584242248,1.0,1.0,cosmetiques et soins,0.98,True
a-crème bave d'escargot,cosmetiques et soins,35.0,1,1,193,24.965803108808288,1,0.39549180327868855,0.40191763291339394,1.0,1.0,cosmetiques et soins,0.98,True
a-crème bébé,cosmetiques et soins,19.0,1,1,193,24.965803108808288,1,0.39549180327868855,0.23895898096482573,1.0,1.0,cosmetiques et soins,1.0,True
a-crème camomille éclaircissante,cosmetiques et soins,50.0,1,1,193,24.965803108808288,1,0.39549180327868855,1.0027394584242248,1.0,1.0,cosmetiques et soins,0.98,True
a-crème déo,cosmetiques et soins,15.0,1,1,193,24.965803108808288,1,0.39549180327868855,0.39917813443438066,1.0,1.0,cosmetiques et soins,1.0,True
a-crème hydradante,cosmetiques et soins,30.0,1,1,193,24.965803108808288,1,0.39549180327868855,0.2016436910764503,1.0,1.0,cosmetiques et soins,0.93,True
a-crème hydratante,cosmetiques et soins,80.0,1,1,193,24.965803108808288,1,0.39549180327868855,2.2043831094458866,1.0,1.0,cosmetiques et soins,0.99,True
a-crème mains,cosmetiques et soins,11.0,1,1,193,24.965803108808288,1,0.39549180327868855,0.5593972879039356,1.0,1.0,cosmetiques et soins,0.995,True
a-crème pieds,cosmetiques et soins,12.0,1,1,193,24.965803108808288,1,0.39549180327868855,0.5193424995365469,1.0,1.0,cosmetiques et soins,0.995,True
a-crème trésor d'abeille,cosmetiques et soins,40.0,1,1,193,24.965803108808288,1,0.39549180327868855,0.6021915747503376,1.0,1.0,cosmetiques et soins,0.9,True
a-crème visage,cosmetiques et soins,46.0,1,1,193,24.965803108808288,1,0.39549180327868855,0.84252030495467,1.0,1.0,cosmetiques et soins,0.9,True
a-crème visage de nuit,cosmetiques et soins,56.5,1,1,193,24.965803108808288,1,0.39549180327868855,1.2630955828122516,1.0,1.0,cosmetiques et soins,0.87,True
a-créoles,bijoux,30.0,1,1,488,92.91122950819673,1,1.0,0.6771111432287686,1.0,1.0,bijoux,0.985,True
a-créoles customisées,bijoux,8.0,1,1,488,92.91122950819673,1,1.0,0.9138962969681665,1.0,1.0,bijoux,0.895,True
a-créoles personnalisées,bijoux,65.0,1,1,488,92.91122950819673,1,1.0,0.3004074895524537,1.0,1.0,bijoux,0.955,True
a-cuillère avec support,arts de la table,28.0,1,1,299,65.4371237458194,1,0.6127049180327869,0.5721083236960401,1.0,1.0,arts de la table,0.975,True
a-cuillères grès noir,arts de la table,8.0,1,1,299,65.4371237458194,1,0.6127049180327869,0.8777452244261222,1.0,1.0,arts de la table,0.945,True
a-cuillères miel,arts de la table,4.0,1,1,299,65.4371237458194,1,0.6127049180327869,0.9388726045721386,1.0,1.0,arts de la table,0.91,True
a-cupcake savon,cosmetiques et soins,10.0,1,1,193,24.965803108808288,1,0.39549180327868855,0.5994520762713242,1.0,1.0,cosmetiques et soins,1.0,True
a-céramique peinte,arts de la table,7.0,1,1,299,65.4371237458194,1,0.6127049180327869,0.8930270694626263,1.0,1.0,arts de la table,0.93,True
a-deblech,bijoux,300.0,1,1,488,92.91122950819673,1,1.0,2.2288884708456607,1.0,1.0,bijoux,0.97,True
a-dengri brodé,habillement,160.0,1,1,351,134.41378917378916,1,0.7192622950819673,0.1903540610909742,1.0,1.0,habillement,0.985,True
a-dengri bébé,habillement,65.0,1,1,351,134.41378917378916,1,0.7192622950819673,0.5164186582644622,1.0,1.0,habillement,1.0,True
a-dengri enfant,habillement,100.0,1,1,351,134.41378917378916,1,0.7192622950819673,0.2560287090282488,1.0,1.0,habillement,0.94,True
a-dengri femmes,habillement,150.0,1,1,351,134.41378917378916,1,0.7192622950819673,0.11595693273777034,1.0,1.0,habillement,1.0,True
a-dengri hommes,habillement,140.0,1,1,351,134.41378917378916,1,0.7192622950819673,0.04155980438456651,1.0,1.0,habillement,0.985,True
a-dentifrice solide,cosmetiques et soins,15.0,1,1,193,24.965803108808288,1,0.39549180327868855,0.39917813443438066,1.0,1.0,cosmetiques et soins,1.0,True
a-deodorant naturel,cosmetiques et soins,7.0,1,1,193,24.965803108808288,1,0.39549180327868855,0.7196164413734905,1.0,1.0,cosmetiques et soins,1.0,True
a-derbies beige,habillement,160.0,1,1,351,134.41378917378916,1,0.7192622950819673,0.1903540610909742,1.0,1.0,habillement,0.84,True
a-derbies bleu roi,habillement,160.0,1,1,351,134.41378917378916,1,0.7192622950819673,0.1903540610909742,1.0,1.0,habillement,0.93,True
a-derbies python,habillement,160.0,1,1,351,134.41378917378916,1,0.7192622950819673,0.1903540610909742,1.0,1.0,habillement,0.99,True
a-derby cuir,habillement,120.0,1,1,351,134.41378917378916,1,0.7192622950819673,0.10723445232184116,1.0,1.0,habillement,0.995,True
a-diffuseur anti-moustique,cosmetiques et soins,19.0,1,1,193,24.965803108808288,1,0.39549180327868855,0.23895898096482573,1.0,1.0,cosmetiques et soins,1.0,True
a-disque démaquillant,cosmetiques et soins,25.0,1,1,193,24.965803108808288,1,0.39549180327868855,0.0013697492395066478,1.0,1.0,cosmetiques et soins,0.975,True
a-duo couffin chapeau,habillement,75.0,1,1,351,134.41378917378916,1,0.7192622950819673,0.4420215299112584,1.0,1.0,habillement,0.965,True
a-déodorant naturel,cosmetiques et soins,10.0,1,1,193,24.965803108808288,1,0.39549180327868855,0.5994520762713242,1.0,1.0,cosmetiques et soins,1.0,True
a-eau de carotte,cosmetiques et soins,12.0,1,1,193,24.965803108808288,1,0.39549180327868855,0.5193424995365469,1.0,1.0,cosmetiques et soins,1.0,True
a-eau de muguet,cosmetiques et soins,54.0,1,1,193,24.965803108808288,1,0.39549180327868855,1.1629586118937798,1.0,1.0,cosmetiques et soins,0.825,True
a-eau de parfum,cosmetiques et soins,39.0,1,1,193,24.965803108808288,1,0.39549180327868855,0.5621367863829488,1.0,1.0,cosmetiques et soins,0.845,True
a-eau de senteur,cosmetiques et soins,50.0,1,1,193,24.965803108808288,1,0.39549180327868855,1.0027394584242248,1.0,1.0,cosmetiques et soins,0.87,True
a-eau de toilette,cosmetiques et soins,13.0,1,1,193,24.965803108808288,1,0.39549180327868855,0.4792877111691581,1.0,1.0,cosmetiques et soins,1.0,True
a-eau de toilette hommes,cosmetiques et soins,17.0,1,1,193,24.965803108808288,1,0.39549180327868855,0.3190685576996032,1.0,1.0,cosmetiques et soins,0.975,True
a-eau florale,cosmetiques et soins,8.0,1,1,193,24.965803108808288,1,0.39549180327868855,0.6795616530061017,1.0,1.0,cosmetiques et soins,0.99,True
a-eau florale démaquillante,cosmetiques et soins,14.0,1,1,193,24.965803108808288,1,0.39549180327868855,0.4392329228017694,1.0,1.0,cosmetiques et soins,1.0,True
a-eaux florales,cosmetiques et soins,18.0,1,1,193,24.965803108808288,1,0.39549180327868855,0.27901376933221445,1.0,1.0,cosmetiques et soins,0.995,True
a-echarpe bakhnoug,habillement,120.0,1,1,351,134.41378917378916,1,0.7192622950819673,0.10723445232184116,1.0,1.0,habillement,1.0,True
a-echarpe brodée,habillement,60.0,1,1,351,134.41378917378916,1,0.7192622950819673,0.5536172224410641,1.0,1.0,habillement,1.0,True
a-echarpe calligraphiée,habillement,150.0,1,1,351,134.41378917378916,1,0.7192622950819673,0.11595693273777034,1.0,1.0,habillement,1.0,True
a-echarpe collier broche,bijoux,30.0,1,1,488,92.91122950819673,1,1.0,0.6771111432287686,1.0,1.0,bijoux,1.0,True
a-echarpe portage,habillement,75.0,1,1,351,134.41378917378916,1,0.7192622950819673,0.4420215299112584,1.0,1.0,habillement,1.0,True
a-echarpe soie,habillement,70.0,1,1,351,134.41378917378916,1,0.7192622950819673,0.4792200940878603,1.0,1.0,habillement,0.995,True
a-echarpe tissée,habillement,170.0,1,1,351,134.41378917378916,1,0.7192622950819673,0.264751189444178,1.0,1.0,habillement,1.0,True
a-ensemble,habillement,200.0,1,1,351,134.41378917378916,1,0.7192622950819673,0.48794257450378953,1.0,1.0,habillement,1.0,True
a-ensemble mariée,habillement,414.48,1,1,351,134.41378917378916,1,0.7192622950819673,2.0836121834233055,1.0,1.0,habillement,0.995,True
a-ensemble mère-fille,habillement,250.0,1,1,351,134.41378917378916,1,0.7192622950819673,0.8599282162698086,1.0,1.0,habillement,0.98,True
a-ensemble veste-pantalon,habillement,220.0,1,1,351,134.41378917378916,1,0.7192622950819673,0.6367368312101972,1.0,1.0,habillement,0.99,True
a-enveloppement argile,cosmetiques et soins,10.0,1,1,193,24.965803108808288,1,0.39549180327868855,0.5994520762713242,1.0,1.0,cosmetiques et soins,1.0,True
a-etole brodée,habillement,160.0,1,1,351,134.41378917378916,1,0.7192622950819673,0.1903540610909742,1.0,1.0,habillement,0.985,True
a-etole sefseri,habillement,230.0,1,1,351,134.41378917378916,1,0.7192622950819673,0.711133959563401,1.0,1.0,habillement,0.95,True
a-etole soie,habillement,40.0,1,1,351,134.41378917378916,1,0.7192622950819673,0.7024114791474718,1.0,1.0,habillement,0.895,True
a-extrait de menthe,cosmetiques et soins,10.0,1,1,193,24.965803108808288,1,0.39549180327868855,0.5994520762713242,1.0,1.0,cosmetiques et soins,0.965,True
a-face scrub,cosmetiques et soins,16.6,1,1,193,24.965803108808288,1,0.39549180327868855,0.33509047304655865,1.0,1.0,cosmetiques et soins,0.985,True
a-farine figue barbarie,cosmetiques et soins,13.0,1,1,193,24.965803108808288,1,0.39549180327868855,0.4792877111691581,1.0,1.0,cosmetiques et soins,1.0,True
a-farmla brodée,habillement,400.0,1,1,351,134.41378917378916,1,0.7192622950819673,1.9758851415678662,1.0,1.0,habillement,0.995,True
a-farmla laine,habillement,350.0,1,1,351,134.41378917378916,1,0.7192622950819673,1.603899499801847,1.0,1.0,habillement,1.0,True
a-fleur ras du cou,bijoux,17.0,1,1,488,92.91122950819673,1,1.0,0.8170296431656856,1.0,1.0,bijoux,0.98,True
a-fond plateau lin floral,arts de la table,40.0,1,1,299,65.4371237458194,1,0.6127049180327869,0.3887261832579909,1.0,1.0,arts de la table,0.985,True
a-fonds de plateau,arts de la table,45.0,1,1,299,65.4371237458194,1,0.6127049180327869,0.3123169580754704,1.0,1.0,arts de la table,0.96,True
a-fonds de plateaux,arts de la table,20.0,1,1,299,65.4371237458194,1,0.6127049180327869,0.694363083988073,1.0,1.0,arts de la table,0.87,True
a-fonds plateau et serviettes,arts de la table,35.0,1,1,299,65.4371237458194,1,0.6127049180327869,0.46513540844051143,1.0,1.0,arts de la table,1.0,True
a-fonds plateau lin,arts de la table,45.0,1,1,299,65.4371237458194,1,0.6127049180327869,0.3123169580754704,1.0,1.0,arts de la table,1.0,True
a-foulard khomsa,bijoux,45.0,1,1,488,92.91122950819673,1,1.0,0.5156667202246337,1.0,1.0,bijoux,0.98,True
a-fouta blouza moderne,habillement,414.48,1,1,351,134.41378917378916,1,0.7192622950819673,2.0836121834233055,1.0,1.0,habillement,0.94,True
a-fouta cape de bain,habillement,36.0,1,1,351,134.41378917378916,1,0.7192622950819673,0.7321703304887534,1.0,1.0,habillement,0.87,True
a-fouta éponge,habillement,30.0,1,1,351,134.41378917378916,1,0.7192622950819673,0.7768086075006757,1.0,1.0,habillement,0.85,True
a-gel anti-douleur,cosmetiques et soins,15.0,1,1,193,24.965803108808288,1,0.39549180327868855,0.39917813443438066,1.0,1.0,cosmetiques et soins,1.0,True
a-gel anti-inflammatoire,cosmetiques et soins,45.0,1,1,193,24.965803108808288,1,0.39549180327868855,0.8024655165872813,1.0,1.0,cosmetiques et soins,0.95,True
a-gel douche aloe,cosmetiques et soins,15.0,1,1,193,24.965803108808288,1,0.39549180327868855,0.39917813443438066,1.0,1.0,cosmetiques et soins,1.0,True
a-gel douche et lait,cosmetiques et soins,20.0,1,1,193,24.965803108808288,1,0.39549180327868855,0.198904192597437,1.0,1.0,cosmetiques et soins,1.0,True
a-gel exfoliant algues,cosmetiques et soins,19.0,1,1,193,24.965803108808288,1,0.39549180327868855,0.23895898096482573,1.0,1.0,cosmetiques et soins,0.995,True
a-gel nettoyant,cosmetiques et soins,9.0,1,1,193,24.965803108808288,1,0.39549180327868855,0.639506864638713,1.0,1.0,cosmetiques et soins,0.94,True
a-gel nettoyant algues,cosmetiques et soins,19.0,1,1,193,24.965803108808288,1,0.39549180327868855,0.23895898096482573,1.0,1.0,cosmetiques et soins,0.995,True
a-gigoteuse,habillement,120.0,1,1,351,134.41378917378916,1,0.7192622950819673,0.10723445232184116,1.0,1.0,habillement,1.0,True
a-gilet,habillement,60.0,1,1,351,134.41378917378916,1,0.7192622950819673,0.5536172224410641,1.0,1.0,habillement,1.0,True
a-gilet hayek,habillement,35.0,1,1,351,134.41378917378916,1,0.7192622950819673,0.7396100433240738,1.0,1.0,habillement,0.97,True
a-gilet turquoise,habillement,350.0,1,1,351,134.41378917378916,1,0.7192622950819673,1.603899499801847,1.0,1.0,habillement,0.985,True
a-gilet velours,habillement,414.48,1,1,351,134.41378917378916,1,0.7192622950819673,2.0836121834233055,1.0,1.0,habillement,0.985,True
a-gommage,cosmetiques et soins,10.0,1,1,193,24.965803108808288,1,0.39549180327868855,0.5994520762713242,1.0,1.0,cosmetiques et soins,1.0,True
a-gommage corps,cosmetiques et soins,20.0,1,1,193,24.965803108808288,1,0.39549180327868855,0.198904192597437,1.0,1.0,cosmetiques et soins,1.0,True
a-gommage eucalyptus / huile olive,cosmetiques et soins,13.0,1,1,193,24.965803108808288,1,0.39549180327868855,0.4792877111691581,1.0,1.0,cosmetiques et soins,0.915,True
a-gommage poudre pépins figue barbarie,cosmetiques et soins,10.0,1,1,193,24.965803108808288,1,0.39549180327868855,0.5994520762713242,1.0,1.0,cosmetiques et soins,1.0,True
a-gommage tbf figue barbarie,cosmetiques et soins,6.0,1,1,193,24.965803108808288,1,0.39549180327868855,0.7596712297408792,1.0,1.0,cosmetiques et soins,0.99,True
a-gommage visage,cosmetiques et soins,25.0,1,1,193,24.965803108808288,1,0.39549180327868855,0.0013697492395066478,1.0,1.0,cosmetiques et soins,0.99,True
a-grand bracelet manchette,bijoux,100.0,1,1,488,92.91122950819673,1,1.0,0.07629616412386117,1.0,1.0,bijoux,0.99,True
a-grand plateau cuivre,arts de la table,400.0,1,1,299,65.4371237458194,1,0.6127049180327869,5.112738029883486,1.0,1.0,arts de la table,0.96,True
a-grand tebssi,arts de la table,18.0,1,1,299,65.4371237458194,1,0.6127049180327869,0.7249267740610812,1.0,1.0,arts de la table,0.885,True
a-grande assiette,arts de la table,30.0,1,1,299,65.4371237458194,1,0.6127049180327869,0.541544633623032,1.0,1.0,arts de la table,1.0,True
"a-grande assiette ""fusing""",arts de la table,50.0,1,1,299,65.4371237458194,1,0.6127049180327869,0.2359077328929499,1.0,1.0,arts de la table,1.0,True
a-grande assiette ceramique craquelée,arts de la table,48.0,1,1,299,65.4371237458194,1,0.6127049180327869,0.2664714229659581,1.0,1.0,arts de la table,0.99,True
a-grande assiette peinte,arts de la table,35.0,1,1,299,65.4371237458194,1,0.6127049180327869,0.46513540844051143,1.0,1.0,arts de la table,1.0,True
a-grandes boucles d'oreille khomsa,bijoux,15.0,1,1,488,92.91122950819673,1,1.0,0.8385555662329035,1.0,1.0,bijoux,1.0,True
a-halfa poisson,habillement,39.0,1,1,351,134.41378917378916,1,0.7192622950819673,0.7098511919827922,1.0,1.0,habillement,0.955,True
a-halfa raphia,habillement,39.0,1,1,351,134.41378917378916,1,0.7192622950819673,0.7098511919827922,1.0,1.0,habillement,0.95,True
a-hassara,habillement,140.0,1,1,351,134.41378917378916,1,0.7192622950819673,0.04155980438456651,1.0,1.0,habillement,0.985,True
a-herisson porte cure-dents,arts de la table,6.0,1,1,299,65.4371237458194,1,0.6127049180327869,0.9083089144991304,1.0,1.0,arts de la table,0.935,True
a-huile abricot,cosmetiques et soins,10.0,1,1,193,24.965803108808288,1,0.39549180327868855,0.5994520762713242,1.0,1.0,cosmetiques et soins,1.0,True
a-huile anti-rides,cosmetiques et soins,30.0,1,1,193,24.965803108808288,1,0.39549180327868855,0.2016436910764503,1.0,1.0,cosmetiques et soins,0.955,True
a-huile anti-âge,cosmetiques et soins,35.0,1,1,193,24.965803108808288,1,0.39549180327868855,0.40191763291339394,1.0,1.0,cosmetiques et soins,0.98,True
a-huile cactus royal,cosmetiques et soins,25.0,1,1,193,24.965803108808288,1,0.39549180327868855,0.0013697492395066478,1.0,1.0,cosmetiques et soins,1.0,True
a-huile capillaire,cosmetiques et soins,25.0,1,1,193,24.965803108808288,1,0.39549180327868855,0.0013697492395066478,1.0,1.0,cosmetiques et soins,1.0,True
a-huile cheveux,cosmetiques et soins,10.0,1,1,193,24.965803108808288,1,0.39549180327868855,0.5994520762713242,1.0,1.0,cosmetiques et soins,1.0,True
a-huile d'avocat,cosmetiques et soins,12.8,1,1,193,24.965803108808288,1,0.39549180327868855,0.48729866884263584,1.0,1.0,cosmetiques et soins,0.995,True
a-huile d'ortie,cosmetiques et soins,15.0,1,1,193,24.965803108808288,1,0.39549180327868855,0.39917813443438066,1.0,1.0,cosmetiques et soins,1.0,True
a-huile de lentisque pistachier,cosmetiques et soins,20.0,1,1,193,24.965803108808288,1,0.39549180327868855,0.198904192597437,1.0,1.0,cosmetiques et soins,0.98,True
a-huile de nigelle,cosmetiques et soins,10.0,1,1,193,24.965803108808288,1,0.39549180327868855,0.5994520762713242,1.0,1.0,cosmetiques et soins,0.995,True
a-huile de pépins de figue de barbarie bio,cosmetiques et soins,79.0,1,1,193,24.965803108808288,1,0.39549180327868855,2.1643283210784983,1.0,1.0,cosmetiques et soins,0.905,True
a-huile de raisin,cosmetiques et soins,5.0,1,1,193,24.965803108808288,1,0.39549180327868855,0.7997260181082679,1.0,1.0,cosmetiques et soins,0.995,True
a-huile de ricin,cosmetiques et soins,13.0,1,1,193,24.965803108808288,1,0.39549180327868855,0.4792877111691581,1.0,1.0,cosmetiques et soins,0.995,True
a-huile de romarin,cosmetiques et soins,5.0,1,1,193,24.965803108808288,1,0.39549180327868855,0.7997260181082679,1.0,1.0,cosmetiques et soins,1.0,True
a-huile douche monoi,cosmetiques et soins,17.0,1,1,193,24.965803108808288,1,0.39549180327868855,0.3190685576996032,1.0,1.0,cosmetiques et soins,0.99,True
a-huile essentielle romarin,cosmetiques et soins,7.0,1,1,193,24.965803108808288,1,0.39549180327868855,0.7196164413734905,1.0,1.0,cosmetiques et soins,1.0,True
a-huile figue barbarie,cosmetiques et soins,25.0,1,1,193,24.965803108808288,1,0.39549180327868855,0.0013697492395066478,1.0,1.0,cosmetiques et soins,1.0,True
a-huile figue de barbarie,cosmetiques et soins,25.0,1,1,193,24.965803108808288,1,0.39549180327868855,0.0013697492395066478,1.0,1.0,cosmetiques et soins,1.0,True
a-huile lentisque,cosmetiques et soins,12.0,1,1,193,24.965803108808288,1,0.39549180327868855,0.5193424995365469,1.0,1.0,cosmetiques et soins,0.99,True
a-huile noyau abricot,cosmetiques et soins,29.0,1,1,193,24.965803108808288,1,0.39549180327868855,0.16158890270906157,1.0,1.0,cosmetiques et soins,0.925,True
a-huile noyaux abricot,cosmetiques et soins,8.0,1,1,193,24.965803108808288,1,0.39549180327868855,0.6795616530061017,1.0,1.0,cosmetiques et soins,0.985,True
a-huile pépin figue de barbarie,cosmetiques et soins,25.0,1,1,193,24.965803108808288,1,0.39549180327868855,0.0013697492395066478,1.0,1.0,cosmetiques et soins,1.0,True
a-huile pépins figue barbarie,cosmetiques et soins,30.0,1,1,193,24.965803108808288,1,0.39549180327868855,0.2016436910764503,1.0,1.0,cosmetiques et soins,0.89,True
a-huile tbf figue barbarie,cosmetiques et soins,35.0,1,1,193,24.965803108808288,1,0.39549180327868855,0.40191763291339394,1.0,1.0,cosmetiques et soins,0.905,True
a-huile thala figue barbarie,cosmetiques et soins,25.0,1,1,193,24.965803108808288,1,0.39549180327868855,0.0013697492395066478,1.0,1.0,cosmetiques et soins,1.0,True
a-huile végétale,cosmetiques et soins,15.0,1,1,193,24.965803108808288,1,0.39549180327868855,0.39917813443438066,1.0,1.0,cosmetiques et soins,1.0,True
a-huile végétale lin,cosmetiques et soins,12.0,1,1,193,24.965803108808288,1,0.39549180327868855,0.5193424995365469,1.0,1.0,cosmetiques et soins,0.98,True
a-huiles essentielles nature zone,cosmetiques et soins,16.0,1,1,193,24.965803108808288,1,0.39549180327868855,0.3591233460669919,1.0,1.0,cosmetiques et soins,0.965,True
a-huiles massage nature zone,cosmetiques et soins,20.0,1,1,193,24.965803108808288,1,0.39549180327868855,0.198904192597437,1.0,1.0,cosmetiques et soins,1.0,True
a-huiles vierges,cosmetiques et soins,9.0,1,1,193,24.965803108808288,1,0.39549180327868855,0.639506864638713,1.0,1.0,cosmetiques et soins,0.935,True
a-hydrolat cyprès,cosmetiques et soins,6.0,1,1,193,24.965803108808288,1,0.39549180327868855,0.7596712297408792,1.0,1.0,cosmetiques et soins,0.96,True
a-hydrolat fleur d'oranger,cosmetiques et soins,10.0,1,1,193,24.965803108808288,1,0.39549180327868855,0.5994520762713242,1.0,1.0,cosmetiques et soins,0.975,True
a-hydrolat organique,cosmetiques et soins,14.0,1,1,193,24.965803108808288,1,0.39549180327868855,0.4392329228017694,1.0,1.0,cosmetiques et soins,0.99,True
a-jaquette customisée,habillement,35.0,1,1,351,134.41378917378916,1,0.7192622950819673,0.7396100433240738,1.0,1.0,habillement,0.97,True
a-jarretière,habillement,55.0,1,1,351,134.41378917378916,1,0.7192622950819673,0.5908157866176661,1.0,1.0,habillement,0.97,True
a-jattes superposables,arts de la table,100.0,1,1,299,65.4371237458194,1,0.6127049180327869,0.5281845189322552,1.0,1.0,arts de la table,0.975,True
a-jebba bicolore,habillement,180.0,1,1,351,134.41378917378916,1,0.7192622950819673,0.33914831779738186,1.0,1.0,habillement,1.0,True
a-jebba brodée,habillement,170.0,1,1,351,134.41378917378916,1,0.7192622950819673,0.264751189444178,1.0,1.0,habillement,1.0,True
a-jebba burnous,habillement,180.0,1,1,351,134.41378917378916,1,0.7192622950819673,0.33914831779738186,1.0,1.0,habillement,1.0,True
a-jebba courte,habillement,90.0,1,1,351,134.41378917378916,1,0.7192622950819673,0.33042583738145265,1.0,1.0,habillement,1.0,True
a-jebba domiaty,habillement,45.0,1,1,351,134.41378917378916,1,0.7192622950819673,0.6652129149708699,1.0,1.0,habillement,1.0,True
a-jebba fleurie,habillement,170.0,1,1,351,134.41378917378916,1,0.7192622950819673,0.264751189444178,1.0,1.0,habillement,1.0,True
a-jebba hommes,habillement,414.48,1,1,351,134.41378917378916,1,0.7192622950819673,2.0836121834233055,1.0,1.0,habillement,1.0,True
a-jebba khlel,habillement,35.0,1,1,351,134.41378917378916,1,0.7192622950819673,0.7396100433240738,1.0,1.0,habillement,0.99,True
a-jebba khomssa,habillement,35.0,1,1,351,134.41378917378916,1,0.7192622950819673,0.7396100433240738,1.0,1.0,habillement,0.995,True
a-jebba nomade,habillement,45.0,1,1,351,134.41378917378916,1,0.7192622950819673,0.6652129149708699,1.0,1.0,habillement,1.0,True
a-jebba poisson,habillement,75.0,1,1,351,134.41378917378916,1,0.7192622950819673,0.4420215299112584,1.0,1.0,habillement,0.985,True
a-jebba rayée,habillement,120.0,1,1,351,134.41378917378916,1,0.7192622950819673,0.10723445232184116,1.0,1.0,habillement,1.0,True
a-jebba satin de soie,habillement,414.48,1,1,351,134.41378917378916,1,0.7192622950819673,2.0836121834233055,1.0,1.0,habillement,0.94,True
a-jebba turquoise,habillement,69.0,1,1,351,134.41378917378916,1,0.7192622950819673,0.4866598069231807,1.0,1.0,habillement,0.975,True
a-jebba verte,habillement,350.0,1,1,351,134.41378917378916,1,0.7192622950819673,1.603899499801847,1.0,1.0,habillement,1.0,True
a-jupe tissée,habillement,192.0,1,1,351,134.41378917378916,1,0.7192622950819673,0.42842487182122646,1.0,1.0,habillement,1.0,True
a-kachabiya,habillement,150.0,1,1,351,134.41378917378916,1,0.7192622950819673,0.11595693273777034,1.0,1.0,habillement,1.0,True
a-kachabiya brodée,habillement,172.0,1,1,351,134.41378917378916,1,0.7192622950819673,0.2796306151148188,1.0,1.0,habillement,0.985,True
a-kachabiya jean's,habillement,80.0,1,1,351,134.41378917378916,1,0.7192622950819673,0.4048229657346565,1.0,1.0,habillement,0.99,True
a-kachabiya laine,habillement,80.0,1,1,351,134.41378917378916,1,0.7192622950819673,0.4048229657346565,1.0,1.0,habillement,0.995,True
a-kadroun,habillement,180.0,1,1,351,134.41378917378916,1,0.7192622950819673,0.33914831779738186,1.0,1.0,habillement,1.0,True
a-kanoun,arts de la table,3.0,1,1,299,65.4371237458194,1,0.6127049180327869,0.9541544496086427,1.0,1.0,arts de la table,0.955,True
a-kerwena,arts de la table,50.0,1,1,299,65.4371237458194,1,0.6127049180327869,0.2359077328929499,1.0,1.0,arts de la table,0.98,True
a-kholkhal,bijoux,120.0,1,1,488,92.91122950819673,1,1.0,0.2915553947960411,1.0,1.0,bijoux,0.99,True
a-kholkhal epais,bijoux,55.0,1,1,488,92.91122950819673,1,1.0,0.40803710488854367,1.0,1.0,bijoux,0.99,True
a-kimanteau,habillement,180.0,1,1,351,134.41378917378916,1,0.7192622950819673,0.33914831779738186,1.0,1.0,habillement,1.0,True
a-kimono,habillement,85.0,1,1,351,134.41378917378916,1,0.7192622950819673,0.3676244015580546,1.0,1.0,habillement,0.99,True
a-kimono brodé,habillement,350.0,1,1,351,134.41378917378916,1,0.7192622950819673,1.603899499801847,1.0,1.0,habillement,1.0,True
a-kimono cherry,habillement,150.0,1,1,351,134.41378917378916,1,0.7192622950819673,0.11595693273777034,1.0,1.0,habillement,1.0,True
a-kimono mona,habillement,150.0,1,1,351,134.41378917378916,1,0.7192622950819673,0.11595693273777034,1.0,1.0,habillement,1.0,True
a-kit bébé,habillement,135.0,1,1,351,134.41378917378916,1,0.7192622950819673,0.00436124020796459,1.0,1.0,habillement,0.915,True
a-kit de table,arts de la table,142.6,1,1,299,65.4371237458194,1,0.6127049180327869,1.17919111748733,1.0,1.0,arts de la table,0.98,True
a-kit peaux acnéiques,cosmetiques et soins,82.0,1,1,193,24.965803108808288,1,0.39549180327868855,2.284492686180664,1.0,1.0,cosmetiques et soins,0.99,True
a-kit soins cheveux,cosmetiques et soins,75.0,1,1,193,24.965803108808288,1,0.39549180327868855,2.0041091676089433,1.0,1.0,cosmetiques et soins,0.98,True
a-kmija revisitée,habillement,185.0,1,1,351,134.41378917378916,1,0.7192622950819673,0.37634688197398375,1.0,1.0,habillement,1.0,True
a-lait corps amande,cosmetiques et soins,15.0,1,1,193,24.965803108808288,1,0.39549180327868855,0.39917813443438066,1.0,1.0,cosmetiques et soins,1.0,True
a-lait de corps,cosmetiques et soins,4.0,1,1,193,24.965803108808288,1,0.39549180327868855,0.8397808064756567,1.0,1.0,cosmetiques et soins,0.95,True
a-linge de table,arts de la table,180.0,1,1,299,65.4371237458194,1,0.6127049180327869,1.7507321218525833,1.0,1.0,arts de la table,0.975,True
a-lingerie combinaison,habillement,55.0,1,1,351,134.41378917378916,1,0.7192622950819673,0.5908157866176661,1.0,1.0,habillement,0.97,True
a-lingerie nuisette,habillement,45.0,1,1,351,134.41378917378916,1,0.7192622950819673,0.6652129149708699,1.0,1.0,habillement,1.0,True
a-lipstick et vernis,cosmetiques et soins,18.0,1,1,193,24.965803108808288,1,0.39549180327868855,0.27901376933221445,1.0,1.0,cosmetiques et soins,0.99,True
a-liquette,habillement,200.0,1,1,351,134.41378917378916,1,0.7192622950819673,0.48794257450378953,1.0,1.0,habillement,1.0,True
a-liquette brodée,habillement,110.0,1,1,351,134.41378917378916,1,0.7192622950819673,0.181631580675045,1.0,1.0,habillement,0.98,True
"a-lot ""spa chez soi""",cosmetiques et soins,97.3,1,1,193,24.965803108808288,1,0.39549180327868855,2.8973309482017116,1.0,1.0,cosmetiques et soins,0.935,True
a-lot cuisine,arts de la table,38.0,1,1,299,65.4371237458194,1,0.6127049180327869,0.41928987333099915,1.0,1.0,arts de la table,0.985,True
a-lot soins kératine,cosmetiques et soins,95.8,1,1,193,24.965803108808288,1,0.39549180327868855,2.8372487656506284,1.0,1.0,cosmetiques et soins,0.99,True
a-lot ustensiles,arts de la table,38.0,1,1,299,65.4371237458194,1,0.6127049180327869,0.41928987333099915,1.0,1.0,arts de la table,0.985,True
a-lotion mosquitos,cosmetiques et soins,7.0,1,1,193,24.965803108808288,1,0.39549180327868855,0.7196164413734905,1.0,1.0,cosmetiques et soins,1.0,True
"a-lunettes bois ""shili""",bijoux,414.48,1,1,488,92.91122950819673,1,1.0,3.4610323072132188,1.0,1.0,bijoux,0.99,True
"a-lunettes en bois ""lella""",bijoux,414.48,1,1,488,92.91122950819673,1,1.0,3.4610323072132188,1.0,1.0,bijoux,0.69,True
a-lunettes rooya,bijoux,80.0,1,1,488,92.91122950819673,1,1.0,0.13896306654831878,1.0,1.0,bijoux,0.99,True
"a-maillot ""trapèze""",habillement,140.0,1,1,351,134.41378917378916,1,0.7192622950819673,0.04155980438456651,1.0,1.0,habillement,0.99,True
"a-maillot ""triangle""",habillement,130.0,1,1,351,134.41378917378916,1,0.7192622950819673,0.032837323968637325,1.0,1.0,habillement,0.985,True
a-maillot 1 pièce,habillement,236.0,1,1,351,134.41378917378916,1,0.7192622950819673,0.7557722365753233,1.0,1.0,habillement,0.98,True
a-maillot enfant,habillement,20.0,1,1,351,134.41378917378916,1,0.7192622950819673,0.8512057358538795,1.0,1.0,habillement,0.73,True
a-maillot femme,habillement,119.0,1,1,351,134.41378917378916,1,0.7192622950819673,0.11467416515716154,1.0,1.0,habillement,1.0,True
a-maillot homme,habillement,92.0,1,1,351,134.41378917378916,1,0.7192622950819673,0.3155464117108119,1.0,1.0,habillement,0.985,True
a-maillot pushup,habillement,150.0,1,1,351,134.41378917378916,1,0.7192622950819673,0.11595693273777034,1.0,1.0,habillement,1.0,True
a-manchette,bijoux,210.0,1,1,488,92.91122950819673,1,1.0,1.2602219328208508,1.0,1.0,bijoux,0.97,True
a-manchette arabesque,bijoux,414.48,1,1,488,92.91122950819673,1,1.0,3.4610323072132188,1.0,1.0,bijoux,1.0,True
a-manchette argent,bijoux,235.0,1,1,488,92.91122950819673,1,1.0,1.5292959711610756,1.0,1.0,bijoux,0.965,True
a-manchette atika,bijoux,45.0,1,1,488,92.91122950819673,1,1.0,0.5156667202246337,1.0,1.0,bijoux,0.995,True
a-manchette chaltout'art,bijoux,230.0,1,1,488,92.91122950819673,1,1.0,1.4754811634930307,1.0,1.0,bijoux,0.955,True
a-manchette personnalisable,bijoux,40.0,1,1,488,92.91122950819673,1,1.0,0.5694815278926786,1.0,1.0,bijoux,0.985,True
a-manteau bicolore,habillement,414.48,1,1,351,134.41378917378916,1,0.7192622950819673,2.0836121834233055,1.0,1.0,habillement,0.995,True
a-manteau brodé,habillement,400.0,1,1,351,134.41378917378916,1,0.7192622950819673,1.9758851415678662,1.0,1.0,habillement,1.0,True
a-manteau noir,habillement,360.0,1,1,351,134.41378917378916,1,0.7192622950819673,1.6782966281550509,1.0,1.0,habillement,1.0,True
a-manteau rose,habillement,150.0,1,1,351,134.41378917378916,1,0.7192622950819673,0.11595693273777034,1.0,1.0,habillement,0.955,True
a-manteau rouge,habillement,350.0,1,1,351,134.41378917378916,1,0.7192622950819673,1.603899499801847,1.0,1.0,habillement,0.975,True
a-manteau tissé,habillement,320.0,1,1,351,134.41378917378916,1,0.7192622950819673,1.3807081147422355,1.0,1.0,habillement,0.985,True
a-masque argile,cosmetiques et soins,19.0,1,1,193,24.965803108808288,1,0.39549180327868855,0.23895898096482573,1.0,1.0,cosmetiques et soins,0.995,True
a-masque argile blanche,cosmetiques et soins,9.0,1,1,193,24.965803108808288,1,0.39549180327868855,0.639506864638713,1.0,1.0,cosmetiques et soins,0.995,True
a-masque argile verte,cosmetiques et soins,8.0,1,1,193,24.965803108808288,1,0.39549180327868855,0.6795616530061017,1.0,1.0,cosmetiques et soins,0.99,True
a-masque aux 2 argiles,cosmetiques et soins,20.0,1,1,193,24.965803108808288,1,0.39549180327868855,0.198904192597437,1.0,1.0,cosmetiques et soins,1.0,True
a-masque capillaire,cosmetiques et soins,12.0,1,1,193,24.965803108808288,1,0.39549180327868855,0.5193424995365469,1.0,1.0,cosmetiques et soins,0.995,True
a-masque capillaire huile ail,cosmetiques et soins,25.0,1,1,193,24.965803108808288,1,0.39549180327868855,0.0013697492395066478,1.0,1.0,cosmetiques et soins,1.0,True
a-masque d'argile,cosmetiques et soins,11.0,1,1,193,24.965803108808288,1,0.39549180327868855,0.5593972879039356,1.0,1.0,cosmetiques et soins,0.995,True
a-masque extraits algues,cosmetiques et soins,13.0,1,1,193,24.965803108808288,1,0.39549180327868855,0.4792877111691581,1.0,1.0,cosmetiques et soins,1.0,True
a-masque gommage,cosmetiques et soins,10.0,1,1,193,24.965803108808288,1,0.39549180327868855,0.5994520762713242,1.0,1.0,cosmetiques et soins,1.0,True
a-masque gommage aloe,cosmetiques et soins,15.0,1,1,193,24.965803108808288,1,0.39549180327868855,0.39917813443438066,1.0,1.0,cosmetiques et soins,1.0,True
a-masque hibiscus,cosmetiques et soins,48.0,1,1,193,24.965803108808288,1,0.39549180327868855,0.9226298816894474,1.0,1.0,cosmetiques et soins,0.94,True
a-masque hydra,cosmetiques et soins,65.0,1,1,193,24.965803108808288,1,0.39549180327868855,1.603561283935056,1.0,1.0,cosmetiques et soins,0.945,True
a-masque karité,cosmetiques et soins,15.0,1,1,193,24.965803108808288,1,0.39549180327868855,0.39917813443438066,1.0,1.0,cosmetiques et soins,1.0,True
a-masque visage,cosmetiques et soins,10.0,1,1,193,24.965803108808288,1,0.39549180327868855,0.5994520762713242,1.0,1.0,cosmetiques et soins,1.0,True
a-medaillon perroquet,bijoux,135.0,1,1,488,92.91122950819673,1,1.0,0.45299981780017606,1.0,1.0,bijoux,0.955,True
a-methrad verre fusionné,arts de la table,125.0,1,1,299,65.4371237458194,1,0.6127049180327869,0.9102306448448577,1.0,1.0,arts de la table,0.95,True
a-methred,arts de la table,68.0,1,1,299,65.4371237458194,1,0.6127049180327869,0.039165477764123935,1.0,1.0,arts de la table,0.95,True
a-methred cuivre,arts de la table,230.0,1,1,299,65.4371237458194,1,0.6127049180327869,2.5148243736777887,1.0,1.0,arts de la table,0.99,True
a-mindil beya,arts de la table,9.9,1,1,299,65.4371237458194,1,0.6127049180327869,0.8487097188567644,1.0,1.0,arts de la table,0.98,True
a-mini couffin fleuri,habillement,30.0,1,1,351,134.41378917378916,1,0.7192622950819673,0.7768086075006757,1.0,1.0,habillement,0.79,True
a-mini jarre,arts de la table,34.9,1,1,299,65.4371237458194,1,0.6127049180327869,0.4666635929441619,1.0,1.0,arts de la table,0.895,True
a-mini-savons lait chamelle,cosmetiques et soins,15.0,1,1,193,24.965803108808288,1,0.39549180327868855,0.39917813443438066,1.0,1.0,cosmetiques et soins,0.93,True
a-mocassins,habillement,119.0,1,1,351,134.41378917378916,1,0.7192622950819673,0.11467416515716154,1.0,1.0,habillement,1.0,True
a-mocassins bleus,habillement,149.9,1,1,351,134.41378917378916,1,0.7192622950819673,0.11521296145423834,1.0,1.0,habillement,1.0,True
a-mocassins camel,habillement,149.9,1,1,351,134.41378917378916,1,0.7192622950819673,0.11521296145423834,1.0,1.0,habillement,1.0,True
a-montre bois,bijoux,149.0,1,1,488,92.91122950819673,1,1.0,0.603681279270702,1.0,1.0,bijoux,0.965,True
a-montre bois d'olivier,bijoux,250.0,1,1,488,92.91122950819673,1,1.0,1.6907403941652106,1.0,1.0,bijoux,0.87,True
a-montres,bijoux,290.0,1,1,488,92.91122950819673,1,1.0,2.1212588555095704,1.0,1.0,bijoux,0.855,True
a-monture miss one,bijoux,414.48,1,1,488,92.91122950819673,1,1.0,3.4610323072132188,1.0,1.0,bijoux,0.98,True
a-mortier,arts de la table,35.0,1,1,299,65.4371237458194,1,0.6127049180327869,0.46513540844051143,1.0,1.0,arts de la table,0.975,True
a-mug,arts de la table,12.0,1,1,299,65.4371237458194,1,0.6127049180327869,0.8166178442801058,1.0,1.0,arts de la table,1.0,True
a-mug bleu blanc,arts de la table,3.0,1,1,299,65.4371237458194,1,0.6127049180327869,0.9541544496086427,1.0,1.0,arts de la table,0.985,True
a-mug chat,arts de la table,30.0,1,1,299,65.4371237458194,1,0.6127049180327869,0.541544633623032,1.0,1.0,arts de la table,0.995,True
a-mug coloré,arts de la table,16.0,1,1,299,65.4371237458194,1,0.6127049180327869,0.7554904641340894,1.0,1.0,arts de la table,0.97,True
a-mug fillette,arts de la table,30.0,1,1,299,65.4371237458194,1,0.6127049180327869,0.541544633623032,1.0,1.0,arts de la table,0.99,True
a-mug fimo,arts de la table,25.0,1,1,299,65.4371237458194,1,0.6127049180327869,0.6179538588055524,1.0,1.0,arts de la table,0.995,True
a-mug poissons,arts de la table,18.0,1,1,299,65.4371237458194,1,0.6127049180327869,0.7249267740610812,1.0,1.0,arts de la table,0.955,True
a-mugs colorés,arts de la table,18.0,1,1,299,65.4371237458194,1,0.6127049180327869,0.7249267740610812,1.0,1.0,arts de la table,0.885,True
a-mugs peints à la main na9cha,arts de la table,18.0,1,1,299,65.4371237458194,1,0.6127049180327869,0.7249267740610812,1.0,1.0,arts de la table,0.52,True
a-mules,habillement,35.0,1,1,351,134.41378917378916,1,0.7192622950819673,0.7396100433240738,1.0,1.0,habillement,0.99,True
a-mules daim,habillement,75.0,1,1,351,134.41378917378916,1,0.7192622950819673,0.4420215299112584,1.0,1.0,habillement,1.0,True
a-mules jeans,habillement,55.0,1,1,351,134.41378917378916,1,0.7192622950819673,0.5908157866176661,1.0,1.0,habillement,0.99,True
a-mules macramé,habillement,65.0,1,1,351,134.41378917378916,1,0.7192622950819673,0.5164186582644622,1.0,1.0,habillement,0.995,True
a-mules multicolores,habillement,65.0,1,1,351,134.41378917378916,1,0.7192622950819673,0.5164186582644622,1.0,1.0,habillement,0.995,True
a-mules plates,habillement,65.0,1,1,351,134.41378917378916,1,0.7192622950819673,0.5164186582644622,1.0,1.0,habillement,0.995,True
a-mules raphia,habillement,35.0,1,1,351,134.41378917378916,1,0.7192622950819673,0.7396100433240738,1.0,1.0,habillement,0.995,True
a-médaillon chardonneret,bijoux,135.0,1,1,488,92.91122950819673,1,1.0,0.45299981780017606,1.0,1.0,bijoux,0.955,True
a-médaillon fleur bleue,bijoux,10.0,1,1,488,92.91122950819673,1,1.0,0.8923703739009485,1.0,1.0,bijoux,0.9,True
a-médaillon nacre,bijoux,100.0,1,1,488,92.91122950819673,1,1.0,0.07629616412386117,1.0,1.0,bijoux,0.95,True
a-nappe brodée,arts de la table,280.0,1,1,299,65.4371237458194,1,0.6127049180327869,3.2789166255029936,1.0,1.0,arts de la table,0.8,True
a-nappe brodée marsa,arts de la table,140.0,1,1,299,65.4371237458194,1,0.6127049180327869,1.1394583203924193,1.0,1.0,arts de la table,0.97,True
a-nappe point de croix,arts de la table,180.0,1,1,299,65.4371237458194,1,0.6127049180327869,1.7507321218525833,1.0,1.0,arts de la table,0.875,True
a-napperon,arts de la table,40.0,1,1,299,65.4371237458194,1,0.6127049180327869,0.3887261832579909,1.0,1.0,arts de la table,0.995,True
a-napperon crochet,arts de la table,25.0,1,1,299,65.4371237458194,1,0.6127049180327869,0.6179538588055524,1.0,1.0,arts de la table,0.97,True
a-napperon rond,arts de la table,15.0,1,1,299,65.4371237458194,1,0.6127049180327869,0.7707723091705935,1.0,1.0,arts de la table,0.995,True
a-napperons et sets,arts de la table,70.0,1,1,299,65.4371237458194,1,0.6127049180327869,0.06972916783713214,1.0,1.0,arts de la table,0.985,True
a-noeud papillon,habillement,70.0,1,1,351,134.41378917378916,1,0.7192622950819673,0.4792200940878603,1.0,1.0,habillement,0.99,True
a-nuage de karité,cosmetiques et soins,20.0,1,1,193,24.965803108808288,1,0.39549180327868855,0.198904192597437,1.0,1.0,cosmetiques et soins,0.93,True
a-nuisette,habillement,185.0,1,1,351,134.41378917378916,1,0.7192622950819673,0.37634688197398375,1.0,1.0,habillement,1.0,True
a-nuisette body,habillement,250.0,1,1,351,134.41378917378916,1,0.7192622950819673,0.8599282162698086,1.0,1.0,habillement,0.96,True
a-orga gold,cosmetiques et soins,15.0,1,1,193,24.965803108808288,1,0.39549180327868855,0.39917813443438066,1.0,1.0,cosmetiques et soins,0.92,True
a-pack 3 planches,arts de la table,90.0,1,1,299,65.4371237458194,1,0.6127049180327869,0.37536606856721416,1.0,1.0,arts de la table,0.78,True
a-pack jebba luxe,habillement,90.0,1,1,351,134.41378917378916,1,0.7192622950819673,0.33042583738145265,1.0,1.0,habillement,0.855,True
a-pack soin été,cosmetiques et soins,99.0,1,1,193,24.965803108808288,1,0.39549180327868855,2.9654240884262726,1.0,1.0,cosmetiques et soins,0.405,True
a-pains lavants,cosmetiques et soins,9.7,1,1,193,24.965803108808288,1,0.39549180327868855,0.6114685127815409,1.0,1.0,cosmetiques et soins,0.95,True
a-paletot à capuche,habillement,100.0,1,1,351,134.41378917378916,1,0.7192622950819673,0.2560287090282488,1.0,1.0,habillement,1.0,True
a-panier fruits,arts de la table,25.0,1,1,299,65.4371237458194,1,0.6127049180327869,0.6179538588055524,1.0,1.0,arts de la table,1.0,True
a-pantalon cérémonie,habillement,150.0,1,1,351,134.41378917378916,1,0.7192622950819673,0.11595693273777034,1.0,1.0,habillement,1.0,True
a-pantalon top lin,habillement,200.0,1,1,351,134.41378917378916,1,0.7192622950819673,0.48794257450378953,1.0,1.0,habillement,0.995,True
a-pantoufles crochet,habillement,10.0,1,1,351,134.41378917378916,1,0.7192622950819673,0.9256028642070834,1.0,1.0,habillement,0.955,True
a-parfum,cosmetiques et soins,50.0,1,1,193,24.965803108808288,1,0.39549180327868855,1.0027394584242248,1.0,1.0,cosmetiques et soins,0.895,True
a-parfum floral chypré,cosmetiques et soins,79.0,1,1,193,24.965803108808288,1,0.39549180327868855,2.1643283210784983,1.0,1.0,cosmetiques et soins,0.94,True
a-parure ambre,bijoux,80.0,1,1,488,92.91122950819673,1,1.0,0.13896306654831878,1.0,1.0,bijoux,1.0,True
a-parure ambre jade,bijoux,130.0,1,1,488,92.91122950819673,1,1.0,0.3991850101321311,1.0,1.0,bijoux,0.995,True
a-parure anneaux,bijoux,65.0,1,1,488,92.91122950819673,1,1.0,0.3004074895524537,1.0,1.0,bijoux,1.0,True
a-parure anneaux dorés,bijoux,140.0,1,1,488,92.91122950819673,1,1.0,0.506814625468221,1.0,1.0,bijoux,0.99,True
a-parure argent et pierre,bijoux,255.0,1,1,488,92.91122950819673,1,1.0,1.7445552018332557,1.0,1.0,bijoux,0.985,True
a-parure argent platiné perles,bijoux,170.0,1,1,488,92.91122950819673,1,1.0,0.8297034714764909,1.0,1.0,bijoux,0.995,True
a-parure argent verre,bijoux,350.0,1,1,488,92.91122950819673,1,1.0,2.7670365475261107,1.0,1.0,bijoux,0.985,True
a-parure bleu vert,bijoux,38.0,1,1,488,92.91122950819673,1,1.0,0.5910074509598966,1.0,1.0,bijoux,0.965,True
a-parure bleue,bijoux,165.0,1,1,488,92.91122950819673,1,1.0,0.7758886638084459,1.0,1.0,bijoux,0.995,True
a-parure bois,bijoux,60.0,1,1,488,92.91122950819673,1,1.0,0.3542222972204987,1.0,1.0,bijoux,0.995,True
a-parure cannette,bijoux,35.0,1,1,488,92.91122950819673,1,1.0,0.6232963355607236,1.0,1.0,bijoux,1.0,True
a-parure cerceau,bijoux,120.0,1,1,488,92.91122950819673,1,1.0,0.2915553947960411,1.0,1.0,bijoux,1.0,True
a-parure chechia,bijoux,40.0,1,1,488,92.91122950819673,1,1.0,0.5694815278926786,1.0,1.0,bijoux,0.995,True
a-parure en perles,bijoux,250.0,1,1,488,92.91122950819673,1,1.0,1.6907403941652106,1.0,1.0,bijoux,0.96,True
a-parure et pochette dentelle strass,bijoux,180.0,1,1,488,92.91122950819673,1,1.0,0.9373330868125809,1.0,1.0,bijoux,0.985,True
a-parure ethnic,bijoux,75.0,1,1,488,92.91122950819673,1,1.0,0.19277787421636375,1.0,1.0,bijoux,0.99,True
a-parure ethnic bleue,bijoux,40.0,1,1,488,92.91122950819673,1,1.0,0.5694815278926786,1.0,1.0,bijoux,0.99,True
a-parure fantaisie,bijoux,65.0,1,1,488,92.91122950819673,1,1.0,0.3004074895524537,1.0,1.0,bijoux,1.0,True
a-parure florale,bijoux,105.0,1,1,488,92.91122950819673,1,1.0,0.13011097179190614,1.0,1.0,bijoux,0.995,True
a-parure khomsa,bijoux,35.0,1,1,488,92.91122950819673,1,1.0,0.6232963355607236,1.0,1.0,bijoux,1.0,True
a-parure khomsa et ambre,bijoux,50.0,1,1,488,92.91122950819673,1,1.0,0.46185191255658864,1.0,1.0,bijoux,0.98,True
a-parure mahboub,bijoux,65.0,1,1,488,92.91122950819673,1,1.0,0.3004074895524537,1.0,1.0,bijoux,1.0,True
a-parure orientale,bijoux,170.0,1,1,488,92.91122950819673,1,1.0,0.8297034714764909,1.0,1.0,bijoux,1.0,True
a-parure perle,bijoux,30.0,1,1,488,92.91122950819673,1,1.0,0.6771111432287686,1.0,1.0,bijoux,1.0,True
a-parure perles ibn sina,bijoux,414.48,1,1,488,92.91122950819673,1,1.0,3.4610323072132188,1.0,1.0,bijoux,1.0,True
a-parure perlée,bijoux,280.0,1,1,488,92.91122950819673,1,1.0,2.0136292401734806,1.0,1.0,bijoux,0.955,True
a-parure poisson,bijoux,85.0,1,1,488,92.91122950819673,1,1.0,0.08514825888027379,1.0,1.0,bijoux,1.0,True
a-parure poissons,bijoux,110.0,1,1,488,92.91122950819673,1,1.0,0.18392577945995114,1.0,1.0,bijoux,0.995,True
a-parure pompon pêche,bijoux,40.0,1,1,488,92.91122950819673,1,1.0,0.5694815278926786,1.0,1.0,bijoux,0.995,True
a-parure quartz rouille,bijoux,80.0,1,1,488,92.91122950819673,1,1.0,0.13896306654831878,1.0,1.0,bijoux,1.0,True
a-parure rose avec bague,bijoux,165.0,1,1,488,92.91122950819673,1,1.0,0.7758886638084459,1.0,1.0,bijoux,0.925,True
a-parure rouge,bijoux,40.0,1,1,488,92.91122950819673,1,1.0,0.5694815278926786,1.0,1.0,bijoux,0.965,True
a-parure rouge orange,bijoux,240.0,1,1,488,92.91122950819673,1,1.0,1.5831107788291208,1.0,1.0,bijoux,0.97,True
a-parure soie et argent,bijoux,30.0,1,1,488,92.91122950819673,1,1.0,0.6771111432287686,1.0,1.0,bijoux,0.995,True
a-parure tissu,bijoux,53.0,1,1,488,92.91122950819673,1,1.0,0.4295630279557617,1.0,1.0,bijoux,0.99,True
a-pendentif,bijoux,180.0,1,1,488,92.91122950819673,1,1.0,0.9373330868125809,1.0,1.0,bijoux,1.0,True
a-pendentif 7ob,bijoux,40.0,1,1,488,92.91122950819673,1,1.0,0.5694815278926786,1.0,1.0,bijoux,0.99,True
a-pendentif agate,bijoux,130.0,1,1,488,92.91122950819673,1,1.0,0.3991850101321311,1.0,1.0,bijoux,0.99,True
a-pendentif ambre denden,bijoux,10.0,1,1,488,92.91122950819673,1,1.0,0.8923703739009485,1.0,1.0,bijoux,0.985,True
a-pendentif anneaux,bijoux,35.0,1,1,488,92.91122950819673,1,1.0,0.6232963355607236,1.0,1.0,bijoux,0.995,True
a-pendentif berbère,bijoux,20.0,1,1,488,92.91122950819673,1,1.0,0.7847407585648586,1.0,1.0,bijoux,0.985,True
a-pendentif bleu céramique,bijoux,65.0,1,1,488,92.91122950819673,1,1.0,0.3004074895524537,1.0,1.0,bijoux,0.965,True
a-pendentif bois,bijoux,30.0,1,1,488,92.91122950819673,1,1.0,0.6771111432287686,1.0,1.0,bijoux,1.0,True
a-pendentif brodé,bijoux,13.0,1,1,488,92.91122950819673,1,1.0,0.8600814893001215,1.0,1.0,bijoux,0.925,True
a-pendentif cartouche,bijoux,20.0,1,1,488,92.91122950819673,1,1.0,0.7847407585648586,1.0,1.0,bijoux,0.985,True
a-pendentif corail argent,bijoux,50.0,1,1,488,92.91122950819673,1,1.0,0.46185191255658864,1.0,1.0,bijoux,1.0,True
a-pendentif cuivre,bijoux,90.0,1,1,488,92.91122950819673,1,1.0,0.0313334512122288,1.0,1.0,bijoux,0.99,True
a-pendentif céramique,bijoux,75.0,1,1,488,92.91122950819673,1,1.0,0.19277787421636375,1.0,1.0,bijoux,0.99,True
a-pendentif en verre,bijoux,5.0,1,1,488,92.91122950819673,1,1.0,0.9461851815689936,1.0,1.0,bijoux,0.95,True
a-pendentif et boucles d'oreille ambre corail,bijoux,75.0,1,1,488,92.91122950819673,1,1.0,0.19277787421636375,1.0,1.0,bijoux,0.995,True
a-pendentif et boucles d'oreille perles,bijoux,120.0,1,1,488,92.91122950819673,1,1.0,0.2915553947960411,1.0,1.0,bijoux,1.0,True
a-pendentif figurine,bijoux,12.0,1,1,488,92.91122950819673,1,1.0,0.8708444508337305,1.0,1.0,bijoux,0.925,True
a-pendentif filigrane,bijoux,70.0,1,1,488,92.91122950819673,1,1.0,0.24659268188440872,1.0,1.0,bijoux,0.995,True
a-pendentif filigrané,bijoux,85.0,1,1,488,92.91122950819673,1,1.0,0.08514825888027379,1.0,1.0,bijoux,1.0,True
a-pendentif fillette,bijoux,25.0,1,1,488,92.91122950819673,1,1.0,0.7309259508968136,1.0,1.0,bijoux,0.985,True
a-pendentif incrusté or,bijoux,70.0,1,1,488,92.91122950819673,1,1.0,0.24659268188440872,1.0,1.0,bijoux,0.995,True
a-pendentif khomsa,bijoux,95.0,1,1,488,92.91122950819673,1,1.0,0.022481356455816184,1.0,1.0,bijoux,0.995,True
a-pendentif marguerite,bijoux,290.0,1,1,488,92.91122950819673,1,1.0,2.1212588555095704,1.0,1.0,bijoux,0.95,True
a-pendentif papillon,bijoux,25.0,1,1,488,92.91122950819673,1,1.0,0.7309259508968136,1.0,1.0,bijoux,0.99,True
a-pendentif poisson stylisé,bijoux,35.0,1,1,488,92.91122950819673,1,1.0,0.6232963355607236,1.0,1.0,bijoux,0.995,True
a-pendentif rectangulaire,bijoux,90.0,1,1,488,92.91122950819673,1,1.0,0.0313334512122288,1.0,1.0,bijoux,1.0,True
a-pendentif ruche,bijoux,120.0,1,1,488,92.91122950819673,1,1.0,0.2915553947960411,1.0,1.0,bijoux,0.995,True
a-pendentif sejnene,bijoux,10.0,1,1,488,92.91122950819673,1,1.0,0.8923703739009485,1.0,1.0,bijoux,0.98,True
a-pendentif stylisé,bijoux,180.0,1,1,488,92.91122950819673,1,1.0,0.9373330868125809,1.0,1.0,bijoux,1.0,True
a-pendentif touareg,bijoux,320.0,1,1,488,92.91122950819673,1,1.0,2.4441477015178403,1.0,1.0,bijoux,0.99,True
a-pendentif traditionnel,bijoux,50.0,1,1,488,92.91122950819673,1,1.0,0.46185191255658864,1.0,1.0,bijoux,1.0,True
a-pendentif tunisie,bijoux,135.0,1,1,488,92.91122950819673,1,1.0,0.45299981780017606,1.0,1.0,bijoux,0.97,True
a-pendentif wiring,bijoux,60.0,1,1,488,92.91122950819673,1,1.0,0.3542222972204987,1.0,1.0,bijoux,1.0,True
a-pendentif zigzag,bijoux,25.0,1,1,488,92.91122950819673,1,1.0,0.7309259508968136,1.0,1.0,bijoux,0.985,True
a-pendentif ébène argent,bijoux,30.0,1,1,488,92.91122950819673,1,1.0,0.6771111432287686,1.0,1.0,bijoux,0.995,True
a-pendentifs ronds en verre,bijoux,40.0,1,1,488,92.91122950819673,1,1.0,0.5694815278926786,1.0,1.0,bijoux,0.965,True
a-personnalisation lunettes,bijoux,100.0,1,1,488,92.91122950819673,1,1.0,0.07629616412386117,1.0,1.0,bijoux,0.95,True
a-petit cyprus,cosmetiques et soins,30.0,1,1,193,24.965803108808288,1,0.39549180327868855,0.2016436910764503,1.0,1.0,cosmetiques et soins,0.66,True
a-petit savon miel,cosmetiques et soins,1.0,1,1,193,24.965803108808288,1,0.39549180327868855,0.9599451715778229,1.0,1.0,cosmetiques et soins,0.945,True
"a-petite assiette ""fusing""",arts de la table,20.0,1,1,299,65.4371237458194,1,0.6127049180327869,0.694363083988073,1.0,1.0,arts de la table,0.985,True
a-petite assiette céramique craquelée,arts de la table,15.0,1,1,299,65.4371237458194,1,0.6127049180327869,0.7707723091705935,1.0,1.0,arts de la table,0.99,True
a-petite assiette peinte,arts de la table,15.0,1,1,299,65.4371237458194,1,0.6127049180327869,0.7707723091705935,1.0,1.0,arts de la table,0.995,True
a-pink basket,cosmetiques et soins,120.0,1,1,193,24.965803108808288,1,0.39549180327868855,3.806574644141436,1.0,1.0,cosmetiques et soins,0.87,True
a-pique cheveux,bijoux,30.0,1,1,488,92.91122950819673,1,1.0,0.6771111432287686,1.0,1.0,bijoux,0.98,True
a-planche,arts de la table,40.0,1,1,299,65.4371237458194,1,0.6127049180327869,0.3887261832579909,1.0,1.0,arts de la table,0.995,True
a-planche bois résine,arts de la table,130.0,1,1,299,65.4371237458194,1,0.6127049180327869,0.9866398700273783,1.0,1.0,arts de la table,0.975,True
a-planche ronde,arts de la table,38.0,1,1,299,65.4371237458194,1,0.6127049180327869,0.41928987333099915,1.0,1.0,arts de la table,0.985,True
a-planche ve,arts de la table,110.0,1,1,299,65.4371237458194,1,0.6127049180327869,0.6810029692972962,1.0,1.0,arts de la table,0.94,True
a-planchette,arts de la table,12.0,1,1,299,65.4371237458194,1,0.6127049180327869,0.8166178442801058,1.0,1.0,arts de la table,0.98,True
a-plastron berbère,bijoux,60.0,1,1,488,92.91122950819673,1,1.0,0.3542222972204987,1.0,1.0,bijoux,0.97,True
a-plat apero,arts de la table,14.0,1,1,299,65.4371237458194,1,0.6127049180327869,0.7860541542070976,1.0,1.0,arts de la table,0.99,True
a-plat carré,arts de la table,9.5,1,1,299,65.4371237458194,1,0.6127049180327869,0.854822456871366,1.0,1.0,arts de la table,0.98,True
a-plat cuivre poisson,arts de la table,85.0,1,1,299,65.4371237458194,1,0.6127049180327869,0.2989568433846937,1.0,1.0,arts de la table,0.945,True
a-plat de sejnene,arts de la table,25.0,1,1,299,65.4371237458194,1,0.6127049180327869,0.6179538588055524,1.0,1.0,arts de la table,0.965,True
a-plat fleur bleue,arts de la table,15.0,1,1,299,65.4371237458194,1,0.6127049180327869,0.7707723091705935,1.0,1.0,arts de la table,0.975,True
a-plat fruits,arts de la table,35.0,1,1,299,65.4371237458194,1,0.6127049180327869,0.46513540844051143,1.0,1.0,arts de la table,0.96,True
a-plat multicolore,arts de la table,30.0,1,1,299,65.4371237458194,1,0.6127049180327869,0.541544633623032,1.0,1.0,arts de la table,0.935,True
a-plat poisson,arts de la table,10.0,1,1,299,65.4371237458194,1,0.6127049180327869,0.8471815343531139,1.0,1.0,arts de la table,0.975,True
a-plat poisson cuivre,arts de la table,150.0,1,1,299,65.4371237458194,1,0.6127049180327869,1.2922767707574603,1.0,1.0,arts de la table,0.985,True
a-plat rond,arts de la table,50.0,1,1,299,65.4371237458194,1,0.6127049180327869,0.2359077328929499,1.0,1.0,arts de la table,0.86,True
a-plat sejnene,arts de la table,15.0,1,1,299,65.4371237458194,1,0.6127049180327869,0.7707723091705935,1.0,1.0,arts de la table,0.995,True
a-plat tajine,arts de la table,15.0,1,1,299,65.4371237458194,1,0.6127049180327869,0.7707723091705935,1.0,1.0,arts de la table,0.93,True
a-plat tajine cuivre,arts de la table,125.0,1,1,299,65.4371237458194,1,0.6127049180327869,0.9102306448448577,1.0,1.0,arts de la table,0.93,True
a-plateau,arts de la table,35.0,1,1,299,65.4371237458194,1,0.6127049180327869,0.46513540844051143,1.0,1.0,arts de la table,1.0,True
a-plateau apéro,arts de la table,35.0,1,1,299,65.4371237458194,1,0.6127049180327869,0.46513540844051143,1.0,1.0,arts de la table,1.0,True
a-plateau avec anse branche,arts de la table,40.0,1,1,299,65.4371237458194,1,0.6127049180327869,0.3887261832579909,1.0,1.0,arts de la table,1.0,True
a-plateau avec broderie sous verre,arts de la table,110.0,1,1,299,65.4371237458194,1,0.6127049180327869,0.6810029692972962,1.0,1.0,arts de la table,0.99,True
a-plateau bleu,arts de la table,40.0,1,1,299,65.4371237458194,1,0.6127049180327869,0.3887261832579909,1.0,1.0,arts de la table,0.99,True
a-plateau bleu ciel,arts de la table,110.0,1,1,299,65.4371237458194,1,0.6127049180327869,0.6810029692972962,1.0,1.0,arts de la table,0.97,True
a-plateau bois,arts de la table,65.0,1,1,299,65.4371237458194,1,0.6127049180327869,0.0066800573453883695,1.0,1.0,arts de la table,1.0,True
a-plateau carré,arts de la table,70.0,1,1,299,65.4371237458194,1,0.6127049180327869,0.06972916783713214,1.0,1.0,arts de la table,1.0,True
a-plateau ciment,arts de la table,40.0,1,1,299,65.4371237458194,1,0.6127049180327869,0.3887261832579909,1.0,1.0,arts de la table,1.0,True
a-plateau circulaire,arts de la table,120.0,1,1,299,65.4371237458194,1,0.6127049180327869,0.8338214196623372,1.0,1.0,arts de la table,0.98,True
a-plateau coloré,arts de la table,25.0,1,1,299,65.4371237458194,1,0.6127049180327869,0.6179538588055524,1.0,1.0,arts de la table,0.995,True
a-plateau cuivre,arts de la table,140.0,1,1,299,65.4371237458194,1,0.6127049180327869,1.1394583203924193,1.0,1.0,arts de la table,0.995,True
a-plateau cuivre gravé,arts de la table,280.0,1,1,299,65.4371237458194,1,0.6127049180327869,3.2789166255029936,1.0,1.0,arts de la table,1.0,True
a-plateau cuivre martelé,arts de la table,240.0,1,1,299,65.4371237458194,1,0.6127049180327869,2.6676428240428294,1.0,1.0,arts de la table,1.0,True
a-plateau cuivre martelé sousse,arts de la table,45.0,1,1,299,65.4371237458194,1,0.6127049180327869,0.3123169580754704,1.0,1.0,arts de la table,1.0,True
a-plateau céramique,arts de la table,135.0,1,1,299,65.4371237458194,1,0.6127049180327869,1.0630490952098988,1.0,1.0,arts de la table,1.0,True
a-plateau dentelle,arts de la table,65.0,1,1,299,65.4371237458194,1,0.6127049180327869,0.0066800573453883695,1.0,1.0,arts de la table,1.0,True
a-plateau design,arts de la table,147.0,1,1,299,65.4371237458194,1,0.6127049180327869,1.2464312356479479,1.0,1.0,arts de la table,0.97,True
a-plateau en acajou,arts de la table,45.0,1,1,299,65.4371237458194,1,0.6127049180327869,0.3123169580754704,1.0,1.0,arts de la table,0.975,True
a-plateau en béton,arts de la table,75.0,1,1,299,65.4371237458194,1,0.6127049180327869,0.14613839301965265,1.0,1.0,arts de la table,0.95,True
a-plateau en hêtre,arts de la table,45.0,1,1,299,65.4371237458194,1,0.6127049180327869,0.3123169580754704,1.0,1.0,arts de la table,0.975,True
a-plateau faience bois rouge,arts de la table,100.0,1,1,299,65.4371237458194,1,0.6127049180327869,0.5281845189322552,1.0,1.0,arts de la table,0.965,True
a-plateau faïence,arts de la table,130.0,1,1,299,65.4371237458194,1,0.6127049180327869,0.9866398700273783,1.0,1.0,arts de la table,1.0,True
a-plateau fibre,arts de la table,40.0,1,1,299,65.4371237458194,1,0.6127049180327869,0.3887261832579909,1.0,1.0,arts de la table,1.0,True
a-plateau halfa,arts de la table,30.0,1,1,299,65.4371237458194,1,0.6127049180327869,0.541544633623032,1.0,1.0,arts de la table,0.935,True
a-plateau inspiré tapis,arts de la table,70.0,1,1,299,65.4371237458194,1,0.6127049180327869,0.06972916783713214,1.0,1.0,arts de la table,1.0,True
a-plateau khomsa,arts de la table,30.0,1,1,299,65.4371237458194,1,0.6127049180327869,0.541544633623032,1.0,1.0,arts de la table,0.975,True
a-plateau mosaïque,arts de la table,30.0,1,1,299,65.4371237458194,1,0.6127049180327869,0.541544633623032,1.0,1.0,arts de la table,1.0,True
a-plateau motif chat,arts de la table,35.0,1,1,299,65.4371237458194,1,0.6127049180327869,0.46513540844051143,1.0,1.0,arts de la table,1.0,True
a-plateau multicolore,arts de la table,85.0,1,1,299,65.4371237458194,1,0.6127049180327869,0.2989568433846937,1.0,1.0,arts de la table,0.99,True
a-plateau noir,arts de la table,55.0,1,1,299,65.4371237458194,1,0.6127049180327869,0.1594985077104294,1.0,1.0,arts de la table,0.99,True
a-plateau peint,arts de la table,60.0,1,1,299,65.4371237458194,1,0.6127049180327869,0.08308928252790888,1.0,1.0,arts de la table,1.0,True
a-plateau peint main,arts de la table,45.0,1,1,299,65.4371237458194,1,0.6127049180327869,0.3123169580754704,1.0,1.0,arts de la table,1.0,True
a-plateau peint sous verre avec miroir,arts de la table,80.0,1,1,299,65.4371237458194,1,0.6127049180327869,0.22254761820217317,1.0,1.0,arts de la table,1.0,True
a-plateau petit déjeuner,arts de la table,35.0,1,1,299,65.4371237458194,1,0.6127049180327869,0.46513540844051143,1.0,1.0,arts de la table,0.975,True
a-plateau petit-déjeuner,arts de la table,60.0,1,1,299,65.4371237458194,1,0.6127049180327869,0.08308928252790888,1.0,1.0,arts de la table,0.96,True
a-plateau plexi,arts de la table,50.0,1,1,299,65.4371237458194,1,0.6127049180327869,0.2359077328929499,1.0,1.0,arts de la table,1.0,True
a-plateau poissons,arts de la table,80.0,1,1,299,65.4371237458194,1,0.6127049180327869,0.22254761820217317,1.0,1.0,arts de la table,0.995,True
a-plateau poissons peints,arts de la table,90.0,1,1,299,65.4371237458194,1,0.6127049180327869,0.37536606856721416,1.0,1.0,arts de la table,0.995,True
a-plateau rectangulaire faïence,arts de la table,160.0,1,1,299,65.4371237458194,1,0.6127049180327869,1.4450952211225012,1.0,1.0,arts de la table,0.99,True
a-plateau rond,arts de la table,85.0,1,1,299,65.4371237458194,1,0.6127049180327869,0.2989568433846937,1.0,1.0,arts de la table,0.99,True
a-plateau rond akouda,arts de la table,30.0,1,1,299,65.4371237458194,1,0.6127049180327869,0.541544633623032,1.0,1.0,arts de la table,0.995,True
a-plateau résine,arts de la table,65.0,1,1,299,65.4371237458194,1,0.6127049180327869,0.0066800573453883695,1.0,1.0,arts de la table,1.0,True
a-plateau serti emaillage,arts de la table,70.0,1,1,299,65.4371237458194,1,0.6127049180327869,0.06972916783713214,1.0,1.0,arts de la table,1.0,True
a-plateau sidi bousaid,arts de la table,40.0,1,1,299,65.4371237458194,1,0.6127049180327869,0.3887261832579909,1.0,1.0,arts de la table,0.995,True
a-plateau tounsi,arts de la table,59.0,1,1,299,65.4371237458194,1,0.6127049180327869,0.09837112756441298,1.0,1.0,arts de la table,0.99,True
a-plateau turquoise,arts de la table,20.0,1,1,299,65.4371237458194,1,0.6127049180327869,0.694363083988073,1.0,1.0,arts de la table,0.975,True
a-plateau vili,arts de la table,90.0,1,1,299,65.4371237458194,1,0.6127049180327869,0.37536606856721416,1.0,1.0,arts de la table,1.0,True
a-plateaux africains,arts de la table,120.0,1,1,299,65.4371237458194,1,0.6127049180327869,0.8338214196623372,1.0,1.0,arts de la table,0.985,True
a-plateaux bois palmier,arts de la table,195.0,1,1,299,65.4371237458194,1,0.6127049180327869,1.9799597974001448,1.0,1.0,arts de la table,0.975,True
a-plateaux bois peints,arts de la table,70.0,1,1,299,65.4371237458194,1,0.6127049180327869,0.06972916783713214,1.0,1.0,arts de la table,0.995,True
a-plateaux cuivre,arts de la table,138.0,1,1,299,65.4371237458194,1,0.6127049180327869,1.1088946303194112,1.0,1.0,arts de la table,1.0,True
a-plateaux et bonbonnière,arts de la table,58.0,1,1,299,65.4371237458194,1,0.6127049180327869,0.11365297260091708,1.0,1.0,arts de la table,0.94,True
a-plateaux palmier,arts de la table,100.0,1,1,299,65.4371237458194,1,0.6127049180327869,0.5281845189322552,1.0,1.0,arts de la table,0.995,True
a-plateaux peints,arts de la table,45.0,1,1,299,65.4371237458194,1,0.6127049180327869,0.3123169580754704,1.0,1.0,arts de la table,0.995,True
a-plateaux sidi bousaid,arts de la table,80.0,1,1,299,65.4371237458194,1,0.6127049180327869,0.22254761820217317,1.0,1.0,arts de la table,0.98,True
a-plats main de fatma,arts de la table,115.0,1,1,299,65.4371237458194,1,0.6127049180327869,0.7574121944798168,1.0,1.0,arts de la table,0.805,True
a-pochette beige,habillement,70.0,1,1,351,134.41378917378916,1,0.7192622950819673,0.4792200940878603,1.0,1.0,habillement,0.845,True
a-pochette brodée,habillement,130.0,1,1,351,134.41378917378916,1,0.7192622950819673,0.032837323968637325,1.0,1.0,habillement,0.98,True
a-pochette chips,habillement,40.0,1,1,351,134.41378917378916,1,0.7192622950819673,0.7024114791474718,1.0,1.0,habillement,1.0,True
a-pochette crochet,habillement,45.0,1,1,351,134.41378917378916,1,0.7192622950819673,0.6652129149708699,1.0,1.0,habillement,0.995,True
a-pochette dorée,habillement,180.0,1,1,351,134.41378917378916,1,0.7192622950819673,0.33914831779738186,1.0,1.0,habillement,1.0,True
a-pochette echarpe,habillement,140.0,1,1,351,134.41378917378916,1,0.7192622950819673,0.04155980438456651,1.0,1.0,habillement,1.0,True
a-pochette oeillets,habillement,70.0,1,1,351,134.41378917378916,1,0.7192622950819673,0.4792200940878603,1.0,1.0,habillement,0.995,True
a-pochette oiseau,habillement,40.0,1,1,351,134.41378917378916,1,0.7192622950819673,0.7024114791474718,1.0,1.0,habillement,1.0,True
a-pochette peinte,habillement,109.0,1,1,351,134.41378917378916,1,0.7192622950819673,0.1890712935103654,1.0,1.0,habillement,0.955,True
a-pochette poisson,habillement,25.0,1,1,351,134.41378917378916,1,0.7192622950819673,0.8140071716772775,1.0,1.0,habillement,0.97,True
a-pochette raphia,habillement,60.0,1,1,351,134.41378917378916,1,0.7192622950819673,0.5536172224410641,1.0,1.0,habillement,1.0,True
a-pochette soie,habillement,50.0,1,1,351,134.41378917378916,1,0.7192622950819673,0.628014350794268,1.0,1.0,habillement,0.975,True
a-poncho,habillement,320.0,1,1,351,134.41378917378916,1,0.7192622950819673,1.3807081147422355,1.0,1.0,habillement,0.985,True
a-poncho brodé,habillement,110.0,1,1,351,134.41378917378916,1,0.7192622950819673,0.181631580675045,1.0,1.0,habillement,0.985,True
a-poncho turquoise,habillement,30.0,1,1,351,134.41378917378916,1,0.7192622950819673,0.7768086075006757,1.0,1.0,habillement,0.945,True
a-porcelaine celadon,arts de la table,80.0,1,1,299,65.4371237458194,1,0.6127049180327869,0.22254761820217317,1.0,1.0,arts de la table,0.955,True
a-porte clés en argent,bijoux,60.0,1,1,488,92.91122950819673,1,1.0,0.3542222972204987,1.0,1.0,bijoux,0.99,True
a-porte écouteur,bijoux,7.0,1,1,488,92.91122950819673,1,1.0,0.9246592585017755,1.0,1.0,bijoux,0.805,True
a-porte-clé,bijoux,120.0,1,1,488,92.91122950819673,1,1.0,0.2915553947960411,1.0,1.0,bijoux,0.99,True
a-porte-clé argent,bijoux,75.0,1,1,488,92.91122950819673,1,1.0,0.19277787421636375,1.0,1.0,bijoux,1.0,True
a-porte-clés berbère,bijoux,18.0,1,1,488,92.91122950819673,1,1.0,0.8062666816320766,1.0,1.0,bijoux,0.94,True
a-porte-serviette,arts de la table,25.0,1,1,299,65.4371237458194,1,0.6127049180327869,0.6179538588055524,1.0,1.0,arts de la table,0.99,True
a-porte-sushis,arts de la table,45.0,1,1,299,65.4371237458194,1,0.6127049180327869,0.3123169580754704,1.0,1.0,arts de la table,0.975,True
a-poterie assiette,arts de la table,50.0,1,1,299,65.4371237458194,1,0.6127049180327869,0.2359077328929499,1.0,1.0,arts de la table,0.995,True
a-poudre algue marine,cosmetiques et soins,4.9,1,1,193,24.965803108808288,1,0.39549180327868855,0.8037314969450069,1.0,1.0,cosmetiques et soins,0.955,True
a-poudre jujubier,cosmetiques et soins,8.0,1,1,193,24.965803108808288,1,0.39549180327868855,0.6795616530061017,1.0,1.0,cosmetiques et soins,0.95,True
a-poudre pépins figue,cosmetiques et soins,15.0,1,1,193,24.965803108808288,1,0.39549180327868855,0.39917813443438066,1.0,1.0,cosmetiques et soins,1.0,True
a-poêle sejnene,arts de la table,10.0,1,1,299,65.4371237458194,1,0.6127049180327869,0.8471815343531139,1.0,1.0,arts de la table,0.965,True
a-présentoir,arts de la table,170.0,1,1,299,65.4371237458194,1,0.6127049180327869,1.5979136714875424,1.0,1.0,arts de la table,0.98,True
a-présentoir gâteaux,arts de la table,90.0,1,1,299,65.4371237458194,1,0.6127049180327869,0.37536606856721416,1.0,1.0,arts de la table,0.97,True
a-pull brodé,habillement,72.0,1,1,351,134.41378917378916,1,0.7192622950819673,0.46434066841721955,1.0,1.0,habillement,1.0,True
a-pull tissé,habillement,120.0,1,1,351,134.41378917378916,1,0.7192622950819673,0.10723445232184116,1.0,1.0,habillement,1.0,True
a-ramequin sahélien,arts de la table,26.0,1,1,299,65.4371237458194,1,0.6127049180327869,0.6026720137690483,1.0,1.0,arts de la table,0.975,True
a-ras du cou,bijoux,60.0,1,1,488,92.91122950819673,1,1.0,0.3542222972204987,1.0,1.0,bijoux,0.99,True
a-red box,cosmetiques et soins,80.0,1,1,193,24.965803108808288,1,0.39549180327868855,2.2043831094458866,1.0,1.0,cosmetiques et soins,0.86,True
a-robe bicolore,habillement,120.0,1,1,351,134.41378917378916,1,0.7192622950819673,0.10723445232184116,1.0,1.0,habillement,1.0,True
a-robe bleu marine,habillement,215.0,1,1,351,134.41378917378916,1,0.7192622950819673,0.5995382670335953,1.0,1.0,habillement,0.94,True
a-robe bretelles,habillement,180.0,1,1,351,134.41378917378916,1,0.7192622950819673,0.33914831779738186,1.0,1.0,habillement,1.0,True
a-robe brodée,habillement,120.0,1,1,351,134.41378917378916,1,0.7192622950819673,0.10723445232184116,1.0,1.0,habillement,1.0,True
a-robe brodée or,habillement,414.48,1,1,351,134.41378917378916,1,0.7192622950819673,2.0836121834233055,1.0,1.0,habillement,0.97,True
a-robe burnous,habillement,414.48,1,1,351,134.41378917378916,1,0.7192622950819673,2.0836121834233055,1.0,1.0,habillement,1.0,True
a-robe chic,habillement,109.0,1,1,351,134.41378917378916,1,0.7192622950819673,0.1890712935103654,1.0,1.0,habillement,0.99,True
a-robe crochet,habillement,40.0,1,1,351,134.41378917378916,1,0.7192622950819673,0.7024114791474718,1.0,1.0,habillement,0.985,True
a-robe céramique,habillement,125.0,1,1,351,134.41378917378916,1,0.7192622950819673,0.07003588814523924,1.0,1.0,habillement,0.98,True
a-robe cérémonie,habillement,180.0,1,1,351,134.41378917378916,1,0.7192622950819673,0.33914831779738186,1.0,1.0,habillement,1.0,True
a-robe d'allaitement,habillement,138.0,1,1,351,134.41378917378916,1,0.7192622950819673,0.02668037871392574,1.0,1.0,habillement,0.985,True
a-robe estivale,habillement,128.0,1,1,351,134.41378917378916,1,0.7192622950819673,0.04771674963927809,1.0,1.0,habillement,0.965,True
a-robe et boléro,habillement,180.0,1,1,351,134.41378917378916,1,0.7192622950819673,0.33914831779738186,1.0,1.0,habillement,0.955,True
a-robe fillette,habillement,75.0,1,1,351,134.41378917378916,1,0.7192622950819673,0.4420215299112584,1.0,1.0,habillement,1.0,True
a-robe fleurie,habillement,130.0,1,1,351,134.41378917378916,1,0.7192622950819673,0.032837323968637325,1.0,1.0,habillement,1.0,True
a-robe fluide,habillement,180.0,1,1,351,134.41378917378916,1,0.7192622950819673,0.33914831779738186,1.0,1.0,habillement,1.0,True
a-robe hayek,habillement,190.0,1,1,351,134.41378917378916,1,0.7192622950819673,0.4135454461505857,1.0,1.0,habillement,1.0,True
a-robe kimono,habillement,100.0,1,1,351,134.41378917378916,1,0.7192622950819673,0.2560287090282488,1.0,1.0,habillement,1.0,True
a-robe licorne,habillement,85.0,1,1,351,134.41378917378916,1,0.7192622950819673,0.3676244015580546,1.0,1.0,habillement,1.0,True
a-robe lin,habillement,180.0,1,1,351,134.41378917378916,1,0.7192622950819673,0.33914831779738186,1.0,1.0,habillement,1.0,True
a-robe lin hayek,habillement,414.48,1,1,351,134.41378917378916,1,0.7192622950819673,2.0836121834233055,1.0,1.0,habillement,1.0,True
a-robe mini,habillement,135.0,1,1,351,134.41378917378916,1,0.7192622950819673,0.00436124020796459,1.0,1.0,habillement,0.895,True
a-robe moulante,habillement,119.0,1,1,351,134.41378917378916,1,0.7192622950819673,0.11467416515716154,1.0,1.0,habillement,1.0,True
a-robe moutarde,habillement,150.0,1,1,351,134.41378917378916,1,0.7192622950819673,0.11595693273777034,1.0,1.0,habillement,1.0,True
a-robe noire,habillement,75.0,1,1,351,134.41378917378916,1,0.7192622950819673,0.4420215299112584,1.0,1.0,habillement,0.99,True
a-robe noire brodée,habillement,85.0,1,1,351,134.41378917378916,1,0.7192622950819673,0.3676244015580546,1.0,1.0,habillement,0.98,True
a-robe pistache,habillement,95.0,1,1,351,134.41378917378916,1,0.7192622950819673,0.29322727320485076,1.0,1.0,habillement,1.0,True
a-robe plage,habillement,25.0,1,1,351,134.41378917378916,1,0.7192622950819673,0.8140071716772775,1.0,1.0,habillement,0.975,True
a-robe plastron,habillement,270.0,1,1,351,134.41378917378916,1,0.7192622950819673,1.0087224729762163,1.0,1.0,habillement,0.965,True
a-robe portrait,habillement,85.0,1,1,351,134.41378917378916,1,0.7192622950819673,0.3676244015580546,1.0,1.0,habillement,1.0,True
a-robe prince,habillement,100.0,1,1,351,134.41378917378916,1,0.7192622950819673,0.2560287090282488,1.0,1.0,habillement,1.0,True
a-robe rayée,habillement,230.0,1,1,351,134.41378917378916,1,0.7192622950819673,0.711133959563401,1.0,1.0,habillement,0.995,True
a-robe sans manche,habillement,80.0,1,1,351,134.41378917378916,1,0.7192622950819673,0.4048229657346565,1.0,1.0,habillement,1.0,True
a-robe shantoung,habillement,100.0,1,1,351,134.41378917378916,1,0.7192622950819673,0.2560287090282488,1.0,1.0,habillement,1.0,True
a-robe sport chic,habillement,85.0,1,1,351,134.41378917378916,1,0.7192622950819673,0.3676244015580546,1.0,1.0,habillement,0.995,True
a-robe t-shirt,habillement,75.0,1,1,351,134.41378917378916,1,0.7192622950819673,0.4420215299112584,1.0,1.0,habillement,1.0,True
a-robe taffetas,habillement,135.0,1,1,351,134.41378917378916,1,0.7192622950819673,0.00436124020796459,1.0,1.0,habillement,0.975,True
a-robe turquoise,habillement,414.48,1,1,351,134.41378917378916,1,0.7192622950819673,2.0836121834233055,1.0,1.0,habillement,0.985,True
a-robe-chemise coton,habillement,110.0,1,1,351,134.41378917378916,1,0.7192622950819673,0.181631580675045,1.0,1.0,habillement,1.0,True
a-robe-chemise lin,habillement,120.0,1,1,351,134.41378917378916,1,0.7192622950819673,0.10723445232184116,1.0,1.0,habillement,1.0,True
a-ronds de serviette,arts de la table,35.0,1,1,299,65.4371237458194,1,0.6127049180327869,0.46513540844051143,1.0,1.0,arts de la table,0.935,True
a-rouleau à pâtisserie,arts de la table,25.0,1,1,299,65.4371237458194,1,0.6127049180327869,0.6179538588055524,1.0,1.0,arts de la table,0.995,True
a-s hayfa en béton,arts de la table,50.0,1,1,299,65.4371237458194,1,0.6127049180327869,0.2359077328929499,1.0,1.0,arts de la table,0.965,True
"a-sac ""dot""",habillement,69.0,1,1,351,134.41378917378916,1,0.7192622950819673,0.4866598069231807,1.0,1.0,habillement,1.0,True
a-sac anneaux,habillement,220.0,1,1,351,134.41378917378916,1,0.7192622950819673,0.6367368312101972,1.0,1.0,habillement,0.965,True
a-sac bandoulière,habillement,40.0,1,1,351,134.41378917378916,1,0.7192622950819673,0.7024114791474718,1.0,1.0,habillement,0.98,True
a-sac bicolore,habillement,45.0,1,1,351,134.41378917378916,1,0.7192622950819673,0.6652129149708699,1.0,1.0,habillement,1.0,True
a-sac bijoux,bijoux,320.0,1,1,488,92.91122950819673,1,1.0,2.4441477015178403,1.0,1.0,bijoux,0.89,True
a-sac bois,habillement,130.0,1,1,351,134.41378917378916,1,0.7192622950819673,0.032837323968637325,1.0,1.0,habillement,0.895,True
a-sac brodé,habillement,110.0,1,1,351,134.41378917378916,1,0.7192622950819673,0.181631580675045,1.0,1.0,habillement,0.995,True
a-sac calligraphié,habillement,80.0,1,1,351,134.41378917378916,1,0.7192622950819673,0.4048229657346565,1.0,1.0,habillement,0.96,True
a-sac coeur,habillement,414.48,1,1,351,134.41378917378916,1,0.7192622950819673,2.0836121834233055,1.0,1.0,habillement,0.945,True
a-sac coloré,habillement,150.0,1,1,351,134.41378917378916,1,0.7192622950819673,0.11595693273777034,1.0,1.0,habillement,0.995,True
a-sac coquelicot,habillement,380.0,1,1,351,134.41378917378916,1,0.7192622950819673,1.8270908848614587,1.0,1.0,habillement,0.97,True
a-sac couffin,habillement,65.0,1,1,351,134.41378917378916,1,0.7192622950819673,0.5164186582644622,1.0,1.0,habillement,1.0,True
a-sac couffin brodé,habillement,70.0,1,1,351,134.41378917378916,1,0.7192622950819673,0.4792200940878603,1.0,1.0,habillement,0.99,True
a-sac couffin jean's,habillement,90.0,1,1,351,134.41378917378916,1,0.7192622950819673,0.33042583738145265,1.0,1.0,habillement,0.99,True
a-sac de danse,habillement,50.0,1,1,351,134.41378917378916,1,0.7192622950819673,0.628014350794268,1.0,1.0,habillement,0.89,True
a-sac de plage,habillement,35.0,1,1,351,134.41378917378916,1,0.7192622950819673,0.7396100433240738,1.0,1.0,habillement,0.92,True
a-sac dentelle,habillement,35.0,1,1,351,134.41378917378916,1,0.7192622950819673,0.7396100433240738,1.0,1.0,habillement,0.985,True
a-sac ethno,habillement,220.0,1,1,351,134.41378917378916,1,0.7192622950819673,0.6367368312101972,1.0,1.0,habillement,0.995,True
a-sac ethno rouge,habillement,220.0,1,1,351,134.41378917378916,1,0.7192622950819673,0.6367368312101972,1.0,1.0,habillement,0.955,True
a-sac fashionista,habillement,140.0,1,1,351,134.41378917378916,1,0.7192622950819673,0.04155980438456651,1.0,1.0,habillement,0.99,True
a-sac fleuri,habillement,100.0,1,1,351,134.41378917378916,1,0.7192622950819673,0.2560287090282488,1.0,1.0,habillement,0.99,True
a-sac fleurs brodées,habillement,35.0,1,1,351,134.41378917378916,1,0.7192622950819673,0.7396100433240738,1.0,1.0,habillement,0.995,True
a-sac fourre-tout,habillement,45.0,1,1,351,134.41378917378916,1,0.7192622950819673,0.6652129149708699,1.0,1.0,habillement,1.0,True
a-sac frida,habillement,95.0,1,1,351,134.41378917378916,1,0.7192622950819673,0.29322727320485076,1.0,1.0,habillement,1.0,True
a-sac jelliz,habillement,49.0,1,1,351,134.41378917378916,1,0.7192622950819673,0.6354540636295883,1.0,1.0,habillement,1.0,True
a-sac klim,habillement,75.0,1,1,351,134.41378917378916,1,0.7192622950819673,0.4420215299112584,1.0,1.0,habillement,1.0,True
a-sac lily,habillement,155.0,1,1,351,134.41378917378916,1,0.7192622950819673,0.15315549691437225,1.0,1.0,habillement,1.0,True
a-sac macramé,habillement,45.0,1,1,351,134.41378917378916,1,0.7192622950819673,0.6652129149708699,1.0,1.0,habillement,1.0,True
a-sac margoum,habillement,120.0,1,1,351,134.41378917378916,1,0.7192622950819673,0.10723445232184116,1.0,1.0,habillement,1.0,True
a-sac marin,habillement,70.0,1,1,351,134.41378917378916,1,0.7192622950819673,0.4792200940878603,1.0,1.0,habillement,1.0,True
a-sac nattes,habillement,180.0,1,1,351,134.41378917378916,1,0.7192622950819673,0.33914831779738186,1.0,1.0,habillement,1.0,True
a-sac oiseau,bijoux,414.48,1,1,488,92.91122950819673,1,1.0,3.4610323072132188,1.0,1.0,bijoux,0.86,True
a-sac paon,habillement,180.0,1,1,351,134.41378917378916,1,0.7192622950819673,0.33914831779738186,1.0,1.0,habillement,1.0,True
a-sac pastèque,habillement,30.0,1,1,351,134.41378917378916,1,0.7192622950819673,0.7768086075006757,1.0,1.0,habillement,0.97,True
a-sac poisson,habillement,35.0,1,1,351,134.41378917378916,1,0.7192622950819673,0.7396100433240738,1.0,1.0,habillement,0.995,True
a-sac rond,habillement,45.0,1,1,351,134.41378917378916,1,0.7192622950819673,0.6652129149708699,1.0,1.0,habillement,1.0,True
a-sac rond brodé,habillement,40.0,1,1,351,134.41378917378916,1,0.7192622950819673,0.7024114791474718,1.0,1.0,habillement,0.99,True
a-sac rond crochet,habillement,110.0,1,1,351,134.41378917378916,1,0.7192622950819673,0.181631580675045,1.0,1.0,habillement,0.985,True
a-sac rond nattes,habillement,30.0,1,1,351,134.41378917378916,1,0.7192622950819673,0.7768086075006757,1.0,1.0,habillement,0.98,True
a-sac tiger,habillement,150.0,1,1,351,134.41378917378916,1,0.7192622950819673,0.11595693273777034,1.0,1.0,habillement,1.0,True
a-sac tissé,habillement,70.0,1,1,351,134.41378917378916,1,0.7192622950819673,0.4792200940878603,1.0,1.0,habillement,1.0,True
a-sac toile de jute,habillement,50.0,1,1,351,134.41378917378916,1,0.7192622950819673,0.628014350794268,1.0,1.0,habillement,0.94,True
a-sac tortue,habillement,110.0,1,1,351,134.41378917378916,1,0.7192622950819673,0.181631580675045,1.0,1.0,habillement,0.995,True
a-sac triangle,habillement,300.0,1,1,351,134.41378917378916,1,0.7192622950819673,1.2319138580358278,1.0,1.0,habillement,0.985,True
a-sac tricot,habillement,45.0,1,1,351,134.41378917378916,1,0.7192622950819673,0.6652129149708699,1.0,1.0,habillement,1.0,True
a-sac tricot bois,habillement,35.0,1,1,351,134.41378917378916,1,0.7192622950819673,0.7396100433240738,1.0,1.0,habillement,0.98,True
a-sac upcycled,habillement,100.0,1,1,351,134.41378917378916,1,0.7192622950819673,0.2560287090282488,1.0,1.0,habillement,1.0,True
a-sac vintage,habillement,94.9,1,1,351,134.41378917378916,1,0.7192622950819673,0.29397124448838274,1.0,1.0,habillement,1.0,True
a-sac à dos,habillement,292.0,1,1,351,134.41378917378916,1,0.7192622950819673,1.1723961553532647,1.0,1.0,habillement,1.0,True
a-sac à main,habillement,120.0,1,1,351,134.41378917378916,1,0.7192622950819673,0.10723445232184116,1.0,1.0,habillement,1.0,True
a-sac à message,habillement,45.0,1,1,351,134.41378917378916,1,0.7192622950819673,0.6652129149708699,1.0,1.0,habillement,1.0,True
a-sac à pain,habillement,15.0,1,1,351,134.41378917378916,1,0.7192622950819673,0.8884043000304814,1.0,1.0,habillement,0.93,True
a-sac écolo,habillement,30.0,1,1,351,134.41378917378916,1,0.7192622950819673,0.7768086075006757,1.0,1.0,habillement,0.97,True
a-sac éponge,habillement,50.0,1,1,351,134.41378917378916,1,0.7192622950819673,0.628014350794268,1.0,1.0,habillement,1.0,True
a-saladier,arts de la table,65.0,1,1,299,65.4371237458194,1,0.6127049180327869,0.0066800573453883695,1.0,1.0,arts de la table,0.985,True
a-saladier amamou,arts de la table,7.0,1,1,299,65.4371237458194,1,0.6127049180327869,0.8930270694626263,1.0,1.0,arts de la table,0.955,True
a-saladier b. olivier,arts de la table,87.0,1,1,299,65.4371237458194,1,0.6127049180327869,0.3295205334577019,1.0,1.0,arts de la table,0.895,True
a-saladier bois,arts de la table,45.0,1,1,299,65.4371237458194,1,0.6127049180327869,0.3123169580754704,1.0,1.0,arts de la table,1.0,True
a-saladier bois d'olivier,arts de la table,90.0,1,1,299,65.4371237458194,1,0.6127049180327869,0.37536606856721416,1.0,1.0,arts de la table,0.995,True
a-saladier chromé,arts de la table,80.0,1,1,299,65.4371237458194,1,0.6127049180327869,0.22254761820217317,1.0,1.0,arts de la table,0.99,True
a-saladier sidi bouzid,arts de la table,50.0,1,1,299,65.4371237458194,1,0.6127049180327869,0.2359077328929499,1.0,1.0,arts de la table,0.98,True
a-sandales,habillement,60.0,1,1,351,134.41378917378916,1,0.7192622950819673,0.5536172224410641,1.0,1.0,habillement,1.0,True
a-sandales cuir,habillement,85.0,1,1,351,134.41378917378916,1,0.7192622950819673,0.3676244015580546,1.0,1.0,habillement,1.0,True
a-sandales macramé,habillement,80.0,1,1,351,134.41378917378916,1,0.7192622950819673,0.4048229657346565,1.0,1.0,habillement,0.99,True
a-sandales plates,habillement,75.0,1,1,351,134.41378917378916,1,0.7192622950819673,0.4420215299112584,1.0,1.0,habillement,1.0,True
a-sandales rouges,habillement,95.0,1,1,351,134.41378917378916,1,0.7192622950819673,0.29322727320485076,1.0,1.0,habillement,1.0,True
a-sautoir,bijoux,35.0,1,1,488,92.91122950819673,1,1.0,0.6232963355607236,1.0,1.0,bijoux,0.98,True
a-sautoir anneaux,bijoux,20.0,1,1,488,92.91122950819673,1,1.0,0.7847407585648586,1.0,1.0,bijoux,0.975,True
a-sautoir argent trempé or,bijoux,125.0,1,1,488,92.91122950819673,1,1.0,0.34537020246408606,1.0,1.0,bijoux,0.995,True
a-sautoir chic,bijoux,75.0,1,1,488,92.91122950819673,1,1.0,0.19277787421636375,1.0,1.0,bijoux,0.995,True
a-savon aloe vera,cosmetiques et soins,15.0,1,1,193,24.965803108808288,1,0.39549180327868855,0.39917813443438066,1.0,1.0,cosmetiques et soins,1.0,True
a-savon argan jasmin,cosmetiques et soins,9.0,1,1,193,24.965803108808288,1,0.39549180327868855,0.639506864638713,1.0,1.0,cosmetiques et soins,0.985,True
a-savon argile,cosmetiques et soins,7.0,1,1,193,24.965803108808288,1,0.39549180327868855,0.7196164413734905,1.0,1.0,cosmetiques et soins,1.0,True
a-savon argile miel,cosmetiques et soins,7.5,1,1,193,24.965803108808288,1,0.39549180327868855,0.6995890471897961,1.0,1.0,cosmetiques et soins,0.985,True
a-savon argile rouge,cosmetiques et soins,5.5,1,1,193,24.965803108808288,1,0.39549180327868855,0.7796986239245736,1.0,1.0,cosmetiques et soins,0.955,True
a-savon bio,cosmetiques et soins,10.0,1,1,193,24.965803108808288,1,0.39549180327868855,0.5994520762713242,1.0,1.0,cosmetiques et soins,1.0,True
a-savon bio nopal figue barbarie,cosmetiques et soins,8.0,1,1,193,24.965803108808288,1,0.39549180327868855,0.6795616530061017,1.0,1.0,cosmetiques et soins,0.995,True
a-savon bébé,cosmetiques et soins,7.5,1,1,193,24.965803108808288,1,0.39549180327868855,0.6995890471897961,1.0,1.0,cosmetiques et soins,0.99,True
a-savon cannelle,cosmetiques et soins,10.0,1,1,193,24.965803108808288,1,0.39549180327868855,0.5994520762713242,1.0,1.0,cosmetiques et soins,1.0,True
a-savon carotte exfoliant,cosmetiques et soins,15.0,1,1,193,24.965803108808288,1,0.39549180327868855,0.39917813443438066,1.0,1.0,cosmetiques et soins,1.0,True
a-savon caviar royal,cosmetiques et soins,35.0,1,1,193,24.965803108808288,1,0.39549180327868855,0.40191763291339394,1.0,1.0,cosmetiques et soins,0.9,True
a-savon citron,cosmetiques et soins,7.0,1,1,193,24.965803108808288,1,0.39549180327868855,0.7196164413734905,1.0,1.0,cosmetiques et soins,1.0,True
a-savon figue de barbarie,cosmetiques et soins,12.0,1,1,193,24.965803108808288,1,0.39549180327868855,0.5193424995365469,1.0,1.0,cosmetiques et soins,1.0,True
a-savon gommage,cosmetiques et soins,8.5,1,1,193,24.965803108808288,1,0.39549180327868855,0.6595342588224073,1.0,1.0,cosmetiques et soins,0.995,True
a-savon gâteau,cosmetiques et soins,4.0,1,1,193,24.965803108808288,1,0.39549180327868855,0.8397808064756567,1.0,1.0,cosmetiques et soins,0.99,True
a-savon géranium/huile olive,cosmetiques et soins,13.0,1,1,193,24.965803108808288,1,0.39549180327868855,0.4792877111691581,1.0,1.0,cosmetiques et soins,0.96,True
a-savon huile olive,cosmetiques et soins,9.0,1,1,193,24.965803108808288,1,0.39549180327868855,0.639506864638713,1.0,1.0,cosmetiques et soins,0.94,True
a-savon lait chamelle,cosmetiques et soins,12.0,1,1,193,24.965803108808288,1,0.39549180327868855,0.5193424995365469,1.0,1.0,cosmetiques et soins,1.0,True
a-savon marc de café,cosmetiques et soins,20.0,1,1,193,24.965803108808288,1,0.39549180327868855,0.198904192597437,1.0,1.0,cosmetiques et soins,0.955,True
a-savon miel,cosmetiques et soins,5.0,1,1,193,24.965803108808288,1,0.39549180327868855,0.7997260181082679,1.0,1.0,cosmetiques et soins,0.995,True
a-savon noir pépins,cosmetiques et soins,15.0,1,1,193,24.965803108808288,1,0.39549180327868855,0.39917813443438066,1.0,1.0,cosmetiques et soins,0.995,True
a-savon orange curcuma,cosmetiques et soins,11.0,1,1,193,24.965803108808288,1,0.39549180327868855,0.5593972879039356,1.0,1.0,cosmetiques et soins,0.98,True
a-savon pépins,cosmetiques et soins,5.0,1,1,193,24.965803108808288,1,0.39549180327868855,0.7997260181082679,1.0,1.0,cosmetiques et soins,1.0,True
a-savon romarin,cosmetiques et soins,7.0,1,1,193,24.965803108808288,1,0.39549180327868855,0.7196164413734905,1.0,1.0,cosmetiques et soins,1.0,True
a-savon spiruline,cosmetiques et soins,20.0,1,1,193,24.965803108808288,1,0.39549180327868855,0.198904192597437,1.0,1.0,cosmetiques et soins,1.0,True
a-savon surgras,cosmetiques et soins,18.0,1,1,193,24.965803108808288,1,0.39549180327868855,0.27901376933221445,1.0,1.0,cosmetiques et soins,1.0,True
a-savon tbf figue barbarie,cosmetiques et soins,5.0,1,1,193,24.965803108808288,1,0.39549180327868855,0.7997260181082679,1.0,1.0,cosmetiques et soins,1.0,True
a-savon thala,cosmetiques et soins,8.0,1,1,193,24.965803108808288,1,0.39549180327868855,0.6795616530061017,1.0,1.0,cosmetiques et soins,0.99,True
a-savons naturels,cosmetiques et soins,7.5,1,1,193,24.965803108808288,1,0.39549180327868855,0.6995890471897961,1.0,1.0,cosmetiques et soins,0.975,True
a-savons naturels arb3ine,cosmetiques et soins,2.8,1,1,193,24.965803108808288,1,0.39549180327868855,0.8878465525165231,1.0,1.0,cosmetiques et soins,0.93,True
a-savons nesri,cosmetiques et soins,2.0,1,1,193,24.965803108808288,1,0.39549180327868855,0.9198903832104341,1.0,1.0,cosmetiques et soins,0.825,True
a-savons nounours,cosmetiques et soins,5.0,1,1,193,24.965803108808288,1,0.39549180327868855,0.7997260181082679,1.0,1.0,cosmetiques et soins,0.95,True
a-savons surgras,cosmetiques et soins,15.0,1,1,193,24.965803108808288,1,0.39549180327868855,0.39917813443438066,1.0,1.0,cosmetiques et soins,1.0,True
a-scrub,cosmetiques et soins,3.0,1,1,193,24.965803108808288,1,0.39549180327868855,0.8798355948430454,1.0,1.0,cosmetiques et soins,0.95,True
a-seau,arts de la table,150.0,1,1,299,65.4371237458194,1,0.6127049180327869,1.2922767707574603,1.0,1.0,arts de la table,0.985,True
a-seau cuivre martelé,arts de la table,45.0,1,1,299,65.4371237458194,1,0.6127049180327869,0.3123169580754704,1.0,1.0,arts de la table,1.0,True
a-sefseri contemporain,habillement,200.0,1,1,351,134.41378917378916,1,0.7192622950819673,0.48794257450378953,1.0,1.0,habillement,1.0,True
a-sefseri gris,habillement,300.0,1,1,351,134.41378917378916,1,0.7192622950819673,1.2319138580358278,1.0,1.0,habillement,0.995,True
a-sefseri kimono,habillement,400.0,1,1,351,134.41378917378916,1,0.7192622950819673,1.9758851415678662,1.0,1.0,habillement,1.0,True
a-serum,cosmetiques et soins,35.0,1,1,193,24.965803108808288,1,0.39549180327868855,0.40191763291339394,1.0,1.0,cosmetiques et soins,0.905,True
a-serum anti-âge,cosmetiques et soins,60.0,1,1,193,24.965803108808288,1,0.39549180327868855,1.4032873420981122,1.0,1.0,cosmetiques et soins,0.94,True
a-serum cheveux réparateur,cosmetiques et soins,16.5,1,1,193,24.965803108808288,1,0.39549180327868855,0.33909595188329755,1.0,1.0,cosmetiques et soins,1.0,True
a-serum nails care,cosmetiques et soins,12.0,1,1,193,24.965803108808288,1,0.39549180327868855,0.5193424995365469,1.0,1.0,cosmetiques et soins,0.99,True
a-serveur complet,arts de la table,170.0,1,1,299,65.4371237458194,1,0.6127049180327869,1.5979136714875424,1.0,1.0,arts de la table,0.98,True
a-service asymétrie,arts de la table,280.0,1,1,299,65.4371237458194,1,0.6127049180327869,3.2789166255029936,1.0,1.0,arts de la table,0.965,True
a-service bleu foncé,arts de la table,120.0,1,1,299,65.4371237458194,1,0.6127049180327869,0.8338214196623372,1.0,1.0,arts de la table,0.95,True
a-service céramique,arts de la table,180.0,1,1,299,65.4371237458194,1,0.6127049180327869,1.7507321218525833,1.0,1.0,arts de la table,0.96,True
a-service de table,arts de la table,255.0,1,1,299,65.4371237458194,1,0.6127049180327869,2.896870499590391,1.0,1.0,arts de la table,0.99,True
a-service de table fleuri,arts de la table,85.0,1,1,299,65.4371237458194,1,0.6127049180327869,0.2989568433846937,1.0,1.0,arts de la table,0.99,True
a-service de table zen,arts de la table,99.0,1,1,299,65.4371237458194,1,0.6127049180327869,0.5129026738957511,1.0,1.0,arts de la table,0.985,True
a-service jaune,arts de la table,160.0,1,1,299,65.4371237458194,1,0.6127049180327869,1.4450952211225012,1.0,1.0,arts de la table,0.98,True
a-service poisson,arts de la table,78.0,1,1,299,65.4371237458194,1,0.6127049180327869,0.19198392812916495,1.0,1.0,arts de la table,0.955,True
a-service turquoise,arts de la table,120.0,1,1,299,65.4371237458194,1,0.6127049180327869,0.8338214196623372,1.0,1.0,arts de la table,0.915,True
a-service à café verre/cuivre,arts de la table,159.0,1,1,299,65.4371237458194,1,0.6127049180327869,1.4298133760859972,1.0,1.0,arts de la table,1.0,True
a-service à eau,arts de la table,290.0,1,1,299,65.4371237458194,1,0.6127049180327869,3.4317350758680347,1.0,1.0,arts de la table,0.98,True
a-service à thé,arts de la table,365.0,1,1,299,65.4371237458194,1,0.6127049180327869,4.577873453605842,1.0,1.0,arts de la table,0.85,True
a-service à thé céramique raku,arts de la table,180.0,1,1,299,65.4371237458194,1,0.6127049180327869,1.7507321218525833,1.0,1.0,arts de la table,0.95,True
a-service à thé sousse,arts de la table,52.0,1,1,299,65.4371237458194,1,0.6127049180327869,0.2053440428199417,1.0,1.0,arts de la table,0.875,True
a-service à thé weart,arts de la table,230.0,1,1,299,65.4371237458194,1,0.6127049180327869,2.5148243736777887,1.0,1.0,arts de la table,0.845,True
a-service étoile,arts de la table,60.0,1,1,299,65.4371237458194,1,0.6127049180327869,0.08308928252790888,1.0,1.0,arts de la table,0.95,True
a-serviettes brodées,arts de la table,35.0,1,1,299,65.4371237458194,1,0.6127049180327869,0.46513540844051143,1.0,1.0,arts de la table,0.985,True
a-serviettes brodées ras jbel,arts de la table,15.0,1,1,299,65.4371237458194,1,0.6127049180327869,0.7707723091705935,1.0,1.0,arts de la table,1.0,True
a-serviettes en lin,arts de la table,1.5,1,1,299,65.4371237458194,1,0.6127049180327869,0.9770772171633989,1.0,1.0,arts de la table,0.83,True
a-serviettes et fonds de plateaux,arts de la table,50.0,1,1,299,65.4371237458194,1,0.6127049180327869,0.2359077328929499,1.0,1.0,arts de la table,0.935,True
a-serviettes lin,arts de la table,11.0,1,1,299,65.4371237458194,1,0.6127049180327869,0.8318996893166098,1.0,1.0,arts de la table,0.96,True
a-serviettes à thé,arts de la table,60.0,1,1,299,65.4371237458194,1,0.6127049180327869,0.08308928252790888,1.0,1.0,arts de la table,0.915,True
a-set apéro,arts de la table,80.0,1,1,299,65.4371237458194,1,0.6127049180327869,0.22254761820217317,1.0,1.0,arts de la table,0.97,True
a-set cerise,arts de la table,15.0,1,1,299,65.4371237458194,1,0.6127049180327869,0.7707723091705935,1.0,1.0,arts de la table,0.98,True
a-set coquelicot,arts de la table,120.0,1,1,299,65.4371237458194,1,0.6127049180327869,0.8338214196623372,1.0,1.0,arts de la table,0.96,True
a-set de table,arts de la table,8.0,1,1,299,65.4371237458194,1,0.6127049180327869,0.8777452244261222,1.0,1.0,arts de la table,0.955,True
a-set de table brodé,arts de la table,20.0,1,1,299,65.4371237458194,1,0.6127049180327869,0.694363083988073,1.0,1.0,arts de la table,0.965,True
a-set de table brodé elagba,arts de la table,40.0,1,1,299,65.4371237458194,1,0.6127049180327869,0.3887261832579909,1.0,1.0,arts de la table,0.97,True
a-set de table dentelle,arts de la table,60.0,1,1,299,65.4371237458194,1,0.6127049180327869,0.08308928252790888,1.0,1.0,arts de la table,0.96,True
a-set de thé brodé,arts de la table,140.0,1,1,299,65.4371237458194,1,0.6127049180327869,1.1394583203924193,1.0,1.0,arts de la table,0.96,True
a-set et chemin de table,arts de la table,50.0,1,1,299,65.4371237458194,1,0.6127049180327869,0.2359077328929499,1.0,1.0,arts de la table,0.98,True
a-set festonné 6 tasses,arts de la table,75.0,1,1,299,65.4371237458194,1,0.6127049180327869,0.14613839301965265,1.0,1.0,arts de la table,0.96,True
a-set fiançailles,arts de la table,90.0,1,1,299,65.4371237458194,1,0.6127049180327869,0.37536606856721416,1.0,1.0,arts de la table,0.99,True
a-set jonc,arts de la table,14.0,1,1,299,65.4371237458194,1,0.6127049180327869,0.7860541542070976,1.0,1.0,arts de la table,0.97,True
a-set table brodé,arts de la table,8.0,1,1,299,65.4371237458194,1,0.6127049180327869,0.8777452244261222,1.0,1.0,arts de la table,0.93,True
a-set table lin,arts de la table,24.0,1,1,299,65.4371237458194,1,0.6127049180327869,0.6332357038420565,1.0,1.0,arts de la table,0.97,True
a-set toile de jute,arts de la table,8.0,1,1,299,65.4371237458194,1,0.6127049180327869,0.8777452244261222,1.0,1.0,arts de la table,0.935,True
a-set à thé,arts de la table,95.0,1,1,299,65.4371237458194,1,0.6127049180327869,0.4517752937497347,1.0,1.0,arts de la table,0.925,True
a-sets de table jonc,arts de la table,45.0,1,1,299,65.4371237458194,1,0.6127049180327869,0.3123169580754704,1.0,1.0,arts de la table,1.0,True
a-shampoing,cosmetiques et soins,35.0,1,1,193,24.965803108808288,1,0.39549180327868855,0.40191763291339394,1.0,1.0,cosmetiques et soins,0.925,True
a-shampoing ghassoul,cosmetiques et soins,22.0,1,1,193,24.965803108808288,1,0.39549180327868855,0.11879461586265955,1.0,1.0,cosmetiques et soins,0.96,True
a-shampoing huile romarin,cosmetiques et soins,7.0,1,1,193,24.965803108808288,1,0.39549180327868855,0.7196164413734905,1.0,1.0,cosmetiques et soins,1.0,True
a-shampoing solide,cosmetiques et soins,24.0,1,1,193,24.965803108808288,1,0.39549180327868855,0.038685039127882084,1.0,1.0,cosmetiques et soins,0.94,True
a-shirt dress,habillement,414.48,1,1,351,134.41378917378916,1,0.7192622950819673,2.0836121834233055,1.0,1.0,habillement,1.0,True
a-soin anti-rides,cosmetiques et soins,100.0,1,1,193,24.965803108808288,1,0.39549180327868855,3.0054788767936613,1.0,1.0,cosmetiques et soins,0.96,True
a-soin complet cheveux,cosmetiques et soins,68.0,1,1,193,24.965803108808288,1,0.39549180327868855,1.723725649037222,1.0,1.0,cosmetiques et soins,0.95,True
a-soin elixir jeunesse,cosmetiques et soins,52.0,1,1,193,24.965803108808288,1,0.39549180327868855,1.0828490351590023,1.0,1.0,cosmetiques et soins,0.88,True
a-soin lifting,cosmetiques et soins,80.0,1,1,193,24.965803108808288,1,0.39549180327868855,2.2043831094458866,1.0,1.0,cosmetiques et soins,0.985,True
a-soins aloe vera chevaux,cosmetiques et soins,25.0,1,1,193,24.965803108808288,1,0.39549180327868855,0.0013697492395066478,1.0,1.0,cosmetiques et soins,0.98,True
a-soins caviar royal,cosmetiques et soins,120.0,1,1,193,24.965803108808288,1,0.39549180327868855,3.806574644141436,1.0,1.0,cosmetiques et soins,0.945,True
a-soins pied,cosmetiques et soins,18.3,1,1,193,24.965803108808288,1,0.39549180327868855,0.26699733282199783,1.0,1.0,cosmetiques et soins,0.995,True
a-sortie de bain,habillement,40.0,1,1,351,134.41378917378916,1,0.7192622950819673,0.7024114791474718,1.0,1.0,habillement,0.94,True
a-soupière,arts de la table,150.0,1,1,299,65.4371237458194,1,0.6127049180327869,1.2922767707574603,1.0,1.0,arts de la table,0.985,True
a-soupière et bols,arts de la table,25.0,1,1,299,65.4371237458194,1,0.6127049180327869,0.6179538588055524,1.0,1.0,arts de la table,0.99,True
a-sous plat mosaique,arts de la table,15.0,1,1,299,65.4371237458194,1,0.6127049180327869,0.7707723091705935,1.0,1.0,arts de la table,1.0,True
a-sous tasse pompon,arts de la table,30.0,1,1,299,65.4371237458194,1,0.6127049180327869,0.541544633623032,1.0,1.0,arts de la table,0.98,True
a-sous tasses peintes sous verre,arts de la table,8.0,1,1,299,65.4371237458194,1,0.6127049180327869,0.8777452244261222,1.0,1.0,arts de la table,0.985,True
a-sous-plat,arts de la table,13.0,1,1,299,65.4371237458194,1,0.6127049180327869,0.8013359992436017,1.0,1.0,arts de la table,0.995,True
a-sous-plat carreaux,arts de la table,30.0,1,1,299,65.4371237458194,1,0.6127049180327869,0.541544633623032,1.0,1.0,arts de la table,0.99,True
a-sous-plat coloré,arts de la table,30.0,1,1,299,65.4371237458194,1,0.6127049180327869,0.541544633623032,1.0,1.0,arts de la table,0.99,True
a-sous-plat halfa,arts de la table,4.5,1,1,299,65.4371237458194,1,0.6127049180327869,0.9312316820538865,1.0,1.0,arts de la table,0.98,True
a-sous-tasse,arts de la table,3.0,1,1,299,65.4371237458194,1,0.6127049180327869,0.9541544496086427,1.0,1.0,arts de la table,0.995,True
a-sous-tasse bois,arts de la table,35.0,1,1,299,65.4371237458194,1,0.6127049180327869,0.46513540844051143,1.0,1.0,arts de la table,0.98,True
a-sous-tasse crochet,arts de la table,8.0,1,1,299,65.4371237458194,1,0.6127049180327869,0.8777452244261222,1.0,1.0,arts de la table,0.99,True
a-sous-tasse faïence,arts de la table,20.0,1,1,299,65.4371237458194,1,0.6127049180327869,0.694363083988073,1.0,1.0,arts de la table,0.99,True
a-sous-tasse poisson peinte sous verre,arts de la table,8.0,1,1,299,65.4371237458194,1,0.6127049180327869,0.8777452244261222,1.0,1.0,arts de la table,0.995,True
a-sous-tasse puzzle,arts de la table,25.0,1,1,299,65.4371237458194,1,0.6127049180327869,0.6179538588055524,1.0,1.0,arts de la table,1.0,True
a-sous-tasse résine,arts de la table,12.0,1,1,299,65.4371237458194,1,0.6127049180327869,0.8166178442801058,1.0,1.0,arts de la table,0.995,True
a-sous-tasse écolo,arts de la table,36.0,1,1,299,65.4371237458194,1,0.6127049180327869,0.44985356340400734,1.0,1.0,arts de la table,0.985,True
a-sous-tasses branches,arts de la table,25.0,1,1,299,65.4371237458194,1,0.6127049180327869,0.6179538588055524,1.0,1.0,arts de la table,1.0,True
a-sous-tasses cuir,arts de la table,88.0,1,1,299,65.4371237458194,1,0.6127049180327869,0.344802378494206,1.0,1.0,arts de la table,0.87,True
a-sous-tasses macramé,arts de la table,12.0,1,1,299,65.4371237458194,1,0.6127049180327869,0.8166178442801058,1.0,1.0,arts de la table,1.0,True
a-sous-tasses peintes,arts de la table,6.0,1,1,299,65.4371237458194,1,0.6127049180327869,0.9083089144991304,1.0,1.0,arts de la table,0.995,True
a-sous-verre,arts de la table,14.0,1,1,299,65.4371237458194,1,0.6127049180327869,0.7860541542070976,1.0,1.0,arts de la table,1.0,True
a-sous-verre cuir,arts de la table,25.0,1,1,299,65.4371237458194,1,0.6127049180327869,0.6179538588055524,1.0,1.0,arts de la table,0.99,True
a-spatule,arts de la table,6.0,1,1,299,65.4371237458194,1,0.6127049180327869,0.9083089144991304,1.0,1.0,arts de la table,0.885,True
a-spray désinfectant,cosmetiques et soins,15.0,1,1,193,24.965803108808288,1,0.39549180327868855,0.39917813443438066,1.0,1.0,cosmetiques et soins,1.0,True
a-spray nesri églantier,cosmetiques et soins,15.0,1,1,193,24.965803108808288,1,0.39549180327868855,0.39917813443438066,1.0,1.0,cosmetiques et soins,1.0,True
a-spray sportif,cosmetiques et soins,10.0,1,1,193,24.965803108808288,1,0.39549180327868855,0.5994520762713242,1.0,1.0,cosmetiques et soins,1.0,True
a-street kimono,habillement,150.0,1,1,351,134.41378917378916,1,0.7192622950819673,0.11595693273777034,1.0,1.0,habillement,1.0,True
a-sucrière cuivre,arts de la table,25.0,1,1,299,65.4371237458194,1,0.6127049180327869,0.6179538588055524,1.0,1.0,arts de la table,0.98,True
a-summer water & body mist,cosmetiques et soins,35.0,1,1,193,24.965803108808288,1,0.39549180327868855,0.40191763291339394,1.0,1.0,cosmetiques et soins,0.915,True
a-support bouteille,arts de la table,45.0,1,1,299,65.4371237458194,1,0.6127049180327869,0.3123169580754704,1.0,1.0,arts de la table,1.0,True
a-sweat chechia,habillement,42.0,1,1,351,134.41378917378916,1,0.7192622950819673,0.6875320534768311,1.0,1.0,habillement,0.975,True
a-sweat stylé,habillement,62.0,1,1,351,134.41378917378916,1,0.7192622950819673,0.5387377967704234,1.0,1.0,habillement,1.0,True
a-sweatshirt gris,habillement,102.0,1,1,351,134.41378917378916,1,0.7192622950819673,0.24114928335760807,1.0,1.0,habillement,0.995,True
a-sweatshirt noir,habillement,102.0,1,1,351,134.41378917378916,1,0.7192622950819673,0.24114928335760807,1.0,1.0,habillement,1.0,True
a-série 3 plateaux,arts de la table,100.0,1,1,299,65.4371237458194,1,0.6127049180327869,0.5281845189322552,1.0,1.0,arts de la table,0.995,True
a-série de bols,arts de la table,55.0,1,1,299,65.4371237458194,1,0.6127049180327869,0.1594985077104294,1.0,1.0,arts de la table,0.935,True
a-t-shirt,habillement,55.0,1,1,351,134.41378917378916,1,0.7192622950819673,0.5908157866176661,1.0,1.0,habillement,0.985,True
a-t-shirt amoureux,habillement,32.0,1,1,351,134.41378917378916,1,0.7192622950819673,0.7619291818300349,1.0,1.0,habillement,0.92,True
a-t-shirt cactus,habillement,49.9,1,1,351,134.41378917378916,1,0.7192622950819673,0.6287583220778,1.0,1.0,habillement,1.0,True
a-t-shirt d'allaitement,habillement,64.0,1,1,351,134.41378917378916,1,0.7192622950819673,0.5238583710997826,1.0,1.0,habillement,0.985,True
a-t-shirt elyssa,habillement,43.0,1,1,351,134.41378917378916,1,0.7192622950819673,0.6800923406415107,1.0,1.0,habillement,0.98,True
a-t-shirt homme,habillement,55.0,1,1,351,134.41378917378916,1,0.7192622950819673,0.5908157866176661,1.0,1.0,habillement,0.99,True
a-t-shirt jelliz,habillement,45.0,1,1,351,134.41378917378916,1,0.7192622950819673,0.6652129149708699,1.0,1.0,habillement,1.0,True
a-t-shirt mona lisa,habillement,85.0,1,1,351,134.41378917378916,1,0.7192622950819673,0.3676244015580546,1.0,1.0,habillement,1.0,True
a-t-shirt mère-fille,habillement,40.0,1,1,351,134.41378917378916,1,0.7192622950819673,0.7024114791474718,1.0,1.0,habillement,0.995,True
a-t-shirt peint,habillement,195.0,1,1,351,134.41378917378916,1,0.7192622950819673,0.4507440103271876,1.0,1.0,habillement,0.995,True
a-t-shirt poisson,habillement,120.0,1,1,351,134.41378917378916,1,0.7192622950819673,0.10723445232184116,1.0,1.0,habillement,0.97,True
a-t-shirt poissons,habillement,32.0,1,1,351,134.41378917378916,1,0.7192622950819673,0.7619291818300349,1.0,1.0,habillement,0.9,True
a-table gigogne,arts de la table,220.0,1,1,299,65.4371237458194,1,0.6127049180327869,2.3620059233127475,1.0,1.0,arts de la table,0.94,True
a-table la grande sofia,arts de la table,120.0,1,1,299,65.4371237458194,1,0.6127049180327869,0.8338214196623372,1.0,1.0,arts de la table,0.525,True
a-table patchwork céramique,arts de la table,300.0,1,1,299,65.4371237458194,1,0.6127049180327869,3.5845535262330754,1.0,1.0,arts de la table,0.96,True
a-tagine,arts de la table,105.0,1,1,299,65.4371237458194,1,0.6127049180327869,0.6045937441147757,1.0,1.0,arts de la table,0.96,True
a-tagine coloré,arts de la table,18.0,1,1,299,65.4371237458194,1,0.6127049180327869,0.7249267740610812,1.0,1.0,arts de la table,0.88,True
a-tajine rayure,arts de la table,30.0,1,1,299,65.4371237458194,1,0.6127049180327869,0.541544633623032,1.0,1.0,arts de la table,0.925,True
a-tajine terre cuite,arts de la table,1.0,1,1,299,65.4371237458194,1,0.6127049180327869,0.9847181396816509,1.0,1.0,arts de la table,0.81,True
a-tasse,arts de la table,20.0,1,1,299,65.4371237458194,1,0.6127049180327869,0.694363083988073,1.0,1.0,arts de la table,0.97,True
a-tasse et sous-tasse,arts de la table,2.0,1,1,299,65.4371237458194,1,0.6127049180327869,0.9694362946451468,1.0,1.0,arts de la table,0.96,True
a-tasse porcelaine peinte,arts de la table,200.0,1,1,299,65.4371237458194,1,0.6127049180327869,2.056369022582665,1.0,1.0,arts de la table,0.945,True
a-tasse sous-tasse,arts de la table,50.0,1,1,299,65.4371237458194,1,0.6127049180327869,0.2359077328929499,1.0,1.0,arts de la table,0.995,True
a-tasse à café,arts de la table,6.0,1,1,299,65.4371237458194,1,0.6127049180327869,0.9083089144991304,1.0,1.0,arts de la table,0.9,True
a-tebssi bleu/blanc,arts de la table,35.0,1,1,299,65.4371237458194,1,0.6127049180327869,0.46513540844051143,1.0,1.0,arts de la table,0.98,True
a-tebssi divers coloris,arts de la table,15.0,1,1,299,65.4371237458194,1,0.6127049180327869,0.7707723091705935,1.0,1.0,arts de la table,1.0,True
a-tenue al amir,habillement,35.0,1,1,351,134.41378917378916,1,0.7192622950819673,0.7396100433240738,1.0,1.0,habillement,0.98,True
a-tenue boho,habillement,220.0,1,1,351,134.41378917378916,1,0.7192622950819673,0.6367368312101972,1.0,1.0,habillement,0.985,True
a-tenue garçon,habillement,250.0,1,1,351,134.41378917378916,1,0.7192622950819673,0.8599282162698086,1.0,1.0,habillement,0.985,True
a-tenue hammamétoise,habillement,370.0,1,1,351,134.41378917378916,1,0.7192622950819673,1.7526937565082548,1.0,1.0,habillement,1.0,True
a-tenue mère enfant,habillement,198.0,1,1,351,134.41378917378916,1,0.7192622950819673,0.47306314883314876,1.0,1.0,habillement,0.985,True
a-theière peinte,arts de la table,100.0,1,1,299,65.4371237458194,1,0.6127049180327869,0.5281845189322552,1.0,1.0,arts de la table,0.99,True
a-théière sucrière,arts de la table,80.0,1,1,299,65.4371237458194,1,0.6127049180327869,0.22254761820217317,1.0,1.0,arts de la table,0.955,True
a-tongs,habillement,10.0,1,1,351,134.41378917378916,1,0.7192622950819673,0.9256028642070834,1.0,1.0,habillement,0.91,True
a-tongs cuir,habillement,98.0,1,1,351,134.41378917378916,1,0.7192622950819673,0.2709081346988896,1.0,1.0,habillement,0.995,True
"a-tote bag ""7obb""",habillement,30.0,1,1,351,134.41378917378916,1,0.7192622950819673,0.7768086075006757,1.0,1.0,habillement,0.96,True
a-tote bag brodé,habillement,30.0,1,1,351,134.41378917378916,1,0.7192622950819673,0.7768086075006757,1.0,1.0,habillement,0.96,True
a-tote bag poissons,habillement,30.0,1,1,351,134.41378917378916,1,0.7192622950819673,0.7768086075006757,1.0,1.0,habillement,0.965,True
a-trio en cuivre pour tapenade,arts de la table,135.0,1,1,299,65.4371237458194,1,0.6127049180327869,1.0630490952098988,1.0,1.0,arts de la table,0.97,True
a-trio plateaux,arts de la table,60.0,1,1,299,65.4371237458194,1,0.6127049180327869,0.08308928252790888,1.0,1.0,arts de la table,0.92,True
a-tunique brodée,habillement,150.0,1,1,351,134.41378917378916,1,0.7192622950819673,0.11595693273777034,1.0,1.0,habillement,1.0,True
a-tunique rouge,habillement,90.0,1,1,351,134.41378917378916,1,0.7192622950819673,0.33042583738145265,1.0,1.0,habillement,0.95,True
a-tunique tissée,habillement,130.0,1,1,351,134.41378917378916,1,0.7192622950819673,0.032837323968637325,1.0,1.0,habillement,0.98,True
a-turbonnet,habillement,50.0,1,1,351,134.41378917378916,1,0.7192622950819673,0.628014350794268,1.0,1.0,habillement,1.0,True
a-tutu,habillement,80.0,1,1,351,134.41378917378916,1,0.7192622950819673,0.4048229657346565,1.0,1.0,habillement,0.99,True
a-urban shoes,habillement,260.0,1,1,351,134.41378917378916,1,0.7192622950819673,0.9343253446230125,1.0,1.0,habillement,0.945,True
a-verre craquelé cuivre,arts de la table,150.0,1,1,299,65.4371237458194,1,0.6127049180327869,1.2922767707574603,1.0,1.0,arts de la table,0.845,True
a-verre cuivre,arts de la table,120.0,1,1,299,65.4371237458194,1,0.6127049180327869,0.8338214196623372,1.0,1.0,arts de la table,0.98,True
a-verre recyclé,arts de la table,10.0,1,1,299,65.4371237458194,1,0.6127049180327869,0.8471815343531139,1.0,1.0,arts de la table,0.985,True
a-verre thé cuivre/verre,arts de la table,20.0,1,1,299,65.4371237458194,1,0.6127049180327869,0.694363083988073,1.0,1.0,arts de la table,0.98,True
a-verre à pied,arts de la table,12.0,1,1,299,65.4371237458194,1,0.6127049180327869,0.8166178442801058,1.0,1.0,arts de la table,0.99,True
a-verre à thé,arts de la table,7.0,1,1,299,65.4371237458194,1,0.6127049180327869,0.8930270694626263,1.0,1.0,arts de la table,0.96,True
a-verres,arts de la table,55.0,1,1,299,65.4371237458194,1,0.6127049180327869,0.1594985077104294,1.0,1.0,arts de la table,0.915,True
a-verres à thé peints,arts de la table,25.0,1,1,299,65.4371237458194,1,0.6127049180327869,0.6179538588055524,1.0,1.0,arts de la table,0.98,True
a-veste bomber,habillement,140.0,1,1,351,134.41378917378916,1,0.7192622950819673,0.04155980438456651,1.0,1.0,habillement,1.0,True
a-veste brodée,habillement,300.0,1,1,351,134.41378917378916,1,0.7192622950819673,1.2319138580358278,1.0,1.0,habillement,1.0,True
a-veste cuir brodée,habillement,110.0,1,1,351,134.41378917378916,1,0.7192622950819673,0.181631580675045,1.0,1.0,habillement,0.99,True
a-veste dengri,habillement,130.0,1,1,351,134.41378917378916,1,0.7192622950819673,0.032837323968637325,1.0,1.0,habillement,0.985,True
a-veste jean's jelliz,habillement,95.0,1,1,351,134.41378917378916,1,0.7192622950819673,0.29322727320485076,1.0,1.0,habillement,1.0,True
a-veste longue,habillement,165.0,1,1,351,134.41378917378916,1,0.7192622950819673,0.2275526252675761,1.0,1.0,habillement,0.985,True
a-walima cuivre,arts de la table,250.0,1,1,299,65.4371237458194,1,0.6127049180327869,2.8204612744078705,1.0,1.0,arts de la table,0.975,True
a-wechwech o'plaisir,bijoux,55.0,1,1,488,92.91122950819673,1,1.0,0.40803710488854367,1.0,1.0,bijoux,0.99,True
k-boite amwej pf,rangements,49.0,1,1,12,172.83333333333334,1,0.02459016393442623,0.7164898704928262,1.0,1.0,rangements,0.675,True
k-coffret amwej bleu gf,coffrets cadeaux,109.0,1,1,11,131.13636363636363,1,0.022540983606557378,0.1688041581581658,1.0,1.0,coffrets cadeaux,0.875,True
k-coffret bougeoir morgène,la touche déco,74.0,1,1,12,82.33333333333333,1,0.02459016393442623,0.10121457366945857,1.0,1.0,la touche déco,0.725,True
k-coffret héritage,coffrets cadeaux,127.0,1,1,11,131.13636363636363,1,0.022540983606557378,0.03154246076466747,1.0,1.0,coffrets cadeaux,0.86,True
k-coffret kara prestige,coffrets cadeaux,190.0,1,1,11,131.13636363636363,1,0.022540983606557378,0.4488734801125767,1.0,1.0,coffrets cadeaux,0.935,True
k-coffret premium noja,coffrets cadeaux,99.5,1,1,11,131.13636363636363,1,0.022540983606557378,0.24124783178251213,1.0,1.0,coffrets cadeaux,0.915,True
k-coffret roma,coffrets cadeaux,90.0,1,1,11,131.13636363636363,1,0.022540983606557378,0.3136915054068585,1.0,1.0,coffrets cadeaux,0.78,True
k-coffret roma prestige,coffrets cadeaux,220.0,1,1,11,131.13636363636363,1,0.022540983606557378,0.6776429757684073,1.0,1.0,coffrets cadeaux,0.885,True
k-diffuseur nour,la touche déco,55.0,1,1,12,82.33333333333333,1,0.02459016393442623,0.33198380163582425,1.0,1.0,la touche déco,0.72,True
k-diffuseur roma,la touche déco,35.0,1,1,12,82.33333333333333,1,0.02459016393442623,0.5748987784425249,1.0,1.0,la touche déco,0.67,True
k-duo lella marbré,coffrets cadeaux,140.0,1,1,11,131.13636363636363,1,0.022540983606557378,0.06759098735285911,1.0,1.0,coffrets cadeaux,0.69,True
k-duo sahara pf,la touche déco,140.0,1,1,12,82.33333333333333,1,0.02459016393442623,0.7004048497926537,1.0,1.0,la touche déco,0.675,True
k-duo vera,coffrets cadeaux,137.0,1,1,11,131.13636363636363,1,0.022540983606557378,0.044714037787276055,1.0,1.0,coffrets cadeaux,0.35,True
k-la boite amwej bleu gf,rangements,89.0,1,1,12,172.83333333333334,1,0.02459016393442623,0.48505303480200757,1.0,1.0,rangements,0.195,True
k-la boîte mina jaune,rangements,24.0,1,1,12,172.83333333333334,1,0.02459016393442623,0.8611378927995879,1.0,1.0,rangements,0.8,True
k-la boîte mina rose,rangements,24.0,1,1,12,172.83333333333334,1,0.02459016393442623,0.8611378927995879,1.0,1.0,rangements,0.895,True
k-la carafe lella miel,art de la table,65.0,1,1,11,122.36363636363636,1,0.022540983606557378,0.4687964300469831,1.0,1.0,art de la table,0.69,True
k-la peau de chèvre,linge de maison,89.0,1,1,5,93.6,1,0.010245901639344262,0.04914529862024248,1.0,1.0,linge de maison,0.85,True
k-la peau de mouton,linge de maison,99.0,1,1,5,93.6,1,0.010245901639344262,0.057692307075936956,1.0,1.0,linge de maison,0.84,True
k-la petite boîte noja marron,rangements,40.0,1,1,12,172.83333333333334,1,0.02459016393442623,0.7685631585232604,1.0,1.0,rangements,0.82,True
k-la suspension doora gold,luminaires,220.0,1,1,8,256.12,1,0.01639344262295082,0.14102764274157567,1.0,1.0,luminaires,0.99,True
k-la suspension ksour,luminaires,414.48,1,1,8,256.12,1,0.01639344262295082,0.6183039176233645,1.0,1.0,luminaires,0.895,True
k-la suspension mooja gold,luminaires,220.0,1,1,8,256.12,1,0.01639344262295082,0.14102764274157567,1.0,1.0,luminaires,0.99,True
k-la suspension mooja gold pf,luminaires,160.0,1,1,8,256.12,1,0.01639344262295082,0.37529283001994057,1.0,1.0,luminaires,0.945,True
k-la suspension mooja noire,luminaires,220.0,1,1,8,256.12,1,0.01639344262295082,0.14102764274157567,1.0,1.0,luminaires,0.93,True
k-la suspension mooja noire pf,luminaires,160.0,1,1,8,256.12,1,0.01639344262295082,0.37529283001994057,1.0,1.0,luminaires,0.94,True
k-la suspension noor,luminaires,414.48,1,1,8,256.12,1,0.01639344262295082,0.6183039176233645,1.0,1.0,luminaires,0.895,True
k-la tour nassije,luminaires,240.0,1,1,8,256.12,1,0.01639344262295082,0.06293924698212071,1.0,1.0,luminaires,0.72,True
k-le bougeoir héritage rouge,nouveautés,55.0,1,1,6,75.0,1,0.012295081967213115,0.26666666311111115,1.0,1.0,nouveautés,0.69,True
k-le bougeoir morgène,la touche déco,70.0,1,1,12,82.33333333333333,1,0.02459016393442623,0.14979756903079872,1.0,1.0,la touche déco,0.855,True
k-le bougeoir sahara gf,la touche déco,80.0,1,1,12,82.33333333333333,1,0.02459016393442623,0.028340080627448357,1.0,1.0,la touche déco,0.88,True
k-le bougeoir sahara mf,la touche déco,75.0,1,1,12,82.33333333333333,1,0.02459016393442623,0.08906882482912354,1.0,1.0,la touche déco,0.925,True
k-le bougeoir sahara pf,la touche déco,70.0,1,1,12,82.33333333333333,1,0.02459016393442623,0.14979756903079872,1.0,1.0,la touche déco,0.835,True
k-le coffret chourouk rose,nouveautés,75.0,1,1,6,75.0,1,0.012295081967213115,0.0,1.0,1.0,nouveautés,0.835,True
k-le coffret chourouk terracotta,nouveautés,75.0,1,1,6,75.0,1,0.012295081967213115,0.0,1.0,1.0,nouveautés,0.775,True
k-le coffret chourouk vert pastel,nouveautés,75.0,1,1,6,75.0,1,0.012295081967213115,0.0,1.0,1.0,nouveautés,0.795,True
k-le coffret gratitude beige,nouveautés,85.0,1,1,6,75.0,1,0.012295081967213115,0.13333333155555557,1.0,1.0,nouveautés,0.835,True
k-le coffret gratitude vert pastel,nouveautés,85.0,1,1,6,75.0,1,0.012295081967213115,0.13333333155555557,1.0,1.0,nouveautés,0.795,True
k-le coffret mirath,coffrets cadeaux,130.0,1,1,11,131.13636363636363,1,0.022540983606557378,0.008665511199084413,1.0,1.0,coffrets cadeaux,0.675,True
k-le coffret zouhour prestige,coffrets cadeaux,153.0,1,1,11,131.13636363636363,1,0.022540983606557378,0.16672443547038568,1.0,1.0,coffrets cadeaux,0.775,True
k-le coussin en chèvre,linge de maison,85.0,1,1,5,93.6,1,0.010245901639344262,0.09188034089871426,1.0,1.0,la touche déco,0.265,False
k-le mini couffin amal gold,rangements,180.0,1,1,12,172.83333333333334,1,0.02459016393442623,0.04146576639460496,1.0,1.0,rangements,0.9,True
k-le mini couffin amal lilas,rangements,180.0,1,1,12,172.83333333333334,1,0.02459016393442623,0.04146576639460496,1.0,1.0,rangements,0.875,True
k-le mini couffin amal vert,rangements,180.0,1,1,12,172.83333333333334,1,0.02459016393442623,0.04146576639460496,1.0,1.0,rangements,0.9,True
k-le pack amwej,rangements,138.0,1,1,12,172.83333333333334,1,0.02459016393442623,0.20154291108075467,1.0,1.0,rangements,0.665,True
k-le pack mirath,la touche déco,110.0,1,1,12,82.33333333333333,1,0.02459016393442623,0.3360323845826027,1.0,1.0,la touche déco,0.715,True
k-le pack zouhour,la touche déco,53.0,1,1,12,82.33333333333333,1,0.02459016393442623,0.3562752993164943,1.0,1.0,la touche déco,0.625,True
k-le pack zouhour premium,la touche déco,93.0,1,1,12,82.33333333333333,1,0.02459016393442623,0.1295546542969071,1.0,1.0,la touche déco,0.81,True
k-le pack zouhour prestige,la touche déco,133.0,1,1,12,82.33333333333333,1,0.02459016393442623,0.6153846079103085,1.0,1.0,la touche déco,0.77,True
k-le petit rectangle en chèvre,linge de maison,55.0,1,1,5,93.6,1,0.010245901639344262,0.41239315798725257,1.0,1.0,linge de maison,0.655,True
k-le sac elissa cognac,rangements,390.0,1,1,12,172.83333333333334,1,0.02459016393442623,1.256509153771403,1.0,1.0,rangements,0.73,True
k-le sac elissa corail,rangements,390.0,1,1,12,172.83333333333334,1,0.02459016393442623,1.256509153771403,1.0,1.0,rangements,0.6,True
k-le sac elissa vert,rangements,390.0,1,1,12,172.83333333333334,1,0.02459016393442623,1.256509153771403,1.0,1.0,rangements,0.56,True
k-le set chourouk,art de la table,45.0,1,1,11,122.36363636363636,1,0.022540983606557378,0.632243679825646,1.0,1.0,art de la table,0.575,True
k-pack coussins chèvre,linge de maison,140.0,1,1,5,93.6,1,0.010245901639344262,0.4957264904302726,1.0,1.0,linge de maison,0.655,True
k-pack lella craquelé bleu foncé,art de la table,164.0,1,1,11,122.36363636363636,1,0.022540983606557378,0.34026745635739825,1.0,1.0,art de la table,0.91,True
k-pack lella craquelé miel,art de la table,164.0,1,1,11,122.36363636363636,1,0.022540983606557378,0.34026745635739825,1.0,1.0,art de la table,0.86,True
k-pack lella craquelé turquoise,art de la table,164.0,1,1,11,122.36363636363636,1,0.022540983606557378,0.34026745635739825,1.0,1.0,art de la table,0.905,True
k-pack lella marbré miel,art de la table,220.0,1,1,11,122.36363636363636,1,0.022540983606557378,0.7979197557376544,1.0,1.0,art de la table,0.55,True
k-pack lotus bloom desk,art de la table,56.0,1,1,11,122.36363636363636,1,0.022540983606557378,0.5423476924473815,1.0,1.0,art de la table,0.66,True
k-pack roma,coffrets cadeaux,47.0,1,1,11,131.13636363636363,1,0.022540983606557378,0.6415944491802156,1.0,1.0,art de la table,0.53,False
k-pack vera craquelé,art de la table,211.0,1,1,11,122.36363636363636,1,0.022540983606557378,0.7243684933372561,1.0,1.0,art de la table,0.785,True
k-service à thé tulipe,art de la table,59.0,1,1,11,122.36363636363636,1,0.022540983606557378,0.517830604980582,1.0,1.0,art de la table,0.7,True
k-sélection de verres lella craquelé bleu foncé,art de la table,99.0,1,1,11,122.36363636363636,1,0.022540983606557378,0.19093610542325617,1.0,1.0,art de la table,0.91,True
k-sélection de verres lella craquelé transparent,art de la table,99.0,1,1,11,122.36363636363636,1,0.022540983606557378,0.19093610542325617,1.0,1.0,art de la table,0.94,True
q-100% cotton fouta / pestemal bath-gym-beach towel,accessories,37.44,1,1,154,101.48167532467532,1,0.3155737704918033,0.6310663919246233,1.0,1.0,accessories,0.7,True
q-4 games in 1 : handmade olive wood games,olive wood,93.6,1,1,152,40.29213157894736,1,0.3114754098360656,1.3230341758804296,1.0,1.0,olive wood,0.935,True
q-a collection of ceramics handmade bowls with different forms,handcrafted ceramics,6.24,1,1,262,31.49497709923664,1,0.5368852459016393,0.8018731437012416,1.0,1.0,handcrafted ceramics,0.93,True
q-a small carpet with berber motifs,accessories,62.4,1,1,154,101.48167532467532,1,0.3155737704918033,0.38511065977703596,1.0,1.0,rugs & kilim,0.42,False
q-a white ines carpet with a black motif,rugs & kilim,393.12,1,1,130,236.3099076923077,1,0.26639344262295084,0.6635781511467224,1.0,1.0,rugs & kilim,0.585,True
q-amazigh berber geometric kilim rug,rugs & kilim,363.48,1,1,130,236.3099076923077,1,0.26639344262295084,0.5381496400697985,1.0,1.0,rugs & kilim,0.925,True
q-amazigh berber geometric kilim rug white and grey,rugs & kilim,184.08,1,1,130,236.3099076923077,1,0.26639344262295084,0.22102292697474119,1.0,1.0,rugs & kilim,0.89,True
q-amazigh berber geometric kilim rug white and pink,rugs & kilim,390.0,1,1,130,236.3099076923077,1,0.26639344262295084,0.6503751499807303,1.0,1.0,rugs & kilim,0.845,True
q-amazigh berber handmade rug,rugs & kilim,305.76,1,1,130,236.3099076923077,1,0.26639344262295084,0.2938941184989465,1.0,1.0,rugs & kilim,0.975,True
q-amazigh berber kilim rug knotted lines red on white,rugs & kilim,93.6,1,1,130,236.3099076923077,1,0.26639344262295084,0.6039099607885091,1.0,1.0,rugs & kilim,0.97,True
q-amazigh berber small pompom kilim,rugs & kilim,118.56,1,1,130,236.3099076923077,1,0.26639344262295084,0.4982859514605731,1.0,1.0,rugs & kilim,0.85,True
q-andalusian design ceramic bottle,handcrafted ceramics,15.6,1,1,262,31.49497709923664,1,0.5368852459016393,0.5046829068797446,1.0,1.0,handcrafted ceramics,1.0,True
q-appetizer dish with arabic patterns,handcrafted ceramics,21.84,1,1,262,31.49497709923664,1,0.5368852459016393,0.30655608233207987,1.0,1.0,handcrafted ceramics,0.645,True
q-appetizer dish with berber patterns,handcrafted ceramics,21.84,1,1,262,31.49497709923664,1,0.5368852459016393,0.30655608233207987,1.0,1.0,handcrafted ceramics,0.74,True
q-artichoke salad bowl – lara,handcrafted ceramics,53.04,1,1,262,31.49497709923664,1,0.5368852459016393,0.6840780404062436,1.0,1.0,handcrafted ceramics,0.875,True
q-artichoke salad bowl – oriental black,handcrafted ceramics,53.04,1,1,262,31.49497709923664,1,0.5368852459016393,0.6840780404062436,1.0,1.0,handcrafted ceramics,0.975,True
q-artisan ceramic noodle bowl with olive wood chopsticks,olive wood,18.72,1,1,152,40.29213157894736,1,0.3114754098360656,0.5353931449689213,1.0,1.0,olive wood,0.71,True
q-artisan ceramic plate handcrafted from tunisia,handcrafted ceramics,39.0,1,1,262,31.49497709923664,1,0.5368852459016393,0.23829268517399807,1.0,1.0,handcrafted ceramics,0.945,True
q-artisan cushion handmade in tunisia,homeware,234.0,1,1,78,168.30123076923078,1,0.1598360655737705,0.3903641615698526,1.0,1.0,homeware,0.83,True
q-artisan tepsi: tray and wall decor,handcrafted ceramics,54.6,1,1,262,31.49497709923664,1,0.5368852459016393,0.7336097465431599,1.0,1.0,handcrafted ceramics,0.75,True
q-artisan wall tiles – ceramic,handcrafted ceramics,15.6,1,1,262,31.49497709923664,1,0.5368852459016393,0.5046829068797446,1.0,1.0,handcrafted ceramics,0.995,True
q-artisanal olive oil carafe – handmade in tunisia,handcrafted ceramics,15.6,1,1,262,31.49497709923664,1,0.5368852459016393,0.5046829068797446,1.0,1.0,handcrafted ceramics,0.955,True
q-authentic handmade tunisian babouche/balgha slippers,accessories,18.127,1,1,154,101.48167532467532,1,0.3155737704918033,0.8213766104729548,1.0,1.0,accessories,0.765,True
q-bag and set of 3 beige towels,social projects,59.28,1,1,47,143.25702127659574,1,0.09631147540983606,0.5861982885170948,1.0,1.0,social projects,0.905,True
q-bag and set of 3 pink towels,social projects,59.28,1,1,47,143.25702127659574,1,0.09631147540983606,0.5861982885170948,1.0,1.0,social projects,0.905,True
q-baroque sofa bed throw,fouta towel & blankets,224.64,1,1,46,66.55308695652174,1,0.0942622950819672,2.375350534399762,1.0,1.0,fouta towel & blankets,0.895,True
q-base cloth 100% natural linen / silhouette,social projects,78.0,1,1,47,143.25702127659574,1,0.09631147540983606,0.45552406604263856,1.0,1.0,social projects,0.715,True
q-base cloth 100% natural linen embroidery fish,social projects,109.2,1,1,47,143.25702127659574,1,0.09631147540983606,0.23773369525187818,1.0,1.0,social projects,0.76,True
q-basket woven with fiber,accessories,37.44,1,1,154,101.48167532467532,1,0.3155737704918033,0.6310663919246233,1.0,1.0,accessories,0.92,True
q-beige & white berber cushion cover,homeware,62.4,1,1,78,168.30123076923078,1,0.1598360655737705,0.629236219224106,1.0,1.0,homeware,0.9,True
q-beige and grey pompom rug,rugs & kilim,118.56,1,1,130,236.3099076923077,1,0.26639344262295084,0.4982859514605731,1.0,1.0,rugs & kilim,0.9,True
q-beige rugs with black triangle,rugs & kilim,118.56,1,1,130,236.3099076923077,1,0.26639344262295084,0.4982859514605731,1.0,1.0,rugs & kilim,0.765,True
q-beige rugs with pompom white line,rugs & kilim,118.56,1,1,130,236.3099076923077,1,0.26639344262295084,0.4982859514605731,1.0,1.0,rugs & kilim,0.875,True
q-berber carpet sample made by women artisans,accessories,62.4,1,1,154,101.48167532467532,1,0.3155737704918033,0.38511065977703596,1.0,1.0,accessories,0.81,True
q-berber geometric kilim rug,rugs & kilim,243.36,1,1,130,236.3099076923077,1,0.26639344262295084,0.029834095179106714,1.0,1.0,rugs & kilim,0.885,True
q-berber inspired pattern carpet home decoration,rugs & kilim,62.4,1,1,130,236.3099076923077,1,0.26639344262295084,0.735939972448429,1.0,1.0,rugs & kilim,0.785,True
q-big box with natural fiber halfa tunisian artisanal,accessories,31.2,1,1,154,101.48167532467532,1,0.3155737704918033,0.6925553249615202,1.0,1.0,accessories,0.95,True
q-big fouta towel berber 2*2m,fouta towel & blankets,26.364,1,1,46,66.55308695652174,1,0.0942622950819672,0.6038650976311833,1.0,1.0,fouta towel & blankets,0.795,True
q-big palm fiber storage box,accessories,46.8,1,1,154,101.48167532467532,1,0.3155737704918033,0.5388329923692781,1.0,1.0,accessories,0.935,True
q-black & white amazigh rugs,rugs & kilim,414.48,1,1,130,236.3099076923077,1,0.26639344262295084,0.7539679283600522,1.0,1.0,rugs & kilim,0.54,True
q-black & white rectangular ceramic dish,handcrafted ceramics,26.302,1,1,262,31.49497709923664,1,0.5368852459016393,0.1648827023430286,1.0,1.0,handcrafted ceramics,0.91,True
q-black & white small rug with triangles,rugs & kilim,87.36,1,1,130,236.3099076923077,1,0.26639344262295084,0.6303159631204931,1.0,1.0,rugs & kilim,0.955,True
q-black and white carpet made by kerkenniens,accessories,414.48,1,1,154,101.48167532467532,1,0.3155737704918033,3.08428413888172,1.0,1.0,accessories,0.825,True
q-black and white plate ceramics handmade,handcrafted ceramics,15.6,1,1,262,31.49497709923664,1,0.5368852459016393,0.5046829068797446,1.0,1.0,handcrafted ceramics,0.95,True
q-black and white runner from kesra region.,rugs & kilim,31.2,1,1,130,236.3099076923077,1,0.26639344262295084,0.867969984108349,1.0,1.0,accessories,0.32,False
q-black and white striped kilim rug,social projects,390.0,1,1,47,143.25702127659574,1,0.09631147540983606,1.7223796418649648,1.0,1.0,social projects,0.67,True
q-black bird ceramics handmade,handcrafted ceramics,7.8,1,1,262,31.49497709923664,1,0.5368852459016393,0.7523414375643254,1.0,1.0,handcrafted ceramics,0.845,True
q-black fouta with random pattern,fouta towel & blankets,13.042,1,1,46,66.55308695652174,1,0.0942622950819672,0.8040361251378724,1.0,1.0,fouta towel & blankets,0.97,True
q-black geometric flower pattern brown base rug,rugs & kilim,361.92,1,1,130,236.3099076923077,1,0.26639344262295084,0.5315481394868025,1.0,1.0,rugs & kilim,0.985,True
q-black geometric flower pattern purple base rug,rugs & kilim,340.08,1,1,130,236.3099076923077,1,0.26639344262295084,0.4391271313248584,1.0,1.0,rugs & kilim,0.98,True
q-black on natural flax linen tout est magnifique,social projects,156.0,1,1,47,143.25702127659574,1,0.09631147540983606,0.08895186093426233,1.0,1.0,social projects,0.755,True
q-black with white stripes square pillows covers,homeware,46.8,1,1,78,168.30123076923078,1,0.1598360655737705,0.7219271629326478,1.0,1.0,homeware,0.695,True
q-blanket grey striped with pompoms,fouta towel & blankets,234.0,1,1,46,66.55308695652174,1,0.0942622950819672,2.5159901393736854,1.0,1.0,fouta towel & blankets,0.82,True
q-blanket two tone beige textured,fouta towel & blankets,156.0,1,1,46,66.55308695652174,1,0.0942622950819672,1.3439934312576565,1.0,1.0,fouta towel & blankets,0.72,True
q-blanket white and blue striped with pompoms,fouta towel & blankets,234.0,1,1,46,66.55308695652174,1,0.0942622950819672,2.5159901393736854,1.0,1.0,fouta towel & blankets,0.715,True
q-blown glass mouth blown locally available recycled transparent glass,social projects,140.4,1,1,47,143.25702127659574,1,0.09631147540983606,0.01994332446111781,1.0,1.0,social projects,0.76,True
q-blown-glass transparent,handcrafted ceramics,9.36,1,1,262,31.49497709923664,1,0.5368852459016393,0.7028097314274092,1.0,1.0,handcrafted ceramics,0.855,True
q-blown-glass with red design,handcrafted ceramics,15.6,1,1,262,31.49497709923664,1,0.5368852459016393,0.5046829068797446,1.0,1.0,handcrafted ceramics,0.865,True
q-blue & neon green striped fouta,fouta towel & blankets,14.04,1,1,46,66.55308695652174,1,0.0942622950819672,0.7890405775135161,1.0,1.0,fouta towel & blankets,0.985,True
q-blue amazigh berber pattern white base rug,rugs & kilim,156.0,1,1,130,236.3099076923077,1,0.26639344262295084,0.33984993746866915,1.0,1.0,rugs & kilim,0.99,True
q-blue and grey kerkenatiss carpet,accessories,414.48,1,1,154,101.48167532467532,1,0.3155737704918033,3.08428413888172,1.0,1.0,accessories,0.86,True
q-blue and grey striped carpet,accessories,140.4,1,1,154,101.48167532467532,1,0.3155737704918033,0.38350100318417457,1.0,1.0,accessories,0.87,True
q-blue and red ceramic bowls hand painted in tunisia,handcrafted ceramics,10.92,1,1,262,31.49497709923664,1,0.5368852459016393,0.6532780252904932,1.0,1.0,handcrafted ceramics,0.885,True
q-blue and white painted sardines plates.,accessories,31.2,1,1,154,101.48167532467532,1,0.3155737704918033,0.6925553249615202,1.0,1.0,accessories,0.775,True
q-blue ceramic oval plate,handcrafted ceramics,15.6,1,1,262,31.49497709923664,1,0.5368852459016393,0.5046829068797446,1.0,1.0,handcrafted ceramics,0.99,True
q-blue diamond fouta,fouta towel & blankets,13.042,1,1,46,66.55308695652174,1,0.0942622950819672,0.8040361251378724,1.0,1.0,fouta towel & blankets,0.915,True
q-blue floral ceramic trivet,handcrafted ceramics,24.96,1,1,262,31.49497709923664,1,0.5368852459016393,0.20749267005824745,1.0,1.0,handcrafted ceramics,0.965,True
q-blue floral fouta,fouta towel & blankets,13.042,1,1,46,66.55308695652174,1,0.0942622950819672,0.8040361251378724,1.0,1.0,fouta towel & blankets,0.845,True
q-blue floral with patterns,fouta towel & blankets,13.042,1,1,46,66.55308695652174,1,0.0942622950819672,0.8040361251378724,1.0,1.0,fouta towel & blankets,0.235,True
q-blue fouta fish,fouta towel & blankets,13.042,1,1,46,66.55308695652174,1,0.0942622950819672,0.8040361251378724,1.0,1.0,fouta towel & blankets,0.83,True
q-blue handmade bathroom rug,rugs & kilim,46.8,1,1,130,236.3099076923077,1,0.26639344262295084,0.801954978278389,1.0,1.0,rugs & kilim,0.595,True
q-bottle of olive oil handmade in tunisia,handcrafted ceramics,18.72,1,1,262,31.49497709923664,1,0.5368852459016393,0.40561949460591223,1.0,1.0,handcrafted ceramics,0.945,True
q-bottle oil handmade arabica design,handcrafted ceramics,12.48,1,1,262,31.49497709923664,1,0.5368852459016393,0.6037463191535769,1.0,1.0,handcrafted ceramics,0.995,True
q-bottle oil handmade arena design,handcrafted ceramics,12.48,1,1,262,31.49497709923664,1,0.5368852459016393,0.6037463191535769,1.0,1.0,handcrafted ceramics,0.995,True
q-bottle oil handmade green color,handcrafted ceramics,12.48,1,1,262,31.49497709923664,1,0.5368852459016393,0.6037463191535769,1.0,1.0,handcrafted ceramics,0.975,True
q-bourette neck scarf handmade,accessories,62.4,1,1,154,101.48167532467532,1,0.3155737704918033,0.38511065977703596,1.0,1.0,accessories,0.775,True
q-bowl - makroudh rouge,handcrafted ceramics,23.4,1,1,262,31.49497709923664,1,0.5368852459016393,0.2570243761951637,1.0,1.0,handcrafted ceramics,0.935,True
q-bowl / vase blown glass mouth blown locally transparent glass,social projects,88.92,1,1,47,143.25702127659574,1,0.09631147540983606,0.3792974362658724,1.0,1.0,social projects,0.555,True
q-bowl cake ceramics handmade in tunisia,handcrafted ceramics,10.92,1,1,262,31.49497709923664,1,0.5368852459016393,0.6532780252904932,1.0,1.0,handcrafted ceramics,0.82,True
q-bowl kitchen handmade products,handcrafted ceramics,16.38,1,1,262,31.49497709923664,1,0.5368852459016393,0.47991705381128646,1.0,1.0,handcrafted ceramics,0.935,True
q-bowl olive wood handmade in tunisia,social projects,156.0,1,1,47,143.25702127659574,1,0.09631147540983606,0.08895186093426233,1.0,1.0,social projects,0.605,True
q-bowl set of ceramics handmade and olive wood bowl,handcrafted ceramics,18.72,1,1,262,31.49497709923664,1,0.5368852459016393,0.40561949460591223,1.0,1.0,handcrafted ceramics,0.78,True
q-bowl – flowers,handcrafted ceramics,23.4,1,1,262,31.49497709923664,1,0.5368852459016393,0.2570243761951637,1.0,1.0,handcrafted ceramics,0.955,True
q-bowl – lara,handcrafted ceramics,23.4,1,1,262,31.49497709923664,1,0.5368852459016393,0.2570243761951637,1.0,1.0,handcrafted ceramics,0.945,True
q-bowl – oriental black,handcrafted ceramics,23.4,1,1,262,31.49497709923664,1,0.5368852459016393,0.2570243761951637,1.0,1.0,handcrafted ceramics,0.875,True
q-bowl – zarbia,handcrafted ceramics,23.4,1,1,262,31.49497709923664,1,0.5368852459016393,0.2570243761951637,1.0,1.0,handcrafted ceramics,0.945,True
q-bowls nabeul ceramics handmade,handcrafted ceramics,16.38,1,1,262,31.49497709923664,1,0.5368852459016393,0.47991705381128646,1.0,1.0,handcrafted ceramics,0.99,True
q-box lange natural palm fibers with small bag,homeware,265.2,1,1,78,168.30123076923078,1,0.1598360655737705,0.5757460489869359,1.0,1.0,homeware,0.725,True
q-box with natural fiber halfa tunisian artisanal product,accessories,24.96,1,1,154,101.48167532467532,1,0.3155737704918033,0.754044257998417,1.0,1.0,accessories,0.935,True
q-breadsticks holder,olive wood,37.44,1,1,152,40.29213157894736,1,0.3114754098360656,0.0707863147565836,1.0,1.0,olive wood,0.595,True
q-brown amazigh berber pattern grey base rug,rugs & kilim,156.0,1,1,130,236.3099076923077,1,0.26639344262295084,0.33984993746866915,1.0,1.0,rugs & kilim,0.99,True
q-brown and tan amazigh berber medaillon rug,rugs & kilim,352.56,1,1,130,236.3099076923077,1,0.26639344262295084,0.49193913598882644,1.0,1.0,rugs & kilim,0.955,True
q-brown and tan one line portrait rug,rugs & kilim,414.48,1,1,130,236.3099076923077,1,0.26639344262295084,0.7539679283600522,1.0,1.0,rugs & kilim,0.955,True
q-brown and yellow sample of kesra carpet,accessories,46.8,1,1,154,101.48167532467532,1,0.3155737704918033,0.5388329923692781,1.0,1.0,accessories,0.815,True
q-brown bathroom rug,rugs & kilim,46.8,1,1,130,236.3099076923077,1,0.26639344262295084,0.801954978278389,1.0,1.0,rugs & kilim,0.76,True
q-brown halfa rug with pattern,rugs & kilim,62.4,1,1,130,236.3099076923077,1,0.26639344262295084,0.735939972448429,1.0,1.0,rugs & kilim,0.96,True
q-brown margoum rug with rhombus design,rugs & kilim,414.48,1,1,130,236.3099076923077,1,0.26639344262295084,0.7539679283600522,1.0,1.0,rugs & kilim,0.925,True
q-brown scarf made with cotton and wool.,accessories,46.8,1,1,154,101.48167532467532,1,0.3155737704918033,0.5388329923692781,1.0,1.0,accessories,0.48,True
q-brown small rug,rugs & kilim,93.6,1,1,130,236.3099076923077,1,0.26639344262295084,0.6039099607885091,1.0,1.0,rugs & kilim,0.95,True
q-brun fouta with white stripes,fouta towel & blankets,11.7,1,1,46,66.55308695652174,1,0.0942622950819672,0.8242004787569969,1.0,1.0,fouta towel & blankets,0.99,True
q-cage of sidi bou said decoration arabesques,accessories,78.0,1,1,154,101.48167532467532,1,0.3155737704918033,0.23138832718479385,1.0,1.0,accessories,0.74,True
q-cage of sidi bou said varnished wood handmade,accessories,121.68,1,1,154,101.48167532467532,1,0.3155737704918033,0.19903420407348407,1.0,1.0,accessories,0.8,True
q-carpet handmade kerkenatiss tunisia,social projects,140.4,1,1,47,143.25702127659574,1,0.09631147540983606,0.01994332446111781,1.0,1.0,rugs & kilim,0.375,False
q-cement bowl gold by khalta,social projects,46.8,1,1,47,143.25702127659574,1,0.09631147540983606,0.6733144368333989,1.0,1.0,social projects,0.635,True
q-cement olo lunar candle by khalta,social projects,90.48,1,1,47,143.25702127659574,1,0.09631147540983606,0.36840791772633436,1.0,1.0,social projects,0.67,True
q-ceramic bowl with natural color handmade,handcrafted ceramics,15.6,1,1,262,31.49497709923664,1,0.5368852459016393,0.5046829068797446,1.0,1.0,handcrafted ceramics,0.915,True
q-ceramic butter dish,handcrafted ceramics,28.08,1,1,262,31.49497709923664,1,0.5368852459016393,0.1084292577844152,1.0,1.0,handcrafted ceramics,0.975,True
q-ceramic decorated bowl,handcrafted ceramics,15.6,1,1,262,31.49497709923664,1,0.5368852459016393,0.5046829068797446,1.0,1.0,handcrafted ceramics,0.995,True
q-ceramic deep plate eye safari,handcrafted ceramics,18.72,1,1,262,31.49497709923664,1,0.5368852459016393,0.40561949460591223,1.0,1.0,handcrafted ceramics,0.995,True
q-ceramic deep salad bowl,handcrafted ceramics,37.44,1,1,262,31.49497709923664,1,0.5368852459016393,0.18876097903708183,1.0,1.0,handcrafted ceramics,1.0,True
q-ceramic dinner plate,handcrafted ceramics,16.224,1,1,262,31.49497709923664,1,0.5368852459016393,0.48487022442497807,1.0,1.0,handcrafted ceramics,0.985,True
q-ceramic fish-shaped dish,handcrafted ceramics,15.6,1,1,262,31.49497709923664,1,0.5368852459016393,0.5046829068797446,1.0,1.0,handcrafted ceramics,0.965,True
q-ceramic flared tankard,handcrafted ceramics,15.6,1,1,262,31.49497709923664,1,0.5368852459016393,0.5046829068797446,1.0,1.0,handcrafted ceramics,0.985,True
q-ceramic handmade jilani green set made in tunisia,handcrafted ceramics,152.88,1,1,262,31.49497709923664,1,0.5368852459016393,3.854107233168879,1.0,1.0,handcrafted ceramics,0.485,True
q-ceramic jar with spoons,handcrafted ceramics,48.204,1,1,262,31.49497709923664,1,0.5368852459016393,0.5305297513818036,1.0,1.0,handcrafted ceramics,0.9,True
q-ceramic octagonal bowl,handcrafted ceramics,15.6,1,1,262,31.49497709923664,1,0.5368852459016393,0.5046829068797446,1.0,1.0,handcrafted ceramics,1.0,True
q-ceramic olive oil bottle from tunisia,handcrafted ceramics,12.48,1,1,262,31.49497709923664,1,0.5368852459016393,0.6037463191535769,1.0,1.0,handcrafted ceramics,0.99,True
q-ceramic olive oil bottle – tunisia craft,handcrafted ceramics,15.6,1,1,262,31.49497709923664,1,0.5368852459016393,0.5046829068797446,1.0,1.0,handcrafted ceramics,1.0,True
q-ceramic olive oil dispenser from tunisia,handcrafted ceramics,15.6,1,1,262,31.49497709923664,1,0.5368852459016393,0.5046829068797446,1.0,1.0,handcrafted ceramics,0.99,True
q-ceramic olive oil jar – handmade in tunisia,handcrafted ceramics,15.6,1,1,262,31.49497709923664,1,0.5368852459016393,0.5046829068797446,1.0,1.0,handcrafted ceramics,0.965,True
q-ceramic oval plate,handcrafted ceramics,25.272,1,1,262,31.49497709923664,1,0.5368852459016393,0.1975863288308643,1.0,1.0,handcrafted ceramics,0.995,True
q-ceramic rectangular dish,handcrafted ceramics,28.08,1,1,262,31.49497709923664,1,0.5368852459016393,0.1084292577844152,1.0,1.0,handcrafted ceramics,0.965,True
q-ceramic serving platters,handcrafted ceramics,15.6,1,1,262,31.49497709923664,1,0.5368852459016393,0.5046829068797446,1.0,1.0,handcrafted ceramics,0.995,True
q-ceramics and pottery-bowl-handmade pottery,handcrafted ceramics,15.6,1,1,262,31.49497709923664,1,0.5368852459016393,0.5046829068797446,1.0,1.0,handcrafted ceramics,0.975,True
q-cereal bowl set - fish design,homeware,46.8,1,1,78,168.30123076923078,1,0.1598360655737705,0.7219271629326478,1.0,1.0,homeware,0.955,True
q-cereal bowl set – black & natural,homeware,46.8,1,1,78,168.30123076923078,1,0.1598360655737705,0.7219271629326478,1.0,1.0,homeware,0.915,True
q-cereal bowl set – black design,homeware,46.8,1,1,78,168.30123076923078,1,0.1598360655737705,0.7219271629326478,1.0,1.0,homeware,0.93,True
q-cereal bowl set – blue & natural,homeware,46.8,1,1,78,168.30123076923078,1,0.1598360655737705,0.7219271629326478,1.0,1.0,homeware,0.945,True
q-cereal bowl set – mediterranean blue,homeware,46.8,1,1,78,168.30123076923078,1,0.1598360655737705,0.7219271629326478,1.0,1.0,homeware,0.87,True
q-cereal bowl set – red & natural,homeware,46.8,1,1,78,168.30123076923078,1,0.1598360655737705,0.7219271629326478,1.0,1.0,homeware,0.935,True
q-cereal bowl set – sky blue color,homeware,46.8,1,1,78,168.30123076923078,1,0.1598360655737705,0.7219271629326478,1.0,1.0,homeware,0.925,True
q-cereal bowl set – terra red,homeware,46.8,1,1,78,168.30123076923078,1,0.1598360655737705,0.7219271629326478,1.0,1.0,homeware,0.92,True
q-classic blue band fouta with ecru fringes – timeless tunisian craft,fouta towel & blankets,10.92,1,1,46,66.55308695652174,1,0.0942622950819672,0.8359204458381572,1.0,1.0,fouta towel & blankets,0.855,True
q-classic blue striped fouta bath & beach towels,fouta towel & blankets,14.04,1,1,46,66.55308695652174,1,0.0942622950819672,0.7890405775135161,1.0,1.0,fouta towel & blankets,0.96,True
q-classic brown striped fouta,fouta towel & blankets,14.04,1,1,46,66.55308695652174,1,0.0942622950819672,0.7890405775135161,1.0,1.0,fouta towel & blankets,0.995,True
q-classic gray striped fouta,fouta towel & blankets,14.04,1,1,46,66.55308695652174,1,0.0942622950819672,0.7890405775135161,1.0,1.0,fouta towel & blankets,0.995,True
q-classic light blue & white fouta,fouta towel & blankets,11.7,1,1,46,66.55308695652174,1,0.0942622950819672,0.8242004787569969,1.0,1.0,fouta towel & blankets,0.955,True
q-classic light green & white fouta,fouta towel & blankets,11.7,1,1,46,66.55308695652174,1,0.0942622950819672,0.8242004787569969,1.0,1.0,fouta towel & blankets,0.955,True
q-classic red & white fouta,fouta towel & blankets,11.7,1,1,46,66.55308695652174,1,0.0942622950819672,0.8242004787569969,1.0,1.0,fouta towel & blankets,0.97,True
q-classic white band fouta with ecru fringes,fouta towel & blankets,10.92,1,1,46,66.55308695652174,1,0.0942622950819672,0.8359204458381572,1.0,1.0,fouta towel & blankets,0.99,True
q-clear glass candle handmade,homeware,17.16,1,1,78,168.30123076923078,1,0.1598360655737705,0.898039955978877,1.0,1.0,homeware,0.67,True
q-collection faiences bleu and white designed by sofiane ben amor,accessories,46.8,1,1,154,101.48167532467532,1,0.3155737704918033,0.5388329923692781,1.0,1.0,accessories,0.85,True
q-collection faiences designed by sofiane ben amor,accessories,56.16,1,1,154,101.48167532467532,1,0.3155737704918033,0.44659959281393286,1.0,1.0,accessories,0.73,True
q-collection of bowl ceramics handmade,handcrafted ceramics,15.6,1,1,262,31.49497709923664,1,0.5368852459016393,0.5046829068797446,1.0,1.0,handcrafted ceramics,0.98,True
q-collection of ceramics handmade plates with different forms,handcrafted ceramics,21.84,1,1,262,31.49497709923664,1,0.5368852459016393,0.30655608233207987,1.0,1.0,handcrafted ceramics,0.92,True
q-colorful geometric pattern small carpet.,rugs & kilim,402.48,1,1,130,236.3099076923077,1,0.26639344262295084,0.7031871546446984,1.0,1.0,rugs & kilim,0.81,True
q-colorful handmade rug,rugs & kilim,305.76,1,1,130,236.3099076923077,1,0.26639344262295084,0.2938941184989465,1.0,1.0,rugs & kilim,0.99,True
q-colorful striped carpet sample,accessories,62.4,1,1,154,101.48167532467532,1,0.3155737704918033,0.38511065977703596,1.0,1.0,accessories,0.775,True
q-colorful traditional fan in natural palm fiber,accessories,21.84,1,1,154,101.48167532467532,1,0.3155737704918033,0.7847887245168654,1.0,1.0,accessories,0.695,True
q-colorful tunisian handmade kilim,rugs & kilim,299.52,1,1,130,236.3099076923077,1,0.26639344262295084,0.26748811616696244,1.0,1.0,rugs & kilim,0.875,True
q-contemporary black raffia pendant lamp handmade in tunisia,homeware,414.48,1,1,78,168.30123076923078,1,0.1598360655737705,1.4627270795517504,1.0,1.0,homeware,1.0,True
q-cookware set tajine pot tajine cooking,handcrafted ceramics,76.44,1,1,262,31.49497709923664,1,0.5368852459016393,1.4270536324599863,1.0,1.0,handcrafted ceramics,0.885,True
q-coral area rug made by kerkenniens.,accessories,171.6,1,1,154,101.48167532467532,1,0.3155737704918033,0.6909456683686587,1.0,1.0,rugs & kilim,0.46,False
q-cushion handmade embroidery tilli tanit,homeware,78.0,1,1,78,168.30123076923078,1,0.1598360655737705,0.5365452755155644,1.0,1.0,homeware,0.475,True
q-cushion with leaf embroidery handmade tilli tanit,homeware,249.6,1,1,78,168.30123076923078,1,0.1598360655737705,0.4830551052783943,1.0,1.0,homeware,0.69,True
q-cylindrical large blown vase glass mouth blown locally available recycled,social projects,28.08,1,1,47,143.25702127659574,1,0.09631147540983606,0.8039886593078551,1.0,1.0,social projects,0.875,True
q-cylindrical luster / lampshade with calligraphy,accessories,414.48,1,1,154,101.48167532467532,1,0.3155737704918033,3.08428413888172,1.0,1.0,accessories,0.9,True
q-dark blue halfa rug with orange stripes,rugs & kilim,156.0,1,1,130,236.3099076923077,1,0.26639344262295084,0.33984993746866915,1.0,1.0,rugs & kilim,0.96,True
q-decorated ceramic deep salad profond,handcrafted ceramics,37.44,1,1,262,31.49497709923664,1,0.5368852459016393,0.18876097903708183,1.0,1.0,handcrafted ceramics,0.975,True
q-decorated ceramic olive oil pourer,handcrafted ceramics,15.6,1,1,262,31.49497709923664,1,0.5368852459016393,0.5046829068797446,1.0,1.0,handcrafted ceramics,1.0,True
q-decorated ceramic tajine,handcrafted ceramics,76.44,1,1,262,31.49497709923664,1,0.5368852459016393,1.4270536324599863,1.0,1.0,handcrafted ceramics,0.925,True
q-decorated deep salad bowl,handcrafted ceramics,37.44,1,1,262,31.49497709923664,1,0.5368852459016393,0.18876097903708183,1.0,1.0,handcrafted ceramics,0.955,True
q-decorated oval plate,handcrafted ceramics,15.6,1,1,262,31.49497709923664,1,0.5368852459016393,0.5046829068797446,1.0,1.0,handcrafted ceramics,0.875,True
q-decorated oval plate : blue ceramics,handcrafted ceramics,34.32,1,1,262,31.49497709923664,1,0.5368852459016393,0.08969756676324957,1.0,1.0,handcrafted ceramics,0.905,True
q-decorated rectangular dish,handcrafted ceramics,21.84,1,1,262,31.49497709923664,1,0.5368852459016393,0.30655608233207987,1.0,1.0,handcrafted ceramics,0.555,True
q-decorative ceramic oil bottle from tunisia,handcrafted ceramics,15.6,1,1,262,31.49497709923664,1,0.5368852459016393,0.5046829068797446,1.0,1.0,handcrafted ceramics,0.985,True
q-decorative olive wood heart plate 1,olive wood,21.84,1,1,152,40.29213157894736,1,0.3114754098360656,0.45795867326686507,1.0,1.0,olive wood,1.0,True
q-decorative plate home deco painted in tunisia,handcrafted ceramics,15.6,1,1,262,31.49497709923664,1,0.5368852459016393,0.5046829068797446,1.0,1.0,handcrafted ceramics,0.645,True
q-deep ceramic bowl,handcrafted ceramics,5.616,1,1,262,31.49497709923664,1,0.5368852459016393,0.821685826156008,1.0,1.0,handcrafted ceramics,0.895,True
q-deep salad bowl blue color,handcrafted ceramics,34.32,1,1,262,31.49497709923664,1,0.5368852459016393,0.08969756676324957,1.0,1.0,handcrafted ceramics,0.935,True
q-deep salad bowl green color,handcrafted ceramics,34.32,1,1,262,31.49497709923664,1,0.5368852459016393,0.08969756676324957,1.0,1.0,handcrafted ceramics,0.96,True
q-demi-sphere ceiling light handmade in tunisia,homeware,414.48,1,1,78,168.30123076923078,1,0.1598360655737705,1.4627270795517504,1.0,1.0,homeware,0.955,True
q-diamond rug with high pile pattern,rugs & kilim,312.0,1,1,130,236.3099076923077,1,0.26639344262295084,0.3203001208309305,1.0,1.0,rugs & kilim,0.995,True
q-dinnerware sets round serving deep plates and bowls,handcrafted ceramics,43.68,1,1,262,31.49497709923664,1,0.5368852459016393,0.3868878035847466,1.0,1.0,handcrafted ceramics,0.745,True
q-dome-shaped ceiling lamp handmade in tunisia,homeware,414.48,1,1,78,168.30123076923078,1,0.1598360655737705,1.4627270795517504,1.0,1.0,homeware,0.995,True
q-double sided sejnan carpet with geometric patterns.,social projects,414.48,1,1,47,143.25702127659574,1,0.09631147540983606,1.8932613174084845,1.0,1.0,social projects,0.7,True
q-drawstring bucket bag small couffin in jommar leaf,homeware,37.44,1,1,78,168.30123076923078,1,0.1598360655737705,0.7775417291577728,1.0,1.0,homeware,0.695,True
q-duo bowl ceramics handmade and olive wood bowl,olive wood,18.72,1,1,152,40.29213157894736,1,0.3114754098360656,0.5353931449689213,1.0,1.0,olive wood,0.94,True
q-ethnic chic beige jute suspension handmade in tunisia,homeware,414.48,1,1,78,168.30123076923078,1,0.1598360655737705,1.4627270795517504,1.0,1.0,homeware,0.87,True
q-ethnic chic bell ceiling light handmade in tunisia,homeware,405.6,1,1,78,168.30123076923078,1,0.1598360655737705,1.4099645423638114,1.0,1.0,homeware,0.975,True
q-ethnic chic natural fiber cage lamp handmade in tunisia,homeware,414.48,1,1,78,168.30123076923078,1,0.1598360655737705,1.4627270795517504,1.0,1.0,homeware,0.68,True
q-ethnic chic olive wood bedside lamp handmade in tunisia,homeware,414.48,1,1,78,168.30123076923078,1,0.1598360655737705,1.4627270795517504,1.0,1.0,homeware,0.75,True
q-ethnic rattan floor lamp handmade in tunisia,homeware,414.48,1,1,78,168.30123076923078,1,0.1598360655737705,1.4627270795517504,1.0,1.0,homeware,0.98,True
q-fair trade handmade brown hat,accessories,46.8,1,1,154,101.48167532467532,1,0.3155737704918033,0.5388329923692781,1.0,1.0,accessories,0.955,True
q-fair trade handmade hat,accessories,46.8,1,1,154,101.48167532467532,1,0.3155737704918033,0.5388329923692781,1.0,1.0,accessories,0.97,True
q-fair trade tunisian fouta / striped fouta,accessories,18.72,1,1,154,101.48167532467532,1,0.3155737704918033,0.8155331910353139,1.0,1.0,accessories,0.775,True
q-fair-trade handmade hat colorful,accessories,78.0,1,1,154,101.48167532467532,1,0.3155737704918033,0.23138832718479385,1.0,1.0,accessories,0.97,True
q-fair-trade handmade hat natural color,accessories,78.0,1,1,154,101.48167532467532,1,0.3155737704918033,0.23138832718479385,1.0,1.0,accessories,0.96,True
q-fair-trade handmade hat pink color,accessories,78.0,1,1,154,101.48167532467532,1,0.3155737704918033,0.23138832718479385,1.0,1.0,accessories,0.975,True
q-fair-trade handmade hat with red flowers,accessories,78.0,1,1,154,101.48167532467532,1,0.3155737704918033,0.23138832718479385,1.0,1.0,accessories,0.96,True
q-fiber and glass pitcher,accessories,46.8,1,1,154,101.48167532467532,1,0.3155737704918033,0.5388329923692781,1.0,1.0,accessories,0.89,True
q-fiber and leather handmade bag,accessories,40.56,1,1,154,101.48167532467532,1,0.3155737704918033,0.6003219254061749,1.0,1.0,accessories,0.95,True
q-fiber and leather handmade pouch with blue color,accessories,15.6,1,1,154,101.48167532467532,1,0.3155737704918033,0.8462776575537623,1.0,1.0,accessories,0.95,True
q-fiber and leather handmade pouch with brown color,accessories,24.96,1,1,154,101.48167532467532,1,0.3155737704918033,0.754044257998417,1.0,1.0,accessories,0.99,True
q-fiber and leather handmade pouch with brown design,accessories,68.64,1,1,154,101.48167532467532,1,0.3155737704918033,0.3236217267401391,1.0,1.0,accessories,0.98,True
q-fiber and leather handmade pouch with red color,accessories,37.44,1,1,154,101.48167532467532,1,0.3155737704918033,0.6310663919246233,1.0,1.0,accessories,0.995,True
q-floral ceramic bowl,handcrafted ceramics,9.984,1,1,262,31.49497709923664,1,0.5368852459016393,0.6829970489726428,1.0,1.0,handcrafted ceramics,0.88,True
q-floral ceramic butter dish,handcrafted ceramics,15.6,1,1,262,31.49497709923664,1,0.5368852459016393,0.5046829068797446,1.0,1.0,handcrafted ceramics,0.985,True
q-floral ceramic camel oil bottle,handcrafted ceramics,21.84,1,1,262,31.49497709923664,1,0.5368852459016393,0.30655608233207987,1.0,1.0,handcrafted ceramics,0.98,True
q-floral ceramic champagne glass,handcrafted ceramics,15.6,1,1,262,31.49497709923664,1,0.5368852459016393,0.5046829068797446,1.0,1.0,handcrafted ceramics,0.99,True
q-floral ceramic cup,handcrafted ceramics,9.36,1,1,262,31.49497709923664,1,0.5368852459016393,0.7028097314274092,1.0,1.0,handcrafted ceramics,0.94,True
q-floral ceramic cup and saucer,handcrafted ceramics,15.6,1,1,262,31.49497709923664,1,0.5368852459016393,0.5046829068797446,1.0,1.0,handcrafted ceramics,0.885,True
q-floral ceramic fish dish,handcrafted ceramics,21.84,1,1,262,31.49497709923664,1,0.5368852459016393,0.30655608233207987,1.0,1.0,handcrafted ceramics,0.94,True
q-floral ceramic hexagonal dish,handcrafted ceramics,31.2,1,1,262,31.49497709923664,1,0.5368852459016393,0.009365845510582817,1.0,1.0,handcrafted ceramics,0.955,True
q-floral ceramic napkin holder,handcrafted ceramics,15.6,1,1,262,31.49497709923664,1,0.5368852459016393,0.5046829068797446,1.0,1.0,handcrafted ceramics,0.985,True
q-floral ceramic plate,handcrafted ceramics,15.6,1,1,262,31.49497709923664,1,0.5368852459016393,0.5046829068797446,1.0,1.0,handcrafted ceramics,1.0,True
q-floral ceramic rectangular dish plate,handcrafted ceramics,31.2,1,1,262,31.49497709923664,1,0.5368852459016393,0.009365845510582817,1.0,1.0,handcrafted ceramics,0.97,True
q-floral ceramic seashell bowl,handcrafted ceramics,18.72,1,1,262,31.49497709923664,1,0.5368852459016393,0.40561949460591223,1.0,1.0,handcrafted ceramics,0.985,True
q-floral handmade tunisian kairouan carpet,rugs & kilim,305.76,1,1,130,236.3099076923077,1,0.26639344262295084,0.2938941184989465,1.0,1.0,rugs & kilim,0.98,True
q-floral ornament rug,rugs & kilim,352.56,1,1,130,236.3099076923077,1,0.26639344262295084,0.49193913598882644,1.0,1.0,rugs & kilim,0.995,True
q-fouta chevron db – beige handwoven tunisian towel,fouta towel & blankets,14.04,1,1,46,66.55308695652174,1,0.0942622950819672,0.7890405775135161,1.0,1.0,fouta towel & blankets,0.835,True
q-fouta with small drawing,fouta towel & blankets,13.042,1,1,46,66.55308695652174,1,0.0942622950819672,0.8040361251378724,1.0,1.0,fouta towel & blankets,0.995,True
q-fouta with stars,fouta towel & blankets,13.042,1,1,46,66.55308695652174,1,0.0942622950819672,0.8040361251378724,1.0,1.0,fouta towel & blankets,0.985,True
q-framed handmade wool rug wall decoration,rugs & kilim,296.4,1,1,130,236.3099076923077,1,0.26639344262295084,0.25428511500097045,1.0,1.0,rugs & kilim,0.99,True
q-fringed cotton blanket,accessories,62.4,1,1,154,101.48167532467532,1,0.3155737704918033,0.38511065977703596,1.0,1.0,accessories,0.785,True
q-fringed cotton blankets & throws,accessories,59.28,1,1,154,101.48167532467532,1,0.3155737704918033,0.4158551262954844,1.0,1.0,accessories,0.43,True
q-genuine tunisian ceramic olive oil carafe,handcrafted ceramics,12.48,1,1,262,31.49497709923664,1,0.5368852459016393,0.6037463191535769,1.0,1.0,handcrafted ceramics,0.99,True
q-geometric diamond lamp handmade in tunisia,homeware,414.48,1,1,78,168.30123076923078,1,0.1598360655737705,1.4627270795517504,1.0,1.0,homeware,0.96,True
q-gray and yellow area rug with triangle pattern,rugs & kilim,78.0,1,1,130,236.3099076923077,1,0.26639344262295084,0.669924966618469,1.0,1.0,rugs & kilim,0.91,True
q-green and white cushion handmade in tunisia,homeware,78.0,1,1,78,168.30123076923078,1,0.1598360655737705,0.5365452755155644,1.0,1.0,homeware,0.57,True
q-green blown glass bowl – handmade artisan craft,handcrafted ceramics,10.92,1,1,262,31.49497709923664,1,0.5368852459016393,0.6532780252904932,1.0,1.0,handcrafted ceramics,0.96,True
q-green blown glass cup,handcrafted ceramics,9.204,1,1,262,31.49497709923664,1,0.5368852459016393,0.7077629020411008,1.0,1.0,handcrafted ceramics,0.93,True
q-green fouta palm tree,fouta towel & blankets,13.042,1,1,46,66.55308695652174,1,0.0942622950819672,0.8040361251378724,1.0,1.0,fouta towel & blankets,0.925,True
q-green handmade carpet with geometric shapes,rugs & kilim,305.76,1,1,130,236.3099076923077,1,0.26639344262295084,0.2938941184989465,1.0,1.0,rugs & kilim,0.99,True
q-green handmade rug – tunisian artisan carpet,rugs & kilim,249.6,1,1,130,236.3099076923077,1,0.26639344262295084,0.05624009751109062,1.0,1.0,rugs & kilim,0.9,True
q-green plate-kitchen deco-handmade in tunisia,handcrafted ceramics,15.6,1,1,262,31.49497709923664,1,0.5368852459016393,0.5046829068797446,1.0,1.0,handcrafted ceramics,0.855,True
q-green-fouta-fairtrade-towel,fouta towel & blankets,19.438,1,1,46,66.55308695652174,1,0.0942622950819672,0.707932395072358,1.0,1.0,fouta towel & blankets,0.635,True
q-grey and turquoise handmade carpet with yellow stripes,rugs & kilim,62.4,1,1,130,236.3099076923077,1,0.26639344262295084,0.735939972448429,1.0,1.0,rugs & kilim,0.77,True
q-grey and white artisan cushion handmade in tunisia,homeware,62.4,1,1,78,168.30123076923078,1,0.1598360655737705,0.629236219224106,1.0,1.0,homeware,0.815,True
q-grey and white geometric pattern small carpet.,accessories,399.36,1,1,154,101.48167532467532,1,0.3155737704918033,2.9352917242153933,1.0,1.0,accessories,0.745,True
q-grey and white tunisian margoum,rugs & kilim,180.96,1,1,130,236.3099076923077,1,0.26639344262295084,0.23422592814073318,1.0,1.0,rugs & kilim,0.785,True
q-grey artisan cushion handmade in tunisia,homeware,78.0,1,1,78,168.30123076923078,1,0.1598360655737705,0.5365452755155644,1.0,1.0,homeware,0.865,True
q-grey baroque sofa bed throw,fouta towel & blankets,224.64,1,1,46,66.55308695652174,1,0.0942622950819672,2.375350534399762,1.0,1.0,fouta towel & blankets,0.81,True
q-grey rug with colorful pompoms,rugs & kilim,56.16,1,1,130,236.3099076923077,1,0.26639344262295084,0.762345974780413,1.0,1.0,rugs & kilim,0.92,True
q-halfa basket set of 3 – handwoven in tunisia,homeware,78.0,1,1,78,168.30123076923078,1,0.1598360655737705,0.5365452755155644,1.0,1.0,homeware,0.8,True
q-halfa basket – handmade in tunisia,homeware,54.6,1,1,78,168.30123076923078,1,0.1598360655737705,0.675581691078377,1.0,1.0,homeware,0.435,True
q-halfa box with ceramics & olive wood bowls,olive wood,177.84,1,1,152,40.29213157894736,1,0.3114754098360656,3.41376491183595,1.0,1.0,olive wood,0.95,True
q-halfa box with ceramics & olive wood round bowls,olive wood,121.68,1,1,152,40.29213157894736,1,0.3114754098360656,2.019944421198937,1.0,1.0,olive wood,0.94,True
q-halfa box with ceramics bowls & olive wood spoons,olive wood,171.6,1,1,152,40.29213157894736,1,0.3114754098360656,3.2588959684318373,1.0,1.0,olive wood,0.93,True
q-halfa rug with blue color,rugs & kilim,53.04,1,1,130,236.3099076923077,1,0.26639344262295084,0.775548975946405,1.0,1.0,rugs & kilim,0.965,True
q-halfa rug with red color,rugs & kilim,53.04,1,1,130,236.3099076923077,1,0.26639344262295084,0.775548975946405,1.0,1.0,rugs & kilim,0.955,True
q-hand painted ceramic bowl,handcrafted ceramics,15.6,1,1,262,31.49497709923664,1,0.5368852459016393,0.5046829068797446,1.0,1.0,handcrafted ceramics,0.985,True
q-hand painted ceramic tile coaster,accessories,6.24,1,1,154,101.48167532467532,1,0.3155737704918033,0.9385110571091075,1.0,1.0,accessories,0.7,True
q-hand woven striped kilim flat weave reversible berber rug,accessories,390.0,1,1,154,101.48167532467532,1,0.3155737704918033,2.843058324660048,1.0,1.0,accessories,0.68,True
q-hand-painted tunisian ceramic tagine,handcrafted ceramics,49.92,1,1,262,31.49497709923664,1,0.5368852459016393,0.5850146281324113,1.0,1.0,handcrafted ceramics,0.915,True
q-hand-painted tunisian tajine floral decorated ceramic cookware,accessories,49.92,1,1,154,101.48167532467532,1,0.3155737704918033,0.5080885258508296,1.0,1.0,accessories,0.62,True
q-hand-woven cotton and linen scarf with pompon fringes,accessories,46.8,1,1,154,101.48167532467532,1,0.3155737704918033,0.5388329923692781,1.0,1.0,accessories,0.77,True
q-handcarved olive wood salt cellar with magnetic lid,olive wood,18.72,1,1,152,40.29213157894736,1,0.3114754098360656,0.5353931449689213,1.0,1.0,olive wood,0.99,True
q-handcrafted ceramic wall tiles,handcrafted ceramics,15.6,1,1,262,31.49497709923664,1,0.5368852459016393,0.5046829068797446,1.0,1.0,handcrafted ceramics,0.99,True
q-handcrafted fish-shaped candle holder olive wood,olive wood,15.6,1,1,152,40.29213157894736,1,0.3114754098360656,0.6128276166709776,1.0,1.0,olive wood,0.99,True
q-handcrafted grey carpet.,accessories,414.48,1,1,154,101.48167532467532,1,0.3155737704918033,3.08428413888172,1.0,1.0,accessories,0.735,True
q-handcrafted heart-shaped candle holder olive wood,olive wood,15.6,1,1,152,40.29213157894736,1,0.3114754098360656,0.6128276166709776,1.0,1.0,olive wood,1.0,True
q-handcrafted large olive wood comb,olive wood,15.6,1,1,152,40.29213157894736,1,0.3114754098360656,0.6128276166709776,1.0,1.0,olive wood,0.835,True
q-handcrafted olive wood chopsticks,olive wood,7.8,1,1,152,40.29213157894736,1,0.3114754098360656,0.8064137959261185,1.0,1.0,olive wood,0.995,True
q-handcrafted olive wood cooking spoon,olive wood,15.6,1,1,152,40.29213157894736,1,0.3114754098360656,0.6128276166709776,1.0,1.0,olive wood,0.975,True
q-handcrafted olive wood fatma hand,olive wood,15.6,1,1,152,40.29213157894736,1,0.3114754098360656,0.6128276166709776,1.0,1.0,olive wood,0.995,True
q-handcrafted olive wood honey dipper stick,olive wood,9.36,1,1,152,40.29213157894736,1,0.3114754098360656,0.7676965600750902,1.0,1.0,olive wood,1.0,True
q-handcrafted olive wood mini salt spoons,olive wood,1.404,1,1,152,40.29213157894736,1,0.3114754098360656,0.9651544629153339,1.0,1.0,olive wood,0.96,True
q-handcrafted olive wood pepper & salt mill set,olive wood,37.44,1,1,152,40.29213157894736,1,0.3114754098360656,0.0707863147565836,1.0,1.0,olive wood,0.89,True
q-handcrafted olive wood round dish,olive wood,24.96,1,1,152,40.29213157894736,1,0.3114754098360656,0.3805242015648087,1.0,1.0,olive wood,0.99,True
q-handcrafted olive wood rustic chess board,olive wood,87.36,1,1,152,40.29213157894736,1,0.3114754098360656,1.1681652324763172,1.0,1.0,olive wood,0.955,True
q-handcrafted olive wood salt and pepper shakers,olive wood,18.72,1,1,152,40.29213157894736,1,0.3114754098360656,0.5353931449689213,1.0,1.0,olive wood,0.985,True
q-handcrafted olive wood scissors,olive wood,15.6,1,1,152,40.29213157894736,1,0.3114754098360656,0.6128276166709776,1.0,1.0,olive wood,1.0,True
q-handcrafted olive wood serving board with handle,accessories,43.68,1,1,154,101.48167532467532,1,0.3155737704918033,0.5695774588877265,1.0,1.0,accessories,0.75,True
q-handcrafted olive wood serving tray rustic elegance,olive wood,21.84,1,1,152,40.29213157894736,1,0.3114754098360656,0.45795867326686507,1.0,1.0,olive wood,0.955,True
q-handcrafted olive wood soap dish,olive wood,28.08,1,1,152,40.29213157894736,1,0.3114754098360656,0.3030897298627525,1.0,1.0,olive wood,1.0,True
q-handcrafted olive wood tray with 3 pockets,olive wood,28.08,1,1,152,40.29213157894736,1,0.3114754098360656,0.3030897298627525,1.0,1.0,olive wood,0.995,True
q-handcrafted olive wood tray with faience tile inlay,olive wood,85.8,1,1,152,40.29213157894736,1,0.3114754098360656,1.129447996625289,1.0,1.0,olive wood,0.975,True
q-handcrafted pear-shaped candle holder olive wood,olive wood,15.6,1,1,152,40.29213157894736,1,0.3114754098360656,0.6128276166709776,1.0,1.0,olive wood,1.0,True
q-handcrafted rectangular olive wood holder,olive wood,29.64,1,1,152,40.29213157894736,1,0.3114754098360656,0.2643724940117243,1.0,1.0,olive wood,1.0,True
q-handcrafted slotted olive wood spoon,olive wood,15.6,1,1,152,40.29213157894736,1,0.3114754098360656,0.6128276166709776,1.0,1.0,olive wood,0.97,True
q-handcrafted trio ceramic snack plate blue color,handcrafted ceramics,34.32,1,1,262,31.49497709923664,1,0.5368852459016393,0.08969756676324957,1.0,1.0,handcrafted ceramics,0.975,True
q-handcrafted trio ceramic snack plate green color,handcrafted ceramics,34.32,1,1,262,31.49497709923664,1,0.5368852459016393,0.08969756676324957,1.0,1.0,handcrafted ceramics,0.97,True
q-handcrafted tunisian olive oil bottle,handcrafted ceramics,12.48,1,1,262,31.49497709923664,1,0.5368852459016393,0.6037463191535769,1.0,1.0,handcrafted ceramics,0.955,True
q-handmade baroque sofa bed throw,fouta towel & blankets,224.64,1,1,46,66.55308695652174,1,0.0942622950819672,2.375350534399762,1.0,1.0,fouta towel & blankets,0.935,True
q-handmade berber fouta towel : authentic tunisian craftsmanship,fouta towel & blankets,18.72,1,1,46,66.55308695652174,1,0.0942622950819672,0.7187207750265543,1.0,1.0,fouta towel & blankets,0.91,True
q-handmade black & white bathroom rug,rugs & kilim,46.8,1,1,130,236.3099076923077,1,0.26639344262295084,0.801954978278389,1.0,1.0,rugs & kilim,0.88,True
q-handmade blanket with grey color,fouta towel & blankets,234.0,1,1,46,66.55308695652174,1,0.0942622950819672,2.5159901393736854,1.0,1.0,fouta towel & blankets,0.8,True
q-handmade blue and light brown hoop chair,homeware,234.0,1,1,78,168.30123076923078,1,0.1598360655737705,0.3903641615698526,1.0,1.0,homeware,0.705,True
q-handmade blue and white ceramic bowl,handcrafted ceramics,14.04,1,1,262,31.49497709923664,1,0.5368852459016393,0.5542146130166608,1.0,1.0,handcrafted ceramics,0.825,True
q-handmade blue ceramic oval plate,handcrafted ceramics,21.84,1,1,262,31.49497709923664,1,0.5368852459016393,0.30655608233207987,1.0,1.0,handcrafted ceramics,0.985,True
q-handmade blue pattern ceramic bowl,accessories,9.36,1,1,154,101.48167532467532,1,0.3155737704918033,0.9077665905906591,1.0,1.0,accessories,0.8,True
q-handmade brown decorated kairouan carpet,rugs & kilim,305.76,1,1,130,236.3099076923077,1,0.26639344262295084,0.2938941184989465,1.0,1.0,rugs & kilim,0.925,True
q-handmade carpet geometric with blue and white color,rugs & kilim,249.6,1,1,130,236.3099076923077,1,0.26639344262295084,0.05624009751109062,1.0,1.0,rugs & kilim,0.83,True
q-handmade ceramic bottle with a fish design,handcrafted ceramics,14.04,1,1,262,31.49497709923664,1,0.5368852459016393,0.5542146130166608,1.0,1.0,handcrafted ceramics,0.95,True
q-handmade ceramic bowl,handcrafted ceramics,15.6,1,1,262,31.49497709923664,1,0.5368852459016393,0.5046829068797446,1.0,1.0,handcrafted ceramics,0.995,True
q-handmade ceramic bread basket,handcrafted ceramics,24.96,1,1,262,31.49497709923664,1,0.5368852459016393,0.20749267005824745,1.0,1.0,handcrafted ceramics,0.98,True
q-handmade ceramic cup & saucer,handcrafted ceramics,15.6,1,1,262,31.49497709923664,1,0.5368852459016393,0.5046829068797446,1.0,1.0,handcrafted ceramics,0.99,True
q-handmade ceramic decorated cup,handcrafted ceramics,9.36,1,1,262,31.49497709923664,1,0.5368852459016393,0.7028097314274092,1.0,1.0,handcrafted ceramics,0.955,True
q-handmade ceramic dish - elegant blue & white,handcrafted ceramics,12.48,1,1,262,31.49497709923664,1,0.5368852459016393,0.6037463191535769,1.0,1.0,handcrafted ceramics,0.95,True
q-handmade ceramic egg cup,handcrafted ceramics,21.84,1,1,262,31.49497709923664,1,0.5368852459016393,0.30655608233207987,1.0,1.0,handcrafted ceramics,1.0,True
q-handmade ceramic jar with spoons,handcrafted ceramics,37.44,1,1,262,31.49497709923664,1,0.5368852459016393,0.18876097903708183,1.0,1.0,handcrafted ceramics,0.86,True
q-handmade ceramic octagonal dish,handcrafted ceramics,24.96,1,1,262,31.49497709923664,1,0.5368852459016393,0.20749267005824745,1.0,1.0,handcrafted ceramics,0.995,True
q-handmade ceramic oil bottle from tunisia,handcrafted ceramics,15.6,1,1,262,31.49497709923664,1,0.5368852459016393,0.5046829068797446,1.0,1.0,handcrafted ceramics,0.99,True
q-handmade ceramic oval oven tray,handcrafted ceramics,37.44,1,1,262,31.49497709923664,1,0.5368852459016393,0.18876097903708183,1.0,1.0,handcrafted ceramics,0.955,True
q-handmade ceramic oval plate,handcrafted ceramics,15.6,1,1,262,31.49497709923664,1,0.5368852459016393,0.5046829068797446,1.0,1.0,handcrafted ceramics,1.0,True
q-handmade ceramic oval plate green,handcrafted ceramics,15.6,1,1,262,31.49497709923664,1,0.5368852459016393,0.5046829068797446,1.0,1.0,handcrafted ceramics,0.99,True
q-handmade ceramic serving plate,handcrafted ceramics,23.4,1,1,262,31.49497709923664,1,0.5368852459016393,0.2570243761951637,1.0,1.0,handcrafted ceramics,0.995,True
q-handmade ceramic square soup tureen,handcrafted ceramics,43.68,1,1,262,31.49497709923664,1,0.5368852459016393,0.3868878035847466,1.0,1.0,handcrafted ceramics,0.95,True
q-handmade ceramic tajine,handcrafted ceramics,49.92,1,1,262,31.49497709923664,1,0.5368852459016393,0.5850146281324113,1.0,1.0,handcrafted ceramics,0.99,True
q-handmade ceramic tajine with traditional design,handcrafted ceramics,76.44,1,1,262,31.49497709923664,1,0.5368852459016393,1.4270536324599863,1.0,1.0,handcrafted ceramics,0.91,True
q-handmade ceramic tepsi dish,handcrafted ceramics,68.64,1,1,262,31.49497709923664,1,0.5368852459016393,1.1793951017754056,1.0,1.0,handcrafted ceramics,0.935,True
q-handmade ceramic trivets,handcrafted ceramics,15.6,1,1,262,31.49497709923664,1,0.5368852459016393,0.5046829068797446,1.0,1.0,handcrafted ceramics,0.995,True
q-handmade ceramics blue octogonal dish,handcrafted ceramics,15.6,1,1,262,31.49497709923664,1,0.5368852459016393,0.5046829068797446,1.0,1.0,handcrafted ceramics,0.99,True
q-handmade ceramics bowl,handcrafted ceramics,15.6,1,1,262,31.49497709923664,1,0.5368852459016393,0.5046829068797446,1.0,1.0,handcrafted ceramics,0.99,True
q-handmade ceramics decorated plate,handcrafted ceramics,21.84,1,1,262,31.49497709923664,1,0.5368852459016393,0.30655608233207987,1.0,1.0,handcrafted ceramics,0.99,True
q-handmade ceramics flat plate,handcrafted ceramics,24.96,1,1,262,31.49497709923664,1,0.5368852459016393,0.20749267005824745,1.0,1.0,handcrafted ceramics,0.99,True
q-handmade ceramics octogonal dish,handcrafted ceramics,12.48,1,1,262,31.49497709923664,1,0.5368852459016393,0.6037463191535769,1.0,1.0,handcrafted ceramics,0.96,True
q-handmade ceramics oval plate,handcrafted ceramics,34.32,1,1,262,31.49497709923664,1,0.5368852459016393,0.08969756676324957,1.0,1.0,handcrafted ceramics,0.98,True
q-handmade ceramics tea-pot,handcrafted ceramics,43.68,1,1,262,31.49497709923664,1,0.5368852459016393,0.3868878035847466,1.0,1.0,handcrafted ceramics,0.93,True
q-handmade classic blue band fouta with ecru fringes,fouta towel & blankets,10.92,1,1,46,66.55308695652174,1,0.0942622950819672,0.8359204458381572,1.0,1.0,fouta towel & blankets,0.96,True
q-handmade cotton fouta towel/ diamond patterns,accessories,21.84,1,1,154,101.48167532467532,1,0.3155737704918033,0.7847887245168654,1.0,1.0,accessories,0.7,True
q-handmade dark orange blanket - tunisia fair trade,accessories,218.4,1,1,154,101.48167532467532,1,0.3155737704918033,1.152112666145385,1.0,1.0,accessories,0.795,True
q-handmade decorated ashtray,handcrafted ceramics,21.84,1,1,262,31.49497709923664,1,0.5368852459016393,0.30655608233207987,1.0,1.0,handcrafted ceramics,0.9,True
q-handmade decorated berber gray kilim,rugs & kilim,305.76,1,1,130,236.3099076923077,1,0.26639344262295084,0.2938941184989465,1.0,1.0,rugs & kilim,0.875,True
q-handmade decorated carpet,rugs & kilim,305.76,1,1,130,236.3099076923077,1,0.26639344262295084,0.2938941184989465,1.0,1.0,rugs & kilim,0.98,True
q-handmade decorated carpet with geometric shapes,rugs & kilim,249.6,1,1,130,236.3099076923077,1,0.26639344262295084,0.05624009751109062,1.0,1.0,rugs & kilim,0.915,True
q-handmade decorated ceramic bowl,handcrafted ceramics,15.6,1,1,262,31.49497709923664,1,0.5368852459016393,0.5046829068797446,1.0,1.0,handcrafted ceramics,0.995,True
q-handmade decorated ceramic cup : khat design,handcrafted ceramics,15.6,1,1,262,31.49497709923664,1,0.5368852459016393,0.5046829068797446,1.0,1.0,handcrafted ceramics,1.0,True
q-handmade decorated ceramic dinner plate,handcrafted ceramics,15.6,1,1,262,31.49497709923664,1,0.5368852459016393,0.5046829068797446,1.0,1.0,handcrafted ceramics,0.995,True
q-handmade decorated ceramic plate dish,handcrafted ceramics,15.6,1,1,262,31.49497709923664,1,0.5368852459016393,0.5046829068797446,1.0,1.0,handcrafted ceramics,1.0,True
q-handmade decorated ceramic tajine,handcrafted ceramics,15.6,1,1,262,31.49497709923664,1,0.5368852459016393,0.5046829068797446,1.0,1.0,handcrafted ceramics,1.0,True
q-handmade decorated ceramic tureen,handcrafted ceramics,34.32,1,1,262,31.49497709923664,1,0.5368852459016393,0.08969756676324957,1.0,1.0,handcrafted ceramics,0.975,True
q-handmade decorated dish,handcrafted ceramics,21.84,1,1,262,31.49497709923664,1,0.5368852459016393,0.30655608233207987,1.0,1.0,handcrafted ceramics,0.86,True
q-handmade decorated kairaoun carpet,rugs & kilim,305.76,1,1,130,236.3099076923077,1,0.26639344262295084,0.2938941184989465,1.0,1.0,rugs & kilim,0.98,True
q-handmade decorated octagonal dish,handcrafted ceramics,20.28,1,1,262,31.49497709923664,1,0.5368852459016393,0.35608778846899597,1.0,1.0,handcrafted ceramics,0.86,True
q-handmade decorated plates,handcrafted ceramics,28.08,1,1,262,31.49497709923664,1,0.5368852459016393,0.1084292577844152,1.0,1.0,handcrafted ceramics,0.91,True
q-handmade decorated rectangular ceramic dish,handcrafted ceramics,15.6,1,1,262,31.49497709923664,1,0.5368852459016393,0.5046829068797446,1.0,1.0,handcrafted ceramics,0.995,True
q-handmade decorated rectangular dish,handcrafted ceramics,15.6,1,1,262,31.49497709923664,1,0.5368852459016393,0.5046829068797446,1.0,1.0,handcrafted ceramics,0.985,True
q-handmade decorated tepsi dish,handcrafted ceramics,78.0,1,1,262,31.49497709923664,1,0.5368852459016393,1.4765853385969026,1.0,1.0,handcrafted ceramics,0.82,True
q-handmade deep ceramic bowl,handcrafted ceramics,15.6,1,1,262,31.49497709923664,1,0.5368852459016393,0.5046829068797446,1.0,1.0,handcrafted ceramics,0.99,True
q-handmade flared tankard,handcrafted ceramics,18.72,1,1,262,31.49497709923664,1,0.5368852459016393,0.40561949460591223,1.0,1.0,handcrafted ceramics,0.925,True
q-handmade flat plate : green ceramics,handcrafted ceramics,24.96,1,1,262,31.49497709923664,1,0.5368852459016393,0.20749267005824745,1.0,1.0,handcrafted ceramics,0.99,True
q-handmade floral blue & white ceramic bowl,handcrafted ceramics,15.6,1,1,262,31.49497709923664,1,0.5368852459016393,0.5046829068797446,1.0,1.0,handcrafted ceramics,0.905,True
q-handmade floral blue ceramic tajine,handcrafted ceramics,53.04,1,1,262,31.49497709923664,1,0.5368852459016393,0.6840780404062436,1.0,1.0,handcrafted ceramics,0.955,True
q-handmade floral ceramic bowl,handcrafted ceramics,8.58,1,1,262,31.49497709923664,1,0.5368852459016393,0.7275755844958672,1.0,1.0,handcrafted ceramics,0.945,True
q-handmade floral ceramic oval dish,handcrafted ceramics,15.6,1,1,262,31.49497709923664,1,0.5368852459016393,0.5046829068797446,1.0,1.0,handcrafted ceramics,0.995,True
q-handmade floral ceramic square dish,handcrafted ceramics,26.52,1,1,262,31.49497709923664,1,0.5368852459016393,0.15796096392133133,1.0,1.0,handcrafted ceramics,0.945,True
q-handmade floral ceramic tea-pot,handcrafted ceramics,15.6,1,1,262,31.49497709923664,1,0.5368852459016393,0.5046829068797446,1.0,1.0,handcrafted ceramics,0.995,True
q-handmade floral large ceramic bowl,handcrafted ceramics,15.6,1,1,262,31.49497709923664,1,0.5368852459016393,0.5046829068797446,1.0,1.0,handcrafted ceramics,0.985,True
q-handmade floral rectangular ceramic plate,handcrafted ceramics,15.6,1,1,262,31.49497709923664,1,0.5368852459016393,0.5046829068797446,1.0,1.0,handcrafted ceramics,0.995,True
q-handmade fouta berber 2*2m,fouta towel & blankets,26.364,1,1,46,66.55308695652174,1,0.0942622950819672,0.6038650976311833,1.0,1.0,fouta towel & blankets,0.745,True
q-handmade fringe green cotton throw / blanket,accessories,218.4,1,1,154,101.48167532467532,1,0.3155737704918033,1.152112666145385,1.0,1.0,accessories,0.49,True
q-handmade geometric shapes rug grey and white,rugs & kilim,98.28,1,1,130,236.3099076923077,1,0.26639344262295084,0.584105459039521,1.0,1.0,rugs & kilim,0.91,True
q-handmade green ceramic oval plate,handcrafted ceramics,46.8,1,1,262,31.49497709923664,1,0.5368852459016393,0.48595121585857887,1.0,1.0,handcrafted ceramics,0.98,True
q-handmade green pattern ceramic bowl,accessories,6.209,1,1,154,101.48167532467532,1,0.3155737704918033,0.9388165309751562,1.0,1.0,accessories,0.87,True
q-handmade grey kilim with white lines,rugs & kilim,414.48,1,1,130,236.3099076923077,1,0.26639344262295084,0.7539679283600522,1.0,1.0,rugs & kilim,0.925,True
q-handmade halfa under dish 15 cm,homeware,12.48,1,1,78,168.30123076923078,1,0.1598360655737705,0.9258472390914395,1.0,1.0,homeware,0.83,True
q-handmade halfa under dish 25 cm,homeware,18.72,1,1,78,168.30123076923078,1,0.1598360655737705,0.8887708616080229,1.0,1.0,homeware,0.84,True
q-handmade halfa under dish 30 cm,homeware,21.84,1,1,78,168.30123076923078,1,0.1598360655737705,0.8702326728663144,1.0,1.0,homeware,0.85,True
"q-handmade kilim ""rabiha"" [spring] from aatik artisans community",accessories,327.6,1,1,154,101.48167532467532,1,0.3155737704918033,2.22816899429108,1.0,1.0,rugs & kilim,0.475,False
q-handmade kilim with berber,rugs & kilim,365.04,1,1,130,236.3099076923077,1,0.26639344262295084,0.5447511406527945,1.0,1.0,rugs & kilim,0.915,True
q-handmade large ceramic bowl,handcrafted ceramics,16.38,1,1,262,31.49497709923664,1,0.5368852459016393,0.47991705381128646,1.0,1.0,handcrafted ceramics,0.98,True
q-handmade lightweight tablecloth sofa brown throw,fouta towel & blankets,117.0,1,1,46,66.55308695652174,1,0.0942622950819672,0.7579950771996421,1.0,1.0,fouta towel & blankets,0.905,True
q-handmade lightweight tablecloth sofa throw,fouta towel & blankets,117.0,1,1,46,66.55308695652174,1,0.0942622950819672,0.7579950771996421,1.0,1.0,fouta towel & blankets,0.945,True
q-handmade minimalist tajine plate,handcrafted ceramics,49.92,1,1,262,31.49497709923664,1,0.5368852459016393,0.5850146281324113,1.0,1.0,handcrafted ceramics,0.935,True
q-handmade natural olive wood chess board,olive wood,140.4,1,1,152,40.29213157894736,1,0.3114754098360656,2.4845512514112746,1.0,1.0,olive wood,0.91,True
q-handmade natural olive wood chess table 40 cm,homeware,152.88,1,1,78,168.30123076923078,1,0.1598360655737705,0.09162874571456424,1.0,1.0,homeware,0.695,True
q-handmade octagonal ceramic dish,handcrafted ceramics,15.6,1,1,262,31.49497709923664,1,0.5368852459016393,0.5046829068797446,1.0,1.0,handcrafted ceramics,1.0,True
q-handmade olive oil dispenser – tunisian artisan ceramic bottle,handcrafted ceramics,15.6,1,1,262,31.49497709923664,1,0.5368852459016393,0.5046829068797446,1.0,1.0,handcrafted ceramics,0.945,True
q-handmade olive wood cutting board,olive wood,28.08,1,1,152,40.29213157894736,1,0.3114754098360656,0.3030897298627525,1.0,1.0,olive wood,0.99,True
q-handmade olive wood mortar and pestle,olive wood,18.72,1,1,152,40.29213157894736,1,0.3114754098360656,0.5353931449689213,1.0,1.0,olive wood,0.99,True
q-handmade olive wood plate 2o cm,olive wood,37.44,1,1,152,40.29213157894736,1,0.3114754098360656,0.0707863147565836,1.0,1.0,olive wood,0.985,True
q-handmade olive wood rectangle dish,olive wood,18.72,1,1,152,40.29213157894736,1,0.3114754098360656,0.5353931449689213,1.0,1.0,olive wood,0.975,True
q-handmade olive wood rustic chess board,olive wood,78.0,1,1,152,40.29213157894736,1,0.3114754098360656,0.9358618173701483,1.0,1.0,olive wood,0.95,True
q-handmade olive wood salad spoon,olive wood,17.16,1,1,152,40.29213157894736,1,0.3114754098360656,0.5741103808199495,1.0,1.0,olive wood,0.99,True
q-handmade olive wood serving dish – large,olive wood,37.44,1,1,152,40.29213157894736,1,0.3114754098360656,0.0707863147565836,1.0,1.0,olive wood,0.955,True
q-handmade olive wood spoon t25,olive wood,9.36,1,1,152,40.29213157894736,1,0.3114754098360656,0.7676965600750902,1.0,1.0,olive wood,0.995,True
q-handmade olive wood spoon t26,olive wood,10.92,1,1,152,40.29213157894736,1,0.3114754098360656,0.7289793242240621,1.0,1.0,olive wood,0.99,True
q-handmade olive wood spoon t33,olive wood,12.48,1,1,152,40.29213157894736,1,0.3114754098360656,0.6902620883730339,1.0,1.0,olive wood,0.99,True
q-handmade orange ceramic plate dish,handcrafted ceramics,15.6,1,1,262,31.49497709923664,1,0.5368852459016393,0.5046829068797446,1.0,1.0,handcrafted ceramics,0.995,True
q-handmade orange ceramic serving platters,handcrafted ceramics,15.6,1,1,262,31.49497709923664,1,0.5368852459016393,0.5046829068797446,1.0,1.0,handcrafted ceramics,0.99,True
q-handmade orange ceramic tajine,handcrafted ceramics,49.92,1,1,262,31.49497709923664,1,0.5368852459016393,0.5850146281324113,1.0,1.0,handcrafted ceramics,0.985,True
q-handmade organic smar laptop / book bag,accessories,28.08,1,1,154,101.48167532467532,1,0.3155737704918033,0.7232997914799686,1.0,1.0,accessories,0.8,True
q-handmade palm fiber hat with red color,accessories,53.04,1,1,154,101.48167532467532,1,0.3155737704918033,0.4773440593323812,1.0,1.0,accessories,0.865,True
q-handmade palm fiber saucer,accessories,12.48,1,1,154,101.48167532467532,1,0.3155737704918033,0.8770221240722106,1.0,1.0,accessories,0.895,True
q-handmade palm fiber trivet,accessories,18.72,1,1,154,101.48167532467532,1,0.3155737704918033,0.8155331910353139,1.0,1.0,accessories,0.885,True
q-handmade rectangular dish,handcrafted ceramics,15.6,1,1,262,31.49497709923664,1,0.5368852459016393,0.5046829068797446,1.0,1.0,handcrafted ceramics,0.95,True
q-handmade rectangular plate : jilani ceramics,handcrafted ceramics,43.68,1,1,262,31.49497709923664,1,0.5368852459016393,0.3868878035847466,1.0,1.0,handcrafted ceramics,0.98,True
q-handmade red ceramic dinner plate,handcrafted ceramics,15.6,1,1,262,31.49497709923664,1,0.5368852459016393,0.5046829068797446,1.0,1.0,handcrafted ceramics,0.995,True
q-handmade ring fiber basket,accessories,24.96,1,1,154,101.48167532467532,1,0.3155737704918033,0.754044257998417,1.0,1.0,accessories,0.89,True
q-handmade round mosaic tile (l'olivier) phare design,social projects,156.0,1,1,47,143.25702127659574,1,0.09631147540983606,0.08895186093426233,1.0,1.0,rugs & kilim,0.23,False
q-handmade small blue ceramics bowl,handcrafted ceramics,12.48,1,1,262,31.49497709923664,1,0.5368852459016393,0.6037463191535769,1.0,1.0,handcrafted ceramics,0.975,True
q-handmade small olive wood spoon,olive wood,18.72,1,1,152,40.29213157894736,1,0.3114754098360656,0.5353931449689213,1.0,1.0,olive wood,0.955,True
q-handmade tepsi tray & wall decor,handcrafted ceramics,54.6,1,1,262,31.49497709923664,1,0.5368852459016393,0.7336097465431599,1.0,1.0,handcrafted ceramics,0.71,True
q-handmade traditional multi color floral carpet,rugs & kilim,305.76,1,1,130,236.3099076923077,1,0.26639344262295084,0.2938941184989465,1.0,1.0,rugs & kilim,0.93,True
q-handmade tunisian ceramic olive oil bottle,handcrafted ceramics,18.72,1,1,262,31.49497709923664,1,0.5368852459016393,0.40561949460591223,1.0,1.0,handcrafted ceramics,0.995,True
q-handmade tunisian dinnerware set traditional craftsmanship,handcrafted ceramics,156.0,1,1,262,31.49497709923664,1,0.5368852459016393,3.9531706454427114,1.0,1.0,handcrafted ceramics,0.89,True
q-handmade tunisian dinnerware set traditional floral design,handcrafted ceramics,374.4,1,1,262,31.49497709923664,1,0.5368852459016393,10.887609504610975,1.0,1.0,handcrafted ceramics,0.895,True
q-handmade tunisian dinnerware set traditional serdine design,handcrafted ceramics,374.4,1,1,262,31.49497709923664,1,0.5368852459016393,10.887609504610975,1.0,1.0,handcrafted ceramics,0.935,True
q-handmade tunisian fiber and leather bag with black design,accessories,78.0,1,1,154,101.48167532467532,1,0.3155737704918033,0.23138832718479385,1.0,1.0,accessories,0.96,True
q-handmade tunisian fiber and leather bag with green design,accessories,78.0,1,1,154,101.48167532467532,1,0.3155737704918033,0.23138832718479385,1.0,1.0,accessories,0.94,True
q-handmade tunisian fiber and leather brown pouch,accessories,68.64,1,1,154,101.48167532467532,1,0.3155737704918033,0.3236217267401391,1.0,1.0,accessories,0.855,True
q-handmade tunisian fiber and leather pouch,accessories,37.44,1,1,154,101.48167532467532,1,0.3155737704918033,0.6310663919246233,1.0,1.0,accessories,0.965,True
q-handmade tunisian kilim with berber motifs,rugs & kilim,305.76,1,1,130,236.3099076923077,1,0.26639344262295084,0.2938941184989465,1.0,1.0,rugs & kilim,0.865,True
q-handmade tunisian killim with lines,rugs & kilim,305.76,1,1,130,236.3099076923077,1,0.26639344262295084,0.2938941184989465,1.0,1.0,rugs & kilim,0.845,True
q-handmade tunisian palm fiber and leather small bag with brown color,accessories,78.0,1,1,154,101.48167532467532,1,0.3155737704918033,0.23138832718479385,1.0,1.0,accessories,0.975,True
q-handmade tunisian white rug with lines,rugs & kilim,305.76,1,1,130,236.3099076923077,1,0.26639344262295084,0.2938941184989465,1.0,1.0,rugs & kilim,0.98,True
q-handmade tunsian fiber and leather pouch,accessories,31.2,1,1,154,101.48167532467532,1,0.3155737704918033,0.6925553249615202,1.0,1.0,accessories,0.99,True
q-handmade tunsian fiber and leather pouch with brown color,accessories,31.2,1,1,154,101.48167532467532,1,0.3155737704918033,0.6925553249615202,1.0,1.0,accessories,1.0,True
q-handmade tunsian fiber and leather pouch with brown hand,accessories,46.8,1,1,154,101.48167532467532,1,0.3155737704918033,0.5388329923692781,1.0,1.0,accessories,0.975,True
q-handmade tunsian fiber and leather small pouch,accessories,37.44,1,1,154,101.48167532467532,1,0.3155737704918033,0.6310663919246233,1.0,1.0,accessories,1.0,True
q-handmade tunsian fiber bag with brown hand,accessories,68.64,1,1,154,101.48167532467532,1,0.3155737704918033,0.3236217267401391,1.0,1.0,accessories,0.925,True
q-handmade unicolour terracotta tajine,social projects,62.4,1,1,47,143.25702127659574,1,0.09631147540983606,0.5644192514380186,1.0,1.0,accessories,0.3,False
q-handmade united flat fouta,fouta towel & blankets,10.858,1,1,46,66.55308695652174,1,0.0942622950819672,0.8368520329651211,1.0,1.0,fouta towel & blankets,0.825,True
q-handmade white kilim with black lines,rugs & kilim,305.76,1,1,130,236.3099076923077,1,0.26639344262295084,0.2938941184989465,1.0,1.0,rugs & kilim,0.95,True
q-handmade white kilim with black rhombuses,rugs & kilim,305.76,1,1,130,236.3099076923077,1,0.26639344262295084,0.2938941184989465,1.0,1.0,rugs & kilim,0.96,True
q-handmade white kilim with pink lines,rugs & kilim,159.12,1,1,130,236.3099076923077,1,0.26639344262295084,0.32664693630267716,1.0,1.0,rugs & kilim,0.91,True
q-handmade white rug with colorful patterns,rugs & kilim,305.76,1,1,130,236.3099076923077,1,0.26639344262295084,0.2938941184989465,1.0,1.0,rugs & kilim,0.985,True
q-handmade wool rug wall art with wooden frame,rugs & kilim,414.48,1,1,130,236.3099076923077,1,0.26639344262295084,0.7539679283600522,1.0,1.0,rugs & kilim,0.935,True
q-handmade zigzag red rug,rugs & kilim,156.0,1,1,130,236.3099076923077,1,0.26639344262295084,0.33984993746866915,1.0,1.0,rugs & kilim,0.92,True
q-handwoven beige cushion cover,homeware,62.4,1,1,78,168.30123076923078,1,0.1598360655737705,0.629236219224106,1.0,1.0,homeware,0.885,True
q-handwoven carpet made by kerkenniens,accessories,414.48,1,1,154,101.48167532467532,1,0.3155737704918033,3.08428413888172,1.0,1.0,accessories,0.855,True
q-handwoven cotton and linen blanket with fringe,accessories,187.2,1,1,154,101.48167532467532,1,0.3155737704918033,0.8446680009609007,1.0,1.0,accessories,0.85,True
q-handwoven cotton fouta / fair trade fouta towels,accessories,18.72,1,1,154,101.48167532467532,1,0.3155737704918033,0.8155331910353139,1.0,1.0,accessories,0.83,True
q-handwoven fringe beige and white throw / blanket,fouta towel & blankets,62.4,1,1,46,66.55308695652174,1,0.0942622950819672,0.06240261848157816,1.0,1.0,fouta towel & blankets,0.355,True
q-handwoven fringe blue throw / blanket,accessories,218.4,1,1,154,101.48167532467532,1,0.3155737704918033,1.152112666145385,1.0,1.0,accessories,0.77,True
q-handwoven fringe grey and beige throw / blanket,fouta towel & blankets,78.0,1,1,46,66.55308695652174,1,0.0942622950819672,0.17199672314162764,1.0,1.0,fouta towel & blankets,0.69,True
q-handwoven green blanket with fringe,accessories,171.6,1,1,154,101.48167532467532,1,0.3155737704918033,0.6909456683686587,1.0,1.0,accessories,0.89,True
q-handwoven grey & white throw / blanket,fouta towel & blankets,234.0,1,1,46,66.55308695652174,1,0.0942622950819672,2.5159901393736854,1.0,1.0,fouta towel & blankets,0.765,True
q-handwoven halfa basket with lid – made in tunisia,homeware,85.8,1,1,78,168.30123076923078,1,0.1598360655737705,0.4901998036612935,1.0,1.0,homeware,0.805,True
q-handwoven halfa grass chair,homeware,234.0,1,1,78,168.30123076923078,1,0.1598360655737705,0.3903641615698526,1.0,1.0,homeware,0.535,True
q-handwoven tunisian fouta,accessories,37.44,1,1,154,101.48167532467532,1,0.3155737704918033,0.6310663919246233,1.0,1.0,accessories,0.445,True
q-high pile black and white diamond rug,rugs & kilim,312.0,1,1,130,236.3099076923077,1,0.26639344262295084,0.3203001208309305,1.0,1.0,rugs & kilim,0.96,True
q-high pile white & grey diamond rug,rugs & kilim,159.12,1,1,130,236.3099076923077,1,0.26639344262295084,0.32664693630267716,1.0,1.0,rugs & kilim,0.98,True
q-high pile white & pink diamond rug,rugs & kilim,118.56,1,1,130,236.3099076923077,1,0.26639344262295084,0.4982859514605731,1.0,1.0,rugs & kilim,0.955,True
q-high pile white and yellow diamond rug,rugs & kilim,390.0,1,1,130,236.3099076923077,1,0.26639344262295084,0.6503751499807303,1.0,1.0,rugs & kilim,0.935,True
q-hot and cold drinking cup / mug,olive wood,21.84,1,1,152,40.29213157894736,1,0.3114754098360656,0.45795867326686507,1.0,1.0,cosmetiques et soins,0.295,False
q-irregulare form luster / lampshade with calligraphy,accessories,414.48,1,1,154,101.48167532467532,1,0.3155737704918033,3.08428413888172,1.0,1.0,accessories,0.9,True
q-jacquard greige hamam fouta,homeware,28.08,1,1,78,168.30123076923078,1,0.1598360655737705,0.8331562953828977,1.0,1.0,homeware,0.735,True
q-jar belle-lune art handmade decorated in nabeul,accessories,146.64,1,1,154,101.48167532467532,1,0.3155737704918033,0.44498993622107125,1.0,1.0,accessories,0.725,True
q-jatte salad bowl – makroudh rouge,handcrafted ceramics,54.6,1,1,262,31.49497709923664,1,0.5368852459016393,0.7336097465431599,1.0,1.0,handcrafted ceramics,0.945,True
q-jatte salad bowl – oriental black,handcrafted ceramics,54.6,1,1,262,31.49497709923664,1,0.5368852459016393,0.7336097465431599,1.0,1.0,handcrafted ceramics,0.98,True
q-kairouan carpet with different patterns,rugs & kilim,305.76,1,1,130,236.3099076923077,1,0.26639344262295084,0.2938941184989465,1.0,1.0,rugs & kilim,0.785,True
q-kerkenatiss carpet made with cotton and wool by women artisans,social projects,414.48,1,1,47,143.25702127659574,1,0.09631147540983606,1.8932613174084845,1.0,1.0,social projects,0.73,True
q-kerwena soup tureen– makroudh rouge,handcrafted ceramics,53.04,1,1,262,31.49497709923664,1,0.5368852459016393,0.6840780404062436,1.0,1.0,handcrafted ceramics,0.895,True
q-kerwena soup tureen– oriental black,handcrafted ceramics,53.04,1,1,262,31.49497709923664,1,0.5368852459016393,0.6840780404062436,1.0,1.0,handcrafted ceramics,0.965,True
q-kerwena soup tureen– zarbia,handcrafted ceramics,53.04,1,1,262,31.49497709923664,1,0.5368852459016393,0.6840780404062436,1.0,1.0,handcrafted ceramics,0.925,True
q-khomsa appetizer tray – blue | tunisian ceramic,handcrafted ceramics,34.32,1,1,262,31.49497709923664,1,0.5368852459016393,0.08969756676324957,1.0,1.0,handcrafted ceramics,0.96,True
q-khomsa appetizer tray – green,handcrafted ceramics,34.32,1,1,262,31.49497709923664,1,0.5368852459016393,0.08969756676324957,1.0,1.0,handcrafted ceramics,0.775,True
q-kilim abstract black grey,rugs & kilim,99.84,1,1,130,236.3099076923077,1,0.26639344262295084,0.577503958456525,1.0,1.0,rugs & kilim,0.685,True
q-kilim abstract grey yellow,rugs & kilim,99.84,1,1,130,236.3099076923077,1,0.26639344262295084,0.577503958456525,1.0,1.0,rugs & kilim,0.835,True
q-kilim alia handmade area rug tunisia,social projects,202.8,1,1,47,143.25702127659574,1,0.09631147540983606,0.4156374171204029,1.0,1.0,social projects,0.77,True
q-kilim amina - handmade in tunisia,social projects,202.8,1,1,47,143.25702127659574,1,0.09631147540983606,0.4156374171204029,1.0,1.0,social projects,0.705,True
q-kilim nahla - area rug handmade in tunisia,social projects,187.2,1,1,47,143.25702127659574,1,0.09631147540983606,0.3067422317250226,1.0,1.0,social projects,0.745,True
q-kilim trio 100% cotton handmade,social projects,171.6,1,1,47,143.25702127659574,1,0.09631147540983606,0.19784704632964245,1.0,1.0,social projects,0.865,True
q-kilim trio handmade rugs from joumine,social projects,187.2,1,1,47,143.25702127659574,1,0.09631147540983606,0.3067422317250226,1.0,1.0,social projects,0.735,True
q-kilim with bright colors,rugs & kilim,299.52,1,1,130,236.3099076923077,1,0.26639344262295084,0.26748811616696244,1.0,1.0,rugs & kilim,0.72,True
q-lampshade margoum and palm wood handmade né à tunis,accessories,414.48,1,1,154,101.48167532467532,1,0.3155737704918033,3.08428413888172,1.0,1.0,accessories,0.515,True
q-lampshade olive wood and aluminium hand decorated,accessories,414.48,1,1,154,101.48167532467532,1,0.3155737704918033,3.08428413888172,1.0,1.0,accessories,0.815,True
q-lampshade size medium palm wood and aluminium,accessories,390.0,1,1,154,101.48167532467532,1,0.3155737704918033,2.843058324660048,1.0,1.0,accessories,0.765,True
q-large blue ceramics serving bowl,handcrafted ceramics,68.64,1,1,262,31.49497709923664,1,0.5368852459016393,1.1793951017754056,1.0,1.0,handcrafted ceramics,0.9,True
q-large ceramics blue bowl,handcrafted ceramics,56.16,1,1,262,31.49497709923664,1,0.5368852459016393,0.7831414526800758,1.0,1.0,handcrafted ceramics,0.9,True
q-large floral ceramic serving bowl,handcrafted ceramics,25.272,1,1,262,31.49497709923664,1,0.5368852459016393,0.1975863288308643,1.0,1.0,handcrafted ceramics,0.99,True
q-large handmade vase,handcrafted ceramics,12.48,1,1,262,31.49497709923664,1,0.5368852459016393,0.6037463191535769,1.0,1.0,handcrafted ceramics,0.895,True
q-large laundry basket handmade,homeware,78.0,1,1,78,168.30123076923078,1,0.1598360655737705,0.5365452755155644,1.0,1.0,homeware,0.725,True
q-large olive wood serving dish – handmade in tunisia,olive wood,49.92,1,1,152,40.29213157894736,1,0.3114754098360656,0.2389515720516417,1.0,1.0,olive wood,0.895,True
q-large poof né a tunis douret el-hsira halfa and cotton,homeware,414.48,1,1,78,168.30123076923078,1,0.1598360655737705,1.4627270795517504,1.0,1.0,homeware,0.715,True
q-large rustic serving olive wood bowl,accessories,115.44,1,1,154,101.48167532467532,1,0.3155737704918033,0.13754527103658715,1.0,1.0,accessories,0.74,True
q-large rustic serving olive wood bowl 28cm/16cm,olive wood,131.04,1,1,152,40.29213157894736,1,0.3114754098360656,2.2522478363051053,1.0,1.0,olive wood,0.98,True
q-large rustic serving olive wood bowl – 27cm,olive wood,127.92,1,1,152,40.29213157894736,1,0.3114754098360656,2.174813364603049,1.0,1.0,olive wood,0.98,True
q-large rustic serving olive wood bowl – 29cm,olive wood,135.72,1,1,152,40.29213157894736,1,0.3114754098360656,2.3683995438581897,1.0,1.0,olive wood,0.98,True
q-large tunisian handmade couffin with blanket,accessories,118.56,1,1,154,101.48167532467532,1,0.3155737704918033,0.1682897375550356,1.0,1.0,accessories,0.89,True
q-light gray industrial style hamam fouta beach towel bed spread,homeware,28.08,1,1,78,168.30123076923078,1,0.1598360655737705,0.8331562953828977,1.0,1.0,homeware,0.885,True
q-light orange halfa rug,rugs & kilim,62.4,1,1,130,236.3099076923077,1,0.26639344262295084,0.735939972448429,1.0,1.0,rugs & kilim,0.745,True
q-lightweight tablecloth sofa orange throw,fouta towel & blankets,117.0,1,1,46,66.55308695652174,1,0.0942622950819672,0.7579950771996421,1.0,1.0,fouta towel & blankets,0.795,True
q-lightweight tablecloth sofa throw,fouta towel & blankets,117.0,1,1,46,66.55308695652174,1,0.0942622950819672,0.7579950771996421,1.0,1.0,fouta towel & blankets,0.875,True
q-linen blanket/ throw,accessories,93.6,1,1,154,101.48167532467532,1,0.3155737704918033,0.07766599459255183,1.0,1.0,accessories,0.745,True
q-luxurious gold thread large hamam fouta towel bed spread xl,homeware,89.856,1,1,78,168.30123076923078,1,0.1598360655737705,0.4661001582970727,1.0,1.0,homeware,0.725,True
q-mandmade olive wood honey pot,olive wood,18.72,1,1,152,40.29213157894736,1,0.3114754098360656,0.5353931449689213,1.0,1.0,olive wood,0.975,True
q-matte black ceramic bowl with polka dots,handcrafted ceramics,21.84,1,1,262,31.49497709923664,1,0.5368852459016393,0.30655608233207987,1.0,1.0,handcrafted ceramics,0.965,True
q-medium rustic serving olive wood bowl,olive wood,98.28,1,1,152,40.29213157894736,1,0.3114754098360656,1.4391858834335143,1.0,1.0,olive wood,0.95,True
q-meduim olive wood bowls,olive wood,82.68,1,1,152,40.29213157894736,1,0.3114754098360656,1.052013524923233,1.0,1.0,olive wood,0.955,True
q-milk mug down the masks ceramic,handcrafted ceramics,21.84,1,1,262,31.49497709923664,1,0.5368852459016393,0.30655608233207987,1.0,1.0,handcrafted ceramics,0.92,True
q-mini appetizer bowls ceramics hand-painted made in tunisia,social projects,115.44,1,1,47,143.25702127659574,1,0.09631147540983606,0.19417562109372613,1.0,1.0,social projects,0.785,True
q-mini tajine – flowers,handcrafted ceramics,26.52,1,1,262,31.49497709923664,1,0.5368852459016393,0.15796096392133133,1.0,1.0,handcrafted ceramics,0.865,True
q-mini tajine – lara,handcrafted ceramics,26.52,1,1,262,31.49497709923664,1,0.5368852459016393,0.15796096392133133,1.0,1.0,handcrafted ceramics,0.865,True
q-minimal grey black hamam fouta towel xl,homeware,56.16,1,1,78,168.30123076923078,1,0.1598360655737705,0.6663125967075227,1.0,1.0,homeware,0.515,True
q-modern & simple handmade ceramic tajine,handcrafted ceramics,15.6,1,1,262,31.49497709923664,1,0.5368852459016393,0.5046829068797446,1.0,1.0,handcrafted ceramics,1.0,True
q-modern handmade white rug with black shapes,rugs & kilim,305.76,1,1,130,236.3099076923077,1,0.26639344262295084,0.2938941184989465,1.0,1.0,rugs & kilim,0.98,True
q-moroccan tajine – oriental black,handcrafted ceramics,76.44,1,1,262,31.49497709923664,1,0.5368852459016393,1.4270536324599863,1.0,1.0,handcrafted ceramics,0.905,True
q-moroccan tajine – zarbia,handcrafted ceramics,76.44,1,1,262,31.49497709923664,1,0.5368852459016393,1.4270536324599863,1.0,1.0,handcrafted ceramics,0.94,True
q-moroccan tajine– makroudh rouge,handcrafted ceramics,76.44,1,1,262,31.49497709923664,1,0.5368852459016393,1.4270536324599863,1.0,1.0,handcrafted ceramics,0.775,True
q-mosaic fish shaped coasters with wooden base phare design,social projects,109.2,1,1,47,143.25702127659574,1,0.09631147540983606,0.23773369525187818,1.0,1.0,homeware,0.21,False
q-multi color handmade area rug,rugs & kilim,305.76,1,1,130,236.3099076923077,1,0.26639344262295084,0.2938941184989465,1.0,1.0,rugs & kilim,0.92,True
q-multi-colored geometric rug,rugs & kilim,218.4,1,1,130,236.3099076923077,1,0.26639344262295084,0.07578991414882927,1.0,1.0,rugs & kilim,0.94,True
q-multicolor amazigh berber pattern white base rug,rugs & kilim,327.6,1,1,130,236.3099076923077,1,0.26639344262295084,0.3863151266608906,1.0,1.0,rugs & kilim,0.98,True
q-multicolor floral medaillon white base rug,rugs & kilim,343.2,1,1,130,236.3099076923077,1,0.26639344262295084,0.4523301324908504,1.0,1.0,rugs & kilim,0.99,True
q-multicolor floral pattern white base rug,rugs & kilim,318.24,1,1,130,236.3099076923077,1,0.26639344262295084,0.34670612316291455,1.0,1.0,rugs & kilim,0.965,True
q-multicolor traditional imagery rug,rugs & kilim,414.48,1,1,130,236.3099076923077,1,0.26639344262295084,0.7539679283600522,1.0,1.0,rugs & kilim,0.965,True
q-multicolored bone line pattern rug,rugs & kilim,312.0,1,1,130,236.3099076923077,1,0.26639344262295084,0.3203001208309305,1.0,1.0,rugs & kilim,0.995,True
q-natural color palm fiber storage box,accessories,46.8,1,1,154,101.48167532467532,1,0.3155737704918033,0.5388329923692781,1.0,1.0,accessories,0.945,True
q-natural couffin handmade in tunisia,accessories,40.56,1,1,154,101.48167532467532,1,0.3155737704918033,0.6003219254061749,1.0,1.0,accessories,0.665,True
q-natural handmade ceramic tajine,handcrafted ceramics,39.0,1,1,262,31.49497709923664,1,0.5368852459016393,0.23829268517399807,1.0,1.0,handcrafted ceramics,0.93,True
q-natural handmade ceramic tajine – small,handcrafted ceramics,29.64,1,1,262,31.49497709923664,1,0.5368852459016393,0.05889755164749895,1.0,1.0,handcrafted ceramics,0.855,True
q-natural handmade hat with red design,accessories,78.0,1,1,154,101.48167532467532,1,0.3155737704918033,0.23138832718479385,1.0,1.0,accessories,0.885,True
q-natural olive wood cutting board,olive wood,21.84,1,1,152,40.29213157894736,1,0.3114754098360656,0.45795867326686507,1.0,1.0,olive wood,0.965,True
q-natural olive wood cutting board – tunisian handicraft,olive wood,15.6,1,1,152,40.29213157894736,1,0.3114754098360656,0.6128276166709776,1.0,1.0,olive wood,0.99,True
q-natural olive wood saucer set,olive wood,15.6,1,1,152,40.29213157894736,1,0.3114754098360656,0.6128276166709776,1.0,1.0,olive wood,0.92,True
q-natural straw bag with leather handles,homeware,39.0,1,1,78,168.30123076923078,1,0.1598360655737705,0.7682726347869187,1.0,1.0,homeware,0.755,True
q-natural tunisian bag with feather design,accessories,171.6,1,1,154,101.48167532467532,1,0.3155737704918033,0.6909456683686587,1.0,1.0,accessories,0.76,True
q-natural tunisian handmade basket with a wool lines,accessories,171.6,1,1,154,101.48167532467532,1,0.3155737704918033,0.6909456683686587,1.0,1.0,accessories,0.86,True
q-natural tunisian handmade couffin with black design,accessories,171.6,1,1,154,101.48167532467532,1,0.3155737704918033,0.6909456683686587,1.0,1.0,accessories,0.94,True
q-natural tunisian handmade couffin with kamel design,accessories,171.6,1,1,154,101.48167532467532,1,0.3155737704918033,0.6909456683686587,1.0,1.0,accessories,0.955,True
q-natural vegetable fibre mirror,homeware,93.6,1,1,78,168.30123076923078,1,0.1598360655737705,0.4438543318070227,1.0,1.0,social projects,0.305,False
q-natural vegetable fibre mirror with black design,homeware,78.0,1,1,78,168.30123076923078,1,0.1598360655737705,0.5365452755155644,1.0,1.0,homeware,0.755,True
q-naturel handmade hat with green design,accessories,78.0,1,1,154,101.48167532467532,1,0.3155737704918033,0.23138832718479385,1.0,1.0,accessories,0.635,True
q-naturel kenya basket with indigenous sisal plant /two tone hand-woven sisal storage basket,accessories,0.062,1,1,154,101.48167532467532,1,0.3155737704918033,0.999389042413907,1.0,1.0,accessories,0.395,True
q-neon green & multicolor striped fouta,fouta towel & blankets,14.04,1,1,46,66.55308695652174,1,0.0942622950819672,0.7890405775135161,1.0,1.0,fouta towel & blankets,0.985,True
q-nested set of 3 storage baskets in natural halfa handmade natural,social projects,265.2,1,1,47,143.25702127659574,1,0.09631147540983606,0.8512181587019234,1.0,1.0,social projects,0.785,True
q-off white mixed textures kilim rug,rugs & kilim,109.2,1,1,130,236.3099076923077,1,0.26639344262295084,0.5378949549585491,1.0,1.0,rugs & kilim,0.96,True
q-olive oil bottle ceramics ' face ',handcrafted ceramics,26.52,1,1,262,31.49497709923664,1,0.5368852459016393,0.15796096392133133,1.0,1.0,handcrafted ceramics,0.995,True
q-olive oil bottle ceramics ' jilani ',handcrafted ceramics,26.52,1,1,262,31.49497709923664,1,0.5368852459016393,0.15796096392133133,1.0,1.0,handcrafted ceramics,0.995,True
q-olive oil bottle ceramics ' khat ',handcrafted ceramics,26.52,1,1,262,31.49497709923664,1,0.5368852459016393,0.15796096392133133,1.0,1.0,handcrafted ceramics,0.995,True
q-olive oil bottle ceramics with arabic calligraphy design,handcrafted ceramics,15.6,1,1,262,31.49497709923664,1,0.5368852459016393,0.5046829068797446,1.0,1.0,handcrafted ceramics,0.97,True
q-olive oil bottle ceramics' flowers ',handcrafted ceramics,26.52,1,1,262,31.49497709923664,1,0.5368852459016393,0.15796096392133133,1.0,1.0,handcrafted ceramics,0.995,True
q-olive wood appetizer dish with 6 sections,olive wood,56.16,1,1,152,40.29213157894736,1,0.3114754098360656,0.39382051545575414,1.0,1.0,olive wood,0.995,True
q-olive wood artisan rectangular board,olive wood,34.32,1,1,152,40.29213157894736,1,0.3114754098360656,0.14822078645863984,1.0,1.0,olive wood,0.995,True
q-olive wood basic spatula,olive wood,9.36,1,1,152,40.29213157894736,1,0.3114754098360656,0.7676965600750902,1.0,1.0,olive wood,1.0,True
q-olive wood bottle stopper,olive wood,6.24,1,1,152,40.29213157894736,1,0.3114754098360656,0.8451310317771464,1.0,1.0,olive wood,0.935,True
q-olive wood bowl with salad spoons,olive wood,177.84,1,1,152,40.29213157894736,1,0.3114754098360656,3.41376491183595,1.0,1.0,olive wood,0.955,True
q-olive wood cake server spatula,olive wood,12.48,1,1,152,40.29213157894736,1,0.3114754098360656,0.6902620883730339,1.0,1.0,olive wood,1.0,True
q-olive wood candle block : musk scented,olive wood,18.72,1,1,152,40.29213157894736,1,0.3114754098360656,0.5353931449689213,1.0,1.0,olive wood,0.995,True
q-olive wood candle holders 10/5cm,olive wood,24.96,1,1,152,40.29213157894736,1,0.3114754098360656,0.3805242015648087,1.0,1.0,olive wood,0.99,True
q-olive wood candle holders 6/5 cm,olive wood,9.36,1,1,152,40.29213157894736,1,0.3114754098360656,0.7676965600750902,1.0,1.0,olive wood,0.985,True
q-olive wood candle holders 8/5cm,olive wood,15.6,1,1,152,40.29213157894736,1,0.3114754098360656,0.6128276166709776,1.0,1.0,olive wood,0.995,True
q-olive wood cheese board natural shape,olive wood,46.8,1,1,152,40.29213157894736,1,0.3114754098360656,0.16151710034958527,1.0,1.0,olive wood,0.94,True
q-olive wood cheese board natural shape with handle,olive wood,18.72,1,1,152,40.29213157894736,1,0.3114754098360656,0.5353931449689213,1.0,1.0,olive wood,0.92,True
q-olive wood clamp – tunisian craftsmanship,olive wood,9.36,1,1,152,40.29213157894736,1,0.3114754098360656,0.7676965600750902,1.0,1.0,olive wood,0.985,True
q-olive wood comb,olive wood,9.36,1,1,152,40.29213157894736,1,0.3114754098360656,0.7676965600750902,1.0,1.0,olive wood,1.0,True
q-olive wood crepe turner / scraper / spatula,olive wood,12.48,1,1,152,40.29213157894736,1,0.3114754098360656,0.6902620883730339,1.0,1.0,olive wood,1.0,True
q-olive wood cup,olive wood,15.6,1,1,152,40.29213157894736,1,0.3114754098360656,0.6128276166709776,1.0,1.0,olive wood,0.995,True
q-olive wood cup handmade,olive wood,28.08,1,1,152,40.29213157894736,1,0.3114754098360656,0.3030897298627525,1.0,1.0,olive wood,0.955,True
q-olive wood cutting board - serving board,olive wood,37.44,1,1,152,40.29213157894736,1,0.3114754098360656,0.0707863147565836,1.0,1.0,olive wood,0.965,True
q-olive wood cutting board handmade in tunisia,olive wood,28.08,1,1,152,40.29213157894736,1,0.3114754098360656,0.3030897298627525,1.0,1.0,olive wood,0.96,True
q-olive wood cutting board large,olive wood,37.44,1,1,152,40.29213157894736,1,0.3114754098360656,0.0707863147565836,1.0,1.0,olive wood,0.98,True
q-olive wood cutting board made in tunisia,olive wood,28.08,1,1,152,40.29213157894736,1,0.3114754098360656,0.3030897298627525,1.0,1.0,olive wood,0.94,True
q-olive wood cutting board with groove - length 50cm,olive wood,43.68,1,1,152,40.29213157894736,1,0.3114754098360656,0.08408262864752904,1.0,1.0,olive wood,0.955,True
q-olive wood cutting board with handle 24 cm,olive wood,9.36,1,1,152,40.29213157894736,1,0.3114754098360656,0.7676965600750902,1.0,1.0,olive wood,0.875,True
q-olive wood cutting board with handle 30 cm,olive wood,18.72,1,1,152,40.29213157894736,1,0.3114754098360656,0.5353931449689213,1.0,1.0,olive wood,0.875,True
q-olive wood cutting board with handle made in tunisia,olive wood,34.32,1,1,152,40.29213157894736,1,0.3114754098360656,0.14822078645863984,1.0,1.0,olive wood,0.7,True
q-olive wood extra large board,accessories,187.2,1,1,154,101.48167532467532,1,0.3155737704918033,0.8446680009609007,1.0,1.0,accessories,0.775,True
"q-olive wood flat spoon 20 cm / 7.8""",accessories,6.24,1,1,154,101.48167532467532,1,0.3155737704918033,0.9385110571091075,1.0,1.0,accessories,0.77,True
q-olive wood heart shaped serving or decor plate gift,olive wood,18.72,1,1,152,40.29213157894736,1,0.3114754098360656,0.5353931449689213,1.0,1.0,olive wood,0.93,True
q-olive wood hedgehog toothpick holder,olive wood,18.72,1,1,152,40.29213157894736,1,0.3114754098360656,0.5353931449689213,1.0,1.0,olive wood,0.995,True
q-olive wood honey pot with honey dipper,accessories,28.08,1,1,154,101.48167532467532,1,0.3155737704918033,0.7232997914799686,1.0,1.0,accessories,0.76,True
q-olive wood hot and cold drinking cup / mug,olive wood,18.72,1,1,152,40.29213157894736,1,0.3114754098360656,0.5353931449689213,1.0,1.0,olive wood,0.97,True
"q-olive wood ladle 30 cm / 11.8""",olive wood,37.44,1,1,152,40.29213157894736,1,0.3114754098360656,0.0707863147565836,1.0,1.0,olive wood,0.985,True
q-olive wood large bowl rustic,accessories,90.48,1,1,154,101.48167532467532,1,0.3155737704918033,0.10841046111100015,1.0,1.0,accessories,0.6,True
q-olive wood large bowl smooth,accessories,99.84,1,1,154,101.48167532467532,1,0.3155737704918033,0.016177061555654897,1.0,1.0,accessories,0.815,True
q-olive wood large crepe spreader stick,olive wood,12.48,1,1,152,40.29213157894736,1,0.3114754098360656,0.6902620883730339,1.0,1.0,olive wood,0.945,True
q-olive wood large mortar and pestle,olive wood,37.44,1,1,152,40.29213157894736,1,0.3114754098360656,0.0707863147565836,1.0,1.0,olive wood,0.925,True
"q-olive wood large round spoon 30 cm / 12""",accessories,10.92,1,1,154,101.48167532467532,1,0.3155737704918033,0.8923943573314349,1.0,1.0,accessories,0.835,True
q-olive wood large spoon,olive wood,17.16,1,1,152,40.29213157894736,1,0.3114754098360656,0.5741103808199495,1.0,1.0,olive wood,0.84,True
q-olive wood large spoons set of four,olive wood,24.96,1,1,152,40.29213157894736,1,0.3114754098360656,0.3805242015648087,1.0,1.0,olive wood,0.95,True
q-olive wood measuring scoops set of four,olive wood,43.68,1,1,152,40.29213157894736,1,0.3114754098360656,0.08408262864752904,1.0,1.0,olive wood,0.97,True
q-olive wood meat tenderizer,olive wood,12.48,1,1,152,40.29213157894736,1,0.3114754098360656,0.6902620883730339,1.0,1.0,olive wood,0.995,True
q-olive wood medium crepe spreader stick,olive wood,9.36,1,1,152,40.29213157894736,1,0.3114754098360656,0.7676965600750902,1.0,1.0,olive wood,1.0,True
q-olive wood medium heart shaped serving or decor plate gift,olive wood,18.72,1,1,152,40.29213157894736,1,0.3114754098360656,0.5353931449689213,1.0,1.0,olive wood,0.975,True
q-olive wood medium serving bowl flat edge,olive wood,68.64,1,1,152,40.29213157894736,1,0.3114754098360656,0.7035584022639795,1.0,1.0,olive wood,0.93,True
q-olive wood medium serving ladle,olive wood,18.72,1,1,152,40.29213157894736,1,0.3114754098360656,0.5353931449689213,1.0,1.0,olive wood,0.95,True
q-olive wood mortar and pestle - handmade in tunisia,olive wood,18.72,1,1,152,40.29213157894736,1,0.3114754098360656,0.5353931449689213,1.0,1.0,olive wood,0.79,True
q-olive wood moyen mortar and pestle,olive wood,37.44,1,1,152,40.29213157894736,1,0.3114754098360656,0.0707863147565836,1.0,1.0,olive wood,0.995,True
q-olive wood mushroom design mortar and pestle,olive wood,46.8,1,1,152,40.29213157894736,1,0.3114754098360656,0.16151710034958527,1.0,1.0,olive wood,0.99,True
q-olive wood nesting bowls set of 6,olive wood,90.48,1,1,152,40.29213157894736,1,0.3114754098360656,1.2455997041783735,1.0,1.0,olive wood,0.965,True
q-olive wood pen and paper holder,olive wood,21.84,1,1,152,40.29213157894736,1,0.3114754098360656,0.45795867326686507,1.0,1.0,olive wood,0.975,True
q-olive wood pepper and salt,olive wood,21.84,1,1,152,40.29213157894736,1,0.3114754098360656,0.45795867326686507,1.0,1.0,olive wood,0.99,True
q-olive wood pepper and salt mill,olive wood,121.68,1,1,152,40.29213157894736,1,0.3114754098360656,2.019944421198937,1.0,1.0,olive wood,0.98,True
q-olive wood pepper and salt mill set,olive wood,84.24,1,1,152,40.29213157894736,1,0.3114754098360656,1.090730760774261,1.0,1.0,olive wood,0.855,True
q-olive wood pizza roll – handcrafted rolling pin from tunisia,olive wood,18.72,1,1,152,40.29213157894736,1,0.3114754098360656,0.5353931449689213,1.0,1.0,olive wood,0.915,True
q-olive wood pizza rolling pin with ergonomic handles,olive wood,18.72,1,1,152,40.29213157894736,1,0.3114754098360656,0.5353931449689213,1.0,1.0,olive wood,0.995,True
q-olive wood plate – handmade artisan craft,olive wood,29.64,1,1,152,40.29213157894736,1,0.3114754098360656,0.2643724940117243,1.0,1.0,olive wood,0.97,True
q-olive wood products diverse collection,accessories,84.24,1,1,154,101.48167532467532,1,0.3155737704918033,0.16989939414789706,1.0,1.0,accessories,0.735,True
q-olive wood rectangle board with handle,olive wood,37.44,1,1,152,40.29213157894736,1,0.3114754098360656,0.0707863147565836,1.0,1.0,olive wood,0.855,True
q-olive wood rectangle dish,olive wood,34.32,1,1,152,40.29213157894736,1,0.3114754098360656,0.14822078645863984,1.0,1.0,olive wood,0.955,True
q-olive wood rectangular chess board,olive wood,124.8,1,1,152,40.29213157894736,1,0.3114754098360656,2.0973788929009927,1.0,1.0,olive wood,0.945,True
q-olive wood round board with handle,olive wood,43.68,1,1,152,40.29213157894736,1,0.3114754098360656,0.08408262864752904,1.0,1.0,olive wood,0.89,True
q-olive wood round cutting board with handle,accessories,49.14,1,1,154,101.48167532467532,1,0.3155737704918033,0.5157746424804417,1.0,1.0,accessories,0.83,True
q-olive wood rustic irregular board,olive wood,24.96,1,1,152,40.29213157894736,1,0.3114754098360656,0.3805242015648087,1.0,1.0,olive wood,0.925,True
q-olive wood rustic small boat shaped bowl,accessories,9.36,1,1,154,101.48167532467532,1,0.3155737704918033,0.9077665905906591,1.0,1.0,accessories,0.82,True
q-olive wood salad serving spork,accessories,10.92,1,1,154,101.48167532467532,1,0.3155737704918033,0.8923943573314349,1.0,1.0,accessories,0.825,True
q-olive wood salad spoons,olive wood,18.72,1,1,152,40.29213157894736,1,0.3114754098360656,0.5353931449689213,1.0,1.0,olive wood,0.96,True
q-olive wood salt mill,olive wood,121.68,1,1,152,40.29213157894736,1,0.3114754098360656,2.019944421198937,1.0,1.0,olive wood,0.985,True
q-olive wood serving dish with five compartments,olive wood,43.68,1,1,152,40.29213157894736,1,0.3114754098360656,0.08408262864752904,1.0,1.0,olive wood,0.98,True
q-olive wood serving ladle,olive wood,28.08,1,1,152,40.29213157894736,1,0.3114754098360656,0.3030897298627525,1.0,1.0,olive wood,0.94,True
q-olive wood serving tray - large,olive wood,34.32,1,1,152,40.29213157894736,1,0.3114754098360656,0.14822078645863984,1.0,1.0,olive wood,0.965,True
q-olive wood set of three non-oiled boards,olive wood,49.92,1,1,152,40.29213157894736,1,0.3114754098360656,0.2389515720516417,1.0,1.0,olive wood,0.965,True
"q-olive wood slotted spatula 30 cm / 12""",accessories,9.36,1,1,154,101.48167532467532,1,0.3155737704918033,0.9077665905906591,1.0,1.0,accessories,0.525,True
q-olive wood slotted stirring server spatula,olive wood,9.36,1,1,152,40.29213157894736,1,0.3114754098360656,0.7676965600750902,1.0,1.0,olive wood,1.0,True
q-olive wood small chess board set,accessories,99.84,1,1,154,101.48167532467532,1,0.3155737704918033,0.016177061555654897,1.0,1.0,accessories,0.795,True
q-olive wood small citrus reamer / juicer,olive wood,14.04,1,1,152,40.29213157894736,1,0.3114754098360656,0.6515448525220058,1.0,1.0,olive wood,0.98,True
q-olive wood small crepe spreader stick,olive wood,6.24,1,1,152,40.29213157894736,1,0.3114754098360656,0.8451310317771464,1.0,1.0,olive wood,0.955,True
"q-olive wood small flat spoons set of three 20 cm / 7.87""",accessories,18.72,1,1,154,101.48167532467532,1,0.3155737704918033,0.8155331910353139,1.0,1.0,accessories,0.735,True
q-olive wood small nesting bowls set of 3,accessories,24.96,1,1,154,101.48167532467532,1,0.3155737704918033,0.754044257998417,1.0,1.0,olive wood,0.56,False
q-olive wood small pepper and salt mill set,olive wood,37.44,1,1,152,40.29213157894736,1,0.3114754098360656,0.0707863147565836,1.0,1.0,olive wood,0.77,True
q-olive wood small spoon,olive wood,15.6,1,1,152,40.29213157894736,1,0.3114754098360656,0.6128276166709776,1.0,1.0,olive wood,0.975,True
"q-olive wood small spoons set of four 15 cm / 5.9 """,accessories,28.08,1,1,154,101.48167532467532,1,0.3155737704918033,0.7232997914799686,1.0,1.0,olive wood,0.515,False
q-olive wood small table rustic and natural board,homeware,414.48,1,1,78,168.30123076923078,1,0.1598360655737705,1.4627270795517504,1.0,1.0,homeware,0.67,True
q-olive wood smooth cutting board large,olive wood,49.92,1,1,152,40.29213157894736,1,0.3114754098360656,0.2389515720516417,1.0,1.0,olive wood,0.94,True
q-olive wood smooth cutting board large rounded,olive wood,56.16,1,1,152,40.29213157894736,1,0.3114754098360656,0.39382051545575414,1.0,1.0,olive wood,0.925,True
q-olive wood smooth cutting board with handle,accessories,29.64,1,1,154,101.48167532467532,1,0.3155737704918033,0.7079275582207444,1.0,1.0,accessories,0.78,True
q-olive wood soft oval spoon,olive wood,9.36,1,1,152,40.29213157894736,1,0.3114754098360656,0.7676965600750902,1.0,1.0,olive wood,0.965,True
q-olive wood spatula – handmade cooking utensil from tunisia,olive wood,21.84,1,1,152,40.29213157894736,1,0.3114754098360656,0.45795867326686507,1.0,1.0,olive wood,0.97,True
q-olive wood spice jar with lid,olive wood,18.72,1,1,152,40.29213157894736,1,0.3114754098360656,0.5353931449689213,1.0,1.0,olive wood,0.98,True
q-olive wood stemmed glass,olive wood,28.08,1,1,152,40.29213157894736,1,0.3114754098360656,0.3030897298627525,1.0,1.0,olive wood,1.0,True
q-olive wood stirring spoon with hole,olive wood,7.8,1,1,152,40.29213157894736,1,0.3114754098360656,0.8064137959261185,1.0,1.0,olive wood,0.915,True
q-olive wood tray high quality eco friendly serving dish,olive wood,15.6,1,1,152,40.29213157894736,1,0.3114754098360656,0.6128276166709776,1.0,1.0,olive wood,0.985,True
q-olive wood triple compartment tray,olive wood,28.08,1,1,152,40.29213157894736,1,0.3114754098360656,0.3030897298627525,1.0,1.0,olive wood,0.995,True
q-olive wood trivet – fish design handmade protector,olive wood,21.84,1,1,152,40.29213157894736,1,0.3114754098360656,0.45795867326686507,1.0,1.0,olive wood,0.98,True
q-olivewood board with resin art,olive wood,171.6,1,1,152,40.29213157894736,1,0.3114754098360656,3.2588959684318373,1.0,1.0,olive wood,0.685,True
q-orange arabesque sofa bed throw,fouta towel & blankets,224.64,1,1,46,66.55308695652174,1,0.0942622950819672,2.375350534399762,1.0,1.0,fouta towel & blankets,0.835,True
q-orange blown glass cup,handcrafted ceramics,9.204,1,1,262,31.49497709923664,1,0.5368852459016393,0.7077629020411008,1.0,1.0,handcrafted ceramics,0.87,True
q-organic pear-shaped jute suspension handmade in tunisia,homeware,414.48,1,1,78,168.30123076923078,1,0.1598360655737705,1.4627270795517504,1.0,1.0,homeware,0.76,True
q-oval design multi-purpose bottle with a fish design,handcrafted ceramics,15.6,1,1,262,31.49497709923664,1,0.5368852459016393,0.5046829068797446,1.0,1.0,handcrafted ceramics,0.965,True
q-oval design multi-purpose bottle with andalusian design,handcrafted ceramics,15.6,1,1,262,31.49497709923664,1,0.5368852459016393,0.5046829068797446,1.0,1.0,handcrafted ceramics,0.935,True
q-oval design multi-purpose bottle with blue design,handcrafted ceramics,15.6,1,1,262,31.49497709923664,1,0.5368852459016393,0.5046829068797446,1.0,1.0,handcrafted ceramics,0.925,True
q-oval design multi-purpose bottle with flower design,handcrafted ceramics,15.6,1,1,262,31.49497709923664,1,0.5368852459016393,0.5046829068797446,1.0,1.0,handcrafted ceramics,0.95,True
q-oval olive wood bowl,olive wood,121.68,1,1,152,40.29213157894736,1,0.3114754098360656,2.019944421198937,1.0,1.0,olive wood,0.935,True
q-oval salad bowl - makroudh rouge,handcrafted ceramics,37.44,1,1,262,31.49497709923664,1,0.5368852459016393,0.18876097903708183,1.0,1.0,handcrafted ceramics,0.985,True
q-oval salad bowl – lara,handcrafted ceramics,37.44,1,1,262,31.49497709923664,1,0.5368852459016393,0.18876097903708183,1.0,1.0,handcrafted ceramics,0.98,True
q-pair of handcrafted olive wood cutting boards,olive wood,59.28,1,1,152,40.29213157894736,1,0.3114754098360656,0.47125498715781056,1.0,1.0,olive wood,0.98,True
q-pair of olive wood spoon and salad server,olive wood,29.64,1,1,152,40.29213157894736,1,0.3114754098360656,0.2643724940117243,1.0,1.0,olive wood,0.975,True
q-palm fiber and leather bag with shoulder strap,accessories,31.2,1,1,154,101.48167532467532,1,0.3155737704918033,0.6925553249615202,1.0,1.0,accessories,0.965,True
q-palm fiber artisanal leather tunisian bag colorful,accessories,171.6,1,1,154,101.48167532467532,1,0.3155737704918033,0.6909456683686587,1.0,1.0,accessories,0.765,True
q-palm fiber artisanal tunisian bag with black design,accessories,171.6,1,1,154,101.48167532467532,1,0.3155737704918033,0.6909456683686587,1.0,1.0,accessories,0.855,True
q-palm fiber artisanal tunisian couffin natural color,accessories,171.6,1,1,154,101.48167532467532,1,0.3155737704918033,0.6909456683686587,1.0,1.0,accessories,0.9,True
q-palm fiber pendant lamp hind,homeware,202.8,1,1,78,168.30123076923078,1,0.1598360655737705,0.2049822741527693,1.0,1.0,homeware,0.91,True
q-palm fiber pendant lamp kamila,homeware,109.2,1,1,78,168.30123076923078,1,0.1598360655737705,0.35116338809848097,1.0,1.0,homeware,0.905,True
q-palm fiber pendant lamp raisa,homeware,62.4,1,1,78,168.30123076923078,1,0.1598360655737705,0.629236219224106,1.0,1.0,homeware,0.83,True
q-palm fiber pendant lamp sarah,homeware,171.6,1,1,78,168.30123076923078,1,0.1598360655737705,0.019600386735685784,1.0,1.0,homeware,0.895,True
q-palm fiber storage box,accessories,31.2,1,1,154,101.48167532467532,1,0.3155737704918033,0.6925553249615202,1.0,1.0,accessories,0.94,True
q-palm fiber tote bag and handbag daily use,accessories,171.6,1,1,154,101.48167532467532,1,0.3155737704918033,0.6909456683686587,1.0,1.0,accessories,0.9,True
q-pastel mint green area rug made by kerkenniens,accessories,308.88,1,1,154,101.48167532467532,1,0.3155737704918033,2.043702195180389,1.0,1.0,accessories,0.785,True
q-pillows blue covers 100% linen,homeware,70.2,1,1,78,168.30123076923078,1,0.1598360655737705,0.5828907473698351,1.0,1.0,homeware,0.65,True
q-pink & multicolor striped fouta,fouta towel & blankets,14.04,1,1,46,66.55308695652174,1,0.0942622950819672,0.7890405775135161,1.0,1.0,fouta towel & blankets,0.98,True
q-pink and grey handmade carpet,accessories,62.4,1,1,154,101.48167532467532,1,0.3155737704918033,0.38511065977703596,1.0,1.0,accessories,0.83,True
q-pink and grey rug made by kerkenniens.,accessories,171.6,1,1,154,101.48167532467532,1,0.3155737704918033,0.6909456683686587,1.0,1.0,accessories,0.8,True
q-pink handwoven scarf from tunisia,accessories,46.8,1,1,154,101.48167532467532,1,0.3155737704918033,0.5388329923692781,1.0,1.0,accessories,0.745,True
q-pins micro mosaic & silver hand craved applied natural stone mosaic,social projects,140.4,1,1,47,143.25702127659574,1,0.09631147540983606,0.01994332446111781,1.0,1.0,social projects,0.4,True
q-plat apéritif khomsa – flowers,handcrafted ceramics,42.12,1,1,262,31.49497709923664,1,0.5368852459016393,0.33735609744783035,1.0,1.0,handcrafted ceramics,0.99,True
q-plat apéritif khomsa – lara,handcrafted ceramics,42.12,1,1,262,31.49497709923664,1,0.5368852459016393,0.33735609744783035,1.0,1.0,handcrafted ceramics,0.98,True
q-plat apéritif khomsa – oriental black,handcrafted ceramics,42.12,1,1,262,31.49497709923664,1,0.5368852459016393,0.33735609744783035,1.0,1.0,handcrafted ceramics,0.97,True
q-plat apéritif ovale – flowers,handcrafted ceramics,37.44,1,1,262,31.49497709923664,1,0.5368852459016393,0.18876097903708183,1.0,1.0,handcrafted ceramics,0.95,True
q-plat apéritif ovale – lara,handcrafted ceramics,37.44,1,1,262,31.49497709923664,1,0.5368852459016393,0.18876097903708183,1.0,1.0,handcrafted ceramics,0.95,True
q-plat apéritif rond – flowers,handcrafted ceramics,42.12,1,1,262,31.49497709923664,1,0.5368852459016393,0.33735609744783035,1.0,1.0,handcrafted ceramics,0.98,True
q-plat apéritif rond – makroudh rouge,handcrafted ceramics,42.12,1,1,262,31.49497709923664,1,0.5368852459016393,0.33735609744783035,1.0,1.0,handcrafted ceramics,0.955,True
q-plat apéritif rond – oriental black,handcrafted ceramics,42.12,1,1,262,31.49497709923664,1,0.5368852459016393,0.33735609744783035,1.0,1.0,handcrafted ceramics,0.935,True
q-plat couscous chkala – lara,handcrafted ceramics,35.88,1,1,262,31.49497709923664,1,0.5368852459016393,0.13922927290016582,1.0,1.0,handcrafted ceramics,0.82,True
q-plat couscous chkala – oriental black,handcrafted ceramics,35.88,1,1,262,31.49497709923664,1,0.5368852459016393,0.13922927290016582,1.0,1.0,handcrafted ceramics,0.84,True
q-plate black and white ceramics made in tunisia,handcrafted ceramics,21.84,1,1,262,31.49497709923664,1,0.5368852459016393,0.30655608233207987,1.0,1.0,handcrafted ceramics,0.81,True
q-plate blue and red white ceramics made in tunisia,handcrafted ceramics,15.6,1,1,262,31.49497709923664,1,0.5368852459016393,0.5046829068797446,1.0,1.0,handcrafted ceramics,0.86,True
q-plate wall decor inspired by tunisian designers,handcrafted ceramics,15.6,1,1,262,31.49497709923664,1,0.5368852459016393,0.5046829068797446,1.0,1.0,handcrafted ceramics,0.92,True
q-plateau mayo ketchup – flowers,handcrafted ceramics,35.88,1,1,262,31.49497709923664,1,0.5368852459016393,0.13922927290016582,1.0,1.0,handcrafted ceramics,0.68,True
q-plates and bowls set collection œil de paon by alessandra mauri,accessories,78.0,1,1,154,101.48167532467532,1,0.3155737704918033,0.23138832718479385,1.0,1.0,accessories,0.37,True
q-poof beanbag duc with klim wool and natural brown goatskin in seat,homeware,414.48,1,1,78,168.30123076923078,1,0.1598360655737705,1.4627270795517504,1.0,1.0,homeware,0.695,True
q-porcelain glazed vase handpainted by we art,social projects,87.36,1,1,47,143.25702127659574,1,0.09631147540983606,0.39018695480541044,1.0,1.0,social projects,0.305,True
q-premium 27 cm olive wood clamp – handcrafted in tunisia,olive wood,12.48,1,1,152,40.29213157894736,1,0.3114754098360656,0.6902620883730339,1.0,1.0,olive wood,0.915,True
q-premium 50 cm olive wood cutting board,olive wood,45.24,1,1,152,40.29213157894736,1,0.3114754098360656,0.12279986449855725,1.0,1.0,olive wood,0.98,True
q-purple blown glass bowl,handcrafted ceramics,9.922,1,1,262,31.49497709923664,1,0.5368852459016393,0.6849656167806484,1.0,1.0,handcrafted ceramics,0.94,True
q-purple halfa rug with golden stripes,rugs & kilim,156.0,1,1,130,236.3099076923077,1,0.26639344262295084,0.33984993746866915,1.0,1.0,rugs & kilim,0.955,True
q-pyramidal luster / lampshade with calligraphy,accessories,414.48,1,1,154,101.48167532467532,1,0.3155737704918033,3.08428413888172,1.0,1.0,accessories,0.9,True
q-rectangular chess board natural olive wood,olive wood,90.48,1,1,152,40.29213157894736,1,0.3114754098360656,1.2455997041783735,1.0,1.0,olive wood,0.965,True
q-rectangular multi-purpose bottle with a fish design,handcrafted ceramics,15.6,1,1,262,31.49497709923664,1,0.5368852459016393,0.5046829068797446,1.0,1.0,handcrafted ceramics,0.94,True
q-rectangular olive wood salt and pepper shakers,olive wood,37.44,1,1,152,40.29213157894736,1,0.3114754098360656,0.0707863147565836,1.0,1.0,olive wood,0.985,True
q-rectangular olive wood tray with ceramic tile inlay,olive wood,101.4,1,1,152,40.29213157894736,1,0.3114754098360656,1.5166203551355708,1.0,1.0,olive wood,0.79,True
q-rectangular pillows covers hand-woven silk & wool,homeware,46.8,1,1,78,168.30123076923078,1,0.1598360655737705,0.7219271629326478,1.0,1.0,homeware,0.84,True
q-rectangular serving tray,olive wood,28.08,1,1,152,40.29213157894736,1,0.3114754098360656,0.3030897298627525,1.0,1.0,olive wood,0.64,True
q-red and orange berber kesra carpet sample,accessories,62.4,1,1,154,101.48167532467532,1,0.3155737704918033,0.38511065977703596,1.0,1.0,accessories,0.865,True
q-red bird ceramics handmade,handcrafted ceramics,12.48,1,1,262,31.49497709923664,1,0.5368852459016393,0.6037463191535769,1.0,1.0,handcrafted ceramics,0.945,True
q-red floral scarf hand embroidery,accessories,171.6,1,1,154,101.48167532467532,1,0.3155737704918033,0.6909456683686587,1.0,1.0,accessories,0.68,True
q-red handmade bathroom rug,rugs & kilim,46.8,1,1,130,236.3099076923077,1,0.26639344262295084,0.801954978278389,1.0,1.0,rugs & kilim,0.65,True
q-red margoum rug - tunisian handmade,rugs & kilim,414.48,1,1,130,236.3099076923077,1,0.26639344262295084,0.7539679283600522,1.0,1.0,rugs & kilim,0.805,True
q-red medaillon floral rug,rugs & kilim,414.48,1,1,130,236.3099076923077,1,0.26639344262295084,0.7539679283600522,1.0,1.0,rugs & kilim,0.975,True
q-round olive wood dish,olive wood,49.92,1,1,152,40.29213157894736,1,0.3114754098360656,0.2389515720516417,1.0,1.0,olive wood,0.965,True
q-round olive wood trivet – under dish protector,olive wood,18.72,1,1,152,40.29213157894736,1,0.3114754098360656,0.5353931449689213,1.0,1.0,olive wood,0.985,True
q-round storage basket - hand-woven palm,homeware,140.4,1,1,78,168.30123076923078,1,0.1598360655737705,0.16578150068139755,1.0,1.0,homeware,0.735,True
q-rug black white checkered 90x180 cm etandart handmade,rugs & kilim,176.904,1,1,130,236.3099076923077,1,0.26639344262295084,0.25138982965652285,1.0,1.0,rugs & kilim,0.98,True
q-rug black white diamond 90x180 cm,rugs & kilim,176.904,1,1,130,236.3099076923077,1,0.26639344262295084,0.25138982965652285,1.0,1.0,rugs & kilim,1.0,True
q-rug black white stars 90x180 cm etandart handmade,rugs & kilim,176.904,1,1,130,236.3099076923077,1,0.26639344262295084,0.25138982965652285,1.0,1.0,rugs & kilim,0.98,True
q-rug grey handmade tunisia,rugs & kilim,176.904,1,1,130,236.3099076923077,1,0.26639344262295084,0.25138982965652285,1.0,1.0,rugs & kilim,0.81,True
q-rug grey white small diamond,rugs & kilim,176.904,1,1,130,236.3099076923077,1,0.26639344262295084,0.25138982965652285,1.0,1.0,rugs & kilim,0.985,True
q-rug ivory brown diamond,rugs & kilim,176.904,1,1,130,236.3099076923077,1,0.26639344262295084,0.25138982965652285,1.0,1.0,rugs & kilim,0.98,True
q-rug ivory etandart handmade,rugs & kilim,176.904,1,1,130,236.3099076923077,1,0.26639344262295084,0.25138982965652285,1.0,1.0,rugs & kilim,0.965,True
q-rug ivory golden diamond etandart handmade,rugs & kilim,176.904,1,1,130,236.3099076923077,1,0.26639344262295084,0.25138982965652285,1.0,1.0,rugs & kilim,0.97,True
q-rug made with cotton and recycled jean,social projects,149.76,1,1,47,143.25702127659574,1,0.09631147540983606,0.04539378677611019,1.0,1.0,social projects,0.595,True
q-rug white black stars,rugs & kilim,176.904,1,1,130,236.3099076923077,1,0.26639344262295084,0.25138982965652285,1.0,1.0,rugs & kilim,0.99,True
q-rug white golden diamond handmade tunisia,rugs & kilim,176.904,1,1,130,236.3099076923077,1,0.26639344262295084,0.25138982965652285,1.0,1.0,rugs & kilim,0.94,True
q-rug white grey stars,rugs & kilim,176.904,1,1,130,236.3099076923077,1,0.26639344262295084,0.25138982965652285,1.0,1.0,rugs & kilim,0.99,True
q-rug white sky blue diamond 90x180 cm etandart handmade,rugs & kilim,176.904,1,1,130,236.3099076923077,1,0.26639344262295084,0.25138982965652285,1.0,1.0,rugs & kilim,0.95,True
q-rustic olive wood bottle holder/candle holder/ bottle rack,accessories,24.96,1,1,154,101.48167532467532,1,0.3155737704918033,0.754044257998417,1.0,1.0,accessories,0.74,True
q-rustic tunisian clay olive oil bottle,handcrafted ceramics,12.48,1,1,262,31.49497709923664,1,0.5368852459016393,0.6037463191535769,1.0,1.0,handcrafted ceramics,0.965,True
q-rustic woven palm ceiling lamp handmade in tunisia,homeware,374.4,1,1,78,168.30123076923078,1,0.1598360655737705,1.2245826549467278,1.0,1.0,homeware,0.985,True
q-s&a bag decoration in weaving pompom and handcrafted embroidery,social projects,28.08,1,1,47,143.25702127659574,1,0.09631147540983606,0.8039886593078551,1.0,1.0,social projects,0.7,True
q-s&a tote bag and handbag daily use,social projects,21.84,1,1,47,143.25702127659574,1,0.09631147540983606,0.8475467334660072,1.0,1.0,social projects,0.67,True
q-salt & pepper olive wood shakers,olive wood,18.72,1,1,152,40.29213157894736,1,0.3114754098360656,0.5353931449689213,1.0,1.0,olive wood,0.995,True
q-sample rug kilim abstract black white,rugs & kilim,93.6,1,1,130,236.3099076923077,1,0.26639344262295084,0.6039099607885091,1.0,1.0,rugs & kilim,0.975,True
q-sample rug kilim abstract brown and beige,rugs & kilim,46.8,1,1,130,236.3099076923077,1,0.26639344262295084,0.801954978278389,1.0,1.0,rugs & kilim,0.74,True
q-sample white carpet with a black berber motif,accessories,46.8,1,1,154,101.48167532467532,1,0.3155737704918033,0.5388329923692781,1.0,1.0,rugs & kilim,0.425,False
q-sea star 8 piece ceramic serveware set,handcrafted ceramics,39.0,1,1,262,31.49497709923664,1,0.5368852459016393,0.23829268517399807,1.0,1.0,handcrafted ceramics,0.95,True
q-sejnenia natural large fish,social projects,12.48,1,1,47,143.25702127659574,1,0.09631147540983606,0.9128838447032354,1.0,1.0,social projects,0.625,True
q-series of 3 arabesque rugs for bedroom,rugs & kilim,280.8,1,1,130,236.3099076923077,1,0.26639344262295084,0.18827010917101064,1.0,1.0,rugs & kilim,0.77,True
q-serving medium board without handle olive wood,accessories,23.4,1,1,154,101.48167532467532,1,0.3155737704918033,0.7694164912576413,1.0,1.0,olive wood,0.595,False
q-serving tunisian olive wood plate rectangular form,olive wood,24.96,1,1,152,40.29213157894736,1,0.3114754098360656,0.3805242015648087,1.0,1.0,olive wood,0.985,True
q-set of 3 diamond rugs for bedroom,rugs & kilim,280.8,1,1,130,236.3099076923077,1,0.26639344262295084,0.18827010917101064,1.0,1.0,rugs & kilim,0.735,True
q-set of 3 olive wood candle holders,olive wood,46.8,1,1,152,40.29213157894736,1,0.3114754098360656,0.16151710034958527,1.0,1.0,olive wood,0.975,True
q-set of 3 tunisian handwoven halfa baskets,homeware,78.0,1,1,78,168.30123076923078,1,0.1598360655737705,0.5365452755155644,1.0,1.0,homeware,0.715,True
q-set of 4 plates / slama fragment collection,accessories,156.0,1,1,154,101.48167532467532,1,0.3155737704918033,0.5372233357764166,1.0,1.0,accessories,0.73,True
q-set of cafe ceramic ' jilani ',handcrafted ceramics,51.48,1,1,262,31.49497709923664,1,0.5368852459016393,0.6345463342693274,1.0,1.0,handcrafted ceramics,0.98,True
q-set of cafe ceramic ' serdine ',handcrafted ceramics,51.48,1,1,262,31.49497709923664,1,0.5368852459016393,0.6345463342693274,1.0,1.0,handcrafted ceramics,0.98,True
q-set of ceramic for water ' jileni ',handcrafted ceramics,57.72,1,1,262,31.49497709923664,1,0.5368852459016393,0.8326731588169921,1.0,1.0,handcrafted ceramics,1.0,True
q-set of ceramic for water ' khat ',handcrafted ceramics,57.72,1,1,262,31.49497709923664,1,0.5368852459016393,0.8326731588169921,1.0,1.0,handcrafted ceramics,1.0,True
q-set of ceramic for water ' serdine',handcrafted ceramics,57.72,1,1,262,31.49497709923664,1,0.5368852459016393,0.8326731588169921,1.0,1.0,handcrafted ceramics,1.0,True
q-set of ceramics handmade and olive wood bowl,olive wood,18.72,1,1,152,40.29213157894736,1,0.3114754098360656,0.5353931449689213,1.0,1.0,olive wood,0.94,True
q-set of ceramics plates ceramics made in tunisia hand-painted,social projects,109.2,1,1,47,143.25702127659574,1,0.09631147540983606,0.23773369525187818,1.0,1.0,social projects,0.85,True
q-set of ceramics plates made in tunisia by slama pottery,social projects,109.2,1,1,47,143.25702127659574,1,0.09631147540983606,0.23773369525187818,1.0,1.0,social projects,0.87,True
"q-set of cups "" ekho design """,accessories,118.56,1,1,154,101.48167532467532,1,0.3155737704918033,0.1682897375550356,1.0,1.0,accessories,0.67,True
q-set of handmade ceramics products,handcrafted ceramics,15.6,1,1,262,31.49497709923664,1,0.5368852459016393,0.5046829068797446,1.0,1.0,handcrafted ceramics,0.95,True
q-set of handpainted ceramics,handcrafted ceramics,15.6,1,1,262,31.49497709923664,1,0.5368852459016393,0.5046829068797446,1.0,1.0,handcrafted ceramics,0.65,True
q-set of rectangular cutting boards,olive wood,65.52,1,1,152,40.29213157894736,1,0.3114754098360656,0.6261239305619231,1.0,1.0,olive wood,0.645,True
q-set of sejnan deep clay plate and napkin holder,social projects,182.52,1,1,47,143.25702127659574,1,0.09631147540983606,0.2740736761064087,1.0,1.0,social projects,0.775,True
q-set of three mosaic jewelry boxes by the phare design,social projects,280.8,1,1,47,143.25702127659574,1,0.09631147540983606,0.9601133440973038,1.0,1.0,social projects,0.795,True
q-set of three pen holders mosaic handmade by le phare design,social projects,249.6,1,1,47,143.25702127659574,1,0.09631147540983606,0.7423229733065433,1.0,1.0,social projects,0.77,True
q-set of three plates of ceramics hand-painted tunisia,social projects,112.32,1,1,47,143.25702127659574,1,0.09631147540983606,0.2159546581728022,1.0,1.0,social projects,0.825,True
q-set of white ceramics with black decoration,handcrafted ceramics,15.6,1,1,262,31.49497709923664,1,0.5368852459016393,0.5046829068797446,1.0,1.0,handcrafted ceramics,0.835,True
q-simple & modern set of ceramics products,handcrafted ceramics,15.6,1,1,262,31.49497709923664,1,0.5368852459016393,0.5046829068797446,1.0,1.0,handcrafted ceramics,0.655,True
q-simple and modern handmade tajine plate pottery made in tunisia,handcrafted ceramics,49.92,1,1,262,31.49497709923664,1,0.5368852459016393,0.5850146281324113,1.0,1.0,handcrafted ceramics,0.87,True
q-sky blue fouta with green line,fouta towel & blankets,14.04,1,1,46,66.55308695652174,1,0.0942622950819672,0.7890405775135161,1.0,1.0,fouta towel & blankets,0.955,True
q-small basket woven with fiber,accessories,28.08,1,1,154,101.48167532467532,1,0.3155737704918033,0.7232997914799686,1.0,1.0,accessories,0.95,True
q-small bassinet with brown hand,accessories,31.2,1,1,154,101.48167532467532,1,0.3155737704918033,0.6925553249615202,1.0,1.0,accessories,0.835,True
q-small carpet with grey and gold design,rugs & kilim,46.8,1,1,130,236.3099076923077,1,0.26639344262295084,0.801954978278389,1.0,1.0,rugs & kilim,0.75,True
q-small carpet with grey and yellow diamond shaped motifs,rugs & kilim,46.8,1,1,130,236.3099076923077,1,0.26639344262295084,0.801954978278389,1.0,1.0,rugs & kilim,0.6,True
q-small decorated ceramic tajine,handcrafted ceramics,21.84,1,1,262,31.49497709923664,1,0.5368852459016393,0.30655608233207987,1.0,1.0,handcrafted ceramics,0.895,True
q-small grey rug,rugs & kilim,93.6,1,1,130,236.3099076923077,1,0.26639344262295084,0.6039099607885091,1.0,1.0,rugs & kilim,0.975,True
q-small olive wood cutting board,olive wood,21.84,1,1,152,40.29213157894736,1,0.3114754098360656,0.45795867326686507,1.0,1.0,olive wood,0.985,True
q-small olive wood pepper and salt mill,olive wood,90.48,1,1,152,40.29213157894736,1,0.3114754098360656,1.2455997041783735,1.0,1.0,olive wood,0.905,True
q-small purple pouf with green and orange design,homeware,140.4,1,1,78,168.30123076923078,1,0.1598360655737705,0.16578150068139755,1.0,1.0,homeware,0.7,True
q-small rustic serving olive wood bowl,olive wood,59.28,1,1,152,40.29213157894736,1,0.3114754098360656,0.47125498715781056,1.0,1.0,olive wood,0.915,True
q-small striped carpet handwoven by women artisans.,rugs & kilim,62.4,1,1,130,236.3099076923077,1,0.26639344262295084,0.735939972448429,1.0,1.0,rugs & kilim,0.65,True
q-small table set braided natural fiber,accessories,21.84,1,1,154,101.48167532467532,1,0.3155737704918033,0.7847887245168654,1.0,1.0,accessories,0.945,True
q-small traditional black bag,accessories,46.8,1,1,154,101.48167532467532,1,0.3155737704918033,0.5388329923692781,1.0,1.0,accessories,0.645,True
q-small traditional palm fiber bag with red design,accessories,56.16,1,1,154,101.48167532467532,1,0.3155737704918033,0.44659959281393286,1.0,1.0,accessories,0.955,True
q-small traditional red bag,accessories,56.16,1,1,154,101.48167532467532,1,0.3155737704918033,0.44659959281393286,1.0,1.0,accessories,0.455,True
q-small traditional yellow bag,accessories,46.8,1,1,154,101.48167532467532,1,0.3155737704918033,0.5388329923692781,1.0,1.0,accessories,0.5,True
q-soft velvet cushion cover made by hela.,homeware,93.6,1,1,78,168.30123076923078,1,0.1598360655737705,0.4438543318070227,1.0,1.0,homeware,0.525,True
q-spice jar with a lid.,olive wood,18.72,1,1,152,40.29213157894736,1,0.3114754098360656,0.5353931449689213,1.0,1.0,olive wood,0.715,True
q-square luster/lampshade with arabic calligraphy,accessories,78.0,1,1,154,101.48167532467532,1,0.3155737704918033,0.23138832718479385,1.0,1.0,accessories,0.81,True
q-square luster/lampshade with calligraphy handmade,accessories,171.6,1,1,154,101.48167532467532,1,0.3155737704918033,0.6909456683686587,1.0,1.0,accessories,0.85,True
q-square pillows covers hand-woven silk,homeware,46.8,1,1,78,168.30123076923078,1,0.1598360655737705,0.7219271629326478,1.0,1.0,homeware,0.86,True
q-square turquoise and orange carpet from kesra artisans,accessories,62.4,1,1,154,101.48167532467532,1,0.3155737704918033,0.38511065977703596,1.0,1.0,accessories,0.875,True
q-straw bag with long basket handle,homeware,56.16,1,1,78,168.30123076923078,1,0.1598360655737705,0.6663125967075227,1.0,1.0,homeware,0.79,True
q-striped farmhouse style hamam fouta towel spread,homeware,18.72,1,1,78,168.30123076923078,1,0.1598360655737705,0.8887708616080229,1.0,1.0,homeware,0.765,True
q-striped stone ibiza style hamam fouta towel spread xl,homeware,56.16,1,1,78,168.30123076923078,1,0.1598360655737705,0.6663125967075227,1.0,1.0,homeware,0.61,True
q-table iron with olive wood rustic and natural board,homeware,414.48,1,1,78,168.30123076923078,1,0.1598360655737705,1.4627270795517504,1.0,1.0,olive wood,0.485,False
q-table set braided natural fiber,accessories,15.6,1,1,154,101.48167532467532,1,0.3155737704918033,0.8462776575537623,1.0,1.0,accessories,0.855,True
q-tableware nabeul ceramics azouz blue of sidi bou said tunisia,handcrafted ceramics,140.4,1,1,262,31.49497709923664,1,0.5368852459016393,3.4578535840735496,1.0,1.0,handcrafted ceramics,0.745,True
q-tagine cookware - tunisian design handmade,handcrafted ceramics,53.04,1,1,262,31.49497709923664,1,0.5368852459016393,0.6840780404062436,1.0,1.0,handcrafted ceramics,0.855,True
q-tagine pot clay ceramic glazed berber traditional,handcrafted ceramics,53.04,1,1,262,31.49497709923664,1,0.5368852459016393,0.6840780404062436,1.0,1.0,handcrafted ceramics,0.96,True
q-tajine blue and white collection designed in tunisia,accessories,78.0,1,1,154,101.48167532467532,1,0.3155737704918033,0.23138832718479385,1.0,1.0,accessories,0.7,True
q-tajine blue sky collection designed in tunisia,handcrafted ceramics,49.92,1,1,262,31.49497709923664,1,0.5368852459016393,0.5850146281324113,1.0,1.0,handcrafted ceramics,0.79,True
q-tajine handmade painted and decorated,handcrafted ceramics,76.44,1,1,262,31.49497709923664,1,0.5368852459016393,1.4270536324599863,1.0,1.0,handcrafted ceramics,0.845,True
q-tajine – flowers,handcrafted ceramics,76.44,1,1,262,31.49497709923664,1,0.5368852459016393,1.4270536324599863,1.0,1.0,handcrafted ceramics,0.825,True
q-tajine – lara,handcrafted ceramics,76.44,1,1,262,31.49497709923664,1,0.5368852459016393,1.4270536324599863,1.0,1.0,handcrafted ceramics,0.8,True
q-tajine – zarbia,handcrafted ceramics,76.44,1,1,262,31.49497709923664,1,0.5368852459016393,1.4270536324599863,1.0,1.0,handcrafted ceramics,0.94,True
q-tan and brown medaillon floral rug,rugs & kilim,305.76,1,1,130,236.3099076923077,1,0.26639344262295084,0.2938941184989465,1.0,1.0,rugs & kilim,0.935,True
q-tan and red medaillon floral rug,rugs & kilim,312.0,1,1,130,236.3099076923077,1,0.26639344262295084,0.3203001208309305,1.0,1.0,rugs & kilim,0.96,True
q-tepsi – makroudh rouge,handcrafted ceramics,15.6,1,1,262,31.49497709923664,1,0.5368852459016393,0.5046829068797446,1.0,1.0,handcrafted ceramics,0.815,True
q-tepsi – zarbia,handcrafted ceramics,15.6,1,1,262,31.49497709923664,1,0.5368852459016393,0.5046829068797446,1.0,1.0,handcrafted ceramics,0.565,True
q-there tier raffia pendant lamp handmade in tunisia,homeware,414.48,1,1,78,168.30123076923078,1,0.1598360655737705,1.4627270795517504,1.0,1.0,homeware,0.99,True
q-three tier raffia pendant lamp handmade in tunisia,homeware,414.48,1,1,78,168.30123076923078,1,0.1598360655737705,1.4627270795517504,1.0,1.0,homeware,0.995,True
q-throw blanket fouta towel peshtemal made in tunisia,accessories,24.96,1,1,154,101.48167532467532,1,0.3155737704918033,0.754044257998417,1.0,1.0,accessories,0.7,True
q-throw etand'art saida in unbleached and undyed wool throw with bobble,social projects,156.0,1,1,47,143.25702127659574,1,0.09631147540983606,0.08895186093426233,1.0,1.0,social projects,0.695,True
q-throws 100% linen handwoven & embroidery 100% handmade,social projects,118.56,1,1,47,143.25702127659574,1,0.09631147540983606,0.17239658401465008,1.0,1.0,social projects,0.72,True
q-throws hand-woven silk and wool kerkenatiss,social projects,218.4,1,1,47,143.25702127659574,1,0.09631147540983606,0.524532602515783,1.0,1.0,social projects,0.63,True
"q-tiles hand-painted industrial biscuits according to the ""cuerda seca"" technique",social projects,124.8,1,1,47,143.25702127659574,1,0.09631147540983606,0.12883850985649806,1.0,1.0,social projects,0.74,True
q-traditional ceramic oil bottle – made in tunisia,handcrafted ceramics,15.6,1,1,262,31.49497709923664,1,0.5368852459016393,0.5046829068797446,1.0,1.0,handcrafted ceramics,0.945,True
q-traditional clay and cane pendant light handmade in tunisia,homeware,414.48,1,1,78,168.30123076923078,1,0.1598360655737705,1.4627270795517504,1.0,1.0,homeware,0.93,True
q-traditional decorated handmade carpet,rugs & kilim,305.76,1,1,130,236.3099076923077,1,0.26639344262295084,0.2938941184989465,1.0,1.0,rugs & kilim,0.95,True
q-traditional floral handmade tunisian carpet,rugs & kilim,305.76,1,1,130,236.3099076923077,1,0.26639344262295084,0.2938941184989465,1.0,1.0,rugs & kilim,0.95,True
q-traditional floral tan base rug,rugs & kilim,414.48,1,1,130,236.3099076923077,1,0.26639344262295084,0.7539679283600522,1.0,1.0,rugs & kilim,0.98,True
q-traditional handmade carpet with decorated tiles,rugs & kilim,305.76,1,1,130,236.3099076923077,1,0.26639344262295084,0.2938941184989465,1.0,1.0,rugs & kilim,0.885,True
q-traditional handmade carpet with green decoration,rugs & kilim,305.76,1,1,130,236.3099076923077,1,0.26639344262295084,0.2938941184989465,1.0,1.0,rugs & kilim,0.94,True
q-traditional handmade floral framed carpet,rugs & kilim,305.76,1,1,130,236.3099076923077,1,0.26639344262295084,0.2938941184989465,1.0,1.0,rugs & kilim,0.97,True
q-traditional handmade tunisian plate,handcrafted ceramics,39.0,1,1,262,31.49497709923664,1,0.5368852459016393,0.23829268517399807,1.0,1.0,handcrafted ceramics,0.875,True
q-traditional palm fiber bag with red design,accessories,84.24,1,1,154,101.48167532467532,1,0.3155737704918033,0.16989939414789706,1.0,1.0,accessories,0.92,True
q-traditional tree tan base rug,rugs & kilim,414.48,1,1,130,236.3099076923077,1,0.26639344262295084,0.7539679283600522,1.0,1.0,rugs & kilim,0.98,True
q-traditional tunisian clay olive oil bottle,handcrafted ceramics,15.6,1,1,262,31.49497709923664,1,0.5368852459016393,0.5046829068797446,1.0,1.0,handcrafted ceramics,0.98,True
q-traditional tunisian fouta towel with white stripe,fouta towel & blankets,37.44,1,1,46,66.55308695652174,1,0.0942622950819672,0.4374415650787074,1.0,1.0,fouta towel & blankets,0.42,True
q-traditions ceramic bowl tunisian pottery handmade,handcrafted ceramics,15.6,1,1,262,31.49497709923664,1,0.5368852459016393,0.5046829068797446,1.0,1.0,handcrafted ceramics,0.94,True
q-trendy handwoven fouta handmade,accessories,37.44,1,1,154,101.48167532467532,1,0.3155737704918033,0.6310663919246233,1.0,1.0,accessories,0.77,True
q-triangle lines rug handmade from tunisia,rugs & kilim,99.84,1,1,130,236.3099076923077,1,0.26639344262295084,0.577503958456525,1.0,1.0,rugs & kilim,0.875,True
q-triangle pattern rug,rugs & kilim,312.0,1,1,130,236.3099076923077,1,0.26639344262295084,0.3203001208309305,1.0,1.0,rugs & kilim,0.995,True
q-triangles wool kilim from sejnan rug blue and white,social projects,414.48,1,1,47,143.25702127659574,1,0.09631147540983606,1.8932613174084845,1.0,1.0,rugs & kilim,0.465,False
q-triple-layer jute wall sconce handmade in tunisia,homeware,414.48,1,1,78,168.30123076923078,1,0.1598360655737705,1.4627270795517504,1.0,1.0,homeware,0.95,True
q-tufted cushion cover,homeware,62.4,1,1,78,168.30123076923078,1,0.1598360655737705,0.629236219224106,1.0,1.0,homeware,0.88,True
q-tunis white and blue ceramic oil bottle,handcrafted ceramics,12.48,1,1,262,31.49497709923664,1,0.5368852459016393,0.6037463191535769,1.0,1.0,handcrafted ceramics,0.925,True
q-tunis white ceramic oil cruet,handcrafted ceramics,12.48,1,1,262,31.49497709923664,1,0.5368852459016393,0.6037463191535769,1.0,1.0,handcrafted ceramics,0.95,True
q-tunisian artisan ceramic olive oil bottle,handcrafted ceramics,15.6,1,1,262,31.49497709923664,1,0.5368852459016393,0.5046829068797446,1.0,1.0,handcrafted ceramics,1.0,True
q-tunisian ceramic bottle for olive oil,handcrafted ceramics,12.48,1,1,262,31.49497709923664,1,0.5368852459016393,0.6037463191535769,1.0,1.0,handcrafted ceramics,0.995,True
q-tunisian ceramic oil cruet for olive oil,handcrafted ceramics,12.48,1,1,262,31.49497709923664,1,0.5368852459016393,0.6037463191535769,1.0,1.0,handcrafted ceramics,0.96,True
q-tunisian ceramic oil dispenser,handcrafted ceramics,15.6,1,1,262,31.49497709923664,1,0.5368852459016393,0.5046829068797446,1.0,1.0,handcrafted ceramics,1.0,True
q-tunisian ceramic oil pourer – authentic north african craft,handcrafted ceramics,15.6,1,1,262,31.49497709923664,1,0.5368852459016393,0.5046829068797446,1.0,1.0,handcrafted ceramics,0.995,True
q-tunisian decorative wall tiles,handcrafted ceramics,15.6,1,1,262,31.49497709923664,1,0.5368852459016393,0.5046829068797446,1.0,1.0,handcrafted ceramics,0.855,True
q-tunisian halfa storage basket,homeware,78.0,1,1,78,168.30123076923078,1,0.1598360655737705,0.5365452755155644,1.0,1.0,homeware,0.835,True
q-tunisian hand-painted ceramic oil bottle,handcrafted ceramics,18.72,1,1,262,31.49497709923664,1,0.5368852459016393,0.40561949460591223,1.0,1.0,handcrafted ceramics,0.935,True
q-tunisian handcrafted ceramic plate,handcrafted ceramics,39.0,1,1,262,31.49497709923664,1,0.5368852459016393,0.23829268517399807,1.0,1.0,handcrafted ceramics,0.975,True
q-tunisian handicrafts - traditional decorated deep plate of sejnan,social projects,90.48,1,1,47,143.25702127659574,1,0.09631147540983606,0.36840791772633436,1.0,1.0,social projects,0.745,True
q-tunisian handicrafts kilim berber style with line red,rugs & kilim,218.4,1,1,130,236.3099076923077,1,0.26639344262295084,0.07578991414882927,1.0,1.0,rugs & kilim,0.905,True
q-tunisian handicrafts kilim multi-color,rugs & kilim,280.8,1,1,130,236.3099076923077,1,0.26639344262295084,0.18827010917101064,1.0,1.0,rugs & kilim,0.91,True
q-tunisian handicrafts large halfa round serving fruit / vegetables plate,homeware,37.44,1,1,78,168.30123076923078,1,0.1598360655737705,0.7775417291577728,1.0,1.0,homeware,0.325,True
q-tunisian handicrafts margoum geometric design,rugs & kilim,414.48,1,1,130,236.3099076923077,1,0.26639344262295084,0.7539679283600522,1.0,1.0,rugs & kilim,0.86,True
q-tunisian handicrafts margoum grey classic,rugs & kilim,414.48,1,1,130,236.3099076923077,1,0.26639344262295084,0.7539679283600522,1.0,1.0,rugs & kilim,0.84,True
q-tunisian handicrafts margoum red and white,rugs & kilim,414.48,1,1,130,236.3099076923077,1,0.26639344262295084,0.7539679283600522,1.0,1.0,rugs & kilim,0.82,True
q-tunisian handicrafts margoum with line,rugs & kilim,187.2,1,1,130,236.3099076923077,1,0.26639344262295084,0.20781992580874928,1.0,1.0,rugs & kilim,0.875,True
q-tunisian handicrafts natural halfa blue box,homeware,28.08,1,1,78,168.30123076923078,1,0.1598360655737705,0.8331562953828977,1.0,1.0,homeware,0.725,True
q-tunisian handicrafts olive wood serving dish,olive wood,24.96,1,1,152,40.29213157894736,1,0.3114754098360656,0.3805242015648087,1.0,1.0,olive wood,0.975,True
q-tunisian handicrafts palm fiber saucer,accessories,15.6,1,1,154,101.48167532467532,1,0.3155737704918033,0.8462776575537623,1.0,1.0,accessories,0.85,True
q-tunisian handmade black and light brown hoop chair,homeware,414.48,1,1,78,168.30123076923078,1,0.1598360655737705,1.4627270795517504,1.0,1.0,homeware,0.735,True
q-tunisian handmade ceramic olive oil dispenser,handcrafted ceramics,15.6,1,1,262,31.49497709923664,1,0.5368852459016393,0.5046829068797446,1.0,1.0,handcrafted ceramics,1.0,True
q-tunisian handmade couffin natural colors,accessories,78.0,1,1,154,101.48167532467532,1,0.3155737704918033,0.23138832718479385,1.0,1.0,accessories,0.875,True
q-tunisian handmade couffin with black hand,accessories,62.4,1,1,154,101.48167532467532,1,0.3155737704918033,0.38511065977703596,1.0,1.0,accessories,0.895,True
q-tunisian handmade couffin with vegetal fiber,accessories,171.6,1,1,154,101.48167532467532,1,0.3155737704918033,0.6909456683686587,1.0,1.0,accessories,0.95,True
q-tunisian handmade kilim with simple design,rugs & kilim,414.48,1,1,130,236.3099076923077,1,0.26639344262295084,0.7539679283600522,1.0,1.0,rugs & kilim,0.83,True
q-tunisian handmade koffa with natural color,accessories,12.48,1,1,154,101.48167532467532,1,0.3155737704918033,0.8770221240722106,1.0,1.0,accessories,0.875,True
q-tunisian handmade koffa with purple color,accessories,78.0,1,1,154,101.48167532467532,1,0.3155737704918033,0.23138832718479385,1.0,1.0,accessories,0.845,True
q-tunisian handmade olive wood appetizer plate,olive wood,15.6,1,1,152,40.29213157894736,1,0.3114754098360656,0.6128276166709776,1.0,1.0,olive wood,0.99,True
q-tunisian handmade palm fiber and leather bag with small brown hand,accessories,93.6,1,1,154,101.48167532467532,1,0.3155737704918033,0.07766599459255183,1.0,1.0,accessories,0.835,True
q-tunisian handmade palm fiber basket,accessories,28.08,1,1,154,101.48167532467532,1,0.3155737704918033,0.7232997914799686,1.0,1.0,accessories,0.93,True
q-tunisian handmade table & chair set with vegetal fiber,accessories,37.44,1,1,154,101.48167532467532,1,0.3155737704918033,0.6310663919246233,1.0,1.0,accessories,0.945,True
q-tunisian handmade table & chair with vegetal fiber,accessories,37.44,1,1,154,101.48167532467532,1,0.3155737704918033,0.6310663919246233,1.0,1.0,accessories,0.985,True
q-tunisian high quality fresh orange,social projects,1.56,1,1,47,143.25702127659574,1,0.09631147540983606,0.9891104744800013,1.0,1.0,social projects,0.645,True
q-tunisian pottery olive oil bottle,handcrafted ceramics,15.6,1,1,262,31.49497709923664,1,0.5368852459016393,0.5046829068797446,1.0,1.0,handcrafted ceramics,0.995,True
q-tunisian pottery olive oil cruet,handcrafted ceramics,15.6,1,1,262,31.49497709923664,1,0.5368852459016393,0.5046829068797446,1.0,1.0,handcrafted ceramics,0.895,True
q-tunisian tepsi wall & serving tray,handcrafted ceramics,54.6,1,1,262,31.49497709923664,1,0.5368852459016393,0.7336097465431599,1.0,1.0,handcrafted ceramics,0.81,True
q-tunisian white fouta with blue stripes,fouta towel & blankets,14.04,1,1,46,66.55308695652174,1,0.0942622950819672,0.7890405775135161,1.0,1.0,fouta towel & blankets,0.915,True
"q-tureen collection ""faïences"" blue and white designed by sofiane ben amor",accessories,49.92,1,1,154,101.48167532467532,1,0.3155737704918033,0.5080885258508296,1.0,1.0,accessories,0.735,True
q-tureen – flowers,handcrafted ceramics,56.16,1,1,262,31.49497709923664,1,0.5368852459016393,0.7831414526800758,1.0,1.0,handcrafted ceramics,0.94,True
q-tureen – lara,handcrafted ceramics,56.16,1,1,262,31.49497709923664,1,0.5368852459016393,0.7831414526800758,1.0,1.0,handcrafted ceramics,0.91,True
q-tureen – zarbia,handcrafted ceramics,56.16,1,1,262,31.49497709923664,1,0.5368852459016393,0.7831414526800758,1.0,1.0,handcrafted ceramics,0.93,True
q-turquoise blown glass bowl,handcrafted ceramics,9.922,1,1,262,31.49497709923664,1,0.5368852459016393,0.6849656167806484,1.0,1.0,handcrafted ceramics,0.94,True
q-turquoise blown glass cup,handcrafted ceramics,8.518,1,1,262,31.49497709923664,1,0.5368852459016393,0.7295441523038729,1.0,1.0,handcrafted ceramics,0.9,True
q-two deep pots with cover sejnan clay,social projects,62.4,1,1,47,143.25702127659574,1,0.09631147540983606,0.5644192514380186,1.0,1.0,homeware,0.28,False
q-undyed white wool diamond rug,rugs & kilim,312.0,1,1,130,236.3099076923077,1,0.26639344262295084,0.3203001208309305,1.0,1.0,rugs & kilim,0.99,True
q-vase blown glass mouth blown locally available recycled transparent glass,social projects,15.6,1,1,47,143.25702127659574,1,0.09631147540983606,0.8911048076241593,1.0,1.0,social projects,0.88,True
q-vase medium blown glass mouth blown locally recycled,social projects,15.6,1,1,47,143.25702127659574,1,0.09631147540983606,0.8911048076241593,1.0,1.0,social projects,0.9,True
q-versatile cotton & linen handwoven blanket,accessories,171.6,1,1,154,101.48167532467532,1,0.3155737704918033,0.6909456683686587,1.0,1.0,accessories,0.82,True
q-warm grey halfa rug,rugs & kilim,156.0,1,1,130,236.3099076923077,1,0.26639344262295084,0.33984993746866915,1.0,1.0,rugs & kilim,0.945,True
q-white & black ceramic cup,handcrafted ceramics,15.6,1,1,262,31.49497709923664,1,0.5368852459016393,0.5046829068797446,1.0,1.0,handcrafted ceramics,0.96,True
q-white & black ceramic large bowl,handcrafted ceramics,15.6,1,1,262,31.49497709923664,1,0.5368852459016393,0.5046829068797446,1.0,1.0,handcrafted ceramics,0.96,True
q-white & black decorated ceramic plate,handcrafted ceramics,15.6,1,1,262,31.49497709923664,1,0.5368852459016393,0.5046829068797446,1.0,1.0,handcrafted ceramics,0.99,True
q-white & pink small rug with triangles,rugs & kilim,87.36,1,1,130,236.3099076923077,1,0.26639344262295084,0.6303159631204931,1.0,1.0,rugs & kilim,0.935,True
q-white & red ceramic trivets,handcrafted ceramics,15.6,1,1,262,31.49497709923664,1,0.5368852459016393,0.5046829068797446,1.0,1.0,handcrafted ceramics,0.97,True
q-white berber cushion cover,homeware,62.4,1,1,78,168.30123076923078,1,0.1598360655737705,0.629236219224106,1.0,1.0,homeware,0.875,True
q-white bird ceramics handmade,handcrafted ceramics,12.48,1,1,262,31.49497709923664,1,0.5368852459016393,0.6037463191535769,1.0,1.0,handcrafted ceramics,0.93,True
q-white handmade cushion cover,homeware,62.4,1,1,78,168.30123076923078,1,0.1598360655737705,0.629236219224106,1.0,1.0,homeware,0.585,True
q-white kilim with black and beige lines,rugs & kilim,390.0,1,1,130,236.3099076923077,1,0.26639344262295084,0.6503751499807303,1.0,1.0,rugs & kilim,0.715,True
q-white kilim with multi color patterns,rugs & kilim,305.76,1,1,130,236.3099076923077,1,0.26639344262295084,0.2938941184989465,1.0,1.0,rugs & kilim,0.92,True
q-white-&-black-decorated-ceramic-bowl,handcrafted ceramics,15.6,1,1,262,31.49497709923664,1,0.5368852459016393,0.5046829068797446,1.0,1.0,handcrafted ceramics,0.98,True
q-wholesale green halfa grass hoop chair,homeware,234.0,1,1,78,168.30123076923078,1,0.1598360655737705,0.3903641615698526,1.0,1.0,homeware,0.705,True
q-wood handmade fiber basket,accessories,62.4,1,1,154,101.48167532467532,1,0.3155737704918033,0.38511065977703596,1.0,1.0,accessories,0.865,True
q-wool fringed throw blanket,accessories,93.6,1,1,154,101.48167532467532,1,0.3155737704918033,0.07766599459255183,1.0,1.0,accessories,0.555,True
q-wool geometric tunisian margoum area rug,accessories,414.48,1,1,154,101.48167532467532,1,0.3155737704918033,3.08428413888172,1.0,1.0,accessories,0.605,True
q-wool handmade rug textile wall art,rugs & kilim,296.4,1,1,130,236.3099076923077,1,0.26639344262295084,0.25428511500097045,1.0,1.0,rugs & kilim,0.99,True
q-xl natural shape irregular olive wood cutting cheese board,olive wood,109.2,1,1,152,40.29213157894736,1,0.3114754098360656,1.7102065343907114,1.0,1.0,olive wood,0.925,True
q-yellow & grey amazigh tunisian kilim,rugs & kilim,312.0,1,1,130,236.3099076923077,1,0.26639344262295084,0.3203001208309305,1.0,1.0,rugs & kilim,0.91,True
q-yellow & white bathroom rug,rugs & kilim,46.8,1,1,130,236.3099076923077,1,0.26639344262295084,0.801954978278389,1.0,1.0,rugs & kilim,0.925,True
q-yellow bird ceramics handmade,handcrafted ceramics,7.8,1,1,262,31.49497709923664,1,0.5368852459016393,0.7523414375643254,1.0,1.0,handcrafted ceramics,0.93,True
q-yellow fouta palm tree,fouta towel & blankets,13.042,1,1,46,66.55308695652174,1,0.0942622950819672,0.8040361251378724,1.0,1.0,fouta towel & blankets,0.935,True
q-zinguia soup tureen – flowers,handcrafted ceramics,60.84,1,1,262,31.49497709923664,1,0.5368852459016393,0.9317365710908246,1.0,1.0,handcrafted ceramics,0.945,True
q-zinguia soup tureen – lara,handcrafted ceramics,60.84,1,1,262,31.49497709923664,1,0.5368852459016393,0.9317365710908246,1.0,1.0,handcrafted ceramics,0.935,True
