product,category,avg_price,nb_concurrents,nb_occurrences,cat_total_products,cat_avg_price,cat_nb_concurrents,feat_cat_popularity,feat_price_distance,feat_occurrence_score,feat_concurrent_coverage,predicted_category,confidence_score,correct_prediction,feat_price_attractiveness,cat_score,product_score,niveau_recommandation
q-floral ceramic rectangular dish plate,handcrafted ceramics,31.2,1,1,262,31.49497709923664,1,0.5368852459016393,0.009365845510582817,1.0,1.0,handcrafted ceramics,0.97,True,0.990721059611597,0.7973638311850832,0.8584219213785043,Priorite haute
q-floral ceramic hexagonal dish,handcrafted ceramics,31.2,1,1,262,31.49497709923664,1,0.5368852459016393,0.009365845510582817,1.0,1.0,handcrafted ceramics,0.955,True,0.990721059611597,0.7973638311850832,0.8546719213785042,Priorite haute
q-handmade ceramics oval plate,handcrafted ceramics,34.32,1,1,262,31.49497709923664,1,0.5368852459016393,0.08969756676324957,1.0,1.0,handcrafted ceramics,0.98,True,0.9176858153132524,0.7973638311850832,0.8536183969486698,Priorite haute
q-handcrafted trio ceramic snack plate blue color,handcrafted ceramics,34.32,1,1,262,31.49497709923664,1,0.5368852459016393,0.08969756676324957,1.0,1.0,handcrafted ceramics,0.975,True,0.9176858153132524,0.7973638311850832,0.8523683969486698,Priorite haute
q-handmade decorated ceramic tureen,handcrafted ceramics,34.32,1,1,262,31.49497709923664,1,0.5368852459016393,0.08969756676324957,1.0,1.0,handcrafted ceramics,0.975,True,0.9176858153132524,0.7973638311850832,0.8523683969486698,Priorite haute
q-olive oil bottle ceramics ' face ',handcrafted ceramics,26.52,1,1,262,31.49497709923664,1,0.5368852459016393,0.15796096392133133,1.0,1.0,handcrafted ceramics,0.995,True,0.8635869698176952,0.7973638311850832,0.8519585123991141,Priorite haute
q-olive oil bottle ceramics ' jilani ',handcrafted ceramics,26.52,1,1,262,31.49497709923664,1,0.5368852459016393,0.15796096392133133,1.0,1.0,handcrafted ceramics,0.995,True,0.8635869698176952,0.7973638311850832,0.8519585123991141,Priorite haute
q-olive oil bottle ceramics ' khat ',handcrafted ceramics,26.52,1,1,262,31.49497709923664,1,0.5368852459016393,0.15796096392133133,1.0,1.0,handcrafted ceramics,0.995,True,0.8635869698176952,0.7973638311850832,0.8519585123991141,Priorite haute
q-olive oil bottle ceramics' flowers ',handcrafted ceramics,26.52,1,1,262,31.49497709923664,1,0.5368852459016393,0.15796096392133133,1.0,1.0,handcrafted ceramics,0.995,True,0.8635869698176952,0.7973638311850832,0.8519585123991141,Priorite haute
q-handcrafted trio ceramic snack plate green color,handcrafted ceramics,34.32,1,1,262,31.49497709923664,1,0.5368852459016393,0.08969756676324957,1.0,1.0,handcrafted ceramics,0.97,True,0.9176858153132524,0.7973638311850832,0.8511183969486699,Priorite haute
q-ceramic deep salad bowl,handcrafted ceramics,37.44,1,1,262,31.49497709923664,1,0.5368852459016393,0.18876097903708183,1.0,1.0,handcrafted ceramics,1.0,True,0.8412119994130512,0.7973638311850832,0.8509710153586496,Priorite haute
q-ceramic butter dish,handcrafted ceramics,28.08,1,1,262,31.49497709923664,1,0.5368852459016393,0.1084292577844152,1.0,1.0,handcrafted ceramics,0.975,True,0.9021775570944878,0.7973638311850832,0.8508175711267933,Priorite haute
q-ceramic oval plate,handcrafted ceramics,25.272,1,1,262,31.49497709923664,1,0.5368852459016393,0.1975863288308643,1.0,1.0,handcrafted ceramics,0.995,True,0.8350128720793292,0.7973638311850832,0.8491011026252775,Priorite haute
q-khomsa appetizer tray – blue | tunisian ceramic,handcrafted ceramics,34.32,1,1,262,31.49497709923664,1,0.5368852459016393,0.08969756676324957,1.0,1.0,handcrafted ceramics,0.96,True,0.9176858153132524,0.7973638311850832,0.8486183969486698,Priorite haute
q-deep salad bowl green color,handcrafted ceramics,34.32,1,1,262,31.49497709923664,1,0.5368852459016393,0.08969756676324957,1.0,1.0,handcrafted ceramics,0.96,True,0.9176858153132524,0.7973638311850832,0.8486183969486698,Priorite haute
q-handmade ceramic octagonal dish,handcrafted ceramics,24.96,1,1,262,31.49497709923664,1,0.5368852459016393,0.20749267005824745,1.0,1.0,handcrafted ceramics,0.995,True,0.8281623771279388,0.7973638311850832,0.8484160531301385,Priorite haute
q-ceramic rectangular dish,handcrafted ceramics,28.08,1,1,262,31.49497709923664,1,0.5368852459016393,0.1084292577844152,1.0,1.0,handcrafted ceramics,0.965,True,0.9021775570944878,0.7973638311850832,0.8483175711267933,Priorite haute
q-large floral ceramic serving bowl,handcrafted ceramics,25.272,1,1,262,31.49497709923664,1,0.5368852459016393,0.1975863288308643,1.0,1.0,handcrafted ceramics,0.99,True,0.8350128720793292,0.7973638311850832,0.8478511026252774,Priorite haute
q-oval salad bowl - makroudh rouge,handcrafted ceramics,37.44,1,1,262,31.49497709923664,1,0.5368852459016393,0.18876097903708183,1.0,1.0,handcrafted ceramics,0.985,True,0.8412119994130512,0.7973638311850832,0.8472210153586497,Priorite haute
q-handmade ceramics flat plate,handcrafted ceramics,24.96,1,1,262,31.49497709923664,1,0.5368852459016393,0.20749267005824745,1.0,1.0,handcrafted ceramics,0.99,True,0.8281623771279388,0.7973638311850832,0.8471660531301384,Priorite haute
q-handmade flat plate : green ceramics,handcrafted ceramics,24.96,1,1,262,31.49497709923664,1,0.5368852459016393,0.20749267005824745,1.0,1.0,handcrafted ceramics,0.99,True,0.8281623771279388,0.7973638311850832,0.8471660531301384,Priorite haute
q-oval salad bowl – lara,handcrafted ceramics,37.44,1,1,262,31.49497709923664,1,0.5368852459016393,0.18876097903708183,1.0,1.0,handcrafted ceramics,0.98,True,0.8412119994130512,0.7973638311850832,0.8459710153586497,Priorite haute
q-handmade ceramic serving plate,handcrafted ceramics,23.4,1,1,262,31.49497709923664,1,0.5368852459016393,0.2570243761951637,1.0,1.0,handcrafted ceramics,0.995,True,0.795529521095573,0.7973638311850832,0.8451527675269018,Priorite haute
q-decorated ceramic deep salad profond,handcrafted ceramics,37.44,1,1,262,31.49497709923664,1,0.5368852459016393,0.18876097903708183,1.0,1.0,handcrafted ceramics,0.975,True,0.8412119994130512,0.7973638311850832,0.8447210153586497,Priorite haute
q-handmade ceramic bread basket,handcrafted ceramics,24.96,1,1,262,31.49497709923664,1,0.5368852459016393,0.20749267005824745,1.0,1.0,handcrafted ceramics,0.98,True,0.8281623771279388,0.7973638311850832,0.8446660531301384,Priorite haute
q-handmade ceramic egg cup,handcrafted ceramics,21.84,1,1,262,31.49497709923664,1,0.5368852459016393,0.30655608233207987,1.0,1.0,handcrafted ceramics,1.0,True,0.7653708964525227,0.7973638311850832,0.8433869050625968,Priorite haute
q-deep salad bowl blue color,handcrafted ceramics,34.32,1,1,262,31.49497709923664,1,0.5368852459016393,0.08969756676324957,1.0,1.0,handcrafted ceramics,0.935,True,0.9176858153132524,0.7973638311850832,0.8423683969486698,Priorite haute
q-tunisian handcrafted ceramic plate,handcrafted ceramics,39.0,1,1,262,31.49497709923664,1,0.5368852459016393,0.23829268517399807,1.0,1.0,handcrafted ceramics,0.975,True,0.8075635202993107,0.7973638311850832,0.8413561674472756,Priorite haute
q-blue floral ceramic trivet,handcrafted ceramics,24.96,1,1,262,31.49497709923664,1,0.5368852459016393,0.20749267005824745,1.0,1.0,handcrafted ceramics,0.965,True,0.8281623771279388,0.7973638311850832,0.8409160531301384,Priorite haute
q-handmade ceramics decorated plate,handcrafted ceramics,21.84,1,1,262,31.49497709923664,1,0.5368852459016393,0.30655608233207987,1.0,1.0,handcrafted ceramics,0.99,True,0.7653708964525227,0.7973638311850832,0.8408869050625968,Priorite haute
q-decorated deep salad bowl,handcrafted ceramics,37.44,1,1,262,31.49497709923664,1,0.5368852459016393,0.18876097903708183,1.0,1.0,handcrafted ceramics,0.955,True,0.8412119994130512,0.7973638311850832,0.8397210153586496,Priorite haute
q-handmade ceramic oval oven tray,handcrafted ceramics,37.44,1,1,262,31.49497709923664,1,0.5368852459016393,0.18876097903708183,1.0,1.0,handcrafted ceramics,0.955,True,0.8412119994130512,0.7973638311850832,0.8397210153586496,Priorite haute
q-handmade blue ceramic oval plate,handcrafted ceramics,21.84,1,1,262,31.49497709923664,1,0.5368852459016393,0.30655608233207987,1.0,1.0,handcrafted ceramics,0.985,True,0.7653708964525227,0.7973638311850832,0.8396369050625968,Priorite haute
q-handmade floral ceramic square dish,handcrafted ceramics,26.52,1,1,262,31.49497709923664,1,0.5368852459016393,0.15796096392133133,1.0,1.0,handcrafted ceramics,0.945,True,0.8635869698176952,0.7973638311850832,0.8394585123991141,Priorite haute
q-plat apéritif khomsa – flowers,handcrafted ceramics,42.12,1,1,262,31.49497709923664,1,0.5368852459016393,0.33735609744783035,1.0,1.0,handcrafted ceramics,0.99,True,0.747744001697356,0.7973638311850832,0.8391242155870801,Priorite haute
q-plat apéritif ovale – lara,handcrafted ceramics,37.44,1,1,262,31.49497709923664,1,0.5368852459016393,0.18876097903708183,1.0,1.0,handcrafted ceramics,0.95,True,0.8412119994130512,0.7973638311850832,0.8384710153586497,Priorite haute
q-plat apéritif ovale – flowers,handcrafted ceramics,37.44,1,1,262,31.49497709923664,1,0.5368852459016393,0.18876097903708183,1.0,1.0,handcrafted ceramics,0.95,True,0.8412119994130512,0.7973638311850832,0.8384710153586497,Priorite haute
q-floral ceramic camel oil bottle,handcrafted ceramics,21.84,1,1,262,31.49497709923664,1,0.5368852459016393,0.30655608233207987,1.0,1.0,handcrafted ceramics,0.98,True,0.7653708964525227,0.7973638311850832,0.8383869050625968,Priorite haute
q-ceramic deep plate eye safari,handcrafted ceramics,18.72,1,1,262,31.49497709923664,1,0.5368852459016393,0.40561949460591223,1.0,1.0,handcrafted ceramics,0.995,True,0.7114300874721191,0.7973638311850832,0.8367428241645565,Priorite haute
q-handmade tunisian ceramic olive oil bottle,handcrafted ceramics,18.72,1,1,262,31.49497709923664,1,0.5368852459016393,0.40561949460591223,1.0,1.0,handcrafted ceramics,0.995,True,0.7114300874721191,0.7973638311850832,0.8367428241645565,Priorite haute
q-plat apéritif khomsa – lara,handcrafted ceramics,42.12,1,1,262,31.49497709923664,1,0.5368852459016393,0.33735609744783035,1.0,1.0,handcrafted ceramics,0.98,True,0.747744001697356,0.7973638311850832,0.8366242155870801,Priorite haute
q-plat apéritif rond – flowers,handcrafted ceramics,42.12,1,1,262,31.49497709923664,1,0.5368852459016393,0.33735609744783035,1.0,1.0,handcrafted ceramics,0.98,True,0.747744001697356,0.7973638311850832,0.8366242155870801,Priorite haute
q-bowl – flowers,handcrafted ceramics,23.4,1,1,262,31.49497709923664,1,0.5368852459016393,0.2570243761951637,1.0,1.0,handcrafted ceramics,0.955,True,0.795529521095573,0.7973638311850832,0.8351527675269018,Priorite haute
q-sea star 8 piece ceramic serveware set,handcrafted ceramics,39.0,1,1,262,31.49497709923664,1,0.5368852459016393,0.23829268517399807,1.0,1.0,handcrafted ceramics,0.95,True,0.8075635202993107,0.7973638311850832,0.8351061674472755,Priorite haute
q-decorated oval plate : blue ceramics,handcrafted ceramics,34.32,1,1,262,31.49497709923664,1,0.5368852459016393,0.08969756676324957,1.0,1.0,handcrafted ceramics,0.905,True,0.9176858153132524,0.7973638311850832,0.8348683969486698,Priorite haute
q-matte black ceramic bowl with polka dots,handcrafted ceramics,21.84,1,1,262,31.49497709923664,1,0.5368852459016393,0.30655608233207987,1.0,1.0,handcrafted ceramics,0.965,True,0.7653708964525227,0.7973638311850832,0.8346369050625968,Priorite haute
q-handmade decorated plates,handcrafted ceramics,28.08,1,1,262,31.49497709923664,1,0.5368852459016393,0.1084292577844152,1.0,1.0,handcrafted ceramics,0.91,True,0.9021775570944878,0.7973638311850832,0.8345675711267934,Priorite haute
q-floral ceramic seashell bowl,handcrafted ceramics,18.72,1,1,262,31.49497709923664,1,0.5368852459016393,0.40561949460591223,1.0,1.0,handcrafted ceramics,0.985,True,0.7114300874721191,0.7973638311850832,0.8342428241645564,Priorite haute
q-plat apéritif khomsa – oriental black,handcrafted ceramics,42.12,1,1,262,31.49497709923664,1,0.5368852459016393,0.33735609744783035,1.0,1.0,handcrafted ceramics,0.97,True,0.747744001697356,0.7973638311850832,0.8341242155870802,Priorite haute
q-handmade rectangular plate : jilani ceramics,handcrafted ceramics,43.68,1,1,262,31.49497709923664,1,0.5368852459016393,0.3868878035847466,1.0,1.0,handcrafted ceramics,0.98,True,0.7210388593909749,0.7973638311850832,0.833953701356442,Priorite haute
q-artisan ceramic plate handcrafted from tunisia,handcrafted ceramics,39.0,1,1,262,31.49497709923664,1,0.5368852459016393,0.23829268517399807,1.0,1.0,handcrafted ceramics,0.945,True,0.8075635202993107,0.7973638311850832,0.8338561674472755,Priorite haute
q-andalusian design ceramic bottle,handcrafted ceramics,15.6,1,1,262,31.49497709923664,1,0.5368852459016393,0.5046829068797446,1.0,1.0,handcrafted ceramics,1.0,True,0.6645918521621917,0.7973638311850832,0.8333090006335637,Priorite haute
q-handmade ceramic oval plate,handcrafted ceramics,15.6,1,1,262,31.49497709923664,1,0.5368852459016393,0.5046829068797446,1.0,1.0,handcrafted ceramics,1.0,True,0.6645918521621917,0.7973638311850832,0.8333090006335637,Priorite haute
q-handmade decorated ceramic cup : khat design,handcrafted ceramics,15.6,1,1,262,31.49497709923664,1,0.5368852459016393,0.5046829068797446,1.0,1.0,handcrafted ceramics,1.0,True,0.6645918521621917,0.7973638311850832,0.8333090006335637,Priorite haute
q-ceramic olive oil bottle – tunisia craft,handcrafted ceramics,15.6,1,1,262,31.49497709923664,1,0.5368852459016393,0.5046829068797446,1.0,1.0,handcrafted ceramics,1.0,True,0.6645918521621917,0.7973638311850832,0.8333090006335637,Priorite haute
q-tunisian handmade ceramic olive oil dispenser,handcrafted ceramics,15.6,1,1,262,31.49497709923664,1,0.5368852459016393,0.5046829068797446,1.0,1.0,handcrafted ceramics,1.0,True,0.6645918521621917,0.7973638311850832,0.8333090006335637,Priorite haute
q-floral ceramic plate,handcrafted ceramics,15.6,1,1,262,31.49497709923664,1,0.5368852459016393,0.5046829068797446,1.0,1.0,handcrafted ceramics,1.0,True,0.6645918521621917,0.7973638311850832,0.8333090006335637,Priorite haute
q-tunisian ceramic oil dispenser,handcrafted ceramics,15.6,1,1,262,31.49497709923664,1,0.5368852459016393,0.5046829068797446,1.0,1.0,handcrafted ceramics,1.0,True,0.6645918521621917,0.7973638311850832,0.8333090006335637,Priorite haute
q-decorated ceramic olive oil pourer,handcrafted ceramics,15.6,1,1,262,31.49497709923664,1,0.5368852459016393,0.5046829068797446,1.0,1.0,handcrafted ceramics,1.0,True,0.6645918521621917,0.7973638311850832,0.8333090006335637,Priorite haute
q-handmade octagonal ceramic dish,handcrafted ceramics,15.6,1,1,262,31.49497709923664,1,0.5368852459016393,0.5046829068797446,1.0,1.0,handcrafted ceramics,1.0,True,0.6645918521621917,0.7973638311850832,0.8333090006335637,Priorite haute
q-handmade decorated ceramic tajine,handcrafted ceramics,15.6,1,1,262,31.49497709923664,1,0.5368852459016393,0.5046829068797446,1.0,1.0,handcrafted ceramics,1.0,True,0.6645918521621917,0.7973638311850832,0.8333090006335637,Priorite haute
q-handmade decorated ceramic plate dish,handcrafted ceramics,15.6,1,1,262,31.49497709923664,1,0.5368852459016393,0.5046829068797446,1.0,1.0,handcrafted ceramics,1.0,True,0.6645918521621917,0.7973638311850832,0.8333090006335637,Priorite haute
q-tunisian artisan ceramic olive oil bottle,handcrafted ceramics,15.6,1,1,262,31.49497709923664,1,0.5368852459016393,0.5046829068797446,1.0,1.0,handcrafted ceramics,1.0,True,0.6645918521621917,0.7973638311850832,0.8333090006335637,Priorite haute
q-ceramic octagonal bowl,handcrafted ceramics,15.6,1,1,262,31.49497709923664,1,0.5368852459016393,0.5046829068797446,1.0,1.0,handcrafted ceramics,1.0,True,0.6645918521621917,0.7973638311850832,0.8333090006335637,Priorite haute
q-modern & simple handmade ceramic tajine,handcrafted ceramics,15.6,1,1,262,31.49497709923664,1,0.5368852459016393,0.5046829068797446,1.0,1.0,handcrafted ceramics,1.0,True,0.6645918521621917,0.7973638311850832,0.8333090006335637,Priorite haute
q-bowl – zarbia,handcrafted ceramics,23.4,1,1,262,31.49497709923664,1,0.5368852459016393,0.2570243761951637,1.0,1.0,handcrafted ceramics,0.945,True,0.795529521095573,0.7973638311850832,0.8326527675269018,Priorite haute
q-bowl – lara,handcrafted ceramics,23.4,1,1,262,31.49497709923664,1,0.5368852459016393,0.2570243761951637,1.0,1.0,handcrafted ceramics,0.945,True,0.795529521095573,0.7973638311850832,0.8326527675269018,Priorite haute
q-handmade red ceramic dinner plate,handcrafted ceramics,15.6,1,1,262,31.49497709923664,1,0.5368852459016393,0.5046829068797446,1.0,1.0,handcrafted ceramics,0.995,True,0.6645918521621917,0.7973638311850832,0.8320590006335638,Priorite haute
q-handmade orange ceramic plate dish,handcrafted ceramics,15.6,1,1,262,31.49497709923664,1,0.5368852459016393,0.5046829068797446,1.0,1.0,handcrafted ceramics,0.995,True,0.6645918521621917,0.7973638311850832,0.8320590006335638,Priorite haute
q-handmade decorated rectangular ceramic dish,handcrafted ceramics,15.6,1,1,262,31.49497709923664,1,0.5368852459016393,0.5046829068797446,1.0,1.0,handcrafted ceramics,0.995,True,0.6645918521621917,0.7973638311850832,0.8320590006335638,Priorite haute
q-ceramic serving platters,handcrafted ceramics,15.6,1,1,262,31.49497709923664,1,0.5368852459016393,0.5046829068797446,1.0,1.0,handcrafted ceramics,0.995,True,0.6645918521621917,0.7973638311850832,0.8320590006335638,Priorite haute
q-tunisian ceramic oil pourer – authentic north african craft,handcrafted ceramics,15.6,1,1,262,31.49497709923664,1,0.5368852459016393,0.5046829068797446,1.0,1.0,handcrafted ceramics,0.995,True,0.6645918521621917,0.7973638311850832,0.8320590006335638,Priorite haute
q-handmade floral ceramic oval dish,handcrafted ceramics,15.6,1,1,262,31.49497709923664,1,0.5368852459016393,0.5046829068797446,1.0,1.0,handcrafted ceramics,0.995,True,0.6645918521621917,0.7973638311850832,0.8320590006335638,Priorite haute
q-handmade floral rectangular ceramic plate,handcrafted ceramics,15.6,1,1,262,31.49497709923664,1,0.5368852459016393,0.5046829068797446,1.0,1.0,handcrafted ceramics,0.995,True,0.6645918521621917,0.7973638311850832,0.8320590006335638,Priorite haute
q-handmade floral ceramic tea-pot,handcrafted ceramics,15.6,1,1,262,31.49497709923664,1,0.5368852459016393,0.5046829068797446,1.0,1.0,handcrafted ceramics,0.995,True,0.6645918521621917,0.7973638311850832,0.8320590006335638,Priorite haute
q-tunisian pottery olive oil bottle,handcrafted ceramics,15.6,1,1,262,31.49497709923664,1,0.5368852459016393,0.5046829068797446,1.0,1.0,handcrafted ceramics,0.995,True,0.6645918521621917,0.7973638311850832,0.8320590006335638,Priorite haute
q-handmade decorated ceramic bowl,handcrafted ceramics,15.6,1,1,262,31.49497709923664,1,0.5368852459016393,0.5046829068797446,1.0,1.0,handcrafted ceramics,0.995,True,0.6645918521621917,0.7973638311850832,0.8320590006335638,Priorite haute
q-artisan wall tiles – ceramic,handcrafted ceramics,15.6,1,1,262,31.49497709923664,1,0.5368852459016393,0.5046829068797446,1.0,1.0,handcrafted ceramics,0.995,True,0.6645918521621917,0.7973638311850832,0.8320590006335638,Priorite haute
q-handmade decorated ceramic dinner plate,handcrafted ceramics,15.6,1,1,262,31.49497709923664,1,0.5368852459016393,0.5046829068797446,1.0,1.0,handcrafted ceramics,0.995,True,0.6645918521621917,0.7973638311850832,0.8320590006335638,Priorite haute
q-handmade ceramic trivets,handcrafted ceramics,15.6,1,1,262,31.49497709923664,1,0.5368852459016393,0.5046829068797446,1.0,1.0,handcrafted ceramics,0.995,True,0.6645918521621917,0.7973638311850832,0.8320590006335638,Priorite haute
q-ceramic decorated bowl,handcrafted ceramics,15.6,1,1,262,31.49497709923664,1,0.5368852459016393,0.5046829068797446,1.0,1.0,handcrafted ceramics,0.995,True,0.6645918521621917,0.7973638311850832,0.8320590006335638,Priorite haute
q-handmade ceramic bowl,handcrafted ceramics,15.6,1,1,262,31.49497709923664,1,0.5368852459016393,0.5046829068797446,1.0,1.0,handcrafted ceramics,0.995,True,0.6645918521621917,0.7973638311850832,0.8320590006335638,Priorite haute
q-bowls nabeul ceramics handmade,handcrafted ceramics,16.38,1,1,262,31.49497709923664,1,0.5368852459016393,0.47991705381128646,1.0,1.0,handcrafted ceramics,0.99,True,0.6757135458535748,0.7973638311850832,0.8319211700027019,Priorite haute
q-white & black decorated ceramic plate,handcrafted ceramics,15.6,1,1,262,31.49497709923664,1,0.5368852459016393,0.5046829068797446,1.0,1.0,handcrafted ceramics,0.99,True,0.6645918521621917,0.7973638311850832,0.8308090006335637,Priorite haute
q-blue ceramic oval plate,handcrafted ceramics,15.6,1,1,262,31.49497709923664,1,0.5368852459016393,0.5046829068797446,1.0,1.0,handcrafted ceramics,0.99,True,0.6645918521621917,0.7973638311850832,0.8308090006335637,Priorite haute
q-floral ceramic champagne glass,handcrafted ceramics,15.6,1,1,262,31.49497709923664,1,0.5368852459016393,0.5046829068797446,1.0,1.0,handcrafted ceramics,0.99,True,0.6645918521621917,0.7973638311850832,0.8308090006335637,Priorite haute
q-handmade ceramics blue octogonal dish,handcrafted ceramics,15.6,1,1,262,31.49497709923664,1,0.5368852459016393,0.5046829068797446,1.0,1.0,handcrafted ceramics,0.99,True,0.6645918521621917,0.7973638311850832,0.8308090006335637,Priorite haute
q-handmade deep ceramic bowl,handcrafted ceramics,15.6,1,1,262,31.49497709923664,1,0.5368852459016393,0.5046829068797446,1.0,1.0,handcrafted ceramics,0.99,True,0.6645918521621917,0.7973638311850832,0.8308090006335637,Priorite haute
q-handmade ceramics bowl,handcrafted ceramics,15.6,1,1,262,31.49497709923664,1,0.5368852459016393,0.5046829068797446,1.0,1.0,handcrafted ceramics,0.99,True,0.6645918521621917,0.7973638311850832,0.8308090006335637,Priorite haute
q-handmade ceramic oil bottle from tunisia,handcrafted ceramics,15.6,1,1,262,31.49497709923664,1,0.5368852459016393,0.5046829068797446,1.0,1.0,handcrafted ceramics,0.99,True,0.6645918521621917,0.7973638311850832,0.8308090006335637,Priorite haute
q-handmade ceramic oval plate green,handcrafted ceramics,15.6,1,1,262,31.49497709923664,1,0.5368852459016393,0.5046829068797446,1.0,1.0,handcrafted ceramics,0.99,True,0.6645918521621917,0.7973638311850832,0.8308090006335637,Priorite haute
q-ceramic olive oil dispenser from tunisia,handcrafted ceramics,15.6,1,1,262,31.49497709923664,1,0.5368852459016393,0.5046829068797446,1.0,1.0,handcrafted ceramics,0.99,True,0.6645918521621917,0.7973638311850832,0.8308090006335637,Priorite haute
q-handmade ceramic cup & saucer,handcrafted ceramics,15.6,1,1,262,31.49497709923664,1,0.5368852459016393,0.5046829068797446,1.0,1.0,handcrafted ceramics,0.99,True,0.6645918521621917,0.7973638311850832,0.8308090006335637,Priorite haute
q-handmade orange ceramic serving platters,handcrafted ceramics,15.6,1,1,262,31.49497709923664,1,0.5368852459016393,0.5046829068797446,1.0,1.0,handcrafted ceramics,0.99,True,0.6645918521621917,0.7973638311850832,0.8308090006335637,Priorite haute
q-handcrafted ceramic wall tiles,handcrafted ceramics,15.6,1,1,262,31.49497709923664,1,0.5368852459016393,0.5046829068797446,1.0,1.0,handcrafted ceramics,0.99,True,0.6645918521621917,0.7973638311850832,0.8308090006335637,Priorite haute
q-ceramic dinner plate,handcrafted ceramics,16.224,1,1,262,31.49497709923664,1,0.5368852459016393,0.48487022442497807,1.0,1.0,handcrafted ceramics,0.985,True,0.6734595276750559,0.7973638311850832,0.83044576818485,Priorite haute
q-plat apéritif rond – makroudh rouge,handcrafted ceramics,42.12,1,1,262,31.49497709923664,1,0.5368852459016393,0.33735609744783035,1.0,1.0,handcrafted ceramics,0.955,True,0.747744001697356,0.7973638311850832,0.8303742155870801,Priorite haute
q-black & white rectangular ceramic dish,handcrafted ceramics,26.302,1,1,262,31.49497709923664,1,0.5368852459016393,0.1648827023430286,1.0,1.0,handcrafted ceramics,0.91,True,0.8584555320364996,0.7973638311850832,0.8301953686209945,Priorite haute
q-bowl - makroudh rouge,handcrafted ceramics,23.4,1,1,262,31.49497709923664,1,0.5368852459016393,0.2570243761951637,1.0,1.0,handcrafted ceramics,0.935,True,0.795529521095573,0.7973638311850832,0.8301527675269018,Priorite haute
q-natural handmade ceramic tajine,handcrafted ceramics,39.0,1,1,262,31.49497709923664,1,0.5368852459016393,0.23829268517399807,1.0,1.0,handcrafted ceramics,0.93,True,0.8075635202993107,0.7973638311850832,0.8301061674472756,Priorite haute
q-handmade floral large ceramic bowl,handcrafted ceramics,15.6,1,1,262,31.49497709923664,1,0.5368852459016393,0.5046829068797446,1.0,1.0,handcrafted ceramics,0.985,True,0.6645918521621917,0.7973638311850832,0.8295590006335637,Priorite haute
q-handmade decorated rectangular dish,handcrafted ceramics,15.6,1,1,262,31.49497709923664,1,0.5368852459016393,0.5046829068797446,1.0,1.0,handcrafted ceramics,0.985,True,0.6645918521621917,0.7973638311850832,0.8295590006335637,Priorite haute
q-floral ceramic napkin holder,handcrafted ceramics,15.6,1,1,262,31.49497709923664,1,0.5368852459016393,0.5046829068797446,1.0,1.0,handcrafted ceramics,0.985,True,0.6645918521621917,0.7973638311850832,0.8295590006335637,Priorite haute
q-hand painted ceramic bowl,handcrafted ceramics,15.6,1,1,262,31.49497709923664,1,0.5368852459016393,0.5046829068797446,1.0,1.0,handcrafted ceramics,0.985,True,0.6645918521621917,0.7973638311850832,0.8295590006335637,Priorite haute
q-floral ceramic butter dish,handcrafted ceramics,15.6,1,1,262,31.49497709923664,1,0.5368852459016393,0.5046829068797446,1.0,1.0,handcrafted ceramics,0.985,True,0.6645918521621917,0.7973638311850832,0.8295590006335637,Priorite haute
q-decorative ceramic oil bottle from tunisia,handcrafted ceramics,15.6,1,1,262,31.49497709923664,1,0.5368852459016393,0.5046829068797446,1.0,1.0,handcrafted ceramics,0.985,True,0.6645918521621917,0.7973638311850832,0.8295590006335637,Priorite haute
q-ceramic flared tankard,handcrafted ceramics,15.6,1,1,262,31.49497709923664,1,0.5368852459016393,0.5046829068797446,1.0,1.0,handcrafted ceramics,0.985,True,0.6645918521621917,0.7973638311850832,0.8295590006335637,Priorite haute
q-handmade large ceramic bowl,handcrafted ceramics,16.38,1,1,262,31.49497709923664,1,0.5368852459016393,0.47991705381128646,1.0,1.0,handcrafted ceramics,0.98,True,0.6757135458535748,0.7973638311850832,0.829421170002702,Priorite haute
q-handmade green ceramic oval plate,handcrafted ceramics,46.8,1,1,262,31.49497709923664,1,0.5368852459016393,0.48595121585857887,1.0,1.0,handcrafted ceramics,0.98,True,0.6729696031253641,0.7973638311850832,0.8291467757298809,Priorite haute
a-huile figue barbarie,cosmetiques et soins,25.0,1,1,193,24.965803108808288,1,0.39549180327868855,0.0013697492395066478,1.0,1.0,cosmetiques et soins,1.0,True,0.9986321244070466,0.748326254990232,0.8286268240944887,Priorite haute
a-huile figue de barbarie,cosmetiques et soins,25.0,1,1,193,24.965803108808288,1,0.39549180327868855,0.0013697492395066478,1.0,1.0,cosmetiques et soins,1.0,True,0.9986321244070466,0.748326254990232,0.8286268240944887,Priorite haute
a-huile capillaire,cosmetiques et soins,25.0,1,1,193,24.965803108808288,1,0.39549180327868855,0.0013697492395066478,1.0,1.0,cosmetiques et soins,1.0,True,0.9986321244070466,0.748326254990232,0.8286268240944887,Priorite haute
a-huile cactus royal,cosmetiques et soins,25.0,1,1,193,24.965803108808288,1,0.39549180327868855,0.0013697492395066478,1.0,1.0,cosmetiques et soins,1.0,True,0.9986321244070466,0.748326254990232,0.8286268240944887,Priorite haute
a-huile pépin figue de barbarie,cosmetiques et soins,25.0,1,1,193,24.965803108808288,1,0.39549180327868855,0.0013697492395066478,1.0,1.0,cosmetiques et soins,1.0,True,0.9986321244070466,0.748326254990232,0.8286268240944887,Priorite haute
a-masque capillaire huile ail,cosmetiques et soins,25.0,1,1,193,24.965803108808288,1,0.39549180327868855,0.0013697492395066478,1.0,1.0,cosmetiques et soins,1.0,True,0.9986321244070466,0.748326254990232,0.8286268240944887,Priorite haute
a-huile thala figue barbarie,cosmetiques et soins,25.0,1,1,193,24.965803108808288,1,0.39549180327868855,0.0013697492395066478,1.0,1.0,cosmetiques et soins,1.0,True,0.9986321244070466,0.748326254990232,0.8286268240944887,Priorite haute
q-floral ceramic fish dish,handcrafted ceramics,21.84,1,1,262,31.49497709923664,1,0.5368852459016393,0.30655608233207987,1.0,1.0,handcrafted ceramics,0.94,True,0.7653708964525227,0.7973638311850832,0.8283869050625968,Priorite haute
q-traditional tunisian clay olive oil bottle,handcrafted ceramics,15.6,1,1,262,31.49497709923664,1,0.5368852459016393,0.5046829068797446,1.0,1.0,handcrafted ceramics,0.98,True,0.6645918521621917,0.7973638311850832,0.8283090006335637,Priorite haute
q-collection of bowl ceramics handmade,handcrafted ceramics,15.6,1,1,262,31.49497709923664,1,0.5368852459016393,0.5046829068797446,1.0,1.0,handcrafted ceramics,0.98,True,0.6645918521621917,0.7973638311850832,0.8283090006335637,Priorite haute
q-white-&-black-decorated-ceramic-bowl,handcrafted ceramics,15.6,1,1,262,31.49497709923664,1,0.5368852459016393,0.5046829068797446,1.0,1.0,handcrafted ceramics,0.98,True,0.6645918521621917,0.7973638311850832,0.8283090006335637,Priorite haute
q-bottle oil handmade arena design,handcrafted ceramics,12.48,1,1,262,31.49497709923664,1,0.5368852459016393,0.6037463191535769,1.0,1.0,handcrafted ceramics,0.995,True,0.6235400125674356,0.7973638311850832,0.8279538166740881,Priorite haute
q-bottle oil handmade arabica design,handcrafted ceramics,12.48,1,1,262,31.49497709923664,1,0.5368852459016393,0.6037463191535769,1.0,1.0,handcrafted ceramics,0.995,True,0.6235400125674356,0.7973638311850832,0.8279538166740881,Priorite haute
q-tunisian ceramic bottle for olive oil,handcrafted ceramics,12.48,1,1,262,31.49497709923664,1,0.5368852459016393,0.6037463191535769,1.0,1.0,handcrafted ceramics,0.995,True,0.6235400125674356,0.7973638311850832,0.8279538166740881,Priorite haute
q-handmade ceramic tajine,handcrafted ceramics,49.92,1,1,262,31.49497709923664,1,0.5368852459016393,0.5850146281324113,1.0,1.0,handcrafted ceramics,0.99,True,0.6309090037725889,0.7973638311850832,0.8274407157946033,Priorite haute
q-ceramics and pottery-bowl-handmade pottery,handcrafted ceramics,15.6,1,1,262,31.49497709923664,1,0.5368852459016393,0.5046829068797446,1.0,1.0,handcrafted ceramics,0.975,True,0.6645918521621917,0.7973638311850832,0.8270590006335637,Priorite haute
q-ceramic olive oil bottle from tunisia,handcrafted ceramics,12.48,1,1,262,31.49497709923664,1,0.5368852459016393,0.6037463191535769,1.0,1.0,handcrafted ceramics,0.99,True,0.6235400125674356,0.7973638311850832,0.8267038166740881,Priorite haute
q-genuine tunisian ceramic olive oil carafe,handcrafted ceramics,12.48,1,1,262,31.49497709923664,1,0.5368852459016393,0.6037463191535769,1.0,1.0,handcrafted ceramics,0.99,True,0.6235400125674356,0.7973638311850832,0.8267038166740881,Priorite haute
q-handmade ceramic square soup tureen,handcrafted ceramics,43.68,1,1,262,31.49497709923664,1,0.5368852459016393,0.3868878035847466,1.0,1.0,handcrafted ceramics,0.95,True,0.7210388593909749,0.7973638311850832,0.8264537013564419,Priorite haute
q-handmade orange ceramic tajine,handcrafted ceramics,49.92,1,1,262,31.49497709923664,1,0.5368852459016393,0.5850146281324113,1.0,1.0,handcrafted ceramics,0.985,True,0.6309090037725889,0.7973638311850832,0.8261907157946033,Priorite haute
a-gommage visage,cosmetiques et soins,25.0,1,1,193,24.965803108808288,1,0.39549180327868855,0.0013697492395066478,1.0,1.0,cosmetiques et soins,0.99,True,0.9986321244070466,0.748326254990232,0.8261268240944888,Priorite haute
q-olive oil bottle ceramics with arabic calligraphy design,handcrafted ceramics,15.6,1,1,262,31.49497709923664,1,0.5368852459016393,0.5046829068797446,1.0,1.0,handcrafted ceramics,0.97,True,0.6645918521621917,0.7973638311850832,0.8258090006335638,Priorite haute
q-white & red ceramic trivets,handcrafted ceramics,15.6,1,1,262,31.49497709923664,1,0.5368852459016393,0.5046829068797446,1.0,1.0,handcrafted ceramics,0.97,True,0.6645918521621917,0.7973638311850832,0.8258090006335638,Priorite haute
q-plat apéritif rond – oriental black,handcrafted ceramics,42.12,1,1,262,31.49497709923664,1,0.5368852459016393,0.33735609744783035,1.0,1.0,handcrafted ceramics,0.935,True,0.747744001697356,0.7973638311850832,0.8253742155870801,Priorite haute
q-natural handmade ceramic tajine – small,handcrafted ceramics,29.64,1,1,262,31.49497709923664,1,0.5368852459016393,0.05889755164749895,1.0,1.0,handcrafted ceramics,0.855,True,0.9443784230534271,0.7973638311850832,0.8250376577226872,Priorite haute
a-chapelet savon neroli,cosmetiques et soins,25.0,1,1,193,24.965803108808288,1,0.39549180327868855,0.0013697492395066478,1.0,1.0,cosmetiques et soins,0.985,True,0.9986321244070466,0.748326254990232,0.8248768240944888,Priorite haute
q-ceramic olive oil jar – handmade in tunisia,handcrafted ceramics,15.6,1,1,262,31.49497709923664,1,0.5368852459016393,0.5046829068797446,1.0,1.0,handcrafted ceramics,0.965,True,0.6645918521621917,0.7973638311850832,0.8245590006335637,Priorite haute
q-oval design multi-purpose bottle with a fish design,handcrafted ceramics,15.6,1,1,262,31.49497709923664,1,0.5368852459016393,0.5046829068797446,1.0,1.0,handcrafted ceramics,0.965,True,0.6645918521621917,0.7973638311850832,0.8245590006335637,Priorite haute
q-ceramic fish-shaped dish,handcrafted ceramics,15.6,1,1,262,31.49497709923664,1,0.5368852459016393,0.5046829068797446,1.0,1.0,handcrafted ceramics,0.965,True,0.6645918521621917,0.7973638311850832,0.8245590006335637,Priorite haute
q-bottle of olive oil handmade in tunisia,handcrafted ceramics,18.72,1,1,262,31.49497709923664,1,0.5368852459016393,0.40561949460591223,1.0,1.0,handcrafted ceramics,0.945,True,0.7114300874721191,0.7973638311850832,0.8242428241645564,Priorite haute
a-soins aloe vera chevaux,cosmetiques et soins,25.0,1,1,193,24.965803108808288,1,0.39549180327868855,0.0013697492395066478,1.0,1.0,cosmetiques et soins,0.98,True,0.9986321244070466,0.748326254990232,0.8236268240944888,Priorite haute
q-collection of ceramics handmade plates with different forms,handcrafted ceramics,21.84,1,1,262,31.49497709923664,1,0.5368852459016393,0.30655608233207987,1.0,1.0,handcrafted ceramics,0.92,True,0.7653708964525227,0.7973638311850832,0.8233869050625968,Priorite haute
q-milk mug down the masks ceramic,handcrafted ceramics,21.84,1,1,262,31.49497709923664,1,0.5368852459016393,0.30655608233207987,1.0,1.0,handcrafted ceramics,0.92,True,0.7653708964525227,0.7973638311850832,0.8233869050625968,Priorite haute
q-white & black ceramic large bowl,handcrafted ceramics,15.6,1,1,262,31.49497709923664,1,0.5368852459016393,0.5046829068797446,1.0,1.0,handcrafted ceramics,0.96,True,0.6645918521621917,0.7973638311850832,0.8233090006335637,Priorite haute
q-white & black ceramic cup,handcrafted ceramics,15.6,1,1,262,31.49497709923664,1,0.5368852459016393,0.5046829068797446,1.0,1.0,handcrafted ceramics,0.96,True,0.6645918521621917,0.7973638311850832,0.8233090006335637,Priorite haute
q-set of cafe ceramic ' serdine ',handcrafted ceramics,51.48,1,1,262,31.49497709923664,1,0.5368852459016393,0.6345463342693274,1.0,1.0,handcrafted ceramics,0.98,True,0.6117905494841898,0.7973638311850832,0.8230288703657636,Priorite haute
q-set of cafe ceramic ' jilani ',handcrafted ceramics,51.48,1,1,262,31.49497709923664,1,0.5368852459016393,0.6345463342693274,1.0,1.0,handcrafted ceramics,0.98,True,0.6117905494841898,0.7973638311850832,0.8230288703657636,Priorite haute
q-bottle oil handmade green color,handcrafted ceramics,12.48,1,1,262,31.49497709923664,1,0.5368852459016393,0.6037463191535769,1.0,1.0,handcrafted ceramics,0.975,True,0.6235400125674356,0.7973638311850832,0.8229538166740882,Priorite haute
q-handmade small blue ceramics bowl,handcrafted ceramics,12.48,1,1,262,31.49497709923664,1,0.5368852459016393,0.6037463191535769,1.0,1.0,handcrafted ceramics,0.975,True,0.6235400125674356,0.7973638311850832,0.8229538166740882,Priorite haute
a-disque démaquillant,cosmetiques et soins,25.0,1,1,193,24.965803108808288,1,0.39549180327868855,0.0013697492395066478,1.0,1.0,cosmetiques et soins,0.975,True,0.9986321244070466,0.748326254990232,0.8223768240944889,Priorite haute
q-artisanal olive oil carafe – handmade in tunisia,handcrafted ceramics,15.6,1,1,262,31.49497709923664,1,0.5368852459016393,0.5046829068797446,1.0,1.0,handcrafted ceramics,0.955,True,0.6645918521621917,0.7973638311850832,0.8220590006335637,Priorite haute
q-tunisian hand-painted ceramic oil bottle,handcrafted ceramics,18.72,1,1,262,31.49497709923664,1,0.5368852459016393,0.40561949460591223,1.0,1.0,handcrafted ceramics,0.935,True,0.7114300874721191,0.7973638311850832,0.8217428241645565,Priorite haute
q-handmade ceramics tea-pot,handcrafted ceramics,43.68,1,1,262,31.49497709923664,1,0.5368852459016393,0.3868878035847466,1.0,1.0,handcrafted ceramics,0.93,True,0.7210388593909749,0.7973638311850832,0.821453701356442,Priorite haute
q-set of ceramic for water ' serdine',handcrafted ceramics,57.72,1,1,262,31.49497709923664,1,0.5368852459016393,0.8326731588169921,1.0,1.0,handcrafted ceramics,1.0,True,0.5456510317669024,0.7973638311850832,0.8214149185940348,Priorite haute
q-set of ceramic for water ' jileni ',handcrafted ceramics,57.72,1,1,262,31.49497709923664,1,0.5368852459016393,0.8326731588169921,1.0,1.0,handcrafted ceramics,1.0,True,0.5456510317669024,0.7973638311850832,0.8214149185940348,Priorite haute
q-set of ceramic for water ' khat ',handcrafted ceramics,57.72,1,1,262,31.49497709923664,1,0.5368852459016393,0.8326731588169921,1.0,1.0,handcrafted ceramics,1.0,True,0.5456510317669024,0.7973638311850832,0.8214149185940348,Priorite haute
q-oval design multi-purpose bottle with flower design,handcrafted ceramics,15.6,1,1,262,31.49497709923664,1,0.5368852459016393,0.5046829068797446,1.0,1.0,handcrafted ceramics,0.95,True,0.6645918521621917,0.7973638311850832,0.8208090006335637,Priorite haute
q-set of handmade ceramics products,handcrafted ceramics,15.6,1,1,262,31.49497709923664,1,0.5368852459016393,0.5046829068797446,1.0,1.0,handcrafted ceramics,0.95,True,0.6645918521621917,0.7973638311850832,0.8208090006335637,Priorite haute
q-black and white plate ceramics handmade,handcrafted ceramics,15.6,1,1,262,31.49497709923664,1,0.5368852459016393,0.5046829068797446,1.0,1.0,handcrafted ceramics,0.95,True,0.6645918521621917,0.7973638311850832,0.8208090006335637,Priorite haute
q-handmade rectangular dish,handcrafted ceramics,15.6,1,1,262,31.49497709923664,1,0.5368852459016393,0.5046829068797446,1.0,1.0,handcrafted ceramics,0.95,True,0.6645918521621917,0.7973638311850832,0.8208090006335637,Priorite haute
q-rustic tunisian clay olive oil bottle,handcrafted ceramics,12.48,1,1,262,31.49497709923664,1,0.5368852459016393,0.6037463191535769,1.0,1.0,handcrafted ceramics,0.965,True,0.6235400125674356,0.7973638311850832,0.820453816674088,Priorite haute
q-artichoke salad bowl – oriental black,handcrafted ceramics,53.04,1,1,262,31.49497709923664,1,0.5368852459016393,0.6840780404062436,1.0,1.0,handcrafted ceramics,0.975,True,0.5937967101327287,0.7973638311850832,0.8199794864306175,Priorite haute
q-handmade olive oil dispenser – tunisian artisan ceramic bottle,handcrafted ceramics,15.6,1,1,262,31.49497709923664,1,0.5368852459016393,0.5046829068797446,1.0,1.0,handcrafted ceramics,0.945,True,0.6645918521621917,0.7973638311850832,0.8195590006335637,Priorite haute
q-traditional ceramic oil bottle – made in tunisia,handcrafted ceramics,15.6,1,1,262,31.49497709923664,1,0.5368852459016393,0.5046829068797446,1.0,1.0,handcrafted ceramics,0.945,True,0.6645918521621917,0.7973638311850832,0.8195590006335637,Priorite haute
q-jatte salad bowl – oriental black,handcrafted ceramics,54.6,1,1,262,31.49497709923664,1,0.5368852459016393,0.7336097465431599,1.0,1.0,handcrafted ceramics,0.98,True,0.5768310901539477,0.7973638311850832,0.8195329244327393,Priorite haute
q-mini tajine – flowers,handcrafted ceramics,26.52,1,1,262,31.49497709923664,1,0.5368852459016393,0.15796096392133133,1.0,1.0,handcrafted ceramics,0.865,True,0.8635869698176952,0.7973638311850832,0.819458512399114,Priorite haute
q-mini tajine – lara,handcrafted ceramics,26.52,1,1,262,31.49497709923664,1,0.5368852459016393,0.15796096392133133,1.0,1.0,handcrafted ceramics,0.865,True,0.8635869698176952,0.7973638311850832,0.819458512399114,Priorite haute
q-handmade flared tankard,handcrafted ceramics,18.72,1,1,262,31.49497709923664,1,0.5368852459016393,0.40561949460591223,1.0,1.0,handcrafted ceramics,0.925,True,0.7114300874721191,0.7973638311850832,0.8192428241645564,Priorite haute
q-tunisian ceramic oil cruet for olive oil,handcrafted ceramics,12.48,1,1,262,31.49497709923664,1,0.5368852459016393,0.6037463191535769,1.0,1.0,handcrafted ceramics,0.96,True,0.6235400125674356,0.7973638311850832,0.819203816674088,Priorite haute
q-handmade ceramics octogonal dish,handcrafted ceramics,12.48,1,1,262,31.49497709923664,1,0.5368852459016393,0.6037463191535769,1.0,1.0,handcrafted ceramics,0.96,True,0.6235400125674356,0.7973638311850832,0.819203816674088,Priorite haute
q-handmade ceramic bottle with a fish design,handcrafted ceramics,14.04,1,1,262,31.49497709923664,1,0.5368852459016393,0.5542146130166608,1.0,1.0,handcrafted ceramics,0.95,True,0.6434117860074967,0.7973638311850832,0.8186909940180942,Priorite haute
q-handmade decorated ashtray,handcrafted ceramics,21.84,1,1,262,31.49497709923664,1,0.5368852459016393,0.30655608233207987,1.0,1.0,handcrafted ceramics,0.9,True,0.7653708964525227,0.7973638311850832,0.8183869050625968,Priorite haute
q-rectangular multi-purpose bottle with a fish design,handcrafted ceramics,15.6,1,1,262,31.49497709923664,1,0.5368852459016393,0.5046829068797446,1.0,1.0,handcrafted ceramics,0.94,True,0.6645918521621917,0.7973638311850832,0.8183090006335637,Priorite haute
q-traditions ceramic bowl tunisian pottery handmade,handcrafted ceramics,15.6,1,1,262,31.49497709923664,1,0.5368852459016393,0.5046829068797446,1.0,1.0,handcrafted ceramics,0.94,True,0.6645918521621917,0.7973638311850832,0.8183090006335637,Priorite haute
q-bowl kitchen handmade products,handcrafted ceramics,16.38,1,1,262,31.49497709923664,1,0.5368852459016393,0.47991705381128646,1.0,1.0,handcrafted ceramics,0.935,True,0.6757135458535748,0.7973638311850832,0.818171170002702,Priorite haute
q-handcrafted tunisian olive oil bottle,handcrafted ceramics,12.48,1,1,262,31.49497709923664,1,0.5368852459016393,0.6037463191535769,1.0,1.0,handcrafted ceramics,0.955,True,0.6235400125674356,0.7973638311850832,0.8179538166740881,Priorite haute
q-kerwena soup tureen– oriental black,handcrafted ceramics,53.04,1,1,262,31.49497709923664,1,0.5368852459016393,0.6840780404062436,1.0,1.0,handcrafted ceramics,0.965,True,0.5937967101327287,0.7973638311850832,0.8174794864306174,Priorite haute
q-green blown glass bowl – handmade artisan craft,handcrafted ceramics,10.92,1,1,262,31.49497709923664,1,0.5368852459016393,0.6532780252904932,1.0,1.0,handcrafted ceramics,0.96,True,0.6048589436881269,0.7973638311850832,0.8173357097861572,Priorite haute
q-small decorated ceramic tajine,handcrafted ceramics,21.84,1,1,262,31.49497709923664,1,0.5368852459016393,0.30655608233207987,1.0,1.0,handcrafted ceramics,0.895,True,0.7653708964525227,0.7973638311850832,0.8171369050625968,Priorite haute
q-oval design multi-purpose bottle with andalusian design,handcrafted ceramics,15.6,1,1,262,31.49497709923664,1,0.5368852459016393,0.5046829068797446,1.0,1.0,handcrafted ceramics,0.935,True,0.6645918521621917,0.7973638311850832,0.8170590006335637,Priorite haute
q-tunis white ceramic oil cruet,handcrafted ceramics,12.48,1,1,262,31.49497709923664,1,0.5368852459016393,0.6037463191535769,1.0,1.0,handcrafted ceramics,0.95,True,0.6235400125674356,0.7973638311850832,0.8167038166740881,Priorite haute
q-handmade ceramic dish - elegant blue & white,handcrafted ceramics,12.48,1,1,262,31.49497709923664,1,0.5368852459016393,0.6037463191535769,1.0,1.0,handcrafted ceramics,0.95,True,0.6235400125674356,0.7973638311850832,0.8167038166740881,Priorite haute
q-traditional handmade tunisian plate,handcrafted ceramics,39.0,1,1,262,31.49497709923664,1,0.5368852459016393,0.23829268517399807,1.0,1.0,handcrafted ceramics,0.875,True,0.8075635202993107,0.7973638311850832,0.8163561674472756,Priorite haute
q-tagine pot clay ceramic glazed berber traditional,handcrafted ceramics,53.04,1,1,262,31.49497709923664,1,0.5368852459016393,0.6840780404062436,1.0,1.0,handcrafted ceramics,0.96,True,0.5937967101327287,0.7973638311850832,0.8162294864306174,Priorite haute
q-handmade ceramic jar with spoons,handcrafted ceramics,37.44,1,1,262,31.49497709923664,1,0.5368852459016393,0.18876097903708183,1.0,1.0,handcrafted ceramics,0.86,True,0.8412119994130512,0.7973638311850832,0.8159710153586497,Priorite haute
q-red bird ceramics handmade,handcrafted ceramics,12.48,1,1,262,31.49497709923664,1,0.5368852459016393,0.6037463191535769,1.0,1.0,handcrafted ceramics,0.945,True,0.6235400125674356,0.7973638311850832,0.8154538166740881,Priorite haute
q-bowl – oriental black,handcrafted ceramics,23.4,1,1,262,31.49497709923664,1,0.5368852459016393,0.2570243761951637,1.0,1.0,handcrafted ceramics,0.875,True,0.795529521095573,0.7973638311850832,0.8151527675269018,Priorite haute
q-handmade floral blue ceramic tajine,handcrafted ceramics,53.04,1,1,262,31.49497709923664,1,0.5368852459016393,0.6840780404062436,1.0,1.0,handcrafted ceramics,0.955,True,0.5937967101327287,0.7973638311850832,0.8149794864306175,Priorite haute
q-plat couscous chkala – oriental black,handcrafted ceramics,35.88,1,1,262,31.49497709923664,1,0.5368852459016393,0.13922927290016582,1.0,1.0,handcrafted ceramics,0.84,True,0.8777864331507861,0.7973638311850832,0.8146284587324231,Priorite haute
q-oval design multi-purpose bottle with blue design,handcrafted ceramics,15.6,1,1,262,31.49497709923664,1,0.5368852459016393,0.5046829068797446,1.0,1.0,handcrafted ceramics,0.925,True,0.6645918521621917,0.7973638311850832,0.8145590006335637,Priorite haute
q-handmade ceramic decorated cup,handcrafted ceramics,9.36,1,1,262,31.49497709923664,1,0.5368852459016393,0.7028097314274092,1.0,1.0,handcrafted ceramics,0.955,True,0.5872646729366134,0.7973638311850832,0.8143262827110059,Priorite haute
q-handmade minimalist tajine plate,handcrafted ceramics,49.92,1,1,262,31.49497709923664,1,0.5368852459016393,0.5850146281324113,1.0,1.0,handcrafted ceramics,0.935,True,0.6309090037725889,0.7973638311850832,0.8136907157946034,Priorite haute
q-plate wall decor inspired by tunisian designers,handcrafted ceramics,15.6,1,1,262,31.49497709923664,1,0.5368852459016393,0.5046829068797446,1.0,1.0,handcrafted ceramics,0.92,True,0.6645918521621917,0.7973638311850832,0.8133090006335637,Priorite haute
a-savon spiruline,cosmetiques et soins,20.0,1,1,193,24.965803108808288,1,0.39549180327868855,0.198904192597437,1.0,1.0,cosmetiques et soins,1.0,True,0.8340950062352278,0.748326254990232,0.8121731122773069,Priorite haute
a-gel douche et lait,cosmetiques et soins,20.0,1,1,193,24.965803108808288,1,0.39549180327868855,0.198904192597437,1.0,1.0,cosmetiques et soins,1.0,True,0.8340950062352278,0.748326254990232,0.8121731122773069,Priorite haute
a-gommage corps,cosmetiques et soins,20.0,1,1,193,24.965803108808288,1,0.39549180327868855,0.198904192597437,1.0,1.0,cosmetiques et soins,1.0,True,0.8340950062352278,0.748326254990232,0.8121731122773069,Priorite haute
a-huiles massage nature zone,cosmetiques et soins,20.0,1,1,193,24.965803108808288,1,0.39549180327868855,0.198904192597437,1.0,1.0,cosmetiques et soins,1.0,True,0.8340950062352278,0.748326254990232,0.8121731122773069,Priorite haute
a-baume capillaire,cosmetiques et soins,20.0,1,1,193,24.965803108808288,1,0.39549180327868855,0.198904192597437,1.0,1.0,cosmetiques et soins,1.0,True,0.8340950062352278,0.748326254990232,0.8121731122773069,Priorite haute
a-chantilly safran,cosmetiques et soins,20.0,1,1,193,24.965803108808288,1,0.39549180327868855,0.198904192597437,1.0,1.0,cosmetiques et soins,1.0,True,0.8340950062352278,0.748326254990232,0.8121731122773069,Priorite haute
a-masque aux 2 argiles,cosmetiques et soins,20.0,1,1,193,24.965803108808288,1,0.39549180327868855,0.198904192597437,1.0,1.0,cosmetiques et soins,1.0,True,0.8340950062352278,0.748326254990232,0.8121731122773069,Priorite haute
q-ceramic bowl with natural color handmade,handcrafted ceramics,15.6,1,1,262,31.49497709923664,1,0.5368852459016393,0.5046829068797446,1.0,1.0,handcrafted ceramics,0.915,True,0.6645918521621917,0.7973638311850832,0.8120590006335637,Priorite haute
q-white bird ceramics handmade,handcrafted ceramics,12.48,1,1,262,31.49497709923664,1,0.5368852459016393,0.6037463191535769,1.0,1.0,handcrafted ceramics,0.93,True,0.6235400125674356,0.7973638311850832,0.8117038166740882,Priorite haute
q-turquoise blown glass bowl,handcrafted ceramics,9.922,1,1,262,31.49497709923664,1,0.5368852459016393,0.6849656167806484,1.0,1.0,handcrafted ceramics,0.94,True,0.5934839204082001,0.7973638311850832,0.8111982074581645,Priorite haute
q-purple blown glass bowl,handcrafted ceramics,9.922,1,1,262,31.49497709923664,1,0.5368852459016393,0.6849656167806484,1.0,1.0,handcrafted ceramics,0.94,True,0.5934839204082001,0.7973638311850832,0.8111982074581645,Priorite haute
q-handmade floral ceramic bowl,handcrafted ceramics,8.58,1,1,262,31.49497709923664,1,0.5368852459016393,0.7275755844958672,1.0,1.0,handcrafted ceramics,0.945,True,0.578845874516,0.7973638311850832,0.8109844028689445,Priorite haute
q-jatte salad bowl – makroudh rouge,handcrafted ceramics,54.6,1,1,262,31.49497709923664,1,0.5368852459016393,0.7336097465431599,1.0,1.0,handcrafted ceramics,0.945,True,0.5768310901539477,0.7973638311850832,0.8107829244327392,Priorite haute
q-floral ceramic cup,handcrafted ceramics,9.36,1,1,262,31.49497709923664,1,0.5368852459016393,0.7028097314274092,1.0,1.0,handcrafted ceramics,0.94,True,0.5872646729366134,0.7973638311850832,0.8105762827110059,Priorite haute
q-tunis white and blue ceramic oil bottle,handcrafted ceramics,12.48,1,1,262,31.49497709923664,1,0.5368852459016393,0.6037463191535769,1.0,1.0,handcrafted ceramics,0.925,True,0.6235400125674356,0.7973638311850832,0.810453816674088,Priorite haute
a-shampoing solide,cosmetiques et soins,24.0,1,1,193,24.965803108808288,1,0.39549180327868855,0.038685039127882084,1.0,1.0,cosmetiques et soins,0.94,True,0.9627557559119524,0.748326254990232,0.8100391872449794,Priorite haute
q-plat couscous chkala – lara,handcrafted ceramics,35.88,1,1,262,31.49497709923664,1,0.5368852459016393,0.13922927290016582,1.0,1.0,handcrafted ceramics,0.82,True,0.8777864331507861,0.7973638311850832,0.8096284587324232,Priorite haute
q-handmade floral blue & white ceramic bowl,handcrafted ceramics,15.6,1,1,262,31.49497709923664,1,0.5368852459016393,0.5046829068797446,1.0,1.0,handcrafted ceramics,0.905,True,0.6645918521621917,0.7973638311850832,0.8095590006335637,Priorite haute
a-diffuseur anti-moustique,cosmetiques et soins,19.0,1,1,193,24.965803108808288,1,0.39549180327868855,0.23895898096482573,1.0,1.0,cosmetiques et soins,1.0,True,0.8071292232945928,0.748326254990232,0.8094765339832434,Priorite haute
a-crème bébé,cosmetiques et soins,19.0,1,1,193,24.965803108808288,1,0.39549180327868855,0.23895898096482573,1.0,1.0,cosmetiques et soins,1.0,True,0.8071292232945928,0.748326254990232,0.8094765339832434,Priorite haute
q-hand-painted tunisian ceramic tagine,handcrafted ceramics,49.92,1,1,262,31.49497709923664,1,0.5368852459016393,0.5850146281324113,1.0,1.0,handcrafted ceramics,0.915,True,0.6309090037725889,0.7973638311850832,0.8086907157946034,Priorite haute
q-handmade decorated dish,handcrafted ceramics,21.84,1,1,262,31.49497709923664,1,0.5368852459016393,0.30655608233207987,1.0,1.0,handcrafted ceramics,0.86,True,0.7653708964525227,0.7973638311850832,0.8083869050625968,Priorite haute
a-gel exfoliant algues,cosmetiques et soins,19.0,1,1,193,24.965803108808288,1,0.39549180327868855,0.23895898096482573,1.0,1.0,cosmetiques et soins,0.995,True,0.8071292232945928,0.748326254990232,0.8082265339832434,Priorite haute
a-masque argile,cosmetiques et soins,19.0,1,1,193,24.965803108808288,1,0.39549180327868855,0.23895898096482573,1.0,1.0,cosmetiques et soins,0.995,True,0.8071292232945928,0.748326254990232,0.8082265339832434,Priorite haute
a-gel nettoyant algues,cosmetiques et soins,19.0,1,1,193,24.965803108808288,1,0.39549180327868855,0.23895898096482573,1.0,1.0,cosmetiques et soins,0.995,True,0.8071292232945928,0.748326254990232,0.8082265339832434,Priorite haute
a-shampoing ghassoul,cosmetiques et soins,22.0,1,1,193,24.965803108808288,1,0.39549180327868855,0.11879461586265955,1.0,1.0,cosmetiques et soins,0.96,True,0.8938191030075152,0.748326254990232,0.8081455219545356,Priorite haute
q-tureen – flowers,handcrafted ceramics,56.16,1,1,262,31.49497709923664,1,0.5368852459016393,0.7831414526800758,1.0,1.0,handcrafted ceramics,0.94,True,0.5608080046016496,0.7973638311850832,0.8079306158775095,Priorite haute
q-green blown glass cup,handcrafted ceramics,9.204,1,1,262,31.49497709923664,1,0.5368852459016393,0.7077629020411008,1.0,1.0,handcrafted ceramics,0.93,True,0.5855613790443687,0.7973638311850832,0.8079059533217814,Priorite haute
q-kerwena soup tureen– zarbia,handcrafted ceramics,53.04,1,1,262,31.49497709923664,1,0.5368852459016393,0.6840780404062436,1.0,1.0,handcrafted ceramics,0.925,True,0.5937967101327287,0.7973638311850832,0.8074794864306174,Priorite haute
q-ceramic jar with spoons,handcrafted ceramics,48.204,1,1,262,31.49497709923664,1,0.5368852459016393,0.5305297513818036,1.0,1.0,handcrafted ceramics,0.9,True,0.6533685471302816,0.7973638311850832,0.8071866701303727,Priorite haute
a-huile de lentisque pistachier,cosmetiques et soins,20.0,1,1,193,24.965803108808288,1,0.39549180327868855,0.198904192597437,1.0,1.0,cosmetiques et soins,0.98,True,0.8340950062352278,0.748326254990232,0.8071731122773069,Priorite haute
q-tunisian pottery olive oil cruet,handcrafted ceramics,15.6,1,1,262,31.49497709923664,1,0.5368852459016393,0.5046829068797446,1.0,1.0,handcrafted ceramics,0.895,True,0.6645918521621917,0.7973638311850832,0.8070590006335637,Priorite haute
a-savon surgras,cosmetiques et soins,18.0,1,1,193,24.965803108808288,1,0.39549180327868855,0.27901376933221445,1.0,1.0,cosmetiques et soins,1.0,True,0.7818524115828009,0.748326254990232,0.8069488528120642,Priorite haute
a-baume pieds,cosmetiques et soins,18.8,1,1,193,24.965803108808288,1,0.39549180327868855,0.24696993863830344,1.0,1.0,cosmetiques et soins,0.99,True,0.8019439515053621,0.748326254990232,0.8064580068043203,Priorite haute
a-soins pied,cosmetiques et soins,18.3,1,1,193,24.965803108808288,1,0.39549180327868855,0.26699733282199783,1.0,1.0,cosmetiques et soins,0.995,True,0.7892676441336213,0.748326254990232,0.8064403760671462,Priorite haute
q-yellow bird ceramics handmade,handcrafted ceramics,7.8,1,1,262,31.49497709923664,1,0.5368852459016393,0.7523414375643254,1.0,1.0,handcrafted ceramics,0.93,True,0.570665041962344,0.7973638311850832,0.806416319613579,Priorite haute
a-eaux florales,cosmetiques et soins,18.0,1,1,193,24.965803108808288,1,0.39549180327868855,0.27901376933221445,1.0,1.0,cosmetiques et soins,0.995,True,0.7818524115828009,0.748326254990232,0.8056988528120642,Priorite haute
q-handmade decorated octagonal dish,handcrafted ceramics,20.28,1,1,262,31.49497709923664,1,0.5368852459016393,0.35608778846899597,1.0,1.0,handcrafted ceramics,0.86,True,0.7374153860119823,0.7973638311850832,0.8055913540185428,Priorite haute
q-tureen – zarbia,handcrafted ceramics,56.16,1,1,262,31.49497709923664,1,0.5368852459016393,0.7831414526800758,1.0,1.0,handcrafted ceramics,0.93,True,0.5608080046016496,0.7973638311850832,0.8054306158775095,Priorite haute
q-zinguia soup tureen – flowers,handcrafted ceramics,60.84,1,1,262,31.49497709923664,1,0.5368852459016393,0.9317365710908246,1.0,1.0,handcrafted ceramics,0.945,True,0.5176689280336573,0.7973638311850832,0.8048667082207103,Priorite haute
q-a collection of ceramics handmade bowls with different forms,handcrafted ceramics,6.24,1,1,262,31.49497709923664,1,0.5368852459016393,0.8018731437012416,1.0,1.0,handcrafted ceramics,0.93,True,0.5549780257814888,0.7973638311850832,0.8048476179954934,Priorite haute
q-floral ceramic cup and saucer,handcrafted ceramics,15.6,1,1,262,31.49497709923664,1,0.5368852459016393,0.5046829068797446,1.0,1.0,handcrafted ceramics,0.885,True,0.6645918521621917,0.7973638311850832,0.8045590006335637,Priorite haute
a-lipstick et vernis,cosmetiques et soins,18.0,1,1,193,24.965803108808288,1,0.39549180327868855,0.27901376933221445,1.0,1.0,cosmetiques et soins,0.99,True,0.7818524115828009,0.748326254990232,0.8044488528120641,Priorite haute
a-serum cheveux réparateur,cosmetiques et soins,16.5,1,1,193,24.965803108808288,1,0.39549180327868855,0.33909595188329755,1.0,1.0,cosmetiques et soins,1.0,True,0.7467724763065748,0.748326254990232,0.8034408592844416,Priorite haute
q-large handmade vase,handcrafted ceramics,12.48,1,1,262,31.49497709923664,1,0.5368852459016393,0.6037463191535769,1.0,1.0,handcrafted ceramics,0.895,True,0.6235400125674356,0.7973638311850832,0.8029538166740882,Priorite haute
q-khomsa appetizer tray – green,handcrafted ceramics,34.32,1,1,262,31.49497709923664,1,0.5368852459016393,0.08969756676324957,1.0,1.0,handcrafted ceramics,0.775,True,0.9176858153132524,0.7973638311850832,0.8023683969486698,Priorite haute
q-zinguia soup tureen – lara,handcrafted ceramics,60.84,1,1,262,31.49497709923664,1,0.5368852459016393,0.9317365710908246,1.0,1.0,handcrafted ceramics,0.935,True,0.5176689280336573,0.7973638311850832,0.8023667082207103,Priorite haute
a-huile douche monoi,cosmetiques et soins,17.0,1,1,193,24.965803108808288,1,0.39549180327868855,0.3190685576996032,1.0,1.0,cosmetiques et soins,0.99,True,0.7581107093811376,0.748326254990232,0.8020746825918978,Priorite haute
q-decorated oval plate,handcrafted ceramics,15.6,1,1,262,31.49497709923664,1,0.5368852459016393,0.5046829068797446,1.0,1.0,handcrafted ceramics,0.875,True,0.6645918521621917,0.7973638311850832,0.8020590006335637,Priorite haute
a-savon marc de café,cosmetiques et soins,20.0,1,1,193,24.965803108808288,1,0.39549180327868855,0.198904192597437,1.0,1.0,cosmetiques et soins,0.955,True,0.8340950062352278,0.748326254990232,0.800923112277307,Priorite haute
a-huile anti-rides,cosmetiques et soins,30.0,1,1,193,24.965803108808288,1,0.39549180327868855,0.2016436910764503,1.0,1.0,cosmetiques et soins,0.955,True,0.8321934425538282,0.748326254990232,0.8007329559091669,Priorite haute
q-tureen – lara,handcrafted ceramics,56.16,1,1,262,31.49497709923664,1,0.5368852459016393,0.7831414526800758,1.0,1.0,handcrafted ceramics,0.91,True,0.5608080046016496,0.7973638311850832,0.8004306158775095,Priorite haute
a-gel douche aloe,cosmetiques et soins,15.0,1,1,193,24.965803108808288,1,0.39549180327868855,0.39917813443438066,1.0,1.0,cosmetiques et soins,1.0,True,0.7147052797564273,0.748326254990232,0.8002341396294268,Priorite haute
a-gel anti-douleur,cosmetiques et soins,15.0,1,1,193,24.965803108808288,1,0.39549180327868855,0.39917813443438066,1.0,1.0,cosmetiques et soins,1.0,True,0.7147052797564273,0.748326254990232,0.8002341396294268,Priorite haute
a-savon aloe vera,cosmetiques et soins,15.0,1,1,193,24.965803108808288,1,0.39549180327868855,0.39917813443438066,1.0,1.0,cosmetiques et soins,1.0,True,0.7147052797564273,0.748326254990232,0.8002341396294268,Priorite haute
a-savon carotte exfoliant,cosmetiques et soins,15.0,1,1,193,24.965803108808288,1,0.39549180327868855,0.39917813443438066,1.0,1.0,cosmetiques et soins,1.0,True,0.7147052797564273,0.748326254990232,0.8002341396294268,Priorite haute
a-spray désinfectant,cosmetiques et soins,15.0,1,1,193,24.965803108808288,1,0.39549180327868855,0.39917813443438066,1.0,1.0,cosmetiques et soins,1.0,True,0.7147052797564273,0.748326254990232,0.8002341396294268,Priorite haute
a-huile d'ortie,cosmetiques et soins,15.0,1,1,193,24.965803108808288,1,0.39549180327868855,0.39917813443438066,1.0,1.0,cosmetiques et soins,1.0,True,0.7147052797564273,0.748326254990232,0.8002341396294268,Priorite haute
a-huile végétale,cosmetiques et soins,15.0,1,1,193,24.965803108808288,1,0.39549180327868855,0.39917813443438066,1.0,1.0,cosmetiques et soins,1.0,True,0.7147052797564273,0.748326254990232,0.8002341396294268,Priorite haute
a-masque gommage aloe,cosmetiques et soins,15.0,1,1,193,24.965803108808288,1,0.39549180327868855,0.39917813443438066,1.0,1.0,cosmetiques et soins,1.0,True,0.7147052797564273,0.748326254990232,0.8002341396294268,Priorite haute
a-lait corps amande,cosmetiques et soins,15.0,1,1,193,24.965803108808288,1,0.39549180327868855,0.39917813443438066,1.0,1.0,cosmetiques et soins,1.0,True,0.7147052797564273,0.748326254990232,0.8002341396294268,Priorite haute
a-crème déo,cosmetiques et soins,15.0,1,1,193,24.965803108808288,1,0.39549180327868855,0.39917813443438066,1.0,1.0,cosmetiques et soins,1.0,True,0.7147052797564273,0.748326254990232,0.8002341396294268,Priorite haute
a-masque karité,cosmetiques et soins,15.0,1,1,193,24.965803108808288,1,0.39549180327868855,0.39917813443438066,1.0,1.0,cosmetiques et soins,1.0,True,0.7147052797564273,0.748326254990232,0.8002341396294268,Priorite haute
a-poudre pépins figue,cosmetiques et soins,15.0,1,1,193,24.965803108808288,1,0.39549180327868855,0.39917813443438066,1.0,1.0,cosmetiques et soins,1.0,True,0.7147052797564273,0.748326254990232,0.8002341396294268,Priorite haute
a-spray nesri églantier,cosmetiques et soins,15.0,1,1,193,24.965803108808288,1,0.39549180327868855,0.39917813443438066,1.0,1.0,cosmetiques et soins,1.0,True,0.7147052797564273,0.748326254990232,0.8002341396294268,Priorite haute
a-savons surgras,cosmetiques et soins,15.0,1,1,193,24.965803108808288,1,0.39549180327868855,0.39917813443438066,1.0,1.0,cosmetiques et soins,1.0,True,0.7147052797564273,0.748326254990232,0.8002341396294268,Priorite haute
a-dentifrice solide,cosmetiques et soins,15.0,1,1,193,24.965803108808288,1,0.39549180327868855,0.39917813443438066,1.0,1.0,cosmetiques et soins,1.0,True,0.7147052797564273,0.748326254990232,0.8002341396294268,Priorite haute
q-kerwena soup tureen– makroudh rouge,handcrafted ceramics,53.04,1,1,262,31.49497709923664,1,0.5368852459016393,0.6840780404062436,1.0,1.0,handcrafted ceramics,0.895,True,0.5937967101327287,0.7973638311850832,0.7999794864306174,Priorite haute
a-face scrub,cosmetiques et soins,16.6,1,1,193,24.965803108808288,1,0.39549180327868855,0.33509047304655865,1.0,1.0,cosmetiques et soins,0.985,True,0.749012909752916,0.748326254990232,0.7999149026290757,Priorite haute
q-turquoise blown glass cup,handcrafted ceramics,8.518,1,1,262,31.49497709923664,1,0.5368852459016393,0.7295441523038729,1.0,1.0,handcrafted ceramics,0.9,True,0.5781870319227934,0.7973638311850832,0.7996685186096238,Priorite haute
q-blown-glass with red design,handcrafted ceramics,15.6,1,1,262,31.49497709923664,1,0.5368852459016393,0.5046829068797446,1.0,1.0,handcrafted ceramics,0.865,True,0.6645918521621917,0.7973638311850832,0.7995590006335637,Priorite haute
a-savon noir pépins,cosmetiques et soins,15.0,1,1,193,24.965803108808288,1,0.39549180327868855,0.39917813443438066,1.0,1.0,cosmetiques et soins,0.995,True,0.7147052797564273,0.748326254990232,0.7989841396294268,Priorite haute
q-blue and red ceramic bowls hand painted in tunisia,handcrafted ceramics,10.92,1,1,262,31.49497709923664,1,0.5368852459016393,0.6532780252904932,1.0,1.0,handcrafted ceramics,0.885,True,0.6048589436881269,0.7973638311850832,0.7985857097861572,Priorite haute
a-eau de toilette hommes,cosmetiques et soins,17.0,1,1,193,24.965803108808288,1,0.39549180327868855,0.3190685576996032,1.0,1.0,cosmetiques et soins,0.975,True,0.7581107093811376,0.748326254990232,0.7983246825918979,Priorite haute
q-plate blue and red white ceramics made in tunisia,handcrafted ceramics,15.6,1,1,262,31.49497709923664,1,0.5368852459016393,0.5046829068797446,1.0,1.0,handcrafted ceramics,0.86,True,0.6645918521621917,0.7973638311850832,0.7983090006335637,Priorite haute
a-eau florale démaquillante,cosmetiques et soins,14.0,1,1,193,24.965803108808288,1,0.39549180327868855,0.4392329228017694,1.0,1.0,cosmetiques et soins,1.0,True,0.6948145669522969,0.748326254990232,0.7982450683490138,Priorite haute
q-large ceramics blue bowl,handcrafted ceramics,56.16,1,1,262,31.49497709923664,1,0.5368852459016393,0.7831414526800758,1.0,1.0,handcrafted ceramics,0.9,True,0.5608080046016496,0.7973638311850832,0.7979306158775095,Priorite haute
q-simple and modern handmade tajine plate pottery made in tunisia,handcrafted ceramics,49.92,1,1,262,31.49497709923664,1,0.5368852459016393,0.5850146281324113,1.0,1.0,handcrafted ceramics,0.87,True,0.6309090037725889,0.7973638311850832,0.7974407157946034,Priorite haute
q-green plate-kitchen deco-handmade in tunisia,handcrafted ceramics,15.6,1,1,262,31.49497709923664,1,0.5368852459016393,0.5046829068797446,1.0,1.0,handcrafted ceramics,0.855,True,0.6645918521621917,0.7973638311850832,0.7970590006335637,Priorite haute
q-tunisian decorative wall tiles,handcrafted ceramics,15.6,1,1,262,31.49497709923664,1,0.5368852459016393,0.5046829068797446,1.0,1.0,handcrafted ceramics,0.855,True,0.6645918521621917,0.7973638311850832,0.7970590006335637,Priorite haute
q-handmade ceramic tepsi dish,handcrafted ceramics,68.64,1,1,262,31.49497709923664,1,0.5368852459016393,1.1793951017754056,1.0,1.0,handcrafted ceramics,0.935,True,0.4588429143414004,0.7973638311850832,0.7964841068514846,Priorite haute
q-olive wood moyen mortar and pestle,olive wood,37.44,1,1,152,40.29213157894736,1,0.3114754098360656,0.0707863147565836,1.0,1.0,olive wood,0.995,True,0.9338931458302442,0.7100095718291631,0.7964363109160701,Priorite haute
a-farine figue barbarie,cosmetiques et soins,13.0,1,1,193,24.965803108808288,1,0.39549180327868855,0.4792877111691581,1.0,1.0,cosmetiques et soins,1.0,True,0.6760010189022986,0.748326254990232,0.796363713544014,Priorite haute
a-eau de toilette,cosmetiques et soins,13.0,1,1,193,24.965803108808288,1,0.39549180327868855,0.4792877111691581,1.0,1.0,cosmetiques et soins,1.0,True,0.6760010189022986,0.748326254990232,0.796363713544014,Priorite haute
a-masque extraits algues,cosmetiques et soins,13.0,1,1,193,24.965803108808288,1,0.39549180327868855,0.4792877111691581,1.0,1.0,cosmetiques et soins,1.0,True,0.6760010189022986,0.748326254990232,0.796363713544014,Priorite haute
q-floral ceramic bowl,handcrafted ceramics,9.984,1,1,262,31.49497709923664,1,0.5368852459016393,0.6829970489726428,1.0,1.0,handcrafted ceramics,0.88,True,0.5941781066166654,0.7973638311850832,0.796267626079011,Priorite haute
a-huile noyau abricot,cosmetiques et soins,29.0,1,1,193,24.965803108808288,1,0.39549180327868855,0.16158890270906157,1.0,1.0,cosmetiques et soins,0.925,True,0.8608897671696042,0.748326254990232,0.7961025883707444,Priorite haute
q-plate black and white ceramics made in tunisia,handcrafted ceramics,21.84,1,1,262,31.49497709923664,1,0.5368852459016393,0.30655608233207987,1.0,1.0,handcrafted ceramics,0.81,True,0.7653708964525227,0.7973638311850832,0.7958869050625968,Priorite haute
a-hydrolat organique,cosmetiques et soins,14.0,1,1,193,24.965803108808288,1,0.39549180327868855,0.4392329228017694,1.0,1.0,cosmetiques et soins,0.99,True,0.6948145669522969,0.748326254990232,0.7957450683490137,Priorite haute
q-deep ceramic bowl,handcrafted ceramics,5.616,1,1,262,31.49497709923664,1,0.5368852459016393,0.821685826156008,1.0,1.0,handcrafted ceramics,0.895,True,0.5489420764227655,0.7973638311850832,0.7954940230596211,Priorite haute
a-huile de ricin,cosmetiques et soins,13.0,1,1,193,24.965803108808288,1,0.39549180327868855,0.4792877111691581,1.0,1.0,cosmetiques et soins,0.995,True,0.6760010189022986,0.748326254990232,0.7951137135440141,Priorite haute
a-cactus bio slim,cosmetiques et soins,13.0,1,1,193,24.965803108808288,1,0.39549180327868855,0.4792877111691581,1.0,1.0,cosmetiques et soins,0.995,True,0.6760010189022986,0.748326254990232,0.7951137135440141,Priorite haute
a-body wash,cosmetiques et soins,13.0,1,1,193,24.965803108808288,1,0.39549180327868855,0.4792877111691581,1.0,1.0,cosmetiques et soins,0.995,True,0.6760010189022986,0.748326254990232,0.7951137135440141,Priorite haute
a-huile anti-âge,cosmetiques et soins,35.0,1,1,193,24.965803108808288,1,0.39549180327868855,0.40191763291339394,1.0,1.0,cosmetiques et soins,0.98,True,0.7133086684428462,0.748326254990232,0.7950944784980687,Priorite haute
a-crème bave d'escargot,cosmetiques et soins,35.0,1,1,193,24.965803108808288,1,0.39549180327868855,0.40191763291339394,1.0,1.0,cosmetiques et soins,0.98,True,0.7133086684428462,0.748326254990232,0.7950944784980687,Priorite haute
q-artichoke salad bowl – lara,handcrafted ceramics,53.04,1,1,262,31.49497709923664,1,0.5368852459016393,0.6840780404062436,1.0,1.0,handcrafted ceramics,0.875,True,0.5937967101327287,0.7973638311850832,0.7949794864306174,Priorite haute
a-huile d'avocat,cosmetiques et soins,12.8,1,1,193,24.965803108808288,1,0.39549180327868855,0.48729866884263584,1.0,1.0,cosmetiques et soins,0.995,True,0.6723599105875386,0.748326254990232,0.794749602712538,Priorite haute
a-nuage de karité,cosmetiques et soins,20.0,1,1,193,24.965803108808288,1,0.39549180327868855,0.198904192597437,1.0,1.0,cosmetiques et soins,0.93,True,0.8340950062352278,0.748326254990232,0.794673112277307,Priorite haute
a-eau de carotte,cosmetiques et soins,12.0,1,1,193,24.965803108808288,1,0.39549180327868855,0.5193424995365469,1.0,1.0,cosmetiques et soins,1.0,True,0.6581794429531428,0.748326254990232,0.7945815559490984,Priorite haute
a-savon lait chamelle,cosmetiques et soins,12.0,1,1,193,24.965803108808288,1,0.39549180327868855,0.5193424995365469,1.0,1.0,cosmetiques et soins,1.0,True,0.6581794429531428,0.748326254990232,0.7945815559490984,Priorite haute
a-savon figue de barbarie,cosmetiques et soins,12.0,1,1,193,24.965803108808288,1,0.39549180327868855,0.5193424995365469,1.0,1.0,cosmetiques et soins,1.0,True,0.6581794429531428,0.748326254990232,0.7945815559490984,Priorite haute
a-crème hydradante,cosmetiques et soins,30.0,1,1,193,24.965803108808288,1,0.39549180327868855,0.2016436910764503,1.0,1.0,cosmetiques et soins,0.93,True,0.8321934425538282,0.748326254990232,0.794482955909167,Priorite haute
q-handmade olive wood plate 2o cm,olive wood,37.44,1,1,152,40.29213157894736,1,0.3114754098360656,0.0707863147565836,1.0,1.0,olive wood,0.985,True,0.9338931458302442,0.7100095718291631,0.7939363109160702,Priorite haute
q-rectangular olive wood salt and pepper shakers,olive wood,37.44,1,1,152,40.29213157894736,1,0.3114754098360656,0.0707863147565836,1.0,1.0,olive wood,0.985,True,0.9338931458302442,0.7100095718291631,0.7939363109160702,Priorite haute
"q-olive wood ladle 30 cm / 11.8""",olive wood,37.44,1,1,152,40.29213157894736,1,0.3114754098360656,0.0707863147565836,1.0,1.0,olive wood,0.985,True,0.9338931458302442,0.7100095718291631,0.7939363109160702,Priorite haute
a-huiles essentielles nature zone,cosmetiques et soins,16.0,1,1,193,24.965803108808288,1,0.39549180327868855,0.3591233460669919,1.0,1.0,cosmetiques et soins,0.965,True,0.7357683928348249,0.748326254990232,0.7935904509372665,Priorite haute
a-masque capillaire,cosmetiques et soins,12.0,1,1,193,24.965803108808288,1,0.39549180327868855,0.5193424995365469,1.0,1.0,cosmetiques et soins,0.995,True,0.6581794429531428,0.748326254990232,0.7933315559490984,Priorite haute
a-crème pieds,cosmetiques et soins,12.0,1,1,193,24.965803108808288,1,0.39549180327868855,0.5193424995365469,1.0,1.0,cosmetiques et soins,0.995,True,0.6581794429531428,0.748326254990232,0.7933315559490984,Priorite haute
q-tajine – zarbia,handcrafted ceramics,76.44,1,1,262,31.49497709923664,1,0.5368852459016393,1.4270536324599863,1.0,1.0,handcrafted ceramics,0.94,True,0.4120222094088753,0.7973638311850832,0.7930520363582321,Priorite haute
q-moroccan tajine – zarbia,handcrafted ceramics,76.44,1,1,262,31.49497709923664,1,0.5368852459016393,1.4270536324599863,1.0,1.0,handcrafted ceramics,0.94,True,0.4120222094088753,0.7973638311850832,0.7930520363582321,Priorite haute
q-orange blown glass cup,handcrafted ceramics,9.204,1,1,262,31.49497709923664,1,0.5368852459016393,0.7077629020411008,1.0,1.0,handcrafted ceramics,0.87,True,0.5855613790443687,0.7973638311850832,0.7929059533217815,Priorite haute
q-olive wood cutting board large,olive wood,37.44,1,1,152,40.29213157894736,1,0.3114754098360656,0.0707863147565836,1.0,1.0,olive wood,0.98,True,0.9338931458302442,0.7100095718291631,0.7926863109160702,Priorite haute
a-huile lentisque,cosmetiques et soins,12.0,1,1,193,24.965803108808288,1,0.39549180327868855,0.5193424995365469,1.0,1.0,cosmetiques et soins,0.99,True,0.6581794429531428,0.748326254990232,0.7920815559490983,Priorite haute
a-serum nails care,cosmetiques et soins,12.0,1,1,193,24.965803108808288,1,0.39549180327868855,0.5193424995365469,1.0,1.0,cosmetiques et soins,0.99,True,0.6581794429531428,0.748326254990232,0.7920815559490983,Priorite haute
q-set of white ceramics with black decoration,handcrafted ceramics,15.6,1,1,262,31.49497709923664,1,0.5368852459016393,0.5046829068797446,1.0,1.0,handcrafted ceramics,0.835,True,0.6645918521621917,0.7973638311850832,0.7920590006335637,Priorite haute
a-masque d'argile,cosmetiques et soins,11.0,1,1,193,24.965803108808288,1,0.39549180327868855,0.5593972879039356,1.0,1.0,cosmetiques et soins,0.995,True,0.6412733995094672,0.748326254990232,0.7916409516047309,Priorite haute
a-crème mains,cosmetiques et soins,11.0,1,1,193,24.965803108808288,1,0.39549180327868855,0.5593972879039356,1.0,1.0,cosmetiques et soins,0.995,True,0.6412733995094672,0.748326254990232,0.7916409516047309,Priorite haute
q-olive wood serving dish with five compartments,olive wood,43.68,1,1,152,40.29213157894736,1,0.3114754098360656,0.08408262864752904,1.0,1.0,olive wood,0.98,True,0.9224389115501018,0.7100095718291631,0.791540887488056,Priorite haute
a-baume à lèvres,cosmetiques et soins,10.0,1,1,193,24.965803108808288,1,0.39549180327868855,0.5994520762713242,1.0,1.0,cosmetiques et soins,1.0,True,0.6252141060276221,0.748326254990232,0.7912850222565463,Priorite haute
a-déodorant naturel,cosmetiques et soins,10.0,1,1,193,24.965803108808288,1,0.39549180327868855,0.5994520762713242,1.0,1.0,cosmetiques et soins,1.0,True,0.6252141060276221,0.748326254990232,0.7912850222565463,Priorite haute
a-gommage,cosmetiques et soins,10.0,1,1,193,24.965803108808288,1,0.39549180327868855,0.5994520762713242,1.0,1.0,cosmetiques et soins,1.0,True,0.6252141060276221,0.748326254990232,0.7912850222565463,Priorite haute
a-cupcake savon,cosmetiques et soins,10.0,1,1,193,24.965803108808288,1,0.39549180327868855,0.5994520762713242,1.0,1.0,cosmetiques et soins,1.0,True,0.6252141060276221,0.748326254990232,0.7912850222565463,Priorite haute
a-enveloppement argile,cosmetiques et soins,10.0,1,1,193,24.965803108808288,1,0.39549180327868855,0.5994520762713242,1.0,1.0,cosmetiques et soins,1.0,True,0.6252141060276221,0.748326254990232,0.7912850222565463,Priorite haute
a-huile abricot,cosmetiques et soins,10.0,1,1,193,24.965803108808288,1,0.39549180327868855,0.5994520762713242,1.0,1.0,cosmetiques et soins,1.0,True,0.6252141060276221,0.748326254990232,0.7912850222565463,Priorite haute
a-masque gommage,cosmetiques et soins,10.0,1,1,193,24.965803108808288,1,0.39549180327868855,0.5994520762713242,1.0,1.0,cosmetiques et soins,1.0,True,0.6252141060276221,0.748326254990232,0.7912850222565463,Priorite haute
a-savon cannelle,cosmetiques et soins,10.0,1,1,193,24.965803108808288,1,0.39549180327868855,0.5994520762713242,1.0,1.0,cosmetiques et soins,1.0,True,0.6252141060276221,0.748326254990232,0.7912850222565463,Priorite haute
a-savon bio,cosmetiques et soins,10.0,1,1,193,24.965803108808288,1,0.39549180327868855,0.5994520762713242,1.0,1.0,cosmetiques et soins,1.0,True,0.6252141060276221,0.748326254990232,0.7912850222565463,Priorite haute
a-spray sportif,cosmetiques et soins,10.0,1,1,193,24.965803108808288,1,0.39549180327868855,0.5994520762713242,1.0,1.0,cosmetiques et soins,1.0,True,0.6252141060276221,0.748326254990232,0.7912850222565463,Priorite haute
a-huile cheveux,cosmetiques et soins,10.0,1,1,193,24.965803108808288,1,0.39549180327868855,0.5994520762713242,1.0,1.0,cosmetiques et soins,1.0,True,0.6252141060276221,0.748326254990232,0.7912850222565463,Priorite haute
a-masque visage,cosmetiques et soins,10.0,1,1,193,24.965803108808288,1,0.39549180327868855,0.5994520762713242,1.0,1.0,cosmetiques et soins,1.0,True,0.6252141060276221,0.748326254990232,0.7912850222565463,Priorite haute
a-gommage poudre pépins figue barbarie,cosmetiques et soins,10.0,1,1,193,24.965803108808288,1,0.39549180327868855,0.5994520762713242,1.0,1.0,cosmetiques et soins,1.0,True,0.6252141060276221,0.748326254990232,0.7912850222565463,Priorite haute
q-olive wood artisan rectangular board,olive wood,34.32,1,1,152,40.29213157894736,1,0.3114754098360656,0.14822078645863984,1.0,1.0,olive wood,0.995,True,0.8709126431025651,0.7100095718291631,0.7901382606433022,Priorite haute
a-huile de nigelle,cosmetiques et soins,10.0,1,1,193,24.965803108808288,1,0.39549180327868855,0.5994520762713242,1.0,1.0,cosmetiques et soins,0.995,True,0.6252141060276221,0.748326254990232,0.7900350222565463,Priorite haute
q-tagine cookware - tunisian design handmade,handcrafted ceramics,53.04,1,1,262,31.49497709923664,1,0.5368852459016393,0.6840780404062436,1.0,1.0,handcrafted ceramics,0.855,True,0.5937967101327287,0.7973638311850832,0.7899794864306174,Priorite haute
a-huile végétale lin,cosmetiques et soins,12.0,1,1,193,24.965803108808288,1,0.39549180327868855,0.5193424995365469,1.0,1.0,cosmetiques et soins,0.98,True,0.6581794429531428,0.748326254990232,0.7895815559490984,Priorite haute
q-blown-glass transparent,handcrafted ceramics,9.36,1,1,262,31.49497709923664,1,0.5368852459016393,0.7028097314274092,1.0,1.0,handcrafted ceramics,0.855,True,0.5872646729366134,0.7973638311850832,0.7893262827110059,Priorite haute
q-decorated ceramic tajine,handcrafted ceramics,76.44,1,1,262,31.49497709923664,1,0.5368852459016393,1.4270536324599863,1.0,1.0,handcrafted ceramics,0.925,True,0.4120222094088753,0.7973638311850832,0.789302036358232,Priorite haute
q-olive wood measuring scoops set of four,olive wood,43.68,1,1,152,40.29213157894736,1,0.3114754098360656,0.08408262864752904,1.0,1.0,olive wood,0.97,True,0.9224389115501018,0.7100095718291631,0.7890408874880559,Priorite haute
q-olive wood cutting board - serving board,olive wood,37.44,1,1,152,40.29213157894736,1,0.3114754098360656,0.0707863147565836,1.0,1.0,olive wood,0.965,True,0.9338931458302442,0.7100095718291631,0.7889363109160702,Priorite haute
a-masque argile blanche,cosmetiques et soins,9.0,1,1,193,24.965803108808288,1,0.39549180327868855,0.639506864638713,1.0,1.0,cosmetiques et soins,0.995,True,0.6099395016686089,0.748326254990232,0.7885075618206451,Priorite haute
q-premium 50 cm olive wood cutting board,olive wood,45.24,1,1,152,40.29213157894736,1,0.3114754098360656,0.12279986449855725,1.0,1.0,olive wood,0.98,True,0.8906306739238878,0.7100095718291631,0.7883600637254345,Priorite haute
q-olive wood mushroom design mortar and pestle,olive wood,46.8,1,1,152,40.29213157894736,1,0.3114754098360656,0.16151710034958527,1.0,1.0,olive wood,0.99,True,0.8609429854274441,0.7100095718291631,0.7878912948757901,Priorite haute
a-savon orange curcuma,cosmetiques et soins,11.0,1,1,193,24.965803108808288,1,0.39549180327868855,0.5593972879039356,1.0,1.0,cosmetiques et soins,0.98,True,0.6412733995094672,0.748326254990232,0.7878909516047308,Priorite haute
a-savon gommage,cosmetiques et soins,8.5,1,1,193,24.965803108808288,1,0.39549180327868855,0.6595342588224073,1.0,1.0,cosmetiques et soins,0.995,True,0.6025787022375737,0.748326254990232,0.7877714818775415,Priorite haute
q-large blue ceramics serving bowl,handcrafted ceramics,68.64,1,1,262,31.49497709923664,1,0.5368852459016393,1.1793951017754056,1.0,1.0,handcrafted ceramics,0.9,True,0.4588429143414004,0.7973638311850832,0.7877341068514846,Priorite haute
q-handmade blue and white ceramic bowl,handcrafted ceramics,14.04,1,1,262,31.49497709923664,1,0.5368852459016393,0.5542146130166608,1.0,1.0,handcrafted ceramics,0.825,True,0.6434117860074967,0.7973638311850832,0.7874409940180942,Priorite haute
q-tepsi – makroudh rouge,handcrafted ceramics,15.6,1,1,262,31.49497709923664,1,0.5368852459016393,0.5046829068797446,1.0,1.0,handcrafted ceramics,0.815,True,0.6645918521621917,0.7973638311850832,0.7870590006335637,Priorite haute
a-savon bio nopal figue barbarie,cosmetiques et soins,8.0,1,1,193,24.965803108808288,1,0.39549180327868855,0.6795616530061017,1.0,1.0,cosmetiques et soins,0.995,True,0.5953934457899696,0.748326254990232,0.787052956232781,Priorite haute
a-camel soap,cosmetiques et soins,7.0,1,1,193,24.965803108808288,1,0.39549180327868855,0.7196164413734905,1.0,1.0,cosmetiques et soins,1.0,True,0.5815250284541831,0.748326254990232,0.7869161144992024,Priorite haute
a-lotion mosquitos,cosmetiques et soins,7.0,1,1,193,24.965803108808288,1,0.39549180327868855,0.7196164413734905,1.0,1.0,cosmetiques et soins,1.0,True,0.5815250284541831,0.748326254990232,0.7869161144992024,Priorite haute
a-savon romarin,cosmetiques et soins,7.0,1,1,193,24.965803108808288,1,0.39549180327868855,0.7196164413734905,1.0,1.0,cosmetiques et soins,1.0,True,0.5815250284541831,0.748326254990232,0.7869161144992024,Priorite haute
a-huile essentielle romarin,cosmetiques et soins,7.0,1,1,193,24.965803108808288,1,0.39549180327868855,0.7196164413734905,1.0,1.0,cosmetiques et soins,1.0,True,0.5815250284541831,0.748326254990232,0.7869161144992024,Priorite haute
a-deodorant naturel,cosmetiques et soins,7.0,1,1,193,24.965803108808288,1,0.39549180327868855,0.7196164413734905,1.0,1.0,cosmetiques et soins,1.0,True,0.5815250284541831,0.748326254990232,0.7869161144992024,Priorite haute
a-savon citron,cosmetiques et soins,7.0,1,1,193,24.965803108808288,1,0.39549180327868855,0.7196164413734905,1.0,1.0,cosmetiques et soins,1.0,True,0.5815250284541831,0.748326254990232,0.7869161144992024,Priorite haute
a-savon argile,cosmetiques et soins,7.0,1,1,193,24.965803108808288,1,0.39549180327868855,0.7196164413734905,1.0,1.0,cosmetiques et soins,1.0,True,0.5815250284541831,0.748326254990232,0.7869161144992024,Priorite haute
a-shampoing huile romarin,cosmetiques et soins,7.0,1,1,193,24.965803108808288,1,0.39549180327868855,0.7196164413734905,1.0,1.0,cosmetiques et soins,1.0,True,0.5815250284541831,0.748326254990232,0.7869161144992024,Priorite haute
a-baume lèvres,cosmetiques et soins,15.6,1,1,193,24.965803108808288,1,0.39549180327868855,0.37514526141394744,1.0,1.0,cosmetiques et soins,0.94,True,0.7271959029054016,0.748326254990232,0.7864832019443243,Priorite haute
q-handmade olive wood serving dish – large,olive wood,37.44,1,1,152,40.29213157894736,1,0.3114754098360656,0.0707863147565836,1.0,1.0,olive wood,0.955,True,0.9338931458302442,0.7100095718291631,0.7864363109160701,Priorite haute
a-savon géranium/huile olive,cosmetiques et soins,13.0,1,1,193,24.965803108808288,1,0.39549180327868855,0.4792877111691581,1.0,1.0,cosmetiques et soins,0.96,True,0.6760010189022986,0.748326254990232,0.786363713544014,Priorite haute
a-savon argan jasmin,cosmetiques et soins,9.0,1,1,193,24.965803108808288,1,0.39549180327868855,0.639506864638713,1.0,1.0,cosmetiques et soins,0.985,True,0.6099395016686089,0.748326254990232,0.786007561820645,Priorite haute
a-masque argile verte,cosmetiques et soins,8.0,1,1,193,24.965803108808288,1,0.39549180327868855,0.6795616530061017,1.0,1.0,cosmetiques et soins,0.99,True,0.5953934457899696,0.748326254990232,0.7858029562327811,Priorite haute
a-eau florale,cosmetiques et soins,8.0,1,1,193,24.965803108808288,1,0.39549180327868855,0.6795616530061017,1.0,1.0,cosmetiques et soins,0.99,True,0.5953934457899696,0.748326254990232,0.7858029562327811,Priorite haute
a-savon thala,cosmetiques et soins,8.0,1,1,193,24.965803108808288,1,0.39549180327868855,0.6795616530061017,1.0,1.0,cosmetiques et soins,0.99,True,0.5953934457899696,0.748326254990232,0.7858029562327811,Priorite haute
q-handmade ceramic tajine with traditional design,handcrafted ceramics,76.44,1,1,262,31.49497709923664,1,0.5368852459016393,1.4270536324599863,1.0,1.0,handcrafted ceramics,0.91,True,0.4120222094088753,0.7973638311850832,0.7855520363582321,Priorite haute
q-olive wood cutting board with groove - length 50cm,olive wood,43.68,1,1,152,40.29213157894736,1,0.3114754098360656,0.08408262864752904,1.0,1.0,olive wood,0.955,True,0.9224389115501018,0.7100095718291631,0.7852908874880559,Priorite haute
q-black bird ceramics handmade,handcrafted ceramics,7.8,1,1,262,31.49497709923664,1,0.5368852459016393,0.7523414375643254,1.0,1.0,handcrafted ceramics,0.845,True,0.570665041962344,0.7973638311850832,0.7851663196135789,Priorite haute
a-savon bébé,cosmetiques et soins,7.5,1,1,193,24.965803108808288,1,0.39549180327868855,0.6995890471897961,1.0,1.0,cosmetiques et soins,0.99,True,0.5883775267047413,0.748326254990232,0.7851013643242581,Priorite haute
a-hydrolat fleur d'oranger,cosmetiques et soins,10.0,1,1,193,24.965803108808288,1,0.39549180327868855,0.5994520762713242,1.0,1.0,cosmetiques et soins,0.975,True,0.6252141060276221,0.748326254990232,0.7850350222565463,Priorite haute
a-crème anti-taches brunes,cosmetiques et soins,40.0,1,1,193,24.965803108808288,1,0.39549180327868855,0.6021915747503376,1.0,1.0,cosmetiques et soins,0.975,True,0.6241450871165801,0.748326254990232,0.7849281203654421,Priorite haute
a-crème anti taches,cosmetiques et soins,40.0,1,1,193,24.965803108808288,1,0.39549180327868855,0.6021915747503376,1.0,1.0,cosmetiques et soins,0.975,True,0.6241450871165801,0.748326254990232,0.7849281203654421,Priorite haute
a-huile noyaux abricot,cosmetiques et soins,8.0,1,1,193,24.965803108808288,1,0.39549180327868855,0.6795616530061017,1.0,1.0,cosmetiques et soins,0.985,True,0.5953934457899696,0.748326254990232,0.7845529562327811,Priorite haute
a-huile pépins figue barbarie,cosmetiques et soins,30.0,1,1,193,24.965803108808288,1,0.39549180327868855,0.2016436910764503,1.0,1.0,cosmetiques et soins,0.89,True,0.8321934425538282,0.748326254990232,0.784482955909167,Priorite haute
a-savon tbf figue barbarie,cosmetiques et soins,5.0,1,1,193,24.965803108808288,1,0.39549180327868855,0.7997260181082679,1.0,1.0,cosmetiques et soins,1.0,True,0.5556401307411905,0.748326254990232,0.7843276247279032,Priorite haute
a-savon pépins,cosmetiques et soins,5.0,1,1,193,24.965803108808288,1,0.39549180327868855,0.7997260181082679,1.0,1.0,cosmetiques et soins,1.0,True,0.5556401307411905,0.748326254990232,0.7843276247279032,Priorite haute
a-huile de romarin,cosmetiques et soins,5.0,1,1,193,24.965803108808288,1,0.39549180327868855,0.7997260181082679,1.0,1.0,cosmetiques et soins,1.0,True,0.5556401307411905,0.748326254990232,0.7843276247279032,Priorite haute
q-moroccan tajine – oriental black,handcrafted ceramics,76.44,1,1,262,31.49497709923664,1,0.5368852459016393,1.4270536324599863,1.0,1.0,handcrafted ceramics,0.905,True,0.4120222094088753,0.7973638311850832,0.784302036358232,Priorite haute
q-set of 3 olive wood candle holders,olive wood,46.8,1,1,152,40.29213157894736,1,0.3114754098360656,0.16151710034958527,1.0,1.0,olive wood,0.975,True,0.8609429854274441,0.7100095718291631,0.7841412948757901,Priorite haute
a-savon argile miel,cosmetiques et soins,7.5,1,1,193,24.965803108808288,1,0.39549180327868855,0.6995890471897961,1.0,1.0,cosmetiques et soins,0.985,True,0.5883775267047413,0.748326254990232,0.7838513643242582,Priorite haute
a-baume miel,cosmetiques et soins,10.0,1,1,193,24.965803108808288,1,0.39549180327868855,0.5994520762713242,1.0,1.0,cosmetiques et soins,0.97,True,0.6252141060276221,0.748326254990232,0.7837850222565462,Priorite haute
q-handcrafted rectangular olive wood holder,olive wood,29.64,1,1,152,40.29213157894736,1,0.3114754098360656,0.2643724940117243,1.0,1.0,olive wood,1.0,True,0.7909061647071288,0.7100095718291631,0.7833876128037587,Priorite haute
a-gommage tbf figue barbarie,cosmetiques et soins,6.0,1,1,193,24.965803108808288,1,0.39549180327868855,0.7596712297408792,1.0,1.0,cosmetiques et soins,0.99,True,0.5682879751050174,0.748326254990232,0.7830924091642858,Priorite haute
a-savon miel,cosmetiques et soins,5.0,1,1,193,24.965803108808288,1,0.39549180327868855,0.7997260181082679,1.0,1.0,cosmetiques et soins,0.995,True,0.5556401307411905,0.748326254990232,0.7830776247279032,Priorite haute
a-huile de raisin,cosmetiques et soins,5.0,1,1,193,24.965803108808288,1,0.39549180327868855,0.7997260181082679,1.0,1.0,cosmetiques et soins,0.995,True,0.5556401307411905,0.748326254990232,0.7830776247279032,Priorite haute
q-bowl set of ceramics handmade and olive wood bowl,handcrafted ceramics,18.72,1,1,262,31.49497709923664,1,0.5368852459016393,0.40561949460591223,1.0,1.0,handcrafted ceramics,0.78,True,0.7114300874721191,0.7973638311850832,0.7829928241645564,Priorite haute
a-mini-savons lait chamelle,cosmetiques et soins,15.0,1,1,193,24.965803108808288,1,0.39549180327868855,0.39917813443438066,1.0,1.0,cosmetiques et soins,0.93,True,0.7147052797564273,0.748326254990232,0.7827341396294268,Priorite haute
q-olive wood serving tray - large,olive wood,34.32,1,1,152,40.29213157894736,1,0.3114754098360656,0.14822078645863984,1.0,1.0,olive wood,0.965,True,0.8709126431025651,0.7100095718291631,0.7826382606433022,Priorite haute
a-extrait de menthe,cosmetiques et soins,10.0,1,1,193,24.965803108808288,1,0.39549180327868855,0.5994520762713242,1.0,1.0,cosmetiques et soins,0.965,True,0.6252141060276221,0.748326254990232,0.7825350222565463,Priorite haute
q-bowl cake ceramics handmade in tunisia,handcrafted ceramics,10.92,1,1,262,31.49497709923664,1,0.5368852459016393,0.6532780252904932,1.0,1.0,handcrafted ceramics,0.82,True,0.6048589436881269,0.7973638311850832,0.7823357097861572,Priorite haute
a-savons naturels,cosmetiques et soins,7.5,1,1,193,24.965803108808288,1,0.39549180327868855,0.6995890471897961,1.0,1.0,cosmetiques et soins,0.975,True,0.5883775267047413,0.748326254990232,0.7813513643242582,Priorite haute
a-shampoing,cosmetiques et soins,35.0,1,1,193,24.965803108808288,1,0.39549180327868855,0.40191763291339394,1.0,1.0,cosmetiques et soins,0.925,True,0.7133086684428462,0.748326254990232,0.7813444784980687,Priorite haute
q-olive wood stemmed glass,olive wood,28.08,1,1,152,40.29213157894736,1,0.3114754098360656,0.3030897298627525,1.0,1.0,olive wood,1.0,True,0.7674068616175225,0.7100095718291631,0.781037682494798,Priorite haute
q-handcrafted olive wood soap dish,olive wood,28.08,1,1,152,40.29213157894736,1,0.3114754098360656,0.3030897298627525,1.0,1.0,olive wood,1.0,True,0.7674068616175225,0.7100095718291631,0.781037682494798,Priorite haute
a-savon gâteau,cosmetiques et soins,4.0,1,1,193,24.965803108808288,1,0.39549180327868855,0.8397808064756567,1.0,1.0,cosmetiques et soins,0.99,True,0.5435430114719113,0.748326254990232,0.7806179128009751,Priorite haute
a-orga gold,cosmetiques et soins,15.0,1,1,193,24.965803108808288,1,0.39549180327868855,0.39917813443438066,1.0,1.0,cosmetiques et soins,0.92,True,0.7147052797564273,0.748326254990232,0.7802341396294268,Priorite haute
q-olive wood rectangle dish,olive wood,34.32,1,1,152,40.29213157894736,1,0.3114754098360656,0.14822078645863984,1.0,1.0,olive wood,0.955,True,0.8709126431025651,0.7100095718291631,0.7801382606433022,Priorite haute
q-handcrafted olive wood tray with 3 pockets,olive wood,28.08,1,1,152,40.29213157894736,1,0.3114754098360656,0.3030897298627525,1.0,1.0,olive wood,0.995,True,0.7674068616175225,0.7100095718291631,0.7797876824947979,Priorite haute
q-olive wood triple compartment tray,olive wood,28.08,1,1,152,40.29213157894736,1,0.3114754098360656,0.3030897298627525,1.0,1.0,olive wood,0.995,True,0.7674068616175225,0.7100095718291631,0.7797876824947979,Priorite haute
q-cookware set tajine pot tajine cooking,handcrafted ceramics,76.44,1,1,262,31.49497709923664,1,0.5368852459016393,1.4270536324599863,1.0,1.0,handcrafted ceramics,0.885,True,0.4120222094088753,0.7973638311850832,0.779302036358232,Priorite haute
q-olive wood large mortar and pestle,olive wood,37.44,1,1,152,40.29213157894736,1,0.3114754098360656,0.0707863147565836,1.0,1.0,olive wood,0.925,True,0.9338931458302442,0.7100095718291631,0.7789363109160702,Priorite haute
a-summer water & body mist,cosmetiques et soins,35.0,1,1,193,24.965803108808288,1,0.39549180327868855,0.40191763291339394,1.0,1.0,cosmetiques et soins,0.915,True,0.7133086684428462,0.748326254990232,0.7788444784980687,Priorite haute
q-handmade olive wood cutting board,olive wood,28.08,1,1,152,40.29213157894736,1,0.3114754098360656,0.3030897298627525,1.0,1.0,olive wood,0.99,True,0.7674068616175225,0.7100095718291631,0.7785376824947979,Priorite haute
q-appetizer dish with berber patterns,handcrafted ceramics,21.84,1,1,262,31.49497709923664,1,0.5368852459016393,0.30655608233207987,1.0,1.0,handcrafted ceramics,0.74,True,0.7653708964525227,0.7973638311850832,0.7783869050625968,Priorite haute
a-pains lavants,cosmetiques et soins,9.7,1,1,193,24.965803108808288,1,0.39549180327868855,0.6114685127815409,1.0,1.0,cosmetiques et soins,0.95,True,0.6205519946982453,0.748326254990232,0.7783188111236086,Priorite haute
q-tajine blue sky collection designed in tunisia,handcrafted ceramics,49.92,1,1,262,31.49497709923664,1,0.5368852459016393,0.5850146281324113,1.0,1.0,handcrafted ceramics,0.79,True,0.6309090037725889,0.7973638311850832,0.7774407157946034,Priorite haute
q-pair of olive wood spoon and salad server,olive wood,29.64,1,1,152,40.29213157894736,1,0.3114754098360656,0.2643724940117243,1.0,1.0,olive wood,0.975,True,0.7909061647071288,0.7100095718291631,0.7771376128037586,Priorite haute
q-tunisian tepsi wall & serving tray,handcrafted ceramics,54.6,1,1,262,31.49497709923664,1,0.5368852459016393,0.7336097465431599,1.0,1.0,handcrafted ceramics,0.81,True,0.5768310901539477,0.7973638311850832,0.7770329244327393,Priorite haute
a-huile tbf figue barbarie,cosmetiques et soins,35.0,1,1,193,24.965803108808288,1,0.39549180327868855,0.40191763291339394,1.0,1.0,cosmetiques et soins,0.905,True,0.7133086684428462,0.748326254990232,0.7763444784980686,Priorite haute
a-serum,cosmetiques et soins,35.0,1,1,193,24.965803108808288,1,0.39549180327868855,0.40191763291339394,1.0,1.0,cosmetiques et soins,0.905,True,0.7133086684428462,0.748326254990232,0.7763444784980686,Priorite haute
q-round olive wood dish,olive wood,49.92,1,1,152,40.29213157894736,1,0.3114754098360656,0.2389515720516417,1.0,1.0,olive wood,0.965,True,0.807134049916132,0.7100095718291631,0.7762604013246589,Priorite haute
q-olive wood set of three non-oiled boards,olive wood,49.92,1,1,152,40.29213157894736,1,0.3114754098360656,0.2389515720516417,1.0,1.0,olive wood,0.965,True,0.807134049916132,0.7100095718291631,0.7762604013246589,Priorite haute
q-olive wood plate – handmade artisan craft,olive wood,29.64,1,1,152,40.29213157894736,1,0.3114754098360656,0.2643724940117243,1.0,1.0,olive wood,0.97,True,0.7909061647071288,0.7100095718291631,0.7758876128037586,Priorite haute
a-poudre jujubier,cosmetiques et soins,8.0,1,1,193,24.965803108808288,1,0.39549180327868855,0.6795616530061017,1.0,1.0,cosmetiques et soins,0.95,True,0.5953934457899696,0.748326254990232,0.7758029562327811,Priorite haute
a-hydrolat cyprès,cosmetiques et soins,6.0,1,1,193,24.965803108808288,1,0.39549180327868855,0.7596712297408792,1.0,1.0,cosmetiques et soins,0.96,True,0.5682879751050174,0.748326254990232,0.7755924091642858,Priorite haute
q-olive wood cheese board natural shape,olive wood,46.8,1,1,152,40.29213157894736,1,0.3114754098360656,0.16151710034958527,1.0,1.0,olive wood,0.94,True,0.8609429854274441,0.7100095718291631,0.7753912948757902,Priorite haute
q-dinnerware sets round serving deep plates and bowls,handcrafted ceramics,43.68,1,1,262,31.49497709923664,1,0.5368852459016393,0.3868878035847466,1.0,1.0,handcrafted ceramics,0.745,True,0.7210388593909749,0.7973638311850832,0.775203701356442,Priorite haute
a-gommage eucalyptus / huile olive,cosmetiques et soins,13.0,1,1,193,24.965803108808288,1,0.39549180327868855,0.4792877111691581,1.0,1.0,cosmetiques et soins,0.915,True,0.6760010189022986,0.748326254990232,0.775113713544014,Priorite haute
a-savon caviar royal,cosmetiques et soins,35.0,1,1,193,24.965803108808288,1,0.39549180327868855,0.40191763291339394,1.0,1.0,cosmetiques et soins,0.9,True,0.7133086684428462,0.748326254990232,0.7750944784980687,Priorite haute
a-coffret eaux de bain,cosmetiques et soins,35.0,1,1,193,24.965803108808288,1,0.39549180327868855,0.40191763291339394,1.0,1.0,cosmetiques et soins,0.9,True,0.7133086684428462,0.748326254990232,0.7750944784980687,Priorite haute
q-olive wood appetizer dish with 6 sections,olive wood,56.16,1,1,152,40.29213157894736,1,0.3114754098360656,0.39382051545575414,1.0,1.0,olive wood,0.995,True,0.7174524904112335,0.7100095718291631,0.774792245374169,Priorite haute
a-gel nettoyant,cosmetiques et soins,9.0,1,1,193,24.965803108808288,1,0.39549180327868855,0.639506864638713,1.0,1.0,cosmetiques et soins,0.94,True,0.6099395016686089,0.748326254990232,0.774757561820645,Priorite haute
a-savon huile olive,cosmetiques et soins,9.0,1,1,193,24.965803108808288,1,0.39549180327868855,0.639506864638713,1.0,1.0,cosmetiques et soins,0.94,True,0.6099395016686089,0.748326254990232,0.774757561820645,Priorite haute
q-plateau mayo ketchup – flowers,handcrafted ceramics,35.88,1,1,262,31.49497709923664,1,0.5368852459016393,0.13922927290016582,1.0,1.0,handcrafted ceramics,0.68,True,0.8777864331507861,0.7973638311850832,0.7746284587324233,Priorite haute
q-olive wood candle holders 10/5cm,olive wood,24.96,1,1,152,40.29213157894736,1,0.3114754098360656,0.3805242015648087,1.0,1.0,olive wood,0.99,True,0.7243625275576562,0.7100095718291631,0.7742332490888113,Priorite haute
q-handcrafted olive wood round dish,olive wood,24.96,1,1,152,40.29213157894736,1,0.3114754098360656,0.3805242015648087,1.0,1.0,olive wood,0.99,True,0.7243625275576562,0.7100095718291631,0.7742332490888113,Priorite haute
a-savon argile rouge,cosmetiques et soins,5.5,1,1,193,24.965803108808288,1,0.39549180327868855,0.7796986239245736,1.0,1.0,cosmetiques et soins,0.955,True,0.5618928882435218,0.748326254990232,0.7737029004781363,Priorite haute
a-crème camomille éclaircissante,cosmetiques et soins,50.0,1,1,193,24.965803108808288,1,0.39549180327868855,1.0027394584242248,1.0,1.0,cosmetiques et soins,0.98,True,0.4993160721898443,0.748326254990232,0.7736952188727686,Priorite haute
a-crème apaisante,cosmetiques et soins,50.0,1,1,193,24.965803108808288,1,0.39549180327868855,1.0027394584242248,1.0,1.0,cosmetiques et soins,0.98,True,0.4993160721898443,0.748326254990232,0.7736952188727686,Priorite haute
a-huiles vierges,cosmetiques et soins,9.0,1,1,193,24.965803108808288,1,0.39549180327868855,0.639506864638713,1.0,1.0,cosmetiques et soins,0.935,True,0.6099395016686089,0.748326254990232,0.7735075618206451,Priorite haute
q-handmade tunisian palm fiber and leather small bag with brown color,accessories,78.0,1,1,154,101.48167532467532,1,0.3155737704918033,0.23138832718479385,1.0,1.0,accessories,0.975,True,0.812091505111312,0.6752717159889291,0.7731282478072776,Priorite haute
q-fair-trade handmade hat pink color,accessories,78.0,1,1,154,101.48167532467532,1,0.3155737704918033,0.23138832718479385,1.0,1.0,accessories,0.975,True,0.812091505111312,0.6752717159889291,0.7731282478072776,Priorite haute
q-serving tunisian olive wood plate rectangular form,olive wood,24.96,1,1,152,40.29213157894736,1,0.3114754098360656,0.3805242015648087,1.0,1.0,olive wood,0.985,True,0.7243625275576562,0.7100095718291631,0.7729832490888113,Priorite haute
a-poudre algue marine,cosmetiques et soins,4.9,1,1,193,24.965803108808288,1,0.39549180327868855,0.8037314969450069,1.0,1.0,cosmetiques et soins,0.955,True,0.5544062415574088,0.748326254990232,0.772954235809525,Priorite haute
q-decorative olive wood heart plate 1,olive wood,21.84,1,1,152,40.29213157894736,1,0.3114754098360656,0.45795867326686507,1.0,1.0,olive wood,1.0,True,0.685890497677337,0.7100095718291631,0.7728860461007795,Priorite haute
a-bombes de bain,cosmetiques et soins,3.0,1,1,193,24.965803108808288,1,0.39549180327868855,0.8798355948430454,1.0,1.0,cosmetiques et soins,0.96,True,0.5319614134040769,0.748326254990232,0.7719597529941918,Priorite haute
q-fair-trade handmade hat colorful,accessories,78.0,1,1,154,101.48167532467532,1,0.3155737704918033,0.23138832718479385,1.0,1.0,accessories,0.97,True,0.812091505111312,0.6752717159889291,0.7718782478072777,Priorite haute
a-bouquet savons,cosmetiques et soins,5.0,1,1,193,24.965803108808288,1,0.39549180327868855,0.7997260181082679,1.0,1.0,cosmetiques et soins,0.95,True,0.5556401307411905,0.748326254990232,0.7718276247279031,Priorite haute
a-savons nounours,cosmetiques et soins,5.0,1,1,193,24.965803108808288,1,0.39549180327868855,0.7997260181082679,1.0,1.0,cosmetiques et soins,0.95,True,0.5556401307411905,0.748326254990232,0.7718276247279031,Priorite haute
a-gel anti-inflammatoire,cosmetiques et soins,45.0,1,1,193,24.965803108808288,1,0.39549180327868855,0.8024655165872813,1.0,1.0,cosmetiques et soins,0.95,True,0.5547956345336146,0.748326254990232,0.7717431751071455,Priorite haute
q-olive wood cutting board handmade in tunisia,olive wood,28.08,1,1,152,40.29213157894736,1,0.3114754098360656,0.3030897298627525,1.0,1.0,olive wood,0.96,True,0.7674068616175225,0.7100095718291631,0.771037682494798,Priorite haute
a-lait de corps,cosmetiques et soins,4.0,1,1,193,24.965803108808288,1,0.39549180327868855,0.8397808064756567,1.0,1.0,cosmetiques et soins,0.95,True,0.5435430114719113,0.748326254990232,0.7706179128009751,Priorite haute
q-tunisian handicrafts olive wood serving dish,olive wood,24.96,1,1,152,40.29213157894736,1,0.3114754098360656,0.3805242015648087,1.0,1.0,olive wood,0.975,True,0.7243625275576562,0.7100095718291631,0.7704832490888113,Priorite haute
q-olive wood pepper and salt,olive wood,21.84,1,1,152,40.29213157894736,1,0.3114754098360656,0.45795867326686507,1.0,1.0,olive wood,0.99,True,0.685890497677337,0.7100095718291631,0.7703860461007794,Priorite haute
q-handcrafted olive wood pepper & salt mill set,olive wood,37.44,1,1,152,40.29213157894736,1,0.3114754098360656,0.0707863147565836,1.0,1.0,olive wood,0.89,True,0.9338931458302442,0.7100095718291631,0.7701863109160701,Priorite haute
q-olive wood smooth cutting board large,olive wood,49.92,1,1,152,40.29213157894736,1,0.3114754098360656,0.2389515720516417,1.0,1.0,olive wood,0.94,True,0.807134049916132,0.7100095718291631,0.7700104013246589,Priorite haute
q-olive wood cup handmade,olive wood,28.08,1,1,152,40.29213157894736,1,0.3114754098360656,0.3030897298627525,1.0,1.0,olive wood,0.955,True,0.7674068616175225,0.7100095718291631,0.7697876824947979,Priorite haute
a-scrub,cosmetiques et soins,3.0,1,1,193,24.965803108808288,1,0.39549180327868855,0.8798355948430454,1.0,1.0,cosmetiques et soins,0.95,True,0.5319614134040769,0.748326254990232,0.7694597529941918,Priorite haute
q-handmade tunisian fiber and leather bag with black design,accessories,78.0,1,1,154,101.48167532467532,1,0.3155737704918033,0.23138832718479385,1.0,1.0,accessories,0.96,True,0.812091505111312,0.6752717159889291,0.7693782478072777,Priorite haute
q-fair-trade handmade hat with red flowers,accessories,78.0,1,1,154,101.48167532467532,1,0.3155737704918033,0.23138832718479385,1.0,1.0,accessories,0.96,True,0.812091505111312,0.6752717159889291,0.7693782478072777,Priorite haute
q-fair-trade handmade hat natural color,accessories,78.0,1,1,154,101.48167532467532,1,0.3155737704918033,0.23138832718479385,1.0,1.0,accessories,0.96,True,0.812091505111312,0.6752717159889291,0.7693782478072777,Priorite haute
q-rug black white diamond 90x180 cm,rugs & kilim,176.904,1,1,130,236.3099076923077,1,0.26639344262295084,0.25138982965652285,1.0,1.0,rugs & kilim,1.0,True,0.7991114969141763,0.6806343001261034,0.7693166982412285,Priorite haute
q-tajine handmade painted and decorated,handcrafted ceramics,76.44,1,1,262,31.49497709923664,1,0.5368852459016393,1.4270536324599863,1.0,1.0,handcrafted ceramics,0.845,True,0.4120222094088753,0.7973638311850832,0.769302036358232,Priorite haute
q-small olive wood cutting board,olive wood,21.84,1,1,152,40.29213157894736,1,0.3114754098360656,0.45795867326686507,1.0,1.0,olive wood,0.985,True,0.685890497677337,0.7100095718291631,0.7691360461007795,Priorite haute
q-olive wood round board with handle,olive wood,43.68,1,1,152,40.29213157894736,1,0.3114754098360656,0.08408262864752904,1.0,1.0,olive wood,0.89,True,0.9224389115501018,0.7100095718291631,0.7690408874880559,Priorite haute
a-barre de savon huile d'olive,cosmetiques et soins,15.0,1,1,193,24.965803108808288,1,0.39549180327868855,0.39917813443438066,1.0,1.0,cosmetiques et soins,0.875,True,0.7147052797564273,0.748326254990232,0.7689841396294268,Priorite haute
q-fiber and leather handmade pouch with brown design,accessories,68.64,1,1,154,101.48167532467532,1,0.3155737704918033,0.3236217267401391,1.0,1.0,accessories,0.98,True,0.7555028599166578,0.6752717159889291,0.7687193832878123,Priorite haute
a-barre de massage,cosmetiques et soins,5.5,1,1,193,24.965803108808288,1,0.39549180327868855,0.7796986239245736,1.0,1.0,cosmetiques et soins,0.935,True,0.5618928882435218,0.748326254990232,0.7687029004781363,Priorite haute
q-olive wood hedgehog toothpick holder,olive wood,18.72,1,1,152,40.29213157894736,1,0.3114754098360656,0.5353931449689213,1.0,1.0,olive wood,0.995,True,0.6512989870227938,0.7100095718291631,0.768176895035325,Priorite haute
q-salt & pepper olive wood shakers,olive wood,18.72,1,1,152,40.29213157894736,1,0.3114754098360656,0.5353931449689213,1.0,1.0,olive wood,0.995,True,0.6512989870227938,0.7100095718291631,0.768176895035325,Priorite haute
q-olive wood pizza rolling pin with ergonomic handles,olive wood,18.72,1,1,152,40.29213157894736,1,0.3114754098360656,0.5353931449689213,1.0,1.0,olive wood,0.995,True,0.6512989870227938,0.7100095718291631,0.768176895035325,Priorite haute
q-olive wood candle block : musk scented,olive wood,18.72,1,1,152,40.29213157894736,1,0.3114754098360656,0.5353931449689213,1.0,1.0,olive wood,0.995,True,0.6512989870227938,0.7100095718291631,0.768176895035325,Priorite haute
q-olive wood trivet – fish design handmade protector,olive wood,21.84,1,1,152,40.29213157894736,1,0.3114754098360656,0.45795867326686507,1.0,1.0,olive wood,0.98,True,0.685890497677337,0.7100095718291631,0.7678860461007795,Priorite haute
q-multi-colored geometric rug,rugs & kilim,218.4,1,1,130,236.3099076923077,1,0.26639344262295084,0.07578991414882927,1.0,1.0,rugs & kilim,0.94,True,0.9295495215636088,0.6806343001261034,0.7673605007061717,Priorite haute
q-pair of handcrafted olive wood cutting boards,olive wood,59.28,1,1,152,40.29213157894736,1,0.3114754098360656,0.47125498715781056,1.0,1.0,olive wood,0.98,True,0.6796918336581567,0.7100095718291631,0.7672661796988615,Priorite haute
q-handcarved olive wood salt cellar with magnetic lid,olive wood,18.72,1,1,152,40.29213157894736,1,0.3114754098360656,0.5353931449689213,1.0,1.0,olive wood,0.99,True,0.6512989870227938,0.7100095718291631,0.7669268950353251,Priorite haute
q-handmade olive wood mortar and pestle,olive wood,18.72,1,1,152,40.29213157894736,1,0.3114754098360656,0.5353931449689213,1.0,1.0,olive wood,0.99,True,0.6512989870227938,0.7100095718291631,0.7669268950353251,Priorite haute
q-rug white black stars,rugs & kilim,176.904,1,1,130,236.3099076923077,1,0.26639344262295084,0.25138982965652285,1.0,1.0,rugs & kilim,0.99,True,0.7991114969141763,0.6806343001261034,0.7668166982412284,Priorite haute
q-rug white grey stars,rugs & kilim,176.904,1,1,130,236.3099076923077,1,0.26639344262295084,0.25138982965652285,1.0,1.0,rugs & kilim,0.99,True,0.7991114969141763,0.6806343001261034,0.7668166982412284,Priorite haute
q-olive wood pen and paper holder,olive wood,21.84,1,1,152,40.29213157894736,1,0.3114754098360656,0.45795867326686507,1.0,1.0,olive wood,0.975,True,0.685890497677337,0.7100095718291631,0.7666360461007794,Priorite haute
q-wool handmade rug textile wall art,rugs & kilim,296.4,1,1,130,236.3099076923077,1,0.26639344262295084,0.25428511500097045,1.0,1.0,rugs & kilim,0.99,True,0.7972668957322565,0.6806343001261034,0.7666322381230364,Priorite haute
q-framed handmade wool rug wall decoration,rugs & kilim,296.4,1,1,130,236.3099076923077,1,0.26639344262295084,0.25428511500097045,1.0,1.0,rugs & kilim,0.99,True,0.7972668957322565,0.6806343001261034,0.7666322381230364,Priorite haute
q-handcrafted olive wood scissors,olive wood,15.6,1,1,152,40.29213157894736,1,0.3114754098360656,0.6128276166709776,1.0,1.0,olive wood,1.0,True,0.6200290655141996,0.7100095718291631,0.7662999028844657,Priorite haute
q-handcrafted heart-shaped candle holder olive wood,olive wood,15.6,1,1,152,40.29213157894736,1,0.3114754098360656,0.6128276166709776,1.0,1.0,olive wood,1.0,True,0.6200290655141996,0.7100095718291631,0.7662999028844657,Priorite haute
q-handcrafted pear-shaped candle holder olive wood,olive wood,15.6,1,1,152,40.29213157894736,1,0.3114754098360656,0.6128276166709776,1.0,1.0,olive wood,1.0,True,0.6200290655141996,0.7100095718291631,0.7662999028844657,Priorite haute
a-coffret beauté,cosmetiques et soins,50.0,1,1,193,24.965803108808288,1,0.39549180327868855,1.0027394584242248,1.0,1.0,cosmetiques et soins,0.95,True,0.4993160721898443,0.748326254990232,0.7661952188727685,Priorite haute
a-crème trésor d'abeille,cosmetiques et soins,40.0,1,1,193,24.965803108808288,1,0.39549180327868855,0.6021915747503376,1.0,1.0,cosmetiques et soins,0.9,True,0.6241450871165801,0.748326254990232,0.7661781203654421,Priorite haute
q-olive wood cutting board made in tunisia,olive wood,28.08,1,1,152,40.29213157894736,1,0.3114754098360656,0.3030897298627525,1.0,1.0,olive wood,0.94,True,0.7674068616175225,0.7100095718291631,0.766037682494798,Priorite haute
q-olive wood serving ladle,olive wood,28.08,1,1,152,40.29213157894736,1,0.3114754098360656,0.3030897298627525,1.0,1.0,olive wood,0.94,True,0.7674068616175225,0.7100095718291631,0.766037682494798,Priorite haute
a-petit savon miel,cosmetiques et soins,1.0,1,1,193,24.965803108808288,1,0.39549180327868855,0.9599451715778229,1.0,1.0,cosmetiques et soins,0.945,True,0.5102183543200679,0.748326254990232,0.7660354470857909,Priorite haute
a-masque hibiscus,cosmetiques et soins,48.0,1,1,193,24.965803108808288,1,0.39549180327868855,0.9226298816894474,1.0,1.0,cosmetiques et soins,0.94,True,0.5201209080976538,0.748326254990232,0.7657757024635494,Priorite haute
q-round olive wood trivet – under dish protector,olive wood,18.72,1,1,152,40.29213157894736,1,0.3114754098360656,0.5353931449689213,1.0,1.0,olive wood,0.985,True,0.6512989870227938,0.7100095718291631,0.7656768950353251,Priorite haute
q-handcrafted olive wood salt and pepper shakers,olive wood,18.72,1,1,152,40.29213157894736,1,0.3114754098360656,0.5353931449689213,1.0,1.0,olive wood,0.985,True,0.6512989870227938,0.7100095718291631,0.7656768950353251,Priorite haute
q-rug grey white small diamond,rugs & kilim,176.904,1,1,130,236.3099076923077,1,0.26639344262295084,0.25138982965652285,1.0,1.0,rugs & kilim,0.985,True,0.7991114969141763,0.6806343001261034,0.7655666982412285,Priorite haute
q-olive wood spatula – handmade cooking utensil from tunisia,olive wood,21.84,1,1,152,40.29213157894736,1,0.3114754098360656,0.45795867326686507,1.0,1.0,olive wood,0.97,True,0.685890497677337,0.7100095718291631,0.7653860461007794,Priorite haute
q-handmade olive wood salad spoon,olive wood,17.16,1,1,152,40.29213157894736,1,0.3114754098360656,0.5741103808199495,1.0,1.0,olive wood,0.99,True,0.6352794646326536,0.7100095718291631,0.765324942796311,Priorite haute
q-olive wood cup,olive wood,15.6,1,1,152,40.29213157894736,1,0.3114754098360656,0.6128276166709776,1.0,1.0,olive wood,0.995,True,0.6200290655141996,0.7100095718291631,0.7650499028844656,Priorite haute
q-handcrafted olive wood fatma hand,olive wood,15.6,1,1,152,40.29213157894736,1,0.3114754098360656,0.6128276166709776,1.0,1.0,olive wood,0.995,True,0.6200290655141996,0.7100095718291631,0.7650499028844656,Priorite haute
q-olive wood candle holders 8/5cm,olive wood,15.6,1,1,152,40.29213157894736,1,0.3114754098360656,0.6128276166709776,1.0,1.0,olive wood,0.995,True,0.6200290655141996,0.7100095718291631,0.7650499028844656,Priorite haute
q-olive wood spice jar with lid,olive wood,18.72,1,1,152,40.29213157894736,1,0.3114754098360656,0.5353931449689213,1.0,1.0,olive wood,0.98,True,0.6512989870227938,0.7100095718291631,0.7644268950353251,Priorite haute
q-handmade tunisian fiber and leather bag with green design,accessories,78.0,1,1,154,101.48167532467532,1,0.3155737704918033,0.23138832718479385,1.0,1.0,accessories,0.94,True,0.812091505111312,0.6752717159889291,0.7643782478072777,Priorite haute
q-rug ivory brown diamond,rugs & kilim,176.904,1,1,130,236.3099076923077,1,0.26639344262295084,0.25138982965652285,1.0,1.0,rugs & kilim,0.98,True,0.7991114969141763,0.6806343001261034,0.7643166982412285,Priorite haute
q-rug black white stars 90x180 cm etandart handmade,rugs & kilim,176.904,1,1,130,236.3099076923077,1,0.26639344262295084,0.25138982965652285,1.0,1.0,rugs & kilim,0.98,True,0.7991114969141763,0.6806343001261034,0.7643166982412285,Priorite haute
q-rug black white checkered 90x180 cm etandart handmade,rugs & kilim,176.904,1,1,130,236.3099076923077,1,0.26639344262295084,0.25138982965652285,1.0,1.0,rugs & kilim,0.98,True,0.7991114969141763,0.6806343001261034,0.7643166982412285,Priorite haute
a-crème anti-âge,cosmetiques et soins,58.0,1,1,193,24.965803108808288,1,0.39549180327868855,1.3231777653633348,1.0,1.0,cosmetiques et soins,0.97,True,0.4304448910062655,0.748326254990232,0.7643081007544106,Priorite haute
q-tajine – flowers,handcrafted ceramics,76.44,1,1,262,31.49497709923664,1,0.5368852459016393,1.4270536324599863,1.0,1.0,handcrafted ceramics,0.825,True,0.4120222094088753,0.7973638311850832,0.764302036358232,Priorite haute
a-savons naturels arb3ine,cosmetiques et soins,2.8,1,1,193,24.965803108808288,1,0.39549180327868855,0.8878465525165231,1.0,1.0,cosmetiques et soins,0.93,True,0.5297040687268716,0.748326254990232,0.7642340185264713,Priorite haute
q-olive wood large spoons set of four,olive wood,24.96,1,1,152,40.29213157894736,1,0.3114754098360656,0.3805242015648087,1.0,1.0,olive wood,0.95,True,0.7243625275576562,0.7100095718291631,0.7642332490888113,Priorite haute
q-green handmade carpet with geometric shapes,rugs & kilim,305.76,1,1,130,236.3099076923077,1,0.26639344262295084,0.2938941184989465,1.0,1.0,rugs & kilim,0.99,True,0.7728607663508861,0.6806343001261034,0.7641916251848994,Priorite haute
q-colorful handmade rug,rugs & kilim,305.76,1,1,130,236.3099076923077,1,0.26639344262295084,0.2938941184989465,1.0,1.0,rugs & kilim,0.99,True,0.7728607663508861,0.6806343001261034,0.7641916251848994,Priorite haute
q-natural olive wood cutting board,olive wood,21.84,1,1,152,40.29213157894736,1,0.3114754098360656,0.45795867326686507,1.0,1.0,olive wood,0.965,True,0.685890497677337,0.7100095718291631,0.7641360461007795,Priorite haute
q-diamond rug with high pile pattern,rugs & kilim,312.0,1,1,130,236.3099076923077,1,0.26639344262295084,0.3203001208309305,1.0,1.0,rugs & kilim,0.995,True,0.7574035510734106,0.6806343001261034,0.763895903657152,Priorite haute
q-multicolored bone line pattern rug,rugs & kilim,312.0,1,1,130,236.3099076923077,1,0.26639344262295084,0.3203001208309305,1.0,1.0,rugs & kilim,0.995,True,0.7574035510734106,0.6806343001261034,0.763895903657152,Priorite haute
q-triangle pattern rug,rugs & kilim,312.0,1,1,130,236.3099076923077,1,0.26639344262295084,0.3203001208309305,1.0,1.0,rugs & kilim,0.995,True,0.7574035510734106,0.6806343001261034,0.763895903657152,Priorite haute
q-natural olive wood cutting board – tunisian handicraft,olive wood,15.6,1,1,152,40.29213157894736,1,0.3114754098360656,0.6128276166709776,1.0,1.0,olive wood,0.99,True,0.6200290655141996,0.7100095718291631,0.7637999028844656,Priorite haute
q-handcrafted fish-shaped candle holder olive wood,olive wood,15.6,1,1,152,40.29213157894736,1,0.3114754098360656,0.6128276166709776,1.0,1.0,olive wood,0.99,True,0.6200290655141996,0.7100095718291631,0.7637999028844656,Priorite haute
q-tunisian handmade olive wood appetizer plate,olive wood,15.6,1,1,152,40.29213157894736,1,0.3114754098360656,0.6128276166709776,1.0,1.0,olive wood,0.99,True,0.6200290655141996,0.7100095718291631,0.7637999028844656,Priorite haute
q-traditional palm fiber bag with red design,accessories,84.24,1,1,154,101.48167532467532,1,0.3155737704918033,0.16989939414789706,1.0,1.0,accessories,0.92,True,0.8547743549592619,0.6752717159889291,0.7636465327920727,Priorite haute
q-olive wood crepe turner / scraper / spatula,olive wood,12.48,1,1,152,40.29213157894736,1,0.3114754098360656,0.6902620883730339,1.0,1.0,olive wood,1.0,True,0.5916242261355767,0.7100095718291631,0.7634594189466034,Priorite haute
q-olive wood cake server spatula,olive wood,12.48,1,1,152,40.29213157894736,1,0.3114754098360656,0.6902620883730339,1.0,1.0,olive wood,1.0,True,0.5916242261355767,0.7100095718291631,0.7634594189466034,Priorite haute
q-mandmade olive wood honey pot,olive wood,18.72,1,1,152,40.29213157894736,1,0.3114754098360656,0.5353931449689213,1.0,1.0,olive wood,0.975,True,0.6512989870227938,0.7100095718291631,0.763176895035325,Priorite haute
q-handmade olive wood rectangle dish,olive wood,18.72,1,1,152,40.29213157894736,1,0.3114754098360656,0.5353931449689213,1.0,1.0,olive wood,0.975,True,0.6512989870227938,0.7100095718291631,0.763176895035325,Priorite haute
q-olive wood medium heart shaped serving or decor plate gift,olive wood,18.72,1,1,152,40.29213157894736,1,0.3114754098360656,0.5353931449689213,1.0,1.0,olive wood,0.975,True,0.6512989870227938,0.7100095718291631,0.763176895035325,Priorite haute
q-handmade white rug with colorful patterns,rugs & kilim,305.76,1,1,130,236.3099076923077,1,0.26639344262295084,0.2938941184989465,1.0,1.0,rugs & kilim,0.985,True,0.7728607663508861,0.6806343001261034,0.7629416251848994,Priorite haute
q-handmade decorated carpet with geometric shapes,rugs & kilim,249.6,1,1,130,236.3099076923077,1,0.26639344262295084,0.05624009751109062,1.0,1.0,rugs & kilim,0.915,True,0.9467544380831461,0.6806343001261034,0.7628309923581255,Priorite haute
q-undyed white wool diamond rug,rugs & kilim,312.0,1,1,130,236.3099076923077,1,0.26639344262295084,0.3203001208309305,1.0,1.0,rugs & kilim,0.99,True,0.7574035510734106,0.6806343001261034,0.7626459036571518,Priorite haute
q-olive wood tray high quality eco friendly serving dish,olive wood,15.6,1,1,152,40.29213157894736,1,0.3114754098360656,0.6128276166709776,1.0,1.0,olive wood,0.985,True,0.6200290655141996,0.7100095718291631,0.7625499028844657,Priorite haute
q-handmade decorated tepsi dish,handcrafted ceramics,78.0,1,1,262,31.49497709923664,1,0.5368852459016393,1.4765853385969026,1.0,1.0,handcrafted ceramics,0.82,True,0.4037817653263445,0.7973638311850832,0.7622279919499789,Priorite haute
q-olive wood meat tenderizer,olive wood,12.48,1,1,152,40.29213157894736,1,0.3114754098360656,0.6902620883730339,1.0,1.0,olive wood,0.995,True,0.5916242261355767,0.7100095718291631,0.7622094189466033,Priorite haute
q-artisan tepsi: tray and wall decor,handcrafted ceramics,54.6,1,1,262,31.49497709923664,1,0.5368852459016393,0.7336097465431599,1.0,1.0,handcrafted ceramics,0.75,True,0.5768310901539477,0.7973638311850832,0.7620329244327393,Priorite haute
q-olive wood hot and cold drinking cup / mug,olive wood,18.72,1,1,152,40.29213157894736,1,0.3114754098360656,0.5353931449689213,1.0,1.0,olive wood,0.97,True,0.6512989870227938,0.7100095718291631,0.7619268950353251,Priorite haute
q-rug ivory golden diamond etandart handmade,rugs & kilim,176.904,1,1,130,236.3099076923077,1,0.26639344262295084,0.25138982965652285,1.0,1.0,rugs & kilim,0.97,True,0.7991114969141763,0.6806343001261034,0.7618166982412284,Priorite haute
q-handmade tunisian white rug with lines,rugs & kilim,305.76,1,1,130,236.3099076923077,1,0.26639344262295084,0.2938941184989465,1.0,1.0,rugs & kilim,0.98,True,0.7728607663508861,0.6806343001261034,0.7616916251848994,Priorite haute
q-modern handmade white rug with black shapes,rugs & kilim,305.76,1,1,130,236.3099076923077,1,0.26639344262295084,0.2938941184989465,1.0,1.0,rugs & kilim,0.98,True,0.7728607663508861,0.6806343001261034,0.7616916251848994,Priorite haute
q-handmade decorated kairaoun carpet,rugs & kilim,305.76,1,1,130,236.3099076923077,1,0.26639344262295084,0.2938941184989465,1.0,1.0,rugs & kilim,0.98,True,0.7728607663508861,0.6806343001261034,0.7616916251848994,Priorite haute
q-handmade decorated carpet,rugs & kilim,305.76,1,1,130,236.3099076923077,1,0.26639344262295084,0.2938941184989465,1.0,1.0,rugs & kilim,0.98,True,0.7728607663508861,0.6806343001261034,0.7616916251848994,Priorite haute
q-floral handmade tunisian kairouan carpet,rugs & kilim,305.76,1,1,130,236.3099076923077,1,0.26639344262295084,0.2938941184989465,1.0,1.0,rugs & kilim,0.98,True,0.7728607663508861,0.6806343001261034,0.7616916251848994,Priorite haute
q-handcrafted olive wood serving tray rustic elegance,olive wood,21.84,1,1,152,40.29213157894736,1,0.3114754098360656,0.45795867326686507,1.0,1.0,olive wood,0.955,True,0.685890497677337,0.7100095718291631,0.7616360461007794,Priorite haute
q-blue amazigh berber pattern white base rug,rugs & kilim,156.0,1,1,130,236.3099076923077,1,0.26639344262295084,0.33984993746866915,1.0,1.0,rugs & kilim,0.99,True,0.746352238437436,0.6806343001261034,0.7615407723935543,Priorite haute
q-brown amazigh berber pattern grey base rug,rugs & kilim,156.0,1,1,130,236.3099076923077,1,0.26639344262295084,0.33984993746866915,1.0,1.0,rugs & kilim,0.99,True,0.746352238437436,0.6806343001261034,0.7615407723935543,Priorite haute
q-olive wood rectangle board with handle,olive wood,37.44,1,1,152,40.29213157894736,1,0.3114754098360656,0.0707863147565836,1.0,1.0,olive wood,0.855,True,0.9338931458302442,0.7100095718291631,0.7614363109160702,Priorite haute
q-handmade olive wood spoon t33,olive wood,12.48,1,1,152,40.29213157894736,1,0.3114754098360656,0.6902620883730339,1.0,1.0,olive wood,0.99,True,0.5916242261355767,0.7100095718291631,0.7609594189466033,Priorite haute
q-olive wood basic spatula,olive wood,9.36,1,1,152,40.29213157894736,1,0.3114754098360656,0.7676965600750902,1.0,1.0,olive wood,1.0,True,0.5657079515714625,0.7100095718291631,0.760867791490192,Priorite haute
q-olive wood slotted stirring server spatula,olive wood,9.36,1,1,152,40.29213157894736,1,0.3114754098360656,0.7676965600750902,1.0,1.0,olive wood,1.0,True,0.5657079515714625,0.7100095718291631,0.760867791490192,Priorite haute
q-handcrafted olive wood honey dipper stick,olive wood,9.36,1,1,152,40.29213157894736,1,0.3114754098360656,0.7676965600750902,1.0,1.0,olive wood,1.0,True,0.5657079515714625,0.7100095718291631,0.760867791490192,Priorite haute
q-olive wood comb,olive wood,9.36,1,1,152,40.29213157894736,1,0.3114754098360656,0.7676965600750902,1.0,1.0,olive wood,1.0,True,0.5657079515714625,0.7100095718291631,0.760867791490192,Priorite haute
q-olive wood medium crepe spreader stick,olive wood,9.36,1,1,152,40.29213157894736,1,0.3114754098360656,0.7676965600750902,1.0,1.0,olive wood,1.0,True,0.5657079515714625,0.7100095718291631,0.760867791490192,Priorite haute
q-rug ivory etandart handmade,rugs & kilim,176.904,1,1,130,236.3099076923077,1,0.26639344262295084,0.25138982965652285,1.0,1.0,rugs & kilim,0.965,True,0.7991114969141763,0.6806343001261034,0.7605666982412285,Priorite haute
q-amazigh berber handmade rug,rugs & kilim,305.76,1,1,130,236.3099076923077,1,0.26639344262295084,0.2938941184989465,1.0,1.0,rugs & kilim,0.975,True,0.7728607663508861,0.6806343001261034,0.7604416251848994,Priorite haute
q-olive wood small spoon,olive wood,15.6,1,1,152,40.29213157894736,1,0.3114754098360656,0.6128276166709776,1.0,1.0,olive wood,0.975,True,0.6200290655141996,0.7100095718291631,0.7600499028844656,Priorite haute
q-handcrafted olive wood cooking spoon,olive wood,15.6,1,1,152,40.29213157894736,1,0.3114754098360656,0.6128276166709776,1.0,1.0,olive wood,0.975,True,0.6200290655141996,0.7100095718291631,0.7600499028844656,Priorite haute
q-olive wood small citrus reamer / juicer,olive wood,14.04,1,1,152,40.29213157894736,1,0.3114754098360656,0.6515448525220058,1.0,1.0,olive wood,0.98,True,0.6054936978992375,0.7100095718291631,0.7598463661229695,Priorite haute
q-high pile white & grey diamond rug,rugs & kilim,159.12,1,1,130,236.3099076923077,1,0.26639344262295084,0.32664693630267716,1.0,1.0,rugs & kilim,0.98,True,0.7537800545388272,0.6806343001261034,0.7597835540036936,Priorite haute
q-handmade olive wood spoon t26,olive wood,10.92,1,1,152,40.29213157894736,1,0.3114754098360656,0.7289793242240621,1.0,1.0,olive wood,0.99,True,0.5783759157726098,0.7100095718291631,0.7596345879103067,Priorite haute
q-handmade olive wood spoon t25,olive wood,9.36,1,1,152,40.29213157894736,1,0.3114754098360656,0.7676965600750902,1.0,1.0,olive wood,0.995,True,0.5657079515714625,0.7100095718291631,0.7596177914901919,Priorite haute
q-handmade tunisian dinnerware set traditional craftsmanship,handcrafted ceramics,156.0,1,1,262,31.49497709923664,1,0.5368852459016393,3.9531706454427114,1.0,1.0,handcrafted ceramics,0.89,True,0.2018908839573446,0.7973638311850832,0.759538903813079,Priorite haute
q-handmade tunsian fiber and leather small pouch,accessories,37.44,1,1,154,101.48167532467532,1,0.3155737704918033,0.6310663919246233,1.0,1.0,accessories,1.0,True,0.6130958279509526,0.6752717159889291,0.7594786800912418,Priorite haute
q-olive wood salad spoons,olive wood,18.72,1,1,152,40.29213157894736,1,0.3114754098360656,0.5353931449689213,1.0,1.0,olive wood,0.96,True,0.6512989870227938,0.7100095718291631,0.7594268950353251,Priorite haute
q-traditional handmade floral framed carpet,rugs & kilim,305.76,1,1,130,236.3099076923077,1,0.26639344262295084,0.2938941184989465,1.0,1.0,rugs & kilim,0.97,True,0.7728607663508861,0.6806343001261034,0.7591916251848994,Priorite haute
q-green handmade rug – tunisian artisan carpet,rugs & kilim,249.6,1,1,130,236.3099076923077,1,0.26639344262295084,0.05624009751109062,1.0,1.0,rugs & kilim,0.9,True,0.9467544380831461,0.6806343001261034,0.7590809923581254,Priorite haute
q-handmade tunisian dinnerware set traditional serdine design,handcrafted ceramics,374.4,1,1,262,31.49497709923664,1,0.5368852459016393,10.887609504610975,1.0,1.0,handcrafted ceramics,0.935,True,0.08412120196344935,0.7973638311850832,0.7590119356136895,Priorite haute
q-handcrafted slotted olive wood spoon,olive wood,15.6,1,1,152,40.29213157894736,1,0.3114754098360656,0.6128276166709776,1.0,1.0,olive wood,0.97,True,0.6200290655141996,0.7100095718291631,0.7587999028844656,Priorite haute
q-large olive wood serving dish – handmade in tunisia,olive wood,49.92,1,1,152,40.29213157894736,1,0.3114754098360656,0.2389515720516417,1.0,1.0,olive wood,0.895,True,0.807134049916132,0.7100095718291631,0.7587604013246589,Priorite haute
q-tunisian handicrafts kilim berber style with line red,rugs & kilim,218.4,1,1,130,236.3099076923077,1,0.26639344262295084,0.07578991414882927,1.0,1.0,rugs & kilim,0.905,True,0.9295495215636088,0.6806343001261034,0.7586105007061716,Priorite haute
q-handcrafted olive wood chopsticks,olive wood,7.8,1,1,152,40.29213157894736,1,0.3114754098360656,0.8064137959261185,1.0,1.0,olive wood,0.995,True,0.553583017498666,0.7100095718291631,0.7584052980829122,Priorite haute
q-fiber and leather handmade pouch with red color,accessories,37.44,1,1,154,101.48167532467532,1,0.3155737704918033,0.6310663919246233,1.0,1.0,accessories,0.995,True,0.6130958279509526,0.6752717159889291,0.7582286800912417,Priorite haute
q-handmade small olive wood spoon,olive wood,18.72,1,1,152,40.29213157894736,1,0.3114754098360656,0.5353931449689213,1.0,1.0,olive wood,0.955,True,0.6512989870227938,0.7100095718291631,0.758176895035325,Priorite haute
q-tajine – lara,handcrafted ceramics,76.44,1,1,262,31.49497709923664,1,0.5368852459016393,1.4270536324599863,1.0,1.0,handcrafted ceramics,0.8,True,0.4120222094088753,0.7973638311850832,0.758052036358232,Priorite haute
a-crème visage,cosmetiques et soins,46.0,1,1,193,24.965803108808288,1,0.39549180327868855,0.84252030495467,1.0,1.0,cosmetiques et soins,0.9,True,0.5427348601320311,0.748326254990232,0.7580370976669872,Priorite haute
q-olive wood rustic irregular board,olive wood,24.96,1,1,152,40.29213157894736,1,0.3114754098360656,0.3805242015648087,1.0,1.0,olive wood,0.925,True,0.7243625275576562,0.7100095718291631,0.7579832490888113,Priorite haute
q-berber geometric kilim rug,rugs & kilim,243.36,1,1,130,236.3099076923077,1,0.26639344262295084,0.029834095179106714,1.0,1.0,rugs & kilim,0.885,True,0.9710301928060383,0.6806343001261034,0.7577585678304146,Priorite haute
a-crème hydratante,cosmetiques et soins,80.0,1,1,193,24.965803108808288,1,0.39549180327868855,2.2043831094458866,1.0,1.0,cosmetiques et soins,0.99,True,0.31207254745919677,0.748326254990232,0.7574708663997037,Priorite haute
q-olive wood smooth cutting board large rounded,olive wood,56.16,1,1,152,40.29213157894736,1,0.3114754098360656,0.39382051545575414,1.0,1.0,olive wood,0.925,True,0.7174524904112335,0.7100095718291631,0.7572922453741691,Priorite haute
q-handmade tunsian fiber and leather pouch with brown color,accessories,31.2,1,1,154,101.48167532467532,1,0.3155737704918033,0.6925553249615202,1.0,1.0,accessories,1.0,True,0.5908226367860293,0.6752717159889291,0.7572513609747494,Priorite haute
q-olive wood clamp – tunisian craftsmanship,olive wood,9.36,1,1,152,40.29213157894736,1,0.3114754098360656,0.7676965600750902,1.0,1.0,olive wood,0.985,True,0.5657079515714625,0.7100095718291631,0.757117791490192,Priorite haute
q-olive wood candle holders 6/5 cm,olive wood,9.36,1,1,152,40.29213157894736,1,0.3114754098360656,0.7676965600750902,1.0,1.0,olive wood,0.985,True,0.5657079515714625,0.7100095718291631,0.757117791490192,Priorite haute
a-kit soins cheveux,cosmetiques et soins,75.0,1,1,193,24.965803108808288,1,0.39549180327868855,2.0041091676089433,1.0,1.0,cosmetiques et soins,0.98,True,0.3328773836790787,0.748326254990232,0.757051350021692,Priorite haute
q-olive wood medium serving ladle,olive wood,18.72,1,1,152,40.29213157894736,1,0.3114754098360656,0.5353931449689213,1.0,1.0,olive wood,0.95,True,0.6512989870227938,0.7100095718291631,0.7569268950353251,Priorite haute
q-handmade tunsian fiber and leather pouch with brown hand,accessories,46.8,1,1,154,101.48167532467532,1,0.3155737704918033,0.5388329923692781,1.0,1.0,accessories,0.975,True,0.6498430986070431,0.6752717159889291,0.7569034071568508,Priorite haute
q-rug white sky blue diamond 90x180 cm etandart handmade,rugs & kilim,176.904,1,1,130,236.3099076923077,1,0.26639344262295084,0.25138982965652285,1.0,1.0,rugs & kilim,0.95,True,0.7991114969141763,0.6806343001261034,0.7568166982412284,Priorite haute
a-kit peaux acnéiques,cosmetiques et soins,82.0,1,1,193,24.965803108808288,1,0.39549180327868855,2.284492686180664,1.0,1.0,cosmetiques et soins,0.99,True,0.30446102200423497,0.748326254990232,0.7567097138542076,Priorite haute
q-handmade white kilim with black rhombuses,rugs & kilim,305.76,1,1,130,236.3099076923077,1,0.26639344262295084,0.2938941184989465,1.0,1.0,rugs & kilim,0.96,True,0.7728607663508861,0.6806343001261034,0.7566916251848994,Priorite haute
q-multicolor amazigh berber pattern white base rug,rugs & kilim,327.6,1,1,130,236.3099076923077,1,0.26639344262295084,0.3863151266608906,1.0,1.0,rugs & kilim,0.98,True,0.7213367154181043,0.6806343001261034,0.7565392200916212,Priorite haute
q-large tunisian handmade couffin with blanket,accessories,118.56,1,1,154,101.48167532467532,1,0.3155737704918033,0.1682897375550356,1.0,1.0,accessories,0.89,True,0.8559520535486105,0.6752717159889291,0.7562643026510075,Priorite haute
a-soin lifting,cosmetiques et soins,80.0,1,1,193,24.965803108808288,1,0.39549180327868855,2.2043831094458866,1.0,1.0,cosmetiques et soins,0.985,True,0.31207254745919677,0.748326254990232,0.7562208663997038,Priorite haute
q-small traditional palm fiber bag with red design,accessories,56.16,1,1,154,101.48167532467532,1,0.3155737704918033,0.44659959281393286,1.0,1.0,accessories,0.955,True,0.6912762902516756,0.6752717159889291,0.756046726321314,Priorite haute
q-multicolor floral medaillon white base rug,rugs & kilim,343.2,1,1,130,236.3099076923077,1,0.26639344262295084,0.4523301324908504,1.0,1.0,rugs & kilim,0.99,True,0.6885486829946358,0.6806343001261034,0.7557604168492744,Priorite haute
q-tunisian handmade table & chair with vegetal fiber,accessories,37.44,1,1,154,101.48167532467532,1,0.3155737704918033,0.6310663919246233,1.0,1.0,accessories,0.985,True,0.6130958279509526,0.6752717159889291,0.7557286800912417,Priorite haute
q-fair trade handmade hat,accessories,46.8,1,1,154,101.48167532467532,1,0.3155737704918033,0.5388329923692781,1.0,1.0,accessories,0.97,True,0.6498430986070431,0.6752717159889291,0.7556534071568508,Priorite haute
a-serum anti-âge,cosmetiques et soins,60.0,1,1,193,24.965803108808288,1,0.39549180327868855,1.4032873420981122,1.0,1.0,cosmetiques et soins,0.94,True,0.41609672821185933,0.748326254990232,0.7553732844749701,Priorite haute
q-floral ornament rug,rugs & kilim,352.56,1,1,130,236.3099076923077,1,0.26639344262295084,0.49193913598882644,1.0,1.0,rugs & kilim,0.995,True,0.6702686295156542,0.6806343001261034,0.7551824115013763,Priorite haute
q-tan and red medaillon floral rug,rugs & kilim,312.0,1,1,130,236.3099076923077,1,0.26639344262295084,0.3203001208309305,1.0,1.0,rugs & kilim,0.96,True,0.7574035510734106,0.6806343001261034,0.755145903657152,Priorite haute
q-high pile black and white diamond rug,rugs & kilim,312.0,1,1,130,236.3099076923077,1,0.26639344262295084,0.3203001208309305,1.0,1.0,rugs & kilim,0.96,True,0.7574035510734106,0.6806343001261034,0.755145903657152,Priorite haute
q-handmade tunsian fiber bag with brown hand,accessories,68.64,1,1,154,101.48167532467532,1,0.3155737704918033,0.3236217267401391,1.0,1.0,accessories,0.925,True,0.7555028599166578,0.6752717159889291,0.7549693832878123,Priorite haute
a-coffret naissance,cosmetiques et soins,40.0,1,1,193,24.965803108808288,1,0.39549180327868855,0.6021915747503376,1.0,1.0,cosmetiques et soins,0.855,True,0.6241450871165801,0.748326254990232,0.7549281203654421,Priorite haute
q-multicolor floral pattern white base rug,rugs & kilim,318.24,1,1,130,236.3099076923077,1,0.26639344262295084,0.34670612316291455,1.0,1.0,rugs & kilim,0.965,True,0.7425525010990296,0.6806343001261034,0.7549107986597138,Priorite haute
q-handmade tunsian fiber and leather pouch,accessories,31.2,1,1,154,101.48167532467532,1,0.3155737704918033,0.6925553249615202,1.0,1.0,accessories,0.99,True,0.5908226367860293,0.6752717159889291,0.7547513609747494,Priorite haute
q-appetizer dish with arabic patterns,handcrafted ceramics,21.84,1,1,262,31.49497709923664,1,0.5368852459016393,0.30655608233207987,1.0,1.0,handcrafted ceramics,0.645,True,0.7653708964525227,0.7973638311850832,0.7546369050625968,Priorite haute
q-set of ceramics handmade and olive wood bowl,olive wood,18.72,1,1,152,40.29213157894736,1,0.3114754098360656,0.5353931449689213,1.0,1.0,olive wood,0.94,True,0.6512989870227938,0.7100095718291631,0.7544268950353251,Priorite haute
q-duo bowl ceramics handmade and olive wood bowl,olive wood,18.72,1,1,152,40.29213157894736,1,0.3114754098360656,0.5353931449689213,1.0,1.0,olive wood,0.94,True,0.6512989870227938,0.7100095718291631,0.7544268950353251,Priorite haute
q-rug white golden diamond handmade tunisia,rugs & kilim,176.904,1,1,130,236.3099076923077,1,0.26639344262295084,0.25138982965652285,1.0,1.0,rugs & kilim,0.94,True,0.7991114969141763,0.6806343001261034,0.7543166982412285,Priorite haute
q-traditional floral handmade tunisian carpet,rugs & kilim,305.76,1,1,130,236.3099076923077,1,0.26639344262295084,0.2938941184989465,1.0,1.0,rugs & kilim,0.95,True,0.7728607663508861,0.6806343001261034,0.7541916251848994,Priorite haute
q-traditional decorated handmade carpet,rugs & kilim,305.76,1,1,130,236.3099076923077,1,0.26639344262295084,0.2938941184989465,1.0,1.0,rugs & kilim,0.95,True,0.7728607663508861,0.6806343001261034,0.7541916251848994,Priorite haute
q-handmade white kilim with black lines,rugs & kilim,305.76,1,1,130,236.3099076923077,1,0.26639344262295084,0.2938941184989465,1.0,1.0,rugs & kilim,0.95,True,0.7728607663508861,0.6806343001261034,0.7541916251848994,Priorite haute
a-coffret organica,cosmetiques et soins,60.0,1,1,193,24.965803108808288,1,0.39549180327868855,1.4032873420981122,1.0,1.0,cosmetiques et soins,0.935,True,0.41609672821185933,0.748326254990232,0.7541232844749701,Priorite haute
q-dark blue halfa rug with orange stripes,rugs & kilim,156.0,1,1,130,236.3099076923077,1,0.26639344262295084,0.33984993746866915,1.0,1.0,rugs & kilim,0.96,True,0.746352238437436,0.6806343001261034,0.7540407723935545,Priorite haute
a-eau de parfum,cosmetiques et soins,39.0,1,1,193,24.965803108808288,1,0.39549180327868855,0.5621367863829488,1.0,1.0,cosmetiques et soins,0.845,True,0.6401488068887047,0.748326254990232,0.7540284923426546,Priorite haute
q-black geometric flower pattern purple base rug,rugs & kilim,340.08,1,1,130,236.3099076923077,1,0.26639344262295084,0.4391271313248584,1.0,1.0,rugs & kilim,0.98,True,0.6948656433705072,0.6806343001261034,0.7538921128868615,Priorite haute
a-masque hydra,cosmetiques et soins,65.0,1,1,193,24.965803108808288,1,0.39549180327868855,1.603561283935056,1.0,1.0,cosmetiques et soins,0.945,True,0.3840892880726,0.748326254990232,0.7534225404610441,Priorite haute
a-soin complet cheveux,cosmetiques et soins,68.0,1,1,193,24.965803108808288,1,0.39549180327868855,1.723725649037222,1.0,1.0,cosmetiques et soins,0.95,True,0.3671441726715311,0.748326254990232,0.7529780289209371,Priorite haute
q-purple halfa rug with golden stripes,rugs & kilim,156.0,1,1,130,236.3099076923077,1,0.26639344262295084,0.33984993746866915,1.0,1.0,rugs & kilim,0.955,True,0.746352238437436,0.6806343001261034,0.7527907723935545,Priorite haute
q-fiber and leather handmade pouch with brown color,accessories,24.96,1,1,154,101.48167532467532,1,0.3155737704918033,0.754044257998417,1.0,1.0,accessories,0.99,True,0.5701110422043311,0.6752717159889291,0.7526802015165796,Priorite haute
a-parfum,cosmetiques et soins,50.0,1,1,193,24.965803108808288,1,0.39549180327868855,1.0027394584242248,1.0,1.0,cosmetiques et soins,0.895,True,0.4993160721898443,0.748326254990232,0.7524452188727686,Priorite haute
a-lot soins kératine,cosmetiques et soins,95.8,1,1,193,24.965803108808288,1,0.39549180327868855,2.8372487656506284,1.0,1.0,cosmetiques et soins,0.99,True,0.2606033804614291,0.748326254990232,0.752323949699927,Priorite haute
q-olive wood soft oval spoon,olive wood,9.36,1,1,152,40.29213157894736,1,0.3114754098360656,0.7676965600750902,1.0,1.0,olive wood,0.965,True,0.5657079515714625,0.7100095718291631,0.752117791490192,Priorite haute
q-handmade tepsi tray & wall decor,handcrafted ceramics,54.6,1,1,262,31.49497709923664,1,0.5368852459016393,0.7336097465431599,1.0,1.0,handcrafted ceramics,0.71,True,0.5768310901539477,0.7973638311850832,0.7520329244327393,Priorite haute
q-olive wood heart shaped serving or decor plate gift,olive wood,18.72,1,1,152,40.29213157894736,1,0.3114754098360656,0.5353931449689213,1.0,1.0,olive wood,0.93,True,0.6512989870227938,0.7100095718291631,0.7519268950353251,Priorite haute
q-fair trade handmade brown hat,accessories,46.8,1,1,154,101.48167532467532,1,0.3155737704918033,0.5388329923692781,1.0,1.0,accessories,0.955,True,0.6498430986070431,0.6752717159889291,0.7519034071568508,Priorite haute
q-moroccan tajine– makroudh rouge,handcrafted ceramics,76.44,1,1,262,31.49497709923664,1,0.5368852459016393,1.4270536324599863,1.0,1.0,handcrafted ceramics,0.775,True,0.4120222094088753,0.7973638311850832,0.7518020363582321,Priorite haute
q-traditional handmade carpet with green decoration,rugs & kilim,305.76,1,1,130,236.3099076923077,1,0.26639344262295084,0.2938941184989465,1.0,1.0,rugs & kilim,0.94,True,0.7728607663508861,0.6806343001261034,0.7516916251848994,Priorite haute
q-tunisian handicrafts kilim multi-color,rugs & kilim,280.8,1,1,130,236.3099076923077,1,0.26639344262295084,0.18827010917101064,1.0,1.0,rugs & kilim,0.91,True,0.8415595008929778,0.6806343001261034,0.7510614986391086,Priorite haute
q-small rustic serving olive wood bowl,olive wood,59.28,1,1,152,40.29213157894736,1,0.3114754098360656,0.47125498715781056,1.0,1.0,olive wood,0.915,True,0.6796918336581567,0.7100095718291631,0.7510161796988615,Priorite haute
q-black geometric flower pattern brown base rug,rugs & kilim,361.92,1,1,130,236.3099076923077,1,0.26639344262295084,0.5315481394868025,1.0,1.0,rugs & kilim,0.985,True,0.6529340960415937,0.6806343001261034,0.7509489581539702,Priorite haute
q-handmade tunisian fiber and leather pouch,accessories,37.44,1,1,154,101.48167532467532,1,0.3155737704918033,0.6310663919246233,1.0,1.0,accessories,0.965,True,0.6130958279509526,0.6752717159889291,0.7507286800912417,Priorite haute
q-natural handmade hat with red design,accessories,78.0,1,1,154,101.48167532467532,1,0.3155737704918033,0.23138832718479385,1.0,1.0,accessories,0.885,True,0.812091505111312,0.6752717159889291,0.7506282478072777,Priorite haute
q-tan and brown medaillon floral rug,rugs & kilim,305.76,1,1,130,236.3099076923077,1,0.26639344262295084,0.2938941184989465,1.0,1.0,rugs & kilim,0.935,True,0.7728607663508861,0.6806343001261034,0.7504416251848994,Priorite haute
q-olive wood large bowl smooth,accessories,99.84,1,1,154,101.48167532467532,1,0.3155737704918033,0.016177061555654897,1.0,1.0,accessories,0.815,True,0.9840804696664874,0.6752717159889291,0.7503271442627952,Priorite haute
q-warm grey halfa rug,rugs & kilim,156.0,1,1,130,236.3099076923077,1,0.26639344262295084,0.33984993746866915,1.0,1.0,rugs & kilim,0.945,True,0.746352238437436,0.6806343001261034,0.7502907723935544,Priorite haute
q-tunisian handmade palm fiber and leather bag with small brown hand,accessories,93.6,1,1,154,101.48167532467532,1,0.3155737704918033,0.07766599459255183,1.0,1.0,accessories,0.835,True,0.9279312932000643,0.6752717159889291,0.7497122266161529,Priorite moyenne
q-olive wood large crepe spreader stick,olive wood,12.48,1,1,152,40.29213157894736,1,0.3114754098360656,0.6902620883730339,1.0,1.0,olive wood,0.945,True,0.5916242261355767,0.7100095718291631,0.7497094189466034,Priorite moyenne
q-olive wood cheese board natural shape with handle,olive wood,18.72,1,1,152,40.29213157894736,1,0.3114754098360656,0.5353931449689213,1.0,1.0,olive wood,0.92,True,0.6512989870227938,0.7100095718291631,0.7494268950353251,Priorite moyenne
q-natural color palm fiber storage box,accessories,46.8,1,1,154,101.48167532467532,1,0.3155737704918033,0.5388329923692781,1.0,1.0,accessories,0.945,True,0.6498430986070431,0.6752717159889291,0.7494034071568508,Priorite moyenne
q-handmade traditional multi color floral carpet,rugs & kilim,305.76,1,1,130,236.3099076923077,1,0.26639344262295084,0.2938941184989465,1.0,1.0,rugs & kilim,0.93,True,0.7728607663508861,0.6806343001261034,0.7491916251848995,Priorite moyenne
q-handmade tunisian dinnerware set traditional floral design,handcrafted ceramics,374.4,1,1,262,31.49497709923664,1,0.5368852459016393,10.887609504610975,1.0,1.0,handcrafted ceramics,0.895,True,0.08412120196344935,0.7973638311850832,0.7490119356136895,Priorite moyenne
q-palm fiber and leather bag with shoulder strap,accessories,31.2,1,1,154,101.48167532467532,1,0.3155737704918033,0.6925553249615202,1.0,1.0,accessories,0.965,True,0.5908226367860293,0.6752717159889291,0.7485013609747494,Priorite moyenne
q-olive wood pizza roll – handcrafted rolling pin from tunisia,olive wood,18.72,1,1,152,40.29213157894736,1,0.3114754098360656,0.5353931449689213,1.0,1.0,olive wood,0.915,True,0.6512989870227938,0.7100095718291631,0.7481768950353251,Priorite moyenne
q-fiber and leather handmade bag,accessories,40.56,1,1,154,101.48167532467532,1,0.3155737704918033,0.6003219254061749,1.0,1.0,accessories,0.95,True,0.624874273184873,0.6752717159889291,0.7481565246146338,Priorite moyenne
q-tunisian handmade couffin natural colors,accessories,78.0,1,1,154,101.48167532467532,1,0.3155737704918033,0.23138832718479385,1.0,1.0,accessories,0.875,True,0.812091505111312,0.6752717159889291,0.7481282478072777,Priorite moyenne
q-handmade brown decorated kairouan carpet,rugs & kilim,305.76,1,1,130,236.3099076923077,1,0.26639344262295084,0.2938941184989465,1.0,1.0,rugs & kilim,0.925,True,0.7728607663508861,0.6806343001261034,0.7479416251848994,Priorite moyenne
a-crème anti-rides,cosmetiques et soins,100.0,1,1,193,24.965803108808288,1,0.39549180327868855,3.0054788767936613,1.0,1.0,cosmetiques et soins,0.975,True,0.24965803859150248,0.748326254990232,0.7474794155129344,Priorite moyenne
q-olive wood small crepe spreader stick,olive wood,6.24,1,1,152,40.29213157894736,1,0.3114754098360656,0.8451310317771464,1.0,1.0,olive wood,0.955,True,0.5419669295989485,0.7100095718291631,0.7472436892929405,Priorite moyenne
q-simple & modern set of ceramics products,handcrafted ceramics,15.6,1,1,262,31.49497709923664,1,0.5368852459016393,0.5046829068797446,1.0,1.0,handcrafted ceramics,0.655,True,0.6645918521621917,0.7973638311850832,0.7470590006335637,Priorite moyenne
q-big palm fiber storage box,accessories,46.8,1,1,154,101.48167532467532,1,0.3155737704918033,0.5388329923692781,1.0,1.0,accessories,0.935,True,0.6498430986070431,0.6752717159889291,0.7469034071568509,Priorite moyenne
a-soin elixir jeunesse,cosmetiques et soins,52.0,1,1,193,24.965803108808288,1,0.39549180327868855,1.0828490351590023,1.0,1.0,cosmetiques et soins,0.88,True,0.48011160824416693,0.748326254990232,0.7467747724782008,Priorite moyenne
q-white kilim with multi color patterns,rugs & kilim,305.76,1,1,130,236.3099076923077,1,0.26639344262295084,0.2938941184989465,1.0,1.0,rugs & kilim,0.92,True,0.7728607663508861,0.6806343001261034,0.7466916251848994,Priorite moyenne
q-multi color handmade area rug,rugs & kilim,305.76,1,1,130,236.3099076923077,1,0.26639344262295084,0.2938941184989465,1.0,1.0,rugs & kilim,0.92,True,0.7728607663508861,0.6806343001261034,0.7466916251848994,Priorite moyenne
q-natural olive wood saucer set,olive wood,15.6,1,1,152,40.29213157894736,1,0.3114754098360656,0.6128276166709776,1.0,1.0,olive wood,0.92,True,0.6200290655141996,0.7100095718291631,0.7462999028844657,Priorite moyenne
a-eau de senteur,cosmetiques et soins,50.0,1,1,193,24.965803108808288,1,0.39549180327868855,1.0027394584242248,1.0,1.0,cosmetiques et soins,0.87,True,0.4993160721898443,0.748326254990232,0.7461952188727685,Priorite moyenne
q-natural tunisian handmade couffin with kamel design,accessories,171.6,1,1,154,101.48167532467532,1,0.3155737704918033,0.6909456683686587,1.0,1.0,accessories,0.955,True,0.5913850567208057,0.6752717159889291,0.746057602968227,Priorite moyenne
q-set of handpainted ceramics,handcrafted ceramics,15.6,1,1,262,31.49497709923664,1,0.5368852459016393,0.5046829068797446,1.0,1.0,handcrafted ceramics,0.65,True,0.6645918521621917,0.7973638311850832,0.7458090006335637,Priorite moyenne
a-coffret soins,cosmetiques et soins,75.0,1,1,193,24.965803108808288,1,0.39549180327868855,2.0041091676089433,1.0,1.0,cosmetiques et soins,0.935,True,0.3328773836790787,0.748326254990232,0.745801350021692,Priorite moyenne
q-tunisian handmade table & chair set with vegetal fiber,accessories,37.44,1,1,154,101.48167532467532,1,0.3155737704918033,0.6310663919246233,1.0,1.0,accessories,0.945,True,0.6130958279509526,0.6752717159889291,0.7457286800912417,Priorite moyenne
q-small grey rug,rugs & kilim,93.6,1,1,130,236.3099076923077,1,0.26639344262295084,0.6039099607885091,1.0,1.0,rugs & kilim,0.975,True,0.6234763948397597,0.6806343001261034,0.7455031880337868,Priorite moyenne
q-sample rug kilim abstract black white,rugs & kilim,93.6,1,1,130,236.3099076923077,1,0.26639344262295084,0.6039099607885091,1.0,1.0,rugs & kilim,0.975,True,0.6234763948397597,0.6806343001261034,0.7455031880337868,Priorite moyenne
q-olive wood medium serving bowl flat edge,olive wood,68.64,1,1,152,40.29213157894736,1,0.3114754098360656,0.7035584022639795,1.0,1.0,olive wood,0.93,True,0.5870065849641721,0.7100095718291631,0.745497654829463,Priorite moyenne
a-parfum floral chypré,cosmetiques et soins,79.0,1,1,193,24.965803108808288,1,0.39549180327868855,2.1643283210784983,1.0,1.0,cosmetiques et soins,0.94,True,0.31602283282006904,0.748326254990232,0.745365894935791,Priorite moyenne
q-olive wood small chess board set,accessories,99.84,1,1,154,101.48167532467532,1,0.3155737704918033,0.016177061555654897,1.0,1.0,accessories,0.795,True,0.9840804696664874,0.6752717159889291,0.7453271442627952,Priorite moyenne
q-handcrafted olive wood mini salt spoons,olive wood,1.404,1,1,152,40.29213157894736,1,0.3114754098360656,0.9651544629153339,1.0,1.0,olive wood,0.96,True,0.5088658519577571,0.7100095718291631,0.7451835815288215,Priorite moyenne
q-brown and tan amazigh berber medaillon rug,rugs & kilim,352.56,1,1,130,236.3099076923077,1,0.26639344262295084,0.49193913598882644,1.0,1.0,rugs & kilim,0.955,True,0.6702686295156542,0.6806343001261034,0.7451824115013763,Priorite moyenne
q-handcrafted olive wood tray with faience tile inlay,olive wood,85.8,1,1,152,40.29213157894736,1,0.3114754098360656,1.129447996625289,1.0,1.0,olive wood,0.975,True,0.46960526933965147,0.7100095718291631,0.7450075232670108,Priorite moyenne
q-high pile white & pink diamond rug,rugs & kilim,118.56,1,1,130,236.3099076923077,1,0.26639344262295084,0.4982859514605731,1.0,1.0,rugs & kilim,0.955,True,0.6674293375207654,0.6806343001261034,0.7448984823018874,Priorite moyenne
q-tunisian handmade couffin with vegetal fiber,accessories,171.6,1,1,154,101.48167532467532,1,0.3155737704918033,0.6909456683686587,1.0,1.0,accessories,0.95,True,0.5913850567208057,0.6752717159889291,0.744807602968227,Priorite moyenne
q-big box with natural fiber halfa tunisian artisanal,accessories,31.2,1,1,154,101.48167532467532,1,0.3155737704918033,0.6925553249615202,1.0,1.0,accessories,0.95,True,0.5908226367860293,0.6752717159889291,0.7447513609747494,Priorite moyenne
q-decorative plate home deco painted in tunisia,handcrafted ceramics,15.6,1,1,262,31.49497709923664,1,0.5368852459016393,0.5046829068797446,1.0,1.0,handcrafted ceramics,0.645,True,0.6645918521621917,0.7973638311850832,0.7445590006335637,Priorite moyenne
q-off white mixed textures kilim rug,rugs & kilim,109.2,1,1,130,236.3099076923077,1,0.26639344262295084,0.5378949549585491,1.0,1.0,rugs & kilim,0.96,True,0.650239469721749,0.6806343001261034,0.7444294955219857,Priorite moyenne
q-amazigh berber kilim rug knotted lines red on white,rugs & kilim,93.6,1,1,130,236.3099076923077,1,0.26639344262295084,0.6039099607885091,1.0,1.0,rugs & kilim,0.97,True,0.6234763948397597,0.6806343001261034,0.7442531880337867,Priorite moyenne
q-tunisian handmade couffin with black hand,accessories,62.4,1,1,154,101.48167532467532,1,0.3155737704918033,0.38511065977703596,1.0,1.0,accessories,0.895,True,0.7219639766262228,0.6752717159889291,0.7441154949587688,Priorite moyenne
q-handmade zigzag red rug,rugs & kilim,156.0,1,1,130,236.3099076923077,1,0.26639344262295084,0.33984993746866915,1.0,1.0,rugs & kilim,0.92,True,0.746352238437436,0.6806343001261034,0.7440407723935545,Priorite moyenne
q-amazigh berber geometric kilim rug white and grey,rugs & kilim,184.08,1,1,130,236.3099076923077,1,0.26639344262295084,0.22102292697474119,1.0,1.0,rugs & kilim,0.89,True,0.8189854407383184,0.6806343001261034,0.7438040926236427,Priorite moyenne
a-soin anti-rides,cosmetiques et soins,100.0,1,1,193,24.965803108808288,1,0.39549180327868855,3.0054788767936613,1.0,1.0,cosmetiques et soins,0.96,True,0.24965803859150248,0.748326254990232,0.7437294155129344,Priorite moyenne
q-small basket woven with fiber,accessories,28.08,1,1,154,101.48167532467532,1,0.3155737704918033,0.7232997914799686,1.0,1.0,accessories,0.95,True,0.5802820872746701,0.6752717159889291,0.7436973060236135,Priorite moyenne
q-handmade olive wood rustic chess board,olive wood,78.0,1,1,152,40.29213157894736,1,0.3114754098360656,0.9358618173701483,1.0,1.0,olive wood,0.95,True,0.5165657956715586,0.7100095718291631,0.7434535759002016,Priorite moyenne
q-yellow & grey amazigh tunisian kilim,rugs & kilim,312.0,1,1,130,236.3099076923077,1,0.26639344262295084,0.3203001208309305,1.0,1.0,rugs & kilim,0.91,True,0.7574035510734106,0.6806343001261034,0.742645903657152,Priorite moyenne
q-natural tunisian handmade couffin with black design,accessories,171.6,1,1,154,101.48167532467532,1,0.3155737704918033,0.6909456683686587,1.0,1.0,accessories,0.94,True,0.5913850567208057,0.6752717159889291,0.7423076029682271,Priorite moyenne
q-handmade white kilim with pink lines,rugs & kilim,159.12,1,1,130,236.3099076923077,1,0.26639344262295084,0.32664693630267716,1.0,1.0,rugs & kilim,0.91,True,0.7537800545388272,0.6806343001261034,0.7422835540036936,Priorite moyenne
q-palm fiber storage box,accessories,31.2,1,1,154,101.48167532467532,1,0.3155737704918033,0.6925553249615202,1.0,1.0,accessories,0.94,True,0.5908226367860293,0.6752717159889291,0.7422513609747494,Priorite moyenne
q-olive wood bottle stopper,olive wood,6.24,1,1,152,40.29213157894736,1,0.3114754098360656,0.8451310317771464,1.0,1.0,olive wood,0.935,True,0.5419669295989485,0.7100095718291631,0.7422436892929406,Priorite moyenne
q-premium 27 cm olive wood clamp – handcrafted in tunisia,olive wood,12.48,1,1,152,40.29213157894736,1,0.3114754098360656,0.6902620883730339,1.0,1.0,olive wood,0.915,True,0.5916242261355767,0.7100095718291631,0.7422094189466034,Priorite moyenne
q-meduim olive wood bowls,olive wood,82.68,1,1,152,40.29213157894736,1,0.3114754098360656,1.052013524923233,1.0,1.0,olive wood,0.955,True,0.4873262226853064,0.7100095718291631,0.7417796186015764,Priorite moyenne
q-handmade carpet geometric with blue and white color,rugs & kilim,249.6,1,1,130,236.3099076923077,1,0.26639344262295084,0.05624009751109062,1.0,1.0,rugs & kilim,0.83,True,0.9467544380831461,0.6806343001261034,0.7415809923581255,Priorite moyenne
q-traditional tree tan base rug,rugs & kilim,414.48,1,1,130,236.3099076923077,1,0.26639344262295084,0.7539679283600522,1.0,1.0,rugs & kilim,0.98,True,0.5701358524468535,0.6806343001261034,0.7414191337944962,Priorite moyenne
q-traditional floral tan base rug,rugs & kilim,414.48,1,1,130,236.3099076923077,1,0.26639344262295084,0.7539679283600522,1.0,1.0,rugs & kilim,0.98,True,0.5701358524468535,0.6806343001261034,0.7414191337944962,Priorite moyenne
q-tunisian handicrafts margoum with line,rugs & kilim,187.2,1,1,130,236.3099076923077,1,0.26639344262295084,0.20781992580874928,1.0,1.0,rugs & kilim,0.875,True,0.8279379886288974,0.6806343001261034,0.7409493474127006,Priorite moyenne
a-argile verte,cosmetiques et soins,1.8,1,1,193,24.965803108808288,1,0.39549180327868855,0.9279013408839119,1.0,1.0,cosmetiques et soins,0.84,True,0.5186987418876507,0.748326254990232,0.7406334858425492,Priorite moyenne
q-tunisian handmade koffa with purple color,accessories,78.0,1,1,154,101.48167532467532,1,0.3155737704918033,0.23138832718479385,1.0,1.0,accessories,0.845,True,0.812091505111312,0.6752717159889291,0.7406282478072777,Priorite moyenne
a-crème visage de nuit,cosmetiques et soins,56.5,1,1,193,24.965803108808288,1,0.39549180327868855,1.2630955828122516,1.0,1.0,cosmetiques et soins,0.87,True,0.4418726312731975,0.748326254990232,0.7404508747811039,Priorite moyenne
q-small table set braided natural fiber,accessories,21.84,1,1,154,101.48167532467532,1,0.3155737704918033,0.7847887245168654,1.0,1.0,accessories,0.945,True,0.5602904065133512,0.6752717159889291,0.7404481379474815,Priorite moyenne
q-olive wood small pepper and salt mill set,olive wood,37.44,1,1,152,40.29213157894736,1,0.3114754098360656,0.0707863147565836,1.0,1.0,olive wood,0.77,True,0.9338931458302442,0.7100095718291631,0.7401863109160702,Priorite moyenne
q-red medaillon floral rug,rugs & kilim,414.48,1,1,130,236.3099076923077,1,0.26639344262295084,0.7539679283600522,1.0,1.0,rugs & kilim,0.975,True,0.5701358524468535,0.6806343001261034,0.7401691337944962,Priorite moyenne
q-olive wood nesting bowls set of 6,olive wood,90.48,1,1,152,40.29213157894736,1,0.3114754098360656,1.2455997041783735,1.0,1.0,olive wood,0.965,True,0.44531534188364297,0.7100095718291631,0.74007853052141,Priorite moyenne
q-rectangular chess board natural olive wood,olive wood,90.48,1,1,152,40.29213157894736,1,0.3114754098360656,1.2455997041783735,1.0,1.0,olive wood,0.965,True,0.44531534188364297,0.7100095718291631,0.74007853052141,Priorite moyenne
q-fiber and leather handmade pouch with blue color,accessories,15.6,1,1,154,101.48167532467532,1,0.3155737704918033,0.8462776575537623,1.0,1.0,accessories,0.95,True,0.5416303424940735,0.6752717159889291,0.7398321315455538,Priorite moyenne
q-black & white small rug with triangles,rugs & kilim,87.36,1,1,130,236.3099076923077,1,0.26639344262295084,0.6303159631204931,1.0,1.0,rugs & kilim,0.955,True,0.6133780338419542,0.6806343001261034,0.7394933519340063,Priorite moyenne
q-basket woven with fiber,accessories,37.44,1,1,154,101.48167532467532,1,0.3155737704918033,0.6310663919246233,1.0,1.0,accessories,0.92,True,0.6130958279509526,0.6752717159889291,0.7394786800912417,Priorite moyenne
q-brown small rug,rugs & kilim,93.6,1,1,130,236.3099076923077,1,0.26639344262295084,0.6039099607885091,1.0,1.0,rugs & kilim,0.95,True,0.6234763948397597,0.6806343001261034,0.7392531880337867,Priorite moyenne
q-handcrafted olive wood rustic chess board,olive wood,87.36,1,1,152,40.29213157894736,1,0.3114754098360656,1.1681652324763172,1.0,1.0,olive wood,0.955,True,0.46121946105457756,0.7100095718291631,0.7391689424385034,Priorite moyenne
q-square turquoise and orange carpet from kesra artisans,accessories,62.4,1,1,154,101.48167532467532,1,0.3155737704918033,0.38511065977703596,1.0,1.0,accessories,0.875,True,0.7219639766262228,0.6752717159889291,0.7391154949587688,Priorite moyenne
q-box with natural fiber halfa tunisian artisanal product,accessories,24.96,1,1,154,101.48167532467532,1,0.3155737704918033,0.754044257998417,1.0,1.0,accessories,0.935,True,0.5701110422043311,0.6752717159889291,0.7389302015165796,Priorite moyenne
q-tunisian handmade palm fiber basket,accessories,28.08,1,1,154,101.48167532467532,1,0.3155737704918033,0.7232997914799686,1.0,1.0,accessories,0.93,True,0.5802820872746701,0.6752717159889291,0.7386973060236135,Priorite moyenne
q-olive wood stirring spoon with hole,olive wood,7.8,1,1,152,40.29213157894736,1,0.3114754098360656,0.8064137959261185,1.0,1.0,olive wood,0.915,True,0.553583017498666,0.7100095718291631,0.7384052980829123,Priorite moyenne
q-olive wood cutting board with handle 30 cm,olive wood,18.72,1,1,152,40.29213157894736,1,0.3114754098360656,0.5353931449689213,1.0,1.0,olive wood,0.875,True,0.6512989870227938,0.7100095718291631,0.7381768950353251,Priorite moyenne
"a-lot ""spa chez soi""",cosmetiques et soins,97.3,1,1,193,24.965803108808288,1,0.39549180327868855,2.8973309482017116,1.0,1.0,cosmetiques et soins,0.935,True,0.2565858566518236,0.748326254990232,0.7381721973189664,Priorite moyenne
q-blue and grey striped carpet,accessories,140.4,1,1,154,101.48167532467532,1,0.3155737704918033,0.38350100318417457,1.0,1.0,accessories,0.87,True,0.7228039572782861,0.6752717159889291,0.7379494930239751,Priorite moyenne
q-traditional handmade carpet with decorated tiles,rugs & kilim,305.76,1,1,130,236.3099076923077,1,0.26639344262295084,0.2938941184989465,1.0,1.0,rugs & kilim,0.885,True,0.7728607663508861,0.6806343001261034,0.7379416251848994,Priorite moyenne
q-multicolor traditional imagery rug,rugs & kilim,414.48,1,1,130,236.3099076923077,1,0.26639344262295084,0.7539679283600522,1.0,1.0,rugs & kilim,0.965,True,0.5701358524468535,0.6806343001261034,0.7376691337944962,Priorite moyenne
q-handmade tunisian fiber and leather brown pouch,accessories,68.64,1,1,154,101.48167532467532,1,0.3155737704918033,0.3236217267401391,1.0,1.0,accessories,0.855,True,0.7555028599166578,0.6752717159889291,0.7374693832878123,Priorite moyenne
a-savons nesri,cosmetiques et soins,2.0,1,1,193,24.965803108808288,1,0.39549180327868855,0.9198903832104341,1.0,1.0,cosmetiques et soins,0.825,True,0.5208630704883283,0.748326254990232,0.7370999187026168,Priorite moyenne
q-colorful tunisian handmade kilim,rugs & kilim,299.52,1,1,130,236.3099076923077,1,0.26639344262295084,0.26748811616696244,1.0,1.0,rugs & kilim,0.875,True,0.7889620322627727,0.6806343001261034,0.7370517517760882,Priorite moyenne
q-brown halfa rug with pattern,rugs & kilim,62.4,1,1,130,236.3099076923077,1,0.26639344262295084,0.735939972448429,1.0,1.0,rugs & kilim,0.96,True,0.5760567852986103,0.6806343001261034,0.7370112270796718,Priorite moyenne
q-halfa rug with blue color,rugs & kilim,53.04,1,1,130,236.3099076923077,1,0.26639344262295084,0.775548975946405,1.0,1.0,rugs & kilim,0.965,True,0.563206092057798,0.6806343001261034,0.7369761577555907,Priorite moyenne
a-huile de pépins de figue de barbarie bio,cosmetiques et soins,79.0,1,1,193,24.965803108808288,1,0.39549180327868855,2.1643283210784983,1.0,1.0,cosmetiques et soins,0.905,True,0.31602283282006904,0.748326254990232,0.7366158949357909,Priorite moyenne
q-red and orange berber kesra carpet sample,accessories,62.4,1,1,154,101.48167532467532,1,0.3155737704918033,0.38511065977703596,1.0,1.0,accessories,0.865,True,0.7219639766262228,0.6752717159889291,0.7366154949587688,Priorite moyenne
q-wood handmade fiber basket,accessories,62.4,1,1,154,101.48167532467532,1,0.3155737704918033,0.38511065977703596,1.0,1.0,accessories,0.865,True,0.7219639766262228,0.6752717159889291,0.7366154949587688,Priorite moyenne
a-soins caviar royal,cosmetiques et soins,120.0,1,1,193,24.965803108808288,1,0.39549180327868855,3.806574644141436,1.0,1.0,cosmetiques et soins,0.945,True,0.208048365839666,0.748326254990232,0.7358184482377507,Priorite moyenne
q-amazigh berber geometric kilim rug,rugs & kilim,363.48,1,1,130,236.3099076923077,1,0.26639344262295084,0.5381496400697985,1.0,1.0,rugs & kilim,0.925,True,0.6501318037916141,0.6806343001261034,0.7356687289289722,Priorite moyenne
q-fiber and glass pitcher,accessories,46.8,1,1,154,101.48167532467532,1,0.3155737704918033,0.5388329923692781,1.0,1.0,accessories,0.89,True,0.6498430986070431,0.6752717159889291,0.7356534071568508,Priorite moyenne
q-handmade decorated berber gray kilim,rugs & kilim,305.76,1,1,130,236.3099076923077,1,0.26639344262295084,0.2938941184989465,1.0,1.0,rugs & kilim,0.875,True,0.7728607663508861,0.6806343001261034,0.7354416251848994,Priorite moyenne
q-brown and tan one line portrait rug,rugs & kilim,414.48,1,1,130,236.3099076923077,1,0.26639344262295084,0.7539679283600522,1.0,1.0,rugs & kilim,0.955,True,0.5701358524468535,0.6806343001261034,0.7351691337944962,Priorite moyenne
q-white & pink small rug with triangles,rugs & kilim,87.36,1,1,130,236.3099076923077,1,0.26639344262295084,0.6303159631204931,1.0,1.0,rugs & kilim,0.935,True,0.6133780338419542,0.6806343001261034,0.7344933519340062,Priorite moyenne
q-halfa rug with red color,rugs & kilim,53.04,1,1,130,236.3099076923077,1,0.26639344262295084,0.775548975946405,1.0,1.0,rugs & kilim,0.955,True,0.563206092057798,0.6806343001261034,0.7344761577555907,Priorite moyenne
q-high pile white and yellow diamond rug,rugs & kilim,390.0,1,1,130,236.3099076923077,1,0.26639344262295084,0.6503751499807303,1.0,1.0,rugs & kilim,0.935,True,0.6059228412471406,0.6806343001261034,0.7337478326745249,Priorite moyenne
q-olive wood salt mill,olive wood,121.68,1,1,152,40.29213157894736,1,0.3114754098360656,2.019944421198937,1.0,1.0,olive wood,0.985,True,0.3311319218262281,0.7100095718291631,0.7336601885156685,Priorite moyenne
q-handmade tunisian kilim with berber motifs,rugs & kilim,305.76,1,1,130,236.3099076923077,1,0.26639344262295084,0.2938941184989465,1.0,1.0,rugs & kilim,0.865,True,0.7728607663508861,0.6806343001261034,0.7329416251848994,Priorite moyenne
q-handmade kilim with berber,rugs & kilim,365.04,1,1,130,236.3099076923077,1,0.26639344262295084,0.5447511406527945,1.0,1.0,rugs & kilim,0.915,True,0.6473534627573806,0.6806343001261034,0.7328908948255489,Priorite moyenne
q-medium rustic serving olive wood bowl,olive wood,98.28,1,1,152,40.29213157894736,1,0.3114754098360656,1.4391858834335143,1.0,1.0,olive wood,0.95,True,0.40997285479217044,0.7100095718291631,0.7327942818122628,Priorite moyenne
q-olive wood pepper and salt mill,olive wood,121.68,1,1,152,40.29213157894736,1,0.3114754098360656,2.019944421198937,1.0,1.0,olive wood,0.98,True,0.3311319218262281,0.7100095718291631,0.7324101885156685,Priorite moyenne
q-palm fiber tote bag and handbag daily use,accessories,171.6,1,1,154,101.48167532467532,1,0.3155737704918033,0.6909456683686587,1.0,1.0,accessories,0.9,True,0.5913850567208057,0.6752717159889291,0.7323076029682271,Priorite moyenne
q-palm fiber artisanal tunisian couffin natural color,accessories,171.6,1,1,154,101.48167532467532,1,0.3155737704918033,0.6909456683686587,1.0,1.0,accessories,0.9,True,0.5913850567208057,0.6752717159889291,0.7323076029682271,Priorite moyenne
q-decorated rectangular dish,handcrafted ceramics,21.84,1,1,262,31.49497709923664,1,0.5368852459016393,0.30655608233207987,1.0,1.0,handcrafted ceramics,0.555,True,0.7653708964525227,0.7973638311850832,0.7321369050625969,Priorite moyenne
q-handmade palm fiber hat with red color,accessories,53.04,1,1,154,101.48167532467532,1,0.3155737704918033,0.4773440593323812,1.0,1.0,accessories,0.865,True,0.6768903923788103,0.6752717159889291,0.7321081365340275,Priorite moyenne
a-beurre de cacao,cosmetiques et soins,30.0,1,1,193,24.965803108808288,1,0.39549180327868855,0.2016436910764503,1.0,1.0,cosmetiques et soins,0.68,True,0.8321934425538282,0.748326254990232,0.731982955909167,Priorite moyenne
q-square luster/lampshade with arabic calligraphy,accessories,78.0,1,1,154,101.48167532467532,1,0.3155737704918033,0.23138832718479385,1.0,1.0,accessories,0.81,True,0.812091505111312,0.6752717159889291,0.7318782478072777,Priorite moyenne
q-cage of sidi bou said varnished wood handmade,accessories,121.68,1,1,154,101.48167532467532,1,0.3155737704918033,0.19903420407348407,1.0,1.0,accessories,0.8,True,0.8340045651764526,0.6752717159889291,0.7315695538137917,Priorite moyenne
a-eau de muguet,cosmetiques et soins,54.0,1,1,193,24.965803108808288,1,0.39549180327868855,1.1629586118937798,1.0,1.0,cosmetiques et soins,0.825,True,0.46232969715701094,0.748326254990232,0.7312465813694852,Priorite moyenne
q-beige and grey pompom rug,rugs & kilim,118.56,1,1,130,236.3099076923077,1,0.26639344262295084,0.4982859514605731,1.0,1.0,rugs & kilim,0.9,True,0.6674293375207654,0.6806343001261034,0.7311484823018873,Priorite moyenne
q-4 games in 1 : handmade olive wood games,olive wood,93.6,1,1,152,40.29213157894736,1,0.3114754098360656,1.3230341758804296,1.0,1.0,olive wood,0.935,True,0.43047149731277634,0.7100095718291631,0.7310941460643234,Priorite moyenne
q-large rustic serving olive wood bowl – 27cm,olive wood,127.92,1,1,152,40.29213157894736,1,0.3114754098360656,2.174813364603049,1.0,1.0,olive wood,0.98,True,0.3149791452780505,0.7100095718291631,0.7307949108608508,Priorite moyenne
q-handmade wool rug wall art with wooden frame,rugs & kilim,414.48,1,1,130,236.3099076923077,1,0.26639344262295084,0.7539679283600522,1.0,1.0,rugs & kilim,0.935,True,0.5701358524468535,0.6806343001261034,0.7301691337944962,Priorite moyenne
q-large rustic serving olive wood bowl 28cm/16cm,olive wood,131.04,1,1,152,40.29213157894736,1,0.3114754098360656,2.2522478363051053,1.0,1.0,olive wood,0.98,True,0.3074796418762799,0.7100095718291631,0.7300449605206738,Priorite moyenne
q-handmade geometric shapes rug grey and white,rugs & kilim,98.28,1,1,130,236.3099076923077,1,0.26639344262295084,0.584105459039521,1.0,1.0,rugs & kilim,0.91,True,0.6312711027498905,0.6806343001261034,0.7300326588248,Priorite moyenne
q-handwoven green blanket with fringe,accessories,171.6,1,1,154,101.48167532467532,1,0.3155737704918033,0.6909456683686587,1.0,1.0,accessories,0.89,True,0.5913850567208057,0.6752717159889291,0.729807602968227,Priorite moyenne
q-olive wood cutting board with handle 24 cm,olive wood,9.36,1,1,152,40.29213157894736,1,0.3114754098360656,0.7676965600750902,1.0,1.0,olive wood,0.875,True,0.5657079515714625,0.7100095718291631,0.729617791490192,Priorite moyenne
q-large rustic serving olive wood bowl – 29cm,olive wood,135.72,1,1,152,40.29213157894736,1,0.3114754098360656,2.3683995438581897,1.0,1.0,olive wood,0.98,True,0.2968768956828063,0.7100095718291631,0.7289846859013264,Priorite moyenne
q-handmade tunisian killim with lines,rugs & kilim,305.76,1,1,130,236.3099076923077,1,0.26639344262295084,0.2938941184989465,1.0,1.0,rugs & kilim,0.845,True,0.7728607663508861,0.6806343001261034,0.7279416251848994,Priorite moyenne
q-pink and grey handmade carpet,accessories,62.4,1,1,154,101.48167532467532,1,0.3155737704918033,0.38511065977703596,1.0,1.0,accessories,0.83,True,0.7219639766262228,0.6752717159889291,0.7278654949587687,Priorite moyenne
q-olive wood large spoon,olive wood,17.16,1,1,152,40.29213157894736,1,0.3114754098360656,0.5741103808199495,1.0,1.0,olive wood,0.84,True,0.6352794646326536,0.7100095718291631,0.727824942796311,Priorite moyenne
q-handmade ring fiber basket,accessories,24.96,1,1,154,101.48167532467532,1,0.3155737704918033,0.754044257998417,1.0,1.0,accessories,0.89,True,0.5701110422043311,0.6752717159889291,0.7276802015165795,Priorite moyenne
q-brown margoum rug with rhombus design,rugs & kilim,414.48,1,1,130,236.3099076923077,1,0.26639344262295084,0.7539679283600522,1.0,1.0,rugs & kilim,0.925,True,0.5701358524468535,0.6806343001261034,0.7276691337944962,Priorite moyenne
q-handmade grey kilim with white lines,rugs & kilim,414.48,1,1,130,236.3099076923077,1,0.26639344262295084,0.7539679283600522,1.0,1.0,rugs & kilim,0.925,True,0.5701358524468535,0.6806343001261034,0.7276691337944962,Priorite moyenne
q-linen blanket/ throw,accessories,93.6,1,1,154,101.48167532467532,1,0.3155737704918033,0.07766599459255183,1.0,1.0,accessories,0.745,True,0.9279312932000643,0.6752717159889291,0.7272122266161529,Priorite moyenne
a-petit cyprus,cosmetiques et soins,30.0,1,1,193,24.965803108808288,1,0.39549180327868855,0.2016436910764503,1.0,1.0,cosmetiques et soins,0.66,True,0.8321934425538282,0.748326254990232,0.726982955909167,Priorite moyenne
q-gray and yellow area rug with triangle pattern,rugs & kilim,78.0,1,1,130,236.3099076923077,1,0.26639344262295084,0.669924966618469,1.0,1.0,rugs & kilim,0.91,True,0.5988293007110133,0.6806343001261034,0.7267884786209122,Priorite moyenne
q-yellow & white bathroom rug,rugs & kilim,46.8,1,1,130,236.3099076923077,1,0.26639344262295084,0.801954978278389,1.0,1.0,rugs & kilim,0.925,True,0.5549528218265547,0.6806343001261034,0.7261508307324662,Priorite moyenne
q-grey rug with colorful pompoms,rugs & kilim,56.16,1,1,130,236.3099076923077,1,0.26639344262295084,0.762345974780413,1.0,1.0,rugs & kilim,0.92,True,0.5674254739479285,0.6806343001261034,0.7261480959446037,Priorite moyenne
q-collection faiences bleu and white designed by sofiane ben amor,accessories,46.8,1,1,154,101.48167532467532,1,0.3155737704918033,0.5388329923692781,1.0,1.0,accessories,0.85,True,0.6498430986070431,0.6752717159889291,0.7256534071568508,Priorite moyenne
q-palm fiber pendant lamp sarah,homeware,171.6,1,1,78,168.30123076923078,1,0.1598360655737705,0.019600386735685784,1.0,1.0,homeware,0.895,True,0.9807764031961211,0.6089344262295082,0.7255817386802678,Priorite moyenne
q-tableware nabeul ceramics azouz blue of sidi bou said tunisia,handcrafted ceramics,140.4,1,1,262,31.49497709923664,1,0.5368852459016393,3.4578535840735496,1.0,1.0,handcrafted ceramics,0.745,True,0.22432320423727517,0.7973638311850832,0.7255321358410721,Priorite moyenne
q-handmade palm fiber saucer,accessories,12.48,1,1,154,101.48167532467532,1,0.3155737704918033,0.8770221240722106,1.0,1.0,accessories,0.895,True,0.5327587710210331,0.6752717159889291,0.7251949743982499,Priorite moyenne
q-small olive wood pepper and salt mill,olive wood,90.48,1,1,152,40.29213157894736,1,0.3114754098360656,1.2455997041783735,1.0,1.0,olive wood,0.905,True,0.44531534188364297,0.7100095718291631,0.72507853052141,Priorite moyenne
q-handcrafted large olive wood comb,olive wood,15.6,1,1,152,40.29213157894736,1,0.3114754098360656,0.6128276166709776,1.0,1.0,olive wood,0.835,True,0.6200290655141996,0.7100095718291631,0.7250499028844657,Priorite moyenne
a-red box,cosmetiques et soins,80.0,1,1,193,24.965803108808288,1,0.39549180327868855,2.2043831094458866,1.0,1.0,cosmetiques et soins,0.86,True,0.31207254745919677,0.748326254990232,0.7249708663997038,Priorite moyenne
q-beige rugs with pompom white line,rugs & kilim,118.56,1,1,130,236.3099076923077,1,0.26639344262295084,0.4982859514605731,1.0,1.0,rugs & kilim,0.875,True,0.6674293375207654,0.6806343001261034,0.7248984823018874,Priorite moyenne
q-tepsi – zarbia,handcrafted ceramics,15.6,1,1,262,31.49497709923664,1,0.5368852459016393,0.5046829068797446,1.0,1.0,handcrafted ceramics,0.565,True,0.6645918521621917,0.7973638311850832,0.7245590006335637,Priorite moyenne
q-handmade palm fiber trivet,accessories,18.72,1,1,154,101.48167532467532,1,0.3155737704918033,0.8155331910353139,1.0,1.0,accessories,0.885,True,0.5508023785727358,0.6752717159889291,0.72449933515342,Priorite moyenne
q-berber carpet sample made by women artisans,accessories,62.4,1,1,154,101.48167532467532,1,0.3155737704918033,0.38511065977703596,1.0,1.0,accessories,0.81,True,0.7219639766262228,0.6752717159889291,0.7228654949587688,Priorite moyenne
q-olive wood rectangular chess board,olive wood,124.8,1,1,152,40.29213157894736,1,0.3114754098360656,2.0973788929009927,1.0,1.0,olive wood,0.945,True,0.32285362384690497,0.7100095718291631,0.7228323587177362,Priorite moyenne
q-xl natural shape irregular olive wood cutting cheese board,olive wood,109.2,1,1,152,40.29213157894736,1,0.3114754098360656,1.7102065343907114,1.0,1.0,olive wood,0.925,True,0.36897556968838635,0.7100095718291631,0.7224445533018844,Priorite moyenne
q-halfa box with ceramics & olive wood round bowls,olive wood,121.68,1,1,152,40.29213157894736,1,0.3114754098360656,2.019944421198937,1.0,1.0,olive wood,0.94,True,0.3311319218262281,0.7100095718291631,0.7224101885156685,Priorite moyenne
q-natural tunisian handmade basket with a wool lines,accessories,171.6,1,1,154,101.48167532467532,1,0.3155737704918033,0.6909456683686587,1.0,1.0,accessories,0.86,True,0.5913850567208057,0.6752717159889291,0.722307602968227,Priorite moyenne
q-rug grey handmade tunisia,rugs & kilim,176.904,1,1,130,236.3099076923077,1,0.26639344262295084,0.25138982965652285,1.0,1.0,rugs & kilim,0.81,True,0.7991114969141763,0.6806343001261034,0.7218166982412285,Priorite moyenne
q-olive wood round cutting board with handle,accessories,49.14,1,1,154,101.48167532467532,1,0.3155737704918033,0.5157746424804417,1.0,1.0,accessories,0.83,True,0.65972867732078,0.6752717159889291,0.7216419650282244,Priorite moyenne
q-triangle lines rug handmade from tunisia,rugs & kilim,99.84,1,1,130,236.3099076923077,1,0.26639344262295084,0.577503958456525,1.0,1.0,rugs & kilim,0.875,True,0.6339128308612478,0.6806343001261034,0.7215468316359356,Priorite moyenne
q-oval olive wood bowl,olive wood,121.68,1,1,152,40.29213157894736,1,0.3114754098360656,2.019944421198937,1.0,1.0,olive wood,0.935,True,0.3311319218262281,0.7100095718291631,0.7211601885156685,Priorite moyenne
q-large rustic serving olive wood bowl,accessories,115.44,1,1,154,101.48167532467532,1,0.3155737704918033,0.13754527103658715,1.0,1.0,accessories,0.74,True,0.879085892633311,0.6752717159889291,0.7210776865594776,Priorite moyenne
q-palm fiber artisanal tunisian bag with black design,accessories,171.6,1,1,154,101.48167532467532,1,0.3155737704918033,0.6909456683686587,1.0,1.0,accessories,0.855,True,0.5913850567208057,0.6752717159889291,0.7210576029682271,Priorite moyenne
q-tunisian handmade koffa with natural color,accessories,12.48,1,1,154,101.48167532467532,1,0.3155737704918033,0.8770221240722106,1.0,1.0,accessories,0.875,True,0.5327587710210331,0.6752717159889291,0.7201949743982499,Priorite moyenne
q-square luster/lampshade with calligraphy handmade,accessories,171.6,1,1,154,101.48167532467532,1,0.3155737704918033,0.6909456683686587,1.0,1.0,accessories,0.85,True,0.5913850567208057,0.6752717159889291,0.719807602968227,Priorite moyenne
q-amazigh berber small pompom kilim,rugs & kilim,118.56,1,1,130,236.3099076923077,1,0.26639344262295084,0.4982859514605731,1.0,1.0,rugs & kilim,0.85,True,0.6674293375207654,0.6806343001261034,0.7186484823018874,Priorite moyenne
q-olive wood products diverse collection,accessories,84.24,1,1,154,101.48167532467532,1,0.3155737704918033,0.16989939414789706,1.0,1.0,accessories,0.735,True,0.8547743549592619,0.6752717159889291,0.7173965327920727,Priorite moyenne
q-handmade green pattern ceramic bowl,accessories,6.209,1,1,154,101.48167532467532,1,0.3155737704918033,0.9388165309751562,1.0,1.0,accessories,0.87,True,0.5157785607991672,0.6752717159889291,0.7172469533760631,Priorite moyenne
a-pink basket,cosmetiques et soins,120.0,1,1,193,24.965803108808288,1,0.39549180327868855,3.806574644141436,1.0,1.0,cosmetiques et soins,0.87,True,0.208048365839666,0.748326254990232,0.7170684482377507,Priorite moyenne
q-olive wood mortar and pestle - handmade in tunisia,olive wood,18.72,1,1,152,40.29213157894736,1,0.3114754098360656,0.5353931449689213,1.0,1.0,olive wood,0.79,True,0.6512989870227938,0.7100095718291631,0.7169268950353251,Priorite moyenne
q-brown and yellow sample of kesra carpet,accessories,46.8,1,1,154,101.48167532467532,1,0.3155737704918033,0.5388329923692781,1.0,1.0,accessories,0.815,True,0.6498430986070431,0.6752717159889291,0.7169034071568509,Priorite moyenne
q-grey and white tunisian margoum,rugs & kilim,180.96,1,1,130,236.3099076923077,1,0.26639344262295084,0.23422592814073318,1.0,1.0,rugs & kilim,0.785,True,0.8102244307137701,0.6806343001261034,0.7166779916211878,Priorite moyenne
q-fringed cotton blanket,accessories,62.4,1,1,154,101.48167532467532,1,0.3155737704918033,0.38511065977703596,1.0,1.0,accessories,0.785,True,0.7219639766262228,0.6752717159889291,0.7166154949587688,Priorite moyenne
q-olive wood cutting board with handle made in tunisia,olive wood,34.32,1,1,152,40.29213157894736,1,0.3114754098360656,0.14822078645863984,1.0,1.0,olive wood,0.7,True,0.8709126431025651,0.7100095718291631,0.7163882606433022,Priorite moyenne
q-table set braided natural fiber,accessories,15.6,1,1,154,101.48167532467532,1,0.3155737704918033,0.8462776575537623,1.0,1.0,accessories,0.855,True,0.5416303424940735,0.6752717159889291,0.7160821315455539,Priorite moyenne
q-series of 3 arabesque rugs for bedroom,rugs & kilim,280.8,1,1,130,236.3099076923077,1,0.26639344262295084,0.18827010917101064,1.0,1.0,rugs & kilim,0.77,True,0.8415595008929778,0.6806343001261034,0.7160614986391086,Priorite moyenne
q-small bassinet with brown hand,accessories,31.2,1,1,154,101.48167532467532,1,0.3155737704918033,0.6925553249615202,1.0,1.0,accessories,0.835,True,0.5908226367860293,0.6752717159889291,0.7160013609747494,Priorite moyenne
q-olive wood pepper and salt mill set,olive wood,84.24,1,1,152,40.29213157894736,1,0.3114754098360656,1.090730760774261,1.0,1.0,olive wood,0.855,True,0.47830166311307803,0.7100095718291631,0.7158771626443535,Priorite moyenne
q-olive wood bowl with salad spoons,olive wood,177.84,1,1,152,40.29213157894736,1,0.3114754098360656,3.41376491183595,1.0,1.0,olive wood,0.955,True,0.2265639471006715,0.7100095718291631,0.7157033910431129,Priorite moyenne
q-handmade black & white bathroom rug,rugs & kilim,46.8,1,1,130,236.3099076923077,1,0.26639344262295084,0.801954978278389,1.0,1.0,rugs & kilim,0.88,True,0.5549528218265547,0.6806343001261034,0.7149008307324662,Priorite moyenne
q-handwoven cotton and linen blanket with fringe,accessories,187.2,1,1,154,101.48167532467532,1,0.3155737704918033,0.8446680009609007,1.0,1.0,accessories,0.85,True,0.5421029689239977,0.6752717159889291,0.7148793941885462,Priorite moyenne
q-tunisian handicrafts palm fiber saucer,accessories,15.6,1,1,154,101.48167532467532,1,0.3155737704918033,0.8462776575537623,1.0,1.0,accessories,0.85,True,0.5416303424940735,0.6752717159889291,0.7148321315455538,Priorite moyenne
q-halfa box with ceramics & olive wood bowls,olive wood,177.84,1,1,152,40.29213157894736,1,0.3114754098360656,3.41376491183595,1.0,1.0,olive wood,0.95,True,0.2265639471006715,0.7100095718291631,0.7144533910431129,Priorite moyenne
q-cage of sidi bou said decoration arabesques,accessories,78.0,1,1,154,101.48167532467532,1,0.3155737704918033,0.23138832718479385,1.0,1.0,accessories,0.74,True,0.812091505111312,0.6752717159889291,0.7143782478072777,Priorite moyenne
q-palm fiber pendant lamp hind,homeware,202.8,1,1,78,168.30123076923078,1,0.1598360655737705,0.2049822741527693,1.0,1.0,homeware,0.91,True,0.8298877265253601,0.6089344262295082,0.7142428710131917,Priorite moyenne
q-colorful striped carpet sample,accessories,62.4,1,1,154,101.48167532467532,1,0.3155737704918033,0.38511065977703596,1.0,1.0,accessories,0.775,True,0.7219639766262228,0.6752717159889291,0.7141154949587688,Priorite moyenne
q-bourette neck scarf handmade,accessories,62.4,1,1,154,101.48167532467532,1,0.3155737704918033,0.38511065977703596,1.0,1.0,accessories,0.775,True,0.7219639766262228,0.6752717159889291,0.7141154949587688,Priorite moyenne
q-kairouan carpet with different patterns,rugs & kilim,305.76,1,1,130,236.3099076923077,1,0.26639344262295084,0.2938941184989465,1.0,1.0,rugs & kilim,0.785,True,0.7728607663508861,0.6806343001261034,0.7129416251848995,Priorite moyenne
q-versatile cotton & linen handwoven blanket,accessories,171.6,1,1,154,101.48167532467532,1,0.3155737704918033,0.6909456683686587,1.0,1.0,accessories,0.82,True,0.5913850567208057,0.6752717159889291,0.712307602968227,Priorite moyenne
q-kilim abstract grey yellow,rugs & kilim,99.84,1,1,130,236.3099076923077,1,0.26639344262295084,0.577503958456525,1.0,1.0,rugs & kilim,0.835,True,0.6339128308612478,0.6806343001261034,0.7115468316359356,Priorite moyenne
q-tunisian handicrafts margoum geometric design,rugs & kilim,414.48,1,1,130,236.3099076923077,1,0.26639344262295084,0.7539679283600522,1.0,1.0,rugs & kilim,0.86,True,0.5701358524468535,0.6806343001261034,0.7114191337944962,Priorite moyenne
q-amazigh berber geometric kilim rug white and pink,rugs & kilim,390.0,1,1,130,236.3099076923077,1,0.26639344262295084,0.6503751499807303,1.0,1.0,rugs & kilim,0.845,True,0.6059228412471406,0.6806343001261034,0.7112478326745248,Priorite moyenne
q-handwoven cotton fouta / fair trade fouta towels,accessories,18.72,1,1,154,101.48167532467532,1,0.3155737704918033,0.8155331910353139,1.0,1.0,accessories,0.83,True,0.5508023785727358,0.6752717159889291,0.71074933515342,Priorite moyenne
q-handmade natural olive wood chess board,olive wood,140.4,1,1,152,40.29213157894736,1,0.3114754098360656,2.4845512514112746,1.0,1.0,olive wood,0.91,True,0.2869809992305296,0.7100095718291631,0.7104950962560986,Priorite moyenne
q-halfa box with ceramics bowls & olive wood spoons,olive wood,171.6,1,1,152,40.29213157894736,1,0.3114754098360656,3.2588959684318373,1.0,1.0,olive wood,0.93,True,0.23480263603813945,0.7100095718291631,0.7102772599368596,Priorite moyenne
"q-olive wood large round spoon 30 cm / 12""",accessories,10.92,1,1,154,101.48167532467532,1,0.3155737704918033,0.8923943573314349,1.0,1.0,accessories,0.835,True,0.5284310831544397,0.6752717159889291,0.7097622056115904,Priorite moyenne
a-coffret miel et soins,cosmetiques et soins,85.0,1,1,193,24.965803108808288,1,0.39549180327868855,2.4046570512828302,1.0,1.0,cosmetiques et soins,0.8,True,0.29371533900109353,0.748326254990232,0.7081351455538935,Priorite moyenne
q-set of 3 diamond rugs for bedroom,rugs & kilim,280.8,1,1,130,236.3099076923077,1,0.26639344262295084,0.18827010917101064,1.0,1.0,rugs & kilim,0.735,True,0.8415595008929778,0.6806343001261034,0.7073114986391086,Priorite moyenne
q-pink and grey rug made by kerkenniens.,accessories,171.6,1,1,154,101.48167532467532,1,0.3155737704918033,0.6909456683686587,1.0,1.0,accessories,0.8,True,0.5913850567208057,0.6752717159889291,0.707307602968227,Priorite moyenne
q-olive wood salad serving spork,accessories,10.92,1,1,154,101.48167532467532,1,0.3155737704918033,0.8923943573314349,1.0,1.0,accessories,0.825,True,0.5284310831544397,0.6752717159889291,0.7072622056115904,Priorite moyenne
q-tunisian handicrafts margoum grey classic,rugs & kilim,414.48,1,1,130,236.3099076923077,1,0.26639344262295084,0.7539679283600522,1.0,1.0,rugs & kilim,0.84,True,0.5701358524468535,0.6806343001261034,0.7064191337944962,Priorite moyenne
q-handmade organic smar laptop / book bag,accessories,28.08,1,1,154,101.48167532467532,1,0.3155737704918033,0.7232997914799686,1.0,1.0,accessories,0.8,True,0.5802820872746701,0.6752717159889291,0.7061973060236135,Priorite moyenne
q-hand-woven cotton and linen scarf with pompon fringes,accessories,46.8,1,1,154,101.48167532467532,1,0.3155737704918033,0.5388329923692781,1.0,1.0,accessories,0.77,True,0.6498430986070431,0.6752717159889291,0.7056534071568509,Priorite moyenne
q-olive wood rustic small boat shaped bowl,accessories,9.36,1,1,154,101.48167532467532,1,0.3155737704918033,0.9077665905906591,1.0,1.0,accessories,0.82,True,0.5241731378105287,0.6752717159889291,0.7055864110771993,Priorite moyenne
k-la suspension doora gold,luminaires,220.0,1,1,8,256.12,1,0.01639344262295082,0.14102764274157567,1.0,1.0,luminaires,0.99,True,0.8764029568970607,0.5848386270491803,0.7053867096241323,Priorite moyenne
k-la suspension mooja gold,luminaires,220.0,1,1,8,256.12,1,0.01639344262295082,0.14102764274157567,1.0,1.0,luminaires,0.99,True,0.8764029568970607,0.5848386270491803,0.7053867096241323,Priorite moyenne
q-tajine blue and white collection designed in tunisia,accessories,78.0,1,1,154,101.48167532467532,1,0.3155737704918033,0.23138832718479385,1.0,1.0,accessories,0.7,True,0.812091505111312,0.6752717159889291,0.7043782478072776,Priorite moyenne
q-palm fiber pendant lamp kamila,homeware,109.2,1,1,78,168.30123076923078,1,0.1598360655737705,0.35116338809848097,1.0,1.0,homeware,0.905,True,0.7401029429959021,0.6089344262295082,0.7040143926602459,Priorite moyenne
q-tunisian handmade kilim with simple design,rugs & kilim,414.48,1,1,130,236.3099076923077,1,0.26639344262295084,0.7539679283600522,1.0,1.0,rugs & kilim,0.83,True,0.5701358524468535,0.6806343001261034,0.7039191337944962,Priorite moyenne
q-trendy handwoven fouta handmade,accessories,37.44,1,1,154,101.48167532467532,1,0.3155737704918033,0.6310663919246233,1.0,1.0,accessories,0.77,True,0.6130958279509526,0.6752717159889291,0.7019786800912418,Priorite moyenne
q-olive wood smooth cutting board with handle,accessories,29.64,1,1,154,101.48167532467532,1,0.3155737704918033,0.7079275582207444,1.0,1.0,accessories,0.78,True,0.5855049268259146,0.6752717159889291,0.701719589978738,Priorite moyenne
q-tunisian handicrafts margoum red and white,rugs & kilim,414.48,1,1,130,236.3099076923077,1,0.26639344262295084,0.7539679283600522,1.0,1.0,rugs & kilim,0.82,True,0.5701358524468535,0.6806343001261034,0.7014191337944962,Priorite moyenne
"q-set of cups "" ekho design """,accessories,118.56,1,1,154,101.48167532467532,1,0.3155737704918033,0.1682897375550356,1.0,1.0,accessories,0.67,True,0.8559520535486105,0.6752717159889291,0.7012643026510076,Priorite moyenne
q-blue and white painted sardines plates.,accessories,31.2,1,1,154,101.48167532467532,1,0.3155737704918033,0.6925553249615202,1.0,1.0,accessories,0.775,True,0.5908226367860293,0.6752717159889291,0.7010013609747494,Priorite moyenne
q-colorful geometric pattern small carpet.,rugs & kilim,402.48,1,1,130,236.3099076923077,1,0.26639344262295084,0.7031871546446984,1.0,1.0,rugs & kilim,0.81,True,0.5871345361388719,0.6806343001261034,0.700619002163698,Priorite moyenne
q-handmade blue pattern ceramic bowl,accessories,9.36,1,1,154,101.48167532467532,1,0.3155737704918033,0.9077665905906591,1.0,1.0,accessories,0.8,True,0.5241731378105287,0.6752717159889291,0.7005864110771993,Priorite moyenne
q-cereal bowl set - fish design,homeware,46.8,1,1,78,168.30123076923078,1,0.1598360655737705,0.7219271629326478,1.0,1.0,homeware,0.955,True,0.5807446572228296,0.6089344262295082,0.7005785640829386,Priorite moyenne
q-collection faiences designed by sofiane ben amor,accessories,56.16,1,1,154,101.48167532467532,1,0.3155737704918033,0.44659959281393286,1.0,1.0,accessories,0.73,True,0.6912762902516756,0.6752717159889291,0.6997967263213141,Priorite moyenne
q-pink handwoven scarf from tunisia,accessories,46.8,1,1,154,101.48167532467532,1,0.3155737704918033,0.5388329923692781,1.0,1.0,accessories,0.745,True,0.6498430986070431,0.6752717159889291,0.6994034071568508,Priorite moyenne
q-handcrafted olive wood serving board with handle,accessories,43.68,1,1,154,101.48167532467532,1,0.3155737704918033,0.5695774588877265,1.0,1.0,accessories,0.75,True,0.6371141445345713,0.6752717159889291,0.6993805117496037,Priorite moyenne
q-jar belle-lune art handmade decorated in nabeul,accessories,146.64,1,1,154,101.48167532467532,1,0.3155737704918033,0.44498993622107125,1.0,1.0,accessories,0.725,True,0.692046342284704,0.6752717159889291,0.6986237315246169,Priorite moyenne
q-palm fiber artisanal leather tunisian bag colorful,accessories,171.6,1,1,154,101.48167532467532,1,0.3155737704918033,0.6909456683686587,1.0,1.0,accessories,0.765,True,0.5913850567208057,0.6752717159889291,0.698557602968227,Priorite moyenne
q-kilim with bright colors,rugs & kilim,299.52,1,1,130,236.3099076923077,1,0.26639344262295084,0.26748811616696244,1.0,1.0,rugs & kilim,0.72,True,0.7889620322627727,0.6806343001261034,0.6983017517760881,Priorite moyenne
"q-tureen collection ""faïences"" blue and white designed by sofiane ben amor",accessories,49.92,1,1,154,101.48167532467532,1,0.3155737704918033,0.5080885258508296,1.0,1.0,accessories,0.735,True,0.6630910472817386,0.6752717159889291,0.6982282020243203,Priorite moyenne
q-spice jar with a lid.,olive wood,18.72,1,1,152,40.29213157894736,1,0.3114754098360656,0.5353931449689213,1.0,1.0,olive wood,0.715,True,0.6512989870227938,0.7100095718291631,0.6981768950353251,Priorite moyenne
q-cereal bowl set – blue & natural,homeware,46.8,1,1,78,168.30123076923078,1,0.1598360655737705,0.7219271629326478,1.0,1.0,homeware,0.945,True,0.5807446572228296,0.6089344262295082,0.6980785640829386,Priorite moyenne
q-red margoum rug - tunisian handmade,rugs & kilim,414.48,1,1,130,236.3099076923077,1,0.26639344262295084,0.7539679283600522,1.0,1.0,rugs & kilim,0.805,True,0.5701358524468535,0.6806343001261034,0.6976691337944962,Priorite moyenne
q-cylindrical luster / lampshade with calligraphy,accessories,414.48,1,1,154,101.48167532467532,1,0.3155737704918033,3.08428413888172,1.0,1.0,accessories,0.9,True,0.24484094788610877,0.6752717159889291,0.6976531920847574,Priorite moyenne
q-pyramidal luster / lampshade with calligraphy,accessories,414.48,1,1,154,101.48167532467532,1,0.3155737704918033,3.08428413888172,1.0,1.0,accessories,0.9,True,0.24484094788610877,0.6752717159889291,0.6976531920847574,Priorite moyenne
q-irregulare form luster / lampshade with calligraphy,accessories,414.48,1,1,154,101.48167532467532,1,0.3155737704918033,3.08428413888172,1.0,1.0,accessories,0.9,True,0.24484094788610877,0.6752717159889291,0.6976531920847574,Priorite moyenne
q-beige rugs with black triangle,rugs & kilim,118.56,1,1,130,236.3099076923077,1,0.26639344262295084,0.4982859514605731,1.0,1.0,rugs & kilim,0.765,True,0.6674293375207654,0.6806343001261034,0.6973984823018874,Priorite moyenne
q-natural tunisian bag with feather design,accessories,171.6,1,1,154,101.48167532467532,1,0.3155737704918033,0.6909456683686587,1.0,1.0,accessories,0.76,True,0.5913850567208057,0.6752717159889291,0.697307602968227,Priorite moyenne
q-fair trade tunisian fouta / striped fouta,accessories,18.72,1,1,154,101.48167532467532,1,0.3155737704918033,0.8155331910353139,1.0,1.0,accessories,0.775,True,0.5508023785727358,0.6752717159889291,0.69699933515342,Priorite moyenne
q-artisan ceramic noodle bowl with olive wood chopsticks,olive wood,18.72,1,1,152,40.29213157894736,1,0.3114754098360656,0.5353931449689213,1.0,1.0,olive wood,0.71,True,0.6512989870227938,0.7100095718291631,0.6969268950353251,Priorite moyenne
q-breadsticks holder,olive wood,37.44,1,1,152,40.29213157894736,1,0.3114754098360656,0.0707863147565836,1.0,1.0,olive wood,0.595,True,0.9338931458302442,0.7100095718291631,0.6964363109160702,Priorite moyenne
q-olive wood honey pot with honey dipper,accessories,28.08,1,1,154,101.48167532467532,1,0.3155737704918033,0.7232997914799686,1.0,1.0,accessories,0.76,True,0.5802820872746701,0.6752717159889291,0.6961973060236135,Priorite moyenne
q-olive wood extra large board,accessories,187.2,1,1,154,101.48167532467532,1,0.3155737704918033,0.8446680009609007,1.0,1.0,accessories,0.775,True,0.5421029689239977,0.6752717159889291,0.6961293941885462,Priorite moyenne
q-set of 4 plates / slama fragment collection,accessories,156.0,1,1,154,101.48167532467532,1,0.3155737704918033,0.5372233357764166,1.0,1.0,accessories,0.73,True,0.6505235620137934,0.6752717159889291,0.6957214534975258,Priorite moyenne
q-cereal bowl set – red & natural,homeware,46.8,1,1,78,168.30123076923078,1,0.1598360655737705,0.7219271629326478,1.0,1.0,homeware,0.935,True,0.5807446572228296,0.6089344262295082,0.6955785640829386,Priorite moyenne
q-rustic woven palm ceiling lamp handmade in tunisia,homeware,374.4,1,1,78,168.30123076923078,1,0.1598360655737705,1.2245826549467278,1.0,1.0,homeware,0.985,True,0.4495225195505029,0.6089344262295082,0.6949563503157059,Priorite moyenne
q-contemporary black raffia pendant lamp handmade in tunisia,homeware,414.48,1,1,78,168.30123076923078,1,0.1598360655737705,1.4627270795517504,1.0,1.0,homeware,1.0,True,0.40605392627672476,0.6089344262295082,0.6943594909883282,Priorite moyenne
q-cereal bowl set – black design,homeware,46.8,1,1,78,168.30123076923078,1,0.1598360655737705,0.7219271629326478,1.0,1.0,homeware,0.93,True,0.5807446572228296,0.6089344262295082,0.6943285640829386,Priorite moyenne
q-authentic handmade tunisian babouche/balgha slippers,accessories,18.127,1,1,154,101.48167532467532,1,0.3155737704918033,0.8213766104729548,1.0,1.0,accessories,0.765,True,0.5490352704926474,0.6752717159889291,0.6943226243454111,Priorite moyenne
q-classic brown striped fouta,fouta towel & blankets,14.04,1,1,46,66.55308695652174,1,0.0942622950819672,0.7890405775135161,1.0,1.0,fouta towel & blankets,0.995,True,0.5589588143326755,0.6002320919458304,0.693544758838827,Priorite moyenne
q-classic gray striped fouta,fouta towel & blankets,14.04,1,1,46,66.55308695652174,1,0.0942622950819672,0.7890405775135161,1.0,1.0,fouta towel & blankets,0.995,True,0.5589588143326755,0.6002320919458304,0.693544758838827,Priorite moyenne
q-handmade dark orange blanket - tunisia fair trade,accessories,218.4,1,1,154,101.48167532467532,1,0.3155737704918033,1.152112666145385,1.0,1.0,accessories,0.795,True,0.4646596880037346,0.6752717159889291,0.69338506609652,Priorite moyenne
q-berber inspired pattern carpet home decoration,rugs & kilim,62.4,1,1,130,236.3099076923077,1,0.26639344262295084,0.735939972448429,1.0,1.0,rugs & kilim,0.785,True,0.5760567852986103,0.6806343001261034,0.6932612270796719,Priorite moyenne
q-dome-shaped ceiling lamp handmade in tunisia,homeware,414.48,1,1,78,168.30123076923078,1,0.1598360655737705,1.4627270795517504,1.0,1.0,homeware,0.995,True,0.40605392627672476,0.6089344262295082,0.6931094909883282,Priorite moyenne
q-three tier raffia pendant lamp handmade in tunisia,homeware,414.48,1,1,78,168.30123076923078,1,0.1598360655737705,1.4627270795517504,1.0,1.0,homeware,0.995,True,0.40605392627672476,0.6089344262295082,0.6931094909883282,Priorite moyenne
q-fouta with small drawing,fouta towel & blankets,13.042,1,1,46,66.55308695652174,1,0.0942622950819672,0.8040361251378724,1.0,1.0,fouta towel & blankets,0.995,True,0.5543126249334811,0.6002320919458304,0.6930801398989076,Priorite moyenne
q-cereal bowl set – sky blue color,homeware,46.8,1,1,78,168.30123076923078,1,0.1598360655737705,0.7219271629326478,1.0,1.0,homeware,0.925,True,0.5807446572228296,0.6089344262295082,0.6930785640829387,Priorite moyenne
"q-olive wood flat spoon 20 cm / 7.8""",accessories,6.24,1,1,154,101.48167532467532,1,0.3155737704918033,0.9385110571091075,1.0,1.0,accessories,0.77,True,0.5158598380611227,0.6752717159889291,0.6922550811022588,Priorite moyenne
q-there tier raffia pendant lamp handmade in tunisia,homeware,414.48,1,1,78,168.30123076923078,1,0.1598360655737705,1.4627270795517504,1.0,1.0,homeware,0.99,True,0.40605392627672476,0.6089344262295082,0.6918594909883282,Priorite moyenne
q-cereal bowl set – terra red,homeware,46.8,1,1,78,168.30123076923078,1,0.1598360655737705,0.7219271629326478,1.0,1.0,homeware,0.92,True,0.5807446572228296,0.6089344262295082,0.6918285640829386,Priorite moyenne
q-rectangular olive wood tray with ceramic tile inlay,olive wood,101.4,1,1,152,40.29213157894736,1,0.3114754098360656,1.5166203551355708,1.0,1.0,olive wood,0.79,True,0.39735830553835355,0.7100095718291631,0.6915328268868811,Priorite moyenne
q-brun fouta with white stripes,fouta towel & blankets,11.7,1,1,46,66.55308695652174,1,0.0942622950819672,0.8242004787569969,1.0,1.0,fouta towel & blankets,0.99,True,0.5481853621052638,0.6002320919458304,0.6912174136160858,Priorite moyenne
q-blue & neon green striped fouta,fouta towel & blankets,14.04,1,1,46,66.55308695652174,1,0.0942622950819672,0.7890405775135161,1.0,1.0,fouta towel & blankets,0.985,True,0.5589588143326755,0.6002320919458304,0.691044758838827,Priorite moyenne
q-neon green & multicolor striped fouta,fouta towel & blankets,14.04,1,1,46,66.55308695652174,1,0.0942622950819672,0.7890405775135161,1.0,1.0,fouta towel & blankets,0.985,True,0.5589588143326755,0.6002320919458304,0.691044758838827,Priorite moyenne
q-rectangular serving tray,olive wood,28.08,1,1,152,40.29213157894736,1,0.3114754098360656,0.3030897298627525,1.0,1.0,olive wood,0.64,True,0.7674068616175225,0.7100095718291631,0.6910376824947979,Priorite moyenne
q-classic white band fouta with ecru fringes,fouta towel & blankets,10.92,1,1,46,66.55308695652174,1,0.0942622950819672,0.8359204458381572,1.0,1.0,fouta towel & blankets,0.99,True,0.5446859106923163,0.6002320919458304,0.6908674684747911,Priorite moyenne
q-fouta with stars,fouta towel & blankets,13.042,1,1,46,66.55308695652174,1,0.0942622950819672,0.8040361251378724,1.0,1.0,fouta towel & blankets,0.985,True,0.5543126249334811,0.6002320919458304,0.6905801398989075,Priorite moyenne
q-cereal bowl set – black & natural,homeware,46.8,1,1,78,168.30123076923078,1,0.1598360655737705,0.7219271629326478,1.0,1.0,homeware,0.915,True,0.5807446572228296,0.6089344262295082,0.6905785640829386,Priorite moyenne
k-la suspension mooja noire,luminaires,220.0,1,1,8,256.12,1,0.01639344262295082,0.14102764274157567,1.0,1.0,luminaires,0.93,True,0.8764029568970607,0.5848386270491803,0.6903867096241323,Priorite moyenne
q-rustic olive wood bottle holder/candle holder/ bottle rack,accessories,24.96,1,1,154,101.48167532467532,1,0.3155737704918033,0.754044257998417,1.0,1.0,accessories,0.74,True,0.5701110422043311,0.6752717159889291,0.6901802015165796,Priorite moyenne
q-beige & white berber cushion cover,homeware,62.4,1,1,78,168.30123076923078,1,0.1598360655737705,0.629236219224106,1.0,1.0,homeware,0.9,True,0.613784537932892,0.6089344262295082,0.6901325521539449,Priorite moyenne
q-pink & multicolor striped fouta,fouta towel & blankets,14.04,1,1,46,66.55308695652174,1,0.0942622950819672,0.7890405775135161,1.0,1.0,fouta towel & blankets,0.98,True,0.5589588143326755,0.6002320919458304,0.689794758838827,Priorite moyenne
q-grey and turquoise handmade carpet with yellow stripes,rugs & kilim,62.4,1,1,130,236.3099076923077,1,0.26639344262295084,0.735939972448429,1.0,1.0,rugs & kilim,0.77,True,0.5760567852986103,0.6806343001261034,0.6895112270796718,Priorite moyenne
q-ethnic rattan floor lamp handmade in tunisia,homeware,414.48,1,1,78,168.30123076923078,1,0.1598360655737705,1.4627270795517504,1.0,1.0,homeware,0.98,True,0.40605392627672476,0.6089344262295082,0.6893594909883282,Priorite moyenne
q-ethnic chic bell ceiling light handmade in tunisia,homeware,405.6,1,1,78,168.30123076923078,1,0.1598360655737705,1.4099645423638114,1.0,1.0,homeware,0.975,True,0.4149438642857173,0.6089344262295082,0.6889984847892274,Priorite moyenne
q-olive wood large bowl rustic,accessories,90.48,1,1,154,101.48167532467532,1,0.3155737704918033,0.10841046111100015,1.0,1.0,accessories,0.6,True,0.9021928564240215,0.6752717159889291,0.6883883829385485,Priorite moyenne
k-le bougeoir sahara mf,la touche déco,75.0,1,1,12,82.33333333333333,1,0.02459016393442623,0.08906882482912354,1.0,1.0,la touche déco,0.925,True,0.9182156142949931,0.5516068989071038,0.6883109739978053,Priorite moyenne
q-naturel handmade hat with green design,accessories,78.0,1,1,154,101.48167532467532,1,0.3155737704918033,0.23138832718479385,1.0,1.0,accessories,0.635,True,0.812091505111312,0.6752717159889291,0.6881282478072777,Priorite moyenne
q-blue and grey kerkenatiss carpet,accessories,414.48,1,1,154,101.48167532467532,1,0.3155737704918033,3.08428413888172,1.0,1.0,accessories,0.86,True,0.24484094788610877,0.6752717159889291,0.6876531920847574,Priorite moyenne
q-handwoven fringe blue throw / blanket,accessories,218.4,1,1,154,101.48167532467532,1,0.3155737704918033,1.152112666145385,1.0,1.0,accessories,0.77,True,0.4646596880037346,0.6752717159889291,0.68713506609652,Priorite moyenne
"q-olive wood small flat spoons set of three 20 cm / 7.87""",accessories,18.72,1,1,154,101.48167532467532,1,0.3155737704918033,0.8155331910353139,1.0,1.0,accessories,0.735,True,0.5508023785727358,0.6752717159889291,0.68699933515342,Priorite moyenne
q-black fouta with random pattern,fouta towel & blankets,13.042,1,1,46,66.55308695652174,1,0.0942622950819672,0.8040361251378724,1.0,1.0,fouta towel & blankets,0.97,True,0.5543126249334811,0.6002320919458304,0.6868301398989075,Priorite moyenne
q-handwoven carpet made by kerkenniens,accessories,414.48,1,1,154,101.48167532467532,1,0.3155737704918033,3.08428413888172,1.0,1.0,accessories,0.855,True,0.24484094788610877,0.6752717159889291,0.6864031920847574,Priorite moyenne
q-handwoven beige cushion cover,homeware,62.4,1,1,78,168.30123076923078,1,0.1598360655737705,0.629236219224106,1.0,1.0,homeware,0.885,True,0.613784537932892,0.6089344262295082,0.686382552153945,Priorite moyenne
q-classic red & white fouta,fouta towel & blankets,11.7,1,1,46,66.55308695652174,1,0.0942622950819672,0.8242004787569969,1.0,1.0,fouta towel & blankets,0.97,True,0.5481853621052638,0.6002320919458304,0.6862174136160858,Priorite moyenne
q-tufted cushion cover,homeware,62.4,1,1,78,168.30123076923078,1,0.1598360655737705,0.629236219224106,1.0,1.0,homeware,0.88,True,0.613784537932892,0.6089344262295082,0.6851325521539449,Priorite moyenne
q-grey artisan cushion handmade in tunisia,homeware,78.0,1,1,78,168.30123076923078,1,0.1598360655737705,0.5365452755155644,1.0,1.0,homeware,0.865,True,0.6508106307928123,0.6089344262295082,0.6850851614399369,Priorite moyenne
q-brown bathroom rug,rugs & kilim,46.8,1,1,130,236.3099076923077,1,0.26639344262295084,0.801954978278389,1.0,1.0,rugs & kilim,0.76,True,0.5549528218265547,0.6806343001261034,0.6849008307324662,Priorite moyenne
q-classic blue striped fouta bath & beach towels,fouta towel & blankets,14.04,1,1,46,66.55308695652174,1,0.0942622950819672,0.7890405775135161,1.0,1.0,fouta towel & blankets,0.96,True,0.5589588143326755,0.6002320919458304,0.684794758838827,Priorite moyenne
q-100% cotton fouta / pestemal bath-gym-beach towel,accessories,37.44,1,1,154,101.48167532467532,1,0.3155737704918033,0.6310663919246233,1.0,1.0,accessories,0.7,True,0.6130958279509526,0.6752717159889291,0.6844786800912417,Priorite moyenne
q-geometric diamond lamp handmade in tunisia,homeware,414.48,1,1,78,168.30123076923078,1,0.1598360655737705,1.4627270795517504,1.0,1.0,homeware,0.96,True,0.40605392627672476,0.6089344262295082,0.6843594909883282,Priorite moyenne
q-white berber cushion cover,homeware,62.4,1,1,78,168.30123076923078,1,0.1598360655737705,0.629236219224106,1.0,1.0,homeware,0.875,True,0.613784537932892,0.6089344262295082,0.6838825521539449,Priorite moyenne
k-sélection de verres lella craquelé transparent,art de la table,99.0,1,1,11,122.36363636363636,1,0.022540983606557378,0.19093610542325617,1.0,1.0,art de la table,0.94,True,0.8396756093347276,0.551857302533532,0.6838472181614906,Priorite moyenne
k-le mini couffin amal gold,rangements,180.0,1,1,12,172.83333333333334,1,0.02459016393442623,0.04146576639460496,1.0,1.0,rangements,0.9,True,0.9601851854063786,0.5393152322404372,0.6837995977756106,Priorite moyenne
k-le mini couffin amal vert,rangements,180.0,1,1,12,172.83333333333334,1,0.02459016393442623,0.04146576639460496,1.0,1.0,rangements,0.9,True,0.9601851854063786,0.5393152322404372,0.6837995977756106,Priorite moyenne
q-sky blue fouta with green line,fouta towel & blankets,14.04,1,1,46,66.55308695652174,1,0.0942622950819672,0.7890405775135161,1.0,1.0,fouta towel & blankets,0.955,True,0.5589588143326755,0.6002320919458304,0.683544758838827,Priorite moyenne
q-handmade classic blue band fouta with ecru fringes,fouta towel & blankets,10.92,1,1,46,66.55308695652174,1,0.0942622950819672,0.8359204458381572,1.0,1.0,fouta towel & blankets,0.96,True,0.5446859106923163,0.6002320919458304,0.6833674684747911,Priorite moyenne
q-light orange halfa rug,rugs & kilim,62.4,1,1,130,236.3099076923077,1,0.26639344262295084,0.735939972448429,1.0,1.0,rugs & kilim,0.745,True,0.5760567852986103,0.6806343001261034,0.6832612270796719,Priorite moyenne
q-artisan cushion handmade in tunisia,homeware,234.0,1,1,78,168.30123076923078,1,0.1598360655737705,0.3903641615698526,1.0,1.0,homeware,0.83,True,0.7192360301281827,0.6089344262295082,0.683177701373474,Priorite moyenne
q-demi-sphere ceiling light handmade in tunisia,homeware,414.48,1,1,78,168.30123076923078,1,0.1598360655737705,1.4627270795517504,1.0,1.0,homeware,0.955,True,0.40605392627672476,0.6089344262295082,0.6831094909883282,Priorite moyenne
k-le bougeoir sahara gf,la touche déco,80.0,1,1,12,82.33333333333333,1,0.02459016393442623,0.028340080627448357,1.0,1.0,la touche déco,0.88,True,0.9724409452073906,0.5516068989071038,0.6824835070890449,Priorite moyenne
q-classic light blue & white fouta,fouta towel & blankets,11.7,1,1,46,66.55308695652174,1,0.0942622950819672,0.8242004787569969,1.0,1.0,fouta towel & blankets,0.955,True,0.5481853621052638,0.6002320919458304,0.6824674136160859,Priorite moyenne
q-classic light green & white fouta,fouta towel & blankets,11.7,1,1,46,66.55308695652174,1,0.0942622950819672,0.8242004787569969,1.0,1.0,fouta towel & blankets,0.955,True,0.5481853621052638,0.6002320919458304,0.6824674136160859,Priorite moyenne
q-small carpet with grey and gold design,rugs & kilim,46.8,1,1,130,236.3099076923077,1,0.26639344262295084,0.801954978278389,1.0,1.0,rugs & kilim,0.75,True,0.5549528218265547,0.6806343001261034,0.6824008307324663,Priorite moyenne
q-handmade lightweight tablecloth sofa throw,fouta towel & blankets,117.0,1,1,46,66.55308695652174,1,0.0942622950819672,0.7579950771996421,1.0,1.0,fouta towel & blankets,0.945,True,0.5688298067324097,0.6002320919458304,0.6820318580788004,Priorite moyenne
a-body scrub,cosmetiques et soins,42.0,1,1,193,24.965803108808288,1,0.39549180327868855,0.682301151485115,1.0,1.0,cosmetiques et soins,0.575,True,0.5944238931996285,0.748326254990232,0.6819560009737469,Priorite moyenne
q-triple-layer jute wall sconce handmade in tunisia,homeware,414.48,1,1,78,168.30123076923078,1,0.1598360655737705,1.4627270795517504,1.0,1.0,homeware,0.95,True,0.40605392627672476,0.6089344262295082,0.6818594909883282,Priorite moyenne
q-kilim trio 100% cotton handmade,social projects,171.6,1,1,47,143.25702127659574,1,0.09631147540983606,0.19784704632964245,1.0,1.0,social projects,0.865,True,0.8348311272830106,0.5567426752703174,0.6803439428643316,Priorite moyenne
q-throw blanket fouta towel peshtemal made in tunisia,accessories,24.96,1,1,154,101.48167532467532,1,0.3155737704918033,0.754044257998417,1.0,1.0,accessories,0.7,True,0.5701110422043311,0.6752717159889291,0.6801802015165795,Priorite moyenne
q-sample rug kilim abstract brown and beige,rugs & kilim,46.8,1,1,130,236.3099076923077,1,0.26639344262295084,0.801954978278389,1.0,1.0,rugs & kilim,0.74,True,0.5549528218265547,0.6806343001261034,0.6799008307324662,Priorite moyenne
q-wool fringed throw blanket,accessories,93.6,1,1,154,101.48167532467532,1,0.3155737704918033,0.07766599459255183,1.0,1.0,accessories,0.555,True,0.9279312932000643,0.6752717159889291,0.6797122266161528,Priorite moyenne
q-light gray industrial style hamam fouta beach towel bed spread,homeware,28.08,1,1,78,168.30123076923078,1,0.1598360655737705,0.8331562953828977,1.0,1.0,homeware,0.885,True,0.545507222989476,0.6089344262295082,0.6795548206596034,Priorite moyenne
q-cereal bowl set – mediterranean blue,homeware,46.8,1,1,78,168.30123076923078,1,0.1598360655737705,0.7219271629326478,1.0,1.0,homeware,0.87,True,0.5807446572228296,0.6089344262295082,0.6793285640829386,Priorite moyenne
k-la suspension mooja gold pf,luminaires,160.0,1,1,8,256.12,1,0.01639344262295082,0.37529283001994057,1.0,1.0,luminaires,0.945,True,0.7271178749514028,0.5848386270491803,0.6792082014295665,Priorite moyenne
q-handmade cotton fouta towel/ diamond patterns,accessories,21.84,1,1,154,101.48167532467532,1,0.3155737704918033,0.7847887245168654,1.0,1.0,accessories,0.7,True,0.5602904065133512,0.6752717159889291,0.6791981379474815,Priorite moyenne
q-set of ceramics plates made in tunisia by slama pottery,social projects,109.2,1,1,47,143.25702127659574,1,0.09631147540983606,0.23773369525187818,1.0,1.0,social projects,0.87,True,0.8079282351576447,0.5567426752703174,0.6789036536517951,Priorite moyenne
q-black and white carpet made by kerkenniens,accessories,414.48,1,1,154,101.48167532467532,1,0.3155737704918033,3.08428413888172,1.0,1.0,accessories,0.825,True,0.24484094788610877,0.6752717159889291,0.6789031920847574,Priorite moyenne
q-white kilim with black and beige lines,rugs & kilim,390.0,1,1,130,236.3099076923077,1,0.26639344262295084,0.6503751499807303,1.0,1.0,rugs & kilim,0.715,True,0.6059228412471406,0.6806343001261034,0.6787478326745249,Priorite moyenne
q-yellow fouta palm tree,fouta towel & blankets,13.042,1,1,46,66.55308695652174,1,0.0942622950819672,0.8040361251378724,1.0,1.0,fouta towel & blankets,0.935,True,0.5543126249334811,0.6002320919458304,0.6780801398989076,Priorite moyenne
k-la suspension mooja noire pf,luminaires,160.0,1,1,8,256.12,1,0.01639344262295082,0.37529283001994057,1.0,1.0,luminaires,0.94,True,0.7271178749514028,0.5848386270491803,0.6779582014295665,Priorite moyenne
q-colorful traditional fan in natural palm fiber,accessories,21.84,1,1,154,101.48167532467532,1,0.3155737704918033,0.7847887245168654,1.0,1.0,accessories,0.695,True,0.5602904065133512,0.6752717159889291,0.6779481379474815,Priorite moyenne
q-tunisian halfa storage basket,homeware,78.0,1,1,78,168.30123076923078,1,0.1598360655737705,0.5365452755155644,1.0,1.0,homeware,0.835,True,0.6508106307928123,0.6089344262295082,0.6775851614399369,Priorite moyenne
k-le mini couffin amal lilas,rangements,180.0,1,1,12,172.83333333333334,1,0.02459016393442623,0.04146576639460496,1.0,1.0,rangements,0.875,True,0.9601851854063786,0.5393152322404372,0.6775495977756105,Priorite moyenne
q-red floral scarf hand embroidery,accessories,171.6,1,1,154,101.48167532467532,1,0.3155737704918033,0.6909456683686587,1.0,1.0,accessories,0.68,True,0.5913850567208057,0.6752717159889291,0.677307602968227,Priorite moyenne
q-pastel mint green area rug made by kerkenniens,accessories,308.88,1,1,154,101.48167532467532,1,0.3155737704918033,2.043702195180389,1.0,1.0,accessories,0.785,True,0.32854725458471923,0.6752717159889291,0.6772738227546183,Priorite moyenne
q-set of rectangular cutting boards,olive wood,65.52,1,1,152,40.29213157894736,1,0.3114754098360656,0.6261239305619231,1.0,1.0,olive wood,0.645,True,0.6149592790596472,0.7100095718291631,0.6770429242390105,Priorite moyenne
q-natural couffin handmade in tunisia,accessories,40.56,1,1,154,101.48167532467532,1,0.3155737704918033,0.6003219254061749,1.0,1.0,accessories,0.665,True,0.624874273184873,0.6752717159889291,0.6769065246146339,Priorite moyenne
q-traditional clay and cane pendant light handmade in tunisia,homeware,414.48,1,1,78,168.30123076923078,1,0.1598360655737705,1.4627270795517504,1.0,1.0,homeware,0.93,True,0.40605392627672476,0.6089344262295082,0.6768594909883282,Priorite moyenne
q-square pillows covers hand-woven silk,homeware,46.8,1,1,78,168.30123076923078,1,0.1598360655737705,0.7219271629326478,1.0,1.0,homeware,0.86,True,0.5807446572228296,0.6089344262295082,0.6768285640829386,Priorite moyenne
q-lampshade olive wood and aluminium hand decorated,accessories,414.48,1,1,154,101.48167532467532,1,0.3155737704918033,3.08428413888172,1.0,1.0,accessories,0.815,True,0.24484094788610877,0.6752717159889291,0.6764031920847574,Priorite moyenne
k-sélection de verres lella craquelé bleu foncé,art de la table,99.0,1,1,11,122.36363636363636,1,0.022540983606557378,0.19093610542325617,1.0,1.0,art de la table,0.91,True,0.8396756093347276,0.551857302533532,0.6763472181614907,Priorite moyenne
k-coffret héritage,coffrets cadeaux,127.0,1,1,11,131.13636363636363,1,0.022540983606557378,0.03154246076466747,1.0,1.0,coffrets cadeaux,0.86,True,0.9694220432367995,0.5469709388971684,0.6758445888244251,Priorite moyenne
q-green fouta palm tree,fouta towel & blankets,13.042,1,1,46,66.55308695652174,1,0.0942622950819672,0.8040361251378724,1.0,1.0,fouta towel & blankets,0.925,True,0.5543126249334811,0.6002320919458304,0.6755801398989075,Priorite moyenne
q-hand painted ceramic tile coaster,accessories,6.24,1,1,154,101.48167532467532,1,0.3155737704918033,0.9385110571091075,1.0,1.0,accessories,0.7,True,0.5158598380611227,0.6752717159889291,0.6747550811022587,Priorite moyenne
q-handmade berber fouta towel : authentic tunisian craftsmanship,fouta towel & blankets,18.72,1,1,46,66.55308695652174,1,0.0942622950819672,0.7187207750265543,1.0,1.0,fouta towel & blankets,0.91,True,0.5818280750022062,0.6002320919458304,0.6745816849057802,Priorite moyenne
q-small traditional black bag,accessories,46.8,1,1,154,101.48167532467532,1,0.3155737704918033,0.5388329923692781,1.0,1.0,accessories,0.645,True,0.6498430986070431,0.6752717159889291,0.6744034071568509,Priorite moyenne
q-kilim abstract black grey,rugs & kilim,99.84,1,1,130,236.3099076923077,1,0.26639344262295084,0.577503958456525,1.0,1.0,rugs & kilim,0.685,True,0.6339128308612478,0.6806343001261034,0.6740468316359356,Priorite moyenne
q-set of ceramics plates ceramics made in tunisia hand-painted,social projects,109.2,1,1,47,143.25702127659574,1,0.09631147540983606,0.23773369525187818,1.0,1.0,social projects,0.85,True,0.8079282351576447,0.5567426752703174,0.673903653651795,Priorite moyenne
q-tunisian white fouta with blue stripes,fouta towel & blankets,14.04,1,1,46,66.55308695652174,1,0.0942622950819672,0.7890405775135161,1.0,1.0,fouta towel & blankets,0.915,True,0.5589588143326755,0.6002320919458304,0.673544758838827,Priorite moyenne
q-round storage basket - hand-woven palm,homeware,140.4,1,1,78,168.30123076923078,1,0.1598360655737705,0.16578150068139755,1.0,1.0,homeware,0.735,True,0.8577936769587624,0.6089344262295082,0.6732834660565319,Priorite moyenne
k-coffret premium noja,coffrets cadeaux,99.5,1,1,11,131.13636363636363,1,0.022540983606557378,0.24124783178251213,1.0,1.0,coffrets cadeaux,0.915,True,0.8056408836291261,0.5469709388971684,0.6732164728636577,Priorite moyenne
q-blue diamond fouta,fouta towel & blankets,13.042,1,1,46,66.55308695652174,1,0.0942622950819672,0.8040361251378724,1.0,1.0,fouta towel & blankets,0.915,True,0.5543126249334811,0.6002320919458304,0.6730801398989076,Priorite moyenne
q-palm fiber pendant lamp raisa,homeware,62.4,1,1,78,168.30123076923078,1,0.1598360655737705,0.629236219224106,1.0,1.0,homeware,0.83,True,0.613784537932892,0.6089344262295082,0.6726325521539449,Priorite moyenne
q-handwoven halfa basket with lid – made in tunisia,homeware,85.8,1,1,78,168.30123076923078,1,0.1598360655737705,0.4901998036612935,1.0,1.0,homeware,0.805,True,0.6710509540687668,0.6089344262295082,0.6721091937675324,Priorite moyenne
q-handmade lightweight tablecloth sofa brown throw,fouta towel & blankets,117.0,1,1,46,66.55308695652174,1,0.0942622950819672,0.7579950771996421,1.0,1.0,fouta towel & blankets,0.905,True,0.5688298067324097,0.6002320919458304,0.6720318580788004,Priorite moyenne
q-rectangular pillows covers hand-woven silk & wool,homeware,46.8,1,1,78,168.30123076923078,1,0.1598360655737705,0.7219271629326478,1.0,1.0,homeware,0.84,True,0.5807446572228296,0.6089344262295082,0.6718285640829386,Priorite moyenne
k-le coffret chourouk rose,nouveautés,75.0,1,1,6,75.0,1,0.012295081967213115,0.0,1.0,1.0,nouveautés,0.835,True,1.0,0.5517930327868853,0.6715676229508196,Priorite moyenne
q-bag and set of 3 beige towels,social projects,59.28,1,1,47,143.25702127659574,1,0.09631147540983606,0.5861982885170948,1.0,1.0,social projects,0.905,True,0.6304382038735398,0.5567426752703174,0.6699046505233847,Priorite moyenne
q-bag and set of 3 pink towels,social projects,59.28,1,1,47,143.25702127659574,1,0.09631147540983606,0.5861982885170948,1.0,1.0,social projects,0.905,True,0.6304382038735398,0.5567426752703174,0.6699046505233847,Priorite moyenne
q-handmade halfa under dish 30 cm,homeware,21.84,1,1,78,168.30123076923078,1,0.1598360655737705,0.8702326728663144,1.0,1.0,homeware,0.85,True,0.5346928296720441,0.6089344262295082,0.6697233813278601,Priorite moyenne
q-hand-painted tunisian tajine floral decorated ceramic cookware,accessories,49.92,1,1,154,101.48167532467532,1,0.3155737704918033,0.5080885258508296,1.0,1.0,accessories,0.62,True,0.6630910472817386,0.6752717159889291,0.6694782020243203,Priorite moyenne
q-handmade natural olive wood chess table 40 cm,homeware,152.88,1,1,78,168.30123076923078,1,0.1598360655737705,0.09162874571456424,1.0,1.0,homeware,0.695,True,0.9160623553801844,0.6089344262295082,0.6691103338986741,Priorite moyenne
q-set of three plates of ceramics hand-painted tunisia,social projects,112.32,1,1,47,143.25702127659574,1,0.09631147540983606,0.2159546581728022,1.0,1.0,social projects,0.825,True,0.8223990864122235,0.5567426752703174,0.669100738777253,Priorite moyenne
q-grey and white artisan cushion handmade in tunisia,homeware,62.4,1,1,78,168.30123076923078,1,0.1598360655737705,0.629236219224106,1.0,1.0,homeware,0.815,True,0.613784537932892,0.6089344262295082,0.6688825521539449,Priorite moyenne
q-halfa basket set of 3 – handwoven in tunisia,homeware,78.0,1,1,78,168.30123076923078,1,0.1598360655737705,0.5365452755155644,1.0,1.0,homeware,0.8,True,0.6508106307928123,0.6089344262295082,0.6688351614399369,Priorite moyenne
q-blown glass mouth blown locally available recycled transparent glass,social projects,140.4,1,1,47,143.25702127659574,1,0.09631147540983606,0.01994332446111781,1.0,1.0,social projects,0.76,True,0.980446634648396,0.5567426752703174,0.6686554936008703,Priorite moyenne
k-coffret amwej bleu gf,coffrets cadeaux,109.0,1,1,11,131.13636363636363,1,0.022540983606557378,0.1688041581581658,1.0,1.0,coffrets cadeaux,0.875,True,0.8555753271581681,0.5469709388971684,0.6682099172165619,Priorite moyenne
k-pack lella craquelé bleu foncé,art de la table,164.0,1,1,11,122.36363636363636,1,0.022540983606557378,0.34026745635739825,1.0,1.0,art de la table,0.91,True,0.7461197354726624,0.551857302533532,0.6669916307752841,Priorite moyenne
q-handmade halfa under dish 25 cm,homeware,18.72,1,1,78,168.30123076923078,1,0.1598360655737705,0.8887708616080229,1.0,1.0,homeware,0.84,True,0.52944484708359,0.6089344262295082,0.6666985830690146,Priorite moyenne
k-coffret kara prestige,coffrets cadeaux,190.0,1,1,11,131.13636363636363,1,0.022540983606557378,0.4488734801125767,1.0,1.0,coffrets cadeaux,0.935,True,0.6901913891903803,0.5469709388971684,0.6666715234197831,Priorite moyenne
k-le bougeoir morgène,la touche déco,70.0,1,1,12,82.33333333333333,1,0.02459016393442623,0.14979756903079872,1.0,1.0,la touche déco,0.855,True,0.86971831123537,0.5516068989071038,0.665961243691843,Priorite moyenne
k-pack lella craquelé turquoise,art de la table,164.0,1,1,11,122.36363636363636,1,0.022540983606557378,0.34026745635739825,1.0,1.0,art de la table,0.905,True,0.7461197354726624,0.551857302533532,0.6657416307752841,Priorite moyenne
q-lampshade size medium palm wood and aluminium,accessories,390.0,1,1,154,101.48167532467532,1,0.3155737704918033,2.843058324660048,1.0,1.0,accessories,0.765,True,0.26020942580632284,0.6752717159889291,0.6654400398767787,Priorite moyenne
q-small purple pouf with green and orange design,homeware,140.4,1,1,78,168.30123076923078,1,0.1598360655737705,0.16578150068139755,1.0,1.0,homeware,0.7,True,0.8577936769587624,0.6089344262295082,0.664533466056532,Priorite moyenne
q-lightweight tablecloth sofa throw,fouta towel & blankets,117.0,1,1,46,66.55308695652174,1,0.0942622950819672,0.7579950771996421,1.0,1.0,fouta towel & blankets,0.875,True,0.5688298067324097,0.6002320919458304,0.6645318580788004,Priorite moyenne
k-la peau de chèvre,linge de maison,89.0,1,1,5,93.6,1,0.010245901639344262,0.04914529862024248,1.0,1.0,linge de maison,0.85,True,0.9531568232876088,0.5173483606557377,0.6633345347877773,Priorite moyenne
q-handmade halfa under dish 15 cm,homeware,12.48,1,1,78,168.30123076923078,1,0.1598360655737705,0.9258472390914395,1.0,1.0,homeware,0.83,True,0.5192519841146755,0.6089344262295082,0.6631792967721233,Priorite moyenne
q-ethnic chic beige jute suspension handmade in tunisia,homeware,414.48,1,1,78,168.30123076923078,1,0.1598360655737705,1.4627270795517504,1.0,1.0,homeware,0.87,True,0.40605392627672476,0.6089344262295082,0.6618594909883282,Priorite moyenne
k-le coffret chourouk vert pastel,nouveautés,75.0,1,1,6,75.0,1,0.012295081967213115,0.0,1.0,1.0,nouveautés,0.795,True,1.0,0.5517930327868853,0.6615676229508196,Priorite moyenne
q-straw bag with long basket handle,homeware,56.16,1,1,78,168.30123076923078,1,0.1598360655737705,0.6663125967075227,1.0,1.0,homeware,0.79,True,0.6001274922700015,0.6089344262295082,0.6612668475876559,Priorite moyenne
q-black on natural flax linen tout est magnifique,social projects,156.0,1,1,47,143.25702127659574,1,0.09631147540983606,0.08895186093426233,1.0,1.0,social projects,0.755,True,0.9183142394761634,0.5567426752703174,0.661192254083647,Priorite moyenne
k-le bougeoir sahara pf,la touche déco,70.0,1,1,12,82.33333333333333,1,0.02459016393442623,0.14979756903079872,1.0,1.0,la touche déco,0.835,True,0.86971831123537,0.5516068989071038,0.660961243691843,Priorite moyenne
q-mini appetizer bowls ceramics hand-painted made in tunisia,social projects,115.44,1,1,47,143.25702127659574,1,0.09631147540983606,0.19417562109372613,1.0,1.0,social projects,0.785,True,0.8373977682479534,0.5567426752703174,0.660600606960826,Priorite moyenne
k-la peau de mouton,linge de maison,99.0,1,1,5,93.6,1,0.010245901639344262,0.057692307075936956,1.0,1.0,linge de maison,0.84,True,0.9454545460055096,0.5173483606557377,0.6600643070595673,Priorite moyenne
q-grey and white geometric pattern small carpet.,accessories,399.36,1,1,154,101.48167532467532,1,0.3155737704918033,2.9352917242153933,1.0,1.0,accessories,0.745,True,0.2541107674042582,0.6752717159889291,0.6598301740365723,Priorite moyenne
k-le coffret gratitude beige,nouveautés,85.0,1,1,6,75.0,1,0.012295081967213115,0.13333333155555557,1.0,1.0,nouveautés,0.835,True,0.8823529425605536,0.5517930327868853,0.659802917206875,Priorite moyenne
q-small striped carpet handwoven by women artisans.,rugs & kilim,62.4,1,1,130,236.3099076923077,1,0.26639344262295084,0.735939972448429,1.0,1.0,rugs & kilim,0.65,True,0.5760567852986103,0.6806343001261034,0.6595112270796718,Priorite moyenne
q-ceramic handmade jilani green set made in tunisia,handcrafted ceramics,152.88,1,1,262,31.49497709923664,1,0.5368852459016393,3.854107233168879,1.0,1.0,handcrafted ceramics,0.485,True,0.20601110605197234,0.7973638311850832,0.6587009260225417,Priorite moyenne
q-vase medium blown glass mouth blown locally recycled,social projects,15.6,1,1,47,143.25702127659574,1,0.09631147540983606,0.8911048076241593,1.0,1.0,social projects,0.9,True,0.5287914218019064,0.5567426752703174,0.6584899723162213,Priorite moyenne
q-natural vegetable fibre mirror with black design,homeware,78.0,1,1,78,168.30123076923078,1,0.1598360655737705,0.5365452755155644,1.0,1.0,homeware,0.755,True,0.6508106307928123,0.6089344262295082,0.6575851614399368,Priorite moyenne
q-red handmade bathroom rug,rugs & kilim,46.8,1,1,130,236.3099076923077,1,0.26639344262295084,0.801954978278389,1.0,1.0,rugs & kilim,0.65,True,0.5549528218265547,0.6806343001261034,0.6574008307324662,Priorite moyenne
q-classic blue band fouta with ecru fringes – timeless tunisian craft,fouta towel & blankets,10.92,1,1,46,66.55308695652174,1,0.0942622950819672,0.8359204458381572,1.0,1.0,fouta towel & blankets,0.855,True,0.5446859106923163,0.6002320919458304,0.6571174684747911,Priorite moyenne
k-le coffret chourouk terracotta,nouveautés,75.0,1,1,6,75.0,1,0.012295081967213115,0.0,1.0,1.0,nouveautés,0.775,True,1.0,0.5517930327868853,0.6565676229508196,Priorite moyenne
q-handcrafted grey carpet.,accessories,414.48,1,1,154,101.48167532467532,1,0.3155737704918033,3.08428413888172,1.0,1.0,accessories,0.735,True,0.24484094788610877,0.6752717159889291,0.6564031920847574,Priorite moyenne
k-le pack zouhour premium,la touche déco,93.0,1,1,12,82.33333333333333,1,0.02459016393442623,0.1295546542969071,1.0,1.0,la touche déco,0.81,True,0.885304660731491,0.5516068989071038,0.656269878641455,Priorite moyenne
k-la suspension noor,luminaires,414.48,1,1,8,256.12,1,0.01639344262295082,0.6183039176233645,1.0,1.0,luminaires,0.895,True,0.6179309022921953,0.5848386270491803,0.6557895041636458,Priorite moyenne
k-la suspension ksour,luminaires,414.48,1,1,8,256.12,1,0.01639344262295082,0.6183039176233645,1.0,1.0,luminaires,0.895,True,0.6179309022921953,0.5848386270491803,0.6557895041636458,Priorite moyenne
q-blue floral fouta,fouta towel & blankets,13.042,1,1,46,66.55308695652174,1,0.0942622950819672,0.8040361251378724,1.0,1.0,fouta towel & blankets,0.845,True,0.5543126249334811,0.6002320919458304,0.6555801398989075,Priorite moyenne
q-cylindrical large blown vase glass mouth blown locally available recycled,social projects,28.08,1,1,47,143.25702127659574,1,0.09631147540983606,0.8039886593078551,1.0,1.0,social projects,0.875,True,0.5543272097861606,0.5567426752703174,0.6547935511146468,Priorite moyenne
k-pack lella craquelé miel,art de la table,164.0,1,1,11,122.36363636363636,1,0.022540983606557378,0.34026745635739825,1.0,1.0,art de la table,0.86,True,0.7461197354726624,0.551857302533532,0.654491630775284,Priorite moyenne
"q-tiles hand-painted industrial biscuits according to the ""cuerda seca"" technique",social projects,124.8,1,1,47,143.25702127659574,1,0.09631147540983606,0.12883850985649806,1.0,1.0,social projects,0.74,True,0.8858663052938577,0.5567426752703174,0.6541974606654164,Priorite moyenne
q-fouta chevron db – beige handwoven tunisian towel,fouta towel & blankets,14.04,1,1,46,66.55308695652174,1,0.0942622950819672,0.7890405775135161,1.0,1.0,fouta towel & blankets,0.835,True,0.5589588143326755,0.6002320919458304,0.653544758838827,Priorite moyenne
q-vase blown glass mouth blown locally available recycled transparent glass,social projects,15.6,1,1,47,143.25702127659574,1,0.09631147540983606,0.8911048076241593,1.0,1.0,social projects,0.88,True,0.5287914218019064,0.5567426752703174,0.6534899723162213,Priorite moyenne
q-serving medium board without handle olive wood,accessories,23.4,1,1,154,101.48167532467532,1,0.3155737704918033,0.7694164912576413,1.0,1.0,olive wood,0.595,False,0.5651580647862244,0.6752717159889291,0.6534349037747689,Priorite moyenne
q-luxurious gold thread large hamam fouta towel bed spread xl,homeware,89.856,1,1,78,168.30123076923078,1,0.1598360655737705,0.4661001582970727,1.0,1.0,homeware,0.725,True,0.6820816397438599,0.6089344262295082,0.6532122623350417,Priorite moyenne
q-set of sejnan deep clay plate and napkin holder,social projects,182.52,1,1,47,143.25702127659574,1,0.09631147540983606,0.2740736761064087,1.0,1.0,social projects,0.775,True,0.7848839660952869,0.5567426752703174,0.6528492267455593,Priorite moyenne
q-handmade baroque sofa bed throw,fouta towel & blankets,224.64,1,1,46,66.55308695652174,1,0.0942622950819672,2.375350534399762,1.0,1.0,fouta towel & blankets,0.935,True,0.29626552555313485,0.6002320919458304,0.652275429960873,Priorite moyenne
q-handmade blue and light brown hoop chair,homeware,234.0,1,1,78,168.30123076923078,1,0.1598360655737705,0.3903641615698526,1.0,1.0,homeware,0.705,True,0.7192360301281827,0.6089344262295082,0.651927701373474,Priorite moyenne
q-wholesale green halfa grass hoop chair,homeware,234.0,1,1,78,168.30123076923078,1,0.1598360655737705,0.3903641615698526,1.0,1.0,homeware,0.705,True,0.7192360301281827,0.6089344262295082,0.651927701373474,Priorite moyenne
q-blue fouta fish,fouta towel & blankets,13.042,1,1,46,66.55308695652174,1,0.0942622950819672,0.8040361251378724,1.0,1.0,fouta towel & blankets,0.83,True,0.5543126249334811,0.6002320919458304,0.6518301398989076,Priorite moyenne
q-base cloth 100% natural linen embroidery fish,social projects,109.2,1,1,47,143.25702127659574,1,0.09631147540983606,0.23773369525187818,1.0,1.0,social projects,0.76,True,0.8079282351576447,0.5567426752703174,0.6514036536517951,Priorite moyenne
q-large laundry basket handmade,homeware,78.0,1,1,78,168.30123076923078,1,0.1598360655737705,0.5365452755155644,1.0,1.0,homeware,0.725,True,0.6508106307928123,0.6089344262295082,0.6500851614399369,Priorite moyenne
q-big fouta towel berber 2*2m,fouta towel & blankets,26.364,1,1,46,66.55308695652174,1,0.0942622950819672,0.6038650976311833,1.0,1.0,fouta towel & blankets,0.795,True,0.6234938346603729,0.6002320919458304,0.6499982608715967,Priorite moyenne
k-le coffret gratitude vert pastel,nouveautés,85.0,1,1,6,75.0,1,0.012295081967213115,0.13333333155555557,1.0,1.0,nouveautés,0.795,True,0.8823529425605536,0.5517930327868853,0.649802917206875,Priorite moyenne
q-handmade united flat fouta,fouta towel & blankets,10.858,1,1,46,66.55308695652174,1,0.0942622950819672,0.8368520329651211,1.0,1.0,fouta towel & blankets,0.825,True,0.5444096650429482,0.6002320919458304,0.6495898439098543,Priorite moyenne
q-natural straw bag with leather handles,homeware,39.0,1,1,78,168.30123076923078,1,0.1598360655737705,0.7682726347869187,1.0,1.0,homeware,0.755,True,0.5655236530426218,0.6089344262295082,0.6490564636649179,Priorite moyenne
q-olivewood board with resin art,olive wood,171.6,1,1,152,40.29213157894736,1,0.3114754098360656,3.2588959684318373,1.0,1.0,olive wood,0.685,True,0.23480263603813945,0.7100095718291631,0.6490272599368597,Priorite moyenne
q-box lange natural palm fibers with small bag,homeware,265.2,1,1,78,168.30123076923078,1,0.1598360655737705,0.5757460489869359,1.0,1.0,homeware,0.725,True,0.6346200269027555,0.6089344262295082,0.6484661010509313,Priorite moyenne
q-striped farmhouse style hamam fouta towel spread,homeware,18.72,1,1,78,168.30123076923078,1,0.1598360655737705,0.8887708616080229,1.0,1.0,homeware,0.765,True,0.52944484708359,0.6089344262295082,0.6479485830690147,Priorite moyenne
q-set of 3 tunisian handwoven halfa baskets,homeware,78.0,1,1,78,168.30123076923078,1,0.1598360655737705,0.5365452755155644,1.0,1.0,homeware,0.715,True,0.6508106307928123,0.6089344262295082,0.6475851614399368,Priorite moyenne
q-handwoven fringe grey and beige throw / blanket,fouta towel & blankets,78.0,1,1,46,66.55308695652174,1,0.0942622950819672,0.17199672314162764,1.0,1.0,fouta towel & blankets,0.69,True,0.8532447064522696,0.6002320919458304,0.6467233480507865,Priorite moyenne
q-throw etand'art saida in unbleached and undyed wool throw with bobble,social projects,156.0,1,1,47,143.25702127659574,1,0.09631147540983606,0.08895186093426233,1.0,1.0,social projects,0.695,True,0.9183142394761634,0.5567426752703174,0.646192254083647,Priorite moyenne
q-throws 100% linen handwoven & embroidery 100% handmade,social projects,118.56,1,1,47,143.25702127659574,1,0.09631147540983606,0.17239658401465008,1.0,1.0,social projects,0.72,True,0.8529536964153286,0.5567426752703174,0.6459061997775635,Priorite moyenne
q-a white ines carpet with a black motif,rugs & kilim,393.12,1,1,130,236.3099076923077,1,0.26639344262295084,0.6635781511467224,1.0,1.0,rugs & kilim,0.585,True,0.601113929820904,0.6806343001261034,0.6457669415319012,Priorite moyenne
q-olive wood small nesting bowls set of 3,accessories,24.96,1,1,154,101.48167532467532,1,0.3155737704918033,0.754044257998417,1.0,1.0,olive wood,0.56,False,0.5701110422043311,0.6752717159889291,0.6451802015165796,Priorite moyenne
q-small carpet with grey and yellow diamond shaped motifs,rugs & kilim,46.8,1,1,130,236.3099076923077,1,0.26639344262295084,0.801954978278389,1.0,1.0,rugs & kilim,0.6,True,0.5549528218265547,0.6806343001261034,0.6449008307324663,Priorite moyenne
k-coffret roma prestige,coffrets cadeaux,220.0,1,1,11,131.13636363636363,1,0.022540983606557378,0.6776429757684073,1.0,1.0,coffrets cadeaux,0.885,True,0.5960743820013148,0.5469709388971684,0.6447598227008766,Priorite moyenne
q-lightweight tablecloth sofa orange throw,fouta towel & blankets,117.0,1,1,46,66.55308695652174,1,0.0942622950819672,0.7579950771996421,1.0,1.0,fouta towel & blankets,0.795,True,0.5688298067324097,0.6002320919458304,0.6445318580788004,Priorite moyenne
k-la tour nassije,luminaires,240.0,1,1,8,256.12,1,0.01639344262295082,0.06293924698212071,1.0,1.0,luminaires,0.72,True,0.9407875406230256,0.5848386270491803,0.6443251679967288,Priorite moyenne
q-hand woven striped kilim flat weave reversible berber rug,accessories,390.0,1,1,154,101.48167532467532,1,0.3155737704918033,2.843058324660048,1.0,1.0,accessories,0.68,True,0.26020942580632284,0.6752717159889291,0.6441900398767787,Priorite moyenne
q-kilim alia handmade area rug tunisia,social projects,202.8,1,1,47,143.25702127659574,1,0.09631147540983606,0.4156374171204029,1.0,1.0,social projects,0.77,True,0.7063955698727818,0.5567426752703174,0.6437503871233089,Priorite moyenne
q-cushion with leaf embroidery handmade tilli tanit,homeware,249.6,1,1,78,168.30123076923078,1,0.1598360655737705,0.4830551052783943,1.0,1.0,homeware,0.69,True,0.6742837784252684,0.6089344262295082,0.6436824762031825,Priorite moyenne
q-blue handmade bathroom rug,rugs & kilim,46.8,1,1,130,236.3099076923077,1,0.26639344262295084,0.801954978278389,1.0,1.0,rugs & kilim,0.595,True,0.5549528218265547,0.6806343001261034,0.6436508307324662,Priorite moyenne
q-kilim nahla - area rug handmade in tunisia,social projects,187.2,1,1,47,143.25702127659574,1,0.09631147540983606,0.3067422317250226,1.0,1.0,social projects,0.745,True,0.7652618670477237,0.5567426752703174,0.643387016840803,Priorite moyenne
k-le coffret zouhour prestige,coffrets cadeaux,153.0,1,1,11,131.13636363636363,1,0.022540983606557378,0.16672443547038568,1.0,1.0,coffrets cadeaux,0.775,True,0.8571004168579295,0.5469709388971684,0.6433624261865382,Priorite moyenne
q-baroque sofa bed throw,fouta towel & blankets,224.64,1,1,46,66.55308695652174,1,0.0942622950819672,2.375350534399762,1.0,1.0,fouta towel & blankets,0.895,True,0.29626552555313485,0.6002320919458304,0.642275429960873,Priorite moyenne
q-jacquard greige hamam fouta,homeware,28.08,1,1,78,168.30123076923078,1,0.1598360655737705,0.8331562953828977,1.0,1.0,homeware,0.735,True,0.545507222989476,0.6089344262295082,0.6420548206596033,Priorite moyenne
q-kilim trio handmade rugs from joumine,social projects,187.2,1,1,47,143.25702127659574,1,0.09631147540983606,0.3067422317250226,1.0,1.0,social projects,0.735,True,0.7652618670477237,0.5567426752703174,0.6408870168408031,Priorite moyenne
k-la boîte mina rose,rangements,24.0,1,1,12,172.83333333333334,1,0.02459016393442623,0.8611378927995879,1.0,1.0,rangements,0.895,True,0.5373057009202932,0.5393152322404372,0.6402616493270019,Priorite moyenne
q-tunisian handicrafts - traditional decorated deep plate of sejnan,social projects,90.48,1,1,47,143.25702127659574,1,0.09631147540983606,0.36840791772633436,1.0,1.0,social projects,0.745,True,0.7307762451868451,0.5567426752703174,0.6399384546547151,Priorite moyenne
q-tunisian handicrafts natural halfa blue box,homeware,28.08,1,1,78,168.30123076923078,1,0.1598360655737705,0.8331562953828977,1.0,1.0,homeware,0.725,True,0.545507222989476,0.6089344262295082,0.6395548206596033,Priorite moyenne
q-small traditional yellow bag,accessories,46.8,1,1,154,101.48167532467532,1,0.3155737704918033,0.5388329923692781,1.0,1.0,accessories,0.5,True,0.6498430986070431,0.6752717159889291,0.6381534071568509,Priorite moyenne
q-handmade fouta berber 2*2m,fouta towel & blankets,26.364,1,1,46,66.55308695652174,1,0.0942622950819672,0.6038650976311833,1.0,1.0,fouta towel & blankets,0.745,True,0.6234938346603729,0.6002320919458304,0.6374982608715968,Priorite moyenne
k-coffret bougeoir morgène,la touche déco,74.0,1,1,12,82.33333333333333,1,0.02459016393442623,0.10121457366945857,1.0,1.0,la touche déco,0.725,True,0.9080882363078504,0.5516068989071038,0.637298236199091,Priorite moyenne
q-black with white stripes square pillows covers,homeware,46.8,1,1,78,168.30123076923078,1,0.1598360655737705,0.7219271629326478,1.0,1.0,homeware,0.695,True,0.5807446572228296,0.6089344262295082,0.6355785640829386,Priorite moyenne
k-coffret roma,coffrets cadeaux,90.0,1,1,11,131.13636363636363,1,0.022540983606557378,0.3136915054068585,1.0,1.0,coffrets cadeaux,0.78,True,0.7612137217027172,0.5469709388971684,0.6350237566710168,Priorite moyenne
"q-olive wood small spoons set of four 15 cm / 5.9 """,accessories,28.08,1,1,154,101.48167532467532,1,0.3155737704918033,0.7232997914799686,1.0,1.0,olive wood,0.515,False,0.5802820872746701,0.6752717159889291,0.6349473060236135,Priorite moyenne
q-organic pear-shaped jute suspension handmade in tunisia,homeware,414.48,1,1,78,168.30123076923078,1,0.1598360655737705,1.4627270795517504,1.0,1.0,homeware,0.76,True,0.40605392627672476,0.6089344262295082,0.6343594909883282,Priorite moyenne
q-drawstring bucket bag small couffin in jommar leaf,homeware,37.44,1,1,78,168.30123076923078,1,0.1598360655737705,0.7775417291577728,1.0,1.0,homeware,0.695,True,0.5625746971767666,0.6089344262295082,0.6337615680783323,Priorite moyenne
q-brown scarf made with cotton and wool.,accessories,46.8,1,1,154,101.48167532467532,1,0.3155737704918033,0.5388329923692781,1.0,1.0,accessories,0.48,True,0.6498430986070431,0.6752717159889291,0.6331534071568509,Priorite moyenne
q-ethnic chic olive wood bedside lamp handmade in tunisia,homeware,414.48,1,1,78,168.30123076923078,1,0.1598360655737705,1.4627270795517504,1.0,1.0,homeware,0.75,True,0.40605392627672476,0.6089344262295082,0.6318594909883282,Priorite moyenne
"q-olive wood slotted spatula 30 cm / 12""",accessories,9.36,1,1,154,101.48167532467532,1,0.3155737704918033,0.9077665905906591,1.0,1.0,accessories,0.525,True,0.5241731378105287,0.6752717159889291,0.6318364110771993,Priorite moyenne
k-le coffret mirath,coffrets cadeaux,130.0,1,1,11,131.13636363636363,1,0.022540983606557378,0.008665511199084413,1.0,1.0,coffrets cadeaux,0.675,True,0.9914089347728536,0.5469709388971684,0.6317932779780305,Priorite moyenne
q-black & white amazigh rugs,rugs & kilim,414.48,1,1,130,236.3099076923077,1,0.26639344262295084,0.7539679283600522,1.0,1.0,rugs & kilim,0.54,True,0.5701358524468535,0.6806343001261034,0.6314191337944962,Priorite moyenne
q-small traditional red bag,accessories,56.16,1,1,154,101.48167532467532,1,0.3155737704918033,0.44659959281393286,1.0,1.0,accessories,0.455,True,0.6912762902516756,0.6752717159889291,0.631046726321314,Priorite moyenne
q-nested set of 3 storage baskets in natural halfa handmade natural,social projects,265.2,1,1,47,143.25702127659574,1,0.09631147540983606,0.8512181587019234,1.0,1.0,social projects,0.785,True,0.5401848481765117,0.5567426752703174,0.6308793149536818,Priorite moyenne
q-set of three pen holders mosaic handmade by le phare design,social projects,249.6,1,1,47,143.25702127659574,1,0.09631147540983606,0.7423229733065433,1.0,1.0,social projects,0.77,True,0.573946401052281,0.5567426752703174,0.6305054702412588,Priorite moyenne
q-set of three mosaic jewelry boxes by the phare design,social projects,280.8,1,1,47,143.25702127659574,1,0.09631147540983606,0.9601133440973038,1.0,1.0,social projects,0.795,True,0.5101745789402463,0.5567426752703174,0.6303782880300554,Priorite moyenne
k-duo lella marbré,coffrets cadeaux,140.0,1,1,11,131.13636363636363,1,0.022540983606557378,0.06759098735285911,1.0,1.0,coffrets cadeaux,0.69,True,0.9366883121405379,0.5469709388971684,0.6300712157147988,Priorite moyenne
q-pillows blue covers 100% linen,homeware,70.2,1,1,78,168.30123076923078,1,0.1598360655737705,0.5828907473698351,1.0,1.0,homeware,0.65,True,0.6317555407166421,0.6089344262295082,0.6294296524323199,Priorite moyenne
q-tunisian handmade black and light brown hoop chair,homeware,414.48,1,1,78,168.30123076923078,1,0.1598360655737705,1.4627270795517504,1.0,1.0,homeware,0.735,True,0.40605392627672476,0.6089344262295082,0.6281094909883281,Priorite moyenne
q-base cloth 100% natural linen / silhouette,social projects,78.0,1,1,47,143.25702127659574,1,0.09631147540983606,0.45552406604263856,1.0,1.0,social projects,0.715,True,0.68703776414969,0.5567426752703174,0.6280646065509996,Priorite moyenne
q-kilim amina - handmade in tunisia,social projects,202.8,1,1,47,143.25702127659574,1,0.09631147540983606,0.4156374171204029,1.0,1.0,social projects,0.705,True,0.7063955698727818,0.5567426752703174,0.6275003871233088,Priorite moyenne
q-orange arabesque sofa bed throw,fouta towel & blankets,224.64,1,1,46,66.55308695652174,1,0.0942622950819672,2.375350534399762,1.0,1.0,fouta towel & blankets,0.835,True,0.29626552555313485,0.6002320919458304,0.6272754299608729,Priorite moyenne
q-fringed cotton blankets & throws,accessories,59.28,1,1,154,101.48167532467532,1,0.3155737704918033,0.4158551262954844,1.0,1.0,accessories,0.43,True,0.706286950852416,0.6752717159889291,0.626297792381388,Priorite moyenne
q-a small carpet with berber motifs,accessories,62.4,1,1,154,101.48167532467532,1,0.3155737704918033,0.38511065977703596,1.0,1.0,rugs & kilim,0.42,False,0.7219639766262228,0.6752717159889291,0.6253654949587688,Priorite moyenne
q-rug made with cotton and recycled jean,social projects,149.76,1,1,47,143.25702127659574,1,0.09631147540983606,0.04539378677611019,1.0,1.0,social projects,0.595,True,0.9565773325321741,0.5567426752703174,0.625018563389248,Priorite moyenne
k-la petite boîte noja marron,rangements,40.0,1,1,12,172.83333333333334,1,0.02459016393442623,0.7685631585232604,1.0,1.0,rangements,0.82,True,0.5654307538753629,0.5393152322404372,0.624324154622509,Priorite moyenne
q-clear glass candle handmade,homeware,17.16,1,1,78,168.30123076923078,1,0.1598360655737705,0.898039955978877,1.0,1.0,homeware,0.67,True,0.5268592986411972,0.6089344262295082,0.6239400282247753,Priorite moyenne
q-wool geometric tunisian margoum area rug,accessories,414.48,1,1,154,101.48167532467532,1,0.3155737704918033,3.08428413888172,1.0,1.0,accessories,0.605,True,0.24484094788610877,0.6752717159889291,0.6239031920847574,Priorite moyenne
q-bowl olive wood handmade in tunisia,social projects,156.0,1,1,47,143.25702127659574,1,0.09631147540983606,0.08895186093426233,1.0,1.0,social projects,0.605,True,0.9183142394761634,0.5567426752703174,0.623692254083647,Priorite moyenne
q-large poof né a tunis douret el-hsira halfa and cotton,homeware,414.48,1,1,78,168.30123076923078,1,0.1598360655737705,1.4627270795517504,1.0,1.0,homeware,0.715,True,0.40605392627672476,0.6089344262295082,0.6231094909883281,Priorite moyenne
q-blanket grey striped with pompoms,fouta towel & blankets,234.0,1,1,46,66.55308695652174,1,0.0942622950819672,2.5159901393736854,1.0,1.0,fouta towel & blankets,0.82,True,0.28441490458165314,0.6002320919458304,0.6223403678637248,Priorite moyenne
q-coral area rug made by kerkenniens.,accessories,171.6,1,1,154,101.48167532467532,1,0.3155737704918033,0.6909456683686587,1.0,1.0,rugs & kilim,0.46,False,0.5913850567208057,0.6752717159889291,0.6223076029682271,Priorite moyenne
q-plates and bowls set collection œil de paon by alessandra mauri,accessories,78.0,1,1,154,101.48167532467532,1,0.3155737704918033,0.23138832718479385,1.0,1.0,accessories,0.37,True,0.812091505111312,0.6752717159889291,0.6218782478072776,Priorite moyenne
q-cement olo lunar candle by khalta,social projects,90.48,1,1,47,143.25702127659574,1,0.09631147540983606,0.36840791772633436,1.0,1.0,social projects,0.67,True,0.7307762451868451,0.5567426752703174,0.6211884546547152,Priorite moyenne
q-grey baroque sofa bed throw,fouta towel & blankets,224.64,1,1,46,66.55308695652174,1,0.0942622950819672,2.375350534399762,1.0,1.0,fouta towel & blankets,0.81,True,0.29626552555313485,0.6002320919458304,0.621025429960873,Priorite moyenne
q-handwoven tunisian fouta,accessories,37.44,1,1,154,101.48167532467532,1,0.3155737704918033,0.6310663919246233,1.0,1.0,accessories,0.445,True,0.6130958279509526,0.6752717159889291,0.6207286800912417,Priorite moyenne
k-diffuseur nour,la touche déco,55.0,1,1,12,82.33333333333333,1,0.02459016393442623,0.33198380163582425,1.0,1.0,la touche déco,0.72,True,0.7507598806921592,0.5516068989071038,0.6203154006375219,Priorite moyenne
k-le pack zouhour prestige,la touche déco,133.0,1,1,12,82.33333333333333,1,0.02459016393442623,0.6153846079103085,1.0,1.0,la touche déco,0.77,True,0.6190476219119226,0.5516068989071038,0.6196441747594982,Priorite moyenne
q-sample white carpet with a black berber motif,accessories,46.8,1,1,154,101.48167532467532,1,0.3155737704918033,0.5388329923692781,1.0,1.0,rugs & kilim,0.425,False,0.6498430986070431,0.6752717159889291,0.6194034071568508,Priorite moyenne
k-pack vera craquelé,art de la table,211.0,1,1,11,122.36363636363636,1,0.022540983606557378,0.7243684933372561,1.0,1.0,art de la table,0.785,True,0.5799224492119143,0.551857302533532,0.6191219021492094,Priorite moyenne
k-le pack mirath,la touche déco,110.0,1,1,12,82.33333333333333,1,0.02459016393442623,0.3360323845826027,1.0,1.0,la touche déco,0.715,True,0.7484848507713497,0.5516068989071038,0.6188378976454408,Priorite moyenne
q-poof beanbag duc with klim wool and natural brown goatskin in seat,homeware,414.48,1,1,78,168.30123076923078,1,0.1598360655737705,1.4627270795517504,1.0,1.0,homeware,0.695,True,0.40605392627672476,0.6089344262295082,0.6181094909883281,Priorite moyenne
q-handmade blanket with grey color,fouta towel & blankets,234.0,1,1,46,66.55308695652174,1,0.0942622950819672,2.5159901393736854,1.0,1.0,fouta towel & blankets,0.8,True,0.28441490458165314,0.6002320919458304,0.6173403678637248,Priorite moyenne
q-handmade fringe green cotton throw / blanket,accessories,218.4,1,1,154,101.48167532467532,1,0.3155737704918033,1.152112666145385,1.0,1.0,accessories,0.49,True,0.4646596880037346,0.6752717159889291,0.6171350660965199,Priorite moyenne
k-la boîte mina jaune,rangements,24.0,1,1,12,172.83333333333334,1,0.02459016393442623,0.8611378927995879,1.0,1.0,rangements,0.8,True,0.5373057009202932,0.5393152322404372,0.616511649327002,Priorite moyenne
q-striped stone ibiza style hamam fouta towel spread xl,homeware,56.16,1,1,78,168.30123076923078,1,0.1598360655737705,0.6663125967075227,1.0,1.0,homeware,0.61,True,0.6001274922700015,0.6089344262295082,0.6162668475876558,Priorite moyenne
q-ethnic chic natural fiber cage lamp handmade in tunisia,homeware,414.48,1,1,78,168.30123076923078,1,0.1598360655737705,1.4627270795517504,1.0,1.0,homeware,0.68,True,0.40605392627672476,0.6089344262295082,0.6143594909883282,Priorite moyenne
k-le bougeoir héritage rouge,nouveautés,55.0,1,1,6,75.0,1,0.012295081967213115,0.26666666311111115,1.0,1.0,nouveautés,0.69,True,0.7894736864265928,0.5517930327868853,0.6142649915934789,Priorite moyenne
k-le pack amwej,rangements,138.0,1,1,12,172.83333333333334,1,0.02459016393442623,0.20154291108075467,1.0,1.0,rangements,0.665,True,0.832263243183323,0.5393152322404372,0.6122574035533049,Priorite moyenne
q-olive wood small table rustic and natural board,homeware,414.48,1,1,78,168.30123076923078,1,0.1598360655737705,1.4627270795517504,1.0,1.0,homeware,0.67,True,0.40605392627672476,0.6089344262295082,0.6118594909883281,Priorite moyenne
q-blanket two tone beige textured,fouta towel & blankets,156.0,1,1,46,66.55308695652174,1,0.0942622950819672,1.3439934312576565,1.0,1.0,fouta towel & blankets,0.72,True,0.4266223559608935,0.6002320919458304,0.6115611130016488,Priorite moyenne
q-white handmade cushion cover,homeware,62.4,1,1,78,168.30123076923078,1,0.1598360655737705,0.629236219224106,1.0,1.0,homeware,0.585,True,0.613784537932892,0.6089344262295082,0.6113825521539449,Priorite moyenne
q-green and white cushion handmade in tunisia,homeware,78.0,1,1,78,168.30123076923078,1,0.1598360655737705,0.5365452755155644,1.0,1.0,homeware,0.57,True,0.6508106307928123,0.6089344262295082,0.6113351614399368,Priorite moyenne
q-s&a bag decoration in weaving pompom and handcrafted embroidery,social projects,28.08,1,1,47,143.25702127659574,1,0.09631147540983606,0.8039886593078551,1.0,1.0,social projects,0.7,True,0.5543272097861606,0.5567426752703174,0.6110435511146467,Priorite moyenne
q-handwoven halfa grass chair,homeware,234.0,1,1,78,168.30123076923078,1,0.1598360655737705,0.3903641615698526,1.0,1.0,homeware,0.535,True,0.7192360301281827,0.6089344262295082,0.609427701373474,Priorite moyenne
q-handwoven grey & white throw / blanket,fouta towel & blankets,234.0,1,1,46,66.55308695652174,1,0.0942622950819672,2.5159901393736854,1.0,1.0,fouta towel & blankets,0.765,True,0.28441490458165314,0.6002320919458304,0.6085903678637249,Priorite moyenne
q-green-fouta-fairtrade-towel,fouta towel & blankets,19.438,1,1,46,66.55308695652174,1,0.0942622950819672,0.707932395072358,1.0,1.0,fouta towel & blankets,0.635,True,0.5855032686803943,0.6002320919458304,0.6061992042735989,Priorite moyenne
k-service à thé tulipe,art de la table,59.0,1,1,11,122.36363636363636,1,0.022540983606557378,0.517830604980582,1.0,1.0,art de la table,0.7,True,0.6588350483371583,0.551857302533532,0.6057631620617338,Priorite moyenne
k-la carafe lella miel,art de la table,65.0,1,1,11,122.36363636363636,1,0.022540983606557378,0.4687964300469831,1.0,1.0,art de la table,0.69,True,0.6808295414824861,0.551857302533532,0.6054626113762664,Priorite moyenne
a-pack soin été,cosmetiques et soins,99.0,1,1,193,24.965803108808288,1,0.39549180327868855,2.9654240884262726,1.0,1.0,cosmetiques et soins,0.405,True,0.25217983693564094,0.748326254990232,0.6052315953473482,Priorite moyenne
q-soft velvet cushion cover made by hela.,homeware,93.6,1,1,78,168.30123076923078,1,0.1598360655737705,0.4438543318070227,1.0,1.0,homeware,0.525,True,0.6925906429552855,0.6089344262295082,0.6042631626561842,Priorite moyenne
q-throws hand-woven silk and wool kerkenatiss,social projects,218.4,1,1,47,143.25702127659574,1,0.09631147540983606,0.524532602515783,1.0,1.0,social projects,0.63,True,0.6559387436843269,0.5567426752703174,0.6037047045044633,Priorite moyenne
q-s&a tote bag and handbag daily use,social projects,21.84,1,1,47,143.25702127659574,1,0.09631147540983606,0.8475467334660072,1.0,1.0,social projects,0.67,True,0.5412582977665712,0.5567426752703174,0.6022366599126878,Priorite moyenne
q-lampshade margoum and palm wood handmade né à tunis,accessories,414.48,1,1,154,101.48167532467532,1,0.3155737704918033,3.08428413888172,1.0,1.0,accessories,0.515,True,0.24484094788610877,0.6752717159889291,0.6014031920847573,Priorite moyenne
q-cement bowl gold by khalta,social projects,46.8,1,1,47,143.25702127659574,1,0.09631147540983606,0.6733144368333989,1.0,1.0,social projects,0.635,True,0.5976163104720548,0.5567426752703174,0.5991224611832361,Priorite moyenne
"q-handmade kilim ""rabiha"" [spring] from aatik artisans community",accessories,327.6,1,1,154,101.48167532467532,1,0.3155737704918033,2.22816899429108,1.0,1.0,rugs & kilim,0.475,False,0.30977312580861477,0.6752717159889291,0.5978964098770079,Priorite moyenne
q-kerkenatiss carpet made with cotton and wool by women artisans,social projects,414.48,1,1,47,143.25702127659574,1,0.09631147540983606,1.8932613174084845,1.0,1.0,social projects,0.73,True,0.34563072266687184,0.5567426752703174,0.5976739024027179,Priorite moyenne
q-naturel kenya basket with indigenous sisal plant /two tone hand-woven sisal storage basket,accessories,0.062,1,1,154,101.48167532467532,1,0.3155737704918033,0.999389042413907,1.0,1.0,accessories,0.395,True,0.5001527860694274,0.6752717159889291,0.5969343759030893,Priorite moyenne
q-hot and cold drinking cup / mug,olive wood,21.84,1,1,152,40.29213157894736,1,0.3114754098360656,0.45795867326686507,1.0,1.0,cosmetiques et soins,0.295,False,0.685890497677337,0.7100095718291631,0.5966360461007795,Priorite moyenne
k-diffuseur roma,la touche déco,35.0,1,1,12,82.33333333333333,1,0.02459016393442623,0.5748987784425249,1.0,1.0,la touche déco,0.67,True,0.6349614424038964,0.5516068989071038,0.5962355568086956,Priorite moyenne
q-blanket white and blue striped with pompoms,fouta towel & blankets,234.0,1,1,46,66.55308695652174,1,0.0942622950819672,2.5159901393736854,1.0,1.0,fouta towel & blankets,0.715,True,0.28441490458165314,0.6002320919458304,0.5960903678637248,Priorite moyenne
k-le pack zouhour,la touche déco,53.0,1,1,12,82.33333333333333,1,0.02459016393442623,0.3562752993164943,1.0,1.0,la touche déco,0.625,True,0.7373134351882379,0.5516068989071038,0.5952207560871298,Priorite moyenne
k-pack lotus bloom desk,art de la table,56.0,1,1,11,122.36363636363636,1,0.022540983606557378,0.5423476924473815,1.0,1.0,art de la table,0.66,True,0.6483622369306432,0.551857302533532,0.5947158809210822,Priorite moyenne
k-duo sahara pf,la touche déco,140.0,1,1,12,82.33333333333333,1,0.02459016393442623,0.7004048497926537,1.0,1.0,la touche déco,0.675,True,0.5880952410374148,0.5516068989071038,0.5927989366720475,Priorite moyenne
q-minimal grey black hamam fouta towel xl,homeware,56.16,1,1,78,168.30123076923078,1,0.1598360655737705,0.6663125967075227,1.0,1.0,homeware,0.515,True,0.6001274922700015,0.6089344262295082,0.5925168475876559,Priorite moyenne
q-tunisian high quality fresh orange,social projects,1.56,1,1,47,143.25702127659574,1,0.09631147540983606,0.9891104744800013,1.0,1.0,social projects,0.645,True,0.5027372852487858,0.5567426752703174,0.5921345586609092,Priorite moyenne
q-bowl / vase blown glass mouth blown locally transparent glass,social projects,88.92,1,1,47,143.25702127659574,1,0.09631147540983606,0.3792974362658724,1.0,1.0,social projects,0.555,True,0.7250067851262507,0.5567426752703174,0.5918615086486557,Priorite moyenne
q-double sided sejnan carpet with geometric patterns.,social projects,414.48,1,1,47,143.25702127659574,1,0.09631147540983606,1.8932613174084845,1.0,1.0,social projects,0.7,True,0.34563072266687184,0.5567426752703174,0.5901739024027178,Priorite moyenne
k-le petit rectangle en chèvre,linge de maison,55.0,1,1,5,93.6,1,0.010245901639344262,0.41239315798725257,1.0,1.0,linge de maison,0.655,True,0.7080181565202862,0.5173483606557377,0.5900706681110449,Priorite moyenne
k-boite amwej pf,rangements,49.0,1,1,12,172.83333333333334,1,0.02459016393442623,0.7164898704928262,1.0,1.0,rangements,0.675,True,0.5825842710699407,0.5393152322404372,0.5897895063419667,Priorite moyenne
k-le sac elissa cognac,rangements,390.0,1,1,12,172.83333333333334,1,0.02459016393442623,1.256509153771403,1.0,1.0,rangements,0.73,True,0.4431623945901819,0.5393152322404372,0.5895973186939908,Priorite moyenne
q-sejnenia natural large fish,social projects,12.48,1,1,47,143.25702127659574,1,0.09631147540983606,0.9128838447032354,1.0,1.0,social projects,0.625,True,0.5227708952475052,0.5567426752703174,0.5891379196607812,Priorite moyenne
q-cushion handmade embroidery tilli tanit,homeware,78.0,1,1,78,168.30123076923078,1,0.1598360655737705,0.5365452755155644,1.0,1.0,homeware,0.475,True,0.6508106307928123,0.6089344262295082,0.5875851614399369,Priorite moyenne
k-pack coussins chèvre,linge de maison,140.0,1,1,5,93.6,1,0.010245901639344262,0.4957264904302726,1.0,1.0,linge de maison,0.655,True,0.6685714309387754,0.5173483606557377,0.5861259955528939,Priorite moyenne
q-black and white striped kilim rug,social projects,390.0,1,1,47,143.25702127659574,1,0.09631147540983606,1.7223796418649648,1.0,1.0,social projects,0.67,True,0.36732569720325653,0.5567426752703174,0.5848433998563564,Priorite moyenne
q-pins micro mosaic & silver hand craved applied natural stone mosaic,social projects,140.4,1,1,47,143.25702127659574,1,0.09631147540983606,0.01994332446111781,1.0,1.0,social projects,0.4,True,0.980446634648396,0.5567426752703174,0.5786554936008703,Priorite moyenne
q-black and white runner from kesra region.,rugs & kilim,31.2,1,1,130,236.3099076923077,1,0.26639344262295084,0.867969984108349,1.0,1.0,accessories,0.32,False,0.5353405078815209,0.6806343001261034,0.5729395993379629,Priorite moyenne
q-carpet handmade kerkenatiss tunisia,social projects,140.4,1,1,47,143.25702127659574,1,0.09631147540983606,0.01994332446111781,1.0,1.0,rugs & kilim,0.375,False,0.980446634648396,0.5567426752703174,0.5724054936008703,Priorite moyenne
q-halfa basket – handmade in tunisia,homeware,54.6,1,1,78,168.30123076923078,1,0.1598360655737705,0.675581691078377,1.0,1.0,homeware,0.435,True,0.5968076670475053,0.6089344262295082,0.5721848650654062,Priorite moyenne
q-handwoven fringe beige and white throw / blanket,fouta towel & blankets,62.4,1,1,46,66.55308695652174,1,0.0942622950819672,0.06240261848157816,1.0,1.0,fouta towel & blankets,0.355,True,0.9412627403245992,0.6002320919458304,0.5717751514380194,Priorite moyenne
k-le set chourouk,art de la table,45.0,1,1,11,122.36363636363636,1,0.022540983606557378,0.632243679825646,1.0,1.0,art de la table,0.575,True,0.6126536205101549,0.551857302533532,0.5698950192790334,Priorite moyenne
q-table iron with olive wood rustic and natural board,homeware,414.48,1,1,78,168.30123076923078,1,0.1598360655737705,1.4627270795517504,1.0,1.0,olive wood,0.485,False,0.40605392627672476,0.6089344262295082,0.5656094909883282,Priorite moyenne
q-traditional tunisian fouta towel with white stripe,fouta towel & blankets,37.44,1,1,46,66.55308695652174,1,0.0942622950819672,0.4374415650787074,1.0,1.0,fouta towel & blankets,0.42,True,0.695680453587861,0.6002320919458304,0.5634669227643456,Priorite moyenne
k-pack lella marbré miel,art de la table,220.0,1,1,11,122.36363636363636,1,0.022540983606557378,0.7979197557376544,1.0,1.0,art de la table,0.55,True,0.5561983491247182,0.551857302533532,0.5579994921404897,Priorite moyenne
k-pack roma,coffrets cadeaux,47.0,1,1,11,131.13636363636363,1,0.022540983606557378,0.6415944491802156,1.0,1.0,art de la table,0.53,False,0.6091638531668908,0.5469709388971684,0.5573187698174342,Priorite moyenne
k-le sac elissa corail,rangements,390.0,1,1,12,172.83333333333334,1,0.02459016393442623,1.256509153771403,1.0,1.0,rangements,0.6,True,0.4431623945901819,0.5393152322404372,0.5570973186939908,Priorite moyenne
q-natural vegetable fibre mirror,homeware,93.6,1,1,78,168.30123076923078,1,0.1598360655737705,0.4438543318070227,1.0,1.0,social projects,0.305,False,0.6925906429552855,0.6089344262295082,0.5492631626561842,Priorite basse
k-duo vera,coffrets cadeaux,137.0,1,1,11,131.13636363636363,1,0.022540983606557378,0.044714037787276055,1.0,1.0,coffrets cadeaux,0.35,True,0.9571997348844079,0.5469709388971684,0.547122357989186,Priorite basse
k-le sac elissa vert,rangements,390.0,1,1,12,172.83333333333334,1,0.02459016393442623,1.256509153771403,1.0,1.0,rangements,0.56,True,0.4431623945901819,0.5393152322404372,0.5470973186939909,Priorite basse
q-tunisian handicrafts large halfa round serving fruit / vegetables plate,homeware,37.44,1,1,78,168.30123076923078,1,0.1598360655737705,0.7775417291577728,1.0,1.0,homeware,0.325,True,0.5625746971767666,0.6089344262295082,0.5412615680783324,Priorite basse
q-triangles wool kilim from sejnan rug blue and white,social projects,414.48,1,1,47,143.25702127659574,1,0.09631147540983606,1.8932613174084845,1.0,1.0,rugs & kilim,0.465,False,0.34563072266687184,0.5567426752703174,0.5314239024027179,Priorite basse
q-handmade round mosaic tile (l'olivier) phare design,social projects,156.0,1,1,47,143.25702127659574,1,0.09631147540983606,0.08895186093426233,1.0,1.0,rugs & kilim,0.23,False,0.9183142394761634,0.5567426752703174,0.529942254083647,Priorite basse
q-porcelain glazed vase handpainted by we art,social projects,87.36,1,1,47,143.25702127659574,1,0.09631147540983606,0.39018695480541044,1.0,1.0,social projects,0.305,True,0.7193277109552316,0.5567426752703174,0.528793601231554,Priorite basse
q-handmade unicolour terracotta tajine,social projects,62.4,1,1,47,143.25702127659574,1,0.09631147540983606,0.5644192514380186,1.0,1.0,accessories,0.3,False,0.6392148390406198,0.5567426752703174,0.5195323140400926,Priorite basse
q-two deep pots with cover sejnan clay,social projects,62.4,1,1,47,143.25702127659574,1,0.09631147540983606,0.5644192514380186,1.0,1.0,homeware,0.28,False,0.6392148390406198,0.5567426752703174,0.5145323140400927,Priorite basse
q-mosaic fish shaped coasters with wooden base phare design,social projects,109.2,1,1,47,143.25702127659574,1,0.09631147540983606,0.23773369525187818,1.0,1.0,homeware,0.21,False,0.8079282351576447,0.5567426752703174,0.5139036536517951,Priorite basse
k-le coussin en chèvre,linge de maison,85.0,1,1,5,93.6,1,0.010245901639344262,0.09188034089871426,1.0,1.0,la touche déco,0.265,False,0.9158512728390287,0.5173483606557377,0.5133539797429193,Priorite basse
q-blue floral with patterns,fouta towel & blankets,13.042,1,1,46,66.55308695652174,1,0.0942622950819672,0.8040361251378724,1.0,1.0,fouta towel & blankets,0.235,True,0.5543126249334811,0.6002320919458304,0.5030801398989075,Priorite basse
k-la boite amwej bleu gf,rangements,89.0,1,1,12,172.83333333333334,1,0.02459016393442623,0.48505303480200757,1.0,1.0,rangements,0.195,True,0.6733766246491819,0.5393152322404372,0.47886874169989085,Priorite basse
