productPK,reference,product,categoryFK
1,6252-verrerie,A-Verrerie,12
2,6251-ustensiles-bois,A-Ustensiles Bois,12
3,6245-plateau-peint,A-Plateau Peint,12
4,6210-napperon-rond,A-Napperon Rond,12
5,6209-napperon,A-Napperon,12
6,6200-bouteille,A-Bouteille,12
7,6199-service-de-table,A-Service De Table,12
8,6185-serviettes-a-the,A-Serviettes À Thé,12
9,6156-3-bowls,A-3 Bowls,12
10,6155-saladier,A-Saladier,12
11,6154-3-feuilles,A-3 Feuilles,12
12,6144-soupiere,A-Soupière,12
13,6138-plateau-circulaire,A-Plateau Circulaire,12
14,6038-mug-colore,A-Mug Coloré,12
15,6037-tagine,A-Tagine,12
16,2608-mortiers-bois,A-Mortiers Bois,12
17,6003-plateaux-et-bonbonniere,A-Plateaux Et Bonbonnière,12
18,6002-cuillere-avec-support,A-Cuillère Avec Support,12
19,6001-pack-3-planches,A-Pack 3 Planches,12
20,5955-plateau-resine,A-Plateau Résine,12
21,5954-presentoir,A-Présentoir,12
22,5953-sous-tasse-resine,A-Sous-Tasse Résine,12
23,5951-set-jonc,A-Set Jonc,12
24,5899-plat-apero,A-Plat Apero,12
25,5898-verre-a-pied,A-Verre À Pied,12
26,5866-set-cerise,A-Set Cerise,12
27,5859-linge-de-table,A-Linge De Table,12
28,5809-plateau,A-Plateau,12
29,5805-sous-tasse,A-Sous-Tasse,12
30,5785-corbeille-fruits,A-Corbeille Fruits,12
31,5784-lot-cuisine,A-Lot Cuisine,12
32,5783-lot-ustensiles,A-Lot Ustensiles,12
33,5759-service-a-the,A-Service À Thé,12
34,5758-plateau-cuivre,A-Plateau Cuivre,12
35,5744-carafe-peinte,A-Carafe Peinte,12
36,5725-sous-plat-halfa,A-Sous-Plat Halfa,12
37,5715-3-plateaux,A-3 Plateaux,12
38,5698-sous-plat,A-Sous-Plat,12
39,5697-plateau-fibre,A-Plateau Fibre,12
40,5676-chemin-de-table,A-Chemin De Table,12
41,5675-fonds-de-plateau,A-Fonds De Plateau,12
42,5674-cache-bouteille,A-Cache-Bouteille,12
43,5672-mug-fillette,A-Mug Fillette,12
44,5671-mug-chat,A-Mug Chat,12
45,5650-sous-tasses-peintes,A-Sous-Tasses Peintes,12
46,5556-plat-oval,A-Plat Oval,12
47,5555-coupelle,A-Coupelle,12
48,5526-sucriere-cuivre,A-Sucrière Cuivre,12
49,5525-service-a-eau,A-Service À Eau,12
50,5524-plateaux-cuivre,A-Plateaux Cuivre,12
51,5454-planche-ronde,A-Planche Ronde,12
52,5452-planche,A-Planche,12
53,5428-set-de-table,A-Set De Table,12
54,5427-plateau-multicolore,A-Plateau Multicolore,12
55,2609-plats-bois,A-Plats Bois,12
56,5407-sous-tasse-crochet,A-Sous-Tasse Crochet,12
57,5334-plateau-ceramique,A-Plateau Céramique,12
58,5333-plateau-carre,A-Plateau Carré,12
59,5320-ustensiles-cuisine,A-Ustensiles Cuisine,12
60,5300-plateau-ciment,A-Plateau Ciment,12
61,5299-trio-plateaux,A-Trio Plateaux,12
62,5293-jatte-turquoise,A-Jatte Turquoise,12
63,5291-plats-khomsa,A-Plats Khomsa,12
64,5287-spatule,A-Spatule,12
65,5281-porte-serviette,A-Porte-Serviette,12
66,5280-sous-tasse-bois,A-Sous-Tasse Bois,12
67,5276-plateaux-palmier,A-Plateaux Palmier,12
68,5269-corbeille-halfa,A-Corbeille Halfa,12
69,5141-mug,A-Mug,12
70,5138-carafe,A-Carafe,12
71,5074-bouteille-huile-d-olive,A-Bouteille Huile D'Olive,12
72,5073-assiette-creuse,A-Assiette Creuse,12
73,5072-assiette-dessert,A-Assiette Dessert,12
74,5022-set-coquelicot,A-Set Coquelicot,12
75,5020-coupelle-oiseau,A-Coupelle Oiseau,12
76,5007-verre-recycle,A-Verre Recyclé,12
77,4993-plateau-dentelle,A-Plateau Dentelle,12
78,4990-service-asymetrie,A-Service Asymétrie,12
79,4989-jattes-superposables,A-Jattes Superposables,12
80,4942-corbeille,A-Corbeille,12
81,4924-plateau-cuivre-martele,A-PLateau Cuivre Martelé,12
82,4922-sous-verre-cuir,A-Sous-Verre Cuir,12
83,4921-plateau-mosaique,A-Plateau Mosaïque,12
84,4907-set-apero,A-Set Apéro,12
85,4905-saladier-bois,A-Saladier Bois,12
86,4883-ronds-de-serviette,A-Ronds De Serviette,12
87,4882-sous-verre,A-Sous-Verre,12
88,4838-plat-sejnene,A-Plat Sejnene,12
89,4837-poele-sejnene,A-Poêle Sejnene,12
90,4836-corbeille-sejnene,A-Corbeille Sejnene,12
91,4820-assiette-rouge,A-Assiette Rouge,12
92,4804-sous-tasses-macrame,A-Sous-Tasses Macramé,12
93,4800-plateau-bois,A-Plateau Bois,12
94,4753-casserole,A-Casserole,12
95,4752-baril-a-huile,A-Baril À Huile,12
96,4737-plateau-rond,A-Plateau Rond,12
97,4724-set-de-table-brode,A-Set De Table Brodé,12
98,4689-tasse-sous-tasse,A-Tasse Sous-Tasse,12
99,4646-rouleau-a-patisserie,A-Rouleau À Pâtisserie,12
100,4603-plateau-vili,A-Plateau VILI,12
101,4602-planche-ve,A-Planche VE,12
102,4585-nappe-brodee,A-Nappe Brodée,12
103,4461-plat-rond,A-Plat Rond,12
104,4460-verre-a-the,A-Verre À Thé,12
105,4397-mortier,A-Mortier,12
106,4396-saladier-chrome,A-Saladier Chromé,12
107,4395-assiette-chemla,A-Assiette Chemla,12
108,4380-assiette-kesra,A-Assiette Kesra,12
109,4238-panier-fruits,A-Panier Fruits,12
110,4221-plateau-design,A-Plateau Design,12
111,4210-boite-a-chocolat,A-Boîte À Chocolat,12
112,4163-sous-plat-colore,A-Sous-Plat Coloré,12
113,4162-plat-multicolore,A-Plat Multicolore,12
114,4094-grande-assiette,A-Grande Assiette,12
115,4077-assiette-noire,A-Assiette Noire,12
116,4070-boite-halfa,A-Boîte Halfa,12
117,4069-plateau-halfa,A-Plateau Halfa,12
118,4067-coupelles-vert-d-eau,A-Coupelles Vert D'Eau,12
119,4065-tasse-a-cafe,A-Tasse À Café,12
120,4063-coupelles-rouges,A-Coupelles Rouges,12
121,4062-couscoussier,A-Couscoussier,12
122,4049-serveur-complet,A-Serveur Complet,12
123,3995-serie-3-plateaux,A-Série 3 Plateaux,12
124,3994-planche-bois-resine,A-Planche Bois Résine,12
125,3989-poterie-hadda,A-Poterie Hadda,12
126,3922-chemin-table,A-Chemin Table,12
127,3900-planchette,A-Planchette,12
128,3888-plats-main-de-fatma,A-Plats Main De Fatma,12
129,3887-bonbonniere,A-Bonbonnière,12
130,3886-verre-cuivre,A-Verre Cuivre,12
131,3861-coquetier,A-Coquetier,12
132,3860-support-bouteille,A-Support Bouteille,12
133,3859-serie-de-bols,A-Série De Bols,12
134,3850-grand-tebssi,A-Grand Tebssi,12
135,3849-kerwena,A-Kerwena,12
136,3827-plateau-en-acajou,A-Plateau En Acajou,12
137,3826-plateau-en-hetre,A-Plateau En Hêtre,12
138,3750-porte-sushis,A-Porte-Sushis,12
139,3749-coupelles-ceramique,A-Coupelles Céramique,12
140,3747-sous-plat-carreaux,A-Sous-Plat Carreaux,12
141,3737-verres,A-Verres,12
142,3736-plateaux-peints,A-Plateaux Peints,12
143,3728-sous-tasses-cuir,A-Sous-Tasses Cuir,12
144,3718-sous-plat-fibre,A-Sous-Plat Fibre,12
145,3709-poterie-assiette,A-Poterie Assiette,12
146,3691-ceramique-peinte,A-Céramique Peinte,12
147,3671-bol-calligraphie,A-Bol Calligraphié,12
148,3670-plat-poisson,A-Plat Poisson,12
149,3651-mug-fimo,A-Mug Fimo,12
150,3589-plateau-noir,A-Plateau Noir,12
151,3555-plateau-plexi,A-Plateau Plexi,12
152,3530-cloche-ceramique,A-Cloche Céramique,12
153,3529-assiette-pierre-kesra,A-Assiette Pierre Kesra,12
154,3528-assiettes-calligraphiees,A-Assiettes Calligraphiées,12
155,3283-serviettes-lin,A-Serviettes Lin,12
156,3255-porcelaine-celadon,A-Porcelaine Celadon,12
157,3254-tasse,A-Tasse,12
158,3220-set-fiancailles,A-Set Fiançailles,12
159,3189-plateaux-bois-palmier,A-Plateaux Bois Palmier,12
160,3086-plateau-colore,A-Plateau Coloré,12
161,3078-plateau-peint-main,A-Plateau Peint Main,12
162,2947-coffret-tasse-tisane,A-Coffret Tasse Tisane,12
163,2919-sous-tasses-branches,A-Sous-Tasses Branches,12
164,2916-sous-tasse-puzzle,A-Sous-Tasse Puzzle,12
165,2911-plateau-poissons-peints,A-Plateau Poissons Peints,12
166,2888-Napperon_crochet,A-Napperon Crochet,12
167,2861-Vaisselle_Hamila,A-Vaisselle Hamila,12
168,2859-Plateau_avec_anse_branche,A-Plateau Avec Anse Branche,12
169,2858-Plateau_rond_akouda,A-Plateau Rond Akouda,12
170,2857-Plateau_bleu,A-Plateau Bleu,12
171,2782-Plateau_tounsi,A-Plateau Tounsi,12
172,2770-Plateau_serti_emaillage,A-Plateau Serti Emaillage,12
173,2751-Plateau_rectangulaire_faience,A-Plateau Rectangulaire Faïence,12
174,2750-Plateau_faience,A-Plateau Faïence,12
175,2749-Sous-tasse_faience,A-Sous-Tasse Faïence,12
176,2635-Saladier_Sidi_Bouzid,A-Saladier Sidi Bouzid,12
177,2620-Mortier_rustique,A-Mortier Rustique,12
178,2619-Sous-plat_Poisson,A-Sous-Plat Poisson,12
179,2616-Plateau_Poissons,A-Plateau Poissons,12
180,2607-bols-en-bois,A-Bols En Bois,12
181,2600-service-citron,A-Service Citron,12
182,2599-mug-motif-vegetal,A-Mug Motif Végétal,12
183,2594-coupes-calligraphiees,A-Coupes Calligraphiées,12
184,2515-set-toile-de-jute,A-Set Toile De Jute,12
185,2435-serviettes-brodees-ras-jbel,A-Serviettes Brodées Ras Jbel,12
186,2434-nappe-broderie-richelieu,A-Nappe Broderie Richelieu,12
187,2411-serviettes-brodees,A-Serviettes Brodées,12
188,2409-set-table-brode,A-Set Table Brodé,12
189,2406-plateau-turquoise,A-Plateau Turquoise,12
190,2389-tajine-terre-cuite,A-Tajine Terre Cuite,12
191,2388-kanoun,A-Kanoun,12
192,2384-set-a-the,A-Set À Thé,12
193,2383-coupe-cristal,A-Coupe Cristal,12
194,2382-verres-a-the,A-Verres À Thé,12
195,2353-nappe-brodee-marsa,A-Nappe Brodée Marsa,12
196,2350-plat-tajine-cuivre,A-Plat Tajine Cuivre,12
197,2349-plat-cuivre-poisson,A-Plat Cuivre Poisson,12
198,2348-boite-gateaux-cuivre,A-Boîte Gateaux Cuivre,12
199,2323-grande-assiette-peinte,A-Grande Assiette Peinte,12
200,2322-petite-assiette-peinte,A-Petite Assiette Peinte,12
201,2321-verres-a-the-peints,A-Verres À Thé Peints,12
202,2271-nappe-point-de-croix,A-Nappe Point De Croix,12
203,2265-service-etoile,A-Service Étoile,12
204,2264-bols-ceramique,A-Bols Céramique,12
205,2223-corbeille-seau,A-Coupe Seau,12
206,2222-methred,A-Methred,12
207,2205-set-table-lin,A-Set Table Lin,12
208,2193-plateau-apero,A-Plateau Apéro,12
209,2192-plateau-petit-dejeuner,A-Plateau Petit-Déjeuner,12
210,2183-plateau-cuivre-grave,A-Plateau Cuivre Gravé,12
211,2182-methred-cuivre,A-Methred Cuivre,12
212,2173-corbeille-bois,A-Corbeille Bois,12
213,2171-saladier-b-olivier,A-Saladier B. Olivier,12
214,2167-saladier-amamou,A-Saladier Amamou,12
215,2166-assiette-amamou,A-Assiette Amamou,12
216,476-vase,A-Vase,12
217,2165-plat-tajine,A-Plat Tajine,12
218,2150-sous-tasse-pompon,A-Sous Tasse Pompon,12
219,2136-ramequin-sahelien,A-Ramequin Sahélien,12
220,2134-mini-jarre,A-Mini Jarre,12
221,2086-fond-plateau-lin-floral,A-Fond Plateau Lin Floral,12
222,2085-fonds-plateau-lin,A-Fonds Plateau Lin,12
223,2084-serviettes-en-lin,A-Serviettes En Lin,12
224,2075-service-vert-pale,A-Service Vert Pâle,12
225,2074-service-blanc-mat,A-Service Blanc Mat,12
226,2049-service-de-table-zen,A-Service De Table Zen,12
227,2009-plat-fruits,A-Plat Fruits,12
228,2008-cuilleres-miel,A-Cuillères Miel,12
229,2006-saladier-bois-d-olivier,A-Saladier Bois D'Olivier,12
230,1960-sets-de-table-jonc,A-Sets De Table Jonc,12
231,1900-terrine-a-feu,A-Terrine À Feu,12
232,1899-vaisselle-mate,A-Vaisselle Mate,12
233,1895-plat-calligraphie,A-Plat Calligraphié,12
234,1894-verre-calligraphie,A-Verre Calligraphié,12
235,1876-ceramique-dar-zayane,A-Céramique Dar Zayane,12
236,1813-produits-olive-wood,A-Produits Olive Wood,12
237,1812-ceramique-sidi-bousaid,A-Céramique Sidi Bousaid,12
238,1783-sous-tasse-ecolo,A-Sous-Tasse Écolo,12
239,1730-seau-cuivre-martele,A-Seau Cuivre Martelé,12
240,1729-plateau-cuivre-martele-sousse,A-Plateau Cuivre Martelé Sousse,12
241,1727-tasse-et-sous-tasse,A-Tasse Et Sous-Tasse,12
242,1715-coupelles-cuivre-verre,A-Coupelles Cuivre Verre,12
243,1714-methrad-verre-fusionne,A-Methrad Verre Fusionné,12
244,1701-centre-de-table,A-Centre De Table,12
245,1623-assiette-ceramique-poisson,A-Assiette Céramique Poisson,12
246,1621-tagine-colore,A-Tagine Coloré,12
247,1578-fonds-plateau-et-serviettes,A-Fonds Plateau Et Serviettes,12
248,1553-plat-de-sejnene,A-Plat De Sejnene,12
249,1547-plateau-inspire-tapis,A-Plateau Inspiré Tapis,12
250,1512-mug-bleu-blanc,A-Mug Bleu Blanc,12
251,1510-service-de-table-fleuri,A-Service De Table Fleuri,12
252,1474-plateau-bleu-ciel,A-Plateau Bleu Ciel,12
253,1473-service-a-the-weart,A-Service À Thé Weart,12
254,1459-table-patchwork-ceramique,A-Table Patchwork Céramique,12
255,1455-corbeille-margoum,A-Corbeille Margoum,12
256,1443-soupiere-et-bols,A-Soupière Et Bols,12
257,1442-service-bleu-fonce,A-Service Bleu Foncé,12
258,1427-cloche-cuivre-martele,A-Cloche Cuivre Martelé,12
259,1415-theiere-sucriere,A-Théière Sucrière,12
260,1398-plateaux-bois-peints,A-Plateaux Bois Peints,12
261,1397-tebssi-divers-coloris,A-Tebssi Divers Coloris,12
262,1396-plat-carre,A-Plat Carré,12
263,1395-service-jaune,A-Service Jaune,12
264,1387-plateaux-africains,A-Plateaux Africains,12
265,1386-service-turquoise,A-Service Turquoise,12
266,1364-plat-poisson-cuivre,A-Plat Poisson Cuivre,12
267,1363-grand-plateau-cuivre,A-Grand Plateau Cuivre,12
268,1362-walima-cuivre,A-Walima Cuivre,12
269,1354-mug-poissons,A-Mug Poissons,12
270,1346-plateaux-bois-laque,A-Plateaux Bois Laqué,12
271,1311-plateaux-sidi-bousaid,A-Plateaux Sidi Bousaid,12
272,1289-set-de-table-brode-elagba,A-Set De Table Brodé Elagba,12
273,1280-set-de-the-brode,A-Set De Thé Brodé,12
274,1254-plateau-petit-dejeuner,A-Plateau Petit Déjeuner,12
275,1250-petite-assiette-ceramique-craquelee,A-Petite Assiette Céramique Craquelée,12
276,1249-grande-assiette-ceramique-craquelee,A-Grande Assiette Ceramique Craquelée,12
277,1241-grande-assiette-fusing,"A-Grande Assiette ""Fusing""",12
278,1240-petite-assiette-fusing,"A-Petite Assiette ""Fusing""",12
279,1209-tasse-porcelaine-peinte,A-Tasse Porcelaine Peinte,12
280,1207-theiare-peinte,A-Theière Peinte,12
281,1191-tebssi-bleu-blanc,A-Tebssi Bleu/Blanc,12
282,1190-bol-poisson,A-Bol Poisson,12
283,1189-sous-plat-mosaique,A-Sous Plat Mosaique,12
284,1187-plateau-sidi-bousaid,A-Plateau Sidi Bousaid,12
285,1165-service-ceramique,A-Service Céramique,12
286,1151-fonds-de-plateaux,A-Fonds De Plateaux,12
287,1107-verre-craquele-cuivre,A-Verre Craquelé Cuivre,12
288,1081-set-de-table-dentelle,A-Set De Table Dentelle,12
289,1080-serviettes-et-fonds-de-plateaux,A-Serviettes Et Fonds De Plateaux,12
290,1001-kit-de-table,A-Kit De Table,12
291,999-herisson-porte-cure-dents,A-Herisson Porte Cure-Dents,12
292,970-bol-sejnane,A-Bol Sejnane,12
293,966-2-plats-bois-olivier,A-2 Plats Bois Olivier,12
294,944-chemin-de-table-laine,A-Chemin De Table Laine,12
295,864-service-a-the-sousse,A-Service À Thé Sousse,12
296,861-cuillares-gras-noir,A-Cuillères Grès Noir,12
297,850-assiette-peinte-argent,A-Assiette Peinte Argent,12
298,848-coupe-turquoise-peinte-or,A-Coupe Turquoise Peinte Or,12
299,796-plateau-khomsa,A-Plateau Khomsa,12
300,795-presentoir-gateaux,A-Présentoir Gâteaux,12
301,785-verre-the-cuivre-verre,A-Verre Thé Cuivre/Verre,12
302,784-bols-cuivre,A-Bols Cuivre,12
303,782-service-poisson,A-Service Poisson,12
304,777-service-a-the-verre-cuivre,A-Service À Café Verre/Cuivre,12
305,762-vaisselle-en-gras,A-Vaisselle En Grès,12
306,760-service-chocolat,A-Service Chocolat,12
307,751-vaisselle-bois-olivier,A-Vaisselle Bois Olivier,12
308,686-mindil-beya,A-Mindil Beya,12
309,666-plateau-faience-bois-rouge,A-Plateau Faience Bois Rouge,12
310,651-corbeille-fibres,A-Corbeille Fibres,12
311,618-plat-fleur-bleue,A-Plat Fleur Bleue,12
312,605-sous-tasse-fibre-palmier,A-Sous Tasse Fibre Palmier,12
313,556-napperons-et-sets,A-Napperons Et Sets,12
314,547-set-et-chemin-de-table,A-Set Et Chemin De Table,12
315,517-vase-verre-souffle-cuivre-martele,A-Vase Verre Soufflé Cuivre Martelé,12
316,516-tajine-rayure,A-Tajine Rayure,12
317,484-bonbonniare-cuivre,A-Bonbonnière Cuivre,12
318,482-couscoussier-en-cuivre,A-Couscoussier En Cuivre,12
319,481-plateau-fibre-vegetale-pompon,A-Plateau Fibre Végétale Pompon,12
320,480-serviettes-brodees-et-support-ceramique,A-Serviettes Brodées Et Support Céramique,12
321,478-verres-colores,A-Verres Colorés,12
322,416-service-a-the-cuivre-verre,A-Service À Thé Cuivre/Verre,12
323,412-collection-rose-verre,A-Collection Rose Verre,12
324,411-service-bleu-verre-souffle,A-Service Bleu Verre Soufflé,12
325,410-bols-bois-frane-et-chane,A-Bols Bois Frêne Et Chêne,12
326,399-brocs-et-pots,A-Brocs Et Pots,12
327,390-bols-bois-d-olivier,A-Bols Bois D'Olivier,12
328,361-mug-chechia,A-Mug Chéchia,12
329,360-mug-khomsa,A-Mug Khomsa,12
330,359-mug-faa-ence,A-Mug Faïence,12
331,354-articles-hssir-el-halfa,A-Articles Hssir El Halfa,12
332,325-mugs-peints-a-la-main-na9cha,A-Mugs Peints À La Main Na9cha,12
333,308-articles-de-la-table-en-alfa-kasserine,A-Articles De La Table En Alfa Kasserine,12
334,303-vaisselle-ceramique-coloree,A-Vaisselle Céramique Colorée,12
335,274-vaisselle-en-ceramique-raku,A-Vaisselle En Céramique RAKU,12
336,273-assiette-en-ceramique-raku-moustache,"A-Assiette En Céramique RAKU ""Moustache""",12
337,238-coupe-taillee-dans-la-pierre,A-Coupe Taillée Dans La Pierre,12
338,229-corbeille-design-en-halfa-d-el-ouassaia-kasserine,A-Corbeille Design En Halfa D'El Ouassaia Kasserine,12
339,228-plat-design-en-halfa-d-el-ouassaia-kasserine,A-Plat Design En Halfa D'El Ouassaia Kasserine,12
340,213-service-de-table--en-terre-cuite,A-Service De Table En Terre Cuite,12
341,207-service-a-the-brode-chebka,A-Service À Thé Brodé Chebka,12
342,206-chemin-de-table-broderie-chebka,A-Chemin De Table Broderie Chebka,12
343,187-plateau-motif-chat-en-carreaux-de-faa-ence,A-Plateau Motif Chat,12
344,186-table-motif-poiss-en-carreaux-de-faa-ence,A-Table La Grande Sofia,12
345,185-table-gigogne-en-carreaux-de-faa-ence,A-Table Gigogne,12
346,170-vases-et-fioles-en-ceramique-raku,A-Vases Et Fioles En Céramique RAKU,12
347,169-assiette-en-ceramique-raku-nuances-vert,A-Assiette En Céramique RAKU Nuances Vert,12
348,168-assiette-en-ceramique-raku-vermillon,A-Assiette En Céramique RAKU Vermillon,12
349,167-service-a-the-en-gras,A-Service À Thé En Grès,12
350,166-table-en-mosaa-que,A-Table En Mosaïque,12
351,159-luminaires-longilignes-en-rotin,A-Seau,12
352,143-plateau-en-bois-de-palmier-tozeur,A-Plateau En Bois De Palmier Tozeur,12
353,139-articles-en-halfa-kasserine,"A-Articles En ""Halfa"" Kasserine",12
354,138-corbeille-halfa-kasserine,"A-Corbeille ""Halfa"" Kasserine",12
355,131-chemins-de-table-brodes,A-Chemins De Table Brodés,12
356,129-plateau-avec-broderie-sous-verre,A-Plateau Avec Broderie Sous Verre,12
357,115-service-a-the-ceramique-raku,A-Service À Thé Céramique RAKU,12
358,110-assiettes-ornees-en-ceramique-de-nabeul,A-Assiettes Nabeul,12
359,108-coupelle-ornee-poisson-ceramique,A-Coupelle Ornée Poisson Céramique,12
360,99-sous-tasse-poisson-peinte-sous-verre,A-Sous-Tasse Poisson Peinte Sous Verre,12
361,98-plateau-peint-sous-verre-avec-miroir,A-Plateau Peint Sous Verre Avec Miroir,12
362,97-sous-tasses-peintes-sous-verre,A-Sous Tasses Peintes Sous Verre,12
363,95-verres-en-gras,A-Set Festonné 6 Tasses,12
364,66-plateau-en-beton,A-Plateau En Béton,12
365,65-coupelles-en-beton,A-S Hayfa En Béton,12
366,48-mugs-colores-pour-le-petit-dejeuner-en-ceramique,A-Mugs Colorés,12
367,46-service-de-table-en-cuivre,A-Cloche En Cuivre,12
368,44-trio-en-cuivre-pour-tapenade,A-Trio En Cuivre Pour Tapenade,12
369,6232-collier-torsade,A-Collier Torsade,13
370,6231-pendentif-wiring,A-Pendentif Wiring,13
371,6208-collier-poisson,A-Collier Poisson,13
372,6207-broche-papillon-de-nuit,A-Broche Papillon De Nuit,13
373,6178-manchette-chaltout-art,A-Manchette Chaltout'Art,13
374,6147-bague-awa,A-Bague AwA,13
375,6145-collier-fianka,A-Collier Fianka,13
376,5966-bracelet-colore,A-Bracelet Coloré,13
377,5965-bague-epuree,A-Bague Épurée,13
378,5964-broche-cheveux,A-Broche Cheveux,13
379,5896-pendentif-agate,A-Pendentif Agate,13
380,5895-bague-tanit,A-Bague Tanit,13
381,5894-bracelet-poisson,A-Bracelet Poisson,13
382,5825-boucles-argent-bois,A-Boucles Argent Bois,13
383,5824-pendentif-berbere,A-Pendentif Berbère,13
384,5823-bracelet-bois,A-Bracelet Bois,13
385,5797-collier-layali,A-Collier Layali,13
386,5796-pendentif-khomsa,A-Pendentif Khomsa,13
387,5795-boucles-nkott,A-Boucles Nkott,13
388,5794-broche-paon,A-Broche Paon,13
389,5793-broche-carthaginoise,A-Broche Carthaginoise,13
390,5792-broche-poisson,A-Broche Poisson,13
391,5788-boucles-papillon,A-Boucles Papillon,13
392,5786-bracelet-perle,A-Bracelet Perle,13
393,5780-porte-cle,A-Porte-Clé,13
394,5779-pendentif,A-Pendentif,13
395,5778-bracelet-enfant,A-Bracelet Enfant,13
396,5728-broche-oiseau,A-Broche Oiseau,13
397,5727-broche-flamant,A-Broche Flamant,13
398,5683-bague-crayons,A-Bague Crayons,13
399,5682-collier-crayons,A-Collier Crayons,13
400,5678-collier-touareg,A-Collier Touareg,13
401,5677-pendentif-touareg,A-Pendentif Touareg,13
402,5667-boucles-corail,A-Boucles Corail,13
403,5666-collier-corail,A-Collier Corail,13
404,5664-bracelet-corail,A-Bracelet Corail,13
405,5658-bracelet-perles,A-Bracelet Perles,13
406,5631-collier-afro,A-Collier Afro,13
407,5619-boucles-peintes,A-Boucles Peintes,13
408,5617-broche-peinte,A-Broche Peinte,13
409,5612-broche-ceramique,A-Broche Céramique,13
410,5611-collier-ceramique,A-Collier Ceramique,13
411,5569-bijoux-nacres,A-Bijoux Nacrés,13
412,5568-bague-mandarine,A-Bague Mandarine,13
413,5567-collier-soleil,A-Collier Soleil,13
414,5527-boucles-tanit,A-Boucles Tanit,13
415,5444-pendentif-brode,A-Pendentif Brodé,13
416,5372-pendentif-filigrane,A-Pendentif Filigrane,13
417,5371-parure-anneaux,A-Parure Anneaux,13
418,5364-bracelet-manchette,A-Bracelet Manchette,13
419,5363-pique-cheveux,A-Pique Cheveux,13
420,5325-bague-soleil,A-Bague Soleil,13
421,5324-manchette,A-Manchette,13
422,5323-boucles-gomra,A-Boucles Gomra,13
423,5257-collier-argent,A-Collier Argent,13
424,5256-boucles-ruban,A-Boucles Ruban,13
425,5236-bracelet-filigrane,A-Bracelet Filigrane,13
426,5235-couronne-calligraphiee,A-Couronne Calligraphiée,13
427,5234-chevaliere-hommes,A-Chevalière Hommes,13
428,5229-collier-fleurs,A-Collier Fleurs,13
429,5228-bague-filigrane,A-Bague Filigrane,13
430,5227-boucles-d-oreille-filigrane,A-Boucles D'Oreille Filigrane,13
431,5212-collier-jasmin,A-Collier Jasmin,13
432,5211-collier-spaghetti,A-Collier Spaghetti,13
433,5210-collier-khella,A-Collier Khella,13
434,5198-col-collier,A-Col Collier,13
435,5195-collier-resine,A-Collier Résine,13
436,5177-bracelet-ruche,A-Bracelet Ruche,13
437,5176-pendentif-ruche,A-Pendentif Ruche,13
438,5175-collier-libellule,A-Collier Libellule,13
439,5163-bague-ajouree,A-Bague Ajourée,13
440,5162-boucle-feuille,A-Boucle Feuille,13
441,5161-pendentif-7ob,A-Pendentif 7ob,13
442,5089-boucle-fleur,A-Boucle Fleur,13
443,5088-bijou-sac,A-Bijou Sac,13
444,5087-pendentif-cartouche,A-Pendentif Cartouche,13
445,4988-bague-basmala,A-Bague Basmala,13
446,4987-boucle-arabesque,A-Boucle Arabesque,13
447,4986-pendentif-anneaux,A-Pendentif Anneaux,13
448,4973-bague-corail,A-Bague Corail,13
449,4937-broche-hibou,A-Broche Hibou,13
450,4935-broche-papillon,A-Broche Papillon,13
451,4887-boucles-d-oreille-zlizz,A-Boucles D'Oreille Zlizz,13
452,4886-boucles-d-oreille-silver,A-Boucles D'Oreille Silver,13
453,4885-boucles-d-oreille-feuille,A-Boucles D'Oreille Feuille,13
454,4851-collier-olivier,A-Collier Olivier,13
455,4850-manchette-argent,A-Manchette Argent,13
456,4824-boucles-okod,A-Boucles Okod,13
457,4768-bijoux-enfant,A-Bijoux Enfant,13
458,4767-personnalisation-lunettes,A-Personnalisation Lunettes,13
459,4766-sautoir,A-Sautoir,13
460,4722-boucles-d-oreilles-bleues,A-Boucles D'Oreilles Bleues,13
461,4720-collier-multicolore,A-Collier Multicolore,13
462,4715-medaillon-perroquet,A-Medaillon Perroquet,13
463,4714-medaillon-chardonneret,A-Médaillon Chardonneret,13
464,4679-bagues-brodees,A-Bagues Brodées,13
465,4678-collier-brode,A-Collier Brodé,13
466,4677-boucles-pasteque,A-Boucles Pastèque,13
467,4670-collier-cerceau,A-Collier Cerceau,13
468,4669-bague-bleue,A-Bague Bleue,13
469,4668-collier-ruche,A-Collier Ruche,13
470,4653-bracelet-prenom,A-Bracelet Prénom,13
471,4652-medaillon-nacre,A-Médaillon Nacre,13
472,4643-boucles-d-oreille-cuir,A-Boucles D'Oreille Cuir,13
473,4642-broche-cuir,A-Broche Cuir,13
474,4640-collier-prenom,A-Collier Prénom,13
475,4639-collier-chouchen,A-Collier Chouchen,13
476,4595-bracelet-cuivre,A-Bracelet Cuivre,13
477,4594-bague-cuivre,A-Bague Cuivre,13
478,4593-pendentif-cuivre,A-Pendentif Cuivre,13
479,4551-montres,A-Montres,13
480,4537-broche-elephant,A-Broche Elephant,13
481,4526-collier-ras-du-cou,A-Collier Ras Du Cou,13
482,4512-boucles-brodees,A-Boucles Brodées,13
483,4475-collier-fleuri,A-Collier Fleuri,13
484,4436-boucles-florales,A-Boucles Florales,13
485,4435-collier-nacre,A-Collier Nacre,13
486,4429-boucles-poissons,A-Boucles Poissons,13
487,4428-collier-papillon,A-Collier Papillon,13
488,4427-collier-floral,A-Collier Floral,13
489,4423-bracelet-elephant,A-Bracelet Éléphant,13
490,4422-boucle-florale,A-Boucle Florale,13
491,4394-collier-ginkgo,A-Collier Ginkgo,13
492,4393-candy-farda,A-Candy Farda,13
493,4375-bijoux-chaltoutart,A-Bijoux Chaltoutart,13
494,4371-bracelet-etoile,A-Bracelet Étoile,13
495,4369-pendentif-tunisie,A-Pendentif Tunisie,13
496,4367-boucles-rondes,A-Boucles Rondes,13
497,4366-boucles-rectangulaires,A-Boucles Rectangulaires,13
498,4361-bracelet-serpent,A-Bracelet Serpent,13
499,4360-collier-rectangle,A-Collier Rectangle,13
500,4359-boucles-nacre,A-Boucles Nâcre,13
501,4327-bijoux-fianka,A-Bijoux Fianka,13
502,4276-boucles-khomsa,A-Boucles Khomsa,13
503,4264-creoles-personnalisees,A-Créoles Personnalisées,13
504,4245-collier-macrame,A-Collier Macramé,13
505,4218-boucles-africa,A-Boucles Africa,13
506,4204-boucles-d-oreille-ceramique,A-Boucles D'Oreille Ceramique,13
507,4198-collier-indien,A-Collier Indien,13
508,4189-boucles-taureau,A-Boucles Taureau,13
509,4188-parure-khomsa,A-Parure Khomsa,13
510,4149-boucles-dorees,A-Boucles Dorées,13
511,4141-bracelets-argent,A-Bracelets Argent,13
512,4140-boucles-d-oreille-cascades,A-Boucles D'Oreille Cascades,13
513,4139-collier-plume,A-Collier Plume,13
514,4108-bijoux-terre-cuite,A-Bijoux Terre Cuite,13
515,4085-collier-sejnene,A-Collier Sejnene,13
516,4035-parure-cerceau,A-Parure Cerceau,13
517,4034-manchette-personnalisable,A-Manchette Personnalisable,13
518,4033-kholkhal,A-Kholkhal,13
519,4032-broche-5-jeudis,A-Broche 5 Jeudis,13
520,4031-broche-oeil,A-Broche Oeil,13
521,4013-boucles-triangle,A-Boucles Triangle,13
522,4012-bracelet-croissant,A-Bracelet Croissant,13
523,3948-bague-verte,A-Bague Verte,13
524,3947-collier-translucide,A-Collier Translucide,13
525,3920-bracelet,A-Bracelet,13
526,3914-broche-tanit,A-Broche Tanit,13
527,3912-collier-grigri,A-Collier Grigri,13
528,3911-collier-ethnique,A-Collier Ethnique,13
529,3890-parure-bois,A-Parure Bois,13
530,3889-pendentif-bois,A-Pendentif Bois,13
531,3876-montre-bois,A-Montre Bois,13
532,3873-collier-filigrane,A-Collier Filigrane,13
533,3872-parure-perlee,A-Parure Perlée,13
534,3858-pendentif-papillon,A-Pendentif Papillon,13
535,3857-pendentif-fillette,A-Pendentif Fillette,13
536,3832-bracelet-argent,A-Bracelet Argent,13
537,3783-boucles-ambre,A-Boucles Ambre,13
538,3782-collier-rosace,A-Collier Rosace,13
539,3780-bracelet-boules,A-Bracelet Boules,13
540,3765-broche-hout-alik,A-Broche Hout Alik,13
541,3760-bracelet-en-cuivre,A-Bracelet En Cuivre,13
542,3759-collier-en-cuivre,A-Collier En Cuivre,13
543,3740-collier-gai,A-Collier Gai,13
544,3723-bague-nemli,A-Bague Nemli,13
545,3722-parure-poisson,A-Parure Poisson,13
546,3667-boucles-berberes,A-Boucles Berbères,13
547,3666-collier-berbere,A-Collier Berbère,13
548,3652-boucles-fimo,A-Boucles Fimo,13
549,3609-boucles-houta,A-Boucles Houta,13
550,3566-collier-bariole,A-Collier Bariolé,13
551,3565-collier-gamra,A-Collier Gamra,13
552,3564-creoles,A-Créoles,13
553,3547-bijoux-verre,A-Bijoux Verre,13
554,3493-collier-estival,A-Collier Estival,13
555,3438-collier-rihanna,A-Collier Rihanna,13
556,3437-bracelet-nemli,A-Bracelet Nemli,13
557,3436-collier-personnalise,A-Collier Personnalisé,13
558,3420-collier-style,A-Collier Stylé,13
559,3405-lunettes-rooya,A-Lunettes Rooya,13
560,3387-parure-cannette,A-Parure Cannette,13
561,3386-boucles-face,"A-Boucles ""Face""",13
562,3385-bracelet-chat,A-Bracelet Chat,13
563,3381-collier-double-cable,A-Collier Double Câble,13
564,3380-pendentif-figurine,A-Pendentif Figurine,13
565,3359-sautoir-anneaux,A-Sautoir Anneaux,13
566,3358-parure-chechia,A-Parure Chechia,13
567,3356-accessoires-cheveux,A-Accessoires Cheveux,13
568,3355-couronne,A-Couronne,13
569,3327-collier-anneaux,A-Collier Anneaux,13
570,3297-boucles-triangles,A-Boucles Triangles,13
571,3272-parure-poissons,A-Parure Poissons,13
572,3271-collier-papillon-rose,A-Collier Papillon Rose,13
573,3270-collier-tunisie,A-Collier Tunisie,13
574,3214-bracelet-lady,A-Bracelet Lady,13
575,3174-parure-rouge-orange,A-Parure Rouge Orange,13
576,3173-collier-onyx,A-Collier Onyx,13
577,3172-parure-bleue,A-Parure Bleue,13
578,3163-boucles-ciselees,A-Boucles Ciselées,13
579,3162-collier-zayna,A-Collier Zayna,13
580,3156-ras-du-cou,A-Ras Du Cou,13
581,3100-sac-bijoux,A-Sac Bijoux,13
582,3099-sac-oiseau,A-Sac Oiseau,13
583,3075-bracelet-soie,A-Bracelet Soie,13
584,3074-boucles-warka,A-Boucles Warka,13
585,3026-collier-boules-bois,A-Collier Boules Bois,13
586,3018-bracelet-khomsa,A-Bracelet Khomsa,13
587,2909-bracelet-tunisie,A-Bracelet Tunisie,13
588,2870-Bracelet_en_bouton,A-Bracelet En Bouton,13
589,2869-Bague_en_bouton,A-Bague En Bouton,13
590,2864-Bracelet_cuir_effet_croco,A-Bracelet Cuir Effet Croco,13
591,2863-Collier_sejnene_et_bois,A-Collier Sejnene Et Bois,13
592,2862-Echarpe_Collier_broche,A-Echarpe Collier Broche,13
593,2839-Parure_ambre,A-Parure Ambre,13
594,2837-Bracelet_quartz_argent,A-Bracelet Quartz Argent,13
595,2836-Bague_coquillage,A-Bague Coquillage,13
596,2835-Bracelet_agate,A-Bracelet Agate,13
597,2827-Collier_ethnic,A-Collier Ethnic,13
598,2820-Boucles_Poisson_Omrane,A-Boucles Poisson Omrane,13
599,2819-Parure_florale,A-Parure Florale,13
600,2808-Collier_medaillon_cisele,A-Collier Médaillon Ciselé,13
601,2806-Collier_cisele,A-Collier Ciselé,13
602,2787-Collier_calligraphie,A-Collier Calligraphié,13
603,2786-Collier_nacre_lac2,A-Collier Nacre Lac2,13
604,2785-Grand_bracelet_manchette,A-Grand Bracelet Manchette,13
605,2772-Parure_anneaux_dores,A-Parure Anneaux Dorés,13
606,2763-Collier_berbere_cuir,A-Collier Berbère Cuir,13
607,2739-Collier_bleu,A-Collier Bleu,13
608,2738-Collier_Mahboub,A-Collier Mahboub,13
609,2732-Boucles_fillette,A-Boucles Fillette,13
610,2731-Boucles_point_de_croix,A-Boucles Point De Croix,13
611,2730-Boucles_dream_catcher,A-Boucles Dream Catcher,13
612,2721-Porte_ecouteur,A-Porte Écouteur,13
613,2719-Choker_cuir_brillant,A-Choker Cuir Brillant,13
614,2718-Boucles_Bateau,A-Boucles Bateau,13
615,2695-Pendentif_stylise,A-Pendentif Stylisé,13
616,2673-Bracelet_ambre,A-Bracelet Ambre,13
617,2665-Bague_Ben_Youssef,A-Bague Ben Youssef,13
618,2549-collier-oeil,A-Collier Oeil,13
619,2548-bracelet-tresse,A-Bracelet Tressé,13
620,2547-collier-etoiles-lune,A-Collier Étoiles Lune,13
621,2527-collier-argent-massif,A-Collier Argent Massif,13
622,2526-boucles-anneaux,A-Boucles Anneaux,13
623,2525-bracelet-argent-925,A-Bracelet Argent 925,13
624,2501-bracelets-marsiens,A-Bracelets Marsiens,13
625,2500-bracelet-hommes,A-Bracelet Hommes,13
626,2483-bracelet-et-boucles-ciselees,A-Bracelet Et Boucles Ciselées,13
627,2482-bracelet-khlel,A-Bracelet Khlel,13
628,2481-porte-cle-argent,A-Porte-Clé Argent,13
629,2465-collier-agate-fartattou,A-Collier Agate Fartattou,13
630,2463-collier-emaillage,A-Collier Émaillage,13
631,2444-boucles-glam,A-Boucles Glam,13
632,2443-parure-orientale,A-Parure Orientale,13
633,2440-collier-fil-satin,A-Collier Fil Satin,13
634,2439-collier-agate-rouge,A-Collier Agate Rouge,13
635,2438-parure-ambre-jade,A-Parure Ambre Jade,13
636,2430-parure-perles-ibn-sina,A-Parure Perles Ibn Sina,13
637,2429-bracelet-style-zemni,A-Bracelet Style Zemni,13
638,2418-boucles-pompon-sousse,A-Boucles Pompon Sousse,13
639,2417-collier-anneaux-sousse,A-Collier Anneaux Sousse,13
640,2416-bracelet-stylise-kholkhal,A-Bracelet Stylisé Kholkhal,13
641,2381-bracelet-el-vetrina,A-Bracelet El Vetrina,13
642,2373-sautoir-argent-trempe-or,A-Sautoir Argent Trempé Or,13
643,2372-collier-fleur-argent-corail,A-Collier Fleur Argent Corail,13
644,2371-collier-corail-argent,A-Collier Corail Argent,13
645,2367-boucles-stylisees,A-Boucles Stylisées,13
646,2366-collier-serpent-tunis,A-Collier Serpent Tunis,13
647,2365-collier-pastel,A-Collier Pastel,13
648,2358-bracelet-attrape-reves,A-Bracelet Attrape-Rêves,13
649,2356-boucles-attrape-reve,A-Boucles Attrape-Rêve,13
650,2336-collier-anneaux-tunis,A-Collier Anneaux Tunis,13
651,2335-collier-lune,A-Collier Lune,13
652,2332-collier-multicolore-nbs,A-Collier Multicolore Nbs,13
653,2331-collier-perles-culture,A-Collier Perles Culture,13
654,2330-parure-en-perles,A-Parure En Perles,13
655,2329-bague-triangulaire,A-Bague Triangulaire,13
656,2328-pendentif-ebene-argent,A-Pendentif Ébène Argent,13
657,2325-parure-khomsa-et-ambre,A-Parure Khomsa Et Ambre,13
658,2324-bracelet-mahboub,A-Bracelet Mahboub,13
659,2320-collier-poisson-cuivre,A-Collier Poisson Cuivre,13
660,2304-boucles-filigrane,A-Boucles Filigrane,13
661,2303-collier-pierre-jaune,A-Collier Pierre Jaune,13
662,2302-collier-medaillon,A-Collier Médaillon,13
663,2301-parure-fantaisie,A-Parure Fantaisie,13
664,2300-collier-ras-du-cou-rouge,A-Collier Ras Du Cou Rouge,13
665,2256-bracelet-zemni,A-Bracelet Zemni,13
666,2255-parure-fatma,A-Parure Fatma,13
667,2237-parure-pompon-peche,A-Parure Pompon Pêche,13
668,2236-parure-tissu,A-Parure Tissu,13
669,2212-bracelet-o-plaisir,A-Bracelet O'Plaisir,13
670,2211-boucles-fleuries,A-Boucles Fleuries,13
671,2209-wechwech-o-plaisir,A-Wechwech O'Plaisir,13
672,2198-pendentif-bleu-ceramique,A-Pendentif Bleu Céramique,13
673,2197-bague-ceramique,A-Bague Céramique,13
674,2196-pendentif-ceramique,A-Pendentif Céramique,13
675,2176-bague-argent-cisele,A-Bague Argent Ciselé,13
676,2174-boucles-grenouille,A-Boucles Grenouille,13
677,2170-boucles-bordeau,A-Boucles Bordeau,13
678,2169-collier-vermillon,A-Collier Vermillon,13
679,2168-boucles-poisson,A-Boucles Poisson,13
680,2143-collier-triangle-pompon,A-Collier Triangle Pompon,13
681,2142-bracelet-manchette-cuivre,A-Bracelet Manchette Cuivre,13
682,2132-collier-et-boucles,A-Collier Et Boucles,13
683,2121-,A-Pendentif Incrusté Or,13
684,2120-,A-Boucles Argent Verre,13
685,2119-,A-Parure Argent Verre,13
686,2032-collier-ethno-chic,A-Collier Ethno Chic,13
687,2031-collier-bracelet-bleu,A-Collier Bracelet Bleu,13
688,2030-bracelet-homme-fait-main,A-Bracelet Homme Fait Main,13
689,1981-bracelet-corail-argent,A-Bracelet Corail Argent,13
690,1968-bracelet-calligraphie-art-cristo,A-Bracelet Calligraphié Art'Cristo,13
977,6051-maillot,A-Maillot,14
691,1967-fleur-ras-du-cou,A-Fleur Ras Du Cou,13
692,1957-bijoux-corail-agate,A-Bijoux Corail Agate,13
693,1956-collier-corail-40cm,A-Collier Corail 40cm,13
694,1955-collier-corail-4-rangees,A-Collier Corail 4 Rangées,13
695,1945-collier-pinky,A-Collier Pinky,13
696,1943-collier-rondeur,A-Collier Rondeur,13
697,1917-parure-ethnic-bleue,A-Parure Ethnic Bleue,13
698,1916-collier-ethnic-vert,A-Collier Ethnic Vert,13
699,1915-collier-ethnic-rouge,A-Collier Ethnic Rouge,13
700,1908-collier-poisson-ambre,A-Collier Poisson Ambre,13
701,1892-collier-khlel,A-Collier Khlel,13
702,1862-pendentif-zigzag,A-Pendentif Zigzag,13
703,1861-boucles-d-oreille-triangle,A-Boucles D'Oreille Triangle,13
704,1860-bague-ours,A-Bague Ours,13
705,1854-boucles-d-oreille-flower,A-Boucles D'Oreille Flower,13
706,1853-choker-flower,A-Choker Flower,13
707,1843-collier-grand-rond,A-Collier Grand Rond,13
708,1842-collier-turquoise-yakouta,A-Collier Turquoise Yakouta,13
709,1829-bracelet-personnalisable,A-Bracelet Personnalisable,13
710,1828-bague-sertie-ambre,A-Bague Sertie Ambre,13
711,1827-collier-ethnic-ambre,A-Collier Ethnic Ambre,13
712,1804-collier-motif-cuivre,A-Collier Motif Cuivre,13
713,1803-parure-ethnic,A-Parure Ethnic,13
714,1801-bracelets-chnechen,A-Bracelets Chnechen,13
715,1784-collier-lapin,A-Collier Chat,13
716,1746-collier-rose-degrade,A-Collier Rose Dégradé,13
717,1740-parure-rose-avec-bague,A-Parure Rose Avec Bague,13
718,1739-collier-bracelet-cuir-tresse,A-Collier Bracelet Cuir Tressé,13
719,1738-parure-et-pochette-dentelle-strass,A-Parure Et Pochette Dentelle Strass,13
720,1710-pendentif-poisson-stylise,A-Pendentif Poisson Stylisé,13
721,1709-choker-fleuri,A-Choker Fleuri,13
722,1708-collier-tribal,A-Collier Tribal,13
723,1702-bague-verre-de-murano,A-Bague Verre De Murano,13
724,1675-bague-ambre,A-Bague Ambre,13
725,1674-collier-ambre-corail,A-Collier Ambre Corail,13
726,1669-bague-en-bois-woodstone,A-Bague En Bois Woodstone,13
727,1668-bracelet-bois-marbre,A-Bracelet Bois Marbre,13
728,1640-collier-atika-turquoise,A-Collier Atika Turquoise,13
729,1639-bracelet-homme,A-Bracelet Homme,13
730,1638-manchette-atika,A-Manchette Atika,13
731,1631-porte-cles-berbere,A-Porte-Clés Berbère,13
732,1630-bague-ethno-chic,A-Bague Ethno Chic,13
733,1629-plastron-berbere,A-Plastron Berbère,13
734,1626-collier-tanit-mosaique,A-Collier Tanit Mosaïque,13
735,1595-montre-bois-d-olivier,A-Montre Bois D'Olivier,13
736,1589-broche-lettre,A-Broche Lettre,13
737,1588-manchette-arabesque,A-Manchette Arabesque,13
738,1571-bracelet-multicolore-mahboub,A-Bracelet Clé,13
739,1570-bague-en-argent,A-Bague En Argent,13
740,1562-bracelet-trio-cercles,A-Bague Longiligne Poisson,13
741,1561-bague-ronde,A-Bague Ronde,13
742,1560-kholkhal-epais,A-Kholkhal Epais,13
743,1544-bague-argent-fleur,A-Bague Argent Fleur,13
744,1543-collier-argent-corail-zemni,A-Collier Argent Corail Zemni,13
745,1542-collier-argent-turquoise,A-Collier Argent Turquoise,13
746,1524-pendentif-et-boucles-d-oreille-perles,A-Pendentif Et Boucles D'Oreille Perles,13
747,1523-collier-perles-argent,A-Collier Perles Argent,13
748,1506-bague-en-laiton,A-Bague En Laiton,13
749,1505-bracelet-manchette-stylise,A-Bracelet Manchette Stylisé,13
750,1504-collier-taureau-stylise,A-Collier Taureau Stylisé,13
751,1500-collier-corail-et-perles,A-Collier Corail Et Perles,13
752,1499-chapelet-perles-et-ambre,A-Chapelet Perles Et Ambre,13
753,1498-pendentif-et-boucles-d-oreille-ambre-corail,A-Pendentif Et Boucles D'Oreille Ambre Corail,13
754,1438-pendentif-corail-argent,A-Pendentif Corail Argent,13
755,1436-pendentif-ambre-denden,A-Pendentif Ambre Denden,13
756,1434-chapelet-ambre,A-Chapelet Ambre,13
757,1421-monture-miss-one,A-Monture Miss One,13
758,1403-bracelet-personnalise,A-Bracelet Personnalisé,13
759,1402-bague-deux-coeurs,A-Bague Deux Coeurs,13
760,1401-collier-rouge-khomsa,A-Collier Rouge Khomsa,13
761,1377-bijou-wasta,A-Bijou Wasta,13
762,1375-bijou-manchette,A-Bijou Manchette,13
763,1370-deblech,A-Deblech,13
764,1369-collier-wechwech,A-Collier Wechwech,13
765,1361-pendentif-traditionnel,A-Pendentif Traditionnel,13
766,1359-collier-double-khomsa,A-Collier Double Khomsa,13
767,1358-bague-rouge,A-Bague Rouge,13
768,1357-grandes-boucles-d-oreille-khomsa,A-Grandes Boucles D'Oreille Khomsa,13
769,1353-parure-bleu-vert,A-Parure Bleu Vert,13
770,1352-collier-ras-du-cou-bleu,A-Collier Ras Du Cou Bleu,13
771,1351-bracelets-ressort,A-Bracelets Ressort,13
772,1350-sautoir-chic,A-Sautoir Chic,13
773,1335-parure-mahboub,A-Parure Mahboub,13
774,1334-broche-naissance,A-Broche Naissance,13
775,1309-boucles-d-oreille-khlel,A-Boucles D'Oreille Khlel,13
776,1308-boucles-d-oreille-gouttes,A-Boucles D'Oreille Gouttes,13
777,1307-bague-rosace,A-Bague Rosace,13
778,1292-collier-mains-de-fatma,A-Collier Mains De Fatma,13
779,1291-collier-bleu-vert,A-Collier Bleu Vert,13
780,1287-boucles-d-oreille-southnorth,A-Boucles D'Oreille SouthNorth,13
781,1286-collier-triangle,A-Collier Triangle,13
782,1268-bague-agate-argent,A-Bague Agate Argent,13
4740,ovale,I-Bougie Parfumée Ovale,131
783,1267-boucles-d-oreille-topaze,A-Boucles D'Oreille Topaze,13
784,1266-collier-argent-agate,A-Collier Argent Agate,13
785,1265-bijoux-fil-de-soie,A-Bijoux Fil De Soie,13
786,1217-parure-argent-platine-perles,A-Parure Argent Platiné Perles,13
787,1216-parure-argent-et-pierre,A-Parure Argent Et Pierre,13
788,1215-collier-argent-dore-et-jaspe,A-Collier Argent Doré Et Jaspe,13
789,1213-collier-rouge,A-Collier Rouge,13
790,1212-collier-carmela,A-Collier Carmela,13
791,1198-boucles-d-oreille-berbares,A-Boucles D'Oreille Berbères,13
792,1183-bracelet-calligraphie,A-Bracelet Calligraphié,13
793,1178-collier-grenat-corail-argent,A-Collier Grenat Corail Argent,13
794,1177-chapelet-corail-argent,A-Chapelet Corail Argent,13
795,1176-collier-perle-argent,A-Collier Perle Argent,13
796,1164-collier-perles-et-cuivre,A-Collier Perles Et Cuivre,13
797,1163-chokers-gharam,A-Chokers Gharam,13
798,1156-parure-quartz-rouille,A-Parure Quartz Rouille,13
799,1155-parure-perles,A-Parure Perles,13
800,1154-bracelet-nude,A-Bracelet Nude,13
801,1139-collier-tortue-stylisee,A-Collier Tortue Stylisée,13
802,1138-collier-laine-chechias,A-Collier Laine Chechias,13
803,1130-creoles-customisees,A-Créoles Customisées,13
804,1129-collier-tricote-perle,A-Collier Tricoté Perlé,13
805,1128-collier-bouquet-fleurs,A-Collier Bouquet Fleurs,13
806,1126-collier-crochet-ras-du-cou,A-Collier Crochet Ras Du Cou,13
807,1114-pendentif-rectangulaire,A-Pendentif Rectangulaire,13
808,1113-pendentifs-ronds-en-verre,A-Pendentifs Ronds En Verre,13
809,1112-bague-verte-en-verre,A-Bague Verte En Verre,13
810,1108-collier-ethnic-chic,A-Collier Ethnic Chic,13
811,1100-collier-elephant,A-Collier Éléphant,13
812,1087-foulard-khomsa,A-Foulard Khomsa,13
813,1086-boucles-pompon,A-Boucles Pompon,13
814,1084-parure-fraise,A-Parure Fraise,13
815,1083-collier-anneaux-sfax,A-Collier Anneaux Sfax,13
816,1079-couronne-imperiale,A-Couronne Impériale,13
817,1078-couronne-delicate,A-Couronne Délicate,13
818,1073-bracelet-pompons,A-Bracelet Pompons,13
819,1057-boucles-d-oreille-argent,A-Boucles D'Oreille Argent,13
820,1056-bijoux-by-jasmino,A-Bijoux By Jasmino,13
821,1052-parure-soie-et-argent,A-Parure Soie Et Argent,13
822,1051-boucles-d-oreille-rondes,A-Boucles D'Oreille Rondes,13
823,1048-collier-choker-pompon,A-Collier Choker Pompon,13
824,1044-lunettes-bois-shili,"A-Lunettes Bois ""Shili""",13
825,1042-lunettes-en-bois-lella,"A-Lunettes En Bois ""Lella""",13
826,986-collier-rose-chic,A-Collier Rose Chic,13
827,985-collier-jade,A-Collier Jade,13
828,984-collier-rayhana,A-Collier Rayhana,13
829,982-collier-floral-perle,A-Collier Floral Perlé,13
830,981-collier-tortue,A-Collier Tortue,13
831,975-bague-trendy,A-Bague Trendy,13
832,974-colliers-enfant,A-Colliers Enfant,13
833,891-bracelet-infini,"A-Bracelet ""Infini""",13
834,890-collier-poisson-dore,A-Collier Poisson Doré,13
835,889-bracelet-cuir-ancre,A-Bracelet Cuir Ancre,13
836,877-choker-velours-swarovski,A-Choker Velours Swarovski,13
837,873-collier-pierre-mauve,A-Collier Pierre Mauve,13
838,860-pendentif-sejnene,A-Pendentif Sejnene,13
839,859-bracelet-cuir-laiton,A-Bracelet Cuir Laiton,13
840,825-bracelet-fleur,A-Bracelet Fleur,13
841,807-collier-bleu-ethno,A-Collier Bleu Ethno,13
842,806-collier-rose-ethno,A-Collier Rose Ethno,13
843,805-bracelet-filigrane,A-Bracelet Filigrané,13
844,804-pendentif-marguerite,A-Pendentif Marguerite,13
845,765-collier-khomsa-fashion,A-Collier Khomsa Fashion,13
846,764-collier-kholkhal-fashion,A-Collier Kholkhal Fashion,13
847,763-collier-khlel-fashion,A-Collier Khlel Fashion,13
848,740-collier-wardan-filigrane-argent,A-Collier Wardan Filigrane Argent,13
849,734-collier-arc-en-ciel,A-Collier Arc En Ciel,13
850,733-boucles-d-oreille-arc-en-ciel,A-Boucles D'Oreille Arc En Ciel,13
851,728-collier-ecolo,A-Collier Écolo,13
852,727-boucles-d-oreille-ecolos,A-Boucles D'Oreille Ecolos,13
853,719-bracelets-soie,A-Bracelets Soie,13
854,718-collier-soie-et-agate,A-Collier Soie Et Agate,13
855,684-collier-anneaux-perles,A-Collier Anneaux Perles,13
856,683-boucles-lapis-lazuli,A-Boucles Lapis-Lazuli,13
857,677-collier-argent-pierres,A-Collier Argent Pierres,13
858,646-collier-mahdois,A-Collier Mahdois,13
859,644-collier-brode-pierres-semi-precieuses,A-Collier Brodé Pierres Semi Précieuses,13
860,630-accessoires-dsb,A-Accessoires DSB,13
861,621-agate-et-mahbouba-mahdia,A-Agate Et Mahbouba Mahdia,13
862,619-choker-medina,A-Choker Medina,13
863,616-medaillon-fleur-bleue,A-Médaillon Fleur Bleue,13
864,612-boucles-d-oreille-petit-bonhomme,A-Boucles D'Oreille Petit Bonhomme,13
865,606-collier-natte,A-Collier Natte,13
866,602-collier-vert,A-Collier Vert,13
867,601-collier-trempe-or-et-perles,A-Collier Trempé Or Et Perles,13
868,600-boucles-d-oreille-torsade,A-Boucles D'Oreille Torsade,13
869,597-boucles-d-oreille-cuivre,A-Boucles D'Oreille Cuivre,13
870,596-bague-en-cuivre,A-Bague En Cuivre,13
871,594-collier-choker,A-Collier Choker,13
872,584-bracelets-fantaisie,A-Bracelets Fantaisie,13
873,583-parure-perle,A-Parure Perle,13
874,582-parure-rouge,A-Parure Rouge,13
875,577-pendentif-en-verre,A-Pendentif En Verre,13
876,576-boucles-d-oreille-en-verre,A-Boucles D'Oreille En Verre,13
877,575-bagues-en-verre,A-Bagues En Verre,13
878,568-collier-3-khomsas,A-Collier 3 Khomsas,13
879,567-collier-bleu-poisson,A-Collier Bleu Poisson,13
880,566-collier-kholkhal-or,A-Collier Kholkhal Or,13
881,545-boucles-d-oreilles-medaillon,A-Boucles D'Oreilles Médaillon,13
882,544-bague-poisson-or,A-Bague Poisson Or,13
883,543-collier-turquoise,A-Collier Turquoise,13
884,539-collier-argent-main-fatma,A-Collier Argent Main Fatma,13
885,520-pendentifs-ambre,A-Pendentifs Ambre,13
886,519-boucles-d-oreille-ambre,A-Boucles D'Oreille Ambre,13
887,502-bijoux-gafsa,A-Bijoux Gafsa,13
888,500-bijoux-anciens,A-Bijoux Anciens,13
889,486-bague-poisson,A-Bague Poisson,13
890,454-boucles-d-oreille-cristaux,A-Boucles D'Oreille Cristaux,13
891,440-boucles-d-oreilles-argent-trempe-or,A-Boucles D'Oreilles Argent Trempé Or,13
892,438-collier-dabloun-argent-ambre,A-Collier Dabloun Argent Ambre,13
893,405-collier-kholkhal,A-Collier Kholkhal,13
894,334-collier-agate,A-Collier Agate,13
895,319-bagues-en-argent-et--et-pierres-taillees,A-Bagues En Argent Et Et Pierres Taillées,13
896,6195-t-shirt-cactus,A-T-Shirt Cactus,14
897,318-collier-argent-et-pierres-taillees,A-Collier Argent Et Pierres Taillées,13
898,302-creations-accessoires-colores,A-Créations Accessoires Colorés,13
899,266-monture-lunettes-et-etui-en-bois-olivier,A-Monture Lunettes Et Étui En Bois Olivier,13
900,265-bagues-en-bois-d-olivier-et-argent,A-Bagues En Bois D'Olivier Et Argent,13
901,264-parure-en-bois-d-olivier,A-Parure En Bois D'Olivier,13
902,127-collier-en-argent-trempe-dans-de-l-or,A-Collier En Argent Trempé Dans De L'Or,13
903,126-porte-cles-en-argent,A-Porte Clés En Argent,13
904,125-collier-en-argent,A-Collier En Argent,13
905,64-pendentifs-et-boucles-d-oreille-en-argent,A-Pendentif Filigrané,13
906,59-bagues-en-argent,A-Bagues En Argent,13
907,54-collier-stylise-contemporain,A-Collier Stylisé Contemporain,13
908,53-bracelets-brodes,A-Bracelets Brodés,13
909,6277-sac-margoum,A-Sac Margoum,14
910,6265-sac-plexi,A-Sac Plexi,14
911,6259-t-shirt-d-allaitement,A-T-Shirt D'Allaitement,14
912,6258-robe-d-allaitement,A-Robe D'Allaitement,14
913,6257-robe-bicolore,A-Robe Bicolore,14
914,6255-jebba-brodee,A-Jebba Brodée,14
915,6250-maillot-triangle,"A-Maillot ""Triangle""",14
916,6249-maillot-trapeze,"A-Maillot ""Trapèze""",14
917,6239-gigoteuse,A-Gigoteuse,14
918,6237-couffin-corail,A-Couffin Corail,14
919,6236-sac-a-main,A-Sac À Main,14
920,6234-sac-couffin,A-Sac Couffin,14
921,6230-nuisette,A-Nuisette,14
922,6229-nuisette-body,A-Nuisette Body,14
923,6228-jarretiere,A-Jarretière,14
924,6223-maillot-1-piece,A-Maillot 1 Pièce,14
925,6222-bikini,A-Bikini,14
926,6219-robe-kimono,A-Robe Kimono,14
927,6218-combi-satin,A-Combi Satin,14
928,6217-robe-moutarde,A-Robe Moutarde,14
929,6216-robe-bretelles,A-Robe Bretelles,14
930,6215-echarpe-tissee,A-Echarpe Tissée,14
931,6205-chaussures-orange,A-Chaussures Orange,14
932,6204-chaussures-nino,A-Chaussures Nino,14
933,6198-maillot-homme,A-Maillot Homme,14
934,6196-robe-estivale,A-Robe Estivale,14
935,6181-sac-rond,A-Sac Rond,14
936,6176-sac-eponge,A-Sac Éponge,14
937,6175-fouta-eponge,A-Fouta Éponge,14
938,6169-barboteuse,A-Barboteuse,14
939,6168-paletot-a-capuche,A-Paletot À Capuche,14
940,6167-chaussons,A-Chaussons,14
941,6164-turbonnet,A-TurBonnet,14
942,6161-sac-crochet,A-Sac Crochet,14
943,6148-sac-cannage,A-Sac Cannage,14
944,6143-robe-lin,A-Robe Lin,14
945,6142-kimono-mona,A-Kimono Mona,14
946,6141-kimono-cherry,A-Kimono Cherry,14
947,6140-sac-fourre-tout,A-Sac Fourre-Tout,14
948,6139-sac-dot,"A-Sac ""Dot""",14
949,6122-maillot-enfant,A-Maillot Enfant,14
950,6121-maillot-pushup,A-Maillot Pushup,14
951,6120-sac-toile-de-jute,A-Sac Toile De Jute,14
952,6119-couffin-nattes-cuir,A-Couffin Nattes Cuir,14
953,6117-couffin-estival,A-Couffin Estival,14
954,6116-robe-chemise,A-Robe Chemise,14
955,6115-cache-maillot,A-Cache Maillot,14
956,6112-maillot-femme,A-Maillot Femme,14
957,6107-robe-t-shirt,A-Robe T-Shirt,14
958,6105-pantalon-top-lin,A-Pantalon Top Lin,14
959,6104-liquette,A-Liquette,14
960,6093-sortie-de-bain,A-Sortie De Bain,14
961,6088-sac-anneaux,A-Sac Anneaux,14
962,6087-sac-a-dos,A-Sac À Dos,14
963,6083-t-shirt-peint,A-T-Shirt Peint,14
964,6082-couffin-africain,A-Couffin Africain,14
965,6081-tote-bag-brode,A-Tote Bag Brodé,14
966,6080-bourse-raphia,A-Bourse Raphia,14
967,6075-etole-soie,A-Etole Soie,14
968,6067-t-shirt,A-T-Shirt,14
969,6066-ceinture-noire,A-Ceinture Noire,14
970,6065-ceinture-camel,A-Ceinture Camel,14
971,6062-chaussures-cuir,A-Chaussures Cuir,14
972,6058-kit-bebe,A-Kit Bébé,14
973,6057-robe-fillette,A-Robe Fillette,14
974,6055-chaussures-bebe,A-Chaussures Bébé,14
975,6054-mocassins,A-Mocassins,14
976,6053-ballerines-plates,A-Ballerines Plates,14
978,6039-echarpe-portage,A-Echarpe Portage,14
979,6027-robe-moulante,A-Robe Moulante,14
980,6026-chemisier,A-Chemisier,14
981,6025-manteau-rose,A-Manteau Rose,14
982,6016-jebba-bicolore,A-Jebba Bicolore,14
983,6015-kimono-brode,A-Kimono Brodé,14
984,6005-chaussures-cuir-glace,A-Chaussures Cuir Glacé,14
985,6004-chaussures-daim,A-Chaussures Daim,14
986,6000-sac-brode,A-Sac Brodé,14
987,5999-pochette-brodee,A-Pochette Brodée,14
988,5996-sac-fleuri,A-Sac Fleuri,14
989,5975-chapeau-couffin,A-Chapeau Couffin,14
990,5945-caftan-revisite,A-Caftan Revisité,14
991,5943-mules-raphia,A-Mules Raphia,14
992,5942-chaussures-raphia,A-Chaussures Raphia,14
993,5941-babouche-raphia,A-Babouche Raphia,14
994,5908-cape-brodee,A-Cape Brodée,14
995,5904-blouza-brodee,A-Blouza Brodée,14
996,5903-blouza-calligraphiee,A-Blouza Calligraphiée,14
997,5890-jebba-poisson,A-Jebba Poisson,14
998,5888-kadroun,A-Kadroun,14
999,5882-robe-noire,A-Robe Noire,14
1000,5881-robe-pistache,A-Robe Pistache,14
1001,5880-jebba-burnous,A-Jebba Burnous,14
1002,5875-echarpe-hayek,A-Echarpe Hayek,14
1003,5827-cape-7ob,A-Cape 7ob,14
1004,5826-gilet-velours,A-Gilet Velours,14
1005,5816-kachabiya-brodee,A-Kachabiya Brodée,14
1006,5815-pull-brode,A-Pull Brodé,14
1007,5814-dengri-brode,A-Dengri Brodé,14
1008,5812-chemise-velours,A-Chemise Velours,14
1009,5771-kimono-tisse,A-Kimono Tissé,14
1010,5769-robe-shantoung,A-Robe Shantoung,14
1011,5768-tenue-hammametoise,A-Tenue Hammamétoise,14
1012,5753-etole-brodee,A-Etole Brodée,14
1013,5751-kachabiya,A-Kachabiya,14
1014,5742-pochette-soie,A-Pochette Soie,14
1015,5741-robe-soie,A-Robe Soie,14
1016,5740-echarpe-soie,A-Echarpe Soie,14
1017,5701-costume-homme,A-Costume Homme,14
1018,5699-tenue-garcon,A-Tenue Garçon,14
1019,5684-veste-brodee,A-Veste Brodée,14
1020,5654-burnous-brode,A-Burnous Brodé,14
1021,5618-pochette-peinte,A-Pochette Peinte,14
1022,5615-poncho,A-Poncho,14
1023,5545-veste-kimono,A-Veste Kimono,14
1024,5543-mules-brodees,A-Mules Brodées,14
1025,5534-echarpe-bakhnoug,A-Echarpe Bakhnoug,14
1026,5499-pochette-echarpe,A-Pochette Echarpe,14
1027,5498-cape-calligraphiee,A-Cape Calligraphiée,14
1028,5496-sac-a-pain,A-Sac À Pain,14
1029,5495-sac-ecolo,A-Sac Écolo,14
1030,5467-robe-chic,A-Robe Chic,14
1031,5466-robe-sport-chic,A-Robe Sport Chic,14
1032,5465-jebba-turquoise,A-Jebba Turquoise,14
1033,5461-ceinture-macrame,A-Ceinture Macramé,14
1034,5459-sandales-macrame,A-Sandales Macramé,14
1035,5408-pantoufles-crochet,A-Pantoufles Crochet,14
1036,5406-cache-bebe,A-Cache-Bébé,14
1037,5395-echarpe-brodee,A-Echarpe Brodée,14
1038,5394-liquette-brodee,A-Liquette Brodée,14
1039,5389-tote-bag-7obb,"A-Tote Bag ""7obb""",14
1040,5388-couffin-enfant,A-Couffin Enfant,14
1041,5387-tote-bag-poissons,A-Tote Bag Poissons,14
1042,5386-farmla-brodee,A-Farmla Brodée,14
1043,5385-caftan-brode,A-Caftan Brodé,14
1044,5378-robe-rayee,A-Robe Rayée,14
1045,5377-street-kimono,A-Street Kimono,14
1046,5374-bottes-longues,A-Bottes Longues,14
1047,5368-sac-bandouliere,A-Sac Bandoulière,14
1048,5367-ceinture-laine,A-Ceinture Laine,14
1049,5366-farmla-laine,A-Farmla Laine,14
1050,5330-chemise-brodee,A-Chemise Brodée,14
1051,5329-chemisier-poisson,A-Chemisier Poisson,14
1052,5315-derby-cuir,A-Derby Cuir,14
1053,5314-sandales-rouges,A-Sandales Rouges,14
1054,5313-mules-multicolores,A-Mules Multicolores,14
1055,5273-etole-sefseri,A-Etole Sefseri,14
1056,5261-robe-bleu-marine,A-Robe Bleu Marine,14
1057,5260-robe-lin-hayek,A-Robe Lin Hayek,14
1058,5249-sac-rond-brode,A-Sac Rond Brodé,14
1059,5248-sac-couffin-brode,A-Sac Couffin Brodé,14
1060,5247-robe-brodee,A-Robe Brodée,14
1061,5245-tunique-brodee,A-Tunique Brodée,14
1062,5243-robe-mini,A-Robe Mini,14
1063,5242-combinaison-oversized,A-Combinaison Oversized,14
1064,5241-sefseri-contemporain,A-Sefseri Contemporain,14
1065,5240-sac-colore,A-Sac Coloré,14
1066,5238-blouson-cuir-brode,A-Blouson Cuir Brodé,14
1067,5225-chtar-bicolore,A-Chtar Bicolore,14
1068,5221-jebba-khlel,A-Jebba Khlel,14
1069,5220-jebba-khomssa,A-Jebba Khomssa,14
1070,5216-fouta-cape-de-bain,A-Fouta Cape De Bain,14
1071,5199-robe-sans-manche,A-Robe Sans Manche,14
1072,5197-robe-fluide,A-Robe Fluide,14
1073,5194-jebba-courte,A-Jebba Courte,14
1074,5193-jebba-rayee,A-Jebba Rayée,14
1075,5189-robe-brodee-or,A-Robe Brodée Or,14
1076,5188-robe-turquoise,A-Robe Turquoise,14
1077,5187-ensemble-mariee,A-Ensemble Mariée,14
1078,5174-sac-a-message,A-Sac À Message,14
1079,5168-chapeau-hommes,A-Chapeau Hommes,14
1080,5167-chapeau-pastel,A-Chapeau Pastel,14
1081,5152-t-shirt-amoureux,A-T-Shirt Amoureux,14
1082,5151-t-shirt-elyssa,A-T-Shirt Elyssa,14
1083,5150-t-shirt-poissons,A-T-Shirt Poissons,14
1084,5134-veste-dengri,A-Veste Dengri,14
1085,5132-cache-maillot-calligraphie,A-Cache-Maillot Calligraphié,14
1086,5130-jebba-verte,A-Jebba Verte,14
1087,5094-robe-hayek,A-Robe Hayek,14
1088,5068-sandales-plates,A-Sandales Plates,14
1089,5067-mules-plates,A-Mules Plates,14
1090,5066-sandales-cuir,A-Sandales Cuir,14
1091,5065-sac-tortue,A-Sac Tortue,14
1092,5063-couffin-coquillage,A-Couffin Coquillage,14
1093,5050-robe-prince,A-Robe Prince,14
1094,5049-robe-portrait,A-Robe Portrait,14
1095,5048-robe-licorne,A-Robe Licorne,14
1096,5042-robe-plastron,A-Robe Plastron,14
1097,5041-tenue-mere-enfant,A-Tenue Mère Enfant,14
1098,5038-blouse-hayek,A-Blouse Hayek,14
1099,5034-chemise-customisee,A-Chemise Customisée,14
1100,5026-blouse-djerbienne,A-Blouse Djerbienne,14
1101,5015-sac-paon,A-Sac Paon,14
1102,5014-chaussures-brodees,A-Chaussures Brodées,14
1103,5013-kantouch-mahdia,A-Kantouch Mahdia,14
1104,5009-pochette-chips,A-Pochette Chips,14
1105,5006-sac-fleurs-brodees,A-Sac Fleurs Brodées,14
1106,5000-sac-poisson,A-Sac Poisson,14
1107,4999-chapeau-fruits,A-Chapeau Fruits,14
1108,4998-couffin-poisson,A-Couffin Poisson,14
1109,4984-tenues-anissa-aida,A-Tenues Anissa Aïda,14
1110,4983-chemisier-transparent,A-Chemisier Transparent,14
1111,4979-broderie-manche,A-Broderie Manche,14
1112,4977-robe-crochet,A-Robe Crochet,14
1113,4965-abeya-lin,A-Abeya Lin,14
1114,4964-chemise-lin,A-Chemise Lin,14
1115,4962-manteau-brode,A-Manteau Brodé,14
1116,4959-hassara,A-Hassara,14
1117,4951-robe-taffetas,A-Robe Taffetas,14
1118,4950-robe-et-bolero,A-Robe Et Boléro,14
1119,4949-robe-fleurie,A-Robe Fleurie,14
1120,4936-pochette-oeillets,A-Pochette Oeillets,14
1121,4934-chaussettes-ouaz,A-Chaussettes Ouaz,14
1122,4927-couffin-cerises,A-Couffin Cerises,14
1123,4926-duo-couffin-chapeau,A-Duo Couffin Chapeau,14
1124,4925-sac-pasteque,A-Sac Pastèque,14
1125,4916-kachabiya-laine,A-Kachabiya Laine,14
1126,4915-kachabiya-jean-s,A-Kachabiya Jean'S,14
1127,4914-abeya-bleue,A-Abeya Bleue,14
1128,4908-sac-macrame,A-Sac Macramé,14
1129,4899-fouta-blouza-moderne,A-Fouta Blouza Moderne,14
1130,4898-caftan-emeraude,A-Caftan Emeraude,14
1131,4889-couffin-amazigh,A-Couffin Amazigh,14
1132,4888-t-shirt-mona-lisa,A-T-Shirt Mona Lisa,14
1133,4881-pack-jebba-luxe,A-Pack Jebba Luxe,14
1134,4880-burnous-fillette,A-Burnous Fillette,14
1135,4879-tenue-al-amir,A-Tenue Al Amir,14
1136,4877-dengri-bebe,A-Dengri Bébé,14
1137,4876-dengri-hommes,A-Dengri Hommes,14
1138,4875-dengri-femmes,A-Dengri Femmes,14
1139,4874-dengri-enfant,A-Dengri Enfant,14
1140,4869-jebba-hommes,A-Jebba Hommes,14
1141,4868-jebba-satin-de-soie,A-Jebba Satin De Soie,14
1142,4854-tenue-boho,A-Tenue Boho,14
1143,4853-t-shirt-homme,A-T-Shirt Homme,14
1144,4845-sac-triangle,A-Sac Triangle,14
1145,4844-sac-coquelicot,A-Sac Coquelicot,14
1146,4843-sac-coeur,A-Sac Coeur,14
1147,4832-gilet-hayek,A-Gilet Hayek,14
1148,4831-jebba-domiaty,A-Jebba Domiaty,14
1149,4829-balgha,A-Balgha,14
1150,4828-sandales,A-Sandales,14
1151,4827-mules,A-Mules,14
1152,4812-sac-frida,A-Sac Frida,14
1153,4762-cape-fleurie,A-Cape Fleurie,14
1154,4761-sac-couffin-jean-s,A-Sac Couffin Jean'S,14
1155,4759-sweatshirt-noir,A-Sweatshirt Noir,14
1156,4758-sweatshirt-gris,A-Sweatshirt Gris,14
1157,4747-veste-cuir-brodee,A-Veste Cuir Brodée,14
1158,4743-pull-tisse,A-Pull Tissé,14
1159,4742-ensemble-mere-fille,A-Ensemble Mère-Fille,14
1160,4733-sac-upcycled,A-Sac Upcycled,14
1161,4729-sefseri-kimono,A-Sefseri Kimono,14
1162,4727-sefseri-gris,A-Sefseri Gris,14
1163,4702-couffin-faience,A-Couffin Faïence,14
1164,4701-pochette-poisson,A-Pochette Poisson,14
1165,4693-sac-vintage,A-Sac Vintage,14
1166,4692-chapeaux-en-paille,A-Chapeaux En Paille,14
1167,4675-pochette-crochet,A-Pochette Crochet,14
1168,4674-veste-jean-s-jelliz,A-Veste Jean'S Jelliz,14
1169,4673-sac-jelliz,A-Sac Jelliz,14
1170,4672-t-shirt-jelliz,A-T-Shirt Jelliz,14
1171,4671-veste-bomber,A-Veste Bomber,14
1172,4664-balgha-crocro,A-Balgha Crocro,14
1173,4618-jupe-tissee,A-Jupe Tissée,14
1174,4612-blouse-baraa,A-Blouse Baraa,14
1175,4606-jaquette-customisee,A-Jaquette Customisée,14
1176,4605-kimanteau,A-Kimanteau,14
1177,4555-sac-lily,A-Sac Lily,14
1178,4542-manteau-bicolore,A-Manteau Bicolore,14
1179,4532-ensemble-veste-pantalon,A-Ensemble Veste-Pantalon,14
1180,4531-tunique-tissee,A-Tunique Tissée,14
1181,4530-cape-tissee,A-Cape Tissée,14
1182,4529-chaussettes-falta,A-Chaussettes Falta,14
1183,4511-chale,A-Châle,14
1184,4498-sac-fashionista,A-Sac Fashionista,14
1185,4497-sac-calligraphie,A-Sac Calligraphié,14
1186,4496-sac-tiger,A-Sac Tiger,14
1187,4485-ceinture,A-Ceinture,14
1188,4474-pochette-raphia,A-Pochette Raphia,14
1189,4455-derbies-femmes,A-Derbies Femmes,14
1190,4448-couffin-cerceaux,A-Couffin Cerceaux,14
6987,Mug-vert-petit,Mug vert petit,695
1191,4442-combinaison-dentelle,A-Combinaison Dentelle,14
1192,4370-kmija-revisitee,A-Kmija Revisitée,14
1193,4368-soie-tissee,A-Soie Tissée,14
1194,4365-jebba-fleurie,A-Jebba Fleurie,14
1195,4347-noeud-papillon,A-Noeud Papillon,14
1196,4343-noeud-pap,A-Noeud Pap,14
1197,4338-couffin-peint,A-Couffin Peint,14
1198,4334-t-shirt-poisson,A-T-Shirt Poisson,14
1199,4329-sac-ethno-rouge,A-Sac Ethno Rouge,14
1200,4328-sac-ethno,A-Sac Ethno,14
1201,4316-combi,A-Combi,14
1202,4315-chemise-unisexe,A-Chemise Unisexe,14
1203,4307-tunique-rouge,A-Tunique Rouge,14
1204,4296-foulards-brodes,A-Foulards Brodés,14
1205,4291-mocassins-camel,A-Mocassins Camel,14
1206,4290-tongs-cuir,A-Tongs Cuir,14
1207,4289-mocassins-bleus,A-Mocassins Bleus,14
1208,4288-halfa-raphia,A-Halfa Raphia,14
1209,4287-halfa-poisson,A-Halfa Poisson,14
1210,4284-robe-plage,A-Robe Plage,14
1211,4283-jebba-nomade,A-Jebba Nomade,14
1212,4277-couffin-sac,A-Couffin Sac,14
1213,4271-sac-de-plage,A-Sac De Plage,14
1214,4265-sac-tisse,A-Sac Tissé,14
1215,4263-sac-marin,A-Sac Marin,14
1216,4259-couffin-macrame,A-Couffin Macramé,14
1217,4258-mules-macrame,A-Mules Macramé,14
1218,4251-couffin-tejna,A-Couffin Tejna,14
1219,4247-sac-tricot-bois,A-Sac Tricot Bois,14
1220,4246-sac-tricot,A-Sac Tricot,14
1221,4237-chapeau-halfa,A-Chapeau Halfa,14
1222,4236-sac-canne,A-Sac Canné,14
1223,4229-robe-chemise-lin,A-Robe-Chemise Lin,14
1224,4228-robe-chemise-coton,A-Robe-Chemise Coton,14
1225,4227-veste-longue,A-Veste Longue,14
1226,4226-couffin-fleurs,A-Couffin Fleurs,14
1227,4225-couffin-ananas,A-Couffin Ananas,14
1228,4219-gilet-turquoise,A-Gilet Turquoise,14
1229,4206-robe-ceramique,A-Robe Céramique,14
1230,4201-poncho-turquoise,A-Poncho Turquoise,14
1231,4200-sac-dentelle,A-Sac Dentelle,14
1232,4186-kimono,A-Kimono,14
1233,4185-gilet,A-Gilet,14
1234,4177-t-shirt-mere-fille,A-T-Shirt Mère-Fille,14
1235,4166-ensemble,A-Ensemble,14
1236,4165-pochette-oiseau,A-Pochette Oiseau,14
1237,4164-sac-rond-nattes,A-Sac Rond Nattes,14
1238,4128-babouches-cuir,A-Babouches Cuir,14
1239,4121-robe-mariee-organdi,A-Robe Mariée Organdi,14
1240,4120-bustier-fleuri,A-Bustier Fleuri,14
1241,4119-shirt-dress,A-Shirt Dress,14
1242,4111-kadroun-hammamet,A-Kadroun Hammamet,14
1243,4107-mules-daim,A-Mules Daim,14
1244,4106-couffin-paon,A-Couffin Paon,14
1245,4105-mules-jeans,A-Mules Jeans,14
1246,4093-etole-fillette,A-Etole Fillette,14
1247,4092-burnous-cachemire,A-Burnous Cachemire,14
1248,4091-burnous-velours,A-Burnous Velours,14
1249,4090-sac-bicolore,A-Sac Bicolore,14
1250,4088-cartable-palmier,A-Cartable Palmier,14
1251,4054-sac-klim,A-Sac Klim,14
1252,4045-manteau-tisse,A-Manteau Tissé,14
1253,4022-pantalon-ceremonie,A-Pantalon Cérémonie,14
1254,4021-robe-ceremonie,A-Robe Cérémonie,14
1255,4020-couffin-fleuri,A-Couffin Fleuri,14
1256,4019-mini-couffin-fleuri,A-Mini Couffin Fleuri,14
1257,4011-balgha-africa,A-Balgha Africa,14
1258,3998-sac-fouta,A-Sac Fouta,14
1259,3986-caftan-hayek,A-Caftan Hayek,14
1260,3976-cape-marron,A-Cape Marron,14
1261,3975-cape-rose-pale,A-Cape Rose Pâle,14
1262,3974-babouches-pointues,A-Babouches Pointues,14
1263,3973-tongs,A-Tongs,14
1264,3972-poncho-brode,A-Poncho Brodé,14
1265,3967-manteau-rouge,A-Manteau Rouge,14
1266,3966-manteau-noir,A-Manteau Noir,14
1267,3965-sweat-style,A-Sweat Stylé,14
1268,3964-sweat-chechia,A-Sweat Chechia,14
1269,3956-derbies-python,A-Derbies Python,14
1270,3955-derbies-beige,A-Derbies Beige,14
1271,3954-derbies-bleu-roi,A-Derbies Bleu Roi,14
1272,3910-lingerie-nuisette,A-Lingerie Nuisette,14
1273,3909-lingerie-combinaison,A-Lingerie Combinaison,14
1274,3903-tutu,A-Tutu,14
1275,3902-sac-de-danse,A-Sac De Danse,14
1276,3880-echarpe-calligraphiee,A-Echarpe Calligraphiée,14
1277,3871-pochette-bleue,A-Pochette Bleue,14
1278,3870-bourse-soiree,A-Bourse Soirée,14
1279,3864-sac-bois,A-Sac Bois,14
1280,3846-ceinture-tissee,A-Ceinture Tissée,14
1281,3845-chapeau-tisse,A-Chapeau Tissé,14
1282,3844-robe-noire-fleurs,A-Robe Noire Fleurs,14
1283,3842-sac-laine,A-Sac Laine,14
1284,3841-pochette-laine,A-Pochette Laine,14
1285,3837-robe-noire-brodee,A-Robe Noire Brodée,14
1286,3836-robe-burnous,A-Robe Burnous,14
1287,3823-cape-hayek,A-Cape Hayek,14
1288,3809-chaussures-velours,A-Chaussures Velours,14
1289,3808-pochette-doree,A-Pochette Dorée,14
1290,3805-pochette-beige,A-Pochette Beige,14
1291,3804-sac-rond-crochet,A-Sac Rond Crochet,14
1292,3791-sac-nattes,A-Sac Nattes,14
1293,3781-urban-shoes,A-Urban Shoes,14
1294,6273-savon-gommage,A-Savon Gommage,15
1295,6262-huile-de-pepins-de-figue-de-barbarie-bio,A-Huile De Pépins De Figue De Barbarie Bio,15
1296,6261-soin-complet-cheveux,A-Soin Complet Cheveux,15
1297,6254-creme-anti-age,A-Crème Anti-Âge,15
1298,6253-pack-soin-ete,A-Pack Soin Été,15
1299,6188-summer-water-body-mist,A-Summer Water & Body Mist,15
1300,6183-eau-de-senteur,A-Eau De Senteur,15
1301,6182-petit-cyprus,A-Petit Cyprus,15
1302,6172-creme-visage,A-Crème Visage,15
1303,6171-masque-hibiscus,A-Masque Hibiscus,15
1304,6046-eau-de-muguet,A-Eau De Muguet,15
1305,6045-savon-argan-jasmin,A-Savon Argan Jasmin,15
1306,6044-huile-douche-monoi,A-Huile Douche Monoi,15
1307,5986-masque-hydra,A-Masque Hydra,15
1308,5985-shampoing,A-Shampoing,15
1309,5984-huile-lentisque,A-Huile Lentisque,15
1310,5918-creme-bebe,A-Crème Bébé,15
1311,5917-shampoing-solide,A-Shampoing Solide,15
1312,5916-savon-bebe,A-Savon Bébé,15
1313,5855-shampoing-ghassoul,A-Shampoing Ghassoul,15
1314,5854-masque-argile,A-Masque Argile,15
1315,5851-hydrolat-organique,A-Hydrolat Organique,15
1316,5850-masque-visage,A-Masque Visage,15
1317,5849-savon-figue-de-barbarie,A-Savon Figue De Barbarie,15
1318,5840-gommage,A-Gommage,15
1319,5839-gel-anti-douleur,A-Gel Anti-Douleur,15
1320,5838-enveloppement-argile,A-Enveloppement Argile,15
1321,5791-face-scrub,A-Face Scrub,15
1322,5790-huile-d-avocat,A-Huile D'Avocat,15
1323,5789-pains-lavants,A-Pains Lavants,15
1324,5770-savon-noir,A-Savon Noir,15
1325,5762-savon-argile-miel,A-Savon Argile Miel,15
1326,5761-baume-pieds,A-Baume Pieds,15
1327,5709-baume-levres,A-Baume Lèvres,15
1328,5695-huile-pepin-figue-de-barbarie,A-Huile Pépin Figue De Barbarie,15
1329,5694-masque-karite,A-Masque Karité,15
1330,5693-spray-desinfectant,A-Spray Désinfectant,15
1331,5640-savon-miel,A-Savon Miel,15
1332,5632-beurre-de-cacao,A-Beurre De Cacao,15
1333,5607-chantilly-safran,A-Chantilly Safran,15
1334,5606-coffret-beaute,A-Coffret Beauté,15
1335,5594-disque-demaquillant,A-Disque Démaquillant,15
1336,5548-savon-cannelle,A-Savon Cannelle,15
1337,5547-cupcake-savon,A-Cupcake Savon,15
1338,5357-hydrolat-cypres,A-Hydrolat Cyprès,15
1339,5356-huile-d-ortie,A-Huile D'Ortie,15
1340,5317-baume-capillaire,A-Baume Capillaire,15
1341,5316-savon-spiruline,A-Savon Spiruline,15
1342,5252-poudre-pepins-figue,A-Poudre Pépins Figue,15
1343,5251-poudre-algue-marine,A-Poudre Algue Marine,15
1344,5250-argile-verte,A-Argile Verte,15
1345,5215-nuage-de-karite,A-Nuage De Karité,15
1346,5214-poudre-jujubier,A-Poudre Jujubier,15
1347,5213-baume-a-levres,A-Baume À Lèvres,15
1348,5185-extrait-de-menthe,A-Extrait De Menthe,15
1349,5047-savon-orange-curcuma,A-Savon Orange Curcuma,15
1350,5046-masque-d-argile,A-Masque D'Argile,15
1351,5045-hydrolat-fleur-d-oranger,A-Hydrolat Fleur D'Oranger,15
1352,4971-savon-citron,A-Savon Citron,15
1353,4970-savon-argile,A-Savon Argile,15
1354,4969-savon-romarin,A-Savon Romarin,15
1355,4933-savon-aloe-vera,A-Savon Aloe Vera,15
1356,4931-savon-marc-de-cafe,A-Savon Marc De Café,15
1357,4919-savon-gateau,A-Savon Gâteau,15
1358,4918-baume-miel,A-Baume Miel,15
1359,4917-petit-savon-miel,A-Petit Savon Miel,15
1360,4841-deodorant-naturel,A-Deodorant Naturel,15
1361,4840-huile-figue-barbarie,A-Huile Figue Barbarie,15
1362,4801-creme-hydratante,A-Crème Hydratante,15
1363,4795-soin-elixir-jeunesse,A-Soin Elixir Jeunesse,15
1364,4794-creme-apaisante,A-Crème Apaisante,15
1365,4793-parfum-floral-chypre,A-Parfum Floral Chypré,15
1366,4751-creme-deo,A-Crème Déo,15
1367,4750-gel-anti-inflammatoire,A-Gel Anti-Inflammatoire,15
1368,4749-huile-abricot,A-Huile Abricot,15
1369,4741-creme-bave-d-escargot,A-Crème Bave D'Escargot,15
1370,4740-masque-aux-2-argiles,A-Masque Aux 2 Argiles,15
1371,4739-creme-anti-taches-brunes,A-Crème Anti-Taches Brunes,15
1372,4718-savons-surgras,A-Savons Surgras,15
1373,4717-huile-de-ricin,A-Huile De Ricin,15
1374,4716-eau-florale,A-Eau Florale,15
1375,4712-savon-chamelait,A-Savon Chamelait,15
1376,4711-savon-liquide-surgras,A-Savon Liquide Surgras,15
1377,4629-red-box,A-Red Box,15
1378,4628-pink-basket,A-Pink Basket,15
1379,4616-soin-lifting,A-Soin Lifting,15
1380,4615-dentifrice-solide,A-Dentifrice Solide,15
1381,4609-huile-de-romarin,A-Huile De Romarin,15
1382,4604-parfum,A-Parfum,15
1383,4523-huile-noyaux-abricot,A-Huile Noyaux Abricot,15
1384,4522-serum-nails-care,A-Serum Nails Care,15
1385,4521-huile-capillaire,A-Huile Capillaire,15
1386,4502-deodorant-naturel,A-Déodorant Naturel,15
1387,4500-mini-pack-soins,A-Mini Pack Soins,15
1388,4439-eaux-florales,A-Eaux Florales,15
1389,4438-savons-nesri,A-Savons Nesri,15
1390,4384-gommage-corps,A-Gommage Corps,15
1391,4383-camel-soap,A-Camel Soap,15
1392,4320-lipstick-et-vernis,A-Lipstick Et Vernis,15
1393,4214-huile-de-nigelle,A-Huile De Nigelle,15
1394,4213-creme-tresor-d-abeille,A-Crème Trésor D'Abeille,15
1395,4171-coffret-eaux-de-bain,A-Coffret Eaux De Bain,15
1396,4170-diffuseur-anti-moustique,A-Diffuseur Anti-Moustique,15
1397,4169-coffret-naissance,A-Coffret Naissance,15
1398,4161-gel-douche-et-lait,A-Gel Douche Et Lait,15
1399,4159-coffret-miel-et-soins,A-Coffret Miel Et Soins,15
1400,4156-eau-de-carotte,A-Eau De Carotte,15
1401,4155-serum,A-Serum,15
1402,3992-savon-noir-pepins,A-Savon Noir Pépins,15
1403,3991-huile-pepins,A-Huile Pépins,15
1404,3970-savon-argile-rouge,A-Savon Argile Rouge,15
1405,3969-masque-capillaire,A-Masque Capillaire,15
1406,3816-spray-nesri-eglantier,A-Spray Nesri Églantier,15
1407,3798-soins,A-Soins,15
1408,3797-coffret-organica,A-Coffret Organica,15
1409,3772-savon-huile-olive,A-Savon Huile Olive,15
1410,3698-kit-soins-cheveux,A-Kit Soins Cheveux,15
1411,3696-kit-peaux-acneiques,A-Kit Peaux Acnéiques,15
1412,3683-gel-nettoyant-algues,A-Gel Nettoyant Algues,15
1413,3682-gel-exfoliant-algues,A-Gel Exfoliant Algues,15
1414,3681-masque-extraits-algues,A-Masque Extraits Algues,15
1415,3676-huile-essentielle-romarin,A-Huile Essentielle Romarin,15
1416,3675-savon-pepins,A-Savon Pépins,15
1417,3674-huile-de-lentisque-pistachier,A-Huile De Lentisque Pistachier,15
1418,3456-mini-savons-lait-chamelle,A-Mini-Savons Lait Chamelle,15
1419,3455-savon-lait-chamelle,A-Savon Lait Chamelle,15
1420,3454-savon-surgras,A-Savon Surgras,15
1421,3363-creme-mains,A-Crème Mains,15
1422,3362-huile-vegetale-lin,A-Huile Végétale Lin,15
1423,3324-vernis-lella,A-Vernis Lella,15
1424,3323-rouge-a-levres-lella,A-Rouge À Lèvres Lella,15
1425,3314-eau-de-parfum,A-Eau De Parfum,15
1426,3313-creme-pieds,A-Crème Pieds,15
1427,3312-eau-de-toilette-hommes,A-Eau De Toilette Hommes,15
1428,3280-huile-cheveux,A-Huile Cheveux,15
1429,3279-eau-de-toilette,A-Eau De Toilette,15
1430,3258-body-scrub,A-Body Scrub,15
1431,3257-gommage-visage,A-Gommage Visage,15
1432,3047-savon-liquide,A-Savon Liquide,15
1433,3046-savon-de-marseille,A-Savon De Marseille,15
1434,2834-Huile_noyau_abricot,A-Huile Noyau Abricot,15
1435,2754-Huile_pepins_figue_barbarie,A-Huile Pépins Figue Barbarie,15
1436,2753-Savon_bio,A-Savon Bio,15
1437,2725-Coffret_Soins,A-Coffret Soins,15
1438,2723-Huile_vegetale,A-Huile Végétale,15
1439,2716-Orga_Gold,A-Orga Gold,15
1440,2715-Huile_figue_de_barbarie,A-Huile Figue De Barbarie,15
1441,2714-Creme_anti_taches,A-Crème Anti Taches,15
1442,2707-Soins_aloe_vera_chevaux,A-Soins Aloe Vera Chevaux,15
1443,2690-Scrub,A-Scrub,15
1444,2689-Masque_argile_verte,A-Masque Argile Verte,15
1445,2646-Soins_Essence_jasmin,A-Soins Essence Jasmin,15
1446,2645-Soins_huile_d-olive,A-Soins Huile D'Olive,15
1447,2605-creme-hydradante,A-Crème Hydradante,15
1448,2604-huile-anti-rides,A-Huile Anti-Rides,15
1449,2082-lotion-mosquitos,A-Lotion Mosquitos,15
1450,2052-savon-amazygh,A-Savon Amazygh,15
1451,2029-gel-nettoyant,A-Gel Nettoyant,15
1452,2028-masque-argile-blanche,A-Masque Argile Blanche,15
1453,2027-lait-de-corps,A-Lait De Corps,15
1454,1792-chapelet-savon-neroli,A-Chapelet Savon Neroli,15
1455,1704-lot-spa-chez-soi,"A-Lot ""Spa Chez Soi""",15
1456,1688-lot-soins-keratine,A-Lot Soins Kératine,15
1457,1654-soins-pied,A-Soins Pied,15
1458,1652-creme-visage-de-nuit,A-Crème Visage De Nuit,15
1459,1550-huile-de-raisin,A-Huile De Raisin,15
1460,1548-spray-sportif,A-Spray Sportif,15
1461,1497-creme-anti-rides,A-Crème Anti-Rides,15
1462,1496-soin-anti-rides,A-Soin Anti-Rides,15
1463,1349-crame-camomille-eclaircissante,A-Crème Camomille Éclaircissante,15
1464,1348-serum-anti-age,A-Serum Anti-Âge,15
1465,1317-gommage-eucalyptus---huile-olive,A-Gommage Eucalyptus / Huile Olive,15
1466,1316-savon-geranium-huile-olive,A-Savon Géranium/Huile Olive,15
1467,1262-gel-douche-aloe,A-Gel Douche Aloe,15
1468,1261-masque-gommage-aloe,A-Masque Gommage Aloe,15
1469,1247-huiles-massage-nature-zone,A-Huiles Massage Nature Zone,15
1470,1246-huiles-essentielles-nature-zone,A-Huiles Essentielles Nature Zone,15
1471,1245-masque-gommage,A-Masque Gommage,15
1472,1237-serum-cheveux-reparateur,A-Serum Cheveux Réparateur,15
1473,1236-cactus-bio-slim,A-Cactus Bio Slim,15
1474,1235-eau-florale-demaquillante,A-Eau Florale Démaquillante,15
1475,1234-savon-thala,A-Savon Thala,15
1476,1233-huile-thala-figue-barbarie,A-Huile Thala Figue Barbarie,15
1477,1232-huile-cactus-royal,A-Huile Cactus Royal,15
1478,1231-farine-figue-barbarie,A-Farine Figue Barbarie,15
1479,1230-gommage-tbf-figue-barbarie,A-Gommage TBF Figue Barbarie,15
1480,1229-savon-tbf-figue-barbarie,A-Savon TBF Figue Barbarie,15
1481,1228-huile-tbf-figue-barbarie,A-Huile TBF Figue Barbarie,15
1482,1227-gommage-poudre-pepins-figue-barbarie,A-Gommage Poudre Pépins Figue Barbarie,15
1483,1226-huile-anti-age,A-Huile Anti-Âge,15
1484,1225-savon-bio-nopal-figue-barbarie,A-Savon Bio Nopal Figue Barbarie,15
1485,1170-shampoing-huile-romarin,A-Shampoing Huile Romarin,15
1486,1169-lait-corps-amande,A-Lait Corps Amande,15
1487,1168-masque-capillaire-huile-ail,A-Masque Capillaire Huile Ail,15
1488,1141-body-wash,A-Body Wash,15
1489,1140-barre-de-savon-huile-d-olive,A-Barre De Savon Huile D'Olive,15
1490,1062-savon-carotte-exfoliant,A-Savon Carotte Exfoliant,15
1491,1061-savons-nounours,A-Savons Nounours,15
1492,1060-bouquet-savons,A-Bouquet Savons,15
1493,1059-savons-naturels-arb3ine,A-Savons Naturels Arb3ine,15
1494,951-savons-naturels,A-Savons Naturels,15
1495,950-huiles-vierges,A-Huiles Vierges,15
1496,844-bombes-de-bain,A-Bombes De Bain,15
1497,843-barre-de-massage,A-Barre De Massage,15
1498,839-savon-caviar-royal,A-Savon Caviar Royal,15
1499,838-soins-caviar-royal,A-Soins Caviar Royal,15
1500,grapefruit-and-date-jam-200g,I-Grapefruit and Date Jam 200g,16
1501,bsissa-au-ble,I-Bsissa au blé,16
1502,I-Charmoula-Sfaxienne,I-Charmoula Sfaxienne,17
1503,I-zrir-zemni,I-zrir zemni,17
1504,I-Hrous,I-Hrous,17
1505,beurre-de-cacahuete,I-Beurre de cacahuète fait maison,16
1506,I-Pistache-blanc,I-Pistache blanc,17
1507,ferrero,I-Pâte à tartiner chocolat avec le goût de Ferrero,16
1508,noisettino,I-Noisettino – Pâte à tartiner noisette et chocolat blanc,16
1509,satin-cheveux-luxe-pour-un-sommeil-apaisant-et-soyeux-vert-deau,I-satin cheveux luxe pour un sommeil apaisant et soyeux vert d’eau,18
1510,bonnet-nuit-satin-marron-protection-cheveux-elite-premium,I-bonnet nuit satin marron protection cheveux elite premium,18
1511,bonnet-satin-beige-doree-pour-une-protection-cheveux-elite,I-bonnet satin beige d’orée pour une protection cheveux élite,18
1512,satin-cheveux-luxe-pour-un-sommeil-elegant-et-soin-exceptionnel-rose-bebe,I-satin cheveux luxe pour un sommeil élégant et soin exceptionnel rose bebe,18
1513,ensemble-satin-cheveux-luxe-pour-des-cheveux-eclatants-nuit-marron,I-ensemble satin cheveux luxe pour des cheveux éclatants nuit marron,18
1514,bonnet-satin-luxe-pour-des-cheveux-soyeux-et-sans-frisottis-beige,I-bonnet satin luxe pour des cheveux soyeux et sans frisottis Beige,18
1515,chouchou-satin-beige-antifrizz-pour-une-elegance-intemporelle,I-Chouchou satin beige antifrizz pour une élégance intemporelle,18
1516,taie-doreiller-satin-marron-65x50-cm-pour-des-cheveux-et-peau-sublimes,I-taie d’oreiller satin marron 65×50 cm pour des cheveux et peau sublimés,18
1517,bonnet-de-nuit-satin-vert-deau-pour-une-protection-cheveux-optimale,I-bonnet de nuit satin vert d’eau pour une protection cheveux optimale,18
1518,chouchou-satin-peche-rose-bebe-clair-confort-et-elegance,I-Chouchou satin peche rosé bebe clair confort et élégance,18
1519,chouchou-satin-marron-antifrizz-pour-une-elegance-intemporelle,I-Chouchou satin marron antifrizz pour une élégance intemporelle,18
1520,taie-doreiller-satin-luxe-rose-fushia-pour-elegance-et-confort,I-taie d’oreiller satin luxe rose fushia pour élégance et confort,18
1521,chouchou-satin-rose-fushia-elegance-anti-frisottis-ultime,I-chouchou satin rose fushia élégance anti frisottis ultime,18
1522,satin-luxe-nuit-elegance-confort-rose-fushia-irresistible,I-Satin Luxe Nuit Élégance Confort Rose Fushia Irrésistible,18
1523,lait-capillaire-naturel-au-karite-et-romarin-soin-cheveux-secs-250ml,I-Lait capillaire naturel au karité et romarin – Soin cheveux secs 250ml,18
1524,creme-cheveux-karite-vanille-edition-limitee-soin-capillaire-nourrissant-250ml,I-Crème cheveux karité vanille édition limitée – soin capillaire nourrissant 250ml,18
1525,elegant-anti-frizz-blue-satin-scrunchies-luxury-duo,I-Elegant Anti-Frizz Blue Satin Scrunchies – Luxury Duo,18
1526,luxesilk-elegant-anti-frizz-satin-scrunchies-ivory-white-3,I-LuxeSilk Elegant Anti-Frizz Satin Scrunchies Ivory White,18
1527,black-satin-headband-scrunchies-anti-breakage-elegance-2,I-Black Satin Headband & Scrunchies – Anti-Breakage Elegance,18
1528,brown-satin-headband-anti-frizz-scrunchies-3,I-Brown Satin Headband & Anti-Frizz Scrunchies,18
1529,I-Boulettes-de-viande-de-veau,I-Boulettes de viande de veau,17
1530,luxury-satin-scrunchies-anti-frizz-perfect-elegance-and-comfort-4,I-Luxury Satin Scrunchies Anti-Frizz – Perfect Elegance and Comfort,18
1531,blue-satin-night-set-anti-frizz-elegance-2,I-Blue Satin Night Set – Anti-Frizz Elegance,18
1532,stimulating-hair-oil-for-radiant-and-strong-hair-2,I-Stimulating Hair Oil for Radiant and Strong Hair,18
1533,I-Leave-in-Velvet-Touch-Leave-in-Treatment-for-Textured-Hair-Shea,I-Leave-in Velvet Touch Leave-in Treatment for Textured Hair Shea,695
1534,natural-hair-care-complete-range-for-healthy-hair-and-premium-accessories-2,I-Natural Hair Care: Complete Range for Healthy Hair and Premium Accessories,18
1535,serum-cheveux-naturel-lavande-aloe-vera-elixir-capillaire-bio-50ml,I-Sérum cheveux naturel Lavande Aloe Vera – Élixir capillaire bio 50ml,18
1536,I-Nuage-De-Fraîcheur-Gentle-Shampoo-Shea,I-Nuage De Fraîcheur Gentle Shampoo Shea,695
1537,premium-beard-brush-for-growth-and-perfect-care,I-Premium Beard Brush for Growth and Perfect Care,18
1538,bohemian-women-s-embroidered-red-dress-with-puff-sleeves,I-Bohemian Women’s Embroidered Red Dress with Puff Sleeves,18
1539,tropical-hair-mist-mango-guava-peppermint-hyaluronic-acid-perfumes-and-hydrates-hair,I-Tropical Hair Mist Mango Guava Peppermint & Hyaluronic Acid – Perfumes and Hydrates Hair,18
1540,nourishing-solid-conditioner-cubes-with-orange-blossom,I-nourishing solid conditioner cubes with orange blossom,18
1541,hive-wax-natural-styling-wax-for-an-impeccable-style,I-HIVE WAX: Natural Styling Wax for an Impeccable Style,18
1542,barrette-a-cheveux-brodee-a-la-main-motif-lavande,I-Barrette à cheveux brodée à la main avec un motif lavande,18
1543,peigne-en-bois-dolivier-2,I-POT A MIEL AVEC CUILLERE,18
1544,box-the-gentleman,I-Box The Gentleman,19
1545,I-Chemise-homme-grise-élégante-en-coton,I-Chemise homme grise élégante en coton,20
1546,collier-en-acier-inoxydable-coeur-a-coeur,I-Collier en acier inoxydable “Cœur à Cœur”,19
1547,chaine-de-main-lien-damour-dore-en-acier-inoxydable,I-Chaîne de main “Lien d’Amour” doré en acier inoxydable,19
1548,box-coeur-delicat,I-Box Cœur Délicat,19
1549,box-soft-heart,I-Box Soft Heart,19
1550,box-love-spell,I-Box Love Spell,19
1551,waist-chain-infinity-gold-chaine-de-ventre-infinity-dore-en-acier-inoxydable,I-Waist chain Infinity gold – chaine de ventre Infinity doré en acier inoxydable,19
1552,waist-chain-double-trouble-gold-chaine-de-ventre-double-trouble-dore-en-acier-inoxydable,I-Waist chain Double Trouble gold – chaine de ventre Double Trouble doré en acier inoxydable,19
1553,waist-chain-double-trouble-silver-chaine-de-ventre-double-trouble-argente-en-acier-inoxydable,I-Waist chain Double Trouble silver – chaine de ventre Double Trouble argenté en acier inoxydable,19
1554,waist-chain-simple-bubbly-waist-gold-chaine-de-ventre-simple-bubbly-waist-dore-en-acier-inoxydable,I-Waist chain simple Bubbly Waist gold – chaine de ventre simple Bubbly Waist doré en acier inoxydable,19
1555,hand-chain-bubbly-chaine-de-main-bubbly-dore-en-acier-inoxydable,I-Hand chain bubbly – Chaine de main bubbly doré en acier inoxydable,19
1556,hand-chain-silver-bubbly-chaine-de-main-bubbly-argent-en-acier-inoxydable,I-Hand chain silver bubbly – Chaine de main bubbly argent en acier inoxydable,19
1557,box-the-essential-for-him,I-Box The Essential – For him,19
1558,bougie-fleur-en-forme-de-coeur-%f0%9f%92%96-cadeau-parfait,I-Bougie Fleur en Forme de Cœur 💖 – Cadeau Parfait,19
1559,serum-capillaire-moringa-et-citron-vert-soin-naturel-croissance-cheveux,I-Sérum capillaire moringa et citron vert – Soin naturel croissance cheveux,19
1560,masque-capillaire-moringa-et-citron-vert-soin-reparateur-naturel-250ml,I-Masque capillaire moringa et citron vert – Soin réparateur naturel 250ml,19
1561,lait-capillaire-naturel-moringa-et-citron-vert-hydratant-cheveux-secs,I-Lait capillaire naturel moringa et citron vert – Hydratant cheveux secs,19
1562,spray-capillaire-naturel-moringa-et-citron-vert-hydratant-et-revitalisant,I-Spray capillaire naturel moringa et citron vert – Hydratant et revitalisant,19
1563,coffret-coran-rouge-avec-marque-page-a-lambre-et-chechia,I-Coffret Coran rouge avec marque-page à l’ambre et chechia,19
1564,coffret-coran-bleu-avec-marque-page-a-lambre-et-chechia,I-Coffret Coran bleu avec marque-page à l’ambre et chechia,19
1565,coffret-coran-noir-avec-marque-page-a-lambre-et-chechia,I-Coffret Coran noir avec marque-page à l’ambre et chechia,19
1566,coffret-coran-vert-avec-marque-page-a-lambre-et-chechia,I-Coffret Coran vert avec marque-page à l’ambre et chechia,19
1567,porte-monter-elegant-pour-un-rangement-parfait-35x34-cm,I-Porte monter élégant pour un rangement parfait 35×34 cm,19
1568,organisateur-bijoux-premium-pour-un-rangement-elegant-et-pratique,I-organisateur bijoux premium pour un rangement élégant et pratique,19
1569,I-Robe-africaine-jaune-brodée-et-pantalon,I-Robe africaine jaune brodée et pantalon,20
1570,I-Robe-jaune-femme-élégante-3/4-et-pantalon,I-Robe jaune femme élégante 3/4 et pantalon,20
1571,porte-monter,I-Porte monter,19
1572,coffret-fiancailles-exclusif-pour-une-demande-inoubliable,I-Coffret fiançailles exclusif pour une demande inoubliable,19
1573,pack-de-trois-bracelet-perles-unisexe,I-Pack de trois bracelet perles unisexe,19
1574,I-Merguez-Mselli,I-Merguez Mselli,17
1575,bracelet-infini-unisexe-en-acier-inoxydable-pour-un-style-eternel,I-Bracelet infini unisexe en acier inoxydable pour un style éternel,19
1576,I-Coffret-cadeau-romantique-:-peluche,I-Coffret cadeau romantique : peluche,21
1577,amber-gemstone-necklace,I-Amber Gemstone Necklace,19
1578,black-tourmaline-bracelet,I-Black Tourmaline Bracelet,19
1579,calendrier-en-collaboration-avec-lartiste-mohamed-ben-soltane,I-Calendrier en collaboration avec l’artiste Mohamed Ben Soltane,19
1580,tableau-mural-en-bois-sculpte-a-la-main-qualite-exceptionnelle,I-tableau mural en bois sculpté à la main qualité exceptionnelle,19
1581,kimono-femme-coton-tisse-rose-veste-kimono-moderne-elegante-2024,I-Kimono femme coton tissé rose – Veste kimono moderne élégante 2024,19
1582,I-Kimono-femme-tissé-main-rose-rouge-–-Veste-kimono-moderne-chic,I-Kimono femme tissé main rose rouge – Veste kimono moderne chic,20
1583,kimono-coton-femme-long-raye-orange-noir-elegant-et-confortable-2024,I-Kimono coton femme long rayé orange noir – Élégant et confortable 2024,19
1584,kimono-coton-femme-long-raye-bleu-blanc-peignoir-elegant-100-coton,I-Kimono coton femme long rayé bleu blanc – Peignoir élégant 100% coton,19
1585,perles-de-priere-elegantes-pour-une-connexion-spirituelle-unique,I-Subḥa 33 perles en ambre,19
1586,tasbih-en-bois-de-kuka-main-pour-paix-et-concentration,I-Misbaha islamique shadhili Alfiya 1000 en bois de kuka,19
1587,mala-meditation-sebehaa-kuk-pour-une-serenite-inegalee,I-Chapelet islamique 99 perles en bois de Kuka,19
1588,collier-en-bois-artisanal-unique-pour-un-style-elegant,I-Subhah Traditionnelle Tariqa Isawiya en Bois Brun,19
1589,bijoux-artisanaux-sebha-yusr-pour-une-touche-delegance-unique,I-Ancien Misbaha islamique artisanal de 33 perles yusr,19
1590,I-Misbaha-en-Ambre-Sombre-33-Perles-Parfumées,I-Misbaha en Ambre Sombre 33 Perles Parfumées,22
1591,sebha-anba-100-qualite-premium-pour-une-priere-inoubliable,I-Misbaha d’ambre odorant 99 graines de luxe,19
1592,perles-de-priere-sebeha-argent-anbar-pour-une-spiritualite-unique,I-Misbaha artisanal en ambre et argent,19
1593,collier-perles-noires-elegance-intemporelle-pour-briller-chaque-jour,I-Tasbih en Ambre Boisé Argent Massif 33 Perles Artisanales,19
1594,collier-noir-premium-pour-un-style-unique-et-irresistible,I-Chapelet Tijani Yusr – 100 perles artisanales,19
1595,chapelet-oud-shalib-perles-de-priere-islamiques-exclusives,I-Sibha Chapelet Oud Salib عود صليب,19
1596,chapelet-musulman-en-bois-noir-pour-une-meditation-unique,I-Subḥa en Pierre de Yabnouz 99 Perles Naturelles,19
1597,collier-perles-elegant-pour-un-style-unique-et-raffine,I-Sebeha Yusr 33 perles en yusr naturel Incrustées de Nacre,19
1598,big-tasse-2,I-Big tasse,19
1599,natural-pearl-necklace-with-gold-clasp-3,I-Natural Pearl Necklace with Gold Clasp,19
1600,handmade-unisex-stainless-steel-necklace-with-traditional-fish-pattern-2,I-Handmade Unisex Stainless Steel Necklace with Traditional Fish Pattern,19
1601,adjustable-red-cord-bracelet-with-khomsa-motif-2,I-Adjustable Red Cord Bracelet with Khomsa motif,19
1602,irresistible-gold-style-adjustable-unisex-red-bracelet-2,I-Irresistible Gold Style Adjustable Unisex Red Bracelet,19
1603,white-pearl-earring-for-an-irresistible-heart-look,I-White Pearl Earring for an Irresistible Heart Look,19
1604,I-KADHEL-Handmade-Copper-&-Marble-Marmo-Candle-–-3-Scents:-Black-Jasmine,I-KADHEL Handmade Copper & Marble Marmo Candle – 3 Scents: Black Jasmine,695
1605,sebha-rosary-in-scented-black-amber-with-calligraphy-3,I-« Sebha » Rosary in scented black amber with calligraphy “فالله خير حافظا وهو ارحم الراحمين”,19
1606,scented-black-amber-sebha-rosary-with-nickel-plated-copper-khomsa-motif-2,I-Scented Black Amber “Sebha” Rosary with Nickel-Plated Copper Khomsa Motif,19
1607,elegant-red-faux-leather-gift-set-with-matching-pen-3,I-Elegant Red Faux Leather Gift Set with Matching Pen,19
1608,925-silver-necklace-with-raw-pyrite-pendant-surrounded-by-silver-45cm-2,I-925 Silver Necklace with Raw Pyrite Pendant surrounded by silver (45cm),19
1609,fresh-bouquet-floral-mist-for-women-15-ml,I-Fresh Bouquet Floral Mist for Women (15 ml),19
1610,artisanal-scented-diffuser-copper-black-marble-jasmine-or-musk-120-ml-3,I-Artisanal Scented Diffuser – Copper & Black Marble – Jasmine or Musk – 120 ml,19
1611,t-shirt-jersey-football-tunisia-2004-2,I-T-shirt Jersey Football Tunisia 2004,19
1612,fell-100-ml-artisanal-scented-candle-for-a-nostalgic-ambiance-2,I-Fell 100 ml artisanal scented candle for a nostalgic ambiance,19
1613,exclusive-chkoba-card-game-in-collaboration-with-artist-mohamed-ben-soltane-2,I-Exclusive Chkoba Card Game in collaboration with artist Mohamed Ben Soltane,19
1614,I-Reversible-rug-/-bedside-runner-in-wool,I-Reversible rug / bedside runner in wool,23
1615,reversible-black-satin-night-cap-superb-hair-protection,I-Reversible Black Satin Night Cap – Superb Hair Protection,19
1616,rosary-sebha-in-scented-black-amber-with-33-beads-and-silver-arabic-calligraphy-mashallah-2,I-Rosary “Sebha” in scented black amber with 33 beads and silver Arabic calligraphy “Mashallah”,19
1617,black-satin-pillowcase-65x50-cm-luxury-comfort,I-Black Satin Pillowcase 65×50 cm – Luxury & Comfort,19
1618,crochet-butterfly-bag-with-shoulder-strap-for-children,I-Crochet Butterfly Bag with Shoulder Strap for Children,19
1619,crochet-sheep-bag-with-shoulder-strap-for-kids-2,I-Crochet Sheep Bag with Shoulder Strap for Kids,19
1620,boho-chic-linen-cotton-tunic-embroidered-summer-elegance,I-Boho Chic Linen Cotton Tunic – Embroidered Summer Elegance,19
1621,velvet-quran-box-with-gold-bookmark-26x26-cm-2,I-Velvet Quran Box with Gold Bookmark (26×26 cm),19
1622,handcrafted-black-bracelet-with-blue-eye-symbol,I-Handcrafted Black Bracelet with Blue Eye Symbol,19
1623,artisanal-olive-wood-trio-candle-holder-for-a-warm-interior-2,I-Artisanal olive wood trio candle holder for a warm interior,19
1624,brise-de-soie-scarf-2,I-Brise de Soie Scarf,19
1625,multicolor-pompom-bag-charm-bohemian-handcrafted-accessory-l-22-cm-3,I-Multicolor pompom bag charm – Bohemian handcrafted accessory (L 22 cm),19
1626,handmade-women-s-necklace-agate-beads-perles-de-soleil-chic-multi-strand-artisan-jewelry-2,I-Handmade Women’s Necklace Agate Beads – Perles de Soleil – Chic Multi-Strand Artisan Jewelry,19
1627,traditional-tunisian-straw-hat-with-bow-handmade-4,I-Traditional Tunisian Straw Hat with Bow – Handmade,19
1628,round-wall-decoration-with-colorful-sejnane-pottery-face,I-Round Wall Decoration with Colorful Sejnane Pottery Face,19
1629,unisex-infinity-cord-and-stainless-steel-bracelet-2,I-Unisex Infinity Cord and Stainless Steel Bracelet,19
1630,elegant-hat-for-a-sophisticated-and-timeless-style,I-Elegant Hat for a Sophisticated and Timeless Style,19
1631,reversible-kimono-with-collar-embroidery-les-r-ves-de-la-ville-2,I-Reversible Kimono with Collar Embroidery “Les Rêves de la Ville”,19
1632,handmade-fine-minimalist-925-silver-bracelet,I-Handmade Fine Minimalist 925 Silver Bracelet,19
1633,dream-decorative-gold-ceramic-word-10-cm-2,I-DREAM Decorative Gold Ceramic Word (10 cm),19
1634,unisex-khaki-green-suede-babouche-eden-upcycled-balgha-3,I-Unisex Khaki Green Suede Babouche “Eden” – Upcycled Balgha,19
1635,nude-red-satin-night-set-hair-shine-treatment-2,I-Nude & Red Satin Night Set – Hair Shine Treatment,19
1636,decorative-fish-statue-on-base-with-black-stripes,I-Decorative fish statue on base with black stripes,19
1637,blue-and-white-ceramic-vase-handcrafted-finish-h-20-cm-diam-20-cm-2,I-Blue and White Ceramic Vase – Handcrafted Finish – H 20 cm Diam 20 cm,19
1638,o-shaped-candle-holder-with-calligraphy-2,I-O-shaped Candle Holder with Calligraphy,19
1639,blue-ceramic-lamp-and-straw-lampshade,I-Blue ceramic lamp and straw lampshade,19
1640,blue-ceramic-lamp-with-straw-lampshade,I-Blue Ceramic Lamp with Straw Lampshade,19
1641,a-handmade-crocheted-heart-keychain-cute-and-romantic-accessory,I-A Handmade Crocheted Heart Keychain – Cute and Romantic Accessory,19
1642,wool-runner-rug-raised-white-stripes-75-x-175-2,I-Wool runner rug – Raised white stripes – 75 X 175,19
1643,I-Kimono-pagne-tissé-coton-femme-rouge-et-noir,I-Kimono pagne tissé coton femme rouge et noir,20
1644,collier-argent-925-elegant-avec-pendentif-tourmaline-noire-naturelle,I-collier argent 925 élégant avec pendentif tourmaline noire naturelle,19
1645,bijou-de-sac-pompon-multicolore-boheme-l-22-cm,I-Bijou de sac pompon multicolore bohème (L 22 cm),19
1646,premium-leather-wallet-with-irresistible-matching-keychain,I-Premium Leather Wallet with Irresistible Matching Keychain,19
1647,table-trio-5,I-Table trio,19
1648,khomsa-keychain-adorned-with-a-black-amber-ball-2,I-KHOMSA Keychain adorned with a black amber ball,19
1649,kitchen-decor-from-board,I-Kitchen Decor from Board,19
1650,I-Handcrafted-Swiss-Men’s-Cotton-Shirt-–-Traditional-Elegance,I-Handcrafted Swiss Men’s Cotton Shirt – Traditional Elegance,20
1651,adjustable-black-silver-khomsa-cord-bracelet-2,I-Adjustable Black Silver Khomsa Cord Bracelet,19
1652,red-satin-sleep-cap-elite-hair-protection,I-Red Satin Sleep Cap – Elite Hair Protection,19
1653,handmade-flower-earrings-with-silver-touch,I-Handmade Flower Earrings with Silver Touch,19
1654,khomsa-adjustable-black-bracelet-for-a-unique-and-elegant-style,I-Khomsa adjustable black bracelet for a unique and elegant style,19
1655,coaster,I-Coaster,19
1656,african-wax-and-colorful-smocked-cotton-dress,I-African wax and colorful smocked cotton dress,19
1657,I-Women’s-White-3/4-Cotton-Tunic,I-Women’s White 3/4 Cotton Tunic,695
1658,unique-raw-citrine-necklace-in-stainless-steel-to-shine,I-Unique Raw Citrine Necklace in Stainless Steel to Shine,19
1659,I-Stainless-Steel-Bracelet,I-Stainless Steel Bracelet,695
1660,adjustable-lapis-lazuli-and-stainless-steel-balance-bracelet,I-Adjustable Lapis Lazuli and Stainless Steel Balance Bracelet,19
1661,elegant-serpentine-bracelet-for-serenity-and-protection,I-Elegant Serpentine Bracelet for Serenity and Protection,19
1662,rare-peruvian-turquoise-bracelet-for-elegance-and-serenity,I-Rare Peruvian Turquoise Bracelet for Elegance and Serenity,19
1663,luxury-beige-satin-pillowcase-65x50-cm-elegance-and-care-2,I-Luxury Beige Satin Pillowcase 65×50 cm – Elegance and Care,19
1664,irresistible-gold-style-adjustable-unisex-red-bracelet,I-Irresistible Gold-Style Adjustable Unisex Red Bracelet,19
1665,I-Gold-plated-silver-Arabic-necklace-and-matching-ring,I-Gold-plated silver Arabic necklace and matching ring,24
1666,bi-color-paracord-survival-bracelet-for-men,I-Bi-color Paracord Survival Bracelet for Men,19
1667,elegant-a5-hardcover-planner-inspiration-and-fulfillment,I-Elegant A5 Hardcover Planner – Inspiration and Fulfillment,19
1668,turquoise-bohemian-chic-tunic-artisanal-elegance,I-Turquoise Bohemian Chic Tunic – Artisanal Elegance,19
1669,I-Customizable-oversized-pink-floral-sweater-with-a-name,I-Customizable oversized pink floral sweater with a name,25
1670,I-Customizable-Oversize-Pink-Floral-Knit-Sweater-with-a-Name,I-Customizable Oversize Pink Floral Knit Sweater with a Name,25
1671,handmade-blue-fish-bracelet-in-green-stitch-2,I-Handmade Blue Fish Bracelet in Green Stitch,19
1672,red-satin-sleep-mask-luxury-relaxation-3,I-Red Satin Sleep Mask – Luxury & Relaxation,19
1673,ramadan-diy-embroidery-kit-create-unique-and-authentic-works-2,I-Ramadan DIY Embroidery Kit: Create Unique and Authentic Works,19
1674,red-satin-pillowcase-65x50-luxury-comfort-beauty-3,I-Red Satin Pillowcase 65×50 – Luxury Comfort Beauty,19
1675,luxury-ice-blue-satin-scrunchies-anti-frizz-elegance,I-Luxury Ice Blue Satin Scrunchies – Anti-Frizz & Elegance,19
1676,red-satin-scrunchie-duo-anti-frizz-elegance-2,I-Red Satin Scrunchie Duo – Anti-Frizz Elegance,19
1677,anti-frizz-kiwi-green-satin-scrunchies-luxurious-elegance-duo,I-Anti-Frizz Kiwi Green Satin Scrunchies – Luxurious Elegance Duo,19
1678,duo-chouchous-satin-luxe-champagne-style-et-soin,I-Duo Chouchous Satin Luxe Champagne – Style et Soin,19
1679,emerald-green-luxury-satin-scrunchies-anti-frizz-elegance,I-Emerald Green Luxury Satin Scrunchies – Anti-Frizz Elegance,19
1680,yellow-satin-scrunchies-anti-frizz-elegance-and-comfort-2,I-Yellow Satin Scrunchies Anti-Frizz – Elegance and Comfort,19
1681,timeless-elegance-black-satin-anti-frizz-scrunchies,I-Timeless Elegance Black Satin Anti-Frizz Scrunchies,19
1682,I-White-Satin-Sleep-Mask,I-White Satin Sleep Mask,26
1683,black-satin-sleep-mask-absolute-darkness-comfort-2,I-Black Satin Sleep Mask – Absolute Darkness & Comfort,19
1684,ice-blue-satin-sleep-mask-comfort-and-total-darkness-3,I-Ice Blue Satin Sleep Mask – Comfort and Total Darkness,19
1685,blue-satin-sleep-mask-comfort-and-elegance,I-Blue Satin Sleep Mask – Comfort and Elegance,19
1686,luxe-beige-satin-sleep-mask-anti-light-2,I-Luxe Beige Satin Sleep Mask Anti-Light,19
1687,white-satin-pillowcase-65x50-cm-elegance-and-hair-skin-care-2,I-White Satin Pillowcase 65×50 cm – Elegance and Hair & Skin Care,19
1688,ice-blue-satin-pillowcase-luxurious-softness-for-hair-and-skin,I-Ice Blue Satin Pillowcase – Luxurious Softness for Hair and Skin,19
1689,luxury-beige-satin-sleep-mask-anti-light-2,I-Luxury Beige Satin Sleep Mask Anti-Light,19
1690,luxesilk-blue-satin-pillowcase-65x50-hair-care-and-beauty-2,I-LuxeSilk™ Blue Satin Pillowcase 65×50 – Hair Care and Beauty,19
1691,blue-satin-night-cap-protection-and-elegance,I-Blue Satin Night Cap – Protection and Elegance,19
1692,luxe-silk-reversible-satin-night-cap-anti-frizz-elegance,I-Luxe Silk Reversible Satin Night Cap – Anti-Frizz & Elegance,19
1693,luxury-black-white-satin-bonnet-style-comfort-protection,I-Luxury Black/White Satin Bonnet – Style & Comfort Protection,19
1694,luxury-brown-blue-satin-sleep-bonnet-anti-breakage,I-Luxury Brown & Blue Satin Sleep Bonnet – Anti-Breakage,19
1695,luxe-satin-set-anti-breakage-headband-and-scrunchies-white-3,I-Luxe Satin Set – Anti-Breakage Headband and Scrunchies White,19
1696,elegant-green-satin-box-set-headband-luxury-scrunchies,I-Elegant Green Satin Box Set – Headband & Luxury Scrunchies,19
1697,red-satin-box-set-sausage-headband-and-anti-breakage-scrunchies-2,I-Red Satin Box Set – Sausage Headband and Anti-Breakage Scrunchies,19
1698,bandeau-satin-boudin-chouchous-ice-blue-hair-elegance,I-Bandeau Satin Boudin & Chouchous Ice Blue – Hair Elegance,19
1699,blue-padded-satin-headband-scrunchies-luxury-elegance,I-Blue Padded Satin Headband & Scrunchies – Luxury Elegance,19
1700,satin-night-set-green-brown-elegance-and-comfort-2,I-Satin Night Set Green Brown – Elegance and Comfort,19
1701,luxury-satin-night-set-ice-blue-comfort-2,I-Luxury Satin Night Set – Ice Blue Comfort,19
1702,white-black-satin-night-care-set-luxury-anti-breakage,I-White & Black Satin Night Care Set – Luxury Anti-Breakage,19
1703,luxury-black-satin-night-care-set-elegance-comfort-3,I-Luxury Black Satin Night Care Set – Elegance & Comfort,19
1704,red-satin-night-care-set-luxury-anti-frizz-2,I-Red Satin Night Care Set – Luxury Anti-Frizz,19
1705,black-white-satin-night-set-elegance-and-comfort-hair-care-4,I-Black & White Satin Night Set – Elegance and Comfort Hair Care,19
1706,elegant-white-satin-set-luxury-hair-care-sleep,I-Elegant White Satin Set – Luxury Hair Care & Sleep,19
1707,adjustable-blue-khamsa-bracelet,I-Adjustable Blue Khamsa Bracelet,19
1708,the-reader-reading-journal,I-The Reader – Reading Journal,19
1709,memory-collector,I-Memory Collector,19
1710,pastel-spiral-notebook-c-est-la-vie-daily-inspiration,I-Pastel Spiral Notebook C’est la Vie – Daily Inspiration,19
1711,perfectly-imperfect-notebook-mint-with-white-polka-dots-design,I-Perfectly Imperfect Notebook – Mint with White Polka Dots Design,19
1712,planner-notebook-create-magic-a5-chic-and-functional-hardcover,I-Planner Notebook Create Magic A5 – Chic and Functional Hardcover,19
1713,a5-hardcover-notebook-introverted-and-creative-3,I-A5 Hardcover Notebook – Introverted and Creative,19
1714,pack-dark-burgundy-2,I-Pack Dark Burgundy,19
1715,pack-teal-color-2,I-Pack Teal Color,19
1716,pack-white-2,I-Pack White,19
1717,pretty-baby-to-do-list-dark-burgundy-2,I-Pretty Baby To Do List – Dark Burgundy,19
1718,pretty-baby-notepad-teal-2,I-Pretty Baby Notepad – Teal,19
1719,pretty-baby-notepad-a6-exclusive-design-to-do-list-2,I-Pretty Baby Notepad A6 exclusive design to-do list,19
1720,pretty-baby-planner-baby-journal-for-unforgettable-memories-2,I-Pretty Baby Planner Baby Journal for Unforgettable Memories,19
1721,elegant-notebook-pretty-baby-notebook-a5-format-200-premium-pages-2,I-Elegant Notebook Pretty Baby Notebook A5 format 200 premium pages,19
1722,pretty-baby-planner-teal-2,I-Pretty Baby Planner – Teal,19
1723,pretty-baby-planner-dark-burgundy-2,I-Pretty Baby Planner – Dark Burgundy,19
1724,pretty-baby-notebook-dark-burgundy-2,I-Pretty Baby Notebook – Dark Burgundy,19
1725,pretty-baby-notebook-teal-2,I-Pretty Baby Notebook – Teal,19
1726,golden-flower-bracelet-with-adjustable-cord,I-Golden Flower Bracelet with Adjustable Cord,19
1727,girly-girl-2,I-Girly Girl,19
1728,green-cord-bracelet-with-matching-heart-2,I-Green Cord Bracelet with Matching Heart,19
1729,I-Handcrafted-Wooden-Ferrari-Miniature,I-Handcrafted Wooden Ferrari Miniature,27
1730,embroidered-linen-bordeaux-poncho-chic-ethnic-bohemian-style,I-Embroidered Linen Bordeaux Poncho – Chic Ethnic Bohemian Style,19
1731,hand-chain-simple-bubbly-bubbly-hand-chain-in-stainless-steel,I-Hand chain simple bubbly – Bubbly hand chain in stainless steel,19
1732,olive-wood-fir-design-candlestick-artisanal-elegance,I-Olive Wood Fir Design Candlestick – Artisanal Elegance,19
1733,calendar-2026-2,I-Calendar 2026,19
1734,bookmark-teal,I-Bookmark – Teal,19
1735,marquepage-blanc-design-exclusif-pour-une-lecture-elegante,I-marquepage blanc design exclusif pour une lecture élégante,19
1736,marquepage-bordeaux-elegant-pour-une-lecture-raffinee,I-marquepage bordeaux élégant pour une lecture raffinée,19
1737,handmade-red-butterfly-bracelet-adjustable-cord-2,I-Handmade Red Butterfly Bracelet Adjustable Cord,19
1738,khomsa-copper-bookmark-3,I-Khomsa Copper Bookmark,19
1739,a5-cat-mom-notebook-pastel-lilac-hardcover-2,I-A5 Cat Mom Notebook – Pastel Lilac Hardcover,19
1740,adjustable-sun-and-moon-couple-bracelets-for-eternal-love-2,I-Adjustable Sun and Moon Couple Bracelets for Eternal Love,19
1741,minimalist-handmade-925-silver-ring-2,I-Minimalist Handmade 925 Silver Ring,19
1742,I-Soy-wax-candle-with-4-different-scents-(jasmine,I-Soy wax candle with 4 different scents (jasmine,695
1743,gift-set-ceramic-mug-notebook,I-Gift set – ceramic mug + notebook,19
1744,I-Chic-Modern-Wooden-Basket,I-Chic Modern Wooden Basket,28
1745,unisex-black-beaded-bracelet,I-Unisex Black Beaded Bracelet,19
1746,pink-hand-painted-bazin-boubou-and-scarf-set,I-Pink hand-painted bazin boubou and scarf set,19
1747,hand-painted-car-rapide-t-shirt-5,I-Hand-painted “Car rapide” T-shirt,19
1748,hand-painted-linen-shirt-2,I-Hand-painted Linen Shirt,19
1749,hand-painted-rasta-portrait-tote-bag,I-Hand-painted Rasta Portrait Tote Bag,19
1750,hand-painted-white-women-s-boubou-with-scarf-3,I-Hand-Painted White Women’s Boubou with Scarf,19
1751,military-green-sweatshirt-with-tribal-mask-large-size-and-premium-quality-2,I-Military Green Sweatshirt with Tribal Mask. Large Size and Premium Quality.,19
1752,black-hand-painted-t-shirt-with-african-coin-design-3,I-Black Hand-Painted T-shirt with African Coin Design,19
1753,I-Men’s-Modern-Koko-Dunda-Danfani-Pagne-Shirt-–-Cotton,I-Men’s Modern Koko-Dunda Danfani Pagne Shirt – Cotton,20
1754,I-Kadid-sfaxien,I-Kadid sfaxien,17
1755,azurite-concrete-vase-with-solid-or-marbled-finish-12-27-cm,I-Azurite Concrete Vase with Solid or Marbled Finish (12 × 27 cm),19
1756,hand-decorated-ceramic-spoon-rest-3,I-Hand-decorated Ceramic Spoon Rest,19
1757,elegant-royal-blue-women-s-boubou-long-embroidered-woven-pagne-dress-for-chic-ceremonies-2,I-Elegant Royal Blue Women’s Boubou – Long Embroidered Woven Pagne Dress for Chic Ceremonies,19
1758,hand-carved-wooden-mirror-antique-style-90-x-60-cm,I-Hand-Carved Wooden Mirror Antique Style 90 x 60 cm,19
1759,I-Exclusive-Carved-Wood-Panel-in-Solid-Wood,I-Exclusive Carved Wood Panel in Solid Wood,29
1760,hand-carved-wooden-panel-for-unique-decoration-2,I-Hand-carved wooden panel for unique decoration,19
1761,white-and-gold-flower-bracelet,I-White and Gold Flower Bracelet,19
1762,eco-friendly-cedar-wood-phone-stand-tunisian-craftsmanship,I-Eco-friendly Cedar Wood Phone Stand – Tunisian Craftsmanship,19
1763,I-Handmade-Artisanal-Hat-from-Tunisia,I-Handmade Artisanal Hat from Tunisia,30
1764,adjustable-stainless-steel-khomsa-motif-bracelet-2,I-Adjustable Stainless Steel Khomsa Motif Bracelet,19
1765,women-s-red-cotton-boubou-elegant-embroidered-long-tunic-for-ceremonies,I-Women’s Red Cotton Boubou – Elegant Embroidered Long Tunic for Ceremonies,19
1766,moon-candle-holder-crescent-ritual-edition-single-or-double-face-2,I-Moon Candle Holder – Crescent Ritual Edition (Single or Double Face),19
1767,wooden-protective-blue-eye-button-with-mosaic-design-wallpaper-covering,I-Wooden Protective Blue Eye Button with Mosaic Design Wallpaper Covering,19
1768,red-crocheted-heart-keychain-with-gold-ring,I-Red Crocheted Heart Keychain with Gold Ring,19
1769,handmade-flower-earrings,I-Handmade Flower Earrings,19
1770,women-s-long-colored-wax-kimono-mid-season,I-Women’s Long Colored Wax Kimono Mid-Season,19
1771,hand-carved-wooden-wall-art-for-unique-decor-70x20-cm-2,I-Hand-carved wooden wall art for unique decor 70×20 cm,19
1772,I-Ceramic-Dog-Design-Sculpture-–-Red,I-Ceramic Dog Design Sculpture – Red,23
1773,unisex-bracelet-with-blue-fish-2,I-Unisex Bracelet with Blue Fish,19
1774,parure-verte-collier-et-boucles-doreilles-cristaux,I-Parure verte collier et boucles d’oreilles cristaux,19
1775,tableau-en-bois-sculpte-a-la-main-pour-une-decoration-unique-2,I-tableau en bois sculpté à la main pour une décoration unique,19
1776,coffret-bijoux-en-bois-sculpte-a-la-main-pour-un-rangement-elegant,I-coffret bijoux en bois sculpté à la main pour un rangement élégant,19
1777,tableau-en-bois-sculpte-a-la-main-avec-eclairage-elegant,I-tableau en bois sculpté à la main avec éclairage élégant,19
1778,tableau-en-bois-sculpte-artisanal-70x20-cm-pour-un-interieur-unique,I-Tableau en bois sculpté artisanal 25×50 cm pour un intérieur unique,19
1779,tableau-en-bois-sculpte-a-la-main-60-x-60-cm-exclusif,I-tableau en bois sculpté à la main 60 x 60 cm exclusif,19
1780,tableau-en-bois-sculpte-a-la-main-pour-une-elegance-unique,I-tableau en bois sculpté à la main pour une élégance unique,19
1781,newborn-crochet-bunny-ears-baby-set-3,I-Newborn Crochet Bunny Ears Baby Set,19
1782,I-Coffret-cadeau-femme-élégant-rose-et-noir,I-Coffret cadeau femme élégant rose et noir,21
1783,niche-en-bois-sculptee-a-la-main-avec-eclairage-elegant,I-Niche en bois sculptée à la main avec éclairage élégant,19
1784,sculpture-bois-flamme-fossilisee-pour-un-interieur-unique,I-sculpture bois flamme fossilisée pour un intérieur unique,19
1785,set-royal-zaytoun-bols-artisanaux-en-bois-dolivier,I-Set Royal Zaytoun – Bols Artisanaux en Bois d’Olivier,19
1786,sous-verres-bois-en-olivier-design-exclusif-pour-un-accueil-chaleureux,I-Sous verres bois en olivier design exclusif pour un accueil chaleureux,19
1787,broche-femme-brodee-en-cannetille-eclatante-et-elegante,I-Broche femme brodée en cannetille éclatante et élégante,19
1788,broche-elegante-en-cannetille-et-cristaux-pour-un-look-unique,I-broche élégante en cannetille et cristaux pour un look unique,19
1789,doudou-ours,I-Doudou ours,19
1790,I-Coffret-cadeau-femme-Victoria’s-Secret,I-Coffret cadeau femme Victoria’s Secret,695
1791,ensemble-dentelle-bleu-gris-jupe,I-Ensemble dentelle bleu gris jupe,19
1792,elegant-african-wax-print-blue-blouse-ethnic-sophistication,I-Elegant African Wax Print Blue Blouse – Ethnic Sophistication,19
1793,traditional-embroidered-green-women-s-boubou-chic-ethnic-woven-pagne-long-dress,I-Traditional Embroidered Green Women’s Boubou – Chic Ethnic Woven Pagne Long Dress,19
1794,artisan-floral-earrings,I-Artisan Floral Earrings,19
1795,handmade-artisan-belt,I-Handmade Artisan Belt,19
1796,multicolor-handmade-cotton-earrings-2-sizes,I-Multicolor Handmade Cotton Earrings – 2 Sizes,19
1797,charming-strawberry-adjustable-red-cord-bracelet-elegant,I-Charming Strawberry Adjustable Red Cord Bracelet Elegant,19
1798,salmon-leather-cardholder-virids-cardholder-2,I-Salmon Leather Cardholder “Virids Cardholder”,19
1799,decorative-mirror-box-20-cm-unique-artisan-elegance,I-Decorative Mirror Box 20 cm – Unique Artisan Elegance,19
1800,bronze-and-ivory-design-earrings-2,I-Bronze and Ivory Design Earrings,19
1801,red-garnet-bracelet-elegance-and-energy-for-a-unique-style-2,I-red garnet bracelet elegance and energy for a unique style,19
1802,bouquet-de-roses-bleues-avec-strass-blanc,I-Bouquet de roses bleues avec strass blanc,19
1803,bracelet-ajustable-en-jaspe-rouge,I-bracelet ajustable en jaspe rouge,19
1804,wooden-notebook-and-pen-set-with-traditional-door-motif-2,I-Wooden Notebook and Pen Set with Traditional Door Motif,19
1805,organic-olive-oil-artisan-copper-accessories-set,I-Organic Olive Oil & Artisan Copper Accessories Set,19
1806,I-Newborn-Knitted-Hooded-Cardigan,I-Newborn Knitted Hooded Cardigan,25
1807,premium-beard-care-the-barb-box-for-an-impeccable-look,I-Premium Beard Care: The BARB’BOX for an impeccable look,19
1808,premium-natural-shampoo-for-radiant-beard-and-hair,I-Premium Natural Shampoo for Radiant Beard and Hair,19
1809,barb-box-premium-beard-oil-guaranteed-softness-and-growth,I-BARB’BOX Premium Beard Oil: Guaranteed Softness and Growth,19
1810,black-handmade-bag-with-tiger-effect-handles,I-Black handmade bag with tiger-effect handles,19
1811,lapis-lazuli-and-white-cord-bracelet-minimalist-natural-elegance,I-Lapis Lazuli and White Cord Bracelet – Minimalist Natural Elegance,19
1812,handmade-unisex-white-pearl-bracelet,I-Handmade Unisex White Pearl Bracelet,19
1813,eco-friendly-sponge-fouta-for-ultra-fast-drying-2,I-Eco-friendly Sponge Fouta for Ultra-fast Drying,19
1814,lampe-veilleuse-style-rustique-s,I-Lampe Veilleuse en Bois Naturel – Éclat Rustique et Artisanal,19
1815,malachite-elegance-necklace-in-925-silver-creativity-and-protection,I-Malachite Elegance Necklace in 925 Silver – Creativity and Protection,19
1816,red-cord-bracelet-with-matching-clover-copie-copie-copie-copie-copie-copie,I-Red Cord Bracelet with Matching Clover,19
1817,robe-wax-femme-longue-evasee-a-bretelles-taille-xxl,I-Robe wax femme longue évasée à bretelles (Taille XXL),19
1818,kimono-femme-wax-fleurette-long-avec-pagne-tisse,I-Kimono femme wax fleurette long avec pagne tissé,19
1819,bracelet-quartz-rose-et-chaine-en-acier-inoxydable,I-Bracelet QUARTZ rose et chaine en acier inoxydable,19
1820,bracelet-en-cordon-parme-avec-coccinelle-assortie,I-Bracelet en cordon parme avec coccinelle assortie,19
1821,manchette-en-acier-inoxydable-dore,I-Manchette en acier inoxydable doré,19
1822,collier-en-argent-925-avec-pendentif-malachite-elegance-naturelle,I-Collier en argent 925 avec pendentif malachite – Élégance naturelle,19
1823,collier-goutte-jaspe-rouge-argent-925-elegance-et-ancrage,I-Collier Élégant Jaspe Rouge et Argent 925 – Énergie et Style Naturel,19
1824,robe-enfant-wax-evasee-volants-bas-en-coton-fille-1-2-ans,I-Robe enfant wax évasée volants bas en coton (fille 1-2 ans),19
1825,ensemble-enfant-wax-jupe-et-haut-fleurette-colore,I-Ensemble enfant wax jupe et haut fleurette coloré,19
1826,combinaison-enfant-wax-4-ans-coloree-coton-elastique-cadeau-original,I-Combinaison enfant wax 4 ans colorée en coton élastiqué,19
1827,robe-enfant-wax-rouge-noire-coton-motifs-africains,I-Robe enfant wax rouge noire coton motifs africains,19
1828,islamic-mdf-decor,I-Islamic MDF Decor,19
1829,creme-capillaire-naturelle-hibiscus-et-karite-soin-nourrissant-cheveux-secs,I-Crème capillaire naturelle hibiscus et karité – Soin nourrissant cheveux secs,19
1830,red-satin-flower-bouquet-with-crown,I-Red Satin Flower Bouquet with Crown,19
1831,collier-en-argent-925-pendentif-lapis-lazuli-elegance-celeste,I-Collier en Argent 925 Pendentif Lapis Lazuli – Élégance Céleste,19
1832,bracelet-lapis-lazuli-or-equilibre-creativite,I-Bracelet Doré avec Lapis Lazuli Brut – Élégance et Équilibre,19
1833,I-Collier-Élégance-Noir-–-Obsidienne-et-Argent-925,I-Collier Élégance Noir – Obsidienne et Argent 925,31
1834,lot-de-sous-verre-en-cuir-artisanal-avec-boite-de-rangement,I-Lot de sous verre en cuir artisanal avec boîte de rangement,19
1835,parure-de-bureau-en-cuir-artisanal-multicolore,I-Parure de bureau en cuir artisanal multicolore,19
1836,bracelet-cordon-blanc-casse-oeil-bleu-elegance-protectrice,I-Bracelet Cordon Blanc Cassé avec motif Œil,19
1837,porte-bagues-designer-en-bois-eclat-et-protection,I-Porte-bagues en bois mdf design œil,19
1838,men-s-linen-shirt-embroidered-in-african-style-ethnic-elegance-summer-artisan,I-Men’s Linen Shirt Embroidered in African Style – Ethnic Elegance Summer Artisan,19
1839,caf-line,I-Café Line,19
1840,handcrafted-embroidered-wall-art-for-elegant-decoration,I-Handcrafted Embroidered Wall Art for Elegant Decoration,19
1841,decorative-painting-abstract-eye-artistic-vision-60-x-40-cm,I-Decorative Painting Abstract Eye & Artistic Vision (60 x 40 cm),19
1842,handcrafted-labyrinth-decorative-panel-40x100cm-in-green-linen,I-handcrafted labyrinth decorative panel 40x100cm in green linen,19
1843,hand-embroidered-decorative-artwork-minimalist-eye-design,I-Hand-Embroidered Decorative Artwork Minimalist Eye Design,19
1844,decorative-canvas-labyrinth-hand-embroidered-100-x-40-cm,I-Decorative Canvas “Labyrinth” – Hand Embroidered (100 x 40 cm),19
1845,elegant-arabic-calligraphy-canvas-60x80cm-exclusive,I-Elegant Arabic Calligraphy Canvas 60x80cm Exclusive,19
1846,hand-embroidered-labyrinth-artwork-for-an-elegant-interior,I-hand-embroidered labyrinth artwork for an elegant interior,19
1847,hand-embroidered-artwork-size-40-x-30-cm-unique-and-authentic-gift-idea-2,I-Hand-Embroidered Artwork – Size 40 x 30 cm – Unique and Authentic Gift Idea,19
1848,elegant-abstract-painting-40x100cm-hand-embroidered-premium,I-Elegant Abstract Painting 40x100cm Hand-Embroidered Premium,19
1849,I-Floral-Print-Fanny-Pack,I-Floral Print Fanny Pack,32
1850,exclusive-wool-half-circle-mirror-for-an-elegant-interior,I-Exclusive Wool Half-Circle Mirror for an Elegant Interior,19
1851,resistance-scarf-2,I-Resistance Scarf,19
1852,handcrafted-necklace-and-earrings-set-for-women-2,I-Handcrafted Necklace and Earrings Set for Women,19
1853,square-hand-embroidered-cushion-in-checkered-pattern-soft-fabric-in-greige-40x40-cm-2,I-Square Hand-Embroidered Cushion in Checkered Pattern – Soft Fabric in Greige 40×40 cm,19
1854,men-s-shirt-modernity-woven-fabric-elegant-2,I-Men’s Shirt Modernity Woven Fabric Elegant,19
1855,pistachio-green-micromacram-bracelet-artisan-elegance-boho-chic,I-Pistachio Green Micromacramé Bracelet Artisan Elegance Boho-Chic,19
1856,burgundy-red-micromacram-bracelet-unique-elegance-2,I-Burgundy Red Micromacramé Bracelet – Unique Elegance,19
1857,handmade-micromacram-bracelet-for-men-with-striped-agate-gemstone,I-Handmade Micromacramé Bracelet for Men with Striped Agate Gemstone,19
1858,handmade-micromacram-bracelet-with-tiger-eye-gemstone,I-Handmade Micromacramé Bracelet with Tiger Eye Gemstone,19
1859,handmade-micromacram-bracelet-with-bright-red-striped-agate-gemstone,I-Handmade Micromacramé Bracelet with Bright Red Striped Agate Gemstone,19
1860,handmade-micromacram-bracelet-with-striped-agate-gemstone-in-greige,I-Handmade Micromacramé Bracelet with Striped Agate Gemstone in Greige,19
1861,handmade-micromacram-bracelet-with-striped-agate-gemstone-2,I-Handmade Micromacramé Bracelet with Striped Agate Gemstone,19
1862,beige-micromacram-bracelet-artisanale-boho-chic-elegance-2,I-Beige Micromacramé Bracelet – Artisanale Boho Chic Elegance,19
1863,handmade-adjustable-micro-macram-fish-bracelet-in-ecru-beige,I-Handmade Adjustable Micro Macramé Fish Bracelet in Ecru Beige,19
1864,bracelet-khamsa-violet-3,I-Bracelet KHamsa violet,19
1865,handcrafted-ceramic-wine-glass-bold-and-original-design,I-Handcrafted Ceramic Wine Glass – Bold and Original Design,19
1866,vase-with-a-feminine-curvature-shape-dance,I-Vase with a Feminine Curvature Shape “Dance”,19
1867,blue-crochet-bag-with-wooden-handles,I-blue crochet bag with wooden handles,19
1868,plus-size-orange-and-black-embroidered-african-boubou-dress-with-a-loose-fit,I-Plus Size Orange and Black Embroidered African Boubou Dress with a Loose Fit,19
1869,coffee-mug-with-wooden-saucer-foufoun-power,I-Coffee Mug with Wooden Saucer “Foufoun Power”,19
1870,les-ailes-de-kamo-2,I-Les Ailes de Kamo,19
1871,foufoun-women-shape-small-vase,I-FOUFOUN® Women Shape Small Vase,19
1872,foufoun-mug-boobs-white,I-FOUFOUN® Mug Boobs White,19
1873,foufoun-mug-boobs-black,I-FOUFOUN® Mug Boobs Black,19
1874,foufoun-espresso-cup,I-FOUFOUN® Espresso Cup,19
1875,foufoun-duo-foufoun-vase,I-FOUFOUN® Duo Foufoun Vase,19
1876,foufoun-ashtray,I-FOUFOUN® Ashtray,19
1877,foufoun-buste-white,I-FOUFOUN® Buste White,19
1878,foufoun-birth-vase,I-FOUFOUN® Birth Vase,19
1879,men-s-african-business-suit-black-cotton-polyester-modern-elegance-2,I-Men’s African Business Suit Black Cotton-Polyester – Modern Elegance,19
1880,blue-african-men-s-costume-elegant-and-comfortable-tradimodern-set,I-Blue African Men’s Costume – Elegant and Comfortable Tradimodern Set,19
1881,freshwater-pearl-necklace-with-gold-stainless-steel-chain,I-Freshwater Pearl Necklace with Gold Stainless Steel Chain,19
1882,bougie-pierre-flamme,I-Bougie Pierre & Flamme,19
1883,ceramic-bougie-foufoun-2,I-Ceramic Bougie Foufoun,19
1884,lightweight-freshwater-pearl-earrings-timeless-elegance-gold-2,I-Lightweight Freshwater Pearl Earrings – Timeless Elegance Gold,19
1885,zena,I-ZENA,19
1886,men-s-leather-pouch-elegance-and-durable-practicality-2,I-Men’s Leather Pouch – Elegance and Durable Practicality,19
1887,beige-round-crochet-bag-in-natural-jute-yarn,I-Beige Round Crochet Bag in Natural Jute Yarn,19
1888,dainty-hand-chain-chaine-de-main-en-acier-inoxydable,I-Dainty Hand Chain – Chaine de main en acier inoxydable,19
1889,I-Handmade-Green-Cotton-Shirt-for-Men,I-Handmade Green Cotton Shirt for Men,695
1890,babar-the-elephant,I-Babar the Elephant,19
1891,bougie-egyptienne-horus,I-Bougie HORUS,19
1892,organisateur-de-bureau-modulo-en-beton,I-Modulo,19
1893,pot-decoratif-visage-athanor-en-beton-brut-ou-dore,I-Athanor,19
1894,le-touereg,I-Touareg,19
1895,poule-decorative-en-beton-fibre-les-ptites-poules,I-Les P’tites Poules,19
1896,black-marble-effect-handmade-bag,I-Black Marble Effect Handmade Bag,19
1897,red-flower-crochet-bag-2,I-red flower crochet bag,19
1898,handmade-black-click-clack-bag,I-handmade black click clack bag,19
2391,box-dimagination,I-Box d’imagination,19
1899,ultra-soft-sage-green-bunny-plush-personalized-birth-gift,I-Ultra Soft Sage Green Bunny Plush – Personalized Birth Gift,19
1900,handcrafted-engraved-terracotta-incense-holder-zen-home-incense-burner,I-Handcrafted Engraved Terracotta Incense Holder – Zen Home Incense Burner,19
1901,premium-wax-ankara-fabric-cultural-brilliance,I-Premium Wax Ankara Fabric – Cultural Brilliance,19
1902,chemise-longue-homme-coton-bleu-patchwork-pagne-africain-artisanal-senegal,I-Chemise longue homme coton bleu – Patchwork pagne africain artisanal Sénégal,19
1903,bismillah-artisanal-frame-for-decoration-and-protection,I-Bismillah Artisanal Frame for Decoration and Protection,19
1904,handmade-gold-necklace-and-earrings-set-pearls-and-agate-2,I-Handmade Gold Necklace and Earrings Set – Pearls and Agate,19
1905,artisanal-cowrie-necklace-and-cauria-earrings-ethnic-jewelry-for-women,I-Artisanal Cowrie Necklace and Cauria Earrings – Ethnic Jewelry for Women,19
1906,artisanal-blue-agate-necklace-chic-bohemian-elegance-and-originality-2,I-Artisanal Blue Agate Necklace – Chic Bohemian Elegance and Originality,19
1907,baby-bath-cape-in-pink-waffle-fabric-100-cotton-2,I-Baby Bath Cape in Pink Waffle Fabric 100% Cotton,19
1908,trio-of-handcrafted-scented-candles-in-hammered-copper,I-Trio of Handcrafted Scented Candles in Hammered Copper,19
1909,pearl-pink-crochet-bag-artisanal-elegance-and-comfort,I-Pearl Pink Crochet Bag – Artisanal Elegance and Comfort,19
1910,rainbow-hand-chain-hand-chain-with-colors-in-stainless-steel,I-Rainbow Hand Chain – Hand Chain with Colors in Stainless Steel,19
1911,oval-concrete-tray-27-x-11-cm,I-Oval Concrete Tray (27 x 11 cm),19
1912,desk-pack,I-Desk Pack,19
1913,hand-chain-meraki,I-Hand Chain “Meraki”,19
1914,berber-fouta,I-Berber Fouta,19
1915,fouta,I-fouta,19
1916,handcrafted-palm-basket-with-leather-handles,I-Handcrafted Palm Basket with Leather Handles,19
1917,velvet-quran-box-with-prayer-beads-and-golden-bookmark,I-Velvet Quran Box with Prayer Beads and Golden Bookmark,19
1918,panama-fedora-hat-with-ribbon,I-Panama Fedora Hat with Ribbon,19
1919,thigh-chain-bubbly-in-stainless-steel,I-Thigh Chain Bubbly in Stainless Steel,19
1920,artisanal-bracelet-with-eye-pattern-in-navy-blue-cord,I-Artisanal Bracelet with Eye Pattern in Navy Blue Cord,19
1921,adjustable-golden-turtle-bracelet-on-green-cord-handmade-and-symbolic,I-Adjustable Golden Turtle Bracelet on Green Cord – Handmade and Symbolic,19
1922,box-make-the-camel-s-hump,I-Box “Make the Camel’s Hump”,19
1923,pastel-natural-wax-angel-candle-elegant-serenity,I-Pastel Natural Wax Angel Candle – Elegant Serenity,19
1924,calligraphed-copper-chocolate-box-oriental-craftsmanship,I-Calligraphed Copper Chocolate Box – Oriental Craftsmanship,19
1925,burgundy-upcycled-suede-babouche-irresistible-elegance-and-comfort,I-Burgundy Upcycled Suede Babouche: Irresistible Elegance and Comfort,19
1926,elegant-men-s-african-costume-in-navy-blue-slim-fit-jacket-and-pants-set,I-Elegant Men’s African Costume in Navy Blue – Slim Fit Jacket and Pants Set,19
1927,I-Beige-Handmade-Crochet-Bag,I-Beige Handmade Crochet Bag,33
1928,pure-damask-rose-water-250-ml,I-Pure Damask Rose Water 250 ml,19
1929,blue-apatite-pendant-necklace-in-925-silver-gold-plated-artisan-elegance,I-Blue Apatite Pendant Necklace in 925 Silver Gold Plated – Artisan Elegance,19
1930,925-silver-necklace-with-herkimer-diamond-pendant-45-cm,I-925 Silver Necklace with Herkimer Diamond Pendant (45 cm),19
1931,simply-shiny-phone-chain-black-standard-size-1-20-m,I-Simply Shiny Phone Chain – Black – Standard Size (1.20 m),19
1932,simply-shiny-phone-chain-silver-standard-size-1-20-m,I-Simply Shiny Phone Chain – Silver – Standard Size (1.20 m),19
1933,relaxing-scented-candle-with-jasmine-and-white-musk-ease,I-RELAXING SCENTED CANDLE WITH JASMINE AND WHITE MUSK “EASE”,19
1934,white-beaded-ankle-and-hand-jewelry,I-White Beaded Ankle and Hand Jewelry,19
1935,adjustable-double-pyrite-ring-in-925-silver,I-Adjustable Double Pyrite Ring in 925 Silver,19
1936,green-macram-bag-with-golden-stud-and-removable-golden-chain,I-Green Macramé Bag with Golden Stud and Removable Golden Chain,19
1937,keychain-spinner-batman,I-Keychain Spinner (Batman),19
1938,crochet-bee-keychain-with-3d-little-ears,I-Crochet Bee Keychain with 3D Little Ears,19
1939,I-NOTEBOOK-FARMLA,I-NOTEBOOK FARMLA,32
1940,notebook-la-vieille-ville-de-tunis-et-la-femme-typique-tunisienne,I-Notebook – La Vieille Ville de Tunis et la Femme Typique Tunisienne,19
1941,oriental-design-copper-bookmark,I-Oriental Design Copper Bookmark,19
1942,luminous-olive-wood-table-unique-cozy-art-piece,I-Luminous Olive Wood Table: Unique & Cozy Art Piece,19
1943,unique-handcrafted-olive-wood-lamp-for-a-welcoming-interior,I-Unique handcrafted olive wood lamp for a welcoming interior,19
1944,costume-africain-homme-bleu-elegant-en-pagne-tisse-artisanal-tenue-formelle,I-Costume africain homme bleu élégant en pagne tissé artisanal – Tenue formelle,19
1945,scented-black-amber-prayer-beads-sebha,I-Scented Black Amber Prayer Beads “Sebha”,19
1946,I-Incense-Burner,I-Incense Burner,34
1947,3d-puzzle-large-ferris-wheel-wooden-educational-game-and-decorative-model-137-pieces,I-3D Puzzle Large Ferris Wheel Wooden Educational Game and Decorative Model 137 Pieces,19
1948,eglantine-the-rosy-elegance-for-an-irresistible-touch-of-luxury-size-m-l,I-Eglantine: The Rosy Elegance for an Irresistible Touch of Luxury Size M / L,19
1949,handmade-wooden-box-engraved-with-a-pyrography-on-plywood-pine,I-Handmade Wooden Box Engraved with a Pyrography on Plywood Pine,19
1950,marble-and-mosaic-coaster,I-Marble and Mosaic Coaster,19
1951,natural-stone-necklace-and-earrings-set,I-Natural Stone Necklace and Earrings Set,19
1952,golden-cowrie-necklace-for-women-elegant-handmade-jewelry,I-Golden Cowrie Necklace for Women – Elegant Handmade Jewelry,19
1953,necklace-and-earrings-set-in-glass-beads-and-agate,I-Necklace and Earrings Set in Glass Beads and Agate,19
1954,chic-handmade-women-s-necklace-night-breeze-blue-golden-pearls-and-earrings,I-Chic Handmade Women’s Necklace – Night Breeze – Blue Golden Pearls and Earrings,19
1955,chic-gold-amethyst-necklace-for-an-irresistibly-elegant-style,I-Chic Gold Amethyst Necklace for an Irresistibly Elegant Style,19
1956,artisanal-agate-necklace-and-earrings-chic-bohemian-jewelry-for-women,I-Artisanal Agate Necklace and Earrings – Chic Bohemian Jewelry for Women,19
1957,trio-of-candle-holders-assembled-from-100-natural-tunisian-olive-wood,I-Trio of Candle Holders Assembled from 100% Natural Tunisian Olive Wood,19
1958,olive-wood-heart-candle-holder-handmade-and-eco-friendly,I-Olive Wood Heart Candle Holder – Handmade and Eco-Friendly,19
1959,olive-wood-star-candle-holder,I-Olive Wood Star Candle Holder,19
1960,natural-olive-wood-table-lamp-tree-shape-handmade,I-Natural Olive Wood Table Lamp – Tree Shape Handmade,19
1961,olive-wood-chess-set,I-Olive Wood Chess Set,19
1962,I-3D-Puzzle-Wooden-Propulsion-Van,I-3D Puzzle Wooden Propulsion Van,35
1963,men-s-brown-embroidered-african-shirt,I-Men’s Brown Embroidered African Shirt,19
1964,handmade-ceramic-wall-fish-h30-w30-cm,I-Handmade Ceramic Wall Fish H30 × W30 cm,19
1965,ceramic-turtle-black-and-white-graphic-style,I-Ceramic Turtle – Black and White Graphic Style,19
1966,sculpture-en-beton-fibre-buste-dhannibal-barca,I-Buste d’Hannibal Barca,19
1967,sculpture-decorative-shaun-le-mouton-en-beton,I-Shaun le Mouton,19
1968,figurine-artisanale-le-tabbel-en-beton-brut,I-Le Tabbel,19
1969,figurine-decorative-snoopy-en-beton-brut,I-Snoopy,19
1970,figurine-decorative-tibou-en-beton-brut,I-TIBOU,19
1971,ethnic-earrings-in-bronze-and-wood-african-comb-handmade-jewelry-for-women,I-Ethnic Earrings in Bronze and Wood African Comb – Handmade Jewelry for Women,19
1972,golden-cowrie-shell-earrings,I-Golden Cowrie Shell Earrings,19
1973,gold-stainless-steel-freshwater-pearl-earrings,I-Gold Stainless Steel Freshwater Pearl Earrings,19
1974,women-s-cultured-pearl-necklace-in-gold-stainless-steel,I-Women’s Cultured Pearl Necklace in Gold Stainless Steel,19
1975,freshwater-pearl-crab-necklace-silver-stainless-steel,I-Freshwater Pearl Crab Necklace Silver Stainless Steel,19
1976,hand-of-fatma-bracelet-in-selenite-stone-and-stainless-steel,I-Hand of Fatma Bracelet in Selenite Stone and Stainless Steel,19
1977,women-s-malachite-necklace-with-freshwater-pearls-and-stainless-steel,I-Women’s Malachite Necklace with Freshwater Pearls and Stainless Steel,19
1978,blue-embroidered-cotton-boubou-for-women-chic-and-loose-african-ceremony-dress,I-Blue Embroidered Cotton Boubou for Women – Chic and Loose African Ceremony Dress,19
1979,boubou-women-cotton-bordeaux-embroidered-chic-senegalese-ceremony-dress,I-Boubou Women Cotton Bordeaux Embroidered – Chic Senegalese Ceremony Dress,19
1980,piments-rouge-fort-250g,I-piments rouge fort 250g,16
1981,embroidered-white-cotton-women-s-boubou-for-ceremonies-elegant-chic-african-dress,I-Embroidered White Cotton Women’s Boubou for Ceremonies – Elegant Chic African Dress,19
1982,elegant-gray-african-men-s-suit-modern-traditional-attire-for-ceremonies,I-Elegant Gray African Men’s Suit – Modern Traditional Attire for Ceremonies,19
1983,original-women-s-coat-with-hand-painted-african-pattern-elegant-ethnic-cape,I-Original Women’s Coat with Hand-Painted African Pattern – Elegant Ethnic Cape,19
1984,elegant-black-3-4-women-s-tunic-with-hand-painted-geometric-motifs,I-Elegant Black 3/4 Women’s Tunic with Hand-Painted Geometric Motifs,19
1985,artistic-red-tunic-for-women-elegant-hand-painted-caftan,I-Artistic Red Tunic for Women – Elegant Hand-Painted Caftan,19
1986,925-silver-necklace-with-a-golden-obsidian-pendant,I-925 Silver Necklace with a Golden Obsidian Pendant,19
1987,7-stones-7-chakras-bracelet-17-to-19-cm,I-7 Stones 7 Chakras Bracelet – 17 to 19 cm,19
1988,astronomy-coloring-kit-with-augmented-reality-experience,I-Astronomy Coloring Kit with Augmented Reality Experience,19
1989,alphabet-and-number-coloring-kit-with-augmented-reality-experience,I-Alphabet and Number Coloring Kit with Augmented Reality Experience,19
1990,sanfour-coloring-kit-with-augmented-reality-experience,I-Sanfour Coloring Kit with Augmented Reality Experience,19
1991,tunique-en-lin-artisanale-femme-grise-brodee-poncho-ethnique-chic-fait-main,I-Tunique lin en grise brodée,19
1992,homsia-noisette-gourmet-plaisir-oriental-epice,I-Homsia Noisette Épicée – Boîte Artisanal Élégante,19
1993,100-cotton-wax-cardigan-with-irresistible-pockets,I-100% Cotton Wax Cardigan with Irresistible Pockets,19
1994,adjustable-stainless-steel-bracelet-with-a-rectangular-red-jasper-in-the-middle,I-Adjustable Stainless Steel Bracelet with a Rectangular Red Jasper in the Middle,19
1995,lightweight-floral-silk-boubou-for-an-irresistible-style,I-Lightweight Floral Silk Boubou for an Irresistible Style,19
1996,elegant-royal-blue-boubou-for-women-chic-african-ceremony-dress,I-Elegant Royal Blue Boubou for Women – Chic African Ceremony Dress,19
1997,purple-women-s-boubou-chic-loose-african-dress,I-Purple Women’s Boubou – Chic Loose African Dress,19
1998,bracelet-charm-gold-stainless-steel-durable-modern-elegance,I-Bracelet Charm Gold Stainless Steel – Durable & Modern Elegance,19
1999,elegant-925-silver-gold-plated-necklace-with-raw-red-garnet-pendant-energy-and-elegance,I-Elegant 925 Silver Gold-Plated Necklace with Raw Red Garnet Pendant – Energy and Elegance,19
2000,spiral-notebook-i-m-so-fancy-lavender-and-red-elegance-2,I-Spiral Notebook ‘I’m So Fancy’ – Lavender and Red Elegance,19
2001,elegant-925-silver-necklace-with-raw-amethyst-pendant-serenity-amp-elegance,I-Elegant 925 Silver Necklace with Raw Amethyst Pendant – Serenity & Elegance,19
2002,elegant-925-silver-necklace-with-blue-apatite-serenity-and-timeless-style,I-Elegant 925 Silver Necklace with Blue Apatite – Serenity and Timeless Style,19
2003,chic-golden-boubou-dress-artisan-elegance-in-embroidered-fabric,I-Chic Golden Boubou Dress – Artisan Elegance in Embroidered Fabric,19
2004,boubou-long-ethnic-mustard-embroidered-artisan-elegance,I-Boubou Long Ethnic Mustard Embroidered – Artisan Elegance,19
2005,chic-ethnic-long-dress-boubou-chanel-terracotta-hand-embroidered,I-Chic Ethnic Long Dress – Boubou Chanel Terracotta Hand Embroidered,19
2006,chic-bohemian-linen-top-for-women-elegant-handwoven-fabric-tunic,I-Chic Bohemian Linen Top for Women – Elegant Handwoven Fabric Tunic,19
2007,men-s-black-linen-shirt-with-embroidered-african-print-patchwork,I-Men’s Black Linen Shirt with Embroidered African Print Patchwork,19
2008,a5-spiral-notebook-cute-but-psycho-original-hardcover-2,I-A5 Spiral Notebook ‘Cute but Psycho’ – Original Hardcover,19
2009,a5-hardcover-notebook-inspiring-cherry-design-2,I-A5 Hardcover Notebook – Inspiring Cherry Design,19
2010,I-Chic-African-Boubou-for-Women-3/4,I-Chic African Boubou for Women 3/4,20
2011,men-s-linen-patchwork-woven-pagne-embroidered-shirt-chic-ethnic-elegance,I-Men’s Linen Patchwork Woven Pagne Embroidered Shirt – Chic Ethnic Elegance,19
2012,men-s-linen-shirt-patchwork-wax-print-embroidered-modern-artisan-elegance,I-Men’s Linen Shirt Patchwork Wax Print Embroidered – Modern Artisan Elegance,19
2013,felfel-red-chili-necklace-in-gold,I-Felfel Red Chili Necklace in Gold,19
2014,chic-woven-fabric-top-for-women-handcrafted-embroidered-ethnic-tunic,I-Chic Woven Fabric Top for Women – Handcrafted Embroidered Ethnic Tunic,19
2015,chic-red-bohemian-patchwork-tunic-for-women-handmade-artisan-top,I-Chic Red Bohemian Patchwork Tunic for Women – Handmade Artisan Top,19
2016,I-Chic-Bohemian-Women’s-Red-Handmade-Top,I-Chic Bohemian Women’s Red Handmade Top,20
2017,floral-mist-for-women-girl-bouquet-15ml,I-Floral mist for women “Girl Bouquet” (15ml),19
2018,women-s-indigo-loose-kimono-bohemian-chic-geometric-print-cotton-kimono-jacket,I-Women’s Indigo Loose Kimono – Bohemian Chic Geometric Print Cotton Kimono Jacket,19
2019,chic-african-tunic-for-women-in-wax-fabric-and-embroidery-ethnic-fashion,I-Chic African Tunic for Women in Wax Fabric and Embroidery – Ethnic Fashion,19
2020,burgundy-embroidered-linen-tunic-chic-ethnic-elegance,I-Burgundy Embroidered Linen Tunic – Chic Ethnic Elegance,19
2021,women-s-agate-necklace-and-earrings-elegant-handmade-bronze-set-2,I-Women’s Agate Necklace and Earrings – Elegant Handmade Bronze Set,19
2022,artisan-crafted-purple-heart-agate-set-luxurious-elegance,I-Artisan Crafted Purple Heart Agate Set – Luxurious Elegance,19
2023,black-rutile-quartz-bracelet-elegance-and-protection,I-Black Rutile Quartz Bracelet – Elegance and Protection,19
2024,charm-bracelet-rose-quartz-and-pearl-soft-elegance,I-Charm Bracelet Rose Quartz and Pearl – Soft Elegance,19
2025,elegant-red-wedding-earrings-with-golden-pearls-chic-women-s-jewelry,I-Elegant Red Wedding Earrings with Golden Pearls – Chic Women’s Jewelry,19
2026,cafe-traditionnel-pack-de-2-tasses-en-cuivre-et-mrach-deau-exclusif,I-café traditionnel pack de 2 tasses en cuivre et mrach d’eau exclusif,19
2027,mug-ethnique-design-africain-colore-pour-une-pause-gourmande,I-Mug Céramique Ethnique Africain – Touche Exotique Colorée,19
2028,artisanal-rose-quartz-and-pearl-necklace,I-Artisanal Rose Quartz and Pearl Necklace,19
2029,african-linen-patchwork-boubou-dress-senegalese-elegance-and-tradition,I-African Linen Patchwork Boubou Dress – Senegalese Elegance and Tradition,19
2030,red-embroidered-artisan-boubou-african-elegance,I-Red Embroidered Artisan Boubou – African Elegance,19
2031,women-s-blue-embroidered-boubou-senegalese-artisan-elegance,I-Women’s Blue Embroidered Boubou – Senegalese Artisan Elegance,19
2032,tableau-islamique-sculpte-a-la-main-piece-unique-en-bois-dur,I-tableau islamique sculpté à la main pièce unique en bois dur,19
2033,tableau-islamique-en-bois-sculpte-pour-une-decoration-unique,I-tableau islamique en bois sculpté pour une décoration unique,19
2034,camel-linen-shirt-for-men-modern-geometric-elegance,I-Camel Linen Shirt for Men – Modern Geometric Elegance,19
2035,patch-brode-chic-floral-noir-artisanat-boheme-elegant,I-Patch Brodé Chic Floral Noir – Artisanat Bohème Élégant,19
2036,men-s-grey-linen-embroidered-shirt-ethnic-artisan-elegance,I-Men’s Grey Linen Embroidered Shirt – Ethnic Artisan Elegance,19
2037,sac-en-crochet-artisanal-rose-elegance-et-praticite-boho,I-Sac en Crochet Artisanal Rosé – Élégance et Praticité Boho,19
2038,sac-artisanat-crochet-luxe-elegance-boheme-urbaine,I-Sac Artisanat Crochet Luxe – Élégance Bohème Urbaine,19
2039,chaine-pour-telephone-emeraude-cosmos-elegance-celeste-doree,I-Chaîne pour Téléphone Émeraude Cosmos – Élégance Céleste Dorée,19
2040,bougie-artisanal-portafiltre-cafe-elegance-aromatique-unique,I-Bougie Artisanal Portafiltre Café – Élégance Aromatique Unique,19
2041,kimon-ample-batiko-femme-coton-boheme-chic-multicolore,I-Kimon ample batiko femme coton bohème chic multicolore,19
2042,robe-style-boheme-en-coton-longue-avec-motifs-bleus,I-Robe style bohème en coton longue avec motifs bleus,19
2043,men-s-woven-fabric-patchwork-jacket-blue,I-Men’s Woven Fabric Patchwork Jacket Blue,19
2044,I-3-in-1-Natural-Hair-Care-Set:-Oil,I-3-in-1 Natural Hair Care Set: Oil,695
2045,bracelet-ajustable-en-fil-orange-et-une-unakite-brute-au-milieu,I-Bracelet Cordon Orange avec Unakite Artisanale – Équilibre Émotionnel,19
2046,925-silver-gold-plated-necklace-with-russian-turquoise-pendant,I-925 Silver Gold-Plated Necklace with Russian Turquoise Pendant,19
2047,collier-en-argent-925-avec-une-vraie-jade-verte-carree-au-milieu,I-Collier Argent 925 Jade Vert Carré – Élégance Artisanale,19
2048,objet-deco-poisson-mural-en-ceramique,I-Poisson en céramique pour la décoration murale,19
2049,ceramic-wall-decorative-fish-black-and-white,I-Ceramic Wall Decorative Fish – Black and White,19
2050,robe-coton-brode-fille-blanche-boheme-avec-des-broderies-en-rouge,I-Robe coton brodé fille blanche bohème avec des broderies en rouge,19
2051,hibou-decoratif-artisanal-en-tissu-avec-lunettes,I-Hibou décoratif artisanal en tissu avec lunettes,19
2052,duo-de-poissons-en-tissu-pour-bijou-de-sac-ou-porte-cles,I-Duo de poissons en tissu pour bijou de sac ou porte-clés,19
2053,body-chain-golden-grace,I-Body chain Golden Grace,19
2054,tableau-djerba-contemporain,I-Tableau Djerba contemporain,19
2055,tableau-poisson-abstrait-noir-et-blanc,I-Tableau poisson abstrait noir et blanc – Sous-verre et encadrement bois,19
2056,housse-en-laine-brodee-jasmin-elegance-et-protection-artisanale,I-Housse en Laine Brodée Jasmin – Élégance et Protection Artisanale,19
2057,doudou-oiseau-suspendu-en-tissu-raye-avec-pompon,I-Doudou oiseau suspendu en tissu rayé avec pompon,19
2058,doudou-chat-artisanal-en-short-jean-et-cache-col-raye,I-Doudou chat artisanal en short jean et cache col rayé,19
2059,doudou-chat-en-tissu-en-tenue-rayee-noir-et-blanc-et-short-blanc,I-Doudou chat en tissu en tenue rayée noir et blanc et short blanc,19
2060,doudou-chat-en-tissu-avec-tenue-rayee-rouge-et-blanc-et-short-brode,I-Doudou chat en tissu avec tenue rayée rouge et blanc et short brodé,19
2061,doudou-elephant-en-tissu-en-bicolore-rose-et-beige-avec-oreille-verte,I-Doudou éléphant en tissu en bicolore rose et beige avec oreille verte,19
2062,doudou-poupee-en-tissu-avec-sa-robe-blanche-satinee-et-rubans-dores,I-Doudou poupée en tissu – Avec sa robe blanche satinée et rubans dorés,19
2063,doudou-chat-artisanal-en-robe-argentee,I-Doudou chat artisanal en robe argentée,19
2064,doudou-cheval-artisanal-unique-pour-decoration-et-calins-doux,I-Doudou cheval artisanal unique pour décoration et câlins doux,19
2065,bougie-parfumee-lemonade-200-ml-fraicheur-artisanale-irresistible,I-bougie parfumée Lemonade 200 ml fraîcheur artisanale irrésistible,19
2066,bougie-parfumee-fell-200-ml,I-Bougie parfumée Fell 200 ml,19
2067,serviettes-a-the-brodees-tortues-argentees-pour-une-table-elegante,I-Serviettes à thé brodées au motif de TORTUES argentées – Raffinement et élégance,19
2068,unique-mahogany-decorative-masks-for-elegant-d-cor,I-Unique Mahogany Decorative Masks for Elegant Décor,19
2069,cadre-mosaique-arbre-de-vie-une-decoration-artisanale-unique,I-cadre mosaïque Arbre de Vie une décoration artisanale unique,19
2070,portecle-mural-artisanal-en-metal-bleu-style-sidi-bou,I-porteclé mural artisanal en métal bleu style Sidi Bou,19
2071,lampe-vintage-elegante-pour-une-touche-rustique-unique,I-Lampe vintage élégante pour une touche rustique unique,19
2072,set-de-table-macrame-elegance-naturelle-pour-vos-repas-raffines,I-Set de table macramé : Élégance naturelle pour vos repas raffinés,19
2073,6-dessous-de-verre-poissons-en-dore-et-noir,I-6 Dessous de verre POISSONS en doré et noir,19
2074,6-dessous-de-verre-carre-poissons,I-6 Dessous de verre carré POISSONS,19
2075,couffin-cerise-peint-en-main,I-Couffin Cerise peint en main,19
2076,robe-chic-decontractee-en-lin-et-coton-pour-lete,I-Robe chic décontractée en lin et coton pour l’été,19
2077,olive-wood-chess-set-with-drawers-artisanal-elegance-3,I-Olive Wood Chess Set with Drawers – Artisanal Elegance,19
2078,gold-cuff-bracelet-with-arabic-calligraphy-in-openwork-copper,I-Gold Cuff Bracelet with Arabic Calligraphy in Openwork Copper,19
2079,bracelet-en-cordon-rose-fluo-avec-coeur-assorti,I-Bracelet en cordon rose fluo avec cœur assorti,19
2080,bracelet-dore-avec-trefle,I-Bracelet ajustable en acier inoxydable avec trèfle porte-bonheur,19
2081,bracelet-papillon-dore,I-Bracelet ajustable en acier inoxydable avec motif papillon doré,19
2082,bracelet-en-cordon-rouge-avec-trefle-assorti-elegance-porte-bonheur,I-Bracelet en cordon bleu avec trèfle assorti,19
2083,bracelet-en-perle-fait-main,I-Bracelet perle blanc et violet fait main unique pour un style raffiné,19
2084,robe-fleurie-flora-obscura-elegance-unique-pour-vous,I-robe fleurie Flora Obscura élégance unique pour vous,19
2085,bracelet-cheville-fait-main-multicolore-pour-un-style-unique,I-Bracelet cheville fait main multicolore pour un style unique,19
2086,bracelet-de-cheville-a-coquillages,I-Bracelet cheville chic en coquillages fait main pour un été stylé,19
2087,chapeaux-en-crochet-fait-main,I-Chapeau crochet fait main pour un style bohème chic irrésistible,19
2088,chapeau-ete-elegant-a-larges-bords-pour-style-et-protection,I-Chapeau été élégant à larges bords pour style et protection,19
2089,chapeau-paille-elegant-avec-foulard-pour-un-ete-style,I-Chapeau paille élégant avec foulard pour un été stylé,19
2090,capeline-elegante-pour-un-style-estival-irresistible-et-chic,I-Capeline élégante pour un été chic et irrésistible,19
2091,capeline-femme-elegante-pour-un-ete-chic-et-irresistible,I-capeline femme élégante pour un été chic et irrésistible,19
2092,casquette-paille-chic-pour-un-ete-elegant-et-style,I-Casquette paille chic pour un été élégant et stylé,19
2093,panama-borsalino-cuir,I-Chapeau Panama Borsalino Cuir,19
2094,borsalino-ribbon-panama-hat,I-Borsalino Ribbon Panama Hat,19
2095,chapeau-de-soleil-panama-fedora-ruban,I-Chapeau Panama Fedora Cuir,19
2096,collier-brode-fleur-en-rose,I-Collier brodé Fleur en rose,19
2097,unique-olive-wood-chessboard-elegant-craftsmanship,I-Unique Olive Wood Chessboard – Elegant Craftsmanship,19
2098,couffin-rouge-paille-et-crochet,I-Couffin rouge paille et crochet,19
2099,petit-sac-rouge-a-bandouliere-en-crochet,I-Petit sac rouge à bandoulière en crochet,19
2100,handmade-micromacram-bracelet-with-red-bordeaux-striped-agate-gemstone-2,I-Handmade Micromacramé Bracelet with Red Bordeaux Striped Agate Gemstone,19
2101,sac-panier-en-paille-tressee-brode-motifs-floraux-rose-fuchsia-bleu-ciel-blanc,I-Sac panier en paille tressée brodé motifs floraux rose fuchsia bleu ciel blanc,19
2102,couffin-distingue-par-des-motifs-floraux-colores-et-des-anses-en-bois-doublure-zippee,I-Couffin distingue par des motifs floraux colorés et des anses en bois doublure zippée,19
2103,parure-3-pieces-perles-vertes-collier-bracelet-chapelet,I-Parure 3 pièces perles vertes collier bracelet chapelet,19
2104,925-silver-necklace-with-natural-amethyst-drop-pendant,I-925 Silver Necklace with Natural Amethyst Drop Pendant,19
2105,925-silver-necklace-with-amethyst-heart-pendant,I-925 Silver Necklace with Amethyst Heart Pendant,19
2106,pierre-sedimentaire-de-decoration-nodule-septarien,I-Pierre sédimentaire de décoration Nodule Septarien,19
2107,bracelet-coquillage-double-face-fait-main-avec-cordon-beige-et-finitions-dorees,I-Bracelet coquillage double face fait main avec cordon beige et finitions dorées,19
2108,lot-de-deux-bracelets-en-rose-quartz-naturelles,I-Bracelet Élégant Quartz Rose – Énergie et Sérénité,19
2109,chaine-de-main-aura-doree-trefle-blanc,I-Chaîne de main AURA dorée trèfle blanc,19
2110,boucles-doreilles,I-Boucles d’oreilles artisanales élégance unique pour un style raffiné,19
2111,bracelet-infinity-cordon-et-acier-dore,I-Bracelet infini doré artisanal pour un style unique et élégant,19
2112,grand-sac-de-plage-en-crochet-fil-de-jute,I-Grand Sac de plage en crochet fil de jute,19
2113,creoles-au-crochet-argent,I-Créoles au crochet en coton et argent,19
2114,collier-brode-sur-velours-et-boucles-doreilles,I-Collier bohème unique en velours pour un style éclatant,19
2115,chaine-de-main-fine-en-acier-inoxydable,I-Chaîne de main fine en acier Inoxydable,19
2116,collier-en-cordon-satine-torsade,I-Collier en cordon satiné torsadé,19
2117,I-Bijoux-en-Argent-925-avec-Fleurs-Séchées,I-Bijoux en Argent 925 avec Fleurs Séchées,36
2118,tableau-brode-unique-lelegance-florale-pour-votre-interieur,I-Tableau brodé unique : l’élégance florale pour votre intérieur,19
2119,bohemian-starfish-necklace-in-blue-green,I-Bohemian Starfish Necklace in Blue Green,19
2120,chapelet-sebha-ambre-noir,I-Chapelet Ambre Premium : Élégance et Parfum Envoûtant,19
2121,bohemian-golden-starfish-necklace-with-white-cord,I-Bohemian Golden Starfish Necklace with White Cord,19
2122,horloge-rouge-en-bois-et-resine-elegance-abstraite-unique,I-Horloge rouge en bois et résine : élégance abstraite unique,19
2123,box-miroir-decoratif-25-cm-elegance-artisanale-unique,I-Box Miroir Décoratif 25 cm – Élégance Artisanale Unique,19
2124,horloge-marron-en-bois-resine-elegance-abstraite-unique,I-Horloge marron en Bois & Résine – Élégance Abstraite Unique,19
2125,horloge-decorative-en-bois-resine-elegance-abstraite-violet-blanc,I-Horloge décorative en Bois & Résine : Élégance Abstraite Violet Blanc,19
2126,babouche-cuir-sombek-en-croco-marron-fonce-elegance-eco-responsable,I-Babouche cuir “SOMBEK” en croco marron foncé – Élégance éco-responsable,19
2127,babouche-cuir-mbele-en-leopard-elegance-upcyclee-irresistible,I-Babouche cuir MBELE en léopard : élégance upcyclée irrésistible,19
2128,I-Couffin-moderne-chic-en-bois,I-Couffin moderne chic en bois,28
2129,925-silver-necklace-plated-with-18k-gold-with-amethyst-tooth-elegance-and-well-being,I-925 Silver Necklace Plated with 18K Gold with Amethyst Tooth – Elegance and Well-being,19
2130,collier-en-argent-925-plaque-en-or-18-k-avec-un-pendentif-jade-jaune-brute-50,I-Collier Élégant Plaqué Or 18k avec Pendentif Jade Jaune Brut,19
2131,mini-sac-soiree-fait-main-arc-en-ciel-boheme-eclat-et-elegance,I-Mini Sac Soirée Fait Main Arc-en-Ciel Bohème Éclat et Élégance,19
2132,sac-a-main-bicolore-marron-clair-et-noir-en-crochet-fil-t-shirt-bandoulieres-cuir-noire-et-metal-dore,I-Sac à Main Bicolore Marron Clair et Noir en Crochet – Fil T-Shirt & Bandoulières Cuir Noire et Métal Doré,19
2133,pouf-rond-en-alfa-tissu-ecru-pompons-et-tressage-naturel-fait-main,I-Pouf Rond en Halfa & Tissu Écru – Pompons et Tressage Naturel – Fait Main,19
2134,coussin-tisse-bleu-marine-a-motifs-blancs-pompons-blancs-30x50-cm,I-Coussin Tissé Bleu Marine à Motifs Blancs – Pompons Blancs – 30×50 cm,19
2135,coussin-rectangulaire-brode-main-fils-dores-argentes-30x50-cm,I-Coussin Rectangulaire Brodé Main – Fils Dorés & Argentés – 30×50 cm,19
2136,eventail-mariage-en-dentelle-ivoire-chic-et-fait-main-avec-strass,I-Bracelet en cordon gris avec serpent en strass – Elégance porte-bonheur,19
2137,pendentif-poisson-en-resine-bleue-fabrication-artisanale,I-Collier coeur – Chaine en acier inoxydable,19
2138,pendentif-resine-bleue-finition-doree-fabrication-artisanale,I-Pendentif Résine Bleue Finition Dorée – Fabrication Artisanale,19
2139,spiral-turtle-pendant-necklace-in-resin-tunisian-craftsmanship,I-Spiral Turtle Pendant Necklace in Resin – Tunisian Craftsmanship,19
2140,couffin-avec-des-details-en-cuir,I-Couffin peint à la main : confort et élégance irrésistibles,19
2141,set-de-table-en-rotin,I-Set de table rotin : Élégance naturelle pour vos repas raffinés,19
2142,boucles-doreilles-en-argent-avec-pierres-naturelles,I-Boucles d’oreilles argent : Élégance unique avec verre de mer,19
2143,I-Bague-argent-unique-avec-verre-de-mer,I-Bague argent unique avec verre de mer,37
2144,sac-filet-vert-en-crochet-fait-main,I-sac filet vert en crochet fait-main,19
2145,dessous-de-verre-verre-feuille-dargent-collection-poissons-argentes-lot-de-6,I-6 Dessous de verre à la Feuille d’argent – Collection Poissons argentés,19
2146,fish-coasters-with-gold-leaf-gift-box-elegance-and-originality,I-FISH Coasters with Gold Leaf – Gift Box – Elegance and Originality,19
2147,blue-fish-coasters-gold-leaf-patterns-elegant-gift-box,I-Blue Fish Coasters – Gold Leaf Patterns – Elegant Gift Box,19
2148,hand-painted-glass-coffee-cup-presented-in-a-box-blue-and-gold-protective-eye,I-Hand-Painted Glass Coffee Cup Presented in a Box – Blue and Gold Protective Eye,19
2149,fouta-cotton-diamond-100-natural-elegance-and-comfort-assured,I-Fouta Cotton Diamond 100% Natural: Elegance and Comfort Assured,19
2150,stone-effect-turtle,I-Stone Effect Turtle,19
2151,tanit-and-khomsa-marble-finish-elegant-and-minimalist-gift-box,I-Tanit and khomsa marble finish – Elegant and minimalist gift box,19
2152,soft-satin-pillowcase-65x50-cm-soin-luxe,I-Soft Satin Pillowcase 65×50 cm – Soin Luxe,19
2153,coffret-cadeau-younga-lessence-de-lexcellence-mediterraneenne,I-Coffret cadeau Younga : L’Essence de l’Excellence Méditerranéenne,19
2154,sac-de-soiree-vert-pastel-fait-main-recycle,I-Sac de Soirée Vert Pastel – Fait Main & Recyclé,19
2155,porte-monnaie-rose-crochet,I-Porte monnaie Rose crochet,19
2156,sac-fleur-beige-en-crochet-fait-main,I-Sac fleur beige en crochet- fait main,19
2157,sac-chat-noir-au-crochet-fait-main,I-Sac Chat Noir au Crochet – Fait Main,19
2158,diffuseur-dambiance-fleur-de-papier-en-coffret-livre-decoratif,I-Diffuseur d’ambiance Fleur de Papier en coffret-livre décoratif,19
2159,I-sac-multicolore-en-crochet-fait-main,I-sac multicolore en crochet fait main ,33
2160,hand-chain-simple-bubbly-chaine-de-main-bubbly-en-acier-inoxydable-2,I-Hand chain simple bubbly – Chaine de main bubbly en acier inoxydable,19
2161,chaine-de-corps-x-en-acier-inoxydable,I-Chaine de corps X en acier inoxydable,19
2162,chaine-de-corps-meraki-v-en-acier-inoxydable,I-Chaine de corps “MERAKI V” en acier inoxydable,19
2163,chaine-de-corps-meraki-en-acier-inoxydable,I-Chaine de corps “Meraki” en acier inoxydable,19
2164,bracelet-en-fil-blanc-ajustable-avec-motif-poisson-dore,I-Bracelet en fil beige ajustable avec motif cœur,19
2165,bracelet-en-acier-inoxydable-ajustable-avec-des-pierres-de-cornaline-au-milieu,I-Bracelet en acier inoxydable ajustable avec des pierres de Cornaline au milieu,19
2166,bracelet-elastique-en-peridot-naturel-16-a-18-cm,I-Bracelet élastique Péridot Naturel – Élégance Artisanal,19
2167,I-Sculpture-Poisson-Design-–-Motifs-Ondulés-Noir,I-Sculpture Poisson Design – Motifs Ondulés Noir,23
2168,sculpture-pop-machine-design-graphique-symboles-royaux,I-Sculpture “Pop Machine” – Design graphique & symboles royaux,19
2169,sculpture-poisson-soleil-pop-elegance-et-couleur-unique,I-Poisson artistique “Bleu de Mer” en résine peinte à la main – Pièce unique,19
2170,sculpture-en-resine-peinte-royal-pop,I-Sculpture en résine peinte “Royal Pop”,19
2171,sculpture-en-resine-peinte-a-la-main-poisson-abstrait-soleil-pop,I-Sculpture en résine peinte à la main Poisson abstrait “Soleil Pop”,19
2172,set-de-6-dessous-de-verre-peints-a-la-main-visages-abstraits,I-Set de 6 dessous de verre peints à la main “Visages abstraits”,19
2173,plateau-decoratif-visages-abstraits-motifs-graphiques-peint-a-la-main,I-Plateau décoratif ” Visages abstraits & motifs graphiques” peint à la main,19
2174,totebag-granny-bleu,I-Totebag granny bleu,19
2175,porte-cle-fleur-crochet-rouge-fait-main,I-Porte-clé fleur crochet rouge – Fait main,19
2176,statute-decorative-bouledogue-graphik-noir-blanc,I-Statute décorative Bouledogue Graphik Noir & Blanc,19
2177,porte-cle-fleur-rose-vif-crochet-fait-main,I-Porte-clé fleur rose vif crochet – Fait main,19
2178,porte-cle-fleur-rose-bebe-crochet-fait-main,I-Porte-clé fleur rose bébé crochet – Fait main,19
2179,bracelet-elastique-en-pyrites-et-pierres-volcaniques-naturelles-pour-homme-taille-standard-2,I-Bracelet élastique en pyrites et pierres volcaniques naturelles pour homme (taille standard),19
2180,bague-pyrite-double-ajustable-en-argent-925-massif,I-Bague Pyrite double ajustable en argent 925 massif,19
2181,collier-en-argent-925-avec-pendentif-en-quartz-rutile-noir-45-cm,I-Collier Éclat Argent 925 et Quartz Rutile Noir – Élégance Protectrice,19
2182,collier-coeur-labradorite-reflets-bleus-en-argent-925-fait-main,I-Collier Labradorite Cœur en Argent 925 – Élégance Mystique,19
2183,bracelet-micro-macrame-motif-arabesque-brique,I-Bracelet micro macramé motif arabesque brique,19
2184,bracelet-poisson-micro-macrame,I-Bracelet poisson micro macramé,19
2185,bracelet-poisson-micro-macrame-orange-marron,I-Bracelet poisson micro macramé orange marron,19
2186,sac-a-main-diy-mauve-fonce-en-crochet-fil-t-shirt,I-Sac à main DIY mauve foncé en crochet fil t-shirt,19
2187,boite-kufia-en-verre-avec-couvercle-en-cuivre-artisanat-tunisien,I-Boite Kufia en verre avec couvercle en cuivre – Artisanat tunisien,19
2188,kimono-court-noir-brode-col-manches-rouges-dores,I-Kimono court noir brodé col & manches rouges dorés,19
2189,kimono-court-a-rayures-avec-manches-colorees-degradees,I-Kimono court à rayures avec manches colorées dégradées,19
2190,kimono-long-noir-col-brode,I-Kimono long noir – Col brodé,19
2191,planche-en-marbre-et-bois-dolive-service-aperitif-artisanal,I-Planche en marbre et bois d’olive – Service apéritif artisanal,19
2192,pack-salle-de-bain-marbre-blanc-4-pieces-artisanales,I-Pack salle de bain marbre blanc – 4 pièces artisanales,19
2193,I-Mini-plateau-carré-en-marbre-–-Fait-main,I-Mini plateau carré en marbre – Fait main,38
2194,broche-poisson-cocher-masque-brodee-a-la-main,I-Broche Poisson cocher masqué brodée à la main,19
2195,kimono-reversible-avec-broderie-sur-le-col-le-narcisse-de-la-nuit,I-kimono réversible avec broderie sur le col “Le Narcisse de la Nuit”,19
2196,coussin-carre-brode-main-en-carreaux-tissu-doux-coloris-grege-40x40-cm-copie,I-Coussin carré brodé main en carreaux – Tissu doux coloris grège 40×40 cm (Copie),19
2197,bougie-format-olives,I-Bougie format Olives,19
2198,hand-embroidered-love-my-tableau,I-Hand-Embroidered Love My Tableau,19
2199,pack-coin-cafe-marbre-blanc-3-pieces,I-Pack Coin Café – Marbre Blanc (3 pièces),19
2200,pack-cuisine-petit-modele-en-marbre-5-boites-plateau,I-Pack Cuisine – Petit Modèle en Marbre (5 Boîtes + Plateau),19
2201,pack-coin-cafe-3-boites-avec-plateau-en-marbre,I-Pack Coin Café – 3 Boîtes avec Plateau en Marbre,19
2202,I-Pack-Coin-Café-–-3-pièces-:-Plateau,I-Pack Coin Café – 3 pièces : Plateau,695
2203,tote-bag-en-forme-de-coeur-30x45-cm,I-Tote bag en forme de cœur – 30×45 cm,19
2204,bracelet-manchette-macrame-noir-et-dore,I-Bracelet manchette en micro-macramé noir et doré,19
2205,couffin-artisanal-en-palmier-avec-poche-rabat-en-cuir,I-Couffin artisanal en palmier avec poche rabat en cuir,19
2206,mug-cuivre-martele-250ml-elegant-artisanal,I-Mug cuivre martelé 250ml – élégant & artisanal,19
2207,coffret-terroir-berbere-huile-boite-a-miel-cuivre,I-Coffret terroir berbère : huile & boîte à miel cuivre,19
2208,coffret-3-contenants-cuivre-martele-epices-deco-chic,I-Coffret 3 contenants cuivre martelé – Épices & déco chic,19
2209,bouteille-berbere-500ml-en-cuivre-verre-artisanal,I-Bouteille berbère 500ml en cuivre & verre artisanal,19
2210,trophee-personnalise-en-verre-marbre-distinction-elegante,I-Trophée personnalisé en verre & marbre – Distinction élégante,19
2211,bougie-rose-blanche-parfumee-en-verre-recycle-artisanal,I-Bougie rose blanche parfumée en verre recyclé artisanal,19
2212,coffret-le-kiff-theiere-ceramique-cuivre-artisanal,I-Coffret Le Kiff – Théière céramique & cuivre artisanal,19
2213,I-Prestige-Carafe-en-cuivre,I-Prestige Carafe en cuivre,695
2214,I-Intemporel-Boîte-Kufia,I-Intemporel Boîte Kufia,39
2215,I-Le-rêve-Boîte-Kufia-en-verre-14,I-Le rêve Boîte Kufia en verre 14,39
2216,I-Coffret-artisanal-huile-d’olive-–-Verre,I-Coffret artisanal huile d’olive – Verre,39
2217,coffret-artisanal-service-aperitif-cuivre-marbre-kadhel,I-Coffret artisanal service apéritif – Cuivre & marbre Kadhel,19
2218,coffret-serensa-verre-bleu-aqua-marbre-18-x-8-cm-10-x-7-5-cm,I-Coffret Serensa Verre bleu aqua marbré (18 x 8 cm / 10 x 7.5 cm),19
2219,boite-kufia-en-cuivre-gravee-art-arabe-fait-main,I-Boîte Kufia en cuivre gravée – Art arabe fait main,19
2220,coffret-duo-glass-en-verre-souffle-cuivre-calligraphie-arabe-8-x-8-cm-usage-deco-ou-service,I-Coffret Duo Glass en verre soufflé & cuivre – calligraphie arabe (8 x 8 cm) – usage déco ou service,19
2221,I-Bougie-Chic-&-ARTY-en-cuivre-avec-calligraphie-–-3-senteurs-:-Jasmin-Noir,I-Bougie Chic & ARTY en cuivre avec calligraphie – 3 senteurs : Jasmin Noir,695
2222,I-Bougie-Berbère-artisanale-en-cuivre-–-3-parfums-:-Jasmin-Noir,I-Bougie Berbère artisanale en cuivre – 3 parfums : Jasmin Noir,695
2275,bracelet-astrologique-bijou-energetique-pour-chaque-signe-du-zodiaque,I-Bracelet Astrologique – Bijou énergétique pour chaque signe du zodiaque,19
2223,I-Diffuseur-Carrée-“Flora”-à-tige-en-2-senteurs-différentes-”-Musk-blanc,I-Diffuseur Carrée “Flora” à tige en 2 senteurs différentes ” Musk blanc ,39
2224,I-Diffuseur-“Marmo-Calligraphie”-à-tige-–-2-senteurs-:-Musk-blanc,I-Diffuseur “Marmo Calligraphie” à tige – 2 senteurs : Musk blanc,39
2225,coffret-arabesque-diffuseur-bougie-artisanale-parfumee-avec-calligraphie-120ml-40h,I-Coffret Arabesque diffuseur & Bougie artisanale parfumée avec calligraphie (120ml + 40h),19
2226,diffuseur-marmo-jasmin-a-tige-senteur-jasmin-noir-5-x-7-cm-avec-sous-tasse-en-marbre-blanc,I-Diffuseur Marmo Jasmin à tige – senteur Jasmin Noir (5 x 7 cm) avec sous-tasse en marbre blanc,19
2227,service-a-eau-en-ceramique-bicolore-elegance-artisanale-unique,I-Service à eau en céramique bicolore : Élégance artisanale unique,19
2228,service-a-eau-en-ceramique-3-pieces-artisanales,I-Service à eau en céramique 3 pièces artisanales,19
2229,trousse-maquillage-zebree-noir-blanc-pelucheux,I-Trousse de maquillage zébrée noir & blanc en tissu pelucheux,19
2230,kit-robot-marcheur-en-bois-stem,I-Kit robot marcheur en bois – Jeu STEM à construire & électrique (+6 ans),19
2231,kit-tiny-house-en-bois-puzzle-3d,I-Kit tiny house en bois – Puzzle 3D éducatif & initiation à l’électronique,19
2232,collier-rouge-fait-main,I-Collier rouge fait main – Élégant et unique avec pendentif œil,19
2233,marque-page-en-cuivre-nickele,I-Marque-page en cuivre,19
2234,luminaire-suspension-houche-style-boheme-en-fibre-vegetal,I-Luminaire suspension HOUCHE style bohème en fibre végétal,19
2235,bracelet-ajustable-coeur-dore-sur-corde-rose-fait-main-et-romantique,I-bracelet ajustable cœur doré bleu fait main pour un style romantique,19
2236,collier-pendule-en-pierre-bijou-spirituel-mixte,I-Collier pendule en pierre – Bijou spirituel mixte,19
2237,collier-cordon-queue-de-poisson,I-Collier cordon queue de poisson,19
2238,bougie-naturelle-sculptee-en-cire-vegetale-deco-elegante-et-bien-etre,I-Bougie naturelle sculptée en cire végétale,19
2239,champagne-freshwater-biwa-pearl-jewelry-set,I-Champagne freshwater “Biwa” pearl jewelry set,19
2240,boucles-doreilles-circulaires-crochet-fait-main,I-Boucles d’oreilles circulaires en crochet fait main,19
2241,boucles-doreilles-crochet-granny,I-Boucles d’oreilles en crochet motif Granny,19
2242,bague-en-argent-925-rhea-2,I-Bague fait-main en argent 925 RHEA,19
2243,bague-rouleaux-en-argent-925,I-Bague rouleaux fait-main en argent 925,19
2244,porte-cles-rose-en-crochet-fait-main,I-Porte-clés rose en crochet fait main idéal pour clés et sacs,19
2245,porte-cles-pasteque-en-crochet-fait-main,I-Porte-clés pastèque en crochet fait main idéal pour clés et sacs,19
2246,porte-cles-fraise-en-crochet-fait-main,I-Porte-clés fraise en crochet fait main idéal pour clés et sacs,19
2247,bouledogue-noir-blanc-graphic-chic-peint-a-la-main,I-Bouledogue Noir & Blanc « Graphic Chic » peint à la main,19
2248,I-Oversize-Grey-Knitted-Sweater-with-Bear-Motif-and-Pacifier-Holder,I-Oversize Grey Knitted Sweater with Bear Motif and Pacifier Holder,25
2249,I-Customizable-Oversized-Pink-Floral-Knit-Sweater-with-Name,I-Customizable Oversized Pink Floral Knit Sweater with Name,25
2250,bracelet-ajustable-en-fil-noir-avec-boules-jade-vert,I-Bracelet ajustable en fil noir avec 3 boules de jade vert 6 mm (Système coulissant adapté à toute taille),19
2251,925-silver-necklace-plated-with-18k-gold-with-a-pure-carnelian-in-the-center-45-cm,I-925 Silver Necklace Plated with 18K Gold with a Pure Carnelian in the Center (45 cm),19
2252,collier-en-argent-avec-saphir-bleu-au-milieu-45-cm,I-Collier Saphir Bleu argent 925 Plaqué Or – Élégance et Raffinement,19
2253,jeu-educatif-stem-interactif-tete-de-chien-bois-electronique,I-Jeu éducatif STEM alarme tête de chien en bois et électronique (+6 ans),19
2254,oversized-grey-sweater-with-hand-embroidered-customizable-name-wool-and-cotton-knit,I-Oversized Grey Sweater with Hand-Embroidered Customizable Name – Wool and Cotton Knit,19
2255,coffret-bougie-passion-fruits-rouges-180g,I-Coffret bougie passion “Fruits rouges” (180g),19
2256,bracelet-elastique-fluorite-arc-en-ciel-16-18-cm,I-Bracelet Élastique Fluorite Arc-en-Ciel – Sérénité Naturelle,19
2257,coffret-cadeau-saint-valentin-message-damour-et-notebook,I-“Valentine’s Day” Gift Box with Love Message and Notebook,19
2258,cendrier-saint-valentin-avec-inscriptions-d-amour,I-Cendrier en céramique avec inscriptions d’amour en finition lisse et émaillée (12 et 13 cm),19
2259,bougie-fleur-en-forme-de-coeur-avec-cire-dabeille-100-naturelle,I-Bougie fleur en forme de cœur avec cire d’abeille 100% naturelle,19
2260,collier-en-argent-plaque-en-or-obsidienne-noire,I-Collier Élégance Argent Plaqué Or avec Obsidienne Noire – Raffinement et Protection,19
2261,collier-coeur-love-dore-en-acier-inoxydable-hypoallergenique-50-cm,I-Collier cœur “LOVE” doré en acier inoxydable hypoallergénique (50 cm),19
2262,collier-en-argent-925-avec-arfvedsonite-naturelle,I-Collier en argent 925 avec arfvedsonite naturelle,19
2263,collier-en-argent-925-et-quartz-hematoide-nature-45-cm,I-Collier en argent 925 et quartz hématoïde nature (45 cm),19
2264,925-silver-necklace-with-natural-rose-quartz-45-cm,I-925 Silver Necklace with Natural Rose Quartz (45 cm),19
2265,pack-cadeau-parfum-et-lotion-hydratante-avec-notes-florales-et-orientales,I-Pack cadeau parfum et lotion hydratante avec notes florales et orientales,19
2266,I-Bougie-parfumée-disponible-en-6-senteurs-(Jasmin,I-Bougie parfumée disponible en 6 senteurs (Jasmin,40
2267,bougie-parfumee-coeur-en-cire-de-soja,I-Bougie parfumée cœur en cire de soja disponible en 5 couleurs et 5 senteurs (150 g),19
2268,bougie-parfumee-neroli-sidi-bou,I-Bougie parfumée au Néroli – Sidi Bou et évasion méditerranéenne,19
2269,I-bougie-de-cire-de-soja-avec-4-senteurs-différentes-(jasmin,I-bougie de cire de soja avec 4 senteurs différentes (jasmin,695
2270,bougie-bougie-parfumee-coffee-time-au-cire-de-soja,I-Bougie parfumée “Coffee Time” au cire de soja,19
2271,scented-candle-fruity-bouquet-made-of-soy-wax,I-Scented Candle “Fruity Bouquet” Made of Soy Wax,19
2272,I-Chaîne-de-téléphone-Simply-Shiny-–-Taille-standard-(1,I-Chaîne de téléphone Simply Shiny – Taille standard (1,41
2273,collier-3-pierres-big-3,I-Collier 3 pierres Big 3,19
2274,parfum-signature-solluna,I-Parfum signature Solluna,19
2276,silver-cuff-bracelet-with-berber-engraving-for-women,I-Silver Cuff Bracelet with Berber Engraving for Women,19
2277,decoration-murale-phases-de-lune-en-noir-et-argent,I-Décoration murale “Cycles” avec phases de lune en noir et argent (15×90 cm),19
2278,lampe-lunaire-35cm-70cm,I-Lampe Lunaire “Cosmic Light” 100% fait-main,19
2279,pierre-decorative-en-labradorite-support-blanc,I-Pierre décorative en labradorite avec support blanc – (42 g),19
2280,pierre-decorative-fluorite-arc-en-ciel-support-noir,I-Pierre décorative en fluorite Arc-en-Ciel avec support noir – (47 g),19
2281,bracelet-tortue,I-Bracelet Cordon Réglable avec Pendentif Tortue Origami,19
2282,bracelet-horoscope-berbere-belier,I-Bracelet horoscope berbère – Bélier (14 février => 13 mars),19
2283,b-o-tamezret,I-Boucles d’oreilles berbères en bois et résine Tamezret,19
2284,I-Boucles-d’oreilles-berbères-“El-Ksour”-–-Bois,I-Boucles d’oreilles berbères “El Ksour” – Bois,42
2285,arc-berbere,I-Boucles d’oreilles berbères “Arc Berbère” – Bois & Acrylique,19
2286,I-lampe-“Mosaic-Moon”-100%-fait-main-(Edition-limitée,I-lampe “Mosaic Moon” 100% fait-main (Edition limitée,43
2287,lampe-lune-personnalisee-35-cm,I-Lampe “My Moon” personnalisée avec phase lunaire exacte de votre choix (35 cm),19
2288,tote-bag-en-tissus-upcycles-pratique-et-ecoresponsable,I-Tote Bag Upcyclé – Sac Cabas Fait Main et Écoresponsable,19
2289,tote-bag-en-tissus-upcycles-avec-poche-stylee-et-accents-colores,I-Tote Bag Upcyclé avec Poche Stylée – Sac Écoresponsable & Coloré,19
2290,I-Handmade-Ceramic-Candle-Holder,I-Handmade Ceramic Candle Holder,44
2291,pochette-femme-shekaz-fibres-naturelles,I-Pochette Shekaz en Fibres Naturelles : Élégance Durable avec Doublure en Coton (19 x 23 x 6 cm),19
2292,porte-documents-noir-cambridge-en-cuir,I-Porte-documents noir cambridge en véritable cuir,19
2293,I-Coffret-cadeau-Smiley-en-crochet-–-Mug,I-Coffret cadeau Smiley en crochet – Mug,33
2294,fish-and-coral-pendant-necklace-in-850-silver-medium-and-large-sizes,I-Fish and Coral Pendant Necklace in 850 Silver – (Medium and Large Sizes),19
2295,natural-coral-fish-earrings-in-silver-850-2-5-6-cm,I-Natural Coral Fish Earrings in Silver 850 – (2.5 × 6 cm),19
2296,925-silver-necklace-with-fatima-hand-tiger-eye-pendant-45-cm,I-925 Silver Necklace with Fatima Hand Tiger Eye Pendant (45 cm),19
2297,ensemble-bracelet-de-cheville-et-de-main-elegance-artisanale,I-Ensemble Bracelet de Cheville et de Main Couleur Bleu ciel,19
2298,broche-habibet-mama-cubic-zirconia,I-Broche Habibet Mama Plaqué Or Cubic Zirconia – Élégance Intemporelle,19
2299,broche-mashallah-bebe-fille-rose,I-Broche Mashallah Bébé Fille Rose – Acier Inox et Zircon,19
2300,I-Chaîne-de-téléphone-Palestine-in-my-Heart-–-Tressée-à-la-main-(Taille-standard-1,I-Chaîne de téléphone Palestine in my Heart – Tressée à la main (Taille standard 1,41
2301,I-Chaîne-de-téléphone-Shine-Bright-tressée-à-la-main-(Taille-standard-1,I-Chaîne de téléphone Shine Bright tressée à la main (Taille standard 1,41
2302,bougie-parfumee-celtia-au-muski,I-Bougie parfumée “Celtia” au Muski,19
2303,silver-850-earrings-with-fish-design,I-Silver 850 Earrings with Fish Design,19
2304,I-Chaîne-de-téléphone-Midnight-tressée-à-la-main-–-longueur-standard-1,I-Chaîne de téléphone Midnight tressée à la main – longueur standard 1,41
2305,huile-dolive-au-fruite-vert,I-Huile d’olive vierge extra au fruité vert (500ml) – Coffret Didon,19
2306,bracelet-coeur,I-Bracelet LOVE plaqué,19
2307,huile-dolive-extra-vierge-chemlali-500-ml,I-Huile d’olive extra vierge ” Chemlali”,19
2308,kimono-festif-boho-chic-en-satin-de-soie-avec-design-the-moon-life,I-Kimono festif boho chic en satin de soie avec design “The Moon Life”,19
2309,kimono-boho-noir-avec-illustration-soleil-en-dore-et-ruban-de-taille,I-Kimono boho noir avec illustration “SOLEIL” en doré et Ruban de taille,19
2310,couscous-semoule-diari-1kg,I-Couscous semoule (diari) 1kg,16
2311,collier-nounours-en-acier-inoxydable-avec-perles-blanches-unisexe,I-Collier en acier inoxydable avec perles blanches unisexe avec motif nounours,19
2312,tableau-islamique-en-bois-dure-sculpte-a-la-main-%d9%87%d8%b0%d8%a7-%d9%85%d9%86-%d9%81%d8%b6%d9%84-%d8%b1%d8%a8%d9%8a,I-tableau islamique en bois dur sculpté à la main pièce unique,19
2313,hand-carved-hardwood-islamic-wall-art-35-x-92-cm,I-Hand-Carved Hardwood Islamic Wall Art “واعبد ربك حتى يأتيك اليقين” (35 x 92 cm),19
2314,lait-de-corps-elegance-orientale-odeur-fleurie-aux-notes-orientales-100ml,I-Lait de corps élégance orientale odeur fleurie aux notes orientales (100ml),19
2315,housse-en-laine-matelassee-avec-broderie-berbere-pour-ordinateurs-et-tablettes,I-Pochette d’Ordinateur en Laine Matelassée avec Broderie Berbère,19
2316,tableau-decoratif-en-mosaique-design-femme-blonde,I-Tableau décoratif en Mosaïque design femme blonde,19
2317,coffin-avec-bonduelle-2,I-Petit sac coffin en osier avec perles Bonduelle – Fait main et écologique,19
2318,adjustable-natural-citrine-ring-3-4-carats-in-940-silver,I-Adjustable Natural Citrine Ring 3.4 Carats in 940 Silver,19
2319,pack4-2,I-Service à Café Traditionnel en Cuivre avec Plateau et Récipient,19
2320,noble-ethiopian-opal-ring-1-6-carats-in-940-silver,I-Noble Ethiopian Opal Ring 1.6 Carats in 940 Silver,19
2321,I-Marque-Page-Brodé-en-Forme-de-Poisson-–-Plusieurs-Couleurs,I-Marque-Page Brodé en Forme de Poisson – Plusieurs Couleurs,45
2322,tasse-et-sous-tasse-en-cuivre,I-Service à Thé Traditionnel Fait Main – 2 Tasses en Verre avec Porte-Tasse en Cuivre,19
2323,pack-2-2,I-Pack Traditionnel Café Arbi – 2 Tasses en Cuivre avec Mrach d’Eau Flora,19
2324,notebook-et-mark-book-en-bois,I-Notebook et marque page avec motif en bois,19
2325,agadez-ring-in-solid-silver-with-natural-red-onyx-size-54,I-Agadez Ring in Solid Silver with Natural Red Onyx (Size 54),19
2326,boucles-minimaliste-fine-en-forme-de-cube-fait-main-en-argent-925,I-Boucles minimaliste fine en forme de cube fait main en argent 925,19
2327,agadez-ring-in-natural-fine-carnelian-and-solid-silver-title-990-size-58,I-Agadez Ring in Natural Fine Carnelian and Solid Silver (Title 990) size 58,19
2328,ara-bag-green-in-plant-fiber-and-genuine-leather,I-ARA BAG Green in Plant Fiber and Genuine Leather,19
2329,planche-de-charcuteries-en-marbre-bois,I-Planche de charcuteries en marbre & bois,19
2330,bougie-parfumee-citron-avec-porte-bougie-en-ceramique,I-Bougie parfumée citron avec porte-Bougie en céramique,19
2331,boucles-doreilles-foetus,I-Boucles d’oreilles FOETUS,19
2332,sac-a-main-gris-handmade-avec-broche,I-Sac à main gris handmade avec broche,19
2333,collier-minimaliste-fait-main-en-argent-925,I-Collier minimaliste fait main en argent 925,19
2334,intention-cards-transformation-pack,I-50 Cartes de réflexion et d’intention “Transformation” en anglais (5 catégories et 10 cartes par catégorie),19
2335,collier-minimaliste-en-argent-925,I-Collier minimaliste en argent 925,19
2336,truth-dare-mindfulness-game,I-50 cartes jeu actions et vérités “Mindfulness” version anglaise,19
2337,bougie-parfumee-tynes,I-BOUGIE PARFUMEE AU NEROLI / FLEUR D ORANGER ” TYNES “,19
2338,sac-panier-en-crochet-bleu-et-blanc-fait-main,I-Sac en crochet bleu et blanc fait main,19
2339,petit-couffin-en-feuilles-de-palmier-avec-decoration-en-crochet-macrame,I-Petit couffin en feuilles de palmier avec décoration en crochet macramé,19
2340,paper-fan,I-Paper fan,19
2341,bougie-parfumee-anti-tabac-smoke,I-BOUGIE PARFUMEE ANTI – TABAC AU MUSC BLANC ET LA VANILLE ” SMOKE “,19
2342,adjustable-pure-copper-bracelet-for-women-and-men-2,I-Adjustable Pure Copper Bracelet for Women and Men,19
2343,intention-card,I-50 Cartes d’intention “Empowerment” en anglais (5 catégories et 10 cartes par catégorie),19
2344,top-crochet-bleu-100-handmade-avec-taille-ajustable,I-Top crochet bleu 100% handmade avec taille ajustable,19
2345,boucles-doreilles-crochet-fleur-violet,I-boucles d’oreilles crochet fleur violet,19
2346,couverture-dete-pour-bebe-personnalisee-en-double-gaze-de-coton,I-Couverture d’été pour bébé personnalisée en double gaze de coton,19
2347,I-Coffret-pâtisserie-(Nougat,I-Coffret pâtisserie (Nougat,46
2348,I-Plateau,I-Plateau,47
2349,couverture-amazigh,I-Couverture Amazigh 100% Laine,19
2350,bougie-etoile-suspensif,I-Bougie Etoile Suspensif,19
2351,pochette-grise-pailletee-avec-broche,I-sac grise pailletée avec broche,19
2352,couffin-rond-avec-evil-eyes-en-crochet,I-couffin rond avec evil eyes en crochet,19
2353,pochette-beige-en-crochet-handmade,I-pochette beige en crochet handmade,19
2354,handmade-minimalist-925-silver-bracelet-2,I-Handmade Minimalist 925 Silver Bracelet,19
2355,boucles-corps-feminin-fait-main-en-argent-900,I-Collier corps féminin fait main en argent 925,19
2356,boucles-corps-feminin-fait-main-en-argent-900-5,I-Boucles d’oreilles HER fait main en argent 925,19
2357,boucles-corps-feminin-fait-main-en-argent-900-4,I-Boucles corps féminin fait main en argent 925,19
2358,pack-soin-corporel-pink,I-Pack soin corporel Pink: lait de corps florale+ gommage corporel fruits rouges+ sel de bain fragrance de Rose+ savon à l’argile + bombe de bain + serviette en coton 15*15cm,19
2359,pack-soin-corporel-purple,I-Pack Soin Corporel Purple: lait de corps Musk blanc patchouli+ gommage corporel lavande+sels de bain lavande +bombe de bain + savon au lait de riz+ serviette en coton,19
2360,pack-naked-face,I-Pack Naked Face,19
2361,bougie-rond-suspensif,I-Bougie ronde suspensive avec parfum fleur d’Oranger,19
2362,bougie-parfumee,I-Bougie parfumée en bois d’olivier et en mosaïque,19
2363,sac-beige-en-jute-pour-femme-avec-foulard,I-sac beige en jute pour femme avec foulard,19
2364,bougie-parfumee-a-la-rose-en-100-cire-de-soja-soft-rose,I-Bougie parfumée à la rose en 100% cire de Soja,19
2365,chaine-de-corps-en-acier-inoxydable-body-chain-mixed,I-Chaine de corps en acier inoxydable – Body chain mixed,19
2366,minis-fondants-parfumes-lovey-dovey-juicy-sweety,I-Minis Fondants Parfumés en Petits Cœurs LOVEY DOVEY Juicy Sweety,19
2367,winter-box,I-Brûleur en Céramique & Fondants Parfumés – Ambiance Cocooning et Parfum Envoûtant,19
2368,romance-box,I-Romance Box “Brûleur céramique + fondants parfumés”,19
2369,energy-meet-ld,I-Minis fondants parfumés petit cœur “Energy Meet”,19
2370,wonderland-spell-ld,I-Minis fondants parfumés petit cœur “Wonderland spell”,19
2371,gummy-fruity-ld,I-Minis fondants parfumés petit cœur “Gummy Fruity”,19
2372,tablette-mini-devotion,I-Tablette de cire parfumée mini devotion,19
2373,coeur-pm,I-Fondants parfumés cœur PM,19
2374,coeur-gm,I-Fondants parfumés cœur GM,19
2375,waves-candle,I-Bougie naturelle en forme de vagues,19
2376,I-TROUSSE-DE-TOILETTE-Imprimé-Fleuri,I-TROUSSE DE TOILETTE Imprimé Fleuri,32
2377,jeu-de-dominos-en-bois,I-JEU DE DOMINOS EN BOIS,19
2378,waist-chain-khomsa-chaine-de-ventre-khomsa-en-acier-inoxydable,I-Waist chain KHOMSA – chaine de ventre Khomsa en acier inoxydable,19
2379,necklace-golden-tears-collier-en-acier-inoxydable,I-Necklace Golden Tears – Collier en acier inoxydable,19
2380,hand-chain-simple-chaine-de-main-simple-en-acier-inoxydable,I-Hand chain simple – Chaine de main simple en acier inoxydable,19
2381,chaine-de-corps-double-en-acier-inoxydable-body-chain,I-Chaîne de corps double en acier inoxydable – Body Chain,19
2382,chaine-de-corps-simple-en-acier-inoxydable-body-chain-simple,I-Chaine de corps simple en acier inoxydable – Body chain simple,19
2383,sweet-oud-candle-bougie-parfumee-oud,I-Bougie parfumée Oud et Bergamote (200g),19
2384,babouche-cuir-camel-dulzura-confort-premium-et-eco-responsable,I-Babouche cuir camel Dulzura : confort premium et éco-responsable,19
2385,babouche-tangerine-en-daim-orange-unisexe-balgha-upcylee,I-Babouche “Tangerine” en daim orange unisexe – Balgha upcylée,19
2386,babouche-black-molly-en-daim-noir-unisexe-balgha-upcylee,I-Babouche ” Black Molly” en daim noir unisexe – Balgha upcylée,19
2387,sac-click-clack-beige-fait-main-crochet,I-sac click clack beige fait main crochet,19
2388,sac-crochet-rouge-elegant-fait-main,I-sac crochet rouge élégant fait main,19
2389,huile-dolive-extra-vierge-50-cl,I-Huile d’olive extra-vierge – 50 cl,19
2390,I-d’huile-d’olive-vierge-extra-biologique-Edition-très-limitée-0,I-d’huile d’olive vierge extra biologique Edition très limitée 0,48
2392,ensemble-pret-a-porter-pour-homme,I-ensemble prêt a porter pour homme,19
2393,massage-bar-amande-douce-karite,I-Massage Bar – Amande douce karité,19
2394,kit-ecologique-cadeau-notebook-rechargeable-stylo-fait-main-en-pochette-kraft,I-Kit écologique Cadeau : Notebook Rechargeable & Stylo Fait Main en Pochette Kraft,19
2395,olivewood-salad-fork-set-of-2,I-olivewood salad fork set of 2,19
2396,olivewood-round-pizza-board-with-handle,I-Planche à Pizza Ronde en Bois d’Olivier avec Manche,19
2397,olivewood-oval-dish,I-olivewood oval dish,19
2398,heart-shaped-oliviwood-dish,I-heart shaped oliviwood dish,19
2399,olivewood-mortar-and-pestle,I-PLANCHE PERSIL,19
2400,olivewood-rustic-serving-board,I-olivewood rustic serving board,19
2401,foulard-en-soie-naturelle-en-bleu-et-des-motifs-floraux-fullfilled-intentions,I-Foulard en soie naturelle en bleu et des motifs floraux “Fullfilled intentions”,19
2402,foulard-en-soie-naturelle-fairy-tales-idyll,I-Foulard en soie naturelle Fairy tales idyll,19
2403,foulard-en-soie-naturelle-falling-in-love,I-Foulard en soie naturelle Falling in love,19
2404,__trashed-2,I-Foulard en soie naturelle en lavande “Falling in love”,19
2405,foulard-en-soie-naturelle-fancy-instinct-en-lavande,I-Foulard en soie naturelle Fancy instinct en lavande,19
2406,foulard-en-soie-naturelle-full-of-imagination,I-Foulard en soie naturelle Full of imagination,19
2407,foulard-en-soie-naturelle-en-noir-full-of-imagination,I-Foulard en soie naturelle en noir “Full of imagination”,19
2408,foulard-en-soie-naturelle-en-bleu-full-of-imagination,I-Foulard en soie naturelle en bleu “Full of imagination”,19
2409,foulard-en-soie-naturelle-en-rose-from-the-inception,I-Foulard en soie naturelle en rose “From the inception”,19
2410,foulard-bleu-en-soie-naturelle-from-the-inception,I-Foulard bleu en soie naturelle “From the inception”,19
2411,foulard-rouge-en-soie-naturelle-flattering-infinity,I-Foulard rouge en soie naturelle “Flattering infinity”,19
2412,foulard-florale-noir-en-soie-naturelle-flattering-infinity,I-Foulard florale Noir en soie naturelle “Flattering infinity”,19
2413,foulard-bleu-en-soie-naturelle-faint-illusions,I-Foulard bleu en soie naturelle “Faint illusions”,19
2414,foulard-multicolore-en-soie-naturelle-faint-illusions,I-Foulard Multicolore en soie naturelle “Faint illusions”,19
2415,fullfilled-intentions-3,I-Foulard Aubergine en soie naturelle “Fullfilled intentions”,19
2416,fullfilled-intentions-2,I-Foulard Limeade en soie naturelle “Fullfilled intentions”,19
2417,fullfilled-intentions,I-Foulard blanc en soie naturelle “Fullfilled intentions”,19
2418,inspiring-fantasy,I-Foulard Anakiwa en soie naturelle “Inspiring fantasy”,19
2419,foulard-bleu-en-soie-naturelle-fancy-instinct,I-Foulard bleu en soie naturelle “Fancy instinct”,19
2420,foulard-rouge-et-jaune-en-soie-naturelle-falling-in-love,I-Foulard rouge et jaune en soie naturelle “Falling in love”,19
2421,I-Tote-Bag-Fait-Main,I-Tote Bag Fait Main,49
2422,boucles-doreilles-ginger-x-foufoun,I-Boucles d’oreilles GINGER X FOUFOUN,19
2423,tasse-grand-format-en-couleur-fine,I-Tasse Grand Format en Couleur Fine,19
2424,service-a-the-en-cuivre,I-Service à Thé en Cuivre,19
2425,vase-en-ceramique-terre-cuite-medina-arbi,I-Vase en céramique Terre Cuite “Médina Arbi”,19
2426,la-promesse,I-Bouteille en verre unique pour une promesse d amour éternelle,19
2427,I-Boucle-d’oreille-inspirée-d’un-motif-traditionnel-de-céramique-faite-à-la-main,I-Boucle d’oreille inspirée d’un motif traditionnel de céramique faite à la main,49
2428,boucle-doreille-ceramique-fleur,I-Boucle d’Oreille Inspirée d’un Motif Traditionnel de Céramique – Perle en Pâte Polymère FIMO et Tige en Argent,19
2429,organisateur-de-bureau-zendesk-beton-bois-dolivier,I-Organisateur de bureau “ZenDesk” en béton et bois d’olivier avec support stylos et cartes de visite,19
2430,I-Support-téléphone-en-béton-et-bois-(Gris-charbon,I-Support téléphone en béton et bois (Gris charbon,34
2431,support-prestige,I-Support Prestige,19
2432,plateau-en-beton-avec-anses-en-bois,I-Plateau en béton avec anses en bois (20 x 30 cm),19
2433,pack-the,I-Pack Thé – Présentoir en béton marbré & bol en cuivre avec couvercle,19
2434,pack-syrine,I-Pack Syrine,19
2435,pack-signe-zodiaque,I-Coffret Cadeau Astrologie : Bougie Parfumée & Collier Signe du Zodiaque,19
2436,pack-ramadan-avec-plateau-beton-bruleur-dencens,I-Pack Ramadan avec plateau en béton décoré et brûleur d’encens,19
2437,pack-nature,I-Pack Nature,19
2438,pack-my-mirror,I-Pack MY MIRROR,19
2439,pack-fleurs-eternelles,I-Pack Fleurs éternelles,19
2440,pack-elegance,I-Pack Elégance,19
2441,I-Pack-bougeoirs-en-béton-noir-ou-blanc-(7×15-cm,I-Pack bougeoirs en béton noir ou blanc (7×15 cm,34
2442,I-Pack-trio-bols-en-céramique-avec-couvercles-en-cuivre-(XS,I-Pack trio bols en céramique avec couvercles en cuivre (XS,695
2443,pack-habibi,I-Pack Habibi,19
2444,horloge-a-poser,I-Horloge à poser,19
2445,dhaweya-lampe-a-poser,I-Lampe à poser Dhaweya en béton fait main – Éclairage doux et design artistique,19
2446,bougie-pilier,I-Bougie pilier,19
2447,I-Bol-Éclat-en-béton-avec-couvercle-en-cuivre-rosé-ou-blanc-(S,I-Bol Éclat en béton avec couvercle en cuivre rosé ou blanc (S,695
2448,I-Boîte-oliveraie-en-béton-avec-couvercle-en-bois-d’olivier-gravé-(S,I-Boîte oliveraie en béton avec couvercle en bois d’olivier gravé (S,34
2449,luminaire-en-bouteille-reutilise-en-verre-design-le-sapin,I-Luminaire design original en bouteille pour une ambiance joyeuse,19
2450,lampe-a-partir-dune-bouteille-en-verre-reutilisee-designe-calligraphie,I-lampe design unique en verre calligraphie amour pour votre intérieur,19
2451,tapis-de-porte-en-laine-vert-kaki,I-Tapis de porte en laine vert kaki,19
2452,sterling-silver-earrings-southern-cross-for-women,I-Sterling Silver Earrings “Southern Cross” for Women,19
2453,silver-fish-earrings-for-women,I-Silver “Fish” Earrings for Women,19
2454,amazigh-yaz-letter-silver-necklace-for-women,I-Amazigh Yaz Letter Silver Necklace for Women,19
2455,silver-necklace-southern-cross-for-women,I-Silver Necklace “Southern Cross” for Women,19
2456,kit-de-patisserie-pour-enfants-avec-tablier-et-toque-personnalises,I-Kit cuisine enfant avec tablier et toque personnalisés,19
2457,porte-stylo-bureau-globe-en-bois,I-Porte Stylo Bureau Globe en Bois,19
2458,jeux-dechec-en-bois-artistique-et-pratique-16cm-x-16cm,I-Jeux D’échec En Bois Artistique et pratique,19
2459,pack-cadeau-de-naissance-doudou-lapin,I-Pack Cadeau De Naissance Doudou Lapin,19
2460,I-Crème-pour-les-mains,I-Crème pour les mains,50
2461,un-porte-cartes-en-cuir-de-peau-de-saumon-flavis-cardholder,I-Porte-cartes en cuir de peau de saumon “Flavis Cardholder”,19
2462,lunja-touareg-silver-bracelet,I-Lunja Touareg Silver Bracelet,19
2463,touareg-silver-bracelet-diamond-style,I-Touareg Silver Bracelet Diamond Style,19
2464,touareg-silver-bracelet-zig-zag-style,I-Touareg Silver Bracelet Zig Zag Style,19
2465,planche-dequilibre-en-bois,I-Planche d’équilibre en bois,19
2466,planche-a-pain-trancheuse-a-pain-2,I-jeu d’échecs artisanal en bois d’olivier pour une décoration unique,19
2467,6-sous-tasser-support-en-bois,I-Sous Tasse Et Support Rond En Bois d’Oliviers,19
2468,coupelle-en-bois,I-Planche avec Manche Trouée PM,19
2469,I-Olive-Wood-Chess-Set-with-Legs-and-Drawers,I-Olive Wood Chess Set with Legs and Drawers,51
2470,pelle-en-bois-dolivier,I-Pelle En Bois D’olivier,19
2471,porte-cure-dent,I-Porte Cure-Dent,19
2472,table-jeux-dechec-avec-tiroirspions,I-Table Jeux D’échec Avec Tiroirs + Pions | 50*50,19
2473,bouchon-de-bouteille-de-vin-rond,I-Pions jeu d’échec,19
2474,mortier-et-pilon-10,I-Mortier Et Pilon en bois d’olivier Fait main et Artisanale,19
2475,cuillere-pm-21,I-jeu d’échecs artisanal en bois d’olivier avec tiroirs,19
2476,cuillere-pm-19,I-PLANCHE A MAIN,19
2477,spatule-pm,I-SERIE DE SPATULES,19
2478,silver-key-necklace-for-women,I-Silver Key Necklace for Women,19
2479,olive-wood-guitar-candle-holder-handmade-music-d-cor-gift,I-Olive Wood Guitar Candle Holder – Handmade Music Décor Gift,19
2480,porte-serviette-dauphin,I-Boite Ronde a Aimant,19
2481,chess-game-with-feet-and-drawers-with-pawns,I-Chess Game With Feet And Drawers With Pawns,19
2482,I-Men’s-Leather-Silver-Bracelet,I-Men’s Leather Silver Bracelet,52
2483,women-s-silver-bracelet-with-ruby-root-in-lira-model,I-Women’s Silver Bracelet with Ruby Root in Lira Model,19
2484,multi-stone-gem-bracelet-for-women,I-Multi-Stone Gem Bracelet for Women,19
2485,dudino,I-Dudino,19
2486,lapino,I-Lapino,19
2487,malette,I-Malette,19
2488,chiffres-en-bois,I-Chiffres en bois,19
2489,sorino,I-SORINO,19
2490,edulass,I-Edulass,19
2491,eduarch,I-Eduarch,19
2492,I-Puzzle-3D-London-Bridge-en-bois,I-Puzzle 3D London Bridge en bois,35
2493,kit-archeologie-ruines-jeu-educatif,I-Kit archéologie ruines : jeu éducatif avec fouille et découverte d’une colonne romaine (+6 ans),19
2494,I-Kit-d’arithmétique-en-bois,I-Kit d’arithmétique en bois,35
2495,I-Kit-robot-chocotte-en-bois,I-Kit robot chocotte en bois,35
2496,I-Kit-de-laboratoire-de-chimie-pour-enfants,I-Kit de laboratoire de chimie pour enfants,35
2497,I-Tunique-homme-beige-en-coton-lin,I-Tunique homme beige en coton lin,695
2498,I-Prêt-du-cort-homme-brodé-Giri,I-Prêt du cort homme brodé Giri,53
2499,I-Vêtement-traditionnel-africain-homme-violet,I-Vêtement traditionnel africain homme violet,53
2500,I-Chemise-homme-beige-à-carreaux,I-Chemise homme beige à carreaux,695
2501,I-Tunique-homme-traditionnelle-verte-kaki-brodée,I-Tunique homme traditionnelle verte kaki brodée,53
2502,I-Tunique-homme-moderne-grise-Giri,I-Tunique homme moderne grise Giri,53
2503,I-Tunique-homme-moderne-bleue-à-carreaux,I-Tunique homme moderne bleue à carreaux,53
2504,I-Tunique-homme-traditionnelle-bleu-élégante-en-coton-brodé,I-Tunique homme traditionnelle bleu élégante en coton brodé,53
2505,I-Tunique-homme-beige-en-coton-lin-brodé,I-Tunique homme beige en coton lin brodé,53
2506,I-Ensemble-homme-noir-élégant-tunique-brodée-col-tunisien,I-Ensemble homme noir élégant tunique brodée col tunisien,53
2507,I-Ensemble-homme-bleu-élégant-en-coton,I-Ensemble homme bleu élégant en coton,53
2508,I-Chemise-traditionnelle-homme-beige-coton-lin,I-Chemise traditionnelle homme beige coton lin,53
2509,ensemble-lin-marine-homme-elegant,I-Ensemble lin marine homme élégant,54
2510,ensemble-traditionnel-homme-blanc-elegant-tenue-ceremonie-et-evenement-formel,I-Ensemble traditionnel homme blanc élégant – Tenue cérémonie et événement formel,54
2511,I-Chemise-traditionnelle-homme-gris-clair-brodée,I-Chemise traditionnelle homme gris clair brodée,53
2512,I-Ensemble-homme-gris-et-noir-coton-lin,I-Ensemble homme gris et noir coton lin,53
2513,I-Ensemble-homme-élégant-noir-et-gris,I-Ensemble homme élégant noir et gris,53
2514,I-Robe-longue-rayée-femme-en-lin-bleu-et-blanc,I-Robe longue rayée femme en lin bleu et blanc,695
2515,pull-enfant-personnalise-gris-exclusif-avec-prenom-tendance,I-pull enfant personnalisé gris exclusif avec prénom tendance,54
2516,pull-personnalise-enfant-en-rouge-avec-prenom-exclusif,I-Pull personnalisé enfant en rouge avec prénom exclusif,54
2517,pull-enfant-elegant-en-couleurs-tendance-pour-un-style-unique,I-Pull enfant élégant en couleurs tendance pour un style unique,54
2518,I-Ensemble-homme-beige-élégant-en-coton,I-Ensemble homme beige élégant en coton,53
2519,I-Chemise-lin-femme-beige-ample,I-Chemise lin femme beige ample,55
2520,I-Chemise-homme-blanche-élégante-en-coton,I-Chemise homme blanche élégante en coton,695
2521,I-Chemise-traditionnelle-homme-beige-brodée-coton,I-Chemise traditionnelle homme beige brodée coton,53
2522,I-Tunique-homme-élégante-noire-brodée,I-Tunique homme élégante noire brodée,53
2523,I-Ensemble-homme-élégant-noir-et-beige,I-Ensemble homme élégant noir et beige,695
2524,I-Sous-vêtement-homme-bleu-en-coton,I-Sous-vêtement homme bleu en coton,53
2525,I-Robe-fille-cérémonie-blanche-et-violette,I-Robe fille cérémonie blanche et violette,695
2526,I-Djellaba-homme-moderne-col-mao,I-Djellaba homme moderne col mao,56
2527,I-Tunique-homme-élégante-mauve-XXL-en-coton,I-Tunique homme élégante mauve XXL en coton,695
2528,I-Robe-africaine-enfant-3-ans-en-coton-wax-multicolore,I-Robe africaine enfant 3 ans en coton wax multicolore,53
2529,I-Vêtement-homme-traditionnel-beige-en-coton-lin,I-Vêtement homme traditionnel beige en coton lin,53
2530,piments-moulu-doux-250g,I-piments moulu doux 250g,16
2531,layecouture,I-Tunique homme premium en bleu et gris taille XL à XXXL,54
2532,kimono-femme-elegant-pour-un-style-chic-et-irresistible,I-kimono femme élégant pour un style chic et irrésistible,54
2533,poncho-deux-face-a-motif-floral-au-crochet-fait-main,I-Poncho deux face à motif floral au crochet fait main,54
2534,I-Chemise-homme-rouge-bordeaux-col-mao-satinée,I-Chemise homme rouge bordeaux col mao satinée,57
2535,costume-africain-homme-bleu-marine-col-officier-elegant-ceremonie-mariages,I-Costume africain homme bleu marine col officier élégant cérémonie mariages,54
2536,ensemble-costume-homme-noir-elegant-col-mao-veste-et-pantalon-chic,I-Ensemble costume homme noir élégant col mao – Veste et pantalon chic,54
2537,ensemble-costume-homme-vert-sauge-elegant-coupe-ajustee-ceremonie-chic,I-Ensemble costume homme vert sauge élégant coupe ajustée cérémonie chic,54
2538,I-Robe-coton-femme-longue-terracotta-orange,I-Robe coton femme longue terracotta orange,58
2539,I-Robe-coton-suisse-femme-champagne-longue,I-Robe coton suisse femme champagne longue,58
2540,dengri-en-coton,I-Dengri en coton,54
2541,kadroun-djerbien-en-laine,I-Kadroun djerbien en laine,54
2542,I-Ensemble-femme-coton-chic-ample-tunique-et-pantalon,I-Ensemble femme coton chic ample tunique et pantalon,59
2543,ensemble-chemise-et-pantalon-femme-coton-bleu-canard-ample-chic-casual,I-Ensemble chemise et pantalon femme coton bleu canard ample chic casual,54
2544,I-Ensemble-femme-ceinture-à-la-taille-chic,I-Ensemble femme ceinture à la taille chic,59
2545,I-Robe-plissée-femme-longue-jaune-pastel,I-Robe plissée femme longue jaune pastel,59
2546,ensemble-kimono-femme-chic-robe-longue-satinee-creme-et-kimono-floral-rouge,I-Ensemble kimono femme chic : robe longue satinée crème et kimono floral rouge,54
2547,0.0,I-Chemise homme bleu marine élégante,695
2548,I-Veste-bogolan-femme-ample-noire-et-orange,I-Veste bogolan femme ample noire et orange,60
2549,I-Chemise-femme-coton-rayé-bleu-blanc,I-Chemise femme coton rayé bleu blanc,60
2550,I-Robe-brodée-femme-élégante-et-jupe-coton,I-Robe brodée femme élégante et jupe coton,61
2551,I-Vêtement-de-sport-femme-chic-et-confortable,I-Vêtement de sport femme chic et confortable,62
2552,I-Robe-de-femme-brodé-main,I-Robe de femme brodé main,695
2553,ensemble-homme-violet-chic-et-moderne-costume-2-pieces-elegant-ceremonie,I-Ensemble homme violet chic et moderne – Costume 2 pièces élégant cérémonie,54
2554,I-Robe-pagne-tissé-femme-longue-ample-coton,I-Robe pagne tissé femme longue ample coton,61
2555,haut-en-supercent-et-empiecement,I-Haut en supercent et empiècement,54
2556,abaya-elegante-kamraya-pour-un-style-unique-et-raffine,I-Abaya élégante Kamraya pour un style unique et raffiné,54
2557,abaya-elegante-pour-un-style-raffine-et-irresistible,I-abaya élégante pour un style raffiné et irrésistible,54
2558,pull-enfant-fuchsia-pour-un-style-eclatant-et-unique-specialise,I-pull enfant fuchsia pour un style éclatant et unique spécialisé,54
2559,paolo-jean-jacket-unisex,I-Paolo jean jacket (UNISEX),54
2560,pull-avec-poche-kangourou-vert-emeraude-et-manches-wax-motif-floral,I-Pull avec poche kangourou vert émeraude et manches wax motif floral,54
2561,I-Tissu-wax-africain-noir-jaune-blanc-6-yards,I-Tissu wax africain noir jaune blanc 6 yards,63
2562,I-Chemise-africaine-homme-bicolore-noir-et-blanc,I-Chemise africaine homme bicolore noir et blanc,57
2563,ensemble-pantalon-et-tunique-dame-en-coton-femme-blanche-brodee-avec-echarpe-style-penjab-elegant,I-Ensemble pantalon et tunique dame en coton femme blanche brodée avec écharpe style Penjab élégant,54
2564,I-Robe-drianké-sénégalaise-chic-blanche-broderie-rose,I-Robe drianké sénégalaise chic blanche broderie rose,64
2565,robe-marron-en-laine-elegante-pour-un-style-intemporel,I-Robe marron en laine élégante pour un style intemporel,54
2566,robe-bordeaux-en-laine-premium-pour-un-style-irresistible,I-Robe bordeaux en laine premium pour un style irrésistible,54
2567,robe-noire-en-laine-elegante-pour-un-look-irresistible,I-Robe noire en laine élégante pour un look irrésistible,54
2568,robe-wax-longue-enfant-beige-et-marron-en-coton,I-Robe wax longue enfant beige et marron en coton,54
2569,I-Cardigan-wax-femme-bleu-motif,I-Cardigan wax femme bleu motif,60
2570,I-Robe-chemise-longue-femme-bleu-blanc-à-carreaux,I-Robe chemise longue femme bleu blanc à carreaux,60
2571,I-Boubou-femme-élégant-rouge-NUMA,I-Boubou femme élégant rouge NUMA,65
2572,I-Pull-wax-homme-noir-et-jaune-moutarde,I-Pull wax homme noir et jaune moutarde,66
2573,corset-velours-pour-un-look-elegant-et-irresistible-s-m-l,I-corset velours pour un look élégant et irrésistible S M L,54
2574,ensemble-costume,I-Ensemble costume,54
2575,manteau-long-botanique,I-Manteau long botanique,54
2576,veste-homme-en-baroque,I-Veste homme en baroque,54
2577,veste-baroque-floral,I-Veste baroque floral,54
2578,jogging-team-senegal-ensemble-survetement-enfant-bleu-marine-tendance,I-Jogging team Senegal – Ensemble survêtement enfant bleu marine tendance,54
2579,hoodie-senegal-blanc-unisexe-sweat-a-capuche-sport-supporter-tendance,I-Hoodie Sénégal Blanc Unisexe – Sweat à Capuche Sport & Supporter Tendance,54
2580,I-Tshirt-Team-Senegal-–-T-shirt-supporter-noir,I-Tshirt Team Senegal – T-shirt supporter noir,67
2581,I-T-shirt-Team-Senegal-Homme-–-Supporter-Officiel-Coupe-d’Afrique,I-T-shirt Team Senegal Homme – Supporter Officiel Coupe d’Afrique,67
2582,set-comfy,I-Ensemble loungewear chic pour un confort irrésistible,54
2583,ensemble-confortable-pour-un-style-irresistible-en-toutes-saisons,I-Ensemble confortable pour un style irrésistible en toutes saisons,54
2584,I-T-shirt-Senegal-homme-coton-ample-–-Drapeau,I-T-shirt Senegal homme coton ample – Drapeau,67
2585,I-Robe-longue-bohème-femme-col-mao,I-Robe longue bohème femme col mao,695
2586,I-Chemise-africaine-homme-chic-en-coton,I-Chemise africaine homme chic en coton,695
2587,boubou-motif-floral-multicolore-robe-longue-boheme-femme-chic-et-ample,I-Boubou motif floral multicolore – robe longue bohème femme chic et ample,54
2588,chemise-homme-coupe-droite-en-bleu-clair-avec-col,I-Chemise homme coupe droite en bleu clair avec col,54
2589,chemise-africaine-homme-col-mao-bleu-brodee-coton-lin,I-Chemise africaine homme col mao bleu brodée coton lin,54
2590,manteau-nomade-botanique-unisexe-h-f-piece-unique,I-Manteau Nomade Botanique long,54
2591,medical-and-lab-white-blouse,I-Medical and Lab White Blouse,54
2592,ultimate-cotton-tactical-set-comfort-durability,I-Ultimate Cotton Tactical Set – Comfort & Durability,54
2593,men-s-high-visibility-workwear-professional-safety-workwear-for-construction-sites,I-Men’s High-Visibility Workwear – Professional Safety Workwear for Construction Sites,54
2594,I-Women’s-Wax-Denim-Patchwork-Dress,I-Women’s Wax Denim Patchwork Dress,68
2595,handmade-ribbed-wool-beanie-guaranteed-elegance-and-comfort,I-Handmade Ribbed Wool Beanie: Guaranteed Elegance and Comfort,54
2596,men-s-beige-cotton-shirt-2,I-Men’s Beige Cotton Shirt,54
2597,boho-chic-white-women-s-skirt-and-top-set,I-Boho Chic White Women’s Skirt and Top Set,54
2598,I-Women’s-Wide-Leg-Jersey-Pant-Set-with-Shirt,I-Women’s Wide-Leg Jersey Pant Set with Shirt,66
2599,women-s-white-set-xl-2,I-Women’s White Set XL,54
2600,elegant-gold-yellow-lace-long-dress-for-women-evening-ceremony-chic-2,I-Elegant Gold Yellow Lace Long Dress for Women Evening Ceremony Chic,54
2601,I-Elegant-Women’s-Long-White-Lace-Dress,I-Elegant Women’s Long White Lace Dress,58
2602,I-Women’s-Black-Plaid-Long-Top-and-Pants-Set,I-Women’s Black Plaid Long Top and Pants Set,69
2603,I-Women’s-Red-and-Blue-Top-and-Long-Skirt-Set,I-Women’s Red and Blue Top and Long Skirt Set,69
2604,chic-crochet-midi-dress-with-pockets-in-black-or-brown-4,I-Chic Crochet Midi Dress with Pockets in Black or Brown,54
2605,maryoul-fadhila-tunisienne-3,I-Maryoul Fadhila Tunisienne,54
2606,men-s-burnous-2,I-Men’s Burnous,54
2607,I-Aïcha-artistic-jacket,I-Aïcha artistic jacket,70
2608,I-Women’s-Elegant-Long-White-Cotton-Dress,I-Women’s Elegant Long White Cotton Dress,71
2609,elegant-embroidered-salmon-long-ceremony-dress-for-women-with-long-sleeves-and-ruffles,I-Elegant Embroidered Salmon Long Ceremony Dress for Women with Long Sleeves and Ruffles,54
2610,chic-women-s-blazer-jacket-and-elegant-wide-leg-trousers-professional-set-2,I-Chic Women’s Blazer Jacket and Elegant Wide-Leg Trousers Professional Set,54
2611,I-Elegant-Terracotta-Women’s-Long-Dress,I-Elegant Terracotta Women’s Long Dress,695
2612,elegant-black-polka-dot-long-sleeve-cotton-plus-size-women-s-dress,I-Elegant Black Polka Dot Long Sleeve Cotton Plus Size Women’s Dress,54
2613,I-Women’s-Blue-Wide-Leg-Pinstripe-Trousers,I-Women’s Blue Wide-Leg Pinstripe Trousers,72
2614,I-Fitted-Wax-Sleeveless-Vest-for-Women,I-Fitted Wax Sleeveless Vest for Women,72
2615,women-s-wax-kimono-jacket-xl-modern-african-kimono-with-geometric-patterns-2,I-Women’s Wax Kimono Jacket XL – Modern African Kimono with Geometric Patterns,54
2616,ergonomic-workwear-grey-black-comfort-and-pro-style,I-Ergonomic Workwear Grey Black – Comfort and Pro Style,54
2617,luxury-djerbian-embroidered-women-s-kimono-for-an-irresistible-style,I-Luxury Djerbian Embroidered Women’s Kimono for an Irresistible Style,54
2618,chic-striped-linen-shirt-and-red-skirt-set-for-women-3,I-Chic Striped Linen Shirt and Red Skirt Set for Women,54
2619,women-s-long-blue-wrap-dress,I-Women’s Long Blue Wrap Dress,54
2620,robe-patch-en-blanc-et-noir-avec-des-details-en-broderie,I-Robe patch en blanc et noir avec des détails en broderie,54
2621,I-Ensemble-3-pièces-femme-noir-chic-:-jupe,I-Ensemble 3 pièces femme noir chic : jupe,71
2622,I-Ensemble-3-pièces-femme-noir-et-blanc,I-Ensemble 3 pièces femme noir et blanc,71
2623,I-Robe-longue-blanche-femme-élégante-en-coton-lin,I-Robe longue blanche femme élégante en coton lin,71
2624,tunique-femme-elegante-coton-motif-floral-rouge-et-blanc-casse-xl-xxl,I-Tunique femme élégante coton motif floral rouge et blanc cassé XL XXL,54
2625,tunique-femme-imprime-leopard-longue-satinee-chic-avec-foulard-assorti,I-Tunique femme imprimé léopard longue satinée chic avec foulard assorti,54
2626,I-Tunique-femme-imprimé-léopard-ample-XL-XXL-chic,I-Tunique femme imprimé léopard ample XL XXL chic,71
2627,tunique-femme-elegante-fluide-satinee-col-v-rouge-grande-taille-xl-xxl,I-Tunique femme élégante fluide satinée col V rouge grande taille XL XXL,54
2628,I-Kimono-femme-élégant-noir,I-Kimono femme élégant noir,69
2629,robe-longue-saumon-ceremonie-brodee-elegante-femme-manches-longues-volants,I-Robe longue saumon cérémonie brodée élégante femme manches longues volants,54
2630,I-Robe-blanche-femme-longue-élégante-coton,I-Robe blanche femme longue élégante coton,71
2631,I-Robe-longue-femme-élégante-blanche-satinée,I-Robe longue femme élégante blanche satinée,71
2632,robe-longue-noire-femme-elegante-a-pois-manches-longues-coton-grande-taille,I-Robe longue noire femme élégante à pois manches longues coton grande taille,54
2633,I-Pantalon-femme-bas-large-bleu-à-fines-rayures,I-Pantalon femme bas large bleu à fines rayures,72
2634,hand-embroidered-mustard-yellow-long-coat,I-Hand-Embroidered Mustard Yellow Long Coat,54
2635,men-s-brown-cotton-shirt-2,I-Men’s brown cotton shirt,54
2636,I-Unisex-Tie-Dye-Blue-and-Pink-Hoodie,I-Unisex Tie-Dye Blue and Pink Hoodie,73
2637,women-s-white-cotton-patchwork-tunic,I-Women’s White Cotton Patchwork Tunic,54
2638,women-s-long-wax-skirt-and-embroidered-top-chic-african-ceremony-set-2,I-Women’s long wax skirt and embroidered top – Chic African ceremony set,54
2639,light-cotton-tunic-with-woven-pagne-detail,I-Light cotton tunic with woven pagne detail,54
2640,brown-linen-blouza-embroidered-with-silk-thread,I-Brown linen Blouza embroidered with silk thread,54
2641,I-Men’s-White-Cotton-Round-Neck-Shirt,I-Men’s White Cotton Round Neck Shirt,58
2642,women-s-beige-brown-cotton-and-linen-set-2,I-Women’s Beige Brown Cotton and Linen Set,54
2643,tunisian-sefsari-2,I-Tunisian Sefsari,54
2644,men-s-black-mandarin-collar-short-sleeve-shirt-2,I-Men’s Black Mandarin Collar Short Sleeve Shirt,54
2645,men-s-elegant-gray-tunic-and-chic-trousers-set-for-ceremony,I-Men’s elegant gray tunic and chic trousers set for ceremony,54
2646,men-s-elegant-grey-tunic-and-chic-trousers-set-for-ceremony,I-Men’s elegant grey tunic and chic trousers set for ceremony,54
2647,I-Elegant-3-Piece-Satin-Orange-Blue-White-Women’s-Set,I-Elegant 3-Piece Satin Orange Blue White Women’s Set,74
2648,blue-baby-cardigan-3-months-an-irresistible-style-for-your-treasure,I-Blue baby cardigan 3 months an irresistible style for your treasure,54
2649,I-Men’s-Beige-Plaid-Shirt-XL,I-Men’s Beige Plaid Shirt XL,53
2650,men-s-blue-mandarin-collar-short-sleeve-shirt-elegant-cotton-evening-xl-2,I-Men’s Blue Mandarin Collar Short Sleeve Shirt Elegant Cotton Evening XL,54
2651,I-Men’s-Elegant-Navy-Blue-Mandarin-Collar-Short-Sleeve-Shirt,I-Men’s Elegant Navy Blue Mandarin Collar Short Sleeve Shirt,75
2652,men-s-blue-mandarin-collar-cotton-top,I-Men’s Blue Mandarin Collar Cotton Top,54
2653,royal-blue-skirt-and-top-set-in-swiss-cotton-fabric-2,I-Royal Blue Skirt and Top Set in Swiss Cotton Fabric,54
2654,men-s-traditional-cotton-suit-xl-cream-beige,I-Men’s Traditional Cotton Suit XL Cream Beige,54
2655,elegant-men-s-couture-set-bordeaux-shirt-and-straight-cut-trousers-3,I-Elegant Men’s Couture Set Bordeaux Shirt and Straight-Cut Trousers,54
2656,elegant-wedding-dress-for-a-unique-and-refined-silhouette-2,I-Elegant Wedding Dress for a Unique and Refined Silhouette,54
2657,men-s-modern-anthracite-grey-slim-fit-mandarin-collar-suit,I-Men’s Modern Anthracite Grey Slim-Fit Mandarin Collar Suit,54
2658,veste-sans-manches-wax-femme-chic-gilet-ethnique-africain-elegant-l,I-Veste sans manches wax femme chic – Gilet ethnique africain élégant L,54
2659,men-s-elegant-sand-beige-mandarin-collar-slim-fit-long-sleeve-shirt,I-Men’s Elegant Sand Beige Mandarin Collar Slim Fit Long Sleeve Shirt,54
2660,I-Women’s-Jersey-Wide-Leg-Pant-Set-with-Shirt,I-Women’s Jersey Wide-Leg Pant Set with Shirt,66
2661,white-crochet-beach-set-top-and-skirt,I-White crochet beach set top and skirt,54
2662,I-Ensemble-chemise-pantalon-femme-rayé-bleu-blanc,I-Ensemble chemise pantalon femme rayé bleu blanc,76
2663,I-Robe-tunique-femme-bordeaux-et-jupe-brodée,I-Robe tunique femme bordeaux et jupe brodée,77
2664,I-Robe-longue-noire-femme-élégante-en-dentelle,I-Robe longue noire femme élégante en dentelle,76
2665,ensemble-raye-chic-confortable,I-Ensemble rayé chic confortable,54
2666,I-Women’s-Embroidered-Dress,I-Women’s Embroidered Dress,695
2667,I-Boubou-femme-vert-fonce-bazin-brodé,I-Boubou femme vert fonce bazin brodé,78
2668,I-Boubou-femme-bleu-Geztner-et-dentelle,I-Boubou femme bleu Geztner et dentelle,78
2669,I-Robe-Geztner-femme-grise-et-verte-dorée,I-Robe Geztner femme grise et verte dorée,78
2670,I-Boubou-geztner-dentelle-bleu,I-Boubou geztner dentelle bleu,78
2671,I-Kimono-en-wax-femme-vert-XL,I-Kimono en wax femme vert XL,72
2672,I-Chemise-femme-broderie-anglaise-rose,I-Chemise femme broderie anglaise rose,72
2673,I-Robe-longue-femme-élégante-blanche-et-grise,I-Robe longue femme élégante blanche et grise,695
2674,I-Kimono-wax-femme-orange-en-coton,I-Kimono wax femme orange en coton,72
2675,I-Robe-jean-et-lin-femme-longue-rayée-bleu-et-blanc,I-Robe jean et lin femme longue rayée bleu et blanc,58
2676,chemise-homme-brodee-main-blanche-et-marron-elegante-artisanale-coton,I-Chemise homme brodée main blanche et marron élégante artisanale coton,54
2677,I-Chemise-homme-brodée-main-en-coton-blanc-et-bleu,I-Chemise homme brodée main en coton blanc et bleu,58
2678,tissu-ceremonie-coton-brode-vert-emeraude-fleurs-relief-luxe-pour-robe-soiree,I-Tissu cérémonie coton brodé vert émeraude fleurs relief luxe pour robe soirée,54
2679,I-Tunique-femme-élégante-marron-et-blanc-coton,I-Tunique femme élégante marron et blanc coton,71
2680,ensemble-robe-et-jupe-femme-blanc-de-lait-boheme-chic-fluide-elegant,I-Ensemble robe et jupe femme blanc de lait bohème chic fluide élégant,54
2681,I-Tunique-femme-élégante-rose-fuchsia-XL-XXL-et-foulard,I-Tunique femme élégante rose fuchsia XL-XXL et foulard,71
2682,I-Ensemble-robe-jupe-et-foulard-femme,I-Ensemble robe jupe et foulard femme,71
2683,sun-yellow-women-s-dress-with-flared-sleeves,I-Sun Yellow Women’s Dress with Flared Sleeves,54
2684,sage-green-swiss-cotton-long-dress-embroidered-refinement,I-Sage Green Swiss Cotton Long Dress – Embroidered Refinement,54
2685,savoury-mignardise-box-keyna-kitchen-festive-aperitif-box-to-share,I-Savoury Mignardise Box – Keyna Kitchen Festive Aperitif Box to Share,54
2686,chic-green-and-yellow-women-s-pants-set-2,I-Chic Green and Yellow Women’s Pants Set,54
2687,ensemble-pantalon-et-chemise-africain-homme-geztner-bleu-clair-elegant,I-Ensemble pantalon et chemise africain homme Geztner bleu clair élégant,54
2688,I-Boubou-blanc-femme-brodé-bleu-turquoise,I-Boubou blanc femme brodé bleu turquoise,78
2689,I-Boubou-femme-blanc-brodé-élégant,I-Boubou femme blanc brodé élégant,78
2690,ensemble-pantalon-chemise-africain-homme-beige-gris-elegant-ceremonie,I-Ensemble pantalon chemise africain homme beige gris élégant cérémonie,54
2691,oversized-unisex-t-shirt-100-premium-quality-cotton-3,I-Oversized Unisex T-shirt 100% Premium Quality Cotton,54
2692,I-Elegant-Striped-Gray-Men’s-Set,I-Elegant Striped Gray Men’s Set,79
2693,I-Elegant-Long-Orange-Lace-geztner-Dress,I-Elegant Long Orange Lace geztner Dress,78
2694,bazin-thioup-vip-4m-luxurious-shiny-african-fabric-for-ceremony-dress,I-Bazin thioup vip 4m – luxurious shiny African fabric for ceremony dress,54
2695,I-Bazin-thioup-4-meters-grey-green,I-Bazin thioup 4 meters grey-green,80
2696,I-Bazin-thioup-4m-gray-pink,I-Bazin thioup 4m gray pink,80
2697,malian-bazin-4-meters-grey-green-elegant-fabric-for-african-women-s-dress-2,I-Malian Bazin 4 meters grey green – Elegant fabric for African women’s dress,54
2698,I-Bazin-thioup-4-meters-gray-green,I-Bazin thioup 4 meters gray-green,80
3375,kessa-marocaine-exfoliante,I-kessa marocaine exfoliante,108
2699,elegant-women-s-brown-long-dress-elastic-cotton-one-shoulder-chic-evening-2,I-Elegant Women’s Brown Long Dress Elastic Cotton One Shoulder Chic Evening,54
2700,I-geztner-Red-Embroidered-Skirt-and-Top-Set,I-geztner Red Embroidered Skirt and Top Set,78
2701,I-Elegant-Taupe-Women’s-Long-Dress,I-Elegant Taupe Women’s Long Dress,695
2702,I-Elegant-Women’s-Long-Dress-Beige,I-Elegant Women’s Long Dress Beige,695
2703,women-s-taupe-bohemian-lace-flared-dress,I-Women’s Taupe Bohemian Lace Flared Dress,54
2704,I-Electric-Blue-Men’s-Streetwear-Hoodie,I-Electric Blue Men’s Streetwear Hoodie,81
2705,embroidered-white-linen-wide-leg-pants-summer-elegance-and-comfort,I-Embroidered White Linen Wide-Leg Pants – Summer Elegance and Comfort,54
2706,chemise-homme-coton-bleu-de-nuit-moderne-et-elegante-avec-poche-poitrine,I-Chemise homme coton bleu de nuit moderne et élégante avec poche poitrine,54
2707,robe-boheme-chic-femme-longue-patchwork-dentelle-bordeaux-bleu-ethnique,I-Robe bohème chic femme longue patchwork dentelle bordeaux bleu ethnique,54
2708,I-Ensemble-femme-africain-élégant-bleu-et-rouge,I-Ensemble femme africain élégant bleu et rouge,74
2709,ensemble-femme,I-Ensemble femme,54
2710,I-Boubou-femme-jaune-Geztner-brodé,I-Boubou femme jaune Geztner brodé,78
2711,t-shirt-oversized-unisexe-100-coton-qualite-premium-3,I-T-shirt oversized unisexe 100% coton qualité premium,54
2712,I-Jupe-et-haut-en-coton-femme-rouge-–-Set-élégant-bohème-été,I-Jupe et haut en coton femme rouge – Set élégant bohème été,82
2713,I-Robe-longue-saumon-vert-doré-cérémonie-femme,I-Robe longue saumon vert doré cérémonie femme,78
2714,I-Robe-noire-brodée-orange-bohème-chic-femme,I-Robe noire brodée orange bohème chic femme,78
2715,ensemble-jupe-et-haut-femme-bleu-turquoise-dore-chic-elegant-ceremonie,I-Ensemble jupe et haut femme bleu turquoise doré chic élégant cérémonie,54
2716,I-Ensemble-jupe-et-haut-bazin-geztner-bleu-turquoise-doré,I-Ensemble jupe et haut bazin geztner bleu turquoise doré,78
2717,women-s-green-and-white-shirt-and-pants-set,I-Women’s Green and White Shirt and Pants Set,54
2718,exclusive-black-t-shirt-with-urban-car-art-illustration-2,I-Exclusive Black T-shirt with Urban Car Art Illustration,54
2719,exclusive-graphic-t-shirt-with-hand-painted-illustration-3,I-Exclusive Graphic T-shirt with Hand-Painted Illustration,54
2720,exclusive-handmade-lion-t-shirt-for-a-wild-and-unique-style-2,I-Exclusive Handmade Lion T-shirt for a Wild and Unique Style,54
2721,women-s-pink-bazin-outfit-with-hand-painting-and-scarf,I-Women’s Pink Bazin Outfit with Hand Painting and Scarf,54
2722,hand-painted-africa-black-sweatshirt-3,I-Hand-painted Africa Black Sweatshirt,54
2723,hand-painted-cheikh-anta-diop-white-sweater,I-Hand-painted Cheikh Anta Diop White Sweater,54
2724,hand-painted-bazin-dress-in-yellow-with-chantung-scarf,I-Hand-painted Bazin Dress in Yellow with Chantung Scarf,54
2725,unisex-black-cotton-sweatshirt-2,I-Unisex Black Cotton Sweatshirt,54
2726,hand-painted-mauve-bazin-dress-for-women-2,I-Hand-painted mauve bazin dress for women,54
2727,premium-white-cotton-chef-jacket-practical-elegance-3,I-Premium White Cotton Chef Jacket – Practical Elegance,54
2728,kit-of-4-nopal-reusable-organic-cotton-eco-friendly-sanitary-pads-2,I-Kit of 4 Nopalé reusable organic cotton eco-friendly sanitary pads,54
2729,chic-unisex-adult-traditional-garment-elegant-bohemian-set-of-choice-2,I-Chic Unisex Adult Traditional Garment – Elegant Bohemian Set of Choice,54
2730,I-Elegant-and-Refined-Azure-Blue-Men’s-Set,I-Elegant and Refined Azure Blue Men’s Set,79
2731,men-s-colorful-cotton-faso-dafani-shirt,I-Men’s Colorful Cotton Faso Dafani Shirt,54
2732,men-s-set,I-Men’s Set,54
2733,I-Modern-Men’s-Pullover-Qamis,I-Modern Men’s Pullover Qamis,695
2734,custom-hoodie-style-and-comfort-in-white-black-green-gray,I-Custom Hoodie Style and Comfort in White Black Green Gray,54
2735,0.0,I-Custom Hoodie: Style and Comfort in White,695
2736,women-s-long-pleated-chic-light-brown-elegant-ceremony-beige-lace-dress,I-Women’s Long Pleated Chic Light Brown Elegant Ceremony Beige Lace Dress,54
2737,geztner-women-s-blue-lace-dress-long-elegant-bohemian-chic-sleeves,I-Geztner Women’s Blue Lace Dress Long Elegant Bohemian Chic Sleeves,54
2738,kimono-nara-2,I-kimono NARA,54
2739,premium-quality-100-cotton-unisex-oversized-t-shirt-2,I-Premium Quality 100% Cotton Unisex Oversized T-shirt,54
2740,I-Men’s-Elegant-Burgundy-and-Beige-Jacket,I-Men’s Elegant Burgundy and Beige Jacket,83
2741,men-s-elegant-white-linen-mandarin-collar-shirt-light-and-artisan-summer,I-Men’s Elegant White Linen Mandarin Collar Shirt – Light and Artisan Summer,54
2742,men-s-chic-and-original-multicolored-african-print-wax-jacket-2,I-Men’s chic and original multicolored African print wax jacket,54
2743,unisex-white-cotton-kimono-coat,I-Unisex White Cotton Kimono Coat,54
2744,premium-quality-100-cotton-oversized-unisex-t-shirt,I-Premium Quality 100% Cotton Oversized Unisex T-shirt,54
2745,wide-african-patchwork-wax-cotton-pants,I-Wide African Patchwork Wax Cotton Pants,54
2746,box-of-savory-mini-pastries-keyna-kitchen-festive-appetizer-box-to-share,I-Box of savory mini pastries – Keyna Kitchen festive appetizer box to share,54
2747,I-Women’s-Black-Embroidered-Cotton-Tunic,I-Women’s Black Embroidered Cotton Tunic,20
2748,handmade-wax-print-kids-dress-2,I-Handmade Wax Print Kids’ Dress,54
2749,I-Women’s-long-cotton-beach-dress,I-Women’s long cotton beach dress,71
2750,dialaba-style-sweater,I-Dialaba style sweater,54
2751,I-Modern-Men’s-Qamis-Pullover-Style,I-Modern Men’s Qamis Pullover Style,695
2752,dija-textiles-magenta-medical-blouse-breathable-comfort-2,I-Dija Textiles Magenta Medical Blouse – Breathable Comfort,54
2753,men-s-khaki-green-cotton-long-sleeve-round-neck-shirt,I-Men’s Khaki Green Cotton Long Sleeve Round Neck Shirt,54
2754,women-s-long-brown-beige-loose-cotton-linen-dress-2,I-Women’s Long Brown Beige Loose Cotton Linen Dress,54
2755,I-Men’s-Chic-Casual-Cotton-and-Leather-Work-Jacket,I-Men’s Chic Casual Cotton and Leather Work Jacket,71
2756,men-s-modern-khaki-cotton-long-sleeve-shirt-2,I-Men’s Modern Khaki Cotton Long Sleeve Shirt,54
2757,women-s-black-and-white-striped-loose-tunic-with-v-neck,I-Women’s Black and White Striped Loose Tunic with V-neck,54
2758,women-s-plus-size-dress,I-Women’s plus size dress,54
2759,elegant-plus-size-women-s-mauve-gold-brocade-long-sleeve-ceremony-dress-2,I-Elegant Plus Size Women’s Mauve Gold Brocade Long Sleeve Ceremony Dress,54
2760,black-embroidered-african-men-s-set-chic-and-modern-traditional-outfit,I-Black Embroidered African Men’s Set – Chic and Modern Traditional Outfit,54
2761,men-s-modern-brown-mandarin-collar-shirt,I-Men’s Modern Brown Mandarin Collar Shirt,54
2762,elegant-women-s-striped-wrap-blouse,I-Elegant Women’s Striped Wrap Blouse,54
2763,elegant-women-s-wrap-front-striped-shirt,I-Elegant Women’s Wrap-Front Striped Shirt,54
2764,elegant-plus-size-women-s-robe-mauve-gold-brocade-long-sleeves-ceremony,I-Elegant Plus Size Women’s Robe Mauve Gold Brocade Long Sleeves Ceremony,54
2765,men-s-modern-khaki-cotton-long-sleeve-shirt,I-Men’s Modern Khaki Cotton Long-Sleeve Shirt,54
2766,men-s-modern-white-cotton-shirt,I-Men’s Modern White Cotton Shirt,54
2767,men-s-white-cotton-shirt-with-round-neck-and-navy-details,I-Men’s White Cotton Shirt with Round Neck and Navy Details,54
2768,elegant-plus-size-women-s-eggplant-mauve-brocade-satin-chic-dress,I-Elegant Plus Size Women’s Eggplant Mauve Brocade Satin Chic Dress,54
2769,I-Women’s-Embroidered-Patch-Dress-Indigo-Pink-and-Red,I-Women’s Embroidered Patch Dress Indigo Pink and Red,71
2770,I-Elegant-Men’s-White-Round-Neck-Cotton-Shirt,I-Elegant Men’s White Round Neck Cotton Shirt,71
2771,elegant-plus-size-women-s-robe-mauve-aubergine-brocade-satin-chic,I-Elegant Plus Size Women’s Robe Mauve Aubergine Brocade Satin Chic,54
2772,haika-dress-4,I-Haika Dress,54
2773,elegant-silk-satin-blouse-for-an-irresistible-style-2,I-Elegant Silk Satin Blouse for an Irresistible Style,54
2774,men-s-elegant-khaki-mandarin-collar-set-modern-chic-ceremony-suit,I-Men’s Elegant Khaki Mandarin Collar Set – Modern Chic Ceremony Suit,54
2775,high-visibility-professional-coverall-safety-and-style,I-High-Visibility Professional Coverall – Safety and Style,54
2776,grey-safety-trousers-and-vest-professional-set-2,I-Grey Safety Trousers and Vest – Professional Set,54
2777,women-s-beauty-institute-blouse-in-black-and-pink,I-Women’s Beauty Institute Blouse in Black and Pink,54
2778,ensemble-fille-en-velours-tendance-et-confortable-disponible-en-noir-vert-marron,I-ensemble fille en velours tendance et confortable disponible en noir vert marron,54
2779,combinaison-bleue-elegante-pour-un-look-irresistible-et-unique,I-combinaison bleue élégante pour un look irrésistible et unique,54
2780,robe-elegante-pour-toutes-les-occasions-en-plusieurs-couleurs,I-Robe élégante pour toutes les occasions en plusieurs couleurs,54
2781,robe-en-pagne-tisse-femme-bleu-or-elegante-robe-africaine-longue,I-Robe en pagne tissé femme bleu or – Élégante robe africaine longue,54
2782,echarpe-terracotta-elegante-pour-un-style-irresistible-200x65-cm,I-écharpe en soie terracotta élégante pour un style irrésistible 200×65 cm,54
2783,chemise-wax-homme-noire-rouge-jaune-imprime-geometrique-elegante-africaine,I-Chemise wax homme noire rouge jaune imprimé géométrique élégante africaine,54
2784,I-Robe-coton-rouge-femme-élégante-longue-bohème,I-Robe coton rouge femme élégante longue bohème,84
2785,pate-a-tartiner-de-sesame-au-moringa-et-miel,I-Pâte à tartiner de sésame au moringa et miel 200g,16
2786,I-Robe-bazin-getzner-noire-brodée-main-doré,I-Robe bazin getzner noire brodée main doré,84
2787,I-Chemise-homme-coton-bleu-élégante-col-mao,I-Chemise homme coton bleu élégante col mao,84
2788,I-Robe-brodée-bleu-turquoise-et-mauve-wax-woodin,I-Robe brodée bleu turquoise et mauve wax woodin,78
2789,robe-brocart-bleu-rose-elegante-robe-florale-ceremonie-femme-chic,I-Robe brocart bleu rose élégante – Robe florale cérémonie femme chic,54
2790,I-Robe-brocart-bleue-rose-élégante-femme,I-Robe brocart bleue rose élégante femme,78
2791,I-Robe-brodée-rose-et-verte-longue-bohème-chic-femme,I-Robe brodée rose et verte longue bohème chic femme,78
2792,I-Robe-rouge-élégante-femme-Geztner,I-Robe rouge élégante femme Geztner,78
2793,I-Robe-noire-dorée-femme-élégante-Geztner,I-Robe noire dorée femme élégante Geztner,78
2794,ensemble-noir-dore-femme-tunique-ample-brodee-et-jupe-elegante-chic,I-Ensemble noir doré femme : tunique ample brodée et jupe élégante chic,54
2795,ensemble-jupe-et-haut-femme-vert-brode-boheme-chic-dentelle-coton-leger,I-Ensemble jupe et haut femme vert brodé bohème chic dentelle coton léger,54
2796,robe-bleu,I-Robe bleu,54
2797,I-Chiffon-de-soie-vert-olive-élégant,I-Chiffon de soie vert olive élégant,85
2798,I-Tissu-coton-voile-Inde-bleu-motifs-géométriques,I-Tissu coton voile Inde bleu motifs géométriques,85
2799,I-Tissu-broderie-anglaise-fuchsia-et-bleu-clair,I-Tissu broderie anglaise fuchsia et bleu clair,85
2800,I-Tissu-coton-brodé-floral-violet-lavande,I-Tissu coton brodé floral violet lavande,85
2801,I-Tissu-voile-brodé-coton-élégant,I-Tissu voile brodé coton élégant,85
2802,I-Tissu-coton-imprimé-Inde-jaune-moutarde-paisley,I-Tissu coton imprimé Inde jaune moutarde paisley,85
2803,I-Tissu-rubia-coton-chic-rose-brodé-fleurs,I-Tissu rubia coton chic rose brodé fleurs,85
2804,robe-brodee-noire-fleurs-coloree,I-Robe brodee noire fleurs coloree,54
2805,costume-africain-homme-beige-brode-elegant-vetement-traditionnel-chic,I-Costume africain homme beige brodé élégant – vêtement traditionnel chic,54
2806,gilet-crochet-artisanal-pour-un-style-unique-et-raffine,I-Gilet crochet artisanal pour un style unique et raffiné,54
2807,ensemble-assorti-homme-et-femme-en-noir-et-blanc,I-Ensemble assorti homme et femme en noir et blanc,54
2808,gilet-crochet-exclusif-en-crochet-pour-un-style-unique-et-tendance,I-Gilet crochet exclusif en crochet pour un style unique et tendance,54
2809,I-Robe-wax-geztner-brodée-mauve-et-blanche,I-Robe wax geztner brodée mauve et blanche,78
2810,I-Robe-blanche-femme-broderie-rose-et-dorée,I-Robe blanche femme broderie rose et dorée,78
2811,robe-brodee-rouge-fleurs-dorees-longue-boheme-chic-femme-elegante,I-Robe brodée rouge fleurs dorées longue bohème chic femme élégante,54
2869,men-s-white-african-shirt-with-long-sleeves-2,I-Men’s White African Shirt with Long Sleeves,54
2812,robe-femme-brodee-blanche-fleurs-dorees-longue-boheme-chic-elegante,I-Robe femme brodée blanche fleurs dorées longue bohème chic élégante,54
2813,boubou-femme-noir-dore-brocart-elegant-robe-ample-ceremonie-chic,I-Boubou femme noir doré brocart élégant – robe ample cérémonie chic,54
2814,I-Chic-women’s-gradient-dark-and-light-mauve-dress,I-Chic women’s gradient dark and light mauve dress,78
2815,I-Boubou-femme-brodé-geztner-rose-fushia,I-Boubou femme brodé geztner rose fushia,78
2816,I-Robe-brodée-bleu-turquoise-femme,I-Robe brodée bleu turquoise femme,78
2817,I-Robe-wax-femme-longue-jaune-noir,I-Robe wax femme longue jaune noir,695
2818,duo-mere-et-fille-brode-autriche-plus-garniture,I-Duo mère et fille brodé Autriche plus garniture,54
2819,I-Elegant-Beige-Lace-Dress-for-Women,I-Elegant Beige Lace Dress for Women,78
2820,I-Embroidered-Gold-White-Ceremonial-Dress,I-Embroidered Gold White Ceremonial Dress,78
2821,elegant-gold-orange-embroidered-long-formal-dress-for-women-s-wedding,I-Elegant Gold Orange Embroidered Long Formal Dress for Women’s Wedding,54
2822,elegant-and-loose-women-s-guipure-rose-champagne-floral-ceremony-dress,I-Elegant and loose women’s guipure rose champagne floral ceremony dress,54
2823,elegant-white-embroidered-ceremony-dress-for-2-year-old-girls-for-weddings-and-birthdays,I-Elegant White Embroidered Ceremony Dress for 2-Year-Old Girls for Weddings and Birthdays,54
2824,ensemble-chemise-et-short-couleur-rose,I-Ensemble chemise et short couleur rose,54
2825,I-Costume-et-pantalon-femme-chic-–-Costume-élégant,I-Costume et pantalon femme chic – Costume élégant,86
2826,foulard-en-soie-violet-vert-blanc-pour-un-style-elegant-et-unique,I-Foulard en soie violet vert blanc pour un style élégant et unique,54
2827,cape-en-velours-elegante-pour-une-allure-de-conte-de-fees,I-cape en velours élégante pour une allure de conte de fées,54
2828,I-Robe-blanche-femme-élégante-longue-chantoum-peinte-à-la-main,I-Robe blanche femme élégante longue chantoum peinte à la main,59
2829,bsissa-flocon-davoine,I-Bsissa flocon d’avoine,16
2830,I-Robe-geztner-brodée-beige-blanc-femme,I-Robe geztner brodée beige blanc femme,78
2831,I-Ensemble-jupe-et-haut-brodé-bleu-femme,I-Ensemble jupe et haut brodé bleu femme,78
2832,ensemble-jupe-femme-marron-beige-brodee-boheme-chic-et-haut-elegant,I-Ensemble jupe femme marron beige brodée bohème chic et haut élégant,54
2833,robe-rouge-brodee-femme-longue-multicolore-chic-boheme-et-elegante,I-Robe rouge brodée femme longue multicolore chic bohème et élégante,54
2834,I-Robe-brodée-saumon-orange-femme,I-Robe brodée saumon orange femme,78
2835,I-Robe-brodée-femme-élégante-blanc-saumon,I-Robe brodée femme élégante blanc saumon ,78
2836,I-Ensemble-homme-élégant-gris-rayé-coupe-droite,I-Ensemble homme élégant gris rayé coupe droite,695
2837,I-Chemise-homme-manches-longues-marron-brun,I-Chemise homme manches longues marron brun,58
2838,costume-mariage,I-Costume mariage,54
2839,I-Pantalon-wax-femme-large-et-coloré,I-Pantalon wax femme large et coloré,87
2840,ensemble-homme-elegant-gris-et-bleu-tunique-et-pantalon-moderne-chic,I-Ensemble homme élégant gris et bleu – Tunique et pantalon moderne chic,54
2841,ensemble-pantalon-femme-boheme-chic-fluide-motif-tie-and-dye-elegant,I-Ensemble pantalon femme bohème chic fluide motif tie and dye élégant,54
2842,vetements-streetwear-unisexe-ensemble-urbain-chemise-noire-et-pantalon-large,I-Vêtements streetwear unisexe : ensemble urbain chemise noire et pantalon large,54
2843,ensemble-dentelle-femme-orange-clair-et-fonce-jupe-longue-ceremonie-elegante,I-Ensemble dentelle femme orange clair et foncé jupe longue cérémonie élégante,54
2844,I-Robe-wax-dentelle-bleu-vert-jaune-élégante-–-Moderne,I-Robe wax dentelle bleu vert jaune élégante – Moderne,78
2845,ensemble-wax-et-dentelle-femme-rose-fuchsia-jupe-et-haut-chic-boheme,I-Ensemble wax et dentelle femme rose fuchsia jupe et haut chic bohème,54
2846,boubou-femme-wax-jaune-et-blanc-brode-main-tunique-africaine-chic,I-Boubou femme wax jaune et blanc brodé main – Tunique africaine chic,54
2847,I-Robe-Coton-femme-rose-et-multicouleur,I-Robe Coton femme rose et multicouleur ,695
2848,chemise-coton-getzner-homme-bleu-blanc-elegante-et-confortable-manches-longues,I-Chemise coton Getzner homme bleu blanc élégante et confortable manches longues,54
2849,ensemble-noir-et-blanc-femme-dentelle-et-soie,I-Ensemble noir et blanc femme dentelle et soie,54
2850,robe-dentelle-saumon-orange,I-Robe dentelle saumon orange,54
2851,robe-dentelle-noire-et-grise-longue,I-Robe dentelle noire et grise longue,54
2852,robe-fluide-en-jean-bleu-marine-longue,I-Robe fluide en jean bleu marine longue,54
2853,jupe-portefeuille-en-jean-femme-et-haut-raye-chic-bleu-blanc,I-Jupe portefeuille en jean femme et haut rayé chic bleu blanc,54
2854,manteau-court-femme-grege,I-Manteau court femme grège,54
2855,ensemble-jupe-et-haut-femme-brocart-mauve-dore,I-Ensemble jupe et haut femme brocart mauve doré,54
2856,robe-femme-dentelle-beige-longue-boheme,I-Robe femme dentelle beige longue bohème,54
2857,jelaba-femme-soie-de-medine-violet-et-jaune,I-Jelaba femme soie de Médine violet et jaune,54
2858,boubou-femme-jaune-brode,I-Boubou femme jaune brodé,54
2859,robe-de-plage-crochet-bicolore-orange-blanc,I-Robe de plage crochet bicolore orange blanc,54
2860,ensemble-robe-bleu-et-rouge-avec-haut-blanc,I-Ensemble robe bleu et rouge avec haut blanc,54
2861,robe-longue-verte-geztner-brodee,I-Robe longue verte Geztner brodée,54
2862,robe-guipure-orange-longue,I-Robe guipure orange longue,54
2863,robe-tunique-boheme-en-bleue-avec-fleurs-grises,I-Robe tunique bohème en bleue avec fleurs grises,54
2864,ensemble-jupe-et-haut-en-dentelle-soie-noir-et-blanc,I-Ensemble jupe et haut en dentelle soie noir et blanc,54
2865,grand-boubou-femme-blanc-et-vert,I-Grand boubou femme blanc et vert,54
2866,boubou-femme-ceremonie-en-geztner-blanc-dore,I-Boubou femme cérémonie en geztner blanc doré,54
2867,nopal-eco-friendly-organic-cotton-reusable-sanitary-pad-kit-6-pads,I-Nopalé Eco-Friendly Organic Cotton Reusable Sanitary Pad Kit (6 Pads),54
2868,sun-boho-gradient-orange-handmade-crochet-dress,I-SUN boho gradient orange handmade crochet dress,54
2870,long-yellow-bohemian-lace-dress-3,I-Long Yellow Bohemian Lace Dress,54
2871,women-s-red-boubou-dress-with-gold-and-green-embroidery-2,I-Women’s Red Boubou Dress with Gold and Green Embroidery,54
2872,women-s-chic-long-bohemian-golden-white-dress,I-Women’s Chic Long Bohemian Golden White Dress,54
2873,colorful-wax-print-girl-s-dress,I-Colorful wax print girl’s dress,54
2874,women-s-blue-loose-cotton-dress-with-english-embroidery-2,I-Women’s Blue Loose Cotton Dress with English Embroidery,54
2875,I-Women’s-Long-Bohemian-Dress,I-Women’s Long Bohemian Dress,88
2876,women-s-long-loose-black-tunic-3,I-Women’s Long Loose Black Tunic,54
2877,women-s-loose-fitting-green-cotton-tunic,I-Women’s Loose-Fitting Green Cotton Tunic,54
2878,men-s-white-cotton-mandarin-collar-shirt-with-plaid-details-2,I-Men’s White Cotton Mandarin Collar Shirt with Plaid Details,54
2879,I-Women’s-Ethnic-Handmade-Cotton-Linen-Kimono,I-Women’s Ethnic Handmade Cotton Linen Kimono,89
2880,belted-green-blue-tartan-maxi-dress,I-Belted Green Blue Tartan Maxi Dress,54
2881,reversible-boy-dakar-jacket-in-unisex-wax-print-fabric-2,I-REVERSIBLE BOY DAKAR JACKET IN UNISEX WAX PRINT FABRIC,54
2882,white-red-women-s-boubou,I-White Red Women’s Boubou,54
2883,geztner-ensemble-brown-beige-with-lace,I-Geztner ensemble brown beige with lace,54
2884,blue-lace-long-boubou-dress,I-Blue Lace Long Boubou Dress,54
2885,women-s-red-wax-ensemble,I-Women’s Red Wax Ensemble,54
2886,chic-beige-lace-skirt-and-top-set,I-Chic Beige Lace Skirt and Top Set,54
2887,I-Elegant-African-women’s-tunic-–-Embroidered-ethnic-clothing,I-Elegant African women’s tunic – Embroidered ethnic clothing,77
2888,women-s-pink-cotton-v-neck-tunic-3,I-Women’s Pink Cotton V-Neck Tunic,54
2889,faso-danfani-woven-pagne-patchwork-dress-blue,I-Faso Danfani Woven Pagne Patchwork Dress Blue,54
2890,gezner-and-blocard-dress-set-3,I-Gezner and Blocard Dress Set,54
2891,embroidered-boy-s-linen-set-3,I-Embroidered Boy’s Linen Set,54
2892,exclusive-women-s-set-for-an-irresistible-style-in-vibrant-colors,I-Exclusive Women’s Set for an Irresistible Style in Vibrant Colors,54
2893,trendy-women-s-set-in-vibrant-colors-for-a-unique-style-2,I-Trendy Women’s Set in Vibrant Colors for a Unique Style,54
2894,chic-women-s-pastel-pink-mauve-long-dress-3,I-Chic women’s pastel pink mauve long dress,54
2895,men-s-embroidered-beige-khaki-tunic-and-pants-set-3,I-Men’s embroidered beige khaki tunic and pants set,54
2896,women-s-hijab-loose-fit-denim-set,I-Women’s Hijab Loose Fit Denim Set,54
2897,anthracite-grey-skirt-and-shirt-set-with-tight-long-sleeves,I-Anthracite Grey Skirt and Shirt Set with Tight Long Sleeves,54
2898,anthracite-gray-skirt-and-shirt-set,I-Anthracite Gray Skirt and Shirt Set,54
2899,embroidered-veil-dress-white-and-pink-for-women,I-Embroidered Veil Dress White and Pink for Women,54
2900,elegant-embroidered-black-men-s-set,I-Elegant Embroidered Black Men’s Set,54
2901,elegant-black-embroidered-men-s-set-2,I-Elegant Black Embroidered Men’s Set,54
2902,men-s-senegal-white-tracksuit,I-Men’s Senegal White Tracksuit,54
2903,turquoise-embroidered-pagne-tunic-elegant-summer-bohemian-style,I-Turquoise Embroidered Pagne Tunic – Elegant Summer Bohemian Style,54
2904,women-s-bohemian-chic-linen-top,I-Women’s Bohemian Chic Linen Top,54
2905,women-s-embroidered-bohemian-pink-top,I-Women’s Embroidered Bohemian Pink Top,54
2906,men-s-satin-pajamas-size-m-3,I-Men’s Satin Pajamas size M,54
2907,I-Hand-embroidered-wool-crepe-coat-dress-–-Olive-Tree-motif,I-Hand-embroidered wool crepe coat dress – Olive Tree motif,90
2908,women-s-3-4-khaki-cotton-skirt-and-green-chantoum-top,I-Women’s 3/4 Khaki Cotton Skirt and Green Chantoum Top,54
2909,white-linen-two-piece-hidden-dress,I-White Linen Two-Piece Hidden Dress,54
2910,I-Men’s-White-Shirt-with-Blue-and-Gold-Patterns,I-Men’s White Shirt with Blue and Gold Patterns,695
2911,flouka-unisex-sweatshirt-2,I-FLOUKA Unisex Sweatshirt,54
2912,I-Men’s-artisanal-navy-blue-cotton-shirt,I-Men’s artisanal navy blue cotton shirt,59
2913,I-Chic-Navy-Blue-Women’s-Skirt-and-Top-Set,I-Chic Navy Blue Women’s Skirt and Top Set,58
2914,I-Fuchsia-Pink-Batik-Cotton-Boubou-Abaya,I-Fuchsia Pink Batik Cotton Boubou Abaya,68
2915,ultimate-elegance-women-s-cape-with-refined-gold-embroidery,I-Ultimate Elegance Women’s Cape with Refined Gold Embroidery,54
2916,men-s-anthracite-grey-embroidered-african-suit,I-Men’s Anthracite Grey Embroidered African Suit,54
2917,chemise-homme-beige-et-bleu,I-Ensemble homme beige et bleu,54
2918,boubou-femme-vert-moderne-robe-longue-africaine-chic-et-ample-ethnique,I-Boubou femme vert moderne – Robe longue africaine chic et ample ethnique,54
2919,ensemble-traditionnel-homme-blanc-dakar-royal,I-Ensemble traditionnel homme blanc Dakar Royal,54
2920,poncho-africain-femme-beige-et-bleu-avec-jean,I-Poncho africain femme beige et bleu avec jean,54
2921,ensemble-bazin-riche-homme-gezner,I-Ensemble bazin riche homme gezner,54
2922,robe-longue-boheme-marron-en-coton-xl,I-Robe longue bohème marron en coton (XL),54
2923,cardigan-long-femme-bleu-motif-geometrique,I-Cardigan long femme bleu motif géométrique,54
2924,chemise-jaune-homme-motifs-artistiques-en-coton-leger-avec-un-col-simple,I-Chemise jaune homme motifs artistiques en coton léger avec un col simple,54
2925,grand-boubou-homme-bleu-brode-en-coton-leger,I-Grand boubou homme bleu brodé en coton léger,54
2926,robe-boubou-longue-avec-motifs-colores,I-Robe boubou longue avec motifs colorés,54
2927,navy-blue-wax-print-jacket-for-women-with-geometric-patterns,I-Navy Blue Wax Print Jacket for Women with Geometric Patterns,54
2928,elegant-men-s-cotton-polyester-tunic,I-Elegant Men’s Cotton Polyester Tunic,54
2929,chic-and-comfortable-girls-pants-set-2,I-Chic and Comfortable Girls’ Pants Set,54
2930,women-s-navy-blue-loose-wax-jacket-with-geometric-patterns,I-Women’s Navy Blue Loose Wax Jacket with Geometric Patterns,54
2931,navy-blue-loose-women-s-wax-jacket-with-geometric-patterns,I-Navy Blue Loose Women’s Wax Jacket with Geometric Patterns,54
2932,majesty-blue-men-s-tunic-set-with-mandarin-collar,I-Majesty Blue Men’s Tunic Set with Mandarin Collar,54
2933,women-s-long-yellow-and-black-wax-print-dress-with-belt,I-Women’s long yellow and black wax print dress with belt,54
2934,women-s-cotton-boubou-loose-long-dress-with-chic-geometric-patterns-elegant-summer,I-Women’s Cotton Boubou Loose Long Dress with Chic Geometric Patterns Elegant Summer,54
2935,I-Original-Unisex-Coat-–-Artistic-Creation,I-Original Unisex Coat – Artistic Creation,59
2936,women-s-long-embroidered-cotton-blue-dress,I-Women’s Long Embroidered Cotton Blue Dress,54
2937,women-s-multicolor-linen-set-long-shirt-and-pants,I-Women’s Multicolor Linen Set Long Shirt and Pants,54
2938,women-s-houndstooth-patchwork-dress-red-black-white,I-Women’s Houndstooth Patchwork Dress Red Black White,54
2939,I-Men’s-Black-“Car-Rapide”-T-shirt,I-Men’s Black “Car Rapide” T-shirt,67
2940,women-s-pink-satin-long-kimono-and-black-denim-skirt-set,I-Women’s Pink Satin Long Kimono and Black Denim Skirt Set,54
2941,women-s-navy-blue-long-dress,I-Women’s Navy Blue Long Dress,54
2942,women-s-long-denim-skirt-and-wool-cotton-top,I-Women’s long denim skirt and wool cotton top,54
2943,men-s-patchwork-linen-shirt-with-contrast-sleeves-and-pockets,I-Men’s Patchwork Linen Shirt with Contrast Sleeves and Pockets,54
2944,robe-longue-femme-rayee-bleu-et-blanc-en-coton-lin,I-Robe longue femme rayée bleu et blanc en coton lin,54
2945,women-s-black-wide-high-waisted-trousers,I-Women’s Black Wide High-Waisted Trousers,54
2946,I-Ensemble-femme-wax-et-brodé-marron-orange-blanc,I-Ensemble femme wax et brodé marron orange blanc,78
2947,kaftan-femme-corail-en-soie-avec-broderie-geometrique-elegance-et-confort,I-Kaftan Femme Corail en Soie avec Broderie Géométrique,54
2948,robe-en-dentelle-femme-rouge-et-blanc,I-Robe en dentelle femme rouge et blanc,54
2949,chemise-homme-patchwork-lin-lourd-gris-et-manches-woodin-imprime-geometrique,I-Chemise homme patchwork lin lourd gris et manches woodin imprimé géométrique,54
2950,I-Robe-patchwork-femme-en-pagne-tissé-Faso-Danfani-brodée,I-Robe patchwork femme en pagne tissé Faso Danfani brodée,77
2951,robe-en-dentelle-rouge-et-blanche-longue,I-Robe en dentelle rouge et blanche longue,54
2952,jupe-longue-kaki-femme-en-coton-et-haut-somo,I-Jupe longue kaki femme en coton et haut somo,54
2953,manteau-veste-wax,I-Manteau veste wax,54
2954,tshirt-artisanal-senegal-unisexe-blanc-coton,I-Tshirt artisanal Sénégal unisexe blanc coton,54
2955,jupe-longue-rose-femme-et-haut-coton-ample,I-Jupe longue rose femme et haut coton ample,54
2956,robe-enfant-motif-africain-rouge-noir-en-coton,I-Robe enfant motif africain rouge noir en coton,54
2957,ensemble-jupe-et-haut-enfant-wax-multicolore,I-Ensemble jupe et haut enfant wax multicolore,54
2958,demi-boubou-femme-blanc-vert-ample-en-coton,I-Demi boubou femme blanc vert ample en coton,54
2959,jabba-with-embroidery,I-Jabba with Embroidery,54
2960,chemise-coton-lin-style-africain-pour-homme,I-Chemise coton lin style africain pour homme,54
2961,tenue-africaine-homme-grise-chic,I-Tenue africaine homme grise chic,54
2962,tenue-africaine-homme-bleu-marine-3-pieces-brodee,I-Tenue africaine homme bleu marine 3 pièces brodée,54
2963,tenue-africaine-homme-chemise-noire-col-rond-avec-poche-taille-xl,I-Tenue africaine homme chemise noire col rond avec poche (Taille XL),54
2964,I-Robe-femme-wax-verte-ceinture-et-manches-colorées,I-Robe femme wax verte ceinture et manches colorées,75
2965,I-Robe-femme-wax-noire-chic,I-Robe femme wax noire chic,75
2966,ensemble-femme-wax-vert-et-bleu-multicolore-chic-avec-pantalon-et-haut,I-Ensemble femme wax vert et bleu multicolore chic avec pantalon et haut,54
2967,robe-longue-evasee-gris-coton-satine-elegance-moderne,I-Robe Longue Évasée Gris Coton Satiné – Élégance Moderne,54
2968,robe-ceremonie-orange-brocart-eclatant-elegance-ample,I-Robe Cérémonie Orange Brocart Éclatant – Élégance Ample,54
2969,robe-longue-femme-chic-bleu-orange-elegante-en-coton-confort-et-sophistication,I-Robe Longue Femme Chic Bleu Orange Élégante en Coton – Confort et Sophistication,54
2970,robe-evasee-boheme-chic-lin-coton-elegance-decontractee,I-Robe Évasée Bohème Chic Lin Coton – Élégance Décontractée,54
2971,men-s-multi-color-african-tunic-and-obasanjo-style-pants-set-2,I-Men’s Multi-color African Tunic and Obasanjo Style Pants Set,54
2972,tunique-rose-longue-en-coton-avec-turban,I-Tunique rose longue en coton avec turban,54
2973,robe-longue-brodee-femme-rose-bonbon,I-Robe longue brodée femme rose bonbon,54
2974,men-s-african-long-sleeved-wax-woodin-shirt-2,I-Men’s African Long-Sleeved Wax Woodin Shirt,54
2975,chemise-coton-africaine-wax-woodin-multicolore,I-Chemise coton africaine wax woodin multicolore,54
2976,robe-de-ceremonie-femme-bleu-aghata,I-robe de cérémonie femme bleu AGHATA,54
2977,foulard-satin-style-africaine-femme-bleu-xl,I-Foulard satin style africaine femme bleu XL,54
2978,boubou-wax-femme-vert-motifs-en-coton-brodee,I-Boubou wax femme vert motifs en coton brodée,54
2979,boubou-bleu-brode-wax-en-coton-pour-femme-avec-des-motifs,I-Boubou bleu brodé wax en coton pour femme avec des motifs,54
2980,I-Robe-longue-moderne-femme-en-coton,I-Robe longue moderne femme en coton,91
2981,I-Robe-voile-asli-fait-main-bleu-turquoise,I-Robe voile asli fait main bleu turquoise,92
2982,robe-tunique-broderie-africaine-femme-coton-jaune-moutarde,I-Robe tunique broderie africaine femme coton jaune moutarde,54
2983,I-Robe-broderie-anglaise-femme-blanche-et-marron,I-Robe broderie anglaise femme blanche et marron,92
2984,robe-brodee-femme-blanche-et-marron-longue-boheme-chic-coton-elegant,I-Robe brodée femme blanche et marron,54
2985,robe-brodee-femme-blanche-en-dentelle,I-Robe brodée femme blanche en dentelle,54
2986,robe-deux-pieces-en-coton-avec-dentelle-blanche,I-Robe deux pièces en coton avec dentelle blanche,54
2987,tunique-longue-lin-femme-rose,I-Tunique longue lin femme rose,54
2988,pantalon-large-femme-en-lin-rose-ample-avec-poches,I-Pantalon large femme en lin rose ample avec poches,54
2989,pantalon-large-femme-rose-poudre-en-coton-lin-en-taille-standard,I-Pantalon large femme rose poudré en coton lin en taille standard,54
3206,set-en-lin-marron-a-rayures,I-Set en lin marron à rayures,54
2990,pantalon-large-femme-vert-taille-haute-fluide,I-Pantalon large femme vert très vif taille haute fluide,54
2991,I-Robe-longue-lin-femme-jaune,I-Robe longue lin femme jaune,20
2992,robe-femme-elegante-longue-rose-et-brodee-ajouree,I-Robe femme élégante longue rose et brodée ajourée,54
2993,tunique-brodee-femme-boheme-chic-taille-standard,I-Tunique brodée femme bohème chic taille standard,54
2994,robe-en-tulle-femme-rose-noir-longue-avec-sous-robe-taille-xl,I-Robe en tulle femme rose noir longue avec sous-robe taille xl,54
2995,combinaison-femme-rouge-bordeaux-motifs-blancs,I-Combinaison femme rouge Bordeaux motifs blancs,54
2996,robe-bebe-fille-ete-bordeaux-et-rose-en-coton-leger,I-Robe bébé fille été bordeaux et rose en coton léger,54
2997,robe-wax-fille-evasee-en-coton-avec-motifs-colores-5-ans,I-Robe wax fille évasée en coton avec motifs colorés 5 ans,54
2998,robe-longue-blanche-femme-boheme-en-coton-ajoure,I-Robe longue blanche femme bohème en coton ajouré,54
2999,robe-lin-mauve-longue-brodee-femme,I-Robe lin mauve longue brodée femme,54
3000,robe-longue-broderie-anglaise-femme-bleu-blanc-en-soie-et-cocodunda-chic,I-Robe longue broderie anglaise femme bleu blanc en soie et cocodunda chic,54
3001,kimono-femme-vert-chantoum-peint-a-la-main-et-perle-au-dos,I-Kimono femme vert chantoum peint à la main et perlé au dos,54
3002,robe-boubou-en-soie-avec-rayures-bleu-et-vert,I-Robe boubou en soie avec rayures en bleu et vert,54
3003,men-s-beige-and-blue-outfit,I-Men’s Beige and Blue Outfit,54
3004,robe-chic-en-shantung-bleu-bakha-et-rose,I-Robe chic en shantung bleu bakha et rose,54
3005,I-Robe-fleurie-verte-longue-ceinturée,I-Robe fleurie verte longue ceinturée,60
3006,robe-brodee-anglaise-femme-jaune-et-noir-avec-dentelle-ajouree,I-Robe brodée anglaise femme jaune et noir avec dentelle ajourée,54
3007,robe-coton-rayee-femme-bleu-clair-avec-broderie-en-fleurs,I-Robe coton rayée femme bleu clair avec broderie en fleurs,54
3008,boubou-long-et-ample-femme-en-shantung-jaune,I-Boubou long et ample femme en shantung jaune,54
3009,I-Boubou-en-dentelle-chic-bleu-et-blanc,I-Boubou en dentelle chic bleu et blanc,68
3010,I-Black-and-White-Long-Dress-for-Women-with-Chic-Bohemian-Floral-Print,I-Black and White Long Dress for Women with Chic Bohemian Floral Print,93
3011,robe-brodee-boheme-avec-volants-jean,I-Robe brodée bohème avec volants jean,54
3012,robe-longue-femme-rayee-vert-blanc-en-coton,I-Robe longue femme rayée vert blanc en coton,54
3013,ensemble-lin-femme-bleu-pantalon-et-chemise,I-Ensemble lin femme bleu pantalon et chemise,54
3014,robe-longue-coton-multicolore-a-manches-longues-et-boutons,I-Robe longue coton multicolore à manches longues et boutons,54
3015,sacoche-marigold-en-cuir-veritable-bleu,I-Sacoche Marigold en Cuir Véritable bleu,54
3016,chemise-asymetrique-noire-femme-korean-style,I-Chemise asymétrique noire femme korean style,54
3017,robe-courte-organza-femme-multicolore-avec-des-rayures,I-Robe courte organza femme multicolore avec des rayures,54
3018,kimono-femme-imprime-noir-et-jaune,I-Kimono femme imprimé noir et jaune avec design africain,54
3019,I-Boubou-wax-brodé-femme-multicolore,I-Boubou wax brodé femme multicolore,60
3020,ensemble-grande-dame-femme-jupe-large-et-haut-coton-rayure-rose-blanc-xxl,I-Ensemble grande dame femme jupe large et haut coton rayure rose blanc XXL,54
3021,I-Boubou-wax-femme-vert-brodé-en-coton,I-Boubou wax femme vert brodé en coton,60
3022,boubou-long-en-wax-brode-femme-multicolore-en-coton,I-Boubou long en wax brodé femme multicolore en coton,54
3023,kimono-femme-lin-beige-xl-elegant-avec-motif-wax-ethnique,I-Kimono femme lin beige XL élégant avec motif wax ethnique,54
3024,combinaison-en-lin-eco-chic-femme-verte-elegance-durable-et-confort,I-Combinaison en Lin Éco-Chic Femme,54
3025,ensemble-veste-et-pantalon-femme-en-lin-blanc-bleu,I-pantalon femme en lin blanc bleu,54
3026,robe-longue-lin-et-pagne-tisse-beige,I-Robe longue lin et pagne tissé beige,54
3027,kimono-ample-blanc-pour-femme-peint-a-la-main-design-africain,I-Kimono ample blanc pour femme peint à la main design africain,54
3028,tote-bag-elhendi-lem9achar-tunisian-heritage,I-Tote Bag Elhendi Lem9achar Tunisian Heritage,54
3029,tote-bag-assra-kares-tunisian-heritage,I-Tote-bag Assra Kares Tunisian Heritage,54
3030,tote-bag-afsset-essid-tunisian-heritage,I-Tote-bag Afsset Essid Tunisian Heritage,54
3031,long-african-boubou-dress-chic-embroidered-elegance-2,I-Long African Boubou Dress – Chic Embroidered Elegance,54
3032,dark-gray-three-piece-cotton-boubou-for-men-2,I-Dark Gray Three-Piece Cotton Boubou for Men,54
3033,nopal-6-pack-reusable-organic-cotton-eco-friendly-sanitary-napkins,I-Nopalé 6-Pack Reusable Organic Cotton Eco-Friendly Sanitary Napkins,54
3034,I-Elegant-White-Lace-Dress-for-Women,I-Elegant White Lace Dress for Women,94
3035,long-loose-blue-cotton-dress-for-women-in-bohemian-style-with-3-4-sleeves,I-Long Loose Blue Cotton Dress for Women in Bohemian Style with 3/4 Sleeves,54
3036,elegant-african-cotton-dress-for-a-unique-and-modern-style-2,I-Elegant African Cotton Dress for a Unique and Modern Style,54
3037,flared-wax-skirt-amp-embroidered-top-chic-african-ceremony-set,I-Flared Wax Skirt & Embroidered Top – Chic African Ceremony Set,54
3038,wide-wax-and-lightweight-cotton-pants-and-dress-set,I-wide wax and lightweight cotton pants and dress set,54
3039,men-s-gray-embroidered-boubou-3-piece-black-and-white-set,I-Men’s Gray Embroidered Boubou 3-Piece Black and White Set,54
3040,white-three-piece-embroidered-boubou-for-men-elegant-african-ceremony-set,I-White Three-Piece Embroidered Boubou for Men – Elegant African Ceremony Set,54
3041,embroidered-white-men-s-boubou-3-piece-black-and-white-set,I-Embroidered White Men’s Boubou 3-Piece Black and White Set,54
3042,long-fluid-turquoise-dress-elegance-and-comfort,I-Long Fluid Turquoise Dress – Elegance and Comfort,54
3043,I-Kit-of-6-Reusable-Cotton-Sanitary-Napkins-Nopalé-–-Zero-Waste,I-Kit of 6 Reusable Cotton Sanitary Napkins Nopalé – Zero Waste,95
3044,I-Kit-of-5-Reusable-Sanitary-Napkins-Nopalé-–-Organic-Cotton,I-Kit of 5 Reusable Sanitary Napkins Nopalé – Organic Cotton,95
3045,nopal-10-pack-reusable-organic-cotton-eco-friendly-sanitary-pads,I-Nopalé 10-Pack Reusable Organic Cotton Eco-Friendly Sanitary Pads,54
3046,nopal-eco-friendly-organic-cotton-reusable-sanitary-pad-kit-of-5,I-Nopalé Eco-Friendly Organic Cotton Reusable Sanitary Pad Kit of 5,54
3047,traditional-men-s-clothing-elegant-ethnic-costume-cotton-linen,I-traditional men’s clothing elegant ethnic costume cotton linen,54
3048,I-Short-Gray-Cotton-and-Wool-Jacket,I-Short Gray Cotton and Wool Jacket,695
3049,infinite-white-cotton-t-shirt-parental-balance,I-Infinite White Cotton T-Shirt – Parental Balance,54
3050,unisex-red-t-shirt-inspired-by-the-artwork-fantaisie-size-m-2,I-Unisex Red T-shirt Inspired by the Artwork “Fantaisie” (Size M),54
3051,pate-a-tartiner-de-cacahuete-au-miel,I-Beurre de cacahuète au miel 200g,16
3052,unisex-pink-t-shirt-inspired-by-the-artwork-wall-street-art-size-m-2,I-Unisex Pink T-shirt Inspired by the Artwork “Wall Street Art” (Size M),54
3053,unisex-black-t-shirt-inspired-by-the-artwork-eros-size-l-2,I-Unisex Black T-shirt Inspired by the Artwork “Eros” (Size L),54
3054,unisex-black-t-shirt-inspired-by-the-artwork-cosmos-terrestre-size-m,I-Unisex Black T-shirt Inspired by the Artwork “Cosmos Terrestre” (Size M),54
3055,unisex-black-t-shirt-inspired-by-the-artwork-aquarium-size-m-2,I-Unisex Black T-shirt Inspired by the Artwork “Aquarium” (Size M),54
3056,unisex-red-sweatshirt-inspired-by-the-artwork-esprit-size-m-2,I-Unisex Red Sweatshirt Inspired by the Artwork “Esprit” (Size M),54
3057,unisex-black-sweatshirt-inspired-by-the-artwork-aquarium-size-m-2,I-Unisex Black Sweatshirt Inspired by the Artwork “Aquarium” (Size M),54
3058,chic-tribal-wax-embroidered-dress-elegance-and-100-cotton-comfort-2,I-Chic Tribal Wax Embroidered Dress – Elegance and 100% Cotton Comfort,54
3059,elegant-summer-baby-dress-for-a-chic-and-comfortable-summer-2,I-elegant summer baby dress for a chic and comfortable summer,54
3060,women-s-wax-tunic-with-tulle-decoration-fitted-cotton-dress-african-elegance-2,I-Women’s Wax Tunic with Tulle Decoration + Fitted Cotton Dress – African Elegance,54
3061,I-Elegant-Senegalese-Women’s-Tunic,I-Elegant Senegalese Women’s Tunic,69
3062,I-Elegant-Women’s-Silk-Dress-–-Black-Red-Gold-Floral-Dress,I-Elegant Women’s Silk Dress – Black Red Gold Floral Dress,78
3063,Clothing > Page 26,I-Long Green Summer Dress for Women,96
3064,I-Long-Purple-Bohemian-Summer-Dress-for-Women,I-Long Purple Bohemian Summer Dress for Women,695
3065,I-Long-Grey-Bohemian-Summer-Dress-for-Women,I-Long Grey Bohemian Summer Dress for Women,97
3066,I-Beige-Long-Bohemian-Summer-Dress-for-Women,I-Beige Long Bohemian Summer Dress for Women,97
3067,children-s-school-uniform-set-comfort-and-elegance-unisex,I-Children’s School Uniform Set – Comfort and Elegance – Unisex,54
3068,I-Men’s-Cotton-Shirt-2XL-Long-Sleeves,I-Men’s Cotton Shirt 2XL Long Sleeves,98
3069,I-Multicolored-Batik-Men’s-Shirt-–-Long-Sleeves,I-Multicolored Batik Men’s Shirt – Long Sleeves,98
3070,long-fuchsia-satin-caftan-l-gance-confortable-2,I-Long Fuchsia Satin Caftan – Élégance Confortable,54
3071,brown-african-bubu-for-women-with-flowers-elegant-satin-long-dress-for-ceremonies,I-Brown African Bubu for Women with Flowers – Elegant Satin Long Dress for Ceremonies,54
3072,bubu-africain-femme-marron-elegant-satin-long-dress-for-ceremonies,I-Bubu africain femme marron – Elegant satin long dress for ceremonies,54
3073,bubu-africain-femme-blue-cien-elegant-satin-long-dress-for-ceremonies,I-Bubu africain femme blue cien – Elegant satin long dress for ceremonies,54
3074,chic-bohemian-crochet-top-skirt-set-for-women-handmade-brown-artisan-2,I-Chic Bohemian Crochet Top Skirt Set for Women – Handmade Brown Artisan,54
3075,I-Beige-Linen-Tunic-for-Men-–-Elegant-Handcrafted-Embroidered-Tunic,I-Beige Linen Tunic for Men – Elegant Handcrafted Embroidered Tunic,55
3076,off-white-cotton-polka-dot-set-elegance-and-comfort-2,I-Off-White Cotton Polka Dot Set – Elegance and Comfort,54
3077,elegant-black-and-white-women-s-suit-chic-skirt-and-top-set-for-evening,I-Elegant Black and White Women’s Suit – Chic Skirt and Top Set for Evening,54
3078,striped-cotton-a-line-midi-dress-elegance-and-comfort,I-Striped Cotton A-Line Midi Dress – Elegance and Comfort,54
3079,boubou-bleu-abaya-azur-royale-elegance-and-chic-tradition,I-Boubou Bleu Abaya Azur Royale – Elegance and Chic Tradition,54
3080,I-Kimono-pyjama-femme-en-soie-wax-vert,I-Kimono pyjama femme en soie wax vert,77
3081,pyjama-en-soie-wax-femme-motif-bogolan-chic-ethnique-et-confortable,I-Pyjama en soie wax femme motif bogolan,54
3082,cardigan-femme-bogolan-noir-et-blanc-ensemble-chemisier-pantalon-chic,I-Cardigan femme bogolan noir et blanc – Ensemble chemisier pantalon chic,54
3083,robe-longue-femme-boheme-chic-verte-en-dentelle-broderie-anglaise-elegante,I-Robe longue femme bohème chic verte en dentelle broderie anglaise élégante,54
3084,I-Robe-longue-femme-bohème-chic-brodée-main,I-Robe longue femme bohème chic brodée main,88
3085,I-Robe-longue-femme-bohème-chic-bleu-clair,I-Robe longue femme bohème chic bleu clair,88
3086,tenue-traditionnelle-homme-elegante-ensemble-tunique-pantalon-brode-main,I-Tenue traditionnelle homme élégante – Ensemble tunique pantalon brodé main,54
3087,tunique-amina-femme-robe-longue-blanche-chic-en-coton-brode-a-la-main,I-Tunique Amina Femme – Robe Longue Blanche Chic en Coton Brodé à la Main,54
3088,bohemian-chic-women-s-cotton-cream-skirt-and-top-set-with-green-dots,I-Bohemian Chic Women’s Cotton Cream Skirt and Top Set with Green Dots,54
3089,robe-brodee-anglaise-longue-a-manches-papillons-blanche-pour-femmes-coco-dress,I-Robe Brodée Anglaise Longue à manches papillons Blanche pour femmes – COCO DRESS,54
3090,tunique-saumon-femme-chic-avec-garniture-en-strass-noirs-et-robe-interieur,I-Tunique saumon femme chic avec garniture en strass noirs et robe intérieur,54
3091,robe-plissee-longues-porte-feuille-derriere-a-manches-longues-avec-de-la-garniture-blanche-et-des-boutons-derriere-avec-sa-jupe-en-dessous,I-Robe Plissée Longues Porte-feuille derrière à manches longues avec de la garniture blanche et des boutons derriere avec sa jupe en dessous,54
3092,I-COLLECTION-HYVER/Women’s-Tunic-MODE-ETHNIK-in-Houndstooth-Linen-Fabric,I-COLLECTION HYVER/Women’s Tunic MODE ETHNIK in Houndstooth Linen Fabric,695
3093,I-COLLECTION-HYVER/Tunique-femme-pied-de-poule-brodée,I-COLLECTION HYVER/Tunique femme pied de poule brodée,77
3094,I-COLLECTION-HYVER/Tunique-africaine-femme-hiver-avec-chemise-rouge,I-COLLECTION HYVER/Tunique africaine femme hiver avec chemise rouge,77
3095,collection-hyver-boubou-africain-homme-bleu-marine-brode-ensemble-chemise-et-pantalon-chic,I-COLLECTION HYVER/Boubou africain homme bleu marine brodé – Ensemble chemise et pantalon chic,54
3096,I-Lightweight-Chiffon-Dress-with-3/4-Sleeves-in-Two-Colors-(Pink,I-Lightweight Chiffon Dress with 3/4 Sleeves in Two Colors (Pink,82
3097,robe-dentelle-longue-femme-bleu-royal-elegante-ceremonie-et-soiree-chic,I-Robe dentelle longue femme bleu royal élégante cérémonie et soirée chic,54
3098,I-Robe-longue-fluide-femme-turquoise-bohème-chic-–-Élegante,I-Robe longue fluide femme turquoise bohème chic – Élegante,93
3099,navy-blue-gradient-hijab-in-fluid-veil-1-65m,I-Navy Blue Gradient Hijab in Fluid Veil (1.65m),54
3100,I-Elegant-Women’s-Tunic-–-Chic-Luxury,I-Elegant Women’s Tunic – Chic Luxury,99
3101,trendy-women-s-set-in-exclusive-colors-for-a-unique-look,I-Trendy Women’s Set in Exclusive Colors for a Unique Look,54
3102,elegant-women-s-sets-in-trendy-colors-for-a-unique-look,I-Elegant Women’s Sets in Trendy Colors for a Unique Look,54
3103,elegant-african-cotton-dress-for-a-modern-look-2,I-Elegant African Cotton Dress for a Modern Look,54
3104,women-s-kaftan-jaja-collection-modern-elegance-in-premium-cotton-2,I-Women’s Kaftan Jaja Collection Modern Elegance in Premium Cotton,54
3105,men-s-djerbian-blouza-in-linen-and-cotton-bohemian-chic-style,I-Men’s Djerbian Blouza in Linen and Cotton Bohemian Chic Style,54
3106,the-berber-burnous-traditional-elegance-and-modernity,I-The Berber Burnous: Traditional Elegance and Modernity,54
3107,robe-sana-mi-long-light-brown,I-Robe Sana mi long light brown,54
3108,elegant-children-s-dress-for-a-chic-and-irresistible-style,I-elegant children’s dress for a chic and irresistible style,54
3109,elegant-black-dress-for-children-for-a-chic-and-irresistible-look,I-elegant black dress for children for a chic and irresistible look,54
3110,printed-african-wax-cotton-fabric-traditional-patterns,I-Printed African Wax Cotton Fabric – Traditional Patterns,54
3111,elegant-sky-blue-dress-for-girls-for-an-irresistible-style,I-Elegant Sky Blue Dress for Girls for an Irresistible Style,54
3112,girl-s-dress-95-x-70-cm-available-in-several-trendy-colors,I-Girl’s Dress 95 x 70 cm Available in Several Trendy Colors,54
3113,unique-vintage-victorian-short-leather-jacket-xs-s,I-Unique Vintage Victorian Short Leather Jacket XS/S,54
3114,Zwizwi,I-Unisex Berber Wool Jacket,100
3115,unique-black-t-shirt-handmade-urban-bus-illustration,I-Unique Black T-shirt Handmade Urban Bus Illustration,54
3116,chic-and-exclusive-kadroun-djerbien-embroidered-dress,I-Chic and Exclusive Kadroun Djerbien Embroidered Dress,54
3117,handcrafted-white-embroidered-dress,I-Handcrafted White Embroidered Dress,54
3118,unisex-berber-coat-in-100-natural-wool-with-hood,I-Unisex Berber Coat in 100% Natural Wool with Hood,54
3119,unisex-hand-embroidered-berber-coat-in-natural-wool,I-Unisex Hand-Embroidered Berber Coat in Natural Wool,54
3120,green-and-gold-kaftan-with-embroidery-and-adjustable-inner-belt,I-Green and Gold Kaftan with Embroidery and Adjustable Inner Belt,54
3121,chic-and-comfortable-women-s-wide-leg-jersey-pants-set-with-shirt,I-Chic and Comfortable Women’s Wide Leg Jersey Pants Set with Shirt,54
3122,brown-corduroy-kimono-embroidered-with-silk-thread-standard-size,I-Brown Corduroy Kimono – Embroidered with Silk Thread – Standard Size,54
3123,brown-linen-djerbian-blouza-with-white-stripes-hand-embroidered,I-Brown Linen Djerbian Blouza with White Stripes Hand Embroidered,54
3124,hand-embroidered-turquoise-blue-linen-djerbian-blouza,I-Hand-Embroidered Turquoise Blue Linen Djerbian Blouza,54
3125,brown-linen-shirt-for-men-xl-handmade,I-Brown Linen Shirt for Men XL Handmade,54
3126,bright-yellow-and-orange-wax-batik-boubou,I-Bright Yellow and Orange Wax Batik Boubou,54
3127,african-women-s-cotton-loose-set,I-African Women’s Cotton Loose Set,54
3128,I-Light-Cotton-Women’s-Skirt-and-Top-Set,I-Light Cotton Women’s Skirt and Top Set,695
3129,light-and-loose-beige-cotton-voile-top-with-natural-dye,I-Light and Loose Beige Cotton Voile Top with Natural Dye,54
3130,silver-purple-satin-embroidered-boubou-robe,I-Silver Purple Satin Embroidered Boubou Robe,54
3131,embroidered-fuchsia-bazin-boubou-dress,I-Embroidered Fuchsia Bazin Boubou Dress,54
3132,embroidered-lace-boubou,I-Embroidered Lace Boubou,54
3133,long-bohemian-cotton-patchwork-skirt,I-Long Bohemian Cotton Patchwork Skirt,54
3134,long-geometric-print-black-and-ocher-silk-tunic,I-Long Geometric Print Black and Ocher Silk Tunic,54
3135,silk-tunic-with-paisley-patterns,I-Silk Tunic with Paisley Patterns,54
3136,long-floral-print-dress,I-Long Floral Print Dress,54
3137,long-african-kimono-for-women-in-wax,I-Long African Kimono for Women in Wax,54
3138,turquoise-maxi-wax-dress-with-scarf,I-Turquoise Maxi Wax Dress with Scarf,54
3139,white-embroidered-lace-boubou-for-women-long-chic-and-colorful-bohemian-dress,I-White Embroidered Lace Boubou for Women – Long Chic and Colorful Bohemian Dress,54
3140,turquoise-blue-embroidered-boubou-for-women-elegant-premium-long-african-dress,I-Turquoise Blue Embroidered Boubou for Women – Elegant Premium Long African Dress,54
3141,koko-doundaen-pagne-shirt-xxl,I-Koko Doundaen Pagne Shirt XXL,54
3142,traditional-goftan-the-ultimate-elegance-for-your-special-occasions-2,I-Traditional Goftan: The Ultimate Elegance for Your Special Occasions,54
3143,jebba-femme-en-laine-rose-artisanale-elegance-et-confort-taille-standard,I-jebba femme en laine rose artisanale élégance et confort – Taille Standard,54
3144,cotton-robe-and-bordeaux-red-chiffon-crepe-top,I-Cotton Robe and Bordeaux Red Chiffon Crepe Top,54
3145,unisex-sweatshirt-for-men-women-elhendi-lem9achar-black-tunisian-heritage-2,I-Unisex Sweatshirt for Men/Women Elhendi Lem9achar Black Tunisian Heritage,54
3146,unisex-sweatshirt-for-men-women-nawaret-chams-black-tunisian-heritage-2,I-Unisex Sweatshirt for Men/Women Nawaret Chams Black Tunisian Heritage,54
3147,unisex-sweatshirt-for-men-women-3afset-essid-black-tunisian-heritage-2,I-Unisex Sweatshirt for Men/Women 3afset Essid Black Tunisian Heritage,54
3148,bohemian-skirt-and-top-set,I-Bohemian Skirt and Top Set,54
3149,long-and-wide-dress-with-light-sleeves-and-vertical-stripe-patterns,I-Long and Wide Dress with Light Sleeves and Vertical Stripe Patterns,54
3150,irresistible-white-dress-with-ruffled-orange-and-blue-flowers,I-Irresistible White Dress with Ruffled Orange and Blue Flowers,54
3151,elegant-loose-dress-with-seductive-lace-cuffs,I-Elegant Loose Dress with Seductive Lace Cuffs,54
3152,exclusive-floral-dress-with-pastel-flower-pattern-headband,I-Exclusive Floral Dress with Pastel Flower Pattern Headband,54
3153,navy-blue-african-dress-with-headband-guaranteed-elegance,I-Navy Blue African Dress with Headband – Guaranteed Elegance,54
3154,long-chocolate-shirt-dress-luxe-flow-contemporary-elegance,I-Long Chocolate Shirt Dress Luxe Flow Contemporary Elegance,54
3155,beige-linen-kaftan-timeless-elegance-and-comfort,I-Beige Linen Kaftan – Timeless Elegance and Comfort,54
3156,white-embroidered-wide-leg-linen-pants-elegance-and-artisan-comfort,I-White Embroidered Wide-Leg Linen Pants – Elegance and Artisan Comfort,54
3157,white-linen-pants-with-hot-air-balloon-embroidery-elegance-and-comfort,I-White Linen Pants with Hot Air Balloon Embroidery – Elegance and Comfort,54
3158,indigo-denim-maxi-dress-elegance-and-comfort,I-Indigo Denim Maxi Dress – Elegance and Comfort,54
3159,maxi-embroidered-white-dress-elegance-and-comfort,I-Maxi Embroidered White Dress – Elegance and Comfort,54
3160,kaftan-vibrant-harmony-cultural-and-contemporary-elegance,I-Kaftan Vibrant Harmony – Cultural and Contemporary Elegance,54
3161,floral-rose-kimono-set-and-grey-long-dress-casual-elegance,I-Floral Rose Kimono Set and Grey Long Dress – Casual Elegance,54
3162,professional-african-costume-green-in-cotton-polyester-elegance-and-practicality,I-Professional African Costume Green in Cotton-Polyester – Elegance and Practicality,54
3163,kimono-boubou-texture-bordeaux-luxe-et-fluidite-intemporelle,I-Kimono Boubou Texturé Bordeaux – Luxe et Fluidité intemporelle,54
3164,unique-handmade-black-t-shirt-trendy-bus-illustration,I-Unique Handmade Black T-shirt Trendy Bus Illustration,54
3165,bohemian-chic-women-s-cotton-fluid-white-polka-dot-skirt-and-top-set,I-Bohemian Chic Women’s Cotton Fluid White Polka Dot Skirt and Top Set,54
3166,electric-blue-wax-organza-tunic-for-women-modern-ceremony-elegance-2,I-Electric Blue Wax Organza Tunic for Women – Modern Ceremony Elegance,54
3167,sweat-shirt-unisexe-coton-brosse,I-Sweatshirt Femme,54
3168,tshirt-oversized-evenement-exclusif-pour-passionnes-de-voitures,I-tshirt oversized événement exclusif pour passionnés de voitures,54
3169,pullover-everest,I-Pullover Everest,54
3170,chic-bohemian-crochet-midi-skirt-and-blouse-set,I-Chic Bohemian Crochet Midi Skirt and Blouse Set,54
3171,chic-long-orange-cotton-dress-for-women-perfect-for-summer,I-Chic Long Orange Cotton Dress for Women – Perfect for Summer,54
3172,coral-children-s-dress-handcrafted-elegance-for-chic-wedding,I-coral children’s dress handcrafted elegance for chic wedding,54
3173,elegant-sky-blue-bohemian-chic-dress-for-an-irresistible-summer,I-Elegant Sky Blue Bohemian Chic Dress for an Irresistible Summer,54
3174,elegant-wax-baby-dress-for-a-chic-and-comfortable-summer,I-Elegant Wax Baby Dress for a Chic and Comfortable Summer,54
3175,elegant-baby-dress-for-unforgettable-magical-moments,I-Elegant Baby Dress for Unforgettable Magical Moments,54
3176,haut-boheme-chic-indigo-lin-coton-confort-et-elegance,I-Haut Bohème Chic Indigo Lin Coton – Confort et Élégance,54
3177,haut-boheme-coton-rose-chic-eclat-estival-et-elegance-artisanale,I-Haut Bohème Coton Rose Chic – Éclat Estival et Élégance Artisanale,54
3178,sage-green-artisanal-cotton-boubou-dress-ethnic-summer-style,I-Sage Green Artisanal Cotton Boubou Dress – Ethnic Summer Style,54
3179,haut-brode-femme-bleu-ciel,I-Haut brodé femme bleu ciel,54
3180,robe-3-4-tissee-artisanal-fais-main-chic-en-coton,I-Robe 3/4 tissée artisanal fais main chic en coton,54
3181,chic-bohemian-long-linen-dress-with-red-and-white-check-patchwork,I-Chic Bohemian Long Linen Dress with Red and White Check Patchwork,54
3182,batik-kimono-for-women-in-handwoven-cotton,I-Batik Kimono for Women in Handwoven Cotton,54
3183,kimono-femme-coton-artisanal-bleu-indigo,I-Kimono femme coton artisanal bleu indigo,54
3184,tunique-femme-orange-brodee-de-grande-taille,I-Tunique femme orange brodée de grande taille,54
3185,long-gray-checkered-linen-dress-for-women,I-Long Gray Checkered Linen Dress for Women,54
3186,pale-yellow-swiss-cotton-shirt-dress-set,I-Pale Yellow Swiss Cotton Shirt Dress Set,54
3187,silk-and-linen-skirt-and-top-set,I-Silk and Linen Skirt and Top Set,54
3188,t-shirt-kojima-urban,I-T-shirt Kojima Urban,54
3189,t-shirt-col-rond-jpn-text,I-T-shirt Col Rond JPN Text,54
3190,long-green-and-linen-striped-dress,I-Long Green and Linen Striped Dress,54
3191,robe-patchwork-gris-et-noir-en-coton-fluide,I-Robe patchwork gris et noir en coton fluide,54
3192,robe-ceremonie-fille-en-coton-colore-jaune-avec-broderies,I-Robe cérémonie fille en coton coloré jaune avec broderies,54
3193,robe-en-coton-brode-bleu-mecanique-avec-jupon-et-foulard-assorti,I-Robe en coton brodé bleu mécanique avec jupon et foulard assorti,54
3194,tunique-longue-en-soie-et-chiffon-avec-foulard,I-Tunique longue en soie et chiffon avec foulard,54
3195,I-Robe-longue-bleu-marine-femme-–-Chic-satinée,I-Robe longue bleu marine femme – Chic satinée,94
3196,robe-longue-en-tulle-et-satin-a-pois-orange,I-Robe longue en tulle et satin à pois orange,54
3197,long-batik-cotton-dress-for-women-with-small-white-details,I-Long Batik Cotton Dress for Women with Small White Details,54
3198,robe-boheme-brodee-en-coton-rose-poudre-col-v,I-Robe bohème brodée en coton rose poudré col V,54
3199,robe-longue-boheme-en-coton-soyeux-avec-decollete-v,I-Robe longue bohème en coton soyeux avec décolleté V,54
3200,robe-zaya-courte-noire-evasee-avec-ceinture-pagne-tisse,I-Robe ZAYA courte noire évasée avec ceinture pagne tissé,54
3201,pancho-et-pantalon-large-avec-broderie-sur-le-dos-2,I-Pancho chic élégant avec pantalon large et broderie artisanale,54
3202,radiant-oceanic-set,I-Tshirt femme bleu exclusif pour un look océanique irrésistible,54
3203,chemise-courte-en-popeline-beige-avec-broderie,I-chemise beige élégante en popeline avec broderie exclusive,54
3204,set-en-lin-beige-a-rayures,I-Set en lin beige à rayures,54
3205,set-en-lin-gris-a-rayures,I-Set en lin gris à rayures,54
3207,set-desert-glow-beige-en-lin-doux-avec-des-franges-ivoire,I-Set Desert Glow beige en lin doux avec des franges ivoire,54
3208,nomad-soul-boho-set,I-Nomad Soul Boho Set,54
3209,beige-embroidered-green-tunisian-jebba-artisan-elegance-and-freshness,I-Beige Embroidered Green Tunisian Jebba – Artisan Elegance and Freshness,54
3210,black-embroidered-beige-tunisian-jebba-for-men,I-Black Embroidered Beige Tunisian Jebba for Men,54
3211,gray-embroidered-jebba-elegant-and-handmade,I-Gray Embroidered Jebba – Elegant and Handmade,54
3212,beige-embroidered-blue-green-tunisian-jebba,I-Beige Embroidered Blue-Green Tunisian Jebba,54
3213,traditional-royal-blue-jebba-with-beige-embroidery,I-Traditional Royal Blue Jebba with Beige Embroidery,54
3214,traditional-beige-tunisian-jebba-with-golden-embroidery,I-Traditional Beige Tunisian Jebba with Golden Embroidery,54
3215,traditional-blue-tunisian-jebba-with-beige-embroidery,I-Traditional Blue Tunisian Jebba with Beige Embroidery,54
3216,I-Robe-en-lin-rose-longue-asymétrique-artisanale,I-Robe en lin rose longue asymétrique artisanale,24
3217,robe-dete-en-lin-longue,I-Robe dos nu lin été longue : Élégance artisanale pour un look unique,54
3218,pyjama-coton-luxe-bleu-avec-des-rayures-blanches,I-Pyjama coton luxe avec des rayures blanches,54
3219,gilet-dengri-en-lin-blanc-naturel-au-style-saharien,I-Gilet dengri en lin blanc naturel au style Saharien,54
3220,gilet-dengri-en-lin-bleu-naturel-au-style-amazigh,I-Gilet dengri lin bleu naturel Amazigh,54
3221,gilet-dengri-en-lin-vert-olive-naturel-au-style-amazigh,I-Gilet dengri lin olive Amazigh,54
3222,gilet-dengri-en-lin-blanc-naturel-au-style-amazigh,I-Gilet lin naturel exclusif : élégance amazigh irrésistible,54
3223,robe-rouge-avec-broderie,I-Robe rouge en laine brodée à la main,54
3224,robe-verte-avec-broderie,I-Robe verte en laine brodée à la main,54
3225,black-boho-set,I-Black Boho Set,54
3226,chemise-blanche-en-lin-unisexe,I-Chemise Blanche en Lin – Unisexe,54
3227,pantalon-beige-en-lin-style-loose,I-Pantalon Beige en Lin Style Loose,54
3228,jebba-beige-en-lin-avec-rayures-fines-bleu-jaune,I-Jebba Beige en Lin avec Rayures Fines Bleu & Jaune,54
3229,kimono-traditionnel-avec-calligraphie-arabe-en-bleu,I-Kimono Traditionnel avec Calligraphie Arabe en Bleu,54
3230,kimono-noir-long-avec-details-dores,I-Kimono Noir Long avec Détails Dorés,54
3231,vert-tilleul-corset-size-m-to-l,I-VERT TILLEUL CORSET SIZE M TO L,54
3232,corsage-eglantine-bleu-cottagecore-a-fleurs-anciennes-et-denim-upcycle,I-Corsage “Eglantine bleu” cottagecore à fleurs anciennes et denim upcyclé,54
3233,I-Hijab-dégradé-rose-pastel-en-voile-fluide-(1,I-Hijab dégradé rose pastel en voile fluide (1,101
3234,corset-peint-main-et-jupe-dentelle-vintage-boheme,I-Corset peint main et jupe dentelle vintage bohème,54
3235,set-boheme-vintage-3-pieces-kimono-velours-dentelle,I-Set bohème vintage 3 pièces kimono velours dentelle,54
3236,corset-champetre-en-lin-et-brocart-bleu-pastel,I-Corset champêtre en lin et brocart bleu pastel,54
3237,corset-chant-des-rameaux-en-daim,I-Corset Chant des Rameaux” en daim,54
3238,kimono-noir-court-a-manches-fleuries,I-Kimono Noir court à manches fleuries,54
3239,unisex-white-t-shirt-inspired-by-the-artwork-vintage-size-m,I-Unisex White T-shirt Inspired by the Artwork “Vintage” (Size M),54
3240,ensemble-femme-upcycle-top-et-jupe-taille-s-m,I-Ensemble “Golden Thread Revival” upcyclé – Top court & jupe taille haute (Taille S/M),54
3241,cosert-romance-vintage-vert-pastel-et-rose,I-Cosert “Romance Vintage” vert pastel et rose,54
3242,t-shirt-blanc-en-coton-motif-poissons,I-T-shirt blanc en coton brodé motif Poissons bleus et verts,54
3243,veste-sans-manches-sac-leopard-jean-upcycle,I-Veste sans manches & sac Léopard en Jean upcyclé,54
3244,ensemble-vintage-upcycle-veste-jean-flare-gris-delave,I-Ensemble vintage upcyclé veste & jean flare gris délavé,54
3245,ensemble-crochet-vert-upcycles,I-Ensemble estival en crochet vert haut croisé & jupe fendue upcyclés,54
3246,blouza-raye-marron-en-lin-avec-manches-3-4,I-Blouza rayé marron en lin avec manches 3/4,54
3247,blouza-turquoise-en-lin-avec-manches-3-4,I-Blouza turquoise en lin avec manches 3/4,54
3248,robe-longue-style-jebba-verte-brodee-a-la-main,I-Robe jebba verte col en V bordé de finitions dorées,54
3249,doudoune-matelassee-burgundy-upcyclee,I-Doudoune matelassée “Héritage” burgundy upcyclée & inspirée de l’artisanat Tunisien,54
3250,charmeuse-caftan-with-gold-embroidery-on-collar-and-sleeves-one-size,I-Charmeuse Caftan with Gold Embroidery on Collar and Sleeves (Standard Size),54
3251,upcycled-denim-jacket-zemni-unique-eco-friendly-piece,I-Upcycled Denim Jacket Zemni – Unique & Eco-Friendly Piece,54
3252,cape-en-crochet-multicolore-faite-main-style-mexicain,I-Cape en crochet multicolore faite main style mexicain,54
3253,corset-femme-vintage-opaline-bloom,I-Corset femme vintage “Opaline Bloom” taille M-L,54
3254,ensemble-veste-et-jupe-serree-avec-plumes-3d,I-Ensemble veste et jupe serrée avec plumes 3D- Upcyclé,54
3255,corset-noir-avec-patchwork-3d-et-details-en-resine-sculptee,I-Corset noir avec patchwork 3D et détails en résine sculptée,54
3256,chemise-unique-upcyclee-en-coton-avec-la-broderie-de-la-vierge-marie-m-l,I-Chemise unique upcyclée en coton avec la broderie de la Vierge Marie – M/L,54
3257,robe-rouge-upcyclee-blessure-mythique,I-Robe rouge upcyclée “Blessure Mythique” – Pièce unique,54
3258,top-satin-avec-jupe-cloche-upcycles,I-Top satin avec jupe cloche upcyclés – Rouge d’éveil,54
3259,blazer-oversize-patchwork-de-luxe-details-dores,I-Blazer oversize patchwork de luxe avec détails dorés – Inspirée de l’héritage de Sbeitla,54
3260,shorts-beige-minimaliste-avec-details-originaux,I-Short beige minimaliste avec détails originaux,54
3261,haut-en-jean-delave-avec-broderie-artistique-de-visage,I-Haut en Jean Délavé avec Broderie Artistique de Visage – Mode Écoresponsable,54
3262,pantalon-en-patchwork-de-denim-recycle,I-Pantalon Patchwork en Denim Recyclé – Style Unique et Écoresponsable,54
3263,jupe-droite-en-cuir-beige-avec-finition-detaillee,I-Jupe Droite en Cuir Beige – Finitions Artisanales Élégantes,54
3264,32-jupe-mi-longue-blanche-avec-patchwork-artistique-en-denim-recycle-bleu,I-Jupe Mi-Longue Blanche – Patchwork en Denim Recyclé,54
3265,pantalon-bicolore-original-avec-imprimes-artistiques-et-details-inspires-de-la-monnaie-tunisienne,I-Pantalon Bicolore Artisanal – Imprimés Monnaie Tunisienne,54
3266,veste-blanche-avec-broderies-en-forme-dyeux-realisee-en-materiaux-upcycles,I-Veste Blanche Upcyclée Brodée – Motif Yeux Fait Main,54
3267,veste-rouge-upcyclee-larme-perdu,I-Veste Rouge Upcyclée – Larme Perdu – Pièce Unique,54
3268,blazer-tailleur-piece-unique-elegance-patchwork-details-dores,I-Blazer Tailleur – pièce unique- Élégance – Patchwork – Détails Dorés,54
3269,robe-artistique-ecoresponsable-upcyclee-en-materiaux-reutilises-avec-des-fibres-naturelles,I-Robe artistique écoresponsable upcyclée en matériaux réutilisés avec des fibres naturelles,54
3270,blazer-de-luxe-en-patchwork-chic-piece-unique-elegance-subtile-avec-details-dores,I-Blazer de Luxe en Patchwork- Chic- piece unique- Élégance Subtile avec Détails Dorés,54
3271,I-Revisited-Barnous-style-Coat-in-Cashmere-–-Tunisian-Khlel-Embroidery,I-Revisited Barnous-style Coat in Cashmere – Tunisian Khlel Embroidery,90
3272,I-Kimono-blanc-élégant-avec-broderie-verte-(en-Hayek,I-Kimono blanc élégant avec broderie verte (en Hayek,102
3273,I-Kimono-blanc-élégant-avec-broderie-Jaune-–-(en-Hayek,I-Kimono blanc élégant avec broderie Jaune – (en Hayek,102
3274,I-Kimono-blanc-élégant-avec-broderie-bleue-ou-noire-–-Artisanat-en-Hayek,I-Kimono blanc élégant avec broderie bleue ou noire – Artisanat en Hayek,102
3275,I-Kimono-artisanal-brodé-en-hayek,I-Kimono artisanal brodé en hayek,102
3276,I-Kimono-long-femme-noir-et-blanc-(en-Hayek,I-Kimono long femme noir et blanc (en Hayek,102
3277,I-Kimono-rouge-long-brodé-à-la-main-(Hayek,I-Kimono rouge long brodé à la main (Hayek,102
3278,I-Kimono-long-blanc-brodé-à-la-main-(Hayek,I-Kimono long blanc brodé à la main (Hayek,102
3279,galon,I-galon,54
3280,sac-a-main-crochet-fait-main-elegance-unique-en-coton,I-Sac à main crochet fait main : Élégance unique en coton,54
3281,kimono-noir-boho-chic-avec-motifs-champignons-et-details-beiges,I-Kimono noir boho chic avec motifs “champignons” et détails beiges,54
3282,kimono-boho-chic-blanc-et-noir-avec-motifs-paysagers,I-Kimono boho chic blanc et noir avec motifs paysagers,54
3283,kimono-festif-chic-violet-fait-main-motif-champignons,I-Kimono festif chic violet fait main motif “Champignons”,54
3284,kimono-rouge-boho-en-satin-de-soie-vec-illustration-festive-et-des-touches-vertes,I-Kimono rouge boho en satin de soie vec illustration festive et des touches vertes,54
3285,kimono-festif-boho-chic-beige-a-motifs-champignons-avec-finitions-noires-au-col-et-aux-manches,I-Kimono festif boho chic beige à motifs champignons avec finitions noires au col et aux manches,54
3286,kimono-chic-boho-en-rose-fonce-avec-details-en-violet-et-motifs-de-feuilles,I-Kimono chic boho en rose foncé avec détails en Violet et motifs de feuilles,54
3287,kimono-festif-boho-chic-blanc-avec-details-en-noirs-en-satin-de-soie-avec-gravure-oeil,I-Kimono festif boho chic blanc avec détails en noirs en satin de soie avec gravure œil,54
3288,kimono-festif-boho-chic-rose-en-satin-de-soie-avec-gravure-tigre,I-Kimono festif boho chic rose en satin de soie avec gravure tigre,54
3289,veste-sans-manches-en-tweed-et-cuir,I-Veste sans manches en Tweed et Cuir,54
3290,I-Corset-Blanc-Céleste-fait-main-en-tissu-recyclé,I-Corset Blanc Céleste fait main en tissu recyclé,103
3291,I-Corset-Vintage-Éco-Responsable-en-Matière-Recyclée,I-Corset Vintage Éco-Responsable en Matière Recyclée,103
3292,I-Jupe-Pinky-faite-main,I-Jupe Pinky faite main,103
3293,navy-blue-linen-hand-embroidered-djerbian-blouza-1m10,I-Navy Blue Linen Hand-Embroidered Djerbian Blouza (1m10),54
3294,I-Chemise-Tayaria-en-Soie-et-Coton,I-Chemise Tayaria en Soie et Coton,104
3295,chemise-steph-denim-blanche-sans-manches-steph-avec-col-brode,I-Chemise “Steph” denim blanche sans manches avec col brodé – pièce unique en taille S,54
3296,chemise-smile-en-denim-leger-avec-strass,I-Chemise SMILE en denim léger avec strass,54
3297,I-Chemise-en-denim-délavé-avec-des-patches-imprimés-et-un-col-agrémenté-de-strass,I-Chemise en denim délavé avec des patches imprimés et un col agrémenté de strass,105
3298,chemise-unisexe-rose-100-lin-vesper,I-Chemise unisexe vesper en lin rose 100% naturel avec patch fleur brodé,54
3299,gilet-orange-en-crochet,I-Gilet Orange en Crochet,54
3300,jebba-lin-en-calligarphie-arabe-pour-femme,I-Jebba bleu ciel lin en calligarphie arabe pour femme,54
3301,robe-marron,I-Robe marron longue satin (création unique),54
3302,gilet-mauve,I-Gilet Mauve avec des détails en crochet,54
3303,gilet-orange,I-Gilet Orange avec un détail en broderie au milieu,54
3304,gilet-noir-et-blanc,I-Gilet blanc en hayak avec des détails et broderie en noir,54
3305,robe-blanche-en-lin-brodee-a-la-main,I-Robe Blanche en Lin Brodée à la main,54
3306,corsets-blanc-carolina-fait-main-en-tissu-vintage-recycle-oreiller-et-chutes-de-serge,I-Corsets blanc Carolina fait main en tissu Vintage recyclé,54
3307,kimono-hayek-vert-brode-a-la-main,I-Kimono hayek long en vert brodé à la main,54
3308,I-Farmla-tunisienne-brodée-à-la-main-en-vert,I-Farmla tunisienne brodée à la main en vert,106
3309,jupe-brodee,I-Jupe Brodée Avec des motifs multicouleur,54
3310,jebba-longue-brodee-a-la-main-avec-des-motifs-en-fleurs,I-Jebba longue brodée à la main avec des motifs en fleurs,54
3311,ensemble-pour-femme-en-bleu-turquoise-crop-top-et-pantalon-cheville,I-Ensemble pour femme en bleu turquoise crop top et pantalon cheville,54
3312,corset-argente-en-metal-des-annees-1970-piece-unique-handmade-a-partir-de-tissu-vintage,I-Corset Argenté des Années 1970 – Pièce Unique Handmade à partir de Tissu Vintage,54
3313,silver-corset-v2-with-plant-design-in-the-fabric-with-lining-inside-corset-argente-v2-avec-motif-vegetal-et-doublure-vintage-davant-2000-taille-30-26,I-Corset Argenté V2 avec Motif Végétal et Doublure – Vintage 2000,54
3314,kimono-blanc-avec-detail-bleu,I-kimono traditionnel marocain ouvert blanc artisanal,54
3315,jebba-longue-avec-motifs-floraux-fait-main,I-Jebba Longue avec Motifs Floraux fait-main,54
3316,top-sans-manches-brode-a-la-main-hayek,I-Top sans manches brodé à la main Hayek,54
3317,blouse-en-lin-blanc-brodee-a-la-main,I-Blouse en lin blanc brodée à la main,54
3318,eventail-en-plumes-de-mariee-couleur-beige,I-Éventail en plumes de mariée couleur beige,54
3319,eventail-de-plumes-de-mariee-couleur-blanc-avec-diamant,I-Éventail de plumes de mariée couleur blanc avec diamant,54
3320,eventail-de-plumes-de-mariee-couleur-blanc,I-Éventail de plumes de mariée couleur blanc,54
3321,men-s-traditional-tunisian-pants,I-Men’s Traditional Tunisian Pants,54
3322,jebba-tunisienne-2,I-Jebba Tunisienne,54
3323,white-and-silver-tunisian-jebba-with-farmala,I-White and Silver Tunisian Jebba with Farmala,54
3324,I-Pull-crochet-fait-à-main-sans-manches,I-Pull crochet fait à main sans manches,107
3325,jebba-tunisienne-rouge,I-Jebba Tunisienne Rouge,54
3326,jebba-tunisienne-blanche,I-Jebba Tunisienne Blanche,54
3327,culotte-menstruelle-flux-abondant,I-Culotte menstruelle flux abondant,54
3328,barnous,I-Barnous Tunisien avec Broderie Mauve,54
3329,tablier-scolaire-pour-fille-10ans,I-Tablier scolaire pour fille 10ans,54
3330,tampon-curcuma-visage-exfoliant-doux-soin-naturel-anti-taches-et-eclat,I-Tampon curcuma visage exfoliant doux – Soin naturel anti-taches et éclat,108
3331,bracelet-cuivre-homme-elegance-et-bien-etre-au-quotidien,I-Bracelet cuivre homme élégance et bien-être au quotidien,108
3332,bandeau-satin-peche-rose-bebe-clair-et-scrunchies-irresistibles,I-Bandeau satin pêche rosé bébé clair et scrunchies irrésistibles,108
3333,bonnet-satin-peche-rose-bebe-clair-pour-des-cheveux-proteges,I-bonnet satin peche rose bebe clair pour des cheveux protégés,108
3334,bonnet-satin-bleu-ice-pour-une-elegance-et-une-protection-ultime,I-bonnet satin bleu ice pour une élégance et une protection ultime,108
3335,taie-doreiller-satin-peche-rose-bebe-clair-douceur-et-elegance,I-Taie d’oreiller satin pêche rosé bébé clair douceur et élégance,108
3336,taie-doreiller-satin-luxe-vert-deau-pour-un-sommeil-elegant,I-taie d’oreiller satin luxe vert d’eau pour un sommeil élégant,108
3337,huile-de-pepins-de-figue-de-barbarie-bio-50-ml,I-Huile de pépins de figue de barbarie BIO 50 ml,108
3338,poudre-de-moringa-bio-100g-super-aliment-naturel-pour-energie-et-bien-etre,I-Poudre de moringa bio 100g – Super aliment naturel pour énergie et bien-être,108
3339,creme-fessier-bio-effet-immediat-250g-soin-naturel-nourrissant-et-apaisant,I-Crème fessier bio effet immédiat 250g – soin naturel nourrissant et apaisant,108
3340,demelant-naturel-cheveux-au-moringa-et-citron-vert-soin-hydratant-sans-sulfates,I-Démêlant naturel cheveux au moringa et citron vert – Soin hydratant sans sulfates,108
3341,creme-raffermissant-des-fesses-et-hanches-galbees,I-Crème raffermissant des fesses et hanches galbées,108
3342,demaquillant-booster-dhydratation,I-Démaquillant & booster d’hydratation,108
3343,serum-baari,I-Sérum Baari,108
3344,gommage-rose-eclat-et-hydratation-inspire-du-quartz-rose,I-Gommage rose éclat et hydratation inspiré du quartz rose,108
3345,gommage-rose-eclat-et-douceur-pour-une-peau-radieuse,I-Gommage rose éclat et douceur pour une peau radieuse,108
3346,pommade-de-bafoussam-jouissance-sexuelle-10g-beaute-naturelle-et-detente-pour-couples,I-Pommade de Bafoussam JOUISSANCE SEXUELLE 10g – Beauté naturelle et détente pour couples,108
3347,bain-de-huile-royale-malakite-12-en-1-cheuveux,I-bain de huile Royale malakite 12 en 1 cheuveux,108
3348,lait-de-corps-blanchissant-500ml-soin-eclaircissant-et-hydratant-peau-unifiee,I-Lait de corps blanchissant 500ml – Soin éclaircissant et hydratant peau unifiée,108
3349,bracelet-elegant-et-chouchou-pour-cheveux,I-Bracelet élégant et chouchou pour cheveux,108
3350,chouchous-satin-luxe-rose-fushia-pour-un-style-irreprochable,I-Bandeau Satin rose fushia & Scrunchies Anti-Frisottis,108
3351,masque-de-nuit-en-satin-rose-fushia-confort-et-obscurite-totale,I-Masque de nuit en satin rose fushia confort et obscurité totale,108
3352,bonnet-satin-rose-fushia-reversible-pour-proteger-vos-cheveux,I-bonnet satin rose fushia réversible pour protéger vos cheveux,108
3353,I-Parfum-haut-de-gamme-homme-100-ml-–-Élégance-noire-et-or,I-Parfum haut de gamme homme 100 ml – Élégance noire et or,109
3354,gommage-cafe-eclat-naturel-au-moix-de-coco-branzite,I-Gommage café éclat naturel au moix de coco Branzite,108
3355,gommage-vanille-luxe,I-Gommage vanille luxe,108
3356,savon-noir-premium-black-onyx,I-Savon noir premium Black onyx,108
3357,encens-parfume-pour-maison-300g-odeur-agreable-et-luxe-oriental,I-Encens parfumé pour maison 300g – Odeur agréable et luxe oriental,108
3358,encens-oud-noire-1kg-granules-parfumes-luxe-pour-maison-et-bien-etre,I-Encens oud noire 1KG – Granules parfumés luxe pour maison et bien-être,108
3359,creme-de-jour-rose-morning-blossom,I-Crème de Jour rose Morning Blossom,108
3360,brosse-a-cheveux-en-bois-dolivier,I-Brosse à cheveux en bois d’olivier,108
3361,hydrolat-de-rose-apaisant-de-damas-250ml-pour-une-peau-revitalisee,I-Hydrolat de rose apaisant de Damas 250ml pour une peau revitalisée,108
3362,sorgho-moulu-%d8%af%d8%b1%d8%b9-%d9%85%d8%b1%d8%ad%d9%8a-500g,I-Sorgho moulu ( درع مرحي ) 500g,16
3363,I-Créme-à-mains-anti-tache,I-Créme à mains anti tache,50
3364,huile-vegetale-noix-de-coco,I-Huile vegetale Noix de coco,108
3365,poudre-moringa-exfoliante,I-Poudre moringa exfoliante,108
3366,poudre-exfoliante-eclatante-pour-une-peau-douce-et-revitalisee,I-Poudre exfoliante éclatante pour une peau douce et revitalisée,108
3367,ghassoul-marocain-purifiant-pour-une-peau-eclatante-et-douce,I-Ghassoul marocain purifiant pour une peau éclatante et douce,108
3368,huile-de-noyaux-dabricot-pure-pour-une-peau-eclatante-et-nourrie,I-Huile de noyaux d’abricot pure pour une peau éclatante et nourrie,108
3369,soin-visage-hydratant-au-lait-de-chevre,I-Soin visage Hydratant au lait de chèvre,108
3370,I-Savon-blanchissant-efficace-et-anti-vergetures,I-Savon blanchissant efficace et anti vergetures,110
3371,creme-resserrement-vaginal-femme-soin-intime-raffermissant-et-satisfaction,I-Crème resserrement vaginal femme – Soin intime raffermissant et satisfaction,108
3372,serum-bel-age-2,I-serum bel age,108
3373,serume-visage-reines-des-roses,I-Sérum visage reines des roses,108
3374,parfum-terre-dorient,I-parfum terre d’orient,108
3376,I-serum-beaux-ongles,I-serum beaux ongles ,695
3377,blush-rouge-eclat-naturel-pour-un-teint-lumineux-et-frais,I-blush rouge éclat naturel pour un teint lumineux et frais,108
3378,hand-foot-cream,I-Hand & Foot Cream,108
3379,organic-argan-vegetable-oil-3,I-Organic Argan Vegetable Oil,108
3380,bitter-orange-essential-oil,I-Bitter Orange Essential Oil,108
3381,neroli-essential-oil,I-Neroli Essential Oil,108
3382,organic-and-natural-eucalyptus-essential-oil-2,I-Organic and Natural Eucalyptus Essential Oil,108
3383,cypress-essential-oil-3,I-cypress essential oil,108
3384,organic-and-natural-jasmine-essential-oil-2,I-Organic and Natural Jasmine Essential Oil,108
3385,lemon-essential-oil-10-ml-2,I-Lemon Essential Oil (10 ml),108
3386,prickly-pear-soap-bar-135g,I-Prickly Pear Soap Bar 135g,108
3387,100-natural-rosemary-essential-oil-2,I-100% Natural Rosemary Essential Oil,108
3388,peppermint-essential-oil-2,I-Peppermint Essential Oil,108
3389,lavender-essential-oil-2,I-Lavender Essential Oil,108
3390,rosemary-anti-hair-loss-conditioner-2,I-Rosemary Anti-Hair Loss Conditioner,108
3391,100-natural-avocado-vegetable-oil-2,I-100% Natural Avocado Vegetable Oil,108
3392,harmel-hair-oil-anti-hair-loss-women-2,I-Harmel Hair Oil Anti-hair loss_ women,108
3393,green-pepper-hair-growth-serum-for-fast-results-3,I-Green Pepper Hair Growth Serum for Fast Results,108
3394,I-Hair-loss-lotion-with-rosemary-essential-oil,I-Hair loss lotion with rosemary essential oil,50
3395,100-natural-tea-tree-essential-oil-3,I-100% Natural Tea Tree Essential Oil,108
3396,bitter-almond-oil-30-ml-2,I-Bitter Almond Oil – 30 ml,108
3397,jasmine-body-lotion,I-Jasmine Body Lotion,108
3398,brume-forest-scent-eau-de-parfum-for-men-15ml,I-Brume Forest Scent – Eau de Parfum for Men 15ml,108
3399,kane-organic-bazooka-powder-15g-natural-beauty-and-wellness-care,I-Kane Organic Bazooka Powder 15g – Natural Beauty and Wellness Care,108
3400,natural-butt-enhancement-powder-fast-volume-and-shaping-50g-2,I-Natural Butt Enhancement Powder – Fast Volume and Shaping 50g,108
3401,mberbeuf-natural-radiant-anti-pimple-soap-for-perfect-skin-2,I-Mberbeuf Natural Radiant Anti-Pimple Soap for Perfect Skin,108
3402,organic-cocoa-and-baobab-lip-balm,I-Organic Cocoa and Baobab Lip Balm,108
3403,sexual-power-powder-natural-ointment-boost-performance-in-bed,I-Sexual Power Powder & Natural Ointment – Boost Performance in Bed,108
3404,attot-original-wellness-drink-250-ml-2,I-Attoté original wellness drink (250 ml),108
3405,soft-crossed-thread-rug-100-x-150-cm,I-Soft Crossed-Thread Rug – 100 x 150 cm,108
3406,woven-thread-bedside-rug-midnight-blue-fringes-75-x-115-cm,I-Woven Thread Bedside Rug – Midnight Blue Fringes – 75 x 115 cm,108
3407,longrich-moisturizing-body-care-mini-set-2,I-Longrich moisturizing body care mini set,108
3408,red-raspberry-solid-conditioner-radiance-and-natural-softness-3,I-Red Raspberry Solid Conditioner – Radiance and Natural Softness,108
3409,12-solid-conditioner-cubes-white-musk-red-pink-for-normal-hair,I-12 solid conditioner cubes white musk red pink for normal hair,108
3410,beurre-de-mangue-naturel-250g-soin-hydratant-visage-et-corps-raffermissant,I-Beurre de mangue naturel 250g – Soin hydratant visage et corps raffermissant,108
3411,gamme-capillaire-chebe-clou-de-girofle-soin-capillaire-naturel-hydratant,I-Gamme Capillaire Chébé Clou de Girofle – Soin Capillaire Naturel Hydratant,108
3412,pommade-dura-fess-soin-fessiers-efficace-et-raffermissant-naturel-100g,I-Pommade Dura Fess – Soin Fessiers Efficace et Raffermissant Naturel 100g,108
3413,mini-kanoun-ceramic-incense-burner,I-Mini “Kanoun” Ceramic Incense Burner,108
3414,pack-of-5-zoulia-el-manar-natural-soap-bars-375-g,I-Pack of 5 Zoulia EL MANAR Natural Soap Bars (375 g),108
3415,dog-sculpture-with-ceramic-balloon-design-and-polka-dot-patterns-12-cm-2,I-Dog Sculpture with ceramic balloon design and polka dot patterns (12 cm),108
3416,strawberry-dog-ceramic-sculpture-12-cm,I-Strawberry Dog Ceramic Sculpture (12 cm),108
3417,malaki-natural-soap-125g-2,I-Malaki Natural Soap 125g,108
3418,natural-soap-zoulia-el-manar-400g,I-Natural Soap Zoulia EL MANAR 400g,108
3419,black-seed-oil-soap-75g-2,I-Black Seed Oil Soap 75g,108
3420,ayatal-al-kourci-stainless-steel-bracelet-and-islamic-women-s-jewelry-necklace,I-Ayatal Al Kourci Stainless Steel Bracelet and Islamic Women’s Jewelry Necklace,108
3421,date-seed-oil-15ml,I-Date Seed Oil 15ml,108
3422,pure-extra-virgin-hazelnut-vegetable-oil-50-2,I-Pure Extra Virgin Hazelnut Vegetable Oil (50),108
3423,karicacao-vanilla-cream-for-body-and-hair-with-shea-and-cocoa-butters,I-Karicacao Vanilla cream for body and hair with shea and cocoa butters,108
3424,myrtle-essential-oil-2,I-Myrtle Essential Oil,108
3425,sweet-almond-oil,I-Sweet Almond Oil,108
3426,senegalese-natural-product-to-improve-sperm-quality-2,I-Senegalese natural product to improve sperm quality,108
3427,senegalese-natural-aphrodisiac-powder-2,I-Senegalese Natural Aphrodisiac Powder,108
3428,extreme-white-shower-gel-2,I-Extreme White Shower Gel,108
3429,organic-certified-moringa-powder,I-Organic Certified Moringa Powder,108
3430,aloe-vera-anti-acne-lotion-2,I-Aloe Vera Anti-Acne Lotion,108
3431,pousse-scalp-serum,I-POUSSE + Scalp Serum,108
3432,I-Moisturizing-Goat-Milk-Soap-with-Nigella-Oil,I-Moisturizing Goat Milk Soap with Nigella Oil,111
3433,couscous-de-ble-500g,I-Couscous de blé 500g,16
3434,natural-face-anti-spot-soap-licorice-chickpeas-radiance-and-unified-complexion-2,I-Natural Face Anti-Spot Soap Licorice & Chickpeas – Radiance and Unified Complexion,108
3435,I-Natural-2-in-1-Okra-and-Spirulina-Solid-Shampoo,I-Natural 2-in-1 Okra and Spirulina Solid Shampoo,695
3436,islamic-wooden-wall-decor-surah-al-ikhlas-2,I-Islamic Wooden Wall Decor Surah Al-Ikhlas,108
3437,exotic-health-drink-monkey-bread-soursop-110ml-tropical-vitality-2,I-Exotic Health Drink Monkey Bread Soursop 110ml – Tropical Vitality,108
3438,I-Women’s-Straight-Short-Bob-Human-Hair-Wig,I-Women’s Straight Short Bob Human Hair Wig,236
3439,subtila-plant-based-hair-color,I-Subtila Plant-Based Hair Color,108
3554,prickly-pear-oil,I-Prickly Pear Oil,108
3440,fresh-watermelon-shea-body-moisturizer-natural-dry-skin-care-250ml,I-Fresh Watermelon & Shea Body Moisturizer – Natural dry skin care 250ml,108
3441,organic-spirulina-solid-hair-mask-natural-handmade-curly-hair-care,I-Organic Spirulina Solid Hair Mask – Natural Handmade Curly Hair Care,108
3442,I-Natural-Shower-Gel-Momordica,I-Natural Shower Gel Momordica,113
3443,I-Nila-Blue,I-Nila Blue,113
3444,natural-styling-cream-for-curly-hair,I-Natural Styling Cream for Curly Hair,108
3445,I-Natural-Sugar-Face-Scrub-–-African-Plants,I-Natural Sugar Face Scrub – African Plants,113
3446,nila-qasil-fermented-rice-soap-2,I-Nila Qasil & Fermented Rice Soap,108
3447,I-Bearberry-Oil-Macerate-–-Anti-Dark-Spot-Treatment,I-Bearberry Oil Macerate – Anti-Dark Spot Treatment,113
3448,natural-curly-hair-care-sulfate-free-organic-hair-routine-350-ml,I-Natural Curly Hair Care: Sulfate-Free Organic Hair Routine 350 ML,108
3449,pink-and-white-clay-soap,I-Pink and White Clay Soap,108
3450,I-Handmade-Exfoliating-Coffee-Soap,I-Handmade Exfoliating Coffee Soap,114
3451,natural-dry-hair-care-rosemary-shampoo-and-organic-growth-oil-2,I-Natural dry hair care: rosemary shampoo and organic growth oil,108
3452,natural-artisanal-mbeur-mbeuf-soap-moisturizing-superfatted-face-and-body-2,I-Natural artisanal mbeur mbeuf soap – Moisturizing superfatted face and body,108
3453,artisanal-turmeric-activated-charcoal-soap-natural-clarifying-face-and-body,I-Artisanal Turmeric Activated Charcoal Soap – Natural Clarifying Face and Body,108
3454,I-Artisanal-Pink-and-White-Clay-Soap,I-Artisanal Pink and White Clay Soap,114
3455,organic-black-seed-powder-100g-artisan-habbatus-sauda-for-health-benefits,I-Organic Black Seed Powder 100g – Artisan Habbatus Sauda for Health Benefits,108
3456,savon-citron-concombre-artisanal-naturel-fraicheur-et-douceur-bio-50g,I-Savon citron concombre artisanal naturel – Fraîcheur et douceur bio 50g,108
3457,biodegradable-natural-konjac-soft-sponge-2,I-Biodegradable Natural Konjac Soft Sponge,108
3458,ustensile-cuisine-bois-naturel-artisanal-spatule-et-cuillere-ecologique-durable,I-Ustensile cuisine bois naturel artisanal – Spatule et cuillère écologique durable,108
3459,tasse-et-sous-tasse-la-douce-en-ceramique,I-Tasse et sous-tasse “LA DOUCE” en céramique,108
3460,chapelet-raffine-en-cristal-noir,I-Chapelet raffiné en cristal noir,108
3461,chapelet-raffine-en-cristal-de-boheme-jaune,I-Chapelet raffiné en cristal de bohème jaune,108
3462,mot-decoratif-love-en-ceramique-doree-10-cm,I-Mot décoratif LOVE en céramique dorée (10 cm),108
3463,bague-en-cuivre-et-nacre,I-Bague en cuivre et nacre,108
3464,collier-fleur-cristalline-bijou-raffine-aux-pierres-semi-precieuses,I-Collier Fleur Cristalline – Bijou Raffiné aux Pierres Semi-Précieuses,108
3465,collier-medaillons-dores-pierres-semi-precieuses-piece-artisanale-unique,I-Collier Médaillons Dorés & Pierres Semi-Précieuses – Pièce Artisanale Unique,108
3466,savon-noir-naturel-300g-soin-du-corps-exfoliant-et-peau-douce-longrich,I-Savon noir naturel 300g – Soin du corps exfoliant et peau douce Longrich,108
3467,high-end-perfume-rifaaqat-paris-corner-amber-white-elegance,I-High-End Perfume Rifaaqat Paris Corner – Amber White Elegance,108
3468,soin-yeux-naturel-illuminateur-a-lhuile-de-figue-de-barbarie,I-Soin yeux naturel illuminateur à l’huile de figue de barbarie,108
3469,mini-parfum-homme-femme-parfum-de-marque-longue-tenue-format-voyage,I-Mini parfum homme femme – Parfum de marque longue tenue format voyage,108
3470,deodorant-solide,I-Déodorant solide,108
3471,lotion-tonique-purifiante-et-anti-imperfection-kinkeliba-et-niacinamide-50-ml,I-Lotion tonique purifiante et anti-imperfection kinkéliba et niacinamide (50 ml),108
3472,lotion-micellaire-reglisse-et-safran-50ml,I-Lotion micellaire réglisse et safran (50ml),108
3473,lait-hydratant-cheveux-et-peau-sombi-spray-au-riz-du-senegal-250ml,I-Lait hydratant cheveux et peau SOMBI spray au riz du Sénégal (250ml),108
3474,huile-amande-amere-30ml-soin-hydratant-et-anti-age-premium,I-huile amande amère 30ml soin hydratant et anti-âge premium,108
3475,I-Soothing-Soap-with-Bitter-Melon,I-Soothing Soap with Bitter Melon,695
3476,natural-rose-hydrosol-2,I-Natural Rose Hydrosol,108
3477,superfatted-soaps-with-prickly-pear-seed-oil-and-aloe-vera-100-g,I-Superfatted soaps with prickly pear seed oil and aloe vera (100 G),108
3478,superfatted-soap-with-prickly-pear-seed-oil-and-rose-water-100-g-2,I-Superfatted Soap with Prickly Pear Seed Oil and Rose Water (100 G),108
3479,premium-invisible-sunscreen-50-ml-2,I-Premium Invisible Sunscreen (50 ml),108
3480,turmeric-facial-cleansing-foam-with-niacinamide-and-collagen-60ml,I-Turmeric Facial Cleansing Foam with Niacinamide and Collagen (60ml),108
3481,moisturizing-baby-body-lotion-baby-nuccy-2,I-Moisturizing Baby Body Lotion Baby Nuccy,108
3482,preta-natural-vegan-moisturizing-mint-lip-balm-3,I-Preta Natural Vegan Moisturizing Mint Lip Balm,108
3483,savon-surgras-a-lhuile-de-noyaux-de-datte-100-g,I-Savon Surgras à l’Huile de Noyaux de Datte (100 G),108
3484,savons-surgras-a-base-de-lhuile-de-nigelle-100-g,I-Savons surgras à base de l’huile de nigelle 100 G,108
3485,I-Douce-Perle-conditioner-for-textured-hair-Shea,I-Douce Perle conditioner for textured hair Shea,695
3486,intense-freshness-detox-shampoo-for-purified-scalp-2,I-Intense Freshness Detox Shampoo for Purified Scalp,108
3487,extra-virgin-castor-vegetable-oil,I-Extra Virgin Castor Vegetable Oil,108
3488,coconut-vegetable-oil-30-ml,I-Coconut Vegetable Oil 30 ml,108
3489,savon-papaye-argan-savon-artisanal-naturel-doux-visage-et-peaux-sensibles,I-Savon doux au Papaye Argan (Visage et Peaux Sensibles),108
3490,savon-antiseptique-naturel-neem-mbeurbeuf-exfoliant-visage-et-peau-sensible,I-Savon exfoliant antiseptique naturel Neem (Peau Sensible),108
3491,lentisk-vegetable-oil-30-ml,I-Lentisk Vegetable Oil 30 ml,108
3492,keur-maba-pure-cocoa-butter-premium-moisturizing-care-250g-3,I-Keur Maba Pure Cocoa Butter Premium Moisturizing Care 250g,108
3493,pure-shea-butter-500g-for-nourished-and-revitalized-skin-2,I-Pure Shea Butter 500g for nourished and revitalized skin,108
3494,lait-corporel-hydratant-naturel-homme-au-baobab-250g,I-Lait corporel hydratant naturel homme au baobab (250g),108
3495,kit-soin-corporel-homme-naturel,I-Kit soin corporel homme naturel,108
3496,I-Soin-Réparateur-Sans-Rinçage-Karité,I-Soin Réparateur Sans Rinçage Karité,115
3497,collier-avec-pendentif-nacre-en-acier-inoxydable-de-qualite,I-Collier avec pendentif nacre en acier inoxydable de qualité,108
3498,collier-coeur-en-acier-inoxydable,I-Collier cœur en acier inoxydable,108
3499,collier-tortue-chaine-en-acier-inoxydable,I-Collier tortue chaine en acier inoxydable,108
3500,collier-5-tortues-avec-chaine-en-acier-inoxydable,I-Collier 5 tortues avec chaîne en acier inoxydable,108
3501,shampooing-afro-locks-nettoyant-doux-clarifiant-300-g,I-Shampooing AFRO LOCKS nettoyant doux & clarifiant (300 g),108
3502,soin-lait-capillaire-nourrissant-hydratant-locks-milktouch-250g,I-Soin Lait capillaire nourrissant hydratant locks Milk’Touch (250g),108
3503,spray-soin-hydratant-naturel-pour-locks-et-cuir-chevelu,I-Spray soin hydratant naturel pour locks et cuir chevelu,108
3504,bain-dhuiles-afro-locks-150-g,I-Bain d’huiles AFRO LOCKS (150 g),108
3505,pack-soins-hydratation-de-cheveux-locks-et-afro,I-Pack soins hydratation de cheveux locks et afro,108
3506,pommade-raffermissante-seins-et-fesses-naturelle-avec-huile-galbante-250g,I-Pommade raffermissante seins et fesses naturelle avec huile galbante 250g,108
3507,huile-pousse-cheveux-naturelle-pommade-mounish-hair,I-Huile pousse cheveux naturelle & pommade Mounish Hair,108
3508,baume-de-massage-naturelle-soulagement-douleurs-200g,I-Baume de massage naturelle soulagement douleurs (200g),108
3509,gommage-exfoliant-pour-corps-a-base-de-spiruline-naturel-et-huile-de-baobab-250g,I-Gommage exfoliant pour corps à base de spiruline naturel et huile de baobab (250g),108
3510,chantilly-soin-naturel-corps-et-cheveux-nourrissant-au-karite-coco-500g,I-Chantilly Soin naturel corps et cheveux nourrissant au karité coco (500g),108
3511,pommade-naturelle-fait-main-500g-hydratante-et-nourrissante-aux-beurres,I-Pommade naturelle fait main 500g hydratante et nourrissante aux beurres,108
3512,savon-nila-bleu-exfoliant-et-hydratant-visage-et-corps,I-Savon nila bleu exfoliant et hydratant visage et corps,108
3513,pot-pet-recyclable-transparent-250-ml-avec-couvercle,I-Pot PET recyclable transparent 250 ml avec couvercle,108
3514,huile-de-massage-bebe-naturelle-au-karite-et-amande-douce-100-ml,I-Huile de massage bébé naturelle au karité et amande douce 100 ML,108
3515,I-Pink-Clay-Face-Mask-–-Purifying,I-Pink Clay Face Mask – Purifying,114
3516,set-of-10-reusable-cotton-eco-friendly-sanitary-napkins-nopal,I-Set of 10 Reusable Cotton Eco-Friendly Sanitary Napkins Nopalé,108
3517,natural-hair-care-for-children-with-bissap-for-afro-friendly-hair,I-Natural Hair Care for Children with Bissap for Afro-Friendly Hair,108
3518,I-Teranga-Natural-Body-Range:-Glow-Up-Routine,I-Teranga Natural Body Range: Glow Up Routine,116
3519,natural-shea-therapeutic-cream-timeless-glow,I-Natural Shea Therapeutic Cream – Timeless Glow,108
3520,africa-wonders-natural-hair-care-artisanal-african-hair-products,I-Africa Wonders Natural Hair Care – Artisanal African Hair Products,108
3521,soin-de-nuit-bio,I-Soin de nuit BIO,108
3522,creme-thermo-protectrice,I-Crème Thermo protectrice,108
3523,soin-apres-shampoing-nourrissant-bio,I-Soin Après Shampoing Nourrissant BIO,108
3524,lait-demaquillant-douceur-bio,I-Lait démaquillant douceur BIO,108
3525,I-Baume-Argan-Peaux-Irritées-–-Soin-Naturel-Eczéma,I-Baume Argan Peaux Irritées – Soin Naturel Eczéma,117
3526,power-artebio-huile-de-massage-anti-douleurs-circulation-sanguine-100-naturelle,I-POWER+ ARTÉBIO Huile de massage anti-douleurs – Circulation sanguine 100% naturelle,108
3527,I-Baume-après-rasage-homme-naturel-argan,I-Baume après-rasage homme naturel argan,695
3528,luminea-baume-anti-rides-argan-figue-de-barbarie-soin-visage-naturel-nourrissant,I-LUMINEA Baume anti-rides argan et figue de barbarie – Soin visage naturel nourrissant,108
3529,lumi-s5,I-LUMI S5 SERUM ÉCLAT ET ECLAIRCISSANT VISAGE,108
3530,byba-hair-creme-booster,I-Byba Haïr crème booster,108
3531,nourishing-organic-shampoo-for-dry-and-damaged-hair-2,I-Nourishing Organic Shampoo for Dry and Damaged Hair,108
3532,organic-foaming-cleansing-gel-with-aloe-vera-for-sensitive-skin-2,I-Organic Foaming Cleansing Gel with Aloe Vera for Sensitive Skin,108
3533,organic-gentle-exfoliating-gel-for-radiant-and-healthy-skin,I-Organic Gentle Exfoliating Gel for Radiant and Healthy Skin,108
3534,organic-micellar-water-cleanses-and-hydrates-your-skin-gently-2,I-Organic Micellar Water Cleanses and Hydrates Your Skin Gently,108
3535,organic-moisturizing-cream-for-nourished-and-protected-skin,I-Organic Moisturizing Cream for Nourished and Protected Skin,108
3536,organic-moisturizing-cream-for-mattified-and-hydrated-skin,I-Organic Moisturizing Cream for Mattified and Hydrated Skin,108
3537,organic-exfoliating-cream-for-soft-and-radiant-skin,I-Organic Exfoliating Cream for Soft and Radiant Skin,108
3538,sublime-amijah-perfume-oils,I-Sublime Amijah Perfume Oils,108
3539,organic-nourishing-body-milk-for-soft-and-hydrated-skin,I-Organic Nourishing Body Milk for Soft and Hydrated Skin,108
3540,sweet-almond-vegetable-oil,I-sweet almond vegetable oil,108
3541,castor-oil-30-ml,I-Castor Oil 30 ml,108
3542,orange-blossom-water,I-Orange Blossom Water,108
3543,day-moisturizing-cream-greenskin-booster,I-Day Moisturizing Cream – GREENSkin Booster,108
3544,100-natural-and-organic-date-seed-soap-80-g,I-100% Natural and Organic Date Seed Soap (80 g),108
3545,artisanal-soap-with-geranium-water,I-Artisanal Soap with Geranium Water,108
3546,sweet-roses-solid-deodorant-50-gr,I-Sweet Roses Solid Deodorant – 50 gr,108
3547,natural-oliban-face-cream-amp-gel-radiant-hydration,I-Natural Oliban Face Cream & Gel – Radiant Hydration,108
3548,irresistible-raspberry-solid-shampoo-for-normal-hair,I-Irresistible Raspberry Solid Shampoo for Normal Hair,108
3549,100-natural-and-organic-date-pit-exfoliating-powder,I-100% Natural and Organic Date Pit Exfoliating Powder,108
3550,I-Shea-Clay-Bar,I-Shea Clay Bar,115
3551,activated-charcoal-solid-toothpaste-30-gr,I-Activated Charcoal Solid Toothpaste – 30 gr,108
3552,ndiaye-hair-premium-hair-cream-for-nourished-hair,I-NDIAYE HAIR premium hair cream for nourished hair,108
3553,premium-artisan-tea-box-with-honey-and-irresistible-infuser,I-Premium Artisan Tea Box with Honey and Irresistible Infuser,108
3555,I-Carrot-Seed-Oil-–-Anti-Aging,I-Carrot Seed Oil – Anti-Aging,113
3556,I-Artisanal-rice-milk-soap-–-Natural,I-Artisanal rice milk soap – Natural,695
3557,%d8%a7%d9%84%d9%84%d9%87%d9%85-%d8%a7%d8%b3%d8%b9%d8%af-%d8%a7%d9%87%d9%84-%d9%87%d8%b0%d8%a7-%d8%a7%d9%84%d8%a8%d9%8a%d8%aa-%d9%88-%d9%85%d9%86-%d8%b2%d8%a7%d8%b1%d9%87,I-Décoration murale spirituelle pour un foyer accueillant et paisible,108
3558,box-set-6-fish-coasters-gold-leaf-and-touch-of-black,I-Box Set – 6 Fish Coasters – Gold Leaf and Touch of Black,108
3559,bracelet-musulmans-en-acier-inoxydable,I-Bracelet musulmans en acier inoxydable,108
3560,artisanal-rose-blush-soap-with-goat-milk-elegant-natural-care,I-Artisanal Rose Blush Soap with Goat Milk – Elegant Natural Care,108
3561,lavender-citrus-artisan-soap-50g-natural-sweetness,I-Lavender & Citrus Artisan Soap 50g – Natural Sweetness,108
3562,organic-natural-body-care-set-with-bitter-cucumber-2,I-Organic Natural Body Care Set with Bitter Cucumber,108
3563,natural-hydrating-milk-amp-purifying-shower-gel-duo-vegan-freshness-care,I-Natural Hydrating Milk & Purifying Shower Gel Duo – Vegan Freshness Care,108
3564,revitalizing-beer-shampoo-bulles-d-orge,I-Revitalizing Beer Shampoo Bulles d’Orge,108
3565,vegan-apricot-face-scrub-natural-radiance-and-softness-100-ml-enriched-with-natural-extracts-2,I-Vegan Apricot Face Scrub – Natural Radiance and Softness 100 ml – Enriched with Natural Extracts,108
3566,faty-illuminating-body-milk-natural-glow-and-anti-stains-250ml,I-Faty Illuminating Body Milk Natural Glow and Anti-Stains 250ml,108
3567,luxurious-jojoba-oil-or-green-charm-natural-radiance,I-Luxurious Jojoba Oil Or GREEN CHARM – Natural Radiance,108
3568,face-cleanser-with-niacinamide-collagen-2,I-Face Cleanser with Niacinamide & Collagen,108
3569,gommage-aker-fassi-naturel-marocain,I-Gommage Aker Fassi naturel marocain,108
3570,tableau-contemporain-abstrait-colore,I-Tableau contemporain abstrait coloré,108
3571,tableau-poissons-colores-stylises,I-Tableau poissons colorés stylisés,108
3572,lampe-artisanale-en-ceramique-bleue-ajouree,I-Lampe artisanale en céramique bleue ajourée,108
3573,huile-damande-douce-pour-une-peau-douce-et-des-cheveux-sains,I-Huile d’AMANDE DOUCE pour une peau douce et des cheveux sains,108
3574,huile-de-nigelle-pure-pour-peau-eclatante-et-cheveux-revitalises,I-Huile de NIGELLE pure pour peau éclatante et cheveux revitalisés,108
3575,huile-figue-de-barbarie-anti-age-lissante-et-raffermissante-premium,I-Huile FIGUE DE BARBARIE anti âge lissante et raffermissante premium,108
3576,huile-chardon-marie-pure-pour-foie-en-pleine-sante-et-cheveux,I-Huile CHARDON MARIE pure pour foie en pleine santé et cheveux,108
3577,croquis-artistique-poissons-abstraits,I-Croquis artistique “Poissons abstraits”,108
3578,12-cubes-dapres-shampoing-solide-pour-cheveux-gras-parfum-verveine,I-Après-shampoing Solide Cheveux Gras – Citron Verveine Naturel,108
3579,huile-seche-paillete-bronzonte-a-base-du-monoi,I-Huile sèche paillété bronzonte à base du Monoï,108
3580,masque-cheveux-bio-touch-reparez-et-nourrissez-intensement,I-Masque Cheveux Bio Touch : Réparez et Nourrissez Intensément,108
3581,eau-de-geranium-naturelle,I-Eau de géranium 250ml,108
3582,eau-de-rose-naturelle,I-Eau de rose naturelle 250ml,108
3583,eau-de-fleur-doranger-bigaradier,I-Eau fleur de bigaradier 250ml,108
3584,sel-de-bain-a-la-lavande-et-au-romarin-pot-en-verre,I-Sel de Bain Lavande & Romarin – 500g- 100% Naturel,108
3585,flaxseed-oil-30-ml,I-Flaxseed Oil 30 ml,108
3586,black-seed-oil-30-ml,I-Black Seed Oil 30 ml,108
3587,huile-de-pepins-de-figue-de-barbarie-bio-15-ml,I-Huile de Pépins de Figue de Barbarie BIO 15 ml,108
3588,bio-prickly-pear-seed-oil-30-ml,I-BIO Prickly Pear Seed Oil 30 ml,108
3589,roll-on-tonifiant-naturel-auroria-10ml,I-Roll-on tonifiant naturel AURORIA 10ml,108
3590,jojoba-oil-50-ml,I-Jojoba Oil 50 ml,108
3591,pomegranate-seed-oil-30-ml,I-Pomegranate Seed Oil 30 ml,108
3592,roll-on-detente-lunaria-riche-en-huiles-essentielles-naturelles-10-ml,I-Roll-on relaxant “Lunaria” riche en huiles essentielles naturelles (10 ml),108
3593,pack-anti-chute-cheveux-riche-en-romarin-argan-vitamine-e,I-Pack antichute cheveux premium au romarin argan et vitamine E,108
3594,I-Huile-de-souchet-15-ML-:-Épilation-facile,I-Huile de souchet 15 ML : Épilation facile,118
3595,shine-on,I-Huile sèche pailletée 100ml : Éclat irrésistible au soleil,108
3596,beurre-de-karite-2,I-BEURRE DE karité,108
3597,huile-vegetale-damandes-ameres-100-naturelle,I-Huile végétale d’amandes amères 100% naturelle,108
3598,baume-a-levre-nourrissant,I-Baume à lèvres nourrissant et réparateur à base de beurre de karité ou de miel,108
3599,brume-elegance-orientale-aux-note-fleuries-orientales-15ml,I-Brume élégance orientale aux note fleuries orientales (15ml),108
3600,huile-de-noyaux-de-dattes-30-mil,I-Huile de noyaux de dattes hydratation & régénération naturelle (30 ml),108
3601,rosemary-anti-hair-loss-shampoo-250-ml-2,I-Rosemary Anti-Hair Loss Shampoo – 250 ml,108
3602,huile-de-nigelle-100-naturelle,I-Huile de nigelle 100% naturelle,108
3603,huile-vegetale-de-lentisque,I-huile végétale de lentisque,108
3604,huile-vegetale-de-jojoba,I-Huile végétale de jojoba,108
3605,huile-vegetale-noisette,I-Huile végétale noisette,108
3606,huile-de-sesame,I-Huile de sésame,108
3607,huile-damande-douce-2,I-Huile d’amande douce,108
3608,huile-de-ricin,I-Huile de ricin 30ml,108
3609,savon-lentisque,I-Savon lentisque,108
3610,savon-de-nigelle,I-Savon de nigelle,108
3611,savon-anti-age-a-la-rose-de-damas,I-Savon anti-âge à la rose de Damas,108
3612,lip-gloss,I-Lip gloss,108
3613,huile-essentielle-cypres,I-Huile essentielle cyprès,108
3614,hydrolat-dencens-doliban,I-Hydrolat d’encens d’oliban,108
3615,hydrolat-de-romarin-a-cineole-biologique,I-Hydrolat de romarin à cinéole biologique,108
3616,hydrolat-eau-de-rose-de-damas,I-Hydrolat eau de rose de damas (100 g),108
3617,huile-essentielle-lavande-fine,I-Huile Essentielle lavande fine,108
3618,huile-essentielle-eucalyptus,I-Huile Essentielle Eucalyptus,108
3619,huile-essentielle-menthe,I-Huile Essentielle Menthe Pouliot,108
3620,huile-essentielle-dencens-dolive,I-Huile Essentielle d’encens D’oliban,108
3621,draineur-detox-bio-500-ml,I-Draineur detox bio 500 ml,108
3622,creme-apaisante-calmante,I-Crème apaisante calmante – 50 ml,108
3623,creme-amincissante-anti-cellulite-face,I-Crème Amincissante anti cellulite – 50 ml,108
3624,mousse-nettoyante-vitamine-c,I-Mousse Nettoyante vitamine C (150 ml),108
3625,serum-vitamine-c,I-Sérum Vitamine C (30ml),108
3626,fragrance-neroli,I-Fragrance néroli,108
3627,huile-vierge-de-moringa-apaisant-nourrissant-regenerant-protecteur-eclaircissant,I-Huile vierge de moringa apaisant- nourrissant- régénérant- protecteur -éclaircissant,108
3628,huile-vierge-figue-de-barbarie-anti-rides-antitaches,I-huile vierge figue de barbarie anti-rides antitaches 10 ml,108
3629,geranium-rosat-usage-interne-visage,I-Géranium rosat usage interne visage,108
3630,gel-daloe-vera-riche-en-lavande-et-geranium,I-Gel d’aloe Vera riche en lavande et géranium,108
3631,fragrance-rose-de-mai,I-fragrance rose de mai,108
3632,fragrance-jasmin,I-Huile essentielle au Jasmin (10ml),108
3633,fleur-doranger-amer-usage-interne-visage,I-Fleur d’oranger amer usage interne visage,108
3634,eau-florale-de-fleurs-daloe-vera-barbadesis,I-Eau florale de fleurs d’aloe Vera Barbadesis,108
3635,eau-floral-de-rose-de-mai-usage-interne-visage-cheveux,I-Eau floral de rose de mai usage interne visage & cheveux,108
3636,eau-floral-de-encres-doliban,I-Eau floral de encres d’oliban 150 ml,108
3637,gel-purifiant-vitamine-c,I-Gel purifiant vitamine C sans rinçage avec complexe vitamine c et huile essentielle de citron et orange,108
3638,I-Coffret-de-5-produits-Glow+-:-Routine-Éclat-Visage-–-Peeling,I-Coffret de 5 produits Glow+ : Routine Éclat Visage – Peeling,695
3639,I-Coffret-Summer-Kisses-Soin-Estival-:-Huile-Solaire,I-Coffret Summer Kisses Soin Estival : Huile Solaire,119
3640,I-Brume-Parfumée,I-Brume Parfumée,695
3641,I-Huile-avant/après-le-bronzage,I-Huile avant/après le bronzage ,120
3642,huile-pailletee,I-Huile Pailletée- 100ml,108
3643,clay-detox-masque,I-Masque Detox à l’extrait de thé vert pour peau grasse – 100ml,108
3644,super-food-masque,I-Masque nutrition intense à l’extrait d’avoine- 100ml,108
3645,glow-boost-masque,I-Glow Boost masque,108
3646,huile-visage-reparatrice,I-Huile visage réparatrice pour peau sèche – 30ml,108
3647,huile-visage-antioxydante,I-Huile visage équilibrante pour peau grasse – 30ml,108
3648,huile-eclat-visage,I-Huile éclat à la vitamine C pour visage (30ml),108
3649,I-Crème-Contour-des-Yeux,I-Crème Contour des Yeux,120
3650,savon-black-soap,I-Savon Purifiant au charbon et arbre à thé pour peau grasse-100g,108
3651,hydrolat-de-rose-de-damas-2,I-Hydrolat de Rose de Damas – 150ml,108
3652,hydrolat-de-lavande,I-Hydrolat de Lavande – 150ml,108
3653,hydrolat-de-romarin,I-Hydrolat de Romarin – 150ml,108
3654,hydrolat-dortie,I-Hydrolat d’Ortie – 150ml,108
3655,hydrolat-de-citron,I-Hydrolat de Citron – 150ml,108
3656,hydrolat-de-geranium,I-Hydrolat de Géranium – 150ml,108
3657,hydrolat-fleur-doranger,I-Hydrolat fleur d’oranger – 150ml,108
3658,pack-soin-corporel-green,I-Pack soin corporel Green: lait de corps exotique+ gommage corporel menthe poivrée+ sel de bain Menthe+ savon au Lait d’avoine+ bombe de bain+ serviette en coton 15*15cm,108
3659,sel-de-bain-lavender,I-Sel de bain Lavande – 160g,108
3660,sel-de-bain-rose,I-Sel de bain Rose – 160g,108
3661,I-Sel-de-bain,I-Sel de bain,120
3662,poudre-surfine-dargile-jaune,I-Poudre surfine d’argile jaune,108
3663,poudre-surfine-dargile-rose,I-Poudre surfine d’argile rose,108
3664,poudre-surfine-dargile-verte,I-Poudre surfine d’argile verte,108
3665,poudre-surfine-dargile-rouge,I-Poudre surfine d’argile rouge,108
3666,poudre-surfine-de-ghassoul,I-Poudre surfine de Ghassoul – 200g,108
3667,poudre-surfine-de-kaolin,I-Poudre surfine de Kaolin,108
3668,I-Lait-de-corps-vanille,I-Lait de corps vanille ,120
3669,lait-de-corps-pure-exotic,I-Lait de corps- Pure exotic,108
3670,lait-de-corps-flower-rain,I-Lait de corps – Flower Rain,108
3671,lait-de-corps-arabian-nights,I-Lait de corps- Arabian nights,108
3672,baume-nettoyant-naked-face,I-Baume démaquillant – 150g,108
3673,mousse-nettoyante-naked-face,I-Mousse nettoyante à l’Aloe Vera – 200ml,108
3674,serum-skin-booster,I-Serum Skin Booster à la Niacinamide – 30ml,108
3675,creme-visage-skin-booster,I-Crème hydratante visage à l acide hyaluronique – 30g,108
3676,peeling-doux,I-Peeling doux aux AHA – 50g,108
3677,pack-antichute,I-Pack Antichute,108
3678,pack-soin-cheveux-secs,I-Pack Soin Cheveux Secs,108
3679,I-Pack-Soin-Cheveux-Gras,I-Pack Soin Cheveux Gras,120
3680,I-Duo-Double-Cleansing,I-Duo Double Cleansing,120
3681,huile-fortifiante-antichute-50ml,I-Huile Fortifiante Antichute 50ml,108
3682,huile-reparatrice-cheveux-gras-50ml,I-Huile Réparatrice Cheveux Gras-50ml,108
3683,huile-reparatrice-cheveux-secs-50ml,I-Huile Réparatrice Cheveux Secs 50ml,108
3684,gommage-au-sucre-menthe-poivree-150g,I-Gommage au Sucre Menthe Poivrée 150g,108
3685,gommage-au-lavande-150g,I-Gommage au Lavande 150g,108
3686,savon-tout-doux,I-Savon Tout Doux,108
3687,savon-riz-au-lait,I-Savon nourrissant au lait de Riz – 100g,108
3688,I-Gommage-corporel-au-sucre,I-Gommage corporel au sucre,120
3689,gommage-au-sucre-wild-berry-150g,I-Gommage au Sucre Wild Berry 150g,108
3690,baume-a-levres-noix-de-coco-10g,I-Baume à Lèvres Noix de Coco 10g,108
3691,bubbly-bloom-baume-a-levres-peche-10g,I-Baume à Lèvres pèche 10g,108
3692,baume-a-levres-vanille-10g,I-Baume à Lèvres Vanille 10g,108
3693,savon-redcare,I-Savon Redcare,108
3694,baume-a-levres-framboise-10g,I-Baume à Lèvres Framboise 10g,108
3695,coffret-must-have,I-Coffret Must-Have,108
3696,coffret-skin-booster,I-Coffret Skin Booster,108
3697,savon-yellow-clay,I-Savon Yellow Clay,108
3698,eau-de-fleur-doranger-2,I-Eau de fleur d’oranger “150 ml”,108
3699,eau-de-geranium-2,I-Eau de géranium,108
3700,gel-nettoyant-purifiant,I-Gel Nettoyant Purifiant,108
3701,eau-micellaire,I-Eau Micellaire,108
3702,skin-line-serum-a-la-vitamine-a-milk-thistle,I-SKIN LINE : Sérum à la vitamine A & Milk Thistle,108
3703,eau-florale-de-geranium-100-naturelle-125ml,I-Eau florale de géranium 100% naturelle,108
3704,eau-florale-de-romarin-100-naturelle,I-Eau florale de romarin 100% naturelle,108
3705,eau-florale-rose-100-naturelle,I-Eau florale rose 100% naturelle,108
3706,eau-florale-armoise-blanche-100-naturelle,I-Eau florale de d’armoise blanche 100% naturelle,108
3707,I-Huile-d’olive-extra-vierge-BIO-d’El-KANTAOUI-0,I-Huile d’olive extra vierge BIO d’El KANTAOUI 0,121
3708,I-Youth-Elixir,I-Youth Elixir,695
3709,shampoing-en-poudre-moussant-a-lextrait-de-pepins-de-grenade-50-gr,I-Shampoing en poudre moussant à l’extrait de pépins de grenade – 50 gr,108
3710,shampoing-solide-volume,I-Shampoing solide Volume,108
3711,huile-de-roquette-eruca-sativa-100ml,I-Huile de Roquette (Eruca sativa) 100ml,108
3712,huile-vegetale-de-sesame,I-huile végétale de sésame,108
3713,pumpkin-seed-vegetable-oil-100-ml,I-PUMPKIN SEED Vegetable Oil – 100 ml,108
3714,huile-de-noix-de-coco,I-Huile de noix de coco,108
3715,hydrolat-de-rose,I-Hydrolat de rose,108
3716,chamomile-hydrosol,I-Chamomile Hydrosol,108
3717,hydrolat-dencens-oliban,I-Hydrolat d’encens oliban,108
3718,huile-vegetale-de-nigelle,I-huile végétale de nigelle,108
3719,dentifrice-solide-menthol-20-gr,I-Dentifrice Solide Menthol – 20 gr,108
3720,I-Shampoing-solide-cheveux-Colorés-–-Poudre-de-Sidr,I-Shampoing solide cheveux Colorés – Poudre de Sidr,115
3721,I-Shampoing-solide-cheveux-secs-antichute-–-Poudre-d’Hibiscus,I-Shampoing solide cheveux secs antichute – Poudre d’Hibiscus,115
3722,I-Pain-d’argile-Karité,I-Pain d’argile Karité,115
3723,shampoing-solide-antipelliculaire-poudre-dortie-35-gr,I-Shampoing solide Antipelliculaire – Poudre d’ortie – 35 gr,108
3724,apres-shampoing-solide-tous-types-de-cheveux-25-gr,I-Aprés Shampoing Solide Tous types de cheveux – 25 gr,108
3725,shampoing-solide-cheveux-gras-poudre-de-henne-neutre-huile-de-jojoba-35-gr,I-Shampoing solide Cheveux Gras – Poudre de Henné Neutre huile de Jojoba – 35 gr,108
3726,apaisant-bronchite-et-toux,I-Apaisant bronchite et toux naturel,108
3727,creme-hydratante-en-chardon-marie-prunelle,I-Crème Hydratante en chardon marie & prunelle,108
3728,baume-a-levre-nourrissant-rose-effet-rosee,I-baume à lèvre nourrissant rose effet rosée,108
3729,baume-a-levre-nourrissant-rose-effet-naturelle,I-baume à lèvre nourrissant rose effet naturelle,108
3730,creme-exfoliante-en-collagene-marin-eva-scrub,I-Crème Exfoliante en collagène marin EVA Scrub,108
3731,youth-face-cream-creme-antiride-a-base-dacide-hyaluronique-peau-normal-et-seche,I-Youth face Cream crème antiride à base d’acide hyaluronique peau normal et séché,108
3732,oliban-masque-cream-a-base-de-collagene-tous-types-de-peaux,I-Oliban masque Cream à base de collagène tous types de peaux,108
3733,baume-a-levre-nourrissant-cerise-effet-rouge,I-Baume à lèvre nourrissant cerise effet rouge,108
3734,producer-of-argan-oil,I-Producer of argan oil,108
3735,cremes-solaires-rose-water-avogadro-oil-50-spf,I-Crème Solaire avec eau de rose et huile d’avocat SPF 50+,108
3736,huile-de-lentisque-pressee-a-froid-organics-lentisque-oil,I-Huile de lentisque pressée à froid organique,108
3737,huile-essentielle-de-romarin-a-cineole-organic-rosemary,I-Huile essentielle de romarin a cinéole 100% bio,108
3738,argile-verte-2,I-argile verte,108
3739,gel-nettoyant-purifiant-visage,I-gel nettoyant rose purifiant visage,108
3740,savon-liquide-a-lhuile-dolive-saponifie-a-froid-senteur-rose-oud,I-Savon liquide à l’huile d’olive saponifié à froid senteur Rose & Oud,108
3741,beurre-de-karite-brut-certifie-ecocert,I-Beurre de Karité Brut Certifié Ecocert,108
3742,creme-hydra-apaisante-a-lavoine,I-Crème hydra-apaisante à l’avoine,108
3743,soin-sans-rincage-activateur-de-boucles-250-ml,I-Soin sans rinçage “activateur de boucles” – 250 ml,108
3744,I-Shampoing-solide-cheveux-Colorés-cheveux-bouclés-–-Poudre-de-Sidr,I-Shampoing solide cheveux Colorés cheveux bouclés – Poudre de Sidr,115
3745,shampoing-solide-cheveux-gras-poudre-de-henne-neutre-huile-de-jojoba-80-gr,I-Shampoing solide Cheveux Gras – Poudre de Henné Neutre huile de Jojoba – 70 gr,108
3746,apres-shampoing-solide-tous-types-de-cheveux-40-gr,I-Aprés Shampoing Solide Tous types de cheveux – 40 gr,108
3747,deodorant-solide-moonlight-50-gr,I-Déodorant solide naturel “Moonlight” 50 gr,108
3748,huile-dargan-biologique,I-Huile d’Argan Biologique Certifiee ECOCERT,108
3749,shampoing-solide-anti-pelliculaire-en-poudre-dortie,I-Shampoing solide Antipelliculaire – Poudre d’ortie – 70 gr,108
3750,feuilles-sechees-de-moringa-certifiee-biologique,I-Feuilles séchées de Moringa Certifiée Biologique,108
3751,hydrolat-en-eau-florale-de-moringa-100-ml,I-Hydrolat En Eau Florale De Moringa – 100 ml,108
3752,creme-pieds-et-soin-pour-les-pieds-secs-et-endommages,I-Crème pieds et soin pour les pieds secs et endommagés,108
3753,black-soap-150g,I-Black Soap 150g,108
3754,creme-hydramatifiante-pour-peaux-mixtes-a-grasses,I-Crème Hydramatifiante pour peaux mixtes à grasses,108
3755,beurre-de-karite-bio-ecocert,I-Beurre De Karité BIO (ECOCERT),108
3756,hair-bb-cream,I-Hair BB Cream,108
3757,bin-dhuiles-indiennes-brahimi-et-bringaraj,I-Bain D’huiles indiennes BRAHIMI et BRINGARAJ,108
3758,bain-dhuiles-africaines-avocat-et-baobab,I-Bain D’huiles Africaines AVOCAT et BAOBAB,108
3759,lait-apaisante-apres-soleil,I-Lait Apaisante Après soleil,108
3760,gelee-micellaire,I-Gelée Micellaire,108
3827,clat-d-orient-2,I-Éclat d’Orient,122
3761,mousse-nettoyante-anti-age-delicatesse-de-rose-riche-en-collagene-et-extrait-davoine,I-Mousse nettoyante anti-âge ‘Délicatesse de Rose’ riche en collagène et extrait d’avoine,108
3762,hydrolat-ortie-piquante,I-Hydrolat Ortie piquante,108
3763,jasmine-shower-gel,I-Jasmine Shower Gel,108
3764,gel-douche-abricot-et-argan,I-Gel douche abricot et argan,108
3765,gel-nettoyant,I-Gel Nettoyant purifiant visage geranium 250ml peau grasse,108
3766,argile-jaune,I-Argile Jaune Poudre Exfoliante,108
3767,huile-des-pepins-de-figue-de-barbarie,I-Huile des pépins de figue de barbarie 30ml,108
3768,huile-essentielle-deucalyptus-%d8%b2%d9%8a%d8%aa-%d8%a7%d9%84%d9%83%d8%a7%d9%84%d8%a7%d8%aa%d9%88%d8%b3,I-Huile essentielle d’eucalyptus,108
3769,huile-vegetale-jojoba-30-ml,I-Huile végétale Jojoba 30 ml,108
3770,huile-vegetale-noisette-30-ml,I-Huile végétale Noisette 30 ml,108
3771,huile-vegetale-amande-douce-30-ml,I-Huile végétale Amande douce 30 ml,108
3772,huile-essentielle-menthe-poivree-10-ml,I-Huile essentielle Menthe poivrée 10 ml,108
3773,huile-vegetale-nigelle-30-ml,I-Huile végétale Nigelle 30 ml,108
3774,huile-vegetale-ricin-30-ml,I-huile végétale Ricin 30 ml,108
3775,eau-de-fleur,I-Eau Florale de Géranium 1 L,108
3776,huile-de-massage-anti-stress-100ml,I-Huile de massage anti stress 100ml,108
3777,huile-de-massage-anti-articulaire-pain-100ml,I-Huile de massage anti-articulaire pain 100ml,108
3778,huile-de-massage-anti-varicose-vein-100ml,I-Huile de massage anti-Varicose Vein 100ml,108
3779,lait-de-corps-peau-seche-250ml,I-Lait de corps Abricot 250ml,108
3780,hydrolat-de-menthe-verte-de-provence-250ml,I-Hydrolat de menthe verte de Provence 250ml,108
3781,hydrolat-de-geranium-bourbon-250ml,I-Hydrolat de géranium bourbon 250ml,108
3782,hydrolat-de-feuilles-dolivier-250ml,I-Hydrolat de feuilles d’olivier 250ml,108
3783,fountain-of-youth-100ml,I-Crème de nuit “FONTAIN OF YOUTH” 50 ml,108
3784,hydrolat-pur-romarin-a-verbenone-250ml,I-Hydrolat pur Romarin certifiée ECOCERT 250ml,108
3785,gel-nettoyant-purifiant-visage-250ml,I-Gel nettoyant purifiant visage géranium 250ml,108
3786,huile-antichute-multivitaminee-100ml,I-Huile Antichute Multivitaminée 100ml,108
3787,hydrolat-de-rose-de-damas,I-Hydrolat de rose de Damas 250ml,108
3788,huile-de-figue-de-barbarie-et-de-pepins,I-Huile des pepins de figue de Barbarie bio 10 ml,108
3789,hydrolat-de-geranium-rosat-250-ml,I-Hydrolat de géranium rosat (250 ml),108
3790,hydrolat-de-rose-de-damas-250-ml,I-Hydrolat de Rose de damas ( 250 ml ),108
3791,huile-essentielle-de-menthe-pouliot,I-Huile essentielle de Menthe pouliot,108
3792,huile-essentielle-de-ramarin,I-Huile essentielle de Ramarin,108
3793,huile-essentielle-de-cypres,I-Huile essentielle de Cyprès,108
3794,bandana-crochet,I-Bandana crochet artisanal pour un style bohème irrésistible,122
3795,masque-de-sommeil-satin-luxe-peche-rose-bebe-clair-pour-un-repos-parfait,I-masque de sommeil satin luxe Peche rosé bebe clair pour un repos parfait,122
3796,masque-sommeil-luxe-marron-anti-lumiere-pour-un-repos-parfait,I-masque sommeil luxe marron anti lumière pour un repos parfait,122
3797,masque-de-sommeil-luxe-vert-deau-pour-des-nuits-paisibles,I-masque de sommeil luxe vert d’eau pour des nuits paisibles,122
3798,magenta-wool-chechia-artisan-elegance-copie,I-Magenta Wool Chéchia – Artisan Elegance (Copie),122
3799,lampe-de-table-en-bois-naturel-et-ampoule-ambree,I-Lampe de table en bois naturel et ampoule ambrée,122
3800,bonnet-de-nuit-vintage-beige-boheme-chic-en-coton-crochete-fait-main,I-Bonnet de nuit vintage beige bohème chic en coton crocheté fait main,122
3801,portecle-cuir-elegant-en-cuir-naturel-pour-un-style-unique,I-porteclé cuir élégant en cuir naturel pour un style unique,122
3802,foulard-en-soie-ethnique-femme-rouge-noir-dore-avec-accessoires-chic,I-Foulard en soie ethnique femme rouge noir doré avec accessoires chic,122
3803,foulard-ethnique-rouge-et-blanc-avec-perles-accessoire-boheme-chic-femme,I-Foulard ethnique rouge et blanc avec perles – Accessoire bohème chic femme,122
3804,I-Foulard-en-soie-noir-et-blanc-avec-perles,I-Foulard en soie noir et blanc avec perles,77
3805,I-Foulard-africain-avec-perles-rouge-et-blanc,I-Foulard africain avec perles rouge et blanc,77
3806,foulard-en-soie-africain-multicolore-avec-perles-et-parures-elegantes-femme,I-Foulard en soie africain multicolore avec perles et parures élégantes femme,122
3807,foulard-ethnique-femme-multicolore-avec-perles-et-bijoux-africains,I-Foulard ethnique femme multicolore avec perles et bijoux africains,122
3808,testing-this-product-indeed,I-testing this product indeed,122
3809,portecles-baleine-aimante-couleur-exclusive-pour-un-style-unique,I-porteclés baleine aimanté couleur exclusive pour un style unique,122
3810,bracelet-khomsa-tendance-et-chouchou-cheveux-exclusif,I-Bracelet khomsa tendance et chouchou cheveux exclusif,122
3811,bracelet-en-perles-elegant-avec-chouchou-pour-un-style-irresistible,I-Bracelet en perles élégant avec chouchou pour un style irrésistible,122
3812,I-Bracelet-trèfle-femme-doré-noir,I-Bracelet trèfle femme doré noir,109
3813,amber-gemstone-bracelet,I-Amber Gemstone Bracelet,122
3814,amethyst-bracelet,I-Amethyst Bracelet,122
3815,casquette-team-senegal-en-coton-ajustable,I-Casquette team Sénégal en coton ajustable,122
3816,charms-fruits-adorables-pour-un-style-irresistible-et-sucre,I-charms fruits adorables pour un style irrésistible et sucré,122
3817,white-tunisian-ch-chia-in-wool,I-White Tunisian Chéchia In wool,122
3818,brown-tunisian-wool-chechia-4,I-Brown Tunisian Wool Chechia,122
3819,tunisian-chechia-blue-wool-3,I-Tunisian Chechia Blue Wool,122
3820,black-tunisian-chechia-in-wool-4,I-Black Tunisian Chechia in Wool,122
3821,red-tunisian-wool-chechia,I-Red Tunisian Wool Chechia,122
3822,clat-de-soie-3,I-Éclat de Soie,122
3823,bleu-azur-2,I-Bleu Azur,122
3824,girl-s-crochet-set,I-Girl’s Crochet Set,122
3825,premium-crocheted-airpods-holder-for-a-unique-and-trendy-style,I-Premium Crocheted AirPods Holder for a Unique and Trendy Style,122
3826,handmade-crocheted-bag-2,I-Handmade Crocheted Bag,122
3828,echarpe-soie-amber-silk-luxe-irresistible-200-x-65-cm,I-écharpe soie AMBER SILK,122
3829,stylish-turtle-box-with-marble-finish-l-20-cm-2,I-Stylish Turtle Box with Marble Finish L 20 cm,122
3830,premium-hijab-magnets-elegance-and-perfect-hold-guaranteed-2,I-Premium Hijab Magnets: Elegance and Perfect Hold Guaranteed,122
3831,bsissa-fruits-secs-500g,I-Bsissa Fruits Secs 500g,16
3832,premium-cotton-blue-striped-fouta-towel-1-x-2-m,I-Premium Cotton Blue Striped Fouta Towel (1 x 2 m),122
3833,premium-textured-brown-leather-belt-made-in-tunisia,I-Premium Textured Brown Leather Belt Made in Tunisia,122
3834,black-tie-with-floral-embroidery,I-Black Tie with Floral Embroidery,122
3835,yellow-tunisian-ch-chia-in-wool-2,I-Yellow Tunisian Chéchia in Wool,122
3836,I-Éventail-artisanal-sénégalais-en-tissu-wax,I-Éventail artisanal sénégalais en tissu wax,123
3837,bandana-eagles-of-carthage-2,I-Bandana Eagles of Carthage,122
3838,chic-gold-glasses-chain-2,I-Chic Gold Glasses Chain,122
3839,crunchies-boucles-3,I-Crunchies+boucles,122
3840,I-Handmade-Artisan-Hat-from-Tunisia,I-Handmade Artisan Hat from Tunisia,30
3841,green-tunisian-wool-chechia,I-Green Tunisian Wool Chechia,122
3842,calot-medical-elegant-et-ajustable-bonnet-hospitalier-en-coton,I-Calot médical élégant et ajustable – Bonnet hospitalier en coton,122
3843,100-handmade-amber-rosary-2,I-100% Handmade Amber Rosary,122
3844,handcrafted-black-ch-chia-in-wool-for-a-unique-and-elegant-style-2,I-Handcrafted Black Chéchia in Wool for a Unique and Elegant Style,122
3845,multicolor-personalized-business-cards-modern-creativity,I-Multicolor Personalized Business Cards – Modern Creativity,122
3846,blue-tunisian-ch-chia-with-wool-pompon-2,I-Blue Tunisian Chéchia with Wool Pompon,122
3847,winking-smiley-face-keychain-in-colorful-acrylic,I-Winking Smiley Face Keychain in Colorful Acrylic,122
3848,I-Women’s-Red-Giraffe-Beach-Pareo,I-Women’s Red Giraffe Beach Pareo,695
3849,I-African-Women’s-Pareo-with-Senegalese-Patterns-in-Lightweight-Cotton,I-African Women’s Pareo with Senegalese Patterns in Lightweight Cotton,124
3850,I-African-Sarong-for-Women-with-Senegalese-Patterns-in-Lightweight-Cotton,I-African Sarong for Women with Senegalese Patterns in Lightweight Cotton,124
3851,sea-and-sun-anklet-with-gold-pendants-green-cord-2,I-Sea and Sun Anklet with Gold Pendants & Green Cord,122
3852,ruby-imperial-silk-scarf-elegance-and-luxury-at-your-fingertips,I-Ruby Imperial Silk Scarf Elegance and Luxury at Your Fingertips,122
3853,I-Peigne-en-bois-d’ébène-artisanal-Casamance-–-Cheveux-afro,I-Peigne en bois d’ébène artisanal Casamance – Cheveux afro,125
3854,scrunshies-s,I-Scrunshies S,122
3855,porte-cle-nezuko,I-Porte Clé Nezuko,122
3856,scrunshies-l,I-Scrunshies L,122
3857,pull-wax-africain-homme-noir-et-blanc-veste-elegante-ethnique-chic,I-Pull wax africain homme noir et blanc – Veste élégante ethnique chic,122
3858,meches-afro-kinky-noires-22-cm-extensions-cheveux-crepus-volumineuses,I-Mèches afro kinky noires 22 cm – Extensions cheveux crépus volumineuses,122
3859,striped-scarf-in-natural-fibers-2,I-Striped Scarf in Natural Fibers,122
3860,blacky-salmon-leather-belt,I-Blacky Salmon Leather Belt,122
3861,greeny-salmon-leather-belt-2,I-Greeny Salmon Leather Belt,122
3862,emerald-vintage-salmon-leather-belt-with-gold-clasp,I-Emerald Vintage Salmon Leather Belt with Gold Clasp,122
3863,african-senegalese-raffia-hat-2,I-African Senegalese Raffia Hat,122
3864,handcrafted-brown-wool-cap,I-Handcrafted Brown Wool Cap,122
3865,handmade-brown-wool-cap,I-Handmade Brown Wool Cap,122
3866,I-Handmade-Crocheted-Turquoise-Nightcap,I-Handmade Crocheted Turquoise Nightcap,126
3867,salmon-leather-blue-salmon-leather,I-Salmon Leather “Blue Salmon Leather”,122
3868,mimosa-salmon-leather,I-Mimosa Salmon Leather,122
3869,red-cord-bracelet-with-matching-clover-copie-copie-copie-copie,I-Red Cord Bracelet with Matching Clover (Copie) (Copie) (Copie) (Copie),122
3870,bracelet-en-cordon-blanc-et-motif-de-trefle-blanc,I-Bracelet en cordon blanc et motif de trèfle blanc,122
3871,boucles-doreilles-boheme-chic-crochet-beige-fait-main-et-mini-bourse-assortie,I-Boucles d’oreilles bohème chic crochet beige fait main et mini bourse assortie,122
3872,set-of-2-foutas-diamond-pattern-beige-and-taupe,I-Set of 2 Foutas Diamond Pattern Beige and Taupe,122
3873,ribbed-beanie-available-in-blue-and-pink,I-Ribbed Beanie Available in Blue and Pink,122
3874,men-s-reversible-italian-leather-belt-elegance-and-versatility-2,I-Men’s Reversible Italian Leather Belt – Elegance and Versatility,122
3875,100-tunisian-minimalist-black-leather-belt,I-100% Tunisian Minimalist Black Leather Belt,122
3876,elegant-textured-black-leather-belt-made-in-tunisia,I-Elegant Textured Black Leather Belt Made in Tunisia,122
3877,brown-leather-belt-handmade-in-tunisia-premium-quality,I-Brown Leather Belt Handmade in Tunisia Premium Quality,122
3878,chechia-keychain,I-Chechia Keychain,122
3879,I-Handmade-Artistic-Clutch-Bag-–-Limited-Edition,I-Handmade Artistic Clutch Bag – Limited Edition,90
3880,I-Handmade-Smartphone-Pouch-–-Limited-Edition,I-Handmade Smartphone Pouch – Limited Edition,90
3881,white-tunisian-chechia-with-wool-pom-pom,I-White Tunisian Chechia with Wool Pom-Pom,122
3882,artisanal-red-bead-choker-unique-elegance-and-charm,I-Artisanal Red Bead Choker – Unique Elegance and Charm,122
3883,sac-raphia-chic-noir-et-beige-pochette-femme-elegante-cuir-et-daim-copie,I-Sac pochette raphia chic noir et beige,122
3884,set-of-2-foutas-in-khaki-green-and-blue-diamond-pattern,I-Set of 2 Foutas in Khaki Green and Blue Diamond Pattern,122
3885,tunisian-jacquard-fouta-coral-model,I-Tunisian Jacquard Fouta Coral Model,122
3886,cotton-jacquard-weave-seahorse-fouta,I-Cotton Jacquard Weave Seahorse Fouta,122
3887,original-fouta-jacquard-weaving-star-pattern,I-Original Fouta Jacquard Weaving Star Pattern,122
3888,traditional-jute-fan-with-multicolored-flowers,I-Traditional Jute Fan with Multicolored Flowers,122
3889,bohemian-ankle-bracelet-with-green-charms-handmade,I-Bohemian Ankle Bracelet with Green Charms Handmade,122
3890,handmade-925-silver-ring-rhea,I-Handmade 925 Silver Ring RHEA,122
3891,soleil-lune-cuff,I-Soleil & Lune Cuff,122
3892,fouta-djerbienne-djerbien-linen-hand-embroidered-shawl-for-a-refined-and-unique-style-1-5-m-x-4-m,I-Fouta Djerbienne Djerbien Linen Hand-Embroidered Shawl for a Refined and Unique Style 1.5 m x 4 m,122
3893,traditional-woven-bassinet-in-natural-fibers-with-green-handles-eco-chic-style,I-Traditional Woven Bassinet in Natural Fibers with Green Handles – Eco-Chic Style,122
3894,original-ghost-keychain-for-irresistible-style-and-stress-relief,I-Original Ghost Keychain for Irresistible Style and Stress Relief,122
3895,smiley-keychain-the-fun-and-premium-accessory-you-can-t-miss,I-Smiley Keychain: The Fun and Premium Accessory You Can’t Miss,122
3896,spinner-keychain-triangle,I-Spinner Keychain (Triangle),122
3897,spinner-keychain-karambit,I-Spinner Keychain (karambit),122
3898,spinner-keychain-apple,I-Spinner Keychain (apple),122
3899,pack-of-two-stainless-steel-necklaces-exclusive-elegance-duo,I-Pack of Two Stainless Steel Necklaces – Exclusive Elegance Duo,122
3900,olive-wood-phone-stand-handmade-and-natural,I-Olive Wood Phone Stand – Handmade and Natural,122
3901,fouta-djerbienne-elegante-pour-un-style-intemporel-unique,I-Fouta djerbienne pour un style intemporel unique,122
3902,military-green-tunisian-chechia-in-wool-2,I-Military Green Tunisian Chechia in Wool,122
3903,beige-tunisian-chechia-in-wool,I-Beige Tunisian Chechia in Wool,122
3904,trendy-striped-fanny-pack-for-a-unique-and-stylish-look,I-Trendy Striped Fanny Pack for a Unique and Stylish Look,122
3905,eco-friendly-artisan-pouches-sustainable-elegance-in-natural-fibers,I-Eco-Friendly Artisan Pouches – Sustainable Elegance in Natural Fibers,122
3906,eco-friendly-pouches-set-in-natural-fibers-sustainable-bohemian-elegance,I-Eco-Friendly Pouches Set in Natural Fibers – Sustainable Bohemian Elegance,122
3907,lampe-vintage-unique-en-machine-a-coudre-singer-pour-un-style-rustique,I-Lampe vintage unique en machine à coudre Singer pour un style rustique,122
3908,chapeau-cloche-en-laine-feutree-blanc-et-noir-motif-graphique,I-Chapeau cloche en laine feutrée au design graphique unique,122
3909,lot-de-2-foutas-modele-diamants-bleu-et-rouge,I-Lot de 2 Foutas modèle diamants bleu turquoise et rouge,122
3910,lot-de-2-foutas-modele-diamants-bleu-charbon-et-bleu,I-Lot de 2 Foutas modèle diamants bleu djean et bleu ciel,122
3911,lot-de-2-foutas-modele-diamants-bleu-charbon-et-vert,I-Lot de 2 Foutas modèle diamants bleu Rois et vert kaki,122
3912,lot-de-2-foutas-modele-diamants-rose-et-bleu-ciel,I-Lot de 2 Foutas modèle diamants rose et vert d’eau,122
3913,lot-de-2-foutas-modele-diamants-beige-et-vert,I-Lot de 2 Foutas modèle diamants beige et vert kaki,122
3914,lot-de-2-foutas-modele-diamants-mauve-et-bleu,I-Lot de 2 Foutas modèle diamants Rouge Bordeaux et bleu Rois,122
3915,lot-de-2-foutas-style-bali-bleu-et-rose-2,I-Lot de 2 foutas style Bali bleu turquoise et corail,122
3916,lot-de-2-foutas-style-bali-bleu-et-gris,I-Lot de 2 foutas style Bali bleu Jade et gris clair,122
3917,lot-de-2-foutas-style-bali-bleu-ciel-et-rose-peche,I-Lot de 2 foutas style Bali Saumon et vert d’eau,122
3918,lot-de-2-foutas-style-bali-vert-et-bleu,I-Lot de 2 foutas style Bali vert kaki et bleu turquoise,122
3919,lot-de-2-foutas-style-bali-vert-et-beige,I-Lot de 2 foutas style Bali vert kaki et beige,122
3920,lot-de-2-foutas-style-bali-gris-charbon-et-gris,I-Lot de 2 foutas style Bali gris charbon et gris clair,122
3921,lot-de-2-foutas-style-bali-bleu-charbon-et-bleu,I-Lot de 2 foutas style Bali vert d’eau et rose bombon,122
3922,lot-de-2-foutas-style-santorin-bleu-charbon-et-bleu,I-Lot de 2 foutas style Santorinie bleu ciel foncé et bleu ciel,122
3923,lot-de-2-foutas-style-santorin-gris-et-vert,I-Lot de 2 foutas style Santorinie gris moyen et vert kaki,122
3924,lot-de-2-foutas-style-santorin-bleu-ciel-et-rose,I-Lot de 2 foutas style Santorinie vert d’eau et rose bombon,122
3925,lot-de-2-foutas-style-santorin-gris-et-marron,I-Lot de 2 foutas style Santorinie gris moyen et taupe,122
3926,lot-de-2-foutas-style-bali-bleu-vert-et-gris,I-Lot de 2 foutas style Bali Bleu ciel foncé et bleu ciel,122
3927,lot-de-2-foutas-style-santorin-marron-et-gris,I-Lot de 2 foutas style Santorinie gris moyen et bleu turquoise,122
3928,bob-en-laine-feutree-fait-main-blanc,I-Bob en laine feutrée fait main blanc,122
3929,bracelet-de-cheville-van-cleef,I-Bracelet cheville Van Cleef fait main pour un style unique,122
3930,fouta-cotton-diamond-pastel-blue,I-Fouta Cotton Diamond Pastel Blue,122
3931,fouta-cotton-sky-blue-diamond,I-Fouta Cotton Sky Blue Diamond,122
3932,collier-pastella,I-collier tressé unique en pêche rosé pour un style élégant,122
3933,translated-ceinture-vintage-silver-souk,I-TRANSLATED: Ceinture vintage Silver Souk,122
3934,porte-cle-smiley-love-en-acrylique,I-Porte clé smiley love en acrylique,122
3935,porte-cle-smiley-acrylique,I-Porte clé smiley acrylique,122
3936,portecle-smiley-face-4,I-Porteclé Smiley : Un Accessoire Fun en Acrylique Irresistible,122
3937,portecle-smiley-face-3,I-Porteclés smiley : l’accessoire fun et exclusif à ne pas manquer,122
3938,portecle-smiley-face-2,I-Porteclé smiley : Un accessoire fun et tendance à ne pas manquer,122
3939,portecle-smiley-face,I-Porteclé smiley : Le bijou en acrylique qui illumine votre quotidien,122
3940,choker-marine,I-Choker marin crochet orange & pendentifs dorés mer étoile de mer & coquillages,122
3941,casquette-chechia-orange-en-laine-feutree-artisanat-tunisien-unique,I-Casquette chéchia orange en laine feutrée,122
3942,chechia-noire-moderne-avec-visiere-fait-main-en-laine-feutree,I-Chéchia noire moderne avec visière,122
3943,chechia-revisitee-rouge-avec-visiere-artisanat-tunisien-moderne,I-Chéchia revisitée rouge avec visière,122
3944,I-Éventail-paille-fait-main-avec-coquillage-cauris,I-Éventail paille fait main avec coquillage cauris,127
3945,support-de-telephone-en-cuir-cousu-main-elegance-artisanale,I-Support téléphone cuir cousu main – Élégance artisanale unique,122
3946,foulard-blanche-avec-broderie,I-Foulard blanc brodé : Élevez votre style avec élégance artisanale,122
3947,porte-cle-en-macrame-fait-main,I-Porte-Clé Macramé Fait Main,122
3948,boite-a-bijoux-de-voyage-compacte-elegante-et-organisee,I-Boîte à Bijoux de Voyage,122
3949,hijab-jaune-artisanal-tendance-2025,I-Hijab jaune artisanal – tendance 2025,122
3950,hijab-degrade-rose-en-voile-leger,I-Hijab dégradé rose en voile léger,122
3951,accessoires-cheveux-faits-main-uniques-et-artisanaux,I-Chouchou de cheveux en crochet faits main,122
3952,pack-3-planches-en-marbre-blanc-ditalie-avec-socle-dore,I-Pack 3 Planches en Marbre Blanc d’Italie avec Socle Doré,122
3953,pieces-decoratives-en-marbre-blanc-fait-main,I-Pièces Décoratives en Marbre Blanc – Fait Main,122
3954,plateau-raye-avec-poignees-et-socle-dore-40-x-20-cm,I-Plateau Rayé avec Poignées et Socle Doré – 40 x 20 cm,122
3955,chechia-tunisienne-turquoise-en-laine-avec-pompom,I-Chéchia Tunisienne Turquoise En Laine Avec Pompom,122
3956,chechia-tunisienne-magenta-en-laine-avec-pompom,I-Chéchia Tunisienne Magenta En Laine Avec Pompom,122
3957,magenta-wool-ch-chia-artisan-elegance-2,I-Magenta Wool Chéchia – Artisan Elegance,122
3958,turquoise-tunisian-ch-chia-in-wool,I-Turquoise Tunisian Chéchia in Wool,122
3959,chapelet-sebha-en-pierre-vert-olive-avec-separation-metallique-decorative,I-Chapelet « Sebha » en pierre vert olive avec séparation métallique décorative,122
3960,bracelet-fil-rouge-oeil-bleu,I-Bracelet fil rouge Œil Bleu et boucle d’oreille oeil bleu en acier inoxydable,122
3961,boucles-doreilles-en-resine-bleue-design-floral-fait-main,I-Boucles d’oreilles en résine bleue – Design floral fait main,122
3962,coffret-cadeau-snowman-rouge-crochet,I-Coffret cadeau snowman rouge en crochet – Fait main,122
3963,coffret-cadeau-duo-crochet-vert,I-Coffret cadeau DUO vert avec 2 mugs & porte-clé cœur en crochet – Fait main,122
3964,coffret-cadeau-duo-citron-en-crochet,I-Coffret cadeau DUO citron handmade en crochet,122
3965,carte-nfc-bitaqa-pvc-premium,I-Carte NFC Bitaqa PVC Premium – Carte de visite digitale professionnelle sans frais cachés,122
3966,carte-nfc-bitaqa-bamboo-premium,I-Carte NFC Bitaqa Bamboo Premium – Carte de visite numérique innovante sans frais cachés,122
3967,chapeau-en-jean,I-chapeau en jean,122
3968,porte-cle-tanit-brodee,I-Porte-Clé Tanit Brodé Fait Main – Plusieurs Couleurs,122
3969,moroccan-chechia-tarbouche-2,I-Moroccan Chechia Tarbouche,122
3970,boucles-doreilles-blanches-en-acier-inoxydable-et-perles-de-culture,I-Boucles d’oreilles blanches en acier inoxydable et perles de culture,122
3971,ceinture-en-broderie,I-Ceinture en broderie Beige et multicouleur,122
3972,cache-portable,I-Cache portable jaune et noir en laine,122
3973,I-Ensemble-Gilet,I-Ensemble Gilet,128
3974,chapeau-blanc-et-noir,I-Chapeau Blanc et Noir,122
3975,beige-belt,I-Ceinture cuir de saumon Beige,122
3976,cuir-de-poisson-perroquet-vert,I-Cuir de poisson-perroquet Vert,122
3977,cuir-de-poisson-perroquet-bourgogne-fonce,I-Cuir de poisson-perroquet Bourgogne Foncé,122
3978,burgundy-triggerfish-leather-2,I-Burgundy Triggerfish Leather,122
3979,cuir-de-poisson-perroquet-marron,I-Cuir de poisson-perroquet marron,122
3980,random-brown-triggerfish-leather-2,I-Random Brown Triggerfish Leather,122
3981,blue-salmon-leather-2,I-Blue Salmon Leather,122
3982,black-salmon-leather-2,I-Black Salmon Leather,122
3983,cuir-de-saumon-orange-du-chili,I-Cuir de Saumon orange du Chili,122
3984,porte-cle-2,I-porte-clés en bois gravé avec les symboles emblématiques de la Tunisie,122
3985,NCAcrown,I-Peigne en perles violet de cheveux mariée,129
3986,NCAcrown,I-Peigne en perles vert de cheveux mariée,129
3987,NCAcrown,I-Peigne en perles jaune de cheveux mariée,129
3988,eventail-festif-rond-en-blanc-avec-plumes-et-strass,I-Eventail Festif Rond en Blanc avec Plumes et Strass,122
3989,eventail-festif-dore-et-rouge-avec-plumes-et-strass,I-Eventail Festif Doré et Rouge avec Plumes et Strass,122
3990,couronne-soleil-doree-avec-des-fleurs-blanches,I-Couronne Soleil dorée avec des fleurs blanches,122
3991,couronne-soleil-cleopatre,I-Couronne Soleil Cléopâtre,122
3992,couronne-soleil-avec-des-fleurs-dorees,I-Couronne Soleil avec des fleurs dorées,122
3993,couronne-fleurs-rouges-et-plumes-blanches,I-Couronne fleurs rouges et plumes blanches,122
3994,couronne-fleurs-en-rouge-avec-des-plumes-en-noir-et-diamant,I-Couronne fleurs en rouge avec des plumes en noir et diamant,122
3995,chapeau-festif-tulle-en-orange,I-Chapeau Festif Tulle en Orange,122
3996,Fashion accessories > Page 17,I-Broche en perles violet de cheveux de mariage ,130
3997,bandeau-festif-en-strass-blanc,I-Bandeau Festif en Strass Blanc,122
3998,foulard-mauve-en-soie-naturelle-fairy-tales-idyll,I-Foulard Mauve en soie naturelle “Fairy tales idyll”,122
3999,foulard-en-soie-naturelle-fairy-tales-idyll-en-orange,I-Foulard en soie naturelle Fairy tales idyll en orange,122
4000,tunisian-chechia-orange-100-wool-2,I-Tunisian Chechia Orange 100% Wool,122
4001,tunisian-ch-chia-orange-with-wool-pompon,I-Tunisian Chéchia Orange with Wool Pompon,122
4002,chechia-amema-for-prayer-azhari-red-for-men,I-Chechia Amema for Prayer – Azhari Red for Men,122
4003,yellow-tunisian-ch-chia-with-wool-pompon,I-Yellow Tunisian Chéchia with Wool Pompon,122
4004,red-tunisian-chechia-with-wool-pompon,I-Red Tunisian Chechia with Wool Pompon,122
4005,artisanal-red-wool-chechia-for-a-unique-and-warm-style,I-Artisanal Red Wool Chechia for a Unique and Warm Style,122
4006,burgundy-triggerfish-leather,I-Le Cuir de Baliste “Burgundy Triggerfish Leather”,122
4007,mimosa-salmon-leather,I-Le Cuir de Saumon “Mimosa Salmon Leather”,122
4008,random-brown-triggerfish-leather,I-Le Cuir de Baliste “Random Brown Triggerfish Leather”,122
4009,chechia-moroccan-style-tarbouche,I-Chechia Moroccan style tarbouche,122
4010,gray-tunisian-chechia-with-wool-pompon,I-Gray Tunisian Chechia with Wool Pompon,122
4011,black-tunisian-chechia-with-wool-pom-pom,I-Black Tunisian Chechia with Wool Pom-Pom,122
4012,brown-tunisian-ch-chia-with-wool-pompon,I-Brown Tunisian Chéchia with Wool Pompon,122
4013,green-tunisian-ch-chia-with-wool-pompon,I-Green Tunisian Chéchia with Wool Pompon,122
4014,plat-marbre-naturel-sculpte-a-la-main-pour-une-table-elegante,I-plat marbre naturel sculpté à la main pour une table élégante,131
4015,sculpture-pierre-artisanale-pour-une-decoration-unique-et-raffinee,I-sculpture pierre artisanale pour une décoration unique et raffinée,131
4016,coffret-marbre-rouge-elegant-fait-main-pour-vos-objets-precieux,I-coffret marbre rouge élégant fait main pour vos objets précieux,131
4017,chandelier-marbre-noir-aziza-sculpte-a-la-main-elegance-unique,I-Chandelier marbre noir Aziza sculpté à la main élégance unique,131
4018,coupelle-onyx-veritable-luxe-pour-sublimer-votre-table,I-coupelle onyx véritable luxe pour sublimer votre table,131
4019,I-Linge-de-lit-coton-:-2-draps-et-4-taies-vertes,I-Linge de lit coton : 2 draps et 4 taies vertes,87
4020,linge-de-lit-jaune-et-gris-2-draps-en-coton-et-4-taies-motif-geometrique,I-Linge de lit jaune et gris : 2 draps en coton et 4 taies motif géométrique,131
4021,draps-de-lit-coton-jaune-et-blanc-a-pois-fleuris-4-taies-doreiller,I-Draps de lit coton jaune et blanc à pois fleuris + 4 taies d’oreiller,131
4022,mug-blanc-premium-pour-une-pause-elegante-et-raffinee,I-mug blanc premium pour une pause élégante et raffinée,131
4023,tableau-floral-elegant-pour-embellir-votre-interieur-avec-style,I-tableau floral élégant pour embellir votre intérieur avec style,131
4024,housses-impermeables-100-coton,I-Housses imperméables 100% coton pour un confort inégalé,131
4025,3-pieces-towel-set,I-Ensemble de serviettes luxe trois pièces pour un confort inégalé,131
4026,luminaire-moderne-design-exclusif-pour-une-ambiance-sophistiquee,I-luminaire moderne design exclusif pour une ambiance sophistiquée,131
4027,decoration,I-decoration,131
4028,vase-bleu-elegant-avec-roses-rouges-pour-une-decoration-sublime,I-Vase bleu élégant avec roses rouges pour une décoration sublime,131
4029,tableau-fleurs-elegance-et-tendresse-pour-votre-interieur,I-tableau fleurs élégance et tendresse pour votre intérieur,131
4030,l-ensemble-prestige,I-décoration naturelle prestige pour un intérieur élégant et unique,131
4031,decoration-cuisine-elegante-pour-un-espace-chaleureux-et-moderne,I-decoration cuisine élégante pour un espace chaleureux et moderne,131
4032,l-essence-de-pierre-tasse-en-agate-naturelle,I-L essence de pierre ‘tasse en agate naturelle,131
4033,I-Coussin-brodé-main-orange-clémentine,I-Coussin brodé main orange clémentine,88
4034,etagere-en-bois-elegante-en-cuir-pour-un-rangement-chic-70x15-cm,I-étagère en bois élégante en cuir pour un rangement chic 70×15 cm,131
4035,lampe-elegante-en-bois-dolivier-pour-votre-interieur,I-Lampe élégante en bois d’olivier pour votre intérieur,131
4036,cadre-a3,I-Cadre A3,131
4037,poster-ribat-de-sousse-un-chef-doeuvre-a-decouvrir-chez-vous,I-poster Ribat de Sousse un chef d’œuvre à découvrir chez vous,131
4038,coffret-en-marbre-dense,I-coffret en marbre dense,131
4039,tasse-sculptee-a-la-main,I-Tasse sculptée à la main,131
4040,bol-en-bois-dolivier-piece-unique-pour-un-style-intemporel,I-Bol en bois d’olivier pièce unique pour un style intemporel,131
4041,sculpture-bois-dolivier-piece-unique-chef-doeuvre-37x27x35-cm,I-sculpture bois d’olivier pièce unique chef d’œuvre 37x27x35 cm,131
4042,bol-en-bois-dolivier-piece-unique-artisanale-pour-votre-table,I-Bol en bois d’olivier pièce unique artisanale pour votre table,131
4043,bol-aperitif-en-bois-dolivier-haut-de-gamme-pour-une-table-elegante,I-Bol apéritif en bois d’olivier haut de gamme pour une table élégante,131
4044,bol-en-bois-dolivier-piece-unique-elegance-artisanale-34x17x22,I-bol en bois d’olivier pièce unique élégance artisanale 34x17x22,131
4045,bol-en-bois-dolivier-piece-unique-design-artisanal-exceptionnel,I-bol en bois d’olivier pièce unique design artisanal exceptionnel,131
4046,lampadaire-bois-dolivier-piece-unique-sur-commande-personnalisee,I-lampadaire bois d’olivier pièce unique sur commande personnalisée,131
4047,bol-en-bois-sculpte-en-olivier-sauvage,I-Bol en bois sculpté en olivier sauvage,131
4048,bol-en-bois-dolivier-elegant-32-x-13-cm-qualite-premium,I-bol en bois d’olivier élégant 32 x 13 cm qualité premium,131
4049,bol-en-bois-dolivier-forme-vivante-pour-un-style-unique,I-Bol en bois d’olivier Forme Vivante pour un style unique,131
4050,bol-en-bois-geant-en-olivier-pour-une-decoration-raffinee,I-bol en bois géant en olivier pour une décoration raffinée,131
4051,bol-en-bois-dolivier-artisanal-pour-une-decoration-unique,I-bol en bois d’olivier artisanal pour une décoration unique,131
4052,bol-en-bois-dolivier-design-exclusif-31-x-22-cm-irresistible,I-Bol en bois d’olivier design exclusif 31 x 22 cm irrésistible,131
4053,sculpture-bois-lantre-sacre-une-oeuvre-dart-exclusive-30x42-cm-bois-dolivier,I-Sculpture bois lAntre sacré une œuvre d’art exclusive 30×42 cm bois d’olivier,131
4054,planche-a-decouper-en-bois-dolivier-58-x-27-cm-haut-de-gamme,I-Planche à découper en bois d’olivier 58 x 27 cm haut de gamme,131
4055,bloc-note-en-bois-et-cuir-avec-design-porte-rouge,I-Bloc note en bois et cuir avec design porte rouge,131
4056,bloc-note-en-bois-et-cuir-avec-design-mosquee-rouge,I-Bloc note en bois et cuir avec design mosquée rouge,131
4057,bloc-note-en-bois-et-cuir-avec-design-mosquee-vert,I-Bloc note en bois et cuir avec design mosquée vert,131
4058,notebook-en-bois-et-cuir-avec-des-details-en-bleu,I-Notebook en bois et cuir avec des détails en bleu,131
4059,boite-a-epices-en-cuivre-et-verre,I-Boîte à épices en cuivre et verre,131
4060,vase-africain-orange-30-cm-de-hauteur-pour-une-deco-unique-et-elegante,I-Vase africain orange 30 cm de hauteur pour une déco unique et élégante,131
4061,assiette-ceramique-noire-decorative-20-cm-pour-une-table-elegante-2,I-Assiette céramique noire décorative 20 cm pour une table élégante,131
4062,vase-ceramique-bleu-turquoise-design-elegant-pour-votre-interieur,I-Vase céramique bleu turquoise design élégant pour votre intérieur,131
4063,boite-a-bijoux-en-onyx-veritable,I-Boîte à bijoux en Onyx véritable,131
4064,lot-de-3-paniers-de-rangement-africains-tresses-en-fibres-naturelles-decoratifs,I-Lot de 3 paniers de rangement africains tressés en fibres naturelles décoratifs,131
4065,I-Panier-de-décoration-africaine-tressé-avec-couvercle,I-Panier de décoration africaine tressé avec couvercle,64
4066,I-Lot-de-3-paniers-décoration-africaine-Masai,I-Lot de 3 paniers décoration africaine Masai,64
4067,I-Ensemble-panier-africain-maison-en-fibres-naturelles,I-Ensemble panier africain maison en fibres naturelles,64
4068,duo-tasse-et-soucoupe,I-Duo tasse et soucoupe,131
4069,accessoires-refrigerateur-mini-coeur-irresistibles-en-couleurs-vives,I-Accessoires réfrigérateur mini coeur irrésistibles en couleurs vives,131
4070,notebook-vert-velour-avec-details-khomsa,I-Notebook vert velour avec détails khomsa,131
4071,notebook-noir-velour-avec-details-khomsa,I-Notebook noir velour avec détails khomsa,131
4072,notebook-rouge-velour-avec-details-khomsa,I-Notebook rouge velour avec détails khomsa,131
4073,notebook-bleu-velour-avec-details-khomsa,I-Notebook bleu velour avec détails khomsa,131
4074,plateau-en-pierre-sculptee,I-Plateau en Pierre Sculptée,131
4075,assiette-ceramique-noire-decorative-20-cm-pour-une-table-elegante,I-Assiette céramique noire décorative 20 cm,131
4076,I-Couverture-lit-blanc-géométrique-en-coton,I-Couverture lit blanc géométrique en coton,53
4077,cendrier-pierre-brut-lelegance-minerale-pour-un-style-unique,I-Cendrier pierre brut l’élégance minérale pour un style unique,131
4078,I-Panier-à-linge-grande-capacité-africain-tressé-beige,I-Panier à linge grande capacité africain tressé beige,64
4079,I-Duo-panier-à-linge-grande-capacité-multicolore,I-Duo panier à linge grande capacité multicolore,64
4080,sculpture-poisson-visage-en-ceramique-forme-de-lune,I-Sculpture poisson visage en céramique – forme de lune,131
4081,carnet-dorganisation-elegant-pour-une-productivite-maximale,I-carnet d’organisation élégant pour une productivité maximale,131
4082,coupe-en-bois-artisanale-unique-pour-une-decoration-elegante,I-coupe en bois artisanale unique pour une décoration élégante,131
4083,carnet-to-do-list-floral-pour-une-organisation-elegante-et-efficace,I-carnet to do list floral pour une organisation élégante et efficace,131
4084,I-Meuble-à-tiroirs-bois-décoratif,I-Meuble à tiroirs bois décoratif,132
4085,bruleur-encens-en-cuivre,I-Brûleur encens en cuivre,131
4086,marque-page-en-metal,I-Marque page en métal,131
4087,carnet-daggeza-en-collaboration-avec-lartiste-akacha,I-Carnet Daggeza en collaboration avec l’artiste Akacha,131
4088,carnet-coeur-en-collaboration-avec-lartiste-akacha,I-Carnet cœur en collaboration avec l’artiste Akacha,131
4089,assiette-murale-en-ceramique-calligraphie-pour-un-deco-unique,I-Assiette murale en céramique calligraphie pour un déco unique,131
4090,cage-oiseaux-sidi-bou-said,I-Cage oiseaux Sidi Bou Saïd,131
4091,notebook-en-collaboration-avec-lartiste-akacha,I-Notebook en collaboration avec l’artiste Akacha,131
4092,carte-de-voeux-en-collaboration-avec-lartiste-syrine-barouni-sys,I-Carte de vœux en collaboration avec l’artiste Syrine Barouni Sys,131
4093,carnet-colore-premium-pour-liberer-votre-creativite-chaque-jour,I-Carnet coloré Fresco,131
4094,I-Three-piece-beige-and-white-jacquard-curtain,I-Three-piece beige and white jacquard curtain,133
4095,ceramic-cup-with-chili-handle-and-matching-saucer-2,I-Ceramic cup with chili handle and matching saucer,131
4096,olive-wood-tray-for-elegant-and-unique-receptions-3,I-Olive Wood Tray for Elegant and Unique Receptions,131
4097,handmade-gaya-ceramic-deep-plate-in-different-colors-2,I-Handmade Gaya Ceramic Deep Plate in different colors,131
4098,ceramic-coffee-mug-2,I-Ceramic coffee mug,131
4099,handmade-beige-rug-for-a-chic-and-warm-interior-2,I-Handmade Beige Rug for a Chic and Warm Interior,131
4100,black-lunar-scented-candle-100-natural-organic,I-Black Lunar Scented Candle 100% Natural & Organic,131
4101,bubble-white-rug-in-snow-white-a-touch-of-luxury-for-your-home-2,I-BUBBLE White Rug in Snow White: A Touch of Luxury for Your Home,131
4102,oslo-white-cotton-rug-70x140-cm-for-an-elegant-interior,I-OSLO White Cotton Rug 70×140 cm for an elegant interior,131
4103,white-shaggy-cotton-rug-70-x-140-cm-comfort-and-luxury-at-home-2,I-White Shaggy Cotton Rug 70 x 140 cm Comfort and Luxury at Home,131
4104,multicolor-round-rug-for-a-unique-and-elegant-style-2,I-Multicolor Round Rug for a Unique and Elegant Style,131
4105,premium-upcycled-cotton-jacquard-throw-2-3m-2,I-Premium upcycled cotton jacquard throw (2 * 3m),131
4106,hannibal-marbled-ceramic-mug-for-refined-coffee-2,I-Hannibal Marbled Ceramic Mug for Refined Coffee,131
4107,I-Reed-diffuser-available-in-3-different-scents-(Oud,I-Reed diffuser available in 3 different scents (Oud,695
4108,ceramic-aperitif-set-khomsa-7-pieces,I-Ceramic Aperitif Set – Khomsa (7 pieces),131
4109,a5-multicolor-notebook-for-unique-and-inspiring-ideas,I-A5 Multicolor Notebook for Unique and Inspiring Ideas,131
4110,premium-a5-multicolor-notebook-for-creative-ideas,I-Premium A5 Multicolor Notebook for Creative Ideas,131
4111,handcrafted-pottery-white-vase-h-30-cm-dried-flower-bouquet,I-Handcrafted Pottery White Vase – H 30 cm – Dried Flower Bouquet,131
4112,decorative-vases-with-arabic-calligraphy-in-black-and-gold-3,I-Decorative vases with Arabic calligraphy in black and gold,131
4113,arabic-calligraphy-ball-vase-black-and-gold-2,I-Arabic Calligraphy Ball Vase – Black and Gold,131
4114,I-Laundry-basket-with-lid-–-Diameter-40-cm,I-Laundry basket with lid – Diameter 40 cm,23
4115,white-handcrafted-pottery-vase-dried-flower-bouquet,I-White handcrafted pottery vase – Dried flower bouquet,131
4116,I-Beige-and-White-Jacquard-Three-Piece-Curtain,I-Beige and White Jacquard Three-Piece Curtain,133
4117,oval-ashtray-9,I-Oval Ashtray,131
4118,black-arabesque-wood-and-ceramic-effect-wall-key-holder,I-Black Arabesque Wood and Ceramic Effect Wall Key Holder,131
4119,round-tray-in-patinated-greige-with-studs-diameter-38-cm-3,I-Round tray in patinated greige with studs – Diameter 38 cm,131
4120,set-of-3-palm-baskets-2,I-Set of 3 Palm Baskets,131
4121,elegant-glass-bottle-for-healthy-hydration-1-l-3,I-Elegant Glass Bottle for Healthy Hydration 1 L,131
4122,pot-luna-m-2,I-Pot Luna M,131
4123,boite-a-mouchoirs-perles-et-accessoires-deco-perles-elegants-multicolores,I-Boîte à mouchoirs perles et accessoires déco perlés élégants multicolores,131
4124,carnet-a5-starry-night-et-echarpe-twilly-elegante,I-Carnet A5 Starry Night et Écharpe Twilly Élégante,131
4125,carnet-multicolore-a5-premium-pour-idees-creatives,I-Carnet multicolore A5 premium pour idées créatives,131
4126,vide-poche-cuir-italien-chic-en-plusieurs-couleurs-elegantes,I-Vide poche cuir italien chic en plusieurs couleurs élégantes,131
4127,hand-embroidered-snowflake-brown-cushion,I-Hand-Embroidered Snowflake Brown Cushion,131
4128,exceptional-horse-sculpture,I-Exceptional Horse Sculpture,131
4129,I-Premium-Vegetable-Fiber-Waste-Bin,I-Premium Vegetable Fiber Waste Bin,134
4130,handcrafted-dream-catcher-with-pom-poms,I-Handcrafted Dream Catcher with Pom-poms,131
4131,I-Premium-Vegetable-Fiber-Bread-Basket,I-Premium Vegetable Fiber Bread Basket,134
4132,wooden-kitchen-wall-decor-2,I-Wooden Kitchen Wall Decor,131
4133,losange-recycled-cotton-throw-2-x-3-m-2,I-LOSANGE Recycled Cotton Throw (2 x 3 m),131
4134,chic-and-soft-cotton-rug-for-an-elegant-and-welcoming-living-room,I-Chic and Soft Cotton Rug for an Elegant and Welcoming Living Room,131
4135,luxury-recycled-cotton-leaf-pattern-throw-1-50-x-2-m-2,I-Luxury Recycled Cotton Leaf Pattern Throw (1.50 x 2 m),131
4136,luxury-leaf-pattern-recycled-cotton-throw-1-50-x-2-m,I-Luxury Leaf Pattern Recycled Cotton Throw (1.50 x 2 m),131
4137,a5-hardcover-pastel-floral-notebook-creative-elegance-2,I-A5 Hardcover Pastel Floral Notebook – Creative Elegance,131
4138,lifestyle-spiral-notebook-capture-your-dreams-and-inspirations,I-Lifestyle Spiral Notebook – Capture Your Dreams and Inspirations,131
4139,a5-floral-xo-rare-notebook-200-pages-hardcover,I-A5 Floral Xo Rare Notebook 200 Pages Hardcover,131
4140,premium-ceramic-dish-for-an-elegant-and-unique-table,I-Premium Ceramic Dish for an Elegant and Unique Table,131
4141,ultra-absorbent-sponge-bath-mat-for-unrivaled-comfort-2,I-Ultra-Absorbent Sponge Bath Mat for Unrivaled Comfort,131
4142,I-Traditional-Ecological-Margoum-–-Various-Patterns,I-Traditional Ecological Margoum – Various Patterns,135
4143,scented-tealight-candles,I-Scented Tealight Candles,131
4144,trex-sculpture-exclusive-2,I-Trex sculpture exclusive,131
4145,unique-handcrafted-olive-coaster-to-enhance-your-table,I-Unique handcrafted olive coaster to enhance your table,131
4146,I-Vegetable-fiber-basket,I-Vegetable fiber basket,134
4147,chic-grey-upcycled-cotton-bath-mat-0-55-0-75-m-2,I-Chic Grey Upcycled Cotton Bath Mat (0.55 * 0.75 m),131
4148,luxe-recycled-cotton-jacquard-throw,I-LUXE Recycled Cotton Jacquard Throw,131
4149,I-Elegant-Room-Fragrance-and-Floral-Air-Freshener-Set,I-Elegant Room Fragrance and Floral Air Freshener Set,110
4150,hand-carved-hardwood-islamic-wall-art-64-x-27-cm,I-Hand-Carved Hardwood Islamic Wall Art (64 x 27 cm) “بسم الله الرحمان الرحيم”,131
4151,jete-en-coton-recycle-lurex,I-Jeté en coton recyclé Lurex,131
4152,descente-de-lit-en-coton-recycle-luxe,I-Descente de lit en coton recyclé luxe,131
4153,vase-ceramique-elegant-25x10-cm-pour-une-deco-raffinee,I-Vase céramique élégant 25×10 cm pour une déco raffinée,131
4154,vase-decoratif-en-ceramique-multicolore-pour-un-style-unique,I-vase décoratif en céramique multicolore pour un style unique,131
4155,photophores-ceramique-elegants-avec-plateau-assorti-exclusif,I-Photophores céramique élégants avec plateau assorti exclusif,131
4156,luxury-rose-candle-for-a-romantic-and-soothing-ambiance-2,I-Luxury Rose Candle for a Romantic and Soothing Ambiance,131
4157,deco-salon-mdf-elegance-et-style-pour-un-interieur-unique,I-deco salon MDF élégance et style pour un intérieur unique,131
4158,cache-pot-panier-en-fibre-de-palmier-couleur-bleu,I-Cache pot/ panier en fibre de palmier – Couleur bleu,131
4159,I-Drap-de-lit-blanc-en-coton-haut-de-gamme,I-Drap de lit blanc en coton haut de gamme,88
4160,vase-ceramique-beige-et-vert-avec-corde-tressee-elegante,I-Vase céramique beige et vert avec corde tressée élégante,131
4161,beige-rectangular-rug-130x110-cm,I-Beige Rectangular Rug 130×110 cm,131
4162,unique-olive-wood-decoration-for-a-refined-interior,I-Unique olive wood decoration for a refined interior,131
4163,handmade-african-sculpture-in-recycled-paper-ethnic-home-decor-3,I-Handmade African Sculpture in Recycled Paper – Ethnic Home Decor,131
4164,square-decorative-painting-51-x-51-cm-with-arabesque-motifs,I-Square Decorative Painting (51 X 51 cm) with Arabesque Motifs,131
4165,decoration-cuisine-en-mdf-elegante-pour-un-style-unique,I-Décoration cuisine en MDF élégante pour un style unique,131
4166,lustre-en-osier-naturel-boheme-chic,I-Lustre en osier naturel bohème chic,131
4167,flora-modern-table-light-of-olive-elegance-and-unique-design-2,I-Flora modern table light of olive elegance and unique design,131
4168,gold-leaf-embroidered-cushion-cover-elegance-and-comfort-2,I-Gold Leaf Embroidered Cushion Cover – Elegance and Comfort,131
4169,3-color-ceramic-pan-handmade-tableware,I-3-Color Ceramic Pan – Handmade Tableware,131
4170,coffret-green-and-light,I-Coffret Green and Light,131
4171,carved-olive-wood-bowl-for-a-unique-and-elegant-decoration,I-Carved olive wood bowl for a unique and elegant decoration,131
4172,poisson-en-ceramique-emaux-a-effet-sur-socle-en-fer,I-Poisson en céramique émaux à effet sur socle en fer,131
4173,sintra-greige-beige-throw-exceptional-style-and-comfort,I-Sintra Greige Beige Throw – Exceptional Style and Comfort,131
4174,I-Modern-Woman-Painting-Gold-and-Black,I-Modern Woman Painting Gold and Black,695
4175,unique-handcrafted-olive-wood-vase-for-elegant-decor,I-Unique Handcrafted Olive Wood Vase for Elegant Decor,131
4176,carved-olive-wood-basket-unique-and-elegant-design-2,I-Carved olive wood basket unique and elegant design,131
4177,elegant-olive-wood-stand-for-a-refined-interior-2,I-Elegant Olive Wood Stand for a Refined Interior,131
4178,handcrafted-olive-wood-mirror-for-a-unique-interior,I-Handcrafted Olive Wood Mirror for a Unique Interior,131
4179,ceramic-fish-sculpture-moon-shape-graphic-style,I-Ceramic Fish Sculpture – Moon Shape & Graphic Style,131
4180,decorative-olive-wood-piece-2,I-Decorative Olive Wood Piece,131
4181,designer-leather-wall-shelf-for-a-chic-and-trendy-interior-2,I-Designer leather wall shelf for a chic and trendy interior,131
4182,olive-wood-utensils-orf-zaytoun-premium-signature-set-2,I-Olive Wood Utensils Orf Zaytoun Premium Signature Set,131
4183,olea-eternal-home-decor-for-a-unique-and-premium-style,I-Olea Eternal Home Decor for a Unique and Premium Style,131
4184,handcrafted-olive-wood-vase-for-elegant-decoration,I-Handcrafted Olive Wood Vase for Elegant Decoration,131
4354,african-wall-decoration-unique-ethnic-tray-set,I-African Wall Decoration Unique Ethnic Tray Set,131
4185,handcrafted-olive-wood-decorative-object-for-an-elegant-interior,I-Handcrafted Olive Wood Decorative Object for an Elegant Interior,131
4186,hand-carved-islamic-wall-art-in-beech-wood-28x45cm-2,I-Hand-Carved Islamic Wall Art in Beech Wood – 28x45cm “محمد رسول الله”,131
4187,hand-carved-hardwood-islamic-wall-art-2,I-Hand-Carved Hardwood Islamic Wall Art “سبحان الله و بحمده سبحان الله العظيم”,131
4188,hand-carved-hardwood-islamic-wall-art,I-Hand-carved Hardwood Islamic Wall Art “ما شاء الله”,131
4189,hand-carved-round-hardwood-islamic-wall-art,I-Hand-Carved Round Hardwood Islamic Wall Art “الله جل جلاله”,131
4190,hand-carved-round-hardwood-islamic-wall-art-3,I-Hand-Carved Round Hardwood Islamic Wall Art “محمد رسول الله”,131
4191,exclusive-solid-wood-wall-panel-60x225-cm-2,I-Exclusive solid wood wall panel 60×225 cm,131
4192,african-musician-sculpture-in-recycled-paper-handmade-ethnic-decoration-2,I-African Musician Sculpture in Recycled Paper – Handmade Ethnic Decoration,131
4193,premium-decorative-deer-for-unique-decoration,I-Premium Decorative Deer for Unique Decoration,131
4194,unique-decorative-deer-to-embellish-your-home-with-style-2,I-Unique Decorative Deer to Embellish Your Home with Style,131
4195,african-sculpture-in-recycled-paper-handmade-ethnic-decor-woman-statue,I-African Sculpture in Recycled Paper – Handmade Ethnic Decor Woman Statue,131
4196,ustensiles-en-bois-essentiels-pour-une-cuisine-raffinee,I-Ustensiles en bois essentiels pour une cuisine raffinée,131
4197,tipi-pour-enfant,I-Tipi pour enfant,131
4198,rideau-en-macrame,I-Rideau en macramé,131
4199,african-recycled-paper-sculpture-ethnic-decorative-handmade-woman-statue,I-African Recycled Paper Sculpture – Ethnic Decorative Handmade Woman Statue,131
4200,african-musicians-sculpture-in-recycled-paper-handmade-ethnic-decoration-2,I-African Musicians Sculpture in Recycled Paper – Handmade Ethnic Decoration,131
4201,designer-ceramic-centerpiece-for-unique-elegance-2,I-Designer Ceramic Centerpiece for Unique Elegance,131
4202,elegant-decorative-tree-40-x-15-cm-for-a-unique-decoration-2,I-Elegant Decorative Tree 40 x 15 cm for a Unique Decoration,131
4203,metal-decorative-item,I-Metal Decorative Item,131
4204,decoration-interieure-olea-eternel-pour-un-style-unique-et-premium,I-Décoration intérieure Olea éternel pour un style unique et premium,131
4205,I-Hand-painted-African-Decorative-Wall-Plate-Set-of-3,I-Hand-painted African Decorative Wall Plate Set of 3,77
4206,chic-and-unique-blue-metal-artisan-wall-key-holder,I-Chic and Unique Blue Metal Artisan Wall Key Holder,131
4207,comfy-uniform-high-pile-cotton-rug-customizable-in-wool-or-vegetable-silk,I-COMFY Uniform High-Pile Cotton Rug – Customizable in Wool or Vegetable Silk,131
4208,artisanal-wood-and-fabric-storage-basket-home-decor-and-organization-2,I-Artisanal Wood and Fabric Storage Basket – Home Decor and Organization,131
4209,organic-dried-moringa-leaf-from-senegal-50g-natural-superfood,I-Organic Dried Moringa Leaf from Senegal 50g – Natural Superfood,131
4210,black-xl-giraffe-floor-lamp-for-an-elegant-and-unique-touch,I-Black XL Giraffe Floor Lamp for an Elegant and Unique Touch,131
4211,natural-corn-flour-400g-gluten-free,I-Natural Corn Flour 400g Gluten-Free,131
4212,verre-coupe-foufoun-en-ceramique-blanche-emaillee,I-Verre coupe Foufoun en céramique blanche émaillée,131
4213,box-parfum-de-marque-noire-coffret-parfum-oriental-et-bougie-haut-de-gamme,I-Box parfum de marque noire – Coffret parfum oriental et bougie haut de gamme,131
4214,jeu-de-societe-xo-game-personnalise-en-acajou-et-beige,I-Jeu de société XO GAME personnalisé en acajou et beige,131
4215,set-de-5-plateaux-de-service-en-cuir-artisanal-touareg-marron-auburn,I-Set de 5 plateaux de service en cuir artisanal touareg marron auburn,131
4216,plateau-de-service-en-cuir-orange-motif-touareg-artisanal-et-decoratif,I-Plateau de service en cuir orange motif touareg artisanal et décoratif,131
4217,I-Pack-de-4-cuillères-à-café-en-bois-d’ébène-artisanales,I-Pack de 4 cuillères à café en bois d’ébène artisanales,125
4218,tissu-a-coudre-original-floral-elegant-45-cm-satin-brode-chic,I-Tissu à coudre original floral élégant 45 cm – Satin brodé chic,131
4219,console-en-bois-sculptee-a-la-main-pour-un-interieur-raffine,I-Console en bois sculptée à la main pour un intérieur raffiné,131
4220,console-en-bois-sculpte-unique-pour-un-interieur-elegant-210-x-105-x-37-cm,I-Console en bois sculpté unique pour un intérieur élégant 210 x 105 x 37 cm,131
4221,pots-de-fleurs-blancs-60-cm-pour-un-decor-elegant-et-raffine,I-Pots de fleurs blancs 60 cm pour un décor élégant et raffiné,131
4222,chaise-longue-jaune-et-blanc-confort-elegance-pour-jardin,I-Chaise longue jaune et blanc confort élégance pour jardin,131
4223,planche-a-decouper-en-bois,I-Planche à découper en bois,131
4224,aldiana-scented-candle-elegant-floral-fragrance-and-soothing-ambiance,I-ALDIANA Scented Candle – Elegant Floral Fragrance and Soothing Ambiance,131
4225,chaise-longue-classique-pour-un-confort-inegale-et-elegant,I-Chaise longue classique pour un confort inégalé et élégant,131
4226,statuette-africaine-en-bronze-25-cm-sculpture-decorative-ethnique-chic,I-Statuette africaine en bronze 25 cm – Sculpture décorative ethnique chic,131
4227,thiouraye-parfum-dambiance-250ml-parfum-interieur-artisanal-senegalais,I-Thiouraye parfum d’ambiance 250ml – Parfum intérieur artisanal sénégalais,131
4228,cafe-des-noyaux-de-dattes,I-Café des noyaux de dattes alternative au café 250g,16
4229,pot-cosmetique-luxe-blanc-et-or-hermetique-contenant-creme-visage-premium,I-Pot cosmétique luxe blanc et or hermétique – Contenant crème visage premium,131
4230,etagere-en-bois-elegante-en-forme-de-branche-arbre-pour-un-interieur-unique,I-étagère en bois élégante en forme de branche arbre pour un intérieur unique,131
4231,mortier-bois-olivier-artisanal-pour-des-saveurs-authentiques,I-mortier bois olivier artisanal pour des saveurs authentiques,131
4232,mortier-bois-olivier-artisanal-pour-une-cuisine-raffinee,I-mortier bois olivier artisanal pour une cuisine raffinée,131
4233,plat-aperitif-en-bois-dolivier-trois-compartiments-naturel,I-Plat apéritif en bois d’olivier trois compartiments naturel,131
4234,casse-noix-en-bois-elegant-en-forme-de-champignon-premium,I-Casse noix en bois élégant en forme de champignon premium,131
4235,pot-a-miel-en-bois-dolivier-pour-un-plaisir-authentique,I-Pot à miel en bois d’olivier pour un plaisir authentique,131
4236,planche-a-decouper-rustique-36x26-cm-pour-une-cuisine-elegante,I-Planche à découper rustique 36×26 cm pour une cuisine élégante,131
4237,I-Parure-de-lit-haut-de-gamme-gris-anthracite,I-Parure de lit haut de gamme gris anthracite,136
4238,lampe-en-bois-artisanale-hetre-pour-une-ambiance-chaleureuse,I-Lampe en bois artisanale Hêtre pour une ambiance chaleureuse,131
4239,I-Couette-et-draps-coton-modernes-–-Ensemble-confortable,I-Couette et draps coton modernes – Ensemble confortable,133
4240,tapis-berbere-cuir-artisanal-auburn-150x90-cm,I-TAPIS BERBERE EN CUIR ARTISANAL AUBURN AVEC 4 POUFS,131
4241,tapis-berbere-en-cuir,I-Tapis berbère en cuir,131
4242,draps-de-lit-violet-en-coton-avec-des-broderies-dorees,I-Draps de lit violet en coton avec des broderies dorées,131
4243,tapis-berbere-cuir-gris-noir-dore,I-Tapis berbère cuir gris noir doré,131
4244,unique-modern-painting-2,I-unique modern painting,131
4245,modern-painting-for-a-quest-for-peace-and-freedom-2,I-Modern painting for a quest for peace and freedom,131
4246,mini-melting-candles-pack-of-5-candles-with-multiple-scents-2,I-Mini Melting Candles – Pack of 5 Candles with Multiple Scents,131
4247,set-of-4-white-sage-smudge-sticks,I-Set of 4 White Sage Smudge Sticks,131
4248,set-of-4-artisan-leather-poufs-and-handmade-round-rug,I-Set of 4 artisan leather poufs and handmade round rug,131
4249,modern-painting-revealing-human-struggles-and-resilience-2,I-Modern painting revealing human struggles and resilience,131
4250,Home & Decor > Page 13,I-Diffuser refill (vanilla,137
4251,handmade-fabric-decorative-owl-with-wings-and-lace,I-Handmade Fabric Decorative Owl with Wings and Lace,131
4252,wooden-kitchen-wall-sticker-decoration,I-Wooden Kitchen Wall Sticker Decoration,131
4253,decorative-blue-beige-wood-and-resin-painted-clock,I-Decorative Blue & Beige Wood and Resin Painted Clock,131
4254,traditional-decorative-mirror-glass-painting-in-resin-25-x-30-x-30-cm-2,I-Traditional Decorative Mirror Glass Painting in Resin 25 x 30 x 30 cm,131
4255,diffuseur-de-parfum-vanille-sans-alcool,I-Diffuseur de parfum vanille sans alcool,131
4256,bougie-decorative,I-Bougie Décorative,131
4257,bougie-decorative-a-base-de-parfum-naturel,I-Bougie décorative à base de parfum naturel,131
4258,hand-painted-african-wooden-mask-2,I-Hand-Painted African Wooden Mask,131
4259,ebony-wood-baobab-sculpture-2,I-Ebony wood baobab sculpture,131
4260,pair-of-decorative-black-bronze-statues,I-Pair of Decorative Black Bronze Statues,131
4261,long-white-bubble-style-candle-with-vanilla-scent,I-Long White Bubble Style Candle with Vanilla Scent,131
4262,handcrafted-wooden-bowl-with-hand-engraved-lid,I-Handcrafted Wooden Bowl with Hand-Engraved Lid,131
4263,authentic-thiouraye-room-fragrance-500g-for-your-well-being,I-Authentic Thiouraye Room Fragrance 500g for Your Well-being,131
4264,granule-de-mil-cereale-sans-gluten-400g,I-Granulé de mil Céréale sans gluten (400g),131
4265,crevettes-sechees-naturelles-500g,I-Crevettes séchées naturelles 500g,131
4266,statuette-lion-en-bronze-pour-salon-ou-bureau-18x10-cm,I-Statuette lion en bronze pour salon ou bureau (18×10 cm ),131
4267,statuettes-africaines-en-bronze,I-Statuettes africaines en bronze,131
4268,decoration-murale-islamique-en-mdf,I-Décoration murale islamique en MDF,131
4269,parfum-dambiance-persian-oud-300-ml,I-Parfum d’Ambiance Persian Oud 300 ml,131
4270,coussin-rond-pour-dos-vert-et-blanc-30x30cm,I-Coussin rond pour dos vert et blanc ( 30x30cm),131
4271,decorative-cotton-canvas-painting-melancholic-twilight-wreck,I-Decorative Cotton Canvas Painting – Melancholic Twilight Wreck,131
4272,boite-a-mouchoirs-en-cuir-multicolore-design,I-Boite à mouchoirs en cuir multicolore design,131
4273,handcrafted-decoration-statuette-of-the-old-thinker-in-solid-wood,I-Handcrafted Decoration Statuette of the Old Thinker in Solid Wood,131
4274,modern-decorative-sculpture-living-room-old-thinker-in-wood-50-cm,I-Modern Decorative Sculpture Living Room Old Thinker in Wood (50 cm),131
4275,reed-diffuser-125ml,I-Reed Diffuser 125ml,131
4276,candle-390g,I-Candle 390g,131
4277,cendrier-design-en-beton-fibre,I-Cendrier design en béton fibré,131
4278,sculpture-decorative-colombe-en-beton-fibre,I-Sculpture décorative Colombe en béton fibré,131
4279,les-derviches,I-Les derviches,131
4280,sculpture-loopy-en-beton-fibre,I-Sculpture LOOPY en béton fibré,131
4281,original-cotton-and-wax-kitchen-apron-with-colorful-african-patterns,I-Original Cotton and Wax Kitchen Apron with Colorful African Patterns,131
4282,hand-embroidered-eye-decorative-artwork-60-x-40-cm-2,I-Hand-Embroidered Eye Decorative Artwork (60 x 40 cm),131
4283,tableau-decorative-embroidered-80x60cm-2,I-Tableau “عشق” Decorative Embroidered (80x60cm),131
4284,berber-plaid-in-hayek-250x150-cm-with-2-cushions-40x30-cm-2,I-Berber Plaid in Hayek (250×150 cm) with 2 Cushions (40×30 cm),131
4285,round-storage-basket-in-sisal-small-size,I-Round Storage Basket – in Sisal – Small Size,131
4286,set-of-6-jute-coasters-with-wooden-bead-2,I-Set of 6 Jute Coasters with Wooden Bead,131
4287,ethnic-wall-decoration-handwoven-wall-plate-in-natural-fibers,I-Ethnic Wall Decoration: Handwoven Wall Plate in Natural Fibers,131
4288,soft-wool-cushion-with-embroidered-patterns-2,I-Soft Wool Cushion with Embroidered Patterns,131
4289,hand-embroidered-convertible-3-seater-sofa,I-Hand-Embroidered Convertible 3-Seater Sofa,131
4290,gaya-handmade-ceramic-bowl,I-Gaya Handmade Ceramic Bowl,131
4291,natural-wood-and-woven-jute-napkin-rings-one-piece,I-Natural Wood and Woven Jute Napkin Rings – One Piece,131
4292,african-woman-statue-wooden-artisan-design,I-African Woman Statue Wooden Artisan Design,131
4293,modern-african-woman-decorative-statue-in-handcrafted-wood,I-Modern African Woman Decorative Statue in Handcrafted Wood,131
4294,ceramic-woman-body-vase,I-Ceramic Woman Body Vase,131
4295,coffee-mug-mini-boobs,I-Coffee Mug “Mini Boobs”,131
4296,handmade-straw-laundry-basket-2,I-Handmade Straw Laundry Basket,131
4297,foufoun-torse-vase,I-FOUFOUN® Torse Vase,131
4298,sejnane-black-and-white-vase-in-handmade-pottery-h-30-cm-dried-flower-bouquet-2,I-Sejnane Black and White Vase in Handmade Pottery – H 30 cm – Dried Flower Bouquet,131
4299,chic-modern-coaster-for-an-elegant-and-refined-style,I-Chic Modern Coaster for an Elegant and Refined Style,131
4300,elegant-trivet-and-serving-plate-for-a-refined-and-welcoming-table,I-Elegant Trivet and Serving Plate for a Refined and Welcoming Table,131
4301,leather-coaster-elegance-and-protection-for-your-drinks,I-Leather Coaster: Elegance and Protection for Your Drinks,131
4302,golden-ceramic-octopus-on-golden-console-2,I-Golden Ceramic Octopus on Golden Console,131
4303,leather-decorative-cushion-2,I-Leather Decorative Cushion,131
4304,metal-bottle-rack-for-8-bottles-modern-style-2,I-Metal Bottle Rack for 8 Bottles – Modern Style,131
4305,candle-110g-2,I-Candle 110g,131
4306,eterna-concrete-and-linen-lampshade-2,I-ETERNA Concrete and Linen Lampshade,131
4307,2-glass-and-raffia-vases-natural-ibiza-style-h-25-cm-2,I-2 Glass and Raffia Vases – Natural Ibiza Style H 25 cm,131
4308,2-white-ceramic-vases-dried-flowers-bohemian-style-2,I-2 White Ceramic Vases – Dried Flowers – Bohemian Style,131
4309,lot-de-2-bougies-en-beton-brut-cubik,I-Set de bougies CUBIK artisanales façonnées en béton brut,131
4310,bougie-decorative-cubique-beton-cire-artisanale,I-Bougie décorative en béton brut Cube (12 cm),131
4311,black-arabesque-wooden-wall-key-holder-with-ceramic,I-Black Arabesque Wooden Wall Key Holder with Ceramic,131
4312,vibrant-tribal-tablecloth-cultural-elegance-for-your-table,I-Vibrant Tribal Tablecloth – Cultural Elegance for Your Table,131
4313,gold-sun-design-wall-mirror-elegant-and-modern-wall-decoration,I-Gold Sun Design Wall Mirror – Elegant and Modern Wall Decoration,131
4314,white-round-design-mirror-40cm-in-diameter-elegant-pearl-framed-decorative-wall-mirror,I-White Round Design Mirror 40cm in Diameter – Elegant Pearl Framed Decorative Wall Mirror,131
4315,bohemian-decorative-wall-circle-in-wood-and-fabric-unique-handmade-wall-art,I-Bohemian Decorative Wall Circle in Wood and Fabric – Unique Handmade Wall Art,131
4316,african-woman-wooden-statuette-ethnic-sculpture-interior-decoration,I-African Woman Wooden Statuette – Ethnic Sculpture Interior Decoration,131
4317,minimalist-stone-sculpture-ovo,I-Minimalist Stone Sculpture OVO,131
4318,coussin-decoratif-artisanal-brode-main-vert-et-rose-design-moderne-canape,I-Coussin décoratif artisanal brodé main vert et rose – Design moderne canapé,131
4319,chemin-de-table-en-pagne-coton-beige-orange-elegant-et-artisanal,I-Chemin de table en pagne coton beige orange – Élégant et artisanal,131
4320,woven-rattan-arabic-wall-decoration-with-islamic-calligraphy,I-Woven Rattan Arabic Wall Decoration with Islamic Calligraphy,131
4321,lot-de-3-panier-de-decoration-murale-avec-vannerie,I-Lot de 3 panier de DECORATION MURALE AVEC VANNERIE,131
4322,ensemble-table-a-manger-artisanal-set-boheme-chic-en-fibres-naturelles,I-Ensemble table à manger artisanal : set bohème chic en fibres naturelles,131
4323,miroir-decoratif-mural-rond-ethnique-miroir-artisanal-boheme-30-cm,I-Miroir décoratif mural rond ethnique – Miroir artisanal bohème 30 cm,131
4324,exclusive-vintage-painting-for-a-unique-and-timeless-decor,I-exclusive vintage painting for a unique and timeless decor,131
4325,natural-wood-cat-house,I-Natural Wood Cat House,131
4326,african-decorative-tray-with-wax-figurines-handmade-wall-art-2,I-African Decorative Tray with Wax Figurines – Handmade Wall Art,131
4327,handcrafted-wall-decoration-basket-bohemian-woven-wall-basket-18x15-cm-2,I-Handcrafted Wall Decoration Basket – Bohemian Woven Wall Basket 18×15 cm,131
4328,handcrafted-green-ceramic-teapot-traditional-natural-elegance,I-Handcrafted Green Ceramic Teapot – Traditional Natural Elegance,131
4329,blue-lace-ceramic-teapot-artisan-elegance,I-Blue Lace Ceramic Teapot – Artisan Elegance,131
4330,brown-ceramic-artisan-teapot-floral-elegance,I-Brown Ceramic Artisan Teapot – Floral Elegance,131
4331,handmade-wool-berber-rug-with-diamond-pattern-beige,I-Handmade Wool Berber Rug with Diamond Pattern Beige,131
4332,I-Upcycled-Wood-Table,I-Upcycled Wood Table,138
4333,vintage-leather-coaster-artisan-elegance-for-your-table,I-Vintage Leather Coaster: Artisan Elegance for Your Table,131
4334,set-of-3-elegant-forks-for-a-refined-table,I-Set of 3 Elegant Forks for a Refined Table,131
4335,pot-luna-xxl,I-Pot Luna XXL,131
4336,celestial-pot,I-Celestial Pot,131
4337,square-blue-wooden-tray-elegance-and-premium-quality,I-Square Blue Wooden Tray: Elegance and Premium Quality,131
4338,elegant-and-practical-wooden-desk-organizer-for-a-chic-space,I-Elegant and Practical Wooden Desk Organizer for a Chic Space,131
4339,elegant-moon-lamp-illuminate-your-interior-with-magic,I-Elegant Moon Lamp: Illuminate Your Interior with Magic,131
4340,pink-ceramic-pomegranate-tunisian-craftsmanship-for-chic-decor,I-Pink Ceramic Pomegranate: Tunisian Craftsmanship for Chic Decor,131
4341,I-Handmade-Green-Cushion-with-White-Embroidery,I-Handmade Green Cushion with White Embroidery,139
4342,white-cushion-with-blue-embroidery,I-White Cushion with Blue Embroidery,131
4343,round-ashtray,I-Round Ashtray,131
4344,sculpted-face-soy-wax-candles-eco-friendly-artistic-elegance,I-Sculpted Face Soy Wax Candles – Eco-Friendly Artistic Elegance,131
4345,elegant-soy-candle-metal-design-amp-musk-scent,I-Elegant Soy Candle – Metal Design & Musk Scent,131
4346,scented-candle-musk-in-soy-wax-golden-elegance,I-Scented Candle Musk in Soy Wax – Golden Elegance,131
4347,black-soy-wax-scented-candle-exquisite-floral-elegance,I-Black Soy Wax Scented Candle – Exquisite Floral Elegance,131
4348,jasmine-oceanic-elegance-candle-natural-soy-wax,I-Jasmine Oceanic Elegance Candle – Natural Soy Wax,131
4349,elegant-soy-wax-candle-pastel-rose-floral-scent,I-Elegant Soy Wax Candle – Pastel Rose Floral Scent,131
4350,black-handmade-ceramic-bowl,I-Black Handmade Ceramic Bowl,131
4351,pot-luna-xl,I-Pot Luna XL,131
4352,raku-decorative-sculpture-unique-artisan-elegance-for-your-interior,I-Raku Decorative Sculpture: Unique Artisan Elegance for Your Interior,131
4353,unique-decorative-painting-for-a-soothing-and-refined-ambiance,I-Unique Decorative Painting for a Soothing and Refined Ambiance,131
4413,coussin-brode-main-violet,I-Coussin brodé main violet,131
4355,set-of-3-ethnic-wall-decorations-in-raffia-artisanal-bohemian,I-Set of 3 Ethnic Wall Decorations in Raffia – Artisanal & Bohemian,131
4356,hand-embroidered-wool-rug-with-exclusive-cushions-1-5m,I-Hand-Embroidered Wool Rug with Exclusive Cushions 1.5m,131
4357,pack-notebook-and-wooden-pen-with-a-fish-pattern,I-Pack notebook and wooden pen with a fish pattern,131
4358,hand-blown-recycled-glass-carafe-exclusive-set-of-5-pieces,I-Hand-Blown Recycled Glass Carafe Exclusive Set of 5 Pieces,131
4359,cardo-high-pile-plant-silk-rug-customizable-in-cotton-or-wool,I-CARDO High Pile Plant Silk Rug – Customizable in Cotton or Wool,131
4360,kilim-mos-bicolor-in-wool-customizable-in-cotton-or-vegetable-silk,I-Kilim MOS Bicolor in Wool – Customizable in Cotton or Vegetable Silk,131
4361,kilim-hassir-speckled-wool-customizable-in-cotton-or-vegetable-silk,I-Kilim HASSIR speckled wool – Customizable in Cotton or Vegetable Silk,131
4362,I-Natural-Olive-Wood-Hydroponic-Vase,I-Natural Olive Wood Hydroponic Vase,51
4363,olive-wood-vase-unique-handmade-piece,I-Olive Wood Vase – Unique Handmade Piece,131
4364,handcrafted-olive-wood-kitchen-utensils-for-an-elegant-kitchen,I-Handcrafted Olive Wood Kitchen Utensils for an Elegant Kitchen,131
4365,olive-wood-propagation-station-with-stand-and-glass-tubes,I-Olive Wood Propagation Station with Stand and Glass Tubes,131
4366,olive-wood-paper-holder-eco-friendly-craftsmanship,I-Olive Wood Paper Holder – Eco-Friendly Craftsmanship,131
4367,handcrafted-olive-wood-wall-coat-rack-rustic-and-natural-design,I-Handcrafted Olive Wood Wall Coat Rack – Rustic and Natural Design,131
4368,natural-olive-wood-wall-key-holder-rustic-style,I-Natural Olive Wood Wall Key Holder – Rustic Style,131
4369,I-Hexagonal-Olive-Wood-Candle-Holder,I-Hexagonal Olive Wood Candle Holder,51
4370,natural-elegance-olive-wood-cup-for-your-beverages,I-Natural Elegance Olive Wood Cup for Your Beverages,131
4371,set-of-5-olive-wood-kitchen-utensils-with-holder,I-Set of 5 Olive Wood Kitchen Utensils with Holder,131
4372,I-1-Natural-Olive-Wood-Candle-Holder,I-1 Natural Olive Wood Candle Holder,51
4373,tunisian-craft-tea-set-with-6-hand-painted-glasses,I-Tunisian Craft Tea Set with 6 Hand-Painted Glasses,131
4374,elegant-box-with-fish-and-decorative-candle-in-stone-finish,I-Elegant Box with Fish and Decorative Candle in Stone Finish,131
4375,decorative-box-tunisian-couple-in-handmade-raku-ceramic,I-decorative box Tunisian couple in handmade raku ceramic,131
4376,natural-wicker-chic-bohemian-chandelier,I-Natural Wicker Chic Bohemian Chandelier,131
4377,pack-notebook-and-wooden-pen-with-an-embroidered-khomsa-pattern,I-Pack notebook and wooden pen with an embroidered khomsa pattern,131
4378,yellow-african-basket-planter,I-Yellow African Basket Planter,131
4379,colorful-wax-fabric-storage-box-in-blue,I-Colorful Wax Fabric Storage Box in Blue,131
4380,wax-cushion-covers-45x45-cm,I-Wax Cushion Covers 45×45 cm,131
4381,unique-handmade-wax-and-velvet-fabric-wall-art,I-unique handmade wax and velvet fabric wall art,131
4382,islamic-wooden-wall-d-cor,I-Islamic Wooden Wall Décor,131
4383,artistic-wooden-box-with-lid-presented-in-an-elegant-gift-box,I-Artistic Wooden Box with Lid Presented in an Elegant Gift Box,131
4384,sculpture-contemporaine-silencia-en-beton-brut,I-Silencia,131
4385,gigi-la-girafe,I-GiGi la girafe,131
4386,decorative-sculpture-the-monkeys-of-wisdom-in-raw-concrete,I-Decorative Sculpture The Monkeys of Wisdom in Raw Concrete,131
4387,plateau-manara-en-beton-brut,I-Plateau Manara en béton,131
4388,lampe-babar-en-beton-brut,I-Lampe Babar en béton brut,131
4389,lampe-du-jardin-spherea-en-beton-brut,I-Lampe du Jardin Spherea en béton brut,131
4390,lampe-du-jardin-lumos-en-beton-brut,I-Lampe du Jardin Lumos en béton brut,131
4391,lampe-de-chevet-ovolith,I-Lampe de chevet Ovolith,131
4392,lampe-de-chevet-cercle-de-feu,I-Lampe de chevet Cercle de Feu,131
4393,lampe-de-chevet-lumina,I-Lampe de chevet Lumina,131
4394,californian-palo-santo-on-mother-of-pearl-holder-2,I-Californian Palo Santo on Mother-of-Pearl Holder,131
4395,chic-straw-basket-for-elegant-and-durable-storage,I-Chic Straw Basket for Elegant and Durable Storage,131
4396,tapis-en-jute-tisse-a-plat-personnalisable-en-laine-ou-en-coton,I-Tapis en JUTE tissé à plat – Personnalisable en Laine ou en coton,131
4397,tapis-en-laine-damier-a-poils-hauts-personnalisable-en-coton-ou-soie-vegetale,I-Tapis en Laine DAMIER à Poils Hauts – Personnalisable en Coton ou Soie Végétale,131
4398,handcrafted-ceramic-tea-set-timeless-elegance,I-Handcrafted Ceramic Tea Set – Timeless Elegance,131
4399,plush-cushion-with-ethnic-patterns-chic-elegance,I-Plush Cushion with Ethnic Patterns – Chic Elegance,131
4400,recycled-tires-art-deco-bench-comfort-and-elegance,I-Recycled Tires Art Deco Bench – Comfort and Elegance,131
4401,verres-artisanaux-en-verre-avec-sous-tasses-en-cuivre-elegants,I-verres artisanaux en verre avec sous-tasses en cuivre élégants,131
4402,portemanteaux-en-bois-haut-de-gamme-pour-un-interieur-chaleureux,I-portemanteaux en bois haut de gamme pour un intérieur chaleureux,131
4403,service-a-table-artisanale-rouge-pour-une-elegance-unique,I-service à table artisanale rouge pour une élégance unique,131
4404,gold-design-flower-pot-and-vase,I-Gold Design Flower Pot and Vase,131
4405,tasse-artisanale-marbree-bleu-et-ocre-piece-unique-pour-cafe,I-Tasse artisanale marbrée bleu et ocre pièce unique pour café,131
4406,livre-femmes-decouvrez-sanglots-de-femmes-parole-liberee,I-Livre femmes Découvrez Sanglots de Femmes Parole Libérée,131
4407,eco-friendly-bowl-in-natural-fibers-organic-elegance,I-Eco-Friendly Bowl in Natural Fibers – Organic Elegance,131
4408,elegant-eco-friendly-jute-table-mat-set-chic-natural-touch,I-Elegant Eco-Friendly Jute Table Mat Set – Chic Natural Touch,131
4409,eco-responsible-jute-placemat-set-sustainable-elegance,I-Eco-Responsible Jute Placemat Set – Sustainable Elegance,131
4410,eco-friendly-table-set-in-natural-materials-elegance-and-durability,I-Eco-Friendly Table Set in Natural Materials – Elegance and Durability,131
4411,coussin-blanc-avec-broderie-bleue-kamra,I-Coussin blanc avec broderie bleue (kamra),131
4412,coussin-vert-artisanal-avec-broderie-blanche,I-Coussin vert artisanal avec broderie blanche,131
4414,porte-cles-mural-en-metal-bleu,I-Porte-clés mural – Arcades – Finition terre cuite,131
4415,chat-en-tissu-pour-suspension-deco-ou-bijou-de-sac,I-Chat en tissu pour suspension déco ou bijou de sac,131
4416,objet-de-decoration-lot-de-4-sardines-decoratives-en-tissu,I-Objet de décoration Lot de 4 sardines décoratives en tissu,131
4417,objet-decoratif-poisson-en-tissu-peint-a-la-main,I-objet décoratif poisson en tissu peint à la main,131
4418,baton-de-sauge-blanche-naturelle-pour-purification-et-meditation,I-Bâton de Sauge Blanche Naturelle pour Purification et Méditation,131
4419,plateau-rectangulaire-bois-signe-sonia-lakhoua,I-Plateau rectangulaire bois signé Sonia Lakhoua,131
4420,beige-resin-horse-head-sculpture,I-Beige Resin Horse Head Sculpture,131
4421,tableau-artistique-moderne-poisson-colore,I-Tableau artistique moderne Poisson coloré,131
4422,rio-de-cadres-decoratifs-poissons-dores-et-turquoise,I-Trio de cadres décoratifs poissons dorés et turquoise,131
4423,serviettes-a-the-brodees-corail-elegance-et-protection-artisanale,I-serviettes à thé brodées corail élégance et protection artisanale,131
4424,verres-a-the-avec-serviettes-brodees-au-motif-de-libellules-multicolores,I-Verres à thé avec serviettes brodées au motif de Libellules multicolores –,131
4425,serviettes-a-the-brodees-poissons-pour-une-table-elegante,I-Serviettes à thé brodées poissons pour une table élégante,131
4426,serviettes-a-the-brodees-au-motif-de-mashmoum,I-Serviettes à thé brodées au motif de Mashmoum,131
4427,serviettes-a-the-brodees-au-motif-de-tortues-dorees,I-Serviettes à thé brodées au motif de TORTUES dorées,131
4428,masque-decoratif-sculpte-en-acajou-pour-un-interieur-elegant,I-Masque décoratif sculpté d’inspiration punique,131
4429,couffin-grand-taille,I-Couffin grand taille,131
4430,lampe-pele-artisanale-unique-pour-un-eclairage-original,I-Lampe pèle artisanale unique pour un éclairage original,131
4431,lampe-livres-design-unique-pour-un-bureau-elegant-et-chaleureux,I-Lampe livres design unique pour un bureau élégant et chaleureux,131
4432,lampe-industrielle-unique-en-vilebrequin-moteur-pour-un-style-rustique,I-Lampe industrielle unique en vilebrequin moteur pour un style rustique,131
4433,lampe-cle-a-molette-design-unique-pour-un-eclairage-rustique,I-Lampe clé à molette design unique pour un éclairage rustique,131
4434,lampe-de-jardin-elegante-pour-sublimer-vos-espaces-exterieurs,I-Lampe de jardin élégante pour sublimer vos espaces extérieurs,131
4435,lampe-industrielle-arbre-a-cames-pour-un-interieur-unique,I-Lampe industrielle arbre à cames pour un intérieur unique,131
4436,luminaire-bois-sculptural-en-bois-brule-pour-un-salon-unique,I-luminaire bois sculptural en bois brûlé pour un salon unique,131
4437,miroir-persienne-vintage-grand-format-pour-un-style-unique,I-Miroir persienne vintage grand format pour un style unique,131
4438,miroir-vintage-persienne-unique-pour-une-deco-chic-et-authentique,I-Miroir vintage persienne unique pour une déco chic et authentique,131
4439,lampe-vintage-hachoir-unique-pour-un-eclairage-tendance,I-Lampe vintage hachoir unique pour un éclairage tendance,131
4440,box-set-6-turtle-coasters-gold-and-silver-leaf,I-Box Set – 6 Turtle Coasters – Gold and Silver Leaf,131
4441,lampe-chaussure-design-chic-pour-un-interieur-feminin-irresistible,I-Lampe chaussure design chic pour un intérieur féminin irrésistible,131
4442,lampe-carton-design-eco-responsable-pour-un-interieur-unique,I-Lampe carton design écoresponsable pour un intérieur unique,131
4443,radio-vintage-meuble-schneider-neuf-pour-une-deco-retro-irresistible,I-radio vintage meuble Schneider neuf pour une déco rétro irrésistible,131
4444,poste-radio-vintage-europhon-piece-unique-etat-neuf-elegance,I-Poste radio vintage Europhon pièce unique état neuf élégance,131
4445,standard-telephonique-vintage-elegance-rustique-pour-votre-interieur,I-standard téléphonique vintage élégance rustique pour votre intérieur,131
4446,luminaire-fer-forge-vintage-pour-une-ambiance-unique-et-elegante,I-luminaire vintage élégant pour une ambiance unique et chaleureuse,131
4447,appareil-photo-instantane-polaroid-vintage-noir-pour-des-souvenirs-uniques,I-Appareil photo instantané Polaroid vintage noir pour des souvenirs uniques,131
4448,dactylographe-vintage-olivetti-blanc-neuf-pour-un-style-unique,I-Dactylographe vintage Olivetti blanc neuf pour un style unique,131
4449,lampe-vintage-unique-avec-abat-jour-telephone-retro-elegant,I-Lampe vintage unique avec abat jour téléphone rétro élégant,131
4450,sac-couffin-colore-avec-anses-en-cuir-orange,I-Sac couffin coloré avec anses en cuir orange,131
4451,tableau-mural-laine-feutree-motifs-abstraits-noir-et-blanc,I-tableau mural abstrait en laine feutrée noir et blanc exclusif,131
4452,high-end-leather-and-steel-butterfly-chair-for-unique-comfort,I-high-end leather and steel butterfly chair for unique comfort,131
4453,sac-en-laine-fait-main-avec-cordon-et-pompons-rouges,I-Sac en laine fait main avec cordon et pompons rouges,131
4454,tapis-en-laine-feutree-degradee-fait-main-piece-artisanale-naturelle,I-Tapis en laine feutrée dégradée fait main pièce artisanale naturelle,131
4455,pot-rond-en-beton-fait-main-2,I-Pot rond en béton fait main,131
4456,diffuseur-dambiance-a-tiges-disponible-en-5-senteurs-differentes,I-Diffuseur d’ambiance à tiges disponible en 5 senteurs différentes,131
4457,ceramic-decorative-vase-pomegranate-with-floral-pattern-handmade-in-tunisia,I-Ceramic Decorative Vase (Pomegranate) with Floral Pattern – Handmade in Tunisia,131
4458,I-Artisanal-Breakfast-Set-–-Ceramic-Mug,I-Artisanal Breakfast Set – Ceramic Mug,44
4459,bouteilles-vintage-exclusives-collection-rare-des-annees-40-60,I-Bouteilles vintage exclusives : collection rare des années 40-60,131
4460,I-Globe-vintage-unique-du-début-20e-siècle,I-Globe vintage unique du début 20e siècle,140
4461,luminaire-theiere-vintage-une-lampe-unique-et-elegante,I-Luminaire théière vintage : une lampe unique et élégante,131
4462,I-Table-basse-bois-mobile-en-pin,I-Table basse bois mobile en pin,140
4463,lampe-de-jardin-elegante-transformez-votre-salon-en-art-lumineux,I-Lampe de jardin élégante : l’art lumineux pour votre salon,131
4464,derouleur-papier-toilette-double-en-macrame-charme-artisanal-unique,I-Dérouleur papier toilette double en macramé : charme artisanal unique,131
4465,norma,I-Tableau Norma,131
4737,tablette-mini-twisty,I-Tablette de cire parfumée mini Twisty,131
4466,margoum-berbere-upcycle-art-contemporain-exclusif-et-eblouissant,I-Margoum berbère upcyclé : Art contemporain exclusif et éblouissant,131
4467,I-Plateau-en-bois-design-avec-coupelles-céramique,I-Plateau en bois design avec coupelles céramique,141
4468,support-a-bouteille-en-rotin-fait-main,I-Porte bouteille en vannerie fait main : Élégance et unicité pour votre déco,131
4469,casier-a-bouteilles-en-bois-pliable,I-Casier à bouteilles en bois pliable : Élégance et praticité premium,131
4470,boites-a-epices-en-cuir-elegance-et-conservation-artisanale,I-Boîtes à épices en cuir : Élégance artisanale et conservation premium,131
4471,I-Seau-à-glace-inox-chic-avec-poignées-cuir,I-Seau à glace inox chic avec poignées cuir,142
4472,range-bouteilles-mural-en-cuir-elegance-et-rangement-mural,I-Rangebouteilles cuir mural : Élégance et rangement exclusif,131
4473,I-Table-petit-déjeuner-en-rotin-et-fer-forgé,I-Table petit déjeuner en rotin et fer forgé,134
4474,petite-lampe-en-bois,I-Petite lampe en bois,131
4475,longue-lampe-en-bois,I-Lampe en bois artisanale : Éclairez votre intérieur avec élégance,131
4476,I-Coussin-décoratif-en-broderie-rouge,I-Coussin décoratif en broderie rouge,139
4477,coussin-avec-broderie-en-vert,I-Coussin brodé vert artisanal : Élevez votre déco avec style,131
4478,lampe-style-cactus,I-Lampe cactus artisanale : éclairez votre intérieur avec style,131
4479,bougeoir-style-poisson,I-Bougeoir poisson artisanal : l’élégance unique pour votre déco,131
4480,I-Lampe-ronde-mariage-artisanale,I-Lampe ronde mariage artisanale,143
4481,abat-jour-suspendu-recycle-au-style-vintage-soda,I-Abatjour vintage suspendu unique pour un décor chic,131
4482,sous-verres-larges-recycles,I-Plateau résine artisanal 34×11 : Élégance et originalité unique,131
4483,tabouret-recycle-au-style-vintage,I-Tabouret vintage recyclé : une touche artisanale unique pour votre intérieur,131
4484,sculpture-equine-moderne-en-ceramique-raku,I-Sculpture en céramique Raku : Élégance artisanale unique,131
4485,ensemble-de-3-bols-en-ceramique,I-Ensemble de 3 bols en céramique,131
4486,I-Pâte-à-tartiner-de-sésame,I-Pâte à tartiner de sésame,144
4487,vases-decoratifs-en-calligraphie-arabe-elegance-artisanale-en-noir-et-or,I-3 Vases décoratifs en calligraphie arabe en noir et or,131
4488,ensemble-de-3-bols-en-ceramique-felfel,I-Ensemble de 3 bols en céramique Felfel,131
4489,set-of-3-ceramic-fish-bowls,I-Set of 3 Ceramic Fish Bowls,131
4490,cactus-en-metal-martele-mural-geant-fait-main,I-Cactus en métal martelé mural géant fait main,131
4491,plnm,I-PLNM,131
4492,plateau-rectangulaire-moderne,I-Plateau rectangulaire moderne,131
4493,table-basse-moderne-en-bois-de-frake-et-padouk64-x-40x-44cm,I-TABLE BASSE MODERNE EN BOIS DE FRAKE ET PADOUK(64 × 40× 44cm),131
4494,porte-chaussure-en-bois-et-acier-80x30cm-hauteur-80-cm,I-Porte chaussure en Bois et Acier 80x30cm hauteur 80 cm,131
4495,modern-multi-wood-tray-elegance-and-premium-quality-2,I-Modern Multi-wood Tray: Elegance and Premium Quality,131
4496,I-Carafe-en-verre-premium-avec-4-verres,I-Carafe en verre premium avec 4 verres,145
4497,brown-leather-catchall-premium-elegance-and-organization,I-Brown Leather Catchall: Premium Elegance and Organization,131
4498,lampe-en-rotin,I-Applique rotin demi-lune : Élégance et lumière pour votre intérieur,131
4499,set-marbre-artisanal-en-noir,I-Set marbre vert premium : Élégance artisanale pour votre salle de bain,131
4500,plateau-en-marbre-minimaliste,I-Plateau marbre minimaliste : luxe irrésistible pour votre table,131
4501,set-marbre-artisanal-plateau-et-vide-poche-en-pierre-naturelle,I-Set marbre mariage exclusif : Élégance et raffinement assurés,131
4502,suspension-murale-wavy,I-Tapis mural wavy corail,131
4503,tableau-sidi-bou-said,I-Tableau décoratif Sidi Bou Said brodé,131
4504,suspension-murale-carre-faience-orange,I-Tapis en suspension murale faïence orange,131
4505,serviettes-de-table-avec-broderie-en-dore,I-Serviettes brodées en doré : Élégance artisanale incontournable,131
4506,porte-plante-suspendu-en-macrame,I-Porteplante Suspendu en Macramé,131
4507,support-livre-en-bois-finition-noire,I-Support Livre Bois Noir Chic et Pratique pour Vos Lectures,131
4508,mug-en-ceramique-fleurie,I-Mug mariage floral en édition limitée pour un souvenir inoubliable idée cadeau pour elle,131
4509,vase-decoratif-rose-et-blanc-en-ceramique-fait-main,I-Vase décoratif rose pastel en céramique – Fait main,131
4510,sous-plat-en-ceramique-ajouree-art-de-la-table-artisanal,I-Sousplat céramique ajourée : l’élégance artisanale à table,131
4511,set-fresca-carafe-et-4-verres-en-verre-recycle-souffle-a-la-main-design-texture,I-Carafe en verre artisanale unique avec 4 verres recyclés,131
4512,abat-jour-en-cuivre,I-Abat-jour en cuivre martelé fait main,131
4513,lampe-artisanale-en-bois-avec-calligraphie-disques-dores,I-Abatjour bois : Éclairez votre intérieur avec élégance unique,131
4514,lampe-en-bois-avec-calligraphie-et-photo-vintage,I-Lampe en bois avec calligraphie et photo vintage,131
4515,lampe-de-chevet-en-cuivre-martele-avec-abat-jour-noir,I-Lampe de chevet en cuivre martelé avec abat-jour noir,131
4516,magnets-coraniques,I-6 Magnets coraniques – Aimants pour le frigo,131
4517,table-basse-artisanale-bois-rouge-unique,I-Table basse artisanale bois rouge unique,131
4518,table-basse-bois-rouge-artisanal-hairpin,I-Table Basse Bois Rouge Artisanal Hairpin,131
4519,table-basse-bois-rouge-chevrons-artisanale-unique,I-Table Basse Bois Rouge Chevrons | Artisanale Unique,131
4520,table-basse-bois-rouge-artisanale-pieds-metal-noir,I-Table Basse Bois Rouge Artisanale Pieds Métal Noir,131
4521,table-basse-bois-rouge-artisanal-pieds-metal,I-Table Basse Bois Rouge Artisanal & Pieds Métal,131
4522,table-basse-artisanale-bois-rouge-design-unique,I-Table basse artisanale bois rouge – Design unique,131
4523,tableau-peinture-a-lhuile-au-couteau-mer-agitee,I-Tableau peinture à l’huile au couteau “Mer Agitée”,131
4524,table-basse-geometrique-bois-artisanal-design,I-Table basse Artisanal Géométrique,131
4525,meuble-tv-moderne-en-frene,I-Meuble Tv moderne en Frêne,131
4738,tablette-mini-steady,I-Tablette de cire parfumée mini Steady,131
4526,corbeille-artisanale-en-bois-dolivier,I-Corbeille bois artisanale en olivier design unique et élégant,131
4527,miroir-rond-en-bois-dolive,I-Miroir rond en bois d’olive,131
4528,table-basse-a-deux-etages-en-bois-frake-64-x-40-x-44-cm,I-Table basse en bois fraké (64 × 40 × 44 cm),131
4529,panier-en-fibre-vegetale-artisanat-naturel-authentique,I-Panier en fibre végétale – Artisanat naturel & authentique,131
4530,I-Bougeoir-en-terre-cuite-de-Sejnane-(hauteur-15-cm,I-Bougeoir en terre cuite de Sejnane (hauteur 15 cm,146
4531,presentoir-rond-avec-socle-en-bois,I-Présentoir rond avec socle en bois,131
4532,presentoir-en-marbre-et-bois-avec-socle-classique-30-cm,I-Présentoir en marbre et bois avec socle classique (30 cm),131
4533,organisateur-de-bureau-mug,I-Organisateur de bureau Mug : Élégance et praticité incontournables,131
4534,organisateur-de-bureau-porte-stylo,I-Organisateur de bureau premium : élégance et efficacité réunies,131
4535,office-scent,I-Parfum bureau : Éveillez vos sens avec une ambiance premium,131
4536,coffret-bel-art-en-verre-souffle-cuivre-carafe-1l-tasse-sous-tasse-hauteur-25-cm-tasse-8x8-cm,I-Coffret Bel Art en verre soufflé & cuivre – Carafe 1L + Tasse + Sous-tasse (Hauteur 25 cm / Tasse 8×8 cm),131
4537,I-Vase-visage-beige-en-céramique-mate-(hauteur-17-cm,I-Vase visage beige en céramique mate (hauteur 17 cm,146
4538,I-Vase-visage-noir-en-céramique-mate-(hauteur-20-cm,I-Vase visage noir en céramique mate (hauteur 20 cm,146
4539,masque-decoration-murale-en-ceramique-noir,I-Masque décoration murale en céramique noir (diamètre 25 cm),131
4540,I-Bougeoirs-têtes-sculptées-en-céramique-(-hauteur-15-cm,I-Bougeoirs têtes sculptées en céramique ( hauteur 15 cm,146
4541,luminaire-suspension-houche-style-boheme-en-tissu-recycle-en-beige,I-Luminaire suspension HOUCHE style bohème en tissu recyclé en beige,131
4542,elegant-soft-cotton-living-room-throw-timeless-comfort,I-Elegant Soft Cotton Living Room Throw – Timeless Comfort,131
4543,chic-round-table-mat-set-for-elegant-decoration-2,I-Chic Round Table Mat Set for Elegant Decoration,131
4544,lampe-abat-jour-solara-en-wax-africain,I-Lampe abat-jour Solara en wax africain & céramique sculptée,131
4545,ceramic-fish-face-sculpture-on-metal-base-2,I-Ceramic Fish Face Sculpture on Metal Base,131
4546,luminaire-suspension-houche-style-boheme-en-tissu-recycle-en-vert,I-Luminaire bohème en tissu recyclé : Élégance artisanale unique,131
4547,suspension-lumineuse-houche-style-boheme-en-tissu-recycle-en-ecru-naturel,I-Suspension lumineuse HOUCHE style bohème en tissu recyclé en écru naturel,131
4548,assiette-en-ceramique-bronze-et-jaune-avec-dromadaires,I-Assiette de présentation en céramique bronze et jaune avec dromadaires,131
4549,assiette-de-presentation-en-ceramique-bronze-et-vert-avec-motifs-coquillages-et-spirales,I-Assiette de présentation en céramique bronze et vert avec motifs coquillages et spirales,131
4550,moutons-decoratif-en-ceramique-bleu-gris-piece-unique,I-Mouton décoratif en céramique bleu gris,131
4551,I-Moutons-décoratifs-en-céramique-(Blanc,I-Moutons décoratifs en céramique (Blanc,147
4552,sculptures-en-ceramique-moutons-decoratif-vert-blanc-et-jaune-vert,I-Moutons décoratif en céramique vert blanc et jaune vert,131
4553,objet-decoratif-en-ceramique-design-mouton-couleur-vert-et-rouge,I-Objet décoratif en céramique design mouton couleur vert et rouge,131
4554,coupelle-hasdrubal-en-ceramique-couleur-bleu-vert,I-Coupelle Hasdrubal en céramique couleur bleu vert,131
4555,statue-en-ceramique-design-mouton-couleurs-jaune-vert-militaire-et-vert-anis,I-Objet décoratif en céramique design mouton couleur dégradé jaune vert militaire et vert anis,131
4556,statue-en-ceramique-design-mouton-couleurs-camel-et-rose,I-Moutons décoratifs en céramique couleur camel et rose,131
4557,suspension-murale-artistique-en-bois-et-miroir-pour-une-deco-chic,I-Suspension murale artistique en bois et miroir pour une déco chic,131
4558,sculpture-danse-des-courbes-ceramique,I-Sculpture colorée avec tête dorée en hommage à Niki de Saint Phalle,131
4559,colorful-ceramic-fish-sculpture-on-metal-base-2,I-Colorful Ceramic Fish Sculpture on Metal Base,131
4560,ceramic-fish-sculpture-with-graphic-pattern,I-Ceramic Fish Sculpture with Graphic Pattern,131
4561,sculpture-ceramique-decorative-mouton-en-bleu-et-gris,I-Moutons décoratifs en céramique bleu à effets et gris métallisé,131
4562,sculpture-ceramique-decorative-mouton-rouge,I-Moutons décoratifs en céramique rouge,131
4563,moutons-decoratif-en-ceramique-orange-piece-unique-fait-main-grande-et-petite-taille,I-Moutons décoratif en céramique orange – Pièce unique fait main (Grande et Petite Taille),131
4564,I-Moutons-décoratif-en-céramique-jaune,I-Moutons décoratif en céramique jaune,147
4565,sculpture-ceramique-decoratif-moutons-vert-et-orange,I-Moutons décoratif en céramique vert et orange,131
4566,sculpture-ceramique-decorative-moutons-vert-et-jaune,I-Sculpture décorative “Mouton” en céramique vert et jaune,131
4567,olive-wood-heart-candle-holder-elegance-and-eco-responsibility-artisanally-crafted,I-Olive Wood Heart Candle Holder – Elegance and Eco-Responsibility Artisanally Crafted,131
4568,sky-blue-gold-wall-clock-in-resin-wood-40x60-cm,I-Sky Blue & Gold Wall Clock in Resin & Wood (40×60 cm),131
4569,etagere-a-bouteilles-bois-rouge-60x38x10-cm-bois-naturel-en-copy,I-Étagère à bouteilles – Bois rouge – 60x38x10 cm – Bois naturel (en copy),131
4570,planche-a-decouper-puzzle-multifonctionnelle-en-bois-naturel-44x28-cm,I-Planche à découper puzzle multifonctionnelle en bois naturel (44×28 cm),131
4571,etagere-murale-cuisine-en-bois-elegance-et-gain-de-place,I-Étagère murale cuisine en bois : élégance et gain de place,131
4572,presentoire-buffet-pyramide-a-deux-etages-en-bois-frake-et-acier-noir-70x50cm,I-Présentoire buffet pyramide à deux étages en bois fraké et acier noir (70x50cm),131
4573,meubles-dentree-en-acier-noir-epoxy-et-bois-de-chene-120x93x25-cm,I-Meubles d’entrée en acier noir EPOXY et bois de chêne (120x93x25 cm),131
4574,support-plantes-dentree-en-acier-noir-epoxy-et-bois-frake,I-Support plantes d’entrée avec 4 étagères en acier noir EPOXY et bois fraké,131
4575,I-Box-Ramadhan-édition-limitée-(Carnet-en-cuir,I-Box Ramadhan édition limitée (Carnet en cuir,32
4576,colored-totem-sculpture-abstract-design-stylized-face,I-Colored Totem Sculpture – Abstract Design & Stylized Face,131
4577,I-Table-console-de-salon-avec-un-bois-de-Pin,I-Table console de salon avec un bois de Pin,140
4578,ensemble-de-trois-elements-decoratifs-en-acier-bois-frake,I-Ensemble de trois éléments décoratifs pour entrée et salon en acier et bois fraké,131
4579,table-et-tabouret-en-bois-acier,I-Table multitâche avec tabouret assorti en bois noble et acier,131
4580,table-multitache-bois-frake-acier-noir,I-Table multitâche Forme C en bois fraké et acier noir – design moderne et pratique,131
4581,bougeoir-elephant-en-terre-cuite-de-sejnane,I-Bougeoir éléphant en terre cuite de Sejnane (25 × 40 cm),131
4582,decorative-wall-shelf-in-steel-ash-wood-diamond-design,I-Decorative Wall Shelf in Steel & Ash Wood – Diamond Design,131
4583,I-Coin-Déco-Zeloria-–-Décoration-salon-en-Tissu-Wax-Africain-(Fauteuil,I-Coin Déco Zeloria – Décoration salon en Tissu Wax Africain (Fauteuil,695
4584,table-basse-forme-s-en-bois-frake-acier,I-Table basse forme S en bois fraké et acier (50 × 35 × 46 cm),131
4585,table-multitache-format-z-bois-noble-acier-blanc-ou-noir,I-Table multitâche format Z – Bois noble & acier Blanc ou Noir (60 × 38 × 59cm),131
4586,table-basse-en-bois-du-chene-et-aluminium-noir-ou-blanc,I-Table basse en bois du chêne et aluminium – Disponible en Noir ou Blanc (100 × 60 × 42 cm),131
4587,natural-wood-bottle-storage-holds-16-bottles-with-integrated-shelf-102-60-28-cm,I-Natural Wood Bottle Storage – Holds 16 Bottles with Integrated Shelf (102 × 60 × 28 cm),131
4588,foldable-wooden-dish-drying-rack-in-natural-or-brown-36-42-cm,I-Foldable Wooden Dish Drying Rack in Natural or Brown (36 × 42 cm),131
4589,lampe-abat-jour-orlena-wax-africain-ceramique,I-Lampe abat-jour Orlena – En wax africain et céramique (80 × 29 cm),131
4590,lampe-abat-jour-miora-fait-main-design-ethnique-en-wax-africain-et-ceramique-53-x-28cm,I-Lampe abat-jour Miora fait main – Design éthnique en wax africain et céramique (53 × 28 cm),131
4591,lampe-abat-jour-melorea-wax-africain-ceramique-sculptee,I-Lampe abat-jour Méloréa – En wax africain et céramique sculptée (77 × 30 cm),131
4592,lampe-abat-jour-kiora-wax-africain-ceramique,I-Lampe abat-jour Kiora – En wax africain et céramique (29 × 20 cm),131
4593,lampe-abat-jour-lumya-wax-africain,I-Lampe abat-jour Lumya fait main – En wax africain et céramique,131
4594,luminaire-suspension-houche-boheme,I-(28) Luminaire suspension “HOUCHE” style bohème en tissu recyclé (30×28 cm),131
4595,Home & Decor > Page 32,I-Parfum d’ambiance naturel sans COV (vanille,148
4596,cartes-energetiques-dear-soul-messages-et-guidances-de-lame,I-Cartes énergétiques “Dear Soul” – Messages et guidances de l’âme,131
4597,inara-guide-astrologique-personnalise,I-INARA – Guide astrologique personnalisé,131
4598,lampe-abat-jour-erylia-verte-42cm-x-23cm,I-Lampe abat-jour Erylia verte – En wax africain et base en bois (42 × 23 cm),131
4599,lampe-abat-jour-lunora-design-ethnique-en-wax-africain-et-ceramique-44cm-x-22cm,I-Lampe abat-jour Lunora – Design éthnique en wax africain et céramique (44 × 22 cm),131
4600,lampe-abat-jour-taliare-40cm-x-20cm,I-Lampe abat-jour Taliare – Design éthnique en wax africain et céramique (40cm × 20cm),131
4601,tapis-en-coton-santo-poils-hauts-bleu-gris-personnalisable,I-Tapis en coton SANTO à Poils hauts bleu gris – Personnalisable en Coton ou Laine,131
4602,tapis-en-laine-geometrique-bouclette-geom-personnalisable,I-Tapis en laine géométrique bouclette GEOM – Personnalisable en Coton ou Laine,131
4603,tapis-en-coton-jerida-tisse-a-plat-personnalisable,I-Tapis en coton JERIDA tissé à plat – Personnalisable en Laine ou Soie Végétale,131
4604,tapis-en-coton-uniform-tisse-a-plat-personnalisable,I-Tapis en coton UNIFORM tissé à plat – Personnalisable en Laine ou Soie Végétale,131
4605,tapis-bouclette-blue-curl-laine-personnalisable,I-Tapis bouclette BLUE CURL en laine naturelle – Personnalisable en Coton ou Soie végétale,131
4606,pierre-de-lune-decorative-support-noir,I-Pierre de lune décorative avec support noir – (41 g),131
4607,tapis-bouclette-curl-laine-personnalisable,I-Tapis bouclette CURL en laine naturelle – Personnalisable en Coton ou soie végétale,131
4608,lampe-abat-jour-erylia,I-Lampe abat-jour Erylia – Design éthnique en wax africain et base en céramique (54cm × 25cm),131
4609,mouton-decoratif-blanc-en-ceramique-piece-unique-fait-main-grande-et-petite-taille,I-Mouton décoratif blanc en céramique – Pièce unique fait main (Grande et Petite Taille),131
4610,mouton-decoratif-rouge-et-vert-en-ceramique,I-Mouton décoratif rouge et vert en céramique (Grande et Petite Taille),131
4611,175-cintre-upcycle,I-Cintre upcyclé,131
4612,tableau-la-chaise-vide,I-Tableau la chaise vide,131
4613,129-tableau-decoratif-recycle-100-fait-main,I-Tableau décoratif recyclé 100% fait main,131
4614,lambadaire-en-toile-de-jute-colore,I-Lambadaire en toile de jute coloré,131
4615,157-fauteuil-colore-100-fait-main,I-Fauteuil coloré 100% fait main,131
4616,170-tableau-patchwork-fait-main,I-Tableau patchwork fait-main,131
4617,173-lampadaire-avec-des-motifs-en-fleurs,I-Lampadaire-avec-des-motifs-en-fleurs,131
4618,I-Table-upcyclée-avec-décor-cactus-bleu,I-Table upcyclée avec décor cactus bleu,138
4619,I-Buste-upcyclé-avec-cerveau-lumineux,I-Buste upcyclé avec cerveau lumineux,149
4620,buste-metallique-sur-support-en-fer-upcycle-sculpture-mecanique-en-metal-lumieres-et-fils-electriques,I-Buste Métallique sur support en fer Upcyclé – Sculpture Mécanique en Métal Lumières et Fils Électriques,131
4621,bouteille-de-fleurs,I-Planter auto-irrigation,131
4622,lampe-bouteille-bleu,I-Lampe-bouteille bois d’olivier,131
4623,service-a-cafe,I-Service à café upcyclé,131
4624,bougie,I-Bougie upcyclé,131
4625,87rideaux-avec-tissage-traditionnel-et-impressions-a-tampons-en-bois-1m50-x-2m,I-Rideaux avec Tissage Traditionnel et Impressions à Tampons en Bois (1m50 x 2m),131
4626,86-rideaux-avec-tissage-artisanal-et-impressions-a-tampons-en-bois-en-bleu-et-rouge,I-Rideaux avec tissage artisanal et impressions à tampons en bois en bleu et rouge,131
4627,85rideaux-avec-tissage-artisanal-et-impressions-a-tampons-en-bois-avec-motif-poissons,I-Rideaux avec tissage artisanal et impressions à tampons en bois avec motif poissons,131
4628,poule-sur-socle-creation-unique-en-bois-recycle-et-materiaux-recuperes,I-Poule sur Socle – Création Unique en Bois Recyclé et Matériaux Récupérés,131
4629,tableau-voiture-bleue-upcyclee-pailles-recyclees-et-fond-dore,I-Tableau Voiture bleue Upcyclée – Pailles Recyclées et Fond Doré,131
4630,touta-le-chat-de-lupcycling-creation-unique-sur-socle-en-bois-en-materiaux-recycles,I-le Chat : Création Unique sur Socle en Bois en Matériaux Recyclés,131
4631,tableau-train-traditionnel-tunisien-oeuvre-unique-en-pailles-recyclees-et-materiaux-recuperes,I-Tableau train tunisien en pailles recyclées – Art upcyclé fait main,131
4632,1-article-decoratif-en-mosaique-upcyclee-100-fait-main-et-ecoresponsable,I-Chandelier upcyclé Lueur du Passé : Éclat d’Art Exclusif,131
4633,146-mirroir-upcyclee-decoratif,I-Miroir ancien upcyclé : Élégance intemporelle pour votre déco,131
4634,61-suspension-murale-artistique-en-pate-de-bois-et-fragments-de-miroir-decoration-murale-avec-des-nuances-de-gris,I-Suspension murale artistique en miroir et pâte de bois unique,131
4635,table-upcyclee-peinture-margoum-sur-tapis-berbere-integre-au-coeur-du-mobilier,I-Table Upcyclée Margoum sur Tapis Berbère – Pièce Unique,131
4636,58-petit-tableau-berbere-upcycle-peinture-margoum-sur-tapis-berbere-reutilise,I-Tableau Berbère 3D Margoum Upcyclé – Pièce Unique,131
4637,tableau-3d-margoum-upcycle-peinture-poissons-unique,I-Tableau 3D Margoum Upcyclé – Peinture Poissons Unique,131
4638,I-Portrait-de-Shireen-Abu-Akleh-–-Tableau-en-Quilling-Paper,I-Portrait de Shireen Abu Akleh – Tableau en Quilling Paper,695
4639,I-Cadre-métal-avec-sculpture-fille,I-Cadre métal avec sculpture fille,138
4640,I-Porte-bijoux-cactus-en-métal-et-bois-upcyclés,I-Porte-bijoux cactus en métal et bois upcyclés,138
4641,39-sauterelle-artistique-fabriquee-a-partir-de-metal-recycle,I-Sauterelle artistique fabriquée à partir de métal recyclé,131
4642,oiseau-metallique-realise-a-partir-de-materiaux-recycles-avec-un-design-unique-et-ecologique,I-Oiseau métallique réalisé à partir de matériaux recyclés avec un design unique et écologique,131
4643,sculpture-charlott-en-silhouette-elegante-avec-chapeau-et-canne-upcyclee,I-Sculpture charlott en silhouette élégante avec chapeau et canne upcyclée,131
4644,28-lampadaire-artisanat-durable-en-tissu-decoration-unique-et-eco-concue,I-Lampadaire Artisanat Durable en Tissu – Décoration Unique et Éco-conçue,131
4645,vase-recycle-en-tissu-et-jean-bleu-decoration-ethique-et-coloree-2,I-Vase Recyclé en Tissu et Jean Bleu – Décoration Éthique et Colorée,131
4646,coupelle-1,I-Coupelle décorative upcyclée circulaire en capsules de café recyclées,131
4647,lampe-abat-jour-suni-en-wax-africain-bois-sculpte,I-Lampe abat-jour Suni – Design éthnique en wax africain et base en bois sculpté (46 × 22 cm),131
4648,I-Booster-Biostimulant-Liquide-Naturel-5L-–-Fertilisant-pour-Croissance,I-Booster Biostimulant Liquide Naturel 5L – Fertilisant pour Croissance,150
4649,peinture-recto-verso-sur-margoum-porte-affiche-plexi,I-Peinture Recto-Verso sur Margoum – Porte Affiche Plexi,131
4650,lampe-abat-jour-seraphia-wax-africain,I-Lampe abat-jour Seraphia – En wax africain et céramique (51 × 28 cm),131
4651,tableau-abstrait-corps-genoux-art-circulaire-en-tissus-recycles,I-Tableau Abstrait Corps & Genoux – Art Circulaire en Tissus Recyclés,131
4652,tableau-africain-tronc-art-recycle-textile-ethique,I-Tableau Africain “Tronc” – Art Recyclé Textile Éthique,131
4653,tableau-mural-en-materiaux-recycles-avec-design-et-style-africain,I-Tableau Mural Africain – Art Recyclé Ethnique Fait Main,131
4654,tableau-en-materiaux-recycles-representation-de-deux-oiseaux-sur-une-branche-darbre,I-Tableau Recyclé – Deux Oiseaux sur une Branche,131
4655,emergence-arbustive-tableau-qui-represente-un-larbre-un-element-naturelle,I-Tableau “Émergence Arbustive” – Art Naturel Représentant un Arbre,131
4656,tableau-camel-travaille-avec-le-collage-des-tickets-de-transports-et-dessin-avec-fusain,I-Tableau “Camel” Collage Ticket de Transport & Fusain,131
4657,tableau-homme-aveugle-avec-design-africain-cree-a-partir-des-materiaux-recuperes-de-la-mode,I-Tableau Africain “Homme Aveugle” – Art Textile en Matériaux Recyclés,131
4658,tableau-portrait-circulaire-avec-design-africain-en-tissu-upcycle-issu-de-surplus-de-lindustrie-de-la-mode,I-Tableau Portrait Africain Circulaire en Tissu Upcyclé – Art Écoresponsable,131
4659,tapis-broderie,I-Tapis Artisanal Brodé à la Main,131
4660,tableau-brode,I-Tableau Brodé sur Tissu Rouge Upcyclé – Art Traditionnel & Support Bois,131
4661,carte-de-voeux-motifs,I-Carte de Vœux Artisanale Brodée – Tissu Jaune & Motifs Traditionnels,131
4662,lelegance-reinventee-tableau-en-silhouette-de-danseuse-avec-jupe-en-capsules-de-cafe-recyclees-sur-fond-aquarelle,I-L’Élégance Réinventée – Tableau Silhouette de Danseuse avec Jupe en Capsules de Café Recyclées sur Fond Aquarelle,131
4663,carte-de-voeux-motifs-2,I-Carte de Vœux Artisanale Brodée – Tissu Jaune & Art Traditionnel,131
4664,2-lenvol-des-aromes-tableau-montgolfieres-en-capsules-de-cafe-recyclees-sur-fond-peint-a-la-main,I-L’Envol des Arômes – Tableau Montgolfières en Capsules de Café Recyclées sur Fond Peint à la Main,131
4665,lart-du-vide-tableau-design-silhouette-de-danseuse-etoile-en-capsules-de-cafe-recyclees-sur-fond-artistique-en-rose-et-violet,I-L’Art du Vide – Tableau Design Silhouette Danseuse Étoile en Capsules de Café Recyclées,131
4666,suspension-murale-artistique-en-pate-de-bois-et-fragments-de-miroir-decoration-murale-unique,I-Décoration murale unique en pâte de bois et miroir pour un intérieur captivant,131
4667,tableau-en-tissage-artisanal-tapisserie-murale,I-Tableau en Tissage Artisanal – Tapisserie Murale,131
4668,la-lumiere-fut-lampe-upcyclee-abat-jour-artisanal-en-capsules-de-cafe-recyclees-sur-pied-en-bois-peint-copy,I-Lueur Recyclée – Lampe Upcyclée en Capsules Nespresso Recyclées.,131
4669,carte-de-voeux,I-Carte de Vœux Artisanale Brodée – Tissu Upcyclé & Motifs Traditionnels,131
4670,boite-de-rangement-personnalisee-avec-libellule-artisanale,I-Boîte d’archives noire upcyclée et peinte à la main avec motifs artistiques,131
4671,mug-en-crochet-couleur-vert-pistache-et-blanc-casse-avec-sous-tasse,I-Mug cosy en crochet couleur vert pistache et blanc cassé avec sous tasse,131
4672,buste-terre-cuite-de-sejnane-avec-coiffe-halfa,I-Buste en terre cuite de sejnane avec coiffe en halfa – Disponible en noir et beige (45 × 30 cm),131
4673,mini-bougie-parfumee-celtia-au-muski,I-Mini-Bougie parfumée “Celtia” au Muski,131
4674,mini-bougie-parfumee-celtia-au-musk-blanc,I-Mini-Bougie parfumée “Celtia” au Musk Blanc,131
4739,carre,I-Fondants parfumés carré,131
4675,mini-bougie-parfumee-au-jasmin,I-Mini-bougie parfumée “Celtia” au Jasmin,131
4676,bougie-parfumee-celtia-au-fleur-doranger,I-Bougie parfumée “Celtia” au Fleur D’oranger,131
4677,bougie-parfumee-celtia-au-musk-blanc,I-Bougie parfumée “Celtia” au musk blanc,131
4678,I-Handcrafted-Ceramic-Bowl-–-Red,I-Handcrafted Ceramic Bowl – Red,695
4679,sac-de-course-pour-chariot,I-Sac de course pour chariot,131
4680,I-Olive-Wood-Salad-Utensils,I-Olive Wood Salad Utensils,695
4681,I-Set-of-6-Olive-Wood-Saucer-Plates-with-Stand,I-Set of 6 Olive Wood Saucer Plates with Stand,44
4682,hand-carved-hardwood-islamic-wall-art-allah-jalla-jalaluhu,I-Hand-Carved Hardwood Islamic Wall Art “Allah Jalla Jalaluhu”,131
4683,tableau-islamique-en-bois-dure-sculpte-a-la-main-%d8%a7%d9%86-%d9%87%d8%b0%d8%a7-%d9%84%d8%b1%d8%b2%d9%82%d9%86%d8%a7-%d9%85%d8%a7%d9%84%d9%87-%d9%85%d9%86-%d9%86%d9%81%d8%a7%d8%b0,I-Tableau Islamique en bois dure sculpté à la main “ان هذا لرزقنا ماله من نفاذ”,131
4684,klim-berbere-100-laine-e-fait-main-avec-des-motifs-en-losange-double,I-Klim berbère 100% laine e fait main avec des motifs en losange double,131
4685,vase-artisanal-en-ceramique-et-fibre-de-halfa-25-x-25-x-10-cm,I-Vase artisanal en Céramique et fibre de halfa (25 x 25 x 10 cm),131
4686,vase-en-ceramique-noire-minimaliste-style-berbere-25-x-10-cm,I-Vase en céramique noire minimaliste style berbère (25 x 10 cm),131
4687,vase-en-ceramique-et-fibre-de-halfa-noir-30-x-12-cm,I-Vase en Céramique et Fibre de Halfa Noir (30 x 12 cm),131
4688,tableau-islamique-en-bois-dure-sculpte-a-la-main-%d8%a8%d8%b3%d9%85-%d8%a7%d9%84%d9%84%d9%87-%d8%a7%d9%84%d8%b1%d8%ad%d9%85%d9%86-%d8%a7%d9%84%d8%b1%d8%ad%d9%8a%d9%85,I-Tableau Islamique en bois dure sculpté à la main “بسم الله الرحمن الرحيم”,131
4689,I-Vase-artisanal-en-céramique-effet-marbré,I-Vase artisanal en céramique effet marbré,151
4690,sintra-throw-greige-beige-exceptional-style-and-comfort,I-Sintra Throw Greige Beige – Exceptional Style and Comfort,131
4691,tapis-en-laine-avec-broderie-traditionnelle-de-kerkennah,I-Tapis en Laine avec Broderie Traditionnelle de Kerkennah,131
4692,panier-a-linge-en-fibres-de-dattes-avec-couvercle,I-Panier à Linge en Fibres de Dattes avec Couvercle,131
4693,object-decoratif-mural-en-mosaique-tanit-100-fait-main,I-Object décoratif mural en mosaïque “Tanit” 100% fait-main,131
4694,coussin-beige-en-laine-avec-motifs-noirs-artisanal-et-ecologique,I-Coussin Beige en Laine avec Motifs Noirs – Artisanal et Écologique,131
4695,coussin-noir-en-laine-avec-motifs-blancs-artisanal-et-ecologique,I-Coussin Noir en Laine avec Motifs Blancs – Artisanal et Écologique,131
4696,coussin-fait-main-en-laine-style-artisanal-et-ecologique,I-Coussin Fait Main en Laine – Style Artisanal et Écologique,131
4697,tableau-en-mosaique-tableau-decoratif-femme-blonde-fait-main,I-Tableau en Mosaïque – Tableau Décoratif Femme Blonde fait-main,131
4698,object-decoratif-en-mosaique-tanit-100-fait-main-copie,I-Object Décoratif en Mosaïque “Tanit” 100% fait-main en Tunisie,131
4699,tapis-salon-modele-1,I-(84)Rideau artisanal tissé à la main avec impression bois (2m50x2m),131
4700,I-Tableau-décoratif-rouge,I-Tableau décoratif rouge,152
4701,panier-de-rangement-en-halfa-fait-main,I-Panier De Rangement en Halfa Fait Main,131
4702,sous-plat,I-Sous-plat en Halfa Fait Main – Couleur Vert,131
4703,pack-1-2,I-Ensemble de 3 Plateaux en Halfa Fait Main – Écoresponsable,131
4704,boite-de-rangement-2,I-Boîte de Rangement en Fibres Naturelles Fait Main,131
4705,corbeille-vide-poche,I-Plateau Vide-Poche en Fibres Naturelles – Fait Main,131
4706,2-2,I-Luminaire Tressé en Doum Forme Cône – Fait Main – Plusieurs Dimensions,131
4707,7,I-Suspension Luminaire en Alfa Fait Main – Plusieurs Tailles Disponibles,131
4708,coffin-en-jute,I-Panier à linge artisanal en jute – fait main et écologique,131
4709,coupe-hannon-en-ceramique-emaille-bronze-22-x-14-x-14-cm,I-Coupe Hannon en céramique émaillé bronze (22 x 14 x 14 cm),131
4710,centre-de-table-hasdrubal-en-ceramique-bronze,I-Centre de table Hasdrubal en céramique bronze.,131
4711,coupe-hamilcar-en-ceramique-bronze-23-x-23-x-20-cm,I-Coupe Hamilcar en céramique bronze (23 x 23 x 20 cm),131
4712,coussin-berbere-rouge-rectangulaire-fait-main,I-Coussin berbère rouge rectangulaire fait-main,131
4713,margoum-rouge,I-Margoum Rouge Traditionnel – Tapis Écologique 40×50 cm,131
4714,boite-a-rangement,I-Boite à rangement Beige et avec motif en bois,131
4715,cuilleres-en-bois,I-Cuillères en bois (3 cuillères par pack),131
4716,decoration-murale-en-peinture,I-Décoration murale en halfa avec peinture,131
4717,mini-pot-visage-en-ceramique-de-plante,I-Mini-pot visage en céramique de plante,131
4718,tapis-berbere-2,I-Tapis berbere,131
4719,bruleur-dhuile-essentielle,I-Brûleur d’huile essentielle,131
4720,porte-bougie-2en1,I-Porte Bougie 2en1,131
4721,lampe-vintage-alcamo,I-Lampe Vintage “Alcamo” en bois massif et verre,131
4722,bruleur-a-huile-craquele-decoupe-fleur-en-ceramique,I-Brûleur A huile craquelé découpe Fleur en céramique,131
4723,sous-tasse-en-bois,I-Sous tasse en bois,131
4724,boite-a-rangement-avec-motif-fleur,I-Boite à rangement avec motif fleur avec détail en blanc,131
4725,bougie-blanche-hachuree,I-Bougie blanche ronde hachurée avec parfum Oud Malaki,131
4726,miroir-en-crochet,I-Miroir en crochet,131
4727,coussin-en-crochet,I-Coussin bohème en macramé en crochet,131
4728,plateau-infinity-marbre-rose-gris,I-Plateau “Infinity” en Marbre rose Sidi bouzid ou gris Thala (15 × 22 cm),131
4729,pateres-en-mosaique,I-Patères murales en mosaïque,131
4730,charm-box,I-Charm box “Brûleur céramique + fondants parfumés”,131
4731,passion-box,I-Passion box “Brûleur céramique + fondants parfumés”,131
4732,discovery-box,I-Discovery Box “Brûleur céramique + fondants parfumés”,131
4733,clay-ray-gummy,I-Bougie Parfumée Clay Ray Gummy,131
4734,clay-ray-juicy,I-Bougie Parfumée Clay Ray Juicy,131
4735,clay-ray-romantic,I-Bougie Parfumée Clay Ray Romantic,131
4736,clay-ray-wonderland,I-Bougie Parfumée Clay Ray wonderland,131
4741,coquillage,I-fondant parfumé Coquillage,131
4742,clay-ray-energy,I-Clay Ray Energy,131
4743,abstract-face,I-Bougie Parfumée Abstract face,131
4744,pear-candle,I-Bougie naturelle en forme de poire,131
4745,bubble-heart-candle,I-Bubble heart candle,131
4746,pearl-candle,I-Bougie naturelle en forme de perle,131
4747,marque-page-grenade,I-Marque-Page en Bois Gravé : Grenade – Symbole Emblématique de la Tunisie,131
4748,I-Marque-Page-en-Bois-Gravé-:-Piment,I-Marque-Page en Bois Gravé : Piment,32
4749,marque-page-poisson,I-Marque-Page en Bois Gravé : Poisson – Symbole Emblématique de la Tunisie,131
4750,marque-page-le-phare-de-taguermess-djerba,I-MARQUE PAGE LE PHARE DE TAGUERMESS DJERBA,131
4751,I-Pièce-décoratif,I-Pièce décoratif,102
4752,panier-a-linge-2,I-PANIER à LINGE,131
4753,handmade-olive-wood-bowl,I-Handmade Olive Wood Bowl,131
4754,pick-a-olives-en-bois-doliviers,I-Plateau en bois d’oliviers,131
4755,I-Tapis-berbère-en-laine-pure-artisanale,I-Tapis berbère en laine pure artisanale,695
4756,tapis-berbere-beige-en-laine-pure-fait-main,I-Tapis berbère beige en laine pure fait-main,131
4757,coussin-decoratif-en-laine-pure,I-Coussin décoratif en laine pure,131
4758,vase-en-poterie-de-sejnane,I-Vase en poterie de sejnane,131
4759,vase-decorative-en-ceramique-fait-main-chef-doeuvre-joma,I-Vase Décorative En Céramique Fait-main “Chef-d’Œuvre Joma”,131
4760,assiette-amazigh-en-ceramique,I-Assiette Amazigh En Céramique,131
4761,tortue-avec-des-ronds-en-ceramique-fait-main,I-Tortue avec des ronds en Céramique Fait-main,131
4762,corbeille-en-ceramique-fait-main-sejnania-corbeille,I-Corbeille En Céramique Fait-main “Sejnania”,131
4763,petit-bol-en-couleur-fine-en-ceramique,I-Petit bol en couleur fine en céramique,131
4764,plateau-en-cuivre-cisele-plateau-de-cuisine-ou-de-decoration,I-Plateau en Cuivre Ciselé – Plateau de Cuisine ou De Décoration,131
4765,service-a-cafe-en-cuivre-cisele,I-Service à Café en Cuivre Ciselé,131
4766,tableau-humanite-en-mosaique,I-Tableau Humanité en Mosaïque,131
4767,object-decoratif-en-mosaique-tanit-100-fait-main,I-Object Décoratif en Mosaïque “Tanit” 100% fait-main,131
4768,vase-sculpte-et-peint-a-la-main-sidi-bousaid-pour-decoration-interieure,I-Vase Sculpté et Peint à la Main “Sidi Bousaid” pour Décoration Intérieure,131
4769,tableau-sur-assiette-en-poterie-habits-traditionnels-et-festivites-aux-couleurs-tunisiennes,I-Tableau sur Assiette en Poterie : Habits Traditionnels et Festivités aux Couleurs Tunisiennes,131
4770,vase-decoratif-arbia-peinte-a-la-main,I-Vase Décorative “Arbia” Peinte à La Main,131
4771,I-Coussin-fait-main,I-Coussin fait main,49
4772,vide-poche,I-Vide-Poche,131
4773,table-daphne-en-beton-cire-et-bois,I-Table Daphné en béton ciré et bois de frêne (180 × 90 × 80 cm),131
4774,pot-xs,I-Pot XS,131
4775,pot-s,I-Pot S,131
4776,pot-ruche,I-Pot Ruche,131
4777,pot-luna-l,I-Pot Luna L,131
4778,pot-jade-xxl,I-Pot Jade XXL,131
4779,porte-savon-rectangulaire,I-Porte-Savon rectangulaire,131
4780,porte-savon-ovale,I-Porte-Savon ovale,131
4781,porte-essuie-tout,I-Porte essuie-tout,131
4782,plateau-rond,I-Plateau rond,131
4783,plat-en-beton,I-Plat en béton,131
4784,casa-halieutiques,I-Casa halieutiques,16
4785,zommita,I-Zommita artisanale tunisienne pour un petit déjeuner sain,16
4786,soupe-dorge,I-Soupe d’orge artisanale tunisienne riche en nutriments,16
4787,farine-dorge,I-Farine d’orge artisanale 100 pour cent naturelle pour vos recettes,16
4788,tomate-poudre,I-tomate en poudre artisanale tunisienne pour des plats savoureux,16
4789,hrousse,I-Hrousse artisanale 100% naturelle pour rehausser vos plats,16
4790,beurre-de-cacahuete-3,I-Beurre de cacahuète naturel artisanal pour un goût irrésistible,16
4791,miel-deucalyptus-brut-240g-gout-authentique-et-artisanal,I-Miel d’Eucalyptus brut 240g goût authentique et artisanal,16
4792,miel-deucalyptus-brut-de-qualite-artisanale-480g,I-Miel d’Eucalyptus brut de qualité artisanale 480g,16
4793,miel-de-coriandre-240g-le-gout-authentique-et-artisanal,I-Miel de Coriandre 240g le goût authentique et artisanal,16
4794,miel-de-coriandre-480g-un-delice-artisanal-au-gout-unique,I-Miel de Coriandre 480g un délice artisanal au goût unique,16
4795,petales-de-rose-seches-100g,I-Pétales de rose séchés 100g,16
4796,I-Amlou-de-graines-de-courges,I-Amlou de graines de courges ,50
4797,confiture-de-bissap-rouge-artisanale-500g-hibiscus-naturel-sans-additifs,I-Confiture de bissap rouge artisanale 500g – Hibiscus naturel sans additifs,16
4798,huile-dolive-premium-coffret-luxueux-pour-cadeaux-exceptionnels,I-huile d’olive premium coffret luxueux pour cadeaux exceptionnels,16
4799,huile-dolive-premium-coffret-luxe-pour-un-cadeau-dexception-2,I-huile d’olive premium coffret luxe pour un cadeau d’exception,16
4800,huile-dolive-premium-dans-un-coffret-luxueux-dexception,I-Huile d’olive premium dans un coffret luxueux d’exception,16
4801,huile-dolive-premium-dans-un-coffret-luxueux-et-raffine,I-huile d’olive premium dans un coffret luxueux et raffiné,16
4802,rigotte-100-natural-semi-salted-homemade-and-additive-free-100g,I-Rigotte 100% Natural Semi-Salted – Homemade and Additive-Free (100g),16
4803,homemade-semi-salted-gouda-cheese-100-homemade-without-additives-100g-2,I-Homemade Semi-Salted Gouda Cheese 100% Homemade without additives (100g),16
4804,I-Mountain-Honey,I-Mountain Honey,50
4805,organic-prickly-pear-vinegar-250-ml-2,I-Organic Prickly Pear Vinegar – 250 ml,16
4806,instant-energy-tea-natural-lemon-mint-digestive-infusion-20g,I-Instant Energy Tea – Natural Lemon Mint Digestive Infusion 20g,16
4807,honey-cashew-butter,I-Honey Cashew Butter,16
4808,natural-peanut-butter-200g,I-Natural Peanut Butter 200g,16
4809,organic-anti-bloating-tea-natural-digestive-infusion-for-a-flat-stomach-2,I-Organic Anti-Bloating Tea – Natural Digestive Infusion for a Flat Stomach,16
4810,organic-food-grade-dried-corn-1-kg-2,I-Organic Food-Grade Dried Corn (1 kg),16
4811,organic-deglet-el-nour-syrup-authentic-caramelized-taste-4,I-Organic Deglet El Nour Syrup Authentic Caramelized Taste,16
4812,crunchy-red-fruit-granola-gofit,I-Crunchy red fruit granola “Gofit”,16
4813,borghol-100-natural-500g-2,I-Borghol 100% natural (500g),16
4814,zrir-pistachio-with-natural-honey-artisanal-gourmet-delight-2,I-Zrir Pistachio with Natural Honey – Artisanal Gourmet Delight,16
4815,roasted-hazelnut-sesame-zrir,I-Roasted Hazelnut & Sesame Zrir,16
4816,paprika-in-a-jar-2,I-Paprika in a jar – فلفل أحمر مرحي,16
4817,100-natural-tomato-powder-for-intense-and-practical-flavors,I-100% Natural Tomato Powder for Intense and Practical Flavors,16
4818,organic-gluten-free-and-refined-peanut-date-cream-delicious-and-natural,I-Organic Gluten-Free and Refined Peanut-Date Cream Delicious and Natural,16
4819,bssissa-maison-aux-fruits-secs,I-Bssissa maison aux fruits secs,16
4820,whole-halal-duck-foie-gras-90g-made-in-senegal-2,I-Whole Halal Duck Foie Gras 90g – Made in Senegal,16
4821,premium-dried-shrimp-for-irresistible-recipes-2,I-Premium Dried Shrimp for Irresistible Recipes,16
4822,halwa-chamia-la-gazelle-350g,I-Halwa Chamia LA GAZELLE 350g,16
4823,wild-cassia-fistula-stick-500g-3,I-Wild Cassia fistula stick 500g,16
4824,emely-deglet-nour-organic-juice-natural-energy-2,I-Emely Deglet Nour Organic Juice – Natural Energy,16
4825,dehydrated-dried-apple-fruit-leather-2,I-Dehydrated Dried Apple Fruit Leather,16
4826,I-Pure-Casamance-artisanal-honey-from-Senegal-–-Natural,I-Pure Casamance artisanal honey from Senegal – Natural,153
4827,gourmet-harissa-300g-to-enhance-your-dishes-with-flavor,I-Gourmet Harissa 300g to enhance your dishes with flavor,16
4828,halal-duck-foie-gras-block-180g,I-Halal Duck Foie Gras Block 180g,16
4829,I-Organic-Extra-Virgin-Olive-Oil-Elixir-–-Ecologically-Certified,I-Organic Extra Virgin Olive Oil Elixir – Ecologically Certified,154
4830,I-Red-Bissap-Granules-500g-–-Artisanal-Food-Grade-Hibiscus,I-Red Bissap Granules 500g – Artisanal Food-Grade Hibiscus,155
4831,natural-black-garlic-paste,I-Natural Black Garlic Paste,16
4832,dried-fig,I-Dried Fig – شريحة كرموس,16
4833,100-percent-natural-and-flavorful-extra-virgin-olive-oil-2,I-100 Percent Natural and Flavorful Extra Virgin Olive Oil,16
4834,I-Malsouka-Brick-Pastry-Sheets,I-Malsouka Brick Pastry Sheets,22
4835,health-plus-with-100-natural-red-panax-ginseng-10-g,I-Health Plus with 100% natural red panax ginseng (10 g),16
4836,douceur-rouge-anti-stress-infusion-senegalese-premium-relaxation-herbal-tea-146g,I-Douceur Rouge Anti-Stress Infusion – Senegalese Premium Relaxation Herbal Tea 146g,16
4837,cold-relief-tea-natural-eucalyptus-mint-infusion-146g-2,I-Cold Relief Tea – Natural Eucalyptus Mint Infusion 146g,16
4838,bouteille-isotherme-bambou-avec-2-infuseurs-inox-the-et-infusion-nomade,I-Bouteille isotherme bambou avec 2 infuseurs inox – Thé et infusion nomade,16
4839,organic-date-seed-powder-aromatic-caffeine-free-coffee,I-Organic Date Seed Powder Aromatic Caffeine-Free Coffee,16
4840,royal-honey-jujube-honey-and-royal-jelly-blend-500-gr,I-Royal Honey – Jujube Honey and Royal Jelly Blend 500 gr,16
4841,100-natural-plum-jam-250gr,I-100% Natural Plum Jam 250gr,16
4842,casa-vir-red-palm-oil-artisan-purity-and-vitamin-richness,I-Casa Vir Red Palm Oil – Artisan Purity and Vitamin Richness,16
4843,natural-peanut-butter-2,I-Natural Peanut Butter,16
4844,artisan-savory-mignardises-homemade-appetizer-platter-gourmet-tapas,I-Artisan Savory Mignardises – Homemade Appetizer Platter & Gourmet Tapas,16
4845,organic-bissap-infusion-20-sachets-natural-health-hibiscus-herbal-tea-2,I-Organic Bissap Infusion 20 Sachets – Natural Health Hibiscus Herbal Tea,16
4846,I-Sel-d’or-18-spices-–-Healthy-spice-blend,I-Sel d’or 18 spices – Healthy spice blend,156
4847,organic-artisanal-date-vinegar-refreshing-radiance-2,I-Organic & Artisanal Date Vinegar – Refreshing Radiance,16
4848,I-Enriched-flour,I-Enriched flour,695
4849,duo-fondant-gianduja-caramel-sale-une-coque-craquante-en-chocolat-au-lait-renfermant-un-coeur-onctueux-au-caramel-beurre-sale-gianduja,I-Duo Fondant : Gianduja & Caramel Salé : “Une coque craquante en chocolat au lait renfermant un cœur onctueux au caramel beurre salé & Gianduja”,16
4850,poudre-fruits-bio-pour-une-sante-eclatante-et-savoureuse,I-Poudre fruits bio pour une santé éclatante et savoureuse,16
4851,I-Poulet-entier-frais-1,I-Poulet entier frais 1,157
4852,I-Poudre-de-bissap-500g-–-Hibiscus-séché-alimentaire-bio,I-Poudre de bissap 500g – Hibiscus séché alimentaire bio,158
4853,I-Thé-bio-basilic-en-sachets-–-Infusion-digestive-naturelle,I-Thé bio basilic en sachets – Infusion digestive naturelle,158
4854,confiture-de-bissap-artisanale-bio-200g-saveur-exotique-et-naturelle,I-Confiture de bissap artisanale bio 200g – Saveur exotique et naturelle,16
4855,I-Farine-de-mil-enrichi-Nutribio-250g-–-Naturelle,I-Farine de mil enrichi Nutribio 250g – Naturelle,158
4856,gelules-de-moringa-bio-complement-alimentaire-naturel-et-bien-etre-80-gelules,I-Gélules de moringa bio – Complément alimentaire naturel et bien-être 80 gélules,16
4857,snack-coco-artisanal-croquant-et-sain-avec-gingembre-gourmand,I-Snack coco artisanal croquant et sain avec gingembre gourmand,16
4858,the-vert-sencha-bonheur,I-Thé vert Sencha Bonheur,16
4859,farine-nutritive-daagu-plus-pour-une-prise-de-poids-saine,I-Farine nutritive DAAGU-PLUS pour une prise de poids saine,16
4860,pack-12-petite-bouteille-dhuile-dolive-vierge-extra-premium-190ml,I-Pack 12 petite bouteille d’huile d’olive vierge extra premium (190ml),16
4861,moule-a-dessert-en-silicone-framboise-noir,I-Moule à dessert en silicone framboise noir,16
4862,tisane-naturelle-digestion-hibiscus-et-cannelle,I-Tisane naturelle digestion hibiscus et cannelle,16
4863,tisane-digestive-naturelle-hibiscus-60g,I-Tisane digestive naturelle hibiscus (60g),16
4864,infusions-energitique-au-moringa-bio-60g,I-Infusions énergitique au moringa bio (60g),16
4865,artisanal-hazelnut-bsissa-gift-set-2,I-Artisanal Hazelnut Bsissa Gift Set,16
4866,premium-african-millet-couscous-with-natural-crushed-millet-and-cracked-corn,I-Premium African Millet Couscous with Natural Crushed Millet and Cracked Corn,16
4867,ras-el-hanout-premium-spice-250-g-2,I-Ras El Hanout Premium Spice (250 G),16
4868,spicy-artisanal-harissa-to-enjoy-with-fresh-bread-200g-2,I-Spicy Artisanal Harissa to Enjoy with Fresh Bread – 200g,16
4869,organic-dried-hibiscus-flowers-for-infusion-and-syrup-in-bulk-1-kg-4,I-Organic Dried Hibiscus Flowers for Infusion and Syrup in Bulk (1 kg),16
4870,peanut-spread-5-kg,I-Peanut Spread (5 kg),16
4871,artisanal-dried-tuber-monkey-bread-1kg,I-Artisanal Dried Tuber Monkey Bread (1KG),16
4872,sugar-free-peanut-butter-in-bucket-20-kg,I-Sugar-Free Peanut Butter in Bucket (20 kg),16
4873,artisanal-senegalese-toufeu-3,I-Artisanal Senegalese Toufeu,16
4874,handcrafted-dried-seafood,I-Handcrafted Dried Seafood,16
4875,natural-jujube-juice-250ml-3,I-Natural Jujube Juice 250ml,16
4876,smoked-harissa-arbi,I-Smoked Harissa Arbi – هريسة عربي دياري مدخنة,16
4877,strawberry-apple-dried-fruit-leather,I-Strawberry Apple Dried Fruit Leather,16
4878,jus-de-fruits-naturels-presse-a-froid-250-ml,I-Jus de fruits COOL GREEN naturels pressé à froid (250 ml),16
4879,oatmeal-cookies,I-Oatmeal Cookies,16
4880,couscous-senegalais-1-kg,I-Couscous sénégalais (1 kg),16
4881,thiakri-senegalais-1kg,I-Thiakri sénégalais (1KG),16
4882,brisure-de-mais-casse-origine-senegal-400g,I-Brisure de maïs cassé origine Sénégal (400g),16
4883,farine-de-haricot-niebe-africaine-400g,I-Farine de haricot niebe africaine (400g),16
4884,brisure-graine-mais-concasse-artisanal-400-g,I-Brisure graine maïs concassé artisanal (400 g),16
4885,cereales-naturelles-arow-lakh-1-kg,I-Céréales naturelles Arow lakh (1 kg),16
4886,I-Légumes-marinés-en-bocal-:-carotte-et-navet,I-Légumes marinés en bocal : carotte et navet,695
4887,farine-enrichie-500g,I-Farine enrichie 500g,16
4888,couscous-senegalais-artisanal-mil-et-mais,I-Couscous sénégalais artisanal mil et maïs,16
4889,sirop-tamarin-naturel-1l-riche-en-vitamine-c,I-Sirop tamarin naturel 1L riche en vitamine C,16
4890,foie-gras-de-canard-halal-entier-90g,I-Foie gras de canard halal entier 90g,16
4891,jus-bissap-blanc-ananas-1l,I-Jus bissap blanc ananas 1L,16
4892,boule-de-chocolat-noir-et-noix-de-coco-500g,I-Boule de chocolat noir et noix de coco (500g),16
4893,araw-thiakry-bio-1kg-le-dessert-senegalais-au-cereales-saines,I-Araw Thiakry Bio 1kg le Dessert Sénégalais au céréales saines,16
4894,organic-date-powder-emely-healthy-and-natural-sweetness,I-Organic Date Powder Emely – Healthy and Natural Sweetness,16
4895,tym-100-natural-2,I-Tym 100% Natural,16
4896,moringa-100-natural-2,I-Moringa 100% Natural,16
4897,natural-ditakh-syrup-2,I-Natural Ditakh Syrup,16
4898,sirop-de-tamarin-artisanal-senegalais-saveur-intense-naturelle,I-Sirop de Tamarin artisanal sénégalais,16
4899,vinaigre-de-mangue-naturel-artisanat-casamance-50cl-saveur-exotique,I-Vinaigre de mangue naturel artisanat casamance 50cl,16
4900,jus-concentre-mangue-1l-sirop-naturel-sans-conservateur,I-Sirop de Mangue Exotique Sans Conservateur (1L),16
4901,thiakry-gourmet-a-healthy-and-quick-delight-to-savor-2,I-Thiakry Gourmet – A Healthy and Quick Delight to Savor,16
4902,I-Gluten-Free-Coconut-Couscous-–-Organic-Cassava-Flour,I-Gluten-Free Coconut Couscous – Organic Cassava Flour,159
4903,infusion-fruits-exotiques-boisson-tropicale-artisanale-chaude-ou-froide,I-Infusion fruits exotiques – Boisson tropicale artisanale chaude ou froide,16
4904,the-doux-reves-infusion-detente-naturelle-camomille-lavande-jasmin-bio,I-Thé Doux Rêves – Infusion détente naturelle camomille lavande jasmin bio,16
4905,the-eveil-des-sens,I-Thé Eveil des sens,16
4906,I-Organic-Green-Banana-AGRECO-–-untreated-ecological-banana,I-Organic Green Banana AGRECO – untreated ecological banana,160
4907,fresh-green-banana-agreco-buy-organic-bunch-online-20kg-2,I-Fresh Green Banana AGRECO – Buy Organic Bunch Online 20KG,16
4908,zrir-royal-with-natural-honey-gourmet-elegance-and-health,I-Zrir Royal with Natural Honey – Gourmet Elegance and Health,16
4909,sun-dried-tomatoes-marinated-in-olive-oil-and-oregano,I-Sun-Dried Tomatoes Marinated in Olive Oil and Oregano,16
4910,sesame-and-honey-paste-200g,I-Sesame and Honey Paste 200g,16
4911,Crèmyto,I-Nut Spread with Dried Fruits 200g,161
4912,thyme-honey-100-natural-500g,I-Thyme Honey 100% Natural 500g,16
4913,natural-sifi-honey,I-Natural Sifi Honey – عسل صيفي,16
4914,natural-eucalyptus-honey,I-Natural Eucalyptus Honey – عسل الكلاتوس,16
4915,weight-gain-blend,I-Weight Gain Blend – خلطة زيادة الوزن –,16
4916,memory-and-concentration-blend,I-Memory and Concentration Blend – خلطة الذاكرة و التركيز –,16
4917,traditional-harissa-arbi,I-Traditional Harissa Arbi,16
4918,premium-granola-in-a-jar-with-dried-fruits-organic-honey,I-Premium Granola in a Jar with Dried Fruits & Organic Honey,16
4919,granola-choco-banana-100-natural,I-Granola Choco Banana 100% Natural,16
4920,spice-chicken,I-spice chicken – خلطة توابل دجاج,16
4921,fish-spice,I-Fish Spice – خلطة توابل حوت,16
4922,traditional-rose-water-distillation-2,I-Traditional Rose Water Distillation – ماء الورد,16
4923,traditional-rose-water-distillation,I-Traditional Rose Water Distillation,16
4924,eau-de-g-ranium-traditional-distillation,I-Eau de Géranium Traditional Distillation – ماء العطرشية,16
4925,eau-de-fleur-d-oranger-traditional-distillation,I-Eau de fleur d’oranger traditional distillation – ماء الزهر,16
4926,coriander-spice-in-jar,I-Coriander Spice in Jar – تابل مرحي,16
4927,organic-kiwi-jam-200g,I-Organic Kiwi Jam 200g,16
4928,carvi-spice-in-jar,I-Carvi Spice in Jar – كروية مرحية,16
4929,chamomile-100-natural,I-Chamomile 100% Natural,16
4930,bsissa-royale-artisanale-authentic-north-african-fusion,I-Bsissa Royale Artisanale – Authentic North African Fusion,16
4931,bsissa-hazelnut-and-olive-oil-tradition-and-nutritive-indulgence,I-Bsissa Hazelnut and Olive Oil – Tradition and Nutritive Indulgence,16
4932,bsissa-oat-dried-fruits-nutritional-energy-mix,I-Bsissa Oat & Dried Fruits – Nutritional Energy Mix,16
4933,energy-bomb-energy-mix,I-Energy Bomb – Energy Mix –,16
4934,tunisian-honey-peanut-butter,I-Tunisian Honey Peanut Butter,16
4935,aromiel-respir-250-gr,I-Aromiel RESPIR 250 GR,16
4936,black-garlic-cloves,I-Black Garlic Cloves,16
4937,natural-energy-date-sugar-100-g,I-Natural Energy Date Sugar – 100 g,16
4938,exclusive-natural-date-sugar-for-irresistible-sweetness-250-g,I-Exclusive Natural Date Sugar for Irresistible Sweetness – 250 g,16
4939,djebba-aoc-dried-figs-100g,I-Djebba AOC Dried Figs – 100g,16
4940,beef-spice,I-Beef Spice – خلطة توابل بقري,16
4941,artisanal-creamy-cow-cheese-balls-coated-with-hazelnuts-and-pistachios-for-a-unique-pleasure-500-g,I-Artisanal creamy cow cheese balls coated with hazelnuts and pistachios for a unique pleasure – 500 g,16
4942,natural-date-jam-velvet-noir-500g-authentic-elegance,I-Natural Date Jam Velvet Noir 500g – Authentic Elegance,16
4943,bsissa-dried-fruits-artisan-with-olive-oil,I-Bsissa Dried Fruits Artisan with Olive Oil,16
4944,harissa-md-cha-with-dried-peppers-and-spices-from-cap-bon-90-g,I-Harissa “Mdécha” with Dried Peppers and Spices from Cap-Bon (90 g),16
4945,I-Premium-Granola-with-Dried-Fruits,I-Premium Granola with Dried Fruits,162
4946,premium-alfalfa-pellet-100-natural-rich-in-protein,I-Premium Alfalfa Pellet 100% Natural Rich in Protein,16
4947,sankhal-organic-artisan-cereals-natural-senegalese-cereals-500g,I-Sankhal Organic Artisan Cereals – Natural Senegalese Cereals 500g,16
4948,I-Araw-sec-–-Natural-millet-and-organic-rice-cereals,I-Araw sec – Natural millet and organic rice cereals,163
4949,I-Thiackry-Sec-Artisanal-–-Natural-African-Grain,I-Thiackry Sec Artisanal – Natural African Grain,163
4950,pistachio-and-honey-butter,I-Pistachio and Honey Butter,16
4951,100-organic-cracked-wheat-for-a-healthy-kitchen,I-100% Organic Cracked Wheat for a Healthy Kitchen,16
4952,araw-the-premium-ingredient-for-senegalese-dishes-2,I-Araw the premium ingredient for Senegalese dishes,16
4953,I-Dried-Shrimp-Senegal-500g-–-Premium,I-Dried Shrimp Senegal 500g – Premium,695
4954,organic-baobab-powder-from-senegal-500g,I-Organic Baobab Powder from Senegal 500g,16
4955,kankan-african-spices-for-grilling-chicken,I-Kankan African Spices for Grilling & Chicken,16
4956,natural-dried-hibiscus-bissap-powder,I-Natural Dried Hibiscus Bissap Powder,16
4957,bsissa-revisite-gourmand-pour-un-petit-dejeuner-energique,I-Bsissa revisité tunisienne,16
4958,sankal-natural-cereal-2,I-Sankal Natural Cereal,16
4959,bsissa-noisette-chocolat-a-lhuile-dolive-delicatesse-artisanale,I-Bsissa noisette chocolat à l’huile d’olive,16
4960,bsissa-pistache-artisanale-en-huile-dolive-saveur-mediterraneenne-authentique,I-Bsissa pistache au huile d’olive,16
4961,I-Nokos-Homemade-Chicken-Sauce-–-Natural-Spices,I-Nokos Homemade Chicken Sauce – Natural Spices,164
4962,huile-dolive-bio-premium-pressee-a-froid-pour-des-plats-savoureux,I-Huile d’olive bio premium pressée à froid pour plats savoureux,16
4963,miel-naturel-de-montagne-100-pourcent-pur-et-rare,I-Miel de Montagne Pur – Pot Hexagonal Artisan & Chic,16
4964,confiture-prunes-rouges-gout-authentique-et-allegee-en-sucre,I-confiture prunes rouges goût authentique et allégée en sucre,16
4965,confiture-mures-artisanale-un-delice-naturel-irresistible,I-Confiture mûres artisanale un délice naturel irrésistible,16
4966,couscous-millet-authentique-pour-une-experience-culinaire-unique,I-Couscous millet authentique pour une expérience culinaire unique,16
4967,farine-de-lin-deshuilee-riche-en-proteines-pour-recettes-saines-copie-copie,I-Farine de lin déshuilée riche en protéines pour vos recettes santé,16
4968,bissap-strawberry-juice-1l-awa-bio-foods-with-red-fruits,I-Bissap Strawberry Juice 1L – AwA Bio Foods with Red Fruits,16
4969,farine-damande-premium-pour-des-recettes-keto-irresistibles-copie,I-Farine d’AMANDE premium pour des recettes kéto irrésistibles (Copie),16
4970,farine-tournesol-deshuile-riche-en-vitamine-e,I-Farine TOURNESOL déshuilé riche en vitamine E,16
4971,farine-damande-premium-pour-des-recettes-keto-irresistibles,I-Farine d’AMANDE premium pour des recettes kéto irrésistibles,16
4972,chocolat-a-tartiner-a-base-de-cacahuete,I-Chocolat à tartiner à base de cacahuète 200g,16
4973,farine-de-sesame-riche-en-proteines-pour-sportifs-de-qualite-premium,I-Farine de SESAME riche en protéines pour sportifs de qualité premium,16
4974,huile-de-lin-premiere-pression-a-froid-pour-une-sante-eclatante,I-Huile de LIN première pression à froid pour une santé éclatante,16
4975,farine-de-lin-deshuilee-riche-en-proteines-pour-recettes-saines,I-Farine de LIN déshuilée riche en protéines pour recettes saines,16
4976,oignon-en-poudre-100g-saveur-artisanale-irresistible-louda,I-Oignon en poudre 100g Saveur artisanale irrésistible,16
4977,tomate-en-poudre-naturelle-250g-lessence-des-saveurs-ecoresponsables,I-Tomate en poudre naturelle 250g l’essence des saveurs écoresponsables,16
4978,ail-en-poudre-naturel-100g-saveur-artisanale-premium-incontournable,I-Ail en Poudre Naturel 100g Saveur Artisanale Premium Incontournable,16
4979,oignon-poudre-100-naturel-louda-saveur-authentique-irresistible,I-Poudre d’oignon 100% naturel Louda : Saveur authentique irrésistible,16
4980,figues-sechees-bio-250-g-energie-et-saveurs-tunisiennes-irresistibles,I-Figues séchées bio 250 g – Énergie et saveurs tunisiennes irrésistibles,16
4981,miel-petit-format,I-Miel petit format 250g : douceur premium à savourer sans attendre,16
4982,tisane,I-Tisane premium 100g : un bien-être irrésistible dans chaque tasse,16
4983,pollen-du-miel,I-Pollen naturel 100g premium pour une vitalité irrésistible,16
4984,miel-2,I-Miel 500g,16
4985,huile-dolive-750-ml,I-Huile d’olive pure (705 ml),16
4986,creme-a-tartiner-dartichaut-amandes,I-Tartinade d’artichaut aux amandes,16
4987,granola-crunchy-mini,I-Granola Crunchy Paquet de 6 (3 paquets de 35g au chocolat au lait et 3 paquets de 35g aux amandes caramélisées au miel),16
4988,granola-healthy-proteine-gosport,I-Granola healthy Proteiné “Gosport” sans sucre ajouté,16
4989,remede-naturel-digestif-au-miel-sauvage-estomac-250-gr,I-Remède naturel digestif au miel sauvage estomac 250 Gr,16
4990,I-Zeste-de-Citron-Vert-–-100%-Naturel,I-Zeste de Citron Vert – 100% Naturel,121
4991,I-Café-de-Dattes-Sans-Caféine-–-Naturel-et-Savoureux,I-Café de Dattes Sans Caféine – Naturel et Savoureux,121
4992,infusion-de-verveine-agrumes-100-naturelle-21cl,I-Infusion de verveine & agrumes 100% naturelle 21cl,16
4993,confiture-de-figues-250g,I-Confiture de figues (250g),16
4994,melasse-de-figues-naturelle-250g,I-Mélasse de figues naturelle (250g),16
4995,confiture-figue,I-Confiture figue naturelle sans sucre ajouté,16
4996,pate-dail-noir-au-miel,I-Pâte d’ail noir au miel,16
4997,pate-dail-noir-au-gingembre,I-Pâte d’ail noir au gingembre,16
4998,bsissa-pistache-sans-gluten,I-Bsissa Pistache (SANS GLUTEN),16
4999,confiture-de-pomme-en-sucre-allege,I-Confiture de pomme en sucre allégé,16
5000,moringa-infusion,I-Moringa infusion,16
5001,miel-et-nigelle-250g,I-Miel et nigelle 250g,16
5002,huile-dolive-lgim-250ml,I-Huile d’olive Lgim (250ml),16
5003,miel-la-goutte-dor,I-Miel la goutte d’or 100% naturel,16
5004,confiture-dorange-et-fruits-sec,I-Confiture d’orange et fruits sec sans additifs et sans colorants,16
5005,chocolat,I-Drajées aux fruits secs (100g),16
5006,miel,I-Pollimiel 100% naturel,16
5007,pollen,I-Pollen d’abeilles (250g),16
5008,miel-a-lail-noir,I-Miel à l’ail noir,16
5009,I-Folie-de-noisette,I-Folie de noisette,17
5010,granola-kids-100-naturel,I-Granola kids 100% naturel fait maison,16
5011,granola-100-naturel,I-Granola 100% naturel fait maison,16
5012,I-Zrir-noisette,I-Zrir noisette ,17
5013,confiture-de-figues,I-confiture de figues 100% naturelle sans additifs (250 g),16
5014,sirop-figues,I-Sirop figues (250g),16
5015,harrisa-arbi,I-Harrisa Arbi 350 g,16
5016,tomate-sechee-en-tranches,I-Tomate sechée en tranches (50g),16
5017,tomate-en-poudre,I-Tomate en poudre,16
5018,tomate-fraiche-avec-basilic,I-Tomate Fraiche avec basilic (200g),16
5019,tomates-sechees-100-naturelles,I-Tomates séchées 100 % naturelles – saveur intense et versatile (200 g / 1 kg),16
5020,confiture-de-grenade-2,I-Confiture de grenade avec graine de sésame,16
5021,melasse-de-grenade,I-Mélasse de grenade,16
5022,vinaigre-ail-noir,I-Vinaigre de citron à l’ail noir,16
5023,poudre-de-caroube,I-Poudre de Caroube (250g),16
5024,sel-a-lail-noir,I-Sel à l’ail noir,16
5025,sorgho-aux-fruits-secs,I-Sorgho aux fruits secs,16
5026,couscous-dorge,I-Couscous d’orge,16
5027,cafe-traditionnel-tunisien-37-cl,I-Café Traditionnel Tunisien 37 cl,16
5028,eau-de-fleur-de-geranium-0-25-0-5-litre,I-Eau de fleur de Geranium 0.25 – 0.5 Litre,16
5029,bssisa-aux-fruits-secs-500g,I-Bssisa aux fruits secs 500g,16
5030,borghol,I-Borghol,16
5031,cinnamon-coffee-150g,I-Cinnamon Coffee 150g,16
5032,date-pit-coffee-2,I-Date Pit Coffee,16
5033,cafe-au-cannelle-150g,I-Café au cannelle 150g,16
5034,epices-lavande-100-naturelle,I-Lavande 100% naturelle,16
5035,tomate-poudre-100-naturelle,I-Tomate poudre 100% naturelle,16
5036,tomates-cerises-seches-et-confites-a-lhuile-dolive-210-g,I-Tomates cerises séchés et confites à l’huile d’olive 210 g,16
5037,pot-ail-rouge-de-rouhia-en-poudre,I-Pot Ail Rouge de BEJA en poudre,16
5038,100-natural-jujube-honey,I-100% Natural Jujube Honey,16
5039,melisse-de-figue-seche-100-naturelle,I-Mélisse de figue sèche,16
5040,epices-romarin-100-naturelle-25gr,I-épices Romarin 100% naturelle 25gr,16
5041,miel-de-cedre-de-jujubier-500gr,I-Miel de cèdre -de jujubier – 500gr,16
5042,feuilles-doliviers-bio-en-poudre-210g,I-Feuilles d’oliviers BIO en poudre 210G,16
5043,poudre-de-betterave-rouge-en-pot-de-210g,I-Poudre de Betterave Rouge en pot 11cl / 21cl,16
5044,confiture-de-mures-sauvages,I-Confiture de Mures sauvages,16
5045,aubergine-a-la-creme-de-sesames-pot-21-cl,I-Aubergine fumé à la crème de sésames Pot 21 cl,16
5046,confiture-orange,I-Confiture Orange,16
5047,zrir-organic-dates-natural-energy-artisan-250g,I-Zrir Organic Dates – Natural Energy Artisan 250g,16
5048,eau-de-fleur-doranger,I-Eau de fleur d’oranger,16
5049,eau-de-geranium-rosat,I-Eau de géranium rosat,16
5050,eau-de-rose-2,I-Eau de rose 250 ML,16
5051,huile-dolive-vierge-500-ml-oil-and-oils,I-huile d’olive vierge 500 ml Oil and Oils,16
5052,harissa-arbi-traditionnelle,I-Harissa Arbi Traditionnelle,16
5053,ail-rouge-de-beja-confit-aux-herbes-aromatiques-de-jbel-bargou,I-Ail Rouge de Béja Confit aux Herbes Aromatiques de Jbel Bargou,16
5054,bsissa-sorgho-et-cacahuetes,I-Bsissa sorgho gourmande au parliné pot 21 Cl,16
5055,I-Confiture,I-Confiture,121
5056,kadid-de-viande-dagneau-barbarine-a-lhuile-dolive,I-Kadid de viande d’agneau Barbarine à l’huile d’olive,16
5057,merguez-seche-de-veau-a-lhuile-dolive,I-Merguez séché de veau à l’huile d’olive,16
5058,zrir-tunisien,I-Zrir au noisette et beurre,16
5059,confiture-de-grenade-bio-de-kantaoui,I-Confiture de grenade Bio de Kantaoui 37 CL,16
5060,bsissa-pistache-2,I-Bsissa Pistache Tunisienne,16
5061,bsissa-healthy,I-Bsissa Healthy,16
5062,confiture-de-pommes-de-sbiba,I-Confiture de pommes de “Sbiba”,16
5063,thym-sauvage-25g,I-Thym Sauvage – 50g,16
5064,romarin-sauvage-25g,I-Romarin Sauvage – 50g,16
5065,ras-el-hanout-50g,I-Ras El Hanout – 100g,16
5066,nwasser-500g,I-Nwasser Maison – 500g – نواصردياري,16
5067,hlelem-250g,I-Hlelem Maison – 250g – حلالم دياري,16
5068,frik-250g,I-Chorba Frik – 250g,16
5069,eau-de-fleur-de-geranium-250-ml,I-Eau de fleur de Geranium – 250 ml,16
5070,eau-de-fleur-doranger-250-ml,I-Eau de fleur d’Oranger – 250 ml,16
5071,couscous-maison-500g,I-Couscous Maison – 500g,16
5072,coriandre-moulue-50g,I-Coriandre Moulue – 70g,16
5073,boulghour-250g,I-Boulghour fait maison- 250g,16
5074,ail-moulu-50g,I-Ail Moulu – 50g,16
5075,tea-pie-tisane-gourmande,I-Tea Pie – Tisane gourmande,16
5076,masala-chai-the-indien,I-Masala Chai – Thé indien,16
5077,choco-datte,I-Choco-Datte Pâte à Tartiner Bio Luxe,16
5078,crunchy-granola-flooko-au-cacao-lait-et-miel-300g,I-Crunchy Granola Healthy Au Cacao (300 g),16
5079,granola-fait-maison-au-chocolat-et-miel,I-Granola crunchy au chocolat et Aux noisettes grillées,16
5080,cuir-de-fruit-de-pommes-abricots-sechees-deshydratees,I-Cuir de fruit de pommes & abricots séchées déshydratées,16
5081,cuir-de-fruit-de-pommes-figue-sechees-deshydratees,I-Cuir de fruit de pommes & figue séchées déshydratées,16
5082,organic-chami-datt-sesame-spread-nutritional-delight,I-Organic Chami-Datté Sesame Spread – Nutritional Delight,16
5083,miel-de-deucalyptus-%d9%83%d9%84%d8%aa%d9%88%d8%b3-naturel-de-sidi-bouzid,I-Miel de D’Eucalyptus – كلتوس – Naturel de Sidi Bouzid 500g,16
5084,I-Huile-d’olive-extra-vierge-biologique-delight-–-certifiée-écologique,I-Huile d’olive extra vierge biologique delight – certifiée écologique,154
5085,huile-dolive-extra-vierge-coffret-biologique-flavour-certifiee-ecologique-250-ml,I-Huile d’olive extra vierge coffret biologique flavour – certifiée écologique 250 ml,16
5086,harissa-traditionnelle-a-la-vapeur-%d9%87%d8%b1%d9%8a%d8%b3%d8%a9-%d8%b9%d8%b1%d8%a8%d9%8a-%d9%85%d9%81%d9%88%d8%b1%d8%a9,I-Harissa traditionnelle à la vapeur (هريسة عربي مفورة),16
5087,organic-confiture-deglet-el-nour-natural-sweetness-from-tunisia,I-Organic Confiture Deglet El Nour – Natural Sweetness from Tunisia,16
5088,mhames-de-ble-%d9%85%d8%ad%d9%85%d8%b5-%d9%82%d9%85%d8%ad,I-Mhames de blé محمص قمح,16
5089,bsissa-du-ble,I-Bsissa du blé بسيسة قمح,16
5090,bsissa-dorge,I-Bsissa d’orge بسيسة شعير,16
5091,bsissa-lentilles-et-avoine-%d8%a8%d8%b3%d9%8a%d8%b3%d8%a9-%d8%b9%d8%af%d8%b3-%d9%88-%d8%b4%d9%88%d9%81%d8%a7%d9%86,I-Bsissa lentilles et avoine بسيسة عدس و شوفان,16
5092,chorba-sans-gluten,I-Chorba sans gluten شربة,16
5093,bsissa-fruits-secs-%d8%a8%d8%b3%d9%8a%d8%b3%d8%a9-%d9%81%d9%88%d8%a7%d9%83%d9%87-%d8%ac%d8%a7%d9%81%d8%a9,I-Bsissa fruits secs بسيسة فواكه جافة,16
5094,I-Mloukhia,I-Mloukhia,165
5095,couscous-de-ble,I-Couscous de blé كسكسي قمح,16
5096,kit-de-champignons-pleurote,I-Kit de champignons Pleurote,16
5097,huile-dolive-vierge-extra-equitable,I-Huile d’olive vierge extra équitable,16
5098,bouchon-de-bouteille-de-vin-ovale,I-Bouchon De Bouteille De Vin Grenade,16
5099,pince-salade,I-Pince à salade en acier bois d’olivier (28 cm),16
5100,huile-dolive-ritsou-1l,I-Huile d’olive RITSOU 0.5L,16
5101,pate-a-tartiner-de-noix-aux-gingembre-et-miel,I-Pâte à tartiner de Noix aux Gingembre et miel 200g,16
5102,chocolat-a-tartiner-a-base-de-noisettes-crus,I-Chocolat à tartiner à base de noisettes crus 200g,16
5103,granola-royal,I-Granola royal 350g,16
5104,diffuseur-noor,K-Diffuseur Nour,166
5105,diffuseur-roma-2,K-Diffuseur Roma,166
5106,coffret-bougeoir-morgene,K-Coffret bougeoir Morgène,166
5107,le-bougeoir-morgene,K-Le bougeoir Morgène,166
5108,le-bougeoir-sahara-pf,K-Le bougeoir Sahara PF,166
5109,duo-sahara-pf,K-Duo Sahara PF,166
5110,le-bougeoir-sahara-mf,K-Le bougeoir Sahara MF,166
5111,duo-sahara-gf,K-Le bougeoir Sahara GF,166
5112,le-pack-mirath,K-Le pack Mirath,166
5113,le-pack-zouhour-premium,K-Le pack Zouhour Premium,166
5114,le-pack-zouhour-prestige,K-Le pack Zouhour Prestige,166
5115,le-pack-zouhour,K-Le pack Zouhour,166
5116,coffret-roma-prestige,K-Coffret ROMA Prestige,167
5117,coffret-roma,K-Coffret ROMA,167
5118,diffuseur-roma,K-Pack Roma,167
5119,duo-lella-marbre,K-Duo Lella Marbré,167
5120,duo-vera,K-Duo Vera,167
5121,coffret-kara-prestige,K-Coffret KARA Prestige,167
5122,le-coffret-zouhour-prestige,K-Le coffret Zouhour Prestige,167
5123,coffret-heritage,K-Coffret Héritage,167
5124,le-coffret-mirath,K-Le coffret Mirath,167
5125,coffret-amwej-bleu-gf,K-Coffret Amwej Bleu GF,167
5126,coffret-premium-noja,K-Coffret Premium Noja,167
5127,selection-de-verres-lella-craquele-bleu-fonce,K-Sélection de verres Lella craquelé Bleu foncé,168
5128,pack-vera-craquele,K-Pack Vera Craquelé,168
5129,pack-lella-marbre-miel,K-Pack Lella Marbré Miel,168
5130,selection-luna-craquele-transparent,K-Sélection de verres Lella craquelé Transparent,168
5131,pack-lella-craquele-turquoise,K-Pack LELLA Craquelé Turquoise,168
5132,le-set-chourouk,K-Le set Chourouk,168
5133,le-set-olea,K-Le set Olea,695
5134,Set-Olea.png,"K-36.000 TND""",695
5135,pack-lotus-bloom-desk,K-Pack Lotus Bloom Desk,168
5136,service-a-the-tulipe,K-Service à thé Tulipe,168
5137,pack-lella-craquele-bleu-fonce,K-Pack LELLA Craquelé Bleu foncé,168
5138,pack-lella-craquele-miel,K-Pack LELLA Craquelé Miel,168
5139,la-carafe-lella-miel,K-La carafe Lella Miel,168
5140,coffret-boite-amwej-pf,K-Boite Amwej PF,169
5141,la-boite-amwej-bleu-gf,K-La boite Amwej Bleu GF,169
5142,le-mini-couffin-amal-vert,K-Le mini couffin AMAL Vert,169
5143,le-mini-couffin-amal-gold,K-Le mini couffin AMAL Gold,169
5144,le-mini-couffin-amal-lilas,K-Le mini couffin AMAL Lilas,169
5145,le-pack-amwej,K-Le pack Amwej,169
5146,la-boite-mina-jaune,K-La boîte MINA Jaune,169
5147,la-boite-mina-rose,K-La boîte MINA Rose,169
5148,le-sac-elissa-vert,K-Le sac ELISSA Vert,169
5149,le-sac-elissa-corail,K-Le sac ELISSA Corail,169
5150,le-sac-elissa-cognac,K-Le sac ELISSA Cognac,169
5151,la-petite-boite-noja-marron,K-La petite boîte NOJA Marron,169
5152,cone-nassije,K-Le cône Nassije,695
5153,Luminaire-3-scaled-1.jpg,"K-240.000 TND""",695
5154,lentonnoir-nassije,K-L'entonnoir Nassije,695
5155,la-tour-nassije,K-La tour Nassije,170
5156,la-suspension-ksour,K-La suspension Ksour,170
5157,la-suspension-noor,K-La suspension Noor,170
5158,la-suspension-mooja-gold-pf,K-La suspension Mooja Gold PF,170
5159,la-suspension-doora-gold-pf,K-La suspension Doora Gold PF,695
5160,Packshot-LA-SUSPENSION-DOORA-GOLD-1-1.png,"K-128.000 TND""",695
5161,la-suspension-doora-noire-pf,K-La suspension Doora Noire PF,695
5162,la-suspension-mooja-noire-pf,K-La suspension Mooja Noire PF,170
5163,la-suspension-mooja-gold,K-La suspension Mooja Gold,170
5164,la-suspension-mooja-c-noire,K-La suspension Mooja Noire,170
5165,la-suspension-doora-gold,K-La suspension Doora Gold,170
5166,pack-coussins-chevre,K-Pack Coussins Chèvre,171
5167,le-petit-rectangle-en-chevre,K-Le petit rectangle en chèvre,171
5168,le-carre-en-chevre,K-Le coussin en chèvre,171
5169,la-peau-de-mouton,K-La peau de mouton,171
5170,la-peau-de-chevre,K-La peau de chèvre,171
5171,le-diffuseur-dar-vert-pastel,K-Le diffuseur Dar Vert pastel,695
5172,DSC09973-scaled-1.jpg,"K-30.600 TND""",695
5173,le-diffuseur-dar-beige-3,K-Le diffuseur Dar Beige,695
5174,le-diffuseur-dar-noir,K-Le diffuseur Dar Noir,695
5175,la-grande-boite-noja-marron,K-La grande boîte NOJA marron,695
5176,K146-2.jpg,"K-63.750 TND""",695
5177,la-boite-noja-nature,K-La boîte NOJA nature,695
5178,K104-2.jpg,"K-47.600 TND""",695
5179,lentonnoir,K-L'entonnoir,695
5180,lentonnoir.jpg,"K-192.000 TND""",695
5181,la-ruche,K-La ruche,695
5182,le-coffret-gratitude-vert-pastel,K-Le Coffret Gratitude Vert pastel,172
5183,le-coffret-gratitude-beige,K-Le Coffret Gratitude Beige,172
5184,le-coffret-chourouk-rose,K-Le Coffret Chourouk Rose,172
5185,le-coffret-chourouk-vert-pastel,K-Le Coffret Chourouk Vert Pastel,172
5186,le-coffret-chourouk-terracotta,K-Le Coffret Chourouk Terracotta,172
5187,le-bougeoir-heritage-rouge,K-Le bougeoir Héritage Rouge,172
5188,olive-wood-moyen-mortar-and-pestle,Q-Olive wood moyen mortar and pestle,1
5189,pair-of-olive-wood-spoon-and-salad-server,Q-Pair of olive wood spoon and salad server,1
5190,Q-Forked-olive-wood-spoon,Q-Forked olive wood spoon,2
5191,handcrafted-olive-wood-cooking-spoon,Q-Handcrafted olive wood cooking spoon,1
5192,rectangular-olive-wood-salt-and-pepper-shakers,Q-Rectangular olive wood salt and pepper shakers,1
5193,olive-wood-cup-handmade,Q-Olive wood cup handmade,1
5194,olive-wood-stemmed-glass,Q-Olive Wood Stemmed Glass,1
5195,handcrafted-heart-shaped-candle-holder-olive-wood,Q-Handcrafted heart-shaped candle holder olive wood,1
5196,handcrafted-fish-shaped-candle-holder-olive-wood,Q-Handcrafted fish-shaped candle holder olive wood,1
5197,handcrafted-pear-shaped-candle-holder-olive-wood,Q-Handcrafted pear-shaped candle holder olive wood,1
5198,olivewood-board-with-resin-art,Q-Olivewood Board with resin art,1
5199,olive-wood-salt-mill,Q-Olive Wood Salt Mill,1
5200,olive-wood-pepper-and-salt-mill,Q-Olive Wood Pepper and Salt Mill,1
5201,small-olive-wood-pepper-and-salt-mill,Q-Small Olive Wood Pepper and Salt Mill,1
5202,artisan-ceramic-noodle-bowl-with-olive-wood-chopsticks,Q-Artisan Ceramic Noodle Bowl with Olive Wood Chopsticks,1
5203,olive-wood-spatula-handmade-cooking-utensil-from-tunisia,Q-Olive Wood Spatula – Handmade Cooking Utensil from Tunisia,1
5204,olive-wood-bowl-with-salad-spoons,Q-Olive Wood Bowl with salad spoons,1
5205,Q-Olive-wood-appetizer-dish,Q-Olive wood appetizer dish,2
5206,olive-wood-serving-dish-with-five-compartments,Q-Olive Wood Serving Dish with five Compartments,1
5207,olive-wood-appetizer-dish-with-6-sections,Q-Olive Wood Appetizer Dish with 6 Sections,1
5208,handcrafted-olive-wood-tray-with-faience-tile-inlay,Q-Handcrafted Olive Wood Tray with Faience Tile Inlay,1
5209,rectangular-olive-wood-tray-with-ceramic-tile-inlay,Q-Rectangular Olive Wood Tray with Ceramic Tile Inlay,1
5210,decorative-olive-wood-heart-plate,Q-Decorative Olive Wood Heart Plate 1,1
5211,olive-wood-hedgehog-toothpick-holder,Q-Olive wood hedgehog toothpick holder,1
5212,olive-wood-triple-compartment-tray,Q-Olive Wood Triple Compartment Tray,1
5213,olive-wood-cutting-board-with-groove-length-50cm,Q-Olive wood cutting board with groove - Length 50cm,1
5214,olive-wood-trivet-fish-design-handmade-protector,Q-Olive Wood Trivet – Fish Design Handmade Protector,1
5215,olive-wood-pen-and-paper-holder,Q-Olive Wood Pen and Paper Holder,1
5216,Q-set-of-3-Olive-Wood-Heart-dish-16,Q-set of 3 Olive Wood Heart dish 16,2
5217,olive-wood-cutting-board-with-handle-30-cm,Q-Olive Wood Cutting Board With Handle 30 Cm,1
5218,olive-wood-cutting-board-with-handle-24cm,Q-Olive Wood Cutting Board With Handle 24 Cm,1
5219,premium-50-cm-olive-wood-cutting-board,Q-Premium 50 cm Olive Wood Cutting Board,1
5220,premium-olive-wood-clamp-27-cm,Q-Premium 27 cm Olive Wood Clamp – Handcrafted in Tunisia,1
5221,Q-Small-Olive-Wood-Spatula,Q-Small Olive Wood Spatula,2
5222,naturel-olive-wood-cutting-board,Q-Natural Olive Wood Cutting Board,1
5223,olive-wood-cutting-board-large,Q-Olive Wood Cutting Board Large,1
5224,olive-wood-cutting-board-made-in-tunisia,Q-Olive Wood Cutting Board made in Tunisia,1
5225,handmade-olive-wood-cutting-board,Q-Handmade Olive Wood Cutting Board,1
5226,olive-wood-cutting-board-with-handle-made-in-tunisia,Q-Olive Wood Cutting Board With Handle made in Tunisia,1
5227,olive-wood-artisan-rectangular-board,Q-Olive Wood Artisan Rectangular Board,1
5228,olive-wood-rectangle-board-with-handle,Q-Olive Wood Rectangle Board With Handle,1
5229,olive-wood-candle-block-musk-scented,Q-Olive Wood Candle Block : Musk Scented,1
5230,handmade-olive-wood-rectangle-dish,Q-Handmade Olive Wood Rectangle Dish,1
5231,olive-wood-rectangle-dish,Q-Olive Wood Rectangle Dish,1
5232,natural-wood-saucer-set-handmade-tunisian-craftsmanship,Q-Natural Olive wood Saucer Set,1
5233,Q-Olive-Wood-Mortar,Q-Olive Wood Mortar ,2
5234,natural-olive-wood-cutting-board-tunisian-handicraft,Q-Natural Olive Wood Cutting Board – Tunisian Handicraft,1
5235,Q-Kitchen-Gift,Q-Kitchen Gift,2
5236,olive-wood-tray-high-quality-eco-friendly-serving-dish,Q-Olive wood tray High Quality Eco Friendly Serving Dish,1
5237,handmade-olive-wood-salad-spoon,Q-Handmade olive wood Salad spoon,1
5238,olive-wood-mortar-and-pestle-10-8cm,Q-Handmade Olive Wood Mortar And Pestle,1
5239,set-of-3-olive-wood-candle-holders,Q-Set of 3 olive wood candle holders,1
5240,olive-wood-candle-holders-6-5-cm,Q-olive wood candle holders 6/5 cm,1
5241,5cm,Q-olive wood candle holders 8/5cm,1
5242,olive-wood-candle-holders-10-5cm,Q-olive wood candle holders 10/5cm,1
5243,handmade-olive-wood-spoon-t25,Q-Handmade Olive Wood Spoon T25,1
5244,handmade-olive-wood-spoon-t33,Q-Handmade Olive Wood Spoon T33,1
5245,handmade-olive-wood-spoon-26,Q-Handmade Olive Wood Spoon T26,1
5246,olive-wood-serving-tray-large,Q-Olive Wood Serving Tray - Large,1
5247,Q-Natural-Olive-Wood-Cutting-Board,Q-Natural Olive Wood Cutting Board ,2
5248,olive-wood-cheese-board-natural-shape-with-handle,Q-Olive Wood Cheese Board Natural Shape With Handle,1
5249,tunisian-handicrafts-olive-wood-serving-dish,Q-tunisian handicrafts Olive Wood Serving dish,1
5250,large-olive-wood-serving-dish-handmade-in-tunisia,Q-Large Olive Wood Serving Dish – Handmade in Tunisia,1
5251,handmade-olive-wood-serving-dish-large,Q-Handmade Olive Wood Serving Dish – Large,1
5252,olive-wood-plate-handmade-artisan-craft,Q-Olive Wood Plate – Handmade Artisan Craft,1
5253,Q-Olive-Wood-Drinking-Cup,Q-Olive Wood Drinking Cup ,2
5254,Q-Olive-Wood-Serving-Dish,Q-Olive Wood Serving Dish ,2
5255,handmade-natural-olive-wood-rectangular-chess-board,Q-Rectangular Chess Board Natural Olive Wood,1
5256,duo-bowl-ceramics-handmade-and-olive-wood-bowl,Q-Duo bowl Ceramics Handmade and Olive Wood Bowl,1
5257,set-of-ceramics-handmade-and-olive-wood-bowl,Q-Set Of Ceramics Handmade and Olive Wood Bowl,1
5258,handcrafted-olive-wood-mini-salt-spoons,Q-Handcrafted Olive Wood Mini Salt Spoons,1
5259,handcrafted-olive-wood-soap-dish,Q-Handcrafted Olive Wood Soap Dish,1
5260,olive-wood-round-board-with-handle,Q-Olive Wood Round Board With Handle,1
5261,small-olive-wood-cutting-board,Q-Small Olive Wood Cutting Board,1
5262,round-olive-wood-dish,Q-Handcrafted Olive Wood Round Dish,1
5263,small-rustic-serving-olive-wood-bowl,Q-Small Rustic Serving Olive Wood Bowl,1
5264,large-rustic-serving-olive-wood-bowl-29cm,Q-Large Rustic Serving Olive Wood Bowl – 29cm,1
5265,large-rustic-serving-olive-wood-bowl-27cm,Q-Large Rustic Serving Olive Wood Bowl – 27cm,1
5266,large-rustic-serving-olive-wood-bowl-28cm-16cm,Q-Large Rustic Serving Olive Wood Bowl 28cm/16cm,1
5267,medium-rustic-serving-olive-wood-bowl,Q-Medium Rustic Serving Olive Wood Bowl,1
5268,tunisian-handmade-olive-wood-appetizer-plate,Q-Tunisian Handmade Olive Wood Appetizer Plate,1
5269,olive-wood-rectangular-chess-board,Q-Olive wood Rectangular Chess Board,1
5270,4-games-in-1-handmade-olive-wood-games,Q-4 games in 1 : Handmade Olive wood Games,1
5271,handmade-naturel-olive-wood-chessboard,Q-Handmade Natural Olive Wood Chess Board,1
5272,handcrafted-olive-wood-rustic-chess-board,Q-Handcrafted Olive Wood Rustic Chess Board,1
5273,handmade-olive-wood-rustic-chess-board,Q-Handmade Olive Wood Rustic Chess Board,1
5274,set-of-rectangular-cutting-boards,Q-Set of rectangular Cutting Boards,1
5275,handcrafted-olive-wood-pizza-rolling-pin-with-ergonomic-handles,Q-Olive Wood Pizza Rolling Pin with Ergonomic Handles,1
5276,salt-&-pepper-olive-wood-shakers,Q-Salt & Pepper Olive wood Shakers,1
5277,hand-crafted-rectangular-olive-wood-holder-tunisian-artisan-storage,Q-HandCrafted Rectangular Olive Wood Holder,1
5278,Q-Small-Olive-Wood-Spoons-–-Handcrafted-Beauty,Q-Small Olive Wood Spoons – Handcrafted Beauty,2
5279,handcrafted-olive-wood-chopsticks,Q-Handcrafted Olive Wood Chopsticks,1
5280,handcrafted-olive-wood-honey-dipper-stick,Q-Handcrafted Olive Wood Honey Dipper Stick,1
5281,hamdmade-olive-wood-plate,Q-Handmade Olive Wood Plate 2O cm,1
5282,handcrafted-olive-wood-pepper-&-salt-mill-set,Q-Handcrafted olive wood Pepper & Salt Mill Set,1
5283,meduim-olive-wood-bowls,Q-Meduim olive wood Bowls,1
5284,olive-wood-pizza-roll-handcrafted-rolling-pin-from-tunisia,Q-Olive Wood Pizza Roll – Handcrafted Rolling Pin from Tunisia,1
5285,halfa-box-with-ceramics-&-olive-wood-round-bowls,Q-Halfa Box with ceramics & olive wood round Bowls,1
5286,halfa-box-with-ceramics-bowls-&-olive-wood-spoons,Q-Halfa Box with Ceramics Bowls & Olive wood Spoons,1
5287,halfa-box-with-ceramics-&-olive-wood-bowls,Q-Halfa Box with Ceramics & Olive wood Bowls,1
5288,handcrafted-olive-wood-tray-with-3-pockets,Q-Handcrafted Olive Wood Tray with 3 Pockets,1
5289,handcrafted-olive-wood-salt-and-pepper-shakers,Q-Handcrafted Olive Wood Salt and Pepper Shakers,1
5290,handmade-olive-wood-scissors,Q-Handcrafted Olive Wood Scissors,1
5291,round-olive-wood-trivet-under-dish-protector,Q-Round Olive Wood Trivet – Under Dish Protector,1
5292,handcrafted-slotted-olive-wood-spoon,Q-Handcrafted Slotted Olive Wood Spoon,1
5293,handcrafted-olive-wood-fatma-hand,Q-Handcrafted Olive Wood Fatma Hand,1
5294,large-olive-wood-comb,Q-Handcrafted Large Olive Wood Comb,1
5295,handcrafted-olive-wood-serving-tray-rustic-elegance,Q-Handcrafted Olive Wood Serving Tray Rustic Elegance,1
5296,olive-wood-mortar-and-pestle-handmade-in-tunisia,Q-Olive Wood Mortar and Pestle - handmade in tunisia,1
5297,olive-wood-clamp-tunisian-craftsmanship,Q-Olive Wood Clamp – Tunisian Craftsmanship,1
5298,olive-wood-cup,Q-Olive wood CUP,1
5299,olive-wood-salt-cellar,Q-HandCarved Olive Wood Salt Cellar with Magnetic Lid,1
5300,handmade-olive-wood-honey-pot,Q-mandmade Olive Wood Honey Pot,1
5301,olive-wood-spice-jar-with-lid,Q-olive wood spice jar with lid,1
5302,olive-wood-comb,Q-olive wood comb,1
5303,olive-wood-meat-tenderizer,Q-Olive Wood Meat Tenderizer,1
5304,spice-jar-with-a-lid,Q-spice JAR with a lid.,1
5305,rectangular-serving-tray,Q-Rectangular serving tray,1
5306,olive-wood-bowl,Q-Oval Olive Wood Bowl,1
5307,olive-wood-bottle-stopper,Q-olive wood bottle stopper,1
5308,olive-wood-salad-spoons,Q-olive wood salad spoons,1
5309,olive-wood-pepper-and-salt,Q-olive wood pepper and salt,1
5310,hot-and-cold-drinking-cup-mug,Q-Hot And Cold drinking Cup / Mug,1
5311,round-pen-holder,Q-breadsticks holder,1
5312,olive-wood-pepper-and-salt-mill-set,Q-Olive wood pepper and salt Mill Set,1
5313,olive-wood-small-pepper-and-salt-mill%20-set,Q-olive wood small pepper and salt Mill Set,1
5314,olive-wood-medium-serving-ladle,Q-Olive Wood medium Serving Ladle,1
5315,olive-wood-small-spoon,Q-Olive Wood Small Spoon,1
5316,olive-wood-large-spoon,Q-Olive Wood large Spoon,1
5317,olive-wood-basic-spatula,Q-Olive Wood Basic Spatula,1
5318,Q-Wooden-aperitif-dish,Q-Wooden aperitif dish,2
5319,olive-wood-plat,Q-Round olive wood dish,1
5320,olive-wood-heart-shaped-serving-decor-plate-gift,Q-Olive Wood medium Heart Shaped Serving Or Decor Plate Gift,1
5321,olive-wood-mushroom-design-mortar-and-pestle,Q-Olive Wood Mushroom Design Mortar and Pestle,1
5322,olive-wood-cutting-cheese-board-natural-shape-with-handle,Q-Olive Wood Cheese Board Natural Shape,1
5323,olive-wood-hot-and-cold-drinking-cup-mug,Q-Olive Wood Hot and Cold Drinking Cup / Mug,1
5324,olive-wood-medium-serving-bowl-flat-edge,Q-Olive Wood Medium Serving Bowl Flat Edge,1
5325,olive-wood-heart-shaped-serving-or-decor-plate-gift,Q-Olive Wood Heart Shaped Serving or Decor Plate Gift,1
5326,olive-wood-slotted-stirring-server-spatula-28,Q-Olive Wood Slotted Stirring Server Spatula,1
5327,olive-wood-crepe-turner-scraper-spatula-35,Q-Olive Wood Crepe Turner / Scraper / Spatula,1
5328,olive-wood-soft-oval-spoon-30,Q-Olive Wood Soft Oval Spoon,1
5329,olive-wood-serving-ladle-18,Q-Olive Wood Serving Ladle,1
5330,olive-wood-stirring-spoon-with-hole-30-5-cm-12,Q-Olive Wood Stirring Spoon with Hole,1
5331,olive-wood-cake-server-spatula-16-cm-6-2,Q-Olive Wood Cake Server Spatula,1
5332,olive-wood-small-crepe-spreader-stick-18-cm-7-08,Q-Olive Wood Small Crepe Spreader Stick,1
5333,olive-wood-medium-crepe-spreader-stick-19-5-cm-7-67,Q-Olive Wood Medium Crepe Spreader Stick,1
5334,olive-wood-large-crepe-spreader-stick-17-5-cm-6-90,Q-Olive Wood Large Crepe Spreader Stick,1
5335,olive-wood-small-citrus-reamer-juicer,Q-Olive Wood Small Citrus Reamer / Juicer,1
5336,olive-wood-large-mortar-and-pestle,Q-Olive Wood Large Mortar and Pestle,1
5337,olive-wood-nesting-bowls-set-of-6,Q-Olive Wood Nesting Bowls Set of 6,1
5338,xl-natural-shape-irregular-olive-wood-cutting-cheese-board,Q-XL Natural Shape Irregular Olive Wood Cutting Cheese Board,1
5339,Q-Set-of-Three-olive-wood-plates,Q-Set of Three olive wood plates,2
5340,serving-olive-wood-rustic-boards-irregular-natural-form,Q-Pair of Handcrafted Olive Wood Cutting Boards,1
5341,serving-olive-wood-plate-rectangular-form,Q-Serving Tunisian Olive Wood plate rectangular form,1
5342,olive-wood-large-spoons-set-of-four-fairtrade-handmade-tunisia,Q-Olive Wood Large Spoons Set of Four,1
5343,olive-wood-spices-scoop-set-of-four-fairtrade-handmade-tunisia,Q-Olive Wood Measuring Scoops Set of Four,1
5344,olive-wood-cutting-board-handmade-tunisia,Q-Olive Wood cutting Board handmade In Tunisia,1
5345,qartaj-serving-olive-wood-rustic-handmade-in-tunisia-wood-cooking-utensils-fairtrade-cutting-board-serving-board-chopping-cutting-set-642,Q-Olive Wood Cutting Board - Serving Board,1
5346,qartaj-serving-olive-wood-rustic-handmade-in-tunisia-wood-cooking-utensils-fairtrade-cutting-board-serving-board-chopping-cutting-set-641,Q-Olive Wood Smooth Cutting Board Large,1
5347,qartaj-serving-olive-wood-rustic-handmade-in-tunisia-wood-cooking-utensils-fairtrade-cutting-board-serving-board-chopping-cutting-set,Q-Olive Wood Set Of Three Non-Oiled Boards,1
5348,handmade-olive-wood-board,Q-Olive Wood Smooth Cutting Board Large Rounded,1
5349,olive-wood-rustic-irregular-board,Q-Olive Wood Rustic Irregular Board,1
5350,Q-Rectangular-olive-Wood-plate,Q-Rectangular olive Wood plate,2
5351,spoon-stirring-serve-olive-wood-mixing-spoon-handmade-in-tunisia-wood-cooking-utensils-fairtrade-organic-gift-baby-appetizers-condiments,Q-Handmade Small Olive Wood Spoon,1
5352,Q-Set-of-Handmade-Products-Made-in-Tunisia,Q-Set of Handmade Products Made in Tunisia,2
5353,olive-wood-soup-sauce-stew-ladle-handmade-fairtrade-tunisia,"Q-Olive Wood Ladle 30 cm / 11.8""",1
5354,framed-handmade-wool-rug-wall-decoration,Q-Framed Handmade Wool Rug Wall Decoration,3
5355,wool-handmade-rug-textile-wall-art,Q-Wool Handmade Rug Textile Wall Art,3
5356,handmade-wool-rug-wall-art-with-wooden-frame,Q-Handmade Wool Rug Wall Art with Wooden Frame,3
5357,green-handmade-rug-tunisian-artisan-carpet,Q-Green Handmade Rug – Tunisian Artisan Carpet,3
5358,tunisian-handicrafts-kilim-berber-style-with-line-red,Q-Tunisian Handicrafts Kilim Berber Style WITH LINE RED,3
5359,tunisian-handicrafts-margoum-geometric-design,Q-Tunisian Handicrafts Margoum Geometric Design,3
5360,tunisian-handicrafts-margoum-grey-classic,Q-Tunisian Handicrafts Margoum grey Classic,3
5361,tunisian-handicrafts-kilim-multi-color,Q-Tunisian Handicrafts Kilim Multi-Color,3
5362,tunisian-handicrafts-margoum-with-line,Q-Tunisian Handicrafts Margoum with line,3
5363,brown-margoum-rug-with-rhombus-design,Q-brown Margoum Rug with Rhombus Design,3
5364,red-margoum-rug-tunisian-handmade,Q-Red Margoum Rug - Tunisian Handmade,3
5365,Q-Traditional-Amazigh-Rug,Q-Traditional Amazigh Rug,2
5366,Q-Handmade-Tunisian-Rug,Q-Handmade Tunisian Rug,2
5367,Q-Amazigh-Berber-Carpet,Q-Amazigh Berber Carpet,2
5368,Q-Handmade-Wool-Rug,Q-Handmade Wool Rug,2
5369,Q-Handmade-Rug,Q-Handmade Rug,2
5370,Q-Halfa-rug-with-Green-color,Q-Halfa rug with Green color,2
5371,halfa-rug-with-blue-color,Q-Halfa rug with blue color,3
5372,halfa-rug-with-red-color,Q-Halfa rug with Red color,3
5373,white-kilim-with-black-and-beige-lines,Q-White Kilim with black and beige lines,3
5374,handmade-carpet-geometric-with-blue-and-white-color,Q-Handmade Carpet Geometric with blue and White color,3
5375,Q-Multi-color-Handmade-Rug,Q-Multi color Handmade Rug ,2
5376,Q-Kilim-with-lines,Q-Kilim with lines,2
5377,handmade-decorated-carpet-geometric-shapes,Q-Handmade decorated Carpet with geometric shapes,3
5378,grey-carpet-with-flower-handmade-in-tunisia,Q-Grey carpet with flower handmade in Tunisia,3
5379,tunisian-handicrafts-margoum-red-and-white,Q-Tunisian Handicrafts Margoum red and white,3
5380,Q-Black-&-White-Triangular-Carpet,Q-Black & White Triangular Carpet ,695
5381,grey-and-white-tunisian-margoum,Q-grey and white Tunisian Margoum,3
5382,Q-Colorful-Rectangle-Carpet,Q-Colorful Rectangle Carpet ,695
5383,handmade-kilim-with-berber-design,Q-Handmade Kilim With berber,3
5384,Q-Grey-Rug,Q-Grey Rug,2
5385,Q-black-Rug-With-pattern,Q-black Rug With pattern ,2
5386,Q-turquoise-&-yellow-Geometric-Rug,Q-turquoise & yellow Geometric Rug,2
5387,Q-Pink-Rug,Q-Pink Rug,2
5388,Q-Black-&-White-Geometric-Rug,Q-Black & White Geometric Rug,2
5389,Q-grey-and-white-Geometric-Rug,Q-grey and white Geometric Rug,2
5390,Q-Sidi-bou-said-Rug,Q-Sidi bou said Rug,2
5391,Q-brown-and-white-kilim,Q-brown and white kilim,2
5392,colorful-tunisian-handmade-kilim,Q-colorful Tunisian handmade kilim,3
5393,Q-White-Rug-With-black-Line,Q-White Rug With black Line,2
5394,Q-beige-&-grey-Geometric-Rug,Q-beige & grey Geometric Rug,2
5395,Q-kilim-With-multicolor,Q-kilim With multicolor ,2
5396,Q-Black-&-White-kilim,Q-Black & White kilim ,2
5397,Q-grey-and-yellow-Triangle-Lines-Rug,Q-grey and yellow Triangle Lines Rug ,695
5398,Q-Colorful-Geometric-Rug,Q-Colorful Geometric Rug,2
5399,Q-Grey-Rugs,Q-Grey Rugs ,2
5400,amazigh-berber-small-pompom-kilim,Q-Amazigh Berber Small Pompom Kilim,3
5401,beige-and-grey-pompom-rug,Q-beige and grey pompom rug,3
5402,high-pile-white-&-pink-diamond-rug,Q-High Pile White & Pink Diamond Rug,3
5403,beige-rugs-with-pompom-white-line,Q-Beige Rugs with Pompom white line,3
5404,beige-rugs-with-black-triangle,Q-Beige Rugs with black triangle,3
5405,Q-Green-and-White-rug,Q-Green and White rug ,2
5406,Q-Yellow-&-White-Waves-Rug,Q-Yellow & White Waves Rug,2
5407,amazigh-berber-geometric-kilim-rug,Q-Amazigh Berber Geometric Kilim Rug,3
5408,Q-grey-rug-withe-white-lines,Q-grey rug withe white lines,2
5409,black-&%20white-amazigh-rugs,Q-Black & White amazigh rugs,3
5410,Q-White-&-Grey-Geometric-Rug,Q-White & Grey Geometric Rug,2
5411,Q-Colorful-zigzag-Rug,Q-Colorful zigzag Rug,2
5412,Q-black-&-grey-Rectangle-Carpet,Q-black & grey Rectangle Carpet ,695
5413,handmade-geometric-shapes-rug-grey-and-white,Q-Handmade Geometric Shapes Rug grey and white,3
5414,kilim-with-bright-colors,Q-kilim With Bright Colors,3
5415,handmade-grey-kilim-with-line-white,Q-Handmade grey Kilim With White Lines,3
5416,Q-Triangular-Carpet,Q-Triangular Carpet ,695
5417,berber-grey-beige-geometric-kilim-rug,Q-Berber Geometric Kilim Rug,3
5418,amazigh-berber-geometric-kilim-rug-white-and-pink,Q-Amazigh Berber Geometric Kilim Rug White And Pink,3
5419,high-pile-white-yellow-diamond-rug,Q-High Pile White and Yellow Diamond Rug,3
5420,high-pile-white-grey-diamond-rug,Q-High Pile White & Grey Diamond Rug,3
5421,amazigh-berber-geometric-kilim-rug-white-and-grey,Q-Amazigh Berber Geometric Kilim Rug White And Grey,3
5422,kilim-abstract-grey-yellow,Q-Kilim Abstract grey yellow,3
5423,kilim-abstract-black-grey,Q-Kilim Abstract Black grey,3
5424,Rugs & Kilim,Q-Waves Rug white,4
5425,handmade-white-kilim-with-pink-lines,Q-Handmade White Kilim With Pink Lines,3
5426,Q-white-Berber-Rugs,Q-white Berber Rugs ,2
5427,triangle-lines-rug-handmade-from-tunisia,Q-Triangle Lines Rug handmade from Tunisia,3
5428,Q-Berber-Rugs-with-natural-dyeing,Q-Berber Rugs with natural dyeing ,2
5429,Q-kilim-rugs-with-natural-dyeing,Q-kilim rugs with natural dyeing ,2
5430,tunisian-handmade-kilim-with-simple-design,Q-Tunisian handmade kilim with simple design,3
5431,Q-Colorful-Triangular-Carpet,Q-Colorful Triangular Carpet ,695
5432,Q-Berber-rugs-black-and-white,Q-Berber rugs black and white,2
5433,sample-rug-kilim-abstract-brown-and-beige,Q-Sample Rug Kilim Abstract brown and beige,3
5434,Q-A-colorful-Berber-rugs,Q-A colorful Berber rugs,2
5435,rugs-white-off-mix-technique-kilim-and-bouclettes,Q-Off White Mixed Textures Kilim Rug,3
5436,Q-Small-Pompom-Kilim-Rug-beige,Q-Small Pompom Kilim Rug beige ,695
5437,Q-Small-Pompom-Kilim-Rug-brown,Q-Small Pompom Kilim Rug brown,2
5438,small-carpet-with-grey-and-gold-design,Q-Small Carpet With Grey And Gold Design,3
5439,Q-Sample-Rug-Kilim-Black-White,Q-Sample Rug Kilim Black White,2
5440,Q-Colorful-triangular-Carpet-Sample,Q-Colorful triangular Carpet Sample ,695
5441,Q-Sample-Rug-Kilim-multicolored,Q-Sample Rug Kilim multicolored,695
5442,a-white-ines-carpet-with-a-black-motif,Q-A White Ines Carpet With A Black Motif,3
5443,colorful%20handmade%20rug,Q-Colorful Handmade Rug,3
5444,handmade-decorated-kairaoun-carpet,Q-Handmade decorated kairaoun Carpet,3
5445,handmade-decorated-carpet,Q-Handmade Decorated Carpet,3
5446,handmade-zigzag-red-rug,Q-Handmade ZigZag Red Rug,3
5447,blue-handmade-bathroom-rug,Q-Blue handmade bathroom rug,3
5448,handmade-black-&-white-bathroom-rug,Q-Handmade black & white bathroom rug,3
5449,yellow-&-white-bathroom-rug,Q-Yellow & White bathroom rug,3
5450,red-handmade-bathroom-rug,Q-Red Handmade bathroom rug,3
5451,brown-bathroom-rug,Q-Brown Bathroom Rug,3
5452,brown-small-rug,Q-Brown Small Rug,3
5453,small-grey-rug,Q-Small Grey Rug,3
5454,series-of-3-arabesque-rugs-for-bedroom,Q-Series of 3 Arabesque rugs for bedroom,3
5455,set-of-3-diamond-rugs-for-bedroom,Q-Set of 3 diamond rugs for bedroom,3
5456,modern-handmade-white-rug-with-black-shapes,Q-Modern Handmade White rug with black Shapes,3
5457,Q-Face-Rug-One-Line-Black,Q-Face Rug One Line Black,2
5458,handmade-tunisian-white-rug-with-lines,Q-Handmade Tunisian White Rug with lines,3
5459,handmade-white-kilim-with-black-lines,Q-Handmade White Kilim with black lines,3
5460,handmade-tunisian-kilim-with-berber-motifs,Q-Handmade Tunisian kilim with Berber motifs,3
5461,Q-Handmade-with-Love,Q-Handmade with Love,2
5462,handmade-decorated-berber-gray-kilim,Q-Handmade decorated berber gray kilim,3
5463,white-kilim-with-multi-color-patterns,Q-White Kilim with multi color patterns,3
5464,Q-Handmade-Tunisian-Carpet,Q-Handmade Tunisian Carpet,2
5465,traditional-floral-handmade-tunisian-carpet,Q-Traditional Floral Handmade Tunisian Carpet,3
5466,handmade-white-rug-with-colorful-patterns,Q-Handmade White rug with colorful patterns,3
5467,kairouan-carpet-with-different-patterns,Q-Kairouan Carpet with different patterns,3
5468,handmade-traditional-multi-color-floral-carpet,Q-Handmade Traditional Multi color floral Carpet,3
5469,traditional-handmade-floral-framed-carpet,Q-Traditional Handmade floral framed carpet,3
5470,floral-handmade-tunisian-kairouan-carpet,Q-Floral Handmade Tunisian Kairouan Carpet,3
5471,handmade-brown-decorated-kairouan-carpet,Q-Handmade Brown decorated Kairouan Carpet,3
5472,traditional-decorated-handmade-carpet,Q-Traditional decorated Handmade Carpet,3
5473,traditional-handmade-carpet-with-green-decoration,Q-Traditional Handmade Carpet with green decoration,3
5474,traditional-handmade-carpet-with-decorated-tiles,Q-Traditional Handmade carpet with decorated tiles,3
5475,handmade-white-kilim-with-black-rhombuses,Q-Handmade white Kilim with black rhombuses,3
5476,green-handmade-carpet-with-geometric-shapes,Q-Green Handmade Carpet with geometric shapes,3
5477,amazigh-berber-handmade-rug,Q-Amazigh Berber Handmade rug,3
5478,white-&-pink-small-rug-with-triangles,Q-White & Pink Small Rug with Triangles,3
5479,yellow-&-grey-amazigh-tunisian-kilim,Q-Yellow & Grey Amazigh Tunisian Kilim,3
5480,multi-color-handmade-area-rug,Q-Multi color Handmade area Rug,3
5481,handmade-tunisian-killim-with-lines,Q-Handmade Tunisian Killim with lines,3
5482,black-&-white-small-rug-with-triangles,Q-Black & White Small Rug with triangles,3
5483,multicolor-amazigh-berber-pattern-white-base-rug,Q-Multicolor Amazigh Berber Pattern White Base Rug,3
5484,brown-and-tan-one-line-portrait-rug,Q-Brown and Tan One Line Portrait Rug,3
5485,multicolor-floral-medaillon-white-base-rug,Q-Multicolor Floral Medaillon White Base Rug,3
5486,multicolor-floral-pattern-white-base-rug,Q-Multicolor Floral Pattern White Base Rug,3
5487,red-medaillon-floral-rug,Q-Red Medaillon Floral Rug,3
5488,tan-and-brown-medaillon-floral-rug,Q-Tan and Brown Medaillon Floral Rug,3
5489,tan-and-red-medaillon-floral-rug,Q-Tan and Red Medaillon Floral Rug,3
5490,traditional-floral-tan-base-rug,Q-Traditional Floral Tan Base Rug,3
5491,black-geometric-flower-pattern-purple-base-rug,Q-Black Geometric Flower Pattern Purple Base Rug,3
5492,traditional-tree-tan-base-rug,Q-Traditional Tree Tan Base Rug,3
5493,multicolor-traditional-imagery-rug,Q-Multicolor Traditional Imagery Rug,3
5494,brown-and-tan-amazigh-berber-medaillon-rug,Q-Brown and Tan Amazigh Berber Medaillon Rug,3
5495,floral-ornament-rug,Q-Floral Ornament Rug,3
5496,black-geometric-flower-pattern-brown-base-rug,Q-Black Geometric Flower Pattern Brown Base Rug,3
5497,brown-halfa-rug-with-pattern,Q-Brown Halfa Rug with Pattern,3
5498,light-orange-halfa-rug,Q-Light Orange Halfa Rug,3
5499,blue-amazigh-berber-pattern-white-base-rug,Q-Blue Amazigh Berber Pattern White Base Rug,3
5500,brown-amazigh-berber-pattern-grey-base-rug,Q-Brown Amazigh Berber Pattern Grey Base Rug,3
5501,undyed-white-wool-diamond-rug,Q-Undyed White Wool Diamond Rug,3
5502,high-pile-black-and-white-diamond-rug,Q-High Pile Black and White Diamond Rug,3
5503,multicolored-bone-line-pattern-rug,Q-Multicolored Bone Line Pattern Rug,3
5504,warm-grey-halfa-rug,Q-Warm Grey Halfa Rug,3
5505,dark-blue-halfa-rug-with-orange-stripes,Q-Dark Blue Halfa Rug with Orange Stripes,3
5506,purple-halfa-rug-with-golden-stripes,Q-Purple Halfa Rug with Golden Stripes,3
5507,diamond-rug-with-high-pile-pattern,Q-Diamond Rug with High Pile Pattern,3
5508,triangle-pattern-rug,Q-Triangle Pattern Rug,3
5509,gray-and-yellow-area-rug-with-triangle-pattern,Q-Gray and yellow area rug with triangle pattern,3
5510,multi-colored-geometric-rug,Q-Multi-colored Geometric Rug,3
5511,grey-rug-with-colorful-pompoms,Q-Grey Rug with colorful pompoms,3
5512,Q-Esparto,Q-Esparto,2
5513,rug-white-golden-diamond-handmade-tunisia,Q-Rug white golden diamond handmade Tunisia,3
5514,rug-grey-handmade-tunisia,Q-Rug grey handmade Tunisia,3
5515,Q-Rug-white-golden-small-diamond,Q-Rug white golden small diamond,2
5516,rug-grey-white-small-diamond,Q-Rug grey white small diamond,3
5517,rug-white-black-stars,Q-Rug White black stars,3
5518,rug-white-grey-stars,Q-Rug white grey Stars,3
5519,rug-ivory-etandart-handmade,Q-Rug ivory Etandart Handmade,3
5520,rug-ivory-golden-diamond-etandart-handmade,Q-Rug ivory golden Diamond Etandart Handmade,3
5521,rug-ivory-brown-diamond-etandart,Q-Rug ivory brown Diamond,3
5522,rug-white-blue-diamond-etandart,Q-Rug White Sky Blue Diamond 90x180 cm Etandart Handmade,3
5523,rug-black-white-stars-etandart,Q-Rug Black White Stars 90x180 cm Etandart Handmade,3
5524,rug-black-white-diamond-etandart,Q-Rug Black White Diamond 90x180 cm,3
5525,rug-black-white-checkered-etandart,Q-Rug Black White Checkered 90x180 cm Etandart Handmade,3
5526,kilim-knotted-detail-berber-rug-red-white,Q-Amazigh Berber Kilim Rug Knotted Lines Red on White,3
5527,sample-rug-kilim-abstract-black-white,Q-Sample Rug Kilim Abstract Black White,3
5528,Q-Colorful-striped-Kesra-carpet,Q-Colorful striped Kesra carpet,2
5529,berber-inspired-pattern-carpet,Q-Berber inspired pattern carpet home decoration,3
5530,Q-Unique-striped-carpet,Q-Unique striped carpet,2
5531,grey-and-turquoise-handmade-carpet-with-yellow-stripes,Q-Grey and Turquoise handmade carpet with yellow stripes,3
5532,Q-Grey-Area-Carpet,Q-Grey Area Carpet,2
5533,Q-Hand-woven-Kesra-carpet,Q-Hand woven Kesra carpet,2
5534,small-carpet-with-grey-and-yellow-diamond-shaped-motifs,Q-Small carpet with grey and yellow diamond shaped motifs,3
5535,black-and-white-runner-from-kesra-region,Q-Black and white runner from Kesra region.,3
5536,small-striped-carpet-handwoven-by-women-artisans,Q-Small striped carpet handwoven by women artisans.,3
5537,colorful-geometric-pattern-small-carpet,Q-Colorful geometric pattern small carpet.,3
5538,blanket-grey-striped-with-pompoms,Q-Blanket grey Striped with Pompoms,5
5539,blanket-white-and-blue-striped-with-pompoms,Q-Blanket White and blue Striped with Pompoms,5
5540,Q-Handwoven-Fringed-Throw-Blanket,Q-Handwoven Fringed Throw Blanket,2
5541,handmade-blanket-with-grey-color,Q-Handmade Blanket with Grey color,5
5542,handwoven-grey-white-throw-blanket,Q-Handwoven Grey & White Throw / Blanket,5
5543,Q-classic-gray-&-white-fouta,Q-classic gray & white fouta,2
5544,sky-blue-fouta-with-green-line,Q-sky blue fouta with green line,5
5545,pink-and-multicolor-striped-fouta,Q-pink & Multicolor Striped Fouta,5
5546,neon-green-and-multicolor-striped-fouta,Q-Neon Green & Multicolor Striped Fouta,5
5547,blue-and-neon-green-striped-fouta,Q-Blue & Neon Green Striped Fouta,5
5548,classic-brown-striped-fouta,Q-Classic brown Striped Fouta,5
5549,classic-gray-striped-fouta,Q-Classic gray Striped Fouta,5
5550,classic-blue-striped-fouta-bath-and-beach-towels,Q-Classic Blue Striped Fouta Bath & Beach Towels,5
5551,handwoven-fringe-beige-and-white-throw-blanket,Q-Handwoven Fringe beige and white Throw / Blanket,5
5552,handwoven-fringe-grey-and-beige-throw-blanket,Q-Handwoven Fringe Grey and beige Throw / Blanket,5
5553,Q-Small-fouta,Q-Small fouta,2
5554,Q-Handmade-Fouta,Q-Handmade Fouta ,2
5555,Q-Handmade-Fouta,Q-Handmade Fouta,2
5556,blanket-two-tone-beige-textured-2,Q-Traditional Tunisian Fouta Towel with white stripe,5
5557,blanket-two-tone-beige-textured,Q-Blanket Two Tone Beige Textured,5
5558,Q-Fouta-Pareo,Q-Fouta Pareo,2
5559,classic-light-blue-&-white-fouta,Q-Classic light Blue & white Fouta,5
5560,brun-fouta-with-white-stripes,Q-Brun Fouta With White Stripes,5
5561,classic-light-green-&-white-fouta,Q-Classic light green & white Fouta,5
5562,Q-Striped-Cotton-Fouta-Towel,Q-Striped Cotton Fouta Towel,2
5563,handmade-fouta-berber-2*2m,Q-Handmade Fouta Berber 2*2m,5
5564,big-fouta-towel-berber-2m,Q-Big Fouta towel Berber 2*2m,5
5565,classic-red-&-white-fouta,Q-Classic Red & White Fouta,5
5566,Q-Orange-and-white-Fouta,Q-Orange and white Fouta,2
5567,Q-Sponge-Fouta-with-stripes,Q-Sponge Fouta with stripes,2
5568,Q-Pink-and-Grey-Fouta,Q-Pink and Grey Fouta ,2
5569,Q-Green-and-Grey-Fouta,Q-Green and Grey Fouta,2
5570,Q-Beige-Fouta,Q-Beige Fouta,2
5571,green-fouta-fairtrade-towel,Q-Green-Fouta-Fairtrade-Towel,5
5572,Q-Red-Fouta,Q-Red Fouta,2
5573,Q-Blue-&-Grey-Fouta,Q-Blue & Grey Fouta,2
5574,Q-Grey-&-Brown-Fouta,Q-Grey & Brown Fouta,2
5575,orange-arabesque-sofa-bed-throw,Q-Orange Arabesque Sofa Bed Throw,5
5576,handmade-baroque-sofa-bed-throw,Q-Handmade Baroque sofa bed throw,5
5577,grey-baroque-sofa-bed-throw,Q-Grey Baroque sofa bed throw,5
5578,baroque-sofa-bed-throw,Q-Baroque sofa bed throw,5
5579,handmade-lightweight-tablecloth-sofa-brown-throw,Q-Handmade Lightweight tablecloth sofa Brown throw,5
5580,lightweight-tablecloth-sofa-orange-throw,Q-Lightweight tablecloth sofa Orange throw,5
5581,handmade-lightweight-tablecloth-sofa-throw,Q-Handmade Lightweight tablecloth sofa throw,5
5582,lightweight-tablecloth-sofa-throw,Q-Lightweight tablecloth sofa throw,5
5583,fouta-with-stars,Q-Fouta with stars,5
5584,handmade-fouta-fish,Q-Blue Fouta fish,5
5585,yellow-fouta-palm-tree,Q-Yellow Fouta palm tree,5
5586,green-fouta-palm-tree,Q-Green Fouta palm tree,5
5587,fouta-with-small-drawing,Q-Fouta with small drawing,5
5588,blue-diamond-fouta,Q-Blue Diamond Fouta,5
5589,black-fouta-with-random-pattern,Q-Black Fouta with random pattern,5
5590,blue-floral-with-patterns,Q-Blue Floral with patterns,5
5591,blue-floral-fouta,Q-Blue Floral Fouta,5
5592,Q-Fouta-Baby,Q-Fouta Baby,2
5593,Q-Handmade-Fouta-Berber,Q-Handmade Fouta Berber,2
5594,handmade-berber-fouta-towel-authentic-tunisian-craftsmanship,Q-Handmade Berber Fouta Towel : Authentic Tunisian Craftsmanship,5
5595,white-fouta-with-blue-stripes,Q-Tunisian White Fouta with Blue Stripes,5
5596,Q-Honeycomb-Mock-Fouta,Q-Honeycomb Mock Fouta,2
5597,Q-Fouta-Diamant,Q-Fouta Diamant,2
5598,Q-Fouta-Jrida,Q-Fouta Jrida,2
5599,fouta-chevron-db-beige-handwoven-tunisian-towel,Q-Fouta Chevron DB – Beige Handwoven Tunisian Towel,5
5600,Q-Fouta-Chevron-DB,Q-Fouta Chevron DB,2
5601,Q-Fouta-Mat,Q-Fouta Mat,2
5602,handmade-united-flat-fouta,Q-Handmade United Flat Fouta,5
5603,Q-Handmade-Flat-Fouta,Q-Handmade Flat Fouta,2
5604,Q-Flat-Fouta,Q-Flat Fouta,2
5605,Q-Fouta-Martin,Q-Fouta Martin,2
5606,Q-Handmade-United-Fouta,Q-Handmade United Fouta,2
5607,Q-Handmade-United-Fouta,Q-Handmade United Fouta ,2
5608,Q-Handmade-Fouta-6-colors,Q-Handmade Fouta 6 colors,2
5609,Q-Fouta-6-colors,Q-Fouta 6 colors,2
5610,Q-Handmade-Butterfly-fouta,Q-Handmade Butterfly fouta,2
5611,Q-Butterfly-fouta,Q-Butterfly fouta,2
5612,Q-Fouta-Turk,Q-Fouta Turk,2
5613,Q-Handmade-Fouta-Arthur,Q-Handmade Fouta Arthur,2
5614,Q-Fouta-Arthur,Q-Fouta Arthur,2
5615,Q-Large-Band-Fouta,Q-Large Band Fouta,2
5616,classic-white-band-fouta-with-ecru-fringes,Q-Classic White Band Fouta with Ecru Fringes,5
5617,Q-Classic-Band-Fouta-with-Ecru-Fringes,Q-Classic Band Fouta with Ecru Fringes,2
5618,handmade-classic-blue-band-fouta-with-ecru-fringes,Q-Handmade Classic Blue Band Fouta with Ecru Fringes,5
5619,classic-blue-band-fouta-with-ecru-fringes-timeless-tunisian-craft,Q-Classic Blue Band Fouta with Ecru Fringes – Timeless Tunisian Craft,5
5620,Q-Handmade-Classic-Band-Fouta-with-Ecru-Fringes,Q-Handmade Classic Band Fouta with Ecru Fringes,2
5621,rectangular-multi-purpose-bottle-with-a-fish-design,Q-Rectangular multi-purpose bottle with a fish design,6
5622,handmade-ceramic-bottle-with-a-fish-design,Q-handmade ceramic bottle with a fish design,6
5623,oval-design-multi-purpose-bottle-with-a-fish-design,Q-Oval design multi-purpose bottle with a fish design,6
5624,oval-design-multi-purpose-bottle-with-andalusian-design,Q-Oval design multi-purpose bottle with Andalusian design,6
5625,oval-design-ceramic-bottle-with-blue-pattern,Q-Oval design multi-purpose bottle with blue design,6
5626,oval-design-multi-purpose-bottle-with-flower-design,Q-Oval design multi-purpose bottle with flower design,6
5627,andalusian-design-ceramic-bottle,Q-Andalusian design ceramic bottle,6
5628,tajine-flowers,Q-Tajine – Flowers,6
5629,tajine-lara,Q-Tajine – Lara,6
5630,tajine-zarbia,Q-Tajine – Zarbia,6
5631,mini-tajine-flowers,Q-Mini Tajine – Flowers,6
5632,mini-tajine-lara,Q-Mini Tajine – Lara,6
5633,moroccan-tajine-makroudh-rouge,Q-Moroccan Tajine– Makroudh Rouge,6
5634,moroccan-tajine-oriental-black,Q-Moroccan Tajine – Oriental Black,6
5635,moroccan-tajine-zarbia,Q-Moroccan Tajine – Zarbia,6
5636,tureen-flowers,Q-Tureen – Flowers,6
5637,tureen-lara,Q-Tureen – Lara,6
5638,tureen-zarbia,Q-Tureen – Zarbia,6
5639,kerwena-soup-tureen-zarbia,Q-Kerwena Soup Tureen– Zarbia,6
5640,kerwena-soup-tureen-makroudh-rouge,Q-Kerwena Soup Tureen– Makroudh Rouge,6
5641,kerwena-soup-tureen-oriental-black,Q-Kerwena Soup Tureen– Oriental Black,6
5642,zinguia-soup-tureen-flowers,Q-Zinguia Soup Tureen – Flowers,6
5643,zinguia-soup-tureen-lara,Q-Zinguia Soup Tureen – Lara,6
5644,jatte-salad-bowl-makroudh-rouge,Q-Jatte salad bowl – Makroudh Rouge,6
5645,jatte-salad-bowl-oriental-black,Q-Jatte salad bowl – Oriental Black,6
5646,oval-salad-bowl-lara,Q-Oval Salad Bowl – Lara,6
5647,oval-salad-bowl-makroudh-rouge,Q-Oval Salad Bowl - Makroudh Rouge,6
5648,bowl-flowers,Q-Bowl – Flowers,6
5649,bowl-lara,Q-Bowl – Lara,6
5650,bowl-makroudh-rouge,Q-Bowl - Makroudh Rouge,6
5651,bowl-oriental-black,Q-Bowl – Oriental Black,6
5652,bowl-zarbia,Q-Bowl – Zarbia,6
5653,artichoke-salad-bowl-lara,Q-Artichoke Salad Bowl – Lara,6
5654,artichoke-salad-bowl-oriental-black,Q-Artichoke Salad Bowl – Oriental Black,6
5655,plateau-mayo-ketchup-flowers,Q-Plateau Mayo Ketchup – Flowers,6
5656,plat-aperitif-khomsa-flowers,Q-Plat Apéritif Khomsa – Flowers,6
5657,plat-aperitif-khomsa-lara,Q-Plat Apéritif Khomsa – Lara,6
5658,plat-aperitif-khomsa-oriental-black,Q-Plat Apéritif Khomsa – Oriental Black,6
5659,plat-aperitif-ovale-flowers,Q-Plat Apéritif Ovale – Flowers,6
5660,plat-aperitif-ovale-lara,Q-Plat Apéritif Ovale – Lara,6
5661,plat-aperitif-rond-flowers,Q-Plat Apéritif Rond – Flowers,6
5662,plat-aperitif-rond-makroudh-rouge,Q-Plat Apéritif Rond – Makroudh Rouge,6
5663,plat-aperitif-rond-oriental-black,Q-Plat Apéritif Rond – Oriental Black,6
5664,plat-couscous-chkala-lara,Q-Plat Couscous Chkala – Lara,6
5665,plat-couscous-chkala-oriental-black,Q-Plat Couscous Chkala – Oriental Black,6
5666,tepsi-zarbia,Q-Tepsi – Zarbia,6
5667,tepsi-makroudh-rouge,Q-Tepsi – Makroudh Rouge,6
5668,handmade-tunisian-dinnerware-set-traditional-floral-design,Q-Handmade Tunisian Dinnerware Set Traditional Floral design,6
5669,handmade-tunisian-dinnerware-set-traditional-serdine-design,Q-Handmade Tunisian Dinnerware Set Traditional serdine design,6
5670,Q-Handmade-ceramic-flat-plate,Q-Handmade ceramic flat plate,2
5671,deep-salad-bowl-green-color,Q-Deep salad bowl Green Color,6
5672,deep-salad-bowl-blue-color,Q-Deep salad bowl Blue Color,6
5673,matte-black-ceramic-bowl-with-polka-dots,Q-matte black ceramic bowl with polka dots,6
5674,Q-Ceramic-Olive-Oil-Jar,Q-Ceramic Olive Oil Jar,2
5675,decorated-ceramic-olive-oil-pourer,Q-Decorated Ceramic Olive Oil Pourer,6
5676,tunisian-ceramic-oil-dispenser,Q-Tunisian Ceramic Oil Dispenser,6
5677,Q-Olive-Oil-Bottle,Q-Olive Oil Bottle,2
5678,Q-Ceramic-Olive-Oil-Bottle,Q-Ceramic Olive Oil Bottle,2
5679,Q-Ceramic-Oil-Dispenser,Q-Ceramic Oil Dispenser,2
5680,bottle-oil-handmade-arena-design,Q-Bottle Oil Handmade Arena Design,6
5681,bottle-oil-handmade-green-color,Q-bottle Oil Handmade Green Color,6
5682,bottle-oil-handmade-arabica-design,Q-bottle Oil Handmade Arabica Design,6
5683,natural-handmade-ceramic-tajine-small-1,Q-Natural Handmade Ceramic Tajine,6
5684,natural-handmade-ceramic-tajine-small,Q-Natural Handmade Ceramic Tajine – Small,6
5685,handmade-ceramic-tajine-with-traditional-design,Q-Handmade Ceramic Tajine with Traditional Design,6
5686,sea-star-8-piece-ceramic-serveware-set,Q-Sea Star 8 Piece Ceramic Serveware Set,6
5687,handmade-tepsi-tray-wall-decor,Q-Handmade Tepsi Tray & Wall Decor,6
5688,tunisian-tepsi-wall-serving-tray,Q-Tunisian Tepsi Wall & Serving Tray,6
5689,artisan-tepsi-tray-and-wall-decor,Q-Artisan Tepsi: Tray and Wall Decor,6
5690,tunisian-handcrafted-ceramic-plate,Q-Tunisian Handcrafted Ceramic Plate,6
5691,artisan-ceramic-plate-from-tunisia,Q-Artisan Ceramic Plate Handcrafted from Tunisia,6
5692,traditional-handmade-tunisian-plate,Q-Traditional Handmade Tunisian Plate,6
5693,handmade-ceramic-serving-plate,Q-Handmade Ceramic Serving Plate,6
5694,tunisian-decorative-wall-tiles,Q-Tunisian Decorative Wall Tiles,6
5695,handcrafted-ceramic-wall-tiles,Q-Handcrafted Ceramic Wall Tiles,6
5696,artisan-wall-tiles-ceramic,Q-Artisan Wall Tiles – Ceramic,6
5697,khomsa-appetizer-tray-blue-handmade-tunisian-ceramic,Q-Khomsa Appetizer Tray – Blue | Tunisian Ceramic,6
5698,khomsa-appetizer-tray-green,Q-Khomsa Appetizer Tray – Green,6
5699,handcrafted-trio-ceramic-snack-plate-green-color,Q-Handcrafted Trio Ceramic Snack Plate green color,6
5700,handcrafted-trio-ceramic-snack-plate,Q-Handcrafted Trio Ceramic Snack Plate blue color,6
5701,ceramic-olive-oil-bottle-tunisia-craft,Q-Ceramic Olive Oil Bottle – Tunisia Craft,6
5702,decorative-ceramic-oil-bottle-from-tunisia,Q-Decorative Ceramic Oil Bottle from Tunisia,6
5703,tunisian-pottery-olive-oil-bottle,Q-Tunisian Pottery Olive Oil Bottle,6
5704,ceramic-olive-oil-jar-handmade-in-tunisia,Q-Ceramic Olive Oil Jar – Handmade in Tunisia,6
5705,olive-oil-dispenser-in-tunisian-ceramic,Q-Tunisian Handmade Ceramic Olive Oil Dispenser,6
5706,traditional-ceramic-oil-bottle-made-in-tunisia,Q-Traditional Ceramic Oil Bottle – Made in Tunisia,6
5707,tunisian-artisan-ceramic-olive-oil-bottle,Q-Tunisian Artisan Ceramic Olive Oil Bottle,6
5708,handmade-ceramic-oil-bottle-from-tunisia,Q-Handmade Ceramic Oil Bottle from Tunisia,6
5709,ceramic-olive-oil-bottle-from-tunisia,Q-Ceramic Olive Oil Bottle from Tunisia,6
5710,tunisian-hand-painted-ceramic-oil-bottle,Q-Tunisian Hand-Painted Ceramic Oil Bottle,6
5711,tunis-white-ceramic-oil-cruet,Q-Tunis White Ceramic Oil Cruet,6
5712,handmade-olive-oil-dispenser-tunisian-artisan-ceramic-bottle,Q-Handmade Olive Oil Dispenser – Tunisian Artisan Ceramic Bottle,6
5713,tunisian-ceramic-oil-pourer-authentic-north-african-craft,Q-Tunisian Ceramic Oil Pourer – Authentic North African Craft,6
5714,tunisian-ceramic-oil-cruet-for-olive-oil,Q-Tunisian Ceramic Oil Cruet for Olive Oil,6
5715,tunis-white-and-blue-ceramic-oil-bottle,Q-Tunis White and Blue Ceramic Oil Bottle,6
5716,tunisian-ceramic-bottle-for-olive-oil,Q-Tunisian ceramic bottle for olive oil,6
5717,rustic-tunisian-clay-olive-oil-bottle,Q-Rustic Tunisian Clay Olive Oil Bottle,6
5718,genuine-tunisian-ceramic-olive-oil-carafe,Q-Genuine Tunisian Ceramic Olive Oil Carafe,6
5719,olive-oil-bottle-ceramics-with-arabic-calligraphy-design,Q-Olive Oil Bottle Ceramics with Arabic Calligraphy design,6
5720,handcrafted-tunisian-olive-oil-bottle,Q-Handcrafted Tunisian Olive Oil bottle,6
5721,traditional-tunisian-clay-olive-oil-bottle,Q-Traditional Tunisian Clay Olive Oil Bottle,6
5722,ceramic-olive-oil-dispenser-from-tunisia,Q-Ceramic Olive Oil Dispenser from Tunisia,6
5723,artisanal-olive-oil-carafe-handmade-in-tunisia,Q-Artisanal Olive Oil Carafe – Handmade in Tunisia,6
5724,tunisian-pottery-olive-oil-cruet,Q-Tunisian Pottery Olive Oil Cruet,6
5725,handmade-tunisian-ceramic-olive-oil-bottle,Q-Handmade Tunisian Ceramic Olive Oil Bottle,6
5726,bottle-of-olive-oil-handmade-in-tunisia,Q-Bottle of olive oil handmade in tunisia,6
5727,handmade-tunisian-dinnerware-set-traditional-craftsmanship,Q-Handmade Tunisian Dinnerware Set Traditional Craftsmanship,6
5728,black-white-plate-decoration-nabeul-ceramics-handmade-6,Q-Decorative Plate home deco painted in Tunisia,6
5729,kitchen-decor-bleu-plate-tunisia-white-ceramics-elegant-3,Q-Tagine Cookware - Tunisian Design Handmade,6
5730,cookware-set-tajine-pot-tajine-cooking,Q-Cookware Set Tajine Pot Tajine Cooking,6
5731,kitchen-decor-bleu-plate-tunisia-white-ceramics-elegant-1,Q-Tagine Pot Clay Ceramic Glazed Berber Traditional,6
5732,kitchen-decor-bleu-plate-tunisia-ceramics,Q-Plate Blue and Red white ceramics made in Tunisia,6
5733,kitchen-decor-black-and-white-plate-tunisia-ceramics,Q-Plate Black and white ceramics made in Tunisia,6
5734,kitchen-decor-blue-red-green-plate-tunisia-ceramics,Q-Traditions Ceramic Bowl Tunisian Pottery Handmade,6
5735,kitchen-decor-blue-yellow-plate-tunisia-ceramics-handmade,Q-collection of Bowl ceramics handmade,6
5736,kitchen-wall-decor-blue-yellow-plate-nabeul-ceramics-handmade-9,Q-Ceramics and Pottery-Bowl-Handmade Pottery,6
5737,kitchen-wall-decor-blue-yellow-plate-nabeul-ceramics-handmade-8,Q-Ceramic Bowl with natural color handmade,6
5738,kitchen-wall-decor-blue-yellow-plate-nabeul-ceramics-handmade-7,Q-Bowls Nabeul Ceramics Handmade,6
5739,kitchen-wall-decor-blue-yellow-plate-nabeul-ceramics-handmade-6,Q-Bowl kitchen handmade products,6
5740,kitchen-wall-decor-blue-yellow-plate-nabeul-ceramics-handmade-4,Q-Bowl cake ceramics handmade in Tunisia,6
5741,kitchen-wall-decor-blue-yellow-plate-nabeul-ceramics-handmade-3,Q-Blue and Red Ceramic bowls hand painted in Tunisia,6
5742,Q-plate-ceramics-Accessory-for-Dining-Table,Q-plate ceramics Accessory for Dining Table,2
5743,kitchen-wall-decor-blue-yellow-plate-nabeul-ceramics-handmade,Q-Plate wall decor inspired by Tunisian Designers,6
5744,black-white-plate-decoration-nabeul-ceramics-handmade-5,Q-green plate-kitchen deco-handmade in tunisia,6
5745,Q-Flowers-ceramics-plate-for-Dining,Q-Flowers ceramics plate for Dining,2
5746,black-white-plate-decoration-nabeul-ceramics-handmade,Q-Black and White Plate Ceramics Handmade,6
5747,blown-glass-candle-holder-with-red-design,Q-blown-glass with red design,6
5748,green-blown-glass-bowl-handmade-artisan-craft,Q-Green Blown Glass Bowl – Handmade Artisan Craft,6
5749,blown-glass-candle-holder,Q-blown-glass transparent,6
5750,Q-applique-mural,Q-applique mural ,2
5751,large-handmade-vase-qartaj,Q-Large Handmade Vase,6
5752,Q-handmade-vase,Q-handmade vase,2
5753,Q-handmade-candle-holder,Q-handmade candle holder,2
5754,Q-candle-holder,Q-candle holder,2
5755,white-bird-ceramics-handmade,Q-white bird ceramics handmade,6
5756,yellow-bird-ceramics-handmade,Q-yellow bird ceramics handmade,6
5757,black-bird-ceramics-handmade,Q-Black bird ceramics handmade,6
5758,red-bird-ceramics-handmade,Q-red bird ceramics handmade,6
5759,turquoise-blown-glass-bowl,Q-turquoise blown glass bowl,6
5760,purple-blown-glass-bowl,Q-purple blown glass bowl,6
5761,orange-blown-glass-cup,Q-orange blown glass cup,6
5762,green-blown-glass-cup,Q-green blown glass cup,6
5763,turquoise-blown-glass-cup,Q-turquoise blown glass cup,6
5764,Q-Handmade-Decorated-Cup,Q-Handmade Decorated Cup,2
5765,handmade-decorated-ceramic-cup-khat-design,Q-Handmade Decorated Ceramic Cup : KHAT Design,6
5766,set-of-cafe-ceramic-jilani,Q-set of cafe ceramic ' jilani ',6
5767,set-of-cafe-ceramic-serdine,Q-set of cafe ceramic ' serdine ',6
5768,set-of-ceramic-for-water-serdine,Q-set of ceramic for water ' serdine',6
5769,set-of-ceramic-for-water-jileni,Q-set of ceramic for water ' jileni ',6
5770,set-of-ceramic-for-water-khat,Q-set of ceramic for water ' khat ',6
5771,olive-oil-bottle-ceramics-khat,Q-Olive Oil Bottle Ceramics ' khat ',6
5772,olive-oil-bottle-ceramics-jilani,Q-Olive Oil Bottle Ceramics ' jilani ',6
5773,olive-oil-bottle-ceramics-flowers,Q-Olive Oil Bottle Ceramics' flowers ',6
5774,olive-oil-bottle-ceramics-face,Q-Olive Oil Bottle Ceramics ' face ',6
5775,bowl-set-of-ceramics-handmade-and-olive-wood-bowl,Q-Bowl Set Of Ceramics Handmade and Olive Wood Bowl,6
5776,handmade-blue-and-white-ceramic-bowl,Q-Handmade Blue and White Ceramic Bowl,6
5777,appetizer-dish-with-arabic-patterns,Q-Appetizer Dish With Arabic Patterns,6
5778,appetizer-dish-with-barber-patterns,Q-Appetizer Dish With Berber Patterns,6
5779,handmade-rectangular-plate-jilani-ceramics,Q-Handmade rectangular Plate : Jilani Ceramics,6
5780,ceramic-rectangular-dish,Q-Ceramic Rectangular Dish,6
5781,handmade-decorated-ashtray,Q-Handmade Decorated Ashtray,6
5782,handmade-decorated-plates,Q-Handmade decorated plates,6
5783,handmade-flared-tankard,Q-Handmade flared tankard,6
5784,small-handmade-ceramics-dish,Q-Handmade Ceramic Dish - Elegant Blue & White,6
5785,handmade-ceramic-cup-&-saucer,Q-Handmade ceramic Cup & Saucer,6
5786,handmade-decorated-rectangular-dish,Q-Handmade decorated Rectangular Dish,6
5787,decorated-rectangular-dish,Q-Decorated Rectangular dish,6
5788,handmade-ceramic-egg-cup,Q-Handmade Ceramic Egg Cup,6
5789,handmade-ceramics-decorated-plate,Q-Handmade ceramics decorated Plate,6
5790,handmade-decorated-dish,Q-Handmade decorated Dish,6
5791,ceramic-butter-dish,Q-Ceramic butter dish,6
5792,handmade-ceramics-tea-pot,Q-Handmade ceramics Tea-Pot,6
5793,decorated-oval-plate-blue-ceramics,Q-decorated oval plate : Blue ceramics,6
5794,handmade-flat-plate-green-ceramics,Q-Handmade Flat plate : Green Ceramics,6
5795,handmade-ceramic-jar-with-spoons,Q-Handmade ceramic Jar with spoons,6
5796,handmade-floral-blue-ceramic-tajine,Q-Handmade Floral blue ceramic Tajine,6
5797,Q-Handmade-decorated-Tajine,Q-Handmade decorated Tajine,2
5798,handmade-ceramics-oval-plate,Q-Handmade ceramics oval Plate,6
5799,handmade-ceramic-tajine,Q-Handmade ceramic Tajine,6
5800,Q-1L-oil-bottle,Q-1L oil bottle,2
5801,handmade-decorated-ceramic-tureen,Q-Handmade decorated ceramic Tureen,6
5802,decorated-oval-plate,Q-Decorated oval Plate,6
5803,decorated-ceramic-tajine,Q-Decorated ceramic Tajine,6
5804,Q-Handmade-Oval-Plate,Q-Handmade Oval Plate,2
5805,Q-ceramic-Flat-plate,Q-ceramic Flat plate,2
5806,hand-painted-tunisian-ceramic-tagine,Q-Hand-Painted Tunisian Ceramic Tagine,6
5807,handmade-ceramic-oval-plate,Q-Handmade ceramic Oval Plate,6
5808,Q-Handmade-Tepsi-Plate,Q-Handmade Tepsi Plate,2
5809,small-decorated-ceramic-tajine,Q-Small decorated ceramic Tajine,6
5810,blue-ceramic-oval-plate,Q-Blue ceramic Oval plate,6
5811,handmade-blue-ceramic-oval-plate,Q-Handmade Blue Ceramic oval Plate,6
5812,handmade-ceramic-bread-basket,Q-Handmade ceramic bread basket,6
5813,handmade-ceramic-oval-plate-green,Q-Handmade ceramic Oval Plate Green,6
5814,handmade-ceramics-octogonal-dish,Q-Handmade ceramics Octogonal Dish,6
5815,handmade-ceramics-blue-octogonal-dish,Q-Handmade ceramics Blue Octogonal Dish,6
5816,handmade-green-ceramic-oval-plate,Q-Handmade Green ceramic Oval Plate,6
5817,handmade-large-ceramic-bowl,Q-Handmade Large ceramic Bowl,6
5818,large-ceramics-blue-bowl,Q-Large ceramics Blue Bowl,6
5819,handmade-decorated-octogonal-dish,Q-Handmade Decorated Octagonal Dish,6
5820,large-blue-ceramics-serving-bowl,Q-Large Blue ceramics serving Bowl,6
5821,handmade-small-blue-ceramics-bowl,Q-Handmade Small Blue Ceramics Bowl,6
5822,handmade-ceramic-octagonal-dish,Q-Handmade ceramic octagonal Dish,6
5823,handmade-ceramics-bowl,Q-Handmade Ceramics Bowl,6
5824,handmade-ceramics-flat-plate,Q-Handmade ceramics Flat plate,6
5825,handmade-decorated-tepsi-dish,Q-Handmade decorated Tepsi Dish,6
5826,decorated-deep-salad-bowl,Q-Decorated Deep salad Bowl,6
5827,ceramic-deep-salad-bowl,Q-Ceramic Deep salad Bowl,6
5828,handmade-rectangular-dish,Q-Handmade rectangular dish,6
5829,decorated-ceramic-deep-salad-profond,Q-Decorated ceramic deep salad profond,6
5830,handmade-ceramic-oval-oven-tray,Q-handmade ceramic Oval Oven Tray,6
5831,ceramic-jar-with-spoons,Q-Ceramic Jar with spoons,6
5832,handmade-ceramic-tepsi-dish,Q-Handmade ceramic Tepsi Dish,6
5833,floral-ceramic-plate,Q-Floral ceramic Plate,6
5834,handmade-floral-ceramic-square-dish,Q-Handmade Floral ceramic Square Dish,6
5835,floral-ceramic-fish-dish,Q-Floral ceramic Fish Dish,6
5836,floral-ceramic-butter-dish,Q-Floral ceramic butter dish,6
5837,floral-ceramic-cup,Q-Floral ceramic Cup,6
5838,handmade-ceramic-decorated-cup,Q-Handmade ceramic decorated Cup,6
5839,ceramic-decorated-bowl,Q-Ceramic decorated Bowl,6
5840,handmade-floral-ceramic-bowl,Q-Handmade Floral ceramic Bowl,6
5841,floral-ceramic-bowl,Q-Floral ceramic Bowl,6
5842,floral-ceramic-seashell-bowl,Q-Floral ceramic seashell bowl,6
5843,floral-ceramic-champagne-glass,Q-Floral ceramic Champagne Glass,6
5844,floral-ceramic-camel-oil-bottle,Q-Floral ceramic camel oil Bottle,6
5845,ceramic-oval-plate,Q-Ceramic Oval Plate,6
5846,floral-ceramic-hexagonal-dish,Q-Floral Ceramic Hexagonal Dish,6
5847,floral-ceramic-rectangular-dish-plate,Q-Floral ceramic Rectangular Dish Plate,6
5848,floral-ceramic-napkin-holder,Q-Floral Ceramic Napkin Holder,6
5849,handmade-ceramic-square-soup-tureen,Q-Handmade Ceramic Square soup Tureen,6
5850,floral-ceramic-cup-and-saucer,Q-Floral ceramic Cup and saucer,6
5851,handmade-floral-ceramic-tea-pot,Q-Handmade Floral ceramic Tea-Pot,6
5852,large-floral-ceramic-serving-bowl,Q-Large Floral ceramic serving Bowl,6
5853,modern-&-simple-handmade-ceramic-tajine,Q-Modern & simple handmade ceramic Tajine,6
5854,set-of-handpainted-ceramics,Q-Set of handpainted ceramics,6
5855,set-of-white-ceramics-with-black-decoration,Q-Set of white ceramics with black decoration,6
5856,set-of-handmade-ceramics-products,Q-Set of handmade ceramics products,6
5857,white-&-black-ceramic-cup,Q-White & Black ceramic CUP,6
5858,simple-&-modern-set-of-ceramics-products,Q-Simple & Modern set of ceramics products,6
5859,Q-Set-of-ceramics-products,Q-Set of ceramics products,2
5860,white-&-black-decorated-ceramic-plate,Q-white & black decorated ceramic Plate,6
5861,white%20&%20black%20decorated%20ceramic%20bowl,Q-White-&-Black-decorated-ceramic-Bowl,6
5862,Q-Large-ceramic-bowl,Q-Large ceramic bowl,2
5863,hand-painted-ceramic-bowl,Q-hand painted ceramic Bowl,6
5864,Q-White-&-Black-ceramic-Bowl,Q-White & Black ceramic Bowl,2
5865,simple-and-modern-handmade-tajine-plate-pottery-made-in-tunisia,Q-Simple and modern Handmade tajine plate pottery made in tunisia,6
5866,hand-made-minimalist-tajine-plate,Q-HandMade Minimalist Tajine Plate,6
5867,white-&-red-ceramic-trivets,Q-White & Red ceramic trivets,6
5868,handmade-red-ceramic-dinner-plate,Q-Handmade Red ceramic dinner plate,6
5869,handmade-octagonal-ceramic-dish,Q-Handmade octagonal ceramic dish,6
5870,handmade-deep-ceramic-bowl,Q-Handmade deep ceramic bowl,6
5871,handmade-decorated-ceramic-dinner-plate,Q-Handmade decorated ceramic dinner plate,6
5872,handmade-decorated-ceramic-bowl,Q-Handmade decorated ceramic bowl,6
5873,ceramic-flared-tankard,Q-ceramic flared tankard,6
5874,handmade-decorated-rectangular-ceramic-dish,Q-Handmade decorated rectangular ceramic dish,6
5875,handmade-ceramic-trivets,Q-Handmade ceramic trivets,6
5876,handmade-decorated-ceramic-plate-dish,Q-Handmade decorated ceramic plate dish,6
5877,handmade-decorated-ceramic-tajine,Q-Handmade decorated ceramic tajine,6
5878,Q-White,Q-White,2
5879,handmade-floral-rectangular-ceramic-plate,Q-Handmade Floral rectangular ceramic plate,6
5880,handmade-floral-large-ceramic-bowl,Q-Handmade Floral Large ceramic bowl,6
5881,handmade-floral-blue-&-white-ceramic-bowl,Q-Handmade Floral Blue & white ceramic bowl,6
5882,handmade-floral-ceramic-oval-dish,Q-Handmade Floral ceramic oval dish,6
5883,Q-Handmade,Q-Handmade,2
5884,handmade-orange-ceramic-serving-platters,Q-Handmade orange ceramic serving platters,6
5885,handmade-orange-ceramic-plate-dish,Q-Handmade orange ceramic plate dish,6
5886,handmade-orange-ceramic-tajine,Q-Handmade orange ceramic Tajine,6
5887,black-&-white-rectangular-ceramic-dish,Q-Black & white rectangular ceramic dish,6
5888,white-&-black-ceramic-large-bowl,Q-White & Black ceramic large bowl,6
5889,handmade-ceramic-bowl,Q-Handmade Ceramic bowl,6
5890,ceramic-fish-shaped-dish,Q-ceramic fish-shaped dish,6
5891,ceramic-octagonal-bowl,Q-ceramic octagonal bowl,6
5892,ceramic-serving-platters,Q-ceramic serving platters,6
5893,deep-ceramic-bowl,Q-Deep ceramic bowl,6
5894,ceramic-dinner-plate,Q-ceramic dinner plate,6
5895,blue-floral-ceramic-trivet,Q-Blue Floral Ceramic Trivet,6
5896,Q-Dinnerware-Sets-Round-Serving-Deep-Plates,Q-Dinnerware Sets Round Serving Deep Plates,2
5897,Q-ceramic-serving-plate,Q-ceramic serving plate,2
5898,set-of-bowl-ceramic,Q-Dinnerware Sets Round Serving Deep Plates and Bowls,6
5899,Q-Bowl-with-design-face-ceramic-product,Q-Bowl with design face ceramic product,2
5900,ceramic-bowl-with-face-design,Q-Ceramic deep plate eye Safari,6
5901,Q-Ceramic-product,Q-Ceramic product,2
5902,ceramic-cup-with-face-design,Q-MILK MUG Down The Masks Ceramic,6
5903,Q-Wholesale-ceramic-Bowls,Q-Wholesale ceramic Bowls,2
5904,a-collection-of-ceramics-handmade-bowls-with-different-forms,Q-A collection of ceramics handmade bowls with different forms,6
5905,a-collection-of-ceramics-handmade-plates-with-different-forms,Q-Collection of ceramics handmade plates with different forms,6
5906,tajine-handmade-peinted-and-decorated,Q-Tajine Handmade painted and decorated,6
5907,ceramic-handmade-jilani-green-set,Q-Ceramic Handmade Jilani Green Set Made In Tunisia,6
5908,tableware-nabeul-ceramics-azouz-blue-of-sidi-bou-said-tunisia,Q-Tableware Nabeul Ceramics Azouz Blue of Sidi Bou Said Tunisia,6
5909,tajine-blue-sky-collection-designed-in-tunisia-1,Q-Tajine blue Sky collection designed in Tunisia,6
5910,Q-Stone-Bowls,Q-Stone Bowls,2
5911,Q-Cups-Ekho-Design,Q-Cups Ekho Design,2
5912,Q-Cylinders-vase-organic-shape,Q-Cylinders vase organic shape,2
5913,Q-White-Cylinders-vase-organic-shape,Q-White Cylinders vase organic shape,2
5914,Q-Trays-Set-of-Plates-Porcelain,Q-Trays Set of Plates Porcelain,2
5915,large-laundry-basket-handmade,Q-Large laundry basket handmade,7
5916,drawstring-bucket-bag-small-couffin-in-jommar-leaf,Q-Drawstring bucket bag Small Couffin in Jommar leaf,7
5917,natural-straw-bag-with-leather-handles,Q-Natural Straw Bag with Leather Handles,7
5918,straw-bag-with-long-basket-handle,Q-Straw bag with long basket handle,7
5919,round-storage-basket-hand-woven-palm,Q-Round Storage Basket - Hand-woven Palm,7
5920,white-handmade-cushion-cover,Q-White Handmade Cushion Cover,7
5921,beige-white-berber-cushion-cover,Q-Beige & White Berber Cushion Cover,7
5922,tufted-cushion-cover,Q-Tufted Cushion Cover,7
5923,white-berber-cushion-cover,Q-White Berber Cushion Cover,7
5924,handwoven-beige-cushion-cover,Q-Handwoven Beige Cushion Cover,7
5925,cereal-bowl-set-black-natural,Q-Cereal Bowl Set – Black & Natural,7
5926,cereal-bowl-set-blue-natural,Q-Cereal Bowl Set – Blue & Natural,7
5927,cereal-bowl-set-red-natural,Q-Cereal Bowl Set – Red & Natural,7
5928,cereal-bowl-set-sky-blue,Q-Cereal Bowl Set – Sky blue color,7
5929,cereal-bowl-set-fish-design,Q-Cereal Bowl Set - fish design,7
5930,cereal-bowl-set-black-design,Q-Cereal Bowl Set – Black Design,7
5931,cereal-bowl-set-terra-red,Q-Cereal Bowl Set – Terra Red,7
5932,cereal-bowl-set-mediterranean-blue,Q-Cereal Bowl Set – Mediterranean Blue,7
5933,tunisian-halfa-storage-basket,Q-Tunisian halfa Storage Basket,7
5934,handwoven-halfa-basket-with-lid-made-in-tunisia,Q-Handwoven Halfa Basket with Lid – Made in Tunisia,7
5935,halfa-basket-handmade-in-tunisia,Q-Halfa Basket – Handmade in Tunisia,7
5936,halfa-basket-set-of-3-handwoven-in-tunisia,Q-Halfa Basket Set OF 3 – Handwoven in Tunisia,7
5937,set-of-3-tunisian-handwoven-halfa-baskets,Q-Set of 3 Tunisian Handwoven Halfa Baskets,7
5938,three-tier-raffia-pendant-lamp-handmade-in-tunisia,Q-three tier raffia pendant lamp handmade in Tunisia,7
5939,organic-pear-shaped-jute-suspension-handmade-in-tunisia,Q-Organic pear-shaped jute suspension handmade in Tunisia,7
5940,dome-shaped-ceiling-lamp-handmade-in-tunisia,Q-dome-shaped ceiling lamp handmade in Tunisia,7
5941,contemporary-black-raffia-pendant-lamp-handmade-in-tunisia,Q-Contemporary black raffia pendant lamp handmade in Tunisia,7
5942,geometric-diamond-lamp-handmade-in-tunisia,Q-Geometric diamond lamp handmade in Tunisia,7
5943,natural-fiber-artisan-lamps-from-tunisia,Q-Natural Fiber Artisan Lamps from Tunisia,7
5944,ethnic-chic-handmade-lamps-tunisia-collection,Q-Ethnic Chic Handmade Lamps – Tunisia Collection,7
5945,rustic-woven-palm-ceiling-lamp-handmade-in-tunisia,Q-Rustic woven palm ceiling lamp handmade in Tunisia,7
5946,demi-sphere-ceiling-light-handmade-in-tunisia,Q-demi-sphere ceiling light handmade in Tunisia,7
5947,there-tier-raffia-pendant-lamp-handmade-in-tunisia,Q-there tier raffia pendant lamp handmade in Tunisia,7
5948,triple-layer-jute-wall-sconce-handmade-in-tunisia,Q-Triple-layer jute wall sconce handmade in Tunisia,7
5949,ethnic-chic-olive-wood-bedside-lamp-handmade-in-tunisia,Q-Ethnic chic olive wood bedside lamp handmade in Tunisia,7
5950,traditional-clay-and-cane-pendant-light-handmade-in-tunisia,Q-Traditional clay and cane pendant light handmade in Tunisia,7
5951,ethnic-rattan-floor-lamp-handmade-in-tunisia,Q-Ethnic rattan floor lamp handmade in Tunisia,7
5952,layered-dome-ceiling-light-in-natural-fibers-handmade-in-tunisia,Q-Layered dome ceiling light in natural fibers handmade in Tunisia,7
5953,rustic-full-dome-palm-lamp-handmade-in-tunisia,Q-Rustic full-dome palm lamp handmade in Tunisia,7
5954,organic-woven-ball-pendant-light-handmade-in-tunisia,Q-Organic woven ball pendant light handmade in Tunisia,7
5955,round-jute-suspension-lamp-handmade-in-tunisia,Q-Round jute suspension lamp handmade in Tunisia,7
5956,ethnic-chic-bell-ceiling-light-handmade-in-tunisia,Q-Ethnic chic bell ceiling light handmade in Tunisia,7
5957,ethnic-chic-natural-fiber-cage-lamp-handmade-in-tunisia,Q-Ethnic chic natural fiber cage lamp handmade in Tunisia,7
5958,ethnic-chic-beige-jute-suspension-handmade-in-tunisia,Q-Ethnic chic beige jute suspension handmade in Tunisia,7
5959,handmade-halfa-under-dish-30-cm,Q-Handmade Halfa Under Dish 30 Cm,7
5960,handmade-halfa-under-dish-25-cm,Q-Handmade Halfa Under Dish 25 Cm,7
5961,handmade-halfa-under-dish-15-cm,Q-Handmade Halfa Under Dish 15 Cm,7
5962,clear-glass-candle-handmade,Q-clear glass candle handmade,7
5963,natural-vegetable-fibre-mirror,Q-Natural vegetable fibre mirror,7
5964,natural-vegetable-fibre-mirror-with-black-design,Q-Natural vegetable fibre mirror with black design,7
5965,Q-Handmade-Colorful-Chair,Q-Handmade Colorful Chair,2
5966,Q-Square-Wooden-Leg-Stool,Q-Square Wooden Leg Stool,2
5967,Q-Wood-Serving-Cheese-Board,Q-Wood Serving Cheese Board,2
5968,Q-Storage-Shelf,Q-Storage Shelf ,2
5969,Q-box-lange-natural-palm-fibers,Q-box lange natural palm fibers,2
5970,box-lange-natural-palm-fibers-with-small-bag,Q-box lange natural palm fibers with small bag,7
5971,tunisian-handicrafts-natural-halfa-blue-box-vegetable-fibre,Q-Tunisian Handicrafts Natural Halfa blue Box,7
5972,green-and-white-cushion-handmade-in-tunisia,Q-green and white Cushion handmade in tunisia,7
5973,small-purple-pouf-with-green-and-orange-design,Q-Small purple Pouf With green and orange design,7
5974,pillows-blue-covers-100-linens,Q-Pillows blue Covers 100% Linen,7
5975,grey-and-white-artisan-cushion-handmade-in-tunisia,Q-Grey and white Artisan Cushion Handmade In Tunisia,7
5976,grey-artisan-cushion-handmade-in-tunisia,Q-Grey Artisan Cushion Handmade In Tunisia,7
5977,palm-fiber-pendant-hind,Q-Palm Fiber Pendant Lamp Hind,7
5978,palm-fiber-pendant-sarah,Q-Palm Fiber Pendant Lamp Sarah,7
5979,palm-fiber-pendant-raisa,Q-Palm Fiber Pendant Lamp Raisa,7
5980,palm-fiber-pendant-kamila,Q-Palm Fiber Pendant Lamp Kamila,7
5981,Q-Tunisian-Handmade-Banquette,Q-Tunisian Handmade Banquette ,2
5982,Q-Tunisian-Handmade-Banquette-&-stool,Q-Tunisian Handmade Banquette & stool ,2
5983,Q-Blue-Wooden-and-halfa-Stool,Q-Blue Wooden and halfa Stool,2
5984,Q-Light-Brown-Hoop-Chair,Q-Light Brown Hoop Chair ,2
5985,tunisian-handmade-black-and-light-brown-hoop-chair,Q-Tunisian Handmade black And Light Brown Hoop Chair,7
5986,Q-Iron-Square-Stool,Q-Iron Square Stool ,2
5987,Q-Tunisian-Handmade-Table-&-Chair-Set,Q-Tunisian Handmade Table & Chair Set,2
5988,Q-Table-Mosaic-And-Iron-2*1m,Q-Table Mosaic And Iron 2*1m ,2
5989,Q-Handwoven-Rattan-Hoop-Chair,Q-Handwoven Rattan Hoop Chair,2
5990,Q-Handwoven-oval-Rattan-Hoop-Chair,Q-Handwoven oval Rattan Hoop Chair,2
5991,Q-Tunisian-Handicrafts-Natural-Halfa-Box,Q-Tunisian Handicrafts Natural Halfa Box,2
5992,tunisian-handicrafts-large-halfa-round-serving-fruit-vegetables-plate,Q-Tunisian Handicrafts Large Halfa Round Serving Fruit / Vegetables Plate,7
5993,Q-tunisian-handicrafts-Natural-Halfa-Green-Box,Q-tunisian handicrafts Natural Halfa Green Box,2
5994,Q-Handmade-Natural-Halfa-Box,Q-Handmade Natural Halfa Box,2
5995,Q-Handmade-Natural-Halfa-Red-Box,Q-Handmade Natural Halfa Red Box,2
5996,Q-Halfa-Grass-Basket,Q-Halfa Grass Basket,2
5997,artisan-cushion-handmade-in-tunisia,Q-artisan cushion handmade in Tunisia,7
5998,Q-Table-Mosaic-and-Metal,Q-Table Mosaic and Metal,2
5999,Q-Handmade-Table-&-Chair-Set,Q-Handmade Table & Chair Set,2
6000,Q-Halfa-Box,Q-Halfa Box,2
6001,table-iron-with-olive-wood-rustic-and-natural-board,Q-Table Iron with Olive Wood Rustic and Natural Board,7
6002,table-olive-wood-rustic-and-natural-board,Q-Olive Wood Small Table Rustic and Natural Board,7
6003,handmade-naturel-olive-wood-chessboard-table,Q-Handmade Natural Olive Wood Chess Table 40 cm,7
6004,light-gray-industrial-style-hamam-fouta-beach-towel-bed-spread,Q-Light Gray Industrial Style Hamam Fouta Beach Towel Bed Spread,7
6005,jacquard-greige-hamam-fouta-towel-bedspread,Q-Jacquard Greige Hamam Fouta,7
6006,luxurious-gold-thread-large-hamam-fouta-towel-bed-spread-xl,Q-Luxurious Gold Thread Large Hamam Fouta Towel Bed Spread XL,7
6007,striped-stone-ibiza-style-hamam-fouta-towel-spread-xl,Q-Striped Stone Ibiza Style Hamam Fouta Towel Spread XL,7
6008,striped-farmhouse-style-hamam-fouta-towel-spread,Q-Striped Farmhouse Style Hamam Fouta Towel Spread,7
6009,minimal-grey-black-hamam-fouta-towel-xl,Q-Minimal Grey Black Hamam Fouta Towel XL,7
6010,black-with-white-stripes-square-pillows-covers,Q-Black with White Stripes Square Pillows covers,7
6011,poof-beanbag-duc-with-klim-wool-and-natural-brown-goatskin-in-seat,Q-Poof BEANBAG DUC With klim wool and natural brown goatskin in seat,7
6012,cushion-with-leaf-embroidery-handmade-talli-tanit,Q-Cushion with leaf EMBROIDERY Handmade Tilli Tanit,7
6013,cushion-handmade-embroidery-talli-tanit,Q-Cushion Handmade Embroidery Tilli Tanit,7
6014,Q-Pillows-Red-covers-100%-linen-handwoven,Q-Pillows Red covers 100% linen handwoven,2
6015,Q-Pillows-Blue-covers-100%-linen-handwoven,Q-Pillows Blue covers 100% linen handwoven,2
6016,Q-Pillows-Covers-100%-linen-handwoven,Q-Pillows Covers 100% linen handwoven,2
6017,Q-Pillows-covers,Q-Pillows covers,695
6018,rectangular-pillows-covers-hand-woven-silk-wool,Q-Rectangular Pillows covers hand-woven silk & wool,7
6019,square-pillows-covers-hand-woven-silk-wool,Q-Square Pillows covers hand-woven silk,7
6020,handcrafted-hoop-chair-seat-halfa-grass-vegetal-fiber-handwoven-qartaj-decor-green,Q-Wholesale Green Halfa Grass Hoop Chair,7
6021,Q-Yellow-Hoop-Chair,Q-Yellow Hoop Chair,2
6022,qartaj-handmade-handcrafted-hoop-chair-seat-halfa-grass-vegetal-fiber-handwoven-qartaj-decor-beige-yellow-black,Q-Handwoven Halfa Grass Chair,7
6023,Q-Handwoven-Multi-Colored-Hoop-Chair,Q-Handwoven Multi-Colored Hoop Chair,2
6024,handcrafted-hoop-chair-seat-halfa-grass-vegetal-fiber-handwoven-qartaj-decor-light-brown-blue,Q-Handmade Blue and light Brown Hoop chair,7
6025,Q-Handwoven-Light-Brown-Hoop-Chair,Q-Handwoven Light Brown Hoop Chair,2
6026,Q-Wooden-Handwoven-Stool,Q-Wooden Handwoven Stool,2
6027,blue-decorative-square-cover-pillow,Q-Blue decorative square cover pillow.,7
6028,cotton-velvet-cushion-cover,Q-Cotton grey velvet cushion cover made by Hela.,7
6029,decorative-square-throw-pilow-made-by-hela,Q-Decorative Square Throw Pillow Made By Hela.,7
6030,soft-velvet-cushion-cover-made-by-hela,Q-Soft velvet cushion cover made by Hela.,7
6031,large-poof-ne-a-tunis-douret-el-hsira-halfa-and-cotton,Q-Large Poof Né a Tunis Douret El-Hsira Halfa and Cotton,7
6032,Q-Pouf-El-Hsira-round-in-kilim-and-palm,Q-Pouf El Hsira round in kilim and palm,2
6033,Q-Pitcher-made-from-Clay,Q-Pitcher made from Clay,2
6034,Q-Handmade-Pottery-Vase-Decorative,Q-Handmade Pottery Vase Decorative,2
6035,Q-Vase-handmade-Sejnane-Pottery-Clay,Q-Vase handmade Sejnane Pottery Clay,2
6036,double-sided-sejnan-carpet-with-geometric-patterns,Q-Double sided Sejnan carpet with geometric patterns.,8
6037,multicolor-pattern-wholesale-tunisian-rug-geometric-carpet-hand-woven-kilim-blue-handmade-triangle-fringe,Q-Triangles Wool Kilim From Sejnan Rug Blue and White,8
6038,Q-Sejnan-clay-traditional-Kenoun-and-plate,Q-Sejnan clay traditional Kenoun and plate,695
6039,Q-Sejnan-Traditional-Couscous-cooker,Q-Sejnan Traditional Couscous cooker,2
6040,Q-Two-Handmade-Sejnan-Deep-Plates,Q-Two Handmade Sejnan Deep Plates,2
6041,2-sejnan-clay-deep-pots-with-cover-one-small-and-one-big,Q-Two deep pots with cover Sejnan Clay,8
6042,tunisian-handicrafts-traditional-decorated-deep-plate-of-sejnan,Q-Tunisian Handicrafts - Traditional decorated deep plate of Sejnan,8
6043,Q-Tunisian-handicrafts,Q-Tunisian handicrafts,2
6044,Q-Sejnan-traditional-deep-plate,Q-Sejnan traditional deep plate,2
6045,set-of-sejnan-deep-clay-plate-and-basket,Q-Set of Sejnan deep clay plate and napkin holder,8
6046,Q-KILIM-MOUFIDA,Q-KILIM MOUFIDA,2
6047,kilim-alia-handmade-area-rug-tunisia,Q-KILIM ALIA handmade area rug Tunisia,8
6048,kilim-trio-100-cotton-handmade,Q-KILIM TRIO 100% cotton Handmade,8
6049,kilim-trio-handmade-rugs-from-joumine,Q-KILIM TRIO Handmade rugs from Joumine,8
6050,kilim-nahla-area-rug-handmade-in-tunisia,Q-KILIM NAHLA - Area Rug handmade in Tunisia,8
6051,Q-KILIM-NAHLA---Handmade-carpet,Q-KILIM NAHLA - Handmade carpet,2
6052,kilim-amina-tissage-kilim-fait-main-tunisie,Q-KILIM AMINA - handmade in Tunisia,8
6053,Q-KILIM-SABIHA-small-Carpet,Q-KILIM SABIHA small Carpet,2
6054,bag-and-set-of-3-beige-towels,Q-Bag and set of 3 beige towels,8
6055,bag-and-set-of-3-pink-towels,Q-Bag and set of 3 pink towels,8
6056,s&a-tote-bag-and-handbag-daily-use,Q-S&A tote bag and handbag daily use,8
6057,s&a-bag-decoration-in-weaving-pompom-and-handcrafted-embroidery,Q-S&A BAG decoration in weaving pompom and handcrafted embroidery,8
6058,set-of-three-pen-holders-mosaic-handmade-by-le-phare-design,Q-Set of Three Pen Holders Mosaic Handmade By Le Phare Design,8
6059,mosaic-fish-shaped-coasters-with-wooden-base-phare-design,Q-Mosaic Fish Shaped Coasters with Wooden base Phare Design,8
6060,set-of-three-mosaic-jewelry-boxes-by-the-phare-design,Q-Set of Three Mosaic Jewelry Boxes by the Phare Design,8
6061,handmade-round-mosaic-tile-l-olivier-phare-design,Q-Handmade Round Mosaic Tile (L'olivier) Phare Design,8
6062,tiles-hand-painted-industrial-biscuits-according-to-the-cuerda-seca-technique,"Q-Tiles hand-painted industrial biscuits according to the ""Cuerda Seca"" technique",8
6063,Q-Simple-and-Modern-Tajine-Plate,Q-Simple and Modern Tajine Plate,2
6064,mini-appetizer-bowls-ceramics-hand-painted-made-in-tunisia,Q-Mini Appetizer bowls ceramics hand-painted made in Tunisia,8
6065,set-of-three-plates-of-ceramics-hand-painted-tunisia,Q-Set of Three plates of ceramics hand-painted Tunisia,8
6066,set-of-ceramics-plates-made-in-tunisia-by-slama-pottery-756,Q-Set of ceramics Plates made in Tunisia by Slama Pottery,8
6067,set-of-ceramics-plates-ceramics-made-in-tunisia-hand-painted,Q-Set of ceramics Plates Ceramics made in Tunisia Hand-painted,8
6068,natural-large-fish-charm-handpainted-sejnan-pottery,Q-Sejnenia Natural large fish,8
6069,base-cloth-100-natural-linen-embroidery-fish,Q-BASE CLOTH 100% NATURAL LINEN EMBROIDERY FISH,8
6070,black-on-natural-flax-linen-tout-est-magnifique,Q-BLACK ON NATURAL FLAX LINEN TOUT EST MAGNIFIQUE,8
6071,base-cloth-100-natural-linen-silhouette,Q-BASE CLOTH 100% NATURAL LINEN / SILHOUETTE,8
6072,Q-Decor-Artisanal,Q-Decor Artisanal,2
6073,"Q-Fouta-""Losange""-bicolored-made-in-Tunisia","Q-Fouta ""Losange"" bicolored made in Tunisia",2
6074,nested-set-of-3-storage-baskets-halfa-handmade-natural,Q-Nested set of 3 storage baskets in Natural Halfa Handmade Natural,8
6075,Q-Le-Comptoir-de-l'artisanat,Q-Le Comptoir de l'artisanat,2
6076,porcelain-glazed-vase-handpainted-by-we-art,Q-Porcelain glazed Vase HandPainted by We Art,8
6077,Q-Set-of-Plates-Porcelain,Q-Set of Plates Porcelain,2
6078,Q-Terracotta-Large-Vase,Q-Terracotta Large Vase,2
6079,Q-Terracotta-Medium-Vase,Q-Terracotta Medium Vase,2
6080,Q-Terracotta-Small-Vase,Q-Terracotta Small Vase,2
6081,cylindrical-large-blown-vase-glass-mouth-blown-locally-available-recycled,Q-Cylindrical Large Blown Vase Glass Mouth blown locally available recycled,8
6082,vase-medium-blown-glass-mouth-blown-locally-recycled,Q-Vase Medium Blown Glass Mouth blown locally recycled,8
6083,vase-blown-glass-mouth-blown-locally-available-recycled-transparent-glass-688,Q-Vase Blown Glass Mouth blown locally available recycled transparent glass,8
6084,bowl-vase-blown-glass-mouth-blown-locally-available-recycled-transparent-glass,Q-Bowl / Vase Blown Glass Mouth blown locally transparent glass,8
6085,blown-glass-mouth-blown-locally-available-recycled-transparent-glass,Q-Blown Glass Mouth blown locally available recycled transparent glass,8
6086,throws-100-linen-handwoven-embroidery-100-handmade,Q-Throws 100% linen handwoven & embroidery 100% handmade,8
6087,pins-micro-mosaic-silver-hand-craved-applied-natural-stone-mosaic,Q-PINS Micro Mosaic & Silver Hand Craved Applied Natural Stone Mosaic,8
6088,throws-hand-woven-silk-and-wool,Q-Throws hand-woven Silk and wool Kerkenatiss,8
6089,carpet-handmade-kerkenatiss-tunisia,Q-Carpet handmade Kerkenatiss Tunisia,8
6090,bowl-olive-wood-handmade-in-tunisia,Q-Bowl olive wood Handmade in Tunisia,8
6091,handwoven-carpet-made-by-kerkenniens-recycled-jean-cotton-handwoven-blue-beige,Q-Rug made with cotton and recycled jean,8
6092,juicy-fresh-orange-fruit-maltese-citrus-industry,Q-Tunisian High Quality Fresh Orange,8
6093,handmade-unicolour-terracotta-tajine,Q-Handmade Unicolour Terracotta Tajine,8
6094,Q-Set-of-cups-Ekho-Design,Q-Set of cups Ekho Design,2
6095,Q-Alfa-/-Halfa-Baskets-Handmade-Natural,Q-Alfa / Halfa Baskets Handmade Natural,2
6096,Q-Handmade-Wool-Throw-Saida,Q-Handmade Wool Throw Saida,2
6097,Q-El-Houch,Q-El Houch,2
6098,etand-art-saida-in-unbleached-and-undyed-wool-throw-with-bobble,Q-Throw Etand'art Saida in unbleached and undyed wool throw with bobble,8
6099,cement-olo-lunar-candle-by-khalta,Q-Cement Olo Lunar Candle by Khalta,8
6100,cement-bowl-gold-by-khalta,Q-Cement Bowl Gold by Khalta,8
6101,kerkenatiss-carpet-made-with-cotton-and-wool,Q-Kerkenatiss carpet made with cotton and wool by Women Artisans,8
6102,geometric-striped-pattern-wholesale-tunisian-kilim-rug-red-white-carpet-hand-woven-kilim-hand-knotted-flat-woven-wool-fair-trade-black,Q-Black and White Striped Kilim Rug,8
6103,Q-Handmade-Multicolored-Kilim,Q-Handmade Multicolored Kilim,2
6104,Q-Tunisian-High-Quality-Olive-Oil-(Chemlali,Q-Tunisian High Quality Olive Oil (Chemlali,2
6105,Q-Set-of-Sajnen-:-2-bowls,Q-Set of Sajnen : 2 bowls,695
6106,Q-Set-of-Sajnen-:-A-couscous-maker,Q-Set of Sajnen : A couscous maker ,695
6107,large-tunisian-handmade-couffin-with-blanket,Q-Large Tunisian Handmade Couffin WITH Blanket,9
6108,natural-couffin-handmade-in-tunisia,Q-NATURAL Couffin Handmade In Tunisia,9
6109,fiber-and-leather-handmade-bag,Q-Fiber and leather handmade bag,9
6110,fiber-and-leather-handmade-pouch-with-red-color,Q-Fiber and leather handmade pouch with red color,9
6111,tunisian-handmade-table-&-chair-set-with-vegetal-fiber-and-green-color,Q-Tunisian Handmade Table & Chair Set with Vegetal Fiber,9
6112,tunisian-handmade-table-&-chair-with-vegetal-fiber-and-red-color,Q-Tunisian Handmade Table & Chair with Vegetal Fiber,9
6113,fiber-and-glass-pitcher,Q-Fiber and Glass pitcher,9
6114,box-with-natural-fiber-halfa-tunisian-artisanal-product,Q-Box With Natural Fiber Halfa Tunisian Artisanal Product,9
6115,big-box-with-natural-fiber-halfa-tunisian-artisanal-product,Q-Big Box With Natural Fiber Halfa Tunisian Artisanal,9
6116,natural-color-palm-fiber-storage-box,Q-NATURAL COLOR PALM FIBER STORAGE BOX,9
6117,big-palm-fiber-storage-box,Q-BIG PALM FIBER STORAGE BOX,9
6118,palm-fiber-storage-box,Q-PALM FIBER STORAGE BOX,9
6119,Q-Storage-basket-with-a-palm-fiber,Q-Storage basket with a palm fiber,2
6120,tunisian-handicrafts-palm-fiber-saucer,Q-Tunisian Handicrafts palm fiber saucer,9
6121,handmade-palm-fiber-trivet,Q-Handmade palm fiber trivet,9
6122,handmade-palm-fiber-saucer,Q-Handmade palm fiber saucer,9
6123,fiber-and-leather-handmade-pouch-with-brown-design,Q-Fiber and leather handmade pouch with brown design,9
6124,tunisian-handmade-couffin-with-black-hand,Q-Tunisian Handmade Couffin with black hand,9
6125,Q-Tunisian-Handmade-Couffin,Q-Tunisian Handmade Couffin,2
6126,tunisian-handmade-couffin-natural-color,Q-Tunisian Handmade Couffin NATURAL COLORS,9
6127,handmade-ring-fiber-basket,Q-Handmade ring fiber basket,9
6128,wood-handmade-fiber-basket,Q-Wood handmade fiber basket,9
6129,tunisian-handmade-palm-fiber-basket,Q-Tunisian Handmade palm fiber basket,9
6130,Q-Small-handmade-palm-fiber,Q-Small handmade palm fiber,2
6131,small-traditional-palm-fiber-bag-with-red-design,Q-small Traditional Palm Fiber BAG With Red Design,9
6132,Q-Handmade-palm-fiber,Q-Handmade palm fiber,2
6133,small-traditional-black-bag,Q-Small traditional black bag,9
6134,traditional-palm-fiber-bag-with-red-design,Q-traditional Palm Fiber BAG with red design,9
6135,small-traditional-red-bag,Q-Small traditional red bag,9
6136,small-traditional-yellow-bag,Q-Small traditional yellow bag,9
6137,small-bassinet-with-brown-hand,Q-Small bassinet with Brown hand,9
6138,palm-fiber-and-leather-bag-with-shoulder-strap,Q-Palm fiber and leather bag with shoulder strap,9
6139,fiber-and-leather-handmade-pouch-with-brown-color,Q-Fiber and leather handmade pouch with brown color,9
6140,fiber-and-leather-handmade-pouch-with-blue-color,Q-Fiber and leather handmade pouch with blue color,9
6141,Q-Palm-fiber,Q-Palm fiber,2
6142,colorfu-traditional-fan-in-natural-palm-fiber,Q-Colorful traditional fan in natural palm fiber,9
6143,tunisian-handmade-koffa-with-purple-color,Q-Tunisian Handmade Koffa With purple color,9
6144,tunisian-handmade-koffa-with-natural-color,Q-Tunisian Handmade Koffa with natural color,9
6145,handmade-palm-fiber-hat-with-red-color,Q-Handmade palm fiber hat with red color,9
6146,fair-trade-handmade-hat,Q-Fair trade Handmade Hat,9
6147,fair-trade-handmade-brown-hat,Q-Fair trade Handmade brown Hat,9
6148,handmade-tunsian-fiber-and-leather-pouch-with-brown-hand,Q-Handmade tunsian fiber and leather pouch with brown hand,9
6149,handmade-tunisian-fiber-and-leather-brown-pouch,Q-Handmade tunisian fiber and leather brown pouch,9
6150,handmade-tunisian-fibe-and-leather-pouch,Q-Handmade tunisian fiber and leather pouch,9
6151,handmade-tunisian-palm-fiber-and-leather-small-bag-with-brown-color,Q-Handmade tunisian palm fiber and leather small bag with brown color,9
6152,tunisian-handmade-palm-fiber-and-leather-bag-with-small-brown-hand,Q-Tunisian handmade palm fiber and leather bag with small brown hand,9
6153,fair-trade-handmade-hat-with-red-flowers,Q-Fair-trade Handmade Hat with red flowers,9
6154,fair-trade-handmade-hat-pink-colors,Q-Fair-trade Handmade Hat pink color,9
6155,handmade-tunsian-fiber-and-leather-bag-with-black-design,Q-Handmade TunIsian Fiber And Leather Bag With black Design,9
6156,handmade-tunsian-fiber-and-leather-bag-with-green-design,Q-Handmade tunisian fiber and leather bag with green design,9
6157,handmade-tunsian-fiber-bag-with-brown-hand,Q-Handmade tunsian fiber bag with brown hand,9
6158,small-basket-woven-with-fiber,Q-Small basket woven with fiber,9
6159,natural-tunisian-handmade-couffin-with-kamel-design,Q-natural Tunisian Handmade Couffin With kamel design,9
6160,basket-woven-with-fiber,Q-basket woven with fiber,9
6161,natural-tunisian-handmade-basket-with-a-wool-lines,Q-natural Tunisian Handmade Basket With a wool lines,9
6162,Q-Natural-Tunisian-Handmade-Couffin,Q-Natural Tunisian Handmade Couffin ,2
6163,small-table-set-braided-natural-fiber,Q-SMALL TABLE SET BRAIDED NATURAL FIBER,9
6164,Q-Tunisian-Handmade-Koffa-With-Vegetal-Fiber,Q-Tunisian Handmade Koffa With Vegetal Fiber,2
6165,handmade-table-set-braided-natural-fiber,Q-TABLE SET BRAIDED NATURAL FIBER,9
6166,Q-Tunisian-Handmade-Basket-With-Smar,Q-Tunisian Handmade Basket With Smar,2
6167,tunisian-handmade-couffin-with-vegetal-fiber,Q-Tunisian Handmade Couffin With Vegetal Fiber,9
6168,handmade-tunsian-fiber-and-leather-pouch-with-brown-color,Q-Handmade tunsian fiber and leather pouch with brown color,9
6169,handmade-tunsian-fiber-and-leather-small-pouch,Q-Handmade tunsian fiber and leather small pouch,9
6170,handmade-tunsian-fiber-and-leather-pouch-with-natural-color,Q-Handmade tunsian fiber and leather pouch,9
6171,palm-fiber-artisanal-tunisian-bag-natural-color,Q-Palm fiber Artisanal tunisian Couffin natural color,9
6172,natural-tunisian-bad-with-feather-design,Q-Natural tunisian bag with feather design,9
6173,palm-fiber-artisanal-tunisian-bag-with-black-design,Q-Palm fiber Artisanal tunisian bag with black design,9
6174,Q-Palm-fiber/-Artisanal-wool-tunisian-bag/-Natural,Q-Palm fiber/ Artisanal wool tunisian bag/ Natural,2
6175,natural-tunisian-handmade-couffin-with-black-design,Q-natural Tunisian Handmade Couffin With black design,9
6176,palm-fiber-tote-bag-and-handbag-daily-use,Q-Palm fiber tote Bag And Handbag Daily Use,9
6177,palm-fiber-artisanal-leather-tunisian-bag-colorful,Q-Palm fiber Artisanal leather tunisian bag colorful,9
6178,naturel-handmade-hat-with-green-design,Q-naturel handmade hat with green design,9
6179,natural-handmade-hat-with-red-design,Q-natural Handmade Hat with red design,9
6180,fair-trade-hand-made-hat-colorful,Q-Fair-trade Handmade Hat colorful,9
6181,fair-trade-hand-made-hat-natural-color,Q-Fair-trade Handmade Hat Natural color,9
6182,handmade-organic-smar-laptop-book-bag,Q-Handmade Organic Smar Laptop / Book Bag,9
6183,red-floral-scarf-508,Q-Red floral scarf Hand Embroidery,9
6184,pink-handwoven-scarf,Q-Pink handwoven Scarf From Tunisia,9
6185,bourette-neck-scarf,Q-Bourette neck Scarf handmade,9
6186,hand-woven-cotton-and-linen-scarf-with-pompon-fringes,Q-Hand-woven cotton and linen scarf with Pompon fringes,9
6187,brown-scarf-made-with-cotton-and-wool,Q-Brown Scarf made with cotton and wool.,9
6188,handmade-leather-babouche-slippers-tnisian-balgha-sheepskin-slippers-mens-leather-slippers-babouche-mules-hand-dyed-organic-red-blue-flat-shoes-431,Q-Authentic Handmade Tunisian Babouche/Balgha Slippers,9
6189,Q-Babouche-Flat-Leather-Handmade-Slippers,Q-Babouche Flat Leather Handmade Slippers ,2
6190,Q-Handmade-Leather-Babouche-Slippers,Q-Handmade Leather Babouche Slippers ,2
6191,Q-Tunisian-Balgha,Q-Tunisian Balgha,2
6192,olive-wood-products-diverse-collection,Q-Olive Wood Products Diverse Collection,9
6193,tajine-blue-and-white-collection-designed-in-tunisia,Q-Tajine blue and white collection designed in Tunisia,9
6194,jar-belle-lune-art-handmade-decorated-in-nabeul,Q-Jar Belle-lune Art handmade decorated in Nabeul,9
6195,tableware-ceramic-slama-collection-fragment-hand-painted,Q-Set of 4 Plates / Slama Fragment Collection,9
6196,sardines-plates-blue-and-white-painted-and-decorated,Q-Blue and white painted sardines plates.,9
6197,plates-and-bowls-set-collection-oeil-de-paon-designed-by-alessandra-mauri,Q-Plates and Bowls set Collection Œil de Paon by Alessandra Mauri,9
6198,hand-painted-tunisian-tajine-floral-decorated-ceramic-cookware,Q-Hand-Painted Tunisian Tajine Floral Decorated Ceramic Cookware,9
6199,irregulare-form-luster-lampshade-with-calligraphy,Q-Irregulare form Luster / Lampshade with Calligraphy,9
6200,lampshade-big-size-palm-with-iron-design-ne-a-tunis,Q-Lampshade Big Size plexiglass with Iron Design Né à Tunis,9
6201,pyramidal-luster-lampshade-with-calligraphy,Q-Pyramidal Luster / Lampshade with Calligraphy,9
6202,cylindrical-luster-lampshade-with-calligraphy,Q-Cylindrical Luster / Lampshade with Calligraphy,9
6203,lampshade-size-m-olive-wood-and-aluminium-hand-decorated,Q-Lampshade Olive Wood and Aluminium hand decorated,9
6204,serving-medium-board-without-handle-olive-wood,Q-Serving Medium Board Without Handle Olive Wood,9
6205,serving-board-with-handle-olive-wood-handmade,Q-Handcrafted Olive Wood Serving Board with Handle,9
6206,small-rustic-olive-wood-bowl-boat-shaped,Q-Olive Wood Rustic Small Boat Shaped Bowl,9
6207,naturel-olive-wood-chesstable-small-chess-set,Q-Olive Wood Small Chess Board Set,9
6208,square-luster-lampshade-with-calligraphy-handmade,Q-Square Luster/Lampshade with Calligraphy Handmade,9
6209,lampshade-size-m-olive-wood-and-aluminium,Q-Lampshade Size Medium Palm Wood and Aluminium,9
6210,square-luster-lampshade-with-arabic-calligraphy,Q-Square Luster/Lampshade with Arabic Calligraphy,9
6211,lampshade-margoum-and-palm-wood-handmade-ne-a-tunis,Q-Lampshade Margoum and Palm Wood Handmade Né à Tunis,9
6212,cage-of-sidi-bou-said-varnished-wood-handmade,Q-Cage of Sidi Bou Said varnished wood handmade,9
6213,cage-of-sidi-bou-said-decoration-arabesques,Q-Cage of Sidi Bou Said decoration arabesques,9
6214,Q-Small-runners,Q-Small runners,2
6215,handmade-kilim-rabiha-spring-from-aatik-artisans-community,"Q-Handmade Kilim ""Rabiha"" [Spring] from Aatik artisans community",9
6216,tureen-collection-faiences-bleu-and-white-designed-by-sofiane-ben-amor,"Q-Tureen Collection ""Faïences"" Blue and White Designed By Sofiane Ben Amor",9
6217,collection-faiences-bleu-and-white-designed-by-sofiane-ben-amor,Q-Collection faiences Bleu and White Designed By Sofiane Ben Amor,9
6218,collection-faiences-designed-by-sofiane-ben-amor,Q-Collection faiences Designed By Sofiane Ben Amor,9
6219,cutting-board-with-handle-olive-wood,Q-Olive Wood Smooth Cutting Board With Handle,9
6220,Q-Tunisian-Diamond-Fouta-Towel,Q-Tunisian Diamond Fouta Towel ,2
6221,Q-Striped-Blue-&-White-Fouta-Towel,Q-Striped Blue & White Fouta Towel,2
6222,Q-Fouta-Towel-With-Lurex-Stripes,Q-Fouta Towel With Lurex Stripes,2
6223,wholesale-tunisian-cotton-fouta-towels-bath-beach-turkish-hammam-striped-beachwear-blanket-dark-beige,Q-Handmade Cotton Fouta Towel/ Diamond patterns,9
6224,wholesale-tunisian-cotton-fouta-towels-bath-beach-turkish-hammam-striped-beachwear-blanket-blue-white,Q-Fair trade Tunisian Fouta / striped fouta,9
6225,wholesale-tunisian-cotton-fouta-towels-bath-beach-turkish-hammam-beachwear-blanket-peshtemals-geometric-pattern-black-grey,Q-Handwoven Cotton Fouta / Fair Trade Fouta Towels,9
6226,square-turquoise-and-orange-carpet,Q-Square turquoise and orange carpet from Kesra Artisans,9
6227,a-white-carpet-with-a-black-berber-motif-made-with-love,Q-Sample white carpet with a black Berber motif,9
6228,a-small-carpet-with-berber-motifs,Q-A small carpet with Berber motifs,9
6229,pink-and-grey-handmade-carpet,Q-Pink and grey handmade carpet,9
6230,red-and-orange-berber-kesra-sample,Q-Red and Orange Berber Kesra carpet Sample,9
6231,Q-Handwoven-striped-kesra-sample,Q-Handwoven striped kesra sample,2
6232,colorful-striped-carpet,Q-Colorful striped carpet sample,9
6233,berber-sample-made-by-women-artisans,Q-Berber carpet sample made by women artisans,9
6234,brown-and-yellow-sample-of-kesra-carpet,Q-Brown and Yellow sample of Kesra carpet,9
6235,Q-Berber-Kesra-carpet,Q-Berber Kesra carpet,2
6236,Q-Simple-white-carpet-with-triangular-motifs,Q-Simple white carpet with triangular motifs,2
6237,Q-Yellow,Q-Yellow,2
6238,grey-and-white-geometric-pattern-small-carpet,Q-Grey and white geometric pattern small carpet.,9
6239,qartaj-blanket-throw-handmade-fringe-cotton-linen-492,Q-Handwoven Green Blanket with fringe,9
6240,qartaj-blanket-throw-handmade-fringe-cotton-linen,Q-Handwoven Cotton and Linen Blanket with fringe,9
6241,qartaj-blanket-throw-handmade-fringe-cotton-wool-cashmere-green,Q-Versatile Cotton & Linen Handwoven Blanket,9
6242,qartaj-blanket-throw-handmade-fringe-cotton-wool-cashmere-489,Q-Handwoven Fringe Blue Throw / Blanket,9
6243,qartaj-blanket-throw-handmade-fringe-cotton-wool-cashmere-dark-orange,Q-Handmade Dark Orange Blanket - Tunisia Fair Trade,9
6244,qartaj-blanket-throw-handmade-fringe-cotton-wool-cashmere,Q-Handmade Fringe Green Cotton Throw / Blanket,9
6245,small-kerkenatiss-carpet-made-with-cotton-and-wool,Q-Small Kerkenatiss carpet made with cotton and wool,9
6246,handmade-ceramic-plate-in-a-cow-shape,Q-Handmade ceramic plate in a cow shape,9
6247,hand-painted-rectangular-plate-with-a-leaf-motif,Q-Hand-painted wall decoration plate with a leaf motif,9
6248,Q-Rectangular-large-ceramic-plate,Q-Rectangular large ceramic plate,2
6249,ceramic-hand-painted-plate-with-a-fish-motif,Q-Ceramic hand painted plate with a fish motif,9
6250,round-ceramic-lovers-plate,Q-Round ceramic lovers plate.,9
6251,round-decorative-plate,Q-Round Decorative plate,9
6252,cylindric-ceramic-box,Q-Cylindric ceramic box,9
6253,ceramic-box-hexagonal-form,Q-Ceramic box: hexagonal form,9
6254,ceramic-arabesque-shaped-box,Q-Ceramic Arabesque shaped box.,9
6255,colorful-handmade-ceramic-box,Q-Colorful handmade ceramic box,9
6256,rectangular-ceramix-box,Q-Rectangular Ceramix box.,9
6257,two-empty-ceramic-bird-pockets,Q-Two empty ceramic bird pockets.,9
6258,handcrafted-grey-carpet,Q-Handcrafted Grey carpet.,9
6259,coral-area-rug-made-by-kerkenniens-453,Q-Coral area rug made by Kerkenniens.,9
6260,coral-area-rug-made-by-kerkenniens,Q-Pink and grey rug made by Kerkenniens.,9
6261,blue-and-grey-kerkenatiss-carpet,Q-Blue and grey Kerkenatiss carpet,9
6262,black-and-white-carpet-made-by-kerkenniens,Q-Black and white carpet made by Kerkenniens,9
6263,blue-and-grey-cotton-carpet,Q-Blue and grey striped carpet,9
6264,pastel-mint-green-area-rug-made-by-kerkenniens,Q-Pastel Mint Green Area Rug made by Kerkenniens,9
6265,handwoven-carpet-made-by-kerkenniens,Q-Handwoven carpet made by Kerkenniens,9
6266,trendy-handwoven-cotton-fouta,Q-Trendy handwoven Fouta Handmade,9
6267,handwoven-tunisian-fouta,Q-Handwoven Tunisian Fouta,9
6268,Q-Linen-and-cotton-Kerkenatiss-Fouta,Q-Linen and cotton Kerkenatiss Fouta,2
6269,handpainted-tile-ceramic-handmade-coaster-pattern-lines-multicolored-geometric-floral-634,Q-Hand Painted Ceramic Tile Coaster,9
6270,Q-Natural-Sisal-Hand-woven-Basket,Q-Natural Sisal Hand-woven Basket,2
6271,sisal-kenya-hand-woven-basket-storage-gift-beige-white-leather-african-artisans-handmade-fair-trade-indigenous-sisal-plant-laundry,Q-Naturel Kenya Basket with indigenous Sisal plant /Two Tone Hand-Woven Sisal Storage Basket,9
6272,rustic-olive-wood-round-handmade-in-tunisia-wood-cooking-utensils-fairtrade-bowl-serving-tableware-gift-set-hand-crafted-handcarved-handcrafted,Q-Large Rustic Serving Olive Wood Bowl,9
6273,Q-Barbary-fig-oil,Q-Barbary fig oil,2
6274,olive-wood-small-spoons-set-of-four-fairtrade-handmade-tunisia,"Q-Olive Wood Small Spoons Set of Four 15 cm / 5.9 """,9
6275,handmade-green-pattern-ceramic-bowl,Q-Handmade Green Pattern Ceramic Bowl,9
6276,Q-Handpainted-Ceramic-Bowl,Q-Handpainted Ceramic Bowl ,2
6277,handmade-blue-pattern-ceramic-bowl,Q-Handmade Blue Pattern Ceramic Bowl,9
6278,Q-Hand-woven-Kilim,Q-Hand-woven Kilim ,2
6279,geometric-striped-pattern-wholesale-tunisian-margoum-rug-red-white-carpet-hand-woven-margoum-hand-knotted-flat-woven-wool-fair-trade-414,Q-Wool Geometric Tunisian Margoum area rug,9
6280,Q-Flat-Weave-Reversible-Berber-Rug,Q-Flat Weave Reversible Berber Rug,2
6281,striped-pattern-wholesale-tunisian-rug-geometric-carpet-hand-woven-kilim-hand-knotted-flat-woven,Q-Hand Woven Striped Kilim Flat Weave Reversible Berber Rug,9
6282,Q-Colorful-Halfah-Grass-Basket,Q-Colorful Halfah Grass Basket,2
6283,Q-Natural-Handcrafted-Rectangular-Cutting/Serving-Boards-Set,Q-Natural Handcrafted Rectangular Cutting/Serving Boards Set,2
6284,wholesale-tunisian-handwoven-esparto-grass-rugs-stipa-tenacissima-halfah-grass-natural-striped-bio-carpet-round,Q-Hand-Woven Esparto Grass Halfa rug/ Fair Trade Rug,9
6285,Q-Small-Halfa/Esparto-Grass-Box,Q-Small Halfa/Esparto Grass Box,2
6286,Q-Handwoven-Esparto-Grass-Basket,Q-Handwoven Esparto Grass Basket,2
6287,olive-wood-round-handmade-in-tunisia-wood-cooking-utensils-fairtrade-cutting-board-serving-board-chopping-cutting,Q-Olive Wood Extra Large Board,9
6288,set-of-cups-ekho-design,"Q-Set of Cups "" Ekho Design """,9
6289,olive-wood-small-spoon-set-of-three-handmade-fairtrade-tunisian,"Q-Olive Wood Small Flat Spoons Set of Three 20 cm / 7.87""",9
6290,olive-wood-bowl-handmade-in-tunisia-wood-cooking-utensils-fairtrade-tableware-gift-organic-rustic,Q-Olive Wood Large Bowl Smooth,9
6291,Q-Hand-Painted-Ceramic-Cup-&-Saucer-/-zagden-Collection,Q-Hand Painted Ceramic Cup & Saucer / zagden Collection ,2
6292,olive-wood-holder-rack-bottle-handmade-in-tunisia-wood-cooking-utensils-fairtrade-tableware-gift-organic,Q-Rustic Olive Wood Bottle holder/Candle Holder/ Bottle Rack,9
6293,olive-wood-honey-dipper-pot-jar-lid-handmade-in-tunisia-wood-cooking-utensils-fairtrade-tableware-gift-set,Q-Olive Wood Honey Pot with Honey Dipper,9
6294,olive-wood-flat-spoon-handmade-in-tunisia-wood-cooking-utensils,"Q-Olive Wood Flat Spoon 20 cm / 7.8""",9
6295,rustic-olive-wood-round-handmade-in-tunisia-wood-cooking-utensils-fairtrade-bowl-serving-tableware-gift-set-hand-crafted,Q-Olive Wood Large Bowl Rustic,9
6296,olive-wood-nesting-bowls-set-of-three-small,Q-Olive Wood Small Nesting Bowls Set of 3,9
6297,olive-wood-round-handmade-in-tunisia-wood-cooking-utensils-fairtrade-cutting-board-serving-board,Q-Olive Wood Round Cutting Board With Handle,9
6298,olive-wood-hand-made-serving-salad-spork-spoon-tunisia,Q-Olive Wood Salad Serving Spork,9
6299,olivewood-slotted-spatula,"Q-Olive Wood Slotted Spatula 30 cm / 12""",9
6300,wholesale-tunisian-cotton-fouta-towels-bath-beach-turkish-hammam-striped-beachwear-blanket-peshtemals-diamond,Q-Throw Blanket Fouta Towel Peshtemal MADE in Tunisia,9
6301,wholesale-tunisian-wool-blanket-bed-cover-throws-decorative-sofa-striped,Q-Fringed Cotton Blanket,9
6302,wholesale-tunisian-cotton-blanket-bed-cover-throws-decorative-sofa-beige-texture-blanket-striped-fringe-yellow,Q-Fringed Cotton Blankets & Throws,9
6303,wholesale-tunisian-wool-blanket-bed-cover-throws-decorative-sofa-gift-364,Q-Wool Fringed Throw Blanket,9
6304,wholesale-tunisian-linen-blanket-bed-cover-throws-decorative-sofa-beige-gift,Q-Linen Blanket/ Throw,9
6305,wholesale-tunisian-cotton-fouta-towels-bath-beach-turkish-hammam-striped-beachwear-blanket-peshtemals-black-grey,Q-100% Cotton Fouta / Pestemal Bath-Gym-Beach Towel,9
6306,spoon-stirring-serve-olive-wood-mixing-round-spoon-handmade-in-tunisia-wood-cooking-utensils-fairtrade,"Q-Olive Wood Large Round Spoon 30 cm / 12""",9
6307,Unknown,Unknown,695
6308,Spa-(Pause-Puret�),Spa (Pause Puret�),695
6309,"Jabnouni-Hamza-ABONNEMENT-12-mois,-Abidi-Aladdine-ABONNEMENT-12-mois","Jabnouni Hamza ABONNEMENT 12 mois, Abidi Aladdine ABONNEMENT 12 mois",695
6310,L64,Location Stand SF HALL 2 231,695
6311,L60,Assurances,695
6312,TIM23,DROIT DE TIMBRE,695
6313,C19383020000,Plat ovale 38 mathilde Bleu mathilde,695
6314,C31183020000,Tasse grand caf� mathilde Bleu mathilde,695
6315,C32183020000,Sous tasse grand caf� mathilde Bleu mathilde,695
6316,C30023020000,Soupi�re mathilde Bleu mathilde,695
6317,C19243020000,Ravier 24 mathilde Bleu mathilde,695
6318,C53243020000,Legumier mathilde Bleu mathilde,695
6319,C35153020000,Th�i�re mathilde Bleu mathilde,695
6320,C33303020000,Sucier mathilde Bleu mathilde,695
6321,C11173020000,Coupelle 17 mathilde Bleu mathilde,695
6322,C01233020000,Assiette creuse mathilde Bleu mathilde,695
6323,C02263020000,Assiette plate mathilde Bleu mathilde,695
6324,Maison-Luna,Maison Luna,695
6325,E-S-SACS-R-CP-K-NEUT-320X180X32,Sac � poign�es kraft brun neutre 32x18x32,695
6326,D-SERI-0-0-0-PERS,FRAIS D'IMPRESSION SERIGRAPHIE 1 c en blue,695
6327,E-S-CAIS-R-BC-T-NEUT-600X400X400,CAISSE CARTON DO TCTL 600X400X400,695
6328,D-SERI-0-0-0-PERS,FRAIS D'IMPRESSION SERIGRAPHIE 1c en bleu,695
6329,P-01129,FOND+COUVERCLE MICRO TBTL 17X17X11 SOUGUIE,695
6330,D-S-FFDD,FRAIS FORME DE DECOUPE,695
6331,D-SERI-0-0-0-PERS,FRAIS D'IMPRESSION SERIGRAPHIE,695
6332,E-S-EBOX-C-B-K-NEUT-250X250X100,BOITE DECOUPEE SO KLTL 250X250X100,695
6333,Bourse-personnalis�e-30/30cm,Bourse personnalis�e 30/30cm,695
6334,RAME-PAPIER-MULTIOFFICE,RAME PAPIER MULTIOFFICE,695
6335,AGRAFEUSE-MAPED-354411-ESSENTIAL,AGRAFEUSE MAPED 354411 ESSENTIAL,695
6336,ACRAFE-NOVUS-24/6,ACRAFE NOVUS 24/6,695
6337,grand-corbeille-en-fibre-v�g�tale,grand corbeille en fibre v�g�tale,695
6338,petit-corbeille-en-fibre-v�g�tale,petit corbeille en fibre v�g�tale,695
6339,veilleuse-de-lit,veilleuse de lit,695
6340,forfait-internet,forfait internet,695
6341,BOMBONIERE-SOUG-17/20/7,BOMBONIERE SOUG 17/20/7,695
6342,CARAFE-C3,CARAFE C3,695
6343,CARAFE-MEDINA,CARAFE MEDINA,695
6344,CHOPE-1,CHOPE 1,695
6345,CHOPE-2,CHOPE 2,695
6346,CARAFE-BLED,CARAFE BLED,695
6347,CARAFE-BLED-CRQ-ROSET,CARAFE BLED CRQ ROSET,695
6348,FLUTE-AVEC-BASE,FLUTE AVEC BASE,695
6349,VERRE-A-PIED-TP!-2B,VERRE A PIED TP! 2B,695
6350,VERRE-A-PIED-BARBAROUSSE-TIGE-LONG,VERRE A PIED BARBAROUSSE TIGE LONG,695
6351,"CYLINDRE-SOUGUIESHOP-15,5/7","CYLINDRE SOUGUIESHOP 15,5/7",695
6352,VERRE-SAPHIR,VERRE SAPHIR,695
6353,BROC-DROIT-GMODEL,BROC DROIT GMODEL,695
6354,BROC-KD2R,BROC KD2R,695
6355,SEAU-A-GLACE,SEAU A GLACE,695
6356,VERRE-A-THE-KAHENART,VERRE A THE KAHENART,695
6357,VERRE-SOLEIL-1,VERRE SOLEIL 1,695
6358,VERRE-A-PIED-TP1-2B,VERRE A PIED TP1 2B,695
6359,VERRE-A-EAU-KAHENART-100,VERRE A EAU KAHENART 100,695
6360,H�bergement-Performance-2---sougui.tn-(08/09/2025---07/09/2026)-Application-auto-install:-Aucun-Options-suppl�mentaires:-Non-CMS-Pr�-install�:-WordPress,H�bergement Performance 2 - sougui.tn (08/09/2025 - 07/09/2026) Application auto-install: Aucun Options suppl�mentaires: Non CMS Pr�-install�: WordPress,695
6361,Renouvellement-de-domaine---sougui.tn---1-An(s)-(14/11/2025---13/11/2026),Renouvellement de domaine - sougui.tn - 1 An(s) (14/11/2025 - 13/11/2026),695
6362,CYSTIPHANE,CYSTIPHANE LOTION ANTI CHUTE 125ML,695
6363,CYSTIPHANE,CYSTIPHANE SHAMPOOING ANTI CHUTE 200ML,695
6364,CYSTIPHANE,CYSTIPHANE CHEVEUX ET ONGLES 120 COMPRIMES,695
6365,HH803_BLANC,MUG ISOTHERME A POIGNEE AVEC UNE PAILLE BLANC N4-26,695
6366,HH803_GRIS,MUG ISOTHERME A POIGNEE AVEC UNE PAILLE GRIS PASTEL N4-26,695
6367,SAC_MALTI,SAC MALTI N�217-26,695
6368,HH803_N,MUG ISOTHERME A POIGNEE AVEC UNE PAILLE NOIR N4-26,695
6369,HH803_BLANC,MUG ISOTHERME A POIGNEE AVEC UNE PAILLE BLANC N�4-26,695
6370,HH803_GRIS,MUG ISOTHERME A POIGNEE AVEC UNE PAILLE GRIS PASTEL N�4-26,695
6371,HH803_N,MUG ISOTHERME A POIGNEE AVEC UNE PAILLE NOIR N�4-26,695
6372,144 RSE 10048,ROULEAU SCOTCH EMBAL.MARRON100/48,695
6373,774 DRS 00011,DEVIDOIR SCOTCH EMBALLAGE TLS50000,695
6374,804LL9,LAMPE LED 9W E27 6000K TLC,695
6375,EMBAL/1.3KG/,RLX EMBALLAGE MANUEL 1.3KG (SOLIFANT),695
6376,SCOT/EMB/G,RLX SCOTCH GM TRANSPARANT TT 80M,695
6377,ROUUBULLEX,ROULEAU BULLEX 10 1*100M,695
6378,SSUPSPAT,SUPER GLUE 5G PATTEX,695
6379,papier-bulle,papier bulle,695
6380,Scoteli-gui,Scoteli gui,695
6381,Repas-d'affaire,Repas d'affaire,695
6382,VAV,Verre a vin,695
6383,CARTON,CARTON,695
6384,Grand-Mug-Special-St-Valentin,Grand Mug Special St Valentin,695
6385,Ensemble-petite-tasse-avec-supp-bougie,Ensemble petite tasse avec supp bougie,695
6386,vases,vases,695
6387,Jeux-Echec-PM,Jeux Echec PM,695
6388,plateaux-30/20,plateaux 30/20,695
6389,plateaux-20/20,plateaux 20/20,695
6390,plateaux-20/10,plateaux 20/10,695
6391,Sous-Tasse,Sous Tasse ,695
6392,Rovier-Ovale-T1,Rovier Ovale T1,695
6393,Verre,Verre,695
6394,plateau-30/20-faillance,plateau 30/20 faillance,695
6395,Sous-Tasse-faillance,Sous Tasse  faillance,695
6396,Etag�s-de-4-Boitte,Etag�s de 4 Boitte,695
6397,Jeux-Echec-MM,Jeux Echec MM,695
6398,Service-a-Table-uni,Service a Table uni ,695
6399,Iphone-15,Iphone 15,695
6400,Couvercle-en-cuivre,Couvercle en cuivre,695
6401,Portes-Delices-13cm,Portes Delices 13cm ,695
6402,Mrul-PM,Mrul PM ,695
6403,serie-photophore-3D,serie photophore 3D,695
6404,serie-photophore-simple,serie photophore simple,695
6405,Solo,Solo,695
6406,Trio,Trio,695
6407,photophore-mini-3D,photophore mini 3D,695
6408,photophore-mini-2D,photophore mini 2D,695
6409,SAC-CARTON,SAC CARTON,695
6410,electricite,electricite,695
6411,eau,eau,695
6412,Bouteille-nn,Bouteille nn,695
6413,Bouteille-pn,Bouteille pn,695
6414,porte-cl�,porte cl�,695
6415,vasl-painas,vasl painas,695
6416,diffuseur,diffuseur,695
6417,Pendentifs,Pendentifs,695
6418,planche,planche,695
6419,sous-cm-20,sous cm 20,695
6420,vase,vase ,695
6421,Bouteille-gn,Bouteille gn,695
6422,porte-serveitte,porte serveitte,695
6423,sous-plat-rond-cm-20,sous plat rond cm 20,695
6424,sere-eau,sere eau,695
6425,ponpon,ponpon,695
6426,ponpon-(argent),ponpon (argent),695
6427,Bol-14cm,Bol 14cm,695
6428,plat-creux-18-cm,plat creux 18 cm,695
6429,Assiette-25-cm,Assiette 25 cm,695
6430,Goblet,Goblet,695
6431,Carafe,Carafe,695
6432,Lot-de-2-bouteille-+-support,Lot de 2 bouteille + support,695
6433,Soupiére,Soupiére,695
6434,Marmite-GM,Marmite GM,695
6435,Soupiere,Soupiere,695
6436,ETIQUETTES:-IMPRESSION-VMDB-AVEC-DECOUPE-DE-DIAMETRE-3CM,ETIQUETTES: IMPRESSION VMDB AVEC DECOUPE DE DIAMETRE 3CM,695
6437,Impression-Uv-Sur-support-fournit,Impression Uv Sur support fournit,695
6438,P-00002,REMPLISSAGE 7,695
6439,livraison,livraison,695
6440,FOUTA-1/2m,FOUTA 1/2m,695
6441,"4,01E+12",PILE 1.5 V BP 2 AAAALKALINE VARTA,695
6442,"6,96E+12",LAMPE FILAMENT POIRE ST64 8 W 2700K W.W OPPLE,695
6443,Shell-Fuel-Save-Super-Sans-Plomb,Shell Fuel Save Super Sans Plomb,695
6444,ETERNA-MEBSARA,ETERNA MEBSARA,695
6445,Bougie-piccolo-H-10,Bougie piccolo H 10,695
6446,Lumina-(Sans-Lampe),Lumina (Sans Lampe),695
6447,Série-Moai-Brut,Série Moai Brut,695
6448,Bouddha-Noir,Bouddha Noir,695
6449,Bouddha-Dore,Bouddha Dore,695
6450,Tortue-Noir,Tortue Noir,695
6451,Tortue-Dore,Tortue Dore,695
6452,Papier-A3-350g,Papier A3 350g,695
6453,Carte-visite,Carte visite,695
6454,Pack-1-(-planche-+-tasse),Pack 1 ( planche + tasse),695
6455,Pack-2-(-2-tasse-+-2-sous-tasse-+-plateau),Pack 2 ( 2 tasse + 2 sous tasse + plateau),695
6456,Pack-1-(-Tasse-+-planche),Pack 1 ( Tasse + planche),695
6457,Pack-2-(-2-tasse-+-2-sous-tasses-+-plateau),Pack 2 ( 2 tasse + 2 sous tasses + plateau),695
6458,Tasse-+-planche,Tasse + planche,695
6459,tasse+-planche,tasse+ planche,695
6460,tasse+-sous-tasse,tasse+ sous tasse,695
6461,tasse-+-sous-tasse,tasse + sous tasse ,695
6462,T-c�ur,T c�ur,695
6463,Pack-1-(-2-tasse-+-2-sous-tasses-+-plateau),Pack 1 ( 2 tasse + 2 sous tasses + plateau),695
6464,poisson,poisson,695
6465,tasse-+-sous-tasse-nouvelle-collection,tasse + sous tasse nouvelle collection,695
6466,tasse-+-sous-tasse-fleur,tasse + sous tasse fleur,695
6467,tasse-+-sous-tasse-fleur-orange,tasse + sous tasse fleur orange,695
6468,tasse-+-sous-tasse-fleur-blue,tasse + sous tasse fleur blue,695
6469,tasse-+-planche-fleur,tasse + planche fleur,695
6470,tasse-+-planche,tasse + planche ,695
6471,tasse-+-sous-tasse-c�ur,tasse + sous tasse c�ur,695
6472,tasse-+-planche-c�ur,tasse + planche c�ur,695
6473,tasse-+-sous-tasse-bleu,tasse + sous tasse bleu,695
6474,tasse-+-6-planche,tasse + 6 planche,695
6475,tasse-+-sous-tasse-bublle,tasse + sous tasse bublle,695
6476,B24026D,STYLO PUBLICITAIRE / BLEU TURQUOISE,695
6477,IMP,IMPRESSION QUADRI / LOGO LILAS,695
6478,YC1441,LUNCH BOX BAMBOO COLOR / NOIR,695
6479,UN326,GOURDE BOUTEILLE ISOTHERME 600 mi/ NOIR,695
6480,UN315W,GOURDE ISOTHERME BAMBOO 500 ml/ ARGENT,695
6481,UN302,GOURDE BOUTEILLE ISOTHERME 700 mi / GRIS,695
6482,VP,Vide Poche en verre sur pied en cuivre martelé,695
6483,BON,Bonbonnière,695
6484,PR,Présentoir en verre sur pied en cuivre martelé,695
6485,BVC-001,Bonbonnière en verre + couvercle en cuivre,695
6486,BV-001,Bonbonnière en verre,695
6487,CMM,Coffret Mathred + Lance Parfum + Chapelet,695
6488,STL,Stylos LilasDream,695
6489,Ph-T1,Photophore Sidi Bousaid T1,695
6490,Ph-T2,Photophore Sidi Bousaid T2,695
6491,Ph-T3,Photophore Sidi Bousaid T3,695
6492,Ph-T4,Photophore Sidi Bousaid T4,695
6493,TB-01,Trio Bougies Sidi Bousaid,695
6494,TP-001,Thermos à paille,695
6495,Pers-1,Personnalisation,695
6496,TOT-001,Tote Bag personnalisé,695
6497,BVC-001,Bonbonniére en verre craquelé + Cuivre,695
6498,BON-001,Bonbonnière Verre + Cuivre 1,695
6499,BON-002,Bonbonnière Verre + Cuivre 2,695
6500,BVC-001,Bonbonniére en verre craquelé + couvercle en cuivre,695
6501,LIV,Frais de Livraison,695
6502,EB-001,Elémént de bureau en Bois,695
6503,BVC-001,Bonbonnière en verre craquelé+ couvercle en cuivre,695
6504,SM-001,Saphir Majesté,695
6505,AI-001,Azur Impérial,695
6506,IMP-001,Impérial d'or,695
6507,Pers,Packaging & personnalisation,695
6508,CP-01,Coffret en bois personnalisé,695
6509,BA,Bon d'achat 100 DT,695
6510,SBP,Support PC en Bois personnalisé,695
6511,LB,Lunch Box + Bourse personnalisé,695
6512,DA1,Coffret Diffuseur 100 ml,695
6513,DA2,Coffret Diffuseur 50 ml,695
6514,BON-001,Bonbonniére Saphir Majesté,695
6515,CO-001,Coffret,695
6516,Pers,Personnalisation + carte de vœux,695
6517,PC-002,Porte clé,695
6518,SS-002,Stylos,695
6519,SB-01,Stylo Blanc 1,695
6520,SPC,Support PC en Bois + Bloc notes en bois Personnalisé,695
6521,LB,Lunch box personnalisé,695
6522,BLB,Bourse Lunch box personnalisé,695
6523,SPC,Support PC en Bois Type 2,695
6524,LB2,Lunch Box,695
6525,CP1,Calendrier Perpétuel,695
6526,JTTT,Jeu Tic-Tac-Toe,695
6527,BLB,Bourse Lunch Box,695
6528,PLB,Personnalisation Lunch Box,695
6529,PBLB,Personnalisation Bourse,695
6530,PCP,Papier Craft 15*10 personnalisé,695
6531,Pers-1,Personnalisation 1,695
6532,TOT-001,Tote Bag,695
6533,Pers-2,Personnalisation 2,695
6534,CMM,Coffret Mathred + Lance-Parfum + Chapelet,695
6535,QR-001,QR code,695
6536,BVC-001,Bonbonnière en verre craquelé + Couvercle en cuivre,695
6537,Pac-002,Coffret Personnalisé,695
6538,SS-AV-002,Action Vérité Bitounsi + 108 Extra Cartes - Jeu D'ambiance,695
6539,SS-MT-01,Jeu De Mimes - ميم بالتونسي - Jeu D'ambiance,695
6540,JA-001-ACH,L'archive - لرشيف,695
6541,SS-TT-001,TALA3 BITOUNSI - طلّع بالتونسي,695
6542,BA,Bon d'achat de 100 DT,695
6543,ST,Stylo LilasDream,695
6544,-,S1 : 3 Postes,695
6545,-,S2 : 4 Postes,695
6546,-,S3 : 3 Postes + 2 vinyles,695
6547,-,S4 : 5 Postes,695
6548,-,S1 : 4 postes + 1 Vinyle,695
6549,-,S2 : 3 postes,695
6550,-,S3 : 4 postes,695
6551,-,S4 : 6 postes,695
6552,S1,4 Postes,695
6553,S2,5 Postes,695
6554,TL1,TL1,695
6555,TL2,TL2,695
6556,S4,adaptation couverture,695
6557,S1,S1 : 4 postes,695
6558,S3,S3 : 3 postes,695
6559,S1,3 postes,695
6560,H,Habillage,695
6561,ST,Stickers,695
6562,S2,2 postes,695
6563,S2,3 bannières,695
6564,S3,1 bannière,695
6565,ET,Evenement Flyer,695
6566,ET,Evenement mur,695
6567,ET,Evenement certificat,695
6568,ET,Evenement invitation,695
6569,S2,S2 : 2 postes,695
6570,S1,1 postes,695
6571,LCG1,Logo + Charte Graphique,695
6572,PBLB,Personnalisation Bourse Lunch Box,695
6573,CMM,Coffret mathred + lance parfum,695
6574,Diffuseur-Voiture-Roses-et-Fruits-Rouges,Diffuseur Voiture Roses et Fruits Rouges,695
6575,BON-VS-TR,Bonbonnières en verre soufflé & cuivre martelé - Transparent,695
6576,TVC-003-RL,Ensemble de vases en céramique avec motifs berbères - Gris,695
6577,PDE-001-KER,"Set ""Duo Envoûtant"" – Mug et Plateau en Céramique",695
6578,CGO-001-2M,"Carafe et 6 Gobelets ""Olivéa"" en Grès – Élégance Naturelle et Authentique",695
6579,TSC-ART-001-CL,Collection Émotion – Tasses & Soucoupes Artisanales - Fleurs Ciel,695
6580,MUG-BOH-CR,Mug Bohème en céramique artisanale – Avec sous-tasse - Cœurs Rouges,695
6581,MUG-BOH-FO,Mug Bohème en céramique artisanale – Avec sous-tasse - Fleurs Orange,695
6582,MUG-BOH-FB,Mug Bohème en céramique artisanale – Avec sous-tasse - Fleurs Bleues,695
6583,BON-VS-EB,Bonbonnières en verre soufflé & cuivre martelé - Ebène,695
6584,MUG-BOH-FM,Mug Bohème en céramique artisanale – Avec sous-tasse - Fleurs Multicolores,695
6585,CGO-001-2M-12,"Set ""Olivéa"" en Grès - 12 pièces",695
6586,SS-TT-001,طلّع بالتونسي - TALA3 BITOUNSI,695
6587,NBK-001-OSL,Jeu Nes Bekri Kalou ناس بكري قالوا,695
6588,DBO-001-2M,"Duo de Bouteilles avec Support ""Olivéa"" en Grès – Élégance Naturelle",695
6589,FOT-COT-VV,Fouta artisanale en coton – 2m x 1m – Couleurs au choix - Vert,695
6590,CFA-002-SO,Coffret Flamme d’artisan - Jasmin Noir ou Silex - Silex,695
6591,Parfum-de-Linge-C'est-Du-Propre,Parfum de Linge C'est Du Propre,695
6592,TVC-002-RL,Ensemble de vases en céramique avec motifs berbères - Bleu,695
6593,TOT-SO-004,Tote Bag Sougui - Khomssa,695
6594,TSC-ART-001-FB,Collection Émotion – Tasses & Soucoupes Artisanales - Fleurs Bleues,695
6595,COU-CUIR-FOUTA-002,Couffin artisanal en fibre végétale – Anses cuir & fouta offerte,695
6596,PCB-003-BF,Plateau Mosaïque d’Olive - Motif 1,695
6597,VPB-CO-VRT,"Vide-poches décoratif en bois d’olivier peint à la main – Motifs portes tunisiennes - Vert, Carré",695
6598,S6V-001-OD,Set de 6 Verres en Verre Soufflé - Collection Didon,695
6599,TSC-ART-001-LOV,Collection Émotion – Tasses & Soucoupes Artisanales - Love & Cœurs Rouges,695
6600,SPR-004-RL,Sous plat “Rosace Azur” – Céramique décorative orientale,695
6601,BCO-001-RL,Bouteille en Céramique – Motifs Ottomans Peints à la Main (75 cl),695
6602,FOT-COT-VG,Fouta artisanale en coton – 2m x 1m – Couleurs au choix - Violet,695
6603,CTB-006,"Carafe Tanit – Élégance en Verre Soufflé - Bleu, Premium",695
6604,SS-AV-001,Action Vérité Bitounsi - Jeu D'ambiance,695
6605,BON-VS-ML,Bonbonnières en verre soufflé & cuivre martelé - Miel,695
6606,CVD-001-CH-1,"Carafe en Verre Soufflé - Didon - Solo, Marron",695
6607,TBC-003-RL,Bougeoirs Ethniques en Céramique - Gris,695
6608,FOT-COT-RG,Fouta artisanale en coton – 2m x 1m – Couleurs au choix - Rose,695
6609,COU-CUIR-003,Couffin artisanal en fibre végétale – Elyssa - Cuir marron,695
6610,JEB-BF,Échiquier en Bois d'Olivier – Pièce d’Artisanat Élégante,695
6611,COU-CUIR-004,Couffin artisanal en fibre végétale – Elyssa - Cuir beige,695
6612,COU-CUIR-003,Couffin artisanal en fibre végétale – Elyssa,695
6613,TSC-ART-001-RG,Collection Émotion – Tasses & Soucoupes Artisanales - Fleurs rouge,695
6614,BCL-007-RL,Bouteille en céramique - Calligraphie arabe Bleue - Oreille,695
6615,VC-001-RL,Vase en céramique avec motifs de poissons colorés- Samak,695
6616,SS-JB-001,لعبة الباندي - Jeu D’ambiance,695
6617,SDB-PPH-MF,Collection Sidi Bou – Photophores artisanaux en cire parfumée - MF,695
6618,TSC-ART-001-FR,Collection Émotion – Tasses & Soucoupes Artisanales - Fleurs Roses,695
6619,CFA-001-SO,Coffret Flamme d’artisan - Jasmin Noir ou Silex - Jasmin noir,695
6620,FOT-COT-YG,Fouta artisanale en coton – 2m x 1m – Couleurs au choix - Jaune,695
6621,TVC-001-RL,Ensemble de vases en céramique avec motifs berbères - Rouge,695
6622,CRM-MED-TR,Carafe Médina – Verre soufflé artisanal (3 coloris) - Transparent,695
6623,BCL-001-RL-4,Bouteille “Azura” – Céramique artisanale géométrique - kous,695
6624,TSC-ART-001-OB,Collection Émotion – Tasses & Soucoupes Artisanales - Œil Bleu,695
6625,CTB-004,"Carafe Tanit – Élégance en Verre Soufflé - Bleu, Quattro",695
6626,FOT-COT-BG,Fouta artisanale en coton – 2m x 1m – Couleurs au choix - Bleu,695
6627,Dessert-zouba---emraude,Dessert zouba - emraude,695
6628,Bol-zouba---Emraude,Bol zouba - Emraude,695
6629,Creux-zouba---emraude,Creux zouba - emraude,695
6630,PMC-001-KER,Set Mots du Cœur Duo,695
6631,SPR-003-RL,Sous-Plat Rond en Céramique Andalous – 20 cm,695
6632,LB-001-FP,Lampe en Béton Brut – L’Élégance de la Lumière Artisanale,695
6633,SGE-NA,"Set Gourmet L’Éveil – Vaisselle en Céramique en Pâte Blanche (Bleu Gris, Terracotta, Vert d’Eau) - Rose, 6 Personnes",695
6634,COU-CUIR-003,Couffin artisanal en fibre végétale – Elyssa - Cuir,695
6635,COU-BOIS-001,Couffin artisanal en fibre végétale – Elyssa - Bois,695
6636,SGE-NA,"Set Gourmet L’Éveil – Vaisselle en Céramique en Pâte Blanche (Bleu Gris, Terracotta, Vert d’Eau) - Gris, 6 Personnes",695
6637,VV-001-RES,Grand Vase Visage Minimaliste en Résine,695
6638,ED-003-RES,Ensemble Décoratif en Résine Marbrée avec Dorures - 4 Pièces,695
6639,ED-005-RES,Ensemble Décoratif en Résine avec Fleurs Séchées - 6 Pièces,695
6640,CGS-002-2M,"🖤 Carafe et 6 Gobelets ""Séli"" en Grès – Élégance Naturelle et Authentique",695
6641,CVD-001-OD,Carafe en Verre Soufflé - Didon - Duo,695
6642,SGE-NA,"Set Gourmet L’Éveil – Vaisselle en Céramique en Pâte Blanche (Bleu Gris, Terracotta, Vert d’Eau) - Vert, 6 Personnes",695
6643,ED-004-RES,Ensemble Décoratif en Résine Marbrée avec Fleurs Séchées - 4 Pièces,695
6644,LB-001-SB,Lunch-box Bento,695
6645,MEP-001-SZ,"Mug ""Émeraude Passion"" – Céramique Artisanale Peinte à la Main",695
6646,ZCL-002-KB,Zazwa en Cuivre Martelé avec Manche en Laiton (4pax),695
6647,TCC-001-KB,Tasse à café avec support en cuivre martelé et soucoupe,695
6648,E4B-001-BF,"Porte-épices ""Médina Épices""",695
6649,BC-003-RL,Boîte en céramique avec calligraphie arabe bleue (13cm),695
6650,PMC-002-KER,"Set ""Mots du Cœur Uno"" – Mug avec Inscription & Sous-Tasse",695
6651,PCC-001-KER,"Set ""Cœur à Cœur"" – Mug et Plateau en Céramique",695
6652,CTT-001,"Carafe Tanit – Élégance en Verre Soufflé - Transparent, Solo",695
6653,ZCL-001-KB,Petite Zazwa en Cuivre Martelé,695
6654,LPC-001-KB,Mrach-Encensoir Traditionnel en Métal Martelé avec Pompon Bleu,695
6655,SGE-NA,"Set Gourmet L’Éveil – Vaisselle en Céramique en Pâte Blanche (Bleu Gris, Terracotta, Vert d’Eau) - Gris, 4 Personnes",695
6656,ED-002-RES,Ensemble Décoratif Minimaliste en Résine Blanche - 4 Pièces,695
6657,ED-001-RES,Ensemble Décoratif Compact en Résine Marbrée avec Fleurs Séchées - 3 Pièces,695
6658,SPR-001-RL,"Sous plat ""Khamsa"" – Céramique ronde calligraphiée",695
6659,CGO-001-2M-14,"Set ""Olivéa"" en Grès - 14 pièces",695
6660,CTT-006,"Carafe Tanit – Élégance en Verre Soufflé - Transparent, Premium",695
6661,SB-001-RL,Set “Baraka” – Art de la table en céramique calligraphique,695
6662,JEB-BF,Échiquier en Bois d'Olivier – Pièce d’Artisanat Élégante - 50*50,695
6663,MC-001-KB,Mathred-Coupe à Pied Martelée en Cuivre Argenté,695
6664,BC-007-RL,Boîte “Rosace Azur” – Céramique artisanale,695
6665,BCP-001-RL,Bouteille en céramique décorée avec bouchon en liège,695
6666,BC-004-RL-1,Boîte carrée en céramique “Azur” – Motifs géométriques - 16*16*6,695
6667,BCL-001-RL-2,Bouteille “Azura” – Céramique artisanale géométrique - Avec anse,695
6668,SGE-NA,"Set Gourmet L’Éveil – Vaisselle en Céramique en Pâte Blanche (Bleu Gris, Terracotta, Vert d’Eau) - Vert, 4 Personnes",695
6669,SVO-001,"Set de Vaisselle ""Organica"" - 4 Personnes, Jaune",695
6670,CGS-001-2M,"🤍 Carafe et 6 Gobelets ""Séa"" en Grès – Pureté et Élégance Naturelle",695
6671,SVO-001,"Set de Vaisselle ""Organica"" - 4 Personnes",695
6672,MTC-001-SZ,"Mug ""Tendresse"" en Céramique – Fait Main avec Cœur Rouge",695
6673,BCM-001-KB,Boîte Martelée en Cuivre Argenté,695
6674,BC-004-RL-2,Boîte carrée en céramique “Azur” – Motifs géométriques - 10*10*6,695
6675,PC-006-RL,Planche “Azur” – Céramique géométrique artisanale,695
6676,CCL-02-RL,Cruche Zénith – Céramique émaillée décor bleu,695
6677,BCL-001-RL-3,Bouteille “Azura” – Céramique artisanale géométrique - Double anneau,695
6678,BC-002-RL,Boîte rectangulaire en céramique avec couvercle décoré de motifs géométriques,695
6679,CTT-004,"Carafe Tanit – Élégance en Verre Soufflé - Transparent, Quattro",695
6680,BC-006-RL,Boîte en Céramique Andalous – 13 cm,695
6681,BCL-002-RL,Bouteille Carrée en Céramique Andalous – 75 cl,695
6682,BC-005-RL,Boîte Ronde en Céramique – Motifs Ottomans Peints à la Main (13 cm),695
6683,PAC-001-RL,Pack Andalous en Céramique – Élégance et Tradition,695
6684,CCL-001-RL,Cruche en céramique circulaire avec motifs andalous jaunes et bleus,695
6685,CVD-001-OD-6,Carafe en Verre Soufflé - Didon - Premium,695
6686,SRO-001-RL,Set Royal ottomans – Élégance Artisanale (8 Pièces),695
6687,SSB-001-2M-32,"🤍 Set ""Séa"" en Grès Blanc Moucheté - 32 pièces",695
6688,PC-002-RL,Planche en Céramique Andalous – Élégance Artisanale,695
6689,BCA-001-RL,Bouteille en Céramique à Motifs Andalous,695
6690,SMB-001-FP,Sculptures Moaï en Béton – L’Art Mystique de l’Île de Pâques,695
6691,POC-001-RL,Pack Ottoman en Céramique – Élégance et Artisanat,695
6692,PCM-002-KB,Plateau rond profond en cuivre martelé (34cm),695
6693,STE-001-EN-6,"Service de Table ""Astéria"" - 6 Personnes",695
6694,BO-001-RL,Bouteille en Céramique Andalous – 75 cl,695
6695,SA-001-NA-4,"Service de Table ""Astéria"" - 4 Personnes",695
6696,BCO-003-RL,Bouteille Ovale en Céramique – Motifs Ottomans Peints à la Main (75 cl),695
6697,SVO-001-6V,"Set de Vaisselle ""Organica"" - 6 Personnes",695
6698,VTC-001-KB,Verre de thé avec base en cuivre,695
6699,PCM-001-KB,Plateau rond en métal martelé (25cm),695
6700,BVC-001-KB,Boîte en verre avec couvercle en cuivre martelé,695
6701,CVC-001-KB,"Carafe ""el bey"" en verre et cuivre martelé",695
6702,Set-Tanit-Quattro---Carafe-et-4-Verres-en-Verre-Soufflé,Set Tanit Quattro - Carafe et 4 Verres en Verre Soufflé,695
6703,SVO-001,"Set de Vaisselle ""Organica"" en Pâte Blanche – 19 Pièces pour 6 Personnes - 4 Personnes",695
6704,TCM-001-KB,Théière en cuivre martelé,695
6705,SVO-001,"Set de Vaisselle ""Organica"" en Pâte Blanche – 19 Pièces pour 6 Personnes",695
6706,SCA-001-RL,"Set Calligraphie Arabe – Cruche, Sous-Plat & Planche en Céramique",695
6707,Duo-cœur-à-cœur-+-Plateau,Duo cœur à cœur + Plateau,695
6708,PMC-001-KER,Set Mots du Cœur,695
6709,PSC-001-RL,Porte-serviettes en céramique décoré,695
6710,CFA-001-SO,Coffret Diffuseur et Bougie - Jasmin Noir ou Silex - Jasmin noir,695
6711,MC-001-RL,Mug en céramique minimaliste,695
6712,brume-de-corps-Passion-Jasmin,brume de corps Passion Jasmin,695
6713,SS-LG-01,Loup Garou Bitounsi - Jeu D'ambiance,695
6714,Huile-de-Pépin-de-Courge,Huile de Pépin de Courge,695
6715,Coussin-Géométrique-Style-Boho-50cm*30cm---Avec,Coussin Géométrique Style Boho 50cm*30cm - Avec,695
6716,Diffuseur-d'ambiance-SOUGUI---Jasmin-Noir,Diffuseur d'ambiance SOUGUI - Jasmin Noir,695
6717,Cape-en-Lin-avec-Peinture-à-la-Main,Cape en Lin avec Peinture à la Main,695
6718,Couffin-paniers,Couffin paniers,695
6719,Beurre-de-Coco,Beurre de Coco,695
6720,Déodorant-Solide-Jasmin-50g,Déodorant Solide Jasmin 50g,695
6721,Déodorant-Solide-Rose-50g,Déodorant Solide Rose 50g,695
6722,Déodorant-Solide-Vanille-50g,Déodorant Solide Vanille 50g,695
6723,Beurre-d’Avocat,Beurre d’Avocat,695
6724,Baume-à-Lèvre-Embrasse-Moi,Baume à Lèvre Embrasse Moi,695
6725,Broche-Cuivre-Artisanale-avec-Pierre-Semi-Précieuse-Turquoise,Broche Cuivre Artisanale avec Pierre Semi-Précieuse Turquoise,695
6726,Diffuseur-Voiture-Citron,Diffuseur Voiture Citron,695
6727,Diffuseur-Voiture-Jasmin,Diffuseur Voiture Jasmin,695
6728,"SS-AV-002
SS-MT-01
PDE-001-KER","Action Vérité Bitounsi + 108 Extra Cartes - Jeu D'ambiance
Jeu De Mimes - ميم بالتونسي - Jeu D'ambiance
Set ""Duo Envoûtant"" – Mug et Plateau en Céramique",695
6729,"TSC-ART-001-CL
MUG-BOH-CR
MUG-BOH-FO
MUG-BOH-FB","Collection Émotion – Tasses & Soucoupes Artisanales - Fleurs Ciel
Mug Bohème en céramique artisanale – Avec sous-tasse - Cœurs Rouges
Mug Bohème en céramique artisanale – Avec sous-tasse - Fleurs Orange
Mug Bohème en céramique artisanale – Avec sous-tasse - Fleurs Bleues",695
6730,"BON-VS-EB
MUG-BOH-FM","Bonbonnières en verre soufflé & cuivre martelé - Ebène
Mug Bohème en céramique artisanale – Avec sous-tasse - Fleurs Multicolores",695
6731,"BON-VS-TR
SS-TT-001","Bonbonnières en verre soufflé & cuivre martelé - Transparent
طلّع بالتونسي - TALA3 BITOUNSI",695
6988,Bouteille-minimaliste,Bouteille minimaliste,695
6989,Bouteille-bleue-+-planche-ronde,Bouteille bleue + planche ronde,695
6732,"CGO-001-2M
DBO-001-2M","Carafe et 6 Gobelets ""Olivéa"" en Grès – Élégance Naturelle et Authentique
Duo de Bouteilles avec Support ""Olivéa"" en Grès – Élégance Naturelle",695
6733,"BON-VS-TR
CFA-002-SO","Bonbonnières en verre soufflé & cuivre martelé - Transparent
Coffret Flamme d’artisan - Jasmin Noir ou Silex - Silex",695
6734,"TOT-SO-004
TSC-ART-001-FB
MUG-BOH-CR","Tote Bag Sougui - Khomssa
Collection Émotion – Tasses & Soucoupes Artisanales - Fleurs Bleues
Mug Bohème en céramique artisanale – Avec sous-tasse - Cœurs Rouges",695
6735,"PCB-003-BF
VPB-CO-VRT","Plateau Mosaïque d’Olive - Motif 1
Vide-poches décoratif en bois d’olivier peint à la main – Motifs portes tunisiennes - Vert, Carré",695
6736,"S6V-001-OD
BON-VS-EB","Set de 6 Verres en Verre Soufflé - Collection Didon
Bonbonnières en verre soufflé & cuivre martelé - Ebène",695
6737,"MUG-BOH-FO
MUG-BOH-FB
TSC-ART-001-LOV
SPR-004-RL","Mug Bohème en céramique artisanale – Avec sous-tasse - Fleurs Orange
Mug Bohème en céramique artisanale – Avec sous-tasse - Fleurs Bleues
Collection Émotion – Tasses & Soucoupes Artisanales - Love & Cœurs Rouges
Sous plat “Rosace Azur” – Céramique décorative orientale",695
6738,"FOT-COT-VV
CFA-002-SO
BCO-001-RL","Fouta artisanale en coton – 2m x 1m – Couleurs au choix - Vert
Coffret Flamme d’artisan - Jasmin Noir ou Silex - Silex
Bouteille en Céramique – Motifs Ottomans Peints à la Main (75 cl)",695
6739,"BCO-001-RL
FOT-COT-VG
CFA-002-SO","Bouteille en Céramique – Motifs Ottomans Peints à la Main (75 cl)
Fouta artisanale en coton – 2m x 1m – Couleurs au choix - Violet
Coffret Flamme d’artisan - Jasmin Noir ou Silex - Silex",695
6740,"SS-AV-001
SS-TT-001
NBK-001-OSL","Action Vérité Bitounsi - Jeu D'ambiance
طلّع بالتونسي - TALA3 BITOUNSI
Jeu Nes Bekri Kalou ناس بكري قالوا",695
6741,"PDE-001-KER
CFA-002-SO","Set ""Duo Envoûtant"" – Mug et Plateau en Céramique
Coffret Flamme d’artisan - Jasmin Noir ou Silex - Silex",695
6742,"SS-TT-001
SS-AV-001","طلّع بالتونسي - TALA3 BITOUNSI
Action Vérité Bitounsi - Jeu D'ambiance",695
6743,"BON-VS-ML
CVD-001-CH-1","Bonbonnières en verre soufflé & cuivre martelé - Miel
Carafe en Verre Soufflé - Didon - Solo, Marron",695
6744,"PDE-001-KER
TSC-ART-001-CL","Set ""Duo Envoûtant"" – Mug et Plateau en Céramique
Collection Émotion – Tasses & Soucoupes Artisanales - Fleurs Ciel",695
6745,"MUG-BOH-CR
MUG-BOH-FM
MUG-BOH-FB
MUG-BOH-FO","Mug Bohème en céramique artisanale – Avec sous-tasse - Cœurs Rouges
Mug Bohème en céramique artisanale – Avec sous-tasse - Fleurs Multicolores
Mug Bohème en céramique artisanale – Avec sous-tasse - Fleurs Bleues
Mug Bohème en céramique artisanale – Avec sous-tasse - Fleurs Orange",695
6746,"PCB-003-BF
MUG-BOH-FM","Plateau Mosaïque d’Olive - Motif 1
Mug Bohème en céramique artisanale – Avec sous-tasse - Fleurs Multicolores",695
6747,"CFA-002-SO
FOT-COT-RG
FOT-COT-VV","Coffret Flamme d’artisan - Jasmin Noir ou Silex - Silex
Fouta artisanale en coton – 2m x 1m – Couleurs au choix - Rose
Fouta artisanale en coton – 2m x 1m – Couleurs au choix - Vert",695
6748,"CFA-002-SO
DBO-001-2M
MUG-BOH-FM","Coffret Flamme d’artisan - Jasmin Noir ou Silex - Silex
Duo de Bouteilles avec Support ""Olivéa"" en Grès – Élégance Naturelle
Mug Bohème en céramique artisanale – Avec sous-tasse - Fleurs Multicolores",695
6749,"SS-AV-002
MUG-BOH-FM","Action Vérité Bitounsi + 108 Extra Cartes - Jeu D'ambiance
Mug Bohème en céramique artisanale – Avec sous-tasse - Fleurs Multicolores",695
6750,"MUG-BOH-CR
MUG-BOH-FM
CFA-002-SO","Mug Bohème en céramique artisanale – Avec sous-tasse - Cœurs Rouges
Mug Bohème en céramique artisanale – Avec sous-tasse - Fleurs Multicolores
Coffret Flamme d’artisan - Jasmin Noir ou Silex - Silex",695
6751,"PDE-001-KER
MUG-BOH-FM","Set ""Duo Envoûtant"" – Mug et Plateau en Céramique
Mug Bohème en céramique artisanale – Avec sous-tasse - Fleurs Multicolores",695
6752,"COU-CUIR-FOUTA-002
MUG-BOH-CR","Couffin artisanal en fibre végétale – Anses cuir & fouta offerte
Mug Bohème en céramique artisanale – Avec sous-tasse - Cœurs Rouges",695
6753,"BON-VS-ML
FOT-COT-VV
TSC-ART-001-RG","Bonbonnières en verre soufflé & cuivre martelé - Miel
Fouta artisanale en coton – 2m x 1m – Couleurs au choix - Vert
Collection Émotion – Tasses & Soucoupes Artisanales - Fleurs rouge",695
6754,"BON-VS-EB
CFA-002-SO","Bonbonnières en verre soufflé & cuivre martelé - Ebène
Coffret Flamme d’artisan - Jasmin Noir ou Silex - Silex",695
6755,"BON-VS-EB
MUG-BOH-CR","Bonbonnières en verre soufflé & cuivre martelé - Ebène
Mug Bohème en céramique artisanale – Avec sous-tasse - Cœurs Rouges",695
6756,"BCO-001-RL
VC-001-RL
NBK-001-OSL","Bouteille en Céramique – Motifs Ottomans Peints à la Main (75 cl)
Vase en céramique avec motifs de poissons colorés- Samak
Jeu Nes Bekri Kalou ناس بكري قالوا",695
6757,"PDE-001-KER
TSC-ART-001-FB
TSC-ART-001-LOV","Set ""Duo Envoûtant"" – Mug et Plateau en Céramique
Collection Émotion – Tasses & Soucoupes Artisanales - Fleurs Bleues
Collection Émotion – Tasses & Soucoupes Artisanales - Love & Cœurs Rouges",695
6758,"DBO-001-2M
CGO-001-2M","Duo de Bouteilles avec Support ""Olivéa"" en Grès – Élégance Naturelle
Carafe et 6 Gobelets ""Olivéa"" en Grès – Élégance Naturelle et Authentique",695
6759,"MUG-BOH-CR
MUG-BOH-FM
DBO-001-2M","Mug Bohème en céramique artisanale – Avec sous-tasse - Cœurs Rouges
Mug Bohème en céramique artisanale – Avec sous-tasse - Fleurs Multicolores
Duo de Bouteilles avec Support ""Olivéa"" en Grès – Élégance Naturelle",695
6760,"BCO-001-RL
MUG-BOH-FB
MUG-BOH-CR
DBO-001-2M","Bouteille en Céramique – Motifs Ottomans Peints à la Main (75 cl)
Mug Bohème en céramique artisanale – Avec sous-tasse - Fleurs Bleues
Mug Bohème en céramique artisanale – Avec sous-tasse - Cœurs Rouges
Duo de Bouteilles avec Support ""Olivéa"" en Grès – Élégance Naturelle",695
6761,"CFA-002-SO
MUG-BOH-FM
MUG-BOH-CR","Coffret Flamme d’artisan - Jasmin Noir ou Silex - Silex
Mug Bohème en céramique artisanale – Avec sous-tasse - Fleurs Multicolores
Mug Bohème en céramique artisanale – Avec sous-tasse - Cœurs Rouges",695
6762,"PDE-001-KER
VPB-CO-VRT
SS-AV-001","Set ""Duo Envoûtant"" – Mug et Plateau en Céramique
Vide-poches décoratif en bois d’olivier peint à la main – Motifs portes tunisiennes - Vert, Carré
Action Vérité Bitounsi - Jeu D'ambiance",695
6763,"SS-JB-001
SDB-PPH-MF","لعبة الباندي - Jeu D’ambiance
Collection Sidi Bou – Photophores artisanaux en cire parfumée - MF",695
6764,"MUG-BOH-FM
TSC-ART-001-FR
MUG-BOH-CR","Mug Bohème en céramique artisanale – Avec sous-tasse - Fleurs Multicolores
Collection Émotion – Tasses & Soucoupes Artisanales - Fleurs Roses
Mug Bohème en céramique artisanale – Avec sous-tasse - Cœurs Rouges",695
7088,tasse-irr-oeil-grec,tasse irr oeil grec,695
6765,"PDE-001-KER
MUG-BOH-FM
TSC-ART-001-FR","Set ""Duo Envoûtant"" – Mug et Plateau en Céramique
Mug Bohème en céramique artisanale – Avec sous-tasse - Fleurs Multicolores
Collection Émotion – Tasses & Soucoupes Artisanales - Fleurs Roses",695
6766,"CVD-001-CH-1
BON-VS-ML","Carafe en Verre Soufflé - Didon - Solo, Marron
Bonbonnières en verre soufflé & cuivre martelé - Miel",695
6767,"CFA-002-SO
BON-VS-ML","Coffret Flamme d’artisan - Jasmin Noir ou Silex - Silex
Bonbonnières en verre soufflé & cuivre martelé - Miel",695
6768,"BON-VS-TR
MUG-BOH-FB
PDE-001-KER","Bonbonnières en verre soufflé & cuivre martelé - Transparent
Mug Bohème en céramique artisanale – Avec sous-tasse - Fleurs Bleues
Set ""Duo Envoûtant"" – Mug et Plateau en Céramique",695
6769,"CFA-002-SO
CFA-001-SO","Coffret Flamme d’artisan - Jasmin Noir ou Silex - Silex
Coffret Flamme d’artisan - Jasmin Noir ou Silex - Jasmin noir",695
6770,"JEB-BF
MUG-BOH-FM","Échiquier en Bois d'Olivier – Pièce d’Artisanat Élégante
Mug Bohème en céramique artisanale – Avec sous-tasse - Fleurs Multicolores",695
6771,"FOT-COT-YG
FOT-COT-VV
BCO-001-RL
MUG-BOH-FM
MUG-BOH-CR","Fouta artisanale en coton – 2m x 1m – Couleurs au choix - Jaune
Fouta artisanale en coton – 2m x 1m – Couleurs au choix - Vert
Bouteille en Céramique – Motifs Ottomans Peints à la Main (75 cl)
Mug Bohème en céramique artisanale – Avec sous-tasse - Fleurs Multicolores
Mug Bohème en céramique artisanale – Avec sous-tasse - Cœurs Rouges",695
6772,"BCO-001-RL
FOT-COT-VG
MUG-BOH-FM
DBO-001-2M","Bouteille en Céramique – Motifs Ottomans Peints à la Main (75 cl)
Fouta artisanale en coton – 2m x 1m – Couleurs au choix - Violet
Mug Bohème en céramique artisanale – Avec sous-tasse - Fleurs Multicolores
Duo de Bouteilles avec Support ""Olivéa"" en Grès – Élégance Naturelle",695
6773,"MUG-BOH-CR
MUG-BOH-FM
PDE-001-KER
TSC-ART-001-FR","Mug Bohème en céramique artisanale – Avec sous-tasse - Cœurs Rouges
Mug Bohème en céramique artisanale – Avec sous-tasse - Fleurs Multicolores
Set ""Duo Envoûtant"" – Mug et Plateau en Céramique
Collection Émotion – Tasses & Soucoupes Artisanales - Fleurs Roses",695
6774,"CRM-MED-TR
BON-VS-TR","Carafe Médina – Verre soufflé artisanal (3 coloris) - Transparent
Bonbonnières en verre soufflé & cuivre martelé - Transparent",695
6775,"MUG-BOH-FM
MUG-BOH-CR
MUG-BOH-FO","Mug Bohème en céramique artisanale – Avec sous-tasse - Fleurs Multicolores
Mug Bohème en céramique artisanale – Avec sous-tasse - Cœurs Rouges
Mug Bohème en céramique artisanale – Avec sous-tasse - Fleurs Orange",695
6776,"CFA-001-SO
BON-VS-TR","Coffret Flamme d’artisan - Jasmin Noir ou Silex - Jasmin noir
Bonbonnières en verre soufflé & cuivre martelé - Transparent",695
6777,"SPR-004-RL
BCL-001-RL-4","Sous plat “Rosace Azur” – Céramique décorative orientale
Bouteille “Azura” – Céramique artisanale géométrique - kous",695
6778,"PDE-001-KER
MUG-BOH-CR
TSC-ART-001-OB
FOT-COT-RG","Set ""Duo Envoûtant"" – Mug et Plateau en Céramique
Mug Bohème en céramique artisanale – Avec sous-tasse - Cœurs Rouges
Collection Émotion – Tasses & Soucoupes Artisanales - Œil Bleu
Fouta artisanale en coton – 2m x 1m – Couleurs au choix - Rose",695
6779,"MUG-BOH-CR
SS-AV-001","Mug Bohème en céramique artisanale – Avec sous-tasse - Cœurs Rouges
Action Vérité Bitounsi - Jeu D'ambiance",695
6780,"MUG-BOH-CR
TSC-ART-001-OB
MUG-BOH-FM","Mug Bohème en céramique artisanale – Avec sous-tasse - Cœurs Rouges
Collection Émotion – Tasses & Soucoupes Artisanales - Œil Bleu
Mug Bohème en céramique artisanale – Avec sous-tasse - Fleurs Multicolores",695
6781,"PDE-001-KER
BON-VS-TR","Set ""Duo Envoûtant"" – Mug et Plateau en Céramique
Bonbonnières en verre soufflé & cuivre martelé - Transparent",695
6782,"MUG-BOH-FM
MUG-BOH-FO
MUG-BOH-FB
MUG-BOH-CR","Mug Bohème en céramique artisanale – Avec sous-tasse - Fleurs Multicolores
Mug Bohème en céramique artisanale – Avec sous-tasse - Fleurs Orange
Mug Bohème en céramique artisanale – Avec sous-tasse - Fleurs Bleues
Mug Bohème en céramique artisanale – Avec sous-tasse - Cœurs Rouges",695
6783,"TSC-ART-001-FR
CFA-001-SO
MUG-BOH-FB","Collection Émotion – Tasses & Soucoupes Artisanales - Fleurs Roses
Coffret Flamme d’artisan - Jasmin Noir ou Silex - Jasmin noir
Mug Bohème en céramique artisanale – Avec sous-tasse - Fleurs Bleues",695
6784,"COU-CUIR-FOUTA-002
FOT-COT-BG","Couffin artisanal en fibre végétale – Anses cuir & fouta offerte
Fouta artisanale en coton – 2m x 1m – Couleurs au choix - Bleu",695
6785,"FOT-COT-VG
JEB-BF","Fouta artisanale en coton – 2m x 1m – Couleurs au choix - Violet
Échiquier en Bois d'Olivier – Pièce d’Artisanat Élégante",695
6786,"FOT-COT-BG
FOT-COT-YG
FOT-COT-RG
FOT-COT-VV
FOT-COT-VG","Fouta artisanale en coton – 2m x 1m – Couleurs au choix - Bleu
Fouta artisanale en coton – 2m x 1m – Couleurs au choix - Jaune
Fouta artisanale en coton – 2m x 1m – Couleurs au choix - Rose
Fouta artisanale en coton – 2m x 1m – Couleurs au choix - Vert
Fouta artisanale en coton – 2m x 1m – Couleurs au choix - Violet",695
6787,"BON-VS-ML
TSC-ART-001-RG","Bonbonnières en verre soufflé & cuivre martelé - Miel
Collection Émotion – Tasses & Soucoupes Artisanales - Fleurs rouge",695
6788,"MUG-BOH-FO
MUG-BOH-CR
CFA-001-SO","Mug Bohème en céramique artisanale – Avec sous-tasse - Fleurs Orange
Mug Bohème en céramique artisanale – Avec sous-tasse - Cœurs Rouges
Coffret Flamme d’artisan - Jasmin Noir ou Silex - Jasmin noir",695
6789,"PDE-001-KER
MUG-BOH-FM
TSC-ART-001-LOV","Set ""Duo Envoûtant"" – Mug et Plateau en Céramique
Mug Bohème en céramique artisanale – Avec sous-tasse - Fleurs Multicolores
Collection Émotion – Tasses & Soucoupes Artisanales - Love & Cœurs Rouges",695
6790,"PDE-001-KER
TSC-ART-001-OB","Set ""Duo Envoûtant"" – Mug et Plateau en Céramique
Collection Émotion – Tasses & Soucoupes Artisanales - Œil Bleu",695
6791,"SS-JB-001
BON-VS-EB","لعبة الباندي - Jeu D’ambiance
Bonbonnières en verre soufflé & cuivre martelé - Ebène",695
6792,Dessert-zouba---emraude-Bol-zouba---Emraude-Creux-zouba---emraude,"Dessert zouba - emraude
Bol zouba - Emraude
Creux zouba - emraude",695
6793,"DBO-001-2M
NBK-001-OSL
PDE-001-KER","Duo de Bouteilles avec Support ""Olivéa"" en Grès – Élégance Naturelle
Jeu Nes Bekri Kalou ناس بكري قالوا
Set ""Duo Envoûtant"" – Mug et Plateau en Céramique",695
6794,"BCO-001-RL
BCL-007-RL","Bouteille en Céramique – Motifs Ottomans Peints à la Main (75 cl)
Bouteille en céramique - Calligraphie arabe Bleue - Oreille",695
6795,"NBK-001-OSL
SS-MT-01","Jeu Nes Bekri Kalou ناس بكري قالوا
Jeu De Mimes - ميم بالتونسي - Jeu D'ambiance",695
6796,"SS-JB-001
JA-001-ACH","لعبة الباندي - Jeu D’ambiance
L'archive - لرشيف",695
6990,Set-Zouba-Rouge-et-blanc-(-Tasse-+-St-+-plateau),Set Zouba Rouge et blanc ( Tasse + St + plateau),695
6991,Bouteille-fleur,Bouteille fleur ,695
6797,"MUG-BOH-FB
MUG-BOH-FO
PMC-001-KER","Mug Bohème en céramique artisanale – Avec sous-tasse - Fleurs Bleues
Mug Bohème en céramique artisanale – Avec sous-tasse - Fleurs Orange
Set Mots du Cœur Duo",695
6798,"PDE-001-KER
MUG-BOH-CR
MUG-BOH-FM
SPR-003-RL","Set ""Duo Envoûtant"" – Mug et Plateau en Céramique
Mug Bohème en céramique artisanale – Avec sous-tasse - Cœurs Rouges
Mug Bohème en céramique artisanale – Avec sous-tasse - Fleurs Multicolores
Sous-Plat Rond en Céramique Andalous – 20 cm",695
6799,"PDE-001-KER
VC-001-RL
MUG-BOH-CR","Set ""Duo Envoûtant"" – Mug et Plateau en Céramique
Vase en céramique avec motifs de poissons colorés- Samak
Mug Bohème en céramique artisanale – Avec sous-tasse - Cœurs Rouges",695
6800,"DBO-001-2M
TSC-ART-001-FB
TSC-ART-001-FR","Duo de Bouteilles avec Support ""Olivéa"" en Grès – Élégance Naturelle
Collection Émotion – Tasses & Soucoupes Artisanales - Fleurs Bleues
Collection Émotion – Tasses & Soucoupes Artisanales - Fleurs Roses",695
6801,"VC-001-RL
VV-001-RES","Vase en céramique avec motifs de poissons colorés- Samak
Grand Vase Visage Minimaliste en Résine",695
6802,"TVC-003-RL
BCO-001-RL","Ensemble de vases en céramique avec motifs berbères - Gris
Bouteille en Céramique – Motifs Ottomans Peints à la Main (75 cl)",695
6803,"ED-003-RES
ED-005-RES","Ensemble Décoratif en Résine Marbrée avec Dorures - 4 Pièces
Ensemble Décoratif en Résine avec Fleurs Séchées - 6 Pièces",695
6804,"BON-VS-TR
ED-004-RES","Bonbonnières en verre soufflé & cuivre martelé - Transparent
Ensemble Décoratif en Résine Marbrée avec Fleurs Séchées - 4 Pièces",695
6805,"LB-001-SB
MEP-001-SZ","Lunch-box Bento
Mug ""Émeraude Passion"" – Céramique Artisanale Peinte à la Main",695
6806,"ZCL-002-KB
TCC-001-KB","Zazwa en Cuivre Martelé avec Manche en Laiton (4pax)
Tasse à café avec support en cuivre martelé et soucoupe",695
6807,"E4B-001-BF
BON-VS-TR
BC-003-RL","Porte-épices ""Médina Épices""
Bonbonnières en verre soufflé & cuivre martelé - Transparent
Boîte en céramique avec calligraphie arabe bleue (13cm)",695
6808,"PMC-002-KER
PCC-001-KER","Set ""Mots du Cœur Uno"" – Mug avec Inscription & Sous-Tasse
Set ""Cœur à Cœur"" – Mug et Plateau en Céramique",695
6809,"BON-VS-TR
CTT-001","Bonbonnières en verre soufflé & cuivre martelé - Transparent
Carafe Tanit – Élégance en Verre Soufflé - Transparent, Solo",695
6810,"ZCL-001-KB
TCC-001-KB
LPC-001-KB","Petite Zazwa en Cuivre Martelé
Tasse à café avec support en cuivre martelé et soucoupe
Mrach-Encensoir Traditionnel en Métal Martelé avec Pompon Bleu",695
6811,"PCC-001-KER
CFA-001-SO","Set ""Cœur à Cœur"" – Mug et Plateau en Céramique
Coffret Flamme d’artisan - Jasmin Noir ou Silex - Jasmin noir",695
6812,"PCC-001-KER
SGE-NA","Set ""Cœur à Cœur"" – Mug et Plateau en Céramique
Set Gourmet L’Éveil – Vaisselle en Céramique en Pâte Blanche (Bleu Gris, Terracotta, Vert d’Eau) - Gris, 4 Personnes",695
6813,"ED-002-RES
PMC-001-KER","Ensemble Décoratif Minimaliste en Résine Blanche - 4 Pièces
Set Mots du Cœur Duo",695
6814,"ED-002-RES
ED-001-RES
SPR-001-RL","Ensemble Décoratif Minimaliste en Résine Blanche - 4 Pièces
Ensemble Décoratif Compact en Résine Marbrée avec Fleurs Séchées - 3 Pièces
Sous plat ""Khamsa"" – Céramique ronde calligraphiée",695
6815,"LPC-001-KB
TCC-001-KB","Mrach-Encensoir Traditionnel en Métal Martelé avec Pompon Bleu
Tasse à café avec support en cuivre martelé et soucoupe",695
6816,"NBK-001-OSL
SS-AV-001","Jeu Nes Bekri Kalou ناس بكري قالوا
Action Vérité Bitounsi - Jeu D'ambiance",695
6817,"PMC-001-KER
MC-001-KB
BC-007-RL","Set Mots du Cœur Duo
Mathred-Coupe à Pied Martelée en Cuivre Argenté
Boîte “Rosace Azur” – Céramique artisanale",695
6818,"PMC-001-KER
BCP-001-RL
BC-004-RL-1","Set Mots du Cœur Duo
Bouteille en céramique décorée avec bouchon en liège
Boîte carrée en céramique “Azur” – Motifs géométriques - 16*16*6",695
6819,"ED-002-RES
CFA-002-SO","Ensemble Décoratif Minimaliste en Résine Blanche - 4 Pièces
Coffret Flamme d’artisan - Jasmin Noir ou Silex - Silex",695
6820,"BCL-001-RL-2
MEP-001-SZ
SPR-004-RL","Bouteille “Azura” – Céramique artisanale géométrique - Avec anse
Mug ""Émeraude Passion"" – Céramique Artisanale Peinte à la Main
Sous plat “Rosace Azur” – Céramique décorative orientale",695
6821,"SGE-NA
BCO-001-RL","Set Gourmet L’Éveil – Vaisselle en Céramique en Pâte Blanche (Bleu Gris, Terracotta, Vert d’Eau) - Vert, 4 Personnes
Bouteille en Céramique – Motifs Ottomans Peints à la Main (75 cl)",695
6822,"MC-001-KB
BC-003-RL
BON-VS-TR","Mathred-Coupe à Pied Martelée en Cuivre Argenté
Boîte en céramique avec calligraphie arabe bleue (13cm)
Bonbonnières en verre soufflé & cuivre martelé - Transparent",695
6823,"SS-TT-001
NBK-001-OSL","طلّع بالتونسي - TALA3 BITOUNSI
Jeu Nes Bekri Kalou ناس بكري قالوا",695
6824,"SGE-NA
DBO-001-2M","Set Gourmet L’Éveil – Vaisselle en Céramique en Pâte Blanche (Bleu Gris, Terracotta, Vert d’Eau) - Vert, 6 Personnes
Duo de Bouteilles avec Support ""Olivéa"" en Grès – Élégance Naturelle",695
6825,"ED-003-RES
CFA-001-SO","Ensemble Décoratif en Résine Marbrée avec Dorures - 4 Pièces
Coffret Flamme d’artisan - Jasmin Noir ou Silex - Jasmin noir",695
6826,"CGS-002-2M
PDE-001-KER","🖤 Carafe et 6 Gobelets ""Séli"" en Grès – Élégance Naturelle et Authentique
Set ""Duo Envoûtant"" – Mug et Plateau en Céramique",695
6827,"SS-JB-001
SS-AV-001","لعبة الباندي - Jeu D’ambiance
Action Vérité Bitounsi - Jeu D'ambiance",695
6828,"SS-MT-01
SS-AV-001","Jeu De Mimes - ميم بالتونسي - Jeu D'ambiance
Action Vérité Bitounsi - Jeu D'ambiance",695
6829,"ED-004-RES
PMC-001-KER","Ensemble Décoratif en Résine Marbrée avec Fleurs Séchées - 4 Pièces
Set Mots du Cœur Duo",695
6830,"JA-001-ACH
SS-AV-001","L'archive - لرشيف
Action Vérité Bitounsi - Jeu D'ambiance",695
6831,"PCC-001-KER
MEP-001-SZ
MTC-001-SZ","Set ""Cœur à Cœur"" – Mug et Plateau en Céramique
Mug ""Émeraude Passion"" – Céramique Artisanale Peinte à la Main
Mug ""Tendresse"" en Céramique – Fait Main avec Cœur Rouge",695
6832,"PMC-001-KER
ZCL-002-KB","Set Mots du Cœur Duo
Zazwa en Cuivre Martelé avec Manche en Laiton (4pax)",695
6833,"BCM-001-KB
MC-001-KB","Boîte Martelée en Cuivre Argenté
Mathred-Coupe à Pied Martelée en Cuivre Argenté",695
6834,"BC-004-RL-1
BC-004-RL-2
BC-007-RL
PC-006-RL
CCL-02-RL
BCL-001-RL-3","Boîte carrée en céramique “Azur” – Motifs géométriques - 16*16*6
Boîte carrée en céramique “Azur” – Motifs géométriques - 10*10*6
Boîte “Rosace Azur” – Céramique artisanale
Planche “Azur” – Céramique géométrique artisanale
Cruche Zénith – Céramique émaillée décor bleu
Bouteille “Azura” – Céramique artisanale géométrique - Double anneau",695
6835,"CFA-001-SO
ZCL-001-KB
BC-002-RL","Coffret Flamme d’artisan - Jasmin Noir ou Silex - Jasmin noir
Petite Zazwa en Cuivre Martelé
Boîte rectangulaire en céramique avec couvercle décoré de motifs géométriques",695
6836,"ED-003-RES
ED-004-RES","Ensemble Décoratif en Résine Marbrée avec Dorures - 4 Pièces
Ensemble Décoratif en Résine Marbrée avec Fleurs Séchées - 4 Pièces",695
6837,"ED-004-RES
ED-002-RES","Ensemble Décoratif en Résine Marbrée avec Fleurs Séchées - 4 Pièces
Ensemble Décoratif Minimaliste en Résine Blanche - 4 Pièces",695
6838,"PCC-001-KER
ED-003-RES","Set ""Cœur à Cœur"" – Mug et Plateau en Céramique
Ensemble Décoratif en Résine Marbrée avec Dorures - 4 Pièces",695
6839,"PCC-001-KER
PDE-001-KER","Set ""Cœur à Cœur"" – Mug et Plateau en Céramique
Set ""Duo Envoûtant"" – Mug et Plateau en Céramique",695
6840,"SPR-003-RL
BC-006-RL
BCL-002-RL
CFA-001-SO","Sous-Plat Rond en Céramique Andalous – 20 cm
Boîte en Céramique Andalous – 13 cm
Bouteille Carrée en Céramique Andalous – 75 cl
Coffret Flamme d’artisan - Jasmin Noir ou Silex - Jasmin noir",695
6841,"PCC-001-KER
PMC-002-KER","Set ""Cœur à Cœur"" – Mug et Plateau en Céramique
Set ""Mots du Cœur Uno"" – Mug avec Inscription & Sous-Tasse",695
6842,"ED-001-RES
PCC-001-KER
PDE-001-KER","Ensemble Décoratif Compact en Résine Marbrée avec Fleurs Séchées - 3 Pièces
Set ""Cœur à Cœur"" – Mug et Plateau en Céramique
Set ""Duo Envoûtant"" – Mug et Plateau en Céramique",695
6843,"ED-001-RES
PCC-001-KER
BC-003-RL","Ensemble Décoratif Compact en Résine Marbrée avec Fleurs Séchées - 3 Pièces
Set ""Cœur à Cœur"" – Mug et Plateau en Céramique
Boîte en céramique avec calligraphie arabe bleue (13cm)",695
6844,"E4B-001-BF
BC-005-RL","Porte-épices ""Médina Épices""
Boîte Ronde en Céramique – Motifs Ottomans Peints à la Main (13 cm)",695
6845,"ED-001-RES
PCC-001-KER","Ensemble Décoratif Compact en Résine Marbrée avec Fleurs Séchées - 3 Pièces
Set ""Cœur à Cœur"" – Mug et Plateau en Céramique",695
6846,"PCC-001-KER
NBK-001-OSL
BC-003-RL
VC-001-RL","Set ""Cœur à Cœur"" – Mug et Plateau en Céramique
Jeu Nes Bekri Kalou ناس بكري قالوا
Boîte en céramique avec calligraphie arabe bleue (13cm)
Vase en céramique avec motifs de poissons colorés- Samak",695
6847,"PCC-001-KER
PDE-001-KER
ED-001-RES
BC-005-RL","Set ""Cœur à Cœur"" – Mug et Plateau en Céramique
Set ""Duo Envoûtant"" – Mug et Plateau en Céramique
Ensemble Décoratif Compact en Résine Marbrée avec Fleurs Séchées - 3 Pièces
Boîte Ronde en Céramique – Motifs Ottomans Peints à la Main (13 cm)",695
6848,"MC-001-KB
VC-001-RL
ED-003-RES","Mathred-Coupe à Pied Martelée en Cuivre Argenté
Vase en céramique avec motifs de poissons colorés- Samak
Ensemble Décoratif en Résine Marbrée avec Dorures - 4 Pièces",695
6849,"BON-VS-ML
BON-VS-EB","Bonbonnières en verre soufflé & cuivre martelé - Miel
Bonbonnières en verre soufflé & cuivre martelé - Ebène",695
6850,"BON-VS-TR
ED-005-RES
CCL-001-RL","Bonbonnières en verre soufflé & cuivre martelé - Transparent
Ensemble Décoratif en Résine avec Fleurs Séchées - 6 Pièces
Cruche en céramique circulaire avec motifs andalous jaunes et bleus",695
6851,"PCC-001-KER
MTC-001-SZ","Set ""Cœur à Cœur"" – Mug et Plateau en Céramique
Mug ""Tendresse"" en Céramique – Fait Main avec Cœur Rouge",695
6852,"ED-005-RES
PCC-001-KER","Ensemble Décoratif en Résine avec Fleurs Séchées - 6 Pièces
Set ""Cœur à Cœur"" – Mug et Plateau en Céramique",695
6853,"SS-AV-002
VV-001-RES","Action Vérité Bitounsi + 108 Extra Cartes - Jeu D'ambiance
Grand Vase Visage Minimaliste en Résine",695
6854,"ED-003-RES
PMC-002-KER
PCC-001-KER","Ensemble Décoratif en Résine Marbrée avec Dorures - 4 Pièces
Set ""Mots du Cœur Uno"" – Mug avec Inscription & Sous-Tasse
Set ""Cœur à Cœur"" – Mug et Plateau en Céramique",695
6855,"BON-VS-ML
BON-VS-TR
BON-VS-EB
PCC-001-KER","Bonbonnières en verre soufflé & cuivre martelé - Miel
Bonbonnières en verre soufflé & cuivre martelé - Transparent
Bonbonnières en verre soufflé & cuivre martelé - Ebène
Set ""Cœur à Cœur"" – Mug et Plateau en Céramique",695
6856,"PCC-001-KER
BC-003-RL
PC-002-RL
BCA-001-RL
SPR-003-RL","Set ""Cœur à Cœur"" – Mug et Plateau en Céramique
Boîte en céramique avec calligraphie arabe bleue (13cm)
Planche en Céramique Andalous – Élégance Artisanale
Bouteille en Céramique à Motifs Andalous
Sous-Plat Rond en Céramique Andalous – 20 cm",695
6857,"ED-002-RES
PCC-001-KER
PDE-001-KER","Ensemble Décoratif Minimaliste en Résine Blanche - 4 Pièces
Set ""Cœur à Cœur"" – Mug et Plateau en Céramique
Set ""Duo Envoûtant"" – Mug et Plateau en Céramique",695
6858,"ED-003-RES
CCL-001-RL
PC-002-RL
BC-003-RL","Ensemble Décoratif en Résine Marbrée avec Dorures - 4 Pièces
Cruche en céramique circulaire avec motifs andalous jaunes et bleus
Planche en Céramique Andalous – Élégance Artisanale
Boîte en céramique avec calligraphie arabe bleue (13cm)",695
6859,"CFA-001-SO
PCC-001-KER","Coffret Flamme d’artisan - Jasmin Noir ou Silex - Jasmin noir
Set ""Cœur à Cœur"" – Mug et Plateau en Céramique",695
6860,"ED-002-RES
BON-VS-TR","Ensemble Décoratif Minimaliste en Résine Blanche - 4 Pièces
Bonbonnières en verre soufflé & cuivre martelé - Transparent",695
6861,"ED-004-RES
ED-001-RES
PMC-002-KER","Ensemble Décoratif en Résine Marbrée avec Fleurs Séchées - 4 Pièces
Ensemble Décoratif Compact en Résine Marbrée avec Fleurs Séchées - 3 Pièces
Set ""Mots du Cœur Uno"" – Mug avec Inscription & Sous-Tasse",695
6862,"MC-001-KB
ED-004-RES
PCC-001-KER","Mathred-Coupe à Pied Martelée en Cuivre Argenté
Ensemble Décoratif en Résine Marbrée avec Fleurs Séchées - 4 Pièces
Set ""Cœur à Cœur"" – Mug et Plateau en Céramique",695
6863,"SS-AV-001
PCC-001-KER
ED-002-RES","Action Vérité Bitounsi - Jeu D'ambiance
Set ""Cœur à Cœur"" – Mug et Plateau en Céramique
Ensemble Décoratif Minimaliste en Résine Blanche - 4 Pièces",695
6864,"PCC-001-KER
LB-001-SB","Set ""Cœur à Cœur"" – Mug et Plateau en Céramique
Lunch-box Bento",695
6865,"SMB-001-FP
ED-001-RES","Sculptures Moaï en Béton – L’Art Mystique de l’Île de Pâques
Ensemble Décoratif Compact en Résine Marbrée avec Fleurs Séchées - 3 Pièces",695
6866,"ED-004-RES
PCC-001-KER","Ensemble Décoratif en Résine Marbrée avec Fleurs Séchées - 4 Pièces
Set ""Cœur à Cœur"" – Mug et Plateau en Céramique",695
6867,"ED-003-RES
ED-002-RES","Ensemble Décoratif en Résine Marbrée avec Dorures - 4 Pièces
Ensemble Décoratif Minimaliste en Résine Blanche - 4 Pièces",695
6868,"PDE-001-KER
ED-001-RES","Set ""Duo Envoûtant"" – Mug et Plateau en Céramique
Ensemble Décoratif Compact en Résine Marbrée avec Fleurs Séchées - 3 Pièces",695
6905,"CFA-001-SO
CCL-001-RL","Coffret Diffuseur et Bougie - Jasmin Noir ou Silex - Jasmin noir
Cruche en céramique circulaire avec motifs andalous jaunes et bleus",695
6869,"PCC-001-KER
ED-002-RES
BC-003-RL","Set ""Cœur à Cœur"" – Mug et Plateau en Céramique
Ensemble Décoratif Minimaliste en Résine Blanche - 4 Pièces
Boîte en céramique avec calligraphie arabe bleue (13cm)",695
6870,"ED-003-RES
PCM-002-KB","Ensemble Décoratif en Résine Marbrée avec Dorures - 4 Pièces
Plateau rond profond en cuivre martelé (34cm)",695
6871,"PCC-001-KER
ED-002-RES","Set ""Cœur à Cœur"" – Mug et Plateau en Céramique
Ensemble Décoratif Minimaliste en Résine Blanche - 4 Pièces",695
6872,"NBK-001-OSL
SS-AV-002","Jeu Nes Bekri Kalou ناس بكري قالوا
Action Vérité Bitounsi + 108 Extra Cartes - Jeu D'ambiance",695
6873,"PCC-001-KER
STE-001-EN-6","Set ""Cœur à Cœur"" – Mug et Plateau en Céramique
Service de Table ""Astéria"" - 6 Personnes",695
6874,"SS-TT-001
PCC-001-KER
BCP-001-RL","طلّع بالتونسي - TALA3 BITOUNSI
Set ""Cœur à Cœur"" – Mug et Plateau en Céramique
Bouteille en céramique décorée avec bouchon en liège",695
6875,"S6V-001-OD
BO-001-RL","Set de 6 Verres en Verre Soufflé - Collection Didon
Bouteille en Céramique Andalous – 75 cl",695
6876,"PCC-001-KER
PMC-001-KER","Set ""Cœur à Cœur"" – Mug et Plateau en Céramique
Set Mots du Cœur Duo",695
6877,"SS-AV-002
SS-MT-01
JA-001-ACH
SS-TT-001","Action Vérité Bitounsi + 108 Extra Cartes - Jeu D'ambiance
Jeu De Mimes - ميم بالتونسي - Jeu D'ambiance
L'archive - لرشيف
طلّع بالتونسي - TALA3 BITOUNSI",695
6878,"BCO-003-RL
TCC-001-KB","Bouteille Ovale en Céramique – Motifs Ottomans Peints à la Main (75 cl)
Tasse à café avec support en cuivre martelé et soucoupe",695
6879,"ZCL-002-KB
BON-VS-TR","Zazwa en Cuivre Martelé avec Manche en Laiton (4pax)
Bonbonnières en verre soufflé & cuivre martelé - Transparent",695
6880,"PMC-001-KER
PCC-001-KER
BC-003-RL
CCL-001-RL","Set Mots du Cœur Duo
Set ""Cœur à Cœur"" – Mug et Plateau en Céramique
Boîte en céramique avec calligraphie arabe bleue (13cm)
Cruche en céramique circulaire avec motifs andalous jaunes et bleus",695
6881,"BON-VS-TR
SGE-NA
SVO-001-6V","Bonbonnières en verre soufflé & cuivre martelé - Transparent
Set Gourmet L’Éveil – Vaisselle en Céramique en Pâte Blanche (Bleu Gris, Terracotta, Vert d’Eau) - Gris, 6 Personnes
Set de Vaisselle ""Organica"" - 6 Personnes",695
6882,"SGE-NA
PC-002-RL","Set Gourmet L’Éveil – Vaisselle en Céramique en Pâte Blanche (Bleu Gris, Terracotta, Vert d’Eau) - Vert, 4 Personnes
Planche en Céramique Andalous – Élégance Artisanale",695
6883,"VTC-001-KB
MC-001-KB
TCC-001-KB
PCM-001-KB
BVC-001-KB
PCM-002-KB
CVC-001-KB","Verre de thé avec base en cuivre
Mathred-Coupe à Pied Martelée en Cuivre Argenté
Tasse à café avec support en cuivre martelé et soucoupe
Plateau rond en métal martelé (25cm)
Boîte en verre avec couvercle en cuivre martelé
Plateau rond profond en cuivre martelé (34cm)
Carafe ""el bey"" en verre et cuivre martelé",695
6884,"VV-001-RES
CFA-001-SO","Grand Vase Visage Minimaliste en Résine
Coffret Flamme d’artisan - Jasmin Noir ou Silex - Jasmin noir",695
6885,"PCC-001-KER
MTC-001-SZ
ED-003-RES","Set ""Cœur à Cœur"" – Mug et Plateau en Céramique
Mug ""Tendresse"" en Céramique – Fait Main avec Cœur Rouge
Ensemble Décoratif en Résine Marbrée avec Dorures - 4 Pièces",695
6886,"
PC-002-RL
SPR-003-RL","Set Tanit Quattro - Carafe et 4 Verres en Verre Soufflé
Planche en Céramique Andalous – Élégance Artisanale
Sous-Plat Rond en Céramique Andalous – 20 cm",695
6887,"SGE-NA
SGE-NA","Set Gourmet L’Éveil – Vaisselle en Céramique en Pâte Blanche (Bleu Gris, Terracotta, Vert d’Eau) - Gris, 6 Personnes
Set Gourmet L’Éveil – Vaisselle en Céramique en Pâte Blanche (Bleu Gris, Terracotta, Vert d’Eau) - Vert, 6 Personnes",695
6888,"TCM-001-KB
VTC-001-KB","Théière en cuivre martelé
Verre de thé avec base en cuivre",695
6889,"VV-001-RES
ED-002-RES
ED-004-RES","Grand Vase Visage Minimaliste en Résine
Ensemble Décoratif Minimaliste en Résine Blanche - 4 Pièces
Ensemble Décoratif en Résine Marbrée avec Fleurs Séchées - 4 Pièces",695
6890,"ED-004-RES
VV-001-RES","Ensemble Décoratif en Résine Marbrée avec Fleurs Séchées - 4 Pièces
Grand Vase Visage Minimaliste en Résine",695
6891,"SS-TT-001
SS-AV-002","طلّع بالتونسي - TALA3 BITOUNSI
Action Vérité Bitounsi + 108 Extra Cartes - Jeu D'ambiance",695
6892,"MC-001-KB
LPC-001-KB
ZCL-001-KB","Mathred-Coupe à Pied Martelée en Cuivre Argenté
Mrach-Encensoir Traditionnel en Métal Martelé avec Pompon Bleu
Petite Zazwa en Cuivre Martelé",695
6893,"PMC-001-KER
SCA-001-RL","Set Mots du Cœur Duo
Set Calligraphie Arabe – Cruche, Sous-Plat & Planche en Céramique",695
6894,"ED-003-RES
PC-002-RL
SPR-003-RL
BCA-001-RL","Ensemble Décoratif en Résine Marbrée avec Dorures - 4 Pièces
Planche en Céramique Andalous – Élégance Artisanale
Sous-Plat Rond en Céramique Andalous – 20 cm
Bouteille en Céramique à Motifs Andalous",695
6895,"PDE-001-KER
PMC-002-KER","Set ""Duo Envoûtant"" – Mug et Plateau en Céramique
Set ""Mots du Cœur Uno"" – Mug avec Inscription & Sous-Tasse",695
6896,"PCM-001-KB
TCC-001-KB","Plateau rond en métal martelé (25cm)
Tasse à café avec support en cuivre martelé et soucoupe",695
6897,"PCC-001-KER
PDE-001-KER
PMC-002-KER","Set ""Cœur à Cœur"" – Mug et Plateau en Céramique
Set ""Duo Envoûtant"" – Mug et Plateau en Céramique
Set ""Mots du Cœur Uno"" – Mug avec Inscription & Sous-Tasse",695
6898,"ED-003-RES
PCC-001-KER
VC-001-RL","Ensemble Décoratif en Résine Marbrée avec Dorures - 4 Pièces
Set ""Cœur à Cœur"" – Mug et Plateau en Céramique
Vase en céramique avec motifs de poissons colorés- Samak",695
6899,"POC-001-RL
PSC-001-RL","Pack Ottoman en Céramique – Élégance et Artisanat
Porte-serviettes en céramique décoré",695
6900,"ZCL-002-KB
ZCL-001-KB
BCO-001-RL","Zazwa en Cuivre Martelé avec Manche en Laiton (4pax)
Petite Zazwa en Cuivre Martelé
Bouteille en Céramique – Motifs Ottomans Peints à la Main (75 cl)",695
6901,"CFA-001-SO
ED-001-RES","Coffret Diffuseur et Bougie - Jasmin Noir ou Silex - Jasmin noir
Ensemble Décoratif Compact en Résine Marbrée avec Fleurs Séchées - 3 Pièces",695
6902,"BCA-001-RL
CCL-001-RL
PSC-001-RL
BC-002-RL","Bouteille en Céramique à Motifs Andalous
Cruche en céramique circulaire avec motifs andalous jaunes et bleus
Porte-serviettes en céramique décoré
Boîte rectangulaire en céramique avec couvercle décoré de motifs géométriques",695
6903,"CCL-001-RL
MC-001-KB
ED-002-RES","Cruche en céramique circulaire avec motifs andalous jaunes et bleus
Mathred-Coupe à Pied Martelée en Cuivre Argenté
Ensemble Décoratif Minimaliste en Résine Blanche - 4 Pièces",695
6904,"ED-002-RES
ED-003-RES","Ensemble Décoratif Minimaliste en Résine Blanche - 4 Pièces
Ensemble Décoratif en Résine Marbrée avec Dorures - 4 Pièces",695
6906,"MC-001-KB
ZCL-002-KB","Mathred-Coupe à Pied Martelée en Cuivre Argenté
Zazwa en Cuivre Martelé avec Manche en Laiton (4pax)",695
6907,"CCL-001-RL
BCA-001-RL
ZCL-002-KB","Cruche en céramique circulaire avec motifs andalous jaunes et bleus
Bouteille en Céramique à Motifs Andalous
Zazwa en Cuivre Martelé avec Manche en Laiton (4pax)",695
6908,"ED-001-RES
BC-002-RL
BCA-001-RL
MC-001-RL","Ensemble Décoratif Compact en Résine Marbrée avec Fleurs Séchées - 3 Pièces
Boîte rectangulaire en céramique avec couvercle décoré de motifs géométriques
Bouteille en Céramique à Motifs Andalous
Mug en céramique minimaliste",695
6909,"SS-MT-01
SS-JB-001","Jeu De Mimes - ميم بالتونسي - Jeu D'ambiance
لعبة الباندي - Jeu D’ambiance",695
6910,Coussin-Géométrique-Style-Boho-50cm*30cm---Avec-Diffuseur-d'ambiance-SOUGUI---Jasmin-Noir,"Coussin Géométrique Style Boho 50cm*30cm - Avec
Diffuseur d'ambiance SOUGUI - Jasmin Noir",695
6911,"SS-JB-001
SS-AV-002
NBK-001-OSL
SS-LG-01","لعبة الباندي - Jeu D’ambiance
Action Vérité Bitounsi + 108 Extra Cartes - Jeu D'ambiance
Jeu Nes Bekri Kalou ناس بكري قالوا
Loup Garou Bitounsi - Jeu D'ambiance",695
6912,Déodorant-Solide-Jasmin-50g-Déodorant-Solide-Rose-50g-Déodorant-Solide-Vanille-50g,"Déodorant Solide Jasmin 50g
Déodorant Solide Rose 50g
Déodorant Solide Vanille 50g",695
6913,Beurre-d’Avocat-Baume-à-Lèvre-Embrasse-Moi,"Beurre d’Avocat
Baume à Lèvre Embrasse Moi",695
6914,Diffuseur-Voiture-Citron-Diffuseur-Voiture-Jasmin-Diffuseur-Voiture-Roses-et-Fruits-Rouges,"Diffuseur Voiture Citron
Diffuseur Voiture Jasmin
Diffuseur Voiture Roses et Fruits Rouges",695
6915,2-planches,2 planches,695
6916,Échiquier-PF,Échiquier PF,695
6917,Bonbonnière-GF,Bonbonnière GF,695
6918,Bouteille-fleur-2-oreilles,Bouteille fleur 2 oreilles,695
6919,Bouteille-Andalouse-+-planche,Bouteille Andalouse + planche,695
6920,3-bonbonnières-GF,3 bonbonnières GF,695
6921,1-bonbonnière-PF,1 bonbonnière PF,695
6922,Service-gourmand-fleur-verte,Service gourmand fleur verte,695
6923,Veilleuse-S3G,Veilleuse S3G,695
6924,TOTAL,TOTAL,695
6925,Bouteille-Ovale-Andalous-+-CRUCHE,Bouteille Ovale Andalous + CRUCHE,695
6926,Bouteille-andalouse-rectangulaire,Bouteille andalouse rectangulaire,695
6927,Veilleuse-S3G-orange,Veilleuse S3G orange,695
6928,Bouteille-huile-bleue-avec-rame,Bouteille huile bleue avec rame,695
6929,2-petites-Tasses-+-plateau-Zouba,2 petites Tasses + plateau Zouba,695
6930,Service-6P-gourmet-vert,Service 6P gourmet  vert,695
6931,Boîte-huile-calligraphie-bleue,Boîte huile calligraphie bleue,695
6932,3-bouteilles-calligraphie,3 bouteilles calligraphie ,695
6933,Bouteille-motif-andalouse-sans-oreille,Bouteille motif andalouse sans oreille,695
6934,Set-3-bougeoirs-gris,Set 3 bougeoirs gris,695
6935,Vase-poisson,Vase poisson,695
6936,Bouteille-andalouse,Bouteille andalouse,695
6937,Planche-+-bouteille-calligraphie,Planche + bouteille calligraphie,695
6938,2-planches-+-2-bouteilles-calligraphie,2 planches + 2 bouteilles calligraphie,695
6939,Bonbonnière-ébène,Bonbonnière ébène,695
6940,Bouteille-calligraphie-+-plateau,Bouteille calligraphie + plateau,695
6941,Bouteille-calligraphie,Bouteille calligraphie,695
6942,Bougie-bleue,Bougie bleue,695
6943,Coffret-zazoua+-planche-+-bouteille,Coffret zazoua+ planche + bouteille,695
6944,Petit-vase-du-trio-bleu,Petit vase du trio bleu,695
6945,Carafe-transparente-Dido,Carafe transparente Dido,695
6946,2-bonbonnières-transparentes,2 bonbonnières transparentes,695
6947,2-carafes-+-12-coupes,2 carafes + 12 coupes,695
6948,Reste-de-veilleuse,Reste de veilleuse,695
6949,Cruche-bleue,Cruche bleue,695
6950,3-cruches-+-3-serviettes-+-3-bouteilles,3 cruches + 3 serviettes + 3 bouteilles,695
6951,3-bouteilles-bleues,3 bouteilles bleues ,695
6952,2-veilleuses,2 veilleuses,695
6953,Verre-émeraude,Verre émeraude,695
6954,Sous-plat-cœur-zouba,Sous plat cœur zouba,695
6955,Bouteille-ottoman-+-planche,Bouteille ottoman + planche,695
6956,2-bouteilles-minimalistes-+-1-ottoman,2 bouteilles minimalistes + 1 ottoman,695
6957,Porte-épices,Porte-épices,695
6958,Serviette-+-ovale-+-planche,Serviette + ovale + planche,695
6959,Bouteille-visage,Bouteille visage,695
6960,2-bouteilles-floral,2 bouteilles floral,695
6961,1-porte-serviette-+-1-bouteille-+-Lampe-natte,1 porte serviette + 1 bouteille + Lampe natte,695
6962,1-cruche,1 cruche,695
6963,1-carafe-tanit-bleu,1 carafe tanit bleu,695
6964,1-veilleuse-natte,1 veilleuse natte,695
6965,1-bouteille,1 bouteille,695
6966,1-bouteille-+-1-planche-+-Boite,1 bouteille + 1 planche + Boite,695
6967,1-bouteille-+-sous-plat,1 bouteille + sous-plat,695
6968,Bonbonnière-ronde-(avec-défaut),Bonbonnière ronde (avec défaut),695
6969,1-bouteille-calligraphie-bleu,1 bouteille calligraphie bleu,695
6970,Mug-vert-cœur,Mug vert cœur,695
6971,3-mugs-+-planche,3 mugs + planche,695
6972,Carafe-Didon,Carafe Didon,695
6973,Planche-andalouse,Planche andalouse,695
6974,Bonbonnière-transparente,Bonbonnière transparente,695
6975,Planche-arabesque-noire,Planche arabesque noire,695
6976,Service-Terracotta,Service Terracotta,695
6977,Bougie-émeraude,Bougie émeraude,695
6978,2-bonbonnières-(trame-+-miel)-+-6-verres-transparents-+-carafe-Didon,2 bonbonnières (trame + miel) + 6 verres transparents + carafe Didon,695
6979,Service-G.E-gris-(TPE),Service G.E gris (TPE),695
6980,Veilleuse-(TPE),Veilleuse (TPE),695
6981,3-bonbonnières-3-couleurs,3 bonbonnières 3 couleurs,695
6982,Carafe-Bledi-+-6-verres-GF,Carafe Bledi + 6 verres GF,695
6983,Bouteille-bleue,Bouteille bleue,695
6984,Bouteille-fleur-plate,Bouteille fleur plate,695
6985,Bouteille-calligraphie-ovale-+-2-plats-calligraphie,Bouteille calligraphie ovale + 2 plats calligraphie,695
6986,Sous-tasse-bois-d’olivier,Sous tasse bois d’olivier,695
6992,Bonbonnière-transparente-+-carafe-Dido-bleue-+-2-petits-verres-bleus,Bonbonnière transparente + carafe Dido bleue + 2 petits verres bleus,695
6993,3-boîtes-grandes-bleues,3 boîtes grandes bleues,695
6994,Bougie-verte,Bougie verte,695
6995,Bouteille-ovale-bleue-+-boîte-ronde-bleue,Bouteille ovale bleue + boîte ronde bleue,695
6996,2-grands-mugs-Zouba,2 grands mugs Zouba,695
6997,Service-Organica-8P,Service Organica 8P,695
6998,Échecs-petit,Échecs petit,695
6999,2-bonbonnières-miel,2 bonbonnières miel,695
7000,Bonbonnière-Trampa-+-bougie-Sougui-(TPE),Bonbonnière Trampa + bougie Sougui (TPE),695
7001,6-bols-G.E-(3-verts-+-3-saumon),6 bols G.E (3 verts + 3 saumon),695
7002,Serviette-+-bouteille-+-planche-ronde-+-boîte-ronde-petite,Serviette + bouteille + planche ronde + boîte ronde petite,695
7003,2-bougies-Sougui,2 bougies Sougui,695
7004,Bouteille-fleur-ovale,Bouteille fleur ovale,695
7005,6-coupes-à-vin-transparentes,6 coupes à vin transparentes,695
7006,Plateau-bois-+-faïence,Plateau bois + faïence,695
7007,4-bonbonnières-(2-miel-+-2-violet),4 bonbonnières (2 miel + 2 violet),695
7008,Bougie-Sougui,Bougie Sougui,695
7009,Avance-Zineb-Chayah-(commande-WhatsApp),Avance Zineb Chayah (commande WhatsApp),695
7010,Bonbonnière-miel,Bonbonnière miel,695
7011,Échiquier-grand,Échiquier grand,695
7012,Bougie-Sougui-+-fond-verre-bleu,Bougie Sougui + fond verre bleu,695
7013,2-bouteilles-fleurs-(ovale-+-plate),2 bouteilles fleurs (ovale + plate),695
7014,Petit-verre-transparent,Petit verre transparent,695
7015,2-services-Terracotta-+-gris,2 services Terracotta + gris,695
7016,Carafe-Medina-transparente,Carafe Medina transparente,695
7017,Mug-rose-cœur,Mug rose cœur,695
7018,Bouteille-ovale-fleur,Bouteille ovale fleur,695
7019,Service-gourmet-(verre-d’eau-+-terracotta),Service gourmet (verre d’eau + terracotta),695
7020,4-verres-Transparent,4 verres Transparent,695
7021,Bonbonnière-transparente-+-porte-épices-bois,Bonbonnière transparente + porte-épices bois,695
7022,Bougie-parfum-Sougui,Bougie parfum Sougui,695
7023,Bonbonnière-miel-+-bonbonnière-transparente,Bonbonnière miel + bonbonnière transparente,695
7024,Plateau-30*10,Plateau 30*10,695
7025,Plateau-20*10,Plateau 20*10,695
7026,Plateau-20*20,Plateau 20*20,695
7027,Magnet-fridge,Magnet fridge,695
7028,Porte-clé-chachia,Porte clé chachia ,695
7029,Couffin-sac-à-main,Couffin sac à main,695
7030,Planche-Bois,Planche Bois,695
7031,Fouta,Fouta,695
7032,fridge-magnet,fridge magnet,695
7033,mouton-T3,mouton T3,695
7034,Sous-plat-bois,Sous plat bois,695
7035,Bouteille-huile,Bouteille huile,695
7036,bougie-sidi-bousaid-MF,bougie sidi bousaid MF,695
7037,bougie-trio,bougie trio,695
7038,tasse-+-st-coeur-irr,tasse + st coeur irr,695
7039,bougie-sidi-bousaid-GF,bougie sidi bousaid GF,695
7040,bouteille-huile-d'olive-poisson-pf,bouteille huile d'olive poisson pf,695
7041,Bouteille-huile-d'olive-pf,Bouteille huile d'olive pf,695
7042,Tote-Bag,Tote Bag ,695
7043,Porte-clé-porte,Porte clé porte,695
7044,Plateau-30*20,Plateau 30*20,695
7045,vase-Poissons,vase Poissons,695
7046,BROC-verre-GM,BROC verre GM,695
7047,Mouton-PF,Mouton PF,695
7048,Poisson-avec-Tige,Poisson avec Tige ,695
7049,Carafe-didon-Bleue,Carafe didon Bleue,695
7050,Carafe-Medina-Bleue,Carafe Medina Bleue,695
7051,Verre-Bleu-PF,Verre Bleu PF,695
7052,Carafe-Didon-Miel,Carafe Didon Miel,695
7053,Verre-Miel-PF,Verre Miel PF,695
7054,Verre-Miel-MF,Verre Miel MF,695
7055,Bonbonniére-Miel,Bonbonniére Miel,695
7056,Bonbonniére-ebene,Bonbonniére ebene,695
7057,Bonbonniére-trans,Bonbonniére trans,695
7058,Tasse-+-st-fleur-bleue-irr,Tasse + st fleur bleue irr,695
7059,Carafe-Tanit-miel,Carafe Tanit miel,695
7060,Bouteille-Huile-d'olive-fleurs-GF,Bouteille Huile d'olive fleurs GF,695
7061,Mug-emeraude-Sougui,Mug emeraude Sougui,695
7062,Plat-zouba-emeraude,Plat zouba emeraude ,695
7063,Vase-Corps-PF,Vase Corps PF,695
7064,Verre-Miel-GF,Verre Miel GF,695
7065,Carafe-Medina-Miel,Carafe Medina Miel,695
7066,Verre-Bleu-GF,Verre Bleu GF,695
7067,Mouton-MF,Mouton MF,695
7068,tasse-+-st-irr,tasse + st irr,695
7069,Mouton-GF,Mouton GF,695
7070,Mug-Zouba-Vert-et-mauve,Mug Zouba Vert et mauve,695
7071,sous-tasse-bleu-et-blanc-PF-zouba,sous tasse bleu et blanc PF zouba,695
7072,Tasse-irr-sans-St,Tasse irr sans St,695
7073,2-bol-zouba-+-2creux-+-plat-dessert-emraude,2 bol zouba + 2creux + plat dessert emraude,695
7074,Tasse-+-st-jasmin-PF,Tasse + st  jasmin PF,695
7075,plateau-6-+-2-bobonniére-+-diffiseur-+-bouteille-pm,plateau 6 + 2 bobonniére + diffiseur + bouteille pm ,695
7076,palteau-4,palteau 4,695
7077,plateau-6-+-plateau-2-+-porte-sous-tasses,plateau 6 + plateau 2 + porte sous tasses,695
7078,mot-du-coueur-solo,mot du coueur solo,695
7079,Mouton-T2,Mouton T2,695
7080,carafe-Bled-champagne,carafe Bled champagne,695
7081,Packaging-carafe,Packaging carafe,695
7082,tasse-ceram-bouquet-sans-St,tasse ceram bouquet  sans St,695
7083,tasse-irr-fleur-bleu,tasse irr fleur bleu ,695
7084,photophote-T1-+-solo,photophote T1 + solo ,695
7085,photophote-T1,photophote T1,695
7086,bouteille-+-diffuseur,bouteille + diffuseur,695
7087,tassa-+st-irr-violet,tassa +st irr violet,695
7089,zouba-tasse-fleur,zouba tasse fleur,695
7090,verre-soufle-bleu-GF,verre soufle bleu GF,695
7091,mug-irr-red-flower,mug irr red flower,695
7092,fish,fish,695
7093,moia-T2,moia T2,695
7094,mug-fleur-bleu,mug fleur bleu,695
7095,diffiseur,diffiseur,695
7096,plateau-3,plateau 3,695
7097,zouba-tasse-emraude,zouba tasse emraude,695
7098,sac-couffin-cuire,sac couffin cuire,695
7099,carafe-bled-transparent-+-packaging,carafe bled transparent + packaging,695
7100,petit-verre-soufflé-Transparent,petit verre soufflé Transparent,695
7101,petit-verre-soufflé-Bleu,petit verre soufflé Bleu,695
7102,Sceau-glaçon,Sceau glaçon,695
7103,mouton-T1,mouton T1,695
7104,plateau-3-+-carafe-didon-champagne-+-2-petit-verres,plateau 3 + carafe didon champagne + 2 petit verres,695
7105,bouteilles-aouiti,bouteilles aouiti,695
7106,bouteille-aouiti,bouteille aouiti,695
7107,mug-irr-blue-flower,mug irr blue flower,695
7108,Photophore-Sidi-Bousaid,Photophore Sidi Bousaid ,695
7109,Couffin-+-fouta,Couffin + fouta,695
7110,Bol-Zouba-15-dt,Bol Zouba 15 dt,695
7111,Verre-à-vin-miel,Verre à vin miel,695
7112,bouteille-huile-d'olive-GF,bouteille huile d'olive GF,695
7113,vase-bleu-mf,vase bleu mf,695
7114,Flute-Verre-Miel,Flute Verre Miel,695
7115,Bonbonnière-Violet,Bonbonnière Violet,695
7116,bougie-parfumée-Abm,bougie parfumée Abm,695
7117,Lampe-béton,Lampe béton ,695
7118,Bougie-Sidi-Bousaid-PF,Bougie Sidi Bousaid PF,695
7119,Tanit-céramique,Tanit céramique,695
7120,Sous-plat-Céramique-Aouiti,Sous plat Céramique Aouiti,695
7121,Bouteille-Huile-Aouiti-PF,Bouteille Huile Aouiti PF,695
7122,Flute-Verre-Transparent,Flute Verre Transparent,695
7123,Mug-Raku,Mug Raku,695
7124,Mug-Fleur-rose-Irr,Mug Fleur rose Irr,695
7125,Fouta-Jaune,Fouta Jaune,695
7126,Bouteille-Huile-Aouiti-GF,Bouteille Huile Aouiti GF,695
7127,Toupie,Toupie,695
7128,Sous-Plat,Sous Plat ,695
7129,Planche-céramique-Aouiti,Planche céramique Aouiti,695
7130,Planche-bois-d'olivier,Planche bois d'olivier,695
7131,Fouta,Fouta ,695
7132,Mug-+-paille,Mug + paille,695
7133,Tasse-+-St,Tasse + St ,695
7134,Bol-vert-Zouba,Bol vert Zouba,695
7135,Vide-poche-BO,Vide poche BO,695
7136,échequier,échequier,695
7137,Mug-+planche,Mug +planche,695
7138,Mug-Zouba-Emeraude-PF,Mug Zouba Emeraude PF,695
7139,Pack-Mosaique,Pack Mosaique,695
7140,Sous-Tasse-BO,Sous Tasse BO,695
7141,Bouteille-Huile-d'olive,Bouteille Huile d'olive,695
7142,Echéquier,Echéquier ,695
7143,porte-clé,porte clé ,695
7144,Verre-Miel,Verre Miel ,695
7145,bonbonniére,bonbonniére ,695
7146,Poisson-Céramique,Poisson Céramique ,695
7147,Vase-Gris-Amazigh-Aouiti-PF,Vase Gris Amazigh Aouiti PF,695
7148,Sous-Tasse-Bois-d'olivier,Sous Tasse Bois d'olivier,695
7149,Diffuseur-Aouiti,Diffuseur Aouiti,695
7150,Bougie-Sidi-Bousaid-Solo-PF,Bougie Sidi Bousaid Solo PF,695
7151,Bouteille-Huile-d'olive-mf,Bouteille Huile d'olive mf,695
7152,Bougie-Sidi-Bousaid-Solo-MF,Bougie Sidi Bousaid Solo MF,695
7153,Boudha-béton,Boudha béton,695
7154,Bougie-Sidi-Bousaid-Set-3,Bougie Sidi Bousaid Set 3,695
7155,Bol-Zouba-emeraude,Bol Zouba emeraude ,695
7156,Trio-Porte-bougie-Rouge,Trio Porte bougie Rouge,695
7157,Vase-Gris-Aamazigh-Aouiti-MF,Vase Gris Aamazigh Aouiti MF,695
7158,Trio-Vases-Bleu-Aouiti,Trio Vases Bleu Aouiti,695
7159,Grand-Couffin,Grand Couffin ,695
7160,Bol-Zouba,Bol Zouba ,695
7161,Planche-céramique-Aouiti,Planche céramique Aouiti ,695
7162,Verre-à-pied-Bleu,Verre à pied Bleu,695
7163,Tasse-+-ST-coeur,Tasse + ST coeur,695
7164,Vase-gris-MF,Vase gris MF,695
7165,Feuille-Longue-Zouba,Feuille Longue Zouba,695
7166,Boite-céramique-PF,Boite céramique PF,695
7167,Veilleuse-nattes,Veilleuse nattes ,695
7168,Bonbonniére-transparente,Bonbonniére transparente,695
7169,Grand-Couffin-+-Fouta,Grand Couffin + Fouta,695
7170,Echequier,Echequier ,695
7171,Bougeoir-Raku,Bougeoir Raku,695
7172,Plateau-émeraude-dessin-deux-arbres-Zouba,Plateau émeraude dessin deux arbres Zouba,695
7173,Trio-Vases-Rouge-Aouiti,Trio Vases Rouge Aouiti,695
7174,Boite-ronde-céramique,Boite ronde céramique ,695
7175,Tasse+-ST,Tasse+ ST,695
7176,Moia-Béton-PF,Moia Béton PF,695
7177,Mug-Rose,Mug Rose ,695
7178,Mug-+-sous-tasse-Zouba,Mug + sous tasse Zouba,695
7179,Set-Moia-béton,Set Moia béton,695
7180,Verre-GF,Verre GF,695
7181,Tasse-+-planche-coeur-à-coeur,Tasse + planche coeur à coeur,695
7182,Tasse-+-St-mot-du-coeur,Tasse + St mot du coeur,695
7183,Trio-Bougie-sidi-bou,Trio Bougie sidi bou,695
7184,Trio-Vases-Gris-Aouiti,Trio Vases Gris Aouiti,695
7185,Tasse+-St-mot-du-coeur,Tasse+ St mot du coeur,695
7186,Mug-rose-COEUR-Zouba,Mug rose COEUR Zouba,695
7187,Vase-corps-GF,Vase corps GF,695
7188,Tasse-+-ST-fleur-orange,Tasse + ST fleur orange,695
7189,Bougie-Parfumée-rose,Bougie Parfumée rose,695
7190,Tasse-+-Planche-envoutant,Tasse + Planche envoutant,695
7191,bonbonniére-ébène,bonbonniére ébène ,695
7192,Céramique-Poisson,Céramique Poisson,695
7193,Céramique-Khomssa,Céramique Khomssa,695
7194,Porte-clé-chachia,Porte clé chachia,695
7195,Toupie,Toupie ,695
7196,Tasse-Mot-du-coeur,Tasse Mot du coeur,695
7197,Tasse-Zouba-fleur,Tasse Zouba fleur,695
7198,Verre-olive,Verre olive,695
7199,Mug-violet,Mug violet,695
7200,Verre-pf,Verre pf,695
7201,Vide-poche-coeur,Vide poche coeur ,695
7202,Vide-poche-carré,Vide poche carré,695
7203,Carafe-Champagne,Carafe Champagne,695
7204,Vase-Samak,Vase Samak,695
7205,Bougie-rose,Bougie rose,695
7206,Carafe-Bled-transparente,Carafe Bled transparente,695
7207,Verre-transaprent-GF,Verre transaprent GF,695
7208,Mug-rAKU-gRIS,Mug rAKU gRIS,695
7209,Sous-plat-Andalous,Sous plat Andalous,695
7210,Carafe-Tanit-Bleue,Carafe Tanit Bleue ,695
7211,Pack-Photophore-sidi-bou,Pack Photophore sidi bou,695
7212,Tanit-Céramique,Tanit Céramique ,695
7213,Broc-eau-BLEU,Broc eau BLEU,695
7214,DS-001-SO,Diffuseur Sougui,173
7215,BP-001-SO,Bougie Parfumée Sougui,173
7216,BCM-001-KB,Bonbonniére Cuivre martelé 1,174
7217,LPC-001-KB,Lance parfum cuivre martelé 1,174
7218,MC-001-KB,Mathred Cuivre martelé 1,174
7219,ZCL-001-KB,Zazoua Cuivre martelé manche en laiton 1,174
7220,ZCL-002-KB,Zazoua Cuivre martelé manche en laiton 2,174
7221,MCM-001-KB,Mug en cuivre martelé,174
7222,CVC-001-KB,Carafe « el bey » en verre et cuivre martelé,175
7223,BCL-003-RL,Bouteille en Céramique à Motifs Andalous 2,175
7224,BCL-004-RL,Bouteille en Céramique à Motif VISAGE ,175
7225,BCL-005-RL,Bouteille en Céramique à Motif Calligraphie 1,175
7226,BCL-006-RL,Bouteille en Céramique à Motif Fleurs,175
7227,PSC-002-RL,Porte-serviettes en céramique décoré andalous,176
7228,BC-001-RL,Boîte en céramique avec calligraphie arabe bleue,176
7229,BC-003-RL,Boîte en céramique avec calligraphie arabe bleue 2,176
7230,BC-004-RL,Boîte carré en céramique avec couvercle décoré de motifs géométriques,176
7231,BC-005-RL,Boîte en céramique ronde avec porte médina,176
7232,VC-002-RL,Ensemble de vases en céramique bleue avec motifs berbères,177
7233,PML-001-LR,Petit mouton en Laine ,178
7234,MML-001-LR,Mouton taille moyenne en laine ,178
7235,GML-001-LR,Mouton taille Grande en laine ,178
7236,TBC-001-RL,Trio bougies céramique rouge décoré ,173
7237,CVC-001-OD,Carafe Tanit en verre craquelé,175
7238,CVC-002-OD,Carafe Didon en verre craquelé,175
7239,CVC-003-OD,Carafe Magon  en verre craquelé,175
7240,VVC-001-OD,Set de 6 verres Didon,175
7241,TBT-001-SS,Jeu talla3 b tounsi ,179
7242,JB-001-SS,Jeu el Bandi,179
7243,JM-001-SS,Jeu Mimes,179
7244,JLG-001-SS,Jeu Loup Garou,179
7245,LIV-P,Livraison Particulier,695
7246,TBC-RL,Bougeoirs Ethniques en Céramique,180
7247,TVC-RL,Ensemble de vases en céramique avec motifs berbères,200
7248,TAC-001-SZ,Tasse artisanale en céramique émaillée - Vert Nature,200
7249,TAC-002-SZ,Tasse artisanale en céramique émaillée - Lilas Élégant,200
7250,TCO-001-SZ,Tasse citrouille en céramique artisanale - Édition Orange,200
7251,ML-001-LR,Mouton Décoratif en Laine - Disponible en 3 Tailles,187
7252,MML-001-T1,Mouton Décoratif en Laine - Disponible en 3 Tailles - S,695
7253,GML-001-T2,Mouton Décoratif en Laine - Disponible en 3 Tailles - M,695
7254,PML-001-T3,Mouton Décoratif en Laine - Disponible en 3 Tailles - L,695
7255,CFA-SO,Coffret Flamme d’artisan - Jasmin Noir ou Silex,188
7256,CVD-001-OD,Carafe en Verre Soufflé - Didon,238
7257,Sculpture-Tête-de-Cheval-en-Raku---Édition-Artisanale,Sculpture Tête de Cheval en Raku - Édition Artisanale,194
7258,Sculpture-Hibou-en-Raku---Édition-Artisanale,Sculpture Hibou en Raku - Édition Artisanale,194
7259,Vase-Buste-en-Raku---Édition-Artisanale,Vase Buste en Raku - Édition Artisanale,194
7260,Sculpture-Poisson-en-Raku---Édition-Artisanale,Sculpture Poisson en Raku - Édition Artisanale,194
7261,Sculpture-Cheval-en-Raku---Édition-Équestre-Artisanale,Sculpture Cheval en Raku - Édition Équestre Artisanale,194
7262,Veilleuse-Coquille-en-Fibres-Végétales-et-Fer,Veilleuse Coquille en Fibres Végétales et Fer,193
7263,Veilleuse-Citrouille-en-Fibres-Végétales-et-Fer,Veilleuse Citrouille en Fibres Végétales et Fer,193
7264,Veilleuse-Diamant-en-Fibres-Végétales-et-Fer,Veilleuse Diamant en Fibres Végétales et Fer,193
7265,Applique-Murale-Diamant-en-Fibres-Végétales-et-Fer,Applique Murale Diamant en Fibres Végétales et Fer,193
7266,Applique-Murale-Marabout-en-Fibres-Végétales-et-Fer,Applique Murale Marabout en Fibres Végétales et Fer,193
7267,STC-002-KB,Service à Thé Martelé - Théière et Verres,182
7268,STC-001-KB,Service à Thé Martelé avec Plateau - Théière et Verres,182
7269,4TC-001-KB,Tasses à Café en Métal Martelé avec Intérieur en Céramique,182
7270,SCC-001-KB,Service à Café Oriental en Métal Martelé avec Plateau,182
7271,TBC-002-RL,Bougeoirs Ethniques en Céramique - Bleu,695
7272,TBC-001-RL,Bougeoirs Ethniques en Céramique - Rouge,695
7273,BO-001-RL,Bouteille en Céramique Andalous – 250 ml,200
7274,BCO-002-RL,Bouteille Plate en Céramique – Motifs Ottomans Peints à la Main (75 cl),200
7275,SPR-005-RL,Sous-Plat en Céramique – Motifs Ottomans Peints à la Main (20 cm),200
7276,PC-003-RL,Planche en Céramique – Motifs Ottomans Peints à la Main,200
7277,DBC-001-RL,Set de Deux Boîtes en Céramique – Motifs Ottomans Peints à la Main,200
7278,PCB-001-BF,Plateau Mosaïque d’Olive,238
7279,PCB-002-BF,Plateau Mosaïque d’Olive - Motif 2,695
7280,STB-001-BF,Sous-tasses Mosaïque d’Olive,238
7281,STB-001-BF-4,Sous-tasses Mosaïque d’Olive - Lot de 4,695
7282,STB-001-BF-6,Sous-tasses Mosaïque d’Olive - Lot de 6,695
7283,BB-001-FP,Sculpture Bouddha en Béton – Sérénité et Artisanat Brut,194
7284,CGO-2M,"Set ""Olivéa"" en Grès",207
7285,SA-001-NA,"Service de Table ""Astéria""",200
7286,SVO-001,"Set de Vaisselle ""Organica""",207
7287,SSN-2M,"Set ""Séli"" en Grès Noirs",207
7288,SSB-2M,"🤍 Set ""Séa"" en Grès Blanc Moucheté",207
7289,SEA-001-OD,"Set ""Éclats d’Azur""- 6 verres à pied en verre soufflé craquelé",238
7290,CGO-001-2M-32,"Set ""Olivéa"" en Grès - 32 pièces",695
7291,CGO-001-2M-27,"Set ""Olivéa"" en Grès - 27 pièces",695
7292,CGO-001-2M-20,"Set ""Olivéa"" en Grès - 20 pièces",695
7293,CGO-001-2M-18,"Set ""Olivéa"" en Grès - 18 pièces",695
7294,SSN-001-2M-32,"Set ""Séli"" en Grès Noirs - 32 pièces",695
7295,SSN-001-2M-27,"Set ""Séli"" en Grès Noirs - 27 pièces",695
7296,SSN-001-2M-20,"Set ""Séli"" en Grès Noirs - 20 pièces",695
7297,SSN-001-2M-18,"Set ""Séli"" en Grès Noirs - 18 pièces",695
7298,SSN-001-2M-14,"Set ""Séli"" en Grès Noirs - 14 pièces",695
7299,SSB-001-2M-27,"🤍 Set ""Séa"" en Grès Blanc Moucheté - 27 pièces",695
7300,SSB-001-2M-20,"🤍 Set ""Séa"" en Grès Blanc Moucheté - 20 pièces",695
7301,SSB-001-2M-18,"🤍 Set ""Séa"" en Grès Blanc Moucheté - 18 pièces",695
7302,SSB-001-2M-14,"🤍 Set ""Séa"" en Grès Blanc Moucheté - 14 pièces",695
7303,SVO-001-6V,"Set de Vaisselle ""Organica"" - 6 Personnes, Vert",695
7304,SSN-001-2M-12,"Set ""Séli"" en Grès Noirs - 12 pièces",695
7305,SSB-001-2M-12,"🤍 Set ""Séa"" en Grès Blanc Moucheté - 12 pièces",695
7306,SGE-NA,"Set Gourmet L’Éveil – Vaisselle en Céramique en Pâte Blanche (Bleu Gris, Terracotta, Vert d’Eau)",200
7307,SFA-001-OD,"Set ""Flûtes d'Azur"" - 6 flûtes en verre soufflé craquelé",238
7308,CT-TB-01,Carafe Tanit – Élégance en Verre Soufflé,207
7309,CTB-001,"Carafe Tanit – Élégance en Verre Soufflé - Bleu, Solo",695
7310,CTT-002,"Carafe Tanit – Élégance en Verre Soufflé - Transparent, Duo",695
7311,CTB-002,"Carafe Tanit – Élégance en Verre Soufflé - Bleu, Duo",695
7312,CVD-001-OD-1,"Carafe en Verre Soufflé - Didon - Solo, Blanc",695
7313,CVD-001-OD-4,"Carafe en Verre Soufflé - Didon - Quattro, Blanc",695
7314,CVD-001-OD-6,"Carafe en Verre Soufflé - Didon - Premium, Blanc",695
7315,BVC-002-SO,Bonbonnières en verre soufflé & cuivre martelé,182
7316,BCL-007-RL,Bouteille en céramique - Calligraphie arabe Bleue,238
7317,BCL-005-RL-1,Bouteille en céramique - Calligraphie arabe Bleue - Rectangulaire,695
7318,BCL-005-RL-02,Bouteille en céramique - Calligraphie arabe Bleue - Ovale,695
7319,PC-001-RL,Planche “Khamsa” – Céramique calligraphique bleue,238
7320,BCL-001-RL,Bouteille “Azura” – Céramique artisanale géométrique,238
7321,BCL-001-RL-1,Bouteille “Azura” – Céramique artisanale géométrique - Rectangulaire,695
7322,BC-004-RL,Boîte carrée en céramique “Azur” – Motifs géométriques,238
7323,CCN-001-MHN,Duo de Corbeilles en Nattes tressées - Forme Cœur (Rouge Foncé),238
7324,SVO-001-6J,"Set de Vaisselle ""Organica"" - 6 Personnes, Jaune",695
7325,TSC-ART-001,Collection Émotion – Tasses & Soucoupes Artisanales,238
7326,SKU : SDB-PPH,Collection Sidi Bou – Photophores artisanaux en cire parfumée,180
7327,SDB-PPH-PF,Collection Sidi Bou – Photophores artisanaux en cire parfumée - PF,695
7328,SDB-PPH-GF,Collection Sidi Bou – Photophores artisanaux en cire parfumée - GF,695
7329,SKU : SDB-PPH-SET,Collection Sidi Bou – Photophores artisanaux en cire parfumée - SET,695
7330,Carafe-Médina-–-Verre-soufflé-artisanal-(3-coloris),Carafe Médina – Verre soufflé artisanal (3 coloris),207
7331,CRM-MED-BL,Carafe Médina – Verre soufflé artisanal (3 coloris) - Bleu,695
7332,COU-BAMB-002,Couffin artisanal en fibre végétale – Elyssa - Bambou,695
7333,Fouta-artisanale-en-coton-–-2m-x-1m-–-Couleurs-au-choix,Fouta artisanale en coton – 2m x 1m – Couleurs au choix,226
7334,Poisson-décoratif-artisanal-en-céramique-–-Motifs-au-choix,Poisson décoratif artisanal en céramique – Motifs au choix,187
7335,SKU : DEC-POI-MC,Poisson décoratif artisanal en céramique – Motifs au choix - 1,695
7336,DEC-POI-BL,Poisson décoratif artisanal en céramique – Motifs au choix - 2,695
7337,DEC-POI-SR,Poisson décoratif artisanal en céramique – Motifs au choix - 3,695
7338,BO-001-RL-K,Bouteille en Céramique Andalous – 250 ml - Kous,695
7339,MTN-BAS-001,Mouton à bascule artisanal – Bois & laine naturelle,187
7340,TSC-ART-001-BQ,Collection Émotion – Tasses & Soucoupes Artisanales - Bouquet,695
7341,SCG-VS-CRAQ-001,Seau à glace artisanal en verre soufflé craquelé,191
7342,VPB-CR-CO,Vide-poches décoratif en bois d’olivier peint à la main – Motifs portes tunisiennes,239
7343,VPB-CR-BLC,"Vide-poches décoratif en bois d’olivier peint à la main – Motifs portes tunisiennes - Blanc, Carré",695
7344,VPB-CR-BLU,"Vide-poches décoratif en bois d’olivier peint à la main – Motifs portes tunisiennes - Bleu, Carré",695
7345,VPB-CR-RGE,"Vide-poches décoratif en bois d’olivier peint à la main – Motifs portes tunisiennes - Rouge, Carré",695
7346,VPB-CO-BLC,"Vide-poches décoratif en bois d’olivier peint à la main – Motifs portes tunisiennes - Blanc, Cœur",695
7347,"Vide-poches-décoratif-en-bois-d’olivier-peint-à-la-main-–-Motifs-portes-tunisiennes---Rouge,-Cœur","Vide-poches décoratif en bois d’olivier peint à la main – Motifs portes tunisiennes - Rouge, Cœur",695
7348,VPB-CR-VRT,"Vide-poches décoratif en bois d’olivier peint à la main – Motifs portes tunisiennes - Vert, Cœur",695
7349,MUG-BOH,Mug Bohème en céramique artisanale – Avec sous-tasse,200
7350,VER-CRAQ-OO,Collection Opale d’Orient - Set de 6 verres artisanaux en verre soufflé craquelé,191
7351,VER-CRAQ-TRP,Collection Opale d’Orient - Set de 6 verres artisanaux en verre soufflé craquelé - Transparent,695
7352,VER-CRAQ-CHP,Collection Opale d’Orient - Set de 6 verres artisanaux en verre soufflé craquelé - Champagne,695
7353,TOT-SO,Tote Bag Sougui,226
7354,TOT-SO-001,Tote Bag Sougui - Hout Alik,695
7355,TOT-SO-002,Tote Bag Sougui - Harissa,695
7356,TOT-SO-003,Tote Bag Sougui - Tunisia,695
7357,TOT-SO-005,Tote Bag Sougui - Sayyafi,695
7358,TAB-AC-ZA,L’arbre du crépuscule,236
7359,TAB-CM-ZA,Couleurs de la Médina,236
7360,TAB-DJ-ZA,Douceur de Djerba,236
7361,CFA-001-SO,Coffret Flamme d’artisan – Jasmin Noir ou Silex,695
7362,SGE-001-NA,Set Gourmet l'éveil céramique Vet d'eau,695
7363,SGE-002-NA,Set Gourmet l'éveil céramique Bleu Gris,695
7364,SGE-003-NA,Set Gourmet l'éveil céramique Terracotta,695
7365,SO-001-NA,Set de TABLE « Organica »,695
7366,SA-001-NA,Set de TABLE « Astéria »,695
7367,SOV-001-NA,Set de TABLE « olivéa » en grès ,695
7368,SSN-001-2M,Set « Séli » en Grès Noirs,695
7369,SSB-001-2M,Set « Séa » en Grès Blanc Moucheté,695
7370,CGO-001-2M,Carafe et 6 Gobelets « Olivéa » en Grès – Élégance Naturelle et Authentique,695
7371,DBO-001-2M,Duo de Bouteilles avec Support « Olivéa » en Grès,695
7372,CGS-001-2M,Carafe et 6 Gobelets « Séa » en Grès – Élégance Naturelle et Authentique,695
7373,CGS-002-2M,Carafe et 6 Gobelets « Séli » en Grès – Élégance Naturelle et Authentique,695
7374,PSC-001-RL,Porte-serviettes en céramique décoré fleurs,695
7375,BC-005-RL,Boîte en céramique ronde OTTOMAN,695
7376,FAV-001-OD,Set « Flûtes d’Azur » – 6 flûtes en verre soufflé craquelé,695
7377,VVC-001-OD,Verre en verre craquelé type 1 didon,695
7378,NBK-001-OSL,Jeu Nes Bekri Kalou,695
7379,RP-001-LIB,Rame papier multi office,695
7380,AGM-001-LIB,Agrafeuse Maped,695
7381,RAG-001-LIB,Recharge Agrafeuse,695
7382,PC-001-RL,Planche céramique calligraphie bleue,695
7383,PC-002-RL,Planche céramique Andalous,695
7384,PC-003-RL,Planche céramique OTTOMAN,695
7385,PC-004-RL,Planche céramique calligraphie motif formes géométriques bleu,695
7386,PC-005-RL,Planche céramique calligraphie noire,695
7387,JEB-001-BF,Jeu d'échecs petit modèle en bois d'olivier,695
7388,JEB-002-BF,Jeu d'échecs grand modèle en bois d'olivier,695
7389,E4B-001-BF,Etagére 4 boitiers bois d'olivier medina épices,695
7390,STB-001-BF,Sous tasse céramique bois d'olivier,695
7391,PCB-001-BF,Plateau en céramique bois d'olivier mosaique d'olive 30*20,695
7392,PCB-002-BF,Plateau en céramique bois d'olivier mosaique d'olive 30*10,695
7393,PCB-003-BF,Plateau en céramique bois d'olivier mosaique d'olive 20*10,695
7394,PCB-004-BF,Plateau en céramique bois d'olivier mosaique d'olive 20*20,695
7395,VVC-002-OD,Verre en verre craquelé type 2 Chope,695
7396,VVC-003-OD,Verre en verre craquelé type 3 flute avec base,695
7397,VVC-004-OD,Verre en verre craquelé type 4 a pied tp12b,695
7398,VVC-005-OD,Verre en verre craquelé type 5 a pied tige long,695
7399,VVC-001-SMC,Verre à vin en cuivre,695
7400,AS-001-MF,Abonnement annuel salle de sport,695
7401,PCC-001-KER,Pack  saint valentin cœur à coeur : planche + tasse,695
7402,PMC-001-KER,Pack saint valentin Mots du coeur : 2 tasses + 2 st + plateau),695
7403,ED-001-RES,Ensemble décoratif en résine gris,695
7404,ED-002-RES,Ensemble décoratif en résine Beige,695
7405,ED-003-RES,Ensemble décoratif en résine Gris + doré,695
7406,ED-004-RES,Ensemble décoratif en résine gris marbré,695
7407,ED-005-RES,Ensemble décoratif grand modèle,695
7408,VV-001-RES,Grand Vase visage en résine,695
7409,DV-001-RES,Duo Vase Noir,695
7410,DV-002-RES,Duo Vase Beige,695
7411,VB-001-RES,Vase Beige en U,695
7412,VB-002-RES,Vase Beige triangle,695
7413,Salaire Mensuel,Salaire Mensuel ,695
7414,CFV-001-MHN,Grande Corbeille en fibre végétale,695
7415,CFV-002-MHN,Peti corbeille en fibre végétale,695
7416,VL-001-MHN,Veilleuse de lit en fibre végétale,695
7417,LMH-HA,Location maison d'hotes,695
7418,Shooting,Shooting produits,695
7419,SPR-001-RL,Sous plat rond Calligraphie bleue,695
7420,SPR-002-RL,Sous plat rond Calligraphie Noire,695
7421,SPR-003-RL,Sous plat rond Andalous,695
7422,SPR-004-RL,Sous plat rond Formes géométriques,695
7423,SPR-005-RL,Sous plat rond fleurs colorés,695
7424,BA,Bon d'achat de 100dt,695
7425,PDE-001-KER,Pack  saint valentin duo envoutant : planche + tasse,695
7426,BPB-001-FP,Bougie Piccolo en béton,695
7427,LB-001-FP,Lampe en béton brut forme G,695
7428,SMB-001-FP,Série Moai en béton,695
7429,BB-001-FP,Boudha en béton noir,695
7430,BB-002-FP,Boudha en béton doré,695
7431,TB-001-FP,Tortue Noir en béton,695
7432,TB-002-FP,Tortue doré en beton,695
7433,Transport,Transport marchnadise Sfax tunis ( béton),695
7434,Papier A3 350 G,Papier A3 350 G,695
7435,P-00002,Remplissage 7 ( cire ),695
7436,STC-001-KB,Service à Thé Martelé avec Plateau – Théière et Verres,695
7437,JAV-001-SS,Action Vérité Bitounsi – Jeu D’ambiance,695
7438,JAV-002-SS,Action Vérité Bitounsi + 108 Extra Cartes – Jeu D’ambiance,695
7439,MFB-001-BF,Magnet Fridge en bois d'olivier,695
7440,POB-001-BF,Porte clé Chachia en bois d'olivier,695
7441, TSC-ART-001,Magnet Fridge en bois d'olivierCollection Émotion – Tasses & Soucoupes Artisanales,695
