FactVentePK,dateFK,documentFK,channelFK,customerFK,productFK,price,quantity,remise,total_ht,tva,timbre,total_ttc,startDate,endDate,flag
1,20240220,558,4,47,6574,6,3,0,0,0,0,18,2026-03-24 22:55:56.616,,y
2,20260102,1418,4,48,6575,50,1,0,0,0,0,100,2026-03-24 22:55:56.621,,y
3,20251230,1418,4,49,6576,90,1,0,0,0,0,90,2026-03-24 22:55:56.621,,y
4,20251229,1418,4,50,6538,65,1,0,0,0,0,153,2026-03-24 22:55:56.621,,y
5,20251229,1418,4,50,6539,58,2,0,0,0,0,153,2026-03-24 22:55:56.623,,y
6,20251229,1418,4,50,6577,30,3,0,0,0,0,153,2026-03-24 22:55:56.623,,y
7,20251229,1418,4,51,6578,90,1,0,0,0,0,90,2026-03-24 22:55:56.623,,y
8,20251229,1418,4,52,6578,90,1,0,0,0,0,90,2026-03-24 22:55:56.623,,y
9,20251229,1418,4,53,6575,50,1,0,0,0,0,100,2026-03-24 22:55:56.623,,y
10,20251229,1418,4,54,6579,30,1,0,0,0,0,105,2026-03-24 22:55:56.623,,y
11,20251229,1418,4,54,6580,25,2,0,0,0,0,105,2026-03-24 22:55:56.623,,y
12,20251229,1418,4,54,6581,25,3,0,0,0,0,105,2026-03-24 22:55:56.623,,y
13,20251229,1418,4,54,6582,25,4,0,0,0,0,105,2026-03-24 22:55:56.623,,y
14,20251228,1418,4,55,6583,50,1,0,0,0,0,75,2026-03-24 22:55:56.623,,y
15,20251228,1418,4,55,6584,25,2,0,0,0,0,75,2026-03-24 22:55:56.623,,y
16,20251228,1418,4,56,6539,58,1,0,0,0,0,58,2026-03-24 22:55:56.623,,y
17,20251228,1418,4,57,6585,184,1,0,0,0,0,184,2026-03-24 22:55:56.623,,y
18,20251227,1418,4,58,6575,50,1,0,0,0,0,98,2026-03-24 22:55:56.63,,y
19,20251227,1418,4,58,6586,48,2,0,0,0,0,98,2026-03-24 22:55:56.63,,y
20,20251227,559,4,59,6538,65,1,0,0,0,0,65,2026-03-24 22:55:56.63,,y
21,20251227,560,4,60,6587,30,1,0,0,0,0,30,2026-03-24 22:55:56.63,,y
22,20251227,1418,4,61,6578,90,1,0,0,0,0,124,2026-03-24 22:55:56.63,,y
23,20251227,1418,4,61,6588,34,2,0,0,0,0,124,2026-03-24 22:55:56.63,,y
24,20251226,1418,4,62,6578,90,1,0,0,0,0,90,2026-03-24 22:55:56.63,,y
25,20251226,1418,4,63,6589,20,1,0,0,0,0,100,2026-03-24 22:55:56.633,,y
26,20251226,1418,4,64,6577,30,1,0,0,0,0,120,2026-03-24 22:55:56.633,,y
27,20251226,1418,4,65,6575,50,1,0,0,0,0,99.9,2026-03-24 22:55:56.633,,y
28,20251226,1418,4,65,6590,49.9,2,0,0,0,0,99.9,2026-03-24 22:55:56.633,,y
29,20251225,1418,4,66,6578,90,1,0,0,0,0,90,2026-03-24 22:55:56.635,,y
30,20231206,561,4,67,6591,19,1,0,0,0,0,19,2026-03-24 22:55:56.635,,y
31,20251225,1418,4,66,6578,90,1,0,0,0,0,90,2026-03-24 22:55:56.635,,y
32,20251225,1418,4,68,6578,90,1,0,0,0,0,90,2026-03-24 22:55:56.636,,y
33,20251225,1418,4,69,6592,90,1,0,0,0,0,90,2026-03-24 22:55:56.636,,y
34,20251224,1418,4,70,6593,20,1,0,0,0,0,75,2026-03-24 22:55:56.636,,y
35,20251224,1418,4,70,6594,30,2,0,0,0,0,75,2026-03-24 22:55:56.636,,y
36,20251224,1418,4,70,6580,25,3,0,0,0,0,75,2026-03-24 22:55:56.636,,y
37,20251224,1418,4,71,6595,90,1,0,0,0,0,90,2026-03-24 22:55:56.636,,y
38,20251224,1418,4,72,6595,90,1,0,0,0,0,90,2026-03-24 22:55:56.636,,y
39,20251224,1418,4,73,6595,90,1,0,0,0,0,90,2026-03-24 22:55:56.636,,y
40,20251224,1418,4,74,6595,90,1,0,0,0,0,90,2026-03-24 22:55:56.636,,y
41,20251224,1418,4,75,6596,80,1,0,0,0,0,105,2026-03-24 22:55:56.636,,y
42,20251224,1418,4,75,6597,25,2,0,0,0,0,105,2026-03-24 22:55:56.636,,y
43,20251224,562,4,76,6598,100,1,0,0,0,0,150,2026-03-24 22:55:56.636,,y
44,20251224,562,4,76,6583,50,2,0,0,0,0,150,2026-03-24 22:55:56.636,,y
45,20251224,1418,4,77,6581,25,1,0,0,0,0,100,2026-03-24 22:55:56.643,,y
46,20251224,1418,4,77,6582,25,2,0,0,0,0,100,2026-03-24 22:55:56.643,,y
47,20251224,1418,4,77,6599,30,3,0,0,0,0,100,2026-03-24 22:55:56.643,,y
48,20251224,1418,4,77,6600,20,4,0,0,0,0,100,2026-03-24 22:55:56.643,,y
49,20251224,1418,4,78,6580,25,1,0,0,0,0,100,2026-03-24 22:55:56.643,,y
50,20251224,1418,4,79,6589,20,1,0,0,0,0,89.9,2026-03-24 22:55:56.643,,y
51,20251224,1418,4,79,6590,49.9,2,0,0,0,0,89.9,2026-03-24 22:55:56.643,,y
52,20251224,1418,4,79,6601,20,3,0,0,0,0,89.9,2026-03-24 22:55:56.643,,y
53,20251224,1418,4,80,6539,58,1,0,0,0,0,58,2026-03-24 22:55:56.643,,y
54,20251224,1418,4,81,6601,20,1,0,0,0,0,89.9,2026-03-24 22:55:56.643,,y
55,20251224,1418,4,81,6602,20,2,0,0,0,0,89.9,2026-03-24 22:55:56.643,,y
56,20251224,1418,4,81,6590,49.9,3,0,0,0,0,89.9,2026-03-24 22:55:56.643,,y
57,20251224,1418,4,82,6603,150,1,0,0,0,0,150,2026-03-24 22:55:56.643,,y
58,20251223,1418,4,83,6604,45,1,0,0,0,0,123,2026-03-24 22:55:56.643,,y
59,20251223,1418,4,83,6586,48,2,0,0,0,0,123,2026-03-24 22:55:56.643,,y
60,20251223,1418,4,83,6587,30,3,0,0,0,0,123,2026-03-24 22:55:56.643,,y
61,20251222,1418,4,84,6577,30,1,0,0,0,0,79.9,2026-03-24 22:55:56.643,,y
62,20251222,1418,4,84,6590,49.9,2,0,0,0,0,79.9,2026-03-24 22:55:56.643,,y
63,20251222,1418,4,84,6577,30,1,0,0,0,0,79.9,2026-03-24 22:55:56.643,,y
64,20251222,1418,4,84,6590,49.9,2,0,0,0,0,79.9,2026-03-24 22:55:56.652,,y
65,20251222,1418,4,85,6595,90,1,0,0,0,0,90,2026-03-24 22:55:56.653,,y
66,20251219,1418,4,86,6595,90,1,0,0,0,0,90,2026-03-24 22:55:56.653,,y
67,20251218,1418,4,87,6578,90,1,0,0,0,0,90,2026-03-24 22:55:56.653,,y
68,20251217,1418,4,88,6586,48,1,0,0,0,0,93,2026-03-24 22:55:56.653,,y
69,20251217,1418,4,88,6604,45,2,0,0,0,0,93,2026-03-24 22:55:56.653,,y
70,20251217,563,4,89,6590,49.9,1,0,0,0,0,99.8,2026-03-24 22:55:56.655,,y
71,20251217,1418,4,90,6605,50,1,0,0,0,0,106,2026-03-24 22:55:56.655,,y
72,20251217,1418,4,90,6606,56,2,0,0,0,0,106,2026-03-24 22:55:56.655,,y
73,20251215,1418,4,91,6607,90,1,0,0,0,0,90,2026-03-24 22:55:56.655,,y
74,20251214,1418,4,92,6595,90,1,0,0,0,0,90,2026-03-24 22:55:56.655,,y
75,20251214,1418,4,93,6577,30,1,0,0,0,0,90,2026-03-24 22:55:56.655,,y
76,20251214,1418,4,93,6579,30,2,0,0,0,0,90,2026-03-24 22:55:56.655,,y
77,20251213,1418,4,94,6580,25,1,0,0,0,0,100,2026-03-24 22:55:56.655,,y
78,20251213,1418,4,94,6584,25,2,0,0,0,0,100,2026-03-24 22:55:56.657,,y
79,20251213,1418,4,94,6582,25,3,0,0,0,0,100,2026-03-24 22:55:56.657,,y
80,20251213,1418,4,94,6581,25,4,0,0,0,0,100,2026-03-24 22:55:56.657,,y
81,20251212,1418,4,95,6596,80,1,0,0,0,0,105,2026-03-24 22:55:56.657,,y
82,20251212,1418,4,95,6584,25,2,0,0,0,0,105,2026-03-24 22:55:56.657,,y
83,20251212,1418,4,96,6590,49.9,1,0,0,0,0,89.9,2026-03-24 22:55:56.657,,y
84,20251212,1418,4,96,6608,20,2,0,0,0,0,89.9,2026-03-24 22:55:56.657,,y
85,20251212,1418,4,96,6589,20,3,0,0,0,0,89.9,2026-03-24 22:55:56.657,,y
86,20251212,1418,4,97,6609,119,1,0,0,0,0,119,2026-03-24 22:55:56.657,,y
87,20251211,1418,4,98,6590,49.9,1,0,0,0,0,108.9,2026-03-24 22:55:56.657,,y
88,20251211,1418,4,98,6588,34,2,0,0,0,0,108.9,2026-03-24 22:55:56.657,,y
89,20251211,1418,4,98,6584,25,3,0,0,0,0,108.9,2026-03-24 22:55:56.657,,y
90,20251211,1418,4,99,6538,65,1,0,0,0,0,90,2026-03-24 22:55:56.657,,y
91,20251211,1418,4,99,6584,25,2,0,0,0,0,90,2026-03-24 22:55:56.657,,y
92,20251211,1418,4,100,6609,119,1,0,0,0,0,119,2026-03-24 22:55:56.657,,y
93,20251211,1418,4,101,6590,49.9,1,0,0,0,0,99.8,2026-03-24 22:55:56.657,,y
94,20251211,1418,4,102,6580,25,1,0,0,0,0,99.9,2026-03-24 22:55:56.657,,y
95,20251211,1418,4,102,6584,25,2,0,0,0,0,99.9,2026-03-24 22:55:56.657,,y
96,20251211,1418,4,102,6590,49.9,3,0,0,0,0,99.9,2026-03-24 22:55:56.657,,y
97,20251211,1418,4,103,6575,50,1,0,0,0,0,99.9,2026-03-24 22:55:56.657,,y
98,20251211,1418,4,103,6590,49.9,2,0,0,0,0,99.9,2026-03-24 22:55:56.657,,y
99,20251210,1418,4,104,6610,80,1,0,0,0,0,80,2026-03-24 22:55:56.657,,y
100,20251210,1418,4,105,6595,90,1,0,0,0,0,90,2026-03-24 22:55:56.657,,y
101,20251210,564,4,106,6595,90,1,0,0,0,0,90,2026-03-24 22:55:56.657,,y
102,20251209,1418,4,107,6578,90,1,0,0,0,0,90,2026-03-24 22:55:56.657,,y
103,20251209,1418,4,108,6578,90,1,0,0,0,0,90,2026-03-24 22:55:56.657,,y
104,20251208,565,4,109,6577,30,1,0,0,0,0,85,2026-03-24 22:55:56.657,,y
105,20251208,565,4,109,6584,25,2,0,0,0,0,85,2026-03-24 22:55:56.657,,y
106,20251205,566,4,110,6595,90,1,0,0,0,0,115,2026-03-24 22:55:56.657,,y
107,20251205,566,4,110,6580,25,2,0,0,0,0,115,2026-03-24 22:55:56.657,,y
108,20251205,567,4,111,6611,119,1,0,0,0,0,119,2026-03-24 22:55:56.657,,y
109,20251204,568,4,112,6578,90,1,0,0,0,0,90,2026-03-24 22:55:56.657,,y
110,20251204,569,4,113,6612,119,1,0,0,0,0,119,2026-03-24 22:55:56.657,,y
111,20251203,570,4,114,6595,90,1,0,0,0,0,90,2026-03-24 22:55:56.657,,y
112,20251202,571,4,115,6605,50,1,0,0,0,0,100,2026-03-24 22:55:56.657,,y
113,20251202,571,4,115,6589,20,2,0,0,0,0,100,2026-03-24 22:55:56.657,,y
114,20251202,571,4,115,6613,30,3,0,0,0,0,100,2026-03-24 22:55:56.657,,y
115,20251201,572,4,116,6583,50,1,0,0,0,0,99.9,2026-03-24 22:55:56.657,,y
116,20251201,572,4,116,6590,49.9,2,0,0,0,0,99.9,2026-03-24 22:55:56.657,,y
117,20251201,573,4,117,6614,25,1,0,0,0,0,25,2026-03-24 22:55:56.657,,y
118,20251201,574,4,118,6609,119,1,0,0,0,0,119,2026-03-24 22:55:56.657,,y
119,20251127,575,4,119,6576,90,1,0,0,0,0,90,2026-03-24 22:55:56.657,,y
120,20251125,576,4,120,6583,50,1,0,0,0,0,100,2026-03-24 22:55:56.665,,y
121,20251125,576,4,120,6580,25,2,0,0,0,0,100,2026-03-24 22:55:56.665,,y
122,20251125,577,4,121,6601,20,1,0,0,0,0,85,2026-03-24 22:55:56.665,,y
123,20251125,577,4,121,6615,35,2,0,0,0,0,85,2026-03-24 22:55:56.665,,y
124,20251125,577,4,121,6587,30,3,0,0,0,0,85,2026-03-24 22:55:56.665,,y
125,20251123,578,4,122,6577,30,1,0,0,0,0,90,2026-03-24 22:55:56.665,,y
126,20251123,578,4,122,6594,30,2,0,0,0,0,90,2026-03-24 22:55:56.665,,y
127,20251123,578,4,122,6599,30,3,0,0,0,0,90,2026-03-24 22:55:56.665,,y
128,20251121,579,4,123,6588,34,1,0,0,0,0,124,2026-03-24 22:55:56.665,,y
129,20251121,579,4,123,6578,90,2,0,0,0,0,124,2026-03-24 22:55:56.665,,y
130,20251120,580,4,124,6610,80,1,0,0,0,0,80,2026-03-24 22:55:56.665,,y
131,20251120,581,4,125,6580,25,1,0,0,0,0,84,2026-03-24 22:55:56.665,,y
132,20251120,581,4,125,6584,25,2,0,0,0,0,84,2026-03-24 22:55:56.665,,y
133,20251120,581,4,125,6588,34,3,0,0,0,0,84,2026-03-24 22:55:56.665,,y
134,20251117,582,4,126,6601,20,1,0,0,0,0,104,2026-03-24 22:55:56.665,,y
135,20251117,582,4,126,6582,25,2,0,0,0,0,104,2026-03-24 22:55:56.665,,y
136,20251117,582,4,126,6580,25,3,0,0,0,0,104,2026-03-24 22:55:56.665,,y
137,20251117,582,4,126,6588,34,4,0,0,0,0,104,2026-03-24 22:55:56.665,,y
138,20251117,583,4,127,6575,50,1,0,0,0,0,100,2026-03-24 22:55:56.665,,y
139,20251114,584,4,128,6590,49.9,1,0,0,0,0,99.9,2026-03-24 22:55:56.665,,y
140,20251114,584,4,128,6584,25,2,0,0,0,0,99.9,2026-03-24 22:55:56.668,,y
141,20251114,584,4,128,6580,25,3,0,0,0,0,99.9,2026-03-24 22:55:56.668,,y
142,20251114,585,4,129,6577,30,1,0,0,0,0,100,2026-03-24 22:55:56.668,,y
143,20251114,585,4,129,6597,25,2,0,0,0,0,100,2026-03-24 22:55:56.668,,y
144,20251114,585,4,129,6604,45,3,0,0,0,0,100,2026-03-24 22:55:56.668,,y
145,20251114,586,4,130,6616,46,1,0,0,0,0,96,2026-03-24 22:55:56.668,,y
146,20251114,586,4,130,6617,50,2,0,0,0,0,96,2026-03-24 22:55:56.668,,y
147,20251112,587,4,131,6584,25,1,0,0,0,0,80,2026-03-24 22:55:56.668,,y
148,20251112,587,4,131,6618,30,2,0,0,0,0,80,2026-03-24 22:55:56.668,,y
149,20251112,587,4,131,6580,25,3,0,0,0,0,80,2026-03-24 22:55:56.668,,y
150,20251111,588,4,132,6577,30,1,0,0,0,0,115,2026-03-24 22:55:56.668,,y
151,20251111,588,4,132,6584,25,2,0,0,0,0,115,2026-03-24 22:55:56.671,,y
152,20251111,588,4,132,6618,30,3,0,0,0,0,115,2026-03-24 22:55:56.671,,y
153,20251110,589,4,133,6608,20,1,0,0,0,0,100,2026-03-24 22:55:56.671,,y
154,20251108,590,4,134,6606,56,1,0,0,0,0,106,2026-03-24 22:55:56.671,,y
155,20251108,590,4,134,6605,50,2,0,0,0,0,106,2026-03-24 22:55:56.671,,y
156,20251106,591,4,135,6590,49.9,1,0,0,0,0,99.9,2026-03-24 22:55:56.671,,y
157,20251106,591,4,135,6605,50,2,0,0,0,0,99.9,2026-03-24 22:55:56.671,,y
158,20251106,592,4,136,6575,50,1,0,0,0,0,105,2026-03-24 22:55:56.671,,y
159,20251106,592,4,136,6582,25,2,0,0,0,0,105,2026-03-24 22:55:56.671,,y
160,20251106,592,4,136,6577,30,3,0,0,0,0,105,2026-03-24 22:55:56.671,,y
161,20251104,593,4,137,6590,49.9,1,0,0,0,0,99.8,2026-03-24 22:55:56.671,,y
162,20251104,593,4,137,6619,49.9,2,0,0,0,0,99.8,2026-03-24 22:55:56.671,,y
163,20251104,594,4,138,6578,90,1,0,0,0,0,90,2026-03-24 22:55:56.671,,y
164,20251102,595,4,139,6539,58,1,0,0,0,0,58,2026-03-24 22:55:56.671,,y
165,20251031,596,4,140,6610,80,1,0,0,0,0,105,2026-03-24 22:55:56.671,,y
166,20251031,596,4,140,6584,25,2,0,0,0,0,105,2026-03-24 22:55:56.671,,y
167,20251031,597,4,141,6595,90,1,0,0,0,0,90,2026-03-24 22:55:56.671,,y
168,20251031,598,4,142,6620,20,1,0,0,0,0,110,2026-03-24 22:55:56.671,,y
169,20251031,598,4,142,6589,20,2,0,0,0,0,110,2026-03-24 22:55:56.671,,y
170,20251031,598,4,142,6601,20,3,0,0,0,0,110,2026-03-24 22:55:56.674,,y
171,20251031,598,4,142,6584,25,4,0,0,0,0,110,2026-03-24 22:55:56.674,,y
172,20251031,598,4,142,6580,25,5,0,0,0,0,110,2026-03-24 22:55:56.674,,y
173,20251030,599,4,143,6621,90,1,0,0,0,0,90,2026-03-24 22:55:56.674,,y
174,20251030,600,4,144,6609,119,1,0,0,0,0,119,2026-03-24 22:55:56.674,,y
175,20251029,601,4,145,6610,80,1,0,0,0,0,80,2026-03-24 22:55:56.674,,y
176,20251028,602,4,146,6601,20,1,0,0,0,0,99,2026-03-24 22:55:56.674,,y
177,20251028,602,4,146,6602,20,2,0,0,0,0,99,2026-03-24 22:55:56.674,,y
178,20251028,602,4,146,6584,25,3,0,0,0,0,99,2026-03-24 22:55:56.674,,y
179,20251028,602,4,146,6588,34,4,0,0,0,0,99,2026-03-24 22:55:56.674,,y
180,20251028,603,4,147,6611,119,1,0,0,0,0,119,2026-03-24 22:55:56.674,,y
181,20251025,604,4,148,6575,50,1,0,0,0,0,100,2026-03-24 22:55:56.674,,y
182,20251023,605,4,149,6580,25,1,0,0,0,0,110,2026-03-24 22:55:56.674,,y
183,20251023,605,4,149,6584,25,2,0,0,0,0,110,2026-03-24 22:55:56.674,,y
184,20251023,605,4,149,6577,30,3,0,0,0,0,110,2026-03-24 22:55:56.674,,y
185,20251023,605,4,149,6618,30,4,0,0,0,0,110,2026-03-24 22:55:56.674,,y
186,20251022,606,4,150,6580,25,1,0,0,0,0,25,2026-03-24 22:55:56.674,,y
187,20251022,607,4,151,6622,60,1,0,0,0,0,110,2026-03-24 22:55:56.674,,y
188,20251022,607,4,151,6575,50,2,0,0,0,0,110,2026-03-24 22:55:56.674,,y
189,20251020,608,4,152,6584,25,1,0,0,0,0,100,2026-03-24 22:55:56.674,,y
190,20251020,608,4,152,6580,25,2,0,0,0,0,100,2026-03-24 22:55:56.674,,y
191,20251020,608,4,152,6581,25,3,0,0,0,0,100,2026-03-24 22:55:56.674,,y
192,20251020,609,4,153,6619,49.9,1,0,0,0,0,99.9,2026-03-24 22:55:56.674,,y
193,20251020,609,4,153,6575,50,2,0,0,0,0,99.9,2026-03-24 22:55:56.674,,y
194,20251020,610,4,154,6600,20,1,0,0,0,0,90,2026-03-24 22:55:56.681,,y
195,20251020,610,4,154,6623,25,2,0,0,0,0,90,2026-03-24 22:55:56.681,,y
196,20251020,611,4,155,6595,90,1,0,0,0,0,90,2026-03-24 22:55:56.681,,y
197,20251020,612,4,156,6577,30,1,0,0,0,0,105,2026-03-24 22:55:56.681,,y
198,20251020,612,4,156,6580,25,2,0,0,0,0,105,2026-03-24 22:55:56.681,,y
199,20251020,612,4,156,6624,30,3,0,0,0,0,105,2026-03-24 22:55:56.681,,y
200,20251020,612,4,156,6608,20,4,0,0,0,0,105,2026-03-24 22:55:56.681,,y
201,20251020,613,4,157,6578,90,1,0,0,0,0,90,2026-03-24 22:55:56.681,,y
202,20251018,614,4,158,6580,25,1,0,0,0,0,95,2026-03-24 22:55:56.681,,y
203,20251018,614,4,158,6604,45,2,0,0,0,0,95,2026-03-24 22:55:56.681,,y
204,20251016,615,4,159,6580,25,1,0,0,0,0,105,2026-03-24 22:55:56.681,,y
205,20251016,615,4,159,6624,30,2,0,0,0,0,105,2026-03-24 22:55:56.681,,y
206,20251016,615,4,159,6584,25,3,0,0,0,0,105,2026-03-24 22:55:56.681,,y
207,20251014,616,4,160,6608,20,1,0,0,0,0,80,2026-03-24 22:55:56.681,,y
208,20251013,617,4,161,6577,30,1,0,0,0,0,110,2026-03-24 22:55:56.681,,y
209,20251013,617,4,161,6575,50,2,0,0,0,0,110,2026-03-24 22:55:56.681,,y
210,20231230,618,4,162,6587,30,1,0,0,0,0,30,2026-03-24 22:55:56.681,,y
211,20251013,619,4,163,6584,25,1,0,0,0,0,100,2026-03-24 22:55:56.684,,y
212,20251013,619,4,163,6581,25,2,0,0,0,0,100,2026-03-24 22:55:56.684,,y
213,20251013,619,4,163,6582,25,3,0,0,0,0,100,2026-03-24 22:55:56.684,,y
214,20251013,619,4,163,6580,25,4,0,0,0,0,100,2026-03-24 22:55:56.684,,y
215,20251013,620,4,161,6625,120,1,0,0,0,0,120,2026-03-24 22:55:56.684,,y
216,20251012,621,4,164,6618,30,1,0,0,0,0,104.9,2026-03-24 22:55:56.684,,y
217,20251012,621,4,164,6619,49.9,2,0,0,0,0,104.9,2026-03-24 22:55:56.684,,y
218,20251012,621,4,164,6582,25,3,0,0,0,0,104.9,2026-03-24 22:55:56.684,,y
219,20251009,622,4,165,6595,90,1,0,0,0,0,110,2026-03-24 22:55:56.684,,y
220,20251009,622,4,165,6626,20,2,0,0,0,0,110,2026-03-24 22:55:56.684,,y
221,20251007,623,4,166,6578,90,1,0,0,0,0,90,2026-03-24 22:55:56.684,,y
222,20251003,624,4,167,6586,48,1,0,0,0,0,48,2026-03-24 22:55:56.684,,y
223,20251003,625,4,168,6602,20,1,0,0,0,0,100,2026-03-24 22:55:56.684,,y
224,20251003,625,4,168,6610,80,2,0,0,0,0,100,2026-03-24 22:55:56.684,,y
225,20250930,626,4,169,6626,20,1,0,0,0,0,100,2026-03-24 22:55:56.684,,y
226,20250930,626,4,169,6620,20,2,0,0,0,0,100,2026-03-24 22:55:56.684,,y
227,20250930,626,4,169,6608,20,3,0,0,0,0,100,2026-03-24 22:55:56.684,,y
228,20250930,626,4,169,6589,20,4,0,0,0,0,100,2026-03-24 22:55:56.684,,y
229,20250930,626,4,169,6602,20,5,0,0,0,0,100,2026-03-24 22:55:56.684,,y
230,20250930,627,4,170,6595,90,1,0,0,0,0,90,2026-03-24 22:55:56.684,,y
231,20250930,628,4,171,6605,50,1,0,0,0,0,80,2026-03-24 22:55:56.684,,y
232,20250930,628,4,171,6613,30,2,0,0,0,0,80,2026-03-24 22:55:56.684,,y
233,20250928,629,4,172,6581,25,1,0,0,0,0,99.9,2026-03-24 22:55:56.684,,y
234,20250928,629,4,172,6580,25,2,0,0,0,0,99.9,2026-03-24 22:55:56.684,,y
235,20250928,629,4,172,6619,49.9,3,0,0,0,0,99.9,2026-03-24 22:55:56.684,,y
236,20250927,630,4,173,6577,30,1,0,0,0,0,85,2026-03-24 22:55:56.684,,y
237,20250927,630,4,173,6584,25,2,0,0,0,0,85,2026-03-24 22:55:56.684,,y
238,20250927,630,4,173,6599,30,3,0,0,0,0,85,2026-03-24 22:55:56.684,,y
239,20250925,631,4,174,6594,30,1,0,0,0,0,30,2026-03-24 22:55:56.684,,y
240,20250924,632,4,175,6577,30,1,0,0,0,0,90,2026-03-24 22:55:56.684,,y
241,20250924,632,4,175,6624,30,2,0,0,0,0,90,2026-03-24 22:55:56.684,,y
242,20250924,633,4,176,6616,46,1,0,0,0,0,96,2026-03-24 22:55:56.684,,y
243,20250924,633,4,176,6583,50,2,0,0,0,0,96,2026-03-24 22:55:56.684,,y
244,20250924,634,4,177,6578,90,1,0,0,0,0,90,2026-03-24 22:55:56.684,,y
245,20250923,635,4,178,6627,31,1,0,0,0,0,185,2026-03-24 22:55:56.684,,y
246,20250923,635,4,178,6628,31,2,0,0,0,0,185,2026-03-24 22:55:56.684,,y
247,20250923,635,4,178,6629,36,3,0,0,0,0,185,2026-03-24 22:55:56.684,,y
248,20250923,636,4,179,6609,119,1,0,0,0,0,119,2026-03-24 22:55:56.684,,y
249,20250922,637,4,180,6595,90,1,0,0,0,0,90,2026-03-24 22:55:56.684,,y
250,20250919,638,4,181,6609,119,1,0,0,0,0,119,2026-03-24 22:55:56.684,,y
251,20250917,639,4,182,6588,34,1,0,0,0,0,94,2026-03-24 22:55:56.684,,y
252,20250917,639,4,182,6587,30,2,0,0,0,0,94,2026-03-24 22:55:56.684,,y
253,20250917,639,4,182,6577,30,3,0,0,0,0,94,2026-03-24 22:55:56.684,,y
254,20250913,640,4,183,6538,65,1,0,0,0,0,65,2026-03-24 22:55:56.684,,y
255,20250910,641,4,184,6595,90,1,0,0,0,0,90,2026-03-24 22:55:56.684,,y
256,20250909,642,4,185,6620,20,1,0,0,0,0,20,2026-03-24 22:55:56.684,,y
257,20250907,643,4,186,6575,50,1,0,0,0,0,100,2026-03-24 22:55:56.684,,y
258,20250905,644,4,187,6601,20,1,0,0,0,0,65,2026-03-24 22:55:56.684,,y
259,20250905,644,4,187,6614,25,2,0,0,0,0,65,2026-03-24 22:55:56.684,,y
260,20250904,645,4,188,6587,30,1,0,0,0,0,88,2026-03-24 22:55:56.684,,y
261,20250904,645,4,188,6539,58,2,0,0,0,0,88,2026-03-24 22:55:56.684,,y
262,20250903,646,4,189,6588,34,1,0,0,0,0,124,2026-03-24 22:55:56.684,,y
263,20250903,646,4,189,6578,90,2,0,0,0,0,124,2026-03-24 22:55:56.684,,y
264,20250903,647,4,190,6616,46,1,0,0,0,0,94,2026-03-24 22:55:56.684,,y
265,20250903,647,4,190,6540,48,2,0,0,0,0,94,2026-03-24 22:55:56.684,,y
266,20250901,648,4,191,6625,120,1,0,0,0,0,120,2026-03-24 22:55:56.684,,y
267,20250901,649,4,192,6582,25,1,0,0,0,0,100,2026-03-24 22:55:56.684,,y
268,20250901,649,4,192,6581,25,2,0,0,0,0,100,2026-03-24 22:55:56.684,,y
269,20250901,649,4,192,6630,50,3,0,0,0,0,100,2026-03-24 22:55:56.684,,y
270,20250901,650,4,193,6577,30,1,0,0,0,0,100,2026-03-24 22:55:56.684,,y
271,20250901,650,4,193,6580,25,2,0,0,0,0,100,2026-03-24 22:55:56.684,,y
272,20250901,650,4,193,6584,25,3,0,0,0,0,100,2026-03-24 22:55:56.684,,y
273,20250901,650,4,193,6631,20,4,0,0,0,0,100,2026-03-24 22:55:56.684,,y
274,20250831,651,4,194,6632,84,1,0,0,0,0,84,2026-03-24 22:55:56.684,,y
275,20250831,652,4,195,6626,20,1,0,0,0,0,40,2026-03-24 22:55:56.684,,y
276,20250831,653,4,196,6633,100,1,0,0,0,0,100,2026-03-24 22:55:56.684,,y
277,20250830,654,4,197,6634,119,1,0,0,0,0,119,2026-03-24 22:55:56.684,,y
278,20250829,655,4,198,6577,30,1,0,0,0,0,115,2026-03-24 22:55:56.684,,y
279,20250829,655,4,198,6615,35,2,0,0,0,0,115,2026-03-24 22:55:56.684,,y
280,20250829,655,4,198,6580,25,3,0,0,0,0,115,2026-03-24 22:55:56.684,,y
281,20250829,656,4,199,6634,119,1,0,0,0,0,119,2026-03-24 22:55:56.684,,y
282,20250829,657,4,200,6634,119,1,0,0,0,0,119,2026-03-24 22:55:56.684,,y
283,20250826,658,4,201,6588,34,1,0,0,0,0,94,2026-03-24 22:55:56.684,,y
284,20250826,658,4,201,6594,30,2,0,0,0,0,94,2026-03-24 22:55:56.684,,y
285,20250826,658,4,201,6618,30,3,0,0,0,0,94,2026-03-24 22:55:56.684,,y
286,20250826,659,4,202,6635,109,1,0,0,0,0,109,2026-03-24 22:55:56.684,,y
287,20250826,660,4,203,6586,48,1,0,0,0,0,96,2026-03-24 22:55:56.684,,y
288,20250825,661,4,204,6636,100,1,0,0,0,0,100,2026-03-24 22:55:56.684,,y
289,20250825,662,4,205,6615,25,1,0,0,0,0,85,2026-03-24 22:55:56.684,,y
290,20250825,662,4,205,6637,35,2,0,0,0,0,85,2026-03-24 22:55:56.684,,y
291,20250824,663,4,206,6576,80,1,0,0,0,0,100,2026-03-24 22:55:56.684,,y
292,20250824,663,4,206,6601,20,2,0,0,0,0,100,2026-03-24 22:55:56.684,,y
293,20250823,664,4,207,6638,45,1,0,0,0,0,135,2026-03-24 22:55:56.684,,y
294,20250823,664,4,207,6639,90,2,0,0,0,0,135,2026-03-24 22:55:56.684,,y
295,20250822,665,4,208,6640,90,1,0,0,0,0,90,2026-03-24 22:55:56.684,,y
296,20250821,666,4,209,6641,85,1,0,0,0,0,85,2026-03-24 22:55:56.684,,y
297,20250821,667,4,210,6642,100,1,0,0,0,0,100,2026-03-24 22:55:56.684,,y
298,20250821,668,4,211,6633,100,1,0,0,0,0,100,2026-03-24 22:55:56.684,,y
299,20250820,669,4,186,6575,50,1,0,0,0,0,100,2026-03-24 22:55:56.684,,y
300,20250820,670,4,212,6575,50,1,0,0,0,0,100,2026-03-24 22:55:56.684,,y
301,20250820,670,4,212,6643,50,2,0,0,0,0,100,2026-03-24 22:55:56.684,,y
302,20250820,671,4,213,6644,49.9,1,0,0,0,0,99.9,2026-03-24 22:55:56.684,,y
303,20250820,671,4,213,6645,50,2,0,0,0,0,99.9,2026-03-24 22:55:56.684,,y
304,20250820,672,4,214,6578,90,1,0,0,0,0,90,2026-03-24 22:55:56.684,,y
305,20250820,673,4,215,6642,100,1,0,0,0,0,100,2026-03-24 22:55:56.684,,y
306,20250820,674,4,216,6642,100,1,0,0,0,0,100,2026-03-24 22:55:56.684,,y
307,20250820,675,4,217,6646,45,1,0,0,0,0,105,2026-03-24 22:55:56.684,,y
308,20250820,675,4,217,6647,30,2,0,0,0,0,105,2026-03-24 22:55:56.684,,y
309,20250819,676,4,218,6648,90,1,0,0,0,0,155,2026-03-24 22:55:56.684,,y
310,20250819,676,4,218,6575,50,2,0,0,0,0,155,2026-03-24 22:55:56.684,,y
311,20250819,676,4,218,6649,15,3,0,0,0,0,155,2026-03-24 22:55:56.684,,y
312,20250819,677,4,219,6650,25,1,0,0,0,0,100,2026-03-24 22:55:56.684,,y
313,20250819,677,4,219,6651,25,2,0,0,0,0,100,2026-03-24 22:55:56.684,,y
314,20250818,678,4,220,6575,50,1,0,0,0,0,105,2026-03-24 22:55:56.684,,y
315,20250818,678,4,220,6652,55,2,0,0,0,0,105,2026-03-24 22:55:56.684,,y
316,20250818,679,4,221,6653,34,1,0,0,0,0,104,2026-03-24 22:55:56.684,,y
317,20250818,679,4,221,6647,30,2,0,0,0,0,104,2026-03-24 22:55:56.684,,y
318,20250818,679,4,221,6654,40,3,0,0,0,0,104,2026-03-24 22:55:56.684,,y
319,20250818,680,4,222,6651,25,1,0,0,0,0,74.9,2026-03-24 22:55:56.684,,y
320,20250818,680,4,222,6619,49.9,2,0,0,0,0,74.9,2026-03-24 22:55:56.684,,y
321,20250818,681,4,223,6651,25,1,0,0,0,0,95,2026-03-24 22:55:56.684,,y
322,20250818,681,4,223,6655,70,2,0,0,0,0,95,2026-03-24 22:55:56.684,,y
323,20250816,682,4,224,6644,49.9,1,0,0,0,0,99.8,2026-03-24 22:55:56.684,,y
324,20250813,683,4,225,6656,45,1,0,0,0,0,95,2026-03-24 22:55:56.684,,y
325,20250813,683,4,225,6630,50,2,0,0,0,0,95,2026-03-24 22:55:56.684,,y
326,20250813,684,4,226,6656,45,1,0,0,0,0,100,2026-03-24 22:55:56.696,,y
327,20250813,684,4,226,6657,35,2,0,0,0,0,100,2026-03-24 22:55:56.696,,y
328,20250813,684,4,226,6658,20,3,0,0,0,0,100,2026-03-24 22:55:56.696,,y
329,20250812,685,4,227,6654,40,1,0,0,0,0,110,2026-03-24 22:55:56.696,,y
330,20250812,685,4,227,6647,30,2,0,0,0,0,110,2026-03-24 22:55:56.696,,y
331,20250811,686,4,191,6659,219,1,0,0,0,0,219,2026-03-24 22:55:56.696,,y
332,20250811,1418,4,228,6642,100,1,0,0,0,0,100,2026-03-24 22:55:56.696,,y
333,20250811,687,4,229,6587,30,1,0,0,0,0,75,2026-03-24 22:55:56.696,,y
334,20250811,687,4,229,6604,45,2,0,0,0,0,75,2026-03-24 22:55:56.696,,y
335,20250810,688,4,230,6577,25,1,0,0,0,0,25,2026-03-24 22:55:56.696,,y
336,20250809,689,4,231,6660,150,1,0,0,0,0,150,2026-03-24 22:55:56.696,,y
337,20250809,690,4,232,6661,92,1,0,0,0,0,92,2026-03-24 22:55:56.696,,y
338,20250807,691,4,233,6644,49.9,1,0,0,0,0,49.9,2026-03-24 22:55:56.696,,y
339,20250806,692,4,234,6662,92,1,0,0,0,0,92,2026-03-24 22:55:56.696,,y
340,20250806,693,4,235,6630,50,1,0,0,0,0,99,2026-03-24 22:55:56.696,,y
341,20250806,693,4,235,6663,34,2,0,0,0,0,99,2026-03-24 22:55:56.696,,y
342,20250806,693,4,235,6664,15,3,0,0,0,0,99,2026-03-24 22:55:56.696,,y
343,20250806,694,4,236,6630,50,1,0,0,0,0,86,2026-03-24 22:55:56.696,,y
344,20250806,694,4,236,6665,18,2,0,0,0,0,86,2026-03-24 22:55:56.696,,y
345,20250806,694,4,236,6666,18,3,0,0,0,0,86,2026-03-24 22:55:56.698,,y
346,20250805,695,4,237,6656,45,1,0,0,0,0,94.9,2026-03-24 22:55:56.698,,y
347,20250805,695,4,237,6590,49.9,2,0,0,0,0,94.9,2026-03-24 22:55:56.698,,y
348,20250805,696,4,238,6667,20,1,0,0,0,0,95,2026-03-24 22:55:56.698,,y
349,20250805,696,4,238,6645,35,2,0,0,0,0,95,2026-03-24 22:55:56.698,,y
350,20250805,696,4,238,6600,20,3,0,0,0,0,95,2026-03-24 22:55:56.698,,y
351,20250805,697,4,239,6668,70,1,0,0,0,0,90,2026-03-24 22:55:56.698,,y
352,20250805,697,4,239,6601,20,2,0,0,0,0,90,2026-03-24 22:55:56.698,,y
353,20250804,698,4,240,6663,34,1,0,0,0,0,99,2026-03-24 22:55:56.698,,y
354,20250804,698,4,240,6649,15,2,0,0,0,0,99,2026-03-24 22:55:56.698,,y
355,20250804,698,4,240,6575,50,3,0,0,0,0,99,2026-03-24 22:55:56.698,,y
356,20250804,699,4,241,6578,90,1,0,0,0,0,90,2026-03-24 22:55:56.698,,y
357,20250804,700,4,242,6640,90,1,0,0,0,0,90,2026-03-24 22:55:56.698,,y
358,20250804,701,4,243,6632,84,1,0,0,0,0,84,2026-03-24 22:55:56.698,,y
359,20250804,702,4,244,6586,48,1,0,0,0,0,78,2026-03-24 22:55:56.7,,y
360,20250804,702,4,244,6587,30,2,0,0,0,0,78,2026-03-24 22:55:56.7,,y
361,20250804,703,4,245,6642,100,1,0,0,0,0,134,2026-03-24 22:55:56.7,,y
362,20250804,703,4,245,6588,34,2,0,0,0,0,134,2026-03-24 22:55:56.7,,y
363,20250803,704,4,246,6638,45,1,0,0,0,0,94.9,2026-03-24 22:55:56.7,,y
364,20250803,704,4,246,6619,49.9,2,0,0,0,0,94.9,2026-03-24 22:55:56.7,,y
365,20250802,705,4,247,6640,90,1,0,0,0,0,115,2026-03-24 22:55:56.7,,y
366,20250802,705,4,247,6577,25,2,0,0,0,0,115,2026-03-24 22:55:56.7,,y
367,20250801,706,4,248,6642,100,1,0,0,0,0,100,2026-03-24 22:55:56.7,,y
368,20250728,707,4,249,6616,46,1,0,0,0,0,91,2026-03-24 22:55:56.7,,y
369,20250728,707,4,249,6604,45,2,0,0,0,0,91,2026-03-24 22:55:56.7,,y
370,20250721,708,4,250,6539,58,1,0,0,0,0,103,2026-03-24 22:55:56.7,,y
371,20250721,708,4,250,6604,45,2,0,0,0,0,103,2026-03-24 22:55:56.7,,y
372,20250721,709,4,251,6643,50,1,0,0,0,0,100,2026-03-24 22:55:56.7,,y
373,20250721,709,4,251,6630,50,2,0,0,0,0,100,2026-03-24 22:55:56.7,,y
374,20250718,710,4,252,6642,100,1,0,0,0,0,134,2026-03-24 22:55:56.7,,y
375,20250718,710,4,252,6588,34,2,0,0,0,0,134,2026-03-24 22:55:56.7,,y
376,20250718,711,4,253,6669,86,1,0,0,0,0,86,2026-03-24 22:55:56.7,,y
377,20250717,712,4,254,6540,48,1,0,0,0,0,93,2026-03-24 22:55:56.7,,y
378,20250717,712,4,254,6604,45,2,0,0,0,0,93,2026-03-24 22:55:56.7,,y
379,20250715,713,4,255,6632,84,1,0,0,0,0,84,2026-03-24 22:55:56.7,,y
380,20250715,714,4,256,6670,90,1,0,0,0,0,90,2026-03-24 22:55:56.7,,y
381,20250715,715,4,257,6538,65,1,0,0,0,0,65,2026-03-24 22:55:56.702,,y
382,20250714,716,4,60,6587,30,1,0,0,0,0,30,2026-03-24 22:55:56.702,,y
383,20250714,717,4,258,6575,50,1,0,0,0,0,100,2026-03-24 22:55:56.702,,y
384,20250712,718,4,259,6671,86,1,0,0,0,0,86,2026-03-24 22:55:56.702,,y
385,20250710,719,4,260,6651,25,1,0,0,0,0,95,2026-03-24 22:55:56.702,,y
386,20250710,719,4,260,6645,35,2,0,0,0,0,95,2026-03-24 22:55:56.702,,y
387,20250710,719,4,260,6672,35,3,0,0,0,0,95,2026-03-24 22:55:56.702,,y
388,20250708,720,4,261,6587,30,1,0,0,0,0,30,2026-03-24 22:55:56.702,,y
389,20250708,721,4,262,6630,50,1,0,0,0,0,95,2026-03-24 22:55:56.702,,y
390,20250708,721,4,262,6646,45,2,0,0,0,0,95,2026-03-24 22:55:56.702,,y
391,20250708,722,4,263,6587,30,1,0,0,0,0,30,2026-03-24 22:55:56.702,,y
392,20250707,723,4,264,6673,80,1,0,0,0,0,114,2026-03-24 22:55:56.702,,y
393,20250707,723,4,264,6663,34,2,0,0,0,0,114,2026-03-24 22:55:56.702,,y
394,20250704,724,4,265,6666,18,1,0,0,0,0,108,2026-03-24 22:55:56.702,,y
395,20250704,724,4,265,6674,15,2,0,0,0,0,108,2026-03-24 22:55:56.702,,y
396,20250704,724,4,265,6664,15,3,0,0,0,0,108,2026-03-24 22:55:56.702,,y
397,20250704,724,4,265,6675,20,4,0,0,0,0,108,2026-03-24 22:55:56.702,,y
398,20250704,724,4,265,6676,20,5,0,0,0,0,108,2026-03-24 22:55:56.702,,y
399,20250704,724,4,265,6677,20,6,0,0,0,0,108,2026-03-24 22:55:56.702,,y
400,20250704,725,4,266,6639,90,1,0,0,0,0,90,2026-03-24 22:55:56.702,,y
401,20250702,726,4,267,6619,49.9,1,0,0,0,0,98.9,2026-03-24 22:55:56.702,,y
402,20250702,726,4,267,6653,34,2,0,0,0,0,98.9,2026-03-24 22:55:56.702,,y
403,20250702,726,4,267,6678,15,3,0,0,0,0,98.9,2026-03-24 22:55:56.702,,y
404,20250701,727,4,268,6638,45,1,0,0,0,0,95,2026-03-24 22:55:56.702,,y
405,20250701,727,4,268,6643,50,2,0,0,0,0,95,2026-03-24 22:55:56.702,,y
406,20250701,728,4,269,6679,120,1,0,0,0,0,120,2026-03-24 22:55:56.702,,y
407,20250701,729,4,270,6643,50,1,0,0,0,0,95,2026-03-24 22:55:56.702,,y
408,20250701,729,4,270,6656,45,2,0,0,0,0,95,2026-03-24 22:55:56.704,,y
409,20250630,730,4,271,6651,25,1,0,0,0,0,95,2026-03-24 22:55:56.704,,y
410,20250630,730,4,271,6638,45,2,0,0,0,0,95,2026-03-24 22:55:56.704,,y
411,20250625,731,4,272,6651,25,1,0,0,0,0,100,2026-03-24 22:55:56.704,,y
412,20250625,731,4,272,6577,25,2,0,0,0,0,100,2026-03-24 22:55:56.704,,y
413,20250625,732,4,273,6605,50,1,0,0,0,0,50,2026-03-24 22:55:56.704,,y
414,20250624,733,4,274,6631,15,1,0,0,0,0,99.9,2026-03-24 22:55:56.704,,y
415,20250624,733,4,274,6680,15,2,0,0,0,0,99.9,2026-03-24 22:55:56.704,,y
416,20250624,733,4,274,6681,20,3,0,0,0,0,99.9,2026-03-24 22:55:56.704,,y
417,20250624,733,4,274,6619,49.9,4,0,0,0,0,99.9,2026-03-24 22:55:56.704,,y
418,20250620,734,4,275,6651,25,1,0,0,0,0,100,2026-03-24 22:55:56.704,,y
419,20250620,734,4,275,6650,25,2,0,0,0,0,100,2026-03-24 22:55:56.704,,y
420,20250620,735,4,276,6657,35,1,0,0,0,0,110,2026-03-24 22:55:56.704,,y
421,20250620,735,4,276,6651,25,2,0,0,0,0,110,2026-03-24 22:55:56.704,,y
422,20250620,735,4,276,6577,25,3,0,0,0,0,110,2026-03-24 22:55:56.704,,y
423,20250619,736,4,277,6657,35,1,0,0,0,0,100,2026-03-24 22:55:56.704,,y
424,20250619,736,4,277,6651,25,2,0,0,0,0,100,2026-03-24 22:55:56.704,,y
425,20250619,736,4,277,6649,15,3,0,0,0,0,100,2026-03-24 22:55:56.704,,y
426,20250618,737,4,97,6648,90,1,0,0,0,0,105,2026-03-24 22:55:56.704,,y
427,20250618,737,4,97,6682,15,2,0,0,0,0,105,2026-03-24 22:55:56.704,,y
428,20250616,738,4,278,6650,25,1,0,0,0,0,100,2026-03-24 22:55:56.704,,y
429,20250613,739,4,279,6605,50,1,0,0,0,0,50,2026-03-24 22:55:56.704,,y
430,20250612,740,4,280,6607,90,1,0,0,0,0,90,2026-03-24 22:55:56.704,,y
431,20250612,741,4,230,6657,35,1,0,0,0,0,60,2026-03-24 22:55:56.704,,y
432,20250612,741,4,230,6651,25,2,0,0,0,0,60,2026-03-24 22:55:56.704,,y
433,20250612,742,4,281,6668,86,1,0,0,0,0,86,2026-03-24 22:55:56.704,,y
434,20250612,743,4,282,6651,25,1,0,0,0,0,95,2026-03-24 22:55:56.704,,y
435,20250612,743,4,282,6587,30,2,0,0,0,0,95,2026-03-24 22:55:56.704,,y
436,20250612,743,4,282,6649,15,3,0,0,0,0,95,2026-03-24 22:55:56.704,,y
437,20250612,743,4,282,6615,25,4,0,0,0,0,95,2026-03-24 22:55:56.704,,y
438,20250612,744,4,283,6663,34,1,0,0,0,0,102,2026-03-24 22:55:56.704,,y
439,20250612,745,4,284,6651,25,1,0,0,0,0,100,2026-03-24 22:55:56.704,,y
440,20250612,745,4,284,6577,25,2,0,0,0,0,100,2026-03-24 22:55:56.704,,y
441,20250612,745,4,284,6657,35,3,0,0,0,0,100,2026-03-24 22:55:56.704,,y
442,20250612,745,4,284,6682,15,4,0,0,0,0,100,2026-03-24 22:55:56.704,,y
443,20250612,746,4,285,6663,34,1,0,0,0,0,104,2026-03-24 22:55:56.704,,y
444,20250612,746,4,285,6615,25,2,0,0,0,0,104,2026-03-24 22:55:56.704,,y
445,20250612,746,4,285,6638,45,3,0,0,0,0,104,2026-03-24 22:55:56.704,,y
446,20250611,747,4,286,6671,86,1,0,0,0,0,86,2026-03-24 22:55:56.704,,y
447,20250611,748,4,287,6607,90,1,0,0,0,0,90,2026-03-24 22:55:56.704,,y
448,20250611,749,4,288,6587,30,1,0,0,0,0,30,2026-03-24 22:55:56.704,,y
449,20250609,750,4,289,6605,50,1,0,0,0,0,100,2026-03-24 22:55:56.704,,y
450,20250609,750,4,289,6583,50,2,0,0,0,0,100,2026-03-24 22:55:56.704,,y
451,20250607,751,4,290,6651,25,1,0,0,0,0,100,2026-03-24 22:55:56.704,,y
452,20250605,752,4,291,6642,129,1,0,0,0,0,129,2026-03-24 22:55:56.704,,y
453,20250605,753,4,292,6639,90,1,0,0,0,0,90,2026-03-24 22:55:56.704,,y
454,20250603,754,4,293,6683,92,1,0,0,0,0,92,2026-03-24 22:55:56.704,,y
455,20250602,755,4,294,6587,30,1,0,0,0,0,30,2026-03-24 22:55:56.704,,y
456,20250530,756,4,295,6644,49.9,1,0,0,0,0,49.9,2026-03-24 22:55:56.704,,y
457,20250530,757,4,296,6575,50,1,0,0,0,0,160,2026-03-24 22:55:56.704,,y
458,20250530,757,4,296,6639,90,2,0,0,0,0,160,2026-03-24 22:55:56.704,,y
459,20250530,757,4,296,6684,20,3,0,0,0,0,160,2026-03-24 22:55:56.704,,y
460,20250530,758,4,297,6662,92,1,0,0,0,0,92,2026-03-24 22:55:56.704,,y
461,20250529,759,4,298,6644,49.9,1,0,0,0,0,49.9,2026-03-24 22:55:56.704,,y
462,20250528,760,4,299,6651,25,1,0,0,0,0,60,2026-03-24 22:55:56.704,,y
463,20250528,760,4,299,6672,35,2,0,0,0,0,60,2026-03-24 22:55:56.704,,y
464,20250526,761,4,300,6639,90,1,0,0,0,0,115,2026-03-24 22:55:56.704,,y
465,20250526,761,4,300,6651,25,2,0,0,0,0,115,2026-03-24 22:55:56.704,,y
466,20250526,762,4,301,6538,65,1,0,0,0,0,100,2026-03-24 22:55:56.704,,y
467,20250526,762,4,301,6637,35,2,0,0,0,0,100,2026-03-24 22:55:56.704,,y
468,20250525,763,4,302,6670,90,1,0,0,0,0,90,2026-03-24 22:55:56.704,,y
469,20250523,764,4,303,6651,25,1,0,0,0,0,25,2026-03-24 22:55:56.704,,y
470,20250523,765,4,304,6651,25,1,0,0,0,0,25,2026-03-24 22:55:56.704,,y
471,20250522,766,4,305,6625,120,1,0,0,0,0,120,2026-03-24 22:55:56.704,,y
472,20250521,767,4,306,6685,145,1,0,0,0,0,145,2026-03-24 22:55:56.704,,y
473,20250521,768,4,307,6638,45,1,0,0,0,0,95,2026-03-24 22:55:56.704,,y
474,20250521,768,4,307,6650,25,2,0,0,0,0,95,2026-03-24 22:55:56.704,,y
475,20250521,768,4,307,6651,25,3,0,0,0,0,95,2026-03-24 22:55:56.704,,y
476,20250519,769,4,308,6686,120,1,0,0,0,0,120,2026-03-24 22:55:56.704,,y
477,20250519,770,4,306,6687,399,1,0,0,0,0,399,2026-03-24 22:55:56.704,,y
478,20250519,771,4,309,6605,50,1,0,0,0,0,225,2026-03-24 22:55:56.704,,y
479,20250519,771,4,309,6575,50,2,0,0,0,0,225,2026-03-24 22:55:56.704,,y
480,20250519,771,4,309,6583,50,3,0,0,0,0,225,2026-03-24 22:55:56.704,,y
481,20250519,771,4,309,6651,25,4,0,0,0,0,225,2026-03-24 22:55:56.704,,y
482,20250519,772,4,174,6651,25,1,0,0,0,0,50,2026-03-24 22:55:56.704,,y
483,20250518,773,4,310,6651,25,1,0,0,0,0,90,2026-03-24 22:55:56.704,,y
484,20250518,773,4,310,6649,15,2,0,0,0,0,90,2026-03-24 22:55:56.704,,y
485,20250518,773,4,310,6688,15,3,0,0,0,0,90,2026-03-24 22:55:56.704,,y
486,20250518,773,4,310,6689,20,4,0,0,0,0,90,2026-03-24 22:55:56.704,,y
487,20250518,773,4,310,6631,15,5,0,0,0,0,90,2026-03-24 22:55:56.704,,y
488,20250518,774,4,311,6607,90,1,0,0,0,0,90,2026-03-24 22:55:56.704,,y
489,20250517,775,4,312,6656,45,1,0,0,0,0,95,2026-03-24 22:55:56.704,,y
490,20250517,775,4,312,6651,25,2,0,0,0,0,95,2026-03-24 22:55:56.704,,y
491,20250517,775,4,312,6577,25,3,0,0,0,0,95,2026-03-24 22:55:56.704,,y
492,20250516,776,4,313,6605,50,1,0,0,0,0,50,2026-03-24 22:55:56.704,,y
493,20250516,777,4,314,6575,50,1,0,0,0,0,50,2026-03-24 22:55:56.704,,y
494,20250515,778,4,315,6638,45,1,0,0,0,0,155,2026-03-24 22:55:56.704,,y
495,20250515,778,4,315,6684,20,2,0,0,0,0,155,2026-03-24 22:55:56.704,,y
496,20250515,778,4,315,6688,15,3,0,0,0,0,155,2026-03-24 22:55:56.704,,y
497,20250515,778,4,315,6649,15,4,0,0,0,0,155,2026-03-24 22:55:56.704,,y
498,20250514,779,4,184,6598,0,1,0,0,0,0,100,2026-03-24 22:55:56.704,,y
499,20250514,780,4,316,6642,29,1,0,0,0,0,129,2026-03-24 22:55:56.704,,y
500,20250513,781,4,317,6640,90,1,0,0,0,0,90,2026-03-24 22:55:56.704,,y
501,20250512,782,4,318,6619,49.9,1,0,0,0,0,74.9,2026-03-24 22:55:56.704,,y
502,20250512,782,4,318,6651,25,2,0,0,0,0,74.9,2026-03-24 22:55:56.704,,y
503,20250512,783,4,298,6651,25,1,0,0,0,0,25,2026-03-24 22:55:56.704,,y
504,20250510,784,4,319,6604,45,1,0,0,0,0,45,2026-03-24 22:55:56.704,,y
505,20250509,785,4,320,6656,45,1,0,0,0,0,95,2026-03-24 22:55:56.704,,y
506,20250509,785,4,320,6575,50,2,0,0,0,0,95,2026-03-24 22:55:56.704,,y
507,20250509,786,4,321,6605,50,1,0,0,0,0,100,2026-03-24 22:55:56.704,,y
508,20250509,787,4,322,6605,50,1,0,0,0,0,50,2026-03-24 22:55:56.704,,y
509,20250508,788,4,323,6683,92,1,0,0,0,0,92,2026-03-24 22:55:56.704,,y
510,20250506,789,4,324,6643,50,1,0,0,0,0,110,2026-03-24 22:55:56.704,,y
511,20250506,789,4,324,6657,35,2,0,0,0,0,110,2026-03-24 22:55:56.704,,y
512,20250506,789,4,324,6650,25,3,0,0,0,0,110,2026-03-24 22:55:56.704,,y
513,20250506,790,4,325,6639,90,1,0,0,0,0,115,2026-03-24 22:55:56.704,,y
514,20250506,790,4,325,6651,25,2,0,0,0,0,115,2026-03-24 22:55:56.704,,y
515,20250505,791,4,326,6663,34,1,0,0,0,0,109,2026-03-24 22:55:56.704,,y
516,20250505,791,4,326,6643,50,2,0,0,0,0,109,2026-03-24 22:55:56.704,,y
517,20250505,791,4,326,6651,25,3,0,0,0,0,109,2026-03-24 22:55:56.704,,y
518,20250505,792,4,327,6604,45,1,0,0,0,0,115,2026-03-24 22:55:56.704,,y
519,20250505,792,4,327,6651,25,2,0,0,0,0,115,2026-03-24 22:55:56.704,,y
520,20250505,792,4,327,6656,45,3,0,0,0,0,115,2026-03-24 22:55:56.704,,y
521,20250503,793,4,328,6651,25,1,0,0,0,0,99.9,2026-03-24 22:55:56.704,,y
522,20250503,793,4,328,6644,49.9,2,0,0,0,0,99.9,2026-03-24 22:55:56.704,,y
523,20250430,794,4,329,6690,115,1,0,0,0,0,150,2026-03-24 22:55:56.704,,y
524,20250430,794,4,329,6657,35,2,0,0,0,0,150,2026-03-24 22:55:56.704,,y
525,20250426,795,4,330,6643,50,1,0,0,0,0,100,2026-03-24 22:55:56.704,,y
526,20250426,795,4,330,6651,25,2,0,0,0,0,100,2026-03-24 22:55:56.704,,y
527,20250424,796,4,331,6638,45,1,0,0,0,0,90,2026-03-24 22:55:56.704,,y
528,20250424,796,4,331,6656,45,2,0,0,0,0,90,2026-03-24 22:55:56.704,,y
529,20250424,797,4,332,6578,90,1,0,0,0,0,90,2026-03-24 22:55:56.704,,y
530,20250424,798,4,333,6577,25,1,0,0,0,0,60,2026-03-24 22:55:56.704,,y
531,20250424,798,4,333,6657,35,2,0,0,0,0,60,2026-03-24 22:55:56.704,,y
532,20250423,799,4,334,6651,25,1,0,0,0,0,85,2026-03-24 22:55:56.704,,y
533,20250423,799,4,334,6656,45,2,0,0,0,0,85,2026-03-24 22:55:56.704,,y
534,20250423,799,4,334,6649,15,3,0,0,0,0,85,2026-03-24 22:55:56.704,,y
535,20250423,800,4,335,6691,92,1,0,0,0,0,92,2026-03-24 22:55:56.704,,y
536,20250422,801,4,336,6651,25,1,0,0,0,0,100,2026-03-24 22:55:56.704,,y
537,20250422,802,4,337,6638,45,1,0,0,0,0,160,2026-03-24 22:55:56.704,,y
538,20250422,802,4,337,6692,115,2,0,0,0,0,160,2026-03-24 22:55:56.704,,y
539,20250421,803,4,338,6651,25,1,0,0,0,0,95,2026-03-24 22:55:56.704,,y
540,20250421,803,4,338,6656,45,2,0,0,0,0,95,2026-03-24 22:55:56.704,,y
541,20250417,804,4,339,6671,86,1,0,0,0,0,86,2026-03-24 22:55:56.704,,y
542,20250417,805,4,340,6587,30,1,0,0,0,0,95,2026-03-24 22:55:56.704,,y
543,20250417,805,4,340,6538,65,2,0,0,0,0,95,2026-03-24 22:55:56.704,,y
544,20250416,806,4,341,6651,25,1,0,0,0,0,154,2026-03-24 22:55:56.704,,y
545,20250416,806,4,341,6693,129,2,0,0,0,0,154,2026-03-24 22:55:56.704,,y
546,20250416,807,4,342,6586,48,1,0,0,0,0,91,2026-03-24 22:55:56.704,,y
547,20250416,807,4,342,6651,25,2,0,0,0,0,91,2026-03-24 22:55:56.704,,y
548,20250416,807,4,342,6665,18,3,0,0,0,0,91,2026-03-24 22:55:56.704,,y
549,20250415,808,4,343,6538,65,1,0,0,0,0,65,2026-03-24 22:55:56.704,,y
550,20250412,809,4,344,6598,75,1,0,0,0,0,120,2026-03-24 22:55:56.704,,y
551,20250412,809,4,344,6694,15,2,0,0,0,0,120,2026-03-24 22:55:56.715,,y
552,20250411,810,4,345,6651,25,1,0,0,0,0,100,2026-03-24 22:55:56.715,,y
553,20250411,810,4,345,6630,50,2,0,0,0,0,100,2026-03-24 22:55:56.715,,y
554,20250411,811,4,346,6695,86,1,0,0,0,0,86,2026-03-24 22:55:56.715,,y
555,20250409,812,4,347,6651,25,1,0,0,0,0,100,2026-03-24 22:55:56.715,,y
556,20250409,812,4,347,6630,50,2,0,0,0,0,100,2026-03-24 22:55:56.715,,y
557,20250409,813,4,348,6538,65,1,0,0,0,0,267,2026-03-24 22:55:56.715,,y
558,20250409,813,4,348,6539,58,2,0,0,0,0,267,2026-03-24 22:55:56.715,,y
559,20250409,813,4,348,6540,48,3,0,0,0,0,267,2026-03-24 22:55:56.715,,y
560,20250409,813,4,348,6586,48,4,0,0,0,0,267,2026-03-24 22:55:56.715,,y
561,20250409,814,4,349,6643,50,1,0,0,0,0,100,2026-03-24 22:55:56.715,,y
562,20250409,814,4,349,6630,50,2,0,0,0,0,100,2026-03-24 22:55:56.715,,y
563,20250408,815,4,350,6696,20,1,0,0,0,0,80,2026-03-24 22:55:56.715,,y
564,20250408,815,4,350,6647,30,2,0,0,0,0,80,2026-03-24 22:55:56.715,,y
565,20250403,816,4,351,6605,50,1,0,0,0,0,50,2026-03-24 22:55:56.715,,y
566,20250402,817,4,352,6697,129,1,0,0,0,0,129,2026-03-24 22:55:56.716,,y
567,20250402,818,4,353,6646,45,1,0,0,0,0,95,2026-03-24 22:55:56.716,,y
568,20250402,818,4,353,6575,50,2,0,0,0,0,95,2026-03-24 22:55:56.716,,y
569,20250331,819,4,354,6605,50,1,0,0,0,0,50,2026-03-24 22:55:56.716,,y
570,20250331,821,4,355,6605,50,1,0,0,0,0,50,2026-03-24 22:55:56.716,,y
571,20250330,822,4,356,6575,50,1,0,0,0,0,308,2026-03-24 22:55:56.716,,y
572,20250330,822,4,356,6636,129,2,0,0,0,0,308,2026-03-24 22:55:56.716,,y
573,20250330,822,4,356,6697,129,3,0,0,0,0,308,2026-03-24 22:55:56.716,,y
574,20250330,823,4,357,6651,25,1,0,0,0,0,100,2026-03-24 22:55:56.716,,y
575,20250330,823,4,357,6630,50,2,0,0,0,0,100,2026-03-24 22:55:56.716,,y
576,20250330,824,4,358,6605,50,1,0,0,0,0,50,2026-03-24 22:55:56.716,,y
577,20250327,825,4,359,6668,86,1,0,0,0,0,101,2026-03-24 22:55:56.716,,y
578,20250327,825,4,359,6688,15,2,0,0,0,0,101,2026-03-24 22:55:56.716,,y
579,20250327,826,4,360,6698,16.5,1,0,0,0,0,1505,2026-03-24 22:55:56.716,,y
580,20250327,826,4,360,6663,34,2,0,0,0,0,1505,2026-03-24 22:55:56.716,,y
581,20250327,826,4,360,6647,30,3,0,0,0,0,1505,2026-03-24 22:55:56.716,,y
582,20250327,826,4,360,6699,85,4,0,0,0,0,1505,2026-03-24 22:55:56.716,,y
583,20250327,826,4,360,6700,65,5,0,0,0,0,1505,2026-03-24 22:55:56.716,,y
584,20250327,826,4,360,6692,115,6,0,0,0,0,1505,2026-03-24 22:55:56.716,,y
585,20250327,826,4,360,6701,125,7,0,0,0,0,1505,2026-03-24 22:55:56.716,,y
586,20250320,827,4,361,6637,35,1,0,0,0,0,84.9,2026-03-24 22:55:56.716,,y
587,20250320,827,4,361,6619,49.9,2,0,0,0,0,84.9,2026-03-24 22:55:56.716,,y
588,20250318,828,4,362,6642,129,1,0,0,0,0,129,2026-03-24 22:55:56.716,,y
589,20250318,829,4,363,6651,25,1,0,0,0,0,105,2026-03-24 22:55:56.716,,y
590,20250318,829,4,363,6672,35,2,0,0,0,0,105,2026-03-24 22:55:56.716,,y
591,20250318,829,4,363,6638,45,3,0,0,0,0,105,2026-03-24 22:55:56.716,,y
592,20250317,830,4,364,6693,129,1,0,0,0,0,129,2026-03-24 22:55:56.716,,y
593,20250307,831,4,365,6697,129,1,0,0,0,0,129,2026-03-24 22:55:56.716,,y
594,20250307,832,4,366,6702,120,1,0,0,0,0,150,2026-03-24 22:55:56.716,,y
595,20250307,832,4,366,6688,15,2,0,0,0,0,150,2026-03-24 22:55:56.716,,y
596,20250307,832,4,366,6631,15,3,0,0,0,0,150,2026-03-24 22:55:56.716,,y
597,20250306,833,4,367,6636,129,1,0,0,0,0,258,2026-03-24 22:55:56.716,,y
598,20250306,833,4,367,6642,129,2,0,0,0,0,258,2026-03-24 22:55:56.716,,y
599,20250306,834,4,368,6642,129,1,0,0,0,0,258,2026-03-24 22:55:56.716,,y
600,20250306,835,4,369,6683,92,1,0,0,0,0,92,2026-03-24 22:55:56.716,,y
601,20250304,836,4,370,6697,129,1,0,0,0,0,129,2026-03-24 22:55:56.716,,y
602,20250302,837,4,371,6640,64,1,0,0,0,0,90,2026-03-24 22:55:56.716,,y
603,20250302,838,4,372,6703,86,1,0,0,0,0,172,2026-03-24 22:55:56.716,,y
604,20250302,839,4,373,6704,90,1,0,0,0,0,156,2026-03-24 22:55:56.716,,y
605,20250302,839,4,373,6698,16.5,2,0,0,0,0,156,2026-03-24 22:55:56.716,,y
606,20250302,840,4,374,6637,35,1,0,0,0,0,130,2026-03-24 22:55:56.716,,y
607,20250302,840,4,374,6656,45,2,0,0,0,0,130,2026-03-24 22:55:56.716,,y
608,20250302,840,4,374,6643,50,3,0,0,0,0,130,2026-03-24 22:55:56.716,,y
609,20250301,841,4,375,6705,129,1,0,0,0,0,129,2026-03-24 22:55:56.716,,y
610,20250301,842,4,376,6705,129,1,0,0,0,0,258,2026-03-24 22:55:56.716,,y
611,20250301,843,4,377,6705,129,1,0,0,0,0,129,2026-03-24 22:55:56.716,,y
612,20250226,844,4,378,6643,50,1,0,0,0,0,85,2026-03-24 22:55:56.716,,y
613,20250226,844,4,378,6637,35,2,0,0,0,0,85,2026-03-24 22:55:56.716,,y
614,20250226,845,4,379,6651,25,1,0,0,0,0,25,2026-03-24 22:55:56.716,,y
615,20250224,846,4,380,6683,92,1,0,0,0,0,92,2026-03-24 22:55:56.716,,y
616,20250223,847,4,381,6651,25,1,0,0,0,0,25,2026-03-24 22:55:56.716,,y
617,20250221,848,4,382,6662,92,1,0,0,0,0,92,2026-03-24 22:55:56.716,,y
618,20250219,850,4,383,6684,20,1,0,0,0,0,20,2026-03-24 22:55:56.716,,y
619,20250218,851,4,384,6663,34,1,0,0,0,0,108,2026-03-24 22:55:56.716,,y
620,20250218,851,4,384,6654,40,2,0,0,0,0,108,2026-03-24 22:55:56.716,,y
621,20250218,851,4,384,6653,34,3,0,0,0,0,108,2026-03-24 22:55:56.716,,y
622,20250215,852,4,385,6662,92,1,0,0,0,0,92,2026-03-24 22:55:56.716,,y
623,20250215,853,4,386,6630,50,1,0,0,0,0,100,2026-03-24 22:55:56.716,,y
624,20250215,853,4,386,6706,50,2,0,0,0,0,100,2026-03-24 22:55:56.716,,y
625,20250214,854,4,387,6651,25,1,0,0,0,0,25,2026-03-24 22:55:56.716,,y
626,20250214,855,4,388,6651,25,1,0,0,0,0,25,2026-03-24 22:55:56.716,,y
627,20250214,856,4,389,6638,45,1,0,0,0,0,95,2026-03-24 22:55:56.716,,y
628,20250214,856,4,389,6688,15,2,0,0,0,0,95,2026-03-24 22:55:56.716,,y
629,20250214,856,4,389,6631,15,3,0,0,0,0,95,2026-03-24 22:55:56.716,,y
630,20250214,856,4,389,6689,20,4,0,0,0,0,95,2026-03-24 22:55:56.716,,y
631,20250213,857,4,390,6650,25,1,0,0,0,0,25,2026-03-24 22:55:56.716,,y
632,20250213,858,4,391,6630,50,1,0,0,0,0,50,2026-03-24 22:55:56.716,,y
633,20250213,859,4,392,6650,25,1,0,0,0,0,25,2026-03-24 22:55:56.716,,y
634,20250213,860,4,393,6630,50,1,0,0,0,0,50,2026-03-24 22:55:56.716,,y
635,20250213,861,4,394,6630,50,1,0,0,0,0,50,2026-03-24 22:55:56.716,,y
636,20250213,862,4,395,6577,25,1,0,0,0,0,50,2026-03-24 22:55:56.716,,y
637,20250213,862,4,395,6650,25,2,0,0,0,0,50,2026-03-24 22:55:56.716,,y
638,20250213,863,4,396,6651,25,1,0,0,0,0,50,2026-03-24 22:55:56.716,,y
639,20250213,864,4,397,6577,25,1,0,0,0,0,25,2026-03-24 22:55:56.716,,y
640,20250213,865,4,398,6577,25,1,0,0,0,0,25,2026-03-24 22:55:56.716,,y
641,20250213,866,4,399,6651,25,1,0,0,0,0,25,2026-03-24 22:55:56.716,,y
642,20250213,867,4,400,6651,25,1,0,0,0,0,25,2026-03-24 22:55:56.716,,y
643,20250213,868,4,401,6630,50,1,0,0,0,0,50,2026-03-24 22:55:56.716,,y
644,20250213,869,4,402,6651,25,1,0,0,0,0,25,2026-03-24 22:55:56.716,,y
645,20250213,870,4,403,6651,25,1,0,0,0,0,25,2026-03-24 22:55:56.716,,y
646,20250213,871,4,404,6630,50,1,0,0,0,0,50,2026-03-24 22:55:56.716,,y
647,20250213,872,4,405,6577,25,1,0,0,0,0,50,2026-03-24 22:55:56.716,,y
648,20250213,873,4,406,6699,85,1,0,0,0,0,115,2026-03-24 22:55:56.716,,y
649,20250213,873,4,406,6647,30,2,0,0,0,0,115,2026-03-24 22:55:56.716,,y
650,20250213,874,4,407,6577,25,1,0,0,0,0,25,2026-03-24 22:55:56.716,,y
651,20250213,875,4,408,6630,50,1,0,0,0,0,50,2026-03-24 22:55:56.716,,y
652,20250213,876,4,409,6704,90,1,0,0,0,0,106.5,2026-03-24 22:55:56.716,,y
653,20250213,876,4,409,6698,16.5,2,0,0,0,0,106.5,2026-03-24 22:55:56.716,,y
654,20250213,877,4,410,6651,25,1,0,0,0,0,25,2026-03-24 22:55:56.716,,y
655,20250213,878,4,411,6651,25,1,0,0,0,0,25,2026-03-24 22:55:56.716,,y
656,20250213,879,4,412,6650,25,1,0,0,0,0,25,2026-03-24 22:55:56.716,,y
657,20250213,880,4,413,6707,60,1,0,0,0,0,60,2026-03-24 22:55:56.716,,y
658,20250213,881,4,414,6651,25,1,0,0,0,0,25,2026-03-24 22:55:56.716,,y
659,20250212,882,4,223,6651,25,1,0,0,0,0,50,2026-03-24 22:55:56.716,,y
660,20250212,882,4,223,6577,25,2,0,0,0,0,50,2026-03-24 22:55:56.716,,y
661,20250212,883,4,415,6651,25,1,0,0,0,0,25,2026-03-24 22:55:56.716,,y
662,20250212,884,4,416,6651,20,1,0,0,0,0,150,2026-03-24 22:55:56.716,,y
663,20250212,884,4,416,6577,20,2,0,0,0,0,150,2026-03-24 22:55:56.716,,y
664,20250212,884,4,416,6650,20,3,0,0,0,0,150,2026-03-24 22:55:56.716,,y
665,20250212,885,4,417,6630,50,1,0,0,0,0,50,2026-03-24 22:55:56.716,,y
666,20250212,886,4,418,6630,50,1,0,0,0,0,100,2026-03-24 22:55:56.716,,y
667,20250212,886,4,418,6706,50,2,0,0,0,0,100,2026-03-24 22:55:56.716,,y
668,20250212,887,4,419,6638,45,1,0,0,0,0,95,2026-03-24 22:55:56.716,,y
669,20250212,887,4,419,6651,25,2,0,0,0,0,95,2026-03-24 22:55:56.716,,y
670,20250212,887,4,419,6615,25,3,0,0,0,0,95,2026-03-24 22:55:56.716,,y
671,20250212,888,4,420,6630,50,1,0,0,0,0,50,2026-03-24 22:55:56.716,,y
672,20250211,889,4,421,6651,25,1,0,0,0,0,25,2026-03-24 22:55:56.716,,y
673,20250211,890,4,422,6708,50,1,0,0,0,0,100,2026-03-24 22:55:56.716,,y
674,20250210,891,4,423,6639,90,1,0,0,0,0,90,2026-03-24 22:55:56.716,,y
675,20250210,892,4,424,6691,92,1,0,0,0,0,109,2026-03-24 22:55:56.716,,y
676,20250210,892,4,424,6709,17,2,0,0,0,0,109,2026-03-24 22:55:56.716,,y
677,20250208,893,4,425,6646,45,1,0,0,0,0,99,2026-03-24 22:55:56.716,,y
678,20250208,893,4,425,6653,34,2,0,0,0,0,99,2026-03-24 22:55:56.716,,y
679,20250208,893,4,425,6601,20,3,0,0,0,0,99,2026-03-24 22:55:56.716,,y
680,20250206,894,4,426,6643,50,1,0,0,0,0,95,2026-03-24 22:55:56.716,,y
681,20250206,894,4,426,6656,45,2,0,0,0,0,95,2026-03-24 22:55:56.716,,y
682,20250206,895,4,427,6710,70,1,0,0,0,0,105,2026-03-24 22:55:56.716,,y
683,20250206,895,4,427,6657,35,2,0,0,0,0,105,2026-03-24 22:55:56.716,,y
684,20250205,896,4,383,6689,20,1,0,0,0,0,72,2026-03-24 22:55:56.716,,y
685,20250205,896,4,383,6684,20,2,0,0,0,0,72,2026-03-24 22:55:56.716,,y
686,20250205,896,4,383,6709,17,3,0,0,0,0,72,2026-03-24 22:55:56.716,,y
687,20250205,896,4,383,6678,15,4,0,0,0,0,72,2026-03-24 22:55:56.716,,y
688,20250204,897,4,428,6587,30,1,0,0,0,0,30,2026-03-24 22:55:56.716,,y
689,20250203,898,4,429,6684,20,1,0,0,0,0,99,2026-03-24 22:55:56.716,,y
690,20250203,898,4,429,6663,34,2,0,0,0,0,99,2026-03-24 22:55:56.716,,y
691,20250203,898,4,429,6656,45,3,0,0,0,0,99,2026-03-24 22:55:56.716,,y
692,20250129,899,4,430,6656,45,1,0,0,0,0,90,2026-03-24 22:55:56.716,,y
693,20250129,899,4,430,6638,45,2,0,0,0,0,90,2026-03-24 22:55:56.716,,y
694,20250129,900,4,431,6710,70,1,0,0,0,0,90,2026-03-24 22:55:56.716,,y
695,20250129,900,4,431,6684,20,2,0,0,0,0,90,2026-03-24 22:55:56.716,,y
696,20250128,901,4,432,6663,34,1,0,0,0,0,79,2026-03-24 22:55:56.725,,y
697,20250128,901,4,432,6646,45,2,0,0,0,0,79,2026-03-24 22:55:56.725,,y
698,20250125,902,4,433,6684,20,1,0,0,0,0,105,2026-03-24 22:55:56.725,,y
699,20250125,902,4,433,6689,20,2,0,0,0,0,105,2026-03-24 22:55:56.725,,y
700,20250125,902,4,433,6646,45,3,0,0,0,0,105,2026-03-24 22:55:56.725,,y
701,20250124,903,4,434,6639,90,1,0,0,0,0,90,2026-03-24 22:55:56.725,,y
702,20250124,904,4,361,6643,50,1,0,0,0,0,100,2026-03-24 22:55:56.725,,y
703,20250120,905,4,435,6639,90,1,0,0,0,0,90,2026-03-24 22:55:56.725,,y
704,20250120,906,4,436,6657,35,1,0,0,0,0,100,2026-03-24 22:55:56.725,,y
705,20250120,906,4,436,6678,15,2,0,0,0,0,100,2026-03-24 22:55:56.725,,y
706,20250120,906,4,436,6689,20,3,0,0,0,0,100,2026-03-24 22:55:56.725,,y
707,20250120,906,4,436,6711,15,4,0,0,0,0,100,2026-03-24 22:55:56.725,,y
708,20250118,907,4,437,6616,46,1,0,0,0,0,46,2026-03-24 22:55:56.725,,y
709,20250114,908,4,438,6587,30,1,0,0,0,0,30,2026-03-24 22:55:56.725,,y
710,20250114,909,4,439,6587,30,1,0,0,0,0,30,2026-03-24 22:55:56.725,,y
711,20250111,910,4,440,6586,48,1,0,0,0,0,48,2026-03-24 22:55:56.725,,y
712,20250106,911,4,441,6702,120,1,0,0,0,0,120,2026-03-24 22:55:56.725,,y
713,20250103,912,4,442,6539,58,1,0,0,0,0,58,2026-03-24 22:55:56.725,,y
714,20241227,913,4,443,6587,30,1,0,0,0,0,30,2026-03-24 22:55:56.725,,y
715,20241225,914,4,444,6587,30,1,0,0,0,0,30,2026-03-24 22:55:56.725,,y
716,20241224,915,4,445,6712,20,1,0,0,0,0,60,2026-03-24 22:55:56.725,,y
717,20241224,916,4,446,6539,58,1,0,0,0,0,104,2026-03-24 22:55:56.725,,y
718,20241224,916,4,446,6616,46,2,0,0,0,0,104,2026-03-24 22:55:56.725,,y
719,20241223,917,4,447,6587,30,1,0,0,0,0,30,2026-03-24 22:55:56.725,,y
720,20241210,918,4,448,6713,28,1,0,0,0,0,28,2026-03-24 22:55:56.725,,y
721,20241125,919,4,449,6644,70,1,0,0,0,0,70,2026-03-24 22:55:56.725,,y
722,20241123,920,4,450,6587,30,1,0,0,0,0,30,2026-03-24 22:55:56.725,,y
723,20241107,921,4,451,6714,15,1,0,0,0,0,45,2026-03-24 22:55:56.725,,y
724,20241107,922,4,452,6644,70,1,0,0,0,0,70,2026-03-24 22:55:56.725,,y
725,20241002,923,4,453,6715,40,1,0,0,0,0,110,2026-03-24 22:55:56.725,,y
726,20241002,923,4,453,6716,30,2,0,0,0,0,110,2026-03-24 22:55:56.725,,y
727,20240926,924,4,454,6586,48,1,0,0,0,0,48,2026-03-24 22:55:56.725,,y
728,20240906,925,4,455,6717,180,1,0,0,0,0,180,2026-03-24 22:55:56.725,,y
729,20240827,926,4,456,6718,55,1,0,0,0,0,55,2026-03-24 22:55:56.725,,y
730,20240827,927,4,457,6587,30,1,0,0,0,0,30,2026-03-24 22:55:56.725,,y
731,20240817,928,4,458,6538,65,1,0,0,0,0,65,2026-03-24 22:55:56.725,,y
732,20240805,929,4,459,6539,58,1,0,0,0,0,58,2026-03-24 22:55:56.725,,y
733,20240730,930,4,460,6587,30,1,0,0,0,0,75,2026-03-24 22:55:56.725,,y
734,20240730,930,4,460,6604,45,2,0,0,0,0,75,2026-03-24 22:55:56.725,,y
735,20240721,931,4,461,6587,30,1,0,0,0,0,75,2026-03-24 22:55:56.725,,y
736,20240721,931,4,461,6604,45,2,0,0,0,0,75,2026-03-24 22:55:56.725,,y
737,20240704,932,4,462,6719,14,1,0,0,0,0,14,2026-03-24 22:55:56.725,,y
738,20240630,933,4,463,6616,46,1,0,0,0,0,169,2026-03-24 22:55:56.725,,y
739,20240630,933,4,463,6538,65,2,0,0,0,0,169,2026-03-24 22:55:56.725,,y
740,20240630,933,4,463,6587,30,3,0,0,0,0,169,2026-03-24 22:55:56.725,,y
741,20240630,933,4,463,6713,28,4,0,0,0,0,169,2026-03-24 22:55:56.725,,y
742,20240611,934,4,464,6587,30,1,0,0,0,0,30,2026-03-24 22:55:56.725,,y
743,20240610,935,4,465,6587,30,1,0,0,0,0,30,2026-03-24 22:55:56.725,,y
744,20240527,936,4,466,6720,15,1,0,0,0,0,45,2026-03-24 22:55:56.725,,y
745,20240527,936,4,466,6721,15,2,0,0,0,0,45,2026-03-24 22:55:56.725,,y
746,20240527,936,4,466,6722,15,3,0,0,0,0,45,2026-03-24 22:55:56.725,,y
747,20240507,937,4,467,6587,30,1,0,0,0,0,30,2026-03-24 22:55:56.725,,y
748,20240328,938,4,468,6587,30,1,0,0,0,0,30,2026-03-24 22:55:56.725,,y
749,20240324,939,4,469,6723,17,1,0,0,0,0,29,2026-03-24 22:55:56.725,,y
750,20240324,939,4,469,6724,12,2,0,0,0,0,29,2026-03-24 22:55:56.725,,y
751,20240318,940,4,470,6725,30,1,0,0,0,0,30,2026-03-24 22:55:56.725,,y
752,20240313,941,4,471,6723,17,1,0,0,0,0,34,2026-03-24 22:55:56.725,,y
753,20240220,558,4,47,6726,6,1,0,0,0,0,18,2026-03-24 22:55:56.725,,y
754,20240220,558,4,47,6727,6,2,0,0,0,0,18,2026-03-24 22:55:56.725,,y
755,20260102,1418,4,48,6575,50,1,0,0,0,0,100,2026-03-24 22:55:56.81,,y
756,20251230,1418,4,49,6576,90,1,0,0,0,0,90,2026-03-24 22:55:56.81,,y
757,20251229,1418,4,50,6728,65,1,0,0,0,0,153,2026-03-24 22:55:56.81,,y
758,20251229,1418,4,51,6578,90,1,0,0,0,0,90,2026-03-24 22:55:56.81,,y
759,20251229,1418,4,52,6578,90,1,0,0,0,0,90,2026-03-24 22:55:56.81,,y
760,20251229,1418,4,53,6575,50,1,0,0,0,0,100,2026-03-24 22:55:56.81,,y
761,20251229,1418,4,54,6729,30,1,0,0,0,0,105,2026-03-24 22:55:56.81,,y
762,20251228,1418,4,55,6730,50,1,0,0,0,0,75,2026-03-24 22:55:56.81,,y
763,20251228,1418,4,56,6539,58,1,0,0,0,0,58,2026-03-24 22:55:56.81,,y
764,20251228,1418,4,57,6585,184,1,0,0,0,0,184,2026-03-24 22:55:56.81,,y
765,20251227,1418,4,58,6731,50,1,0,0,0,0,98,2026-03-24 22:55:56.813,,y
766,20251227,559,4,59,6538,65,1,0,0,0,0,65,2026-03-24 22:55:56.813,,y
767,20251227,560,4,60,6587,30,1,0,0,0,0,30,2026-03-24 22:55:56.813,,y
768,20251227,1418,4,61,6732,90,1,0,0,0,0,124,2026-03-24 22:55:56.813,,y
769,20251226,1418,4,62,6578,90,1,0,0,0,0,90,2026-03-24 22:55:56.813,,y
770,20251226,1418,4,63,6589,20,1,0,0,0,0,100,2026-03-24 22:55:56.813,,y
771,20251226,1418,4,64,6577,30,1,0,0,0,0,120,2026-03-24 22:55:56.813,,y
772,20251226,1418,4,65,6733,50,1,0,0,0,0,99.9,2026-03-24 22:55:56.813,,y
773,20251225,1418,4,66,6578,90,1,0,0,0,0,90,2026-03-24 22:55:56.813,,y
774,20251225,1418,4,66,6578,90,1,0,0,0,0,90,2026-03-24 22:55:56.813,,y
775,20251225,1418,4,68,6578,90,1,0,0,0,0,90,2026-03-24 22:55:56.813,,y
776,20251225,1418,4,69,6592,90,1,0,0,0,0,90,2026-03-24 22:55:56.813,,y
777,20251224,1418,4,70,6734,20,1,0,0,0,0,75,2026-03-24 22:55:56.813,,y
778,20251224,1418,4,71,6595,90,1,0,0,0,0,90,2026-03-24 22:55:56.813,,y
779,20251224,1418,4,72,6595,90,1,0,0,0,0,90,2026-03-24 22:55:56.813,,y
780,20251224,1418,4,73,6595,90,1,0,0,0,0,90,2026-03-24 22:55:56.813,,y
781,20251224,1418,4,74,6595,90,1,0,0,0,0,90,2026-03-24 22:55:56.813,,y
782,20251224,1418,4,75,6735,80,1,0,0,0,0,105,2026-03-24 22:55:56.813,,y
783,20251224,562,4,76,6736,100,1,0,0,0,0,150,2026-03-24 22:55:56.813,,y
784,20251224,1418,4,77,6737,25,1,0,0,0,0,100,2026-03-24 22:55:56.813,,y
785,20251224,1418,4,78,6580,25,1,0,0,0,0,100,2026-03-24 22:55:56.813,,y
786,20251224,1418,4,79,6738,20,1,0,0,0,0,89.9,2026-03-24 22:55:56.813,,y
787,20251224,1418,4,80,6539,58,1,0,0,0,0,58,2026-03-24 22:55:56.813,,y
788,20251224,1418,4,81,6739,20,1,0,0,0,0,89.9,2026-03-24 22:55:56.813,,y
789,20251224,1418,4,82,6603,150,1,0,0,0,0,150,2026-03-24 22:55:56.813,,y
790,20251223,1418,4,83,6740,45,1,0,0,0,0,123,2026-03-24 22:55:56.813,,y
791,20251222,1418,4,84,6741,30,1,0,0,0,0,79.9,2026-03-24 22:55:56.813,,y
792,20251222,1418,4,84,6741,30,1,0,0,0,0,79.9,2026-03-24 22:55:56.813,,y
793,20251222,1418,4,85,6595,90,1,0,0,0,0,90,2026-03-24 22:55:56.813,,y
794,20251219,1418,4,86,6595,90,1,0,0,0,0,90,2026-03-24 22:55:56.813,,y
795,20251218,1418,4,87,6578,90,1,0,0,0,0,90,2026-03-24 22:55:56.813,,y
796,20251217,1418,4,88,6742,48,1,0,0,0,0,93,2026-03-24 22:55:56.813,,y
797,20251217,563,4,89,6590,49.9,1,0,0,0,0,99.8,2026-03-24 22:55:56.813,,y
798,20251217,1418,4,90,6743,50,1,0,0,0,0,106,2026-03-24 22:55:56.813,,y
799,20251215,1418,4,91,6607,90,1,0,0,0,0,90,2026-03-24 22:55:56.813,,y
800,20251214,1418,4,92,6595,90,1,0,0,0,0,90,2026-03-24 22:55:56.813,,y
801,20251214,1418,4,93,6744,30,1,0,0,0,0,90,2026-03-24 22:55:56.813,,y
802,20251213,1418,4,94,6745,25,1,0,0,0,0,100,2026-03-24 22:55:56.813,,y
803,20251212,1418,4,95,6746,80,1,0,0,0,0,105,2026-03-24 22:55:56.813,,y
804,20251212,1418,4,96,6747,49.9,1,0,0,0,0,89.9,2026-03-24 22:55:56.813,,y
805,20251212,1418,4,97,6609,119,1,0,0,0,0,119,2026-03-24 22:55:56.813,,y
806,20251211,1418,4,98,6748,49.9,1,0,0,0,0,108.9,2026-03-24 22:55:56.813,,y
807,20251211,1418,4,99,6749,65,1,0,0,0,0,90,2026-03-24 22:55:56.813,,y
808,20251211,1418,4,100,6609,119,1,0,0,0,0,119,2026-03-24 22:55:56.813,,y
809,20251211,1418,4,101,6590,49.9,1,0,0,0,0,99.8,2026-03-24 22:55:56.813,,y
810,20251211,1418,4,102,6750,25,1,0,0,0,0,99.9,2026-03-24 22:55:56.813,,y
811,20251211,1418,4,103,6733,50,1,0,0,0,0,99.9,2026-03-24 22:55:56.813,,y
812,20251210,1418,4,104,6610,80,1,0,0,0,0,80,2026-03-24 22:55:56.813,,y
813,20251210,1418,4,105,6595,90,1,0,0,0,0,90,2026-03-24 22:55:56.813,,y
814,20251210,564,4,106,6595,90,1,0,0,0,0,90,2026-03-24 22:55:56.813,,y
815,20251209,1418,4,107,6578,90,1,0,0,0,0,90,2026-03-24 22:55:56.813,,y
816,20251209,1418,4,108,6578,90,1,0,0,0,0,90,2026-03-24 22:55:56.813,,y
817,20251208,565,4,109,6751,30,1,0,0,0,0,85,2026-03-24 22:55:56.813,,y
818,20251205,566,4,110,6752,90,1,0,0,0,0,115,2026-03-24 22:55:56.813,,y
819,20251205,567,4,111,6611,119,1,0,0,0,0,119,2026-03-24 22:55:56.813,,y
820,20251204,568,4,112,6578,90,1,0,0,0,0,90,2026-03-24 22:55:56.813,,y
821,20251204,569,4,113,6612,119,1,0,0,0,0,119,2026-03-24 22:55:56.813,,y
822,20251203,570,4,114,6595,90,1,0,0,0,0,90,2026-03-24 22:55:56.813,,y
823,20251202,571,4,115,6753,50,1,0,0,0,0,100,2026-03-24 22:55:56.813,,y
824,20251201,572,4,116,6754,50,1,0,0,0,0,99.9,2026-03-24 22:55:56.813,,y
825,20251201,573,4,117,6614,25,1,0,0,0,0,25,2026-03-24 22:55:56.813,,y
826,20251201,574,4,118,6609,119,1,0,0,0,0,119,2026-03-24 22:55:56.813,,y
827,20251127,575,4,119,6576,90,1,0,0,0,0,90,2026-03-24 22:55:56.813,,y
828,20251125,576,4,120,6755,50,1,0,0,0,0,100,2026-03-24 22:55:56.813,,y
829,20251125,577,4,121,6756,20,1,0,0,0,0,85,2026-03-24 22:55:56.813,,y
830,20251123,578,4,122,6757,30,1,0,0,0,0,90,2026-03-24 22:55:56.813,,y
831,20251121,579,4,123,6758,34,1,0,0,0,0,124,2026-03-24 22:55:56.813,,y
832,20251120,580,4,124,6610,80,1,0,0,0,0,80,2026-03-24 22:55:56.813,,y
833,20251120,581,4,125,6759,25,1,0,0,0,0,84,2026-03-24 22:55:56.813,,y
834,20251117,582,4,126,6760,20,1,0,0,0,0,104,2026-03-24 22:55:56.813,,y
835,20251117,583,4,127,6575,50,1,0,0,0,0,100,2026-03-24 22:55:56.813,,y
836,20251114,584,4,128,6761,49.9,1,0,0,0,0,99.9,2026-03-24 22:55:56.813,,y
837,20251114,585,4,129,6762,30,1,0,0,0,0,100,2026-03-24 22:55:56.813,,y
838,20251114,586,4,130,6763,46,1,0,0,0,0,96,2026-03-24 22:55:56.813,,y
839,20251112,587,4,131,6764,25,1,0,0,0,0,80,2026-03-24 22:55:56.813,,y
840,20251111,588,4,132,6765,30,1,0,0,0,0,115,2026-03-24 22:55:56.813,,y
841,20251110,589,4,133,6608,20,1,0,0,0,0,100,2026-03-24 22:55:56.813,,y
842,20251108,590,4,134,6766,56,1,0,0,0,0,106,2026-03-24 22:55:56.813,,y
843,20251106,591,4,135,6767,49.9,1,0,0,0,0,99.9,2026-03-24 22:55:56.813,,y
844,20251106,592,4,136,6768,50,1,0,0,0,0,105,2026-03-24 22:55:56.813,,y
845,20251104,593,4,137,6769,49.9,1,0,0,0,0,99.8,2026-03-24 22:55:56.813,,y
846,20251104,594,4,138,6578,90,1,0,0,0,0,90,2026-03-24 22:55:56.813,,y
847,20251102,595,4,139,6539,58,1,0,0,0,0,58,2026-03-24 22:55:56.813,,y
848,20251031,596,4,140,6770,80,1,0,0,0,0,105,2026-03-24 22:55:56.813,,y
849,20251031,597,4,141,6595,90,1,0,0,0,0,90,2026-03-24 22:55:56.813,,y
850,20251031,598,4,142,6771,20,1,0,0,0,0,110,2026-03-24 22:55:56.813,,y
851,20251030,599,4,143,6621,90,1,0,0,0,0,90,2026-03-24 22:55:56.813,,y
852,20251030,600,4,144,6609,119,1,0,0,0,0,119,2026-03-24 22:55:56.813,,y
853,20251029,601,4,145,6610,80,1,0,0,0,0,80,2026-03-24 22:55:56.813,,y
854,20251028,602,4,146,6772,20,1,0,0,0,0,99,2026-03-24 22:55:56.813,,y
855,20251028,603,4,147,6611,119,1,0,0,0,0,119,2026-03-24 22:55:56.813,,y
856,20251025,604,4,148,6575,50,1,0,0,0,0,100,2026-03-24 22:55:56.813,,y
857,20251023,605,4,149,6773,25,1,0,0,0,0,110,2026-03-24 22:55:56.813,,y
858,20251022,606,4,150,6580,25,1,0,0,0,0,25,2026-03-24 22:55:56.813,,y
859,20251022,607,4,151,6774,60,1,0,0,0,0,110,2026-03-24 22:55:56.813,,y
860,20251020,608,4,152,6775,25,1,0,0,0,0,100,2026-03-24 22:55:56.813,,y
861,20251020,609,4,153,6776,49.9,1,0,0,0,0,99.9,2026-03-24 22:55:56.813,,y
862,20251020,610,4,154,6777,20,1,0,0,0,0,90,2026-03-24 22:55:56.813,,y
863,20251020,611,4,155,6595,90,1,0,0,0,0,90,2026-03-24 22:55:56.813,,y
864,20251020,612,4,156,6778,30,1,0,0,0,0,105,2026-03-24 22:55:56.813,,y
865,20251020,613,4,157,6578,90,1,0,0,0,0,90,2026-03-24 22:55:56.813,,y
866,20251018,614,4,158,6779,25,1,0,0,0,0,95,2026-03-24 22:55:56.813,,y
867,20251016,615,4,159,6780,25,1,0,0,0,0,105,2026-03-24 22:55:56.813,,y
868,20251014,616,4,160,6608,20,1,0,0,0,0,80,2026-03-24 22:55:56.813,,y
869,20251013,617,4,161,6781,30,1,0,0,0,0,110,2026-03-24 22:55:56.813,,y
870,20251013,619,4,163,6782,25,1,0,0,0,0,100,2026-03-24 22:55:56.813,,y
871,20251013,620,4,161,6625,120,1,0,0,0,0,120,2026-03-24 22:55:56.813,,y
872,20251012,621,4,164,6783,30,1,0,0,0,0,104.9,2026-03-24 22:55:56.813,,y
873,20251009,622,4,165,6784,90,1,0,0,0,0,110,2026-03-24 22:55:56.813,,y
874,20251007,623,4,166,6578,90,1,0,0,0,0,90,2026-03-24 22:55:56.813,,y
875,20251003,624,4,167,6586,48,1,0,0,0,0,48,2026-03-24 22:55:56.813,,y
876,20251003,625,4,168,6785,20,1,0,0,0,0,100,2026-03-24 22:55:56.813,,y
877,20250930,626,4,169,6786,20,1,0,0,0,0,100,2026-03-24 22:55:56.813,,y
878,20250930,627,4,170,6595,90,1,0,0,0,0,90,2026-03-24 22:55:56.813,,y
879,20250930,628,4,171,6787,50,1,0,0,0,0,80,2026-03-24 22:55:56.813,,y
880,20250928,629,4,172,6788,25,1,0,0,0,0,99.9,2026-03-24 22:55:56.813,,y
881,20250927,630,4,173,6789,30,1,0,0,0,0,85,2026-03-24 22:55:56.813,,y
882,20250925,631,4,174,6594,30,1,0,0,0,0,30,2026-03-24 22:55:56.813,,y
883,20250924,632,4,175,6790,30,1,0,0,0,0,90,2026-03-24 22:55:56.813,,y
884,20250924,633,4,176,6791,46,1,0,0,0,0,96,2026-03-24 22:55:56.813,,y
885,20250924,634,4,177,6578,90,1,0,0,0,0,90,2026-03-24 22:55:56.813,,y
886,20250923,635,4,178,6792,31,1,0,0,0,0,185,2026-03-24 22:55:56.813,,y
887,20250923,636,4,179,6609,119,1,0,0,0,0,119,2026-03-24 22:55:56.813,,y
888,20250922,637,4,180,6595,90,1,0,0,0,0,90,2026-03-24 22:55:56.813,,y
889,20250919,638,4,181,6609,119,1,0,0,0,0,119,2026-03-24 22:55:56.813,,y
890,20250917,639,4,182,6793,34,1,0,0,0,0,94,2026-03-24 22:55:56.813,,y
891,20250913,640,4,183,6538,65,1,0,0,0,0,65,2026-03-24 22:55:56.813,,y
892,20250910,641,4,184,6595,90,1,0,0,0,0,90,2026-03-24 22:55:56.813,,y
893,20250909,642,4,185,6620,20,1,0,0,0,0,20,2026-03-24 22:55:56.813,,y
894,20250907,643,4,186,6575,50,1,0,0,0,0,100,2026-03-24 22:55:56.813,,y
895,20250905,644,4,187,6794,20,1,0,0,0,0,65,2026-03-24 22:55:56.813,,y
896,20250904,645,4,188,6795,30,1,0,0,0,0,88,2026-03-24 22:55:56.813,,y
897,20250903,646,4,189,6758,34,1,0,0,0,0,124,2026-03-24 22:55:56.813,,y
898,20250903,647,4,190,6796,46,1,0,0,0,0,94,2026-03-24 22:55:56.813,,y
899,20250901,648,4,191,6625,120,1,0,0,0,0,120,2026-03-24 22:55:56.813,,y
900,20250901,649,4,192,6797,25,1,0,0,0,0,100,2026-03-24 22:55:56.813,,y
901,20250901,650,4,193,6798,30,1,0,0,0,0,100,2026-03-24 22:55:56.813,,y
902,20250831,651,4,194,6632,84,1,0,0,0,0,84,2026-03-24 22:55:56.813,,y
903,20250831,652,4,195,6626,20,1,0,0,0,0,40,2026-03-24 22:55:56.813,,y
904,20250831,653,4,196,6633,100,1,0,0,0,0,100,2026-03-24 22:55:56.813,,y
905,20250830,654,4,197,6634,119,1,0,0,0,0,119,2026-03-24 22:55:56.813,,y
906,20250829,655,4,198,6799,30,1,0,0,0,0,115,2026-03-24 22:55:56.813,,y
907,20250829,656,4,199,6634,119,1,0,0,0,0,119,2026-03-24 22:55:56.813,,y
908,20250829,657,4,200,6634,119,1,0,0,0,0,119,2026-03-24 22:55:56.813,,y
909,20250826,658,4,201,6800,34,1,0,0,0,0,94,2026-03-24 22:55:56.813,,y
910,20250826,659,4,202,6635,109,1,0,0,0,0,109,2026-03-24 22:55:56.813,,y
911,20250826,660,4,203,6586,48,1,0,0,0,0,96,2026-03-24 22:55:56.813,,y
912,20250825,661,4,204,6636,100,1,0,0,0,0,100,2026-03-24 22:55:56.813,,y
913,20250825,662,4,205,6801,25,1,0,0,0,0,85,2026-03-24 22:55:56.813,,y
914,20250824,663,4,206,6802,80,1,0,0,0,0,100,2026-03-24 22:55:56.813,,y
915,20250823,664,4,207,6803,45,1,0,0,0,0,135,2026-03-24 22:55:56.813,,y
916,20250822,665,4,208,6640,90,1,0,0,0,0,90,2026-03-24 22:55:56.813,,y
917,20250821,666,4,209,6641,85,1,0,0,0,0,85,2026-03-24 22:55:56.813,,y
918,20250821,667,4,210,6642,100,1,0,0,0,0,100,2026-03-24 22:55:56.813,,y
919,20250821,668,4,211,6633,100,1,0,0,0,0,100,2026-03-24 22:55:56.813,,y
920,20250820,669,4,186,6575,50,1,0,0,0,0,100,2026-03-24 22:55:56.813,,y
921,20250820,670,4,212,6804,50,1,0,0,0,0,100,2026-03-24 22:55:56.813,,y
922,20250820,671,4,213,6805,49.9,1,0,0,0,0,99.9,2026-03-24 22:55:56.813,,y
923,20250820,672,4,214,6578,90,1,0,0,0,0,90,2026-03-24 22:55:56.813,,y
924,20250820,673,4,215,6642,100,1,0,0,0,0,100,2026-03-24 22:55:56.813,,y
925,20250820,674,4,216,6642,100,1,0,0,0,0,100,2026-03-24 22:55:56.813,,y
926,20250820,675,4,217,6806,45,1,0,0,0,0,105,2026-03-24 22:55:56.813,,y
927,20250819,676,4,218,6807,90,1,0,0,0,0,155,2026-03-24 22:55:56.813,,y
928,20250819,677,4,219,6808,25,1,0,0,0,0,100,2026-03-24 22:55:56.813,,y
929,20250818,678,4,220,6809,50,1,0,0,0,0,105,2026-03-24 22:55:56.813,,y
930,20250818,679,4,221,6810,34,1,0,0,0,0,104,2026-03-24 22:55:56.813,,y
931,20250818,680,4,222,6811,25,1,0,0,0,0,74.9,2026-03-24 22:55:56.813,,y
932,20250818,681,4,223,6812,25,1,0,0,0,0,95,2026-03-24 22:55:56.813,,y
933,20250816,682,4,224,6644,49.9,1,0,0,0,0,99.8,2026-03-24 22:55:56.813,,y
934,20250813,683,4,225,6813,45,1,0,0,0,0,95,2026-03-24 22:55:56.813,,y
935,20250813,684,4,226,6814,45,1,0,0,0,0,100,2026-03-24 22:55:56.813,,y
936,20250812,685,4,227,6815,40,1,0,0,0,0,110,2026-03-24 22:55:56.813,,y
937,20250811,686,4,191,6659,219,1,0,0,0,0,219,2026-03-24 22:55:56.813,,y
938,20250811,1418,4,228,6642,100,1,0,0,0,0,100,2026-03-24 22:55:56.813,,y
939,20250811,687,4,229,6816,30,1,0,0,0,0,75,2026-03-24 22:55:56.813,,y
940,20250810,688,4,230,6577,25,1,0,0,0,0,25,2026-03-24 22:55:56.813,,y
941,20250809,689,4,231,6660,150,1,0,0,0,0,150,2026-03-24 22:55:56.813,,y
942,20250809,690,4,232,6661,92,1,0,0,0,0,92,2026-03-24 22:55:56.813,,y
943,20250807,691,4,233,6644,49.9,1,0,0,0,0,49.9,2026-03-24 22:55:56.813,,y
944,20250806,692,4,234,6662,92,1,0,0,0,0,92,2026-03-24 22:55:56.813,,y
945,20250806,693,4,235,6817,50,1,0,0,0,0,99,2026-03-24 22:55:56.813,,y
946,20250806,694,4,236,6818,50,1,0,0,0,0,86,2026-03-24 22:55:56.813,,y
947,20250805,695,4,237,6819,45,1,0,0,0,0,94.9,2026-03-24 22:55:56.813,,y
948,20250805,696,4,238,6820,20,1,0,0,0,0,95,2026-03-24 22:55:56.813,,y
949,20250805,697,4,239,6821,70,1,0,0,0,0,90,2026-03-24 22:55:56.813,,y
950,20250804,698,4,240,6822,34,1,0,0,0,0,99,2026-03-24 22:55:56.813,,y
951,20250804,699,4,241,6578,90,1,0,0,0,0,90,2026-03-24 22:55:56.813,,y
952,20250804,700,4,242,6640,90,1,0,0,0,0,90,2026-03-24 22:55:56.813,,y
953,20250804,701,4,243,6632,84,1,0,0,0,0,84,2026-03-24 22:55:56.813,,y
954,20250804,702,4,244,6823,48,1,0,0,0,0,78,2026-03-24 22:55:56.813,,y
955,20250804,703,4,245,6824,100,1,0,0,0,0,134,2026-03-24 22:55:56.813,,y
956,20250803,704,4,246,6825,45,1,0,0,0,0,94.9,2026-03-24 22:55:56.813,,y
957,20250802,705,4,247,6826,90,1,0,0,0,0,115,2026-03-24 22:55:56.813,,y
958,20250801,706,4,248,6642,100,1,0,0,0,0,100,2026-03-24 22:55:56.813,,y
959,20250728,707,4,249,6827,46,1,0,0,0,0,91,2026-03-24 22:55:56.813,,y
960,20250721,708,4,250,6828,58,1,0,0,0,0,103,2026-03-24 22:55:56.813,,y
961,20250721,709,4,251,6829,50,1,0,0,0,0,100,2026-03-24 22:55:56.813,,y
962,20250718,710,4,252,6824,100,1,0,0,0,0,134,2026-03-24 22:55:56.813,,y
963,20250718,711,4,253,6669,86,1,0,0,0,0,86,2026-03-24 22:55:56.813,,y
964,20250717,712,4,254,6830,48,1,0,0,0,0,93,2026-03-24 22:55:56.813,,y
965,20250715,713,4,255,6632,84,1,0,0,0,0,84,2026-03-24 22:55:56.813,,y
966,20250715,714,4,256,6670,90,1,0,0,0,0,90,2026-03-24 22:55:56.813,,y
967,20250715,715,4,257,6538,65,1,0,0,0,0,65,2026-03-24 22:55:56.813,,y
968,20250714,716,4,60,6587,30,1,0,0,0,0,30,2026-03-24 22:55:56.813,,y
969,20250714,717,4,258,6575,50,1,0,0,0,0,100,2026-03-24 22:55:56.813,,y
970,20250712,718,4,259,6671,86,1,0,0,0,0,86,2026-03-24 22:55:56.813,,y
971,20250710,719,4,260,6831,25,1,0,0,0,0,95,2026-03-24 22:55:56.813,,y
972,20250708,720,4,261,6587,30,1,0,0,0,0,30,2026-03-24 22:55:56.813,,y
973,20250708,721,4,262,6832,50,1,0,0,0,0,95,2026-03-24 22:55:56.813,,y
974,20250708,722,4,263,6587,30,1,0,0,0,0,30,2026-03-24 22:55:56.813,,y
975,20250707,723,4,264,6833,80,1,0,0,0,0,114,2026-03-24 22:55:56.813,,y
976,20250704,724,4,265,6834,18,1,0,0,0,0,108,2026-03-24 22:55:56.813,,y
977,20250704,725,4,266,6639,90,1,0,0,0,0,90,2026-03-24 22:55:56.813,,y
978,20250702,726,4,267,6835,49.9,1,0,0,0,0,98.9,2026-03-24 22:55:56.813,,y
979,20250701,727,4,268,6836,45,1,0,0,0,0,95,2026-03-24 22:55:56.813,,y
980,20250701,728,4,269,6679,120,1,0,0,0,0,120,2026-03-24 22:55:56.813,,y
981,20250701,729,4,270,6837,50,1,0,0,0,0,95,2026-03-24 22:55:56.813,,y
982,20250630,730,4,271,6838,25,1,0,0,0,0,95,2026-03-24 22:55:56.813,,y
983,20250625,731,4,272,6839,25,1,0,0,0,0,100,2026-03-24 22:55:56.813,,y
984,20250625,732,4,273,6605,50,1,0,0,0,0,50,2026-03-24 22:55:56.813,,y
985,20250624,733,4,274,6840,15,1,0,0,0,0,99.9,2026-03-24 22:55:56.813,,y
986,20250620,734,4,275,6841,25,1,0,0,0,0,100,2026-03-24 22:55:56.813,,y
987,20250620,735,4,276,6842,35,1,0,0,0,0,110,2026-03-24 22:55:56.813,,y
988,20250619,736,4,277,6843,35,1,0,0,0,0,100,2026-03-24 22:55:56.813,,y
989,20250618,737,4,97,6844,90,1,0,0,0,0,105,2026-03-24 22:55:56.813,,y
990,20250616,738,4,278,6650,25,1,0,0,0,0,100,2026-03-24 22:55:56.813,,y
991,20250613,739,4,279,6605,50,1,0,0,0,0,50,2026-03-24 22:55:56.813,,y
992,20250612,740,4,280,6607,90,1,0,0,0,0,90,2026-03-24 22:55:56.813,,y
993,20250612,741,4,230,6845,35,1,0,0,0,0,60,2026-03-24 22:55:56.813,,y
994,20250612,742,4,281,6668,86,1,0,0,0,0,86,2026-03-24 22:55:56.813,,y
995,20250612,743,4,282,6846,25,1,0,0,0,0,95,2026-03-24 22:55:56.813,,y
996,20250612,744,4,283,6663,34,1,0,0,0,0,102,2026-03-24 22:55:56.813,,y
997,20250612,745,4,284,6847,25,1,0,0,0,0,100,2026-03-24 22:55:56.813,,y
998,20250612,746,4,285,6848,34,1,0,0,0,0,104,2026-03-24 22:55:56.813,,y
999,20250611,747,4,286,6671,86,1,0,0,0,0,86,2026-03-24 22:55:56.813,,y
1000,20250611,748,4,287,6607,90,1,0,0,0,0,90,2026-03-24 22:55:56.813,,y
1001,20250611,749,4,288,6587,30,1,0,0,0,0,30,2026-03-24 22:55:56.813,,y
1002,20250609,750,4,289,6849,50,1,0,0,0,0,100,2026-03-24 22:55:56.813,,y
1003,20250607,751,4,290,6651,25,1,0,0,0,0,100,2026-03-24 22:55:56.813,,y
1004,20250605,752,4,291,6642,129,1,0,0,0,0,129,2026-03-24 22:55:56.813,,y
1005,20250605,753,4,292,6639,90,1,0,0,0,0,90,2026-03-24 22:55:56.813,,y
1006,20250603,754,4,293,6683,92,1,0,0,0,0,92,2026-03-24 22:55:56.813,,y
1007,20250602,755,4,294,6587,30,1,0,0,0,0,30,2026-03-24 22:55:56.813,,y
1008,20250530,756,4,295,6644,49.9,1,0,0,0,0,49.9,2026-03-24 22:55:56.813,,y
1009,20250530,757,4,296,6850,50,1,0,0,0,0,160,2026-03-24 22:55:56.813,,y
1010,20250530,758,4,297,6662,92,1,0,0,0,0,92,2026-03-24 22:55:56.813,,y
1011,20250529,759,4,298,6644,49.9,1,0,0,0,0,49.9,2026-03-24 22:55:56.813,,y
1012,20250528,760,4,299,6851,25,1,0,0,0,0,60,2026-03-24 22:55:56.813,,y
1013,20250526,761,4,300,6852,90,1,0,0,0,0,115,2026-03-24 22:55:56.813,,y
1014,20250526,762,4,301,6853,65,1,0,0,0,0,100,2026-03-24 22:55:56.813,,y
1015,20250525,763,4,302,6670,90,1,0,0,0,0,90,2026-03-24 22:55:56.813,,y
1016,20250523,764,4,303,6651,25,1,0,0,0,0,25,2026-03-24 22:55:56.813,,y
1017,20250523,765,4,304,6651,25,1,0,0,0,0,25,2026-03-24 22:55:56.813,,y
1018,20250522,766,4,305,6625,120,1,0,0,0,0,120,2026-03-24 22:55:56.813,,y
1019,20250521,767,4,306,6685,145,1,0,0,0,0,145,2026-03-24 22:55:56.813,,y
1020,20250521,768,4,307,6854,45,1,0,0,0,0,95,2026-03-24 22:55:56.813,,y
1021,20250519,769,4,308,6686,120,1,0,0,0,0,120,2026-03-24 22:55:56.813,,y
1022,20250519,770,4,306,6687,399,1,0,0,0,0,399,2026-03-24 22:55:56.813,,y
1023,20250519,771,4,309,6855,50,1,0,0,0,0,225,2026-03-24 22:55:56.813,,y
1024,20250519,772,4,174,6651,25,1,0,0,0,0,50,2026-03-24 22:55:56.813,,y
1025,20250518,773,4,310,6856,25,1,0,0,0,0,90,2026-03-24 22:55:56.813,,y
1026,20250518,774,4,311,6607,90,1,0,0,0,0,90,2026-03-24 22:55:56.813,,y
1027,20250517,775,4,312,6857,45,1,0,0,0,0,95,2026-03-24 22:55:56.813,,y
1028,20250516,776,4,313,6605,50,1,0,0,0,0,50,2026-03-24 22:55:56.813,,y
1029,20250516,777,4,314,6575,50,1,0,0,0,0,50,2026-03-24 22:55:56.813,,y
1030,20250515,778,4,315,6858,45,1,0,0,0,0,155,2026-03-24 22:55:56.813,,y
1031,20250514,779,4,184,6598,0,1,0,0,0,0,100,2026-03-24 22:55:56.813,,y
1032,20250514,780,4,316,6642,29,1,0,0,0,0,129,2026-03-24 22:55:56.813,,y
1033,20250513,781,4,317,6640,90,1,0,0,0,0,90,2026-03-24 22:55:56.813,,y
1034,20250512,782,4,318,6859,49.9,1,0,0,0,0,74.9,2026-03-24 22:55:56.813,,y
1035,20250512,783,4,298,6651,25,1,0,0,0,0,25,2026-03-24 22:55:56.813,,y
1036,20250510,784,4,319,6604,45,1,0,0,0,0,45,2026-03-24 22:55:56.813,,y
1037,20250509,785,4,320,6860,45,1,0,0,0,0,95,2026-03-24 22:55:56.813,,y
1038,20250509,786,4,321,6605,50,1,0,0,0,0,100,2026-03-24 22:55:56.813,,y
1039,20250509,787,4,322,6605,50,1,0,0,0,0,50,2026-03-24 22:55:56.813,,y
1040,20250508,788,4,323,6683,92,1,0,0,0,0,92,2026-03-24 22:55:56.813,,y
1041,20250506,789,4,324,6861,50,1,0,0,0,0,110,2026-03-24 22:55:56.813,,y
1042,20250506,790,4,325,6852,90,1,0,0,0,0,115,2026-03-24 22:55:56.813,,y
1043,20250505,791,4,326,6862,34,1,0,0,0,0,109,2026-03-24 22:55:56.813,,y
1044,20250505,792,4,327,6863,45,1,0,0,0,0,115,2026-03-24 22:55:56.813,,y
1045,20250503,793,4,328,6864,25,1,0,0,0,0,99.9,2026-03-24 22:55:56.813,,y
1046,20250430,794,4,329,6865,115,1,0,0,0,0,150,2026-03-24 22:55:56.813,,y
1047,20250426,795,4,330,6866,50,1,0,0,0,0,100,2026-03-24 22:55:56.813,,y
1048,20250424,796,4,331,6867,45,1,0,0,0,0,90,2026-03-24 22:55:56.813,,y
1049,20250424,797,4,332,6578,90,1,0,0,0,0,90,2026-03-24 22:55:56.813,,y
1050,20250424,798,4,333,6868,25,1,0,0,0,0,60,2026-03-24 22:55:56.813,,y
1051,20250423,799,4,334,6869,25,1,0,0,0,0,85,2026-03-24 22:55:56.813,,y
1052,20250423,800,4,335,6691,92,1,0,0,0,0,92,2026-03-24 22:55:56.813,,y
1053,20250422,801,4,336,6651,25,1,0,0,0,0,100,2026-03-24 22:55:56.813,,y
1054,20250422,802,4,337,6870,45,1,0,0,0,0,160,2026-03-24 22:55:56.813,,y
1055,20250421,803,4,338,6871,25,1,0,0,0,0,95,2026-03-24 22:55:56.813,,y
1056,20250417,804,4,339,6671,86,1,0,0,0,0,86,2026-03-24 22:55:56.813,,y
1057,20250417,805,4,340,6872,30,1,0,0,0,0,95,2026-03-24 22:55:56.813,,y
1058,20250416,806,4,341,6873,25,1,0,0,0,0,154,2026-03-24 22:55:56.813,,y
1059,20250416,807,4,342,6874,48,1,0,0,0,0,91,2026-03-24 22:55:56.813,,y
1060,20250415,808,4,343,6538,65,1,0,0,0,0,65,2026-03-24 22:55:56.813,,y
1061,20250412,809,4,344,6875,75,1,0,0,0,0,120,2026-03-24 22:55:56.813,,y
1062,20250411,810,4,345,6876,25,1,0,0,0,0,100,2026-03-24 22:55:56.813,,y
1063,20250411,811,4,346,6695,86,1,0,0,0,0,86,2026-03-24 22:55:56.813,,y
1064,20250409,812,4,347,6876,25,1,0,0,0,0,100,2026-03-24 22:55:56.813,,y
1065,20250409,813,4,348,6877,65,1,0,0,0,0,267,2026-03-24 22:55:56.813,,y
1066,20250409,814,4,349,6829,50,1,0,0,0,0,100,2026-03-24 22:55:56.813,,y
1067,20250408,815,4,350,6878,20,1,0,0,0,0,80,2026-03-24 22:55:56.813,,y
1068,20250403,816,4,351,6605,50,1,0,0,0,0,50,2026-03-24 22:55:56.813,,y
1069,20250402,817,4,352,6697,129,1,0,0,0,0,129,2026-03-24 22:55:56.813,,y
1070,20250402,818,4,353,6879,45,1,0,0,0,0,95,2026-03-24 22:55:56.813,,y
1071,20250331,819,4,354,6605,50,1,0,0,0,0,50,2026-03-24 22:55:56.813,,y
1072,20250331,821,4,355,6605,50,1,0,0,0,0,50,2026-03-24 22:55:56.813,,y
1073,20250330,822,4,356,6881,50,1,0,0,0,0,308,2026-03-24 22:55:56.813,,y
1074,20250330,823,4,357,6876,25,1,0,0,0,0,100,2026-03-24 22:55:56.813,,y
1075,20250330,824,4,358,6605,50,1,0,0,0,0,50,2026-03-24 22:55:56.813,,y
1076,20250327,825,4,359,6882,86,1,0,0,0,0,101,2026-03-24 22:55:56.813,,y
1077,20250327,826,4,360,6883,16.5,1,0,0,0,0,1505,2026-03-24 22:55:56.813,,y
1078,20250320,827,4,361,6884,35,1,0,0,0,0,84.9,2026-03-24 22:55:56.813,,y
1079,20250318,828,4,362,6642,129,1,0,0,0,0,129,2026-03-24 22:55:56.813,,y
1080,20250318,829,4,363,6885,25,1,0,0,0,0,105,2026-03-24 22:55:56.813,,y
1081,20250317,830,4,364,6693,129,1,0,0,0,0,129,2026-03-24 22:55:56.813,,y
1082,20250307,831,4,365,6697,129,1,0,0,0,0,129,2026-03-24 22:55:56.813,,y
1083,20250307,832,4,366,6886,120,1,0,0,0,0,150,2026-03-24 22:55:56.813,,y
1084,20250306,833,4,367,6887,129,1,0,0,0,0,258,2026-03-24 22:55:56.813,,y
1085,20250306,834,4,368,6642,129,1,0,0,0,0,258,2026-03-24 22:55:56.813,,y
1086,20250306,835,4,369,6683,92,1,0,0,0,0,92,2026-03-24 22:55:56.813,,y
1087,20250304,836,4,370,6697,129,1,0,0,0,0,129,2026-03-24 22:55:56.813,,y
1088,20250302,837,4,371,6640,64,1,0,0,0,0,90,2026-03-24 22:55:56.813,,y
1089,20250302,838,4,372,6703,86,1,0,0,0,0,172,2026-03-24 22:55:56.813,,y
1090,20250302,839,4,373,6888,90,1,0,0,0,0,156,2026-03-24 22:55:56.813,,y
1091,20250302,840,4,374,6889,35,1,0,0,0,0,130,2026-03-24 22:55:56.813,,y
1092,20250301,841,4,375,6705,129,1,0,0,0,0,129,2026-03-24 22:55:56.813,,y
1093,20250301,842,4,376,6705,129,1,0,0,0,0,258,2026-03-24 22:55:56.813,,y
1094,20250301,843,4,377,6705,129,1,0,0,0,0,129,2026-03-24 22:55:56.813,,y
1095,20250226,844,4,378,6890,50,1,0,0,0,0,85,2026-03-24 22:55:56.813,,y
1096,20250226,845,4,379,6651,25,1,0,0,0,0,25,2026-03-24 22:55:56.813,,y
1097,20250224,846,4,380,6683,92,1,0,0,0,0,92,2026-03-24 22:55:56.813,,y
1098,20250223,847,4,381,6651,25,1,0,0,0,0,25,2026-03-24 22:55:56.813,,y
1099,20250221,848,4,382,6662,92,1,0,0,0,0,92,2026-03-24 22:55:56.813,,y
1100,20250219,850,4,383,6684,20,1,0,0,0,0,20,2026-03-24 22:55:56.813,,y
1101,20250218,851,4,384,6892,34,1,0,0,0,0,108,2026-03-24 22:55:56.813,,y
1102,20250215,852,4,385,6662,92,1,0,0,0,0,92,2026-03-24 22:55:56.813,,y
1103,20250215,853,4,386,6893,50,1,0,0,0,0,100,2026-03-24 22:55:56.813,,y
1104,20250214,854,4,387,6651,25,1,0,0,0,0,25,2026-03-24 22:55:56.813,,y
1105,20250214,855,4,388,6651,25,1,0,0,0,0,25,2026-03-24 22:55:56.813,,y
1106,20250214,856,4,389,6894,45,1,0,0,0,0,95,2026-03-24 22:55:56.813,,y
1107,20250213,857,4,390,6650,25,1,0,0,0,0,25,2026-03-24 22:55:56.813,,y
1108,20250213,858,4,391,6630,50,1,0,0,0,0,50,2026-03-24 22:55:56.813,,y
1109,20250213,859,4,392,6650,25,1,0,0,0,0,25,2026-03-24 22:55:56.813,,y
1110,20250213,860,4,393,6630,50,1,0,0,0,0,50,2026-03-24 22:55:56.813,,y
1111,20250213,861,4,394,6630,50,1,0,0,0,0,50,2026-03-24 22:55:56.813,,y
1112,20250213,862,4,395,6895,25,1,0,0,0,0,50,2026-03-24 22:55:56.813,,y
1113,20250213,863,4,396,6651,25,1,0,0,0,0,50,2026-03-24 22:55:56.813,,y
1114,20250213,864,4,397,6577,25,1,0,0,0,0,25,2026-03-24 22:55:56.813,,y
1115,20250213,865,4,398,6577,25,1,0,0,0,0,25,2026-03-24 22:55:56.813,,y
1116,20250213,866,4,399,6651,25,1,0,0,0,0,25,2026-03-24 22:55:56.813,,y
1117,20250213,867,4,400,6651,25,1,0,0,0,0,25,2026-03-24 22:55:56.813,,y
1118,20250213,868,4,401,6630,50,1,0,0,0,0,50,2026-03-24 22:55:56.813,,y
1119,20250213,869,4,402,6651,25,1,0,0,0,0,25,2026-03-24 22:55:56.813,,y
1120,20250213,870,4,403,6651,25,1,0,0,0,0,25,2026-03-24 22:55:56.813,,y
1121,20250213,871,4,404,6630,50,1,0,0,0,0,50,2026-03-24 22:55:56.813,,y
1122,20250213,872,4,405,6577,25,1,0,0,0,0,50,2026-03-24 22:55:56.813,,y
1123,20250213,873,4,406,6896,85,1,0,0,0,0,115,2026-03-24 22:55:56.813,,y
1124,20250213,874,4,407,6577,25,1,0,0,0,0,25,2026-03-24 22:55:56.813,,y
1125,20250213,875,4,408,6630,50,1,0,0,0,0,50,2026-03-24 22:55:56.813,,y
1126,20250213,876,4,409,6888,90,1,0,0,0,0,106.5,2026-03-24 22:55:56.813,,y
1127,20250213,877,4,410,6651,25,1,0,0,0,0,25,2026-03-24 22:55:56.813,,y
1128,20250213,878,4,411,6651,25,1,0,0,0,0,25,2026-03-24 22:55:56.813,,y
1129,20250213,879,4,412,6650,25,1,0,0,0,0,25,2026-03-24 22:55:56.813,,y
1130,20250213,880,4,413,6707,60,1,0,0,0,0,60,2026-03-24 22:55:56.813,,y
1131,20250213,881,4,414,6651,25,1,0,0,0,0,25,2026-03-24 22:55:56.813,,y
1132,20250212,882,4,223,6839,25,1,0,0,0,0,50,2026-03-24 22:55:56.813,,y
1133,20250212,883,4,415,6651,25,1,0,0,0,0,25,2026-03-24 22:55:56.813,,y
1134,20250212,884,4,416,6897,20,1,0,0,0,0,150,2026-03-24 22:55:56.813,,y
1135,20250212,885,4,417,6630,50,1,0,0,0,0,50,2026-03-24 22:55:56.813,,y
1136,20250212,886,4,418,6893,50,1,0,0,0,0,100,2026-03-24 22:55:56.813,,y
1137,20250212,887,4,419,6898,45,1,0,0,0,0,95,2026-03-24 22:55:56.813,,y
1138,20250212,888,4,420,6630,50,1,0,0,0,0,50,2026-03-24 22:55:56.813,,y
1139,20250211,889,4,421,6651,25,1,0,0,0,0,25,2026-03-24 22:55:56.813,,y
1140,20250211,890,4,422,6708,50,1,0,0,0,0,100,2026-03-24 22:55:56.813,,y
1141,20250210,891,4,423,6639,90,1,0,0,0,0,90,2026-03-24 22:55:56.813,,y
1142,20250210,892,4,424,6899,92,1,0,0,0,0,109,2026-03-24 22:55:56.813,,y
1143,20250208,893,4,425,6900,45,1,0,0,0,0,99,2026-03-24 22:55:56.813,,y
1144,20250206,894,4,426,6837,50,1,0,0,0,0,95,2026-03-24 22:55:56.813,,y
1145,20250206,895,4,427,6901,70,1,0,0,0,0,105,2026-03-24 22:55:56.813,,y
1146,20250205,896,4,383,6902,20,1,0,0,0,0,72,2026-03-24 22:55:56.813,,y
1147,20250204,897,4,428,6587,30,1,0,0,0,0,30,2026-03-24 22:55:56.813,,y
1148,20250203,898,4,429,6903,20,1,0,0,0,0,99,2026-03-24 22:55:56.813,,y
1149,20250129,899,4,430,6904,45,1,0,0,0,0,90,2026-03-24 22:55:56.813,,y
1150,20250129,900,4,431,6905,70,1,0,0,0,0,90,2026-03-24 22:55:56.813,,y
1151,20250128,901,4,432,6906,34,1,0,0,0,0,79,2026-03-24 22:55:56.813,,y
1152,20250125,902,4,433,6907,20,1,0,0,0,0,105,2026-03-24 22:55:56.813,,y
1153,20250124,903,4,434,6639,90,1,0,0,0,0,90,2026-03-24 22:55:56.813,,y
1154,20250124,904,4,361,6643,50,1,0,0,0,0,100,2026-03-24 22:55:56.813,,y
1155,20250120,905,4,435,6639,90,1,0,0,0,0,90,2026-03-24 22:55:56.813,,y
1156,20250120,906,4,436,6908,35,1,0,0,0,0,100,2026-03-24 22:55:56.813,,y
1157,20250118,907,4,437,6616,46,1,0,0,0,0,46,2026-03-24 22:55:56.813,,y
1158,20250114,908,4,438,6587,30,1,0,0,0,0,30,2026-03-24 22:55:56.813,,y
1159,20250114,909,4,439,6587,30,1,0,0,0,0,30,2026-03-24 22:55:56.813,,y
1160,20250111,910,4,440,6586,48,1,0,0,0,0,48,2026-03-24 22:55:56.813,,y
1161,20250106,911,4,441,6702,120,1,0,0,0,0,120,2026-03-24 22:55:56.813,,y
1162,20250103,912,4,442,6539,58,1,0,0,0,0,58,2026-03-24 22:55:56.826,,y
1163,20241227,913,4,443,6587,30,1,0,0,0,0,30,2026-03-24 22:55:56.826,,y
1164,20241225,914,4,444,6587,30,1,0,0,0,0,30,2026-03-24 22:55:56.826,,y
1165,20241224,915,4,445,6712,20,1,0,0,0,0,60,2026-03-24 22:55:56.826,,y
1166,20241224,916,4,446,6909,58,1,0,0,0,0,104,2026-03-24 22:55:56.826,,y
1167,20241223,917,4,447,6587,30,1,0,0,0,0,30,2026-03-24 22:55:56.826,,y
1168,20241210,918,4,448,6713,28,1,0,0,0,0,28,2026-03-24 22:55:56.826,,y
1169,20241125,919,4,449,6644,70,1,0,0,0,0,70,2026-03-24 22:55:56.826,,y
1170,20241123,920,4,450,6587,30,1,0,0,0,0,30,2026-03-24 22:55:56.826,,y
1171,20241107,921,4,451,6714,15,1,0,0,0,0,45,2026-03-24 22:55:56.826,,y
1172,20241107,922,4,452,6644,70,1,0,0,0,0,70,2026-03-24 22:55:56.826,,y
1173,20241002,923,4,453,6910,40,1,0,0,0,0,110,2026-03-24 22:55:56.826,,y
1174,20240926,924,4,454,6586,48,1,0,0,0,0,48,2026-03-24 22:55:56.826,,y
1175,20240906,925,4,455,6717,180,1,0,0,0,0,180,2026-03-24 22:55:56.826,,y
1176,20240827,926,4,456,6718,55,1,0,0,0,0,55,2026-03-24 22:55:56.826,,y
1177,20240827,927,4,457,6587,30,1,0,0,0,0,30,2026-03-24 22:55:56.826,,y
1178,20240817,928,4,458,6538,65,1,0,0,0,0,65,2026-03-24 22:55:56.826,,y
1179,20240805,929,4,459,6539,58,1,0,0,0,0,58,2026-03-24 22:55:56.826,,y
1180,20240730,930,4,460,6816,30,1,0,0,0,0,75,2026-03-24 22:55:56.826,,y
1181,20240721,931,4,461,6816,30,1,0,0,0,0,75,2026-03-24 22:55:56.826,,y
1182,20240704,932,4,462,6719,14,1,0,0,0,0,14,2026-03-24 22:55:56.826,,y
1183,20240630,933,4,463,6911,46,1,0,0,0,0,169,2026-03-24 22:55:56.826,,y
1184,20240611,934,4,464,6587,30,1,0,0,0,0,30,2026-03-24 22:55:56.826,,y
1185,20240610,935,4,465,6587,30,1,0,0,0,0,30,2026-03-24 22:55:56.826,,y
1186,20240527,936,4,466,6912,15,1,0,0,0,0,45,2026-03-24 22:55:56.826,,y
1187,20240507,937,4,467,6587,30,1,0,0,0,0,30,2026-03-24 22:55:56.826,,y
1188,20240328,938,4,468,6587,30,1,0,0,0,0,30,2026-03-24 22:55:56.826,,y
1189,20240324,939,4,469,6913,17,1,0,0,0,0,29,2026-03-24 22:55:56.826,,y
1190,20240318,940,4,470,6725,30,1,0,0,0,0,30,2026-03-24 22:55:56.826,,y
1191,20240313,941,4,471,6723,17,1,0,0,0,0,34,2026-03-24 22:55:56.826,,y
1192,20240220,558,4,47,6914,6,1,0,0,0,0,18,2026-03-24 22:55:56.826,,y
1193,20231230,618,4,162,6587,30,1,0,0,0,0,30,2026-03-24 22:55:56.826,,y
1194,20231206,561,4,67,6591,19,1,0,0,0,0,19,2026-03-24 22:55:56.826,,y
1195,20250718,1418,2,472,6915,0,0,0,0,0,0,24,2026-03-24 22:55:56.865,,y
1196,20250718,1418,2,472,6916,0,0,0,0,0,0,45,2026-03-24 22:55:56.865,,y
1197,20250718,1418,2,472,6917,0,0,0,0,0,0,45,2026-03-24 22:55:56.865,,y
1198,20250718,1418,2,472,6918,0,0,0,0,0,0,15,2026-03-24 22:55:56.865,,y
1199,20250718,1418,2,472,6919,0,0,0,0,0,0,25,2026-03-24 22:55:56.865,,y
1200,20250718,1418,2,472,6920,0,0,0,0,0,0,120,2026-03-24 22:55:56.865,,y
1201,20250718,1418,2,472,6921,0,0,0,0,0,0,40,2026-03-24 22:55:56.865,,y
1202,20250718,1418,2,472,6922,0,0,0,0,0,0,120,2026-03-24 22:55:56.865,,y
1203,20250718,1418,2,472,6923,0,0,0,0,0,0,80,2026-03-24 22:55:56.865,,y
1204,20250718,1418,2,472,6924,0,0,0,0,0,0,514,2026-03-24 22:55:56.865,,y
1205,20250719,1418,2,472,6925,0,0,0,0,0,0,25,2026-03-24 22:55:56.865,,y
1206,20250719,1418,2,472,6916,0,0,0,0,0,0,36,2026-03-24 22:55:56.865,,y
1207,20250719,1418,2,472,6924,0,0,0,0,0,0,61,2026-03-24 22:55:56.865,,y
1208,20250720,1418,2,472,6926,0,0,0,0,0,0,13,2026-03-24 22:55:56.865,,y
1209,20250720,1418,2,472,6927,0,0,0,0,0,0,20,2026-03-24 22:55:56.865,,y
1210,20250720,1418,2,472,6928,0,0,0,0,0,0,10,2026-03-24 22:55:56.865,,y
1211,20250720,1418,2,472,6929,0,0,0,0,0,0,30,2026-03-24 22:55:56.865,,y
1212,20250720,1418,2,472,6930,0,0,0,0,0,0,100,2026-03-24 22:55:56.865,,y
1213,20250720,1418,2,472,6931,0,0,0,0,0,0,10,2026-03-24 22:55:56.865,,y
1214,20250720,1418,2,472,6924,0,0,0,0,0,0,213,2026-03-24 22:55:56.865,,y
1215,20250721,1418,2,472,6933,0,0,0,0,0,0,12,2026-03-24 22:55:56.865,,y
1216,20250721,1418,2,472,6934,0,0,0,0,0,0,45,2026-03-24 22:55:56.865,,y
1217,20250721,1418,2,472,6935,0,0,0,0,0,0,20,2026-03-24 22:55:56.865,,y
1218,20250721,1418,2,472,6936,0,0,0,0,0,0,12,2026-03-24 22:55:56.865,,y
1219,20250721,1418,2,472,6937,0,0,0,0,0,0,20,2026-03-24 22:55:56.865,,y
1220,20250721,1418,2,472,6938,0,0,0,0,0,0,40,2026-03-24 22:55:56.865,,y
1221,20250721,1418,2,472,6924,0,0,0,0,0,0,149,2026-03-24 22:55:56.865,,y
1222,20250723,1418,2,472,6939,0,0,0,0,0,0,40,2026-03-24 22:55:56.865,,y
1223,20250723,1418,2,472,6940,0,0,0,0,0,0,26,2026-03-24 22:55:56.865,,y
1224,20250723,1418,2,472,6941,0,0,0,0,0,0,13,2026-03-24 22:55:56.865,,y
1225,20250723,1418,2,472,6942,0,0,0,0,0,0,15,2026-03-24 22:55:56.865,,y
1226,20250723,1418,2,472,6943,0,0,0,0,0,0,50,2026-03-24 22:55:56.865,,y
1227,20250723,1418,2,472,6944,0,0,0,0,0,0,25,2026-03-24 22:55:56.865,,y
1228,20250723,1418,2,472,6924,0,0,0,0,0,0,169,2026-03-24 22:55:56.865,,y
1229,20250724,1418,2,472,6945,0,0,0,0,0,0,40,2026-03-24 22:55:56.865,,y
1230,20250724,1418,2,472,6946,0,0,0,0,0,0,80,2026-03-24 22:55:56.865,,y
1231,20250724,1418,2,472,6924,0,0,0,0,0,0,120,2026-03-24 22:55:56.865,,y
1232,20250725,1418,2,472,6947,0,0,0,0,0,0,270,2026-03-24 22:55:56.865,,y
1233,20250725,1418,2,472,6941,0,0,0,0,0,0,12,2026-03-24 22:55:56.872,,y
1234,20250725,1418,2,472,6948,0,0,0,0,0,0,60,2026-03-24 22:55:56.872,,y
1235,20250725,1418,2,472,6949,0,0,0,0,0,0,12,2026-03-24 22:55:56.872,,y
1236,20250725,1418,2,472,6950,0,0,0,0,0,0,102,2026-03-24 22:55:56.872,,y
1237,20250725,1418,2,472,6941,0,0,0,0,0,0,12,2026-03-24 22:55:56.872,,y
1238,20250725,1418,2,472,6952,0,0,0,0,0,0,160,2026-03-24 22:55:56.872,,y
1239,20250725,1418,2,472,6953,0,0,0,0,0,0,12,2026-03-24 22:55:56.872,,y
1240,20250725,1418,2,472,6954,0,0,0,0,0,0,15,2026-03-24 22:55:56.872,,y
1241,20250725,1418,2,472,6955,0,0,0,0,0,0,24,2026-03-24 22:55:56.872,,y
1242,20250725,1418,2,472,6956,0,0,0,0,0,0,34,2026-03-24 22:55:56.872,,y
1243,20250725,1418,2,472,6941,0,0,0,0,0,0,12,2026-03-24 22:55:56.872,,y
1244,20250725,1418,2,472,6935,0,0,0,0,0,0,20,2026-03-24 22:55:56.872,,y
1245,20250725,1418,2,472,6957,0,0,0,0,0,0,50,2026-03-24 22:55:56.872,,y
1246,20250725,1418,2,472,6958,0,0,0,0,0,0,20,2026-03-24 22:55:56.872,,y
1247,20250725,1418,2,472,6959,0,0,0,0,0,0,12,2026-03-24 22:55:56.872,,y
1248,20250725,1418,2,472,6924,0,0,0,0,0,0,861,2026-03-24 22:55:56.872,,y
1249,20250722,1418,2,472,6960,0,0,0,0,0,0,22,2026-03-24 22:55:56.872,,y
1250,20250722,1418,2,472,6961,0,0,0,0,0,0,108,2026-03-24 22:55:56.872,,y
1251,20250722,1418,2,472,6962,0,0,0,0,0,0,12,2026-03-24 22:55:56.872,,y
1252,20250722,1418,2,472,6963,0,0,0,0,0,0,40,2026-03-24 22:55:56.872,,y
1253,20250722,1418,2,472,6964,0,0,0,0,0,0,85,2026-03-24 22:55:56.872,,y
1254,20250722,1418,2,472,6965,0,0,0,0,0,0,10,2026-03-24 22:55:56.872,,y
1255,20250722,1418,2,472,6966,0,0,0,0,0,0,30,2026-03-24 22:55:56.872,,y
1256,20250722,1418,2,472,6965,0,0,0,0,0,0,12,2026-03-24 22:55:56.872,,y
1257,20250722,1418,2,472,6967,0,0,0,0,0,0,25,2026-03-24 22:55:56.872,,y
1258,20250722,1418,2,472,6968,0,0,0,0,0,0,27,2026-03-24 22:55:56.872,,y
1259,20250722,1418,2,472,6969,0,0,0,0,0,0,10,2026-03-24 22:55:56.872,,y
1260,20250722,1418,2,472,6924,0,0,0,0,0,0,381,2026-03-24 22:55:56.872,,y
1261,20250726,1418,2,472,6970,0,0,0,0,0,0,25,2026-03-24 22:55:56.872,,y
1262,20250726,1418,2,472,6971,0,0,0,0,0,0,48,2026-03-24 22:55:56.872,,y
1263,20250726,1418,2,472,6972,0,0,0,0,0,0,35,2026-03-24 22:55:56.872,,y
1264,20250726,1418,2,472,6973,0,0,0,0,0,0,10,2026-03-24 22:55:56.872,,y
1265,20250726,1418,2,472,6974,0,0,0,0,0,0,40,2026-03-24 22:55:56.872,,y
1266,20250726,1418,2,472,6975,0,0,0,0,0,0,10,2026-03-24 22:55:56.872,,y
1267,20250726,1418,2,472,6976,0,0,0,0,0,0,80,2026-03-24 22:55:56.872,,y
1268,20250726,1418,2,472,6977,0,0,0,0,0,0,10,2026-03-24 22:55:56.872,,y
1269,20250726,1418,2,472,6978,0,0,0,0,0,0,200,2026-03-24 22:55:56.872,,y
1270,20250726,1418,2,472,6979,0,0,0,0,0,0,80,2026-03-24 22:55:56.872,,y
1271,20250726,1418,2,472,6980,0,0,0,0,0,0,80,2026-03-24 22:55:56.872,,y
1272,20250726,1418,2,472,6959,0,0,0,0,0,0,11,2026-03-24 22:55:56.872,,y
1273,20250726,1418,2,472,6981,0,0,0,0,0,0,105,2026-03-24 22:55:56.872,,y
1274,20250726,1418,2,472,6982,0,0,0,0,0,0,100,2026-03-24 22:55:56.872,,y
1275,20250726,1418,2,472,6983,0,0,0,0,0,0,12,2026-03-24 22:55:56.872,,y
1276,20250726,1418,2,472,6984,0,0,0,0,0,0,12,2026-03-24 22:55:56.872,,y
1277,20250726,1418,2,472,6985,0,0,0,0,0,0,32,2026-03-24 22:55:56.872,,y
1278,20250726,1418,2,472,6986,0,0,0,0,0,0,12,2026-03-24 22:55:56.872,,y
1279,20250726,1418,2,472,6974,0,0,0,0,0,0,40,2026-03-24 22:55:56.872,,y
1280,20250726,1418,2,472,6974,0,0,0,0,0,0,40,2026-03-24 22:55:56.872,,y
1281,20250726,1418,2,472,6987,0,0,0,0,0,0,15,2026-03-24 22:55:56.872,,y
1282,20250726,1418,2,472,6988,0,0,0,0,0,0,13,2026-03-24 22:55:56.872,,y
1283,20250726,1418,2,472,6989,0,0,0,0,0,0,24,2026-03-24 22:55:56.872,,y
1284,20250726,1418,2,472,6983,0,0,0,0,0,0,12,2026-03-24 22:55:56.872,,y
1285,20250726,1418,2,472,6970,0,0,0,0,0,0,20,2026-03-24 22:55:56.872,,y
1286,20250726,1418,2,472,6974,0,0,0,0,0,0,35,2026-03-24 22:55:56.872,,y
1287,20250726,1418,2,472,6990,0,0,0,0,0,0,50,2026-03-24 22:55:56.872,,y
1288,20250726,1418,2,472,6924,0,0,0,0,0,0,1203,2026-03-24 22:55:56.872,,y
1289,20250727,1418,2,472,6974,0,0,0,0,0,0,40,2026-03-24 22:55:56.872,,y
1290,20250727,1418,2,472,6992,0,0,0,0,0,0,50,2026-03-24 22:55:56.872,,y
1291,20250727,1418,2,472,6993,0,0,0,0,0,0,40,2026-03-24 22:55:56.872,,y
1292,20250727,1418,2,472,6994,0,0,0,0,0,0,10,2026-03-24 22:55:56.872,,y
1293,20250727,1418,2,472,6995,0,0,0,0,0,0,24,2026-03-24 22:55:56.872,,y
1294,20250727,1418,2,472,6996,0,0,0,0,0,0,60,2026-03-24 22:55:56.872,,y
1295,20250727,1418,2,472,6997,0,0,0,0,0,0,100,2026-03-24 22:55:56.872,,y
1296,20250727,1418,2,472,6998,0,0,0,0,0,0,50,2026-03-24 22:55:56.872,,y
1297,20250727,1418,2,472,6999,0,0,0,0,0,0,70,2026-03-24 22:55:56.872,,y
1298,20250727,1418,2,472,7000,0,0,0,0,0,0,50,2026-03-24 22:55:56.872,,y
1299,20250727,1418,2,472,7001,0,0,0,0,0,0,15,2026-03-24 22:55:56.874,,y
1300,20250727,1418,2,472,7002,0,0,0,0,0,0,40,2026-03-24 22:55:56.874,,y
1301,20250727,1418,2,472,7003,0,0,0,0,0,0,20,2026-03-24 22:55:56.874,,y
1302,20250727,1418,2,472,6974,0,0,0,0,0,0,40,2026-03-24 22:55:56.874,,y
1303,20250727,1418,2,472,7004,0,0,0,0,0,0,12,2026-03-24 22:55:56.874,,y
1304,20250727,1418,2,472,7005,0,0,0,0,0,0,100,2026-03-24 22:55:56.874,,y
1305,20250727,1418,2,472,7006,0,0,0,0,0,0,55,2026-03-24 22:55:56.874,,y
1306,20250727,1418,2,472,7007,0,0,0,0,0,0,140,2026-03-24 22:55:56.874,,y
1307,20250727,1418,2,472,7008,0,0,0,0,0,0,10,2026-03-24 22:55:56.874,,y
1308,20250727,1418,2,472,7009,0,0,0,0,0,0,40,2026-03-24 22:55:56.874,,y
1309,20250727,1418,2,472,7010,0,0,0,0,0,0,40,2026-03-24 22:55:56.874,,y
1310,20250727,1418,2,472,7011,0,0,0,0,0,0,60,2026-03-24 22:55:56.874,,y
1311,20250727,1418,2,472,7012,0,0,0,0,0,0,35,2026-03-24 22:55:56.874,,y
1312,20250727,1418,2,472,7013,0,0,0,0,0,0,24,2026-03-24 22:55:56.874,,y
1313,20250727,1418,2,472,7003,0,0,0,0,0,0,20,2026-03-24 22:55:56.874,,y
1314,20250727,1418,2,472,7014,0,0,0,0,0,0,10,2026-03-24 22:55:56.874,,y
1315,20250727,1418,2,472,7015,0,0,0,0,0,0,160,2026-03-24 22:55:56.874,,y
1316,20250727,1418,2,472,7016,0,0,0,0,0,0,45,2026-03-24 22:55:56.874,,y
1317,20250727,1418,2,472,7017,0,0,0,0,0,0,25,2026-03-24 22:55:56.874,,y
1318,20250727,1418,2,472,7018,0,0,0,0,0,0,12,2026-03-24 22:55:56.874,,y
1319,20250727,1418,2,472,7010,0,0,0,0,0,0,30,2026-03-24 22:55:56.874,,y
1320,20250727,1418,2,472,7019,0,0,0,0,0,0,80,2026-03-24 22:55:56.874,,y
1321,20250727,1418,2,472,7020,0,0,0,0,0,0,40,2026-03-24 22:55:56.874,,y
1322,20250727,1418,2,472,7021,0,0,0,0,0,0,90,2026-03-24 22:55:56.874,,y
1323,20250727,1418,2,472,7022,0,0,0,0,0,0,10,2026-03-24 22:55:56.874,,y
1324,20250727,1418,2,472,7023,0,0,0,0,0,0,80,2026-03-24 22:55:56.874,,y
1325,20250727,1418,2,472,6924,0,0,0,0,0,0,1727,2026-03-24 22:55:56.874,,y
1326,-1,1418,2,472,6307,0,0,0,0,0,0,0,2026-03-24 22:55:56.874,,y
1327,20240430,1502,1,1,6307,0,0,0,490,0,0,0,2026-03-24 22:55:56.914,,y
1328,20240502,1503,1,40,6307,0,0,0,631,0,0,0,2026-03-24 22:55:56.914,,y
1329,20240516,1504,1,27,6307,0,0,0,845,0,0,0,2026-03-24 22:55:56.914,,y
1330,20240528,1505,1,40,6307,0,0,0,727,0,0,0,2026-03-24 22:55:56.914,,y
1331,20240624,1507,1,27,6307,0,0,0,4150,0,0,0,2026-03-24 22:55:56.914,,y
1332,20240701,1508,1,40,6307,0,0,0,544,0,0,0,2026-03-24 22:55:56.914,,y
1333,20240730,1509,1,40,6307,0,0,0,744,0,0,0,2026-03-24 22:55:56.914,,y
1334,20240906,1510,1,40,6307,0,0,0,544,0,0,0,2026-03-24 22:55:56.914,,y
1335,-1,1418,1,472,6307,0,0,0,0,0,0,0,2026-03-24 22:55:56.914,,y
1336,-1,1418,1,472,6307,0,0,0,0,0,0,0,2026-03-24 22:55:56.914,,y
1337,-1,1418,1,472,6307,0,0,0,0,0,0,0,2026-03-24 22:55:56.914,,y
1338,-1,1418,1,472,6307,0,0,0,0,0,0,0,2026-03-24 22:55:56.914,,y
1339,-1,1418,1,472,6307,0,0,0,0,0,0,0,2026-03-24 22:55:56.914,,y
1340,-1,1418,1,472,6307,0,0,0,0,0,0,0,2026-03-24 22:55:56.914,,y
1341,-1,1418,1,472,6307,0,0,0,0,0,0,0,2026-03-24 22:55:56.914,,y
1342,-1,1418,1,472,6307,0,0,0,0,0,0,0,2026-03-24 22:55:56.914,,y
1343,-1,1418,1,472,6307,0,0,0,0,0,0,0,2026-03-24 22:55:56.914,,y
1344,-1,1418,1,472,6307,0,0,0,0,0,0,0,2026-03-24 22:55:56.914,,y
1345,-1,1418,1,472,6307,0,0,0,0,0,0,0,2026-03-24 22:55:56.914,,y
1346,-1,1418,1,472,6307,0,0,0,0,0,0,0,2026-03-24 22:55:56.914,,y
1347,-1,1418,1,472,6307,0,0,0,0,0,0,0,2026-03-24 22:55:56.914,,y
1348,20250911,1418,3,472,7024,70,1,0,0,0,0,70,2026-03-24 22:55:56.953,,y
1349,-1,1418,3,472,6307,0,0,0,0,0,0,0,2026-03-24 22:55:56.953,,y
1350,-1,1418,3,472,6307,0,0,0,0,0,0,0,2026-03-24 22:55:56.953,,y
1351,-1,1418,3,472,6307,0,0,0,0,0,0,0,2026-03-24 22:55:56.953,,y
1352,-1,1418,3,472,6307,0,0,0,0,0,0,0,2026-03-24 22:55:56.953,,y
1353,20250911,1418,3,472,7024,70,1,0,0,0,0,70,2026-03-24 22:55:56.953,,y
1354,20250911,1418,3,472,7025,55,1,0,0,0,0,55,2026-03-24 22:55:56.953,,y
1355,-1,1418,3,472,6307,0,0,0,0,0,0,0,2026-03-24 22:55:56.953,,y
1356,-1,1418,3,472,6307,0,0,0,0,0,0,0,2026-03-24 22:55:56.953,,y
1357,-1,1418,3,472,6307,0,0,0,0,0,0,0,2026-03-24 22:55:56.953,,y
1358,20250911,1418,3,472,7026,70,1,0,0,0,0,70,2026-03-24 22:55:56.953,,y
1359,-1,1418,3,472,6307,0,0,0,0,0,0,0,2026-03-24 22:55:56.953,,y
1360,-1,1418,3,472,6307,0,0,0,0,0,0,0,2026-03-24 22:55:56.953,,y
1361,20250911,1418,3,472,7027,10,1,0,0,0,0,10,2026-03-24 22:55:56.953,,y
1362,20250911,1418,3,472,7194,10,1,0,0,0,0,10,2026-03-24 22:55:56.953,,y
1363,20250911,1418,3,472,7029,110,1,9.09090909090909,0,0,0,100,2026-03-24 22:55:56.953,,y
1364,20250911,1418,3,472,7025,55,1,0,0,0,0,55,2026-03-24 22:55:56.953,,y
1365,20250911,1418,3,472,7030,35,1,0,0,0,0,35,2026-03-24 22:55:56.953,,y
1366,20250911,1418,3,472,7031,25,1,20,0,0,0,20,2026-03-24 22:55:56.953,,y
1367,20250912,1418,3,472,7029,110,1,0,0,0,0,110,2026-03-24 22:55:56.953,,y
1368,20250912,1418,3,472,7032,10,1,0,0,0,0,10,2026-03-24 22:55:56.953,,y
1369,20250913,1418,3,472,7033,80,1,0,0,0,0,80,2026-03-24 22:55:56.953,,y
1370,20250913,1418,3,472,7030,40,3,0,0,0,0,120,2026-03-24 22:55:56.953,,y
1371,20250913,1418,3,472,7034,40,1,0,0,0,0,40,2026-03-24 22:55:56.953,,y
1372,20250913,1418,3,472,7035,30,2,0,0,0,0,60,2026-03-24 22:55:56.953,,y
1373,20250913,1418,3,472,7032,10,1,0,0,0,0,10,2026-03-24 22:55:56.953,,y
1374,20250913,1418,3,472,7036,50,2,0,0,0,0,100,2026-03-24 22:55:56.953,,y
1375,20250913,1418,3,472,7037,20,1,0,0,0,0,20,2026-03-24 22:55:56.953,,y
1376,20250913,1418,3,472,7032,10,2,0,0,0,0,20,2026-03-24 22:55:56.953,,y
1377,20250913,1418,3,472,7033,70,1,0,0,0,0,70,2026-03-24 22:55:56.953,,y
1378,20250914,1418,3,472,7038,30,1,0,0,0,0,30,2026-03-24 22:55:56.953,,y
1379,20250914,1418,3,472,7039,60,1,8.33333333333333,0,0,0,55,2026-03-24 22:55:56.953,,y
1380,20250914,1418,3,472,7040,25,1,20,0,0,0,20,2026-03-24 22:55:56.953,,y
1381,20250914,1418,3,472,7026,70,1,0,0,0,0,70,2026-03-24 22:55:56.953,,y
1382,20250914,1418,3,472,7041,25,1,0,0,0,0,25,2026-03-24 22:55:56.953,,y
1383,20250914,1418,3,472,6532,20,1,25,0,0,0,15,2026-03-24 22:55:56.953,,y
1384,20250914,1418,3,472,7027,10,2,0,0,0,0,20,2026-03-24 22:55:56.953,,y
1385,20250914,1418,3,472,7031,20,1,0,0,0,0,20,2026-03-24 22:55:56.953,,y
1386,20250914,1418,3,472,7043,10,2,0,0,0,0,20,2026-03-24 22:55:56.953,,y
1387,20250914,1418,3,472,7044,100,1,0,0,0,0,100,2026-03-24 22:55:56.953,,y
1388,20250914,1418,3,472,7045,25,1,0,0,0,0,25,2026-03-24 22:55:56.953,,y
1389,20250914,1418,3,472,7024,70,1,0,0,0,0,70,2026-03-24 22:55:56.953,,y
1390,20250914,1418,3,472,7046,55,1,9.09090909090909,0,0,0,50,2026-03-24 22:55:56.953,,y
1391,20250915,1418,3,472,7047,50,1,0,0,0,0,50,2026-03-24 22:55:56.953,,y
1392,20250915,1418,3,472,7047,50,1,0,0,0,0,50,2026-03-24 22:55:56.953,,y
1393,20250915,1418,3,472,7194,10,1,0,0,0,0,10,2026-03-24 22:55:56.953,,y
1394,20250916,1418,3,472,7047,50,1,20,0,0,0,40,2026-03-24 22:55:56.953,,y
1395,20250917,1418,3,472,7049,55,1,0,0,0,0,55,2026-03-24 22:55:56.953,,y
1396,20250917,1418,3,472,7050,60,1,0,0,0,0,60,2026-03-24 22:55:56.953,,y
1397,20250917,1418,3,472,7051,20,2,0,0,0,0,40,2026-03-24 22:55:56.953,,y
1398,20250917,1418,3,472,7024,70,1,0,0,0,0,70,2026-03-24 22:55:56.953,,y
1399,20250918,1418,3,472,7052,55,1,9.09090909090909,0,0,0,50,2026-03-24 22:55:56.953,,y
1400,20250918,1418,3,472,7053,18,4,0,0,0,0,72,2026-03-24 22:55:56.953,,y
1401,20250918,1418,3,472,7054,18,2,0,0,0,0,36,2026-03-24 22:55:56.953,,y
1402,20250918,1418,3,472,7055,50,1,0,0,0,0,50,2026-03-24 22:55:56.953,,y
1403,20250918,1418,3,472,7056,50,1,0,0,0,0,50,2026-03-24 22:55:56.953,,y
1404,20250918,1418,3,472,7057,50,1,0,0,0,0,50,2026-03-24 22:55:56.953,,y
1405,20250918,1418,3,472,7058,30,1,0,0,0,0,30,2026-03-24 22:55:56.953,,y
1406,20250918,1418,3,472,7194,10,3,50,0,0,0,15,2026-03-24 22:55:56.953,,y
1407,20250918,1418,3,472,7029,110,1,18.1818181818182,0,0,0,90,2026-03-24 22:55:56.953,,y
1408,20250918,1418,3,472,7026,70,1,0,0,0,0,70,2026-03-24 22:55:56.953,,y
1409,20250918,1418,3,472,7029,110,1,0,0,0,0,110,2026-03-24 22:55:56.953,,y
1410,-1,1418,3,472,6307,0,0,0,0,0,0,0,2026-03-24 22:55:56.953,,y
1411,-1,1418,3,472,6307,0,0,0,0,0,0,0,2026-03-24 22:55:56.953,,y
1412,-1,1418,3,472,6307,0,0,0,0,0,0,0,2026-03-24 22:55:56.953,,y
1413,20250918,1418,3,472,7059,55,1,18.1818181818182,0,0,0,45,2026-03-24 22:55:56.953,,y
1414,20250918,1418,3,472,7060,30,1,33.3333333333333,0,0,0,20,2026-03-24 22:55:56.953,,y
1415,20250918,1418,3,472,7061,25,1,20,0,0,0,20,2026-03-24 22:55:56.953,,y
1416,20250918,1418,3,472,7055,50,1,0,0,0,0,50,2026-03-24 22:55:56.953,,y
1417,20250918,1418,3,472,7063,20,1,0,0,0,0,20,2026-03-24 22:55:56.953,,y
1418,20250918,1418,3,472,7064,20,12,20,0,0,0,192,2026-03-24 22:55:56.953,,y
1419,20250918,1418,3,472,7065,60,2,10,0,0,0,108,2026-03-24 22:55:56.953,,y
1420,20250918,1418,3,472,7057,50,1,20,0,0,0,40,2026-03-24 22:55:56.953,,y
1421,20250918,1418,3,472,7066,20,6,16.6666666666667,0,0,0,100,2026-03-24 22:55:56.953,,y
1422,20250919,1418,3,472,7029,110,1,27.2727272727273,0,0,0,80,2026-03-24 22:55:56.953,,y
1423,20250919,1418,3,472,7067,60,1,0,0,0,0,60,2026-03-24 22:55:56.953,,y
1424,20250919,1418,3,472,7068,30,3,0,0,0,0,90,2026-03-24 22:55:56.953,,y
1425,20250919,1418,3,472,7069,80,2,6.25,0,0,0,150,2026-03-24 22:55:56.953,,y
1426,20250920,1418,3,472,7070,30,1,0,0,0,0,30,2026-03-24 22:55:56.953,,y
1427,20250920,1418,3,472,7071,10,1,0,0,0,0,10,2026-03-24 22:55:56.953,,y
1428,20250920,1418,3,472,7072,20,1,0,0,0,0,20,2026-03-24 22:55:56.953,,y
1429,20250920,1418,3,472,7027,10,2,50,0,0,0,10,2026-03-24 22:55:56.953,,y
1430,20250920,1418,3,472,7026,70,1,0,0,0,0,70,2026-03-24 22:55:56.953,,y
1431,20250920,1418,3,472,7027,10,7,14.2857142857143,0,0,0,60,2026-03-24 22:55:56.953,,y
1432,20250921,1418,3,472,7054,20,4,0,0,0,0,80,2026-03-24 22:55:56.953,,y
1433,20250921,1418,3,472,7027,10,1,50,0,0,0,5,2026-03-24 22:55:56.953,,y
1434,20250922,1418,3,472,7073,165,1,0,0,0,0,165,2026-03-24 22:55:56.953,,y
1435,20250923,1418,3,472,7074,25,2,0,0,0,0,50,2026-03-24 22:55:56.953,,y
1436,20250924,1418,3,472,7076,70,2,0,0,0,0,140,2026-03-24 22:55:56.953,,y
1437,20250924,1418,3,472,7077,200,1,0,0,0,0,200,2026-03-24 22:55:56.953,,y
1438,20250924,1418,3,472,7078,25,1,0,0,0,0,25,2026-03-24 22:55:56.953,,y
1439,20250924,1418,3,472,7079,50,1,0,0,0,0,50,2026-03-24 22:55:56.953,,y
1440,20250924,1418,3,472,6532,20,1,25,0,0,0,15,2026-03-24 22:55:56.953,,y
1441,20250925,1418,3,472,7080,60,1,0,0,0,0,60,2026-03-24 22:55:56.953,,y
1442,20250925,1418,3,472,7081,20,1,0,0,0,0,20,2026-03-24 22:55:56.953,,y
1443,20250925,1418,3,472,7082,20,1,0,0,0,0,20,2026-03-24 22:55:56.953,,y
1444,20250925,1418,3,472,7032,10,1,0,0,0,0,10,2026-03-24 22:55:56.953,,y
1445,20250926,1418,3,472,7085,20,1,0,0,0,0,20,2026-03-24 22:55:56.953,,y
1446,20250926,1418,3,472,7086,45,1,0,0,0,0,45,2026-03-24 22:55:56.953,,y
1447,20250926,1418,3,472,7032,10,1,0,0,0,0,10,2026-03-24 22:55:56.953,,y
1448,20250926,1418,3,472,7087,30,1,0,0,0,0,30,2026-03-24 22:55:56.953,,y
1449,20250926,1418,3,472,7088,30,1,0,0,0,0,30,2026-03-24 22:55:56.953,,y
1450,20250926,1418,3,472,7089,40,1,0,0,0,0,40,2026-03-24 22:55:56.953,,y
1451,20250926,1418,3,472,7090,20,2,0,0,0,0,40,2026-03-24 22:55:56.953,,y
1452,20250926,1418,3,472,7091,30,1,0,0,0,0,30,2026-03-24 22:55:56.953,,y
1453,20250927,1418,3,472,7092,100,1,0,0,0,0,100,2026-03-24 22:55:56.953,,y
1454,20250927,1418,3,472,7093,40,2,0,0,0,0,80,2026-03-24 22:55:56.953,,y
1455,20250927,1418,3,472,7094,25,1,0,0,0,0,25,2026-03-24 22:55:56.953,,y
1456,20250927,1418,3,472,7095,30,1,0,0,0,0,30,2026-03-24 22:55:56.953,,y
1457,20250927,1418,3,472,7096,55,1,0,0,0,0,55,2026-03-24 22:55:56.953,,y
1458,20250927,1418,3,472,7097,50,1,0,0,0,0,50,2026-03-24 22:55:56.953,,y
1459,20250927,1418,3,472,7098,100,1,0,0,0,0,100,2026-03-24 22:55:56.953,,y
1460,20250927,1418,3,472,7099,90,1,0,0,0,0,90,2026-03-24 22:55:56.953,,y
1461,20250927,1418,3,472,7100,18,3,0,0,0,0,54,2026-03-24 22:55:56.953,,y
1462,20250927,1418,3,472,7101,18,3,0,0,0,0,54,2026-03-24 22:55:56.953,,y
1463,20250927,1418,3,472,7102,90,1,0,0,0,0,90,2026-03-24 22:55:56.953,,y
1464,20250927,1418,3,472,7103,40,2,0,0,0,0,80,2026-03-24 22:55:56.953,,y
1465,20250928,1418,3,472,7104,190,1,0,0,0,0,190,2026-03-24 22:55:56.953,,y
1466,20250928,1418,3,472,7105,30,4,0,0,0,0,120,2026-03-24 22:55:56.953,,y
1467,20250928,1418,3,472,7032,10,5,0,0,0,0,50,2026-03-24 22:55:56.953,,y
1468,20250928,1418,3,472,7033,60,1,0,0,0,0,60,2026-03-24 22:55:56.953,,y
1469,20250929,1418,3,472,7106,30,2,0,0,0,0,60,2026-03-24 22:55:56.953,,y
1470,20250929,1418,3,472,7107,30,2,0,0,0,0,60,2026-03-24 22:55:56.953,,y
1471,20250930,1418,3,472,7024,70,1,7.14285714285714,0,0,0,65,2026-03-24 22:55:56.953,,y
1472,20250930,1418,3,472,7027,10,2,0,0,0,0,20,2026-03-24 22:55:56.953,,y
1473,20250930,1418,3,472,7064,20,4,0,0,0,0,80,2026-03-24 22:55:56.953,,y
1474,20250930,1418,3,472,7027,10,1,0,0,0,0,10,2026-03-24 22:55:56.953,,y
1475,20250930,1418,3,472,7029,110,2,0,0,0,0,220,2026-03-24 22:55:56.953,,y
1476,20250930,1418,3,472,6532,20,1,0,0,0,0,20,2026-03-24 22:55:56.953,,y
1477,20250930,1418,3,472,7109,110,1,9.09090909090909,0,0,0,100,2026-03-24 22:55:56.953,,y
1478,20251001,1418,3,472,7110,15,1,0,0,0,0,15,2026-03-24 22:55:56.953,,y
1479,20251002,1418,3,472,7111,28,6,10.7142857142857,0,0,0,150,2026-03-24 22:55:56.953,,y
1480,20251002,1418,3,472,7112,30,2,0,0,0,0,60,2026-03-24 22:55:56.953,,y
1481,20251002,1418,3,472,7113,30,1,0,0,0,0,30,2026-03-24 22:55:56.953,,y
1482,20251002,1418,3,472,7114,25,6,6.66666666666667,0,0,0,140,2026-03-24 22:55:56.953,,y
1483,20251002,1418,3,472,7115,60,1,33.3333333333333,0,0,0,40,2026-03-24 22:55:56.953,,y
1484,20251002,1418,3,472,7116,40,1,0,0,0,0,40,2026-03-24 22:55:56.953,,y
1485,20250831,1418,3,472,7055,50,1,20,0,0,0,40,2026-03-24 22:55:56.953,,y
1486,20250831,1418,3,472,7118,40,1,12.5,0,0,0,35,2026-03-24 22:55:56.953,,y
1487,20250831,1418,3,472,7025,55,1,0,0,0,0,55,2026-03-24 22:55:56.953,,y
1488,20250831,1418,3,472,7119,10,2,25,0,0,0,15,2026-03-24 22:55:56.953,,y
1489,20250831,1418,3,472,7120,15,2,0,0,0,0,30,2026-03-24 22:55:56.953,,y
1490,20250901,1418,3,472,7121,25,1,0,0,0,0,25,2026-03-24 22:55:56.953,,y
1491,20250901,1418,3,472,7122,28,6,14.8809523809524,0,0,0,143,2026-03-24 22:55:56.953,,y
1492,20250901,1418,3,472,7051,18,6,24.0740740740741,0,0,0,82,2026-03-24 22:55:56.953,,y
1493,20250901,1418,3,472,7123,30,2,0,0,0,0,60,2026-03-24 22:55:56.953,,y
1494,20250901,1418,3,472,7124,30,1,16.6666666666667,0,0,0,25,2026-03-24 22:55:56.953,,y
1495,20250901,1418,3,472,7125,20,1,100,0,0,0,0,2026-03-24 22:55:56.953,,y
1496,20250902,1418,3,472,7025,55,1,0,0,0,0,55,2026-03-24 22:55:56.953,,y
1497,20250902,1418,3,472,6532,20,2,25,0,0,0,30,2026-03-24 22:55:56.953,,y
1498,20250902,1418,3,472,7026,70,1,0,0,0,0,70,2026-03-24 22:55:56.953,,y
1499,20250902,1418,3,472,7052,55,1,9.09090909090909,0,0,0,50,2026-03-24 22:55:56.953,,y
1500,20250902,1418,3,472,7053,18,6,16.6666666666667,0,0,0,90,2026-03-24 22:55:56.953,,y
1501,20250902,1418,3,472,7055,50,1,20,0,0,0,40,2026-03-24 22:55:56.953,,y
1502,20250902,1418,3,472,7126,30,1,33.3333333333333,0,0,0,20,2026-03-24 22:55:56.953,,y
1503,20250903,1418,3,472,7127,10,1,0,0,0,0,10,2026-03-24 22:55:56.953,,y
1504,20250903,1418,3,472,7126,30,2,0,0,0,0,60,2026-03-24 22:55:56.953,,y
1505,20250903,1418,3,472,7129,20,1,0,0,0,0,20,2026-03-24 22:55:56.953,,y
1506,20250904,1418,3,472,7130,35,1,28.5714285714286,0,0,0,25,2026-03-24 22:55:56.953,,y
1507,20250904,1418,3,472,7025,55,1,0,0,0,0,55,2026-03-24 22:55:56.953,,y
1508,20250904,1418,3,472,7025,55,1,0,0,0,0,55,2026-03-24 22:55:56.953,,y
1509,20250904,1418,3,472,7027,10,1,0,0,0,0,10,2026-03-24 22:55:56.953,,y
1510,20250904,1418,3,472,7059,60,1,0,0,0,0,60,2026-03-24 22:55:56.953,,y
1511,20250904,1418,3,472,7031,20,1,0,0,0,0,20,2026-03-24 22:55:56.953,,y
1512,20250904,1418,3,472,7132,25,1,0,0,0,0,25,2026-03-24 22:55:56.953,,y
1513,20250904,1418,3,472,7053,18,6,16.6666666666667,0,0,0,90,2026-03-24 22:55:56.953,,y
1514,20250904,1418,3,472,7044,100,1,10,0,0,0,90,2026-03-24 22:55:56.953,,y
1515,20250905,1418,3,472,7134,35,1,0,0,0,0,35,2026-03-24 22:55:56.953,,y
1516,20250905,1418,3,472,7132,25,1,0,0,0,0,25,2026-03-24 22:55:56.953,,y
1517,20250905,1418,3,472,7031,20,1,0,0,0,0,20,2026-03-24 22:55:56.953,,y
1518,20250905,1418,3,472,6532,20,1,0,0,0,0,20,2026-03-24 22:55:56.953,,y
1519,20250905,1418,3,472,7112,30,1,0,0,0,0,30,2026-03-24 22:55:56.953,,y
1520,20250905,1418,3,472,6532,20,1,0,0,0,0,20,2026-03-24 22:55:56.953,,y
1521,20250905,1418,3,472,7135,25,2,0,0,0,0,50,2026-03-24 22:55:56.953,,y
1522,20250906,1418,3,472,7132,25,1,0,0,0,0,25,2026-03-24 22:55:56.953,,y
1523,20250906,1418,3,472,7053,18,9,13.5802469135802,0,0,0,140,2026-03-24 22:55:56.953,,y
1524,20250906,1418,3,472,7132,25,1,20,0,0,0,20,2026-03-24 22:55:56.953,,y
1525,20250906,1418,3,472,6532,20,1,50,0,0,0,10,2026-03-24 22:55:56.953,,y
1526,20250906,1418,3,472,7044,90,4,8.33333333333333,0,0,0,330,2026-03-24 22:55:56.953,,y
1527,20250906,1418,3,472,7136,80,1,12.5,0,0,0,70,2026-03-24 22:55:56.953,,y
1528,20250906,1418,3,472,7137,30,1,0,0,0,0,30,2026-03-24 22:55:56.953,,y
1529,20250907,1418,3,472,7135,25,1,20,0,0,0,20,2026-03-24 22:55:56.953,,y
1530,20250907,1418,3,472,7138,40,1,0,0,0,0,40,2026-03-24 22:55:56.953,,y
1531,20250907,1418,3,472,6532,20,1,0,0,0,0,20,2026-03-24 22:55:56.953,,y
1532,20250907,1418,3,472,7026,70,1,0,0,0,0,70,2026-03-24 22:55:56.953,,y
1533,20250907,1418,3,472,7024,70,1,0,0,0,0,70,2026-03-24 22:55:56.953,,y
1534,20250907,1418,3,472,7139,60,2,0,0,0,0,120,2026-03-24 22:55:56.953,,y
1535,20250907,1418,3,472,7044,90,1,11.1111111111111,0,0,0,80,2026-03-24 22:55:56.953,,y
1536,20250907,1418,3,472,7024,70,1,14.2857142857143,0,0,0,60,2026-03-24 22:55:56.953,,y
1537,20250907,1418,3,472,7140,35,3,14.2857142857143,0,0,0,90,2026-03-24 22:55:56.953,,y
1538,20250907,1418,3,472,7130,40,1,25,0,0,0,30,2026-03-24 22:55:56.953,,y
1539,20250907,1418,3,472,7136,80,2,12.5,0,0,0,140,2026-03-24 22:55:56.953,,y
1540,20250907,1418,3,472,7141,30,2,16.6666666666667,0,0,0,50,2026-03-24 22:55:56.953,,y
1541,20250907,1418,3,472,7132,25,1,0,0,0,0,25,2026-03-24 22:55:56.953,,y
1542,20250907,1418,3,472,6532,20,1,50,0,0,0,10,2026-03-24 22:55:56.953,,y
1543,20250907,1418,3,472,7029,120,1,16.6666666666667,0,0,0,100,2026-03-24 22:55:56.953,,y
1544,20250907,1418,3,472,6532,20,1,0,0,0,0,20,2026-03-24 22:55:56.953,,y
1545,20250908,1418,3,472,7031,20,2,0,0,0,0,40,2026-03-24 22:55:56.953,,y
1546,20250908,1418,3,472,7025,55,1,0,0,0,0,55,2026-03-24 22:55:56.953,,y
1547,20250908,1418,3,472,6517,10,2,0,0,0,0,20,2026-03-24 22:55:56.953,,y
1548,20250908,1418,3,472,7119,10,2,0,0,0,0,20,2026-03-24 22:55:56.953,,y
1549,20250908,1418,3,472,7130,35,1,14.2857142857143,0,0,0,30,2026-03-24 22:55:56.953,,y
1550,20250909,1418,3,472,7147,25,2,20,0,0,0,40,2026-03-24 22:55:56.953,,y
1551,20250909,1418,3,472,7148,35,3,0,0,0,0,105,2026-03-24 22:55:56.953,,y
1552,20250909,1418,3,472,7026,70,2,14.2857142857143,0,0,0,120,2026-03-24 22:55:56.953,,y
1553,20250909,1418,3,472,7044,90,1,0,0,0,0,90,2026-03-24 22:55:56.953,,y
1554,20250909,1418,3,472,7044,90,1,0,0,0,0,90,2026-03-24 22:55:56.953,,y
1555,20250909,1418,3,472,7132,30,1,0,0,0,0,30,2026-03-24 22:55:56.953,,y
1556,20251003,1418,3,472,7026,70,1,14.2857142857143,0,0,0,60,2026-03-24 22:55:56.953,,y
1557,20251003,1418,3,472,7149,30,1,0,0,0,0,30,2026-03-24 22:55:56.953,,y
1558,20251003,1418,3,472,7150,15,2,33.3333333333333,0,0,0,20,2026-03-24 22:55:56.953,,y
1559,20251003,1418,3,472,7150,15,3,33.3333333333333,0,0,0,30,2026-03-24 22:55:56.953,,y
1560,20251003,1418,3,472,7151,25,1,40,0,0,0,15,2026-03-24 22:55:56.953,,y
1561,20251003,1418,3,472,7152,25,2,20,0,0,0,40,2026-03-24 22:55:56.953,,y
1562,20251003,1418,3,472,7119,10,1,50,0,0,0,5,2026-03-24 22:55:56.953,,y
1563,20251003,1418,3,472,7153,40,1,25,0,0,0,30,2026-03-24 22:55:56.953,,y
1564,20251003,1418,3,472,7025,55,1,18.1818181818182,0,0,0,45,2026-03-24 22:55:56.953,,y
1565,20251003,1418,3,472,7150,15,8,33.3333333333333,0,0,0,80,2026-03-24 22:55:56.953,,y
1566,20251003,1418,3,472,7154,25,3,26.6666666666667,0,0,0,55,2026-03-24 22:55:56.953,,y
1567,20251003,1418,3,472,7136,80,1,12.5,0,0,0,70,2026-03-24 22:55:56.953,,y
1568,20251003,1418,3,472,7150,15,6,33.3333333333333,0,0,0,60,2026-03-24 22:55:56.953,,y
1569,20251003,1418,3,472,7079,50,1,24,0,0,0,38,2026-03-24 22:55:56.953,,y
1570,20250816,1418,3,472,7156,80,1,0,0,0,0,80,2026-03-24 22:55:56.953,,y
1571,20250816,1418,3,472,7157,30,1,0,0,0,0,30,2026-03-24 22:55:56.953,,y
1572,20250816,1418,3,472,7029,110,3,18.1818181818182,0,0,0,270,2026-03-24 22:55:56.953,,y
1573,20250813,1418,3,472,7158,80,1,0,0,0,0,80,2026-03-24 22:55:56.953,,y
1574,20250813,1418,3,472,7156,80,1,0,0,0,0,80,2026-03-24 22:55:56.953,,y
1575,20250813,1418,3,472,7129,20,1,25,0,0,0,15,2026-03-24 22:55:56.953,,y
1576,20250813,1418,3,472,7162,27,6,7.40740740740741,0,0,0,150,2026-03-24 22:55:56.953,,y
1577,20250813,1418,3,472,7044,90,1,0,0,0,0,90,2026-03-24 22:55:56.953,,y
1578,20250813,1418,3,472,7163,25,1,0,0,0,0,25,2026-03-24 22:55:56.953,,y
1579,20250813,1418,3,472,7079,50,1,0,0,0,0,50,2026-03-24 22:55:56.953,,y
1580,20250816,1418,3,472,7031,20,4,25,0,0,0,60,2026-03-24 22:55:56.953,,y
1581,20250816,1418,3,472,7164,30,1,16.6666666666667,0,0,0,25,2026-03-24 22:55:56.953,,y
1582,20250816,1418,3,472,7165,55,1,0,0,0,0,55,2026-03-24 22:55:56.953,,y
1583,20250816,1418,3,472,7166,20,1,25,0,0,0,15,2026-03-24 22:55:56.953,,y
1584,20250816,1418,3,472,7168,50,1,20,0,0,0,40,2026-03-24 22:55:56.953,,y
1585,20250816,1418,3,472,7169,90,1,0,0,0,0,90,2026-03-24 22:55:56.953,,y
1586,20250816,1418,3,472,7118,40,1,0,0,0,0,40,2026-03-24 22:55:56.953,,y
1587,20250816,1418,3,472,7171,60,1,0,0,0,0,60,2026-03-24 22:55:56.953,,y
1588,20250816,1418,3,472,7172,40,1,0,0,0,0,40,2026-03-24 22:55:56.953,,y
1589,20250816,1418,3,472,7173,80,1,0,0,0,0,80,2026-03-24 22:55:56.953,,y
1590,20250816,1418,3,472,7119,10,1,0,0,0,0,10,2026-03-24 22:55:56.953,,y
1591,20250816,1418,3,472,7175,25,3,13.3333333333333,0,0,0,65,2026-03-24 22:55:56.953,,y
1592,20250816,1418,3,472,7176,30,1,50,0,0,0,15,2026-03-24 22:55:56.953,,y
1593,20250814,1418,3,472,7029,110,1,9.09090909090909,0,0,0,100,2026-03-24 22:55:56.953,,y
1594,20250814,1418,3,472,7178,50,1,20,0,0,0,40,2026-03-24 22:55:56.953,,y
1595,20250814,1418,3,472,7179,100,1,30,0,0,0,70,2026-03-24 22:55:56.953,,y
1596,20250814,1418,3,472,7044,90,1,11.1111111111111,0,0,0,80,2026-03-24 22:55:56.953,,y
1597,20250814,1418,3,472,7049,55,1,18.1818181818182,0,0,0,45,2026-03-24 22:55:56.953,,y
1598,20250814,1418,3,472,7180,18,2,30.5555555555556,0,0,0,25,2026-03-24 22:55:56.953,,y
1599,20250814,1418,3,472,7079,50,1,0,0,0,0,50,2026-03-24 22:55:56.953,,y
1600,20250814,1418,3,472,7029,110,1,9.09090909090909,0,0,0,100,2026-03-24 22:55:56.953,,y
1601,20250814,1418,3,472,7181,30,1,16.6666666666667,0,0,0,25,2026-03-24 22:55:56.953,,y
1602,20250814,1418,3,472,7182,30,1,16.6666666666667,0,0,0,25,2026-03-24 22:55:56.953,,y
1603,20250814,1418,3,472,7183,20,1,0,0,0,0,20,2026-03-24 22:55:56.953,,y
1604,20250815,1418,3,472,7169,90,1,27.7777777777778,0,0,0,65,2026-03-24 22:55:56.953,,y
1605,20250815,1418,3,472,7029,110,1,18.1818181818182,0,0,0,90,2026-03-24 22:55:56.953,,y
1606,20250815,1418,3,472,7184,80,1,0,0,0,0,80,2026-03-24 22:55:56.953,,y
1607,20250815,1418,3,472,7185,25,1,0,0,0,0,25,2026-03-24 22:55:56.953,,y
1608,20250817,1418,3,472,7079,50,1,0,0,0,0,50,2026-03-24 22:55:56.953,,y
1609,20250817,1418,3,472,7186,50,1,0,0,0,0,50,2026-03-24 22:55:56.953,,y
1610,20250818,1418,3,472,7147,20,1,0,0,0,0,20,2026-03-24 22:55:56.953,,y
1611,20250818,1418,3,472,7187,30,2,0,0,0,0,60,2026-03-24 22:55:56.953,,y
1612,20250818,1418,3,472,7188,25,1,0,0,0,0,25,2026-03-24 22:55:56.953,,y
1613,20250818,1418,3,472,7189,20,1,0,0,0,0,20,2026-03-24 22:55:56.953,,y
1614,20250818,1418,3,472,7190,30,1,16.6666666666667,0,0,0,25,2026-03-24 22:55:56.953,,y
1615,20250819,1418,3,472,7029,110,1,18.1818181818182,0,0,0,90,2026-03-24 22:55:56.953,,y
1616,20250819,1418,3,472,7029,110,1,0,0,0,0,110,2026-03-24 22:55:56.953,,y
1617,20250819,1418,3,472,7148,25,1,20,0,0,0,20,2026-03-24 22:55:56.953,,y
1618,20250820,1418,3,472,7188,25,2,0,0,0,0,50,2026-03-24 22:55:56.953,,y
1619,20250820,1418,3,472,7044,90,1,11.1111111111111,0,0,0,80,2026-03-24 22:55:56.953,,y
1620,20250820,1418,3,472,7044,90,1,22.2222222222222,0,0,0,70,2026-03-24 22:55:56.953,,y
1621,20250820,1418,3,472,7192,10,1,0,0,0,0,10,2026-03-24 22:55:56.953,,y
1622,20250820,1418,3,472,7193,10,1,0,0,0,0,10,2026-03-24 22:55:56.953,,y
1623,20250820,1418,3,472,7025,55,1,0,0,0,0,55,2026-03-24 22:55:56.953,,y
1624,20250820,1418,3,472,7194,10,1,0,0,0,0,10,2026-03-24 22:55:56.953,,y
1625,20250820,1418,3,472,7127,10,1,0,0,0,0,10,2026-03-24 22:55:56.953,,y
1626,20250821,1418,3,472,7130,40,1,25,0,0,0,30,2026-03-24 22:55:56.953,,y
1627,20250821,1418,3,472,7025,55,1,27.2727272727273,0,0,0,40,2026-03-24 22:55:56.953,,y
1628,20250821,1418,3,472,7079,50,1,0,0,0,0,50,2026-03-24 22:55:56.953,,y
1629,20250821,1418,3,472,7196,20,1,0,0,0,0,20,2026-03-24 22:55:56.953,,y
1630,20250821,1418,3,472,7197,50,1,0,0,0,0,50,2026-03-24 22:55:56.953,,y
1631,20250821,1418,3,472,7025,55,1,18.1818181818182,0,0,0,45,2026-03-24 22:55:56.953,,y
1632,20250821,1418,3,472,7198,18,2,16.6666666666667,0,0,0,30,2026-03-24 22:55:56.953,,y
1633,20250821,1418,3,472,7183,20,1,25,0,0,0,15,2026-03-24 22:55:56.953,,y
1634,20250821,1418,3,472,7127,10,1,50,0,0,0,5,2026-03-24 22:55:56.953,,y
1635,20250821,1418,3,472,7199,25,1,0,0,0,0,25,2026-03-24 22:55:56.953,,y
1636,20250821,1418,3,472,7165,55,1,0,0,0,0,55,2026-03-24 22:55:56.953,,y
1637,20250822,1418,3,472,7196,20,1,0,0,0,0,20,2026-03-24 22:55:56.953,,y
1638,20250822,1418,3,472,7200,18,6,16.6666666666667,0,0,0,90,2026-03-24 22:55:56.953,,y
1639,20250822,1418,3,472,7031,20,1,0,0,0,0,20,2026-03-24 22:55:56.953,,y
1640,20250823,1418,3,472,7029,110,1,9.09090909090909,0,0,0,100,2026-03-24 22:55:56.953,,y
1641,20250823,1418,3,472,7202,25,1,20,0,0,0,20,2026-03-24 22:55:56.953,,y
1642,20250823,1418,3,472,7031,20,1,0,0,0,0,20,2026-03-24 22:55:56.953,,y
1643,20250823,1418,3,472,7203,60,1,16.6666666666667,0,0,0,50,2026-03-24 22:55:56.953,,y
1644,20250823,1418,3,472,7180,18,6,25.9259259259259,0,0,0,80,2026-03-24 22:55:56.967,,y
1645,20250824,1418,3,472,7079,3,60,0,0,0,0,180,2026-03-24 22:55:56.967,,y
1646,20250824,1418,3,472,7204,30,1,0,0,0,0,30,2026-03-24 22:55:56.967,,y
1647,-1,1418,3,472,6307,0,0,0,0,0,0,0,2026-03-24 22:55:56.967,,y
1648,20250824,1418,3,472,7205,25,1,0,0,0,0,25,2026-03-24 22:55:56.967,,y
1649,20250825,1418,3,472,7029,110,1,9.09090909090909,0,0,0,100,2026-03-24 22:55:56.967,,y
1650,20250825,1418,3,472,7206,60,1,0,0,0,0,60,2026-03-24 22:55:56.967,,y
1651,20250825,1418,3,472,7207,18,6,16.6666666666667,0,0,0,90,2026-03-24 22:55:56.967,,y
1652,20250825,1418,3,472,7168,50,1,40,0,0,0,30,2026-03-24 22:55:56.967,,y
1653,20250825,1418,3,472,6517,10,1,0,0,0,0,10,2026-03-24 22:55:56.967,,y
1654,20250826,1418,3,472,7044,90,1,0,0,0,0,90,2026-03-24 22:55:56.967,,y
1655,20250828,1418,3,472,7208,30,1,0,0,0,0,30,2026-03-24 22:55:56.967,,y
1656,20250828,1418,3,472,7025,55,2,0,0,0,0,110,2026-03-24 22:55:56.967,,y
1657,20250828,1418,3,472,7024,70,1,0,0,0,0,70,2026-03-24 22:55:56.967,,y
1658,20250828,1418,3,472,7026,70,1,0,0,0,0,70,2026-03-24 22:55:56.967,,y
1659,20250828,1418,3,472,7031,20,2,12.5,0,0,0,35,2026-03-24 22:55:56.967,,y
1660,20250828,1418,3,472,7209,10,1,0,0,0,0,10,2026-03-24 22:55:56.967,,y
1661,20250828,1418,3,472,7044,90,1,11.1111111111111,0,0,0,80,2026-03-24 22:55:56.967,,y
1662,20250828,1418,3,472,7026,70,1,0,0,0,0,70,2026-03-24 22:55:56.967,,y
1663,20250828,1418,3,472,7026,70,1,0,0,0,0,70,2026-03-24 22:55:56.967,,y
1664,20250828,1418,3,472,7031,20,3,16.6666666666667,0,0,0,50,2026-03-24 22:55:56.967,,y
1665,20250828,1418,3,472,7041,25,1,0,0,0,0,25,2026-03-24 22:55:56.967,,y
1666,20250828,1418,3,472,7029,110,2,9.09090909090909,0,0,0,200,2026-03-24 22:55:56.967,,y
1667,20250828,1418,3,472,7130,40,2,0,0,0,0,80,2026-03-24 22:55:56.967,,y
1668,20250828,1418,3,472,7211,120,1,0,0,0,0,120,2026-03-24 22:55:56.967,,y
1669,20250828,1418,3,472,7025,55,1,0,0,0,0,55,2026-03-24 22:55:56.967,,y
1670,20250828,1418,3,472,6458,30,1,16.6666666666667,0,0,0,25,2026-03-24 22:55:56.967,,y
1671,20250829,1418,3,472,6517,10,3,0,0,0,0,30,2026-03-24 22:55:56.967,,y
1672,20250829,1418,3,472,7079,60,1,0,0,0,0,60,2026-03-24 22:55:56.967,,y
1673,20250829,1418,3,472,7209,25,1,0,0,0,0,25,2026-03-24 22:55:56.967,,y
1674,20250829,1418,3,472,7202,25,2,0,0,0,0,50,2026-03-24 22:55:56.967,,y
1675,20250829,1418,3,472,7130,35,1,0,0,0,0,35,2026-03-24 22:55:56.967,,y
1676,20250829,1418,3,472,7055,50,1,0,0,0,0,50,2026-03-24 22:55:56.967,,y
1677,20250829,1418,3,472,7044,92,1,0,0,0,0,92,2026-03-24 22:55:56.967,,y
1678,20250830,1418,3,472,7127,10,2,0,0,0,0,20,2026-03-24 22:55:56.968,,y
1679,20250830,1418,3,472,7025,55,1,0,0,0,0,55,2026-03-24 22:55:56.968,,y
1680,20250830,1418,3,472,7213,60,1,0,0,0,0,60,2026-03-24 22:55:56.968,,y
1681,20250830,1418,3,472,6517,10,1,0,0,0,0,10,2026-03-24 22:55:56.968,,y
1682,-1,1418,3,472,6307,0,0,0,0,0,0,0,2026-03-24 22:55:56.968,,y
1683,-1,1418,3,472,6307,0,0,0,0,0,0,0,2026-03-24 22:55:56.968,,y
1684,-1,1418,3,472,6307,0,0,0,0,0,0,0,2026-03-24 22:55:56.968,,y
1685,-1,1418,3,472,6307,0,0,0,0,0,0,0,2026-03-24 22:55:56.968,,y
1686,-1,1418,3,472,6307,0,0,0,0,0,0,0,2026-03-24 22:55:56.968,,y
1687,-1,1418,3,472,6307,0,0,0,0,0,0,0,2026-03-24 22:55:56.968,,y
1688,-1,1418,3,472,6307,0,0,0,0,0,0,0,2026-03-24 22:55:56.968,,y
1689,-1,1418,3,472,6307,0,0,0,0,0,0,0,2026-03-24 22:55:56.968,,y
1690,-1,1418,3,472,6307,0,0,0,0,0,0,0,2026-03-24 22:55:56.968,,y
1691,-1,1418,3,472,6307,0,0,0,0,0,0,0,2026-03-24 22:55:56.968,,y
1692,-1,1418,3,472,6307,0,0,0,0,0,0,0,2026-03-24 22:55:56.968,,y
1693,-1,1418,3,472,6307,0,0,0,0,0,0,0,2026-03-24 22:55:56.968,,y
1694,-1,1418,3,472,6307,0,0,0,0,0,0,0,2026-03-24 22:55:56.968,,y
1695,-1,1418,3,472,6307,0,0,0,0,0,0,0,2026-03-24 22:55:56.968,,y
1696,-1,1418,3,472,6307,0,0,0,0,0,0,0,2026-03-24 22:55:56.968,,y
1697,-1,1418,3,472,6307,0,0,0,0,0,0,0,2026-03-24 22:55:56.968,,y
1698,-1,1418,3,472,6307,0,0,0,0,0,0,0,2026-03-24 22:55:56.968,,y
1699,-1,1418,3,472,6307,0,0,0,0,0,0,0,2026-03-24 22:55:56.968,,y
1700,-1,1418,3,472,6307,0,0,0,0,0,0,0,2026-03-24 22:55:56.968,,y
1701,-1,1418,3,472,6307,0,0,0,0,0,0,0,2026-03-24 22:55:56.968,,y
1702,-1,1418,3,472,6307,0,0,0,0,0,0,0,2026-03-24 22:55:56.968,,y
1703,-1,1418,3,472,6307,0,0,0,0,0,0,0,2026-03-24 22:55:56.968,,y
1704,-1,1418,3,472,6307,0,0,0,0,0,0,0,2026-03-24 22:55:56.968,,y
1705,-1,1418,3,472,6307,0,0,0,0,0,0,0,2026-03-24 22:55:56.968,,y
1706,-1,1418,3,472,6307,0,0,0,0,0,0,0,2026-03-24 22:55:56.968,,y
1707,-1,1418,3,472,6307,0,0,0,0,0,0,0,2026-03-24 22:55:56.968,,y
1708,-1,1418,3,472,6307,0,0,0,0,0,0,0,2026-03-24 22:55:56.968,,y
1709,-1,1418,3,472,6307,0,0,0,0,0,0,0,2026-03-24 22:55:56.968,,y
1710,-1,1418,3,472,6307,0,0,0,0,0,0,0,2026-03-24 22:55:56.968,,y
1711,-1,1418,3,472,6307,0,0,0,0,0,0,0,2026-03-24 22:55:56.968,,y
1712,-1,1418,3,472,6307,0,0,0,0,0,0,0,2026-03-24 22:55:56.968,,y
1713,-1,1418,3,472,6307,0,0,0,0,0,0,0,2026-03-24 22:55:56.968,,y
1714,-1,1418,3,472,6307,0,0,0,0,0,0,0,2026-03-24 22:55:56.968,,y
1715,-1,1418,3,472,6307,0,0,0,0,0,0,0,2026-03-24 22:55:56.968,,y
1716,-1,1418,3,472,6307,0,0,0,0,0,0,0,2026-03-24 22:55:56.968,,y
1717,-1,1418,3,472,6307,0,0,0,0,0,0,0,2026-03-24 22:55:56.968,,y
1718,-1,1418,3,472,6307,0,0,0,0,0,0,0,2026-03-24 22:55:56.968,,y
1719,-1,1418,3,472,6307,0,0,0,0,0,0,0,2026-03-24 22:55:56.968,,y
1720,-1,1418,3,472,6307,0,0,0,0,0,0,0,2026-03-24 22:55:56.968,,y
1721,-1,1418,3,472,6307,0,0,0,0,0,0,0,2026-03-24 22:55:56.968,,y
1722,-1,1418,3,472,6307,0,0,0,0,0,0,0,2026-03-24 22:55:56.968,,y
1723,-1,1418,3,472,6307,0,0,0,0,0,0,0,2026-03-24 22:55:56.968,,y
1724,-1,1418,3,472,6307,0,0,0,0,0,0,0,2026-03-24 22:55:56.968,,y
1725,-1,1418,3,472,6307,0,0,0,0,0,0,0,2026-03-24 22:55:56.968,,y
1726,-1,1418,3,472,6307,0,0,0,0,0,0,0,2026-03-24 22:55:56.968,,y
1727,-1,1418,3,472,6307,0,0,0,0,0,0,0,2026-03-24 22:55:56.968,,y
1728,-1,1418,3,472,6307,0,0,0,0,0,0,0,2026-03-24 22:55:56.968,,y
1729,-1,1418,3,472,6307,0,0,0,0,0,0,0,2026-03-24 22:55:56.968,,y
1730,-1,1418,3,472,6307,0,0,0,0,0,0,0,2026-03-24 22:55:56.968,,y
1731,-1,1418,3,472,6307,0,0,0,0,0,0,0,2026-03-24 22:55:56.968,,y
1732,-1,1418,3,472,6307,0,0,0,0,0,0,0,2026-03-24 22:55:56.968,,y
1733,-1,1418,3,472,6307,0,0,0,0,0,0,0,2026-03-24 22:55:56.968,,y
1734,-1,1418,3,472,6307,0,0,0,0,0,0,0,2026-03-24 22:55:56.968,,y
1735,-1,1418,3,472,6307,0,0,0,0,0,0,0,2026-03-24 22:55:56.968,,y
1736,-1,1418,3,472,6307,0,0,0,0,0,0,0,2026-03-24 22:55:56.968,,y
1737,-1,1418,3,472,6307,0,0,0,0,0,0,0,2026-03-24 22:55:56.968,,y
1738,-1,1418,3,472,6307,0,0,0,0,0,0,0,2026-03-24 22:55:56.968,,y
1739,-1,1418,3,472,6307,0,0,0,0,0,0,0,2026-03-24 22:55:56.968,,y
1740,-1,1418,3,472,6307,0,0,0,0,0,0,0,2026-03-24 22:55:56.968,,y
1741,-1,1418,3,472,6307,0,0,0,0,0,0,0,2026-03-24 22:55:56.968,,y
1742,-1,1418,3,472,6307,0,0,0,0,0,0,0,2026-03-24 22:55:56.968,,y
1743,-1,1418,3,472,6307,0,0,0,0,0,0,0,2026-03-24 22:55:56.968,,y
1744,-1,1418,3,472,6307,0,0,0,0,0,0,0,2026-03-24 22:55:56.968,,y
1745,-1,1418,3,472,6307,0,0,0,0,0,0,0,2026-03-24 22:55:56.968,,y
1746,-1,1418,3,472,6307,0,0,0,0,0,0,0,2026-03-24 22:55:56.968,,y
1747,-1,1418,3,472,6307,0,0,0,0,0,0,0,2026-03-24 22:55:56.968,,y
1748,-1,1418,3,472,6307,0,0,0,0,0,0,0,2026-03-24 22:55:56.968,,y
1749,-1,1418,3,472,6307,0,0,0,0,0,0,0,2026-03-24 22:55:56.968,,y
1750,-1,1418,3,472,6307,0,0,0,0,0,0,0,2026-03-24 22:55:56.968,,y
1751,-1,1418,3,472,6307,0,0,0,0,0,0,0,2026-03-24 22:55:56.968,,y
1752,-1,1418,3,472,6307,0,0,0,0,0,0,0,2026-03-24 22:55:56.968,,y
1753,-1,1418,3,472,6307,0,0,0,0,0,0,0,2026-03-24 22:55:56.968,,y
1754,-1,1418,3,472,6307,0,0,0,0,0,0,0,2026-03-24 22:55:56.968,,y
1755,-1,1418,3,472,6307,0,0,0,0,0,0,0,2026-03-24 22:55:56.968,,y
1756,-1,1418,3,472,6307,0,0,0,0,0,0,0,2026-03-24 22:55:56.968,,y
1757,-1,1418,3,472,6307,0,0,0,0,0,0,0,2026-03-24 22:55:56.968,,y
1758,-1,1418,3,472,6307,0,0,0,0,0,0,0,2026-03-24 22:55:56.968,,y
1759,-1,1418,3,472,6307,0,0,0,0,0,0,0,2026-03-24 22:55:56.968,,y
1760,-1,1418,3,472,6307,0,0,0,0,0,0,0,2026-03-24 22:55:56.968,,y
1761,-1,1418,3,472,6307,0,0,0,0,0,0,0,2026-03-24 22:55:56.968,,y
1762,-1,1418,3,472,6307,0,0,0,0,0,0,0,2026-03-24 22:55:56.968,,y
1763,-1,1418,3,472,6307,0,0,0,0,0,0,0,2026-03-24 22:55:56.968,,y
1764,-1,1418,3,472,6307,0,0,0,0,0,0,0,2026-03-24 22:55:56.968,,y
1765,-1,1418,3,472,6307,0,0,0,0,0,0,0,2026-03-24 22:55:56.968,,y
1766,-1,1418,3,472,6307,0,0,0,0,0,0,0,2026-03-24 22:55:56.968,,y
1767,-1,1418,3,472,6307,0,0,0,0,0,0,0,2026-03-24 22:55:56.968,,y
1768,-1,1418,3,472,6307,0,0,0,0,0,0,0,2026-03-24 22:55:56.968,,y
1769,-1,1418,3,472,6307,0,0,0,0,0,0,0,2026-03-24 22:55:56.968,,y
1770,-1,1418,3,472,6307,0,0,0,0,0,0,0,2026-03-24 22:55:56.968,,y
1771,-1,1418,3,472,6307,0,0,0,0,0,0,0,2026-03-24 22:55:56.968,,y
1772,-1,1418,3,472,6307,0,0,0,0,0,0,0,2026-03-24 22:55:56.968,,y
1773,-1,1418,3,472,6307,0,0,0,0,0,0,0,2026-03-24 22:55:56.968,,y
1774,-1,1418,3,472,6307,0,0,0,0,0,0,0,2026-03-24 22:55:56.968,,y
1775,-1,1418,3,472,6307,0,0,0,0,0,0,0,2026-03-24 22:55:56.968,,y
1776,-1,1418,3,472,6307,0,0,0,0,0,0,0,2026-03-24 22:55:56.968,,y
1777,-1,1418,3,472,6307,0,0,0,0,0,0,0,2026-03-24 22:55:56.968,,y
1778,-1,1418,3,472,6307,0,0,0,0,0,0,0,2026-03-24 22:55:56.968,,y
1779,-1,1418,3,472,6307,0,0,0,0,0,0,0,2026-03-24 22:55:56.968,,y
1780,-1,1418,3,472,6307,0,0,0,0,0,0,0,2026-03-24 22:55:56.968,,y
1781,-1,1418,3,472,6307,0,0,0,0,0,0,0,2026-03-24 22:55:56.968,,y
1782,-1,1418,3,472,6307,0,0,0,0,0,0,0,2026-03-24 22:55:56.968,,y
1783,-1,1418,3,472,6307,0,0,0,0,0,0,0,2026-03-24 22:55:56.968,,y
1784,-1,1418,3,472,6307,0,0,0,0,0,0,0,2026-03-24 22:55:56.968,,y
1785,-1,1418,3,472,6307,0,0,0,0,0,0,0,2026-03-24 22:55:56.968,,y
1786,-1,1418,3,472,6307,0,0,0,0,0,0,0,2026-03-24 22:55:56.968,,y
1787,-1,1418,3,472,6307,0,0,0,0,0,0,0,2026-03-24 22:55:56.968,,y
1788,-1,1418,3,472,6307,0,0,0,0,0,0,0,2026-03-24 22:55:56.968,,y
1789,-1,1418,3,472,6307,0,0,0,0,0,0,0,2026-03-24 22:55:56.968,,y
1790,-1,1418,3,472,6307,0,0,0,0,0,0,0,2026-03-24 22:55:56.968,,y
1791,-1,1418,3,472,6307,0,0,0,0,0,0,0,2026-03-24 22:55:56.968,,y
1792,-1,1418,3,472,6307,0,0,0,0,0,0,0,2026-03-24 22:55:56.968,,y
1793,-1,1418,3,472,6307,0,0,0,0,0,0,0,2026-03-24 22:55:56.968,,y
1794,-1,1418,3,472,6307,0,0,0,0,0,0,0,2026-03-24 22:55:56.968,,y
1795,-1,1418,3,472,6307,0,0,0,0,0,0,0,2026-03-24 22:55:56.968,,y
1796,-1,1418,3,472,6307,0,0,0,0,0,0,0,2026-03-24 22:55:56.968,,y
1797,-1,1418,3,472,6307,0,0,0,0,0,0,0,2026-03-24 22:55:56.968,,y
1798,-1,1418,3,472,6307,0,0,0,0,0,0,0,2026-03-24 22:55:56.968,,y
1799,-1,1418,3,472,6307,0,0,0,0,0,0,0,2026-03-24 22:55:56.968,,y
1800,-1,1418,3,472,6307,0,0,0,0,0,0,0,2026-03-24 22:55:56.968,,y
1801,-1,1418,3,472,6307,0,0,0,0,0,0,0,2026-03-24 22:55:56.968,,y
1802,-1,1418,3,472,6307,0,0,0,0,0,0,0,2026-03-24 22:55:56.968,,y
1803,-1,1418,3,472,6307,0,0,0,0,0,0,0,2026-03-24 22:55:56.968,,y
1804,-1,1418,3,472,6307,0,0,0,0,0,0,0,2026-03-24 22:55:56.968,,y
1805,-1,1418,3,472,6307,0,0,0,0,0,0,0,2026-03-24 22:55:56.968,,y
1806,-1,1418,3,472,6307,0,0,0,0,0,0,0,2026-03-24 22:55:56.968,,y
1807,-1,1418,3,472,6307,0,0,0,0,0,0,0,2026-03-24 22:55:56.968,,y
1808,-1,1418,3,472,6307,0,0,0,0,0,0,0,2026-03-24 22:55:56.968,,y
1809,-1,1418,3,472,6307,0,0,0,0,0,0,0,2026-03-24 22:55:56.968,,y
1810,-1,1418,3,472,6307,0,0,0,0,0,0,0,2026-03-24 22:55:56.968,,y
1811,-1,1418,3,472,6307,0,0,0,0,0,0,0,2026-03-24 22:55:56.968,,y
1812,-1,1418,3,472,6307,0,0,0,0,0,0,0,2026-03-24 22:55:56.968,,y
1813,-1,1418,3,472,6307,0,0,0,0,0,0,0,2026-03-24 22:55:56.968,,y
1814,-1,1418,3,472,6307,0,0,0,0,0,0,0,2026-03-24 22:55:56.968,,y
1815,-1,1418,3,472,6307,0,0,0,0,0,0,0,2026-03-24 22:55:56.968,,y
1816,-1,1418,3,472,6307,0,0,0,0,0,0,0,2026-03-24 22:55:56.968,,y
1817,-1,1418,3,472,6307,0,0,0,0,0,0,0,2026-03-24 22:55:56.968,,y
1818,-1,1418,3,472,6307,0,0,0,0,0,0,0,2026-03-24 22:55:56.968,,y
1819,-1,1418,3,472,6307,0,0,0,0,0,0,0,2026-03-24 22:55:56.968,,y
1820,-1,1418,3,472,6307,0,0,0,0,0,0,0,2026-03-24 22:55:56.968,,y
1821,-1,1418,3,472,6307,0,0,0,0,0,0,0,2026-03-24 22:55:56.968,,y
1822,-1,1418,3,472,6307,0,0,0,0,0,0,0,2026-03-24 22:55:56.968,,y
1823,-1,1418,3,472,6307,0,0,0,0,0,0,0,2026-03-24 22:55:56.968,,y
1824,-1,1418,3,472,6307,0,0,0,0,0,0,0,2026-03-24 22:55:56.968,,y
1825,-1,1418,3,472,6307,0,0,0,0,0,0,0,2026-03-24 22:55:56.968,,y
1826,-1,1418,3,472,6307,0,0,0,0,0,0,0,2026-03-24 22:55:56.968,,y
1827,-1,1418,3,472,6307,0,0,0,0,0,0,0,2026-03-24 22:55:56.968,,y
1828,-1,1418,3,472,6307,0,0,0,0,0,0,0,2026-03-24 22:55:56.968,,y
1829,-1,1418,3,472,6307,0,0,0,0,0,0,0,2026-03-24 22:55:56.968,,y
1830,-1,1418,3,472,6307,0,0,0,0,0,0,0,2026-03-24 22:55:56.968,,y
1831,-1,1418,3,472,6307,0,0,0,0,0,0,0,2026-03-24 22:55:56.968,,y
1832,-1,1418,3,472,6307,0,0,0,0,0,0,0,2026-03-24 22:55:56.968,,y
1833,-1,1418,3,472,6307,0,0,0,0,0,0,0,2026-03-24 22:55:56.968,,y
1834,-1,1418,3,472,6307,0,0,0,0,0,0,0,2026-03-24 22:55:56.968,,y
1835,-1,1418,3,472,6307,0,0,0,0,0,0,0,2026-03-24 22:55:56.968,,y
1836,-1,1418,3,472,6307,0,0,0,0,0,0,0,2026-03-24 22:55:56.968,,y
1837,-1,1418,3,472,6307,0,0,0,0,0,0,0,2026-03-24 22:55:56.968,,y
1838,-1,1418,3,472,6307,0,0,0,0,0,0,0,2026-03-24 22:55:56.968,,y
1839,-1,1418,3,472,6307,0,0,0,0,0,0,0,2026-03-24 22:55:56.968,,y
1840,-1,1418,3,472,6307,0,0,0,0,0,0,0,2026-03-24 22:55:56.968,,y
1841,-1,1418,3,472,6307,0,0,0,0,0,0,0,2026-03-24 22:55:56.968,,y
1842,-1,1418,3,472,6307,0,0,0,0,0,0,0,2026-03-24 22:55:56.968,,y
1843,-1,1418,3,472,6307,0,0,0,0,0,0,0,2026-03-24 22:55:56.968,,y
1844,-1,1418,3,472,6307,0,0,0,0,0,0,0,2026-03-24 22:55:56.968,,y
1845,-1,1418,3,472,6307,0,0,0,0,0,0,0,2026-03-24 22:55:56.968,,y
1846,-1,1418,3,472,6307,0,0,0,0,0,0,0,2026-03-24 22:55:56.968,,y
1847,-1,1418,3,472,6307,0,0,0,0,0,0,0,2026-03-24 22:55:56.968,,y
1848,-1,1418,3,472,6307,0,0,0,0,0,0,0,2026-03-24 22:55:56.968,,y
1849,-1,1418,3,472,6307,0,0,0,0,0,0,0,2026-03-24 22:55:56.968,,y
1850,-1,1418,3,472,6307,0,0,0,0,0,0,0,2026-03-24 22:55:56.968,,y
1851,-1,1418,3,472,6307,0,0,0,0,0,0,0,2026-03-24 22:55:56.968,,y
1852,-1,1418,3,472,6307,0,0,0,0,0,0,0,2026-03-24 22:55:56.968,,y
1853,-1,1418,3,472,6307,0,0,0,0,0,0,0,2026-03-24 22:55:56.968,,y
1854,-1,1418,3,472,6307,0,0,0,0,0,0,0,2026-03-24 22:55:56.968,,y
1855,-1,1418,3,472,6307,0,0,0,0,0,0,0,2026-03-24 22:55:56.968,,y
1856,-1,1418,3,472,6307,0,0,0,0,0,0,0,2026-03-24 22:55:56.968,,y
1857,-1,1418,3,472,6307,0,0,0,0,0,0,0,2026-03-24 22:55:56.968,,y
1858,-1,1418,3,472,6307,0,0,0,0,0,0,0,2026-03-24 22:55:56.968,,y
1859,-1,1418,3,472,6307,0,0,0,0,0,0,0,2026-03-24 22:55:56.968,,y
1860,-1,1418,3,472,6307,0,0,0,0,0,0,0,2026-03-24 22:55:56.968,,y
1861,-1,1418,3,472,6307,0,0,0,0,0,0,0,2026-03-24 22:55:56.968,,y
1862,-1,1418,3,472,6307,0,0,0,0,0,0,0,2026-03-24 22:55:56.968,,y
1863,-1,1418,3,472,6307,0,0,0,0,0,0,0,2026-03-24 22:55:56.968,,y
1864,-1,1418,3,472,6307,0,0,0,0,0,0,0,2026-03-24 22:55:56.968,,y
1865,-1,1418,3,472,6307,0,0,0,0,0,0,0,2026-03-24 22:55:56.968,,y
1866,-1,1418,3,472,6307,0,0,0,0,0,0,0,2026-03-24 22:55:56.968,,y
1867,-1,1418,3,472,6307,0,0,0,0,0,0,0,2026-03-24 22:55:56.968,,y
1868,-1,1418,3,472,6307,0,0,0,0,0,0,0,2026-03-24 22:55:56.968,,y
1869,-1,1418,3,472,6307,0,0,0,0,0,0,0,2026-03-24 22:55:56.968,,y
1870,-1,1418,3,472,6307,0,0,0,0,0,0,0,2026-03-24 22:55:56.968,,y
1871,-1,1418,3,472,6307,0,0,0,0,0,0,0,2026-03-24 22:55:56.968,,y
1872,-1,1418,3,472,6307,0,0,0,0,0,0,0,2026-03-24 22:55:56.968,,y
1873,-1,1418,3,472,6307,0,0,0,0,0,0,0,2026-03-24 22:55:56.968,,y
1874,-1,1418,3,472,6307,0,0,0,0,0,0,0,2026-03-24 22:55:56.968,,y
1875,-1,1418,3,472,6307,0,0,0,0,0,0,0,2026-03-24 22:55:56.968,,y
1876,-1,1418,3,472,6307,0,0,0,0,0,0,0,2026-03-24 22:55:56.968,,y
1877,-1,1418,3,472,6307,0,0,0,0,0,0,0,2026-03-24 22:55:56.968,,y
1878,-1,1418,3,472,6307,0,0,0,0,0,0,0,2026-03-24 22:55:56.968,,y
1879,-1,1418,3,472,6307,0,0,0,0,0,0,0,2026-03-24 22:55:56.968,,y
1880,-1,1418,3,472,6307,0,0,0,0,0,0,0,2026-03-24 22:55:56.968,,y
1881,-1,1418,3,472,6307,0,0,0,0,0,0,0,2026-03-24 22:55:56.968,,y
1882,-1,1418,3,472,6307,0,0,0,0,0,0,0,2026-03-24 22:55:56.968,,y
1883,-1,1418,3,472,6307,0,0,0,0,0,0,0,2026-03-24 22:55:56.968,,y
1884,-1,1418,3,472,6307,0,0,0,0,0,0,0,2026-03-24 22:55:56.968,,y
1885,-1,1418,3,472,6307,0,0,0,0,0,0,0,2026-03-24 22:55:56.968,,y
1886,-1,1418,3,472,6307,0,0,0,0,0,0,0,2026-03-24 22:55:56.968,,y
1887,-1,1418,3,472,6307,0,0,0,0,0,0,0,2026-03-24 22:55:56.968,,y
1888,-1,1418,3,472,6307,0,0,0,0,0,0,0,2026-03-24 22:55:56.968,,y
1889,-1,1418,3,472,6307,0,0,0,0,0,0,0,2026-03-24 22:55:56.968,,y
1890,-1,1418,3,472,6307,0,0,0,0,0,0,0,2026-03-24 22:55:56.968,,y
1891,-1,1418,3,472,6307,0,0,0,0,0,0,0,2026-03-24 22:55:56.968,,y
1892,-1,1418,3,472,6307,0,0,0,0,0,0,0,2026-03-24 22:55:56.968,,y
1893,-1,1418,3,472,6307,0,0,0,0,0,0,0,2026-03-24 22:55:56.968,,y
1894,-1,1418,3,472,6307,0,0,0,0,0,0,0,2026-03-24 22:55:56.968,,y
1895,-1,1418,3,472,6307,0,0,0,0,0,0,0,2026-03-24 22:55:56.968,,y
1896,-1,1418,3,472,6307,0,0,0,0,0,0,0,2026-03-24 22:55:56.968,,y
1897,-1,1418,3,472,6307,0,0,0,0,0,0,0,2026-03-24 22:55:56.968,,y
1898,-1,1418,3,472,6307,0,0,0,0,0,0,0,2026-03-24 22:55:56.968,,y
1899,-1,1418,3,472,6307,0,0,0,0,0,0,0,2026-03-24 22:55:56.968,,y
1900,-1,1418,3,472,6307,0,0,0,0,0,0,0,2026-03-24 22:55:56.968,,y
1901,-1,1418,3,472,6307,0,0,0,0,0,0,0,2026-03-24 22:55:56.968,,y
1902,-1,1418,3,472,6307,0,0,0,0,0,0,0,2026-03-24 22:55:56.968,,y
1903,-1,1418,3,472,6307,0,0,0,0,0,0,0,2026-03-24 22:55:56.968,,y
1904,-1,1418,3,472,6307,0,0,0,0,0,0,0,2026-03-24 22:55:56.968,,y
1905,-1,1418,3,472,6307,0,0,0,0,0,0,0,2026-03-24 22:55:56.968,,y
1906,-1,1418,3,472,6307,0,0,0,0,0,0,0,2026-03-24 22:55:56.968,,y
1907,-1,1418,3,472,6307,0,0,0,0,0,0,0,2026-03-24 22:55:56.968,,y
1908,-1,1418,3,472,6307,0,0,0,0,0,0,0,2026-03-24 22:55:56.968,,y
1909,-1,1418,3,472,6307,0,0,0,0,0,0,0,2026-03-24 22:55:56.968,,y
1910,-1,1418,3,472,6307,0,0,0,0,0,0,0,2026-03-24 22:55:56.968,,y
1911,-1,1418,3,472,6307,0,0,0,0,0,0,0,2026-03-24 22:55:56.968,,y
1912,-1,1418,3,472,6307,0,0,0,0,0,0,0,2026-03-24 22:55:56.968,,y
1913,-1,1418,3,472,6307,0,0,0,0,0,0,0,2026-03-24 22:55:56.968,,y
1914,-1,1418,3,472,6307,0,0,0,0,0,0,0,2026-03-24 22:55:56.968,,y
1915,-1,1418,3,472,6307,0,0,0,0,0,0,0,2026-03-24 22:55:56.968,,y
1916,-1,1418,3,472,6307,0,0,0,0,0,0,0,2026-03-24 22:55:56.968,,y
1917,-1,1418,3,472,6307,0,0,0,0,0,0,0,2026-03-24 22:55:56.968,,y
1918,-1,1418,3,472,6307,0,0,0,0,0,0,0,2026-03-24 22:55:56.968,,y
1919,-1,1418,3,472,6307,0,0,0,0,0,0,0,2026-03-24 22:55:56.968,,y
1920,-1,1418,3,472,6307,0,0,0,0,0,0,0,2026-03-24 22:55:56.968,,y
1921,-1,1418,3,472,6307,0,0,0,0,0,0,0,2026-03-24 22:55:56.968,,y
1922,-1,1418,3,472,6307,0,0,0,0,0,0,0,2026-03-24 22:55:56.968,,y
1923,-1,1418,3,472,6307,0,0,0,0,0,0,0,2026-03-24 22:55:56.968,,y
1924,-1,1418,3,472,6307,0,0,0,0,0,0,0,2026-03-24 22:55:56.968,,y
1925,-1,1418,3,472,6307,0,0,0,0,0,0,0,2026-03-24 22:55:56.968,,y
1926,-1,1418,3,472,6307,0,0,0,0,0,0,0,2026-03-24 22:55:56.968,,y
1927,-1,1418,3,472,6307,0,0,0,0,0,0,0,2026-03-24 22:55:56.968,,y
1928,-1,1418,3,472,6307,0,0,0,0,0,0,0,2026-03-24 22:55:56.968,,y
1929,-1,1418,3,472,6307,0,0,0,0,0,0,0,2026-03-24 22:55:56.968,,y
1930,-1,1418,3,472,6307,0,0,0,0,0,0,0,2026-03-24 22:55:56.968,,y
1931,-1,1418,3,472,6307,0,0,0,0,0,0,0,2026-03-24 22:55:56.968,,y
1932,-1,1418,3,472,6307,0,0,0,0,0,0,0,2026-03-24 22:55:56.968,,y
1933,-1,1418,3,472,6307,0,0,0,0,0,0,0,2026-03-24 22:55:56.968,,y
1934,-1,1418,3,472,6307,0,0,0,0,0,0,0,2026-03-24 22:55:56.968,,y
1935,-1,1418,3,472,6307,0,0,0,0,0,0,0,2026-03-24 22:55:56.968,,y
1936,-1,1418,3,472,6307,0,0,0,0,0,0,0,2026-03-24 22:55:56.968,,y
1937,-1,1418,3,472,6307,0,0,0,0,0,0,0,2026-03-24 22:55:56.968,,y
1938,-1,1418,3,472,6307,0,0,0,0,0,0,0,2026-03-24 22:55:56.968,,y
1939,-1,1418,3,472,6307,0,0,0,0,0,0,0,2026-03-24 22:55:56.968,,y
1940,-1,1418,3,472,6307,0,0,0,0,0,0,0,2026-03-24 22:55:56.968,,y
1941,-1,1418,3,472,6307,0,0,0,0,0,0,0,2026-03-24 22:55:56.968,,y
1942,-1,1418,3,472,6307,0,0,0,0,0,0,0,2026-03-24 22:55:56.968,,y
1943,-1,1418,3,472,6307,0,0,0,0,0,0,0,2026-03-24 22:55:56.968,,y
1944,-1,1418,3,472,6307,0,0,0,0,0,0,0,2026-03-24 22:55:56.968,,y
1945,-1,1418,3,472,6307,0,0,0,0,0,0,0,2026-03-24 22:55:56.968,,y
1946,-1,1418,3,472,6307,0,0,0,0,0,0,0,2026-03-24 22:55:56.968,,y
1947,-1,1418,3,472,6307,0,0,0,0,0,0,0,2026-03-24 22:55:56.968,,y
1948,-1,1418,3,472,6307,0,0,0,0,0,0,0,2026-03-24 22:55:56.968,,y
1949,-1,1418,3,472,6307,0,0,0,0,0,0,0,2026-03-24 22:55:56.968,,y
1950,-1,1418,3,472,6307,0,0,0,0,0,0,0,2026-03-24 22:55:56.968,,y
1951,-1,1418,3,472,6307,0,0,0,0,0,0,0,2026-03-24 22:55:56.968,,y
1952,-1,1418,3,472,6307,0,0,0,0,0,0,0,2026-03-24 22:55:56.968,,y
1953,-1,1418,3,472,6307,0,0,0,0,0,0,0,2026-03-24 22:55:56.968,,y
1954,-1,1418,3,472,6307,0,0,0,0,0,0,0,2026-03-24 22:55:56.968,,y
1955,-1,1418,3,472,6307,0,0,0,0,0,0,0,2026-03-24 22:55:56.968,,y
1956,-1,1418,3,472,6307,0,0,0,0,0,0,0,2026-03-24 22:55:56.968,,y
1957,-1,1418,3,472,6307,0,0,0,0,0,0,0,2026-03-24 22:55:56.968,,y
1958,-1,1418,3,472,6307,0,0,0,0,0,0,0,2026-03-24 22:55:56.968,,y
1959,-1,1418,3,472,6307,0,0,0,0,0,0,0,2026-03-24 22:55:56.968,,y
1960,-1,1418,3,472,6307,0,0,0,0,0,0,0,2026-03-24 22:55:56.968,,y
1961,-1,1418,3,472,6307,0,0,0,0,0,0,0,2026-03-24 22:55:56.968,,y
1962,-1,1418,3,472,6307,0,0,0,0,0,0,0,2026-03-24 22:55:56.968,,y
1963,-1,1418,3,472,6307,0,0,0,0,0,0,0,2026-03-24 22:55:56.968,,y
1964,-1,1418,3,472,6307,0,0,0,0,0,0,0,2026-03-24 22:55:56.968,,y
1965,-1,1418,3,472,6307,0,0,0,0,0,0,0,2026-03-24 22:55:56.968,,y
1966,-1,1418,3,472,6307,0,0,0,0,0,0,0,2026-03-24 22:55:56.968,,y
1967,-1,1418,3,472,6307,0,0,0,0,0,0,0,2026-03-24 22:55:56.968,,y
1968,-1,1418,3,472,6307,0,0,0,0,0,0,0,2026-03-24 22:55:56.968,,y
1969,-1,1418,3,472,6307,0,0,0,0,0,0,0,2026-03-24 22:55:56.968,,y
1970,-1,1418,3,472,6307,0,0,0,0,0,0,0,2026-03-24 22:55:56.968,,y
1971,-1,1418,3,472,6307,0,0,0,0,0,0,0,2026-03-24 22:55:56.968,,y
1972,-1,1418,3,472,6307,0,0,0,0,0,0,0,2026-03-24 22:55:56.968,,y
1973,-1,1418,3,472,6307,0,0,0,0,0,0,0,2026-03-24 22:55:56.968,,y
1974,-1,1418,3,472,6307,0,0,0,0,0,0,0,2026-03-24 22:55:56.968,,y
1975,-1,1418,3,472,6307,0,0,0,0,0,0,0,2026-03-24 22:55:56.968,,y
1976,-1,1418,3,472,6307,0,0,0,0,0,0,0,2026-03-24 22:55:56.968,,y
1977,-1,1418,3,472,6307,0,0,0,0,0,0,0,2026-03-24 22:55:56.968,,y
1978,-1,1418,3,472,6307,0,0,0,0,0,0,0,2026-03-24 22:55:56.968,,y
1979,-1,1418,3,472,6307,0,0,0,0,0,0,0,2026-03-24 22:55:56.968,,y
1980,-1,1418,3,472,6307,0,0,0,0,0,0,0,2026-03-24 22:55:56.968,,y
1981,-1,1418,3,472,6307,0,0,0,0,0,0,0,2026-03-24 22:55:56.968,,y
1982,-1,1418,3,472,6307,0,0,0,0,0,0,0,2026-03-24 22:55:56.968,,y
1983,-1,1418,3,472,6307,0,0,0,0,0,0,0,2026-03-24 22:55:56.968,,y
1984,-1,1418,3,472,6307,0,0,0,0,0,0,0,2026-03-24 22:55:56.968,,y
1985,-1,1418,3,472,6307,0,0,0,0,0,0,0,2026-03-24 22:55:56.968,,y
1986,-1,1418,3,472,6307,0,0,0,0,0,0,0,2026-03-24 22:55:56.968,,y
1987,-1,1418,3,472,6307,0,0,0,0,0,0,0,2026-03-24 22:55:56.968,,y
1988,-1,1418,3,472,6307,0,0,0,0,0,0,0,2026-03-24 22:55:56.968,,y
1989,-1,1418,3,472,6307,0,0,0,0,0,0,0,2026-03-24 22:55:56.968,,y
1990,-1,1418,3,472,6307,0,0,0,0,0,0,0,2026-03-24 22:55:56.968,,y
1991,-1,1418,3,472,6307,0,0,0,0,0,0,0,2026-03-24 22:55:56.968,,y
1992,-1,1418,3,472,6307,0,0,0,0,0,0,0,2026-03-24 22:55:56.968,,y
1993,-1,1418,3,472,6307,0,0,0,0,0,0,0,2026-03-24 22:55:56.968,,y
1994,-1,1418,3,472,6307,0,0,0,0,0,0,0,2026-03-24 22:55:56.968,,y
1995,-1,1418,3,472,6307,0,0,0,0,0,0,0,2026-03-24 22:55:56.968,,y
1996,-1,1418,3,472,6307,0,0,0,0,0,0,0,2026-03-24 22:55:56.968,,y
1997,-1,1418,3,472,6307,0,0,0,0,0,0,0,2026-03-24 22:55:56.968,,y
1998,-1,1418,3,472,6307,0,0,0,0,0,0,0,2026-03-24 22:55:56.968,,y
1999,-1,1418,3,472,6307,0,0,0,0,0,0,0,2026-03-24 22:55:56.968,,y
2000,-1,1418,3,472,6307,0,0,0,0,0,0,0,2026-03-24 22:55:56.968,,y
2001,-1,1418,3,472,6307,0,0,0,0,0,0,0,2026-03-24 22:55:56.968,,y
2002,-1,1418,3,472,6307,0,0,0,0,0,0,0,2026-03-24 22:55:56.968,,y
2003,-1,1418,3,472,6307,0,0,0,0,0,0,0,2026-03-24 22:55:56.968,,y
2004,-1,1418,3,472,6307,0,0,0,0,0,0,0,2026-03-24 22:55:56.968,,y
2005,-1,1418,3,472,6307,0,0,0,0,0,0,0,2026-03-24 22:55:56.968,,y
2006,-1,1418,3,472,6307,0,0,0,0,0,0,0,2026-03-24 22:55:56.968,,y
2007,-1,1418,3,472,6307,0,0,0,0,0,0,0,2026-03-24 22:55:56.968,,y
2008,-1,1418,3,472,6307,0,0,0,0,0,0,0,2026-03-24 22:55:56.968,,y
2009,-1,1418,3,472,6307,0,0,0,0,0,0,0,2026-03-24 22:55:56.968,,y
2010,-1,1418,3,472,6307,0,0,0,0,0,0,0,2026-03-24 22:55:56.968,,y
2011,-1,1418,3,472,6307,0,0,0,0,0,0,0,2026-03-24 22:55:56.968,,y
2012,-1,1418,3,472,6307,0,0,0,0,0,0,0,2026-03-24 22:55:56.968,,y
2013,-1,1418,3,472,6307,0,0,0,0,0,0,0,2026-03-24 22:55:56.968,,y
2014,-1,1418,3,472,6307,0,0,0,0,0,0,0,2026-03-24 22:55:56.968,,y
2015,-1,1418,3,472,6307,0,0,0,0,0,0,0,2026-03-24 22:55:56.968,,y
2016,-1,1418,3,472,6307,0,0,0,0,0,0,0,2026-03-24 22:55:56.968,,y
2017,-1,1418,3,472,6307,0,0,0,0,0,0,0,2026-03-24 22:55:56.968,,y
2018,-1,1418,3,472,6307,0,0,0,0,0,0,0,2026-03-24 22:55:56.968,,y
2019,-1,1418,3,472,6307,0,0,0,0,0,0,0,2026-03-24 22:55:56.968,,y
2020,-1,1418,3,472,6307,0,0,0,0,0,0,0,2026-03-24 22:55:56.968,,y
2021,-1,1418,3,472,6307,0,0,0,0,0,0,0,2026-03-24 22:55:56.968,,y
2022,-1,1418,3,472,6307,0,0,0,0,0,0,0,2026-03-24 22:55:56.968,,y
2023,-1,1418,3,472,6307,0,0,0,0,0,0,0,2026-03-24 22:55:56.968,,y
2024,-1,1418,3,472,6307,0,0,0,0,0,0,0,2026-03-24 22:55:56.968,,y
2025,-1,1418,3,472,6307,0,0,0,0,0,0,0,2026-03-24 22:55:56.968,,y
2026,-1,1418,3,472,6307,0,0,0,0,0,0,0,2026-03-24 22:55:56.968,,y
2027,-1,1418,3,472,6307,0,0,0,0,0,0,0,2026-03-24 22:55:56.968,,y
2028,-1,1418,3,472,6307,0,0,0,0,0,0,0,2026-03-24 22:55:56.968,,y
2029,-1,1418,3,472,6307,0,0,0,0,0,0,0,2026-03-24 22:55:56.968,,y
2030,-1,1418,3,472,6307,0,0,0,0,0,0,0,2026-03-24 22:55:56.968,,y
2031,-1,1418,3,472,6307,0,0,0,0,0,0,0,2026-03-24 22:55:56.968,,y
2032,-1,1418,3,472,6307,0,0,0,0,0,0,0,2026-03-24 22:55:56.968,,y
2033,-1,1418,3,472,6307,0,0,0,0,0,0,0,2026-03-24 22:55:56.968,,y
2034,-1,1418,3,472,6307,0,0,0,0,0,0,0,2026-03-24 22:55:56.968,,y
2035,-1,1418,3,472,6307,0,0,0,0,0,0,0,2026-03-24 22:55:56.968,,y
2036,-1,1418,3,472,6307,0,0,0,0,0,0,0,2026-03-24 22:55:56.968,,y
2037,-1,1418,3,472,6307,0,0,0,0,0,0,0,2026-03-24 22:55:56.968,,y
2038,-1,1418,3,472,6307,0,0,0,0,0,0,0,2026-03-24 22:55:56.968,,y
2039,-1,1418,3,472,6307,0,0,0,0,0,0,0,2026-03-24 22:55:56.968,,y
2040,-1,1418,3,472,6307,0,0,0,0,0,0,0,2026-03-24 22:55:56.968,,y
2041,-1,1418,3,472,6307,0,0,0,0,0,0,0,2026-03-24 22:55:56.968,,y
2042,-1,1418,3,472,6307,0,0,0,0,0,0,0,2026-03-24 22:55:56.968,,y
2043,-1,1418,3,472,6307,0,0,0,0,0,0,0,2026-03-24 22:55:56.968,,y
2044,-1,1418,3,472,6307,0,0,0,0,0,0,0,2026-03-24 22:55:56.968,,y
2045,-1,1418,3,472,6307,0,0,0,0,0,0,0,2026-03-24 22:55:56.968,,y
2046,-1,1418,3,472,6307,0,0,0,0,0,0,0,2026-03-24 22:55:56.968,,y
2047,-1,1418,3,472,6307,0,0,0,0,0,0,0,2026-03-24 22:55:56.968,,y
2048,-1,1418,3,472,6307,0,0,0,0,0,0,0,2026-03-24 22:55:56.968,,y
2049,-1,1418,3,472,6307,0,0,0,0,0,0,0,2026-03-24 22:55:56.968,,y
2050,-1,1418,3,472,6307,0,0,0,0,0,0,0,2026-03-24 22:55:56.968,,y
2051,-1,1418,3,472,6307,0,0,0,0,0,0,0,2026-03-24 22:55:56.968,,y
2052,-1,1418,3,472,6307,0,0,0,0,0,0,0,2026-03-24 22:55:56.968,,y
2053,-1,1418,3,472,6307,0,0,0,0,0,0,0,2026-03-24 22:55:56.968,,y
2054,-1,1418,3,472,6307,0,0,0,0,0,0,0,2026-03-24 22:55:56.968,,y
2055,-1,1418,3,472,6307,0,0,0,0,0,0,0,2026-03-24 22:55:56.968,,y
2056,-1,1418,3,472,6307,0,0,0,0,0,0,0,2026-03-24 22:55:56.968,,y
2057,-1,1418,3,472,6307,0,0,0,0,0,0,0,2026-03-24 22:55:56.968,,y
2058,-1,1418,3,472,6307,0,0,0,0,0,0,0,2026-03-24 22:55:56.968,,y
2059,-1,1418,3,472,6307,0,0,0,0,0,0,0,2026-03-24 22:55:56.968,,y
2060,-1,1418,3,472,6307,0,0,0,0,0,0,0,2026-03-24 22:55:56.968,,y
2061,-1,1418,3,472,6307,0,0,0,0,0,0,0,2026-03-24 22:55:56.968,,y
2062,-1,1418,3,472,6307,0,0,0,0,0,0,0,2026-03-24 22:55:56.968,,y
2063,-1,1418,3,472,6307,0,0,0,0,0,0,0,2026-03-24 22:55:56.968,,y
2064,-1,1418,3,472,6307,0,0,0,0,0,0,0,2026-03-24 22:55:56.968,,y
2065,-1,1418,3,472,6307,0,0,0,0,0,0,0,2026-03-24 22:55:56.968,,y
2066,-1,1418,3,472,6307,0,0,0,0,0,0,0,2026-03-24 22:55:56.968,,y
2067,-1,1418,3,472,6307,0,0,0,0,0,0,0,2026-03-24 22:55:56.968,,y
2068,-1,1418,3,472,6307,0,0,0,0,0,0,0,2026-03-24 22:55:56.968,,y
2069,-1,1418,3,472,6307,0,0,0,0,0,0,0,2026-03-24 22:55:56.968,,y
2070,-1,1418,3,472,6307,0,0,0,0,0,0,0,2026-03-24 22:55:56.968,,y
2071,-1,1418,3,472,6307,0,0,0,0,0,0,0,2026-03-24 22:55:56.968,,y
2072,-1,1418,3,472,6307,0,0,0,0,0,0,0,2026-03-24 22:55:56.968,,y
2073,-1,1418,3,472,6307,0,0,0,0,0,0,0,2026-03-24 22:55:56.968,,y
2074,-1,1418,3,472,6307,0,0,0,0,0,0,0,2026-03-24 22:55:56.968,,y
2075,-1,1418,3,472,6307,0,0,0,0,0,0,0,2026-03-24 22:55:56.968,,y
2076,-1,1418,3,472,6307,0,0,0,0,0,0,0,2026-03-24 22:55:56.968,,y
2077,-1,1418,3,472,6307,0,0,0,0,0,0,0,2026-03-24 22:55:56.968,,y
2078,-1,1418,3,472,6307,0,0,0,0,0,0,0,2026-03-24 22:55:56.968,,y
2079,-1,1418,3,472,6307,0,0,0,0,0,0,0,2026-03-24 22:55:56.968,,y
2080,-1,1418,3,472,6307,0,0,0,0,0,0,0,2026-03-24 22:55:56.968,,y
2081,-1,1418,3,472,6307,0,0,0,0,0,0,0,2026-03-24 22:55:56.968,,y
2082,-1,1418,3,472,6307,0,0,0,0,0,0,0,2026-03-24 22:55:56.968,,y
2083,-1,1418,3,472,6307,0,0,0,0,0,0,0,2026-03-24 22:55:56.968,,y
2084,-1,1418,3,472,6307,0,0,0,0,0,0,0,2026-03-24 22:55:56.968,,y
2085,-1,1418,3,472,6307,0,0,0,0,0,0,0,2026-03-24 22:55:56.968,,y
2086,-1,1418,3,472,6307,0,0,0,0,0,0,0,2026-03-24 22:55:56.968,,y
2087,-1,1418,3,472,6307,0,0,0,0,0,0,0,2026-03-24 22:55:56.968,,y
2088,-1,1418,3,472,6307,0,0,0,0,0,0,0,2026-03-24 22:55:56.968,,y
2089,-1,1418,3,472,6307,0,0,0,0,0,0,0,2026-03-24 22:55:56.968,,y
2090,-1,1418,3,472,6307,0,0,0,0,0,0,0,2026-03-24 22:55:56.968,,y
2091,-1,1418,3,472,6307,0,0,0,0,0,0,0,2026-03-24 22:55:56.968,,y
2092,-1,1418,3,472,6307,0,0,0,0,0,0,0,2026-03-24 22:55:56.968,,y
2093,-1,1418,3,472,6307,0,0,0,0,0,0,0,2026-03-24 22:55:56.968,,y
2094,-1,1418,3,472,6307,0,0,0,0,0,0,0,2026-03-24 22:55:56.968,,y
2095,-1,1418,3,472,6307,0,0,0,0,0,0,0,2026-03-24 22:55:56.968,,y
2096,-1,1418,3,472,6307,0,0,0,0,0,0,0,2026-03-24 22:55:56.968,,y
2097,-1,1418,3,472,6307,0,0,0,0,0,0,0,2026-03-24 22:55:56.968,,y
2098,-1,1418,3,472,6307,0,0,0,0,0,0,0,2026-03-24 22:55:56.968,,y
2099,-1,1418,3,472,6307,0,0,0,0,0,0,0,2026-03-24 22:55:56.968,,y
2100,-1,1418,3,472,6307,0,0,0,0,0,0,0,2026-03-24 22:55:56.968,,y
2101,-1,1418,3,472,6307,0,0,0,0,0,0,0,2026-03-24 22:55:56.968,,y
2102,-1,1418,3,472,6307,0,0,0,0,0,0,0,2026-03-24 22:55:56.968,,y
2103,-1,1418,3,472,6307,0,0,0,0,0,0,0,2026-03-24 22:55:56.968,,y
2104,-1,1418,3,472,6307,0,0,0,0,0,0,0,2026-03-24 22:55:56.968,,y
2105,-1,1418,3,472,6307,0,0,0,0,0,0,0,2026-03-24 22:55:56.968,,y
2106,-1,1418,3,472,6307,0,0,0,0,0,0,0,2026-03-24 22:55:56.968,,y
2107,-1,1418,3,472,6307,0,0,0,0,0,0,0,2026-03-24 22:55:56.968,,y
2108,-1,1418,3,472,6307,0,0,0,0,0,0,0,2026-03-24 22:55:56.968,,y
2109,-1,1418,3,472,6307,0,0,0,0,0,0,0,2026-03-24 22:55:56.968,,y
2110,-1,1418,3,472,6307,0,0,0,0,0,0,0,2026-03-24 22:55:56.968,,y
2111,-1,1418,3,472,6307,0,0,0,0,0,0,0,2026-03-24 22:55:56.968,,y
2112,-1,1418,3,472,6307,0,0,0,0,0,0,0,2026-03-24 22:55:56.968,,y
2113,-1,1418,3,472,6307,0,0,0,0,0,0,0,2026-03-24 22:55:56.968,,y
2114,-1,1418,3,472,6307,0,0,0,0,0,0,0,2026-03-24 22:55:56.968,,y
2115,-1,1418,3,472,6307,0,0,0,0,0,0,0,2026-03-24 22:55:56.968,,y
2116,-1,1418,3,472,6307,0,0,0,0,0,0,0,2026-03-24 22:55:56.968,,y
2117,-1,1418,3,472,6307,0,0,0,0,0,0,0,2026-03-24 22:55:56.968,,y
2118,-1,1418,3,472,6307,0,0,0,0,0,0,0,2026-03-24 22:55:56.968,,y
2119,-1,1418,3,472,6307,0,0,0,0,0,0,0,2026-03-24 22:55:56.968,,y
2120,-1,1418,3,472,6307,0,0,0,0,0,0,0,2026-03-24 22:55:56.968,,y
2121,-1,1418,3,472,6307,0,0,0,0,0,0,0,2026-03-24 22:55:56.968,,y
2122,-1,1418,3,472,6307,0,0,0,0,0,0,0,2026-03-24 22:55:56.968,,y
2123,-1,1418,3,472,6307,0,0,0,0,0,0,0,2026-03-24 22:55:56.968,,y
2124,-1,1418,3,472,6307,0,0,0,0,0,0,0,2026-03-24 22:55:56.968,,y
2125,-1,1418,3,472,6307,0,0,0,0,0,0,0,2026-03-24 22:55:56.968,,y
2126,-1,1418,3,472,6307,0,0,0,0,0,0,0,2026-03-24 22:55:56.968,,y
2127,-1,1418,3,472,6307,0,0,0,0,0,0,0,2026-03-24 22:55:56.968,,y
2128,-1,1418,3,472,6307,0,0,0,0,0,0,0,2026-03-24 22:55:56.968,,y
2129,-1,1418,3,472,6307,0,0,0,0,0,0,0,2026-03-24 22:55:56.968,,y
2130,-1,1418,3,472,6307,0,0,0,0,0,0,0,2026-03-24 22:55:56.968,,y
2131,-1,1418,3,472,6307,0,0,0,0,0,0,0,2026-03-24 22:55:56.968,,y
2132,-1,1418,3,472,6307,0,0,0,0,0,0,0,2026-03-24 22:55:56.968,,y
2133,-1,1418,3,472,6307,0,0,0,0,0,0,0,2026-03-24 22:55:56.968,,y
2134,-1,1418,3,472,6307,0,0,0,0,0,0,0,2026-03-24 22:55:56.968,,y
2135,-1,1418,3,472,6307,0,0,0,0,0,0,0,2026-03-24 22:55:56.968,,y
2136,-1,1418,3,472,6307,0,0,0,0,0,0,0,2026-03-24 22:55:56.968,,y
2137,-1,1418,3,472,6307,0,0,0,0,0,0,0,2026-03-24 22:55:56.968,,y
2138,-1,1418,3,472,6307,0,0,0,0,0,0,0,2026-03-24 22:55:56.968,,y
2139,-1,1418,3,472,6307,0,0,0,0,0,0,0,2026-03-24 22:55:56.968,,y
2140,-1,1418,3,472,6307,0,0,0,0,0,0,0,2026-03-24 22:55:56.968,,y
2141,-1,1418,3,472,6307,0,0,0,0,0,0,0,2026-03-24 22:55:56.968,,y
2142,-1,1418,3,472,6307,0,0,0,0,0,0,0,2026-03-24 22:55:56.968,,y
2143,-1,1418,3,472,6307,0,0,0,0,0,0,0,2026-03-24 22:55:56.968,,y
2144,-1,1418,3,472,6307,0,0,0,0,0,0,0,2026-03-24 22:55:56.968,,y
2145,-1,1418,3,472,6307,0,0,0,0,0,0,0,2026-03-24 22:55:56.968,,y
2146,-1,1418,3,472,6307,0,0,0,0,0,0,0,2026-03-24 22:55:56.968,,y
2147,-1,1418,3,472,6307,0,0,0,0,0,0,0,2026-03-24 22:55:56.968,,y
2148,-1,1418,3,472,6307,0,0,0,0,0,0,0,2026-03-24 22:55:56.968,,y
2149,-1,1418,3,472,6307,0,0,0,0,0,0,0,2026-03-24 22:55:56.968,,y
2150,-1,1418,3,472,6307,0,0,0,0,0,0,0,2026-03-24 22:55:56.968,,y
2151,-1,1418,3,472,6307,0,0,0,0,0,0,0,2026-03-24 22:55:56.968,,y
2152,20250302,1418,1,41,6307,0,0,0,0,0,0,224,2026-03-24 22:55:57.015,,y
2153,20250403,1418,1,41,6307,0,0,0,0,0,0,256,2026-03-24 22:55:57.016,,y
2154,20250430,1418,1,41,6307,0,0,0,0,0,0,303,2026-03-24 22:55:57.016,,y
2155,20250529,1418,1,41,6307,0,0,0,0,0,0,224,2026-03-24 22:55:57.016,,y
2156,20250701,1418,1,41,6307,0,0,0,0,0,0,192,2026-03-24 22:55:57.016,,y
2157,20250819,1418,1,41,6307,0,0,0,0,0,0,32,2026-03-24 22:55:57.016,,y
2158,20250911,1418,1,41,6307,0,0,0,0,0,0,128,2026-03-24 22:55:57.016,,y
2159,20251014,1418,1,41,6307,0,0,0,0,0,0,96,2026-03-24 22:55:57.016,,y
2160,20251121,1418,1,41,6307,0,0,0,0,0,0,96,2026-03-24 22:55:57.016,,y
2161,20251210,108,1,31,6307,0,0,0,0,0,0,470,2026-03-24 22:55:57.016,,y
2162,20251215,110,1,30,6307,0,0,0,0,0,0,17167.5,2026-03-24 22:55:57.016,,y
2163,20250116,113,1,27,6307,0,0,0,0,0,0,186,2026-03-24 22:55:57.016,,y
2164,20251017,114,1,27,6307,0,0,0,0,0,0,200,2026-03-24 22:55:57.016,,y
2165,20230811,1511,1,27,6307,0,0,0,0,0,0,6050.42,2026-03-24 22:55:57.016,,y
2166,20240125,1517,1,27,6307,0,0,0,0,0,0,1700,2026-03-24 22:55:57.016,,y
2167,20240515,1519,1,27,6307,0,0,0,0,0,0,845,2026-03-24 22:55:57.016,,y
2168,20240612,1507,1,27,6307,0,0,0,0,0,0,4150,2026-03-24 22:55:57.016,,y
2169,20241210,112,1,27,6307,0,0,0,0,0,0,26784,2026-03-24 22:55:57.016,,y
2170,20231219,1512,1,44,6307,0,0,0,0,0,0,5100,2026-03-24 22:55:57.016,,y
2171,20240308,1520,1,1,6307,0,0,0,0,0,0,51480,2026-03-24 22:55:57.016,,y
2172,20240307,1502,1,32,6307,0,0,0,0,0,0,1830.4,2026-03-24 22:55:57.016,,y
2173,20231222,1513,1,45,6307,0,0,0,0,0,0,7470,2026-03-24 22:55:57.016,,y
2174,20231228,1516,1,40,6307,0,0,0,0,0,0,800,2026-03-24 22:55:57.016,,y
2175,20240131,1518,1,40,6307,0,0,0,0,0,0,751,2026-03-24 22:55:57.016,,y
2176,20250528,1505,1,40,6307,0,0,0,0,0,0,727,2026-03-24 22:55:57.016,,y
2177,20240701,1508,1,40,6307,0,0,0,0,0,0,544,2026-03-24 22:55:57.016,,y
2178,20240730,1509,1,40,6307,0,0,0,0,0,0,744,2026-03-24 22:55:57.016,,y
2179,20240906,1510,1,40,6307,0,0,0,0,0,0,544,2026-03-24 22:55:57.016,,y
2180,20231226,1515,1,46,6307,0,0,0,0,0,0,5460,2026-03-24 22:55:57.016,,y
2181,20241113,109,1,30,6307,0,0,0,0,0,0,19500,2026-03-24 22:55:57.016,,y
2182,20251126,76,1,33,6307,0,0,0,0,0,0,0,2026-03-24 22:55:57.016,,y
2183,20251215,77,1,33,6307,0,0,0,0,0,0,300,2026-03-24 22:55:57.016,,y
2184,20251215,78,1,33,6307,0,0,0,0,0,0,0,2026-03-24 22:55:57.016,,y
2185,20250103,80,1,34,6307,0,0,0,0,0,0,50000,2026-03-24 22:55:57.016,,y
2186,20251118,81,1,28,6307,0,0,0,0,0,0,1785,2026-03-24 22:55:57.016,,y
2187,20251216,82,1,39,6307,0,0,0,0,0,0,1720,2026-03-24 22:55:57.016,,y
2188,20250102,1418,1,40,6307,0,0,0,0,0,0,352,2026-03-24 22:55:57.053,,y
2189,20250203,1418,1,40,6307,0,0,0,0,0,0,416,2026-03-24 22:55:57.053,,y
2190,20250302,1418,1,40,6307,0,0,0,0,0,0,527,2026-03-24 22:55:57.053,,y
2191,20250403,1418,1,40,6307,0,0,0,0,0,0,352,2026-03-24 22:55:57.053,,y
2192,20250430,1418,1,40,6307,0,0,0,0,0,0,576,2026-03-24 22:55:57.053,,y
2193,20250529,1418,1,40,6307,0,0,0,0,0,0,276,2026-03-24 22:55:57.053,,y
2194,20250701,1418,1,40,6307,0,0,0,0,0,0,384,2026-03-24 22:55:57.053,,y
2195,20250819,1418,1,40,6307,0,0,0,0,0,0,320,2026-03-24 22:55:57.053,,y
2196,20250911,1418,1,40,6307,0,0,0,0,0,0,484,2026-03-24 22:55:57.053,,y
2197,20251014,1418,1,40,6307,0,0,0,0,0,0,224,2026-03-24 22:55:57.053,,y
2198,20251121,1418,1,40,6307,0,0,0,0,0,0,352,2026-03-24 22:55:57.053,,y
2199,20251212,96,1,29,6307,0,0,0,0,0,0,605,2026-03-24 22:55:57.053,,y
2200,20250106,1418,1,41,6307,0,0,0,0,0,0,160,2026-03-24 22:55:57.053,,y
2201,20250203,1418,1,41,6307,0,0,0,0,0,0,160,2026-03-24 22:55:57.053,,y
2202,-1,1418,1,27,6307,0,0,0,0,0,0,0,2026-03-24 22:55:57.115,,y
2203,-1,1418,1,44,6307,0,0,0,0,0,0,0,2026-03-24 22:55:57.115,,y
2204,-1,1418,1,1,6307,0,0,0,0,0,0,0,2026-03-24 22:55:57.115,,y
2205,-1,1418,1,32,6307,0,0,0,0,0,0,0,2026-03-24 22:55:57.115,,y
2206,-1,1418,1,45,6307,0,0,0,0,0,0,0,2026-03-24 22:55:57.115,,y
2207,-1,1418,1,40,6307,0,0,0,0,0,0,0,2026-03-24 22:55:57.115,,y
2208,-1,1418,1,46,6307,0,0,0,0,0,0,0,2026-03-24 22:55:57.115,,y
2209,-1,1418,1,30,6307,0,0,0,0,0,0,0,2026-03-24 22:55:57.115,,y
2210,-1,1418,1,33,6307,0,0,0,0,0,0,0,2026-03-24 22:55:57.115,,y
2211,-1,1418,1,38,6307,0,0,0,0,0,0,0,2026-03-24 22:55:57.115,,y
2212,-1,1418,1,34,6307,0,0,0,0,0,0,0,2026-03-24 22:55:57.115,,y
2213,-1,1418,1,28,6307,0,0,0,0,0,0,0,2026-03-24 22:55:57.115,,y
2214,-1,1418,1,39,6307,0,0,0,0,0,0,0,2026-03-24 22:55:57.115,,y
2215,-1,1418,1,29,6307,0,0,0,0,0,0,0,2026-03-24 22:55:57.115,,y
2216,-1,1418,1,41,6307,0,0,0,0,0,0,0,2026-03-24 22:55:57.115,,y
2217,-1,1418,1,31,6307,0,0,0,0,0,0,0,2026-03-24 22:55:57.115,,y
2218,-1,1418,1,42,6307,0,0,0,0,0,0,0,2026-03-24 22:55:57.115,,y
2219,-1,1418,1,472,6307,0,0,0,0,0,0,0,2026-03-24 22:55:57.115,,y
2220,-1,1418,1,472,6307,0,0,0,0,0,0,0,2026-03-24 22:55:57.115,,y
2221,20231222,1513,1,45,6307,0,0,0,7470,"0,19",0,0,2026-03-24 22:55:57.159,,y
2222,20231226,1515,1,46,6307,0,0,0,5460,"0,19",0,0,2026-03-24 22:55:57.159,,y
2223,20231228,1516,1,40,6307,0,0,0,800,"0,19",0,952,2026-03-24 22:55:57.159,,y
2224,20240131,1518,1,40,6307,0,0,0,751,"0,19",0,0,2026-03-24 22:55:57.159,,y
2225,20240528,1505,1,40,6307,0,0,0,727,"0,19",1,0,2026-03-24 22:55:57.159,,y
2226,20240701,1508,1,40,6307,0,0,0,544,"0,19",1,0,2026-03-24 22:55:57.159,,y
2227,20240730,1509,1,40,6307,0,0,0,744,"0,19",1,0,2026-03-24 22:55:57.159,,y
2228,20240308,1520,1,1,6307,0,0,0,51480,"0,19",0,0,2026-03-24 22:55:57.159,,y
2229,20240906,1510,1,40,6307,0,0,0,544,"0,19",1,0,2026-03-24 22:55:57.159,,y
2230,20240307,1502,1,32,6307,0,0,0,1830.4,"0,19",1,2178.176,2026-03-24 22:55:57.159,,y
2231,-1,1418,1,472,6307,0,0,0,0,0,0,0,2026-03-24 22:55:57.159,,y
2232,-1,1418,1,472,6307,0,0,0,0,0,0,0,2026-03-24 22:55:57.159,,y
2233,-1,1418,1,472,6307,0,0,0,0,0,0,0,2026-03-24 22:55:57.159,,y
2234,-1,1418,1,472,6307,0,0,0,0,0,0,0,2026-03-24 22:55:57.159,,y
2235,-1,1418,1,472,6307,0,0,0,0,0,0,0,2026-03-24 22:55:57.159,,y
2236,-1,1418,1,472,6307,0,0,0,0,0,0,0,2026-03-24 22:55:57.159,,y
2237,-1,1418,1,472,6307,0,0,0,0,0,0,0,2026-03-24 22:55:57.159,,y
2238,-1,1418,1,472,6307,0,0,0,0,0,0,0,2026-03-24 22:55:57.159,,y
2239,-1,1418,1,472,6307,0,0,0,0,0,0,0,2026-03-24 22:55:57.159,,y
2240,-1,1418,1,472,6307,0,0,0,0,0,0,0,2026-03-24 22:55:57.159,,y
2241,-1,1418,1,472,6307,0,0,0,0,0,0,0,2026-03-24 22:55:57.159,,y
2242,-1,1418,1,472,6307,0,0,0,0,0,0,0,2026-03-24 22:55:57.159,,y
2243,-1,1418,1,472,6307,0,0,0,0,0,0,0,2026-03-24 22:55:57.159,,y
2244,-1,1418,1,472,6307,0,0,0,0,0,0,0,2026-03-24 22:55:57.159,,y
2245,-1,1418,1,472,6307,0,0,0,0,0,0,0,2026-03-24 22:55:57.159,,y
2246,-1,1418,1,472,6307,0,0,0,0,0,0,0,2026-03-24 22:55:57.159,,y
2247,-1,1418,1,472,6307,0,0,0,0,0,0,0,2026-03-24 22:55:57.159,,y
2248,-1,1418,1,472,6307,0,0,0,0,0,0,0,2026-03-24 22:55:57.159,,y
2249,20200101,1418,1,472,6307,0,0,0,0,0,0,0,2026-03-24 22:55:57.159,,y
2250,-1,72,1,1,6503,66.5,850,0,0,19%,0,0,2026-03-24 22:55:57.218,,y
2251,-1,73,1,1,6536,66.5,850,0,0,19%,0,0,2026-03-24 22:55:57.218,,y
2252,-1,74,1,1,6536,66.5,850,0,0,19%,0,0,2026-03-24 22:55:57.218,,y
2253,-1,75,1,32,6536,66.5,33,0,0,19%,0,0,2026-03-24 22:55:57.218,,y
2254,-1,76,1,33,6504,220,5,0,0,0%,0,0,2026-03-24 22:55:57.218,,y
2255,-1,76,1,33,6505,170,15,0,0,0%,0,0,2026-03-24 22:55:57.218,,y
2256,-1,76,1,33,6506,170,20,0,0,0%,0,0,2026-03-24 22:55:57.218,,y
2257,-1,76,1,33,6507,425,1,0,0,0%,0,0,2026-03-24 22:55:57.218,,y
2258,-1,77,1,33,6537,15,20,0,0,0%,0,0,2026-03-24 22:55:57.218,,y
2259,-1,78,1,33,6504,220,5,0,0,0%,0,0,2026-03-24 22:55:57.218,,y
2260,-1,78,1,33,6505,170,15,0,0,0%,0,0,2026-03-24 22:55:57.218,,y
2261,-1,78,1,33,6506,170,20,0,0,0%,0,0,2026-03-24 22:55:57.218,,y
2262,-1,78,1,33,6507,425,1,0,0,0%,0,0,2026-03-24 22:55:57.218,,y
2263,-1,79,1,38,6538,54.62,1,0,0,19%,0,0,2026-03-24 22:55:57.218,,y
2264,-1,79,1,38,6539,48.73,1,0,0,19%,0,0,2026-03-24 22:55:57.218,,y
2265,-1,79,1,38,6540,40.33,2,0,0,19%,0,0,2026-03-24 22:55:57.218,,y
2266,-1,79,1,38,6541,40.33,1,0,0,19%,0,0,2026-03-24 22:55:57.218,,y
2267,-1,80,1,34,6542,100,500,0,0,19%,0,0,2026-03-24 22:55:57.222,,y
2268,-1,81,1,28,6543,1.19,1500,0,0,19%,0,0,2026-03-24 22:55:57.222,,y
2269,-1,82,1,39,6498,36,20,0,0,19%,0,0,2026-03-24 22:55:57.222,,y
2270,-1,82,1,39,6499,50,20,0,0,19%,0,0,2026-03-24 22:55:57.222,,y
2271,-1,83,1,40,6544,32,3,0,0,19%,0,0,2026-03-24 22:55:57.222,,y
2272,-1,83,1,40,6545,32,4,0,0,19%,0,0,2026-03-24 22:55:57.222,,y
2273,-1,83,1,40,6546,32,3,0,0,19%,0,0,2026-03-24 22:55:57.222,,y
2274,-1,83,1,40,6547,32,5,0,0,19%,0,0,2026-03-24 22:55:57.222,,y
2275,-1,84,1,40,6548,168,1,0,0,19%,0,0,2026-03-24 22:55:57.222,,y
2276,-1,84,1,40,6549,96,1,0,0,19%,0,0,2026-03-24 22:55:57.222,,y
2277,-1,84,1,40,6550,128,1,0,0,19%,0,0,2026-03-24 22:55:57.222,,y
2278,-1,84,1,40,6551,160,1,0,0,19%,0,0,2026-03-24 22:55:57.222,,y
2279,-1,85,1,40,6552,32,4,0,0,19%,0,0,2026-03-24 22:55:57.222,,y
2280,-1,85,1,40,6553,32,5,0,0,19%,0,0,2026-03-24 22:55:57.222,,y
2281,-1,85,1,40,6552,32,4,0,0,19%,0,0,2026-03-24 22:55:57.222,,y
2282,-1,85,1,40,6552,32,4,0,0,19%,0,0,2026-03-24 22:55:57.222,,y
2283,-1,86,1,40,6554,32,7,0,0,19%,0,0,2026-03-24 22:55:57.222,,y
2284,-1,86,1,40,6555,32,4,0,0,19%,0,0,2026-03-24 22:55:57.222,,y
2285,-1,87,1,40,6552,32,4,0,0,19%,0,0,2026-03-24 22:55:57.222,,y
2286,-1,87,1,40,6553,32,5,0,0,19%,0,0,2026-03-24 22:55:57.222,,y
2287,-1,87,1,40,6552,32,4,0,0,19%,0,0,2026-03-24 22:55:57.222,,y
2288,-1,88,1,40,6552,32,4,0,0,19%,0,0,2026-03-24 22:55:57.222,,y
2289,-1,88,1,40,6552,32,4,0,0,19%,0,0,2026-03-24 22:55:57.222,,y
2290,-1,88,1,40,6552,32,4,0,0,19%,0,0,2026-03-24 22:55:57.222,,y
2291,-1,88,1,40,6552,32,4,0,0,19%,0,0,2026-03-24 22:55:57.222,,y
2292,-1,88,1,40,6556,15,1,0,0,19%,0,0,2026-03-24 22:55:57.222,,y
2293,-1,79,1,40,6557,32,4,0,0,19%,0,0,2026-03-24 22:55:57.222,,y
2294,-1,79,1,40,6558,32,3,0,0,19%,0,0,2026-03-24 22:55:57.226,,y
2295,-1,89,1,40,6559,32,3,0,0,19%,0,0,2026-03-24 22:55:57.226,,y
2296,-1,89,1,40,6559,32,3,0,0,19%,0,0,2026-03-24 22:55:57.226,,y
2297,-1,90,1,40,6560,140,1,0,0,19%,0,0,2026-03-24 22:55:57.226,,y
2298,-1,90,1,40,6559,32,3,0,0,19%,0,0,2026-03-24 22:55:57.226,,y
2299,-1,90,1,40,6561,40,1,0,0,19%,0,0,2026-03-24 22:55:57.226,,y
2300,-1,91,1,40,6559,32,3,0,0,19%,0,0,2026-03-24 22:55:57.226,,y
2301,-1,91,1,40,6562,32,2,0,0,19%,0,0,2026-03-24 22:55:57.226,,y
2302,-1,91,1,40,6563,40,3,0,0,19%,0,0,2026-03-24 22:55:57.226,,y
2303,-1,91,1,40,6562,32,2,0,0,19%,0,0,2026-03-24 22:55:57.226,,y
2304,-1,91,1,40,6564,40,1,0,0,19%,0,0,2026-03-24 22:55:57.226,,y
2305,-1,92,1,40,6562,32,2,0,0,19%,0,0,2026-03-24 22:55:57.226,,y
2306,-1,93,1,40,6562,32,2,0,0,19%,0,0,2026-03-24 22:55:57.226,,y
2307,-1,93,1,40,6565,50,1,0,0,19%,0,0,2026-03-24 22:55:57.226,,y
2308,-1,93,1,40,6566,50,1,0,0,19%,0,0,2026-03-24 22:55:57.226,,y
2309,-1,93,1,40,6567,32,1,0,0,19%,0,0,2026-03-24 22:55:57.226,,y
2310,-1,93,1,40,6568,32,1,0,0,19%,0,0,2026-03-24 22:55:57.226,,y
2311,-1,94,1,40,6559,32,3,0,0,19%,0,0,2026-03-24 22:55:57.226,,y
2312,-1,95,1,40,6552,32,4,0,0,19%,0,0,2026-03-24 22:55:57.226,,y
2313,-1,95,1,40,6552,32,4,0,0,19%,0,0,2026-03-24 22:55:57.226,,y
2314,-1,96,1,29,6489,15,5,0,0,19%,0,0,2026-03-24 22:55:57.226,,y
2315,-1,96,1,29,6490,25,5,0,0,19%,0,0,2026-03-24 22:55:57.226,,y
2316,-1,96,1,29,6491,30,5,0,0,19%,0,0,2026-03-24 22:55:57.226,,y
2317,-1,96,1,29,6492,38,5,0,0,19%,0,0,2026-03-24 22:55:57.226,,y
2318,-1,96,1,29,6493,13,5,0,0,19%,0,0,2026-03-24 22:55:57.226,,y
2319,-1,97,1,41,6554,32,2,0,0,19%,0,0,2026-03-24 22:55:57.226,,y
2320,-1,97,1,41,6555,32,3,0,0,19%,0,0,2026-03-24 22:55:57.226,,y
2321,-1,100,1,41,6569,32,2,0,0,19%,0,0,2026-03-24 22:55:57.226,,y
2322,-1,100,1,41,6558,32,3,0,0,19%,0,0,2026-03-24 22:55:57.226,,y
2323,-1,101,1,41,6562,32,2,0,0,19%,0,0,2026-03-24 22:55:57.226,,y
2324,-1,101,1,41,6559,32,3,0,0,19%,0,0,2026-03-24 22:55:57.226,,y
2325,-1,102,1,41,6559,32,3,0,0,19%,0,0,2026-03-24 22:55:57.226,,y
2326,-1,103,1,41,6559,32,3,0,0,19%,0,0,2026-03-24 22:55:57.226,,y
2327,-1,103,1,41,6559,32,3,0,0,19%,0,0,2026-03-24 22:55:57.226,,y
2328,-1,104,1,41,6570,32,1,0,0,19%,0,0,2026-03-24 22:55:57.226,,y
2329,-1,106,1,41,6559,32,3,0,0,19%,0,0,2026-03-24 22:55:57.226,,y
2330,-1,108,1,31,6497,45,10,0,0,0%,0,0,2026-03-24 22:55:57.226,,y
2331,-1,100,1,42,6571,150,1,0,0,19%,0,0,2026-03-24 22:55:57.226,,y
2332,-1,109,1,30,6524,29,500,0,0,19%,0,0,2026-03-24 22:55:57.226,,y
2333,-1,109,1,30,6527,5,500,0,0,19%,0,0,2026-03-24 22:55:57.226,,y
2334,-1,109,1,30,6528,2,500,0,0,19%,0,0,2026-03-24 22:55:57.226,,y
2335,-1,109,1,30,6572,2,500,0,0,19%,0,0,2026-03-24 22:55:57.226,,y
2336,-1,109,1,30,6530,1,500,0,0,19%,0,0,2026-03-24 22:55:57.226,,y
2337,-1,110,1,30,6494,28.15,450,0,0,19%,0,0,2026-03-24 22:55:57.226,,y
2338,-1,110,1,30,6495,2,450,0,0,19%,0,0,2026-03-24 22:55:57.226,,y
2339,-1,110,1,30,6496,8,450,0,0,19%,0,0,2026-03-24 22:55:57.226,,y
2340,-1,111,1,27,6487,62,432,0,0,19%,0,0,2026-03-24 22:55:57.226,,y
2341,-1,112,1,27,6487,62,432,0,0,19%,0,0,2026-03-24 22:55:57.226,,y
2342,-1,113,1,27,6573,62,3,0,0,19%,0,0,2026-03-24 22:55:57.226,,y
