FactShippingPK,CustomerFK,ProductFK,DateFK,DocumentFK,Quantity,PriceProduct,ShippingPrice
1,48,0,20240220,558,1,6,7
2,49,6575,20260102,0,2,50,8
3,50,6576,20251230,0,1,90,8
4,51,6538,20251229,0,1,65,0
5,51,6539,20251229,0,1,58,0
6,51,7425,20251229,0,1,30,0
7,52,7370,20251229,0,1,90,8
8,53,7370,20251229,0,1,90,8
9,54,6575,20251229,0,2,50,8
10,55,6579,20251229,0,1,30,8
11,55,6580,20251229,0,1,25,8
12,55,6581,20251229,0,1,25,8
13,55,6582,20251229,0,1,25,8
14,56,6583,20251228,0,1,50,8
15,56,6584,20251228,0,1,25,8
16,57,6539,20251228,0,1,58,8
17,58,6585,20251228,0,1,184,0
18,59,6575,20251227,0,1,50,8
19,59,6586,20251227,0,1,48,8
20,60,6538,20251227,559,1,65,8
21,61,7378,20251227,560,1,30,8
22,62,7370,20251227,0,1,90,8
23,62,7371,20251227,0,1,34,8
24,63,7370,20251226,0,1,90,8
25,64,6589,20251226,0,5,20,8
26,65,7425,20251226,0,4,30,8
27,66,6575,20251226,0,1,50,8
28,66,6590,20251226,0,1,"49,9",8
29,67,7370,20251225,0,1,90,8
30,68,0,20231206,561,1,19,0
31,67,7370,20251225,0,1,90,8
32,69,7370,20251225,0,1,90,8
33,70,6592,20251225,0,1,90,8
34,71,6593,20251224,0,1,20,8
35,71,6594,20251224,0,1,30,8
36,71,6580,20251224,0,1,25,8
37,72,6595,20251224,0,1,90,8
38,73,6595,20251224,0,1,90,8
39,74,6595,20251224,0,1,90,8
40,75,6595,20251224,0,1,90,8
41,76,7393,20251224,0,1,80,8
42,76,6597,20251224,0,1,25,8
43,77,6598,20251224,562,1,100,0
44,77,6583,20251224,562,1,50,0
45,78,6581,20251224,0,1,25,8
46,78,6582,20251224,0,1,25,8
47,78,6599,20251224,0,1,30,8
48,78,7422,20251224,0,1,20,8
49,79,6580,20251224,0,4,25,8
50,80,6589,20251224,0,1,20,8
51,80,6590,20251224,0,1,"49,9",8
52,80,6601,20251224,0,1,20,8
53,81,6539,20251224,0,1,58,8
54,82,6601,20251224,0,1,20,8
55,82,6602,20251224,0,1,20,8
56,82,6590,20251224,0,1,"49,9",8
57,83,6603,20251224,0,1,150,0
58,84,6604,20251223,0,1,45,8
59,84,6586,20251223,0,1,48,8
60,84,7378,20251223,0,1,30,8
61,85,7425,20251222,0,1,30,8
62,85,6590,20251222,0,1,"49,9",8
63,85,7425,20251222,0,1,30,8
64,85,6590,20251222,0,1,"49,9",8
65,86,6595,20251222,0,1,90,8
66,87,6595,20251219,0,1,90,8
67,88,7370,20251218,0,1,90,8
68,89,6586,20251217,0,1,48,8
69,89,6604,20251217,0,1,45,8
70,90,6590,20251217,563,2,"49,9",8
71,91,6605,20251217,0,1,50,8
72,91,6606,20251217,0,1,56,8
73,92,6607,20251215,0,1,90,8
74,93,6595,20251214,0,1,90,8
75,94,7425,20251214,0,2,30,8
76,94,6579,20251214,0,1,30,8
77,95,6580,20251213,0,1,25,8
78,95,6584,20251213,0,1,25,8
79,95,6582,20251213,0,1,25,8
80,95,6581,20251213,0,1,25,8
81,96,7393,20251212,0,1,80,8
82,96,6584,20251212,0,1,25,8
83,97,6590,20251212,0,1,"49,9",8
84,97,6608,20251212,0,1,20,8
85,97,6589,20251212,0,1,20,8
86,98,6634,20251212,0,1,119,8
87,99,6590,20251211,0,1,"49,9",8
88,99,7371,20251211,0,1,34,8
89,99,6584,20251211,0,1,25,8
90,100,6538,20251211,0,1,65,8
91,100,6584,20251211,0,1,25,8
92,101,6634,20251211,0,1,119,8
93,102,6590,20251211,0,2,"49,9",8
94,103,6580,20251211,0,1,25,8
95,103,6584,20251211,0,1,25,8
96,103,6590,20251211,0,1,"49,9",8
97,104,6575,20251211,0,1,50,8
98,104,6590,20251211,0,1,"49,9",8
99,105,6662,20251210,0,1,80,8
100,106,6595,20251210,0,1,90,8
101,107,6595,20251210,564,1,90,8
102,108,7370,20251209,0,1,90,8
103,109,7370,20251209,0,1,90,8
104,110,7425,20251208,565,2,30,8
105,110,6584,20251208,565,1,25,8
106,111,6595,20251205,566,1,90,8
107,111,6580,20251205,566,1,25,8
108,112,6611,20251205,567,1,119,8
109,113,7370,20251204,568,1,90,8
110,114,6634,20251204,569,1,119,8
111,115,6595,20251203,570,1,90,8
112,116,6605,20251202,571,1,50,8
113,116,6589,20251202,571,1,20,8
114,116,6613,20251202,571,1,30,8
115,117,6583,20251201,572,1,50,8
116,117,6590,20251201,572,1,"49,9",8
117,118,7316,20251201,573,1,25,8
118,119,6634,20251201,574,1,119,8
119,120,6576,20251127,575,1,90,8
120,121,6583,20251125,576,1,50,8
121,121,6580,20251125,576,2,25,8
122,122,6601,20251125,577,1,20,8
123,122,6615,20251125,577,1,35,8
124,122,7378,20251125,577,1,30,8
125,123,7425,20251123,578,1,30,8
126,123,6594,20251123,578,1,30,8
127,123,6599,20251123,578,1,30,8
128,124,7371,20251121,579,1,34,8
129,124,7370,20251121,579,1,90,8
130,125,6662,20251120,580,1,80,8
131,126,6580,20251120,581,1,25,8
132,126,6584,20251120,581,1,25,8
133,126,7371,20251120,581,1,34,8
134,127,6601,20251117,582,1,20,8
135,127,6582,20251117,582,1,25,8
136,127,6580,20251117,582,1,25,8
137,127,7371,20251117,582,1,34,8
138,128,6575,20251117,583,2,50,8
139,129,6590,20251114,584,1,"49,9",8
140,129,6584,20251114,584,1,25,8
141,129,6580,20251114,584,1,25,8
142,130,7425,20251114,585,1,30,8
143,130,6597,20251114,585,1,25,8
144,130,6604,20251114,585,1,45,8
145,131,6616,20251114,586,1,46,8
146,131,6617,20251114,586,1,50,8
147,132,6584,20251112,587,1,25,8
148,132,6618,20251112,587,1,30,8
149,132,6580,20251112,587,1,25,8
150,133,7425,20251111,588,1,30,8
151,133,6584,20251111,588,1,25,8
152,133,6618,20251111,588,2,30,8
153,134,6608,20251110,589,5,20,8
154,135,6606,20251108,590,1,56,8
155,135,6605,20251108,590,1,50,8
156,136,6590,20251106,591,1,"49,9",8
157,136,6605,20251106,591,1,50,8
158,137,6575,20251106,592,1,50,8
159,137,6582,20251106,592,1,25,8
160,137,7425,20251106,592,1,30,8
161,138,6590,20251104,593,1,"49,9",8
162,138,7361,20251104,593,1,"49,9",8
163,139,7370,20251104,594,1,90,8
164,140,6539,20251102,595,1,58,8
165,141,6662,20251031,596,1,80,8
166,141,6584,20251031,596,1,25,8
167,142,6595,20251031,597,1,90,8
168,143,6620,20251031,598,1,20,8
169,143,6589,20251031,598,1,20,8
170,143,6601,20251031,598,1,20,8
171,143,6584,20251031,598,1,25,8
172,143,6580,20251031,598,1,25,8
173,144,6621,20251030,599,1,90,8
174,145,6634,20251030,600,1,119,8
175,146,6662,20251029,601,1,80,8
176,147,6601,20251028,602,1,20,8
177,147,6602,20251028,602,1,20,8
178,147,6584,20251028,602,1,25,8
179,147,7371,20251028,602,1,34,8
180,148,6611,20251028,603,1,119,8
181,149,6575,20251025,604,2,50,8
182,150,6580,20251023,605,1,25,8
183,150,6584,20251023,605,1,25,8
184,150,7425,20251023,605,1,30,8
185,150,6618,20251023,605,1,30,8
186,151,6580,20251022,606,1,25,8
187,152,6622,20251022,607,1,60,8
188,152,6575,20251022,607,1,50,8
189,153,6584,20251020,608,1,25,8
190,153,6580,20251020,608,2,25,8
191,153,6581,20251020,608,1,25,8
192,154,7361,20251020,609,1,"49,9",8
193,154,6575,20251020,609,1,50,8
194,155,7422,20251020,610,2,20,8
195,155,6623,20251020,610,2,25,8
196,156,6595,20251020,611,1,90,8
197,157,7425,20251020,612,1,30,8
198,157,6580,20251020,612,1,25,8
199,157,6624,20251020,612,1,30,8
200,157,6608,20251020,612,1,20,8
201,158,7370,20251020,613,1,90,8
202,159,6580,20251018,614,2,25,8
203,159,6604,20251018,614,1,45,8
204,160,6580,20251016,615,2,25,8
205,160,6624,20251016,615,1,30,8
206,160,6584,20251016,615,1,25,8
207,161,6608,20251014,616,4,20,8
208,162,7425,20251013,617,2,30,8
209,162,6575,20251013,617,1,50,8
210,163,7378,20231230,618,1,30,0
211,164,6584,20251013,619,1,25,8
212,164,6581,20251013,619,1,25,8
213,164,6582,20251013,619,1,25,8
214,164,6580,20251013,619,1,25,8
215,162,6625,20251013,620,1,120,8
216,165,6618,20251012,621,1,30,8
217,165,7361,20251012,621,1,"49,9",8
218,165,6582,20251012,621,1,25,8
219,166,6595,20251009,622,1,90,8
220,166,6626,20251009,622,1,20,8
221,167,7370,20251007,623,1,90,8
222,168,6586,20251003,624,1,48,8
223,169,6602,20251003,625,1,20,8
224,169,6662,20251003,625,1,80,8
225,170,6626,20250930,626,1,20,8
226,170,6620,20250930,626,1,20,8
227,170,6608,20250930,626,1,20,8
228,170,6589,20250930,626,1,20,8
229,170,6602,20250930,626,1,20,8
230,171,6595,20250930,627,1,90,8
231,172,6605,20250930,628,1,50,8
232,172,6613,20250930,628,1,30,8
233,173,6581,20250928,629,1,25,8
234,173,6580,20250928,629,1,25,8
235,173,7361,20250928,629,1,"49,9",8
236,174,7425,20250927,630,1,30,8
237,174,6584,20250927,630,1,25,8
238,174,6599,20250927,630,1,30,8
239,175,6594,20250925,631,1,30,8
240,176,7425,20250924,632,2,30,8
241,176,6624,20250924,632,1,30,8
242,177,6616,20250924,633,1,46,8
243,177,6583,20250924,633,1,50,8
244,178,7370,20250924,634,1,90,8
245,179,0,20250923,635,1,31,0
246,179,0,20250923,635,2,31,0
247,179,0,20250923,635,2,36,0
248,180,6634,20250923,636,1,119,8
249,181,6595,20250922,637,1,90,8
250,182,6634,20250919,638,1,119,8
251,183,7371,20250917,639,1,34,8
252,183,7378,20250917,639,1,30,8
253,183,7425,20250917,639,1,30,8
254,184,6538,20250913,640,1,65,8
255,185,6595,20250910,641,1,90,8
256,186,6620,20250909,642,1,20,8
257,187,6575,20250907,643,2,50,8
258,188,6601,20250905,644,2,20,8
259,188,7316,20250905,644,1,25,8
260,189,7378,20250904,645,1,30,8
261,189,6539,20250904,645,1,58,8
262,190,7371,20250903,646,1,34,8
263,190,7370,20250903,646,1,90,8
264,191,6616,20250903,647,1,46,8
265,191,6540,20250903,647,1,48,8
266,192,6625,20250901,648,1,120,8
267,193,6582,20250901,649,1,25,8
268,193,6581,20250901,649,1,25,8
269,193,7402,20250901,649,1,50,8
270,194,7425,20250901,650,1,30,8
271,194,6580,20250901,650,1,25,8
272,194,6584,20250901,650,1,25,8
273,194,7421,20250901,650,1,20,8
274,195,7427,20250831,651,1,84,8
275,196,6626,20250831,652,2,20,8
276,197,7306,20250831,653,1,100,8
277,198,6634,20250830,654,1,119,8
278,199,7425,20250829,655,1,30,8
279,199,6615,20250829,655,1,35,8
280,199,6580,20250829,655,2,25,8
281,200,6634,20250829,656,1,119,8
282,201,6634,20250829,657,1,119,8
283,202,7371,20250826,658,1,34,8
284,202,6594,20250826,658,1,30,8
285,202,6618,20250826,658,1,30,8
286,203,6635,20250826,659,1,109,8
287,204,6586,20250826,660,2,48,8
288,205,7306,20250825,661,1,100,8
289,206,6615,20250825,662,2,25,8
290,206,7408,20250825,662,1,35,8
291,207,6576,20250824,663,1,80,8
292,207,6601,20250824,663,1,20,8
293,208,7405,20250823,664,1,45,8
294,208,7407,20250823,664,1,90,8
295,209,7373,20250822,665,1,90,8
296,210,7256,20250821,666,1,85,8
297,211,7306,20250821,667,1,100,8
298,212,7306,20250821,668,1,100,8
299,187,6575,20250820,669,2,50,8
300,213,6575,20250820,670,1,50,8
301,213,7406,20250820,670,1,50,8
302,214,6644,20250820,671,1,"49,9",8
303,214,6645,20250820,671,1,50,8
304,215,7370,20250820,672,1,90,8
305,216,7306,20250820,673,1,100,8
306,217,7306,20250820,674,1,100,8
307,218,7220,20250820,675,1,45,8
308,218,6647,20250820,675,2,30,8
309,219,7389,20250819,676,1,90,0
310,219,6575,20250819,676,1,50,0
311,219,7229,20250819,676,1,15,0
312,220,6650,20250819,677,1,25,8
313,220,7401,20250819,677,3,25,8
314,221,6575,20250818,678,1,50,8
315,221,6652,20250818,678,1,55,8
316,222,7219,20250818,679,1,34,8
317,222,6647,20250818,679,1,30,8
318,222,7217,20250818,679,1,40,8
319,223,7401,20250818,680,1,25,8
320,223,7361,20250818,680,1,"49,9",8
321,224,7401,20250818,681,1,25,8
322,224,7306,20250818,681,1,70,8
323,225,6644,20250816,682,2,"49,9",8
324,226,7404,20250813,683,1,45,8
325,226,7402,20250813,683,1,50,8
326,227,7404,20250813,684,1,45,8
327,227,7403,20250813,684,1,35,8
328,227,7419,20250813,684,1,20,8
329,228,7217,20250812,685,2,40,8
330,228,6647,20250812,685,1,30,8
331,192,6659,20250811,686,1,219,0
332,229,7306,20250811,0,1,100,8
333,230,7378,20250811,687,1,30,8
334,230,6604,20250811,687,1,45,8
335,231,7425,20250810,688,1,25,8
336,232,6660,20250809,689,1,150,0
337,233,6661,20250809,690,1,92,8
338,234,6644,20250807,691,1,"49,9",8
339,235,6662,20250806,692,1,92,8
340,236,7402,20250806,693,1,50,8
341,236,7218,20250806,693,1,34,8
342,236,6664,20250806,693,1,15,8
343,237,7402,20250806,694,1,50,8
344,237,6665,20250806,694,1,18,8
345,237,6666,20250806,694,1,18,8
346,238,7404,20250805,695,1,45,8
347,238,6590,20250805,695,1,"49,9",8
348,239,6667,20250805,696,1,20,8
349,239,6645,20250805,696,1,35,8
350,239,7422,20250805,696,2,20,8
351,240,7306,20250805,697,1,70,8
352,240,6601,20250805,697,1,20,8
353,241,7218,20250804,698,1,34,8
354,241,7229,20250804,698,1,15,8
355,241,6575,20250804,698,1,50,8
356,242,7370,20250804,699,1,90,8
357,243,7373,20250804,700,1,90,8
358,244,7427,20250804,701,1,84,8
359,245,6586,20250804,702,1,48,8
360,245,7378,20250804,702,1,30,8
361,246,7306,20250804,703,1,100,8
362,246,7371,20250804,703,1,34,8
363,247,7405,20250803,704,1,45,8
364,247,7361,20250803,704,1,"49,9",8
365,248,7373,20250802,705,1,90,8
366,248,7425,20250802,705,1,25,8
367,249,7306,20250801,706,1,100,8
368,250,6616,20250728,707,1,46,8
369,250,6604,20250728,707,1,45,8
370,251,6539,20250721,708,1,58,8
371,251,6604,20250721,708,1,45,8
372,252,7406,20250721,709,1,50,8
373,252,7402,20250721,709,1,50,8
374,253,7306,20250718,710,1,100,8
375,253,7371,20250718,710,1,34,8
376,254,7286,20250718,711,1,86,8
377,255,6540,20250717,712,1,48,8
378,255,6604,20250717,712,1,45,8
379,256,7427,20250715,713,1,84,8
380,257,7372,20250715,714,1,90,8
381,258,6538,20250715,715,1,65,8
382,61,7378,20250714,716,1,30,8
383,259,6575,20250714,717,2,50,8
384,260,7286,20250712,718,1,86,8
385,261,7401,20250710,719,1,25,8
386,261,6645,20250710,719,1,35,8
387,261,6672,20250710,719,1,35,8
388,262,7378,20250708,720,1,30,8
389,263,7402,20250708,721,1,50,8
390,263,7220,20250708,721,1,45,8
391,264,7378,20250708,722,1,30,8
392,265,7216,20250707,723,1,80,8
393,265,7218,20250707,723,1,34,8
394,266,6666,20250704,724,1,18,8
395,266,6674,20250704,724,1,15,8
396,266,6664,20250704,724,1,15,8
397,266,6675,20250704,724,1,20,8
398,266,6676,20250704,724,1,20,8
399,266,6677,20250704,724,1,20,8
400,267,7407,20250704,725,1,90,8
401,268,7361,20250702,726,1,"49,9",8
402,268,7219,20250702,726,1,34,8
403,268,6678,20250702,726,1,15,8
404,269,7405,20250701,727,1,45,8
405,269,7406,20250701,727,1,50,8
406,270,6679,20250701,728,1,120,8
407,271,7406,20250701,729,1,50,8
408,271,7404,20250701,729,1,45,8
409,272,7401,20250630,730,2,25,8
410,272,7405,20250630,730,1,45,8
411,273,7401,20250625,731,2,25,8
412,273,7425,20250625,731,2,25,8
413,274,6605,20250625,732,1,50,8
414,275,7421,20250624,733,1,15,8
415,275,6680,20250624,733,1,15,8
416,275,6681,20250624,733,1,20,8
417,275,7361,20250624,733,1,"49,9",8
418,276,7401,20250620,734,3,25,8
419,276,6650,20250620,734,1,25,8
420,277,7403,20250620,735,1,35,8
421,277,7401,20250620,735,2,25,8
422,277,7425,20250620,735,1,25,8
423,278,7403,20250619,736,1,35,8
424,278,7401,20250619,736,2,25,8
425,278,7229,20250619,736,1,15,8
426,98,7389,20250618,737,1,90,8
427,98,7375,20250618,737,1,15,8
428,279,6650,20250616,738,4,25,8
429,280,6605,20250613,739,1,50,8
430,281,6607,20250612,740,1,90,8
431,231,7403,20250612,741,1,35,8
432,231,7401,20250612,741,1,25,8
433,282,7306,20250612,742,1,86,8
434,283,7401,20250612,743,1,25,8
435,283,7378,20250612,743,1,30,8
436,283,7229,20250612,743,1,15,8
437,283,6615,20250612,743,1,25,8
438,284,7218,20250612,744,3,34,8
439,285,7401,20250612,745,1,25,8
440,285,7425,20250612,745,1,25,8
441,285,7403,20250612,745,1,35,8
442,285,7375,20250612,745,1,15,8
443,286,7218,20250612,746,1,34,8
444,286,6615,20250612,746,1,25,8
445,286,7405,20250612,746,1,45,8
446,287,7286,20250611,747,1,86,8
447,288,6607,20250611,748,1,90,8
448,289,7378,20250611,749,1,30,8
449,290,6605,20250609,750,1,50,8
450,290,6583,20250609,750,1,50,8
451,291,7401,20250607,751,4,25,8
452,292,7306,20250605,752,1,129,8
453,293,7407,20250605,753,1,90,8
454,294,6683,20250603,754,1,92,8
455,295,7378,20250602,755,1,30,8
456,296,6644,20250530,756,1,"49,9",8
457,297,6575,20250530,757,1,50,0
458,297,7407,20250530,757,1,90,0
459,297,6684,20250530,757,1,20,0
460,298,6662,20250530,758,1,92,8
461,299,6644,20250529,759,1,"49,9",8
462,300,7401,20250528,760,1,25,8
463,300,6672,20250528,760,1,35,8
464,301,7407,20250526,761,1,90,8
465,301,7401,20250526,761,1,25,8
466,302,6538,20250526,762,1,65,8
467,302,7408,20250526,762,1,35,8
468,303,7372,20250525,763,1,90,8
469,304,7401,20250523,764,1,25,8
470,305,7401,20250523,765,1,25,8
471,306,6625,20250522,766,1,120,8
472,307,7314,20250521,767,1,145,0
473,308,7405,20250521,768,1,45,8
474,308,6650,20250521,768,1,25,8
475,308,7401,20250521,768,1,25,8
476,309,6686,20250519,769,1,120,8
477,307,6687,20250519,770,1,399,0
478,310,6605,20250519,771,1,50,0
479,310,6575,20250519,771,1,50,0
480,310,6583,20250519,771,1,50,0
481,310,7401,20250519,771,3,25,0
482,175,7401,20250519,772,2,25,8
483,311,7401,20250518,773,1,25,8
484,311,7229,20250518,773,1,15,8
485,311,7383,20250518,773,1,15,8
486,311,6689,20250518,773,1,20,8
487,311,7421,20250518,773,1,15,8
488,312,6607,20250518,774,1,90,8
489,313,7404,20250517,775,1,45,8
490,313,7401,20250517,775,1,25,8
491,313,7425,20250517,775,1,25,8
492,314,6605,20250516,776,1,50,8
493,315,6575,20250516,777,1,50,8
494,316,7405,20250515,778,2,45,0
495,316,6684,20250515,778,1,20,0
496,316,7383,20250515,778,1,15,0
497,316,7229,20250515,778,2,15,0
498,185,6598,20250514,779,1,0,8
499,317,7306,20250514,780,1,29,8
500,318,7373,20250513,781,1,90,8
501,319,7361,20250512,782,1,"49,9",8
502,319,7401,20250512,782,1,25,8
503,299,7401,20250512,783,1,25,8
504,320,6604,20250510,784,1,45,8
505,321,7404,20250509,785,1,45,8
506,321,6575,20250509,785,1,50,8
507,322,6605,20250509,786,2,50,8
508,323,6605,20250509,787,1,50,8
509,324,6683,20250508,788,1,92,8
510,325,7406,20250506,789,1,50,8
511,325,7403,20250506,789,1,35,8
512,325,6650,20250506,789,1,25,8
513,326,7407,20250506,790,1,90,8
514,326,7401,20250506,790,1,25,8
515,327,7218,20250505,791,1,34,8
516,327,7406,20250505,791,1,50,8
517,327,7401,20250505,791,1,25,8
518,328,6604,20250505,792,1,45,8
519,328,7401,20250505,792,1,25,8
520,328,7404,20250505,792,1,45,8
521,329,7401,20250503,793,2,25,8
522,329,6644,20250503,793,1,"49,9",8
523,330,7428,20250430,794,1,115,0
524,330,7403,20250430,794,1,35,0
525,331,7406,20250426,795,1,50,8
526,331,7401,20250426,795,2,25,8
527,332,7405,20250424,796,1,45,8
528,332,7404,20250424,796,1,45,8
529,333,7370,20250424,797,1,90,8
530,334,7425,20250424,798,1,25,8
531,334,7403,20250424,798,1,35,8
532,335,7401,20250423,799,1,25,8
533,335,7404,20250423,799,1,45,8
534,335,7229,20250423,799,1,15,8
535,336,6691,20250423,800,1,92,8
536,337,7401,20250422,801,4,25,8
537,338,7405,20250422,802,1,45,0
538,338,6692,20250422,802,1,115,0
539,339,7401,20250421,803,2,25,8
540,339,7404,20250421,803,1,45,8
541,340,7286,20250417,804,1,86,8
542,341,7378,20250417,805,1,30,8
543,341,6538,20250417,805,1,65,8
544,342,7401,20250416,806,1,25,0
545,342,6693,20250416,806,1,129,0
546,343,6586,20250416,807,1,48,8
547,343,7401,20250416,807,1,25,8
548,343,6665,20250416,807,1,18,8
549,344,6538,20250415,808,1,65,8
550,345,6598,20250412,809,1,75,0
551,345,7273,20250412,809,1,15,0
552,346,7401,20250411,810,2,25,8
553,346,7402,20250411,810,1,50,8
554,347,6695,20250411,811,1,86,8
555,348,7401,20250409,812,2,25,8
556,348,7402,20250409,812,1,50,8
557,349,6538,20250409,813,1,65,0
558,349,6539,20250409,813,1,58,0
559,349,6540,20250409,813,2,48,0
560,349,6586,20250409,813,1,48,0
561,350,7406,20250409,814,1,50,8
562,350,7402,20250409,814,1,50,8
563,351,6696,20250408,815,1,20,8
564,351,6647,20250408,815,2,30,8
565,352,6605,20250403,816,1,50,8
566,353,7303,20250402,817,1,129,8
567,354,7220,20250402,818,1,45,8
568,354,6575,20250402,818,1,50,8
569,355,6605,20250331,819,1,50,8
570,0,7402,20250331,820,1,50,8
571,0,7401,20250331,820,1,25,8
572,0,7229,20250331,820,1,15,8
573,0,6684,20250331,820,1,20,8
574,356,6605,20250331,821,1,50,8
575,357,6575,20250330,822,1,50,0
576,357,7306,20250330,822,1,129,0
577,357,7303,20250330,822,1,129,0
578,358,7401,20250330,823,2,25,8
579,358,7402,20250330,823,1,50,8
580,359,6605,20250330,824,1,50,8
581,360,7306,20250327,825,1,86,8
582,360,7383,20250327,825,1,15,8
583,361,6698,20250327,826,12,"16,5",0
584,361,7218,20250327,826,3,34,0
585,361,6647,20250327,826,12,30,0
586,361,6699,20250327,826,2,85,0
587,361,6700,20250327,826,3,65,0
588,361,6692,20250327,826,2,115,0
589,361,7222,20250327,826,2,125,0
590,362,7408,20250320,827,1,35,8
591,362,7361,20250320,827,1,"49,9",8
592,363,7306,20250318,828,1,129,8
593,364,7401,20250318,829,1,25,8
594,364,6672,20250318,829,1,35,8
595,364,7405,20250318,829,1,45,8
596,365,6693,20250317,830,1,129,8
597,366,7303,20250307,831,1,129,8
598,367,0,20250307,832,1,120,8
599,367,7383,20250307,832,1,15,8
600,367,7421,20250307,832,1,15,8
601,368,7306,20250306,833,1,129,0
602,368,7306,20250306,833,1,129,0
603,369,7306,20250306,834,2,129,0
604,370,6683,20250306,835,1,92,8
605,371,7303,20250304,836,1,129,8
606,372,7373,20250302,837,1,64,8
607,373,7286,20250302,838,2,86,0
608,374,6704,20250302,839,1,90,0
609,374,6698,20250302,839,4,"16,5",0
610,375,7408,20250302,840,1,35,8
611,375,7404,20250302,840,1,45,8
612,375,7406,20250302,840,1,50,8
613,376,7286,20250301,841,1,129,8
614,377,7286,20250301,842,2,129,0
615,378,7286,20250301,843,1,129,8
616,379,7406,20250226,844,1,50,8
617,379,7408,20250226,844,1,35,8
618,380,7401,20250226,845,1,25,8
619,381,6683,20250224,846,1,92,8
620,382,7401,20250223,847,1,25,8
621,383,6662,20250221,848,1,92,8
622,0,6586,20250219,849,1,48,8
623,0,6538,20250219,849,1,65,8
624,384,6684,20250219,850,1,20,8
625,385,7218,20250218,851,1,34,8
626,385,7217,20250218,851,1,40,8
627,385,7219,20250218,851,1,34,8
628,386,6662,20250215,852,1,92,8
629,387,7402,20250215,853,1,50,8
630,387,6706,20250215,853,1,50,8
631,388,7401,20250214,854,1,25,8
632,389,7401,20250214,855,1,25,8
633,390,7405,20250214,856,1,45,8
634,390,7383,20250214,856,1,15,8
635,390,7421,20250214,856,1,15,8
636,390,6689,20250214,856,1,20,8
637,391,6650,20250213,857,1,25,8
638,392,7402,20250213,858,1,50,8
639,393,6650,20250213,859,1,25,8
640,394,7402,20250213,860,1,50,8
641,395,7402,20250213,861,1,50,8
642,396,7425,20250213,862,1,25,8
643,396,6650,20250213,862,1,25,8
644,397,7401,20250213,863,2,25,8
645,398,7425,20250213,864,1,25,8
646,399,7425,20250213,865,1,25,8
647,400,7401,20250213,866,1,25,8
648,401,7401,20250213,867,1,25,8
649,402,7402,20250213,868,1,50,8
650,403,7401,20250213,869,1,25,8
651,404,7401,20250213,870,1,25,8
652,405,7402,20250213,871,1,50,8
653,406,7425,20250213,872,2,25,8
654,407,6699,20250213,873,1,85,8
655,407,6647,20250213,873,1,30,8
656,408,7425,20250213,874,1,25,8
657,409,7402,20250213,875,1,50,8
658,410,6704,20250213,876,1,90,8
659,410,6698,20250213,876,1,"16,5",8
660,411,7401,20250213,877,1,25,8
661,412,7401,20250213,878,1,25,8
662,413,6650,20250213,879,1,25,8
663,414,0,20250213,880,1,60,8
664,415,7401,20250213,881,1,25,8
665,224,7401,20250212,882,1,25,8
666,224,7425,20250212,882,1,25,8
667,416,7401,20250212,883,1,25,8
668,417,7401,20250212,884,2,20,8
669,417,7425,20250212,884,2,20,8
670,417,6650,20250212,884,2,20,8
671,418,7402,20250212,885,1,50,8
672,419,7402,20250212,886,1,50,0
673,419,6706,20250212,886,1,50,0
674,420,7405,20250212,887,1,45,8
675,420,7401,20250212,887,1,25,8
676,420,6615,20250212,887,1,25,8
677,421,7402,20250212,888,1,50,8
678,422,7401,20250211,889,1,25,8
679,423,7402,20250211,890,2,50,8
680,424,7407,20250210,891,1,90,8
681,425,6691,20250210,892,1,92,8
682,425,7374,20250210,892,1,17,8
683,426,7220,20250208,893,1,45,8
684,426,7219,20250208,893,1,34,8
685,426,6601,20250208,893,1,20,8
686,427,7406,20250206,894,1,50,8
687,427,7404,20250206,894,1,45,8
688,428,7361,20250206,895,1,70,8
689,428,7403,20250206,895,1,35,8
690,384,6689,20250205,896,1,20,8
691,384,6684,20250205,896,1,20,8
692,384,7374,20250205,896,1,17,8
693,384,6678,20250205,896,1,15,8
694,429,7378,20250204,897,1,30,8
695,430,6684,20250203,898,1,20,8
696,430,7218,20250203,898,1,34,8
697,430,7404,20250203,898,1,45,8
698,431,7404,20250129,899,1,45,7
699,431,7405,20250129,899,1,45,7
700,432,7361,20250129,900,1,70,7
701,432,6684,20250129,900,1,20,7
702,433,7218,20250128,901,1,34,7
703,433,7220,20250128,901,1,45,7
704,434,6684,20250125,902,1,20,7
705,434,6689,20250125,902,2,20,7
706,434,7220,20250125,902,1,45,7
707,435,7407,20250124,903,1,90,7
708,362,7406,20250124,904,2,50,7
709,436,7407,20250120,905,1,90,7
710,437,7403,20250120,906,1,35,7
711,437,6678,20250120,906,1,15,7
712,437,6689,20250120,906,1,20,7
713,437,6711,20250120,906,2,15,7
714,438,6616,20250118,907,1,46,7
715,439,7378,20250114,908,1,30,7
716,440,7378,20250114,909,1,30,7
717,441,6586,20250111,910,1,48,7
718,442,0,20250106,911,1,120,7
719,443,6539,20250103,912,1,58,7
720,444,7378,20241227,913,1,30,7
721,445,7378,20241225,914,1,30,7
722,446,0,20241224,915,3,20,7
723,447,6539,20241224,916,1,58,7
724,447,6616,20241224,916,1,46,7
725,448,7378,20241223,917,1,30,7
726,449,6713,20241210,918,1,28,7
727,450,6644,20241125,919,1,70,7
728,451,7378,20241123,920,1,30,7
729,452,0,20241107,921,3,15,7
730,453,6644,20241107,922,1,70,7
731,454,0,20241002,923,2,40,7
732,454,0,20241002,923,1,30,7
733,455,6586,20240926,924,1,48,7
734,456,0,20240906,925,1,180,7
735,457,0,20240827,926,1,55,7
736,458,7378,20240827,927,1,30,7
737,459,6538,20240817,928,1,65,7
738,460,6539,20240805,929,1,58,7
739,461,7378,20240730,930,1,30,7
740,461,6604,20240730,930,1,45,7
741,462,7378,20240721,931,1,30,7
742,462,6604,20240721,931,1,45,7
743,463,0,20240704,932,1,14,7
744,464,6616,20240630,933,1,46,7
745,464,6538,20240630,933,1,65,7
746,464,7378,20240630,933,1,30,7
747,464,6713,20240630,933,1,28,7
748,465,7378,20240611,934,1,30,7
749,466,7378,20240610,935,1,30,7
750,467,0,20240527,936,1,15,7
751,467,0,20240527,936,1,15,7
752,467,0,20240527,936,1,15,7
753,468,7378,20240507,937,1,30,7
754,469,7378,20240328,938,1,30,7
755,470,0,20240324,939,1,17,7
756,470,0,20240324,939,1,12,7
757,471,0,20240318,940,1,30,7
758,472,0,20240313,941,2,17,7
759,48,0,20240220,558,1,6,7
760,48,0,20240220,558,1,6,7
761,49,6575,20260102,0,2,50,8
762,50,6576,20251230,0,1,90,8
763,51,6728,20251229,0,"1
1
1","65
58
30",0
764,52,7370,20251229,0,1,90,8
765,53,7370,20251229,0,1,90,8
766,54,6575,20251229,0,2,50,8
767,55,6729,20251229,0,"1
1
1
1","30
25
25
25",8
768,56,6730,20251228,0,"1
1","50
25",8
769,57,6539,20251228,0,1,58,8
770,58,6585,20251228,0,1,184,0
771,59,6731,20251227,0,"1
1","50
48",8
772,60,6538,20251227,559,1,65,8
773,61,7378,20251227,560,1,30,8
774,62,6732,20251227,0,"1
1","90
34",8
775,63,7370,20251226,0,1,90,8
776,64,6589,20251226,0,5,20,8
777,65,7425,20251226,0,4,30,8
778,66,6733,20251226,0,"1
1","50
49.9",8
779,67,7370,20251225,0,1,90,8
780,67,7370,20251225,0,1,90,8
781,69,7370,20251225,0,1,90,8
782,70,6592,20251225,0,1,90,8
783,71,6734,20251224,0,"1
1
1","20
30
25",8
784,72,6595,20251224,0,1,90,8
785,73,6595,20251224,0,1,90,8
786,74,6595,20251224,0,1,90,8
787,75,6595,20251224,0,1,90,8
788,76,6735,20251224,0,"1
1","80
25",8
789,77,6736,20251224,562,"1
1","100
50",0
790,78,6737,20251224,0,"1
1
1
1","25
25
30
20",8
791,79,6580,20251224,0,4,25,8
792,80,6738,20251224,0,"1
1
1","20
49.9
20",8
793,81,6539,20251224,0,1,58,8
794,82,6739,20251224,0,"1
1
1","20
20
49.9",8
795,83,6603,20251224,0,1,150,0
796,84,6740,20251223,0,"1
1
1","45
48
30",8
797,85,6741,20251222,0,"1
1","30
49.9",8
798,85,6741,20251222,0,"1
1","30
49.9",8
799,86,6595,20251222,0,1,90,8
800,87,6595,20251219,0,1,90,8
801,88,7370,20251218,0,1,90,8
802,89,6742,20251217,0,"1
1","48
45",8
803,90,6590,20251217,563,2,"49,9",8
804,91,6743,20251217,0,"1
1","50
56",8
805,92,6607,20251215,0,1,90,8
806,93,6595,20251214,0,1,90,8
807,94,6744,20251214,0,"2
1","30
30",8
808,95,6745,20251213,0,"1
1
1
1","25
25
25
25",8
809,96,6746,20251212,0,"1
1","80
25",8
810,97,6747,20251212,0,"1
1
1","49.9
20
20",8
811,98,6634,20251212,0,1,119,8
812,99,6748,20251211,0,"1
1
1","49.9
34
25",8
813,100,6749,20251211,0,"1
1","65
25",8
814,101,6634,20251211,0,1,119,8
815,102,6590,20251211,0,2,"49,9",8
816,103,6750,20251211,0,"1
1
1","25
25
49.9",8
817,104,6733,20251211,0,"1
1","50
49.9",8
818,105,6662,20251210,0,1,80,8
819,106,6595,20251210,0,1,90,8
820,107,6595,20251210,564,1,90,8
821,108,7370,20251209,0,1,90,8
822,109,7370,20251209,0,1,90,8
823,110,6751,20251208,565,"2
1","30
25",8
824,111,6752,20251205,566,"1
1","90
25",8
825,112,6611,20251205,567,1,119,8
826,113,7370,20251204,568,1,90,8
827,114,6634,20251204,569,1,119,8
828,115,6595,20251203,570,1,90,8
829,116,6753,20251202,571,"1
1
1","50
20
30",8
830,117,6754,20251201,572,"1
1","50
49.9",8
831,118,7316,20251201,573,1,25,8
832,119,6634,20251201,574,1,119,8
833,120,6576,20251127,575,1,90,8
834,121,6755,20251125,576,"1
2","50
25",8
835,122,6756,20251125,577,"1
1
1","20
35
30",8
836,123,6757,20251123,578,"1
1
1","30
30
30",8
837,124,6758,20251121,579,"1
1","34
90",8
838,125,6662,20251120,580,1,80,8
839,126,6759,20251120,581,"1
1
1","25
25
34",8
840,127,6760,20251117,582,"1
1
1
1","20
25
25
34",8
841,128,6575,20251117,583,2,50,8
842,129,6761,20251114,584,"1
1
1","49.9
25
25",8
843,130,6762,20251114,585,"1
1
1","30
25
45",8
844,131,6763,20251114,586,"1
1","46
50",8
845,132,6764,20251112,587,"1
1
1","25
30
25",8
846,133,6765,20251111,588,"1
1
2","30
25
30",8
847,134,6608,20251110,589,5,20,8
848,135,6766,20251108,590,"1
1","56
50",8
849,136,6767,20251106,591,"1
1","49.9
50",8
850,137,6768,20251106,592,"1
1
1","50
25
30",8
851,138,6769,20251104,593,"1
1","49.9
49.9",8
852,139,7370,20251104,594,1,90,8
853,140,6539,20251102,595,1,58,8
854,141,6770,20251031,596,"1
1","80
25",8
855,142,6595,20251031,597,1,90,8
856,143,6771,20251031,598,"1
1
1
1
1","20
20
20
25
25",8
857,144,6621,20251030,599,1,90,8
858,145,6634,20251030,600,1,119,8
859,146,6662,20251029,601,1,80,8
860,147,6772,20251028,602,"1
1
1
1","20
20
25
34",8
861,148,6611,20251028,603,1,119,8
862,149,6575,20251025,604,2,50,8
863,150,6773,20251023,605,"1
1
1
1","25
25
30
30",8
864,151,6580,20251022,606,1,25,8
865,152,6774,20251022,607,"1
1","60
50",8
866,153,6775,20251020,608,"1
2
1","25
25
25",8
867,154,6776,20251020,609,"1
1","49.9
50",8
868,155,6777,20251020,610,"2
2","20
25",8
869,156,6595,20251020,611,1,90,8
870,157,6778,20251020,612,"1
1
1
1","30
25
30
20",8
871,158,7370,20251020,613,1,90,8
872,159,6779,20251018,614,"2
1","25
45",8
873,160,6780,20251016,615,"2
1
1","25
30
25",8
874,161,6608,20251014,616,4,20,8
875,162,6781,20251013,617,"2
1","30
50",8
876,164,6782,20251013,619,"1
1
1
1","25
25
25
25",8
877,162,6625,20251013,620,1,120,8
878,165,6783,20251012,621,"1
1
1","30
49.9
25",8
879,166,6784,20251009,622,"1
1","90
20",8
880,167,7370,20251007,623,1,90,8
881,168,6586,20251003,624,1,48,8
882,169,6785,20251003,625,"1
1","20
80",8
883,170,6786,20250930,626,"1
1
1
1
1","20
20
20
20
20",8
884,171,6595,20250930,627,1,90,8
885,172,6787,20250930,628,"1
1","50
30",8
886,173,6788,20250928,629,"1
1
1","25
25
49.9",8
887,174,6789,20250927,630,"1
1
1","30
25
30",8
888,175,6594,20250925,631,1,30,8
889,176,6790,20250924,632,"2
1","30
30",8
890,177,6791,20250924,633,"1
1","46
50",8
891,178,7370,20250924,634,1,90,8
892,179,0,20250923,635,"1
2
2","31
31
36",0
893,180,6634,20250923,636,1,119,8
894,181,6595,20250922,637,1,90,8
895,182,6634,20250919,638,1,119,8
896,183,6793,20250917,639,"1
1
1","34
30
30",8
897,184,6538,20250913,640,1,65,8
898,185,6595,20250910,641,1,90,8
899,186,6620,20250909,642,1,20,8
900,187,6575,20250907,643,2,50,8
901,188,6794,20250905,644,"2
1","20
25",8
902,189,6795,20250904,645,"1
1","30
58",8
903,190,6758,20250903,646,"1
1","34
90",8
904,191,6796,20250903,647,"1
1","46
48",8
905,192,6625,20250901,648,1,120,8
906,193,6797,20250901,649,"1
1
1","25
25
50",8
907,194,6798,20250901,650,"1
1
1
1","30
25
25
20",8
908,195,7427,20250831,651,1,84,8
909,196,6626,20250831,652,2,20,8
910,197,7306,20250831,653,1,100,8
911,198,6634,20250830,654,1,119,8
912,199,6799,20250829,655,"1
1
2","30
35
25",8
913,200,6634,20250829,656,1,119,8
914,201,6634,20250829,657,1,119,8
915,202,6800,20250826,658,"1
1
1","34
30
30",8
916,203,6635,20250826,659,1,109,8
917,204,6586,20250826,660,2,48,8
918,205,7306,20250825,661,1,100,8
919,206,6801,20250825,662,"2
1","25
35",8
920,207,6802,20250824,663,"1
1","80
20",8
921,208,6803,20250823,664,"1
1","45
90",8
922,209,7373,20250822,665,1,90,8
923,210,7256,20250821,666,1,85,8
924,211,7306,20250821,667,1,100,8
925,212,7306,20250821,668,1,100,8
926,187,6575,20250820,669,2,50,8
927,213,6804,20250820,670,"1
1","50
50",8
928,214,6805,20250820,671,"1
1","49.9
50",8
929,215,7370,20250820,672,1,90,8
930,216,7306,20250820,673,1,100,8
931,217,7306,20250820,674,1,100,8
932,218,6806,20250820,675,"1
2","45
30",8
933,219,6807,20250819,676,"1
1
1","90
50
15",0
934,220,6808,20250819,677,"1
3","25
25",8
935,221,6809,20250818,678,"1
1","50
55",8
936,222,6810,20250818,679,"1
1
1","34
30
40",8
937,223,6811,20250818,680,"1
1","25
49.9",8
938,224,6812,20250818,681,"1
1","25
70",8
939,225,6644,20250816,682,2,"49,9",8
940,226,6813,20250813,683,"1
1","45
50",8
941,227,6814,20250813,684,"1
1
1","45
35
20",8
942,228,6815,20250812,685,"2
1","40
30",8
943,192,6659,20250811,686,1,219,0
944,229,7306,20250811,0,1,100,8
945,230,6816,20250811,687,"1
1","30
45",8
946,231,7425,20250810,688,1,25,8
947,232,6660,20250809,689,1,150,0
948,233,6661,20250809,690,1,92,8
949,234,6644,20250807,691,1,"49,9",8
950,235,6662,20250806,692,1,92,8
951,236,6817,20250806,693,"1
1
1","50
34
15",8
952,237,6818,20250806,694,"1
1
1","50
18
18",8
953,238,6819,20250805,695,"1
1","45
49.9",8
954,239,6820,20250805,696,"1
1
2","20
35
20",8
955,240,6821,20250805,697,"1
1","70
20",8
956,241,6822,20250804,698,"1
1
1","34
15
50",8
957,242,7370,20250804,699,1,90,8
958,243,7373,20250804,700,1,90,8
959,244,7427,20250804,701,1,84,8
960,245,6823,20250804,702,"1
1","48
30",8
961,246,6824,20250804,703,"1
1","100
34",8
962,247,6825,20250803,704,"1
1","45
49.9",8
963,248,6826,20250802,705,"1
1","90
25",8
964,249,7306,20250801,706,1,100,8
965,250,6827,20250728,707,"1
1","46
45",8
966,251,6828,20250721,708,"1
1","58
45",8
967,252,6829,20250721,709,"1
1","50
50",8
968,253,6824,20250718,710,"1
1","100
34",8
969,254,7286,20250718,711,1,86,8
970,255,6830,20250717,712,"1
1","48
45",8
971,256,7427,20250715,713,1,84,8
972,257,7372,20250715,714,1,90,8
973,258,6538,20250715,715,1,65,8
974,61,7378,20250714,716,1,30,8
975,259,6575,20250714,717,2,50,8
976,260,7286,20250712,718,1,86,8
977,261,6831,20250710,719,"1
1
1","25
35
35",8
978,262,7378,20250708,720,1,30,8
979,263,6832,20250708,721,"1
1","50
45",8
980,264,7378,20250708,722,1,30,8
981,265,6833,20250707,723,"1
1","80
34",8
982,266,6834,20250704,724,"1
1
1
1
1
1","18
15
15
20
20
20",8
983,267,7407,20250704,725,1,90,8
984,268,6835,20250702,726,"1
1
1","49.9
34
15",8
985,269,6836,20250701,727,"1
1","45
50",8
986,270,6679,20250701,728,1,120,8
987,271,6837,20250701,729,"1
1","50
45",8
988,272,6838,20250630,730,"2
1","25
45",8
989,273,6839,20250625,731,"2
2","25
25",8
990,274,6605,20250625,732,1,50,8
991,275,6840,20250624,733,"1
1
1
1","15
15
20
49.9",8
992,276,6841,20250620,734,"3
1","25
25",8
993,277,6842,20250620,735,"1
2
1","35
25
25",8
994,278,6843,20250619,736,"1
2
1","35
25
15",8
995,98,6844,20250618,737,"1
1","90
15",8
996,279,6650,20250616,738,4,25,8
997,280,6605,20250613,739,1,50,8
998,281,6607,20250612,740,1,90,8
999,231,6845,20250612,741,"1
1","35
25",8
1000,282,7306,20250612,742,1,86,8
1001,283,6846,20250612,743,"1
1
1
1","25
30
15
25",8
1002,284,7218,20250612,744,3,34,8
1003,285,6847,20250612,745,"1
1
1
1","25
25
35
15",8
1004,286,6848,20250612,746,"1
1
1","34
25
45",8
1005,287,7286,20250611,747,1,86,8
1006,288,6607,20250611,748,1,90,8
1007,289,7378,20250611,749,1,30,8
1008,290,6849,20250609,750,"1
1","50
50",8
1009,291,7401,20250607,751,4,25,8
1010,292,7306,20250605,752,1,129,8
1011,293,7407,20250605,753,1,90,8
1012,294,6683,20250603,754,1,92,8
1013,295,7378,20250602,755,1,30,8
1014,296,6644,20250530,756,1,"49,9",8
1015,297,6850,20250530,757,"1
1
1","50
90
20",0
1016,298,6662,20250530,758,1,92,8
1017,299,6644,20250529,759,1,"49,9",8
1018,300,6851,20250528,760,"1
1","25
35",8
1019,301,6852,20250526,761,"1
1","90
25",8
1020,302,6853,20250526,762,"1
1","65
35",8
1021,303,7372,20250525,763,1,90,8
1022,304,7401,20250523,764,1,25,8
1023,305,7401,20250523,765,1,25,8
1024,306,6625,20250522,766,1,120,8
1025,307,7314,20250521,767,1,145,0
1026,308,6854,20250521,768,"1
1
1","45
25
25",8
1027,309,6686,20250519,769,1,120,8
1028,307,6687,20250519,770,1,399,0
1029,310,6855,20250519,771,"1
1
1
3","50
50
50
25",0
1030,175,7401,20250519,772,2,25,8
1031,311,6856,20250518,773,"1
1
1
1
1","25
15
15
20
15",8
1032,312,6607,20250518,774,1,90,8
1033,313,6857,20250517,775,"1
1
1","45
25
25",8
1034,314,6605,20250516,776,1,50,8
1035,315,6575,20250516,777,1,50,8
1036,316,6858,20250515,778,"2
1
1
2","45
20
15
15",0
1037,185,6598,20250514,779,1,0,8
1038,317,7306,20250514,780,1,29,8
1039,318,7373,20250513,781,1,90,8
1040,319,6859,20250512,782,"1
1","49.9
25",8
1041,299,7401,20250512,783,1,25,8
1042,320,6604,20250510,784,1,45,8
1043,321,6860,20250509,785,"1
1","45
50",8
1044,322,6605,20250509,786,2,50,8
1045,323,6605,20250509,787,1,50,8
1046,324,6683,20250508,788,1,92,8
1047,325,6861,20250506,789,"1
1
1","50
35
25",8
1048,326,6852,20250506,790,"1
1","90
25",8
1049,327,6862,20250505,791,"1
1
1","34
50
25",8
1050,328,6863,20250505,792,"1
1
1","45
25
45",8
1051,329,6864,20250503,793,"2
1","25
49.9",8
1052,330,6865,20250430,794,"1
1","115
35",0
1053,331,6866,20250426,795,"1
2","50
25",8
1054,332,6867,20250424,796,"1
1","45
45",8
1055,333,7370,20250424,797,1,90,8
1056,334,6868,20250424,798,"1
1","25
35",8
1057,335,6869,20250423,799,"1
1
1","25
45
15",8
1058,336,6691,20250423,800,1,92,8
1059,337,7401,20250422,801,4,25,8
1060,338,6870,20250422,802,"1
1","45
115",0
1061,339,6871,20250421,803,"2
1","25
45",8
1062,340,7286,20250417,804,1,86,8
1063,341,6872,20250417,805,"1
1","30
65",8
1064,342,6873,20250416,806,"1
1","25
129",0
1065,343,6874,20250416,807,"1
1
1","48
25
18",8
1066,344,6538,20250415,808,1,65,8
1067,345,6875,20250412,809,"1
1","75
15",0
1068,346,6876,20250411,810,"2
1","25
50",8
1069,347,6695,20250411,811,1,86,8
1070,348,6876,20250409,812,"2
1","25
50",8
1071,349,6877,20250409,813,"1
1
2
1","65
58
48
48",0
1072,350,6829,20250409,814,"1
1","50
50",8
1073,351,6878,20250408,815,"1
2","20
30",8
1074,352,6605,20250403,816,1,50,8
1075,353,7303,20250402,817,1,129,8
1076,354,6879,20250402,818,"1
1","45
50",8
1077,355,6605,20250331,819,1,50,8
1078,0,6880,20250331,820,"1
1
1
1","50
25
15
20",8
1079,356,6605,20250331,821,1,50,8
1080,357,6881,20250330,822,"1
1
1","50
129
129",0
1081,358,6876,20250330,823,"2
1","25
50",8
1082,359,6605,20250330,824,1,50,8
1083,360,6882,20250327,825,"1
1","86
15",8
1084,361,6883,20250327,826,"12
3
12
2
3
2
2","16.5
34
30
85
65
115
125",0
1085,362,6884,20250320,827,"1
1","35
49.9",8
1086,363,7306,20250318,828,1,129,8
1087,364,6885,20250318,829,"1
1
1","25
35
45",8
1088,365,6693,20250317,830,1,129,8
1089,366,7303,20250307,831,1,129,8
1090,367,6886,20250307,832,"1
1
1","120
15
15",8
1091,368,6887,20250306,833,"1
1","129
129",0
1092,369,7306,20250306,834,2,129,0
1093,370,6683,20250306,835,1,92,8
1094,371,7303,20250304,836,1,129,8
1095,372,7373,20250302,837,1,64,8
1096,373,7286,20250302,838,2,86,0
1097,374,6888,20250302,839,"1
4","90
16.5",0
1098,375,6889,20250302,840,"1
1
1","35
45
50",8
1099,376,7286,20250301,841,1,129,8
1100,377,7286,20250301,842,2,129,0
1101,378,7286,20250301,843,1,129,8
1102,379,6890,20250226,844,"1
1","50
35",8
1103,380,7401,20250226,845,1,25,8
1104,381,6683,20250224,846,1,92,8
1105,382,7401,20250223,847,1,25,8
1106,383,6662,20250221,848,1,92,8
1107,0,6891,20250219,849,"1
1","48
65",8
1108,384,6684,20250219,850,1,20,8
1109,385,6892,20250218,851,"1
1
1","34
40
34",8
1110,386,6662,20250215,852,1,92,8
1111,387,6893,20250215,853,"1
1","50
50",8
1112,388,7401,20250214,854,1,25,8
1113,389,7401,20250214,855,1,25,8
1114,390,6894,20250214,856,"1
1
1
1","45
15
15
20",8
1115,391,6650,20250213,857,1,25,8
1116,392,7402,20250213,858,1,50,8
1117,393,6650,20250213,859,1,25,8
1118,394,7402,20250213,860,1,50,8
1119,395,7402,20250213,861,1,50,8
1120,396,6895,20250213,862,"1
1","25
25",8
1121,397,7401,20250213,863,2,25,8
1122,398,7425,20250213,864,1,25,8
1123,399,7425,20250213,865,1,25,8
1124,400,7401,20250213,866,1,25,8
1125,401,7401,20250213,867,1,25,8
1126,402,7402,20250213,868,1,50,8
1127,403,7401,20250213,869,1,25,8
1128,404,7401,20250213,870,1,25,8
1129,405,7402,20250213,871,1,50,8
1130,406,7425,20250213,872,2,25,8
1131,407,6896,20250213,873,"1
1","85
30",8
1132,408,7425,20250213,874,1,25,8
1133,409,7402,20250213,875,1,50,8
1134,410,6888,20250213,876,"1
1","90
16.5",8
1135,411,7401,20250213,877,1,25,8
1136,412,7401,20250213,878,1,25,8
1137,413,6650,20250213,879,1,25,8
1138,414,0,20250213,880,1,60,8
1139,415,7401,20250213,881,1,25,8
1140,224,6839,20250212,882,"1
1","25
25",8
1141,416,7401,20250212,883,1,25,8
1142,417,6897,20250212,884,"2
2
2","20
20
20",8
1143,418,7402,20250212,885,1,50,8
1144,419,6893,20250212,886,"1
1","50
50",0
1145,420,6898,20250212,887,"1
1
1","45
25
25",8
1146,421,7402,20250212,888,1,50,8
1147,422,7401,20250211,889,1,25,8
1148,423,7402,20250211,890,2,50,8
1149,424,7407,20250210,891,1,90,8
1150,425,6899,20250210,892,"1
1","92
17",8
1151,426,6900,20250208,893,"1
1
1","45
34
20",8
1152,427,6837,20250206,894,"1
1","50
45",8
1153,428,6901,20250206,895,"1
1","70
35",8
1154,384,6902,20250205,896,"1
1
1
1","20
20
17
15",8
1155,429,7378,20250204,897,1,30,8
1156,430,6903,20250203,898,"1
1
1","20
34
45",8
1157,431,6904,20250129,899,"1
1","45
45",7
1158,432,6905,20250129,900,"1
1","70
20",7
1159,433,6906,20250128,901,"1
1","34
45",7
1160,434,6907,20250125,902,"1
2
1","20
20
45",7
1161,435,7407,20250124,903,1,90,7
1162,362,7406,20250124,904,2,50,7
1163,436,7407,20250120,905,1,90,7
1164,437,6908,20250120,906,"1
1
1
2","35
15
20
15",7
1165,438,6616,20250118,907,1,46,7
1166,439,7378,20250114,908,1,30,7
1167,440,7378,20250114,909,1,30,7
1168,441,6586,20250111,910,1,48,7
1169,442,0,20250106,911,1,120,7
1170,443,6539,20250103,912,1,58,7
1171,444,7378,20241227,913,1,30,7
1172,445,7378,20241225,914,1,30,7
1173,446,0,20241224,915,3,20,7
1174,447,6909,20241224,916,"1
1","58
46",7
1175,448,7378,20241223,917,1,30,7
1176,449,6713,20241210,918,1,28,7
1177,450,6644,20241125,919,1,70,7
1178,451,7378,20241123,920,1,30,7
1179,452,0,20241107,921,3,15,7
1180,453,6644,20241107,922,1,70,7
1181,454,0,20241002,923,"2
1","40
30",7
1182,455,6586,20240926,924,1,48,7
1183,456,0,20240906,925,1,180,7
1184,457,0,20240827,926,1,55,7
1185,458,7378,20240827,927,1,30,7
1186,459,6538,20240817,928,1,65,7
1187,460,6539,20240805,929,1,58,7
1188,461,6816,20240730,930,"1
1","30
45",7
1189,462,6816,20240721,931,"1
1","30
45",7
1190,463,0,20240704,932,1,14,7
1191,464,6911,20240630,933,"1
1
1
1","46
65
30
28",7
1192,465,7378,20240611,934,1,30,7
1193,466,7378,20240610,935,1,30,7
1194,467,0,20240527,936,"1
1
1","15
15
15",7
1195,468,7378,20240507,937,1,30,7
1196,469,7378,20240328,938,1,30,7
1197,470,0,20240324,939,"1
1","17
12",7
1198,471,0,20240318,940,1,30,7
1199,472,0,20240313,941,2,17,7
1200,48,0,20240220,558,"1
1
1","6
6
6",7
1201,163,7378,20231230,618,1,30,0
1202,68,0,20231206,561,1,19,0
1203,48,0,20240220,558,1,6,7
1204,49,6575,20260102,0,2,50,8
1205,50,6576,20251230,0,1,90,8
1206,51,6538,20251229,0,1,65,0
1207,51,6539,20251229,0,1,58,0
1208,51,7425,20251229,0,1,30,0
1209,52,7370,20251229,0,1,90,8
1210,53,7370,20251229,0,1,90,8
1211,54,6575,20251229,0,2,50,8
1212,55,6579,20251229,0,1,30,8
1213,55,6580,20251229,0,1,25,8
1214,55,6581,20251229,0,1,25,8
1215,55,6582,20251229,0,1,25,8
1216,56,6583,20251228,0,1,50,8
1217,56,6584,20251228,0,1,25,8
1218,57,6539,20251228,0,1,58,8
1219,58,6585,20251228,0,1,184,0
1220,59,6575,20251227,0,1,50,8
1221,59,6586,20251227,0,1,48,8
1222,60,6538,20251227,559,1,65,8
1223,61,7378,20251227,560,1,30,8
1224,62,7370,20251227,0,1,90,8
1225,62,7371,20251227,0,1,34,8
1226,63,7370,20251226,0,1,90,8
1227,64,6589,20251226,0,5,20,8
1228,65,7425,20251226,0,4,30,8
1229,66,6575,20251226,0,1,50,8
1230,66,6590,20251226,0,1,"49,9",8
1231,67,7370,20251225,0,1,90,8
1232,68,0,20231206,561,1,19,0
1233,67,7370,20251225,0,1,90,8
1234,69,7370,20251225,0,1,90,8
1235,70,6592,20251225,0,1,90,8
1236,71,6593,20251224,0,1,20,8
1237,71,6594,20251224,0,1,30,8
1238,71,6580,20251224,0,1,25,8
1239,72,6595,20251224,0,1,90,8
1240,73,6595,20251224,0,1,90,8
1241,74,6595,20251224,0,1,90,8
1242,75,6595,20251224,0,1,90,8
1243,76,7393,20251224,0,1,80,8
1244,76,6597,20251224,0,1,25,8
1245,77,6598,20251224,562,1,100,0
1246,77,6583,20251224,562,1,50,0
1247,78,6581,20251224,0,1,25,8
1248,78,6582,20251224,0,1,25,8
1249,78,6599,20251224,0,1,30,8
1250,78,7422,20251224,0,1,20,8
1251,79,6580,20251224,0,4,25,8
1252,80,6589,20251224,0,1,20,8
1253,80,6590,20251224,0,1,"49,9",8
1254,80,6601,20251224,0,1,20,8
1255,81,6539,20251224,0,1,58,8
1256,82,6601,20251224,0,1,20,8
1257,82,6602,20251224,0,1,20,8
1258,82,6590,20251224,0,1,"49,9",8
1259,83,6603,20251224,0,1,150,0
1260,84,6604,20251223,0,1,45,8
1261,84,6586,20251223,0,1,48,8
1262,84,7378,20251223,0,1,30,8
1263,85,7425,20251222,0,1,30,8
1264,85,6590,20251222,0,1,"49,9",8
1265,85,7425,20251222,0,1,30,8
1266,85,6590,20251222,0,1,"49,9",8
1267,86,6595,20251222,0,1,90,8
1268,87,6595,20251219,0,1,90,8
1269,88,7370,20251218,0,1,90,8
1270,89,6586,20251217,0,1,48,8
1271,89,6604,20251217,0,1,45,8
1272,90,6590,20251217,563,2,"49,9",8
1273,91,6605,20251217,0,1,50,8
1274,91,6606,20251217,0,1,56,8
1275,92,6607,20251215,0,1,90,8
1276,93,6595,20251214,0,1,90,8
1277,94,7425,20251214,0,2,30,8
1278,94,6579,20251214,0,1,30,8
1279,95,6580,20251213,0,1,25,8
1280,95,6584,20251213,0,1,25,8
1281,95,6582,20251213,0,1,25,8
1282,95,6581,20251213,0,1,25,8
1283,96,7393,20251212,0,1,80,8
1284,96,6584,20251212,0,1,25,8
1285,97,6590,20251212,0,1,"49,9",8
1286,97,6608,20251212,0,1,20,8
1287,97,6589,20251212,0,1,20,8
1288,98,6634,20251212,0,1,119,8
1289,99,6590,20251211,0,1,"49,9",8
1290,99,7371,20251211,0,1,34,8
1291,99,6584,20251211,0,1,25,8
1292,100,6538,20251211,0,1,65,8
1293,100,6584,20251211,0,1,25,8
1294,101,6634,20251211,0,1,119,8
1295,102,6590,20251211,0,2,"49,9",8
1296,103,6580,20251211,0,1,25,8
1297,103,6584,20251211,0,1,25,8
1298,103,6590,20251211,0,1,"49,9",8
1299,104,6575,20251211,0,1,50,8
1300,104,6590,20251211,0,1,"49,9",8
1301,105,6662,20251210,0,1,80,8
1302,106,6595,20251210,0,1,90,8
1303,107,6595,20251210,564,1,90,8
1304,108,7370,20251209,0,1,90,8
1305,109,7370,20251209,0,1,90,8
1306,110,7425,20251208,565,2,30,8
1307,110,6584,20251208,565,1,25,8
1308,111,6595,20251205,566,1,90,8
1309,111,6580,20251205,566,1,25,8
1310,112,6611,20251205,567,1,119,8
1311,113,7370,20251204,568,1,90,8
1312,114,6634,20251204,569,1,119,8
1313,115,6595,20251203,570,1,90,8
1314,116,6605,20251202,571,1,50,8
1315,116,6589,20251202,571,1,20,8
1316,116,6613,20251202,571,1,30,8
1317,117,6583,20251201,572,1,50,8
1318,117,6590,20251201,572,1,"49,9",8
1319,118,7316,20251201,573,1,25,8
1320,119,6634,20251201,574,1,119,8
1321,120,6576,20251127,575,1,90,8
1322,121,6583,20251125,576,1,50,8
1323,121,6580,20251125,576,2,25,8
1324,122,6601,20251125,577,1,20,8
1325,122,6615,20251125,577,1,35,8
1326,122,7378,20251125,577,1,30,8
1327,123,7425,20251123,578,1,30,8
1328,123,6594,20251123,578,1,30,8
1329,123,6599,20251123,578,1,30,8
1330,124,7371,20251121,579,1,34,8
1331,124,7370,20251121,579,1,90,8
1332,125,6662,20251120,580,1,80,8
1333,126,6580,20251120,581,1,25,8
1334,126,6584,20251120,581,1,25,8
1335,126,7371,20251120,581,1,34,8
1336,127,6601,20251117,582,1,20,8
1337,127,6582,20251117,582,1,25,8
1338,127,6580,20251117,582,1,25,8
1339,127,7371,20251117,582,1,34,8
1340,128,6575,20251117,583,2,50,8
1341,129,6590,20251114,584,1,"49,9",8
1342,129,6584,20251114,584,1,25,8
1343,129,6580,20251114,584,1,25,8
1344,130,7425,20251114,585,1,30,8
1345,130,6597,20251114,585,1,25,8
1346,130,6604,20251114,585,1,45,8
1347,131,6616,20251114,586,1,46,8
1348,131,6617,20251114,586,1,50,8
1349,132,6584,20251112,587,1,25,8
1350,132,6618,20251112,587,1,30,8
1351,132,6580,20251112,587,1,25,8
1352,133,7425,20251111,588,1,30,8
1353,133,6584,20251111,588,1,25,8
1354,133,6618,20251111,588,2,30,8
1355,134,6608,20251110,589,5,20,8
1356,135,6606,20251108,590,1,56,8
1357,135,6605,20251108,590,1,50,8
1358,136,6590,20251106,591,1,"49,9",8
1359,136,6605,20251106,591,1,50,8
1360,137,6575,20251106,592,1,50,8
1361,137,6582,20251106,592,1,25,8
1362,137,7425,20251106,592,1,30,8
1363,138,6590,20251104,593,1,"49,9",8
1364,138,7361,20251104,593,1,"49,9",8
1365,139,7370,20251104,594,1,90,8
1366,140,6539,20251102,595,1,58,8
1367,141,6662,20251031,596,1,80,8
1368,141,6584,20251031,596,1,25,8
1369,142,6595,20251031,597,1,90,8
1370,143,6620,20251031,598,1,20,8
1371,143,6589,20251031,598,1,20,8
1372,143,6601,20251031,598,1,20,8
1373,143,6584,20251031,598,1,25,8
1374,143,6580,20251031,598,1,25,8
1375,144,6621,20251030,599,1,90,8
1376,145,6634,20251030,600,1,119,8
1377,146,6662,20251029,601,1,80,8
1378,147,6601,20251028,602,1,20,8
1379,147,6602,20251028,602,1,20,8
1380,147,6584,20251028,602,1,25,8
1381,147,7371,20251028,602,1,34,8
1382,148,6611,20251028,603,1,119,8
1383,149,6575,20251025,604,2,50,8
1384,150,6580,20251023,605,1,25,8
1385,150,6584,20251023,605,1,25,8
1386,150,7425,20251023,605,1,30,8
1387,150,6618,20251023,605,1,30,8
1388,151,6580,20251022,606,1,25,8
1389,152,6622,20251022,607,1,60,8
1390,152,6575,20251022,607,1,50,8
1391,153,6584,20251020,608,1,25,8
1392,153,6580,20251020,608,2,25,8
1393,153,6581,20251020,608,1,25,8
1394,154,7361,20251020,609,1,"49,9",8
1395,154,6575,20251020,609,1,50,8
1396,155,7422,20251020,610,2,20,8
1397,155,6623,20251020,610,2,25,8
1398,156,6595,20251020,611,1,90,8
1399,157,7425,20251020,612,1,30,8
1400,157,6580,20251020,612,1,25,8
1401,157,6624,20251020,612,1,30,8
1402,157,6608,20251020,612,1,20,8
1403,158,7370,20251020,613,1,90,8
1404,159,6580,20251018,614,2,25,8
1405,159,6604,20251018,614,1,45,8
1406,160,6580,20251016,615,2,25,8
1407,160,6624,20251016,615,1,30,8
1408,160,6584,20251016,615,1,25,8
1409,161,6608,20251014,616,4,20,8
1410,162,7425,20251013,617,2,30,8
1411,162,6575,20251013,617,1,50,8
1412,163,7378,20231230,618,1,30,0
1413,164,6584,20251013,619,1,25,8
1414,164,6581,20251013,619,1,25,8
1415,164,6582,20251013,619,1,25,8
1416,164,6580,20251013,619,1,25,8
1417,162,6625,20251013,620,1,120,8
1418,165,6618,20251012,621,1,30,8
1419,165,7361,20251012,621,1,"49,9",8
1420,165,6582,20251012,621,1,25,8
1421,166,6595,20251009,622,1,90,8
1422,166,6626,20251009,622,1,20,8
1423,167,7370,20251007,623,1,90,8
1424,168,6586,20251003,624,1,48,8
1425,169,6602,20251003,625,1,20,8
1426,169,6662,20251003,625,1,80,8
1427,170,6626,20250930,626,1,20,8
1428,170,6620,20250930,626,1,20,8
1429,170,6608,20250930,626,1,20,8
1430,170,6589,20250930,626,1,20,8
1431,170,6602,20250930,626,1,20,8
1432,171,6595,20250930,627,1,90,8
1433,172,6605,20250930,628,1,50,8
1434,172,6613,20250930,628,1,30,8
1435,173,6581,20250928,629,1,25,8
1436,173,6580,20250928,629,1,25,8
1437,173,7361,20250928,629,1,"49,9",8
1438,174,7425,20250927,630,1,30,8
1439,174,6584,20250927,630,1,25,8
1440,174,6599,20250927,630,1,30,8
1441,175,6594,20250925,631,1,30,8
1442,176,7425,20250924,632,2,30,8
1443,176,6624,20250924,632,1,30,8
1444,177,6616,20250924,633,1,46,8
1445,177,6583,20250924,633,1,50,8
1446,178,7370,20250924,634,1,90,8
1447,179,0,20250923,635,1,31,0
1448,179,0,20250923,635,2,31,0
1449,179,0,20250923,635,2,36,0
1450,180,6634,20250923,636,1,119,8
1451,181,6595,20250922,637,1,90,8
1452,182,6634,20250919,638,1,119,8
1453,183,7371,20250917,639,1,34,8
1454,183,7378,20250917,639,1,30,8
1455,183,7425,20250917,639,1,30,8
1456,184,6538,20250913,640,1,65,8
1457,185,6595,20250910,641,1,90,8
1458,186,6620,20250909,642,1,20,8
1459,187,6575,20250907,643,2,50,8
1460,188,6601,20250905,644,2,20,8
1461,188,7316,20250905,644,1,25,8
1462,189,7378,20250904,645,1,30,8
1463,189,6539,20250904,645,1,58,8
1464,190,7371,20250903,646,1,34,8
1465,190,7370,20250903,646,1,90,8
1466,191,6616,20250903,647,1,46,8
1467,191,6540,20250903,647,1,48,8
1468,192,6625,20250901,648,1,120,8
1469,193,6582,20250901,649,1,25,8
1470,193,6581,20250901,649,1,25,8
1471,193,7402,20250901,649,1,50,8
1472,194,7425,20250901,650,1,30,8
1473,194,6580,20250901,650,1,25,8
1474,194,6584,20250901,650,1,25,8
1475,194,7421,20250901,650,1,20,8
1476,195,7427,20250831,651,1,84,8
1477,196,6626,20250831,652,2,20,8
1478,197,7306,20250831,653,1,100,8
1479,198,6634,20250830,654,1,119,8
1480,199,7425,20250829,655,1,30,8
1481,199,6615,20250829,655,1,35,8
1482,199,6580,20250829,655,2,25,8
1483,200,6634,20250829,656,1,119,8
1484,201,6634,20250829,657,1,119,8
1485,202,7371,20250826,658,1,34,8
1486,202,6594,20250826,658,1,30,8
1487,202,6618,20250826,658,1,30,8
1488,203,6635,20250826,659,1,109,8
1489,204,6586,20250826,660,2,48,8
1490,205,7306,20250825,661,1,100,8
1491,206,6615,20250825,662,2,25,8
1492,206,7408,20250825,662,1,35,8
1493,207,6576,20250824,663,1,80,8
1494,207,6601,20250824,663,1,20,8
1495,208,7405,20250823,664,1,45,8
1496,208,7407,20250823,664,1,90,8
1497,209,7373,20250822,665,1,90,8
1498,210,7256,20250821,666,1,85,8
1499,211,7306,20250821,667,1,100,8
1500,212,7306,20250821,668,1,100,8
1501,187,6575,20250820,669,2,50,8
1502,213,6575,20250820,670,1,50,8
1503,213,7406,20250820,670,1,50,8
1504,214,6644,20250820,671,1,"49,9",8
1505,214,6645,20250820,671,1,50,8
1506,215,7370,20250820,672,1,90,8
1507,216,7306,20250820,673,1,100,8
1508,217,7306,20250820,674,1,100,8
1509,218,7220,20250820,675,1,45,8
1510,218,6647,20250820,675,2,30,8
1511,219,7389,20250819,676,1,90,0
1512,219,6575,20250819,676,1,50,0
1513,219,7229,20250819,676,1,15,0
1514,220,6650,20250819,677,1,25,8
1515,220,7401,20250819,677,3,25,8
1516,221,6575,20250818,678,1,50,8
1517,221,6652,20250818,678,1,55,8
1518,222,7219,20250818,679,1,34,8
1519,222,6647,20250818,679,1,30,8
1520,222,7217,20250818,679,1,40,8
1521,223,7401,20250818,680,1,25,8
1522,223,7361,20250818,680,1,"49,9",8
1523,224,7401,20250818,681,1,25,8
1524,224,7306,20250818,681,1,70,8
1525,225,6644,20250816,682,2,"49,9",8
1526,226,7404,20250813,683,1,45,8
1527,226,7402,20250813,683,1,50,8
1528,227,7404,20250813,684,1,45,8
1529,227,7403,20250813,684,1,35,8
1530,227,7419,20250813,684,1,20,8
1531,228,7217,20250812,685,2,40,8
1532,228,6647,20250812,685,1,30,8
1533,192,6659,20250811,686,1,219,0
1534,229,7306,20250811,0,1,100,8
1535,230,7378,20250811,687,1,30,8
1536,230,6604,20250811,687,1,45,8
1537,231,7425,20250810,688,1,25,8
1538,232,6660,20250809,689,1,150,0
1539,233,6661,20250809,690,1,92,8
1540,234,6644,20250807,691,1,"49,9",8
1541,235,6662,20250806,692,1,92,8
1542,236,7402,20250806,693,1,50,8
1543,236,7218,20250806,693,1,34,8
1544,236,6664,20250806,693,1,15,8
1545,237,7402,20250806,694,1,50,8
1546,237,6665,20250806,694,1,18,8
1547,237,6666,20250806,694,1,18,8
1548,238,7404,20250805,695,1,45,8
1549,238,6590,20250805,695,1,"49,9",8
1550,239,6667,20250805,696,1,20,8
1551,239,6645,20250805,696,1,35,8
1552,239,7422,20250805,696,2,20,8
1553,240,7306,20250805,697,1,70,8
1554,240,6601,20250805,697,1,20,8
1555,241,7218,20250804,698,1,34,8
1556,241,7229,20250804,698,1,15,8
1557,241,6575,20250804,698,1,50,8
1558,242,7370,20250804,699,1,90,8
1559,243,7373,20250804,700,1,90,8
1560,244,7427,20250804,701,1,84,8
1561,245,6586,20250804,702,1,48,8
1562,245,7378,20250804,702,1,30,8
1563,246,7306,20250804,703,1,100,8
1564,246,7371,20250804,703,1,34,8
1565,247,7405,20250803,704,1,45,8
1566,247,7361,20250803,704,1,"49,9",8
1567,248,7373,20250802,705,1,90,8
1568,248,7425,20250802,705,1,25,8
1569,249,7306,20250801,706,1,100,8
1570,250,6616,20250728,707,1,46,8
1571,250,6604,20250728,707,1,45,8
1572,251,6539,20250721,708,1,58,8
1573,251,6604,20250721,708,1,45,8
1574,252,7406,20250721,709,1,50,8
1575,252,7402,20250721,709,1,50,8
1576,253,7306,20250718,710,1,100,8
1577,253,7371,20250718,710,1,34,8
1578,254,7286,20250718,711,1,86,8
1579,255,6540,20250717,712,1,48,8
1580,255,6604,20250717,712,1,45,8
1581,256,7427,20250715,713,1,84,8
1582,257,7372,20250715,714,1,90,8
1583,258,6538,20250715,715,1,65,8
1584,61,7378,20250714,716,1,30,8
1585,259,6575,20250714,717,2,50,8
1586,260,7286,20250712,718,1,86,8
1587,261,7401,20250710,719,1,25,8
1588,261,6645,20250710,719,1,35,8
1589,261,6672,20250710,719,1,35,8
1590,262,7378,20250708,720,1,30,8
1591,263,7402,20250708,721,1,50,8
1592,263,7220,20250708,721,1,45,8
1593,264,7378,20250708,722,1,30,8
1594,265,7216,20250707,723,1,80,8
1595,265,7218,20250707,723,1,34,8
1596,266,6666,20250704,724,1,18,8
1597,266,6674,20250704,724,1,15,8
1598,266,6664,20250704,724,1,15,8
1599,266,6675,20250704,724,1,20,8
1600,266,6676,20250704,724,1,20,8
1601,266,6677,20250704,724,1,20,8
1602,267,7407,20250704,725,1,90,8
1603,268,7361,20250702,726,1,"49,9",8
1604,268,7219,20250702,726,1,34,8
1605,268,6678,20250702,726,1,15,8
1606,269,7405,20250701,727,1,45,8
1607,269,7406,20250701,727,1,50,8
1608,270,6679,20250701,728,1,120,8
1609,271,7406,20250701,729,1,50,8
1610,271,7404,20250701,729,1,45,8
1611,272,7401,20250630,730,2,25,8
1612,272,7405,20250630,730,1,45,8
1613,273,7401,20250625,731,2,25,8
1614,273,7425,20250625,731,2,25,8
1615,274,6605,20250625,732,1,50,8
1616,275,7421,20250624,733,1,15,8
1617,275,6680,20250624,733,1,15,8
1618,275,6681,20250624,733,1,20,8
1619,275,7361,20250624,733,1,"49,9",8
1620,276,7401,20250620,734,3,25,8
1621,276,6650,20250620,734,1,25,8
1622,277,7403,20250620,735,1,35,8
1623,277,7401,20250620,735,2,25,8
1624,277,7425,20250620,735,1,25,8
1625,278,7403,20250619,736,1,35,8
1626,278,7401,20250619,736,2,25,8
1627,278,7229,20250619,736,1,15,8
1628,98,7389,20250618,737,1,90,8
1629,98,7375,20250618,737,1,15,8
1630,279,6650,20250616,738,4,25,8
1631,280,6605,20250613,739,1,50,8
1632,281,6607,20250612,740,1,90,8
1633,231,7403,20250612,741,1,35,8
1634,231,7401,20250612,741,1,25,8
1635,282,7306,20250612,742,1,86,8
1636,283,7401,20250612,743,1,25,8
1637,283,7378,20250612,743,1,30,8
1638,283,7229,20250612,743,1,15,8
1639,283,6615,20250612,743,1,25,8
1640,284,7218,20250612,744,3,34,8
1641,285,7401,20250612,745,1,25,8
1642,285,7425,20250612,745,1,25,8
1643,285,7403,20250612,745,1,35,8
1644,285,7375,20250612,745,1,15,8
1645,286,7218,20250612,746,1,34,8
1646,286,6615,20250612,746,1,25,8
1647,286,7405,20250612,746,1,45,8
1648,287,7286,20250611,747,1,86,8
1649,288,6607,20250611,748,1,90,8
1650,289,7378,20250611,749,1,30,8
1651,290,6605,20250609,750,1,50,8
1652,290,6583,20250609,750,1,50,8
1653,291,7401,20250607,751,4,25,8
1654,292,7306,20250605,752,1,129,8
1655,293,7407,20250605,753,1,90,8
1656,294,6683,20250603,754,1,92,8
1657,295,7378,20250602,755,1,30,8
1658,296,6644,20250530,756,1,"49,9",8
1659,297,6575,20250530,757,1,50,0
1660,297,7407,20250530,757,1,90,0
1661,297,6684,20250530,757,1,20,0
1662,298,6662,20250530,758,1,92,8
1663,299,6644,20250529,759,1,"49,9",8
1664,300,7401,20250528,760,1,25,8
1665,300,6672,20250528,760,1,35,8
1666,301,7407,20250526,761,1,90,8
1667,301,7401,20250526,761,1,25,8
1668,302,6538,20250526,762,1,65,8
1669,302,7408,20250526,762,1,35,8
1670,303,7372,20250525,763,1,90,8
1671,304,7401,20250523,764,1,25,8
1672,305,7401,20250523,765,1,25,8
1673,306,6625,20250522,766,1,120,8
1674,307,7314,20250521,767,1,145,0
1675,308,7405,20250521,768,1,45,8
1676,308,6650,20250521,768,1,25,8
1677,308,7401,20250521,768,1,25,8
1678,309,6686,20250519,769,1,120,8
1679,307,6687,20250519,770,1,399,0
1680,310,6605,20250519,771,1,50,0
1681,310,6575,20250519,771,1,50,0
1682,310,6583,20250519,771,1,50,0
1683,310,7401,20250519,771,3,25,0
1684,175,7401,20250519,772,2,25,8
1685,311,7401,20250518,773,1,25,8
1686,311,7229,20250518,773,1,15,8
1687,311,7383,20250518,773,1,15,8
1688,311,6689,20250518,773,1,20,8
1689,311,7421,20250518,773,1,15,8
1690,312,6607,20250518,774,1,90,8
1691,313,7404,20250517,775,1,45,8
1692,313,7401,20250517,775,1,25,8
1693,313,7425,20250517,775,1,25,8
1694,314,6605,20250516,776,1,50,8
1695,315,6575,20250516,777,1,50,8
1696,316,7405,20250515,778,2,45,0
1697,316,6684,20250515,778,1,20,0
1698,316,7383,20250515,778,1,15,0
1699,316,7229,20250515,778,2,15,0
1700,185,6598,20250514,779,1,0,8
1701,317,7306,20250514,780,1,29,8
1702,318,7373,20250513,781,1,90,8
1703,319,7361,20250512,782,1,"49,9",8
1704,319,7401,20250512,782,1,25,8
1705,299,7401,20250512,783,1,25,8
1706,320,6604,20250510,784,1,45,8
1707,321,7404,20250509,785,1,45,8
1708,321,6575,20250509,785,1,50,8
1709,322,6605,20250509,786,2,50,8
1710,323,6605,20250509,787,1,50,8
1711,324,6683,20250508,788,1,92,8
1712,325,7406,20250506,789,1,50,8
1713,325,7403,20250506,789,1,35,8
1714,325,6650,20250506,789,1,25,8
1715,326,7407,20250506,790,1,90,8
1716,326,7401,20250506,790,1,25,8
1717,327,7218,20250505,791,1,34,8
1718,327,7406,20250505,791,1,50,8
1719,327,7401,20250505,791,1,25,8
1720,328,6604,20250505,792,1,45,8
1721,328,7401,20250505,792,1,25,8
1722,328,7404,20250505,792,1,45,8
1723,329,7401,20250503,793,2,25,8
1724,329,6644,20250503,793,1,"49,9",8
1725,330,7428,20250430,794,1,115,0
1726,330,7403,20250430,794,1,35,0
1727,331,7406,20250426,795,1,50,8
1728,331,7401,20250426,795,2,25,8
1729,332,7405,20250424,796,1,45,8
1730,332,7404,20250424,796,1,45,8
1731,333,7370,20250424,797,1,90,8
1732,334,7425,20250424,798,1,25,8
1733,334,7403,20250424,798,1,35,8
1734,335,7401,20250423,799,1,25,8
1735,335,7404,20250423,799,1,45,8
1736,335,7229,20250423,799,1,15,8
1737,336,6691,20250423,800,1,92,8
1738,337,7401,20250422,801,4,25,8
1739,338,7405,20250422,802,1,45,0
1740,338,6692,20250422,802,1,115,0
1741,339,7401,20250421,803,2,25,8
1742,339,7404,20250421,803,1,45,8
1743,340,7286,20250417,804,1,86,8
1744,341,7378,20250417,805,1,30,8
1745,341,6538,20250417,805,1,65,8
1746,342,7401,20250416,806,1,25,0
1747,342,6693,20250416,806,1,129,0
1748,343,6586,20250416,807,1,48,8
1749,343,7401,20250416,807,1,25,8
1750,343,6665,20250416,807,1,18,8
1751,344,6538,20250415,808,1,65,8
1752,345,6598,20250412,809,1,75,0
1753,345,7273,20250412,809,1,15,0
1754,346,7401,20250411,810,2,25,8
1755,346,7402,20250411,810,1,50,8
1756,347,6695,20250411,811,1,86,8
1757,348,7401,20250409,812,2,25,8
1758,348,7402,20250409,812,1,50,8
1759,349,6538,20250409,813,1,65,0
1760,349,6539,20250409,813,1,58,0
1761,349,6540,20250409,813,2,48,0
1762,349,6586,20250409,813,1,48,0
1763,350,7406,20250409,814,1,50,8
1764,350,7402,20250409,814,1,50,8
1765,351,6696,20250408,815,1,20,8
1766,351,6647,20250408,815,2,30,8
1767,352,6605,20250403,816,1,50,8
1768,353,7303,20250402,817,1,129,8
1769,354,7220,20250402,818,1,45,8
1770,354,6575,20250402,818,1,50,8
1771,355,6605,20250331,819,1,50,8
1772,0,7402,20250331,820,1,50,8
1773,0,7401,20250331,820,1,25,8
1774,0,7229,20250331,820,1,15,8
1775,0,6684,20250331,820,1,20,8
1776,356,6605,20250331,821,1,50,8
1777,357,6575,20250330,822,1,50,0
1778,357,7306,20250330,822,1,129,0
1779,357,7303,20250330,822,1,129,0
1780,358,7401,20250330,823,2,25,8
1781,358,7402,20250330,823,1,50,8
1782,359,6605,20250330,824,1,50,8
1783,360,7306,20250327,825,1,86,8
1784,360,7383,20250327,825,1,15,8
1785,361,6698,20250327,826,12,"16,5",0
1786,361,7218,20250327,826,3,34,0
1787,361,6647,20250327,826,12,30,0
1788,361,6699,20250327,826,2,85,0
1789,361,6700,20250327,826,3,65,0
1790,361,6692,20250327,826,2,115,0
1791,361,7222,20250327,826,2,125,0
1792,362,7408,20250320,827,1,35,8
1793,362,7361,20250320,827,1,"49,9",8
1794,363,7306,20250318,828,1,129,8
1795,364,7401,20250318,829,1,25,8
1796,364,6672,20250318,829,1,35,8
1797,364,7405,20250318,829,1,45,8
1798,365,6693,20250317,830,1,129,8
1799,366,7303,20250307,831,1,129,8
1800,367,0,20250307,832,1,120,8
1801,367,7383,20250307,832,1,15,8
1802,367,7421,20250307,832,1,15,8
1803,368,7306,20250306,833,1,129,0
1804,368,7306,20250306,833,1,129,0
1805,369,7306,20250306,834,2,129,0
1806,370,6683,20250306,835,1,92,8
1807,371,7303,20250304,836,1,129,8
1808,372,7373,20250302,837,1,64,8
1809,373,7286,20250302,838,2,86,0
1810,374,6704,20250302,839,1,90,0
1811,374,6698,20250302,839,4,"16,5",0
1812,375,7408,20250302,840,1,35,8
1813,375,7404,20250302,840,1,45,8
1814,375,7406,20250302,840,1,50,8
1815,376,7286,20250301,841,1,129,8
1816,377,7286,20250301,842,2,129,0
1817,378,7286,20250301,843,1,129,8
1818,379,7406,20250226,844,1,50,8
1819,379,7408,20250226,844,1,35,8
1820,380,7401,20250226,845,1,25,8
1821,381,6683,20250224,846,1,92,8
1822,382,7401,20250223,847,1,25,8
1823,383,6662,20250221,848,1,92,8
1824,0,6586,20250219,849,1,48,8
1825,0,6538,20250219,849,1,65,8
1826,384,6684,20250219,850,1,20,8
1827,385,7218,20250218,851,1,34,8
1828,385,7217,20250218,851,1,40,8
1829,385,7219,20250218,851,1,34,8
1830,386,6662,20250215,852,1,92,8
1831,387,7402,20250215,853,1,50,8
1832,387,6706,20250215,853,1,50,8
1833,388,7401,20250214,854,1,25,8
1834,389,7401,20250214,855,1,25,8
1835,390,7405,20250214,856,1,45,8
1836,390,7383,20250214,856,1,15,8
1837,390,7421,20250214,856,1,15,8
1838,390,6689,20250214,856,1,20,8
1839,391,6650,20250213,857,1,25,8
1840,392,7402,20250213,858,1,50,8
1841,393,6650,20250213,859,1,25,8
1842,394,7402,20250213,860,1,50,8
1843,395,7402,20250213,861,1,50,8
1844,396,7425,20250213,862,1,25,8
1845,396,6650,20250213,862,1,25,8
1846,397,7401,20250213,863,2,25,8
1847,398,7425,20250213,864,1,25,8
1848,399,7425,20250213,865,1,25,8
1849,400,7401,20250213,866,1,25,8
1850,401,7401,20250213,867,1,25,8
1851,402,7402,20250213,868,1,50,8
1852,403,7401,20250213,869,1,25,8
1853,404,7401,20250213,870,1,25,8
1854,405,7402,20250213,871,1,50,8
1855,406,7425,20250213,872,2,25,8
1856,407,6699,20250213,873,1,85,8
1857,407,6647,20250213,873,1,30,8
1858,408,7425,20250213,874,1,25,8
1859,409,7402,20250213,875,1,50,8
1860,410,6704,20250213,876,1,90,8
1861,410,6698,20250213,876,1,"16,5",8
1862,411,7401,20250213,877,1,25,8
1863,412,7401,20250213,878,1,25,8
1864,413,6650,20250213,879,1,25,8
1865,414,0,20250213,880,1,60,8
1866,415,7401,20250213,881,1,25,8
1867,224,7401,20250212,882,1,25,8
1868,224,7425,20250212,882,1,25,8
1869,416,7401,20250212,883,1,25,8
1870,417,7401,20250212,884,2,20,8
1871,417,7425,20250212,884,2,20,8
1872,417,6650,20250212,884,2,20,8
1873,418,7402,20250212,885,1,50,8
1874,419,7402,20250212,886,1,50,0
1875,419,6706,20250212,886,1,50,0
1876,420,7405,20250212,887,1,45,8
1877,420,7401,20250212,887,1,25,8
1878,420,6615,20250212,887,1,25,8
1879,421,7402,20250212,888,1,50,8
1880,422,7401,20250211,889,1,25,8
1881,423,7402,20250211,890,2,50,8
1882,424,7407,20250210,891,1,90,8
1883,425,6691,20250210,892,1,92,8
1884,425,7374,20250210,892,1,17,8
1885,426,7220,20250208,893,1,45,8
1886,426,7219,20250208,893,1,34,8
1887,426,6601,20250208,893,1,20,8
1888,427,7406,20250206,894,1,50,8
1889,427,7404,20250206,894,1,45,8
1890,428,7361,20250206,895,1,70,8
1891,428,7403,20250206,895,1,35,8
1892,384,6689,20250205,896,1,20,8
1893,384,6684,20250205,896,1,20,8
1894,384,7374,20250205,896,1,17,8
1895,384,6678,20250205,896,1,15,8
1896,429,7378,20250204,897,1,30,8
1897,430,6684,20250203,898,1,20,8
1898,430,7218,20250203,898,1,34,8
1899,430,7404,20250203,898,1,45,8
1900,431,7404,20250129,899,1,45,7
1901,431,7405,20250129,899,1,45,7
1902,432,7361,20250129,900,1,70,7
1903,432,6684,20250129,900,1,20,7
1904,433,7218,20250128,901,1,34,7
1905,433,7220,20250128,901,1,45,7
1906,434,6684,20250125,902,1,20,7
1907,434,6689,20250125,902,2,20,7
1908,434,7220,20250125,902,1,45,7
1909,435,7407,20250124,903,1,90,7
1910,362,7406,20250124,904,2,50,7
1911,436,7407,20250120,905,1,90,7
1912,437,7403,20250120,906,1,35,7
1913,437,6678,20250120,906,1,15,7
1914,437,6689,20250120,906,1,20,7
1915,437,6711,20250120,906,2,15,7
1916,438,6616,20250118,907,1,46,7
1917,439,7378,20250114,908,1,30,7
1918,440,7378,20250114,909,1,30,7
1919,441,6586,20250111,910,1,48,7
1920,442,0,20250106,911,1,120,7
1921,443,6539,20250103,912,1,58,7
1922,444,7378,20241227,913,1,30,7
1923,445,7378,20241225,914,1,30,7
1924,446,0,20241224,915,3,20,7
1925,447,6539,20241224,916,1,58,7
1926,447,6616,20241224,916,1,46,7
1927,448,7378,20241223,917,1,30,7
1928,449,6713,20241210,918,1,28,7
1929,450,6644,20241125,919,1,70,7
1930,451,7378,20241123,920,1,30,7
1931,452,0,20241107,921,3,15,7
1932,453,6644,20241107,922,1,70,7
1933,454,0,20241002,923,2,40,7
1934,454,0,20241002,923,1,30,7
1935,455,6586,20240926,924,1,48,7
1936,456,0,20240906,925,1,180,7
1937,457,0,20240827,926,1,55,7
1938,458,7378,20240827,927,1,30,7
1939,459,6538,20240817,928,1,65,7
1940,460,6539,20240805,929,1,58,7
1941,461,7378,20240730,930,1,30,7
1942,461,6604,20240730,930,1,45,7
1943,462,7378,20240721,931,1,30,7
1944,462,6604,20240721,931,1,45,7
1945,463,0,20240704,932,1,14,7
1946,464,6616,20240630,933,1,46,7
1947,464,6538,20240630,933,1,65,7
1948,464,7378,20240630,933,1,30,7
1949,464,6713,20240630,933,1,28,7
1950,465,7378,20240611,934,1,30,7
1951,466,7378,20240610,935,1,30,7
1952,467,0,20240527,936,1,15,7
1953,467,0,20240527,936,1,15,7
1954,467,0,20240527,936,1,15,7
1955,468,7378,20240507,937,1,30,7
1956,469,7378,20240328,938,1,30,7
1957,470,0,20240324,939,1,17,7
1958,470,0,20240324,939,1,12,7
1959,471,0,20240318,940,1,30,7
1960,472,0,20240313,941,2,17,7
1961,48,0,20240220,558,1,6,7
1962,48,0,20240220,558,1,6,7
1963,49,6575,20260102,0,2,50,8
1964,50,6576,20251230,0,1,90,8
1965,51,6728,20251229,0,"1
1
1","65
58
30",0
1966,52,7370,20251229,0,1,90,8
1967,53,7370,20251229,0,1,90,8
1968,54,6575,20251229,0,2,50,8
1969,55,6729,20251229,0,"1
1
1
1","30
25
25
25",8
1970,56,6730,20251228,0,"1
1","50
25",8
1971,57,6539,20251228,0,1,58,8
1972,58,6585,20251228,0,1,184,0
1973,59,6731,20251227,0,"1
1","50
48",8
1974,60,6538,20251227,559,1,65,8
1975,61,7378,20251227,560,1,30,8
1976,62,6732,20251227,0,"1
1","90
34",8
1977,63,7370,20251226,0,1,90,8
1978,64,6589,20251226,0,5,20,8
1979,65,7425,20251226,0,4,30,8
1980,66,6733,20251226,0,"1
1","50
49.9",8
1981,67,7370,20251225,0,1,90,8
1982,67,7370,20251225,0,1,90,8
1983,69,7370,20251225,0,1,90,8
1984,70,6592,20251225,0,1,90,8
1985,71,6734,20251224,0,"1
1
1","20
30
25",8
1986,72,6595,20251224,0,1,90,8
1987,73,6595,20251224,0,1,90,8
1988,74,6595,20251224,0,1,90,8
1989,75,6595,20251224,0,1,90,8
1990,76,6735,20251224,0,"1
1","80
25",8
1991,77,6736,20251224,562,"1
1","100
50",0
1992,78,6737,20251224,0,"1
1
1
1","25
25
30
20",8
1993,79,6580,20251224,0,4,25,8
1994,80,6738,20251224,0,"1
1
1","20
49.9
20",8
1995,81,6539,20251224,0,1,58,8
1996,82,6739,20251224,0,"1
1
1","20
20
49.9",8
1997,83,6603,20251224,0,1,150,0
1998,84,6740,20251223,0,"1
1
1","45
48
30",8
1999,85,6741,20251222,0,"1
1","30
49.9",8
2000,85,6741,20251222,0,"1
1","30
49.9",8
2001,86,6595,20251222,0,1,90,8
2002,87,6595,20251219,0,1,90,8
2003,88,7370,20251218,0,1,90,8
2004,89,6742,20251217,0,"1
1","48
45",8
2005,90,6590,20251217,563,2,"49,9",8
2006,91,6743,20251217,0,"1
1","50
56",8
2007,92,6607,20251215,0,1,90,8
2008,93,6595,20251214,0,1,90,8
2009,94,6744,20251214,0,"2
1","30
30",8
2010,95,6745,20251213,0,"1
1
1
1","25
25
25
25",8
2011,96,6746,20251212,0,"1
1","80
25",8
2012,97,6747,20251212,0,"1
1
1","49.9
20
20",8
2013,98,6634,20251212,0,1,119,8
2014,99,6748,20251211,0,"1
1
1","49.9
34
25",8
2015,100,6749,20251211,0,"1
1","65
25",8
2016,101,6634,20251211,0,1,119,8
2017,102,6590,20251211,0,2,"49,9",8
2018,103,6750,20251211,0,"1
1
1","25
25
49.9",8
2019,104,6733,20251211,0,"1
1","50
49.9",8
2020,105,6662,20251210,0,1,80,8
2021,106,6595,20251210,0,1,90,8
2022,107,6595,20251210,564,1,90,8
2023,108,7370,20251209,0,1,90,8
2024,109,7370,20251209,0,1,90,8
2025,110,6751,20251208,565,"2
1","30
25",8
2026,111,6752,20251205,566,"1
1","90
25",8
2027,112,6611,20251205,567,1,119,8
2028,113,7370,20251204,568,1,90,8
2029,114,6634,20251204,569,1,119,8
2030,115,6595,20251203,570,1,90,8
2031,116,6753,20251202,571,"1
1
1","50
20
30",8
2032,117,6754,20251201,572,"1
1","50
49.9",8
2033,118,7316,20251201,573,1,25,8
2034,119,6634,20251201,574,1,119,8
2035,120,6576,20251127,575,1,90,8
2036,121,6755,20251125,576,"1
2","50
25",8
2037,122,6756,20251125,577,"1
1
1","20
35
30",8
2038,123,6757,20251123,578,"1
1
1","30
30
30",8
2039,124,6758,20251121,579,"1
1","34
90",8
2040,125,6662,20251120,580,1,80,8
2041,126,6759,20251120,581,"1
1
1","25
25
34",8
2042,127,6760,20251117,582,"1
1
1
1","20
25
25
34",8
2043,128,6575,20251117,583,2,50,8
2044,129,6761,20251114,584,"1
1
1","49.9
25
25",8
2045,130,6762,20251114,585,"1
1
1","30
25
45",8
2046,131,6763,20251114,586,"1
1","46
50",8
2047,132,6764,20251112,587,"1
1
1","25
30
25",8
2048,133,6765,20251111,588,"1
1
2","30
25
30",8
2049,134,6608,20251110,589,5,20,8
2050,135,6766,20251108,590,"1
1","56
50",8
2051,136,6767,20251106,591,"1
1","49.9
50",8
2052,137,6768,20251106,592,"1
1
1","50
25
30",8
2053,138,6769,20251104,593,"1
1","49.9
49.9",8
2054,139,7370,20251104,594,1,90,8
2055,140,6539,20251102,595,1,58,8
2056,141,6770,20251031,596,"1
1","80
25",8
2057,142,6595,20251031,597,1,90,8
2058,143,6771,20251031,598,"1
1
1
1
1","20
20
20
25
25",8
2059,144,6621,20251030,599,1,90,8
2060,145,6634,20251030,600,1,119,8
2061,146,6662,20251029,601,1,80,8
2062,147,6772,20251028,602,"1
1
1
1","20
20
25
34",8
2063,148,6611,20251028,603,1,119,8
2064,149,6575,20251025,604,2,50,8
2065,150,6773,20251023,605,"1
1
1
1","25
25
30
30",8
2066,151,6580,20251022,606,1,25,8
2067,152,6774,20251022,607,"1
1","60
50",8
2068,153,6775,20251020,608,"1
2
1","25
25
25",8
2069,154,6776,20251020,609,"1
1","49.9
50",8
2070,155,6777,20251020,610,"2
2","20
25",8
2071,156,6595,20251020,611,1,90,8
2072,157,6778,20251020,612,"1
1
1
1","30
25
30
20",8
2073,158,7370,20251020,613,1,90,8
2074,159,6779,20251018,614,"2
1","25
45",8
2075,160,6780,20251016,615,"2
1
1","25
30
25",8
2076,161,6608,20251014,616,4,20,8
2077,162,6781,20251013,617,"2
1","30
50",8
2078,164,6782,20251013,619,"1
1
1
1","25
25
25
25",8
2079,162,6625,20251013,620,1,120,8
2080,165,6783,20251012,621,"1
1
1","30
49.9
25",8
2081,166,6784,20251009,622,"1
1","90
20",8
2082,167,7370,20251007,623,1,90,8
2083,168,6586,20251003,624,1,48,8
2084,169,6785,20251003,625,"1
1","20
80",8
2085,170,6786,20250930,626,"1
1
1
1
1","20
20
20
20
20",8
2086,171,6595,20250930,627,1,90,8
2087,172,6787,20250930,628,"1
1","50
30",8
2088,173,6788,20250928,629,"1
1
1","25
25
49.9",8
2089,174,6789,20250927,630,"1
1
1","30
25
30",8
2090,175,6594,20250925,631,1,30,8
2091,176,6790,20250924,632,"2
1","30
30",8
2092,177,6791,20250924,633,"1
1","46
50",8
2093,178,7370,20250924,634,1,90,8
2094,179,0,20250923,635,"1
2
2","31
31
36",0
2095,180,6634,20250923,636,1,119,8
2096,181,6595,20250922,637,1,90,8
2097,182,6634,20250919,638,1,119,8
2098,183,6793,20250917,639,"1
1
1","34
30
30",8
2099,184,6538,20250913,640,1,65,8
2100,185,6595,20250910,641,1,90,8
2101,186,6620,20250909,642,1,20,8
2102,187,6575,20250907,643,2,50,8
2103,188,6794,20250905,644,"2
1","20
25",8
2104,189,6795,20250904,645,"1
1","30
58",8
2105,190,6758,20250903,646,"1
1","34
90",8
2106,191,6796,20250903,647,"1
1","46
48",8
2107,192,6625,20250901,648,1,120,8
2108,193,6797,20250901,649,"1
1
1","25
25
50",8
2109,194,6798,20250901,650,"1
1
1
1","30
25
25
20",8
2110,195,7427,20250831,651,1,84,8
2111,196,6626,20250831,652,2,20,8
2112,197,7306,20250831,653,1,100,8
2113,198,6634,20250830,654,1,119,8
2114,199,6799,20250829,655,"1
1
2","30
35
25",8
2115,200,6634,20250829,656,1,119,8
2116,201,6634,20250829,657,1,119,8
2117,202,6800,20250826,658,"1
1
1","34
30
30",8
2118,203,6635,20250826,659,1,109,8
2119,204,6586,20250826,660,2,48,8
2120,205,7306,20250825,661,1,100,8
2121,206,6801,20250825,662,"2
1","25
35",8
2122,207,6802,20250824,663,"1
1","80
20",8
2123,208,6803,20250823,664,"1
1","45
90",8
2124,209,7373,20250822,665,1,90,8
2125,210,7256,20250821,666,1,85,8
2126,211,7306,20250821,667,1,100,8
2127,212,7306,20250821,668,1,100,8
2128,187,6575,20250820,669,2,50,8
2129,213,6804,20250820,670,"1
1","50
50",8
2130,214,6805,20250820,671,"1
1","49.9
50",8
2131,215,7370,20250820,672,1,90,8
2132,216,7306,20250820,673,1,100,8
2133,217,7306,20250820,674,1,100,8
2134,218,6806,20250820,675,"1
2","45
30",8
2135,219,6807,20250819,676,"1
1
1","90
50
15",0
2136,220,6808,20250819,677,"1
3","25
25",8
2137,221,6809,20250818,678,"1
1","50
55",8
2138,222,6810,20250818,679,"1
1
1","34
30
40",8
2139,223,6811,20250818,680,"1
1","25
49.9",8
2140,224,6812,20250818,681,"1
1","25
70",8
2141,225,6644,20250816,682,2,"49,9",8
2142,226,6813,20250813,683,"1
1","45
50",8
2143,227,6814,20250813,684,"1
1
1","45
35
20",8
2144,228,6815,20250812,685,"2
1","40
30",8
2145,192,6659,20250811,686,1,219,0
2146,229,7306,20250811,0,1,100,8
2147,230,6816,20250811,687,"1
1","30
45",8
2148,231,7425,20250810,688,1,25,8
2149,232,6660,20250809,689,1,150,0
2150,233,6661,20250809,690,1,92,8
2151,234,6644,20250807,691,1,"49,9",8
2152,235,6662,20250806,692,1,92,8
2153,236,6817,20250806,693,"1
1
1","50
34
15",8
2154,237,6818,20250806,694,"1
1
1","50
18
18",8
2155,238,6819,20250805,695,"1
1","45
49.9",8
2156,239,6820,20250805,696,"1
1
2","20
35
20",8
2157,240,6821,20250805,697,"1
1","70
20",8
2158,241,6822,20250804,698,"1
1
1","34
15
50",8
2159,242,7370,20250804,699,1,90,8
2160,243,7373,20250804,700,1,90,8
2161,244,7427,20250804,701,1,84,8
2162,245,6823,20250804,702,"1
1","48
30",8
2163,246,6824,20250804,703,"1
1","100
34",8
2164,247,6825,20250803,704,"1
1","45
49.9",8
2165,248,6826,20250802,705,"1
1","90
25",8
2166,249,7306,20250801,706,1,100,8
2167,250,6827,20250728,707,"1
1","46
45",8
2168,251,6828,20250721,708,"1
1","58
45",8
2169,252,6829,20250721,709,"1
1","50
50",8
2170,253,6824,20250718,710,"1
1","100
34",8
2171,254,7286,20250718,711,1,86,8
2172,255,6830,20250717,712,"1
1","48
45",8
2173,256,7427,20250715,713,1,84,8
2174,257,7372,20250715,714,1,90,8
2175,258,6538,20250715,715,1,65,8
2176,61,7378,20250714,716,1,30,8
2177,259,6575,20250714,717,2,50,8
2178,260,7286,20250712,718,1,86,8
2179,261,6831,20250710,719,"1
1
1","25
35
35",8
2180,262,7378,20250708,720,1,30,8
2181,263,6832,20250708,721,"1
1","50
45",8
2182,264,7378,20250708,722,1,30,8
2183,265,6833,20250707,723,"1
1","80
34",8
2184,266,6834,20250704,724,"1
1
1
1
1
1","18
15
15
20
20
20",8
2185,267,7407,20250704,725,1,90,8
2186,268,6835,20250702,726,"1
1
1","49.9
34
15",8
2187,269,6836,20250701,727,"1
1","45
50",8
2188,270,6679,20250701,728,1,120,8
2189,271,6837,20250701,729,"1
1","50
45",8
2190,272,6838,20250630,730,"2
1","25
45",8
2191,273,6839,20250625,731,"2
2","25
25",8
2192,274,6605,20250625,732,1,50,8
2193,275,6840,20250624,733,"1
1
1
1","15
15
20
49.9",8
2194,276,6841,20250620,734,"3
1","25
25",8
2195,277,6842,20250620,735,"1
2
1","35
25
25",8
2196,278,6843,20250619,736,"1
2
1","35
25
15",8
2197,98,6844,20250618,737,"1
1","90
15",8
2198,279,6650,20250616,738,4,25,8
2199,280,6605,20250613,739,1,50,8
2200,281,6607,20250612,740,1,90,8
2201,231,6845,20250612,741,"1
1","35
25",8
2202,282,7306,20250612,742,1,86,8
2203,283,6846,20250612,743,"1
1
1
1","25
30
15
25",8
2204,284,7218,20250612,744,3,34,8
2205,285,6847,20250612,745,"1
1
1
1","25
25
35
15",8
2206,286,6848,20250612,746,"1
1
1","34
25
45",8
2207,287,7286,20250611,747,1,86,8
2208,288,6607,20250611,748,1,90,8
2209,289,7378,20250611,749,1,30,8
2210,290,6849,20250609,750,"1
1","50
50",8
2211,291,7401,20250607,751,4,25,8
2212,292,7306,20250605,752,1,129,8
2213,293,7407,20250605,753,1,90,8
2214,294,6683,20250603,754,1,92,8
2215,295,7378,20250602,755,1,30,8
2216,296,6644,20250530,756,1,"49,9",8
2217,297,6850,20250530,757,"1
1
1","50
90
20",0
2218,298,6662,20250530,758,1,92,8
2219,299,6644,20250529,759,1,"49,9",8
2220,300,6851,20250528,760,"1
1","25
35",8
2221,301,6852,20250526,761,"1
1","90
25",8
2222,302,6853,20250526,762,"1
1","65
35",8
2223,303,7372,20250525,763,1,90,8
2224,304,7401,20250523,764,1,25,8
2225,305,7401,20250523,765,1,25,8
2226,306,6625,20250522,766,1,120,8
2227,307,7314,20250521,767,1,145,0
2228,308,6854,20250521,768,"1
1
1","45
25
25",8
2229,309,6686,20250519,769,1,120,8
2230,307,6687,20250519,770,1,399,0
2231,310,6855,20250519,771,"1
1
1
3","50
50
50
25",0
2232,175,7401,20250519,772,2,25,8
2233,311,6856,20250518,773,"1
1
1
1
1","25
15
15
20
15",8
2234,312,6607,20250518,774,1,90,8
2235,313,6857,20250517,775,"1
1
1","45
25
25",8
2236,314,6605,20250516,776,1,50,8
2237,315,6575,20250516,777,1,50,8
2238,316,6858,20250515,778,"2
1
1
2","45
20
15
15",0
2239,185,6598,20250514,779,1,0,8
2240,317,7306,20250514,780,1,29,8
2241,318,7373,20250513,781,1,90,8
2242,319,6859,20250512,782,"1
1","49.9
25",8
2243,299,7401,20250512,783,1,25,8
2244,320,6604,20250510,784,1,45,8
2245,321,6860,20250509,785,"1
1","45
50",8
2246,322,6605,20250509,786,2,50,8
2247,323,6605,20250509,787,1,50,8
2248,324,6683,20250508,788,1,92,8
2249,325,6861,20250506,789,"1
1
1","50
35
25",8
2250,326,6852,20250506,790,"1
1","90
25",8
2251,327,6862,20250505,791,"1
1
1","34
50
25",8
2252,328,6863,20250505,792,"1
1
1","45
25
45",8
2253,329,6864,20250503,793,"2
1","25
49.9",8
2254,330,6865,20250430,794,"1
1","115
35",0
2255,331,6866,20250426,795,"1
2","50
25",8
2256,332,6867,20250424,796,"1
1","45
45",8
2257,333,7370,20250424,797,1,90,8
2258,334,6868,20250424,798,"1
1","25
35",8
2259,335,6869,20250423,799,"1
1
1","25
45
15",8
2260,336,6691,20250423,800,1,92,8
2261,337,7401,20250422,801,4,25,8
2262,338,6870,20250422,802,"1
1","45
115",0
2263,339,6871,20250421,803,"2
1","25
45",8
2264,340,7286,20250417,804,1,86,8
2265,341,6872,20250417,805,"1
1","30
65",8
2266,342,6873,20250416,806,"1
1","25
129",0
2267,343,6874,20250416,807,"1
1
1","48
25
18",8
2268,344,6538,20250415,808,1,65,8
2269,345,6875,20250412,809,"1
1","75
15",0
2270,346,6876,20250411,810,"2
1","25
50",8
2271,347,6695,20250411,811,1,86,8
2272,348,6876,20250409,812,"2
1","25
50",8
2273,349,6877,20250409,813,"1
1
2
1","65
58
48
48",0
2274,350,6829,20250409,814,"1
1","50
50",8
2275,351,6878,20250408,815,"1
2","20
30",8
2276,352,6605,20250403,816,1,50,8
2277,353,7303,20250402,817,1,129,8
2278,354,6879,20250402,818,"1
1","45
50",8
2279,355,6605,20250331,819,1,50,8
2280,0,6880,20250331,820,"1
1
1
1","50
25
15
20",8
2281,356,6605,20250331,821,1,50,8
2282,357,6881,20250330,822,"1
1
1","50
129
129",0
2283,358,6876,20250330,823,"2
1","25
50",8
2284,359,6605,20250330,824,1,50,8
2285,360,6882,20250327,825,"1
1","86
15",8
2286,361,6883,20250327,826,"12
3
12
2
3
2
2","16.5
34
30
85
65
115
125",0
2287,362,6884,20250320,827,"1
1","35
49.9",8
2288,363,7306,20250318,828,1,129,8
2289,364,6885,20250318,829,"1
1
1","25
35
45",8
2290,365,6693,20250317,830,1,129,8
2291,366,7303,20250307,831,1,129,8
2292,367,6886,20250307,832,"1
1
1","120
15
15",8
2293,368,6887,20250306,833,"1
1","129
129",0
2294,369,7306,20250306,834,2,129,0
2295,370,6683,20250306,835,1,92,8
2296,371,7303,20250304,836,1,129,8
2297,372,7373,20250302,837,1,64,8
2298,373,7286,20250302,838,2,86,0
2299,374,6888,20250302,839,"1
4","90
16.5",0
2300,375,6889,20250302,840,"1
1
1","35
45
50",8
2301,376,7286,20250301,841,1,129,8
2302,377,7286,20250301,842,2,129,0
2303,378,7286,20250301,843,1,129,8
2304,379,6890,20250226,844,"1
1","50
35",8
2305,380,7401,20250226,845,1,25,8
2306,381,6683,20250224,846,1,92,8
2307,382,7401,20250223,847,1,25,8
2308,383,6662,20250221,848,1,92,8
2309,0,6891,20250219,849,"1
1","48
65",8
2310,384,6684,20250219,850,1,20,8
2311,385,6892,20250218,851,"1
1
1","34
40
34",8
2312,386,6662,20250215,852,1,92,8
2313,387,6893,20250215,853,"1
1","50
50",8
2314,388,7401,20250214,854,1,25,8
2315,389,7401,20250214,855,1,25,8
2316,390,6894,20250214,856,"1
1
1
1","45
15
15
20",8
2317,391,6650,20250213,857,1,25,8
2318,392,7402,20250213,858,1,50,8
2319,393,6650,20250213,859,1,25,8
2320,394,7402,20250213,860,1,50,8
2321,395,7402,20250213,861,1,50,8
2322,396,6895,20250213,862,"1
1","25
25",8
2323,397,7401,20250213,863,2,25,8
2324,398,7425,20250213,864,1,25,8
2325,399,7425,20250213,865,1,25,8
2326,400,7401,20250213,866,1,25,8
2327,401,7401,20250213,867,1,25,8
2328,402,7402,20250213,868,1,50,8
2329,403,7401,20250213,869,1,25,8
2330,404,7401,20250213,870,1,25,8
2331,405,7402,20250213,871,1,50,8
2332,406,7425,20250213,872,2,25,8
2333,407,6896,20250213,873,"1
1","85
30",8
2334,408,7425,20250213,874,1,25,8
2335,409,7402,20250213,875,1,50,8
2336,410,6888,20250213,876,"1
1","90
16.5",8
2337,411,7401,20250213,877,1,25,8
2338,412,7401,20250213,878,1,25,8
2339,413,6650,20250213,879,1,25,8
2340,414,0,20250213,880,1,60,8
2341,415,7401,20250213,881,1,25,8
2342,224,6839,20250212,882,"1
1","25
25",8
2343,416,7401,20250212,883,1,25,8
2344,417,6897,20250212,884,"2
2
2","20
20
20",8
2345,418,7402,20250212,885,1,50,8
2346,419,6893,20250212,886,"1
1","50
50",0
2347,420,6898,20250212,887,"1
1
1","45
25
25",8
2348,421,7402,20250212,888,1,50,8
2349,422,7401,20250211,889,1,25,8
2350,423,7402,20250211,890,2,50,8
2351,424,7407,20250210,891,1,90,8
2352,425,6899,20250210,892,"1
1","92
17",8
2353,426,6900,20250208,893,"1
1
1","45
34
20",8
2354,427,6837,20250206,894,"1
1","50
45",8
2355,428,6901,20250206,895,"1
1","70
35",8
2356,384,6902,20250205,896,"1
1
1
1","20
20
17
15",8
2357,429,7378,20250204,897,1,30,8
2358,430,6903,20250203,898,"1
1
1","20
34
45",8
2359,431,6904,20250129,899,"1
1","45
45",7
2360,432,6905,20250129,900,"1
1","70
20",7
2361,433,6906,20250128,901,"1
1","34
45",7
2362,434,6907,20250125,902,"1
2
1","20
20
45",7
2363,435,7407,20250124,903,1,90,7
2364,362,7406,20250124,904,2,50,7
2365,436,7407,20250120,905,1,90,7
2366,437,6908,20250120,906,"1
1
1
2","35
15
20
15",7
2367,438,6616,20250118,907,1,46,7
2368,439,7378,20250114,908,1,30,7
2369,440,7378,20250114,909,1,30,7
2370,441,6586,20250111,910,1,48,7
2371,442,0,20250106,911,1,120,7
2372,443,6539,20250103,912,1,58,7
2373,444,7378,20241227,913,1,30,7
2374,445,7378,20241225,914,1,30,7
2375,446,0,20241224,915,3,20,7
2376,447,6909,20241224,916,"1
1","58
46",7
2377,448,7378,20241223,917,1,30,7
2378,449,6713,20241210,918,1,28,7
2379,450,6644,20241125,919,1,70,7
2380,451,7378,20241123,920,1,30,7
2381,452,0,20241107,921,3,15,7
2382,453,6644,20241107,922,1,70,7
2383,454,0,20241002,923,"2
1","40
30",7
2384,455,6586,20240926,924,1,48,7
2385,456,0,20240906,925,1,180,7
2386,457,0,20240827,926,1,55,7
2387,458,7378,20240827,927,1,30,7
2388,459,6538,20240817,928,1,65,7
2389,460,6539,20240805,929,1,58,7
2390,461,6816,20240730,930,"1
1","30
45",7
2391,462,6816,20240721,931,"1
1","30
45",7
2392,463,0,20240704,932,1,14,7
2393,464,6911,20240630,933,"1
1
1
1","46
65
30
28",7
2394,465,7378,20240611,934,1,30,7
2395,466,7378,20240610,935,1,30,7
2396,467,0,20240527,936,"1
1
1","15
15
15",7
2397,468,7378,20240507,937,1,30,7
2398,469,7378,20240328,938,1,30,7
2399,470,0,20240324,939,"1
1","17
12",7
2400,471,0,20240318,940,1,30,7
2401,472,0,20240313,941,2,17,7
2402,48,0,20240220,558,"1
1
1","6
6
6",7
2403,163,7378,20231230,618,1,30,0
2404,68,0,20231206,561,1,19,0
2405,48,0,20240220,558,1,6,7
2406,49,6575,20260102,0,2,50,8
2407,50,6576,20251230,0,1,90,8
2408,51,6538,20251229,0,1,65,0
2409,51,6539,20251229,0,1,58,0
2410,51,7425,20251229,0,1,30,0
2411,52,7370,20251229,0,1,90,8
2412,53,7370,20251229,0,1,90,8
2413,54,6575,20251229,0,2,50,8
2414,55,6579,20251229,0,1,30,8
2415,55,6580,20251229,0,1,25,8
2416,55,6581,20251229,0,1,25,8
2417,55,6582,20251229,0,1,25,8
2418,56,6583,20251228,0,1,50,8
2419,56,6584,20251228,0,1,25,8
2420,57,6539,20251228,0,1,58,8
2421,58,6585,20251228,0,1,184,0
2422,59,6575,20251227,0,1,50,8
2423,59,6586,20251227,0,1,48,8
2424,60,6538,20251227,559,1,65,8
2425,61,7378,20251227,560,1,30,8
2426,62,7370,20251227,0,1,90,8
2427,62,7371,20251227,0,1,34,8
2428,63,7370,20251226,0,1,90,8
2429,64,6589,20251226,0,5,20,8
2430,65,7425,20251226,0,4,30,8
2431,66,6575,20251226,0,1,50,8
2432,66,6590,20251226,0,1,"49,9",8
2433,67,7370,20251225,0,1,90,8
2434,68,0,20231206,561,1,19,0
2435,67,7370,20251225,0,1,90,8
2436,69,7370,20251225,0,1,90,8
2437,70,6592,20251225,0,1,90,8
2438,71,6593,20251224,0,1,20,8
2439,71,6594,20251224,0,1,30,8
2440,71,6580,20251224,0,1,25,8
2441,72,6595,20251224,0,1,90,8
2442,73,6595,20251224,0,1,90,8
2443,74,6595,20251224,0,1,90,8
2444,75,6595,20251224,0,1,90,8
2445,76,7393,20251224,0,1,80,8
2446,76,6597,20251224,0,1,25,8
2447,77,6598,20251224,562,1,100,0
2448,77,6583,20251224,562,1,50,0
2449,78,6581,20251224,0,1,25,8
2450,78,6582,20251224,0,1,25,8
2451,78,6599,20251224,0,1,30,8
2452,78,7422,20251224,0,1,20,8
2453,79,6580,20251224,0,4,25,8
2454,80,6589,20251224,0,1,20,8
2455,80,6590,20251224,0,1,"49,9",8
2456,80,6601,20251224,0,1,20,8
2457,81,6539,20251224,0,1,58,8
2458,82,6601,20251224,0,1,20,8
2459,82,6602,20251224,0,1,20,8
2460,82,6590,20251224,0,1,"49,9",8
2461,83,6603,20251224,0,1,150,0
2462,84,6604,20251223,0,1,45,8
2463,84,6586,20251223,0,1,48,8
2464,84,7378,20251223,0,1,30,8
2465,85,7425,20251222,0,1,30,8
2466,85,6590,20251222,0,1,"49,9",8
2467,85,7425,20251222,0,1,30,8
2468,85,6590,20251222,0,1,"49,9",8
2469,86,6595,20251222,0,1,90,8
2470,87,6595,20251219,0,1,90,8
2471,88,7370,20251218,0,1,90,8
2472,89,6586,20251217,0,1,48,8
2473,89,6604,20251217,0,1,45,8
2474,90,6590,20251217,563,2,"49,9",8
2475,91,6605,20251217,0,1,50,8
2476,91,6606,20251217,0,1,56,8
2477,92,6607,20251215,0,1,90,8
2478,93,6595,20251214,0,1,90,8
2479,94,7425,20251214,0,2,30,8
2480,94,6579,20251214,0,1,30,8
2481,95,6580,20251213,0,1,25,8
2482,95,6584,20251213,0,1,25,8
2483,95,6582,20251213,0,1,25,8
2484,95,6581,20251213,0,1,25,8
2485,96,7393,20251212,0,1,80,8
2486,96,6584,20251212,0,1,25,8
2487,97,6590,20251212,0,1,"49,9",8
2488,97,6608,20251212,0,1,20,8
2489,97,6589,20251212,0,1,20,8
2490,98,6634,20251212,0,1,119,8
2491,99,6590,20251211,0,1,"49,9",8
2492,99,7371,20251211,0,1,34,8
2493,99,6584,20251211,0,1,25,8
2494,100,6538,20251211,0,1,65,8
2495,100,6584,20251211,0,1,25,8
2496,101,6634,20251211,0,1,119,8
2497,102,6590,20251211,0,2,"49,9",8
2498,103,6580,20251211,0,1,25,8
2499,103,6584,20251211,0,1,25,8
2500,103,6590,20251211,0,1,"49,9",8
2501,104,6575,20251211,0,1,50,8
2502,104,6590,20251211,0,1,"49,9",8
2503,105,6662,20251210,0,1,80,8
2504,106,6595,20251210,0,1,90,8
2505,107,6595,20251210,564,1,90,8
2506,108,7370,20251209,0,1,90,8
2507,109,7370,20251209,0,1,90,8
2508,110,7425,20251208,565,2,30,8
2509,110,6584,20251208,565,1,25,8
2510,111,6595,20251205,566,1,90,8
2511,111,6580,20251205,566,1,25,8
2512,112,6611,20251205,567,1,119,8
2513,113,7370,20251204,568,1,90,8
2514,114,6634,20251204,569,1,119,8
2515,115,6595,20251203,570,1,90,8
2516,116,6605,20251202,571,1,50,8
2517,116,6589,20251202,571,1,20,8
2518,116,6613,20251202,571,1,30,8
2519,117,6583,20251201,572,1,50,8
2520,117,6590,20251201,572,1,"49,9",8
2521,118,7316,20251201,573,1,25,8
2522,119,6634,20251201,574,1,119,8
2523,120,6576,20251127,575,1,90,8
2524,121,6583,20251125,576,1,50,8
2525,121,6580,20251125,576,2,25,8
2526,122,6601,20251125,577,1,20,8
2527,122,6615,20251125,577,1,35,8
2528,122,7378,20251125,577,1,30,8
2529,123,7425,20251123,578,1,30,8
2530,123,6594,20251123,578,1,30,8
2531,123,6599,20251123,578,1,30,8
2532,124,7371,20251121,579,1,34,8
2533,124,7370,20251121,579,1,90,8
2534,125,6662,20251120,580,1,80,8
2535,126,6580,20251120,581,1,25,8
2536,126,6584,20251120,581,1,25,8
2537,126,7371,20251120,581,1,34,8
2538,127,6601,20251117,582,1,20,8
2539,127,6582,20251117,582,1,25,8
2540,127,6580,20251117,582,1,25,8
2541,127,7371,20251117,582,1,34,8
2542,128,6575,20251117,583,2,50,8
2543,129,6590,20251114,584,1,"49,9",8
2544,129,6584,20251114,584,1,25,8
2545,129,6580,20251114,584,1,25,8
2546,130,7425,20251114,585,1,30,8
2547,130,6597,20251114,585,1,25,8
2548,130,6604,20251114,585,1,45,8
2549,131,6616,20251114,586,1,46,8
2550,131,6617,20251114,586,1,50,8
2551,132,6584,20251112,587,1,25,8
2552,132,6618,20251112,587,1,30,8
2553,132,6580,20251112,587,1,25,8
2554,133,7425,20251111,588,1,30,8
2555,133,6584,20251111,588,1,25,8
2556,133,6618,20251111,588,2,30,8
2557,134,6608,20251110,589,5,20,8
2558,135,6606,20251108,590,1,56,8
2559,135,6605,20251108,590,1,50,8
2560,136,6590,20251106,591,1,"49,9",8
2561,136,6605,20251106,591,1,50,8
2562,137,6575,20251106,592,1,50,8
2563,137,6582,20251106,592,1,25,8
2564,137,7425,20251106,592,1,30,8
2565,138,6590,20251104,593,1,"49,9",8
2566,138,7361,20251104,593,1,"49,9",8
2567,139,7370,20251104,594,1,90,8
2568,140,6539,20251102,595,1,58,8
2569,141,6662,20251031,596,1,80,8
2570,141,6584,20251031,596,1,25,8
2571,142,6595,20251031,597,1,90,8
2572,143,6620,20251031,598,1,20,8
2573,143,6589,20251031,598,1,20,8
2574,143,6601,20251031,598,1,20,8
2575,143,6584,20251031,598,1,25,8
2576,143,6580,20251031,598,1,25,8
2577,144,6621,20251030,599,1,90,8
2578,145,6634,20251030,600,1,119,8
2579,146,6662,20251029,601,1,80,8
2580,147,6601,20251028,602,1,20,8
2581,147,6602,20251028,602,1,20,8
2582,147,6584,20251028,602,1,25,8
2583,147,7371,20251028,602,1,34,8
2584,148,6611,20251028,603,1,119,8
2585,149,6575,20251025,604,2,50,8
2586,150,6580,20251023,605,1,25,8
2587,150,6584,20251023,605,1,25,8
2588,150,7425,20251023,605,1,30,8
2589,150,6618,20251023,605,1,30,8
2590,151,6580,20251022,606,1,25,8
2591,152,6622,20251022,607,1,60,8
2592,152,6575,20251022,607,1,50,8
2593,153,6584,20251020,608,1,25,8
2594,153,6580,20251020,608,2,25,8
2595,153,6581,20251020,608,1,25,8
2596,154,7361,20251020,609,1,"49,9",8
2597,154,6575,20251020,609,1,50,8
2598,155,7422,20251020,610,2,20,8
2599,155,6623,20251020,610,2,25,8
2600,156,6595,20251020,611,1,90,8
2601,157,7425,20251020,612,1,30,8
2602,157,6580,20251020,612,1,25,8
2603,157,6624,20251020,612,1,30,8
2604,157,6608,20251020,612,1,20,8
2605,158,7370,20251020,613,1,90,8
2606,159,6580,20251018,614,2,25,8
2607,159,6604,20251018,614,1,45,8
2608,160,6580,20251016,615,2,25,8
2609,160,6624,20251016,615,1,30,8
2610,160,6584,20251016,615,1,25,8
2611,161,6608,20251014,616,4,20,8
2612,162,7425,20251013,617,2,30,8
2613,162,6575,20251013,617,1,50,8
2614,163,7378,20231230,618,1,30,0
2615,164,6584,20251013,619,1,25,8
2616,164,6581,20251013,619,1,25,8
2617,164,6582,20251013,619,1,25,8
2618,164,6580,20251013,619,1,25,8
2619,162,6625,20251013,620,1,120,8
2620,165,6618,20251012,621,1,30,8
2621,165,7361,20251012,621,1,"49,9",8
2622,165,6582,20251012,621,1,25,8
2623,166,6595,20251009,622,1,90,8
2624,166,6626,20251009,622,1,20,8
2625,167,7370,20251007,623,1,90,8
2626,168,6586,20251003,624,1,48,8
2627,169,6602,20251003,625,1,20,8
2628,169,6662,20251003,625,1,80,8
2629,170,6626,20250930,626,1,20,8
2630,170,6620,20250930,626,1,20,8
2631,170,6608,20250930,626,1,20,8
2632,170,6589,20250930,626,1,20,8
2633,170,6602,20250930,626,1,20,8
2634,171,6595,20250930,627,1,90,8
2635,172,6605,20250930,628,1,50,8
2636,172,6613,20250930,628,1,30,8
2637,173,6581,20250928,629,1,25,8
2638,173,6580,20250928,629,1,25,8
2639,173,7361,20250928,629,1,"49,9",8
2640,174,7425,20250927,630,1,30,8
2641,174,6584,20250927,630,1,25,8
2642,174,6599,20250927,630,1,30,8
2643,175,6594,20250925,631,1,30,8
2644,176,7425,20250924,632,2,30,8
2645,176,6624,20250924,632,1,30,8
2646,177,6616,20250924,633,1,46,8
2647,177,6583,20250924,633,1,50,8
2648,178,7370,20250924,634,1,90,8
2649,179,0,20250923,635,1,31,0
2650,179,0,20250923,635,2,31,0
2651,179,0,20250923,635,2,36,0
2652,180,6634,20250923,636,1,119,8
2653,181,6595,20250922,637,1,90,8
2654,182,6634,20250919,638,1,119,8
2655,183,7371,20250917,639,1,34,8
2656,183,7378,20250917,639,1,30,8
2657,183,7425,20250917,639,1,30,8
2658,184,6538,20250913,640,1,65,8
2659,185,6595,20250910,641,1,90,8
2660,186,6620,20250909,642,1,20,8
2661,187,6575,20250907,643,2,50,8
2662,188,6601,20250905,644,2,20,8
2663,188,7316,20250905,644,1,25,8
2664,189,7378,20250904,645,1,30,8
2665,189,6539,20250904,645,1,58,8
2666,190,7371,20250903,646,1,34,8
2667,190,7370,20250903,646,1,90,8
2668,191,6616,20250903,647,1,46,8
2669,191,6540,20250903,647,1,48,8
2670,192,6625,20250901,648,1,120,8
2671,193,6582,20250901,649,1,25,8
2672,193,6581,20250901,649,1,25,8
2673,193,7402,20250901,649,1,50,8
2674,194,7425,20250901,650,1,30,8
2675,194,6580,20250901,650,1,25,8
2676,194,6584,20250901,650,1,25,8
2677,194,7421,20250901,650,1,20,8
2678,195,7427,20250831,651,1,84,8
2679,196,6626,20250831,652,2,20,8
2680,197,7306,20250831,653,1,100,8
2681,198,6634,20250830,654,1,119,8
2682,199,7425,20250829,655,1,30,8
2683,199,6615,20250829,655,1,35,8
2684,199,6580,20250829,655,2,25,8
2685,200,6634,20250829,656,1,119,8
2686,201,6634,20250829,657,1,119,8
2687,202,7371,20250826,658,1,34,8
2688,202,6594,20250826,658,1,30,8
2689,202,6618,20250826,658,1,30,8
2690,203,6635,20250826,659,1,109,8
2691,204,6586,20250826,660,2,48,8
2692,205,7306,20250825,661,1,100,8
2693,206,6615,20250825,662,2,25,8
2694,206,7408,20250825,662,1,35,8
2695,207,6576,20250824,663,1,80,8
2696,207,6601,20250824,663,1,20,8
2697,208,7405,20250823,664,1,45,8
2698,208,7407,20250823,664,1,90,8
2699,209,7373,20250822,665,1,90,8
2700,210,7256,20250821,666,1,85,8
2701,211,7306,20250821,667,1,100,8
2702,212,7306,20250821,668,1,100,8
2703,187,6575,20250820,669,2,50,8
2704,213,6575,20250820,670,1,50,8
2705,213,7406,20250820,670,1,50,8
2706,214,6644,20250820,671,1,"49,9",8
2707,214,6645,20250820,671,1,50,8
2708,215,7370,20250820,672,1,90,8
2709,216,7306,20250820,673,1,100,8
2710,217,7306,20250820,674,1,100,8
2711,218,7220,20250820,675,1,45,8
2712,218,6647,20250820,675,2,30,8
2713,219,7389,20250819,676,1,90,0
2714,219,6575,20250819,676,1,50,0
2715,219,7229,20250819,676,1,15,0
2716,220,6650,20250819,677,1,25,8
2717,220,7401,20250819,677,3,25,8
2718,221,6575,20250818,678,1,50,8
2719,221,6652,20250818,678,1,55,8
2720,222,7219,20250818,679,1,34,8
2721,222,6647,20250818,679,1,30,8
2722,222,7217,20250818,679,1,40,8
2723,223,7401,20250818,680,1,25,8
2724,223,7361,20250818,680,1,"49,9",8
2725,224,7401,20250818,681,1,25,8
2726,224,7306,20250818,681,1,70,8
2727,225,6644,20250816,682,2,"49,9",8
2728,226,7404,20250813,683,1,45,8
2729,226,7402,20250813,683,1,50,8
2730,227,7404,20250813,684,1,45,8
2731,227,7403,20250813,684,1,35,8
2732,227,7419,20250813,684,1,20,8
2733,228,7217,20250812,685,2,40,8
2734,228,6647,20250812,685,1,30,8
2735,192,6659,20250811,686,1,219,0
2736,229,7306,20250811,0,1,100,8
2737,230,7378,20250811,687,1,30,8
2738,230,6604,20250811,687,1,45,8
2739,231,7425,20250810,688,1,25,8
2740,232,6660,20250809,689,1,150,0
2741,233,6661,20250809,690,1,92,8
2742,234,6644,20250807,691,1,"49,9",8
2743,235,6662,20250806,692,1,92,8
2744,236,7402,20250806,693,1,50,8
2745,236,7218,20250806,693,1,34,8
2746,236,6664,20250806,693,1,15,8
2747,237,7402,20250806,694,1,50,8
2748,237,6665,20250806,694,1,18,8
2749,237,6666,20250806,694,1,18,8
2750,238,7404,20250805,695,1,45,8
2751,238,6590,20250805,695,1,"49,9",8
2752,239,6667,20250805,696,1,20,8
2753,239,6645,20250805,696,1,35,8
2754,239,7422,20250805,696,2,20,8
2755,240,7306,20250805,697,1,70,8
2756,240,6601,20250805,697,1,20,8
2757,241,7218,20250804,698,1,34,8
2758,241,7229,20250804,698,1,15,8
2759,241,6575,20250804,698,1,50,8
2760,242,7370,20250804,699,1,90,8
2761,243,7373,20250804,700,1,90,8
2762,244,7427,20250804,701,1,84,8
2763,245,6586,20250804,702,1,48,8
2764,245,7378,20250804,702,1,30,8
2765,246,7306,20250804,703,1,100,8
2766,246,7371,20250804,703,1,34,8
2767,247,7405,20250803,704,1,45,8
2768,247,7361,20250803,704,1,"49,9",8
2769,248,7373,20250802,705,1,90,8
2770,248,7425,20250802,705,1,25,8
2771,249,7306,20250801,706,1,100,8
2772,250,6616,20250728,707,1,46,8
2773,250,6604,20250728,707,1,45,8
2774,251,6539,20250721,708,1,58,8
2775,251,6604,20250721,708,1,45,8
2776,252,7406,20250721,709,1,50,8
2777,252,7402,20250721,709,1,50,8
2778,253,7306,20250718,710,1,100,8
2779,253,7371,20250718,710,1,34,8
2780,254,7286,20250718,711,1,86,8
2781,255,6540,20250717,712,1,48,8
2782,255,6604,20250717,712,1,45,8
2783,256,7427,20250715,713,1,84,8
2784,257,7372,20250715,714,1,90,8
2785,258,6538,20250715,715,1,65,8
2786,61,7378,20250714,716,1,30,8
2787,259,6575,20250714,717,2,50,8
2788,260,7286,20250712,718,1,86,8
2789,261,7401,20250710,719,1,25,8
2790,261,6645,20250710,719,1,35,8
2791,261,6672,20250710,719,1,35,8
2792,262,7378,20250708,720,1,30,8
2793,263,7402,20250708,721,1,50,8
2794,263,7220,20250708,721,1,45,8
2795,264,7378,20250708,722,1,30,8
2796,265,7216,20250707,723,1,80,8
2797,265,7218,20250707,723,1,34,8
2798,266,6666,20250704,724,1,18,8
2799,266,6674,20250704,724,1,15,8
2800,266,6664,20250704,724,1,15,8
2801,266,6675,20250704,724,1,20,8
2802,266,6676,20250704,724,1,20,8
2803,266,6677,20250704,724,1,20,8
2804,267,7407,20250704,725,1,90,8
2805,268,7361,20250702,726,1,"49,9",8
2806,268,7219,20250702,726,1,34,8
2807,268,6678,20250702,726,1,15,8
2808,269,7405,20250701,727,1,45,8
2809,269,7406,20250701,727,1,50,8
2810,270,6679,20250701,728,1,120,8
2811,271,7406,20250701,729,1,50,8
2812,271,7404,20250701,729,1,45,8
2813,272,7401,20250630,730,2,25,8
2814,272,7405,20250630,730,1,45,8
2815,273,7401,20250625,731,2,25,8
2816,273,7425,20250625,731,2,25,8
2817,274,6605,20250625,732,1,50,8
2818,275,7421,20250624,733,1,15,8
2819,275,6680,20250624,733,1,15,8
2820,275,6681,20250624,733,1,20,8
2821,275,7361,20250624,733,1,"49,9",8
2822,276,7401,20250620,734,3,25,8
2823,276,6650,20250620,734,1,25,8
2824,277,7403,20250620,735,1,35,8
2825,277,7401,20250620,735,2,25,8
2826,277,7425,20250620,735,1,25,8
2827,278,7403,20250619,736,1,35,8
2828,278,7401,20250619,736,2,25,8
2829,278,7229,20250619,736,1,15,8
2830,98,7389,20250618,737,1,90,8
2831,98,7375,20250618,737,1,15,8
2832,279,6650,20250616,738,4,25,8
2833,280,6605,20250613,739,1,50,8
2834,281,6607,20250612,740,1,90,8
2835,231,7403,20250612,741,1,35,8
2836,231,7401,20250612,741,1,25,8
2837,282,7306,20250612,742,1,86,8
2838,283,7401,20250612,743,1,25,8
2839,283,7378,20250612,743,1,30,8
2840,283,7229,20250612,743,1,15,8
2841,283,6615,20250612,743,1,25,8
2842,284,7218,20250612,744,3,34,8
2843,285,7401,20250612,745,1,25,8
2844,285,7425,20250612,745,1,25,8
2845,285,7403,20250612,745,1,35,8
2846,285,7375,20250612,745,1,15,8
2847,286,7218,20250612,746,1,34,8
2848,286,6615,20250612,746,1,25,8
2849,286,7405,20250612,746,1,45,8
2850,287,7286,20250611,747,1,86,8
2851,288,6607,20250611,748,1,90,8
2852,289,7378,20250611,749,1,30,8
2853,290,6605,20250609,750,1,50,8
2854,290,6583,20250609,750,1,50,8
2855,291,7401,20250607,751,4,25,8
2856,292,7306,20250605,752,1,129,8
2857,293,7407,20250605,753,1,90,8
2858,294,6683,20250603,754,1,92,8
2859,295,7378,20250602,755,1,30,8
2860,296,6644,20250530,756,1,"49,9",8
2861,297,6575,20250530,757,1,50,0
2862,297,7407,20250530,757,1,90,0
2863,297,6684,20250530,757,1,20,0
2864,298,6662,20250530,758,1,92,8
2865,299,6644,20250529,759,1,"49,9",8
2866,300,7401,20250528,760,1,25,8
2867,300,6672,20250528,760,1,35,8
2868,301,7407,20250526,761,1,90,8
2869,301,7401,20250526,761,1,25,8
2870,302,6538,20250526,762,1,65,8
2871,302,7408,20250526,762,1,35,8
2872,303,7372,20250525,763,1,90,8
2873,304,7401,20250523,764,1,25,8
2874,305,7401,20250523,765,1,25,8
2875,306,6625,20250522,766,1,120,8
2876,307,7314,20250521,767,1,145,0
2877,308,7405,20250521,768,1,45,8
2878,308,6650,20250521,768,1,25,8
2879,308,7401,20250521,768,1,25,8
2880,309,6686,20250519,769,1,120,8
2881,307,6687,20250519,770,1,399,0
2882,310,6605,20250519,771,1,50,0
2883,310,6575,20250519,771,1,50,0
2884,310,6583,20250519,771,1,50,0
2885,310,7401,20250519,771,3,25,0
2886,175,7401,20250519,772,2,25,8
2887,311,7401,20250518,773,1,25,8
2888,311,7229,20250518,773,1,15,8
2889,311,7383,20250518,773,1,15,8
2890,311,6689,20250518,773,1,20,8
2891,311,7421,20250518,773,1,15,8
2892,312,6607,20250518,774,1,90,8
2893,313,7404,20250517,775,1,45,8
2894,313,7401,20250517,775,1,25,8
2895,313,7425,20250517,775,1,25,8
2896,314,6605,20250516,776,1,50,8
2897,315,6575,20250516,777,1,50,8
2898,316,7405,20250515,778,2,45,0
2899,316,6684,20250515,778,1,20,0
2900,316,7383,20250515,778,1,15,0
2901,316,7229,20250515,778,2,15,0
2902,185,6598,20250514,779,1,0,8
2903,317,7306,20250514,780,1,29,8
2904,318,7373,20250513,781,1,90,8
2905,319,7361,20250512,782,1,"49,9",8
2906,319,7401,20250512,782,1,25,8
2907,299,7401,20250512,783,1,25,8
2908,320,6604,20250510,784,1,45,8
2909,321,7404,20250509,785,1,45,8
2910,321,6575,20250509,785,1,50,8
2911,322,6605,20250509,786,2,50,8
2912,323,6605,20250509,787,1,50,8
2913,324,6683,20250508,788,1,92,8
2914,325,7406,20250506,789,1,50,8
2915,325,7403,20250506,789,1,35,8
2916,325,6650,20250506,789,1,25,8
2917,326,7407,20250506,790,1,90,8
2918,326,7401,20250506,790,1,25,8
2919,327,7218,20250505,791,1,34,8
2920,327,7406,20250505,791,1,50,8
2921,327,7401,20250505,791,1,25,8
2922,328,6604,20250505,792,1,45,8
2923,328,7401,20250505,792,1,25,8
2924,328,7404,20250505,792,1,45,8
2925,329,7401,20250503,793,2,25,8
2926,329,6644,20250503,793,1,"49,9",8
2927,330,7428,20250430,794,1,115,0
2928,330,7403,20250430,794,1,35,0
2929,331,7406,20250426,795,1,50,8
2930,331,7401,20250426,795,2,25,8
2931,332,7405,20250424,796,1,45,8
2932,332,7404,20250424,796,1,45,8
2933,333,7370,20250424,797,1,90,8
2934,334,7425,20250424,798,1,25,8
2935,334,7403,20250424,798,1,35,8
2936,335,7401,20250423,799,1,25,8
2937,335,7404,20250423,799,1,45,8
2938,335,7229,20250423,799,1,15,8
2939,336,6691,20250423,800,1,92,8
2940,337,7401,20250422,801,4,25,8
2941,338,7405,20250422,802,1,45,0
2942,338,6692,20250422,802,1,115,0
2943,339,7401,20250421,803,2,25,8
2944,339,7404,20250421,803,1,45,8
2945,340,7286,20250417,804,1,86,8
2946,341,7378,20250417,805,1,30,8
2947,341,6538,20250417,805,1,65,8
2948,342,7401,20250416,806,1,25,0
2949,342,6693,20250416,806,1,129,0
2950,343,6586,20250416,807,1,48,8
2951,343,7401,20250416,807,1,25,8
2952,343,6665,20250416,807,1,18,8
2953,344,6538,20250415,808,1,65,8
2954,345,6598,20250412,809,1,75,0
2955,345,7273,20250412,809,1,15,0
2956,346,7401,20250411,810,2,25,8
2957,346,7402,20250411,810,1,50,8
2958,347,6695,20250411,811,1,86,8
2959,348,7401,20250409,812,2,25,8
2960,348,7402,20250409,812,1,50,8
2961,349,6538,20250409,813,1,65,0
2962,349,6539,20250409,813,1,58,0
2963,349,6540,20250409,813,2,48,0
2964,349,6586,20250409,813,1,48,0
2965,350,7406,20250409,814,1,50,8
2966,350,7402,20250409,814,1,50,8
2967,351,6696,20250408,815,1,20,8
2968,351,6647,20250408,815,2,30,8
2969,352,6605,20250403,816,1,50,8
2970,353,7303,20250402,817,1,129,8
2971,354,7220,20250402,818,1,45,8
2972,354,6575,20250402,818,1,50,8
2973,355,6605,20250331,819,1,50,8
2974,0,7402,20250331,820,1,50,8
2975,0,7401,20250331,820,1,25,8
2976,0,7229,20250331,820,1,15,8
2977,0,6684,20250331,820,1,20,8
2978,356,6605,20250331,821,1,50,8
2979,357,6575,20250330,822,1,50,0
2980,357,7306,20250330,822,1,129,0
2981,357,7303,20250330,822,1,129,0
2982,358,7401,20250330,823,2,25,8
2983,358,7402,20250330,823,1,50,8
2984,359,6605,20250330,824,1,50,8
2985,360,7306,20250327,825,1,86,8
2986,360,7383,20250327,825,1,15,8
2987,361,6698,20250327,826,12,"16,5",0
2988,361,7218,20250327,826,3,34,0
2989,361,6647,20250327,826,12,30,0
2990,361,6699,20250327,826,2,85,0
2991,361,6700,20250327,826,3,65,0
2992,361,6692,20250327,826,2,115,0
2993,361,7222,20250327,826,2,125,0
2994,362,7408,20250320,827,1,35,8
2995,362,7361,20250320,827,1,"49,9",8
2996,363,7306,20250318,828,1,129,8
2997,364,7401,20250318,829,1,25,8
2998,364,6672,20250318,829,1,35,8
2999,364,7405,20250318,829,1,45,8
3000,365,6693,20250317,830,1,129,8
3001,366,7303,20250307,831,1,129,8
3002,367,0,20250307,832,1,120,8
3003,367,7383,20250307,832,1,15,8
3004,367,7421,20250307,832,1,15,8
3005,368,7306,20250306,833,1,129,0
3006,368,7306,20250306,833,1,129,0
3007,369,7306,20250306,834,2,129,0
3008,370,6683,20250306,835,1,92,8
3009,371,7303,20250304,836,1,129,8
3010,372,7373,20250302,837,1,64,8
3011,373,7286,20250302,838,2,86,0
3012,374,6704,20250302,839,1,90,0
3013,374,6698,20250302,839,4,"16,5",0
3014,375,7408,20250302,840,1,35,8
3015,375,7404,20250302,840,1,45,8
3016,375,7406,20250302,840,1,50,8
3017,376,7286,20250301,841,1,129,8
3018,377,7286,20250301,842,2,129,0
3019,378,7286,20250301,843,1,129,8
3020,379,7406,20250226,844,1,50,8
3021,379,7408,20250226,844,1,35,8
3022,380,7401,20250226,845,1,25,8
3023,381,6683,20250224,846,1,92,8
3024,382,7401,20250223,847,1,25,8
3025,383,6662,20250221,848,1,92,8
3026,0,6586,20250219,849,1,48,8
3027,0,6538,20250219,849,1,65,8
3028,384,6684,20250219,850,1,20,8
3029,385,7218,20250218,851,1,34,8
3030,385,7217,20250218,851,1,40,8
3031,385,7219,20250218,851,1,34,8
3032,386,6662,20250215,852,1,92,8
3033,387,7402,20250215,853,1,50,8
3034,387,6706,20250215,853,1,50,8
3035,388,7401,20250214,854,1,25,8
3036,389,7401,20250214,855,1,25,8
3037,390,7405,20250214,856,1,45,8
3038,390,7383,20250214,856,1,15,8
3039,390,7421,20250214,856,1,15,8
3040,390,6689,20250214,856,1,20,8
3041,391,6650,20250213,857,1,25,8
3042,392,7402,20250213,858,1,50,8
3043,393,6650,20250213,859,1,25,8
3044,394,7402,20250213,860,1,50,8
3045,395,7402,20250213,861,1,50,8
3046,396,7425,20250213,862,1,25,8
3047,396,6650,20250213,862,1,25,8
3048,397,7401,20250213,863,2,25,8
3049,398,7425,20250213,864,1,25,8
3050,399,7425,20250213,865,1,25,8
3051,400,7401,20250213,866,1,25,8
3052,401,7401,20250213,867,1,25,8
3053,402,7402,20250213,868,1,50,8
3054,403,7401,20250213,869,1,25,8
3055,404,7401,20250213,870,1,25,8
3056,405,7402,20250213,871,1,50,8
3057,406,7425,20250213,872,2,25,8
3058,407,6699,20250213,873,1,85,8
3059,407,6647,20250213,873,1,30,8
3060,408,7425,20250213,874,1,25,8
3061,409,7402,20250213,875,1,50,8
3062,410,6704,20250213,876,1,90,8
3063,410,6698,20250213,876,1,"16,5",8
3064,411,7401,20250213,877,1,25,8
3065,412,7401,20250213,878,1,25,8
3066,413,6650,20250213,879,1,25,8
3067,414,0,20250213,880,1,60,8
3068,415,7401,20250213,881,1,25,8
3069,224,7401,20250212,882,1,25,8
3070,224,7425,20250212,882,1,25,8
3071,416,7401,20250212,883,1,25,8
3072,417,7401,20250212,884,2,20,8
3073,417,7425,20250212,884,2,20,8
3074,417,6650,20250212,884,2,20,8
3075,418,7402,20250212,885,1,50,8
3076,419,7402,20250212,886,1,50,0
3077,419,6706,20250212,886,1,50,0
3078,420,7405,20250212,887,1,45,8
3079,420,7401,20250212,887,1,25,8
3080,420,6615,20250212,887,1,25,8
3081,421,7402,20250212,888,1,50,8
3082,422,7401,20250211,889,1,25,8
3083,423,7402,20250211,890,2,50,8
3084,424,7407,20250210,891,1,90,8
3085,425,6691,20250210,892,1,92,8
3086,425,7374,20250210,892,1,17,8
3087,426,7220,20250208,893,1,45,8
3088,426,7219,20250208,893,1,34,8
3089,426,6601,20250208,893,1,20,8
3090,427,7406,20250206,894,1,50,8
3091,427,7404,20250206,894,1,45,8
3092,428,7361,20250206,895,1,70,8
3093,428,7403,20250206,895,1,35,8
3094,384,6689,20250205,896,1,20,8
3095,384,6684,20250205,896,1,20,8
3096,384,7374,20250205,896,1,17,8
3097,384,6678,20250205,896,1,15,8
3098,429,7378,20250204,897,1,30,8
3099,430,6684,20250203,898,1,20,8
3100,430,7218,20250203,898,1,34,8
3101,430,7404,20250203,898,1,45,8
3102,431,7404,20250129,899,1,45,7
3103,431,7405,20250129,899,1,45,7
3104,432,7361,20250129,900,1,70,7
3105,432,6684,20250129,900,1,20,7
3106,433,7218,20250128,901,1,34,7
3107,433,7220,20250128,901,1,45,7
3108,434,6684,20250125,902,1,20,7
3109,434,6689,20250125,902,2,20,7
3110,434,7220,20250125,902,1,45,7
3111,435,7407,20250124,903,1,90,7
3112,362,7406,20250124,904,2,50,7
3113,436,7407,20250120,905,1,90,7
3114,437,7403,20250120,906,1,35,7
3115,437,6678,20250120,906,1,15,7
3116,437,6689,20250120,906,1,20,7
3117,437,6711,20250120,906,2,15,7
3118,438,6616,20250118,907,1,46,7
3119,439,7378,20250114,908,1,30,7
3120,440,7378,20250114,909,1,30,7
3121,441,6586,20250111,910,1,48,7
3122,442,0,20250106,911,1,120,7
3123,443,6539,20250103,912,1,58,7
3124,444,7378,20241227,913,1,30,7
3125,445,7378,20241225,914,1,30,7
3126,446,0,20241224,915,3,20,7
3127,447,6539,20241224,916,1,58,7
3128,447,6616,20241224,916,1,46,7
3129,448,7378,20241223,917,1,30,7
3130,449,6713,20241210,918,1,28,7
3131,450,6644,20241125,919,1,70,7
3132,451,7378,20241123,920,1,30,7
3133,452,0,20241107,921,3,15,7
3134,453,6644,20241107,922,1,70,7
3135,454,0,20241002,923,2,40,7
3136,454,0,20241002,923,1,30,7
3137,455,6586,20240926,924,1,48,7
3138,456,0,20240906,925,1,180,7
3139,457,0,20240827,926,1,55,7
3140,458,7378,20240827,927,1,30,7
3141,459,6538,20240817,928,1,65,7
3142,460,6539,20240805,929,1,58,7
3143,461,7378,20240730,930,1,30,7
3144,461,6604,20240730,930,1,45,7
3145,462,7378,20240721,931,1,30,7
3146,462,6604,20240721,931,1,45,7
3147,463,0,20240704,932,1,14,7
3148,464,6616,20240630,933,1,46,7
3149,464,6538,20240630,933,1,65,7
3150,464,7378,20240630,933,1,30,7
3151,464,6713,20240630,933,1,28,7
3152,465,7378,20240611,934,1,30,7
3153,466,7378,20240610,935,1,30,7
3154,467,0,20240527,936,1,15,7
3155,467,0,20240527,936,1,15,7
3156,467,0,20240527,936,1,15,7
3157,468,7378,20240507,937,1,30,7
3158,469,7378,20240328,938,1,30,7
3159,470,0,20240324,939,1,17,7
3160,470,0,20240324,939,1,12,7
3161,471,0,20240318,940,1,30,7
3162,472,0,20240313,941,2,17,7
3163,48,0,20240220,558,1,6,7
3164,48,0,20240220,558,1,6,7
3165,49,6575,20260102,0,2,50,8
3166,50,6576,20251230,0,1,90,8
3167,51,6728,20251229,0,"1
1
1","65
58
30",0
3168,52,7370,20251229,0,1,90,8
3169,53,7370,20251229,0,1,90,8
3170,54,6575,20251229,0,2,50,8
3171,55,6729,20251229,0,"1
1
1
1","30
25
25
25",8
3172,56,6730,20251228,0,"1
1","50
25",8
3173,57,6539,20251228,0,1,58,8
3174,58,6585,20251228,0,1,184,0
3175,59,6731,20251227,0,"1
1","50
48",8
3176,60,6538,20251227,559,1,65,8
3177,61,7378,20251227,560,1,30,8
3178,62,6732,20251227,0,"1
1","90
34",8
3179,63,7370,20251226,0,1,90,8
3180,64,6589,20251226,0,5,20,8
3181,65,7425,20251226,0,4,30,8
3182,66,6733,20251226,0,"1
1","50
49.9",8
3183,67,7370,20251225,0,1,90,8
3184,67,7370,20251225,0,1,90,8
3185,69,7370,20251225,0,1,90,8
3186,70,6592,20251225,0,1,90,8
3187,71,6734,20251224,0,"1
1
1","20
30
25",8
3188,72,6595,20251224,0,1,90,8
3189,73,6595,20251224,0,1,90,8
3190,74,6595,20251224,0,1,90,8
3191,75,6595,20251224,0,1,90,8
3192,76,6735,20251224,0,"1
1","80
25",8
3193,77,6736,20251224,562,"1
1","100
50",0
3194,78,6737,20251224,0,"1
1
1
1","25
25
30
20",8
3195,79,6580,20251224,0,4,25,8
3196,80,6738,20251224,0,"1
1
1","20
49.9
20",8
3197,81,6539,20251224,0,1,58,8
3198,82,6739,20251224,0,"1
1
1","20
20
49.9",8
3199,83,6603,20251224,0,1,150,0
3200,84,6740,20251223,0,"1
1
1","45
48
30",8
3201,85,6741,20251222,0,"1
1","30
49.9",8
3202,85,6741,20251222,0,"1
1","30
49.9",8
3203,86,6595,20251222,0,1,90,8
3204,87,6595,20251219,0,1,90,8
3205,88,7370,20251218,0,1,90,8
3206,89,6742,20251217,0,"1
1","48
45",8
3207,90,6590,20251217,563,2,"49,9",8
3208,91,6743,20251217,0,"1
1","50
56",8
3209,92,6607,20251215,0,1,90,8
3210,93,6595,20251214,0,1,90,8
3211,94,6744,20251214,0,"2
1","30
30",8
3212,95,6745,20251213,0,"1
1
1
1","25
25
25
25",8
3213,96,6746,20251212,0,"1
1","80
25",8
3214,97,6747,20251212,0,"1
1
1","49.9
20
20",8
3215,98,6634,20251212,0,1,119,8
3216,99,6748,20251211,0,"1
1
1","49.9
34
25",8
3217,100,6749,20251211,0,"1
1","65
25",8
3218,101,6634,20251211,0,1,119,8
3219,102,6590,20251211,0,2,"49,9",8
3220,103,6750,20251211,0,"1
1
1","25
25
49.9",8
3221,104,6733,20251211,0,"1
1","50
49.9",8
3222,105,6662,20251210,0,1,80,8
3223,106,6595,20251210,0,1,90,8
3224,107,6595,20251210,564,1,90,8
3225,108,7370,20251209,0,1,90,8
3226,109,7370,20251209,0,1,90,8
3227,110,6751,20251208,565,"2
1","30
25",8
3228,111,6752,20251205,566,"1
1","90
25",8
3229,112,6611,20251205,567,1,119,8
3230,113,7370,20251204,568,1,90,8
3231,114,6634,20251204,569,1,119,8
3232,115,6595,20251203,570,1,90,8
3233,116,6753,20251202,571,"1
1
1","50
20
30",8
3234,117,6754,20251201,572,"1
1","50
49.9",8
3235,118,7316,20251201,573,1,25,8
3236,119,6634,20251201,574,1,119,8
3237,120,6576,20251127,575,1,90,8
3238,121,6755,20251125,576,"1
2","50
25",8
3239,122,6756,20251125,577,"1
1
1","20
35
30",8
3240,123,6757,20251123,578,"1
1
1","30
30
30",8
3241,124,6758,20251121,579,"1
1","34
90",8
3242,125,6662,20251120,580,1,80,8
3243,126,6759,20251120,581,"1
1
1","25
25
34",8
3244,127,6760,20251117,582,"1
1
1
1","20
25
25
34",8
3245,128,6575,20251117,583,2,50,8
3246,129,6761,20251114,584,"1
1
1","49.9
25
25",8
3247,130,6762,20251114,585,"1
1
1","30
25
45",8
3248,131,6763,20251114,586,"1
1","46
50",8
3249,132,6764,20251112,587,"1
1
1","25
30
25",8
3250,133,6765,20251111,588,"1
1
2","30
25
30",8
3251,134,6608,20251110,589,5,20,8
3252,135,6766,20251108,590,"1
1","56
50",8
3253,136,6767,20251106,591,"1
1","49.9
50",8
3254,137,6768,20251106,592,"1
1
1","50
25
30",8
3255,138,6769,20251104,593,"1
1","49.9
49.9",8
3256,139,7370,20251104,594,1,90,8
3257,140,6539,20251102,595,1,58,8
3258,141,6770,20251031,596,"1
1","80
25",8
3259,142,6595,20251031,597,1,90,8
3260,143,6771,20251031,598,"1
1
1
1
1","20
20
20
25
25",8
3261,144,6621,20251030,599,1,90,8
3262,145,6634,20251030,600,1,119,8
3263,146,6662,20251029,601,1,80,8
3264,147,6772,20251028,602,"1
1
1
1","20
20
25
34",8
3265,148,6611,20251028,603,1,119,8
3266,149,6575,20251025,604,2,50,8
3267,150,6773,20251023,605,"1
1
1
1","25
25
30
30",8
3268,151,6580,20251022,606,1,25,8
3269,152,6774,20251022,607,"1
1","60
50",8
3270,153,6775,20251020,608,"1
2
1","25
25
25",8
3271,154,6776,20251020,609,"1
1","49.9
50",8
3272,155,6777,20251020,610,"2
2","20
25",8
3273,156,6595,20251020,611,1,90,8
3274,157,6778,20251020,612,"1
1
1
1","30
25
30
20",8
3275,158,7370,20251020,613,1,90,8
3276,159,6779,20251018,614,"2
1","25
45",8
3277,160,6780,20251016,615,"2
1
1","25
30
25",8
3278,161,6608,20251014,616,4,20,8
3279,162,6781,20251013,617,"2
1","30
50",8
3280,164,6782,20251013,619,"1
1
1
1","25
25
25
25",8
3281,162,6625,20251013,620,1,120,8
3282,165,6783,20251012,621,"1
1
1","30
49.9
25",8
3283,166,6784,20251009,622,"1
1","90
20",8
3284,167,7370,20251007,623,1,90,8
3285,168,6586,20251003,624,1,48,8
3286,169,6785,20251003,625,"1
1","20
80",8
3287,170,6786,20250930,626,"1
1
1
1
1","20
20
20
20
20",8
3288,171,6595,20250930,627,1,90,8
3289,172,6787,20250930,628,"1
1","50
30",8
3290,173,6788,20250928,629,"1
1
1","25
25
49.9",8
3291,174,6789,20250927,630,"1
1
1","30
25
30",8
3292,175,6594,20250925,631,1,30,8
3293,176,6790,20250924,632,"2
1","30
30",8
3294,177,6791,20250924,633,"1
1","46
50",8
3295,178,7370,20250924,634,1,90,8
3296,179,0,20250923,635,"1
2
2","31
31
36",0
3297,180,6634,20250923,636,1,119,8
3298,181,6595,20250922,637,1,90,8
3299,182,6634,20250919,638,1,119,8
3300,183,6793,20250917,639,"1
1
1","34
30
30",8
3301,184,6538,20250913,640,1,65,8
3302,185,6595,20250910,641,1,90,8
3303,186,6620,20250909,642,1,20,8
3304,187,6575,20250907,643,2,50,8
3305,188,6794,20250905,644,"2
1","20
25",8
3306,189,6795,20250904,645,"1
1","30
58",8
3307,190,6758,20250903,646,"1
1","34
90",8
3308,191,6796,20250903,647,"1
1","46
48",8
3309,192,6625,20250901,648,1,120,8
3310,193,6797,20250901,649,"1
1
1","25
25
50",8
3311,194,6798,20250901,650,"1
1
1
1","30
25
25
20",8
3312,195,7427,20250831,651,1,84,8
3313,196,6626,20250831,652,2,20,8
3314,197,7306,20250831,653,1,100,8
3315,198,6634,20250830,654,1,119,8
3316,199,6799,20250829,655,"1
1
2","30
35
25",8
3317,200,6634,20250829,656,1,119,8
3318,201,6634,20250829,657,1,119,8
3319,202,6800,20250826,658,"1
1
1","34
30
30",8
3320,203,6635,20250826,659,1,109,8
3321,204,6586,20250826,660,2,48,8
3322,205,7306,20250825,661,1,100,8
3323,206,6801,20250825,662,"2
1","25
35",8
3324,207,6802,20250824,663,"1
1","80
20",8
3325,208,6803,20250823,664,"1
1","45
90",8
3326,209,7373,20250822,665,1,90,8
3327,210,7256,20250821,666,1,85,8
3328,211,7306,20250821,667,1,100,8
3329,212,7306,20250821,668,1,100,8
3330,187,6575,20250820,669,2,50,8
3331,213,6804,20250820,670,"1
1","50
50",8
3332,214,6805,20250820,671,"1
1","49.9
50",8
3333,215,7370,20250820,672,1,90,8
3334,216,7306,20250820,673,1,100,8
3335,217,7306,20250820,674,1,100,8
3336,218,6806,20250820,675,"1
2","45
30",8
3337,219,6807,20250819,676,"1
1
1","90
50
15",0
3338,220,6808,20250819,677,"1
3","25
25",8
3339,221,6809,20250818,678,"1
1","50
55",8
3340,222,6810,20250818,679,"1
1
1","34
30
40",8
3341,223,6811,20250818,680,"1
1","25
49.9",8
3342,224,6812,20250818,681,"1
1","25
70",8
3343,225,6644,20250816,682,2,"49,9",8
3344,226,6813,20250813,683,"1
1","45
50",8
3345,227,6814,20250813,684,"1
1
1","45
35
20",8
3346,228,6815,20250812,685,"2
1","40
30",8
3347,192,6659,20250811,686,1,219,0
3348,229,7306,20250811,0,1,100,8
3349,230,6816,20250811,687,"1
1","30
45",8
3350,231,7425,20250810,688,1,25,8
3351,232,6660,20250809,689,1,150,0
3352,233,6661,20250809,690,1,92,8
3353,234,6644,20250807,691,1,"49,9",8
3354,235,6662,20250806,692,1,92,8
3355,236,6817,20250806,693,"1
1
1","50
34
15",8
3356,237,6818,20250806,694,"1
1
1","50
18
18",8
3357,238,6819,20250805,695,"1
1","45
49.9",8
3358,239,6820,20250805,696,"1
1
2","20
35
20",8
3359,240,6821,20250805,697,"1
1","70
20",8
3360,241,6822,20250804,698,"1
1
1","34
15
50",8
3361,242,7370,20250804,699,1,90,8
3362,243,7373,20250804,700,1,90,8
3363,244,7427,20250804,701,1,84,8
3364,245,6823,20250804,702,"1
1","48
30",8
3365,246,6824,20250804,703,"1
1","100
34",8
3366,247,6825,20250803,704,"1
1","45
49.9",8
3367,248,6826,20250802,705,"1
1","90
25",8
3368,249,7306,20250801,706,1,100,8
3369,250,6827,20250728,707,"1
1","46
45",8
3370,251,6828,20250721,708,"1
1","58
45",8
3371,252,6829,20250721,709,"1
1","50
50",8
3372,253,6824,20250718,710,"1
1","100
34",8
3373,254,7286,20250718,711,1,86,8
3374,255,6830,20250717,712,"1
1","48
45",8
3375,256,7427,20250715,713,1,84,8
3376,257,7372,20250715,714,1,90,8
3377,258,6538,20250715,715,1,65,8
3378,61,7378,20250714,716,1,30,8
3379,259,6575,20250714,717,2,50,8
3380,260,7286,20250712,718,1,86,8
3381,261,6831,20250710,719,"1
1
1","25
35
35",8
3382,262,7378,20250708,720,1,30,8
3383,263,6832,20250708,721,"1
1","50
45",8
3384,264,7378,20250708,722,1,30,8
3385,265,6833,20250707,723,"1
1","80
34",8
3386,266,6834,20250704,724,"1
1
1
1
1
1","18
15
15
20
20
20",8
3387,267,7407,20250704,725,1,90,8
3388,268,6835,20250702,726,"1
1
1","49.9
34
15",8
3389,269,6836,20250701,727,"1
1","45
50",8
3390,270,6679,20250701,728,1,120,8
3391,271,6837,20250701,729,"1
1","50
45",8
3392,272,6838,20250630,730,"2
1","25
45",8
3393,273,6839,20250625,731,"2
2","25
25",8
3394,274,6605,20250625,732,1,50,8
3395,275,6840,20250624,733,"1
1
1
1","15
15
20
49.9",8
3396,276,6841,20250620,734,"3
1","25
25",8
3397,277,6842,20250620,735,"1
2
1","35
25
25",8
3398,278,6843,20250619,736,"1
2
1","35
25
15",8
3399,98,6844,20250618,737,"1
1","90
15",8
3400,279,6650,20250616,738,4,25,8
3401,280,6605,20250613,739,1,50,8
3402,281,6607,20250612,740,1,90,8
3403,231,6845,20250612,741,"1
1","35
25",8
3404,282,7306,20250612,742,1,86,8
3405,283,6846,20250612,743,"1
1
1
1","25
30
15
25",8
3406,284,7218,20250612,744,3,34,8
3407,285,6847,20250612,745,"1
1
1
1","25
25
35
15",8
3408,286,6848,20250612,746,"1
1
1","34
25
45",8
3409,287,7286,20250611,747,1,86,8
3410,288,6607,20250611,748,1,90,8
3411,289,7378,20250611,749,1,30,8
3412,290,6849,20250609,750,"1
1","50
50",8
3413,291,7401,20250607,751,4,25,8
3414,292,7306,20250605,752,1,129,8
3415,293,7407,20250605,753,1,90,8
3416,294,6683,20250603,754,1,92,8
3417,295,7378,20250602,755,1,30,8
3418,296,6644,20250530,756,1,"49,9",8
3419,297,6850,20250530,757,"1
1
1","50
90
20",0
3420,298,6662,20250530,758,1,92,8
3421,299,6644,20250529,759,1,"49,9",8
3422,300,6851,20250528,760,"1
1","25
35",8
3423,301,6852,20250526,761,"1
1","90
25",8
3424,302,6853,20250526,762,"1
1","65
35",8
3425,303,7372,20250525,763,1,90,8
3426,304,7401,20250523,764,1,25,8
3427,305,7401,20250523,765,1,25,8
3428,306,6625,20250522,766,1,120,8
3429,307,7314,20250521,767,1,145,0
3430,308,6854,20250521,768,"1
1
1","45
25
25",8
3431,309,6686,20250519,769,1,120,8
3432,307,6687,20250519,770,1,399,0
3433,310,6855,20250519,771,"1
1
1
3","50
50
50
25",0
3434,175,7401,20250519,772,2,25,8
3435,311,6856,20250518,773,"1
1
1
1
1","25
15
15
20
15",8
3436,312,6607,20250518,774,1,90,8
3437,313,6857,20250517,775,"1
1
1","45
25
25",8
3438,314,6605,20250516,776,1,50,8
3439,315,6575,20250516,777,1,50,8
3440,316,6858,20250515,778,"2
1
1
2","45
20
15
15",0
3441,185,6598,20250514,779,1,0,8
3442,317,7306,20250514,780,1,29,8
3443,318,7373,20250513,781,1,90,8
3444,319,6859,20250512,782,"1
1","49.9
25",8
3445,299,7401,20250512,783,1,25,8
3446,320,6604,20250510,784,1,45,8
3447,321,6860,20250509,785,"1
1","45
50",8
3448,322,6605,20250509,786,2,50,8
3449,323,6605,20250509,787,1,50,8
3450,324,6683,20250508,788,1,92,8
3451,325,6861,20250506,789,"1
1
1","50
35
25",8
3452,326,6852,20250506,790,"1
1","90
25",8
3453,327,6862,20250505,791,"1
1
1","34
50
25",8
3454,328,6863,20250505,792,"1
1
1","45
25
45",8
3455,329,6864,20250503,793,"2
1","25
49.9",8
3456,330,6865,20250430,794,"1
1","115
35",0
3457,331,6866,20250426,795,"1
2","50
25",8
3458,332,6867,20250424,796,"1
1","45
45",8
3459,333,7370,20250424,797,1,90,8
3460,334,6868,20250424,798,"1
1","25
35",8
3461,335,6869,20250423,799,"1
1
1","25
45
15",8
3462,336,6691,20250423,800,1,92,8
3463,337,7401,20250422,801,4,25,8
3464,338,6870,20250422,802,"1
1","45
115",0
3465,339,6871,20250421,803,"2
1","25
45",8
3466,340,7286,20250417,804,1,86,8
3467,341,6872,20250417,805,"1
1","30
65",8
3468,342,6873,20250416,806,"1
1","25
129",0
3469,343,6874,20250416,807,"1
1
1","48
25
18",8
3470,344,6538,20250415,808,1,65,8
3471,345,6875,20250412,809,"1
1","75
15",0
3472,346,6876,20250411,810,"2
1","25
50",8
3473,347,6695,20250411,811,1,86,8
3474,348,6876,20250409,812,"2
1","25
50",8
3475,349,6877,20250409,813,"1
1
2
1","65
58
48
48",0
3476,350,6829,20250409,814,"1
1","50
50",8
3477,351,6878,20250408,815,"1
2","20
30",8
3478,352,6605,20250403,816,1,50,8
3479,353,7303,20250402,817,1,129,8
3480,354,6879,20250402,818,"1
1","45
50",8
3481,355,6605,20250331,819,1,50,8
3482,0,6880,20250331,820,"1
1
1
1","50
25
15
20",8
3483,356,6605,20250331,821,1,50,8
3484,357,6881,20250330,822,"1
1
1","50
129
129",0
3485,358,6876,20250330,823,"2
1","25
50",8
3486,359,6605,20250330,824,1,50,8
3487,360,6882,20250327,825,"1
1","86
15",8
3488,361,6883,20250327,826,"12
3
12
2
3
2
2","16.5
34
30
85
65
115
125",0
3489,362,6884,20250320,827,"1
1","35
49.9",8
3490,363,7306,20250318,828,1,129,8
3491,364,6885,20250318,829,"1
1
1","25
35
45",8
3492,365,6693,20250317,830,1,129,8
3493,366,7303,20250307,831,1,129,8
3494,367,6886,20250307,832,"1
1
1","120
15
15",8
3495,368,6887,20250306,833,"1
1","129
129",0
3496,369,7306,20250306,834,2,129,0
3497,370,6683,20250306,835,1,92,8
3498,371,7303,20250304,836,1,129,8
3499,372,7373,20250302,837,1,64,8
3500,373,7286,20250302,838,2,86,0
3501,374,6888,20250302,839,"1
4","90
16.5",0
3502,375,6889,20250302,840,"1
1
1","35
45
50",8
3503,376,7286,20250301,841,1,129,8
3504,377,7286,20250301,842,2,129,0
3505,378,7286,20250301,843,1,129,8
3506,379,6890,20250226,844,"1
1","50
35",8
3507,380,7401,20250226,845,1,25,8
3508,381,6683,20250224,846,1,92,8
3509,382,7401,20250223,847,1,25,8
3510,383,6662,20250221,848,1,92,8
3511,0,6891,20250219,849,"1
1","48
65",8
3512,384,6684,20250219,850,1,20,8
3513,385,6892,20250218,851,"1
1
1","34
40
34",8
3514,386,6662,20250215,852,1,92,8
3515,387,6893,20250215,853,"1
1","50
50",8
3516,388,7401,20250214,854,1,25,8
3517,389,7401,20250214,855,1,25,8
3518,390,6894,20250214,856,"1
1
1
1","45
15
15
20",8
3519,391,6650,20250213,857,1,25,8
3520,392,7402,20250213,858,1,50,8
3521,393,6650,20250213,859,1,25,8
3522,394,7402,20250213,860,1,50,8
3523,395,7402,20250213,861,1,50,8
3524,396,6895,20250213,862,"1
1","25
25",8
3525,397,7401,20250213,863,2,25,8
3526,398,7425,20250213,864,1,25,8
3527,399,7425,20250213,865,1,25,8
3528,400,7401,20250213,866,1,25,8
3529,401,7401,20250213,867,1,25,8
3530,402,7402,20250213,868,1,50,8
3531,403,7401,20250213,869,1,25,8
3532,404,7401,20250213,870,1,25,8
3533,405,7402,20250213,871,1,50,8
3534,406,7425,20250213,872,2,25,8
3535,407,6896,20250213,873,"1
1","85
30",8
3536,408,7425,20250213,874,1,25,8
3537,409,7402,20250213,875,1,50,8
3538,410,6888,20250213,876,"1
1","90
16.5",8
3539,411,7401,20250213,877,1,25,8
3540,412,7401,20250213,878,1,25,8
3541,413,6650,20250213,879,1,25,8
3542,414,0,20250213,880,1,60,8
3543,415,7401,20250213,881,1,25,8
3544,224,6839,20250212,882,"1
1","25
25",8
3545,416,7401,20250212,883,1,25,8
3546,417,6897,20250212,884,"2
2
2","20
20
20",8
3547,418,7402,20250212,885,1,50,8
3548,419,6893,20250212,886,"1
1","50
50",0
3549,420,6898,20250212,887,"1
1
1","45
25
25",8
3550,421,7402,20250212,888,1,50,8
3551,422,7401,20250211,889,1,25,8
3552,423,7402,20250211,890,2,50,8
3553,424,7407,20250210,891,1,90,8
3554,425,6899,20250210,892,"1
1","92
17",8
3555,426,6900,20250208,893,"1
1
1","45
34
20",8
3556,427,6837,20250206,894,"1
1","50
45",8
3557,428,6901,20250206,895,"1
1","70
35",8
3558,384,6902,20250205,896,"1
1
1
1","20
20
17
15",8
3559,429,7378,20250204,897,1,30,8
3560,430,6903,20250203,898,"1
1
1","20
34
45",8
3561,431,6904,20250129,899,"1
1","45
45",7
3562,432,6905,20250129,900,"1
1","70
20",7
3563,433,6906,20250128,901,"1
1","34
45",7
3564,434,6907,20250125,902,"1
2
1","20
20
45",7
3565,435,7407,20250124,903,1,90,7
3566,362,7406,20250124,904,2,50,7
3567,436,7407,20250120,905,1,90,7
3568,437,6908,20250120,906,"1
1
1
2","35
15
20
15",7
3569,438,6616,20250118,907,1,46,7
3570,439,7378,20250114,908,1,30,7
3571,440,7378,20250114,909,1,30,7
3572,441,6586,20250111,910,1,48,7
3573,442,0,20250106,911,1,120,7
3574,443,6539,20250103,912,1,58,7
3575,444,7378,20241227,913,1,30,7
3576,445,7378,20241225,914,1,30,7
3577,446,0,20241224,915,3,20,7
3578,447,6909,20241224,916,"1
1","58
46",7
3579,448,7378,20241223,917,1,30,7
3580,449,6713,20241210,918,1,28,7
3581,450,6644,20241125,919,1,70,7
3582,451,7378,20241123,920,1,30,7
3583,452,0,20241107,921,3,15,7
3584,453,6644,20241107,922,1,70,7
3585,454,0,20241002,923,"2
1","40
30",7
3586,455,6586,20240926,924,1,48,7
3587,456,0,20240906,925,1,180,7
3588,457,0,20240827,926,1,55,7
3589,458,7378,20240827,927,1,30,7
3590,459,6538,20240817,928,1,65,7
3591,460,6539,20240805,929,1,58,7
3592,461,6816,20240730,930,"1
1","30
45",7
3593,462,6816,20240721,931,"1
1","30
45",7
3594,463,0,20240704,932,1,14,7
3595,464,6911,20240630,933,"1
1
1
1","46
65
30
28",7
3596,465,7378,20240611,934,1,30,7
3597,466,7378,20240610,935,1,30,7
3598,467,0,20240527,936,"1
1
1","15
15
15",7
3599,468,7378,20240507,937,1,30,7
3600,469,7378,20240328,938,1,30,7
3601,470,0,20240324,939,"1
1","17
12",7
3602,471,0,20240318,940,1,30,7
3603,472,0,20240313,941,2,17,7
3604,48,0,20240220,558,"1
1
1","6
6
6",7
3605,163,7378,20231230,618,1,30,0
3606,68,0,20231206,561,1,19,0
