FactFinancePK,dateFK,documentFK,supplierFK,customerFK,total_ht,tva,total_ttc,startDate,endDate,flag
2,20230610,1522,9,472,"812,4","0,19",967.756,2026-03-30 12:29:42.264,,y
3,20230712,1523,9,472,"799,385","0,19",952.26815,2026-03-30 12:29:42.265,,y
4,20230803,1524,9,472,"666,112","0,19",793.67328,2026-03-30 12:29:42.266,,y
5,20230924,1525,9,472,616,"0,19",734.04,2026-03-30 12:29:42.267,,y
6,20231011,1526,9,472,"663,444","0,19",790.49836,2026-03-30 12:29:42.271,,y
7,20231121,1527,10,472,"1081,75","0,19",1288.2825,2026-03-30 12:29:42.272,,y
8,20231121,1528,9,472,"462,216","0,19",551.03704,2026-03-30 12:29:42.272,,y
9,20231206,1529,11,472,"934,58","0,07",1000.0006,2026-03-30 12:29:42.273,,y
10,20231206,1530,94,472,"420,551","0,07",449.98957,2026-03-30 12:29:42.274,,y
11,20231215,1531,13,472,762,"0,19",907.78,2026-03-30 12:29:42.275,,y
12,20231218,1532,14,472,"1690,2","0,19",2012.338,2026-03-30 12:29:42.276,,y
13,20231221,1534,16,472,1425,"0,07",1524.75,2026-03-30 12:29:42.276,,y
14,20231221,1535,10,472,3640,"0,19",4332.6,2026-03-30 12:29:42.277,,y
15,20231225,1536,17,472,1800,"0,19",2160,2026-03-30 12:29:42.278,,y
16,20231228,1537,9,472,"504,462","0,19",601.30978,2026-03-30 12:29:42.279,,y
17,20240124,1538,18,472,950,"0,19","1142,805",2026-03-30 12:29:42.28,,y
18,20240116,1530,94,472,"3932,2499","0,07",4207.507393,2026-03-30 12:29:42.281,,y
19,20240116,1539,11,472,"8411,21495","0,07",8999.9999965,2026-03-30 12:29:42.282,,y
20,20240711,1498,19,472,1797,"0,19",2139.395857,2026-03-30 12:29:42.282,,y
21,20240717,1499,20,472,"375,2","0,19",447.488,2026-03-30 12:29:42.283,,y
22,20240715,1500,21,472,"210,25","0,19",251.1975,2026-03-30 12:29:42.283,,y
23,20240720,1501,22,472,"1500,476","0,19",1732.9994468,2026-03-30 12:29:42.284,,y
24,20240101,1540,23,472,"64,286","0,19",87.21034,2026-03-30 12:29:42.284,,y
25,20240201,1540,23,472,"64,286","0,19",87.21034,2026-03-30 12:29:42.285,,y
26,20240301,1540,23,472,"64,286","0,19",87.21034,2026-03-30 12:29:42.286,,y
27,20240401,1540,23,472,"64,286","0,19",87.21034,2026-03-30 12:29:42.286,,y
28,20240501,1540,23,472,"64,286","0,19",87.21034,2026-03-30 12:29:42.287,,y
29,20240601,1540,23,472,"64,286","0,19",87.21034,2026-03-30 12:29:42.287,,y
30,20240701,1540,23,472,"64,286","0,19",87.21034,2026-03-30 12:29:42.288,,y
31,20240801,1540,23,472,"64,286","0,19",87.21034,2026-03-30 12:29:42.288,,y
32,20240728,1541,24,472,365,"0,19",435.35,2026-03-30 12:29:42.291,,y
33,20240619,1542,25,472,"1116,9","0,07",1207.252,2026-03-30 12:29:42.291,,y
34,20240527,1418,26,472,600,"0,19",721,2026-03-30 12:29:42.292,,y
35,20240301,1418,16,472,"21028,03","0,07",22499.9921,2026-03-30 12:29:42.292,,y
36,20240901,1540,23,472,"64,286","0,19",87.21034,2026-03-30 12:29:42.293,,y
37,20241001,1540,23,472,"64,286","0,19",87.21034,2026-03-30 12:29:42.293,,y
38,20241121,1382,27,472,625,"0,19",752.1875,2026-03-30 12:29:42.294,,y
39,20241121,1415,28,472,"65,4","0,19",78.826,2026-03-30 12:29:42.294,,y
40,20241108,1543,29,472,1250,0,1250,2026-03-30 12:29:42.295,,y
41,20241114,1416,28,472,9000,"0,19",10711,2026-03-30 12:29:42.295,,y
42,20241209,1544,30,472,"207,5","0,19",247.925,2026-03-30 12:29:42.296,,y
43,20241205,1545,30,472,1335,"0,19",1589.65,2026-03-30 12:29:42.296,,y
44,20241205,1418,31,472,16095,0,16095,2026-03-30 12:29:42.297,,y
45,20250106,1418,40,472,894,0,894,2026-03-30 12:29:42.297,,y
46,20241206,1418,32,472,1800,0,1800,2026-03-30 12:29:42.298,,y
47,20241206,1418,33,472,440,0,440,2026-03-30 12:29:42.298,,y
48,20241225,1418,34,472,230,0,230,2026-03-30 12:29:42.299,,y
49,20241231,1418,35,472,420,0,420,2026-03-30 12:29:42.299,,y
50,20240301,1418,36,472,550,0,550,2026-03-30 12:29:42.299,,y
51,20240308,1418,37,472,250,0,250,2026-03-30 12:29:42.3,,y
52,20241225,1418,4,472,900,0,900,2026-03-30 12:29:42.3,,y
53,20250106,1418,38,472,818,0,818,2026-03-30 12:29:42.3,,y
54,20241231,1418,36,472,90,0,90,2026-03-30 12:29:42.3,,y
55,20241115,1418,20,472,90,0,90,2026-03-30 12:29:42.301,,y
56,20241001,1418,39,472,140,0,140,2026-03-30 12:29:42.301,,y
57,20241101,1418,39,472,75,0,75,2026-03-30 12:29:42.301,,y
58,20241001,1418,40,472,30,0,30,2026-03-30 12:29:42.302,,y
59,20241231,1418,41,472,200,0,200,2026-03-30 12:29:42.302,,y
60,20241231,1418,42,472,200,0,200,2026-03-30 12:29:42.302,,y
61,20241231,1418,43,472,250,0,250,2026-03-30 12:29:42.302,,y
62,20241202,1418,44,472,20,0,20,2026-03-30 12:29:42.303,,y
63,20241231,1418,45,472,500,0,500,2026-03-30 12:29:42.303,,y
64,20241231,1418,46,472,300,0,300,2026-03-30 12:29:42.303,,y
65,20240326,1546,14,472,2626,"0,19",3125.94,2026-03-30 12:29:42.303,,y
66,20240501,1418,47,472,350,0,350,2026-03-30 12:29:42.304,,y
67,20240401,1418,31,472,500,0,501,2026-03-30 12:29:42.304,,y
68,20240501,1418,27,472,"656,6","0,19",782.354,2026-03-30 12:29:42.304,,y
69,20240701,1418,17,472,330,"0,19",393.7,2026-03-30 12:29:42.305,,y
70,20240610,1418,27,472,480,"0,19",572.2,2026-03-30 12:29:42.305,,y
71,20240301,1418,48,472,380,"0,19",453.2,2026-03-30 12:29:42.305,,y
72,20240201,1418,49,472,120,0,120,2026-03-30 12:29:42.306,,y
73,20240301,1418,50,472,140,0,140,2026-03-30 12:29:42.306,,y
74,20240325,1418,51,472,70,0,70,2026-03-30 12:29:42.306,,y
75,20240301,1418,52,472,75,0,75,2026-03-30 12:29:42.306,,y
76,20240401,1418,53,472,75,0,75,2026-03-30 12:29:42.307,,y
77,20241223,1418,28,472,189,"0,19",225.91,2026-03-30 12:29:42.307,,y
78,20240315,1418,54,472,100,0,100,2026-03-30 12:29:42.307,,y
90,20231222,1513,8,45,7470,"0,19",8889.3,2026-03-30 12:29:42.409,,y
91,20231226,1515,8,46,5460,"0,19",6497.4,2026-03-30 12:29:42.41,,y
92,20231228,1516,8,40,800,"0,19",952,2026-03-30 12:29:42.411,,y
93,20240131,1518,8,40,751,"0,19",893.69,2026-03-30 12:29:42.412,,y
94,20240528,1505,8,40,727,"0,19",866.13,2026-03-30 12:29:42.412,,y
95,20240701,1508,8,40,544,"0,19",648.36,2026-03-30 12:29:42.413,,y
96,20240730,1509,8,40,744,"0,19",886.36,2026-03-30 12:29:42.414,,y
97,20240308,1520,8,1,51480,"0,19",61261.2,2026-03-30 12:29:42.415,,y
98,20240906,1510,8,40,544,"0,19",648.36,2026-03-30 12:29:42.415,,y
99,20240307,1502,8,32,"1830,4","0,19","2178,176",2026-03-30 12:29:42.416,,y
100,-1,1418,8,472,137692.82,0,163390.5458,2026-03-30 12:29:42.417,,y
101,20200101,1418,8,472,(montant HT factures),0,(montants TTC factures),2026-03-30 12:29:42.417,,y
102,20250221,1326,66,472,205.607,7.0,220.0,2026-03-30 12:29:42.462,,y
103,20250123,1327,95,472,1250,19.0,1488.5,2026-03-30 12:29:42.463,,y
104,20250728,1328,96,472,630.0,19.0,434.008,2026-03-30 12:29:42.463,,y
105,20250728,1328,96,472,50.0,19.0,434.008,2026-03-30 12:29:42.464,,y
106,20250728,1328,96,472,0.0,1.0,434.008,2026-03-30 12:29:42.464,,y
107,20250205,1329,97,472,18.64,19.0,251.451,2026-03-30 12:29:42.465,,y
108,20250205,1329,97,472,17.7,19.0,251.451,2026-03-30 12:29:42.465,,y
109,20250205,1329,97,472,17.58,19.0,251.451,2026-03-30 12:29:42.465,,y
110,20250205,1329,97,472,31.5,7.0,251.451,2026-03-30 12:29:42.465,,y
111,20250205,1329,97,472,14.0,19.0,251.451,2026-03-30 12:29:42.466,,y
112,20250205,1329,97,472,26.65,7.0,251.451,2026-03-30 12:29:42.466,,y
113,20250205,1329,97,472,17.32,7.0,251.451,2026-03-30 12:29:42.467,,y
114,20250205,1329,97,472,7.49,7.0,251.451,2026-03-30 12:29:42.467,,y
115,20250205,1329,97,472,35.64,19.0,251.451,2026-03-30 12:29:42.467,,y
116,20250205,1329,97,472,41.16,19.0,251.451,2026-03-30 12:29:42.468,,y
117,20250205,1329,97,472,41.16,19.0,251.451,2026-03-30 12:29:42.468,,y
118,20250102,1330,98,472,1000.0,7.0,1071.0,2026-03-30 12:29:42.468,,y
119,20250718,1331,30,472,180.0,0,298.5,2026-03-30 12:29:42.469,,y
120,20250718,1331,30,472,70.0,0,298.5,2026-03-30 12:29:42.469,,y
121,20250327,1332,30,472,108.0,19.0,129.52,2026-03-30 12:29:42.469,,y
122,20250910,1333,30,472,180.0,0,298.5,2026-03-30 12:29:42.47,,y
123,20250910,1333,30,472,70.0,0,298.5,2026-03-30 12:29:42.47,,y
124,20250228,1334,30,472,680.0,19.0,1940.7,2026-03-30 12:29:42.47,,y
125,20250228,1334,30,472,320.0,19.0,1940.7,2026-03-30 12:29:42.471,,y
126,20250228,1334,30,472,630.0,19.0,1940.7,2026-03-30 12:29:42.471,,y
127,20250313,1335,30,472,847.7,19.0,1370.036,2026-03-30 12:29:42.471,,y
128,20250313,1335,30,472,302.75,19.0,1370.036,2026-03-30 12:29:42.472,,y
129,20241108,1336,29,472,1250.0,0,1250.0,2026-03-30 12:29:42.472,,y
130,20250205,1338,99,472,252.29999,7.0,1965.734,2026-03-30 12:29:42.472,,y
131,20250205,1338,99,472,182.1,7.0,1965.734,2026-03-30 12:29:42.473,,y
132,20250205,1338,99,472,1401.7999,7.0,1965.734,2026-03-30 12:29:42.473,,y
133,20250201,1339,100,472,75.63,19.0,102.6,2026-03-30 12:29:42.473,,y
134,20250301,1340,100,472,25.21,19.0,34.2,2026-03-30 12:29:42.473,,y
135,20240601,1341,100,472,64.286,19.0,87.21,2026-03-30 12:29:42.474,,y
136,20240701,1342,100,472,64.286,19.0,87.21,2026-03-30 12:29:42.474,,y
137,20240801,1343,100,472,64.286,19.0,87.21,2026-03-30 12:29:42.474,,y
138,20240901,1344,100,472,64.286,19.0,87.21,2026-03-30 12:29:42.475,,y
139,20241001,1345,100,472,64.286,19.0,87.21,2026-03-30 12:29:42.475,,y
140,20241101,1346,100,472,64.286,19.0,87.21,2026-03-30 12:29:42.475,,y
141,20250402,1347,15,472,18700.0,0,20010,2026-03-30 12:29:42.476,,y
142,20250923,1348,15,472,90.0,0,"422,58",2026-03-30 12:29:42.476,,y
143,20250923,1348,15,472,28.0,0,"422,58",2026-03-30 12:29:42.476,,y
144,20250923,1348,15,472,60.0,0,"422,58",2026-03-30 12:29:42.476,,y
145,20250923,1348,15,472,216.0,0,"422,58",2026-03-30 12:29:42.477,,y
146,20251111,1349,15,472,60.0,0,"161,5",2026-03-30 12:29:42.479,,y
147,20251111,1349,15,472,90.0,0,"161,5",2026-03-30 12:29:42.48,,y
148,20250212,1350,15,472,150.0,0,"456,82",2026-03-30 12:29:42.48,,y
149,20250212,1350,15,472,72.0,0,"456,82",2026-03-30 12:29:42.481,,y
150,20250212,1350,15,472,102.0,0,"456,82",2026-03-30 12:29:42.481,,y
151,20250212,1350,15,472,102.0,0,"456,82",2026-03-30 12:29:42.481,,y
152,20251111,1351,15,472,90.0,0,"408,349",2026-03-30 12:29:42.482,,y
153,20251111,1351,15,472,297.0,0,"408,349",2026-03-30 12:29:42.482,,y
154,20250923,1352,15,472,90.0,0,"874,12",2026-03-30 12:29:42.482,,y
155,20250923,1352,15,472,84.0,0,"874,12",2026-03-30 12:29:42.482,,y
156,20250923,1352,15,472,300.0,0,"874,12",2026-03-30 12:29:42.483,,y
157,20250923,1352,15,472,270.0,0,"874,12",2026-03-30 12:29:42.483,,y
158,20250923,1352,15,472,72.0,0,"874,12",2026-03-30 12:29:42.483,,y
159,20250226,1353,15,472,13050.0,0,"13964,5",2026-03-30 12:29:42.483,,y
160,20250829,1354,15,472,150.0,0,"1678,76",2026-03-30 12:29:42.484,,y
161,20250829,1354,15,472,150.0,0,"1678,76",2026-03-30 12:29:42.484,,y
162,20250829,1354,15,472,140.0,0,"1678,76",2026-03-30 12:29:42.484,,y
163,20250829,1354,15,472,300.0,0,"1678,76",2026-03-30 12:29:42.485,,y
164,20250829,1354,15,472,270.0,0,"1678,76",2026-03-30 12:29:42.485,,y
165,20250829,1354,15,472,84.0,0,"1678,76",2026-03-30 12:29:42.485,,y
166,20250829,1354,15,472,270.0,0,"1678,76",2026-03-30 12:29:42.485,,y
167,20250829,1354,15,472,204.0,0,"1678,76",2026-03-30 12:29:42.485,,y
168,20250818,1355,15,472,32.71,0,"741,86",2026-03-30 12:29:42.486,,y
169,20250818,1355,15,472,61.682,0,"741,86",2026-03-30 12:29:42.486,,y
170,20250818,1355,15,472,24.0,0,"741,86",2026-03-30 12:29:42.486,,y
171,20250818,1355,15,472,90.0,0,"741,86",2026-03-30 12:29:42.486,,y
172,20250818,1355,15,472,28.0,0,"741,86",2026-03-30 12:29:42.486,,y
173,20250818,1355,15,472,180.0,0,"741,86",2026-03-30 12:29:42.487,,y
174,20250818,1355,15,472,54.0,0,"741,86",2026-03-30 12:29:42.487,,y
175,20250818,1355,15,472,135.0,0,"741,86",2026-03-30 12:29:42.487,,y
176,20250818,1355,15,472,36.0,0,"741,86",2026-03-30 12:29:42.487,,y
177,20250818,1355,15,472,51.0,0,"741,86",2026-03-30 12:29:42.488,,y
178,20250114,1356,15,472,150.0,0,"1377,02",2026-03-30 12:29:42.488,,y
179,20250114,1356,15,472,150.0,0,"1377,02",2026-03-30 12:29:42.488,,y
180,20250114,1356,15,472,140.0,0,"1377,02",2026-03-30 12:29:42.488,,y
181,20250114,1356,15,472,270.0,0,"1377,02",2026-03-30 12:29:42.489,,y
182,20250114,1356,15,472,72.0,0,"1377,02",2026-03-30 12:29:42.489,,y
183,20250114,1356,15,472,102.0,0,"1377,02",2026-03-30 12:29:42.489,,y
184,20250114,1356,15,472,300.0,0,"1377,02",2026-03-30 12:29:42.489,,y
185,20250114,1356,15,472,102.0,0,"1377,02",2026-03-30 12:29:42.489,,y
186,20241222,1357,15,472,150.0,0,"889,1",2026-03-30 12:29:42.49,,y
187,20241222,1357,15,472,140.0,0,"889,1",2026-03-30 12:29:42.49,,y
188,20241222,1357,15,472,540.0,0,"889,1",2026-03-30 12:29:42.49,,y
189,20250908,1358,101,472,418.8,19.0,499.37,2026-03-30 12:29:42.49,,y
190,20250908,1358,101,472,0.0,19.0,0.0,2026-03-30 12:29:42.49,,y
191,20251208,1360,88,472,2350.0,19.0,4755.05,2026-03-30 12:29:42.491,,y
192,20251208,1360,88,472,2350.0,19.0,4755.05,2026-03-30 12:29:42.491,,y
193,20251208,1361,88,472,1440.0,19.0,4091.625,2026-03-30 12:29:42.491,,y
194,20251208,1361,88,472,2350.0,19.0,4091.625,2026-03-30 12:29:42.491,,y
195,20251209,1362,88,472,1175.0,19.0,3566.538,2026-03-30 12:29:42.491,,y
196,20251209,1362,88,472,1175.0,19.0,3566.538,2026-03-30 12:29:42.492,,y
197,20251209,1362,88,472,1175.0,19.0,3566.538,2026-03-30 12:29:42.492,,y
198,20250327,1363,77,472,27.0,19.0,60.0,2026-03-30 12:29:42.492,,y
199,20250327,1363,77,472,28.089,19.0,60.0,2026-03-30 12:29:42.492,,y
200,20250718,1364,102,472,11.507999,7.0,11.467,2026-03-30 12:29:42.492,,y
201,20280106,1365,103,472,201.68,19.0,461.006,2026-03-30 12:29:42.493,,y
202,20280106,1365,103,472,63.030003,19.0,461.006,2026-03-30 12:29:42.493,,y
203,20280106,1365,103,472,113.44499,19.0,461.006,2026-03-30 12:29:42.493,,y
204,20280106,1365,103,472,8.405,19.0,461.006,2026-03-30 12:29:42.494,,y
205,20250814,1418,104,472,40.0,0,46.0,2026-03-30 12:29:42.494,,y
206,20250815,1418,104,472,6.0,0,46.0,2026-03-30 12:29:42.495,,y
207,20250424,1418,105,472,"",0,162.5,2026-03-30 12:29:42.495,,y
208,20250427,1418,105,472,"",0,110.0,2026-03-30 12:29:42.496,,y
209,20241127,1418,105,472,"",0,183.5,2026-03-30 12:29:42.496,,y
210,20241214,1418,105,472,"",0,375.0,2026-03-30 12:29:42.497,,y
211,20241206,1418,105,472,"",0,165.0,2026-03-30 12:29:42.497,,y
212,20241207,1418,105,472,"",0,315.0,2026-03-30 12:29:42.497,,y
213,20241224,1418,105,472,"",0,295.5,2026-03-30 12:29:42.498,,y
214,20250127,1366,106,472,37.0,7.0,40.59,2026-03-30 12:29:42.498,,y
215,20250210,1367,71,472,0.0,7.0,29.96,2026-03-30 12:29:42.498,,y
216,20250210,1367,71,472,0.0,7.0,25.68,2026-03-30 12:29:42.498,,y
217,20250227,1368,71,472,0.0,7.0,6.42,2026-03-30 12:29:42.499,,y
218,20250227,1368,71,472,0.0,7.0,7.49,2026-03-30 12:29:42.499,,y
219,20241230,1418,107,472,0.0,7,"",2026-03-30 12:29:42.499,,y
220,20241230,1418,107,472,0.0,7,"",2026-03-30 12:29:42.5,,y
221,20251129,1370,108,472,240.0,0,"",2026-03-30 12:29:42.5,,y
222,20251129,1370,108,472,270.0,0,"",2026-03-30 12:29:42.5,,y
223,20251129,1370,108,472,175.0,0,"",2026-03-30 12:29:42.501,,y
224,20251129,1370,108,472,297.0,0,"",2026-03-30 12:29:42.501,,y
225,20251129,1370,108,472,99.0,0,"",2026-03-30 12:29:42.501,,y
226,20251129,1370,108,472,50.0,0,"",2026-03-30 12:29:42.502,,y
227,20251129,1370,108,472,22.0,0,"",2026-03-30 12:29:42.502,,y
228,-1,1418,108,472,225.0,0,"",2026-03-30 12:29:42.502,,y
229,-1,1418,108,472,84.0,0,"",2026-03-30 12:29:42.502,,y
230,-1,1418,108,472,150.0,0,"",2026-03-30 12:29:42.503,,y
231,-1,1418,108,472,185.0,0,"",2026-03-30 12:29:42.503,,y
232,-1,1418,108,472,250.0,0,"",2026-03-30 12:29:42.503,,y
233,20250219,1371,109,472,2900.0,7,"",2026-03-30 12:29:42.504,,y
234,20250122,1372,57,472,2350.0,0,"",2026-03-30 12:29:42.504,,y
235,20250420,1373,94,472,17391.0,7,18700,2026-03-30 12:29:42.505,,y
236,20250325,1372,94,472,13455.0,7,14400,2026-03-30 12:29:42.505,,y
237,20241209,1418,8,472,0.0,0,"",2026-03-30 12:29:42.505,,y
238,20250813,1418,110,472,325.0,0,"",2026-03-30 12:29:42.506,,y
239,20250813,1418,110,472,275.0,0,"",2026-03-30 12:29:42.506,,y
240,20250813,1418,110,472,80.0,0,"",2026-03-30 12:29:42.506,,y
241,20250813,1418,110,472,100.0,0,"",2026-03-30 12:29:42.507,,y
242,20250917,1418,111,472,78.0,0,"",2026-03-30 12:29:42.507,,y
243,20250917,1418,111,472,60.0,0,"",2026-03-30 12:29:42.507,,y
244,20250821,1374,112,472,84100.0,19,"",2026-03-30 12:29:42.508,,y
245,-1,1418,113,472,"","290,704",1484,2026-03-30 12:29:42.508,,y
246,-1,1418,114,472,"",0,"91,9",2026-03-30 12:29:42.508,,y
247,-1,1418,114,472,"",0,"95,5",2026-03-30 12:29:42.509,,y
248,20250921,1375,115,472,264.0,7,"",2026-03-30 12:29:42.509,,y
249,20250921,1375,115,472,24.0,7,"",2026-03-30 12:29:42.51,,y
250,20250921,1375,115,472,36.0,7,"",2026-03-30 12:29:42.51,,y
251,20250921,1375,115,472,48.0,7,"",2026-03-30 12:29:42.511,,y
252,20250921,1375,115,472,56.0,7,"",2026-03-30 12:29:42.512,,y
253,20250819,1376,115,472,144.0,7,"",2026-03-30 12:29:42.512,,y
254,20250819,1376,115,472,126.0,7,"",2026-03-30 12:29:42.513,,y
255,20250819,1376,115,472,21.0,7,"",2026-03-30 12:29:42.513,,y
256,20250819,1376,115,472,45.0,7,"",2026-03-30 12:29:42.514,,y
257,20250819,1376,115,472,60.0,7,"",2026-03-30 12:29:42.514,,y
258,20250804,1377,115,472,272.0,7,"",2026-03-30 12:29:42.515,,y
259,20240124,1378,115,472,600.0,7,"",2026-03-30 12:29:42.515,,y
260,20240124,1378,115,472,90.0,7,"",2026-03-30 12:29:42.515,,y
261,20240124,1378,115,472,140.0,7,"",2026-03-30 12:29:42.516,,y
262,20240124,1378,115,472,187.5,7,"",2026-03-30 12:29:42.516,,y
263,20240124,1378,115,472,175.0,7,"",2026-03-30 12:29:42.516,,y
264,20240124,1378,115,472,675.0,7,"",2026-03-30 12:29:42.517,,y
265,20250218,1418,116,472,80.0,0,"",2026-03-30 12:29:42.517,,y
266,20250218,1418,116,472,12.0,0,"",2026-03-30 12:29:42.517,,y
267,20250217,1379,63,472,60.0,1.000,"",2026-03-30 12:29:42.517,,y
268,20250217,1379,63,472,102.0,1.000,"",2026-03-30 12:29:42.518,,y
269,20250217,1379,63,472,96.0,1.000,"",2026-03-30 12:29:42.518,,y
270,20250217,1379,63,472,54.0,1.000,"",2026-03-30 12:29:42.518,,y
271,20250217,1379,63,472,39.0,1.000,"",2026-03-30 12:29:42.518,,y
272,20250217,1379,63,472,32.0,1.000,"",2026-03-30 12:29:42.519,,y
273,20250217,1379,63,472,52.0,1.000,"",2026-03-30 12:29:42.519,,y
274,20250217,1379,63,472,52.0,1.000,"",2026-03-30 12:29:42.519,,y
275,20250217,1379,63,472,60.0,1.000,"",2026-03-30 12:29:42.52,,y
276,20250217,1379,63,472,102.0,1.000,"",2026-03-30 12:29:42.52,,y
277,20250217,1379,63,472,96.0,1.000,"",2026-03-30 12:29:42.52,,y
278,20250217,1379,63,472,54.0,1.000,"",2026-03-30 12:29:42.52,,y
279,20250217,1379,63,472,39.0,1.000,"",2026-03-30 12:29:42.52,,y
280,20250217,1379,63,472,32.0,1.000,"",2026-03-30 12:29:42.521,,y
281,20250217,1379,63,472,52.0,1.000,"",2026-03-30 12:29:42.521,,y
282,20250217,1379,63,472,52.0,1.000,"",2026-03-30 12:29:42.521,,y
283,20250217,1379,63,472,120.0,1.000,"",2026-03-30 12:29:42.521,,y
284,20250217,1379,63,472,204.0,1.000,"",2026-03-30 12:29:42.522,,y
285,20250217,1379,63,472,192.0,1.000,"",2026-03-30 12:29:42.522,,y
286,20250217,1379,63,472,108.0,1.000,"",2026-03-30 12:29:42.522,,y
287,20250217,1379,63,472,78.0,1.000,"",2026-03-30 12:29:42.522,,y
288,20250217,1379,63,472,64.0,1.000,"",2026-03-30 12:29:42.523,,y
289,20250217,1379,63,472,104.0,1.000,"",2026-03-30 12:29:42.523,,y
290,20250217,1379,63,472,104.0,1.000,"",2026-03-30 12:29:42.523,,y
291,20250224,1380,27,472,50.0,19.0,61.095,2026-03-30 12:29:42.523,,y
292,20250310,1381,27,472,100.0,19.0,121.19,2026-03-30 12:29:42.524,,y
293,20241121,1382,27,472,625.0,19.0,752.188,2026-03-30 12:29:42.524,,y
294,20250212,1383,25,472,96.0,7.0,104.747,2026-03-30 12:29:42.524,,y
295,20260905,1384,117,472,0.0,7.0,21.870,2026-03-30 12:29:42.525,,y
296,20260905,1384,117,472,0.0,7.0,21.870,2026-03-30 12:29:42.525,,y
297,20260905,1384,117,472,0.0,7.0,21.870,2026-03-30 12:29:42.525,,y
298,20270305,1385,117,472,0.0,7.0,35.780,2026-03-30 12:29:42.526,,y
299,20270305,1385,117,472,0.0,7.0,35.780,2026-03-30 12:29:42.526,,y
300,20270305,1385,117,472,0.0,7.0,35.780,2026-03-30 12:29:42.526,,y
301,20270305,1385,117,472,0.0,7.0,35.780,2026-03-30 12:29:42.527,,y
302,20270305,1385,117,472,0.0,7.0,35.780,2026-03-30 12:29:42.527,,y
303,20251006,1386,117,472,0.0,7.0,8.490,2026-03-30 12:29:42.528,,y
304,20260506,1387,117,472,0.0,7.0,14.910,2026-03-30 12:29:42.528,,y
305,20260506,1387,117,472,0.0,7.0,14.910,2026-03-30 12:29:42.529,,y
306,20261206,1388,117,472,0.0,7.0,7.960,2026-03-30 12:29:42.53,,y
307,20250907,1389,117,472,0.0,7.0,14.910,2026-03-30 12:29:42.53,,y
308,20250907,1389,117,472,0.0,7.0,14.910,2026-03-30 12:29:42.531,,y
309,20260307,1390,117,472,0.0,7.0,14.910,2026-03-30 12:29:42.531,,y
310,20260307,1390,117,472,0.0,7.0,14.910,2026-03-30 12:29:42.531,,y
311,20270707,1391,117,472,0.0,7.0,14.910,2026-03-30 12:29:42.531,,y
312,20270707,1391,117,472,0.0,7.0,14.910,2026-03-30 12:29:42.532,,y
313,20270707,1391,117,472,0.0,7.0,14.910,2026-03-30 12:29:42.532,,y
314,20270208,1392,117,472,0.0,7.0,30.430,2026-03-30 12:29:42.532,,y
315,20270208,1392,117,472,0.0,7.0,30.430,2026-03-30 12:29:42.532,,y
316,20270208,1392,117,472,0.0,7.0,30.430,2026-03-30 12:29:42.533,,y
317,20270208,1392,117,472,0.0,7.0,30.430,2026-03-30 12:29:42.533,,y
318,20270708,1393,117,472,0.0,7.0,14.910,2026-03-30 12:29:42.533,,y
319,20270708,1393,117,472,0.0,7.0,14.910,2026-03-30 12:29:42.533,,y
320,20270708,1393,117,472,0.0,7.0,14.910,2026-03-30 12:29:42.534,,y
321,20270708,1393,117,472,0.0,7.0,14.910,2026-03-30 12:29:42.534,,y
322,20251009,1394,117,472,0.0,7.0,21.870,2026-03-30 12:29:42.534,,y
323,20251009,1394,117,472,0.0,7.0,21.870,2026-03-30 12:29:42.534,,y
324,20251009,1394,117,472,0.0,7.0,21.870,2026-03-30 12:29:42.535,,y
325,20260310,1395,117,472,0.0,7.0,14.910,2026-03-30 12:29:42.535,,y
326,20260310,1395,117,472,0.0,7.0,14.910,2026-03-30 12:29:42.535,,y
327,20270710,1396,117,472,0.0,7.0,7.960,2026-03-30 12:29:42.535,,y
328,20251111,1397,117,472,0.0,7.0,14.910,2026-03-30 12:29:42.536,,y
329,20251111,1397,117,472,0.0,7.0,14.910,2026-03-30 12:29:42.536,,y
330,20260412,1398,117,472,0.0,7.0,8.490,2026-03-30 12:29:42.536,,y
331,20250811,1399,84,472,325.0,19.0,391.618,2026-03-30 12:29:42.536,,y
332,20251106,1400,84,472,325.0,19.0,391.618,2026-03-30 12:29:42.537,,y
333,20250718,1401,118,472,3.668,19.0,29.649,2026-03-30 12:29:42.537,,y
334,20250718,1401,118,472,24.435001,19.0,29.649,2026-03-30 12:29:42.537,,y
335,20250228,1402,119,472,294.95963,19.0,365,2026-03-30 12:29:42.537,,y
336,20250331,1403,119,472,191.23872,19.0,237,2026-03-30 12:29:42.537,,y
337,20250531,1404,119,472,136.13062,19.0,169,2026-03-30 12:29:42.538,,y
338,20250430,1405,119,472,186.36809,19.0,231,2026-03-30 12:29:42.538,,y
339,20250221,1406,67,472,332.8,19.0,400.992,2026-03-30 12:29:42.538,,y
340,20250205,1407,67,472,168.06999,19.0,1946.013,2026-03-30 12:29:42.538,,y
341,20250205,1407,67,472,420.16998,19.0,1946.013,2026-03-30 12:29:42.538,,y
342,20250205,1407,67,472,546.22003,19.0,1946.013,2026-03-30 12:29:42.539,,y
343,20250205,1407,67,472,92.435,19.0,1946.013,2026-03-30 12:29:42.539,,y
344,20250205,1407,67,472,134.455,19.0,1946.013,2026-03-30 12:29:42.539,,y
345,20250205,1407,67,472,126.055,19.0,1946.013,2026-03-30 12:29:42.539,,y
346,20250205,1407,67,472,147.06,19.0,1946.013,2026-03-30 12:29:42.54,,y
347,20250211,1408,20,472,14.0,2.66,17.66,2026-03-30 12:29:42.54,,y
348,20250227,1409,20,472,130.0,24.7,155.7,2026-03-30 12:29:42.54,,y
349,20250131,1410,120,472,240.0,0,511,2026-03-30 12:29:42.54,,y
350,20250131,1410,120,472,270.0,0,511,2026-03-30 12:29:42.541,,y
351,20250213,1411,120,472,120.0,0,256,2026-03-30 12:29:42.541,,y
352,20250213,1411,120,472,135.0,0,256,2026-03-30 12:29:42.541,,y
353,20250506,1418,120,472,240.0,0,241,2026-03-30 12:29:42.541,,y
354,20251127,1418,120,472,36.0,0,100,2026-03-30 12:29:42.542,,y
355,20251127,1418,120,472,40.0,0,100,2026-03-30 12:29:42.542,,y
356,20251127,1418,120,472,24.0,0,100,2026-03-30 12:29:42.542,,y
357,20250815,1418,120,472,40.0,0,60,2026-03-30 12:29:42.542,,y
358,20250815,1418,120,472,20.0,0,60,2026-03-30 12:29:42.543,,y
359,20250422,1412,120,472,405.0,0,406,2026-03-30 12:29:42.543,,y
360,20250814,1418,120,472,180.0,0,1125,2026-03-30 12:29:42.543,,y
361,20250814,1418,120,472,945.0,0,1125,2026-03-30 12:29:42.543,,y
362,20250826,1418,120,472,45.0,0,565,2026-03-30 12:29:42.544,,y
363,20250826,1418,120,472,45.0,0,565,2026-03-30 12:29:42.544,,y
364,20250826,1418,120,472,45.0,0,565,2026-03-30 12:29:42.544,,y
365,20250826,1418,120,472,60.0,0,565,2026-03-30 12:29:42.545,,y
366,20250826,1418,120,472,60.0,0,565,2026-03-30 12:29:42.546,,y
367,20250826,1418,120,472,45.0,0,565,2026-03-30 12:29:42.546,,y
368,20250826,1418,120,472,60.0,0,565,2026-03-30 12:29:42.546,,y
369,20250826,1418,120,472,225.0,0,565,2026-03-30 12:29:42.547,,y
370,20251027,1413,120,472,0.0,0,190,2026-03-30 12:29:42.547,,y
371,20251027,1413,120,472,0.0,0,190,2026-03-30 12:29:42.547,,y
372,20251027,1413,120,472,0.0,0,190,2026-03-30 12:29:42.547,,y
373,20251027,1413,120,472,0.0,0,190,2026-03-30 12:29:42.548,,y
374,-1,72,8,1,58025.0,19%,20715.926,2026-03-30 12:29:42.61,,y
375,-1,72,8,1,58025.0,19%,20715.926,2026-03-30 12:29:42.611,,y
376,-1,73,8,1,58025.0,19%,13810.95,2026-03-30 12:29:42.611,,y
377,-1,73,8,1,58025.0,19%,13810.95,2026-03-30 12:29:42.612,,y
378,-1,74,8,1,58025.0,19%,34525.875,2026-03-30 12:29:42.612,,y
379,-1,74,8,1,58025.0,19%,34525.875,2026-03-30 12:29:42.612,,y
380,-1,75,8,32,2194.5,19%,2612.455,2026-03-30 12:29:42.612,,y
381,-1,76,8,33,7475.0,0%,3738.5,2026-03-30 12:29:42.613,,y
382,-1,76,8,33,7475.0,0%,3738.5,2026-03-30 12:29:42.613,,y
383,-1,76,8,33,7475.0,0%,3738.5,2026-03-30 12:29:42.613,,y
384,-1,76,8,33,7475.0,0%,3738.5,2026-03-30 12:29:42.613,,y
385,-1,77,8,33,300.0,0%,301.0,2026-03-30 12:29:42.614,,y
386,-1,78,8,33,7475.0,0%,3738.5,2026-03-30 12:29:42.614,,y
387,-1,78,8,33,7475.0,0%,3738.5,2026-03-30 12:29:42.614,,y
388,-1,78,8,33,7475.0,0%,3738.5,2026-03-30 12:29:42.614,,y
389,-1,78,8,33,7475.0,0%,3738.5,2026-03-30 12:29:42.615,,y
390,-1,79,8,38,224.34,19%,267.965,2026-03-30 12:29:42.615,,y
391,-1,79,8,38,224.34,19%,267.965,2026-03-30 12:29:42.615,,y
392,-1,79,8,38,224.34,19%,267.965,2026-03-30 12:29:42.615,,y
393,-1,79,8,38,224.34,19%,267.965,2026-03-30 12:29:42.615,,y
394,-1,80,8,34,50000.0,19%,59501.0,2026-03-30 12:29:42.616,,y
395,-1,81,8,28,1785.0,19%,2125.15,2026-03-30 12:29:42.616,,y
396,-1,82,8,39,1720.0,19%,2047.8,2026-03-30 12:29:42.616,,y
397,-1,82,8,39,1720.0,19%,2047.8,2026-03-30 12:29:42.616,,y
398,-1,83,8,40,560.0,19%,667.4,2026-03-30 12:29:42.617,,y
399,-1,83,8,40,560.0,19%,667.4,2026-03-30 12:29:42.617,,y
400,-1,83,8,40,560.0,19%,667.4,2026-03-30 12:29:42.617,,y
401,-1,83,8,40,560.0,19%,667.4,2026-03-30 12:29:42.617,,y
402,-1,84,8,40,584.0,19%,695.96,2026-03-30 12:29:42.617,,y
403,-1,84,8,40,584.0,19%,695.96,2026-03-30 12:29:42.618,,y
404,-1,84,8,40,584.0,19%,695.96,2026-03-30 12:29:42.618,,y
405,-1,84,8,40,584.0,19%,695.96,2026-03-30 12:29:42.619,,y
406,-1,85,8,40,544.0,19%,648.36,2026-03-30 12:29:42.619,,y
407,-1,85,8,40,544.0,19%,648.36,2026-03-30 12:29:42.619,,y
408,-1,85,8,40,544.0,19%,648.36,2026-03-30 12:29:42.62,,y
409,-1,85,8,40,544.0,19%,648.36,2026-03-30 12:29:42.62,,y
410,-1,86,8,40,352.0,19%,419.88,2026-03-30 12:29:42.621,,y
411,-1,86,8,40,352.0,19%,419.88,2026-03-30 12:29:42.621,,y
412,-1,87,8,40,416.0,19%,496.04,2026-03-30 12:29:42.621,,y
413,-1,87,8,40,416.0,19%,496.04,2026-03-30 12:29:42.621,,y
414,-1,87,8,40,416.0,19%,496.04,2026-03-30 12:29:42.622,,y
415,-1,88,8,40,527.0,19%,628.13,2026-03-30 12:29:42.622,,y
416,-1,88,8,40,527.0,19%,628.13,2026-03-30 12:29:42.622,,y
417,-1,88,8,40,527.0,19%,628.13,2026-03-30 12:29:42.622,,y
418,-1,88,8,40,527.0,19%,628.13,2026-03-30 12:29:42.623,,y
419,-1,88,8,40,527.0,19%,628.13,2026-03-30 12:29:42.623,,y
420,-1,79,8,40,352.0,19%,419.88,2026-03-30 12:29:42.623,,y
421,-1,79,8,40,352.0,19%,419.88,2026-03-30 12:29:42.623,,y
422,-1,79,8,40,352.0,19%,419.88,2026-03-30 12:29:42.624,,y
423,-1,89,8,40,576.0,19%,686.44,2026-03-30 12:29:42.624,,y
424,-1,89,8,40,576.0,19%,686.44,2026-03-30 12:29:42.625,,y
425,-1,89,8,40,576.0,19%,686.44,2026-03-30 12:29:42.625,,y
426,-1,89,8,40,576.0,19%,686.44,2026-03-30 12:29:42.625,,y
427,-1,89,8,40,576.0,19%,686.44,2026-03-30 12:29:42.626,,y
428,-1,90,8,40,276.0,19%,329.44,2026-03-30 12:29:42.626,,y
429,-1,90,8,40,276.0,19%,329.44,2026-03-30 12:29:42.626,,y
430,-1,90,8,40,276.0,19%,329.44,2026-03-30 12:29:42.627,,y
431,-1,91,8,40,384.0,19%,457.96,2026-03-30 12:29:42.628,,y
432,-1,91,8,40,384.0,19%,457.96,2026-03-30 12:29:42.628,,y
433,-1,91,8,40,384.0,19%,457.96,2026-03-30 12:29:42.63,,y
434,-1,91,8,40,384.0,19%,457.96,2026-03-30 12:29:42.63,,y
435,-1,91,8,40,384.0,19%,457.96,2026-03-30 12:29:42.63,,y
436,-1,92,8,40,320.0,19%,381.8,2026-03-30 12:29:42.631,,y
437,-1,92,8,40,320.0,19%,381.8,2026-03-30 12:29:42.631,,y
438,-1,92,8,40,320.0,19%,381.8,2026-03-30 12:29:42.632,,y
439,-1,93,8,40,484.0,19%,576.96,2026-03-30 12:29:42.632,,y
440,-1,93,8,40,484.0,19%,576.96,2026-03-30 12:29:42.632,,y
441,-1,93,8,40,484.0,19%,576.96,2026-03-30 12:29:42.633,,y
442,-1,93,8,40,484.0,19%,576.96,2026-03-30 12:29:42.633,,y
443,-1,93,8,40,484.0,19%,576.96,2026-03-30 12:29:42.633,,y
444,-1,93,8,40,484.0,19%,576.96,2026-03-30 12:29:42.634,,y
445,-1,93,8,40,484.0,19%,576.96,2026-03-30 12:29:42.634,,y
446,-1,94,8,40,224.0,19%,267.56,2026-03-30 12:29:42.634,,y
447,-1,94,8,40,224.0,19%,267.56,2026-03-30 12:29:42.635,,y
448,-1,95,8,40,352.0,19%,419.88,2026-03-30 12:29:42.635,,y
449,-1,95,8,40,352.0,19%,419.88,2026-03-30 12:29:42.635,,y
450,-1,95,8,40,352.0,19%,419.88,2026-03-30 12:29:42.636,,y
451,-1,96,8,29,605.0,19%,720.95,2026-03-30 12:29:42.636,,y
452,-1,96,8,29,605.0,19%,720.95,2026-03-30 12:29:42.636,,y
453,-1,96,8,29,605.0,19%,720.95,2026-03-30 12:29:42.637,,y
454,-1,96,8,29,605.0,19%,720.95,2026-03-30 12:29:42.637,,y
455,-1,96,8,29,605.0,19%,720.95,2026-03-30 12:29:42.637,,y
456,-1,97,8,41,160.0,19%,191.4,2026-03-30 12:29:42.637,,y
457,-1,97,8,41,160.0,19%,191.4,2026-03-30 12:29:42.638,,y
458,-1,98,8,41,160.0,19%,191.4,2026-03-30 12:29:42.638,,y
459,-1,98,8,41,160.0,19%,191.4,2026-03-30 12:29:42.638,,y
460,-1,99,8,41,224.0,19%,267.56,2026-03-30 12:29:42.639,,y
461,-1,99,8,41,224.0,19%,267.56,2026-03-30 12:29:42.639,,y
462,-1,99,8,41,224.0,19%,267.56,2026-03-30 12:29:42.639,,y
463,-1,100,8,41,256.0,19%,305.64,2026-03-30 12:29:42.639,,y
464,-1,100,8,41,256.0,19%,305.64,2026-03-30 12:29:42.639,,y
465,-1,100,8,41,256.0,19%,305.64,2026-03-30 12:29:42.64,,y
466,-1,101,8,41,303.0,19%,361.57,2026-03-30 12:29:42.64,,y
467,-1,101,8,41,303.0,19%,361.57,2026-03-30 12:29:42.641,,y
468,-1,101,8,41,303.0,19%,361.57,2026-03-30 12:29:42.641,,y
469,-1,101,8,41,303.0,19%,361.57,2026-03-30 12:29:42.641,,y
470,-1,102,8,41,224.0,19%,267.56,2026-03-30 12:29:42.641,,y
471,-1,102,8,41,224.0,19%,267.56,2026-03-30 12:29:42.642,,y
472,-1,103,8,41,192.0,19%,229.48,2026-03-30 12:29:42.642,,y
473,-1,103,8,41,192.0,19%,229.48,2026-03-30 12:29:42.642,,y
474,-1,104,8,41,32.0,19%,39.08,2026-03-30 12:29:42.642,,y
475,-1,105,8,41,128.0,19%,153.32,2026-03-30 12:29:42.643,,y
476,-1,106,8,41,96.0,19%,115.24,2026-03-30 12:29:42.643,,y
477,-1,107,8,41,96.0,19%,115.24,2026-03-30 12:29:42.643,,y
478,-1,108,8,31,470.0,0%,471.0,2026-03-30 12:29:42.643,,y
479,-1,108,8,31,470.0,0%,471.0,2026-03-30 12:29:42.644,,y
480,-1,100,8,42,150.0,19%,179.5,2026-03-30 12:29:42.644,,y
481,-1,109,8,30,19500.0,19%,23206.0,2026-03-30 12:29:42.645,,y
482,-1,109,8,30,19500.0,19%,23206.0,2026-03-30 12:29:42.645,,y
483,-1,109,8,30,19500.0,19%,23206.0,2026-03-30 12:29:42.645,,y
484,-1,109,8,30,19500.0,19%,23206.0,2026-03-30 12:29:42.645,,y
485,-1,109,8,30,19500.0,19%,23206.0,2026-03-30 12:29:42.646,,y
486,-1,110,8,30,14592.38,19%,17365.926,2026-03-30 12:29:42.646,,y
487,-1,110,8,30,14592.38,19%,17365.926,2026-03-30 12:29:42.646,,y
488,-1,110,8,30,14592.38,19%,17365.926,2026-03-30 12:29:42.647,,y
489,-1,111,8,27,26784.0,19%,31873.96,2026-03-30 12:29:42.647,,y
490,-1,112,8,27,26784.0,19%,16096.35,2026-03-30 12:29:42.647,,y
491,-1,113,8,27,186.0,19%,222.34,2026-03-30 12:29:42.648,,y
492,-1,114,8,27,200.0,19%,239.0,2026-03-30 12:29:42.648,,y
493,-1,115,8,27,200.0,19%,239.0,2026-03-30 12:29:42.648,,y
494,20251213,71,8,43,5850.0,19%,6962.5,2026-03-30 12:29:42.692,,y
495,20251213,71,8,43,5850.0,19%,6962.5,2026-03-30 12:29:42.692,,y
496,20251213,71,8,43,5850.0,19%,6962.5,2026-03-30 12:29:42.692,,y
497,20250116,12,8,1,58025.0,19%,69050.75,2026-03-30 12:29:42.736,,y
498,20250116,12,8,1,58025.0,19%,69050.75,2026-03-30 12:29:42.736,,y
499,20250219,13,8,1,3750.0,19%,4463.5,2026-03-30 12:29:42.736,,y
500,20250211,14,8,32,2194.5,19%,2612.46,2026-03-30 12:29:42.736,,y
501,20251103,15,8,33,7475.0,19%,8896.25,2026-03-30 12:29:42.737,,y
502,20251103,15,8,33,7475.0,19%,8896.25,2026-03-30 12:29:42.737,,y
503,20251103,15,8,33,7475.0,19%,8896.25,2026-03-30 12:29:42.737,,y
504,20251103,15,8,33,7475.0,19%,8896.25,2026-03-30 12:29:42.737,,y
505,20251205,16,8,33,300.0,0%,301.0,2026-03-30 12:29:42.737,,y
506,20241225,17,8,34,50000.0,19%,59501.0,2026-03-30 12:29:42.737,,y
507,20241025,18,8,35,15750.0,19%,18743.5,2026-03-30 12:29:42.738,,y
508,20241025,19,8,35,14850.0,19%,17672.5,2026-03-30 12:29:42.738,,y
509,20241025,20,8,35,14400.0,19%,17137.0,2026-03-30 12:29:42.738,,y
510,20241025,21,8,35,9900.0,19%,11782.0,2026-03-30 12:29:42.738,,y
511,20251222,22,8,36,2460.0,19%,2928.4,2026-03-30 12:29:42.738,,y
512,20251222,22,8,36,2460.0,19%,2928.4,2026-03-30 12:29:42.739,,y
513,20251222,22,8,36,2460.0,19%,2928.4,2026-03-30 12:29:42.739,,y
514,20251016,23,8,28,8385.0,19%,9979.15,2026-03-30 12:29:42.739,,y
515,20251016,23,8,28,8385.0,19%,9979.15,2026-03-30 12:29:42.739,,y
516,20251016,23,8,28,8385.0,19%,9979.15,2026-03-30 12:29:42.74,,y
517,20251023,24,8,28,5935.0,19%,7063.65,2026-03-30 12:29:42.74,,y
518,20251023,24,8,28,5935.0,19%,7063.65,2026-03-30 12:29:42.74,,y
519,20251023,24,8,28,5935.0,19%,7063.65,2026-03-30 12:29:42.74,,y
520,20251124,25,8,28,2250.0,19%,2678.5,2026-03-30 12:29:42.74,,y
521,20251124,25,8,28,2250.0,19%,2678.5,2026-03-30 12:29:42.741,,y
522,20250205,26,8,37,8600.0,19%,10235.0,2026-03-30 12:29:42.741,,y
523,20250205,26,8,37,8600.0,19%,10235.0,2026-03-30 12:29:42.741,,y
524,20250205,26,8,37,8600.0,19%,10235.0,2026-03-30 12:29:42.741,,y
525,20250210,27,8,37,3300.0,19%,3928.0,2026-03-30 12:29:42.741,,y
526,20241009,28,8,30,105552.0,19%,125607.88,2026-03-30 12:29:42.741,,y
527,20241009,28,8,30,105552.0,19%,125607.88,2026-03-30 12:29:42.742,,y
528,20241009,28,8,30,105552.0,19%,125607.88,2026-03-30 12:29:42.742,,y
529,20241028,29,8,30,18240.0,19%,21706.6,2026-03-30 12:29:42.742,,y
530,20241028,29,8,30,18240.0,19%,21706.6,2026-03-30 12:29:42.742,,y
531,20241028,29,8,30,18240.0,19%,21706.6,2026-03-30 12:29:42.742,,y
532,20241028,29,8,30,18240.0,19%,21706.6,2026-03-30 12:29:42.743,,y
533,20241029,30,8,30,19000.0,19%,22611.0,2026-03-30 12:29:42.743,,y
534,20241029,30,8,30,19000.0,19%,22611.0,2026-03-30 12:29:42.743,,y
535,20241029,30,8,30,19000.0,19%,22611.0,2026-03-30 12:29:42.743,,y
536,20241029,30,8,30,19000.0,19%,22611.0,2026-03-30 12:29:42.744,,y
537,20241030,31,8,30,500.0,19%,596.0,2026-03-30 12:29:42.744,,y
538,20251107,32,8,30,20463.75,19%,24352.86,2026-03-30 12:29:42.744,,y
539,20251107,32,8,30,20463.75,19%,24352.86,2026-03-30 12:29:42.744,,y
540,20251107,32,8,30,20463.75,19%,24352.86,2026-03-30 12:29:42.744,,y
541,20251107,32,8,30,20463.75,19%,24352.86,2026-03-30 12:29:42.745,,y
542,20251112,33,8,30,14592.38,19%,17365.93,2026-03-30 12:29:42.745,,y
543,20251112,33,8,30,14592.38,19%,17365.93,2026-03-30 12:29:42.745,,y
544,20251112,33,8,30,14592.38,19%,17365.93,2026-03-30 12:29:42.745,,y
545,20260107,34,8,30,648.55,19%,772.77,2026-03-30 12:29:42.746,,y
546,20260107,34,8,30,648.55,19%,772.77,2026-03-30 12:29:42.746,,y
547,20260107,34,8,30,648.55,19%,772.77,2026-03-30 12:29:42.746,,y
548,20241025,35,8,27,26784.0,19%,31873.96,2026-03-30 12:29:42.746,,y
549,20250408,23,8,27,250.0,19%,298.5,2026-03-30 12:29:42.746,,y
550,20251112,36,8,27,200.0,19%,239.0,2026-03-30 12:29:42.746,,y
4415,20230406,1521,9,472,"500,5","0,19",596.595,2026-03-30 12:34:46.506,,y
4416,20230610,1522,9,472,"812,4","0,19",967.756,2026-03-30 12:34:46.509,,y
4417,20230712,1523,9,472,"799,385","0,19",952.26815,2026-03-30 12:34:46.509,,y
4418,20230803,1524,9,472,"666,112","0,19",793.67328,2026-03-30 12:34:46.51,,y
4419,20230924,1525,9,472,616,"0,19",734.04,2026-03-30 12:34:46.51,,y
4420,20231011,1526,9,472,"663,444","0,19",790.49836,2026-03-30 12:34:46.512,,y
4421,20231121,1527,10,472,"1081,75","0,19",1288.2825,2026-03-30 12:34:46.512,,y
4422,20231121,1528,9,472,"462,216","0,19",551.03704,2026-03-30 12:34:46.512,,y
4423,20231206,1529,11,472,"934,58","0,07",1000.0006,2026-03-30 12:34:46.513,,y
4424,20231206,1530,94,472,"420,551","0,07",449.98957,2026-03-30 12:34:46.513,,y
4425,20231215,1531,13,472,762,"0,19",907.78,2026-03-30 12:34:46.513,,y
4426,20231218,1532,14,472,"1690,2","0,19",2012.338,2026-03-30 12:34:46.513,,y
4427,20231221,1534,16,472,1425,"0,07",1524.75,2026-03-30 12:34:46.514,,y
4428,20231221,1535,10,472,3640,"0,19",4332.6,2026-03-30 12:34:46.514,,y
4429,20231225,1536,17,472,1800,"0,19",2160,2026-03-30 12:34:46.514,,y
4430,20231228,1537,9,472,"504,462","0,19",601.30978,2026-03-30 12:34:46.514,,y
4431,20240124,1538,18,472,950,"0,19","1142,805",2026-03-30 12:34:46.514,,y
4432,20240116,1530,94,472,"3932,2499","0,07",4207.507393,2026-03-30 12:34:46.515,,y
4433,20240116,1539,11,472,"8411,21495","0,07",8999.9999965,2026-03-30 12:34:46.515,,y
4434,20240711,1498,19,472,1797,"0,19",2139.395857,2026-03-30 12:34:46.515,,y
4435,20240717,1499,20,472,"375,2","0,19",447.488,2026-03-30 12:34:46.515,,y
4436,20240715,1500,21,472,"210,25","0,19",251.1975,2026-03-30 12:34:46.515,,y
4437,20240720,1501,22,472,"1500,476","0,19",1732.9994468,2026-03-30 12:34:46.516,,y
4438,20240101,1540,23,472,"64,286","0,19",87.21034,2026-03-30 12:34:46.516,,y
4439,20240201,1540,23,472,"64,286","0,19",87.21034,2026-03-30 12:34:46.516,,y
4440,20240301,1540,23,472,"64,286","0,19",87.21034,2026-03-30 12:34:46.517,,y
4441,20240401,1540,23,472,"64,286","0,19",87.21034,2026-03-30 12:34:46.517,,y
4442,20240501,1540,23,472,"64,286","0,19",87.21034,2026-03-30 12:34:46.517,,y
4443,20240601,1540,23,472,"64,286","0,19",87.21034,2026-03-30 12:34:46.517,,y
4444,20240701,1540,23,472,"64,286","0,19",87.21034,2026-03-30 12:34:46.518,,y
4445,20240801,1540,23,472,"64,286","0,19",87.21034,2026-03-30 12:34:46.518,,y
4446,20240728,1541,24,472,365,"0,19",435.35,2026-03-30 12:34:46.518,,y
4447,20240619,1542,25,472,"1116,9","0,07",1207.252,2026-03-30 12:34:46.518,,y
4448,20240527,1418,26,472,600,"0,19",721,2026-03-30 12:34:46.518,,y
4449,20240301,1418,16,472,"21028,03","0,07",22499.9921,2026-03-30 12:34:46.519,,y
4450,20240901,1540,23,472,"64,286","0,19",87.21034,2026-03-30 12:34:46.519,,y
4451,20241001,1540,23,472,"64,286","0,19",87.21034,2026-03-30 12:34:46.519,,y
4452,20241121,1382,27,472,625,"0,19",752.1875,2026-03-30 12:34:46.519,,y
4453,20241121,1415,28,472,"65,4","0,19",78.826,2026-03-30 12:34:46.519,,y
4454,20241108,1543,29,472,1250,0,1250,2026-03-30 12:34:46.52,,y
4455,20241114,1416,28,472,9000,"0,19",10711,2026-03-30 12:34:46.52,,y
4456,20241209,1544,30,472,"207,5","0,19",247.925,2026-03-30 12:34:46.52,,y
4457,20241205,1545,30,472,1335,"0,19",1589.65,2026-03-30 12:34:46.52,,y
4458,20241205,1418,31,472,16095,0,16095,2026-03-30 12:34:46.52,,y
4459,20250106,1418,40,472,894,0,894,2026-03-30 12:34:46.521,,y
4460,20241206,1418,32,472,1800,0,1800,2026-03-30 12:34:46.521,,y
4461,20241206,1418,33,472,440,0,440,2026-03-30 12:34:46.521,,y
4462,20241225,1418,34,472,230,0,230,2026-03-30 12:34:46.521,,y
4463,20241231,1418,35,472,420,0,420,2026-03-30 12:34:46.522,,y
4464,20240301,1418,36,472,550,0,550,2026-03-30 12:34:46.522,,y
4465,20240308,1418,37,472,250,0,250,2026-03-30 12:34:46.522,,y
4466,20241225,1418,4,472,900,0,900,2026-03-30 12:34:46.522,,y
4467,20250106,1418,38,472,818,0,818,2026-03-30 12:34:46.522,,y
4468,20241231,1418,36,472,90,0,90,2026-03-30 12:34:46.523,,y
4469,20241115,1418,20,472,90,0,90,2026-03-30 12:34:46.523,,y
4470,20241001,1418,39,472,140,0,140,2026-03-30 12:34:46.523,,y
4471,20241101,1418,39,472,75,0,75,2026-03-30 12:34:46.523,,y
4472,20241001,1418,40,472,30,0,30,2026-03-30 12:34:46.524,,y
4473,20241231,1418,41,472,200,0,200,2026-03-30 12:34:46.524,,y
4474,20241231,1418,42,472,200,0,200,2026-03-30 12:34:46.524,,y
4475,20241231,1418,43,472,250,0,250,2026-03-30 12:34:46.524,,y
4476,20241202,1418,44,472,20,0,20,2026-03-30 12:34:46.525,,y
4477,20241231,1418,45,472,500,0,500,2026-03-30 12:34:46.525,,y
4478,20241231,1418,46,472,300,0,300,2026-03-30 12:34:46.525,,y
4479,20240326,1546,14,472,2626,"0,19",3125.94,2026-03-30 12:34:46.525,,y
4480,20240501,1418,47,472,350,0,350,2026-03-30 12:34:46.525,,y
4481,20240401,1418,31,472,500,0,501,2026-03-30 12:34:46.526,,y
4482,20240501,1418,27,472,"656,6","0,19",782.354,2026-03-30 12:34:46.526,,y
4483,20240701,1418,17,472,330,"0,19",393.7,2026-03-30 12:34:46.526,,y
4484,20240610,1418,27,472,480,"0,19",572.2,2026-03-30 12:34:46.527,,y
4485,20240301,1418,48,472,380,"0,19",453.2,2026-03-30 12:34:46.527,,y
4486,20240201,1418,49,472,120,0,120,2026-03-30 12:34:46.527,,y
4487,20240301,1418,50,472,140,0,140,2026-03-30 12:34:46.527,,y
4488,20240325,1418,51,472,70,0,70,2026-03-30 12:34:46.527,,y
4489,20240301,1418,52,472,75,0,75,2026-03-30 12:34:46.528,,y
4490,20240401,1418,53,472,75,0,75,2026-03-30 12:34:46.528,,y
4491,20241223,1418,28,472,189,"0,19",225.91,2026-03-30 12:34:46.528,,y
4492,20240315,1418,54,472,100,0,100,2026-03-30 12:34:46.529,,y
4504,20231222,1513,8,45,7470,"0,19",8889.3,2026-03-30 12:34:46.655,,y
4505,20231226,1515,8,46,5460,"0,19",6497.4,2026-03-30 12:34:46.656,,y
4506,20231228,1516,8,40,800,"0,19",952,2026-03-30 12:34:46.656,,y
4507,20240131,1518,8,40,751,"0,19",893.69,2026-03-30 12:34:46.656,,y
4508,20240528,1505,8,40,727,"0,19",866.13,2026-03-30 12:34:46.656,,y
4509,20240701,1508,8,40,544,"0,19",648.36,2026-03-30 12:34:46.657,,y
4510,20240730,1509,8,40,744,"0,19",886.36,2026-03-30 12:34:46.657,,y
4511,20240308,1520,8,1,51480,"0,19",61261.2,2026-03-30 12:34:46.657,,y
4512,20240906,1510,8,40,544,"0,19",648.36,2026-03-30 12:34:46.657,,y
4513,20240307,1502,8,32,"1830,4","0,19","2178,176",2026-03-30 12:34:46.657,,y
4514,-1,1418,8,472,137692.82,0,163390.5458,2026-03-30 12:34:46.658,,y
4515,20200101,1418,8,472,(montant HT factures),0,(montants TTC factures),2026-03-30 12:34:46.658,,y
4516,20250221,1326,66,472,205.607,7.0,220.0,2026-03-30 12:34:46.72,,y
4517,20250123,1327,95,472,1250,19.0,1488.5,2026-03-30 12:34:46.72,,y
4518,20250728,1328,96,472,630.0,19.0,434.008,2026-03-30 12:34:46.72,,y
4519,20250728,1328,96,472,50.0,19.0,434.008,2026-03-30 12:34:46.72,,y
4520,20250728,1328,96,472,0.0,1.0,434.008,2026-03-30 12:34:46.72,,y
4521,20250205,1329,97,472,18.64,19.0,251.451,2026-03-30 12:34:46.721,,y
4522,20250205,1329,97,472,17.7,19.0,251.451,2026-03-30 12:34:46.721,,y
4523,20250205,1329,97,472,17.58,19.0,251.451,2026-03-30 12:34:46.721,,y
4524,20250205,1329,97,472,31.5,7.0,251.451,2026-03-30 12:34:46.721,,y
4525,20250205,1329,97,472,14.0,19.0,251.451,2026-03-30 12:34:46.721,,y
4526,20250205,1329,97,472,26.65,7.0,251.451,2026-03-30 12:34:46.721,,y
4527,20250205,1329,97,472,17.32,7.0,251.451,2026-03-30 12:34:46.721,,y
4528,20250205,1329,97,472,7.49,7.0,251.451,2026-03-30 12:34:46.722,,y
4529,20250205,1329,97,472,35.64,19.0,251.451,2026-03-30 12:34:46.722,,y
4530,20250205,1329,97,472,41.16,19.0,251.451,2026-03-30 12:34:46.722,,y
4531,20250205,1329,97,472,41.16,19.0,251.451,2026-03-30 12:34:46.722,,y
4532,20250102,1330,98,472,1000.0,7.0,1071.0,2026-03-30 12:34:46.722,,y
4533,20250718,1331,30,472,180.0,0,298.5,2026-03-30 12:34:46.723,,y
4534,20250718,1331,30,472,70.0,0,298.5,2026-03-30 12:34:46.723,,y
4535,20250327,1332,30,472,108.0,19.0,129.52,2026-03-30 12:34:46.723,,y
4536,20250910,1333,30,472,180.0,0,298.5,2026-03-30 12:34:46.723,,y
4537,20250910,1333,30,472,70.0,0,298.5,2026-03-30 12:34:46.723,,y
4538,20250228,1334,30,472,680.0,19.0,1940.7,2026-03-30 12:34:46.724,,y
4539,20250228,1334,30,472,320.0,19.0,1940.7,2026-03-30 12:34:46.724,,y
4540,20250228,1334,30,472,630.0,19.0,1940.7,2026-03-30 12:34:46.724,,y
4541,20250313,1335,30,472,847.7,19.0,1370.036,2026-03-30 12:34:46.725,,y
4542,20250313,1335,30,472,302.75,19.0,1370.036,2026-03-30 12:34:46.725,,y
4543,20241108,1336,29,472,1250.0,0,1250.0,2026-03-30 12:34:46.725,,y
4544,20250205,1338,99,472,252.29999,7.0,1965.734,2026-03-30 12:34:46.726,,y
4545,20250205,1338,99,472,182.1,7.0,1965.734,2026-03-30 12:34:46.726,,y
4546,20250205,1338,99,472,1401.7999,7.0,1965.734,2026-03-30 12:34:46.726,,y
4547,20250201,1339,100,472,75.63,19.0,102.6,2026-03-30 12:34:46.726,,y
4548,20250301,1340,100,472,25.21,19.0,34.2,2026-03-30 12:34:46.726,,y
4549,20240601,1341,100,472,64.286,19.0,87.21,2026-03-30 12:34:46.726,,y
4550,20240701,1342,100,472,64.286,19.0,87.21,2026-03-30 12:34:46.727,,y
4551,20240801,1343,100,472,64.286,19.0,87.21,2026-03-30 12:34:46.727,,y
4552,20240901,1344,100,472,64.286,19.0,87.21,2026-03-30 12:34:46.727,,y
4553,20241001,1345,100,472,64.286,19.0,87.21,2026-03-30 12:34:46.727,,y
4554,20241101,1346,100,472,64.286,19.0,87.21,2026-03-30 12:34:46.727,,y
4555,20250402,1347,15,472,18700.0,0,20010,2026-03-30 12:34:46.727,,y
4556,20250923,1348,15,472,90.0,0,"422,58",2026-03-30 12:34:46.727,,y
4557,20250923,1348,15,472,28.0,0,"422,58",2026-03-30 12:34:46.727,,y
4558,20250923,1348,15,472,60.0,0,"422,58",2026-03-30 12:34:46.727,,y
4559,20250923,1348,15,472,216.0,0,"422,58",2026-03-30 12:34:46.728,,y
4560,20251111,1349,15,472,60.0,0,"161,5",2026-03-30 12:34:46.728,,y
4561,20251111,1349,15,472,90.0,0,"161,5",2026-03-30 12:34:46.728,,y
4562,20250212,1350,15,472,150.0,0,"456,82",2026-03-30 12:34:46.729,,y
4563,20250212,1350,15,472,72.0,0,"456,82",2026-03-30 12:34:46.729,,y
4564,20250212,1350,15,472,102.0,0,"456,82",2026-03-30 12:34:46.729,,y
4565,20250212,1350,15,472,102.0,0,"456,82",2026-03-30 12:34:46.729,,y
4566,20251111,1351,15,472,90.0,0,"408,349",2026-03-30 12:34:46.729,,y
4567,20251111,1351,15,472,297.0,0,"408,349",2026-03-30 12:34:46.729,,y
4568,20250923,1352,15,472,90.0,0,"874,12",2026-03-30 12:34:46.73,,y
4569,20250923,1352,15,472,84.0,0,"874,12",2026-03-30 12:34:46.73,,y
4570,20250923,1352,15,472,300.0,0,"874,12",2026-03-30 12:34:46.73,,y
4571,20250923,1352,15,472,270.0,0,"874,12",2026-03-30 12:34:46.73,,y
4572,20250923,1352,15,472,72.0,0,"874,12",2026-03-30 12:34:46.73,,y
4573,20250226,1353,15,472,13050.0,0,"13964,5",2026-03-30 12:34:46.73,,y
4574,20250829,1354,15,472,150.0,0,"1678,76",2026-03-30 12:34:46.73,,y
4575,20250829,1354,15,472,150.0,0,"1678,76",2026-03-30 12:34:46.731,,y
4576,20250829,1354,15,472,140.0,0,"1678,76",2026-03-30 12:34:46.731,,y
4577,20250829,1354,15,472,300.0,0,"1678,76",2026-03-30 12:34:46.731,,y
4578,20250829,1354,15,472,270.0,0,"1678,76",2026-03-30 12:34:46.731,,y
4579,20250829,1354,15,472,84.0,0,"1678,76",2026-03-30 12:34:46.731,,y
4580,20250829,1354,15,472,270.0,0,"1678,76",2026-03-30 12:34:46.731,,y
4581,20250829,1354,15,472,204.0,0,"1678,76",2026-03-30 12:34:46.731,,y
4582,20250818,1355,15,472,32.71,0,"741,86",2026-03-30 12:34:46.731,,y
4583,20250818,1355,15,472,61.682,0,"741,86",2026-03-30 12:34:46.732,,y
4584,20250818,1355,15,472,24.0,0,"741,86",2026-03-30 12:34:46.732,,y
4585,20250818,1355,15,472,90.0,0,"741,86",2026-03-30 12:34:46.732,,y
4586,20250818,1355,15,472,28.0,0,"741,86",2026-03-30 12:34:46.732,,y
4587,20250818,1355,15,472,180.0,0,"741,86",2026-03-30 12:34:46.733,,y
4588,20250818,1355,15,472,54.0,0,"741,86",2026-03-30 12:34:46.735,,y
4589,20250818,1355,15,472,135.0,0,"741,86",2026-03-30 12:34:46.736,,y
4590,20250818,1355,15,472,36.0,0,"741,86",2026-03-30 12:34:46.736,,y
4591,20250818,1355,15,472,51.0,0,"741,86",2026-03-30 12:34:46.736,,y
4592,20250114,1356,15,472,150.0,0,"1377,02",2026-03-30 12:34:46.736,,y
4593,20250114,1356,15,472,150.0,0,"1377,02",2026-03-30 12:34:46.736,,y
4594,20250114,1356,15,472,140.0,0,"1377,02",2026-03-30 12:34:46.736,,y
4595,20250114,1356,15,472,270.0,0,"1377,02",2026-03-30 12:34:46.736,,y
4596,20250114,1356,15,472,72.0,0,"1377,02",2026-03-30 12:34:46.736,,y
4597,20250114,1356,15,472,102.0,0,"1377,02",2026-03-30 12:34:46.737,,y
4598,20250114,1356,15,472,300.0,0,"1377,02",2026-03-30 12:34:46.737,,y
4599,20250114,1356,15,472,102.0,0,"1377,02",2026-03-30 12:34:46.737,,y
4600,20241222,1357,15,472,150.0,0,"889,1",2026-03-30 12:34:46.737,,y
4601,20241222,1357,15,472,140.0,0,"889,1",2026-03-30 12:34:46.737,,y
4602,20241222,1357,15,472,540.0,0,"889,1",2026-03-30 12:34:46.737,,y
4603,20250908,1358,101,472,418.8,19.0,499.37,2026-03-30 12:34:46.737,,y
4604,20250908,1358,101,472,0.0,19.0,0.0,2026-03-30 12:34:46.738,,y
4605,20251208,1360,88,472,2350.0,19.0,4755.05,2026-03-30 12:34:46.738,,y
4606,20251208,1360,88,472,2350.0,19.0,4755.05,2026-03-30 12:34:46.738,,y
4607,20251208,1361,88,472,1440.0,19.0,4091.625,2026-03-30 12:34:46.738,,y
4608,20251208,1361,88,472,2350.0,19.0,4091.625,2026-03-30 12:34:46.739,,y
4609,20251209,1362,88,472,1175.0,19.0,3566.538,2026-03-30 12:34:46.739,,y
4610,20251209,1362,88,472,1175.0,19.0,3566.538,2026-03-30 12:34:46.739,,y
4611,20251209,1362,88,472,1175.0,19.0,3566.538,2026-03-30 12:34:46.739,,y
4612,20250327,1363,77,472,27.0,19.0,60.0,2026-03-30 12:34:46.739,,y
4613,20250327,1363,77,472,28.089,19.0,60.0,2026-03-30 12:34:46.739,,y
4614,20250718,1364,102,472,11.507999,7.0,11.467,2026-03-30 12:34:46.739,,y
4615,20280106,1365,103,472,201.68,19.0,461.006,2026-03-30 12:34:46.739,,y
4616,20280106,1365,103,472,63.030003,19.0,461.006,2026-03-30 12:34:46.74,,y
4617,20280106,1365,103,472,113.44499,19.0,461.006,2026-03-30 12:34:46.74,,y
4618,20280106,1365,103,472,8.405,19.0,461.006,2026-03-30 12:34:46.74,,y
4619,20250814,1418,104,472,40.0,0,46.0,2026-03-30 12:34:46.74,,y
4620,20250815,1418,104,472,6.0,0,46.0,2026-03-30 12:34:46.74,,y
4621,20250424,1418,105,472,"",0,162.5,2026-03-30 12:34:46.74,,y
4622,20250427,1418,105,472,"",0,110.0,2026-03-30 12:34:46.74,,y
4623,20241127,1418,105,472,"",0,183.5,2026-03-30 12:34:46.74,,y
4624,20241214,1418,105,472,"",0,375.0,2026-03-30 12:34:46.74,,y
4625,20241206,1418,105,472,"",0,165.0,2026-03-30 12:34:46.741,,y
4626,20241207,1418,105,472,"",0,315.0,2026-03-30 12:34:46.741,,y
4627,20241224,1418,105,472,"",0,295.5,2026-03-30 12:34:46.741,,y
4628,20250127,1366,106,472,37.0,7.0,40.59,2026-03-30 12:34:46.741,,y
4629,20250210,1367,71,472,0.0,7.0,29.96,2026-03-30 12:34:46.741,,y
4630,20250210,1367,71,472,0.0,7.0,25.68,2026-03-30 12:34:46.741,,y
4631,20250227,1368,71,472,0.0,7.0,6.42,2026-03-30 12:34:46.741,,y
4632,20250227,1368,71,472,0.0,7.0,7.49,2026-03-30 12:34:46.741,,y
4633,20241230,1418,107,472,0.0,7,"",2026-03-30 12:34:46.742,,y
4634,20241230,1418,107,472,0.0,7,"",2026-03-30 12:34:46.742,,y
4635,20251129,1370,108,472,240.0,0,"",2026-03-30 12:34:46.742,,y
4636,20251129,1370,108,472,270.0,0,"",2026-03-30 12:34:46.742,,y
4637,20251129,1370,108,472,175.0,0,"",2026-03-30 12:34:46.742,,y
4638,20251129,1370,108,472,297.0,0,"",2026-03-30 12:34:46.742,,y
4639,20251129,1370,108,472,99.0,0,"",2026-03-30 12:34:46.742,,y
4640,20251129,1370,108,472,50.0,0,"",2026-03-30 12:34:46.743,,y
4641,20251129,1370,108,472,22.0,0,"",2026-03-30 12:34:46.743,,y
4642,-1,1418,108,472,225.0,0,"",2026-03-30 12:34:46.745,,y
4643,-1,1418,108,472,84.0,0,"",2026-03-30 12:34:46.746,,y
4644,-1,1418,108,472,150.0,0,"",2026-03-30 12:34:46.746,,y
4645,-1,1418,108,472,185.0,0,"",2026-03-30 12:34:46.746,,y
4646,-1,1418,108,472,250.0,0,"",2026-03-30 12:34:46.746,,y
4647,20250219,1371,109,472,2900.0,7,"",2026-03-30 12:34:46.746,,y
4648,20250122,1372,57,472,2350.0,0,"",2026-03-30 12:34:46.747,,y
4649,20250420,1373,94,472,17391.0,7,18700,2026-03-30 12:34:46.747,,y
4650,20250325,1372,94,472,13455.0,7,14400,2026-03-30 12:34:46.747,,y
4651,20241209,1418,8,472,0.0,0,"",2026-03-30 12:34:46.748,,y
4652,20250813,1418,110,472,325.0,0,"",2026-03-30 12:34:46.748,,y
4653,20250813,1418,110,472,275.0,0,"",2026-03-30 12:34:46.748,,y
4654,20250813,1418,110,472,80.0,0,"",2026-03-30 12:34:46.748,,y
4655,20250813,1418,110,472,100.0,0,"",2026-03-30 12:34:46.749,,y
4656,20250917,1418,111,472,78.0,0,"",2026-03-30 12:34:46.749,,y
4657,20250917,1418,111,472,60.0,0,"",2026-03-30 12:34:46.75,,y
4658,20250821,1374,112,472,84100.0,19,"",2026-03-30 12:34:46.75,,y
4659,-1,1418,113,472,"","290,704",1484,2026-03-30 12:34:46.75,,y
4660,-1,1418,114,472,"",0,"91,9",2026-03-30 12:34:46.75,,y
4661,-1,1418,114,472,"",0,"95,5",2026-03-30 12:34:46.751,,y
4662,20250921,1375,115,472,264.0,7,"",2026-03-30 12:34:46.751,,y
4663,20250921,1375,115,472,24.0,7,"",2026-03-30 12:34:46.751,,y
4664,20250921,1375,115,472,36.0,7,"",2026-03-30 12:34:46.751,,y
4665,20250921,1375,115,472,48.0,7,"",2026-03-30 12:34:46.751,,y
4666,20250921,1375,115,472,56.0,7,"",2026-03-30 12:34:46.751,,y
4667,20250819,1376,115,472,144.0,7,"",2026-03-30 12:34:46.752,,y
4668,20250819,1376,115,472,126.0,7,"",2026-03-30 12:34:46.752,,y
4669,20250819,1376,115,472,21.0,7,"",2026-03-30 12:34:46.752,,y
4670,20250819,1376,115,472,45.0,7,"",2026-03-30 12:34:46.752,,y
4671,20250819,1376,115,472,60.0,7,"",2026-03-30 12:34:46.752,,y
4672,20250804,1377,115,472,272.0,7,"",2026-03-30 12:34:46.752,,y
4673,20240124,1378,115,472,600.0,7,"",2026-03-30 12:34:46.752,,y
4674,20240124,1378,115,472,90.0,7,"",2026-03-30 12:34:46.752,,y
4675,20240124,1378,115,472,140.0,7,"",2026-03-30 12:34:46.753,,y
4676,20240124,1378,115,472,187.5,7,"",2026-03-30 12:34:46.753,,y
4677,20240124,1378,115,472,175.0,7,"",2026-03-30 12:34:46.754,,y
4678,20240124,1378,115,472,675.0,7,"",2026-03-30 12:34:46.754,,y
4679,20250218,1418,116,472,80.0,0,"",2026-03-30 12:34:46.754,,y
4680,20250218,1418,116,472,12.0,0,"",2026-03-30 12:34:46.754,,y
4681,20250217,1379,63,472,60.0,1.000,"",2026-03-30 12:34:46.754,,y
4682,20250217,1379,63,472,102.0,1.000,"",2026-03-30 12:34:46.754,,y
4683,20250217,1379,63,472,96.0,1.000,"",2026-03-30 12:34:46.755,,y
4684,20250217,1379,63,472,54.0,1.000,"",2026-03-30 12:34:46.755,,y
4685,20250217,1379,63,472,39.0,1.000,"",2026-03-30 12:34:46.755,,y
4686,20250217,1379,63,472,32.0,1.000,"",2026-03-30 12:34:46.756,,y
4687,20250217,1379,63,472,52.0,1.000,"",2026-03-30 12:34:46.756,,y
4688,20250217,1379,63,472,52.0,1.000,"",2026-03-30 12:34:46.756,,y
4689,20250217,1379,63,472,60.0,1.000,"",2026-03-30 12:34:46.756,,y
4690,20250217,1379,63,472,102.0,1.000,"",2026-03-30 12:34:46.756,,y
4691,20250217,1379,63,472,96.0,1.000,"",2026-03-30 12:34:46.756,,y
4692,20250217,1379,63,472,54.0,1.000,"",2026-03-30 12:34:46.756,,y
4693,20250217,1379,63,472,39.0,1.000,"",2026-03-30 12:34:46.756,,y
4694,20250217,1379,63,472,32.0,1.000,"",2026-03-30 12:34:46.756,,y
4695,20250217,1379,63,472,52.0,1.000,"",2026-03-30 12:34:46.756,,y
4696,20250217,1379,63,472,52.0,1.000,"",2026-03-30 12:34:46.756,,y
4697,20250217,1379,63,472,120.0,1.000,"",2026-03-30 12:34:46.756,,y
4698,20250217,1379,63,472,204.0,1.000,"",2026-03-30 12:34:46.756,,y
4699,20250217,1379,63,472,192.0,1.000,"",2026-03-30 12:34:46.756,,y
4700,20250217,1379,63,472,108.0,1.000,"",2026-03-30 12:34:46.757,,y
4701,20250217,1379,63,472,78.0,1.000,"",2026-03-30 12:34:46.757,,y
4702,20250217,1379,63,472,64.0,1.000,"",2026-03-30 12:34:46.757,,y
4703,20250217,1379,63,472,104.0,1.000,"",2026-03-30 12:34:46.757,,y
4704,20250217,1379,63,472,104.0,1.000,"",2026-03-30 12:34:46.757,,y
4705,20250224,1380,27,472,50.0,19.0,61.095,2026-03-30 12:34:46.757,,y
4706,20250310,1381,27,472,100.0,19.0,121.19,2026-03-30 12:34:46.757,,y
4707,20241121,1382,27,472,625.0,19.0,752.188,2026-03-30 12:34:46.757,,y
4708,20250212,1383,25,472,96.0,7.0,104.747,2026-03-30 12:34:46.757,,y
4709,20260905,1384,117,472,0.0,7.0,21.870,2026-03-30 12:34:46.757,,y
4710,20260905,1384,117,472,0.0,7.0,21.870,2026-03-30 12:34:46.757,,y
4711,20260905,1384,117,472,0.0,7.0,21.870,2026-03-30 12:34:46.758,,y
4712,20270305,1385,117,472,0.0,7.0,35.780,2026-03-30 12:34:46.758,,y
4713,20270305,1385,117,472,0.0,7.0,35.780,2026-03-30 12:34:46.758,,y
4714,20270305,1385,117,472,0.0,7.0,35.780,2026-03-30 12:34:46.758,,y
4715,20270305,1385,117,472,0.0,7.0,35.780,2026-03-30 12:34:46.758,,y
4716,20270305,1385,117,472,0.0,7.0,35.780,2026-03-30 12:34:46.758,,y
4717,20251006,1386,117,472,0.0,7.0,8.490,2026-03-30 12:34:46.758,,y
4718,20260506,1387,117,472,0.0,7.0,14.910,2026-03-30 12:34:46.758,,y
4719,20260506,1387,117,472,0.0,7.0,14.910,2026-03-30 12:34:46.758,,y
4720,20261206,1388,117,472,0.0,7.0,7.960,2026-03-30 12:34:46.758,,y
4721,20250907,1389,117,472,0.0,7.0,14.910,2026-03-30 12:34:46.758,,y
4722,20250907,1389,117,472,0.0,7.0,14.910,2026-03-30 12:34:46.758,,y
4723,20260307,1390,117,472,0.0,7.0,14.910,2026-03-30 12:34:46.758,,y
4724,20260307,1390,117,472,0.0,7.0,14.910,2026-03-30 12:34:46.758,,y
4725,20270707,1391,117,472,0.0,7.0,14.910,2026-03-30 12:34:46.758,,y
4726,20270707,1391,117,472,0.0,7.0,14.910,2026-03-30 12:34:46.758,,y
4727,20270707,1391,117,472,0.0,7.0,14.910,2026-03-30 12:34:46.759,,y
4728,20270208,1392,117,472,0.0,7.0,30.430,2026-03-30 12:34:46.759,,y
4729,20270208,1392,117,472,0.0,7.0,30.430,2026-03-30 12:34:46.759,,y
4730,20270208,1392,117,472,0.0,7.0,30.430,2026-03-30 12:34:46.759,,y
4731,20270208,1392,117,472,0.0,7.0,30.430,2026-03-30 12:34:46.759,,y
4732,20270708,1393,117,472,0.0,7.0,14.910,2026-03-30 12:34:46.759,,y
4733,20270708,1393,117,472,0.0,7.0,14.910,2026-03-30 12:34:46.759,,y
4734,20270708,1393,117,472,0.0,7.0,14.910,2026-03-30 12:34:46.759,,y
4735,20270708,1393,117,472,0.0,7.0,14.910,2026-03-30 12:34:46.759,,y
4736,20251009,1394,117,472,0.0,7.0,21.870,2026-03-30 12:34:46.76,,y
4737,20251009,1394,117,472,0.0,7.0,21.870,2026-03-30 12:34:46.76,,y
4738,20251009,1394,117,472,0.0,7.0,21.870,2026-03-30 12:34:46.76,,y
4739,20260310,1395,117,472,0.0,7.0,14.910,2026-03-30 12:34:46.76,,y
4740,20260310,1395,117,472,0.0,7.0,14.910,2026-03-30 12:34:46.761,,y
4741,20270710,1396,117,472,0.0,7.0,7.960,2026-03-30 12:34:46.761,,y
4742,20251111,1397,117,472,0.0,7.0,14.910,2026-03-30 12:34:46.762,,y
4743,20251111,1397,117,472,0.0,7.0,14.910,2026-03-30 12:34:46.762,,y
4744,20260412,1398,117,472,0.0,7.0,8.490,2026-03-30 12:34:46.762,,y
4745,20250811,1399,84,472,325.0,19.0,391.618,2026-03-30 12:34:46.762,,y
4746,20251106,1400,84,472,325.0,19.0,391.618,2026-03-30 12:34:46.762,,y
4747,20250718,1401,118,472,3.668,19.0,29.649,2026-03-30 12:34:46.762,,y
4748,20250718,1401,118,472,24.435001,19.0,29.649,2026-03-30 12:34:46.762,,y
4749,20250228,1402,119,472,294.95963,19.0,365,2026-03-30 12:34:46.762,,y
4750,20250331,1403,119,472,191.23872,19.0,237,2026-03-30 12:34:46.762,,y
4751,20250531,1404,119,472,136.13062,19.0,169,2026-03-30 12:34:46.762,,y
4752,20250430,1405,119,472,186.36809,19.0,231,2026-03-30 12:34:46.762,,y
4753,20250221,1406,67,472,332.8,19.0,400.992,2026-03-30 12:34:46.763,,y
4754,20250205,1407,67,472,168.06999,19.0,1946.013,2026-03-30 12:34:46.763,,y
4755,20250205,1407,67,472,420.16998,19.0,1946.013,2026-03-30 12:34:46.764,,y
4756,20250205,1407,67,472,546.22003,19.0,1946.013,2026-03-30 12:34:46.765,,y
4757,20250205,1407,67,472,92.435,19.0,1946.013,2026-03-30 12:34:46.765,,y
4758,20250205,1407,67,472,134.455,19.0,1946.013,2026-03-30 12:34:46.765,,y
4759,20250205,1407,67,472,126.055,19.0,1946.013,2026-03-30 12:34:46.766,,y
4760,20250205,1407,67,472,147.06,19.0,1946.013,2026-03-30 12:34:46.766,,y
4761,20250211,1408,20,472,14.0,2.66,17.66,2026-03-30 12:34:46.766,,y
4762,20250227,1409,20,472,130.0,24.7,155.7,2026-03-30 12:34:46.766,,y
4763,20250131,1410,120,472,240.0,0,511,2026-03-30 12:34:46.767,,y
4764,20250131,1410,120,472,270.0,0,511,2026-03-30 12:34:46.767,,y
4765,20250213,1411,120,472,120.0,0,256,2026-03-30 12:34:46.767,,y
4766,20250213,1411,120,472,135.0,0,256,2026-03-30 12:34:46.767,,y
4767,20250506,1418,120,472,240.0,0,241,2026-03-30 12:34:46.767,,y
4768,20251127,1418,120,472,36.0,0,100,2026-03-30 12:34:46.767,,y
4769,20251127,1418,120,472,40.0,0,100,2026-03-30 12:34:46.767,,y
4770,20251127,1418,120,472,24.0,0,100,2026-03-30 12:34:46.767,,y
4771,20250815,1418,120,472,40.0,0,60,2026-03-30 12:34:46.768,,y
4772,20250815,1418,120,472,20.0,0,60,2026-03-30 12:34:46.768,,y
4773,20250422,1412,120,472,405.0,0,406,2026-03-30 12:34:46.768,,y
4774,20250814,1418,120,472,180.0,0,1125,2026-03-30 12:34:46.769,,y
4775,20250814,1418,120,472,945.0,0,1125,2026-03-30 12:34:46.769,,y
4776,20250826,1418,120,472,45.0,0,565,2026-03-30 12:34:46.769,,y
4777,20250826,1418,120,472,45.0,0,565,2026-03-30 12:34:46.769,,y
4778,20250826,1418,120,472,45.0,0,565,2026-03-30 12:34:46.769,,y
4779,20250826,1418,120,472,60.0,0,565,2026-03-30 12:34:46.769,,y
4780,20250826,1418,120,472,60.0,0,565,2026-03-30 12:34:46.769,,y
4781,20250826,1418,120,472,45.0,0,565,2026-03-30 12:34:46.769,,y
4782,20250826,1418,120,472,60.0,0,565,2026-03-30 12:34:46.769,,y
4783,20250826,1418,120,472,225.0,0,565,2026-03-30 12:34:46.77,,y
4784,20251027,1413,120,472,0.0,0,190,2026-03-30 12:34:46.77,,y
4785,20251027,1413,120,472,0.0,0,190,2026-03-30 12:34:46.77,,y
4786,20251027,1413,120,472,0.0,0,190,2026-03-30 12:34:46.77,,y
4787,20251027,1413,120,472,0.0,0,190,2026-03-30 12:34:46.77,,y
4788,-1,72,8,1,58025.0,19%,20715.926,2026-03-30 12:34:46.847,,y
4789,-1,72,8,1,58025.0,19%,20715.926,2026-03-30 12:34:46.847,,y
4790,-1,73,8,1,58025.0,19%,13810.95,2026-03-30 12:34:46.848,,y
4791,-1,73,8,1,58025.0,19%,13810.95,2026-03-30 12:34:46.848,,y
4792,-1,74,8,1,58025.0,19%,34525.875,2026-03-30 12:34:46.85,,y
4793,-1,74,8,1,58025.0,19%,34525.875,2026-03-30 12:34:46.851,,y
4794,-1,75,8,32,2194.5,19%,2612.455,2026-03-30 12:34:46.851,,y
4795,-1,76,8,33,7475.0,0%,3738.5,2026-03-30 12:34:46.851,,y
4796,-1,76,8,33,7475.0,0%,3738.5,2026-03-30 12:34:46.851,,y
4797,-1,76,8,33,7475.0,0%,3738.5,2026-03-30 12:34:46.852,,y
4798,-1,76,8,33,7475.0,0%,3738.5,2026-03-30 12:34:46.852,,y
4799,-1,77,8,33,300.0,0%,301.0,2026-03-30 12:34:46.852,,y
4800,-1,78,8,33,7475.0,0%,3738.5,2026-03-30 12:34:46.852,,y
4801,-1,78,8,33,7475.0,0%,3738.5,2026-03-30 12:34:46.852,,y
4802,-1,78,8,33,7475.0,0%,3738.5,2026-03-30 12:34:46.853,,y
4803,-1,78,8,33,7475.0,0%,3738.5,2026-03-30 12:34:46.853,,y
4804,-1,79,8,38,224.34,19%,267.965,2026-03-30 12:34:46.853,,y
4805,-1,79,8,38,224.34,19%,267.965,2026-03-30 12:34:46.853,,y
4806,-1,79,8,38,224.34,19%,267.965,2026-03-30 12:34:46.853,,y
4807,-1,79,8,38,224.34,19%,267.965,2026-03-30 12:34:46.853,,y
4808,-1,80,8,34,50000.0,19%,59501.0,2026-03-30 12:34:46.854,,y
4809,-1,81,8,28,1785.0,19%,2125.15,2026-03-30 12:34:46.855,,y
4810,-1,82,8,39,1720.0,19%,2047.8,2026-03-30 12:34:46.855,,y
4811,-1,82,8,39,1720.0,19%,2047.8,2026-03-30 12:34:46.855,,y
4812,-1,83,8,40,560.0,19%,667.4,2026-03-30 12:34:46.855,,y
4813,-1,83,8,40,560.0,19%,667.4,2026-03-30 12:34:46.856,,y
4814,-1,83,8,40,560.0,19%,667.4,2026-03-30 12:34:46.857,,y
4815,-1,83,8,40,560.0,19%,667.4,2026-03-30 12:34:46.857,,y
4816,-1,84,8,40,584.0,19%,695.96,2026-03-30 12:34:46.857,,y
4817,-1,84,8,40,584.0,19%,695.96,2026-03-30 12:34:46.857,,y
4818,-1,84,8,40,584.0,19%,695.96,2026-03-30 12:34:46.858,,y
4819,-1,84,8,40,584.0,19%,695.96,2026-03-30 12:34:46.858,,y
4820,-1,85,8,40,544.0,19%,648.36,2026-03-30 12:34:46.858,,y
4821,-1,85,8,40,544.0,19%,648.36,2026-03-30 12:34:46.859,,y
4822,-1,85,8,40,544.0,19%,648.36,2026-03-30 12:34:46.859,,y
4823,-1,85,8,40,544.0,19%,648.36,2026-03-30 12:34:46.86,,y
4824,-1,86,8,40,352.0,19%,419.88,2026-03-30 12:34:46.86,,y
4825,-1,86,8,40,352.0,19%,419.88,2026-03-30 12:34:46.861,,y
4826,-1,87,8,40,416.0,19%,496.04,2026-03-30 12:34:46.861,,y
4827,-1,87,8,40,416.0,19%,496.04,2026-03-30 12:34:46.861,,y
4828,-1,87,8,40,416.0,19%,496.04,2026-03-30 12:34:46.861,,y
4829,-1,88,8,40,527.0,19%,628.13,2026-03-30 12:34:46.862,,y
4830,-1,88,8,40,527.0,19%,628.13,2026-03-30 12:34:46.862,,y
4831,-1,88,8,40,527.0,19%,628.13,2026-03-30 12:34:46.862,,y
4832,-1,88,8,40,527.0,19%,628.13,2026-03-30 12:34:46.862,,y
4833,-1,88,8,40,527.0,19%,628.13,2026-03-30 12:34:46.862,,y
4834,-1,79,8,40,352.0,19%,419.88,2026-03-30 12:34:46.863,,y
4835,-1,79,8,40,352.0,19%,419.88,2026-03-30 12:34:46.863,,y
4836,-1,79,8,40,352.0,19%,419.88,2026-03-30 12:34:46.863,,y
4837,-1,89,8,40,576.0,19%,686.44,2026-03-30 12:34:46.863,,y
4838,-1,89,8,40,576.0,19%,686.44,2026-03-30 12:34:46.863,,y
4839,-1,89,8,40,576.0,19%,686.44,2026-03-30 12:34:46.864,,y
4840,-1,89,8,40,576.0,19%,686.44,2026-03-30 12:34:46.864,,y
4841,-1,89,8,40,576.0,19%,686.44,2026-03-30 12:34:46.864,,y
4842,-1,90,8,40,276.0,19%,329.44,2026-03-30 12:34:46.864,,y
4843,-1,90,8,40,276.0,19%,329.44,2026-03-30 12:34:46.864,,y
4844,-1,90,8,40,276.0,19%,329.44,2026-03-30 12:34:46.865,,y
4845,-1,91,8,40,384.0,19%,457.96,2026-03-30 12:34:46.865,,y
4846,-1,91,8,40,384.0,19%,457.96,2026-03-30 12:34:46.865,,y
4847,-1,91,8,40,384.0,19%,457.96,2026-03-30 12:34:46.865,,y
4848,-1,91,8,40,384.0,19%,457.96,2026-03-30 12:34:46.865,,y
4849,-1,91,8,40,384.0,19%,457.96,2026-03-30 12:34:46.865,,y
4850,-1,92,8,40,320.0,19%,381.8,2026-03-30 12:34:46.865,,y
4851,-1,92,8,40,320.0,19%,381.8,2026-03-30 12:34:46.866,,y
4852,-1,92,8,40,320.0,19%,381.8,2026-03-30 12:34:46.866,,y
4853,-1,93,8,40,484.0,19%,576.96,2026-03-30 12:34:46.866,,y
4854,-1,93,8,40,484.0,19%,576.96,2026-03-30 12:34:46.866,,y
4855,-1,93,8,40,484.0,19%,576.96,2026-03-30 12:34:46.867,,y
4856,-1,93,8,40,484.0,19%,576.96,2026-03-30 12:34:46.867,,y
4857,-1,93,8,40,484.0,19%,576.96,2026-03-30 12:34:46.867,,y
4858,-1,93,8,40,484.0,19%,576.96,2026-03-30 12:34:46.867,,y
4859,-1,93,8,40,484.0,19%,576.96,2026-03-30 12:34:46.867,,y
4860,-1,94,8,40,224.0,19%,267.56,2026-03-30 12:34:46.868,,y
4861,-1,94,8,40,224.0,19%,267.56,2026-03-30 12:34:46.868,,y
4862,-1,95,8,40,352.0,19%,419.88,2026-03-30 12:34:46.869,,y
4863,-1,95,8,40,352.0,19%,419.88,2026-03-30 12:34:46.869,,y
4864,-1,95,8,40,352.0,19%,419.88,2026-03-30 12:34:46.869,,y
4865,-1,96,8,29,605.0,19%,720.95,2026-03-30 12:34:46.87,,y
4866,-1,96,8,29,605.0,19%,720.95,2026-03-30 12:34:46.87,,y
4867,-1,96,8,29,605.0,19%,720.95,2026-03-30 12:34:46.87,,y
4868,-1,96,8,29,605.0,19%,720.95,2026-03-30 12:34:46.871,,y
4869,-1,96,8,29,605.0,19%,720.95,2026-03-30 12:34:46.871,,y
4870,-1,97,8,41,160.0,19%,191.4,2026-03-30 12:34:46.871,,y
4871,-1,97,8,41,160.0,19%,191.4,2026-03-30 12:34:46.872,,y
4872,-1,98,8,41,160.0,19%,191.4,2026-03-30 12:34:46.872,,y
4873,-1,98,8,41,160.0,19%,191.4,2026-03-30 12:34:46.874,,y
4874,-1,99,8,41,224.0,19%,267.56,2026-03-30 12:34:46.875,,y
4875,-1,99,8,41,224.0,19%,267.56,2026-03-30 12:34:46.875,,y
4876,-1,99,8,41,224.0,19%,267.56,2026-03-30 12:34:46.876,,y
4877,-1,100,8,41,256.0,19%,305.64,2026-03-30 12:34:46.876,,y
4878,-1,100,8,41,256.0,19%,305.64,2026-03-30 12:34:46.877,,y
4879,-1,100,8,41,256.0,19%,305.64,2026-03-30 12:34:46.877,,y
4880,-1,101,8,41,303.0,19%,361.57,2026-03-30 12:34:46.877,,y
4881,-1,101,8,41,303.0,19%,361.57,2026-03-30 12:34:46.877,,y
4882,-1,101,8,41,303.0,19%,361.57,2026-03-30 12:34:46.877,,y
4883,-1,101,8,41,303.0,19%,361.57,2026-03-30 12:34:46.878,,y
4884,-1,102,8,41,224.0,19%,267.56,2026-03-30 12:34:46.878,,y
4885,-1,102,8,41,224.0,19%,267.56,2026-03-30 12:34:46.878,,y
4886,-1,103,8,41,192.0,19%,229.48,2026-03-30 12:34:46.879,,y
4887,-1,103,8,41,192.0,19%,229.48,2026-03-30 12:34:46.879,,y
4888,-1,104,8,41,32.0,19%,39.08,2026-03-30 12:34:46.879,,y
4889,-1,105,8,41,128.0,19%,153.32,2026-03-30 12:34:46.879,,y
4890,-1,106,8,41,96.0,19%,115.24,2026-03-30 12:34:46.879,,y
4891,-1,107,8,41,96.0,19%,115.24,2026-03-30 12:34:46.879,,y
4892,-1,108,8,31,470.0,0%,471.0,2026-03-30 12:34:46.879,,y
4893,-1,108,8,31,470.0,0%,471.0,2026-03-30 12:34:46.88,,y
4894,-1,100,8,42,150.0,19%,179.5,2026-03-30 12:34:46.88,,y
4895,-1,109,8,30,19500.0,19%,23206.0,2026-03-30 12:34:46.88,,y
4896,-1,109,8,30,19500.0,19%,23206.0,2026-03-30 12:34:46.88,,y
4897,-1,109,8,30,19500.0,19%,23206.0,2026-03-30 12:34:46.88,,y
4898,-1,109,8,30,19500.0,19%,23206.0,2026-03-30 12:34:46.881,,y
4899,-1,109,8,30,19500.0,19%,23206.0,2026-03-30 12:34:46.882,,y
4900,-1,110,8,30,14592.38,19%,17365.926,2026-03-30 12:34:46.882,,y
4901,-1,110,8,30,14592.38,19%,17365.926,2026-03-30 12:34:46.882,,y
4902,-1,110,8,30,14592.38,19%,17365.926,2026-03-30 12:34:46.883,,y
4903,-1,111,8,27,26784.0,19%,31873.96,2026-03-30 12:34:46.883,,y
4904,-1,112,8,27,26784.0,19%,16096.35,2026-03-30 12:34:46.884,,y
4905,-1,113,8,27,186.0,19%,222.34,2026-03-30 12:34:46.884,,y
4906,-1,114,8,27,200.0,19%,239.0,2026-03-30 12:34:46.885,,y
4907,-1,115,8,27,200.0,19%,239.0,2026-03-30 12:34:46.885,,y
4908,20251213,71,8,43,5850.0,19%,6962.5,2026-03-30 12:34:46.943,,y
4909,20251213,71,8,43,5850.0,19%,6962.5,2026-03-30 12:34:46.944,,y
4910,20251213,71,8,43,5850.0,19%,6962.5,2026-03-30 12:34:46.944,,y
4911,20250116,12,8,1,58025.0,19%,69050.75,2026-03-30 12:34:47.004,,y
4912,20250116,12,8,1,58025.0,19%,69050.75,2026-03-30 12:34:47.004,,y
4913,20250219,13,8,1,3750.0,19%,4463.5,2026-03-30 12:34:47.004,,y
4914,20250211,14,8,32,2194.5,19%,2612.46,2026-03-30 12:34:47.004,,y
4915,20251103,15,8,33,7475.0,19%,8896.25,2026-03-30 12:34:47.004,,y
4916,20251103,15,8,33,7475.0,19%,8896.25,2026-03-30 12:34:47.004,,y
4917,20251103,15,8,33,7475.0,19%,8896.25,2026-03-30 12:34:47.004,,y
4918,20251103,15,8,33,7475.0,19%,8896.25,2026-03-30 12:34:47.004,,y
4919,20251205,16,8,33,300.0,0%,301.0,2026-03-30 12:34:47.004,,y
4920,20241225,17,8,34,50000.0,19%,59501.0,2026-03-30 12:34:47.004,,y
4921,20241025,18,8,35,15750.0,19%,18743.5,2026-03-30 12:34:47.004,,y
4922,20241025,19,8,35,14850.0,19%,17672.5,2026-03-30 12:34:47.005,,y
4923,20241025,20,8,35,14400.0,19%,17137.0,2026-03-30 12:34:47.005,,y
4924,20241025,21,8,35,9900.0,19%,11782.0,2026-03-30 12:34:47.005,,y
4925,20251222,22,8,36,2460.0,19%,2928.4,2026-03-30 12:34:47.005,,y
4926,20251222,22,8,36,2460.0,19%,2928.4,2026-03-30 12:34:47.005,,y
4927,20251222,22,8,36,2460.0,19%,2928.4,2026-03-30 12:34:47.005,,y
4928,20251016,23,8,28,8385.0,19%,9979.15,2026-03-30 12:34:47.005,,y
4929,20251016,23,8,28,8385.0,19%,9979.15,2026-03-30 12:34:47.005,,y
4930,20251016,23,8,28,8385.0,19%,9979.15,2026-03-30 12:34:47.005,,y
4931,20251023,24,8,28,5935.0,19%,7063.65,2026-03-30 12:34:47.006,,y
4932,20251023,24,8,28,5935.0,19%,7063.65,2026-03-30 12:34:47.006,,y
4933,20251023,24,8,28,5935.0,19%,7063.65,2026-03-30 12:34:47.006,,y
4934,20251124,25,8,28,2250.0,19%,2678.5,2026-03-30 12:34:47.006,,y
4935,20251124,25,8,28,2250.0,19%,2678.5,2026-03-30 12:34:47.006,,y
4936,20250205,26,8,37,8600.0,19%,10235.0,2026-03-30 12:34:47.006,,y
4937,20250205,26,8,37,8600.0,19%,10235.0,2026-03-30 12:34:47.006,,y
4938,20250205,26,8,37,8600.0,19%,10235.0,2026-03-30 12:34:47.006,,y
4939,20250210,27,8,37,3300.0,19%,3928.0,2026-03-30 12:34:47.006,,y
4940,20241009,28,8,30,105552.0,19%,125607.88,2026-03-30 12:34:47.006,,y
4941,20241009,28,8,30,105552.0,19%,125607.88,2026-03-30 12:34:47.006,,y
4942,20241009,28,8,30,105552.0,19%,125607.88,2026-03-30 12:34:47.007,,y
4943,20241028,29,8,30,18240.0,19%,21706.6,2026-03-30 12:34:47.007,,y
4944,20241028,29,8,30,18240.0,19%,21706.6,2026-03-30 12:34:47.007,,y
4945,20241028,29,8,30,18240.0,19%,21706.6,2026-03-30 12:34:47.007,,y
4946,20241028,29,8,30,18240.0,19%,21706.6,2026-03-30 12:34:47.007,,y
4947,20241029,30,8,30,19000.0,19%,22611.0,2026-03-30 12:34:47.007,,y
4948,20241029,30,8,30,19000.0,19%,22611.0,2026-03-30 12:34:47.007,,y
4949,20241029,30,8,30,19000.0,19%,22611.0,2026-03-30 12:34:47.007,,y
4950,20241029,30,8,30,19000.0,19%,22611.0,2026-03-30 12:34:47.007,,y
4951,20241030,31,8,30,500.0,19%,596.0,2026-03-30 12:34:47.007,,y
4952,20251107,32,8,30,20463.75,19%,24352.86,2026-03-30 12:34:47.007,,y
4953,20251107,32,8,30,20463.75,19%,24352.86,2026-03-30 12:34:47.007,,y
4954,20251107,32,8,30,20463.75,19%,24352.86,2026-03-30 12:34:47.008,,y
4955,20251107,32,8,30,20463.75,19%,24352.86,2026-03-30 12:34:47.008,,y
4956,20251112,33,8,30,14592.38,19%,17365.93,2026-03-30 12:34:47.008,,y
4957,20251112,33,8,30,14592.38,19%,17365.93,2026-03-30 12:34:47.008,,y
4958,20251112,33,8,30,14592.38,19%,17365.93,2026-03-30 12:34:47.008,,y
4959,20260107,34,8,30,648.55,19%,772.77,2026-03-30 12:34:47.008,,y
4960,20260107,34,8,30,648.55,19%,772.77,2026-03-30 12:34:47.008,,y
4961,20260107,34,8,30,648.55,19%,772.77,2026-03-30 12:34:47.008,,y
4962,20241025,35,8,27,26784.0,19%,31873.96,2026-03-30 12:34:47.008,,y
4963,20250408,23,8,27,250.0,19%,298.5,2026-03-30 12:34:47.008,,y
4964,20251112,36,8,27,200.0,19%,239.0,2026-03-30 12:34:47.008,,y
1,20230406,1521,9,472,"500,5","0,19",596.595,2026-03-30 12:29:42.251,,y
79,20240501,1540,23,472,,0,"64,286",2026-03-30 12:28:38.671,,y
80,20240601,1540,23,472,,0,"64,286",2026-03-30 12:28:38.671,,y
81,20240701,1540,23,472,,0,"64,286",2026-03-30 12:28:38.671,,y
82,20240801,1540,23,472,,0,"64,286",2026-03-30 12:28:38.671,,y
83,20240728,1541,24,472,,0,365,2026-03-30 12:28:38.671,,y
84,20240619,1542,25,472,,0,"1116,9",2026-03-30 12:28:38.671,,y
85,20240527,1418,26,472,,0,600,2026-03-30 12:28:38.672,,y
86,20240301,1418,16,472,,0,"21028,03",2026-03-30 12:28:38.672,,y
87,20240901,1540,23,472,,0,"64,286",2026-03-30 12:28:38.672,,y
88,20241001,1540,23,472,,0,"64,286",2026-03-30 12:28:38.672,,y
89,20241121,1382,27,472,,0,625,2026-03-30 12:28:38.672,,y
551,20250811,301,8,191,,0,219,2026-03-30 12:28:38.844,,y
552,20250811,302,8,228,,0,100,2026-03-30 12:28:38.844,,y
553,20250811,303,8,229,,0,75,2026-03-30 12:28:38.844,,y
554,20250811,303,8,229,,0,75,2026-03-30 12:28:38.844,,y
555,20250810,304,8,230,,0,25,2026-03-30 12:28:38.844,,y
556,20250809,305,8,231,,0,150,2026-03-30 12:28:38.844,,y
557,20250809,306,8,232,,0,92,2026-03-30 12:28:38.844,,y
558,20250807,307,8,233,,0,"49,9",2026-03-30 12:28:38.844,,y
559,20250806,308,8,234,,0,92,2026-03-30 12:28:38.844,,y
560,20250806,309,8,235,,0,99,2026-03-30 12:28:38.844,,y
561,20250806,309,8,235,,0,99,2026-03-30 12:28:38.844,,y
562,20250806,309,8,235,,0,99,2026-03-30 12:28:38.844,,y
563,20250806,310,8,236,,0,86,2026-03-30 12:28:38.844,,y
564,20250806,310,8,236,,0,86,2026-03-30 12:28:38.844,,y
565,20250806,310,8,236,,0,86,2026-03-30 12:28:38.844,,y
566,20250805,311,8,237,,0,"94,9",2026-03-30 12:28:38.844,,y
567,20250805,311,8,237,,0,"94,9",2026-03-30 12:28:38.844,,y
568,20250805,312,8,238,,0,95,2026-03-30 12:28:38.844,,y
569,20250805,312,8,238,,0,95,2026-03-30 12:28:38.844,,y
570,20250805,312,8,238,,0,95,2026-03-30 12:28:38.844,,y
571,20250805,313,8,239,,0,90,2026-03-30 12:28:38.844,,y
572,20250805,313,8,239,,0,90,2026-03-30 12:28:38.844,,y
573,20250804,314,8,240,,0,99,2026-03-30 12:28:38.845,,y
574,20250804,314,8,240,,0,99,2026-03-30 12:28:38.845,,y
575,20250804,314,8,240,,0,99,2026-03-30 12:28:38.845,,y
576,20250804,315,8,241,,0,90,2026-03-30 12:28:38.845,,y
577,20250804,316,8,242,,0,90,2026-03-30 12:28:38.845,,y
578,20250804,317,8,243,,0,84,2026-03-30 12:28:38.845,,y
579,20250804,318,8,244,,0,78,2026-03-30 12:28:38.845,,y
580,20250804,318,8,244,,0,78,2026-03-30 12:28:38.845,,y
581,20250804,319,8,245,,0,134,2026-03-30 12:28:38.845,,y
582,20250804,319,8,245,,0,134,2026-03-30 12:28:38.845,,y
583,20250803,320,8,246,,0,"94,9",2026-03-30 12:28:38.845,,y
584,20250803,320,8,246,,0,"94,9",2026-03-30 12:28:38.845,,y
585,20250802,321,8,247,,0,115,2026-03-30 12:28:38.845,,y
586,20250802,321,8,247,,0,115,2026-03-30 12:28:38.845,,y
587,20250801,322,8,248,,0,100,2026-03-30 12:28:38.845,,y
588,20250728,323,8,249,,0,91,2026-03-30 12:28:38.845,,y
589,20250728,323,8,249,,0,91,2026-03-30 12:28:38.845,,y
590,20250721,324,8,250,,0,103,2026-03-30 12:28:38.845,,y
591,20250721,324,8,250,,0,103,2026-03-30 12:28:38.846,,y
592,20250721,325,8,251,,0,100,2026-03-30 12:28:38.846,,y
593,20250721,325,8,251,,0,100,2026-03-30 12:28:38.846,,y
594,20250718,326,8,252,,0,134,2026-03-30 12:28:38.846,,y
595,20250718,326,8,252,,0,134,2026-03-30 12:28:38.846,,y
596,20250718,327,8,253,,0,86,2026-03-30 12:28:38.846,,y
597,20250717,328,8,254,,0,93,2026-03-30 12:28:38.846,,y
598,20250717,328,8,254,,0,93,2026-03-30 12:28:38.846,,y
599,20250715,329,8,255,,0,84,2026-03-30 12:28:38.846,,y
600,20250715,330,8,256,,0,90,2026-03-30 12:28:38.846,,y
601,20250715,331,8,257,,0,65,2026-03-30 12:28:38.846,,y
602,20250714,332,8,60,,0,30,2026-03-30 12:28:38.846,,y
603,20250714,333,8,258,,0,100,2026-03-30 12:28:38.846,,y
604,20250712,334,8,259,,0,86,2026-03-30 12:28:38.846,,y
605,20250710,335,8,260,,0,95,2026-03-30 12:28:38.846,,y
606,20250710,335,8,260,,0,95,2026-03-30 12:28:38.846,,y
607,20250710,335,8,260,,0,95,2026-03-30 12:28:38.846,,y
608,20250708,336,8,261,,0,30,2026-03-30 12:28:38.847,,y
609,20250708,337,8,262,,0,95,2026-03-30 12:28:38.847,,y
610,20250708,337,8,262,,0,95,2026-03-30 12:28:38.847,,y
611,20250708,338,8,263,,0,30,2026-03-30 12:28:38.847,,y
612,20250707,339,8,264,,0,114,2026-03-30 12:28:38.847,,y
613,20250707,339,8,264,,0,114,2026-03-30 12:28:38.847,,y
614,20250704,340,8,265,,0,108,2026-03-30 12:28:38.847,,y
615,20250704,340,8,265,,0,108,2026-03-30 12:28:38.847,,y
616,20250704,340,8,265,,0,108,2026-03-30 12:28:38.847,,y
617,20250704,340,8,265,,0,108,2026-03-30 12:28:38.847,,y
618,20250704,340,8,265,,0,108,2026-03-30 12:28:38.847,,y
619,20250704,340,8,265,,0,108,2026-03-30 12:28:38.847,,y
620,20250704,341,8,266,,0,90,2026-03-30 12:28:38.847,,y
621,20250702,342,8,267,,0,"98,9",2026-03-30 12:28:38.847,,y
622,20250702,342,8,267,,0,"98,9",2026-03-30 12:28:38.847,,y
623,20250702,342,8,267,,0,"98,9",2026-03-30 12:28:38.847,,y
624,20250701,343,8,268,,0,95,2026-03-30 12:28:38.847,,y
625,20250701,343,8,268,,0,95,2026-03-30 12:28:38.848,,y
626,20250701,344,8,269,,0,120,2026-03-30 12:28:38.848,,y
627,20250701,345,8,270,,0,95,2026-03-30 12:28:38.848,,y
628,20250701,345,8,270,,0,95,2026-03-30 12:28:38.848,,y
629,20250630,346,8,271,,0,95,2026-03-30 12:28:38.848,,y
630,20250630,346,8,271,,0,95,2026-03-30 12:28:38.848,,y
631,20250625,347,8,272,,0,100,2026-03-30 12:28:38.848,,y
632,20250625,347,8,272,,0,100,2026-03-30 12:28:38.848,,y
633,20250625,348,8,273,,0,50,2026-03-30 12:28:38.849,,y
634,20250624,349,8,274,,0,"99,9",2026-03-30 12:28:38.849,,y
635,20250624,349,8,274,,0,"99,9",2026-03-30 12:28:38.849,,y
636,20250624,349,8,274,,0,"99,9",2026-03-30 12:28:38.849,,y
637,20250624,349,8,274,,0,"99,9",2026-03-30 12:28:38.849,,y
638,20250620,350,8,275,,0,100,2026-03-30 12:28:38.849,,y
639,20250620,350,8,275,,0,100,2026-03-30 12:28:38.849,,y
640,20250620,351,8,276,,0,110,2026-03-30 12:28:38.849,,y
641,20250620,351,8,276,,0,110,2026-03-30 12:28:38.849,,y
642,20250620,351,8,276,,0,110,2026-03-30 12:28:38.849,,y
643,20250619,352,8,277,,0,100,2026-03-30 12:28:38.849,,y
644,20250619,352,8,277,,0,100,2026-03-30 12:28:38.849,,y
645,20250619,352,8,277,,0,100,2026-03-30 12:28:38.849,,y
646,20250618,353,8,97,,0,105,2026-03-30 12:28:38.849,,y
647,20250618,353,8,97,,0,105,2026-03-30 12:28:38.849,,y
648,20250616,354,8,278,,0,100,2026-03-30 12:28:38.849,,y
649,20250613,355,8,279,,0,50,2026-03-30 12:28:38.849,,y
650,20250612,356,8,280,,0,90,2026-03-30 12:28:38.85,,y
651,20250612,357,8,230,,0,60,2026-03-30 12:28:38.85,,y
652,20250612,357,8,230,,0,60,2026-03-30 12:28:38.85,,y
653,20250612,358,8,281,,0,86,2026-03-30 12:28:38.85,,y
654,20250612,359,8,282,,0,95,2026-03-30 12:28:38.85,,y
655,20250612,359,8,282,,0,95,2026-03-30 12:28:38.85,,y
656,20250612,359,8,282,,0,95,2026-03-30 12:28:38.85,,y
657,20250612,359,8,282,,0,95,2026-03-30 12:28:38.85,,y
658,20250612,360,8,283,,0,102,2026-03-30 12:28:38.85,,y
659,20250612,361,8,284,,0,100,2026-03-30 12:28:38.85,,y
660,20250612,361,8,284,,0,100,2026-03-30 12:28:38.85,,y
661,20250612,361,8,284,,0,100,2026-03-30 12:28:38.85,,y
662,20250612,361,8,284,,0,100,2026-03-30 12:28:38.85,,y
663,20250612,362,8,285,,0,104,2026-03-30 12:28:38.85,,y
664,20250612,362,8,285,,0,104,2026-03-30 12:28:38.85,,y
665,20250612,362,8,285,,0,104,2026-03-30 12:28:38.85,,y
666,20250611,363,8,286,,0,86,2026-03-30 12:28:38.851,,y
667,20250611,364,8,287,,0,90,2026-03-30 12:28:38.851,,y
668,20250611,365,8,288,,0,30,2026-03-30 12:28:38.851,,y
669,20250609,366,8,289,,0,100,2026-03-30 12:28:38.851,,y
670,20250609,366,8,289,,0,100,2026-03-30 12:28:38.851,,y
671,20250607,367,8,290,,0,100,2026-03-30 12:28:38.851,,y
672,20250605,368,8,291,,0,129,2026-03-30 12:28:38.851,,y
673,20250605,369,8,292,,0,90,2026-03-30 12:28:38.851,,y
674,20250603,370,8,293,,0,92,2026-03-30 12:28:38.851,,y
675,20250602,371,8,294,,0,30,2026-03-30 12:28:38.851,,y
676,20250530,372,8,295,,0,"49,9",2026-03-30 12:28:38.851,,y
677,20250530,373,8,296,,0,160,2026-03-30 12:28:38.851,,y
678,20250530,373,8,296,,0,160,2026-03-30 12:28:38.851,,y
679,20250530,373,8,296,,0,160,2026-03-30 12:28:38.851,,y
680,20250530,374,8,297,,0,92,2026-03-30 12:28:38.851,,y
681,20250529,375,8,298,,0,"49,9",2026-03-30 12:28:38.851,,y
682,20250528,376,8,299,,0,60,2026-03-30 12:28:38.852,,y
683,20250528,376,8,299,,0,60,2026-03-30 12:28:38.852,,y
684,20250526,377,8,300,,0,115,2026-03-30 12:28:38.852,,y
685,20250526,377,8,300,,0,115,2026-03-30 12:28:38.852,,y
686,20250526,378,8,301,,0,100,2026-03-30 12:28:38.852,,y
687,20250526,378,8,301,,0,100,2026-03-30 12:28:38.852,,y
688,20250525,379,8,302,,0,90,2026-03-30 12:28:38.852,,y
689,20250523,380,8,303,,0,25,2026-03-30 12:28:38.852,,y
690,20250523,381,8,304,,0,25,2026-03-30 12:28:38.852,,y
691,20250522,382,8,305,,0,120,2026-03-30 12:28:38.852,,y
692,20250521,383,8,306,,0,145,2026-03-30 12:28:38.852,,y
693,20250521,384,8,307,,0,95,2026-03-30 12:28:38.852,,y
694,20250521,384,8,307,,0,95,2026-03-30 12:28:38.852,,y
695,20250521,384,8,307,,0,95,2026-03-30 12:28:38.852,,y
696,20250519,385,8,308,,0,120,2026-03-30 12:28:38.853,,y
697,20250519,386,8,306,,0,399,2026-03-30 12:28:38.853,,y
698,20250519,387,8,309,,0,225,2026-03-30 12:28:38.853,,y
699,20250519,387,8,309,,0,225,2026-03-30 12:28:38.853,,y
700,20250519,387,8,309,,0,225,2026-03-30 12:28:38.853,,y
701,20250519,387,8,309,,0,225,2026-03-30 12:28:38.853,,y
702,20250519,388,8,174,,0,50,2026-03-30 12:28:38.854,,y
703,20250518,389,8,310,,0,90,2026-03-30 12:28:38.854,,y
704,20250518,389,8,310,,0,90,2026-03-30 12:28:38.854,,y
705,20250518,389,8,310,,0,90,2026-03-30 12:28:38.854,,y
706,20250518,389,8,310,,0,90,2026-03-30 12:28:38.854,,y
707,20250518,389,8,310,,0,90,2026-03-30 12:28:38.854,,y
708,20250518,390,8,311,,0,90,2026-03-30 12:28:38.854,,y
709,20250517,391,8,312,,0,95,2026-03-30 12:28:38.854,,y
710,20250517,391,8,312,,0,95,2026-03-30 12:28:38.854,,y
711,20250517,391,8,312,,0,95,2026-03-30 12:28:38.854,,y
712,20250516,392,8,313,,0,50,2026-03-30 12:28:38.854,,y
713,20250516,393,8,314,,0,50,2026-03-30 12:28:38.854,,y
714,20250515,394,8,315,,0,155,2026-03-30 12:28:38.854,,y
715,20250515,394,8,315,,0,155,2026-03-30 12:28:38.854,,y
716,20250515,394,8,315,,0,155,2026-03-30 12:28:38.854,,y
717,20250515,394,8,315,,0,155,2026-03-30 12:28:38.854,,y
718,20250514,395,8,184,,0,100,2026-03-30 12:28:38.854,,y
719,20250514,396,8,316,,0,129,2026-03-30 12:28:38.854,,y
720,20250513,397,8,317,,0,90,2026-03-30 12:28:38.854,,y
721,20250512,398,8,318,,0,"74,9",2026-03-30 12:28:38.855,,y
722,20250512,398,8,318,,0,"74,9",2026-03-30 12:28:38.855,,y
723,20250512,399,8,298,,0,25,2026-03-30 12:28:38.855,,y
724,20250510,400,8,319,,0,45,2026-03-30 12:28:38.855,,y
725,20250509,401,8,320,,0,95,2026-03-30 12:28:38.855,,y
726,20250509,401,8,320,,0,95,2026-03-30 12:28:38.855,,y
727,20250509,402,8,321,,0,100,2026-03-30 12:28:38.855,,y
728,20250509,403,8,322,,0,50,2026-03-30 12:28:38.855,,y
729,20250508,404,8,323,,0,92,2026-03-30 12:28:38.855,,y
730,20250506,405,8,324,,0,110,2026-03-30 12:28:38.855,,y
731,20250506,405,8,324,,0,110,2026-03-30 12:28:38.855,,y
732,20250506,405,8,324,,0,110,2026-03-30 12:28:38.855,,y
733,20250506,406,8,325,,0,115,2026-03-30 12:28:38.855,,y
734,20250506,406,8,325,,0,115,2026-03-30 12:28:38.855,,y
735,20250505,407,8,326,,0,109,2026-03-30 12:28:38.855,,y
736,20250505,407,8,326,,0,109,2026-03-30 12:28:38.855,,y
737,20250505,407,8,326,,0,109,2026-03-30 12:28:38.855,,y
738,20250505,408,8,327,,0,115,2026-03-30 12:28:38.855,,y
739,20250505,408,8,327,,0,115,2026-03-30 12:28:38.855,,y
740,20250505,408,8,327,,0,115,2026-03-30 12:28:38.855,,y
741,20250503,409,8,328,,0,"99,9",2026-03-30 12:28:38.855,,y
742,20250503,409,8,328,,0,"99,9",2026-03-30 12:28:38.855,,y
743,20250430,410,8,329,,0,150,2026-03-30 12:28:38.855,,y
744,20250430,410,8,329,,0,150,2026-03-30 12:28:38.855,,y
745,20250426,411,8,330,,0,100,2026-03-30 12:28:38.855,,y
746,20250426,411,8,330,,0,100,2026-03-30 12:28:38.855,,y
747,20250424,412,8,331,,0,90,2026-03-30 12:28:38.856,,y
748,20250424,412,8,331,,0,90,2026-03-30 12:28:38.856,,y
749,20250424,413,8,332,,0,90,2026-03-30 12:28:38.856,,y
750,20250424,414,8,333,,0,60,2026-03-30 12:28:38.856,,y
751,20250424,414,8,333,,0,60,2026-03-30 12:28:38.856,,y
752,20250423,415,8,334,,0,85,2026-03-30 12:28:38.856,,y
753,20250423,415,8,334,,0,85,2026-03-30 12:28:38.856,,y
754,20250423,415,8,334,,0,85,2026-03-30 12:28:38.856,,y
755,20250423,416,8,335,,0,92,2026-03-30 12:28:38.856,,y
756,20250422,417,8,336,,0,100,2026-03-30 12:28:38.856,,y
757,20250422,418,8,337,,0,160,2026-03-30 12:28:38.856,,y
758,20250422,418,8,337,,0,160,2026-03-30 12:28:38.856,,y
759,20250421,419,8,338,,0,95,2026-03-30 12:28:38.856,,y
760,20250421,419,8,338,,0,95,2026-03-30 12:28:38.856,,y
761,20250417,420,8,339,,0,86,2026-03-30 12:28:38.856,,y
762,20250417,421,8,340,,0,95,2026-03-30 12:28:38.856,,y
763,20250417,421,8,340,,0,95,2026-03-30 12:28:38.856,,y
764,20250416,422,8,341,,0,154,2026-03-30 12:28:38.856,,y
765,20250416,422,8,341,,0,154,2026-03-30 12:28:38.856,,y
766,20250416,423,8,342,,0,91,2026-03-30 12:28:38.856,,y
767,20250416,423,8,342,,0,91,2026-03-30 12:28:38.856,,y
768,20250416,423,8,342,,0,91,2026-03-30 12:28:38.856,,y
769,20250415,424,8,343,,0,65,2026-03-30 12:28:38.856,,y
770,20250412,425,8,344,,0,120,2026-03-30 12:28:38.856,,y
771,20250412,425,8,344,,0,120,2026-03-30 12:28:38.856,,y
772,20250411,426,8,345,,0,100,2026-03-30 12:28:38.858,,y
773,20250411,426,8,345,,0,100,2026-03-30 12:28:38.858,,y
774,20250411,427,8,346,,0,86,2026-03-30 12:28:38.858,,y
775,20250409,428,8,347,,0,100,2026-03-30 12:28:38.858,,y
776,20250409,428,8,347,,0,100,2026-03-30 12:28:38.858,,y
777,20250409,429,8,348,,0,267,2026-03-30 12:28:38.858,,y
778,20250409,429,8,348,,0,267,2026-03-30 12:28:38.858,,y
779,20250409,429,8,348,,0,267,2026-03-30 12:28:38.858,,y
780,20250409,429,8,348,,0,267,2026-03-30 12:28:38.858,,y
781,20250409,430,8,349,,0,100,2026-03-30 12:28:38.858,,y
782,20250409,430,8,349,,0,100,2026-03-30 12:28:38.858,,y
783,20250408,431,8,350,,0,80,2026-03-30 12:28:38.858,,y
784,20250408,431,8,350,,0,80,2026-03-30 12:28:38.858,,y
785,20250403,432,8,351,,0,50,2026-03-30 12:28:38.858,,y
786,20250402,433,8,352,,0,129,2026-03-30 12:28:38.858,,y
787,20250402,434,8,353,,0,95,2026-03-30 12:28:38.858,,y
788,20250402,434,8,353,,0,95,2026-03-30 12:28:38.858,,y
789,20250331,435,8,354,,0,50,2026-03-30 12:28:38.858,,y
790,20250331,437,8,355,,0,50,2026-03-30 12:28:38.858,,y
791,20250330,438,8,356,,0,308,2026-03-30 12:28:38.858,,y
792,20250330,438,8,356,,0,308,2026-03-30 12:28:38.858,,y
793,20250330,438,8,356,,0,308,2026-03-30 12:28:38.858,,y
794,20250330,439,8,357,,0,100,2026-03-30 12:28:38.858,,y
795,20250330,439,8,357,,0,100,2026-03-30 12:28:38.859,,y
796,20250330,440,8,358,,0,50,2026-03-30 12:28:38.859,,y
797,20250327,441,8,359,,0,101,2026-03-30 12:28:38.859,,y
798,20250327,441,8,359,,0,101,2026-03-30 12:28:38.859,,y
799,20250327,442,8,360,,0,1505,2026-03-30 12:28:38.859,,y
800,20250327,442,8,360,,0,1505,2026-03-30 12:28:38.859,,y
801,20250327,442,8,360,,0,1505,2026-03-30 12:28:38.859,,y
802,20250327,442,8,360,,0,1505,2026-03-30 12:28:38.859,,y
803,20250327,442,8,360,,0,1505,2026-03-30 12:28:38.859,,y
804,20250327,442,8,360,,0,1505,2026-03-30 12:28:38.859,,y
805,20250327,442,8,360,,0,1505,2026-03-30 12:28:38.859,,y
806,20250320,443,8,361,,0,"84,9",2026-03-30 12:28:38.859,,y
807,20250320,443,8,361,,0,"84,9",2026-03-30 12:28:38.859,,y
808,20250318,444,8,362,,0,129,2026-03-30 12:28:38.859,,y
809,20250318,445,8,363,,0,105,2026-03-30 12:28:38.859,,y
810,20250318,445,8,363,,0,105,2026-03-30 12:28:38.859,,y
811,20250318,445,8,363,,0,105,2026-03-30 12:28:38.859,,y
812,20250317,446,8,364,,0,129,2026-03-30 12:28:38.859,,y
813,20250307,447,8,365,,0,129,2026-03-30 12:28:38.859,,y
814,20250307,448,8,366,,0,150,2026-03-30 12:28:38.859,,y
815,20250307,448,8,366,,0,150,2026-03-30 12:28:38.859,,y
816,20250307,448,8,366,,0,150,2026-03-30 12:28:38.859,,y
817,20250306,449,8,367,,0,258,2026-03-30 12:28:38.859,,y
818,20250306,449,8,367,,0,258,2026-03-30 12:28:38.86,,y
819,20250306,450,8,368,,0,258,2026-03-30 12:28:38.86,,y
820,20250306,451,8,369,,0,92,2026-03-30 12:28:38.86,,y
821,20250304,452,8,370,,0,129,2026-03-30 12:28:38.86,,y
822,20250302,453,8,371,,0,90,2026-03-30 12:28:38.86,,y
823,20250302,454,8,372,,0,172,2026-03-30 12:28:38.86,,y
824,20250302,455,8,373,,0,156,2026-03-30 12:28:38.86,,y
825,20250302,455,8,373,,0,156,2026-03-30 12:28:38.86,,y
826,20250302,456,8,374,,0,130,2026-03-30 12:28:38.86,,y
827,20250302,456,8,374,,0,130,2026-03-30 12:28:38.86,,y
828,20250302,456,8,374,,0,130,2026-03-30 12:28:38.86,,y
829,20250301,457,8,375,,0,129,2026-03-30 12:28:38.86,,y
830,20250301,458,8,376,,0,258,2026-03-30 12:28:38.86,,y
831,20250301,459,8,377,,0,129,2026-03-30 12:28:38.86,,y
832,20250226,460,8,378,,0,85,2026-03-30 12:28:38.86,,y
833,20250226,460,8,378,,0,85,2026-03-30 12:28:38.86,,y
834,20250226,461,8,379,,0,25,2026-03-30 12:28:38.86,,y
835,20250224,462,8,380,,0,92,2026-03-30 12:28:38.86,,y
836,20250223,463,8,381,,0,25,2026-03-30 12:28:38.86,,y
837,20250221,464,8,382,,0,92,2026-03-30 12:28:38.86,,y
838,20250219,466,8,383,,0,20,2026-03-30 12:28:38.86,,y
839,20250218,467,8,384,,0,108,2026-03-30 12:28:38.86,,y
840,20250218,467,8,384,,0,108,2026-03-30 12:28:38.86,,y
841,20250218,467,8,384,,0,108,2026-03-30 12:28:38.86,,y
842,20250215,468,8,385,,0,92,2026-03-30 12:28:38.86,,y
843,20250215,469,8,386,,0,100,2026-03-30 12:28:38.861,,y
844,20250215,469,8,386,,0,100,2026-03-30 12:28:38.861,,y
845,20250214,470,8,387,,0,25,2026-03-30 12:28:38.861,,y
846,20250214,471,8,388,,0,25,2026-03-30 12:28:38.861,,y
847,20250214,472,8,389,,0,95,2026-03-30 12:28:38.861,,y
848,20250214,472,8,389,,0,95,2026-03-30 12:28:38.861,,y
849,20250214,472,8,389,,0,95,2026-03-30 12:28:38.861,,y
850,20250214,472,8,389,,0,95,2026-03-30 12:28:38.861,,y
851,20250213,473,8,390,,0,25,2026-03-30 12:28:38.861,,y
852,20250213,474,8,391,,0,50,2026-03-30 12:28:38.861,,y
853,20250213,475,8,392,,0,25,2026-03-30 12:28:38.861,,y
854,20250213,476,8,393,,0,50,2026-03-30 12:28:38.861,,y
855,20250213,477,8,394,,0,50,2026-03-30 12:28:38.861,,y
856,20250213,478,8,395,,0,50,2026-03-30 12:28:38.861,,y
857,20250213,478,8,395,,0,50,2026-03-30 12:28:38.861,,y
858,20250213,479,8,396,,0,50,2026-03-30 12:28:38.861,,y
859,20250213,480,8,397,,0,25,2026-03-30 12:28:38.861,,y
860,20250213,481,8,398,,0,25,2026-03-30 12:28:38.861,,y
861,20250213,482,8,399,,0,25,2026-03-30 12:28:38.861,,y
862,20250213,483,8,400,,0,25,2026-03-30 12:28:38.861,,y
863,20250213,484,8,401,,0,50,2026-03-30 12:28:38.861,,y
864,20250213,485,8,402,,0,25,2026-03-30 12:28:38.862,,y
865,20250213,486,8,403,,0,25,2026-03-30 12:28:38.862,,y
866,20250213,487,8,404,,0,50,2026-03-30 12:28:38.862,,y
867,20250213,488,8,405,,0,50,2026-03-30 12:28:38.862,,y
868,20250213,489,8,406,,0,115,2026-03-30 12:28:38.862,,y
869,20250213,489,8,406,,0,115,2026-03-30 12:28:38.862,,y
870,20250213,490,8,407,,0,25,2026-03-30 12:28:38.862,,y
871,20250213,491,8,408,,0,50,2026-03-30 12:28:38.862,,y
872,20250213,492,8,409,,0,"106,5",2026-03-30 12:28:38.862,,y
873,20250213,492,8,409,,0,"106,5",2026-03-30 12:28:38.862,,y
874,20250213,493,8,410,,0,25,2026-03-30 12:28:38.862,,y
875,20250213,494,8,411,,0,25,2026-03-30 12:28:38.862,,y
876,20250213,495,8,412,,0,25,2026-03-30 12:28:38.862,,y
877,20250213,496,8,413,,0,60,2026-03-30 12:28:38.862,,y
878,20250213,497,8,414,,0,25,2026-03-30 12:28:38.862,,y
879,20250212,498,8,223,,0,50,2026-03-30 12:28:38.862,,y
880,20250212,498,8,223,,0,50,2026-03-30 12:28:38.862,,y
881,20250212,499,8,415,,0,25,2026-03-30 12:28:38.862,,y
882,20250212,500,8,416,,0,150,2026-03-30 12:28:38.862,,y
883,20250212,500,8,416,,0,150,2026-03-30 12:28:38.862,,y
884,20250212,500,8,416,,0,150,2026-03-30 12:28:38.862,,y
885,20250212,501,8,417,,0,50,2026-03-30 12:28:38.862,,y
886,20250212,502,8,418,,0,100,2026-03-30 12:28:38.863,,y
887,20250212,502,8,418,,0,100,2026-03-30 12:28:38.863,,y
888,20250212,503,8,419,,0,95,2026-03-30 12:28:38.863,,y
889,20250212,503,8,419,,0,95,2026-03-30 12:28:38.863,,y
890,20250212,503,8,419,,0,95,2026-03-30 12:28:38.863,,y
891,20250212,504,8,420,,0,50,2026-03-30 12:28:38.863,,y
892,20250211,505,8,421,,0,25,2026-03-30 12:28:38.863,,y
893,20250211,506,8,422,,0,100,2026-03-30 12:28:38.863,,y
894,20250210,507,8,423,,0,90,2026-03-30 12:28:38.863,,y
895,20250210,508,8,424,,0,109,2026-03-30 12:28:38.863,,y
896,20250210,508,8,424,,0,109,2026-03-30 12:28:38.863,,y
897,20250208,509,8,425,,0,99,2026-03-30 12:28:38.863,,y
898,20250208,509,8,425,,0,99,2026-03-30 12:28:38.863,,y
899,20250208,509,8,425,,0,99,2026-03-30 12:28:38.863,,y
900,20250206,510,8,426,,0,95,2026-03-30 12:28:38.863,,y
901,20250206,510,8,426,,0,95,2026-03-30 12:28:38.863,,y
902,20250206,511,8,427,,0,105,2026-03-30 12:28:38.863,,y
903,20250206,511,8,427,,0,105,2026-03-30 12:28:38.863,,y
904,20250205,512,8,383,,0,72,2026-03-30 12:28:38.863,,y
905,20250205,512,8,383,,0,72,2026-03-30 12:28:38.863,,y
906,20250205,512,8,383,,0,72,2026-03-30 12:28:38.863,,y
907,20250205,512,8,383,,0,72,2026-03-30 12:28:38.863,,y
908,20250204,513,8,428,,0,30,2026-03-30 12:28:38.863,,y
909,20250203,514,8,429,,0,99,2026-03-30 12:28:38.863,,y
910,20250203,514,8,429,,0,99,2026-03-30 12:28:38.863,,y
911,20250203,514,8,429,,0,99,2026-03-30 12:28:38.863,,y
912,20250129,515,8,430,,0,90,2026-03-30 12:28:38.863,,y
913,20250129,515,8,430,,0,90,2026-03-30 12:28:38.863,,y
914,20250129,516,8,431,,0,90,2026-03-30 12:28:38.863,,y
915,20250129,516,8,431,,0,90,2026-03-30 12:28:38.863,,y
916,20250128,517,8,432,,0,79,2026-03-30 12:28:38.863,,y
917,20250128,517,8,432,,0,79,2026-03-30 12:28:38.863,,y
918,20250125,518,8,433,,0,105,2026-03-30 12:28:38.863,,y
919,20250125,518,8,433,,0,105,2026-03-30 12:28:38.863,,y
920,20250125,518,8,433,,0,105,2026-03-30 12:28:38.863,,y
921,20250124,519,8,434,,0,90,2026-03-30 12:28:38.865,,y
922,20250124,520,8,361,,0,100,2026-03-30 12:28:38.865,,y
923,20250120,521,8,435,,0,90,2026-03-30 12:28:38.865,,y
924,20250120,522,8,436,,0,100,2026-03-30 12:28:38.865,,y
925,20250120,522,8,436,,0,100,2026-03-30 12:28:38.865,,y
926,20250120,522,8,436,,0,100,2026-03-30 12:28:38.865,,y
927,20250120,522,8,436,,0,100,2026-03-30 12:28:38.865,,y
928,20250118,523,8,437,,0,46,2026-03-30 12:28:38.865,,y
929,20250114,524,8,438,,0,30,2026-03-30 12:28:38.865,,y
930,20250114,525,8,439,,0,30,2026-03-30 12:28:38.865,,y
931,20250111,526,8,440,,0,48,2026-03-30 12:28:38.865,,y
932,20250106,527,8,441,,0,120,2026-03-30 12:28:38.865,,y
933,20250103,528,8,442,,0,58,2026-03-30 12:28:38.865,,y
934,20241227,529,8,443,,0,30,2026-03-30 12:28:38.865,,y
935,20241225,530,8,444,,0,30,2026-03-30 12:28:38.865,,y
936,20241224,531,8,445,,0,60,2026-03-30 12:28:38.865,,y
937,20241224,532,8,446,,0,104,2026-03-30 12:28:38.865,,y
938,20241224,532,8,446,,0,104,2026-03-30 12:28:38.865,,y
939,20241223,533,8,447,,0,30,2026-03-30 12:28:38.865,,y
940,20241210,534,8,448,,0,28,2026-03-30 12:28:38.865,,y
941,20241125,535,8,449,,0,70,2026-03-30 12:28:38.865,,y
942,20241123,536,8,450,,0,30,2026-03-30 12:28:38.865,,y
943,20241107,537,8,451,,0,45,2026-03-30 12:28:38.865,,y
944,20241107,538,8,452,,0,70,2026-03-30 12:28:38.865,,y
945,20241002,539,8,453,,0,110,2026-03-30 12:28:38.865,,y
946,20241002,539,8,453,,0,110,2026-03-30 12:28:38.865,,y
947,20240926,540,8,454,,0,48,2026-03-30 12:28:38.865,,y
948,20240906,541,8,455,,0,180,2026-03-30 12:28:38.865,,y
949,20240827,542,8,456,,0,55,2026-03-30 12:28:38.865,,y
950,20240827,543,8,457,,0,30,2026-03-30 12:28:38.865,,y
951,20240817,544,8,458,,0,65,2026-03-30 12:28:38.865,,y
952,20240805,545,8,459,,0,58,2026-03-30 12:28:38.865,,y
953,20240730,546,8,460,,0,75,2026-03-30 12:28:38.865,,y
954,20240730,546,8,460,,0,75,2026-03-30 12:28:38.865,,y
955,20240721,547,8,461,,0,75,2026-03-30 12:28:38.865,,y
956,20240721,547,8,461,,0,75,2026-03-30 12:28:38.865,,y
957,20240704,548,8,462,,0,14,2026-03-30 12:28:38.865,,y
958,20240630,549,8,463,,0,169,2026-03-30 12:28:38.866,,y
959,20240630,549,8,463,,0,169,2026-03-30 12:28:38.866,,y
960,20240630,549,8,463,,0,169,2026-03-30 12:28:38.866,,y
961,20240630,549,8,463,,0,169,2026-03-30 12:28:38.866,,y
962,20240611,550,8,464,,0,30,2026-03-30 12:28:38.866,,y
963,20240610,551,8,465,,0,30,2026-03-30 12:28:38.866,,y
964,20240527,552,8,466,,0,45,2026-03-30 12:28:38.866,,y
965,20240527,552,8,466,,0,45,2026-03-30 12:28:38.866,,y
966,20240527,552,8,466,,0,45,2026-03-30 12:28:38.866,,y
967,20240507,553,8,467,,0,30,2026-03-30 12:28:38.866,,y
968,20240328,554,8,468,,0,30,2026-03-30 12:28:38.866,,y
969,20240324,555,8,469,,0,29,2026-03-30 12:28:38.866,,y
970,20240324,555,8,469,,0,29,2026-03-30 12:28:38.866,,y
971,20240318,556,8,470,,0,30,2026-03-30 12:28:38.866,,y
972,20240313,557,8,471,,0,34,2026-03-30 12:28:38.866,,y
973,20240220,116,8,47,,0,18,2026-03-30 12:28:38.866,,y
974,20240220,116,8,47,,0,18,2026-03-30 12:28:38.866,,y
975,20260102,117,8,48,,0,100,2026-03-30 12:28:38.925,,y
976,20251230,118,8,49,,0,90,2026-03-30 12:28:38.925,,y
977,20251229,119,8,50,,0,153,2026-03-30 12:28:38.925,,y
978,20251229,120,8,51,,0,90,2026-03-30 12:28:38.925,,y
979,20251229,121,8,52,,0,90,2026-03-30 12:28:38.925,,y
980,20251229,122,8,53,,0,100,2026-03-30 12:28:38.926,,y
981,20251229,123,8,54,,0,105,2026-03-30 12:28:38.926,,y
982,20251228,124,8,55,,0,75,2026-03-30 12:28:38.926,,y
983,20251228,125,8,56,,0,58,2026-03-30 12:28:38.926,,y
984,20251228,126,8,57,,0,184,2026-03-30 12:28:38.926,,y
985,20251227,127,8,58,,0,98,2026-03-30 12:28:38.926,,y
986,20251227,128,8,59,,0,65,2026-03-30 12:28:38.926,,y
987,20251227,129,8,60,,0,30,2026-03-30 12:28:38.926,,y
988,20251227,130,8,61,,0,124,2026-03-30 12:28:38.926,,y
989,20251226,131,8,62,,0,90,2026-03-30 12:28:38.926,,y
990,20251226,132,8,63,,0,100,2026-03-30 12:28:38.926,,y
991,20251226,133,8,64,,0,120,2026-03-30 12:28:38.926,,y
992,20251226,134,8,65,,0,"99,9",2026-03-30 12:28:38.926,,y
993,20251225,135,8,66,,0,90,2026-03-30 12:28:38.926,,y
994,20251225,137,8,66,,0,90,2026-03-30 12:28:38.926,,y
995,20251225,138,8,68,,0,90,2026-03-30 12:28:38.926,,y
996,20251225,139,8,69,,0,90,2026-03-30 12:28:38.926,,y
997,20251224,140,8,70,,0,75,2026-03-30 12:28:38.926,,y
998,20251224,141,8,71,,0,90,2026-03-30 12:28:38.926,,y
999,20251224,142,8,72,,0,90,2026-03-30 12:28:38.926,,y
1000,20251224,143,8,73,,0,90,2026-03-30 12:28:38.926,,y
1001,20251224,144,8,74,,0,90,2026-03-30 12:28:38.926,,y
1002,20251224,145,8,75,,0,105,2026-03-30 12:28:38.926,,y
1003,20251224,146,8,76,,0,150,2026-03-30 12:28:38.926,,y
1004,20251224,147,8,77,,0,100,2026-03-30 12:28:38.926,,y
1005,20251224,148,8,78,,0,100,2026-03-30 12:28:38.926,,y
1006,20251224,149,8,79,,0,"89,9",2026-03-30 12:28:38.926,,y
1007,20251224,150,8,80,,0,58,2026-03-30 12:28:38.926,,y
1008,20251224,151,8,81,,0,"89,9",2026-03-30 12:28:38.927,,y
1009,20251224,152,8,82,,0,150,2026-03-30 12:28:38.927,,y
1010,20251223,153,8,83,,0,123,2026-03-30 12:28:38.927,,y
1011,20251222,154,8,84,,0,"79,9",2026-03-30 12:28:38.927,,y
1012,20251222,155,8,84,,0,"79,9",2026-03-30 12:28:38.927,,y
1013,20251222,156,8,85,,0,90,2026-03-30 12:28:38.927,,y
1014,20251219,157,8,86,,0,90,2026-03-30 12:28:38.927,,y
1015,20251218,158,8,87,,0,90,2026-03-30 12:28:38.927,,y
1016,20251217,159,8,88,,0,93,2026-03-30 12:28:38.927,,y
1017,20251217,160,8,89,,0,"99,8",2026-03-30 12:28:38.927,,y
1018,20251217,161,8,90,,0,106,2026-03-30 12:28:38.927,,y
1019,20251215,162,8,91,,0,90,2026-03-30 12:28:38.927,,y
1020,20251214,163,8,92,,0,90,2026-03-30 12:28:38.927,,y
1021,20251214,164,8,93,,0,90,2026-03-30 12:28:38.927,,y
1022,20251213,165,8,94,,0,100,2026-03-30 12:28:38.927,,y
1023,20251212,166,8,95,,0,105,2026-03-30 12:28:38.927,,y
1024,20251212,167,8,96,,0,"89,9",2026-03-30 12:28:38.927,,y
1025,20251212,168,8,97,,0,119,2026-03-30 12:28:38.927,,y
1026,20251211,169,8,98,,0,"108,9",2026-03-30 12:28:38.927,,y
1027,20251211,170,8,99,,0,90,2026-03-30 12:28:38.927,,y
1028,20251211,171,8,100,,0,119,2026-03-30 12:28:38.927,,y
1029,20251211,172,8,101,,0,"99,8",2026-03-30 12:28:38.927,,y
1030,20251211,173,8,102,,0,"99,9",2026-03-30 12:28:38.927,,y
1031,20251211,174,8,103,,0,"99,9",2026-03-30 12:28:38.927,,y
1032,20251210,175,8,104,,0,80,2026-03-30 12:28:38.927,,y
1033,20251210,176,8,105,,0,90,2026-03-30 12:28:38.927,,y
1034,20251210,177,8,106,,0,90,2026-03-30 12:28:38.928,,y
1035,20251209,178,8,107,,0,90,2026-03-30 12:28:38.928,,y
1036,20251209,179,8,108,,0,90,2026-03-30 12:28:38.928,,y
1037,20251208,180,8,109,,0,85,2026-03-30 12:28:38.928,,y
1038,20251205,181,8,110,,0,115,2026-03-30 12:28:38.928,,y
1039,20251205,182,8,111,,0,119,2026-03-30 12:28:38.928,,y
1040,20251204,183,8,112,,0,90,2026-03-30 12:28:38.928,,y
1041,20251204,184,8,113,,0,119,2026-03-30 12:28:38.928,,y
1042,20251203,185,8,114,,0,90,2026-03-30 12:28:38.928,,y
1043,20251202,186,8,115,,0,100,2026-03-30 12:28:38.928,,y
1044,20251201,187,8,116,,0,"99,9",2026-03-30 12:28:38.928,,y
1045,20251201,188,8,117,,0,25,2026-03-30 12:28:38.928,,y
1046,20251201,189,8,118,,0,119,2026-03-30 12:28:38.928,,y
1047,20251127,190,8,119,,0,90,2026-03-30 12:28:38.928,,y
1048,20251125,191,8,120,,0,100,2026-03-30 12:28:38.928,,y
1049,20251125,192,8,121,,0,85,2026-03-30 12:28:38.928,,y
1050,20251123,193,8,122,,0,90,2026-03-30 12:28:38.928,,y
1051,20251121,194,8,123,,0,124,2026-03-30 12:28:38.928,,y
1052,20251120,195,8,124,,0,80,2026-03-30 12:28:38.928,,y
1053,20251120,196,8,125,,0,84,2026-03-30 12:28:38.928,,y
1054,20251117,197,8,126,,0,104,2026-03-30 12:28:38.928,,y
1055,20251117,198,8,127,,0,100,2026-03-30 12:28:38.928,,y
1056,20251114,199,8,128,,0,"99,9",2026-03-30 12:28:38.928,,y
1057,20251114,200,8,129,,0,100,2026-03-30 12:28:38.928,,y
1058,20251114,201,8,130,,0,96,2026-03-30 12:28:38.928,,y
1059,20251112,202,8,131,,0,80,2026-03-30 12:28:38.928,,y
1060,20251111,203,8,132,,0,115,2026-03-30 12:28:38.928,,y
1061,20251110,204,8,133,,0,100,2026-03-30 12:28:38.928,,y
1062,20251108,205,8,134,,0,106,2026-03-30 12:28:38.928,,y
1063,20251106,206,8,135,,0,"99,9",2026-03-30 12:28:38.929,,y
1064,20251106,207,8,136,,0,105,2026-03-30 12:28:38.929,,y
1065,20251104,208,8,137,,0,"99,8",2026-03-30 12:28:38.929,,y
1066,20251104,209,8,138,,0,90,2026-03-30 12:28:38.929,,y
1067,20251102,210,8,139,,0,58,2026-03-30 12:28:38.929,,y
1068,20251031,211,8,140,,0,105,2026-03-30 12:28:38.929,,y
1069,20251031,212,8,141,,0,90,2026-03-30 12:28:38.929,,y
1070,20251031,213,8,142,,0,110,2026-03-30 12:28:38.929,,y
1071,20251030,214,8,143,,0,90,2026-03-30 12:28:38.929,,y
1072,20251030,215,8,144,,0,119,2026-03-30 12:28:38.929,,y
1073,20251029,216,8,145,,0,80,2026-03-30 12:28:38.929,,y
1074,20251028,217,8,146,,0,99,2026-03-30 12:28:38.929,,y
1075,20251028,218,8,147,,0,119,2026-03-30 12:28:38.929,,y
1076,20251025,219,8,148,,0,100,2026-03-30 12:28:38.929,,y
1077,20251023,220,8,149,,0,110,2026-03-30 12:28:38.929,,y
1078,20251022,221,8,150,,0,25,2026-03-30 12:28:38.929,,y
1079,20251022,222,8,151,,0,110,2026-03-30 12:28:38.929,,y
1080,20251020,223,8,152,,0,100,2026-03-30 12:28:38.929,,y
1081,20251020,224,8,153,,0,"99,9",2026-03-30 12:28:38.929,,y
1082,20251020,225,8,154,,0,90,2026-03-30 12:28:38.929,,y
1083,20251020,226,8,155,,0,90,2026-03-30 12:28:38.929,,y
1084,20251020,227,8,156,,0,105,2026-03-30 12:28:38.929,,y
1085,20251020,228,8,157,,0,90,2026-03-30 12:28:38.929,,y
1086,20251018,229,8,158,,0,95,2026-03-30 12:28:38.929,,y
1087,20251016,230,8,159,,0,105,2026-03-30 12:28:38.929,,y
1088,20251014,231,8,160,,0,80,2026-03-30 12:28:38.929,,y
1089,20251013,232,8,161,,0,110,2026-03-30 12:28:38.929,,y
1090,20251013,234,8,163,,0,100,2026-03-30 12:28:38.929,,y
1091,20251013,235,8,161,,0,120,2026-03-30 12:28:38.929,,y
1092,20251012,236,8,164,,0,"104,9",2026-03-30 12:28:38.93,,y
1093,20251009,237,8,165,,0,110,2026-03-30 12:28:38.93,,y
1094,20251007,238,8,166,,0,90,2026-03-30 12:28:38.93,,y
1095,20251003,239,8,167,,0,48,2026-03-30 12:28:38.93,,y
1096,20251003,240,8,168,,0,100,2026-03-30 12:28:38.93,,y
1097,20250930,241,8,169,,0,100,2026-03-30 12:28:38.93,,y
1098,20250930,242,8,170,,0,90,2026-03-30 12:28:38.93,,y
1099,20250930,243,8,171,,0,80,2026-03-30 12:28:38.93,,y
1100,20250928,244,8,172,,0,"99,9",2026-03-30 12:28:38.93,,y
1101,20250927,245,8,173,,0,85,2026-03-30 12:28:38.93,,y
1102,20250925,246,8,174,,0,30,2026-03-30 12:28:38.93,,y
1103,20250924,247,8,175,,0,90,2026-03-30 12:28:38.93,,y
1104,20250924,248,8,176,,0,96,2026-03-30 12:28:38.93,,y
1105,20250924,249,8,177,,0,90,2026-03-30 12:28:38.93,,y
1106,20250923,250,8,178,,0,185,2026-03-30 12:28:38.93,,y
1107,20250923,251,8,179,,0,119,2026-03-30 12:28:38.93,,y
1108,20250922,252,8,180,,0,90,2026-03-30 12:28:38.93,,y
1109,20250919,253,8,181,,0,119,2026-03-30 12:28:38.93,,y
1110,20250917,254,8,182,,0,94,2026-03-30 12:28:38.93,,y
1111,20250913,255,8,183,,0,65,2026-03-30 12:28:38.93,,y
1112,20250910,256,8,184,,0,90,2026-03-30 12:28:38.93,,y
1113,20250909,257,8,185,,0,20,2026-03-30 12:28:38.93,,y
1114,20250907,258,8,186,,0,100,2026-03-30 12:28:38.93,,y
1115,20250905,259,8,187,,0,65,2026-03-30 12:28:38.93,,y
1116,20250904,260,8,188,,0,88,2026-03-30 12:28:38.93,,y
1117,20250903,261,8,189,,0,124,2026-03-30 12:28:38.93,,y
1118,20250903,262,8,190,,0,94,2026-03-30 12:28:38.93,,y
1119,20250901,263,8,191,,0,120,2026-03-30 12:28:38.931,,y
1120,20250901,264,8,192,,0,100,2026-03-30 12:28:38.931,,y
1121,20250901,265,8,193,,0,100,2026-03-30 12:28:38.931,,y
1122,20250831,266,8,194,,0,84,2026-03-30 12:28:38.931,,y
1123,20250831,267,8,195,,0,40,2026-03-30 12:28:38.931,,y
1124,20250831,268,8,196,,0,100,2026-03-30 12:28:38.931,,y
1125,20250830,269,8,197,,0,119,2026-03-30 12:28:38.931,,y
1126,20250829,270,8,198,,0,115,2026-03-30 12:28:38.931,,y
1127,20250829,271,8,199,,0,119,2026-03-30 12:28:38.931,,y
1128,20250829,272,8,200,,0,119,2026-03-30 12:28:38.931,,y
1129,20250826,273,8,201,,0,94,2026-03-30 12:28:38.931,,y
1130,20250826,274,8,202,,0,109,2026-03-30 12:28:38.931,,y
1131,20250826,275,8,203,,0,96,2026-03-30 12:28:38.931,,y
1132,20250825,276,8,204,,0,100,2026-03-30 12:28:38.931,,y
1133,20250825,277,8,205,,0,85,2026-03-30 12:28:38.931,,y
1134,20250824,278,8,206,,0,100,2026-03-30 12:28:38.931,,y
1135,20250823,279,8,207,,0,135,2026-03-30 12:28:38.931,,y
1136,20250822,280,8,208,,0,90,2026-03-30 12:28:38.931,,y
1137,20250821,281,8,209,,0,85,2026-03-30 12:28:38.931,,y
1138,20250821,282,8,210,,0,100,2026-03-30 12:28:38.931,,y
1139,20250821,283,8,211,,0,100,2026-03-30 12:28:38.931,,y
1140,20250820,284,8,186,,0,100,2026-03-30 12:28:38.931,,y
1141,20250820,285,8,212,,0,100,2026-03-30 12:28:38.931,,y
1142,20250820,286,8,213,,0,"99,9",2026-03-30 12:28:38.931,,y
1143,20250820,287,8,214,,0,90,2026-03-30 12:28:38.931,,y
1144,20250820,288,8,215,,0,100,2026-03-30 12:28:38.931,,y
1145,20250820,289,8,216,,0,100,2026-03-30 12:28:38.931,,y
1146,20250820,290,8,217,,0,105,2026-03-30 12:28:38.931,,y
1147,20250819,291,8,218,,0,155,2026-03-30 12:28:38.932,,y
1148,20250819,292,8,219,,0,100,2026-03-30 12:28:38.932,,y
1149,20250818,293,8,220,,0,105,2026-03-30 12:28:38.932,,y
1150,20250818,294,8,221,,0,104,2026-03-30 12:28:38.932,,y
1151,20250818,295,8,222,,0,"74,9",2026-03-30 12:28:38.932,,y
1152,20250818,296,8,223,,0,95,2026-03-30 12:28:38.932,,y
1153,20250816,297,8,224,,0,"99,8",2026-03-30 12:28:38.932,,y
1154,20250813,298,8,225,,0,95,2026-03-30 12:28:38.932,,y
1155,20250813,299,8,226,,0,100,2026-03-30 12:28:38.932,,y
1156,20250812,300,8,227,,0,110,2026-03-30 12:28:38.932,,y
1157,20250811,301,8,191,,0,219,2026-03-30 12:28:38.932,,y
1158,20250811,302,8,228,,0,100,2026-03-30 12:28:38.932,,y
1159,20250811,303,8,229,,0,75,2026-03-30 12:28:38.932,,y
1160,20250810,304,8,230,,0,25,2026-03-30 12:28:38.932,,y
1161,20250809,305,8,231,,0,150,2026-03-30 12:28:38.932,,y
1162,20250809,306,8,232,,0,92,2026-03-30 12:28:38.932,,y
1163,20250807,307,8,233,,0,"49,9",2026-03-30 12:28:38.932,,y
1164,20250806,308,8,234,,0,92,2026-03-30 12:28:38.932,,y
1165,20250806,309,8,235,,0,99,2026-03-30 12:28:38.932,,y
1166,20250806,310,8,236,,0,86,2026-03-30 12:28:38.932,,y
1167,20250805,311,8,237,,0,"94,9",2026-03-30 12:28:38.932,,y
1168,20250805,312,8,238,,0,95,2026-03-30 12:28:38.932,,y
1169,20250805,313,8,239,,0,90,2026-03-30 12:28:38.932,,y
1170,20250804,314,8,240,,0,99,2026-03-30 12:28:38.932,,y
1171,20250804,315,8,241,,0,90,2026-03-30 12:28:38.932,,y
1172,20250804,316,8,242,,0,90,2026-03-30 12:28:38.932,,y
1173,20250804,317,8,243,,0,84,2026-03-30 12:28:38.932,,y
1174,20250804,318,8,244,,0,78,2026-03-30 12:28:38.932,,y
1175,20250804,319,8,245,,0,134,2026-03-30 12:28:38.933,,y
1176,20250803,320,8,246,,0,"94,9",2026-03-30 12:28:38.933,,y
1177,20250802,321,8,247,,0,115,2026-03-30 12:28:38.933,,y
1178,20250801,322,8,248,,0,100,2026-03-30 12:28:38.933,,y
1179,20250728,323,8,249,,0,91,2026-03-30 12:28:38.933,,y
1180,20250721,324,8,250,,0,103,2026-03-30 12:28:38.933,,y
1181,20250721,325,8,251,,0,100,2026-03-30 12:28:38.933,,y
1182,20250718,326,8,252,,0,134,2026-03-30 12:28:38.933,,y
1183,20250718,327,8,253,,0,86,2026-03-30 12:28:38.933,,y
1184,20250717,328,8,254,,0,93,2026-03-30 12:28:38.933,,y
1185,20250715,329,8,255,,0,84,2026-03-30 12:28:38.933,,y
1186,20250715,330,8,256,,0,90,2026-03-30 12:28:38.933,,y
1187,20250715,331,8,257,,0,65,2026-03-30 12:28:38.933,,y
1188,20250714,332,8,60,,0,30,2026-03-30 12:28:38.933,,y
1189,20250714,333,8,258,,0,100,2026-03-30 12:28:38.933,,y
1190,20250712,334,8,259,,0,86,2026-03-30 12:28:38.933,,y
1191,20250710,335,8,260,,0,95,2026-03-30 12:28:38.933,,y
1192,20250708,336,8,261,,0,30,2026-03-30 12:28:38.933,,y
1193,20250708,337,8,262,,0,95,2026-03-30 12:28:38.933,,y
1194,20250708,338,8,263,,0,30,2026-03-30 12:28:38.933,,y
1195,20250707,339,8,264,,0,114,2026-03-30 12:28:38.933,,y
1196,20250704,340,8,265,,0,108,2026-03-30 12:28:38.933,,y
1197,20250704,341,8,266,,0,90,2026-03-30 12:28:38.933,,y
1198,20250702,342,8,267,,0,"98,9",2026-03-30 12:28:38.933,,y
1199,20250701,343,8,268,,0,95,2026-03-30 12:28:38.933,,y
1200,20250701,344,8,269,,0,120,2026-03-30 12:28:38.933,,y
1201,20250701,345,8,270,,0,95,2026-03-30 12:28:38.933,,y
1202,20250630,346,8,271,,0,95,2026-03-30 12:28:38.933,,y
1203,20250625,347,8,272,,0,100,2026-03-30 12:28:38.933,,y
1204,20250625,348,8,273,,0,50,2026-03-30 12:28:38.933,,y
1205,20250624,349,8,274,,0,"99,9",2026-03-30 12:28:38.933,,y
1206,20250620,350,8,275,,0,100,2026-03-30 12:28:38.933,,y
1207,20250620,351,8,276,,0,110,2026-03-30 12:28:38.933,,y
1208,20250619,352,8,277,,0,100,2026-03-30 12:28:38.933,,y
1209,20250618,353,8,97,,0,105,2026-03-30 12:28:38.933,,y
1210,20250616,354,8,278,,0,100,2026-03-30 12:28:38.933,,y
1211,20250613,355,8,279,,0,50,2026-03-30 12:28:38.933,,y
1212,20250612,356,8,280,,0,90,2026-03-30 12:28:38.933,,y
1213,20250612,357,8,230,,0,60,2026-03-30 12:28:38.933,,y
1214,20250612,358,8,281,,0,86,2026-03-30 12:28:38.933,,y
1215,20250612,359,8,282,,0,95,2026-03-30 12:28:38.933,,y
1216,20250612,360,8,283,,0,102,2026-03-30 12:28:38.933,,y
1217,20250612,361,8,284,,0,100,2026-03-30 12:28:38.933,,y
1218,20250612,362,8,285,,0,104,2026-03-30 12:28:38.933,,y
1219,20250611,363,8,286,,0,86,2026-03-30 12:28:38.933,,y
1220,20250611,364,8,287,,0,90,2026-03-30 12:28:38.934,,y
1221,20250611,365,8,288,,0,30,2026-03-30 12:28:38.934,,y
1222,20250609,366,8,289,,0,100,2026-03-30 12:28:38.934,,y
1223,20250607,367,8,290,,0,100,2026-03-30 12:28:38.934,,y
1224,20250605,368,8,291,,0,129,2026-03-30 12:28:38.934,,y
1225,20250605,369,8,292,,0,90,2026-03-30 12:28:38.934,,y
1226,20250603,370,8,293,,0,92,2026-03-30 12:28:38.934,,y
1227,20250602,371,8,294,,0,30,2026-03-30 12:28:38.934,,y
1228,20250530,372,8,295,,0,"49,9",2026-03-30 12:28:38.934,,y
1229,20250530,373,8,296,,0,160,2026-03-30 12:28:38.934,,y
1230,20250530,374,8,297,,0,92,2026-03-30 12:28:38.934,,y
1231,20250529,375,8,298,,0,"49,9",2026-03-30 12:28:38.934,,y
1232,20250528,376,8,299,,0,60,2026-03-30 12:28:38.934,,y
1233,20250526,377,8,300,,0,115,2026-03-30 12:28:38.934,,y
1234,20250526,378,8,301,,0,100,2026-03-30 12:28:38.934,,y
1235,20250525,379,8,302,,0,90,2026-03-30 12:28:38.934,,y
1236,20250523,380,8,303,,0,25,2026-03-30 12:28:38.934,,y
1237,20250523,381,8,304,,0,25,2026-03-30 12:28:38.934,,y
1238,20250522,382,8,305,,0,120,2026-03-30 12:28:38.934,,y
1239,20250521,383,8,306,,0,145,2026-03-30 12:28:38.934,,y
1240,20250521,384,8,307,,0,95,2026-03-30 12:28:38.934,,y
1241,20250519,385,8,308,,0,120,2026-03-30 12:28:38.934,,y
1242,20250519,386,8,306,,0,399,2026-03-30 12:28:38.934,,y
1243,20250519,387,8,309,,0,225,2026-03-30 12:28:38.934,,y
1244,20250519,388,8,174,,0,50,2026-03-30 12:28:38.934,,y
1245,20250518,389,8,310,,0,90,2026-03-30 12:28:38.934,,y
1246,20250518,390,8,311,,0,90,2026-03-30 12:28:38.934,,y
1247,20250517,391,8,312,,0,95,2026-03-30 12:28:38.934,,y
1248,20250516,392,8,313,,0,50,2026-03-30 12:28:38.934,,y
1249,20250516,393,8,314,,0,50,2026-03-30 12:28:38.934,,y
1250,20250515,394,8,315,,0,155,2026-03-30 12:28:38.934,,y
1251,20250514,395,8,184,,0,100,2026-03-30 12:28:38.934,,y
1252,20250514,396,8,316,,0,129,2026-03-30 12:28:38.934,,y
1253,20250513,397,8,317,,0,90,2026-03-30 12:28:38.935,,y
1254,20250512,398,8,318,,0,"74,9",2026-03-30 12:28:38.935,,y
1255,20250512,399,8,298,,0,25,2026-03-30 12:28:38.935,,y
1256,20250510,400,8,319,,0,45,2026-03-30 12:28:38.935,,y
1257,20250509,401,8,320,,0,95,2026-03-30 12:28:38.935,,y
1258,20250509,402,8,321,,0,100,2026-03-30 12:28:38.935,,y
1259,20250509,403,8,322,,0,50,2026-03-30 12:28:38.935,,y
1260,20250508,404,8,323,,0,92,2026-03-30 12:28:38.935,,y
1261,20250506,405,8,324,,0,110,2026-03-30 12:28:38.935,,y
1262,20250506,406,8,325,,0,115,2026-03-30 12:28:38.935,,y
1263,20250505,407,8,326,,0,109,2026-03-30 12:28:38.935,,y
1264,20250505,408,8,327,,0,115,2026-03-30 12:28:38.935,,y
1265,20250503,409,8,328,,0,"99,9",2026-03-30 12:28:38.935,,y
1266,20250430,410,8,329,,0,150,2026-03-30 12:28:38.935,,y
1267,20250426,411,8,330,,0,100,2026-03-30 12:28:38.935,,y
1268,20250424,412,8,331,,0,90,2026-03-30 12:28:38.935,,y
1269,20250424,413,8,332,,0,90,2026-03-30 12:28:38.935,,y
1270,20250424,414,8,333,,0,60,2026-03-30 12:28:38.935,,y
1271,20250423,415,8,334,,0,85,2026-03-30 12:28:38.935,,y
1272,20250423,416,8,335,,0,92,2026-03-30 12:28:38.935,,y
1273,20250422,417,8,336,,0,100,2026-03-30 12:28:38.935,,y
1274,20250422,418,8,337,,0,160,2026-03-30 12:28:38.935,,y
1275,20250421,419,8,338,,0,95,2026-03-30 12:28:38.935,,y
1276,20250417,420,8,339,,0,86,2026-03-30 12:28:38.935,,y
1277,20250417,421,8,340,,0,95,2026-03-30 12:28:38.935,,y
1278,20250416,422,8,341,,0,154,2026-03-30 12:28:38.935,,y
1279,20250416,423,8,342,,0,91,2026-03-30 12:28:38.935,,y
1280,20250415,424,8,343,,0,65,2026-03-30 12:28:38.935,,y
1281,20250412,425,8,344,,0,120,2026-03-30 12:28:38.935,,y
1282,20250411,426,8,345,,0,100,2026-03-30 12:28:38.935,,y
1283,20250411,427,8,346,,0,86,2026-03-30 12:28:38.935,,y
1284,20250409,428,8,347,,0,100,2026-03-30 12:28:38.935,,y
1285,20250409,429,8,348,,0,267,2026-03-30 12:28:38.935,,y
1286,20250409,430,8,349,,0,100,2026-03-30 12:28:38.935,,y
1287,20250408,431,8,350,,0,80,2026-03-30 12:28:38.936,,y
1288,20250403,432,8,351,,0,50,2026-03-30 12:28:38.936,,y
1289,20250402,433,8,352,,0,129,2026-03-30 12:28:38.936,,y
1290,20250402,434,8,353,,0,95,2026-03-30 12:28:38.936,,y
1291,20250331,435,8,354,,0,50,2026-03-30 12:28:38.936,,y
1292,20250331,437,8,355,,0,50,2026-03-30 12:28:38.936,,y
1293,20250330,438,8,356,,0,308,2026-03-30 12:28:38.936,,y
1294,20250330,439,8,357,,0,100,2026-03-30 12:28:38.936,,y
1295,20250330,440,8,358,,0,50,2026-03-30 12:28:38.936,,y
1296,20250327,441,8,359,,0,101,2026-03-30 12:28:38.936,,y
1297,20250327,442,8,360,,0,1505,2026-03-30 12:28:38.936,,y
1298,20250320,443,8,361,,0,"84,9",2026-03-30 12:28:38.936,,y
1299,20250318,444,8,362,,0,129,2026-03-30 12:28:38.936,,y
1300,20250318,445,8,363,,0,105,2026-03-30 12:28:38.936,,y
1301,20250317,446,8,364,,0,129,2026-03-30 12:28:38.936,,y
1302,20250307,447,8,365,,0,129,2026-03-30 12:28:38.936,,y
1303,20250307,448,8,366,,0,150,2026-03-30 12:28:38.936,,y
1304,20250306,449,8,367,,0,258,2026-03-30 12:28:38.936,,y
1305,20250306,450,8,368,,0,258,2026-03-30 12:28:38.936,,y
1306,20250306,451,8,369,,0,92,2026-03-30 12:28:38.936,,y
1307,20250304,452,8,370,,0,129,2026-03-30 12:28:38.936,,y
1308,20250302,453,8,371,,0,90,2026-03-30 12:28:38.936,,y
1309,20250302,454,8,372,,0,172,2026-03-30 12:28:38.936,,y
1310,20250302,455,8,373,,0,156,2026-03-30 12:28:38.936,,y
1311,20250302,456,8,374,,0,130,2026-03-30 12:28:38.936,,y
1312,20250301,457,8,375,,0,129,2026-03-30 12:28:38.936,,y
1313,20250301,458,8,376,,0,258,2026-03-30 12:28:38.936,,y
1314,20250301,459,8,377,,0,129,2026-03-30 12:28:38.936,,y
1315,20250226,460,8,378,,0,85,2026-03-30 12:28:38.936,,y
1316,20250226,461,8,379,,0,25,2026-03-30 12:28:38.936,,y
1317,20250224,462,8,380,,0,92,2026-03-30 12:28:38.936,,y
1318,20250223,463,8,381,,0,25,2026-03-30 12:28:38.937,,y
1319,20250221,464,8,382,,0,92,2026-03-30 12:28:38.937,,y
1320,20250219,466,8,383,,0,20,2026-03-30 12:28:38.937,,y
1321,20250218,467,8,384,,0,108,2026-03-30 12:28:38.937,,y
1322,20250215,468,8,385,,0,92,2026-03-30 12:28:38.937,,y
1323,20250215,469,8,386,,0,100,2026-03-30 12:28:38.937,,y
1324,20250214,470,8,387,,0,25,2026-03-30 12:28:38.937,,y
1325,20250214,471,8,388,,0,25,2026-03-30 12:28:38.937,,y
1326,20250214,472,8,389,,0,95,2026-03-30 12:28:38.937,,y
1327,20250213,473,8,390,,0,25,2026-03-30 12:28:38.937,,y
1328,20250213,474,8,391,,0,50,2026-03-30 12:28:38.937,,y
1329,20250213,475,8,392,,0,25,2026-03-30 12:28:38.937,,y
1330,20250213,476,8,393,,0,50,2026-03-30 12:28:38.937,,y
1331,20250213,477,8,394,,0,50,2026-03-30 12:28:38.937,,y
1332,20250213,478,8,395,,0,50,2026-03-30 12:28:38.937,,y
1333,20250213,479,8,396,,0,50,2026-03-30 12:28:38.937,,y
1334,20250213,480,8,397,,0,25,2026-03-30 12:28:38.937,,y
1335,20250213,481,8,398,,0,25,2026-03-30 12:28:38.937,,y
1336,20250213,482,8,399,,0,25,2026-03-30 12:28:38.937,,y
1337,20250213,483,8,400,,0,25,2026-03-30 12:28:38.937,,y
1338,20250213,484,8,401,,0,50,2026-03-30 12:28:38.937,,y
1339,20250213,485,8,402,,0,25,2026-03-30 12:28:38.937,,y
1340,20250213,486,8,403,,0,25,2026-03-30 12:28:38.937,,y
1341,20250213,487,8,404,,0,50,2026-03-30 12:28:38.937,,y
1342,20250213,488,8,405,,0,50,2026-03-30 12:28:38.937,,y
1343,20250213,489,8,406,,0,115,2026-03-30 12:28:38.937,,y
1344,20250213,490,8,407,,0,25,2026-03-30 12:28:38.937,,y
1345,20250213,491,8,408,,0,50,2026-03-30 12:28:38.937,,y
1346,20250213,492,8,409,,0,"106,5",2026-03-30 12:28:38.937,,y
1347,20250213,493,8,410,,0,25,2026-03-30 12:28:38.937,,y
1348,20250213,494,8,411,,0,25,2026-03-30 12:28:38.937,,y
1349,20250213,495,8,412,,0,25,2026-03-30 12:28:38.937,,y
1350,20250213,496,8,413,,0,60,2026-03-30 12:28:38.937,,y
1351,20250213,497,8,414,,0,25,2026-03-30 12:28:38.937,,y
1352,20250212,498,8,223,,0,50,2026-03-30 12:28:38.937,,y
1353,20250212,499,8,415,,0,25,2026-03-30 12:28:38.937,,y
1354,20250212,500,8,416,,0,150,2026-03-30 12:28:38.937,,y
1355,20250212,501,8,417,,0,50,2026-03-30 12:28:38.938,,y
1356,20250212,502,8,418,,0,100,2026-03-30 12:28:38.938,,y
1357,20250212,503,8,419,,0,95,2026-03-30 12:28:38.938,,y
1358,20250212,504,8,420,,0,50,2026-03-30 12:28:38.938,,y
1359,20250211,505,8,421,,0,25,2026-03-30 12:28:38.938,,y
1360,20250211,506,8,422,,0,100,2026-03-30 12:28:38.938,,y
1361,20250210,507,8,423,,0,90,2026-03-30 12:28:38.938,,y
1362,20250210,508,8,424,,0,109,2026-03-30 12:28:38.938,,y
1363,20250208,509,8,425,,0,99,2026-03-30 12:28:38.938,,y
1364,20250206,510,8,426,,0,95,2026-03-30 12:28:38.938,,y
1365,20250206,511,8,427,,0,105,2026-03-30 12:28:38.938,,y
1366,20250205,512,8,383,,0,72,2026-03-30 12:28:38.938,,y
1367,20250204,513,8,428,,0,30,2026-03-30 12:28:38.938,,y
1368,20250203,514,8,429,,0,99,2026-03-30 12:28:38.938,,y
1369,20250129,515,8,430,,0,90,2026-03-30 12:28:38.938,,y
1370,20250129,516,8,431,,0,90,2026-03-30 12:28:38.938,,y
1371,20250128,517,8,432,,0,79,2026-03-30 12:28:38.938,,y
1372,20250125,518,8,433,,0,105,2026-03-30 12:28:38.938,,y
1373,20250124,519,8,434,,0,90,2026-03-30 12:28:38.938,,y
1374,20250124,520,8,361,,0,100,2026-03-30 12:28:38.938,,y
1375,20250120,521,8,435,,0,90,2026-03-30 12:28:38.938,,y
1376,20250120,522,8,436,,0,100,2026-03-30 12:28:38.938,,y
1377,20250118,523,8,437,,0,46,2026-03-30 12:28:38.938,,y
1378,20250114,524,8,438,,0,30,2026-03-30 12:28:38.938,,y
1379,20250114,525,8,439,,0,30,2026-03-30 12:28:38.938,,y
1380,20250111,526,8,440,,0,48,2026-03-30 12:28:38.938,,y
1381,20250106,527,8,441,,0,120,2026-03-30 12:28:38.938,,y
1382,20250103,528,8,442,,0,58,2026-03-30 12:28:38.938,,y
1383,20241227,529,8,443,,0,30,2026-03-30 12:28:38.938,,y
1384,20241225,530,8,444,,0,30,2026-03-30 12:28:38.938,,y
1385,20241224,531,8,445,,0,60,2026-03-30 12:28:38.938,,y
1386,20241224,532,8,446,,0,104,2026-03-30 12:28:38.938,,y
1387,20241223,533,8,447,,0,30,2026-03-30 12:28:38.938,,y
1388,20241210,534,8,448,,0,28,2026-03-30 12:28:38.939,,y
1389,20241125,535,8,449,,0,70,2026-03-30 12:28:38.939,,y
1390,20241123,536,8,450,,0,30,2026-03-30 12:28:38.939,,y
1391,20241107,537,8,451,,0,45,2026-03-30 12:28:38.939,,y
1392,20241107,538,8,452,,0,70,2026-03-30 12:28:38.939,,y
1393,20241002,539,8,453,,0,110,2026-03-30 12:28:38.939,,y
1394,20240926,540,8,454,,0,48,2026-03-30 12:28:38.939,,y
1395,20240906,541,8,455,,0,180,2026-03-30 12:28:38.939,,y
1396,20240827,542,8,456,,0,55,2026-03-30 12:28:38.939,,y
1397,20240827,543,8,457,,0,30,2026-03-30 12:28:38.939,,y
1398,20240817,544,8,458,,0,65,2026-03-30 12:28:38.939,,y
1399,20240805,545,8,459,,0,58,2026-03-30 12:28:38.939,,y
1400,20240730,546,8,460,,0,75,2026-03-30 12:28:38.939,,y
1401,20240721,547,8,461,,0,75,2026-03-30 12:28:38.939,,y
1402,20240704,548,8,462,,0,14,2026-03-30 12:28:38.939,,y
1403,20240630,549,8,463,,0,169,2026-03-30 12:28:38.939,,y
1404,20240611,550,8,464,,0,30,2026-03-30 12:28:38.939,,y
1405,20240610,551,8,465,,0,30,2026-03-30 12:28:38.939,,y
1406,20240527,552,8,466,,0,45,2026-03-30 12:28:38.939,,y
1407,20240507,553,8,467,,0,30,2026-03-30 12:28:38.939,,y
1408,20240328,554,8,468,,0,30,2026-03-30 12:28:38.939,,y
1409,20240324,555,8,469,,0,29,2026-03-30 12:28:38.939,,y
1410,20240318,556,8,470,,0,30,2026-03-30 12:28:38.939,,y
1411,20240313,557,8,471,,0,34,2026-03-30 12:28:38.939,,y
1412,20240220,116,8,47,,0,18,2026-03-30 12:28:38.939,,y
1413,20231230,233,8,162,,0,30,2026-03-30 12:28:38.939,,y
1414,20231206,136,8,67,,0,19,2026-03-30 12:28:38.939,,y
1415,20200607,1547,8,472,11374,10340,,2026-03-30 12:28:39.038,,y
1416,20110312,1548,8,472,"1814,68","1649,71",,2026-03-30 12:28:39.038,,y
1417,20141012,1549,8,472,50024,45476,,2026-03-30 12:28:39.038,,y
1418,20230605,1550,8,472,"1430,92","1300,84",,2026-03-30 12:28:39.038,,y
1419,20141012,1551,8,472,32329,29390,,2026-03-30 12:28:39.038,,y
1420,20190910,1552,8,472,39256,35687,,2026-03-30 12:28:39.038,,y
1421,20170412,1553,8,472,"4728,3","4298,45",,2026-03-30 12:28:39.038,,y
1422,20191009,1554,8,472,3255,2959,,2026-03-30 12:28:39.038,,y
1423,20170511,1555,8,472,3849,3499,,2026-03-30 12:28:39.038,,y
1424,20141010,1556,8,472,1837,1670,,2026-03-30 12:28:39.038,,y
1425,20140709,1557,8,472,21116,19196,,2026-03-30 12:28:39.038,,y
1426,20210104,1558,8,472,"2858,84","2598,95",,2026-03-30 12:28:39.038,,y
1427,20171001,1559,8,472,36847,33497,,2026-03-30 12:28:39.038,,y
1428,20160811,1560,8,472,14803,13457,,2026-03-30 12:28:39.038,,y
1429,20200305,1561,8,472,27660,25145,,2026-03-30 12:28:39.038,,y
1430,20200211,1562,8,472,163724,148840,,2026-03-30 12:28:39.038,,y
1431,20130908,1563,8,472,21504,19549,,2026-03-30 12:28:39.038,,y
1432,20210210,1564,8,472,8799,7999,,2026-03-30 12:28:39.039,,y
1433,20180702,1565,8,472,2875,2614,,2026-03-30 12:28:39.039,,y
1434,20220712,1566,8,472,"2601,39","2364,9",,2026-03-30 12:28:39.039,,y
1435,20201209,1567,8,472,41244,37495,,2026-03-30 12:28:39.039,,y
1436,20170305,1568,8,472,"3866,4","3514,91",,2026-03-30 12:28:39.039,,y
1437,20130807,1569,8,472,6699,6090,,2026-03-30 12:28:39.039,,y
1438,20191005,1570,8,472,"63542,29","57765,72",,2026-03-30 12:28:39.039,,y
1439,20200906,1571,8,472,11880,10800,,2026-03-30 12:28:39.039,,y
1440,20180902,1572,8,472,56170,51064,,2026-03-30 12:28:39.039,,y
1441,20220209,1573,8,472,"57483,07","52257,34",,2026-03-30 12:28:39.039,,y
1442,20200206,1574,8,472,10446,9496,,2026-03-30 12:28:39.039,,y
1443,20190106,1575,8,472,"21151,66","19228,78",,2026-03-30 12:28:39.039,,y
1444,20120908,1576,8,472,58941,53583,,2026-03-30 12:28:39.039,,y
1445,20230201,1577,8,472,"2194,48","1994,98",,2026-03-30 12:28:39.039,,y
1446,20160204,1578,8,472,5289,4808,,2026-03-30 12:28:39.039,,y
1447,20210304,1579,8,472,"26667,42","24243,11",,2026-03-30 12:28:39.039,,y
1448,20190106,1580,8,472,36847,33497,,2026-03-30 12:28:39.039,,y
1449,20190701,1581,8,472,"6231,18","5664,71",,2026-03-30 12:28:39.039,,y
1450,20140807,1582,8,472,125937,114488,,2026-03-30 12:28:39.039,,y
1451,20160605,1583,8,472,112193,101994,,2026-03-30 12:28:39.039,,y
1452,20171201,1584,8,472,39259,35690,,2026-03-30 12:28:39.039,,y
1453,20161105,1585,8,472,"4141,48","3764,98",,2026-03-30 12:28:39.039,,y
1454,20180610,1586,8,472,29260,26600,,2026-03-30 12:28:39.039,,y
1455,20201103,1587,8,472,13198,11998,,2026-03-30 12:28:39.039,,y
1456,20220102,1588,8,472,23592,21447,,2026-03-30 12:28:39.039,,y
1457,20200206,1589,8,472,20124,18295,,2026-03-30 12:28:39.039,,y
1458,20130505,1590,8,472,"5683,98","5167,25",,2026-03-30 12:28:39.039,,y
1459,20220409,1591,8,472,1482,1347,,2026-03-30 12:28:39.039,,y
1460,20160404,1592,8,472,56100,51000,,2026-03-30 12:28:39.039,,y
1461,20161005,1593,8,472,12100,11000,,2026-03-30 12:28:39.039,,y
1462,20190201,1594,8,472,"11032,05","10029,14",,2026-03-30 12:28:39.039,,y
1463,20170109,1595,8,472,22323,20294,,2026-03-30 12:28:39.039,,y
1464,20131102,1596,8,472,21849,19863,,2026-03-30 12:28:39.039,,y
1465,20150205,1597,8,472,10274,9340,,2026-03-30 12:28:39.039,,y
1466,20190701,1598,8,472,988,898,,2026-03-30 12:28:39.039,,y
1467,20160904,1599,8,472,63857,58052,,2026-03-30 12:28:39.04,,y
1468,20160607,1600,8,472,30329,27572,,2026-03-30 12:28:39.04,,y
1469,20151201,1601,8,472,1639,1490,,2026-03-30 12:28:39.04,,y
1470,20140703,1602,8,472,38863,35330,,2026-03-30 12:28:39.04,,y
1471,20201211,1603,8,472,"5138,35","4671,23",,2026-03-30 12:28:39.04,,y
1472,20171206,1604,8,472,17594,15995,,2026-03-30 12:28:39.04,,y
1473,20160903,1605,8,472,"4140,06","3763,69",,2026-03-30 12:28:39.04,,y
1474,20140611,1606,8,472,"8487,82","7716,2",,2026-03-30 12:28:39.04,,y
1475,20190904,1607,8,472,110073,100066,,2026-03-30 12:28:39.04,,y
1476,20140606,1608,8,472,5387,4897,,2026-03-30 12:28:39.04,,y
1477,20180106,1609,8,472,9775,8886,,2026-03-30 12:28:39.04,,y
1478,20130707,1610,8,472,"12285,23","11168,39",,2026-03-30 12:28:39.04,,y
1479,20180105,1611,8,472,17226,15660,,2026-03-30 12:28:39.04,,y
1480,20150401,1612,8,472,23811,21646,,2026-03-30 12:28:39.04,,y
1481,20140410,1613,8,472,23089,20990,,2026-03-30 12:28:39.04,,y
1482,20220507,1614,8,472,48938,44489,,2026-03-30 12:28:39.04,,y
1483,20120103,1615,8,472,"3674,52","3340,47",,2026-03-30 12:28:39.04,,y
1484,20120804,1616,8,472,2200,2000,,2026-03-30 12:28:39.04,,y
1485,20220508,1617,8,472,"9450,28","8591,16",,2026-03-30 12:28:39.04,,y
1486,20220603,1618,8,472,"3740,53","3400,48",,2026-03-30 12:28:39.04,,y
1487,20151008,1619,8,472,"14955,6",13596,,2026-03-30 12:28:39.04,,y
1488,20180701,1620,8,472,98666,89696,,2026-03-30 12:28:39.04,,y
1489,20180411,1621,8,472,58363,53057,,2026-03-30 12:28:39.04,,y
1490,20160503,1622,8,472,51583,46894,,2026-03-30 12:28:39.041,,y
1491,20110107,1623,8,472,35200,32000,,2026-03-30 12:28:39.041,,y
1492,20170503,1624,8,472,"3558,25","3234,77",,2026-03-30 12:28:39.041,,y
1493,20180603,1625,8,472,13613,12375,,2026-03-30 12:28:39.041,,y
1494,20200911,1626,8,472,60319,54835,,2026-03-30 12:28:39.041,,y
1495,20130803,1627,8,472,"12847,77","11679,79",,2026-03-30 12:28:39.041,,y
1496,20130408,1628,8,472,8168,7425,,2026-03-30 12:28:39.041,,y
1497,20200712,1629,8,472,38709,35190,,2026-03-30 12:28:39.041,,y
1498,20210605,1630,8,472,"6176,84","5615,31",,2026-03-30 12:28:39.041,,y
1499,20191204,1631,8,472,81969,74517,,2026-03-30 12:28:39.041,,y
1500,20210203,1632,8,472,34950,31773,,2026-03-30 12:28:39.041,,y
1501,20170807,1633,8,472,"61547,99","55952,72",,2026-03-30 12:28:39.041,,y
1502,20190808,1634,8,472,18696,16996,,2026-03-30 12:28:39.041,,y
1503,20140812,1635,8,472,"28365,02","25786,38",,2026-03-30 12:28:39.041,,y
1504,20131002,1636,8,472,"58667,76","53334,33",,2026-03-30 12:28:39.041,,y
1505,20180706,1637,8,472,"3232,87","2938,97",,2026-03-30 12:28:39.041,,y
1506,20210708,1638,8,472,16279,14799,,2026-03-30 12:28:39.041,,y
1507,20170707,1639,8,472,"5070,85","4609,86",,2026-03-30 12:28:39.041,,y
1508,20200507,1640,8,472,132432,120393,,2026-03-30 12:28:39.041,,y
1509,20130903,1641,8,472,"4207,37","3824,88",,2026-03-30 12:28:39.041,,y
1510,20180910,1642,8,472,33431,30392,,2026-03-30 12:28:39.041,,y
1511,20170501,1643,8,472,"2237,95","2034,5",,2026-03-30 12:28:39.041,,y
1512,20160205,1644,8,472,"54171,7",49247,,2026-03-30 12:28:39.041,,y
1513,20190308,1645,8,472,3331,3028,,2026-03-30 12:28:39.041,,y
1514,20150709,1646,8,472,"4391,1","3991,91",,2026-03-30 12:28:39.041,,y
1515,20200606,1647,8,472,"2320,73","2109,75",,2026-03-30 12:28:39.041,,y
1516,20180206,1648,8,472,54445,49495,,2026-03-30 12:28:39.041,,y
1517,20230304,1649,8,472,"6530,55","5936,86",,2026-03-30 12:28:39.041,,y
1518,20120303,1650,8,472,"6860,45","6236,77",,2026-03-30 12:28:39.041,,y
1519,20190903,1651,8,472,26692,24265,,2026-03-30 12:28:39.041,,y
1520,20190401,1652,8,472,40299,36635,,2026-03-30 12:28:39.041,,y
1521,20160408,1653,8,472,"2529,57","2299,61",,2026-03-30 12:28:39.041,,y
1522,20181011,1654,8,472,30081,27346,,2026-03-30 12:28:39.041,,y
1523,20190201,1655,8,472,"7269,8","6608,91",,2026-03-30 12:28:39.041,,y
1524,20130201,1656,8,472,"53078,96","48253,6",,2026-03-30 12:28:39.041,,y
1525,20160801,1657,8,472,"66712,49","60647,72",,2026-03-30 12:28:39.041,,y
1526,20200407,1658,8,472,"20182,56","18347,78",,2026-03-30 12:28:39.041,,y
1527,20140605,1659,8,472,10795,9814,,2026-03-30 12:28:39.041,,y
1528,20140912,1660,8,472,"30588,8",27808,,2026-03-30 12:28:39.041,,y
1529,20120305,1661,8,472,"2817,09","2560,99",,2026-03-30 12:28:39.041,,y
1530,20160909,1662,8,472,"18841,67","17128,79",,2026-03-30 12:28:39.041,,y
1531,20130810,1663,8,472,11100,10091,,2026-03-30 12:28:39.041,,y
1532,20230505,1664,8,472,64012,58193,,2026-03-30 12:28:39.041,,y
1533,20190604,1665,8,472,"47630,32","43300,29",,2026-03-30 12:28:39.042,,y
1534,20160309,1666,8,472,6375,5795,,2026-03-30 12:28:39.042,,y
1535,20111211,1667,8,472,2200,2000,,2026-03-30 12:28:39.042,,y
1536,20141208,1668,8,472,47226,42933,,2026-03-30 12:28:39.042,,y
1537,20210401,1669,8,472,"18749,5",17045,,2026-03-30 12:28:39.042,,y
1538,20190706,1670,8,472,"1847,77","1679,79",,2026-03-30 12:28:39.042,,y
1539,20160202,1671,8,472,10450,9500,,2026-03-30 12:28:39.042,,y
1540,20150301,1672,8,472,73920,67200,,2026-03-30 12:28:39.042,,y
1541,20160209,1673,8,472,"54255,05","49322,77",,2026-03-30 12:28:39.042,,y
1542,20130902,1674,8,472,49489,44990,,2026-03-30 12:28:39.042,,y
1543,20191112,1675,8,472,8250,7500,,2026-03-30 12:28:39.042,,y
1544,20211004,1676,8,472,"2243,96","2039,96",,2026-03-30 12:28:39.042,,y
1545,20141011,1677,8,472,"5459,75","4963,41",,2026-03-30 12:28:39.042,,y
1546,20140707,1678,8,472,103389,93990,,2026-03-30 12:28:39.042,,y
1547,20160803,1679,8,472,"12744,82","11586,2",,2026-03-30 12:28:39.042,,y
1548,20170612,1680,8,472,3457,3143,,2026-03-30 12:28:39.042,,y
1549,20150909,1681,8,472,"1129,39","1026,72",,2026-03-30 12:28:39.042,,y
1550,20160107,1682,8,472,5091,4628,,2026-03-30 12:28:39.042,,y
1551,20150208,1683,8,472,76978,69980,,2026-03-30 12:28:39.042,,y
1552,20190311,1684,8,472,"81254,75","73867,95",,2026-03-30 12:28:39.042,,y
1553,20200308,1685,8,472,173960,158145,,2026-03-30 12:28:39.042,,y
1554,20190704,1686,8,472,"1961,83","1783,48",,2026-03-30 12:28:39.042,,y
1555,20130202,1687,8,472,41974,38158,,2026-03-30 12:28:39.042,,y
1556,20140510,1688,8,472,35926,32660,,2026-03-30 12:28:39.042,,y
1557,20191206,1689,8,472,"5589,55","5081,41",,2026-03-30 12:28:39.042,,y
1558,20141211,1690,8,472,"46215,06","42013,69",,2026-03-30 12:28:39.042,,y
1559,20180210,1691,8,472,"7737,7","7034,27",,2026-03-30 12:28:39.042,,y
1560,20230204,1692,8,472,"6590,11","5991,01",,2026-03-30 12:28:39.042,,y
1561,20210412,1693,8,472,"1754,02","1594,56",,2026-03-30 12:28:39.043,,y
1562,20220104,1694,8,472,55537,50488,,2026-03-30 12:28:39.043,,y
1563,20180112,1695,8,472,3080,2800,,2026-03-30 12:28:39.043,,y
1564,20180911,1696,8,472,32670,29700,,2026-03-30 12:28:39.043,,y
1565,20160610,1697,8,472,33967,30879,,2026-03-30 12:28:39.043,,y
1566,20131204,1698,8,472,42125,38295,,2026-03-30 12:28:39.043,,y
1567,20180509,1699,8,472,52467,47697,,2026-03-30 12:28:39.043,,y
1568,20150102,1700,8,472,9776,8887,,2026-03-30 12:28:39.043,,y
1569,20170612,1701,8,472,"18245,08","16586,44",,2026-03-30 12:28:39.043,,y
1570,20140511,1702,8,472,14560,13236,,2026-03-30 12:28:39.043,,y
1571,20210503,1703,8,472,"149105,43","135550,39",,2026-03-30 12:28:39.043,,y
1572,20180909,1704,8,472,41236,37487,,2026-03-30 12:28:39.043,,y
1573,20130809,1705,8,472,"3329,54","3026,85",,2026-03-30 12:28:39.043,,y
1574,20151007,1706,8,472,"23170,27","21063,88",,2026-03-30 12:28:39.043,,y
1575,20200812,1707,8,472,22871,20792,,2026-03-30 12:28:39.043,,y
1576,20200604,1708,8,472,14732,13393,,2026-03-30 12:28:39.043,,y
1577,20210303,1709,8,472,100301,91183,,2026-03-30 12:28:39.043,,y
1578,20190911,1710,8,472,"8268,7",7517,,2026-03-30 12:28:39.043,,y
1579,20200507,1711,8,472,28084,25531,,2026-03-30 12:28:39.043,,y
1580,20180303,1712,8,472,"9698,88","8817,16",,2026-03-30 12:28:39.043,,y
1581,20170601,1713,8,472,"12267,2",11152,,2026-03-30 12:28:39.043,,y
1582,20180109,1714,8,472,18253,16594,,2026-03-30 12:28:39.043,,y
1583,20161108,1715,8,472,"61619,75","56017,95",,2026-03-30 12:28:39.043,,y
1584,20190110,1716,8,472,"1656,47","1505,88",,2026-03-30 12:28:39.043,,y
1585,20141104,1717,8,472,"26591,16","24173,78",,2026-03-30 12:28:39.043,,y
1586,20170204,1718,8,472,56849,51681,,2026-03-30 12:28:39.043,,y
1587,20120311,1719,8,472,5964,5422,,2026-03-30 12:28:39.043,,y
1588,20141111,1720,8,472,12191,11083,,2026-03-30 12:28:39.043,,y
1589,20220407,1721,8,472,60500,55000,,2026-03-30 12:28:39.043,,y
1590,20141112,1722,8,472,494,449,,2026-03-30 12:28:39.043,,y
1591,20180809,1723,8,472,"9546,58","8678,71",,2026-03-30 12:28:39.043,,y
1592,20150602,1724,8,472,32708,29735,,2026-03-30 12:28:39.043,,y
1593,20130704,1725,8,472,"63240,53","57491,39",,2026-03-30 12:28:39.043,,y
1594,20150403,1726,8,472,5720,5200,,2026-03-30 12:28:39.043,,y
1595,20181208,1727,8,472,"5301,89","4819,9",,2026-03-30 12:28:39.044,,y
1596,20191005,1728,8,472,2552,2320,,2026-03-30 12:28:39.044,,y
1597,20130112,1729,8,472,33199,30181,,2026-03-30 12:28:39.044,,y
1598,20160602,1730,8,472,8249,7499,,2026-03-30 12:28:39.044,,y
1599,20140709,1731,8,472,171,155,,2026-03-30 12:28:39.044,,y
1600,20180109,1732,8,472,80207,72915,,2026-03-30 12:28:39.044,,y
1601,20121005,1733,8,472,"2511,2","2282,91",,2026-03-30 12:28:39.044,,y
1602,20180604,1734,8,472,196671,178792,,2026-03-30 12:28:39.044,,y
1603,20160609,1735,8,472,"119237,67","108397,88",,2026-03-30 12:28:39.044,,y
1604,20200311,1736,8,472,"2345,76","2132,51",,2026-03-30 12:28:39.044,,y
1605,20180305,1737,8,472,1482,1347,,2026-03-30 12:28:39.044,,y
1606,20211103,1738,8,472,"94435,43","85850,39",,2026-03-30 12:28:39.044,,y
1607,20151005,1739,8,472,"19347,41","17588,55",,2026-03-30 12:28:39.044,,y
1608,20220301,1740,8,472,4396,3996,,2026-03-30 12:28:39.044,,y
1609,20130111,1741,8,472,"7589,84","6899,85",,2026-03-30 12:28:39.044,,y
1610,20150809,1742,8,472,27094,24631,,2026-03-30 12:28:39.044,,y
1611,20220101,1743,8,472,118822,108020,,2026-03-30 12:28:39.044,,y
1612,20210102,1744,8,472,"5902,45","5365,86",,2026-03-30 12:28:39.044,,y
1613,20160603,1745,8,472,"5823,92","5294,47",,2026-03-30 12:28:39.044,,y
1614,20130805,1746,8,472,17600,16000,,2026-03-30 12:28:39.044,,y
1615,20170711,1747,8,472,"7397,59","6725,08",,2026-03-30 12:28:39.044,,y
1616,20180809,1748,8,472,48595,44177,,2026-03-30 12:28:39.044,,y
1617,20200108,1749,8,472,7401,6728,,2026-03-30 12:28:39.044,,y
1618,20150912,1750,8,472,34203,31094,,2026-03-30 12:28:39.044,,y
1619,20200406,1751,8,472,9001,8183,,2026-03-30 12:28:39.044,,y
1620,20150412,1752,8,472,39816,36196,,2026-03-30 12:28:39.044,,y
1621,20180305,1753,8,472,"69138,73","62853,39",,2026-03-30 12:28:39.044,,y
1622,20140607,1754,8,472,549,499,,2026-03-30 12:28:39.044,,y
1623,20160409,1755,8,472,"6214,89","5649,9",,2026-03-30 12:28:39.044,,y
1624,20180712,1756,8,472,"5662,25","5147,5",,2026-03-30 12:28:39.044,,y
1625,20170104,1757,8,472,81906,74460,,2026-03-30 12:28:39.044,,y
1626,20140605,1758,8,472,22706,20642,,2026-03-30 12:28:39.044,,y
1627,20140810,1759,8,472,"65395,63","59450,57",,2026-03-30 12:28:39.044,,y
1628,20120203,1760,8,472,10505,9550,,2026-03-30 12:28:39.044,,y
1629,20130910,1761,8,472,33216,30196,,2026-03-30 12:28:39.044,,y
1630,20190505,1762,8,472,2145,1950,,2026-03-30 12:28:39.044,,y
1631,20170911,1763,8,472,"113464,52","103149,56",,2026-03-30 12:28:39.044,,y
1632,20160307,1764,8,472,28050,25500,,2026-03-30 12:28:39.044,,y
1633,20180207,1765,8,472,22258,20235,,2026-03-30 12:28:39.044,,y
1634,20141012,1766,8,472,15823,14385,,2026-03-30 12:28:39.044,,y
1635,20180408,1767,8,472,"2259,1","2053,73",,2026-03-30 12:28:39.044,,y
1636,20180304,1768,8,472,7913,7194,,2026-03-30 12:28:39.044,,y
1637,20180509,1769,8,472,"76534,92","69577,2",,2026-03-30 12:28:39.044,,y
1638,20190906,1770,8,472,"14880,78","13527,98",,2026-03-30 12:28:39.044,,y
1639,20220604,1771,8,472,"5411,82","4919,84",,2026-03-30 12:28:39.044,,y
1640,20170205,1772,8,472,2583,2348,,2026-03-30 12:28:39.044,,y
1641,20190310,1773,8,472,77849,70772,,2026-03-30 12:28:39.044,,y
1642,20191102,1774,8,472,28611,26010,,2026-03-30 12:28:39.044,,y
1643,20130207,1775,8,472,18889,17172,,2026-03-30 12:28:39.044,,y
1644,20200608,1776,8,472,"6320,46","5745,87",,2026-03-30 12:28:39.044,,y
1645,20150511,1777,8,472,63879,58072,,2026-03-30 12:28:39.044,,y
1646,20190602,1778,8,472,"4640,5","4218,64",,2026-03-30 12:28:39.044,,y
1647,20180403,1779,8,472,68200,62000,,2026-03-30 12:28:39.045,,y
1648,20210705,1780,8,472,"10905,06","9913,69",,2026-03-30 12:28:39.045,,y
1649,20170111,1781,8,472,3106,2824,,2026-03-30 12:28:39.045,,y
1650,20140608,1782,8,472,"3126,16","2841,96",,2026-03-30 12:28:39.045,,y
1651,20160501,1783,8,472,36764,33422,,2026-03-30 12:28:39.045,,y
1652,20160505,1784,8,472,8421,7655,,2026-03-30 12:28:39.045,,y
1653,20190807,1785,8,472,"10493,86","9539,87",,2026-03-30 12:28:39.045,,y
1654,20150305,1786,8,472,"14832,92","13484,47",,2026-03-30 12:28:39.045,,y
1655,20190405,1787,8,472,"5033,52","4575,93",,2026-03-30 12:28:39.045,,y
1656,20180102,1788,8,472,42887,38988,,2026-03-30 12:28:39.045,,y
1657,20130501,1789,8,472,"35971,56","32701,42",,2026-03-30 12:28:39.045,,y
1658,20181001,1790,8,472,"58269,55","52972,32",,2026-03-30 12:28:39.045,,y
1659,20140209,1791,8,472,"4268,89","3880,81",,2026-03-30 12:28:39.045,,y
1660,20141011,1792,8,472,47232,42938,,2026-03-30 12:28:39.045,,y
1661,20140812,1793,8,472,"11024,09","10021,9",,2026-03-30 12:28:39.045,,y
1662,20131103,1794,8,472,"39000,6","35455,09",,2026-03-30 12:28:39.045,,y
1663,20130810,1795,8,472,"1408,94","1280,85",,2026-03-30 12:28:39.045,,y
1664,20201003,1796,8,472,"1315,6",1196,,2026-03-30 12:28:39.045,,y
1665,20180209,1797,8,472,46487,42261,,2026-03-30 12:28:39.045,,y
1666,20220708,1798,8,472,15487,14079,,2026-03-30 12:28:39.045,,y
1667,20131110,1799,8,472,3633,3303,,2026-03-30 12:28:39.045,,y
1668,20130706,1800,8,472,18591,16901,,2026-03-30 12:28:39.045,,y
1669,20200903,1801,8,472,"41419,4",37654,,2026-03-30 12:28:39.045,,y
1670,20210108,1802,8,472,57905,52641,,2026-03-30 12:28:39.045,,y
1671,20170302,1803,8,472,22917,20834,,2026-03-30 12:28:39.045,,y
1672,20220204,1804,8,472,5520,5018,,2026-03-30 12:28:39.045,,y
1673,20220410,1805,8,472,"29543,09","26857,35",,2026-03-30 12:28:39.045,,y
1674,20141207,1806,8,472,"3756,43","3414,94",,2026-03-30 12:28:39.045,,y
1675,20170402,1807,8,472,5059,4599,,2026-03-30 12:28:39.045,,y
1676,20180604,1808,8,472,26400,24000,,2026-03-30 12:28:39.045,,y
1677,20180902,1809,8,472,"7098,43","6453,12",,2026-03-30 12:28:39.045,,y
1678,20180804,1810,8,472,"25561,57","23237,79",,2026-03-30 12:28:39.045,,y
1679,20201208,1811,8,472,14713,13375,,2026-03-30 12:28:39.045,,y
1680,20140101,1812,8,472,58186,52896,,2026-03-30 12:28:39.045,,y
1681,20160101,1813,8,472,"7250,1",6591,,2026-03-30 12:28:39.045,,y
1682,20140612,1814,8,472,11107,10097,,2026-03-30 12:28:39.045,,y
1683,20140903,1815,8,472,3951,3592,,2026-03-30 12:28:39.045,,y
1684,20160301,1816,8,472,60607,55097,,2026-03-30 12:28:39.046,,y
1685,20160102,1817,8,472,5276,4796,,2026-03-30 12:28:39.046,,y
1686,20150604,1818,8,472,24745,22495,,2026-03-30 12:28:39.046,,y
1687,20141006,1819,8,472,"7265,46","6604,96",,2026-03-30 12:28:39.046,,y
1688,20170711,1820,8,472,"27913,38","25375,8",,2026-03-30 12:28:39.046,,y
1689,20180607,1821,8,472,20777,18888,,2026-03-30 12:28:39.046,,y
1690,20160103,1822,8,472,"8470,63","7700,57",,2026-03-30 12:28:39.046,,y
1691,20130810,1823,8,472,39600,36000,,2026-03-30 12:28:39.046,,y
1692,20190911,1824,8,472,59837,54397,,2026-03-30 12:28:39.046,,y
1693,20140407,1825,8,472,"4334,11","3940,1",,2026-03-30 12:28:39.046,,y
1694,20151011,1826,8,472,13390,12173,,2026-03-30 12:28:39.046,,y
1695,20230204,1827,8,472,31439,28581,,2026-03-30 12:28:39.046,,y
1696,20140112,1828,8,472,203308,184825,,2026-03-30 12:28:39.046,,y
1697,20160202,1829,8,472,1647,1497,,2026-03-30 12:28:39.046,,y
1698,20170604,1830,8,472,24520,22291,,2026-03-30 12:28:39.046,,y
1699,20211103,1831,8,472,11212,10193,,2026-03-30 12:28:39.046,,y
1700,20190801,1832,8,472,4287,3897,,2026-03-30 12:28:39.046,,y
1701,20180202,1833,8,472,244181,221983,,2026-03-30 12:28:39.046,,y
1702,20190302,1834,8,472,27324,24840,,2026-03-30 12:28:39.046,,y
1703,20190504,1835,8,472,81398,73998,,2026-03-30 12:28:39.046,,y
1704,20150409,1836,8,472,"12627,75","11479,77",,2026-03-30 12:28:39.046,,y
1705,20180506,1837,8,472,11000,10000,,2026-03-30 12:28:39.046,,y
1706,20230205,1838,8,472,15400,14000,,2026-03-30 12:28:39.046,,y
1707,20170310,1839,8,472,"16240,55","14764,14",,2026-03-30 12:28:39.046,,y
1708,20130507,1840,8,472,16497,14997,,2026-03-30 12:28:39.046,,y
1709,20210304,1841,8,472,"84274,59","76613,26",,2026-03-30 12:28:39.046,,y
1710,20130303,1842,8,472,"1869,98","1699,98",,2026-03-30 12:28:39.046,,y
1711,20211004,1843,8,472,"5370,54","4882,31",,2026-03-30 12:28:39.046,,y
1712,20170202,1844,8,472,"55169,93","50154,48",,2026-03-30 12:28:39.046,,y
1713,20180602,1845,8,472,22000,20000,,2026-03-30 12:28:39.046,,y
1714,20140311,1846,8,472,"2521,04","2291,85",,2026-03-30 12:28:39.046,,y
1715,20130806,1847,8,472,21748,19771,,2026-03-30 12:28:39.046,,y
1716,20190404,1848,8,472,84700,77000,,2026-03-30 12:28:39.046,,y
1717,20181102,1849,8,472,"4430,73","4027,94",,2026-03-30 12:28:39.046,,y
1718,20140101,1850,8,472,2200,2000,,2026-03-30 12:28:39.046,,y
1719,20140904,1851,8,472,"44745,59","40677,81",,2026-03-30 12:28:39.046,,y
1720,20190709,1852,8,472,"61189,67","55626,97",,2026-03-30 12:28:39.046,,y
1721,20130606,1853,8,472,"1102,9","1002,64",,2026-03-30 12:28:39.046,,y
1722,20140407,1854,8,472,"6016,84","5469,85",,2026-03-30 12:28:39.046,,y
1723,20160504,1855,8,472,6598,5998,,2026-03-30 12:28:39.046,,y
1724,20180202,1856,8,472,"23988,86","21808,05",,2026-03-30 12:28:39.047,,y
1725,20180106,1857,8,472,"13423,4","12203,09",,2026-03-30 12:28:39.047,,y
1726,20150706,1858,8,472,17144,15585,,2026-03-30 12:28:39.047,,y
1727,20221202,1859,8,472,22042,20038,,2026-03-30 12:28:39.047,,y
1728,20130203,1860,8,472,2470,2245,,2026-03-30 12:28:39.047,,y
1729,20200410,1861,8,472,113216,102924,,2026-03-30 12:28:39.047,,y
1730,20180104,1862,8,472,"49802,21","45274,74",,2026-03-30 12:28:39.047,,y
1731,20180309,1863,8,472,7691,6992,,2026-03-30 12:28:39.047,,y
1732,20201112,1864,8,472,"3139,95","2854,5",,2026-03-30 12:28:39.047,,y
1733,20150306,1865,8,472,2638,2398,,2026-03-30 12:28:39.047,,y
1734,20190311,1866,8,472,49453,44957,,2026-03-30 12:28:39.047,,y
1735,20160709,1867,8,472,"6543,19","5948,35",,2026-03-30 12:28:39.047,,y
1736,20161202,1868,8,472,4069,3699,,2026-03-30 12:28:39.047,,y
1737,20130411,1869,8,472,9565,8695,,2026-03-30 12:28:39.047,,y
1738,20141004,1870,8,472,36058,32780,,2026-03-30 12:28:39.047,,y
1739,20140101,1871,8,472,"43820,72","39837,02",,2026-03-30 12:28:39.047,,y
1740,20130709,1872,8,472,"2656,47","2414,97",,2026-03-30 12:28:39.047,,y
1741,20111011,1873,8,472,65551,59592,,2026-03-30 12:28:39.047,,y
1742,20180108,1874,8,472,"144932,7",131757,,2026-03-30 12:28:39.047,,y
1743,20200703,1875,8,472,104037,94579,,2026-03-30 12:28:39.047,,y
1744,20191004,1876,8,472,10907,9915,,2026-03-30 12:28:39.047,,y
1745,20140109,1877,8,472,"21162,83","19238,94",,2026-03-30 12:28:39.047,,y
1746,20200811,1878,8,472,42890,38991,,2026-03-30 12:28:39.047,,y
1747,20121006,1879,8,472,31724,28840,,2026-03-30 12:28:39.047,,y
1748,20120811,1880,8,472,"7237,02","6579,11",,2026-03-30 12:28:39.047,,y
1749,20120405,1881,8,472,31790,28900,,2026-03-30 12:28:39.047,,y
1750,20200404,1882,8,472,1967,1788,,2026-03-30 12:28:39.047,,y
1751,20220702,1883,8,472,3518,3198,,2026-03-30 12:28:39.047,,y
1752,20220607,1884,8,472,"9854,67","8958,79",,2026-03-30 12:28:39.047,,y
1753,20140811,1885,8,472,162796,147996,,2026-03-30 12:28:39.047,,y
1754,20201111,1886,8,472,"6984,88","6349,89",,2026-03-30 12:28:39.047,,y
1755,20120812,1887,8,472,2967,2697,,2026-03-30 12:28:39.047,,y
1756,20200212,1888,8,472,20128,18298,,2026-03-30 12:28:39.047,,y
1757,20190404,1889,8,472,120885,109895,,2026-03-30 12:28:39.047,,y
1758,20140601,1890,8,472,52793,47994,,2026-03-30 12:28:39.047,,y
1759,20200409,1891,8,472,"92902,69","84456,99",,2026-03-30 12:28:39.047,,y
1760,20191201,1892,8,472,77101,70092,,2026-03-30 12:28:39.047,,y
1761,20180606,1893,8,472,"43647,42","39679,47",,2026-03-30 12:28:39.047,,y
1762,20190507,1894,8,472,"7356,62","6687,84",,2026-03-30 12:28:39.047,,y
1763,20130308,1895,8,472,64015,58195,,2026-03-30 12:28:39.047,,y
1764,20190609,1896,8,472,"3857,61","3506,92",,2026-03-30 12:28:39.047,,y
1765,20120202,1897,8,472,141677,128797,,2026-03-30 12:28:39.047,,y
1766,20150706,1898,8,472,148272,134793,,2026-03-30 12:28:39.047,,y
1767,20111212,1899,8,472,"55890,16","50809,24",,2026-03-30 12:28:39.047,,y
1768,20170802,1900,8,472,"29087,53","26443,21",,2026-03-30 12:28:39.047,,y
1769,20160308,1901,8,472,31110,28282,,2026-03-30 12:28:39.048,,y
1770,20171007,1902,8,472,19531,17755,,2026-03-30 12:28:39.048,,y
1771,20130309,1903,8,472,26388,23989,,2026-03-30 12:28:39.048,,y
1772,20141102,1904,8,472,638,580,,2026-03-30 12:28:39.048,,y
1773,20200204,1905,8,472,"4923,05","4475,5",,2026-03-30 12:28:39.048,,y
1774,20200501,1906,8,472,7698,6998,,2026-03-30 12:28:39.048,,y
1775,20150110,1907,8,472,"61012,69","55466,08",,2026-03-30 12:28:39.048,,y
1776,20170501,1908,8,472,"43205,77","39277,97",,2026-03-30 12:28:39.048,,y
1777,20210203,1909,8,472,"8766,81","7969,83",,2026-03-30 12:28:39.048,,y
1778,20120603,1910,8,472,"2807,08","2551,89",,2026-03-30 12:28:39.048,,y
1779,20161206,1911,8,472,25265,22968,,2026-03-30 12:28:39.048,,y
1780,20150410,1912,8,472,21340,19400,,2026-03-30 12:28:39.048,,y
1781,20170412,1913,8,472,"3249,83","2954,39",,2026-03-30 12:28:39.048,,y
1782,20210905,1914,8,472,"2145,44","1950,4",,2026-03-30 12:28:39.048,,y
1783,20200101,1915,8,472,26263,23875,,2026-03-30 12:28:39.048,,y
1784,20150703,1916,8,472,53800,48909,,2026-03-30 12:28:39.048,,y
1785,20210211,1917,8,472,"4780,37","4345,79",,2026-03-30 12:28:39.048,,y
1786,20190511,1918,8,472,218873,198975,,2026-03-30 12:28:39.048,,y
1787,20200801,1919,8,472,"2253,25","2048,41",,2026-03-30 12:28:39.048,,y
1788,20210806,1920,8,472,"1319,74","1199,76",,2026-03-30 12:28:39.048,,y
1789,20200405,1921,8,472,"74775,82","67978,02",,2026-03-30 12:28:39.048,,y
1790,20160707,1922,8,472,"2549,4","2317,64",,2026-03-30 12:28:39.048,,y
1791,20210708,1923,8,472,"86229,09","78390,08",,2026-03-30 12:28:39.048,,y
1792,20190303,1924,8,472,"9191,33","8355,75",,2026-03-30 12:28:39.048,,y
1793,20150505,1925,8,472,"11790,73","10718,85",,2026-03-30 12:28:39.048,,y
1794,20190106,1926,8,472,"29325,79","26659,81",,2026-03-30 12:28:39.048,,y
1795,20130203,1927,8,472,16233,14757,,2026-03-30 12:28:39.048,,y
1796,20140103,1928,8,472,7920,7200,,2026-03-30 12:28:39.048,,y
1797,20141111,1929,8,472,20060,18236,,2026-03-30 12:28:39.048,,y
1798,20160704,1930,8,472,"24875,7","22614,27",,2026-03-30 12:28:39.048,,y
1799,20130208,1931,8,472,19965,18150,,2026-03-30 12:28:39.048,,y
1800,20151011,1932,8,472,58900,53545,,2026-03-30 12:28:39.048,,y
1801,20200805,1933,8,472,"5295,73","4814,3",,2026-03-30 12:28:39.048,,y
1802,20200408,1934,8,472,7160,6509,,2026-03-30 12:28:39.048,,y
1803,20200204,1935,8,472,"4033,12","3666,47",,2026-03-30 12:28:39.048,,y
1804,20161105,1936,8,472,13192,11993,,2026-03-30 12:28:39.048,,y
1805,20170304,1937,8,472,"4365,02","3968,2",,2026-03-30 12:28:39.048,,y
1806,20191005,1938,8,472,23579,21435,,2026-03-30 12:28:39.048,,y
1807,20120903,1939,8,472,28595,25995,,2026-03-30 12:28:39.048,,y
1808,20180103,1940,8,472,22438,20398,,2026-03-30 12:28:39.048,,y
1809,20170612,1941,8,472,34413,31285,,2026-03-30 12:28:39.048,,y
1810,20130101,1942,8,472,21157,19234,,2026-03-30 12:28:39.048,,y
1811,20170705,1943,8,472,8249,7499,,2026-03-30 12:28:39.048,,y
1812,20220512,1944,8,472,"2953,35","2684,86",,2026-03-30 12:28:39.049,,y
1813,20150605,1945,8,472,6910,6282,,2026-03-30 12:28:39.049,,y
1814,20220903,1946,8,472,23639,21490,,2026-03-30 12:28:39.049,,y
1815,20180202,1947,8,472,"2389,07","2171,88",,2026-03-30 12:28:39.049,,y
1816,20130307,1948,8,472,10559,"9599,09",,2026-03-30 12:28:39.049,,y
1817,20120302,1949,8,472,"5034,63","4576,94",,2026-03-30 12:28:39.049,,y
1818,20130207,1950,8,472,"44630,49","40573,17",,2026-03-30 12:28:39.049,,y
1819,20160609,1951,8,472,16896,15360,,2026-03-30 12:28:39.049,,y
1820,20190606,1952,8,472,"6038,73","5489,75",,2026-03-30 12:28:39.049,,y
1821,20200208,1953,8,472,"6852,44","6229,49",,2026-03-30 12:28:39.049,,y
1822,20190503,1954,8,472,"5195,86","4723,51",,2026-03-30 12:28:39.049,,y
1823,20150602,1955,8,472,48510,44100,,2026-03-30 12:28:39.049,,y
1824,20140207,1956,8,472,52246,47496,,2026-03-30 12:28:39.049,,y
1825,20150908,1957,8,472,86821,78928,,2026-03-30 12:28:39.049,,y
1826,20140604,1958,8,472,"16796,24","15269,31",,2026-03-30 12:28:39.049,,y
1827,20171102,1959,8,472,16542,15038,,2026-03-30 12:28:39.049,,y
1828,20151108,1960,8,472,48314,43922,,2026-03-30 12:28:39.049,,y
1829,20160912,1961,8,472,"2694,13","2449,21",,2026-03-30 12:28:39.049,,y
1830,20181104,1962,8,472,39729,36117,,2026-03-30 12:28:39.049,,y
1831,20150709,1963,8,472,9451,8592,,2026-03-30 12:28:39.049,,y
1832,20130312,1964,8,472,"2332,83","2120,75",,2026-03-30 12:28:39.049,,y
1833,20120509,1965,8,472,"3948,95","3589,95",,2026-03-30 12:28:39.049,,y
1834,20120412,1966,8,472,"36223,9","32930,82",,2026-03-30 12:28:39.049,,y
1835,20110212,1967,8,472,26120,23745,,2026-03-30 12:28:39.049,,y
1836,20140704,1968,8,472,"34397,78","31270,71",,2026-03-30 12:28:39.049,,y
1837,20180209,1969,8,472,"54435,15","49486,5",,2026-03-30 12:28:39.049,,y
1838,20190806,1970,8,472,"5493,34","4993,95",,2026-03-30 12:28:39.049,,y
1839,20210206,1971,8,472,261793,237994,,2026-03-30 12:28:39.049,,y
1840,20191111,1972,8,472,1760,1600,,2026-03-30 12:28:39.049,,y
1841,20200503,1973,8,472,45054,40958,,2026-03-30 12:28:39.049,,y
1842,20130811,1974,8,472,"27298,29","24816,63",,2026-03-30 12:28:39.049,,y
1843,20210309,1975,8,472,53318,48471,,2026-03-30 12:28:39.049,,y
1844,20120710,1976,8,472,37400,34000,,2026-03-30 12:28:39.049,,y
1845,20220308,1977,8,472,13562,12329,,2026-03-30 12:28:39.049,,y
1846,20150108,1978,8,472,"4783,7","4348,82",,2026-03-30 12:28:39.049,,y
1847,20130609,1979,8,472,"18132,9","16484,45",,2026-03-30 12:28:39.05,,y
1848,20160712,1980,8,472,"38086,73","34624,3",,2026-03-30 12:28:39.05,,y
1849,20180711,1981,8,472,"12412,48","11284,07",,2026-03-30 12:28:39.05,,y
1850,20200302,1982,8,472,2637,2397,,2026-03-30 12:28:39.05,,y
1851,20131106,1983,8,472,26400,24000,,2026-03-30 12:28:39.05,,y
1852,20201210,1984,8,472,45474,41340,,2026-03-30 12:28:39.05,,y
1853,20120603,1985,8,472,"38879,73","35345,21",,2026-03-30 12:28:39.05,,y
1854,20110511,1986,8,472,107630,97845,,2026-03-30 12:28:39.05,,y
1855,20140612,1987,8,472,"26039,92","23672,65",,2026-03-30 12:28:39.05,,y
1856,20161011,1988,8,472,29150,26500,,2026-03-30 12:28:39.05,,y
1857,20200103,1989,8,472,236287,214806,,2026-03-30 12:28:39.05,,y
1858,20190301,1990,8,472,5940,5400,,2026-03-30 12:28:39.05,,y
1859,20180404,1991,8,472,"2740,82","2491,65",,2026-03-30 12:28:39.05,,y
1860,20160911,1992,8,472,81828,74389,,2026-03-30 12:28:39.05,,y
1861,20160112,1993,8,472,"1894,15","1721,95",,2026-03-30 12:28:39.05,,y
1862,20170105,1994,8,472,"14018,3","12743,91",,2026-03-30 12:28:39.05,,y
1863,20140312,1995,8,472,14627,13297,,2026-03-30 12:28:39.05,,y
1864,20181107,1996,8,472,75342,68493,,2026-03-30 12:28:39.05,,y
1865,20120112,1997,8,472,5019,4563,,2026-03-30 12:28:39.05,,y
1866,20110911,1998,8,472,"92572,01","84156,37",,2026-03-30 12:28:39.05,,y
1867,20181004,1999,8,472,16276,14796,,2026-03-30 12:28:39.05,,y
1868,20200707,2000,8,472,21698,19725,,2026-03-30 12:28:39.05,,y
1869,20150809,2001,8,472,1804,1640,,2026-03-30 12:28:39.05,,y
1870,20170304,2002,8,472,"67991,57","61810,52",,2026-03-30 12:28:39.05,,y
1871,20160411,2003,8,472,22844,20767,,2026-03-30 12:28:39.05,,y
1872,20161107,2004,8,472,"3766,06","3423,69",,2026-03-30 12:28:39.05,,y
1873,20160503,2005,8,472,17816,16196,,2026-03-30 12:28:39.05,,y
1874,20160406,2006,8,472,"47168,59","42880,54",,2026-03-30 12:28:39.05,,y
1875,20200207,2007,8,472,27789,25263,,2026-03-30 12:28:39.05,,y
1876,20160804,2008,8,472,30492,27720,,2026-03-30 12:28:39.05,,y
1877,20110408,2009,8,472,30136,27396,,2026-03-30 12:28:39.05,,y
1878,20181210,2010,8,472,19259,17508,,2026-03-30 12:28:39.05,,y
1879,20140505,2011,8,472,12523,11385,,2026-03-30 12:28:39.05,,y
1880,20170605,2012,8,472,"93439,3","84944,82",,2026-03-30 12:28:39.05,,y
1881,20160110,2013,8,472,48602,44184,,2026-03-30 12:28:39.05,,y
1882,20150905,2014,8,472,545,495,,2026-03-30 12:28:39.05,,y
1883,20150907,2015,8,472,28755,26141,,2026-03-30 12:28:39.05,,y
1884,20160710,2016,8,472,26238,23853,,2026-03-30 12:28:39.05,,y
1885,20200207,2017,8,472,32991,29992,,2026-03-30 12:28:39.05,,y
1886,20131205,2018,8,472,880,800,,2026-03-30 12:28:39.051,,y
1887,20130711,2019,8,472,30457,27688,,2026-03-30 12:28:39.051,,y
1888,20180604,2020,8,472,51974,47249,,2026-03-30 12:28:39.051,,y
1889,20110806,2021,8,472,"5701,08","5182,8",,2026-03-30 12:28:39.051,,y
1890,20190411,2022,8,472,"19208,48","17462,25",,2026-03-30 12:28:39.051,,y
1891,20200904,2023,8,472,22548,20498,,2026-03-30 12:28:39.051,,y
1892,20200705,2024,8,472,"4524,28","4112,98",,2026-03-30 12:28:39.051,,y
1893,20210802,2025,8,472,6049,5499,,2026-03-30 12:28:39.051,,y
1894,20120404,2026,8,472,5244,4767,,2026-03-30 12:28:39.051,,y
1895,20190607,2027,8,472,"20441,32","18583,02",,2026-03-30 12:28:39.051,,y
1896,20120203,2028,8,472,"3153,58","2866,89",,2026-03-30 12:28:39.051,,y
1897,20181210,2029,8,472,11213,10194,,2026-03-30 12:28:39.051,,y
1898,20160912,2030,8,472,"1138,5",1035,,2026-03-30 12:28:39.051,,y
1899,20200112,2031,8,472,"1234,2",1122,,2026-03-30 12:28:39.051,,y
1900,20120606,2032,8,472,30022,27293,,2026-03-30 12:28:39.051,,y
1901,20110808,2033,8,472,24397,22179,,2026-03-30 12:28:39.051,,y
1902,20150403,2034,8,472,6151,5592,,2026-03-30 12:28:39.051,,y
1903,20181006,2035,8,472,"6049,48","5499,53",,2026-03-30 12:28:39.051,,y
1904,20150502,2036,8,472,66000,60000,,2026-03-30 12:28:39.051,,y
1905,20160112,2037,8,472,29648,26953,,2026-03-30 12:28:39.051,,y
1906,20181208,2038,8,472,1645,1495,,2026-03-30 12:28:39.051,,y
1907,20110306,2039,8,472,164967,149970,,2026-03-30 12:28:39.051,,y
1908,20170302,2040,8,472,"20871,27","18973,88",,2026-03-30 12:28:39.051,,y
1909,20160312,2041,8,472,"27657,15","25142,86",,2026-03-30 12:28:39.051,,y
1910,20130204,2042,8,472,85653,77866,,2026-03-30 12:28:39.051,,y
1911,20150901,2043,8,472,133004,120913,,2026-03-30 12:28:39.051,,y
1912,20111007,2044,8,472,14971,13610,,2026-03-30 12:28:39.051,,y
1913,20130407,2045,8,472,3850,3500,,2026-03-30 12:28:39.051,,y
1914,20150309,2046,8,472,6621,6019,,2026-03-30 12:28:39.051,,y
1915,20190705,2047,8,472,15287,13897,,2026-03-30 12:28:39.051,,y
1916,20140407,2048,8,472,16041,14583,,2026-03-30 12:28:39.051,,y
1917,20200205,2049,8,472,8906,8096,,2026-03-30 12:28:39.051,,y
1918,20170206,2050,8,472,"18230,85","16573,5",,2026-03-30 12:28:39.051,,y
1919,20151001,2051,8,472,23749,21590,,2026-03-30 12:28:39.051,,y
1920,20140501,2052,8,472,20562,18693,,2026-03-30 12:28:39.051,,y
1921,20160712,2053,8,472,46126,41933,,2026-03-30 12:28:39.051,,y
1922,20200510,2054,8,472,4312,3920,,2026-03-30 12:28:39.051,,y
1923,20210603,2055,8,472,34509,31372,,2026-03-30 12:28:39.051,,y
1924,20170409,2056,8,472,71578,65071,,2026-03-30 12:28:39.052,,y
1925,20190309,2057,8,472,35279,32072,,2026-03-30 12:28:39.052,,y
1926,20160509,2058,8,472,8745,7950,,2026-03-30 12:28:39.052,,y
1927,20200801,2059,8,472,5605,5095,,2026-03-30 12:28:39.052,,y
1928,20160707,2060,8,472,"3541,78","3219,8",,2026-03-30 12:28:39.052,,y
1929,20120307,2061,8,472,50926,46296,,2026-03-30 12:28:39.052,,y
1930,20210210,2062,8,472,46277,42070,,2026-03-30 12:28:39.052,,y
1931,20140710,2063,8,472,32753,29775,,2026-03-30 12:28:39.052,,y
1932,20150803,2064,8,472,30682,27893,,2026-03-30 12:28:39.052,,y
1933,20170908,2065,8,472,"54704,84","49731,67",,2026-03-30 12:28:39.052,,y
1934,20121001,2066,8,472,123750,112500,,2026-03-30 12:28:39.052,,y
1935,20150108,2067,8,472,12700,11545,,2026-03-30 12:28:39.052,,y
1936,20200104,2068,8,472,"7806,26","7096,6",,2026-03-30 12:28:39.052,,y
1937,20210804,2069,8,472,"5536,89","5033,54",,2026-03-30 12:28:39.052,,y
1938,20150110,2070,8,472,"4465,96","4059,96",,2026-03-30 12:28:39.052,,y
1939,20130307,2071,8,472,25795,23450,,2026-03-30 12:28:39.052,,y
1940,20130907,2072,8,472,"158490,25","144082,05",,2026-03-30 12:28:39.052,,y
1941,20140403,2073,8,472,15180,13800,,2026-03-30 12:28:39.052,,y
1942,20180801,2074,8,472,118657,107870,,2026-03-30 12:28:39.052,,y
1943,20160403,2075,8,472,"3933,72","3576,11",,2026-03-30 12:28:39.052,,y
1944,20121012,2076,8,472,"10898,16","9907,42",,2026-03-30 12:28:39.052,,y
1945,20210412,2077,8,472,6578,5980,,2026-03-30 12:28:39.052,,y
1946,20200511,2078,8,472,8656,7869,,2026-03-30 12:28:39.052,,y
1947,20161103,2079,8,472,57200,52000,,2026-03-30 12:28:39.052,,y
1948,20160703,2080,8,472,196082,178256,,2026-03-30 12:28:39.052,,y
1949,20200711,2081,8,472,11652,10593,,2026-03-30 12:28:39.052,,y
1950,20210209,2082,8,472,13512,12284,,2026-03-30 12:28:39.052,,y
1951,20130805,2083,8,472,165758,150689,,2026-03-30 12:28:39.052,,y
1952,20140512,2084,8,472,47135,42850,,2026-03-30 12:28:39.052,,y
1953,20140102,2085,8,472,19242,17493,,2026-03-30 12:28:39.052,,y
1954,20180205,2086,8,472,"3235,9","2941,73",,2026-03-30 12:28:39.052,,y
1955,20200510,2087,8,472,90192,81993,,2026-03-30 12:28:39.052,,y
1956,20200205,2088,8,472,30910,28100,,2026-03-30 12:28:39.052,,y
1957,20151001,2089,8,472,"5385,55","4895,95",,2026-03-30 12:28:39.052,,y
1958,20190207,2090,8,472,46616,42378,,2026-03-30 12:28:39.052,,y
1959,20150510,2091,8,472,10406,9460,,2026-03-30 12:28:39.052,,y
1960,20140507,2092,8,472,"3490,29","3172,99",,2026-03-30 12:28:39.053,,y
1961,20140501,2093,8,472,5829,5299,,2026-03-30 12:28:39.053,,y
1962,20170106,2094,8,472,32384,29440,,2026-03-30 12:28:39.053,,y
1963,20180109,2095,8,472,2072,1884,,2026-03-30 12:28:39.053,,y
1964,20150902,2096,8,472,12596,11451,,2026-03-30 12:28:39.053,,y
1965,20200501,2097,8,472,7858,7144,,2026-03-30 12:28:39.053,,y
1966,20210302,2098,8,472,"2705,59","2459,63",,2026-03-30 12:28:39.053,,y
1967,20200801,2099,8,472,98670,89700,,2026-03-30 12:28:39.053,,y
1968,20210101,2100,8,472,26234,23849,,2026-03-30 12:28:39.053,,y
1969,20140803,2101,8,472,15598,14180,,2026-03-30 12:28:39.053,,y
1970,20131210,2102,8,472,17776,16160,,2026-03-30 12:28:39.053,,y
1971,20181101,2103,8,472,34287,31170,,2026-03-30 12:28:39.053,,y
1972,20170906,2104,8,472,66866,60787,,2026-03-30 12:28:39.053,,y
1973,20150708,2105,8,472,97312,88465,,2026-03-30 12:28:39.053,,y
1974,20180405,2106,8,472,17465,15877,,2026-03-30 12:28:39.053,,y
1975,20150305,2107,8,472,8576,7796,,2026-03-30 12:28:39.053,,y
1976,20191212,2108,8,472,"11059,3","10053,91",,2026-03-30 12:28:39.053,,y
1977,20120907,2109,8,472,12212,11102,,2026-03-30 12:28:39.053,,y
1978,20170501,2110,8,472,123774,112522,,2026-03-30 12:28:39.053,,y
1979,20180609,2111,8,472,"5289,89","4808,99",,2026-03-30 12:28:39.053,,y
1980,20220902,2112,8,472,48389,43990,,2026-03-30 12:28:39.053,,y
1981,20150111,2113,8,472,"4098,69","3726,08",,2026-03-30 12:28:39.053,,y
1982,20150310,2114,8,472,31459,28599,,2026-03-30 12:28:39.053,,y
1983,20180207,2115,8,472,"48517,63","44106,94",,2026-03-30 12:28:39.053,,y
1984,20220509,2116,8,472,"15803,26","14366,6",,2026-03-30 12:28:39.053,,y
1985,20191003,2117,8,472,"18604,53","16913,21",,2026-03-30 12:28:39.053,,y
1986,20150209,2118,8,472,"5824,37","5294,88",,2026-03-30 12:28:39.053,,y
1987,20191105,2119,8,472,"18561,36","16873,96",,2026-03-30 12:28:39.053,,y
1988,20180705,2120,8,472,"1167,82","1061,65",,2026-03-30 12:28:39.053,,y
1989,20150408,2121,8,472,40040,36400,,2026-03-30 12:28:39.053,,y
1990,20120910,2122,8,472,54446,49496,,2026-03-30 12:28:39.053,,y
1991,20200307,2123,8,472,48036,43669,,2026-03-30 12:28:39.053,,y
1992,20110812,2124,8,472,"3368,11","3061,92",,2026-03-30 12:28:39.053,,y
1993,20191203,2125,8,472,12062,10965,,2026-03-30 12:28:39.053,,y
1994,20170601,2126,8,472,"73572,63","66884,21",,2026-03-30 12:28:39.053,,y
1995,20200310,2127,8,472,199075,180977,,2026-03-30 12:28:39.053,,y
1996,20130412,2128,8,472,"1968,91","1789,92",,2026-03-30 12:28:39.053,,y
1997,20180411,2129,8,472,"6220,32","5654,84",,2026-03-30 12:28:39.053,,y
1998,20140210,2130,8,472,70592,64175,,2026-03-30 12:28:39.053,,y
1999,20150804,2131,8,472,"19094,3","17358,45",,2026-03-30 12:28:39.053,,y
2000,20210807,2132,8,472,"48801,1","44364,64",,2026-03-30 12:28:39.053,,y
2001,20140902,2133,8,472,17709,16099,,2026-03-30 12:28:39.053,,y
2002,20150608,2134,8,472,"10661,46","9692,24",,2026-03-30 12:28:39.053,,y
2003,20121112,2135,8,472,79723,72475,,2026-03-30 12:28:39.053,,y
2004,20210312,2136,8,472,"12138,5",11035,,2026-03-30 12:28:39.054,,y
2005,20120806,2137,8,472,"16798,28","15271,16",,2026-03-30 12:28:39.054,,y
2006,20210401,2138,8,472,"16691,02","15173,65",,2026-03-30 12:28:39.054,,y
2007,20160202,2139,8,472,"1605,96","1459,96",,2026-03-30 12:28:39.054,,y
2008,20150111,2140,8,472,"4146,86","3769,87",,2026-03-30 12:28:39.054,,y
2009,20141212,2141,8,472,100625,91477,,2026-03-30 12:28:39.054,,y
2010,20121005,2142,8,472,"6473,43","5884,94",,2026-03-30 12:28:39.054,,y
2011,20170505,2143,8,472,155699,"141544,55",,2026-03-30 12:28:39.054,,y
2012,20201206,2144,8,472,16500,15000,,2026-03-30 12:28:39.054,,y
2013,20180609,2145,8,472,10494,9540,,2026-03-30 12:28:39.054,,y
2014,20190708,2146,8,472,"43782,84","39802,58",,2026-03-30 12:28:39.054,,y
2015,20121006,2147,8,472,5009,4554,,2026-03-30 12:28:39.054,,y
2016,20130702,2148,8,472,34738,31580,,2026-03-30 12:28:39.054,,y
2017,20180306,2149,8,472,"4355,81","3959,83",,2026-03-30 12:28:39.054,,y
2018,20120608,2150,8,472,184184,167440,,2026-03-30 12:28:39.054,,y
2019,20200204,2151,8,472,"27515,95","25014,5",,2026-03-30 12:28:39.054,,y
2020,20120105,2152,8,472,"114677,09","104251,9",,2026-03-30 12:28:39.054,,y
2021,20150106,2153,8,472,313369,284881,,2026-03-30 12:28:39.054,,y
2022,20181001,2154,8,472,"15886,2",14442,,2026-03-30 12:28:39.054,,y
2023,20140309,2155,8,472,17160,15600,,2026-03-30 12:28:39.054,,y
2024,20160407,2156,8,472,"6425,37","5841,25",,2026-03-30 12:28:39.054,,y
2025,20190401,2157,8,472,"113938,41","103580,37",,2026-03-30 12:28:39.054,,y
2026,20170705,2158,8,472,"35697,02","32451,84",,2026-03-30 12:28:39.054,,y
2027,20180309,2159,8,472,"15804,54","14367,76",,2026-03-30 12:28:39.054,,y
2028,20190312,2160,8,472,"49137,32","44670,29",,2026-03-30 12:28:39.054,,y
2029,20130507,2161,8,472,"11021,86","10019,87",,2026-03-30 12:28:39.054,,y
2030,20180706,2162,8,472,"2172,39","1974,9",,2026-03-30 12:28:39.054,,y
2031,20140908,2163,8,472,32842,29856,,2026-03-30 12:28:39.054,,y
2032,20150703,2164,8,472,"49107,53","44643,21",,2026-03-30 12:28:39.054,,y
2033,20130704,2165,8,472,32879,29890,,2026-03-30 12:28:39.054,,y
2034,20210104,2166,8,472,"8079,85","7345,32",,2026-03-30 12:28:39.054,,y
2035,20180803,2167,8,472,"31850,7","28955,18",,2026-03-30 12:28:39.054,,y
2036,20130106,2168,8,472,"2655,37","2413,97",,2026-03-30 12:28:39.054,,y
2037,20140407,2169,8,472,6597,5997,,2026-03-30 12:28:39.054,,y
2038,20161208,2170,8,472,5807,5279,,2026-03-30 12:28:39.054,,y
2039,20120601,2171,8,472,249649,226954,,2026-03-30 12:28:39.054,,y
2040,20150103,2172,8,472,76967,69970,,2026-03-30 12:28:39.054,,y
2041,20201006,2173,8,472,"2861,8","2601,64",,2026-03-30 12:28:39.054,,y
2042,20180901,2174,8,472,"21785,3","19804,82",,2026-03-30 12:28:39.054,,y
2043,20140710,2175,8,472,30573,27794,,2026-03-30 12:28:39.054,,y
2044,20200912,2176,8,472,12824,11658,,2026-03-30 12:28:39.054,,y
2045,20120302,2177,8,472,191380,173982,,2026-03-30 12:28:39.054,,y
2046,20190102,2178,8,472,"3157,01","2870,01",,2026-03-30 12:28:39.054,,y
2047,20190310,2179,8,472,"5865,9","5332,64",,2026-03-30 12:28:39.054,,y
2048,20150307,2180,8,472,1653,1503,,2026-03-30 12:28:39.055,,y
2049,20140506,2181,8,472,12612,11465,,2026-03-30 12:28:39.055,,y
2050,20210305,2182,8,472,32132,29211,,2026-03-30 12:28:39.055,,y
2051,20221205,2183,8,472,"21467,33","19515,75",,2026-03-30 12:28:39.055,,y
2052,20200807,2184,8,472,"17124,42","15567,65",,2026-03-30 12:28:39.055,,y
2053,20200711,2185,8,472,38611,35101,,2026-03-30 12:28:39.055,,y
2054,20130610,2186,8,472,29018,26380,,2026-03-30 12:28:39.055,,y
2055,20160407,2187,8,472,"66141,64","60128,76",,2026-03-30 12:28:39.055,,y
2056,20150303,2188,8,472,12180,11073,,2026-03-30 12:28:39.055,,y
2057,20181006,2189,8,472,"3552,76","3229,78",,2026-03-30 12:28:39.055,,y
2058,20170504,2190,8,472,19642,17856,,2026-03-30 12:28:39.055,,y
2059,20210603,2191,8,472,1099,999,,2026-03-30 12:28:39.055,,y
2060,20120409,2192,8,472,39112,35556,,2026-03-30 12:28:39.055,,y
2061,20130207,2193,8,472,"43292,49","39356,81",,2026-03-30 12:28:39.055,,y
2062,20210507,2194,8,472,"118210,11","107463,74",,2026-03-30 12:28:39.055,,y
2063,20200502,2195,8,472,57451,52228,,2026-03-30 12:28:39.055,,y
2064,20160904,2196,8,472,"2188,91","1989,92",,2026-03-30 12:28:39.055,,y
2065,20220903,2197,8,472,33029,30026,,2026-03-30 12:28:39.055,,y
2066,20140101,2198,8,472,"4714,27","4285,7",,2026-03-30 12:28:39.055,,y
2067,20190605,2199,8,472,36227,32934,,2026-03-30 12:28:39.055,,y
2068,20180811,2200,8,472,46297,42088,,2026-03-30 12:28:39.055,,y
2069,20170710,2201,8,472,76732,69756,,2026-03-30 12:28:39.055,,y
2070,20170411,2202,8,472,"3552,73","3229,75",,2026-03-30 12:28:39.055,,y
2071,20210405,2203,8,472,9458,8598,,2026-03-30 12:28:39.055,,y
2072,20211110,2204,8,472,83769,76154,,2026-03-30 12:28:39.055,,y
2073,20121008,2205,8,472,108456,98596,,2026-03-30 12:28:39.055,,y
2074,20160611,2206,8,472,18123,16475,,2026-03-30 12:28:39.055,,y
2075,20200703,2207,8,472,"4195,7","3814,27",,2026-03-30 12:28:39.055,,y
2076,20180106,2208,8,472,9951,9046,,2026-03-30 12:28:39.055,,y
2077,20210904,2209,8,472,"15628,53","14207,75",,2026-03-30 12:28:39.055,,y
2078,20140303,2210,8,472,121429,110390,,2026-03-30 12:28:39.055,,y
2079,20180206,2211,8,472,40325,36659,,2026-03-30 12:28:39.055,,y
2080,20190204,2212,8,472,41561,37783,,2026-03-30 12:28:39.055,,y
2081,20200207,2213,8,472,30173,27430,,2026-03-30 12:28:39.055,,y
2082,20130912,2214,8,472,"20085,99","18259,99",,2026-03-30 12:28:39.055,,y
2083,20200112,2215,8,472,21200,19273,,2026-03-30 12:28:39.055,,y
2084,20170712,2216,8,472,61081,55528,,2026-03-30 12:28:39.055,,y
2085,20200405,2217,8,472,141341,128492,,2026-03-30 12:28:39.055,,y
2086,20170510,2218,8,472,7913,7194,,2026-03-30 12:28:39.055,,y
2087,20160311,2219,8,472,"5322,08","4838,25",,2026-03-30 12:28:39.055,,y
2088,20180310,2220,8,472,"4575,88","4159,89",,2026-03-30 12:28:39.055,,y
2089,20141003,2221,8,472,"3320,29","3018,45",,2026-03-30 12:28:39.055,,y
2090,20201205,2222,8,472,4428,4025,,2026-03-30 12:28:39.055,,y
2091,20210503,2223,8,472,159358,144871,,2026-03-30 12:28:39.055,,y
2092,20121007,2224,8,472,14290,12991,,2026-03-30 12:28:39.055,,y
2093,20130206,2225,8,472,"2292,18","2083,8",,2026-03-30 12:28:39.055,,y
2094,20160403,2226,8,472,"2028,74","1844,31",,2026-03-30 12:28:39.055,,y
2095,20130207,2227,8,472,"12052,14","10956,49",,2026-03-30 12:28:39.055,,y
2096,20181210,2228,8,472,"22350,88","20318,98",,2026-03-30 12:28:39.055,,y
2097,20140505,2229,8,472,"5284,4",4804,,2026-03-30 12:28:39.056,,y
2098,20220409,2230,8,472,"23844,07","21676,43",,2026-03-30 12:28:39.056,,y
2099,20200309,2231,8,472,7197,6543,,2026-03-30 12:28:39.056,,y
2100,20171008,2232,8,472,14300,13000,,2026-03-30 12:28:39.056,,y
2101,20150610,2233,8,472,18785,17077,,2026-03-30 12:28:39.056,,y
2102,20210506,2234,8,472,"2918,44","2653,13",,2026-03-30 12:28:39.056,,y
2103,20210404,2235,8,472,32083,29166,,2026-03-30 12:28:39.056,,y
2104,20200904,2236,8,472,41218,37471,,2026-03-30 12:28:39.056,,y
2105,20180207,2237,8,472,"19980,33","18163,94",,2026-03-30 12:28:39.056,,y
2106,20220403,2238,8,472,35507,32279,,2026-03-30 12:28:39.056,,y
2107,20190803,2239,8,472,4505,4095,,2026-03-30 12:28:39.056,,y
2108,20140802,2240,8,472,"5256,04","4778,22",,2026-03-30 12:28:39.056,,y
2109,20200105,2241,8,472,45465,41332,,2026-03-30 12:28:39.056,,y
2110,20160605,2242,8,472,76424,69476,,2026-03-30 12:28:39.056,,y
2111,20170204,2243,8,472,"8016,11","7287,37",,2026-03-30 12:28:39.056,,y
2112,20160606,2244,8,472,152892,138993,,2026-03-30 12:28:39.056,,y
2113,20210305,2245,8,472,203984,185440,,2026-03-30 12:28:39.056,,y
2114,20150501,2246,8,472,26098,23725,,2026-03-30 12:28:39.056,,y
2115,20220708,2247,8,472,33681,30619,,2026-03-30 12:28:39.056,,y
2116,20170301,2248,8,472,7696,6996,,2026-03-30 12:28:39.056,,y
2117,20210205,2249,8,472,"20787,76","18897,96",,2026-03-30 12:28:39.056,,y
2118,20160509,2250,8,472,"1832,48","1665,89",,2026-03-30 12:28:39.056,,y
2119,20170305,2251,8,472,"6453,56","5866,87",,2026-03-30 12:28:39.056,,y
2120,20210312,2252,8,472,40866,37151,,2026-03-30 12:28:39.056,,y
2121,20170406,2253,8,472,46717,42470,,2026-03-30 12:28:39.056,,y
2122,20180210,2254,8,472,"48475,99","44069,08",,2026-03-30 12:28:39.056,,y
2123,20141207,2255,8,472,147290,133900,,2026-03-30 12:28:39.056,,y
2124,20200607,2256,8,472,"31334,15","28485,59",,2026-03-30 12:28:39.056,,y
2125,20220112,2257,8,472,41234,37485,,2026-03-30 12:28:39.056,,y
2126,20190609,2258,8,472,9621,8746,,2026-03-30 12:28:39.056,,y
2127,20210302,2259,8,472,21998,19998,,2026-03-30 12:28:39.056,,y
2128,20150712,2260,8,472,"27596,82","25088,02",,2026-03-30 12:28:39.056,,y
2129,20180606,2261,8,472,"8357,28","7597,53",,2026-03-30 12:28:39.056,,y
2130,20120503,2262,8,472,55989,50899,,2026-03-30 12:28:39.056,,y
2131,20130310,2263,8,472,327,297,,2026-03-30 12:28:39.056,,y
2132,20140405,2264,8,472,"2194,5",1995,,2026-03-30 12:28:39.056,,y
2133,20140710,2265,8,472,19176,17433,,2026-03-30 12:28:39.056,,y
2134,20190701,2266,8,472,126159,114690,,2026-03-30 12:28:39.056,,y
2135,20180105,2267,8,472,4398,3998,,2026-03-30 12:28:39.057,,y
2136,20210906,2268,8,472,79025,71841,,2026-03-30 12:28:39.057,,y
2137,20180112,2269,8,472,"6635,62","6032,38",,2026-03-30 12:28:39.057,,y
2138,20210604,2270,8,472,"3707,1","3370,09",,2026-03-30 12:28:39.057,,y
2139,20180404,2271,8,472,"4190,95","3809,95",,2026-03-30 12:28:39.057,,y
2140,20210202,2272,8,472,"6640,07","6036,43",,2026-03-30 12:28:39.057,,y
2141,20150408,2273,8,472,68919,62654,,2026-03-30 12:28:39.057,,y
2142,20111006,2274,8,472,"5516,45","5014,95",,2026-03-30 12:28:39.057,,y
2143,20171204,2275,8,472,10392,9447,,2026-03-30 12:28:39.057,,y
2144,20151012,2276,8,472,20901,19001,,2026-03-30 12:28:39.057,,y
2145,20150511,2277,8,472,7376,6705,,2026-03-30 12:28:39.057,,y
2146,20140301,2278,8,472,22229,20208,,2026-03-30 12:28:39.057,,y
2147,20210704,2279,8,472,"62778,56","57071,42",,2026-03-30 12:28:39.057,,y
2148,20160304,2280,8,472,2919,2654,,2026-03-30 12:28:39.057,,y
2149,20200401,2281,8,472,30518,27744,,2026-03-30 12:28:39.057,,y
2150,20130511,2282,8,472,7699,6999,,2026-03-30 12:28:39.057,,y
2151,20190105,2283,8,472,"2828,57","2571,43",,2026-03-30 12:28:39.057,,y
2152,20141111,2284,8,472,"5597,66","5088,78",,2026-03-30 12:28:39.057,,y
2153,20170308,2285,8,472,18700,17000,,2026-03-30 12:28:39.057,,y
2154,20180101,2286,8,472,"1823,37","1657,61",,2026-03-30 12:28:39.057,,y
2155,20190210,2287,8,472,436,396,,2026-03-30 12:28:39.057,,y
2156,20150110,2288,8,472,88205,80186,,2026-03-30 12:28:39.057,,y
2157,20140705,2289,8,472,24478,22253,,2026-03-30 12:28:39.057,,y
2158,20130801,2290,8,472,11987,10897,,2026-03-30 12:28:39.057,,y
2159,20180104,2291,8,472,46660,42418,,2026-03-30 12:28:39.057,,y
2160,20120312,2292,8,472,"41577,69","37797,9",,2026-03-30 12:28:39.057,,y
2161,20160412,2293,8,472,12960,11782,,2026-03-30 12:28:39.057,,y
2162,20190505,2294,8,472,44282,40256,,2026-03-30 12:28:39.057,,y
2163,20150108,2295,8,472,"23141,77","21037,97",,2026-03-30 12:28:39.057,,y
2164,20150812,2296,8,472,114024,103658,,2026-03-30 12:28:39.057,,y
2165,20140106,2297,8,472,42558,38689,,2026-03-30 12:28:39.057,,y
2166,20191206,2298,8,472,24187,21988,,2026-03-30 12:28:39.057,,y
2167,20161002,2299,8,472,21450,19500,,2026-03-30 12:28:39.057,,y
2168,20200404,2300,8,472,153820,139836,,2026-03-30 12:28:39.057,,y
2169,20190211,2301,8,472,"9908,95","9008,14",,2026-03-30 12:28:39.057,,y
2170,20150412,2302,8,472,37139,33763,,2026-03-30 12:28:39.057,,y
2171,20110711,2303,8,472,102394,93085,,2026-03-30 12:28:39.057,,y
2172,20190609,2304,8,472,"18281,24","16619,31",,2026-03-30 12:28:39.057,,y
2173,20180310,2305,8,472,21052,19138,,2026-03-30 12:28:39.057,,y
2174,20160807,2306,8,472,21503,19548,,2026-03-30 12:28:39.057,,y
2175,20200608,2307,8,472,16716,15196,,2026-03-30 12:28:39.057,,y
2176,20170708,2308,8,472,32984,29985,,2026-03-30 12:28:39.057,,y
2177,20200307,2309,8,472,78583,71439,,2026-03-30 12:28:39.057,,y
2178,20190803,2310,8,472,39877,36252,,2026-03-30 12:28:39.058,,y
2179,20210204,2311,8,472,4415,4014,,2026-03-30 12:28:39.058,,y
2180,20190310,2312,8,472,1094,995,,2026-03-30 12:28:39.058,,y
2181,20131212,2313,8,472,43995,39995,,2026-03-30 12:28:39.058,,y
2182,20150111,2314,8,472,33000,30000,,2026-03-30 12:28:39.058,,y
2183,20170601,2315,8,472,"1808,28","1643,89",,2026-03-30 12:28:39.058,,y
2184,20161210,2316,8,472,172101,156455,,2026-03-30 12:28:39.058,,y
2185,20190704,2317,8,472,"53915,97","49014,52",,2026-03-30 12:28:39.058,,y
2186,20211101,2318,8,472,244621,222383,,2026-03-30 12:28:39.058,,y
2187,20170311,2319,8,472,15956,14505,,2026-03-30 12:28:39.058,,y
2188,20150109,2320,8,472,290015,263650,,2026-03-30 12:28:39.058,,y
2189,20160105,2321,8,472,236519,215017,,2026-03-30 12:28:39.058,,y
2190,20191111,2322,8,472,"45653,41","41503,1",,2026-03-30 12:28:39.058,,y
2191,20150705,2323,8,472,26769,24335,,2026-03-30 12:28:39.058,,y
2192,20171212,2324,8,472,27247,24770,,2026-03-30 12:28:39.058,,y
2193,20160107,2325,8,472,"3619,5","3290,45",,2026-03-30 12:28:39.058,,y
2194,20130708,2326,8,472,"32625,33","29659,39",,2026-03-30 12:28:39.058,,y
2195,20180404,2327,8,472,17578,15980,,2026-03-30 12:28:39.058,,y
2196,20161204,2328,8,472,"74281,02","67528,2",,2026-03-30 12:28:39.058,,y
2197,20191203,2329,8,472,6246,5678,,2026-03-30 12:28:39.058,,y
2198,20160209,2330,8,472,32441,29492,,2026-03-30 12:28:39.058,,y
2199,20210406,2331,8,472,23274,21158,,2026-03-30 12:28:39.058,,y
2200,20160507,2332,8,472,19119,17381,,2026-03-30 12:28:39.058,,y
2201,20201108,2333,8,472,"2073,06","1884,6",,2026-03-30 12:28:39.058,,y
2202,20150501,2334,8,472,"4321,35","3928,5",,2026-03-30 12:28:39.058,,y
2203,20131102,2335,8,472,"23917,86","21743,51",,2026-03-30 12:28:39.058,,y
2204,20160512,2336,8,472,2750,2500,,2026-03-30 12:28:39.058,,y
2205,20190311,2337,8,472,22810,20736,,2026-03-30 12:28:39.058,,y
2206,20160905,2338,8,472,"4272,92","3884,47",,2026-03-30 12:28:39.058,,y
2207,20140510,2339,8,472,18150,16500,,2026-03-30 12:28:39.058,,y
2208,20190102,2340,8,472,23063,20966,,2026-03-30 12:28:39.058,,y
2209,20180906,2341,8,472,22301,20274,,2026-03-30 12:28:39.058,,y
2210,20160609,2342,8,472,29305,26641,,2026-03-30 12:28:39.058,,y
2211,20170709,2343,8,472,21442,19493,,2026-03-30 12:28:39.058,,y
2212,20191207,2344,8,472,"34486,08","31350,98",,2026-03-30 12:28:39.058,,y
2213,20190907,2345,8,472,"5332,92","4848,11",,2026-03-30 12:28:39.058,,y
2214,20150211,2346,8,472,80273,72975,,2026-03-30 12:28:39.058,,y
2215,20210301,2347,8,472,"1996,29","1814,81",,2026-03-30 12:28:39.059,,y
2216,20140209,2348,8,472,"2388,02","2170,93",,2026-03-30 12:28:39.059,,y
2217,20120209,2349,8,472,30651,27865,,2026-03-30 12:28:39.059,,y
2218,20211204,2350,8,472,43165,39241,,2026-03-30 12:28:39.059,,y
2219,20150610,2351,8,472,176100,160091,,2026-03-30 12:28:39.059,,y
2220,20190902,2352,8,472,"62609,39","56917,63",,2026-03-30 12:28:39.059,,y
2221,20140109,2353,8,472,11439,10399,,2026-03-30 12:28:39.059,,y
2222,20160110,2354,8,472,"14934,19","13576,54",,2026-03-30 12:28:39.059,,y
2223,20120712,2355,8,472,"6869,45","6244,95",,2026-03-30 12:28:39.059,,y
2224,20160308,2356,8,472,"37976,05","34523,68",,2026-03-30 12:28:39.059,,y
2225,20200903,2357,8,472,9522,8656,,2026-03-30 12:28:39.059,,y
2226,20210805,2358,8,472,50027,45479,,2026-03-30 12:28:39.059,,y
2227,20210601,2359,8,472,19920,18109,,2026-03-30 12:28:39.059,,y
2228,20130311,2360,8,472,130837,118943,,2026-03-30 12:28:39.059,,y
2229,20190401,2361,8,472,54998,49998,,2026-03-30 12:28:39.059,,y
2230,20110412,2362,8,472,"15094,83","13722,57",,2026-03-30 12:28:39.059,,y
2231,20130501,2363,8,472,15645,14223,,2026-03-30 12:28:39.059,,y
2232,20151203,2364,8,472,10994,9995,,2026-03-30 12:28:39.059,,y
2233,20131210,2365,8,472,47859,43508,,2026-03-30 12:28:39.059,,y
2234,20120611,2366,8,472,66402,60365,,2026-03-30 12:28:39.059,,y
2235,20170502,2367,8,472,6511,5919,,2026-03-30 12:28:39.059,,y
2236,20121109,2368,8,472,58383,53075,,2026-03-30 12:28:39.059,,y
2237,20140102,2369,8,472,10646,9678,,2026-03-30 12:28:39.059,,y
2238,20210410,2370,8,472,79210,72009,,2026-03-30 12:28:39.06,,y
2239,20141210,2371,8,472,"17639,44","16035,85",,2026-03-30 12:28:39.06,,y
2240,20160501,2372,8,472,"1642,56","1493,24",,2026-03-30 12:28:39.06,,y
2241,20120304,2373,8,472,13636,12396,,2026-03-30 12:28:39.06,,y
2242,20190801,2374,8,472,69278,62980,,2026-03-30 12:28:39.06,,y
2243,20180908,2375,8,472,"4828,97","4389,97",,2026-03-30 12:28:39.06,,y
2244,20170103,2376,8,472,4949,4499,,2026-03-30 12:28:39.06,,y
2245,20130612,2377,8,472,"19938,2","18125,64",,2026-03-30 12:28:39.06,,y
2246,20200412,2378,8,472,29003,26366,,2026-03-30 12:28:39.06,,y
2247,20171105,2379,8,472,32195,29268,,2026-03-30 12:28:39.06,,y
2248,20160709,2380,8,472,"1930,23","1754,75",,2026-03-30 12:28:39.06,,y
2249,20160406,2381,8,472,64680,58800,,2026-03-30 12:28:39.06,,y
2250,20160712,2382,8,472,"5826,92","5297,2",,2026-03-30 12:28:39.06,,y
2251,20190204,2383,8,472,9594,8722,,2026-03-30 12:28:39.06,,y
2252,20160408,2384,8,472,"1126,13","1023,75",,2026-03-30 12:28:39.06,,y
2253,20210504,2385,8,472,"11299,89","10272,63",,2026-03-30 12:28:39.06,,y
2254,20201210,2386,8,472,74404,67640,,2026-03-30 12:28:39.06,,y
2255,20130908,2387,8,472,63975,58159,,2026-03-30 12:28:39.06,,y
2256,20190703,2388,8,472,"6862,14","6238,31",,2026-03-30 12:28:39.06,,y
2257,20170705,2389,8,472,15708,14280,,2026-03-30 12:28:39.06,,y
2258,20110806,2390,8,472,"3004,96","2731,78",,2026-03-30 12:28:39.06,,y
2259,20130904,2391,8,472,5716,5196,,2026-03-30 12:28:39.06,,y
2260,20220611,2392,8,472,"33618,87","30562,61",,2026-03-30 12:28:39.06,,y
2261,20130504,2393,8,472,"28348,63","25771,48",,2026-03-30 12:28:39.06,,y
2262,20151103,2394,8,472,"15668,39","14243,99",,2026-03-30 12:28:39.06,,y
2263,20160406,2395,8,472,158434,144031,,2026-03-30 12:28:39.06,,y
2264,20180205,2396,8,472,83312,75738,,2026-03-30 12:28:39.06,,y
2265,20141205,2397,8,472,44551,40501,,2026-03-30 12:28:39.06,,y
2266,20150610,2398,8,472,94050,85500,,2026-03-30 12:28:39.06,,y
2267,20190908,2399,8,472,"118327,07","107570,06",,2026-03-30 12:28:39.06,,y
2268,20230301,2400,8,472,"3057,69","2779,72",,2026-03-30 12:28:39.061,,y
2269,20170211,2401,8,472,"35342,91","32129,92",,2026-03-30 12:28:39.061,,y
2270,20180708,2402,8,472,31879,28981,,2026-03-30 12:28:39.061,,y
2271,20130208,2403,8,472,2470,2245,,2026-03-30 12:28:39.061,,y
2272,20201112,2404,8,472,7014,6376,,2026-03-30 12:28:39.061,,y
2273,20140811,2405,8,472,13478,12253,,2026-03-30 12:28:39.061,,y
2274,20211007,2406,8,472,15945,14495,,2026-03-30 12:28:39.061,,y
2275,20160104,2407,8,472,149790,136173,,2026-03-30 12:28:39.061,,y
2276,20190203,2408,8,472,"31329,22","28481,11",,2026-03-30 12:28:39.061,,y
2277,20171208,2409,8,472,6325,5750,,2026-03-30 12:28:39.061,,y
2278,20170102,2410,8,472,"37016,78","33651,62",,2026-03-30 12:28:39.061,,y
2279,20180305,2411,8,472,19496,17724,,2026-03-30 12:28:39.061,,y
2280,20180604,2412,8,472,24371,22155,,2026-03-30 12:28:39.061,,y
2281,20150704,2413,8,472,"10818,95","9835,41",,2026-03-30 12:28:39.061,,y
2282,20160601,2414,8,472,11000,10000,,2026-03-30 12:28:39.061,,y
2283,20150109,2415,8,472,25952,23593,,2026-03-30 12:28:39.061,,y
2284,20160401,2416,8,472,18807,17097,,2026-03-30 12:28:39.061,,y
2285,20150503,2417,8,472,151140,137400,,2026-03-30 12:28:39.061,,y
2286,20210405,2418,8,472,"42622,5","38747,73",,2026-03-30 12:28:39.061,,y
2287,20170501,2419,8,472,51880,47164,,2026-03-30 12:28:39.061,,y
2288,20160809,2420,8,472,"21230,8","19300,73",,2026-03-30 12:28:39.061,,y
2289,20170509,2421,8,472,60500,55000,,2026-03-30 12:28:39.061,,y
2290,20160210,2422,8,472,"76194,02","69267,29",,2026-03-30 12:28:39.061,,y
2291,20130912,2423,8,472,"3069,77","2790,7",,2026-03-30 12:28:39.061,,y
2292,20150608,2424,8,472,125517,114106,,2026-03-30 12:28:39.061,,y
2293,20201202,2425,8,472,18909,17190,,2026-03-30 12:28:39.061,,y
2294,20121009,2426,8,472,96797,87997,,2026-03-30 12:28:39.061,,y
2295,20230503,2427,8,472,1276,1160,,2026-03-30 12:28:39.061,,y
2296,20211108,2428,8,472,"5605,15","5095,59",,2026-03-30 12:28:39.061,,y
2297,20111006,2429,8,472,13631,12392,,2026-03-30 12:28:39.061,,y
2298,20130501,2430,8,472,14819,13472,,2026-03-30 12:28:39.061,,y
2299,20181007,2431,8,472,256609,233281,,2026-03-30 12:28:39.061,,y
2300,20161204,2432,8,472,106106,96460,,2026-03-30 12:28:39.061,,y
2301,20210210,2433,8,472,"4454,92","4049,93",,2026-03-30 12:28:39.061,,y
2302,20140510,2434,8,472,67582,61438,,2026-03-30 12:28:39.061,,y
2303,20120606,2435,8,472,"3894,11","3540,1",,2026-03-30 12:28:39.061,,y
2304,20160207,2436,8,472,22988,20898,,2026-03-30 12:28:39.061,,y
2305,20210504,2437,8,472,"5229,18","4753,8",,2026-03-30 12:28:39.061,,y
2306,20161202,2438,8,472,39600,36000,,2026-03-30 12:28:39.061,,y
2307,20150107,2439,8,472,152894,138995,,2026-03-30 12:28:39.061,,y
2308,20150712,2440,8,472,9900,9000,,2026-03-30 12:28:39.062,,y
2309,20201112,2441,8,472,39434,35849,,2026-03-30 12:28:39.062,,y
2310,20190702,2442,8,472,8396,7633,,2026-03-30 12:28:39.062,,y
2311,20230601,2443,8,472,202282,183893,,2026-03-30 12:28:39.062,,y
2312,20190705,2444,8,472,"1759,88","1599,89",,2026-03-30 12:28:39.062,,y
2313,20140507,2445,8,472,"2804,92","2549,93",,2026-03-30 12:28:39.062,,y
2314,20121212,2446,8,472,49699,45181,,2026-03-30 12:28:39.062,,y
2315,20140605,2447,8,472,20988,19080,,2026-03-30 12:28:39.062,,y
2316,20190809,2448,8,472,38489,34990,,2026-03-30 12:28:39.062,,y
2317,20131207,2449,8,472,12051,10955,,2026-03-30 12:28:39.062,,y
2318,20211008,2450,8,472,38467,34970,,2026-03-30 12:28:39.062,,y
2319,20170504,2451,8,472,"10153,76","9230,69",,2026-03-30 12:28:39.062,,y
2320,20150403,2452,8,472,10336,9396,,2026-03-30 12:28:39.062,,y
2321,20201106,2453,8,472,15392,13993,,2026-03-30 12:28:39.062,,y
2322,20150109,2454,8,472,"14030,36","12754,87",,2026-03-30 12:28:39.062,,y
2323,20160107,2455,8,472,47575,43250,,2026-03-30 12:28:39.062,,y
2324,20190308,2456,8,472,20529,18663,,2026-03-30 12:28:39.062,,y
2325,20160409,2457,8,472,"3255,91","2959,92",,2026-03-30 12:28:39.062,,y
2326,20220202,2458,8,472,97593,88721,,2026-03-30 12:28:39.062,,y
2327,20160611,2459,8,472,"3317,71","3016,1",,2026-03-30 12:28:39.062,,y
2328,20130203,2460,8,472,52164,47422,,2026-03-30 12:28:39.062,,y
2329,20160710,2461,8,472,"43514,46","39558,6",,2026-03-30 12:28:39.062,,y
2330,20160508,2462,8,472,"70053,37","63684,88",,2026-03-30 12:28:39.062,,y
2331,20140207,2463,8,472,"47320,32","43018,47",,2026-03-30 12:28:39.062,,y
2332,20131207,2464,8,472,"7285,98","6623,62",,2026-03-30 12:28:39.062,,y
2333,20220309,2465,8,472,660,600,,2026-03-30 12:28:39.062,,y
2334,20170506,2466,8,472,8798,7998,,2026-03-30 12:28:39.062,,y
2335,20181010,2467,8,472,"4949,18","4499,25",,2026-03-30 12:28:39.062,,y
2336,20191004,2468,8,472,41569,37790,,2026-03-30 12:28:39.062,,y
2337,20180408,2469,8,472,109780,99800,,2026-03-30 12:28:39.062,,y
2338,20201102,2470,8,472,2723,2475,,2026-03-30 12:28:39.062,,y
2339,20170706,2471,8,472,24143,21948,,2026-03-30 12:28:39.062,,y
2340,20180908,2472,8,472,5170,4700,,2026-03-30 12:28:39.062,,y
2341,20190512,2473,8,472,"6208,38","5643,98",,2026-03-30 12:28:39.062,,y
2342,20150707,2474,8,472,12676,11524,,2026-03-30 12:28:39.062,,y
2343,20130606,2475,8,472,30557,27779,,2026-03-30 12:28:39.062,,y
2344,20140703,2476,8,472,"29330,68","26664,25",,2026-03-30 12:28:39.062,,y
2345,20180112,2477,8,472,162798,147998,,2026-03-30 12:28:39.062,,y
2346,20170511,2478,8,472,27600,25091,,2026-03-30 12:28:39.062,,y
2347,20221005,2479,8,472,7951,7228,,2026-03-30 12:28:39.063,,y
2348,20110509,2480,8,472,74358,67598,,2026-03-30 12:28:39.063,,y
2349,20140408,2481,8,472,58448,53135,,2026-03-30 12:28:39.063,,y
2350,20131209,2482,8,472,222838,202580,,2026-03-30 12:28:39.063,,y
2351,20210911,2483,8,472,25595,23268,,2026-03-30 12:28:39.063,,y
2352,20141003,2484,8,472,36066,32787,,2026-03-30 12:28:39.063,,y
2353,20160802,2485,8,472,"3640,86","3309,87",,2026-03-30 12:28:39.063,,y
2354,20161012,2486,8,472,11213,10194,,2026-03-30 12:28:39.063,,y
2355,20150307,2487,8,472,"5989,26","5444,78",,2026-03-30 12:28:39.063,,y
2356,20120101,2488,8,472,99922,90838,,2026-03-30 12:28:39.063,,y
2357,20131103,2489,8,472,34574,31431,,2026-03-30 12:28:39.063,,y
2358,20210104,2490,8,472,35178,31980,,2026-03-30 12:28:39.063,,y
2359,20190112,2491,8,472,"18710,63","17009,66",,2026-03-30 12:28:39.063,,y
2360,20190108,2492,8,472,32883,29894,,2026-03-30 12:28:39.063,,y
2361,20180712,2493,8,472,14562,13238,,2026-03-30 12:28:39.063,,y
2362,20190204,2494,8,472,18603,16912,,2026-03-30 12:28:39.063,,y
2363,20180205,2495,8,472,"4672,69","4247,9",,2026-03-30 12:28:39.063,,y
2364,20160402,2496,8,472,30239,27490,,2026-03-30 12:28:39.063,,y
2365,20120705,2497,8,472,"2849,7","2590,64",,2026-03-30 12:28:39.063,,y
2366,20210808,2498,8,472,6256,5687,,2026-03-30 12:28:39.063,,y
2367,20190301,2499,8,472,4368,3971,,2026-03-30 12:28:39.063,,y
2368,20120312,2500,8,472,"3901,63","3546,94",,2026-03-30 12:28:39.063,,y
2369,20190209,2501,8,472,23440,21309,,2026-03-30 12:28:39.063,,y
2370,20190701,2502,8,472,57149,51954,,2026-03-30 12:28:39.063,,y
2371,20200602,2503,8,472,250678,227889,,2026-03-30 12:28:39.063,,y
2372,20160706,2504,8,472,"3607,73","3279,75",,2026-03-30 12:28:39.063,,y
2373,20140607,2505,8,472,"1767,34","1606,67",,2026-03-30 12:28:39.063,,y
2374,20170703,2506,8,472,27500,25000,,2026-03-30 12:28:39.063,,y
2375,20141101,2507,8,472,44097,40088,,2026-03-30 12:28:39.063,,y
2376,20200501,2508,8,472,"1332,32","1211,2",,2026-03-30 12:28:39.063,,y
2377,20121201,2509,8,472,"7096,28","6451,16",,2026-03-30 12:28:39.063,,y
2378,20200702,2510,8,472,"2012,1","1829,18",,2026-03-30 12:28:39.063,,y
2379,20140509,2511,8,472,"5013,8",4558,,2026-03-30 12:28:39.063,,y
2380,20160806,2512,8,472,33745,30677,,2026-03-30 12:28:39.063,,y
2381,20191208,2513,8,472,4728,4298,,2026-03-30 12:28:39.063,,y
2382,20130307,2514,8,472,"7645,22","6950,2",,2026-03-30 12:28:39.063,,y
2383,20201111,2515,8,472,5900,5364,,2026-03-30 12:28:39.063,,y
2384,20150912,2516,8,472,838,762,,2026-03-30 12:28:39.063,,y
2385,20180511,2517,8,472,16614,15104,,2026-03-30 12:28:39.063,,y
2386,20210803,2518,8,472,32999,29999,,2026-03-30 12:28:39.064,,y
2387,20140606,2519,8,472,34463,31330,,2026-03-30 12:28:39.064,,y
2388,20180809,2520,8,472,20490,18627,,2026-03-30 12:28:39.064,,y
2389,20130710,2521,8,472,1503,1366,,2026-03-30 12:28:39.064,,y
2390,20180807,2522,8,472,56969,51790,,2026-03-30 12:28:39.064,,y
2391,20180603,2523,8,472,82366,74878,,2026-03-30 12:28:39.064,,y
2392,20110711,2524,8,472,24970,22700,,2026-03-30 12:28:39.064,,y
2393,20200307,2525,8,472,"8769,12","7971,93",,2026-03-30 12:28:39.064,,y
2394,20200312,2526,8,472,"56295,35","51177,59",,2026-03-30 12:28:39.064,,y
2395,20151206,2527,8,472,"1317,8",1198,,2026-03-30 12:28:39.064,,y
2396,20110609,2528,8,472,"3515,04","3195,49",,2026-03-30 12:28:39.064,,y
2397,20121211,2529,8,472,16502,15002,,2026-03-30 12:28:39.064,,y
2398,20190504,2530,8,472,"2069,23","1881,12",,2026-03-30 12:28:39.064,,y
2399,20130407,2531,8,472,13083,11894,,2026-03-30 12:28:39.064,,y
2400,20200702,2532,8,472,49821,45292,,2026-03-30 12:28:39.064,,y
2401,20190312,2533,8,472,14202,12911,,2026-03-30 12:28:39.064,,y
2402,20130412,2534,8,472,65449,59499,,2026-03-30 12:28:39.064,,y
2403,20170708,2535,8,472,"4059,81","3690,74",,2026-03-30 12:28:39.064,,y
2404,20150309,2536,8,472,71403,64912,,2026-03-30 12:28:39.064,,y
2405,20130903,2537,8,472,44076,40069,,2026-03-30 12:28:39.064,,y
2406,20190806,2538,8,472,15410,14009,,2026-03-30 12:28:39.064,,y
2407,20200208,2539,8,472,93488,84989,,2026-03-30 12:28:39.064,,y
2408,20141202,2540,8,472,51500,46818,,2026-03-30 12:28:39.064,,y
2409,20130204,2541,8,472,17530,15936,,2026-03-30 12:28:39.064,,y
2410,20210109,2542,8,472,213948,194498,,2026-03-30 12:28:39.064,,y
2411,20130310,2543,8,472,825,750,,2026-03-30 12:28:39.064,,y
2412,20211103,2544,8,472,"1369,5",1245,,2026-03-30 12:28:39.064,,y
2413,20130301,2545,8,472,20655,18777,,2026-03-30 12:28:39.064,,y
2414,20180207,2546,8,472,36664,33331,,2026-03-30 12:28:39.064,,y
2415,20201101,2547,8,472,25186,22896,,2026-03-30 12:28:39.064,,y
2416,20150412,2548,8,472,"16280,85","14800,77",,2026-03-30 12:28:39.064,,y
2417,20140807,2549,8,472,"3120,54","2836,85",,2026-03-30 12:28:39.064,,y
2418,20140810,2550,8,472,108986,99078,,2026-03-30 12:28:39.064,,y
2419,20210311,2551,8,472,16500,15000,,2026-03-30 12:28:39.064,,y
2420,20171012,2552,8,472,46381,42165,,2026-03-30 12:28:39.064,,y
2421,20160510,2553,8,472,22249,20226,,2026-03-30 12:28:39.064,,y
2422,20140502,2554,8,472,39575,35977,,2026-03-30 12:28:39.064,,y
2423,20150312,2555,8,472,51402,46729,,2026-03-30 12:28:39.064,,y
2424,20170312,2556,8,472,42715,38832,,2026-03-30 12:28:39.064,,y
2425,20161003,2557,8,472,23923,21748,,2026-03-30 12:28:39.064,,y
2426,20160306,2558,8,472,"32042,55","29129,59",,2026-03-30 12:28:39.064,,y
2427,20211002,2559,8,472,"13385,36","12168,51",,2026-03-30 12:28:39.065,,y
2428,20180309,2560,8,472,17827,16206,,2026-03-30 12:28:39.065,,y
2429,20201205,2561,8,472,42125,38295,,2026-03-30 12:28:39.065,,y
2430,20130909,2562,8,472,22000,20000,,2026-03-30 12:28:39.065,,y
2431,20130109,2563,8,472,15941,14492,,2026-03-30 12:28:39.065,,y
2432,20170705,2564,8,472,348017,316379,,2026-03-30 12:28:39.065,,y
2433,20130503,2565,8,472,7036,6396,,2026-03-30 12:28:39.065,,y
2434,20160312,2566,8,472,"1325,5",1205,,2026-03-30 12:28:39.065,,y
2435,20120108,2567,8,472,6591,5992,,2026-03-30 12:28:39.065,,y
2436,20111212,2568,8,472,37829,34390,,2026-03-30 12:28:39.065,,y
2437,20190108,2569,8,472,89100,81000,,2026-03-30 12:28:39.065,,y
2438,20190512,2570,8,472,50087,45534,,2026-03-30 12:28:39.065,,y
2439,20160708,2571,8,472,38605,35095,,2026-03-30 12:28:39.065,,y
2440,20220503,2572,8,472,1614,1467,,2026-03-30 12:28:39.065,,y
2441,20190201,2573,8,472,1320,1200,,2026-03-30 12:28:39.065,,y
2442,20230403,2574,8,472,40383,36712,,2026-03-30 12:28:39.065,,y
2443,20150904,2575,8,472,"19330,41","17573,1",,2026-03-30 12:28:39.065,,y
2444,20160711,2576,8,472,"2166,69","1969,72",,2026-03-30 12:28:39.065,,y
2445,20191003,2577,8,472,"3285,67","2986,97",,2026-03-30 12:28:39.065,,y
2446,20170308,2578,8,472,20583,18712,,2026-03-30 12:28:39.065,,y
2447,20130612,2579,8,472,"4492,31","4083,92",,2026-03-30 12:28:39.065,,y
2448,20170912,2580,8,472,3283,2985,,2026-03-30 12:28:39.065,,y
2449,20220211,2581,8,472,"19084,92","17349,93",,2026-03-30 12:28:39.065,,y
2450,20151203,2582,8,472,"5312,84","4829,85",,2026-03-30 12:28:39.065,,y
2451,20181108,2583,8,472,"6594,14","5994,67",,2026-03-30 12:28:39.065,,y
2452,20150808,2584,8,472,143821,130746,,2026-03-30 12:28:39.065,,y
2453,20200708,2585,8,472,39596,35996,,2026-03-30 12:28:39.065,,y
2454,20160109,2586,8,472,28259,25690,,2026-03-30 12:28:39.065,,y
2455,20210504,2587,8,472,30250,27500,,2026-03-30 12:28:39.065,,y
2456,20210202,2588,8,472,7854,7140,,2026-03-30 12:28:39.065,,y
2457,20150105,2589,8,472,"8582,42","7802,2",,2026-03-30 12:28:39.065,,y
2458,20170906,2590,8,472,"2977,67","2706,97",,2026-03-30 12:28:39.065,,y
2459,20211101,2591,8,472,75323,68475,,2026-03-30 12:28:39.065,,y
2460,20160107,2592,8,472,"10773,91","9794,46",,2026-03-30 12:28:39.065,,y
2461,20190812,2593,8,472,41399,37635,,2026-03-30 12:28:39.065,,y
2462,20170503,2594,8,472,"26577,76","24161,6",,2026-03-30 12:28:39.065,,y
2463,20190410,2595,8,472,4485,4077,,2026-03-30 12:28:39.065,,y
2464,20200201,2596,8,472,"57153,25","51957,5",,2026-03-30 12:28:39.065,,y
2465,20150403,2597,8,472,84690,76991,,2026-03-30 12:28:39.065,,y
2466,20191003,2598,8,472,"1841,79","1674,35",,2026-03-30 12:28:39.065,,y
2467,20170104,2599,8,472,"2985,34","2713,95",,2026-03-30 12:28:39.065,,y
2468,20220302,2600,8,472,23736,21578,,2026-03-30 12:28:39.065,,y
2469,20130303,2601,8,472,21441,19492,,2026-03-30 12:28:39.066,,y
2470,20180903,2602,8,472,14187,12897,,2026-03-30 12:28:39.066,,y
2471,20170301,2603,8,472,"6752,23","6138,39",,2026-03-30 12:28:39.066,,y
2472,20140409,2604,8,472,87995,79995,,2026-03-30 12:28:39.066,,y
2473,20200910,2605,8,472,"4285,26","3895,69",,2026-03-30 12:28:39.066,,y
2474,20160312,2606,8,472,24193,21994,,2026-03-30 12:28:39.066,,y
2475,20211109,2607,8,472,"27862,96","25329,96",,2026-03-30 12:28:39.066,,y
2476,20160701,2608,8,472,"53572,82","48702,56",,2026-03-30 12:28:39.066,,y
2477,20130504,2609,8,472,"40507,41","36824,92",,2026-03-30 12:28:39.066,,y
2478,20151110,2610,8,472,76971,69974,,2026-03-30 12:28:39.066,,y
2479,20140909,2611,8,472,1650,1500,,2026-03-30 12:28:39.066,,y
2480,20210605,2612,8,472,"30235,98","27487,25",,2026-03-30 12:28:39.066,,y
2481,20130109,2613,8,472,9349,8499,,2026-03-30 12:28:39.066,,y
2482,20110312,2614,8,472,34818,31653,,2026-03-30 12:28:39.066,,y
2483,20150104,2615,8,472,60715,55195,,2026-03-30 12:28:39.066,,y
2484,20200306,2616,8,472,29544,26858,,2026-03-30 12:28:39.066,,y
2485,20170208,2617,8,472,"11283,95","10258,14",,2026-03-30 12:28:39.066,,y
2486,20220209,2618,8,472,"3798,2","3452,91",,2026-03-30 12:28:39.066,,y
2487,20160807,2619,8,472,186204,169276,,2026-03-30 12:28:39.066,,y
2488,20141206,2620,8,472,"1924,96","1749,96",,2026-03-30 12:28:39.066,,y
2489,20160806,2621,8,472,"107680,75","97891,59",,2026-03-30 12:28:39.066,,y
2490,20161209,2622,8,472,119343,108494,,2026-03-30 12:28:39.066,,y
2491,20180301,2623,8,472,33979,30890,,2026-03-30 12:28:39.066,,y
2492,20190612,2624,8,472,"5371,27","4882,97",,2026-03-30 12:28:39.066,,y
2493,20221203,2625,8,472,20106,18278,,2026-03-30 12:28:39.066,,y
2494,20120211,2626,8,472,"26024,72","23658,84",,2026-03-30 12:28:39.066,,y
2495,20170710,2627,8,472,"5375,57","4886,88",,2026-03-30 12:28:39.066,,y
2496,20110811,2628,8,472,"69210,09","62918,26",,2026-03-30 12:28:39.066,,y
2497,20190208,2629,8,472,3705,3368,,2026-03-30 12:28:39.066,,y
2498,20140211,2630,8,472,"2089,23","1899,3",,2026-03-30 12:28:39.066,,y
2499,20200610,2631,8,472,"43206,63","39278,75",,2026-03-30 12:28:39.066,,y
2500,20130102,2632,8,472,"2010,66","1827,87",,2026-03-30 12:28:39.066,,y
2501,20130505,2633,8,472,"4131,25","3755,68",,2026-03-30 12:28:39.066,,y
2502,20130905,2634,8,472,"1855,57","1686,88",,2026-03-30 12:28:39.066,,y
2503,20151004,2635,8,472,17907,16279,,2026-03-30 12:28:39.066,,y
2504,20170103,2636,8,472,31584,28713,,2026-03-30 12:28:39.066,,y
2505,20160101,2637,8,472,"12536,7",11397,,2026-03-30 12:28:39.066,,y
2506,20200701,2638,8,472,94160,85600,,2026-03-30 12:28:39.066,,y
2507,20180708,2639,8,472,18223,16566,,2026-03-30 12:28:39.066,,y
2508,20150911,2640,8,472,170497,154997,,2026-03-30 12:28:39.066,,y
2509,20200905,2641,8,472,"3762,43","3420,39",,2026-03-30 12:28:39.066,,y
2510,20171001,2642,8,472,"5296,43","4814,94",,2026-03-30 12:28:39.066,,y
2511,20210806,2643,8,472,33000,30000,,2026-03-30 12:28:39.066,,y
2512,20150109,2644,8,472,"9497,47","8634,06",,2026-03-30 12:28:39.066,,y
2513,20191009,2645,8,472,45064,40967,,2026-03-30 12:28:39.067,,y
2514,20180602,2646,8,472,"10261,2","9328,36",,2026-03-30 12:28:39.067,,y
2515,20170606,2647,8,472,"12955,61","11777,83",,2026-03-30 12:28:39.067,,y
2516,20141001,2648,8,472,"107974,15","98158,32",,2026-03-30 12:28:39.067,,y
2517,20171211,2649,8,472,43991,39992,,2026-03-30 12:28:39.067,,y
2518,20140907,2650,8,472,1922,1747,,2026-03-30 12:28:39.067,,y
2519,20121107,2651,8,472,17409,15826,,2026-03-30 12:28:39.067,,y
2520,20210512,2652,8,472,"35998,06","32725,51",,2026-03-30 12:28:39.067,,y
2521,20200111,2653,8,472,14473,13157,,2026-03-30 12:28:39.067,,y
2522,20140505,2654,8,472,21080,19164,,2026-03-30 12:28:39.067,,y
2523,20221004,2655,8,472,363812,330738,,2026-03-30 12:28:39.067,,y
2524,20130207,2656,8,472,37400,34000,,2026-03-30 12:28:39.067,,y
2525,20170909,2657,8,472,"6494,81","5904,37",,2026-03-30 12:28:39.067,,y
2526,20180905,2658,8,472,"41178,98","37435,44",,2026-03-30 12:28:39.067,,y
2527,20170205,2659,8,472,40623,36930,,2026-03-30 12:28:39.067,,y
2528,20170210,2660,8,472,"6977,55","6343,23",,2026-03-30 12:28:39.067,,y
2529,20150208,2661,8,472,4445,4041,,2026-03-30 12:28:39.067,,y
2530,20200809,2662,8,472,"9911,09","9010,08",,2026-03-30 12:28:39.067,,y
2531,20160903,2663,8,472,31610,28736,,2026-03-30 12:28:39.067,,y
2532,20170507,2664,8,472,11880,10800,,2026-03-30 12:28:39.067,,y
2533,20190612,2665,8,472,"2082,05","1892,77",,2026-03-30 12:28:39.067,,y
2534,20130112,2666,8,472,13856,12596,,2026-03-30 12:28:39.067,,y
2535,20140311,2667,8,472,318764,289785,,2026-03-30 12:28:39.067,,y
2536,20151102,2668,8,472,"5573,68","5066,98",,2026-03-30 12:28:39.067,,y
2537,20171102,2669,8,472,"5916,31","5378,46",,2026-03-30 12:28:39.067,,y
2538,20181105,2670,8,472,8799,7999,,2026-03-30 12:28:39.067,,y
2539,20181104,2671,8,472,2470,2245,,2026-03-30 12:28:39.067,,y
2540,20230203,2672,8,472,83868,76244,,2026-03-30 12:28:39.067,,y
2541,20200802,2673,8,472,48179,43799,,2026-03-30 12:28:39.067,,y
2542,20220505,2674,8,472,9350,8500,,2026-03-30 12:28:39.067,,y
2543,20180409,2675,8,472,1922,1747,,2026-03-30 12:28:39.067,,y
2544,20170305,2676,8,472,"87985,34","79986,67",,2026-03-30 12:28:39.067,,y
2545,20160202,2677,8,472,91088,82807,,2026-03-30 12:28:39.067,,y
2546,20180703,2678,8,472,25538,23216,,2026-03-30 12:28:39.067,,y
2547,20161001,2679,8,472,32854,29867,,2026-03-30 12:28:39.067,,y
2548,20230603,2680,8,472,"6660,1","6054,64",,2026-03-30 12:28:39.067,,y
2549,20210803,2681,8,472,"29044,65","26404,23",,2026-03-30 12:28:39.067,,y
2550,20190504,2682,8,472,15974,14522,,2026-03-30 12:28:39.067,,y
2551,20170508,2683,8,472,"2782,39","2529,45",,2026-03-30 12:28:39.067,,y
2552,20150306,2684,8,472,"21535,92","19578,11",,2026-03-30 12:28:39.067,,y
2553,20200812,2685,8,472,"2628,94","2389,95",,2026-03-30 12:28:39.067,,y
2554,20120611,2686,8,472,"5255,87","4778,06",,2026-03-30 12:28:39.067,,y
2555,20200602,2687,8,472,988,898,,2026-03-30 12:28:39.067,,y
2556,20220603,2688,8,472,77154,70140,,2026-03-30 12:28:39.068,,y
2557,20191202,2689,8,472,50029,45481,,2026-03-30 12:28:39.068,,y
2558,20191207,2690,8,472,"5696,68","5178,8",,2026-03-30 12:28:39.068,,y
2559,20160611,2691,8,472,"6874,44","6249,49",,2026-03-30 12:28:39.068,,y
2560,20130707,2692,8,472,9054,8231,,2026-03-30 12:28:39.068,,y
2561,20130609,2693,8,472,173135,157395,,2026-03-30 12:28:39.068,,y
2562,20200110,2694,8,472,22044,20040,,2026-03-30 12:28:39.068,,y
2563,20140602,2695,8,472,2515,2286,,2026-03-30 12:28:39.068,,y
2564,20160907,2696,8,472,44293,40266,,2026-03-30 12:28:39.068,,y
2565,20150705,2697,8,472,7139,6490,,2026-03-30 12:28:39.068,,y
2566,20170111,2698,8,472,"137354,02","124867,29",,2026-03-30 12:28:39.068,,y
2567,20160406,2699,8,472,9900,9000,,2026-03-30 12:28:39.068,,y
2568,20170206,2700,8,472,98995,89995,,2026-03-30 12:28:39.068,,y
2569,20130102,2701,8,472,182148,165589,,2026-03-30 12:28:39.068,,y
2570,20180708,2702,8,472,13449,12226,,2026-03-30 12:28:39.068,,y
2571,20201003,2703,8,472,5325,4841,,2026-03-30 12:28:39.068,,y
2572,20180107,2704,8,472,"6232,82","5666,2",,2026-03-30 12:28:39.068,,y
2573,20190410,2705,8,472,22796,20724,,2026-03-30 12:28:39.068,,y
2574,20210601,2706,8,472,41734,37940,,2026-03-30 12:28:39.068,,y
2575,20190710,2707,8,472,42493,38630,,2026-03-30 12:28:39.068,,y
2576,20171106,2708,8,472,"4416,58","4015,07",,2026-03-30 12:28:39.068,,y
2577,20210102,2709,8,472,42106,38278,,2026-03-30 12:28:39.068,,y
2578,20140912,2710,8,472,"13615,89","12378,08",,2026-03-30 12:28:39.068,,y
2579,20131006,2711,8,472,5698,5180,,2026-03-30 12:28:39.068,,y
2580,20151102,2712,8,472,6499,5908,,2026-03-30 12:28:39.068,,y
2581,20170405,2713,8,472,11873,10794,,2026-03-30 12:28:39.068,,y
2582,20230603,2714,8,472,"4055,34","3686,67",,2026-03-30 12:28:39.068,,y
2583,20180309,2715,8,472,71495,64995,,2026-03-30 12:28:39.068,,y
2584,20170406,2716,8,472,66136,60124,,2026-03-30 12:28:39.068,,y
2585,20200202,2717,8,472,63396,57633,,2026-03-30 12:28:39.068,,y
2586,20220805,2718,8,472,34008,30916,,2026-03-30 12:28:39.068,,y
2587,20220201,2719,8,472,59710,54282,,2026-03-30 12:28:39.068,,y
2588,20190305,2720,8,472,8469,7699,,2026-03-30 12:28:39.068,,y
2589,20150409,2721,8,472,71473,64975,,2026-03-30 12:28:39.068,,y
2590,20140201,2722,8,472,110693,100630,,2026-03-30 12:28:39.068,,y
2591,20130109,2723,8,472,7447,6770,,2026-03-30 12:28:39.068,,y
2592,20180405,2724,8,472,20900,19000,,2026-03-30 12:28:39.068,,y
2593,20180208,2725,8,472,22648,20589,,2026-03-30 12:28:39.068,,y
2594,20170405,2726,8,472,43894,"39903,64",,2026-03-30 12:28:39.068,,y
2595,20170804,2727,8,472,6529,5935,,2026-03-30 12:28:39.068,,y
2596,20171105,2728,8,472,"2786,87","2533,52",,2026-03-30 12:28:39.068,,y
2597,20130702,2729,8,472,"34037,55","30943,23",,2026-03-30 12:28:39.069,,y
2598,20171102,2730,8,472,62257,56597,,2026-03-30 12:28:39.069,,y
2599,20190405,2731,8,472,"3098,57","2816,88",,2026-03-30 12:28:39.069,,y
2600,20181112,2732,8,472,"18471,6","16792,36",,2026-03-30 12:28:39.069,,y
2601,20160205,2733,8,472,658,598,,2026-03-30 12:28:39.069,,y
2602,20121203,2734,8,472,146945,133586,,2026-03-30 12:28:39.069,,y
2603,20190210,2735,8,472,"2348,08","2134,62",,2026-03-30 12:28:39.069,,y
2604,20220611,2736,8,472,11036,10033,,2026-03-30 12:28:39.069,,y
2605,20181004,2737,8,472,"75011,75","68192,5",,2026-03-30 12:28:39.069,,y
2606,20120210,2738,8,472,5564,5058,,2026-03-30 12:28:39.069,,y
2607,20170509,2739,8,472,"1382,68","1256,98",,2026-03-30 12:28:39.069,,y
2608,20130506,2740,8,472,27500,25000,,2026-03-30 12:28:39.069,,y
2609,20190504,2741,8,472,8028,7298,,2026-03-30 12:28:39.069,,y
2610,20181008,2742,8,472,29662,26965,,2026-03-30 12:28:39.069,,y
2611,20181111,2743,8,472,"45632,98","41484,53",,2026-03-30 12:28:39.069,,y
2612,20210907,2744,8,472,39058,35507,,2026-03-30 12:28:39.069,,y
2613,20190204,2745,8,472,72380,65800,,2026-03-30 12:28:39.069,,y
2614,20160204,2746,8,472,35518,32289,,2026-03-30 12:28:39.069,,y
2615,20200807,2747,8,472,2200,2000,,2026-03-30 12:28:39.069,,y
2616,20150404,2748,8,472,"2800,03","2545,48",,2026-03-30 12:28:39.069,,y
2617,20160311,2749,8,472,42526,38660,,2026-03-30 12:28:39.069,,y
2618,20200204,2750,8,472,4268,3880,,2026-03-30 12:28:39.069,,y
2619,20110711,2751,8,472,"2810,45","2554,95",,2026-03-30 12:28:39.069,,y
2620,20140511,2752,8,472,"140620,69","127836,99",,2026-03-30 12:28:39.069,,y
2621,20140908,2753,8,472,"50706,43","46096,75",,2026-03-30 12:28:39.069,,y
2622,20121109,2754,8,472,81678,74253,,2026-03-30 12:28:39.069,,y
2623,20210501,2755,8,472,27488,24989,,2026-03-30 12:28:39.069,,y
2624,20120309,2756,8,472,"8621,78","7837,98",,2026-03-30 12:28:39.069,,y
2625,20131211,2757,8,472,"65127,52","59206,84",,2026-03-30 12:28:39.069,,y
2626,20150606,2758,8,472,"17660,17","16054,7",,2026-03-30 12:28:39.069,,y
2627,20180808,2759,8,472,"5928,52","5389,56",,2026-03-30 12:28:39.069,,y
2628,20191106,2760,8,472,"1718,7","1562,45",,2026-03-30 12:28:39.069,,y
2629,20110911,2761,8,472,13198,11998,,2026-03-30 12:28:39.069,,y
2630,20120108,2762,8,472,59720,54291,,2026-03-30 12:28:39.069,,y
2631,20200204,2763,8,472,5085,4623,,2026-03-30 12:28:39.069,,y
2632,20130712,2764,8,472,59708,54280,,2026-03-30 12:28:39.069,,y
2633,20150703,2765,8,472,134908,122644,,2026-03-30 12:28:39.069,,y
2634,20220503,2766,8,472,"6703,3","6093,91",,2026-03-30 12:28:39.069,,y
2635,20170107,2767,8,472,"21497,67","19543,34",,2026-03-30 12:28:39.069,,y
2636,20151004,2768,8,472,"27701,39","25183,08",,2026-03-30 12:28:39.069,,y
2637,20191111,2769,8,472,42883,38985,,2026-03-30 12:28:39.069,,y
2638,20130708,2770,8,472,40527,36843,,2026-03-30 12:28:39.069,,y
2639,20221205,2771,8,472,90740,82491,,2026-03-30 12:28:39.069,,y
2640,20140602,2772,8,472,"20605,09","18731,9",,2026-03-30 12:28:39.069,,y
2641,20120510,2773,8,472,33381,30346,,2026-03-30 12:28:39.069,,y
2642,20201103,2774,8,472,8707,7915,,2026-03-30 12:28:39.069,,y
2643,20230701,2775,8,472,7091,6446,,2026-03-30 12:28:39.07,,y
2644,20161003,2776,8,472,"131334,52","119395,02",,2026-03-30 12:28:39.07,,y
2645,20140706,2777,8,472,"3967,24","3606,58",,2026-03-30 12:28:39.07,,y
2646,20190606,2778,8,472,"56338,59","51216,9",,2026-03-30 12:28:39.07,,y
2647,20140205,2779,8,472,"3262,02","2965,47",,2026-03-30 12:28:39.07,,y
2648,20140709,2780,8,472,12096,10996,,2026-03-30 12:28:39.07,,y
2649,20210208,2781,8,472,25025,22750,,2026-03-30 12:28:39.07,,y
2650,20161107,2782,8,472,5140,4673,,2026-03-30 12:28:39.07,,y
2651,20181103,2783,8,472,2200,2000,,2026-03-30 12:28:39.07,,y
2652,20160302,2784,8,472,30005,27277,,2026-03-30 12:28:39.07,,y
2653,20180708,2785,8,472,2413,2194,,2026-03-30 12:28:39.07,,y
2654,20171007,2786,8,472,"18165,14","16513,76",,2026-03-30 12:28:39.07,,y
2655,20160112,2787,8,472,36242,32947,,2026-03-30 12:28:39.07,,y
2656,20190205,2788,8,472,64335,58486,,2026-03-30 12:28:39.07,,y
2657,20200911,2789,8,472,"6834,28","6212,98",,2026-03-30 12:28:39.07,,y
2658,20190511,2790,8,472,"2194,5",1995,,2026-03-30 12:28:39.07,,y
2659,20140202,2791,8,472,"34222,84","31111,67",,2026-03-30 12:28:39.07,,y
2660,20110610,2792,8,472,"3131,22","2846,56",,2026-03-30 12:28:39.07,,y
2661,20151207,2793,8,472,59509,54099,,2026-03-30 12:28:39.07,,y
2662,20131006,2794,8,472,96136,87396,,2026-03-30 12:28:39.07,,y
2663,20140302,2795,8,472,125075,113705,,2026-03-30 12:28:39.07,,y
2664,20201108,2796,8,472,1760,1600,,2026-03-30 12:28:39.07,,y
2665,20180512,2797,8,472,33517,30470,,2026-03-30 12:28:39.07,,y
2666,20140607,2798,8,472,18030,16391,,2026-03-30 12:28:39.07,,y
2667,20170709,2799,8,472,9752,8865,,2026-03-30 12:28:39.07,,y
2668,20150607,2800,8,472,"11485,73","10441,57",,2026-03-30 12:28:39.07,,y
2669,20170706,2801,8,472,20953,19048,,2026-03-30 12:28:39.07,,y
2670,20220509,2802,8,472,"1644,06","1494,6",,2026-03-30 12:28:39.07,,y
2671,20120512,2803,8,472,"2755,4","2504,91",,2026-03-30 12:28:39.07,,y
2672,20200602,2804,8,472,"4618,75","4198,86",,2026-03-30 12:28:39.07,,y
2673,20160306,2805,8,472,"3620,84","3291,67",,2026-03-30 12:28:39.07,,y
2674,20211202,2806,8,472,40454,36776,,2026-03-30 12:28:39.07,,y
2675,20120702,2807,8,472,"32269,45","29335,86",,2026-03-30 12:28:39.07,,y
2676,20130607,2808,8,472,6583,5985,,2026-03-30 12:28:39.07,,y
2677,20180202,2809,8,472,989,899,,2026-03-30 12:28:39.07,,y
2678,20190308,2810,8,472,"6146,7","5587,91",,2026-03-30 12:28:39.07,,y
2679,20171102,2811,8,472,96946,88133,,2026-03-30 12:28:39.07,,y
2680,20201101,2812,8,472,"3120,51","2836,83",,2026-03-30 12:28:39.07,,y
2681,20140405,2813,8,472,36300,33000,,2026-03-30 12:28:39.07,,y
2682,20200103,2814,8,472,7106,6460,,2026-03-30 12:28:39.07,,y
2683,20230402,2815,8,472,27028,24571,,2026-03-30 12:28:39.07,,y
2684,20181006,2816,8,472,63199,57454,,2026-03-30 12:28:39.07,,y
2685,20200310,2817,8,472,295232,268393,,2026-03-30 12:28:39.07,,y
2686,20170103,2818,8,472,87780,79800,,2026-03-30 12:28:39.07,,y
2687,20160108,2819,8,472,38400,34909,,2026-03-30 12:28:39.07,,y
2688,20120311,2820,8,472,"4010,14","3645,58",,2026-03-30 12:28:39.07,,y
2689,20220710,2821,8,472,"4306,26","3914,78",,2026-03-30 12:28:39.07,,y
2690,20150812,2822,8,472,"12859,43","11690,39",,2026-03-30 12:28:39.071,,y
2691,20180703,2823,8,472,64556,58687,,2026-03-30 12:28:39.071,,y
2692,20130312,2824,8,472,1870,1700,,2026-03-30 12:28:39.071,,y
2693,20161203,2825,8,472,8616,7833,,2026-03-30 12:28:39.071,,y
2694,20150508,2826,8,472,"51803,01","47093,65",,2026-03-30 12:28:39.071,,y
2695,20150604,2827,8,472,"8905,77","8096,15",,2026-03-30 12:28:39.071,,y
2696,20170112,2828,8,472,32760,29782,,2026-03-30 12:28:39.071,,y
2697,20200508,2829,8,472,80721,73383,,2026-03-30 12:28:39.071,,y
2698,20210103,2830,8,472,"51998,08","47270,98",,2026-03-30 12:28:39.071,,y
2699,20220902,2831,8,472,4737,4306,,2026-03-30 12:28:39.071,,y
2700,20151110,2832,8,472,"23804,88","21640,8",,2026-03-30 12:28:39.071,,y
2701,20190101,2833,8,472,21085,19168,,2026-03-30 12:28:39.071,,y
2702,20150711,2834,8,472,"36724,38","33385,8",,2026-03-30 12:28:39.071,,y
2703,20200309,2835,8,472,46079,41890,,2026-03-30 12:28:39.071,,y
2704,20170305,2836,8,472,39419,35835,,2026-03-30 12:28:39.071,,y
2705,20200902,2837,8,472,19062,17329,,2026-03-30 12:28:39.071,,y
2706,20150811,2838,8,472,14299,12999,,2026-03-30 12:28:39.071,,y
2707,20150110,2839,8,472,"2463,78","2239,8",,2026-03-30 12:28:39.071,,y
2708,20210909,2840,8,472,97950,89045,,2026-03-30 12:28:39.071,,y
2709,20190803,2841,8,472,"1143,66","1039,69",,2026-03-30 12:28:39.071,,y
2710,20130907,2842,8,472,"4651,38","4228,53",,2026-03-30 12:28:39.071,,y
2711,20180611,2843,8,472,"13903,45","12639,5",,2026-03-30 12:28:39.071,,y
2712,20131010,2844,8,472,11590,10536,,2026-03-30 12:28:39.071,,y
2713,20210410,2845,8,472,9673,8794,,2026-03-30 12:28:39.071,,y
2714,20190510,2846,8,472,"108742,8","98857,09",,2026-03-30 12:28:39.071,,y
2715,20160407,2847,8,472,97591,88719,,2026-03-30 12:28:39.071,,y
2716,20130307,2848,8,472,"4949,95","4499,95",,2026-03-30 12:28:39.071,,y
2717,20160307,2849,8,472,"17430,48","15845,89",,2026-03-30 12:28:39.071,,y
2718,20130110,2850,8,472,"5900,59","5364,17",,2026-03-30 12:28:39.071,,y
2719,20180408,2851,8,472,"52466,15","47696,5",,2026-03-30 12:28:39.071,,y
2720,20120312,2852,8,472,20458,18598,,2026-03-30 12:28:39.071,,y
2721,20200805,2853,8,472,"14825,03","13477,3",,2026-03-30 12:28:39.071,,y
2722,20190212,2854,8,472,"6234,94","5668,13",,2026-03-30 12:28:39.071,,y
2723,20190610,2855,8,472,"2136,88","1942,62",,2026-03-30 12:28:39.071,,y
2724,20181008,2856,8,472,59452,54047,,2026-03-30 12:28:39.071,,y
2725,20180406,2857,8,472,11474,10431,,2026-03-30 12:28:39.071,,y
2726,20131001,2858,8,472,"4474,94","4068,13",,2026-03-30 12:28:39.071,,y
2727,20160902,2859,8,472,27273,24794,,2026-03-30 12:28:39.071,,y
2728,20190305,2860,8,472,16194,14722,,2026-03-30 12:28:39.071,,y
2729,20180701,2861,8,472,65996,59996,,2026-03-30 12:28:39.071,,y
2730,20151112,2862,8,472,20521,18655,,2026-03-30 12:28:39.071,,y
2731,20130210,2863,8,472,118250,107500,,2026-03-30 12:28:39.071,,y
2732,20210402,2864,8,472,"3805,63","3459,66",,2026-03-30 12:28:39.071,,y
2733,20131202,2865,8,472,"10865,23","9877,48",,2026-03-30 12:28:39.071,,y
2734,20140508,2866,8,472,"42402,27","38547,52",,2026-03-30 12:28:39.071,,y
2735,20131006,2867,8,472,27431,24937,,2026-03-30 12:28:39.071,,y
2736,20150303,2868,8,472,"3323,1",3021,,2026-03-30 12:28:39.072,,y
2737,20120106,2869,8,472,82097,74634,,2026-03-30 12:28:39.072,,y
2738,20200208,2870,8,472,61225,55659,,2026-03-30 12:28:39.072,,y
2739,20161104,2871,8,472,"8813,39","8012,17",,2026-03-30 12:28:39.072,,y
2740,20200709,2872,8,472,17600,16000,,2026-03-30 12:28:39.072,,y
2741,20150602,2873,8,472,38711,35192,,2026-03-30 12:28:39.072,,y
2742,20180810,2874,8,472,"36623,38","33293,98",,2026-03-30 12:28:39.072,,y
2743,20170706,2875,8,472,13903,12639,,2026-03-30 12:28:39.072,,y
2744,20180401,2876,8,472,52796,47996,,2026-03-30 12:28:39.072,,y
2745,20210404,2877,8,472,"3065,64","2786,95",,2026-03-30 12:28:39.072,,y
2746,20130911,2878,8,472,"2743,31","2493,92",,2026-03-30 12:28:39.072,,y
2747,20120310,2879,8,472,1100,1000,,2026-03-30 12:28:39.072,,y
2748,20120510,2880,8,472,45640,41491,,2026-03-30 12:28:39.072,,y
2749,20140311,2881,8,472,"1094,63","995,12",,2026-03-30 12:28:39.072,,y
2750,20130512,2882,8,472,"18863,63","17148,75",,2026-03-30 12:28:39.072,,y
2751,20200110,2883,8,472,"94623,26","86021,15",,2026-03-30 12:28:39.072,,y
2752,20191212,2884,8,472,"4285,91","3896,28",,2026-03-30 12:28:39.072,,y
2753,20211001,2885,8,472,20850,18955,,2026-03-30 12:28:39.072,,y
2754,20160408,2886,8,472,10824,9840,,2026-03-30 12:28:39.072,,y
2755,20190210,2887,8,472,39402,35820,,2026-03-30 12:28:39.072,,y
2756,20200705,2888,8,472,15065,13695,,2026-03-30 12:28:39.072,,y
2757,20210504,2889,8,472,68881,62619,,2026-03-30 12:28:39.072,,y
2758,20170911,2890,8,472,109989,99990,,2026-03-30 12:28:39.072,,y
2759,20160803,2891,8,472,"24596,92","22360,84",,2026-03-30 12:28:39.072,,y
2760,20190304,2892,8,472,59320,53927,,2026-03-30 12:28:39.072,,y
2761,20180601,2893,8,472,12099,10999,,2026-03-30 12:28:39.072,,y
2762,20211005,2894,8,472,6472,5884,,2026-03-30 12:28:39.072,,y
2763,20190609,2895,8,472,"31954,82","29049,84",,2026-03-30 12:28:39.072,,y
2764,20130807,2896,8,472,"19347,63","17588,75",,2026-03-30 12:28:39.072,,y
2765,20210810,2897,8,472,22908,20825,,2026-03-30 12:28:39.072,,y
2766,20200612,2898,8,472,"4254,39","3867,63",,2026-03-30 12:28:39.072,,y
2767,20140104,2899,8,472,"6204,19","5640,17",,2026-03-30 12:28:39.072,,y
2768,20170411,2900,8,472,"5906,47","5369,52",,2026-03-30 12:28:39.072,,y
2769,20130602,2901,8,472,"4938,23","4489,3",,2026-03-30 12:28:39.072,,y
2770,20170501,2902,8,472,"9256,59","8415,08",,2026-03-30 12:28:39.072,,y
2771,20140403,2903,8,472,57082,51893,,2026-03-30 12:28:39.072,,y
2772,20170303,2904,8,472,20427,18570,,2026-03-30 12:28:39.072,,y
2773,20120811,2905,8,472,280466,254969,,2026-03-30 12:28:39.072,,y
2774,20200306,2906,8,472,"2111,97","1919,97",,2026-03-30 12:28:39.072,,y
2775,20200512,2907,8,472,17380,15800,,2026-03-30 12:28:39.072,,y
2776,20130805,2908,8,472,35712,32465,,2026-03-30 12:28:39.072,,y
2777,20200811,2909,8,472,29700,27000,,2026-03-30 12:28:39.072,,y
2778,20121011,2910,8,472,22766,20696,,2026-03-30 12:28:39.072,,y
2779,20200904,2911,8,472,"106498,92","96817,2",,2026-03-30 12:28:39.073,,y
2780,20160705,2912,8,472,41467,37697,,2026-03-30 12:28:39.073,,y
2781,20150301,2913,8,472,92022,83656,,2026-03-30 12:28:39.073,,y
2782,20161012,2914,8,472,5553,"5048,18",,2026-03-30 12:28:39.073,,y
2783,20160504,2915,8,472,99853,90775,,2026-03-30 12:28:39.073,,y
2784,20210905,2916,8,472,24417,22197,,2026-03-30 12:28:39.073,,y
2785,20211105,2917,8,472,19800,18000,,2026-03-30 12:28:39.073,,y
2786,20170306,2918,8,472,"1523,45","1384,95",,2026-03-30 12:28:39.073,,y
2787,20151007,2919,8,472,"8168,41","7425,83",,2026-03-30 12:28:39.073,,y
2788,20140108,2920,8,472,329,299,,2026-03-30 12:28:39.073,,y
2789,20190201,2921,8,472,90466,82242,,2026-03-30 12:28:39.073,,y
2790,20161008,2922,8,472,13639,12399,,2026-03-30 12:28:39.073,,y
2791,20160101,2923,8,472,35195,31995,,2026-03-30 12:28:39.073,,y
2792,20210910,2924,8,472,151688,137898,,2026-03-30 12:28:39.073,,y
2793,20201210,2925,8,472,"7068,38","6425,8",,2026-03-30 12:28:39.073,,y
2794,20171101,2926,8,472,"72423,87","65839,88",,2026-03-30 12:28:39.073,,y
2795,20191110,2927,8,472,17710,16100,,2026-03-30 12:28:39.073,,y
2796,20190207,2928,8,472,"20437,73","18579,75",,2026-03-30 12:28:39.073,,y
2797,20190508,2929,8,472,"1722,39","1565,81",,2026-03-30 12:28:39.073,,y
2798,20120204,2930,8,472,2820,2564,,2026-03-30 12:28:39.073,,y
2799,20140709,2931,8,472,14300,13000,,2026-03-30 12:28:39.073,,y
2800,20121008,2932,8,472,"17108,96","15553,6",,2026-03-30 12:28:39.073,,y
2801,20150810,2933,8,472,20753,18866,,2026-03-30 12:28:39.073,,y
2802,20170406,2934,8,472,"12278,7","11162,45",,2026-03-30 12:28:39.073,,y
2803,20120306,2935,8,472,"11633,66","10576,05",,2026-03-30 12:28:39.073,,y
2804,20140609,2936,8,472,"16537,65","15034,23",,2026-03-30 12:28:39.073,,y
2805,20220605,2937,8,472,50747,46134,,2026-03-30 12:28:39.073,,y
2806,20190801,2938,8,472,"68442,26","62220,24",,2026-03-30 12:28:39.073,,y
2807,20180803,2939,8,472,83599,75999,,2026-03-30 12:28:39.074,,y
2808,20190601,2940,8,472,70396,63996,,2026-03-30 12:28:39.074,,y
2809,20130208,2941,8,472,40268,36607,,2026-03-30 12:28:39.074,,y
2810,20131008,2942,8,472,"41027,47","37297,7",,2026-03-30 12:28:39.074,,y
2811,20130707,2943,8,472,2777,"2524,55",,2026-03-30 12:28:39.074,,y
2812,20191204,2944,8,472,72057,65506,,2026-03-30 12:28:39.074,,y
2813,20160802,2945,8,472,10095,9177,,2026-03-30 12:28:39.074,,y
2814,20220401,2946,8,472,"3622,17","3292,88",,2026-03-30 12:28:39.074,,y
2815,20190607,2947,8,472,40050,36409,,2026-03-30 12:28:39.074,,y
2816,20190306,2948,8,472,54616,49651,,2026-03-30 12:28:39.074,,y
2817,20170209,2949,8,472,16594,15085,,2026-03-30 12:28:39.074,,y
2818,20200506,2950,8,472,10497,9543,,2026-03-30 12:28:39.074,,y
2819,20200104,2951,8,472,"5224,97","4749,97",,2026-03-30 12:28:39.074,,y
2820,20111106,2952,8,472,2550,2318,,2026-03-30 12:28:39.074,,y
2821,20171109,2953,8,472,4400,4000,,2026-03-30 12:28:39.074,,y
2822,20180602,2954,8,472,5702,5184,,2026-03-30 12:28:39.074,,y
2823,20160305,2955,8,472,42444,38585,,2026-03-30 12:28:39.074,,y
2824,20151010,2956,8,472,21714,19740,,2026-03-30 12:28:39.074,,y
2825,20220503,2957,8,472,71245,64768,,2026-03-30 12:28:39.074,,y
2826,20230601,2958,8,472,16497,14997,,2026-03-30 12:28:39.074,,y
2827,20171112,2959,8,472,58507,"53188,18",,2026-03-30 12:28:39.074,,y
2828,20140905,2960,8,472,"2248,08","2043,71",,2026-03-30 12:28:39.074,,y
2829,20140111,2961,8,472,7714,7013,,2026-03-30 12:28:39.074,,y
2830,20210905,2962,8,472,"58523,19","53202,9",,2026-03-30 12:28:39.074,,y
2831,20210407,2963,8,472,1647,1497,,2026-03-30 12:28:39.074,,y
2832,20160212,2964,8,472,"3454,44","3140,4",,2026-03-30 12:28:39.074,,y
2833,20140608,2965,8,472,"1496,99","1360,9",,2026-03-30 12:28:39.074,,y
2834,20160412,2966,8,472,38927,35388,,2026-03-30 12:28:39.074,,y
2835,20181109,2967,8,472,16830,15300,,2026-03-30 12:28:39.074,,y
2836,20170609,2968,8,472,111315,101195,,2026-03-30 12:28:39.074,,y
2837,20200207,2969,8,472,"49838,1","45307,36",,2026-03-30 12:28:39.074,,y
2838,20160309,2970,8,472,"2431,28","2210,25",,2026-03-30 12:28:39.074,,y
2839,20130304,2971,8,472,"1509,64","1372,4",,2026-03-30 12:28:39.074,,y
2840,20200907,2972,8,472,"1802,53","1638,66",,2026-03-30 12:28:39.074,,y
2841,20191208,2973,8,472,57361,52146,,2026-03-30 12:28:39.074,,y
2842,20131207,2974,8,472,"25738,94","23399,04",,2026-03-30 12:28:39.074,,y
2843,20190611,2975,8,472,"7876,46","7160,42",,2026-03-30 12:28:39.074,,y
2844,20180105,2976,8,472,"3992,97","3629,97",,2026-03-30 12:28:39.075,,y
2845,20160707,2977,8,472,22000,20000,,2026-03-30 12:28:39.075,,y
2846,20170110,2978,8,472,201251,182955,,2026-03-30 12:28:39.075,,y
2847,20120610,2979,8,472,21043,19130,,2026-03-30 12:28:39.075,,y
2848,20110812,2980,8,472,20550,18682,,2026-03-30 12:28:39.075,,y
2849,20190503,2981,8,472,3297,2997,,2026-03-30 12:28:39.075,,y
2850,20200805,2982,8,472,28728,26116,,2026-03-30 12:28:39.075,,y
2851,20140103,2983,8,472,"21116,94","19197,22",,2026-03-30 12:28:39.075,,y
2852,20171202,2984,8,472,43386,39442,,2026-03-30 12:28:39.075,,y
2853,20121207,2985,8,472,6600,6000,,2026-03-30 12:28:39.075,,y
2854,20180704,2986,8,472,"1938,76","1762,51",,2026-03-30 12:28:39.075,,y
2855,20140408,2987,8,472,72043,65494,,2026-03-30 12:28:39.075,,y
2856,20150511,2988,8,472,"18454,56","16776,87",,2026-03-30 12:28:39.075,,y
2857,20220301,2989,8,472,"2766,45","2514,95",,2026-03-30 12:28:39.075,,y
2858,20150301,2990,8,472,13198,11998,,2026-03-30 12:28:39.075,,y
2859,20120904,2991,8,472,4396,3996,,2026-03-30 12:28:39.075,,y
2860,20150105,2992,8,472,55154,50140,,2026-03-30 12:28:39.075,,y
2861,20190103,2993,8,472,33111,30101,,2026-03-30 12:28:39.075,,y
2862,20190207,2994,8,472,18919,17199,,2026-03-30 12:28:39.075,,y
2863,20140811,2995,8,472,"33847,07","30770,06",,2026-03-30 12:28:39.075,,y
2864,20130601,2996,8,472,102288,92989,,2026-03-30 12:28:39.075,,y
2865,20200507,2997,8,472,48225,43841,,2026-03-30 12:28:39.075,,y
2866,20160901,2998,8,472,22323,20294,,2026-03-30 12:28:39.075,,y
2867,20221102,2999,8,472,"3695,93","3359,94",,2026-03-30 12:28:39.075,,y
2868,20200305,3000,8,472,"53550,75","48682,5",,2026-03-30 12:28:39.075,,y
2869,20191206,3001,8,472,14757,13415,,2026-03-30 12:28:39.075,,y
2870,20170608,3002,8,472,2200,2000,,2026-03-30 12:28:39.075,,y
2871,20211002,3003,8,472,6369,5790,,2026-03-30 12:28:39.075,,y
2872,20160308,3004,8,472,"5857,51","5325,01",,2026-03-30 12:28:39.075,,y
2873,20200612,3005,8,472,32311,29374,,2026-03-30 12:28:39.075,,y
2874,20180508,3006,8,472,"6596,49","5996,81",,2026-03-30 12:28:39.075,,y
2875,20200504,3007,8,472,5968,5425,,2026-03-30 12:28:39.075,,y
2876,20220507,3008,8,472,"7920,58","7200,53",,2026-03-30 12:28:39.075,,y
2877,20130809,3009,8,472,"4632,12","4211,02",,2026-03-30 12:28:39.075,,y
2878,20200610,3010,8,472,"3634,89","3304,45",,2026-03-30 12:28:39.075,,y
2879,20130511,3011,8,472,50380,45800,,2026-03-30 12:28:39.075,,y
2880,20131204,3012,8,472,8389,7626,,2026-03-30 12:28:39.075,,y
2881,20200801,3013,8,472,"33527,36","30479,42",,2026-03-30 12:28:39.075,,y
2882,20160409,3014,8,472,"39561,94","35965,4",,2026-03-30 12:28:39.077,,y
2883,20130303,3015,8,472,67646,61496,,2026-03-30 12:28:39.077,,y
2884,20131102,3016,8,472,"2779,7",2527,,2026-03-30 12:28:39.077,,y
2885,20200703,3017,8,472,230429,209481,,2026-03-30 12:28:39.077,,y
2886,20180910,3018,8,472,13966,12696,,2026-03-30 12:28:39.077,,y
2887,20190309,3019,8,472,"5296,38","4814,89",,2026-03-30 12:28:39.077,,y
2888,20170412,3020,8,472,"2984,25","2712,95",,2026-03-30 12:28:39.077,,y
2889,20180501,3021,8,472,"36526,6",33206,,2026-03-30 12:28:39.077,,y
2890,20160103,3022,8,472,"5213,9","4739,91",,2026-03-30 12:28:39.077,,y
2891,20130110,3023,8,472,"2232,89","2029,9",,2026-03-30 12:28:39.077,,y
2892,20130112,3024,8,472,21619,19654,,2026-03-30 12:28:39.077,,y
2893,20130911,3025,8,472,"4729,47","4299,52",,2026-03-30 12:28:39.077,,y
2894,20170311,3026,8,472,"52697,26","47906,6",,2026-03-30 12:28:39.077,,y
2895,20200702,3027,8,472,"96432,75","87666,14",,2026-03-30 12:28:39.077,,y
2896,20131103,3028,8,472,"46660,9",42419,,2026-03-30 12:28:39.077,,y
2897,20170901,3029,8,472,45979,41799,,2026-03-30 12:28:39.077,,y
2898,20140110,3030,8,472,6545,5950,,2026-03-30 12:28:39.077,,y
2899,20181207,3031,8,472,"18559,68","16872,44",,2026-03-30 12:28:39.077,,y
2900,20190810,3032,8,472,48389,43990,,2026-03-30 12:28:39.077,,y
2901,20130111,3033,8,472,65061,59146,,2026-03-30 12:28:39.077,,y
2902,20130907,3034,8,472,"29531,6","26846,91",,2026-03-30 12:28:39.077,,y
2903,20150610,3035,8,472,10996,9996,,2026-03-30 12:28:39.077,,y
2904,20121107,3036,8,472,657,597,,2026-03-30 12:28:39.077,,y
2905,20140411,3037,8,472,"1997,45","1815,86",,2026-03-30 12:28:39.077,,y
2906,20120104,3038,8,472,"4237,17","3851,97",,2026-03-30 12:28:39.077,,y
2907,20170412,3039,8,472,20887,18988,,2026-03-30 12:28:39.077,,y
2908,20200408,3040,8,472,"3013,9","2739,91",,2026-03-30 12:28:39.077,,y
2909,20170710,3041,8,472,15213,13830,,2026-03-30 12:28:39.077,,y
2910,20170606,3042,8,472,"46273,39","42066,72",,2026-03-30 12:28:39.077,,y
2911,20161204,3043,8,472,3102,2820,,2026-03-30 12:28:39.077,,y
2912,20190610,3044,8,472,18831,17119,,2026-03-30 12:28:39.077,,y
2913,20191104,3045,8,472,45568,41425,,2026-03-30 12:28:39.078,,y
2914,20170512,3046,8,472,29555,26868,,2026-03-30 12:28:39.078,,y
2915,20150101,3047,8,472,"43523,4","39566,73",,2026-03-30 12:28:39.078,,y
2916,20200211,3048,8,472,30793,27994,,2026-03-30 12:28:39.078,,y
2917,20190408,3049,8,472,12811,11646,,2026-03-30 12:28:39.078,,y
2918,20191008,3050,8,472,49383,44894,,2026-03-30 12:28:39.078,,y
2919,20200506,3051,8,472,105683,96075,,2026-03-30 12:28:39.078,,y
2920,20130110,3052,8,472,"7110,4",6464,,2026-03-30 12:28:39.078,,y
2921,20150205,3053,8,472,4938,4489,,2026-03-30 12:28:39.078,,y
2922,20200104,3054,8,472,31345,28495,,2026-03-30 12:28:39.078,,y
2923,20171111,3055,8,472,2675,2432,,2026-03-30 12:28:39.078,,y
2924,20161004,3056,8,472,"19657,47","17870,43",,2026-03-30 12:28:39.078,,y
2925,20160701,3057,8,472,1978,1798,,2026-03-30 12:28:39.078,,y
2926,20130303,3058,8,472,15474,14067,,2026-03-30 12:28:39.078,,y
2927,20130110,3059,8,472,66543,60494,,2026-03-30 12:28:39.078,,y
2928,20160802,3060,8,472,"64577,12","58706,47",,2026-03-30 12:28:39.078,,y
2929,20180505,3061,8,472,38994,35449,,2026-03-30 12:28:39.078,,y
2930,20151101,3062,8,472,18811,17101,,2026-03-30 12:28:39.078,,y
2931,20150512,3063,8,472,10560,9600,,2026-03-30 12:28:39.078,,y
2932,20140605,3064,8,472,15470,14064,,2026-03-30 12:28:39.078,,y
2933,20190307,3065,8,472,29602,26911,,2026-03-30 12:28:39.078,,y
2934,20160201,3066,8,472,44772,40702,,2026-03-30 12:28:39.078,,y
2935,20150609,3067,8,472,"4729,96","4299,96",,2026-03-30 12:28:39.078,,y
2936,20170804,3068,8,472,8513,7739,,2026-03-30 12:28:39.078,,y
2937,20130803,3069,8,472,1482,1347,,2026-03-30 12:28:39.078,,y
2938,20190807,3070,8,472,"4531,65","4119,68",,2026-03-30 12:28:39.078,,y
2939,20170110,3071,8,472,1977,1797,,2026-03-30 12:28:39.078,,y
2940,20210710,3072,8,472,"1620,38","1473,07",,2026-03-30 12:28:39.078,,y
2941,20150603,3073,8,472,"8815,37","8013,97",,2026-03-30 12:28:39.078,,y
2942,20200208,3074,8,472,11700,10636,,2026-03-30 12:28:39.078,,y
2943,20180111,3075,8,472,2713,2466,,2026-03-30 12:28:39.078,,y
2944,20160606,3076,8,472,13695,12450,,2026-03-30 12:28:39.078,,y
2945,20110310,3077,8,472,"70577,35","64161,23",,2026-03-30 12:28:39.078,,y
2946,20150207,3078,8,472,10385,9441,,2026-03-30 12:28:39.078,,y
2947,20211005,3079,8,472,"15089,59","13717,81",,2026-03-30 12:28:39.078,,y
2948,20120609,3080,8,472,49552,45047,,2026-03-30 12:28:39.078,,y
2949,20220202,3081,8,472,"2881,64","2619,67",,2026-03-30 12:28:39.078,,y
2950,20190708,3082,8,472,"16253,6",14776,,2026-03-30 12:28:39.078,,y
2951,20161009,3083,8,472,"2551,21","2319,28",,2026-03-30 12:28:39.078,,y
2952,20210210,3084,8,472,"74294,55","67540,5",,2026-03-30 12:28:39.078,,y
2953,20140408,3085,8,472,"2260,5",2055,,2026-03-30 12:28:39.078,,y
2954,20150112,3086,8,472,9858,8962,,2026-03-30 12:28:39.079,,y
2955,20210706,3087,8,472,147380,133982,,2026-03-30 12:28:39.079,,y
2956,20111208,3088,8,472,"55849,63","50772,39",,2026-03-30 12:28:39.079,,y
2957,20130302,3089,8,472,48399,43999,,2026-03-30 12:28:39.079,,y
2958,20210802,3090,8,472,1980,1800,,2026-03-30 12:28:39.079,,y
2959,20170506,3091,8,472,36838,33489,,2026-03-30 12:28:39.079,,y
2960,20180503,3092,8,472,245403,223094,,2026-03-30 12:28:39.079,,y
2961,20180204,3093,8,472,"4193,64","3812,4",,2026-03-30 12:28:39.079,,y
2962,20150311,3094,8,472,"74431,5",67665,,2026-03-30 12:28:39.079,,y
2963,20140207,3095,8,472,"98090,41","89173,1",,2026-03-30 12:28:39.079,,y
2964,20190303,3096,8,472,39775,36159,,2026-03-30 12:28:39.079,,y
2965,20170310,3097,8,472,"2235,2",2032,,2026-03-30 12:28:39.079,,y
2966,20201212,3098,8,472,"8820,75","8018,86",,2026-03-30 12:28:39.079,,y
2967,20191211,3099,8,472,59400,54000,,2026-03-30 12:28:39.079,,y
2968,20200108,3100,8,472,"24520,9","22291,73",,2026-03-30 12:28:39.079,,y
2969,20120606,3101,8,472,29567,26879,,2026-03-30 12:28:39.079,,y
2970,20180201,3102,8,472,91621,83292,,2026-03-30 12:28:39.079,,y
2971,20160510,3103,8,472,23729,21572,,2026-03-30 12:28:39.079,,y
2972,20150304,3104,8,472,18773,17066,,2026-03-30 12:28:39.079,,y
2973,20120504,3105,8,472,49463,44966,,2026-03-30 12:28:39.079,,y
2974,20171111,3106,8,472,"8389,96","7627,24",,2026-03-30 12:28:39.079,,y
2975,20190511,3107,8,472,5396,4905,,2026-03-30 12:28:39.079,,y
2976,20160405,3108,8,472,122836,111669,,2026-03-30 12:28:39.079,,y
2977,20210202,3109,8,472,6061,5510,,2026-03-30 12:28:39.079,,y
2978,20130504,3110,8,472,"31822,25","28929,32",,2026-03-30 12:28:39.079,,y
2979,20160208,3111,8,472,"33972,73","30884,3",,2026-03-30 12:28:39.079,,y
2980,20200704,3112,8,472,38494,34995,,2026-03-30 12:28:39.079,,y
2981,20200605,3113,8,472,"36210,72","32918,84",,2026-03-30 12:28:39.079,,y
2982,20130710,3114,8,472,15313,13921,,2026-03-30 12:28:39.079,,y
2983,20171211,3115,8,472,45791,41628,,2026-03-30 12:28:39.079,,y
2984,20170808,3116,8,472,"39935,77","36305,25",,2026-03-30 12:28:39.079,,y
2985,20111112,3117,8,472,24145,21950,,2026-03-30 12:28:39.079,,y
2986,20130705,3118,8,472,"2934,7","2667,91",,2026-03-30 12:28:39.079,,y
2987,20140608,3119,8,472,43771,39792,,2026-03-30 12:28:39.079,,y
2988,20160407,3120,8,472,"12261,98","11147,25",,2026-03-30 12:28:39.079,,y
2989,20190409,3121,8,472,81628,74207,,2026-03-30 12:28:39.079,,y
2990,20130112,3122,8,472,42563,38694,,2026-03-30 12:28:39.079,,y
2991,20150202,3123,8,472,15180,13800,,2026-03-30 12:28:39.08,,y
2992,20130104,3124,8,472,60058,54598,,2026-03-30 12:28:39.08,,y
2993,20150501,3125,8,472,"19189,78","17445,25",,2026-03-30 12:28:39.08,,y
2994,20220607,3126,8,472,34033,30939,,2026-03-30 12:28:39.08,,y
2995,20180910,3127,8,472,"2298,03","2089,12",,2026-03-30 12:28:39.08,,y
2996,20120907,3128,8,472,"3382,45","3074,95",,2026-03-30 12:28:39.08,,y
2997,20181204,3129,8,472,"106081,93","96438,12",,2026-03-30 12:28:39.08,,y
2998,20201108,3130,8,472,25077,22797,,2026-03-30 12:28:39.08,,y
2999,20190703,3131,8,472,"6004,31","5458,46",,2026-03-30 12:28:39.08,,y
3000,20140508,3132,8,472,32334,29395,,2026-03-30 12:28:39.08,,y
3001,20210510,3133,8,472,"84960,27","77236,61",,2026-03-30 12:28:39.08,,y
3002,20180603,3134,8,472,"40468,37","36789,43",,2026-03-30 12:28:39.08,,y
3003,20170305,3135,8,472,121535,110486,,2026-03-30 12:28:39.08,,y
3004,20220407,3136,8,472,7694,6995,,2026-03-30 12:28:39.08,,y
3005,20160302,3137,8,472,33471,30428,,2026-03-30 12:28:39.08,,y
3006,20200112,3138,8,472,12680,11527,,2026-03-30 12:28:39.08,,y
3007,20151212,3139,8,472,29427,26752,,2026-03-30 12:28:39.08,,y
3008,20220111,3140,8,472,71643,65130,,2026-03-30 12:28:39.08,,y
3009,20190304,3141,8,472,154721,140655,,2026-03-30 12:28:39.08,,y
3010,20190710,3142,8,472,92070,83700,,2026-03-30 12:28:39.08,,y
3011,20171104,3143,8,472,50274,45704,,2026-03-30 12:28:39.08,,y
3012,20150110,3144,8,472,13939,12672,,2026-03-30 12:28:39.08,,y
3013,20150305,3145,8,472,15838,14398,,2026-03-30 12:28:39.08,,y
3014,20190412,3146,8,472,10670,9700,,2026-03-30 12:28:39.08,,y
3015,20120901,3147,8,472,219,199,,2026-03-30 12:28:39.08,,y
3016,20171010,3148,8,472,24769,22517,,2026-03-30 12:28:39.08,,y
3017,20130904,3149,8,472,"30589,71","27808,83",,2026-03-30 12:28:39.08,,y
3018,20180208,3150,8,472,28964,26331,,2026-03-30 12:28:39.08,,y
3019,20171002,3151,8,472,93431,84937,,2026-03-30 12:28:39.08,,y
3020,20191212,3152,8,472,"5873,9","5339,91",,2026-03-30 12:28:39.08,,y
3021,20180811,3153,8,472,"67719,34","61563,04",,2026-03-30 12:28:39.08,,y
3022,20131109,3154,8,472,15980,14527,,2026-03-30 12:28:39.08,,y
3023,20190406,3155,8,472,22000,20000,,2026-03-30 12:28:39.08,,y
3024,20171208,3156,8,472,"21089,9","19172,64",,2026-03-30 12:28:39.08,,y
3025,20200712,3157,8,472,"32880,8","29891,64",,2026-03-30 12:28:39.08,,y
3026,20190602,3158,8,472,40324,36658,,2026-03-30 12:28:39.08,,y
3027,20171201,3159,8,472,19796,17996,,2026-03-30 12:28:39.08,,y
3028,20190208,3160,8,472,5428,4935,,2026-03-30 12:28:39.08,,y
3029,20140701,3161,8,472,69890,63536,,2026-03-30 12:28:39.08,,y
3030,20220408,3162,8,472,"2903,34","2639,4",,2026-03-30 12:28:39.08,,y
3031,20220501,3163,8,472,19932,18120,,2026-03-30 12:28:39.08,,y
3032,20210911,3164,8,472,26773,24339,,2026-03-30 12:28:39.08,,y
3033,20190204,3165,8,472,2199,1999,,2026-03-30 12:28:39.08,,y
3034,20210406,3166,8,472,33178,30162,,2026-03-30 12:28:39.08,,y
3035,20170611,3167,8,472,"4845,38","4404,89",,2026-03-30 12:28:39.08,,y
3036,20120607,3168,8,472,4699,4272,,2026-03-30 12:28:39.08,,y
3037,20190903,3169,8,472,1977,1797,,2026-03-30 12:28:39.081,,y
3038,20180601,3170,8,472,"42275,77","38432,52",,2026-03-30 12:28:39.081,,y
3039,20180201,3171,8,472,147367,133970,,2026-03-30 12:28:39.081,,y
3040,20201008,3172,8,472,56678,51525,,2026-03-30 12:28:39.081,,y
3041,20210105,3173,8,472,"60895,37","55359,43",,2026-03-30 12:28:39.081,,y
3042,20210504,3174,8,472,"1292,69","1175,17",,2026-03-30 12:28:39.081,,y
3043,20190607,3175,8,472,36297,32997,,2026-03-30 12:28:39.081,,y
3044,20150112,3176,8,472,13194,11995,,2026-03-30 12:28:39.081,,y
3045,20141212,3177,8,472,"52439,51","47672,28",,2026-03-30 12:28:39.081,,y
3046,20130612,3178,8,472,9900,9000,,2026-03-30 12:28:39.081,,y
3047,20180210,3179,8,472,11539,10490,,2026-03-30 12:28:39.081,,y
3048,20170307,3180,8,472,103395,93995,,2026-03-30 12:28:39.081,,y
3049,20121110,3181,8,472,48870,44427,,2026-03-30 12:28:39.081,,y
3050,20210503,3182,8,472,"8695,03","7904,57",,2026-03-30 12:28:39.081,,y
3051,20141210,3183,8,472,4806,4369,,2026-03-30 12:28:39.081,,y
3052,20170210,3184,8,472,25719,23381,,2026-03-30 12:28:39.081,,y
3053,20160104,3185,8,472,60015,54559,,2026-03-30 12:28:39.081,,y
3054,20160604,3186,8,472,"11048,74","10044,31",,2026-03-30 12:28:39.081,,y
3055,20160109,3187,8,472,37398,33998,,2026-03-30 12:28:39.081,,y
3056,20180605,3188,8,472,8407,7643,,2026-03-30 12:28:39.081,,y
3057,20180608,3189,8,472,"2568,45","2334,95",,2026-03-30 12:28:39.081,,y
3058,20200102,3190,8,472,"39974,41","36340,37",,2026-03-30 12:28:39.081,,y
3059,20160507,3191,8,472,19447,17679,,2026-03-30 12:28:39.081,,y
3060,20180912,3192,8,472,438,398,,2026-03-30 12:28:39.081,,y
3061,20200108,3193,8,472,"8605,01","7822,74",,2026-03-30 12:28:39.081,,y
3062,20190309,3194,8,472,"6097,29","5542,99",,2026-03-30 12:28:39.081,,y
3063,20190301,3195,8,472,"84314,78","76649,8",,2026-03-30 12:28:39.081,,y
3064,20220202,3196,8,472,130262,118420,,2026-03-30 12:28:39.081,,y
3065,20210808,3197,8,472,"34535,08","31395,53",,2026-03-30 12:28:39.081,,y
3066,20130611,3198,8,472,2948,2680,,2026-03-30 12:28:39.081,,y
3067,20160209,3199,8,472,15397,13997,,2026-03-30 12:28:39.081,,y
3068,20220502,3200,8,472,28486,25896,,2026-03-30 12:28:39.081,,y
3069,20150201,3201,8,472,"21879,33","19890,3",,2026-03-30 12:28:39.081,,y
3070,20131112,3202,8,472,68602,62365,,2026-03-30 12:28:39.081,,y
3071,20130209,3203,8,472,201504,183185,,2026-03-30 12:28:39.081,,y
3072,20220503,3204,8,472,9460,8600,,2026-03-30 12:28:39.081,,y
3073,20230102,3205,8,472,28125,25568,,2026-03-30 12:28:39.081,,y
3074,20130707,3206,8,472,40789,37081,,2026-03-30 12:28:39.081,,y
3075,20130308,3207,8,472,262328,238480,,2026-03-30 12:28:39.081,,y
3076,20190211,3208,8,472,12313,11194,,2026-03-30 12:28:39.081,,y
3077,20220502,3209,8,472,"1710,72","1555,2",,2026-03-30 12:28:39.082,,y
3078,20140403,3210,8,472,29340,26673,,2026-03-30 12:28:39.082,,y
3079,20180312,3211,8,472,2200,2000,,2026-03-30 12:28:39.082,,y
3080,20120808,3212,8,472,30644,27858,,2026-03-30 12:28:39.082,,y
3081,20140402,3213,8,472,"26329,42","23935,84",,2026-03-30 12:28:39.082,,y
3082,20120603,3214,8,472,18134,16485,,2026-03-30 12:28:39.082,,y
3083,20150212,3215,8,472,"4713,34","4284,85",,2026-03-30 12:28:39.082,,y
3084,20220110,3216,8,472,28815,26195,,2026-03-30 12:28:39.082,,y
3085,20141110,3217,8,472,1400,1273,,2026-03-30 12:28:39.082,,y
3086,20200307,3218,8,472,22209,20190,,2026-03-30 12:28:39.082,,y
3087,20210407,3219,8,472,37092,33720,,2026-03-30 12:28:39.082,,y
3088,20120609,3220,8,472,21209,19281,,2026-03-30 12:28:39.082,,y
3089,20161112,3221,8,472,"1869,93","1699,94",,2026-03-30 12:28:39.082,,y
3090,20160411,3222,8,472,64900,59000,,2026-03-30 12:28:39.082,,y
3091,20180404,3223,8,472,85603,77821,,2026-03-30 12:28:39.082,,y
3092,20160801,3224,8,472,"12126,87","11024,43",,2026-03-30 12:28:39.082,,y
3093,20180207,3225,8,472,3295,2995,,2026-03-30 12:28:39.082,,y
3094,20150712,3226,8,472,40535,36850,,2026-03-30 12:28:39.082,,y
3095,20171208,3227,8,472,"10319,1",9381,,2026-03-30 12:28:39.082,,y
3096,20151210,3228,8,472,"62384,56","56713,24",,2026-03-30 12:28:39.082,,y
3097,20140809,3229,8,472,"1057,33","961,21",,2026-03-30 12:28:39.082,,y
3098,20200412,3230,8,472,"82649,77","75136,15",,2026-03-30 12:28:39.082,,y
3099,20141005,3231,8,472,53302,48456,,2026-03-30 12:28:39.082,,y
3100,20210605,3232,8,472,2653,2412,,2026-03-30 12:28:39.082,,y
3101,20131211,3233,8,472,15138,13762,,2026-03-30 12:28:39.082,,y
3102,20170308,3234,8,472,"37452,36","34047,6",,2026-03-30 12:28:39.082,,y
3103,20210701,3235,8,472,36298,32998,,2026-03-30 12:28:39.082,,y
3104,20180111,3236,8,472,28050,25500,,2026-03-30 12:28:39.082,,y
3105,20200602,3237,8,472,7125,6477,,2026-03-30 12:28:39.082,,y
3106,20180305,3238,8,472,"73824,49","67113,17",,2026-03-30 12:28:39.082,,y
3107,20140708,3239,8,472,16541,15037,,2026-03-30 12:28:39.105,,y
3108,20161210,3240,8,472,"17740,25","16127,5",,2026-03-30 12:28:39.106,,y
3109,20210408,3241,8,472,31204,28367,,2026-03-30 12:28:39.106,,y
3110,20110507,3242,8,472,105599,95999,,2026-03-30 12:28:39.106,,y
3111,20200207,3243,8,472,31293,28448,,2026-03-30 12:28:39.106,,y
3112,20220604,3244,8,472,12315,11195,,2026-03-30 12:28:39.106,,y
3113,20200603,3245,8,472,"20371,12","18519,2",,2026-03-30 12:28:39.106,,y
3114,20190501,3246,8,472,45625,41477,,2026-03-30 12:28:39.106,,y
3115,20140308,3247,8,472,4400,4000,,2026-03-30 12:28:39.106,,y
3116,20161110,3248,8,472,3755,3414,,2026-03-30 12:28:39.106,,y
3117,20150111,3249,8,472,37705,34277,,2026-03-30 12:28:39.106,,y
3118,20131111,3250,8,472,"2530,38","2300,35",,2026-03-30 12:28:39.106,,y
3119,20180503,3251,8,472,7698,6998,,2026-03-30 12:28:39.106,,y
3120,20150605,3252,8,472,20449,18590,,2026-03-30 12:28:39.106,,y
3121,20160103,3253,8,472,"83746,76","76133,42",,2026-03-30 12:28:39.106,,y
3122,20230701,3254,8,472,"10652,9","9684,45",,2026-03-30 12:28:39.106,,y
3123,20120906,3255,8,472,4225,3841,,2026-03-30 12:28:39.106,,y
3124,20200608,3256,8,472,"9679,88","8799,89",,2026-03-30 12:28:39.106,,y
3125,20160106,3257,8,472,15952,14502,,2026-03-30 12:28:39.106,,y
3126,20130509,3258,8,472,"3712,14","3374,67",,2026-03-30 12:28:39.106,,y
3127,20140109,3259,8,472,13306,12096,,2026-03-30 12:28:39.106,,y
3128,20210403,3260,8,472,57240,52036,,2026-03-30 12:28:39.106,,y
3129,20200811,3261,8,472,2970,2700,,2026-03-30 12:28:39.106,,y
3130,20120602,3262,8,472,4398,3998,,2026-03-30 12:28:39.106,,y
3131,20190401,3263,8,472,"75204,59","68367,81",,2026-03-30 12:28:39.106,,y
3132,20190803,3264,8,472,108008,98189,,2026-03-30 12:28:39.106,,y
3133,20170808,3265,8,472,"5621,34","5110,31",,2026-03-30 12:28:39.106,,y
3134,20130505,3266,8,472,41575,37795,,2026-03-30 12:28:39.106,,y
3135,20171101,3267,8,472,8703,7912,,2026-03-30 12:28:39.106,,y
3136,20200101,3268,8,472,7480,6800,,2026-03-30 12:28:39.106,,y
3137,20200311,3269,8,472,"81508,24","74098,4",,2026-03-30 12:28:39.106,,y
3138,20140304,3270,8,472,66164,60149,,2026-03-30 12:28:39.106,,y
3139,20200211,3271,8,472,"14934,73","13577,03",,2026-03-30 12:28:39.106,,y
3140,20150206,3272,8,472,935,850,,2026-03-30 12:28:39.106,,y
3141,20130612,3273,8,472,101738,92489,,2026-03-30 12:28:39.106,,y
3142,20191009,3274,8,472,20565,18695,,2026-03-30 12:28:39.106,,y
3143,20170307,3275,8,472,"50658,57","46053,25",,2026-03-30 12:28:39.106,,y
3144,20180505,3276,8,472,"12210,99","11100,9",,2026-03-30 12:28:39.106,,y
3145,20150503,3277,8,472,3005,2732,,2026-03-30 12:28:39.106,,y
3146,20180301,3278,8,472,"45829,3",41663,,2026-03-30 12:28:39.106,,y
3147,20131004,3279,8,472,2002,1820,,2026-03-30 12:28:39.106,,y
3148,20131203,3280,8,472,21989,19990,,2026-03-30 12:28:39.106,,y
3149,20140310,3281,8,472,4675,4250,,2026-03-30 12:28:39.106,,y
3150,20190208,3282,8,472,218348,198498,,2026-03-30 12:28:39.106,,y
3151,20210308,3283,8,472,"20710,8",18828,,2026-03-30 12:28:39.106,,y
3152,20210303,3284,8,472,"44558,62","40507,84",,2026-03-30 12:28:39.106,,y
3153,20180511,3285,8,472,24285,22077,,2026-03-30 12:28:39.106,,y
3154,20200702,3286,8,472,"2298,9","2089,91",,2026-03-30 12:28:39.107,,y
3155,20140406,3287,8,472,"56680,77","51527,97",,2026-03-30 12:28:39.107,,y
3156,20180202,3288,8,472,"38910,81","35373,46",,2026-03-30 12:28:39.107,,y
3157,20131109,3289,8,472,11091,10083,,2026-03-30 12:28:39.107,,y
3158,20160906,3290,8,472,74069,67335,,2026-03-30 12:28:39.107,,y
3159,20171107,3291,8,472,3300,3000,,2026-03-30 12:28:39.107,,y
3160,20200701,3292,8,472,1976,1796,,2026-03-30 12:28:39.107,,y
3161,20181204,3293,8,472,32820,29836,,2026-03-30 12:28:39.107,,y
3162,20140301,3294,8,472,28596,25996,,2026-03-30 12:28:39.107,,y
3163,20170912,3295,8,472,7484,6804,,2026-03-30 12:28:39.107,,y
3164,20190211,3296,8,472,"9123,82","8294,38",,2026-03-30 12:28:39.107,,y
3165,20120312,3297,8,472,"4007,22","3642,93",,2026-03-30 12:28:39.107,,y
3166,20160806,3298,8,472,"6935,91","6305,37",,2026-03-30 12:28:39.107,,y
3167,20170809,3299,8,472,57200,52000,,2026-03-30 12:28:39.107,,y
3168,20190304,3300,8,472,5702,5184,,2026-03-30 12:28:39.107,,y
3169,20171202,3301,8,472,17600,16000,,2026-03-30 12:28:39.107,,y
3170,20190212,3302,8,472,"25024,33","22749,39",,2026-03-30 12:28:39.107,,y
3171,20161204,3303,8,472,"44005,53","40005,03",,2026-03-30 12:28:39.107,,y
3172,20120909,3304,8,472,60775,55250,,2026-03-30 12:28:39.107,,y
3173,20220509,3305,8,472,"47600,71","43273,37",,2026-03-30 12:28:39.107,,y
3174,20200311,3306,8,472,36191,32901,,2026-03-30 12:28:39.107,,y
3175,20120311,3307,8,472,"3233,91","2939,92",,2026-03-30 12:28:39.107,,y
3176,20170411,3308,8,472,16937,15397,,2026-03-30 12:28:39.107,,y
3177,20150103,3309,8,472,29691,26992,,2026-03-30 12:28:39.107,,y
3178,20141211,3310,8,472,91952,83593,,2026-03-30 12:28:39.107,,y
3179,20130911,3311,8,472,6467,5879,,2026-03-30 12:28:39.107,,y
3180,20150511,3312,8,472,36964,33604,,2026-03-30 12:28:39.107,,y
3181,20200201,3313,8,472,"7598,61","6907,83",,2026-03-30 12:28:39.107,,y
3182,20211105,3314,8,472,"10328,38","9389,44",,2026-03-30 12:28:39.107,,y
3183,20190811,3315,8,472,"15416,49","14014,99",,2026-03-30 12:28:39.107,,y
3184,20170502,3316,8,472,14850,13500,,2026-03-30 12:28:39.107,,y
3185,20160705,3317,8,472,54406,49460,,2026-03-30 12:28:39.107,,y
3186,20190801,3318,8,472,"76004,63","69095,12",,2026-03-30 12:28:39.107,,y
3187,20210311,3319,8,472,10824,9840,,2026-03-30 12:28:39.107,,y
3188,20200608,3320,8,472,49985,45441,,2026-03-30 12:28:39.107,,y
3189,20120904,3321,8,472,"3046,86","2769,87",,2026-03-30 12:28:39.107,,y
3190,20210804,3322,8,472,18817,17106,,2026-03-30 12:28:39.107,,y
3191,20210212,3323,8,472,4837,4397,,2026-03-30 12:28:39.107,,y
3192,20191008,3324,8,472,89098,80998,,2026-03-30 12:28:39.107,,y
3193,20211112,3325,8,472,"56975,64","51796,04",,2026-03-30 12:28:39.107,,y
3194,20150512,3326,8,472,"8210,08","7463,71",,2026-03-30 12:28:39.107,,y
3195,20170712,3327,8,472,"4304,03","3912,75",,2026-03-30 12:28:39.107,,y
3196,20140609,3328,8,472,13084,11895,,2026-03-30 12:28:39.107,,y
3197,20140609,3329,8,472,"8332,5",7575,,2026-03-30 12:28:39.107,,y
3198,20170203,3330,8,472,112904,102640,,2026-03-30 12:28:39.107,,y
3199,20120110,3331,8,472,"2349,03","2135,48",,2026-03-30 12:28:39.107,,y
3200,20150608,3332,8,472,71627,65115,,2026-03-30 12:28:39.107,,y
3201,20190108,3333,8,472,109,99,,2026-03-30 12:28:39.108,,y
3202,20161201,3334,8,472,"31254,6","28413,27",,2026-03-30 12:28:39.108,,y
3203,20160603,3335,8,472,"15746,84","14315,31",,2026-03-30 12:28:39.108,,y
3204,20190403,3336,8,472,45304,41185,,2026-03-30 12:28:39.108,,y
3205,20211103,3337,8,472,545,495,,2026-03-30 12:28:39.108,,y
3206,20171203,3338,8,472,"30210,16","27463,78",,2026-03-30 12:28:39.108,,y
3207,20181110,3339,8,472,29090,26445,,2026-03-30 12:28:39.108,,y
3208,20140301,3340,8,472,9895,8995,,2026-03-30 12:28:39.108,,y
3209,20150307,3341,8,472,"8448,88","7680,8",,2026-03-30 12:28:39.108,,y
3210,20181209,3342,8,472,101745,92495,,2026-03-30 12:28:39.108,,y
3211,20140102,3343,8,472,7700,7000,,2026-03-30 12:28:39.108,,y
3212,20180302,3344,8,472,"46910,41","42645,83",,2026-03-30 12:28:39.108,,y
3213,20220901,3345,8,472,29480,26800,,2026-03-30 12:28:39.108,,y
3214,20130811,3346,8,472,91365,83059,,2026-03-30 12:28:39.108,,y
3215,20150607,3347,8,472,7557,6870,,2026-03-30 12:28:39.108,,y
3216,20171209,3348,8,472,29203,26548,,2026-03-30 12:28:39.108,,y
3217,20210211,3349,8,472,13853,12594,,2026-03-30 12:28:39.108,,y
3218,20180109,3350,8,472,"16234,6","14758,73",,2026-03-30 12:28:39.108,,y
3219,20131107,3351,8,472,59945,54495,,2026-03-30 12:28:39.108,,y
3220,20150504,3352,8,472,"5084,82","4622,56",,2026-03-30 12:28:39.108,,y
3221,20190612,3353,8,472,9570,8700,,2026-03-30 12:28:39.108,,y
3222,20141004,3354,8,472,"4292,53","3902,3",,2026-03-30 12:28:39.108,,y
3223,20211104,3355,8,472,21424,19476,,2026-03-30 12:28:39.108,,y
3224,20211212,3356,8,472,"1535,07","1395,52",,2026-03-30 12:28:39.108,,y
3225,20190307,3357,8,472,67208,61098,,2026-03-30 12:28:39.108,,y
3226,20210412,3358,8,472,84725,77023,,2026-03-30 12:28:39.108,,y
3227,20220402,3359,8,472,5005,4550,,2026-03-30 12:28:39.108,,y
3228,20160607,3360,8,472,"67572,13","61429,21",,2026-03-30 12:28:39.108,,y
3229,20211102,3361,8,472,"10316,95","9379,05",,2026-03-30 12:28:39.108,,y
3230,20180508,3362,8,472,10967,9970,,2026-03-30 12:28:39.108,,y
3231,20190906,3363,8,472,42039,38217,,2026-03-30 12:28:39.108,,y
3232,20151107,3364,8,472,35748,32498,,2026-03-30 12:28:39.108,,y
3233,20150306,3365,8,472,"2699,05","2453,68",,2026-03-30 12:28:39.108,,y
3234,20220707,3366,8,472,6142,5584,,2026-03-30 12:28:39.108,,y
3235,20181212,3367,8,472,"8727,17","7933,79",,2026-03-30 12:28:39.108,,y
3236,20230404,3368,8,472,"1162,15","1056,5",,2026-03-30 12:28:39.109,,y
3237,20210710,3369,8,472,"3247,2",2952,,2026-03-30 12:28:39.109,,y
3238,20140603,3370,8,472,5280,4800,,2026-03-30 12:28:39.109,,y
3239,20130307,3371,8,472,33430,30391,,2026-03-30 12:28:39.109,,y
3240,20140103,3372,8,472,47120,42836,,2026-03-30 12:28:39.109,,y
3241,20140310,3373,8,472,"51631,28","46937,53",,2026-03-30 12:28:39.109,,y
3242,20150705,3374,8,472,"1506,45","1369,5",,2026-03-30 12:28:39.109,,y
3243,20180103,3375,8,472,"6955,4","6323,09",,2026-03-30 12:28:39.109,,y
3244,20181101,3376,8,472,"3090,99","2809,99",,2026-03-30 12:28:39.109,,y
3245,20190804,3377,8,472,8247,7497,,2026-03-30 12:28:39.109,,y
3246,20210605,3378,8,472,5566,5060,,2026-03-30 12:28:39.109,,y
3247,20180403,3379,8,472,"1843,4","1675,82",,2026-03-30 12:28:39.109,,y
3248,20140910,3380,8,472,37689,34263,,2026-03-30 12:28:39.109,,y
3249,20190607,3381,8,472,75354,68504,,2026-03-30 12:28:39.109,,y
3250,20140801,3382,8,472,16033,14575,,2026-03-30 12:28:39.109,,y
3251,20210103,3383,8,472,"2850,93","2591,75",,2026-03-30 12:28:39.109,,y
3252,20200112,3384,8,472,89100,81000,,2026-03-30 12:28:39.109,,y
3253,20120207,3385,8,472,113354,103049,,2026-03-30 12:28:39.109,,y
3254,20140407,3386,8,472,"4983,88","4530,8",,2026-03-30 12:28:39.109,,y
3255,20210205,3387,8,472,102836,93487,,2026-03-30 12:28:39.109,,y
3256,20170711,3388,8,472,56921,51746,,2026-03-30 12:28:39.109,,y
3257,20160404,3389,8,472,14618,13289,,2026-03-30 12:28:39.109,,y
3258,20230203,3390,8,472,"5888,8","5353,45",,2026-03-30 12:28:39.109,,y
3259,20141110,3391,8,472,4400,4000,,2026-03-30 12:28:39.109,,y
3260,20140809,3392,8,472,125394,113995,,2026-03-30 12:28:39.109,,y
3261,20160908,3393,8,472,32094,29176,,2026-03-30 12:28:39.109,,y
3262,20190210,3394,8,472,"49665,33","45150,3",,2026-03-30 12:28:39.109,,y
3263,20180604,3395,8,472,"2834,94","2577,22",,2026-03-30 12:28:39.109,,y
3264,20120610,3396,8,472,21002,19093,,2026-03-30 12:28:39.109,,y
3265,20151006,3397,8,472,"6681,84","6074,4",,2026-03-30 12:28:39.109,,y
3266,20170302,3398,8,472,"72257,7","65688,82",,2026-03-30 12:28:39.109,,y
3267,20130309,3399,8,472,13885,12623,,2026-03-30 12:28:39.109,,y
3268,20190504,3400,8,472,"1070,29","972,99",,2026-03-30 12:28:39.109,,y
3269,20141110,3401,8,472,51145,46495,,2026-03-30 12:28:39.109,,y
3270,20180607,3402,8,472,29192,26538,,2026-03-30 12:28:39.109,,y
3271,20170606,3403,8,472,17978,16344,,2026-03-30 12:28:39.11,,y
3272,20170506,3404,8,472,"4982,59","4529,63",,2026-03-30 12:28:39.11,,y
3273,20210606,3405,8,472,76954,69958,,2026-03-30 12:28:39.11,,y
3274,20120908,3406,8,472,"9767,56","8879,6",,2026-03-30 12:28:39.11,,y
3275,20221005,3407,8,472,39596,35996,,2026-03-30 12:28:39.11,,y
3276,20210505,3408,8,472,"3003,09","2730,08",,2026-03-30 12:28:39.11,,y
3277,20160207,3409,8,472,22475,20432,,2026-03-30 12:28:39.11,,y
3278,20170702,3410,8,472,"35563,37","32330,34",,2026-03-30 12:28:39.11,,y
3279,20140601,3411,8,472,61156,55596,,2026-03-30 12:28:39.11,,y
3280,20200111,3412,8,472,"1658,25","1507,5",,2026-03-30 12:28:39.11,,y
3281,20130603,3413,8,472,112835,102577,,2026-03-30 12:28:39.11,,y
3282,20121106,3414,8,472,23594,21449,,2026-03-30 12:28:39.11,,y
3283,20170512,3415,8,472,27418,24925,,2026-03-30 12:28:39.11,,y
3284,20140706,3416,8,472,145191,131992,,2026-03-30 12:28:39.11,,y
3285,20130312,3417,8,472,3025,2750,,2026-03-30 12:28:39.11,,y
3286,20180109,3418,8,472,52186,47442,,2026-03-30 12:28:39.11,,y
3287,20120110,3419,8,472,"17462,5",15875,,2026-03-30 12:28:39.11,,y
3288,20120709,3420,8,472,29842,27129,,2026-03-30 12:28:39.11,,y
3289,20161002,3421,8,472,"8450,91","7682,65",,2026-03-30 12:28:39.11,,y
3290,20160604,3422,8,472,83278,75707,,2026-03-30 12:28:39.11,,y
3291,20211105,3423,8,472,4990,4536,,2026-03-30 12:28:39.11,,y
3292,20200908,3424,8,472,8573,7794,,2026-03-30 12:28:39.11,,y
3293,20191011,3425,8,472,33142,30129,,2026-03-30 12:28:39.11,,y
3294,20130409,3426,8,472,36760,33418,,2026-03-30 12:28:39.11,,y
3295,20220101,3427,8,472,"21714,52","19740,47",,2026-03-30 12:28:39.11,,y
3296,20210402,3428,8,472,7258,6598,,2026-03-30 12:28:39.11,,y
3297,20190212,3429,8,472,8796,7996,,2026-03-30 12:28:39.11,,y
3298,20191102,3430,8,472,"2424,28","2203,89",,2026-03-30 12:28:39.11,,y
3299,20210801,3431,8,472,4396,3996,,2026-03-30 12:28:39.11,,y
3300,20150709,3432,8,472,"4583,61","4166,92",,2026-03-30 12:28:39.11,,y
3301,20230301,3433,8,472,17222,15656,,2026-03-30 12:28:39.11,,y
3302,20210703,3434,8,472,"1770,9","1609,91",,2026-03-30 12:28:39.11,,y
3303,20210306,3435,8,472,"9793,84","8903,49",,2026-03-30 12:28:39.11,,y
3304,20130707,3436,8,472,27064,24604,,2026-03-30 12:28:39.11,,y
3305,20140310,3437,8,472,61378,55798,,2026-03-30 12:28:39.11,,y
3306,20161003,3438,8,472,"16341,66","14856,05",,2026-03-30 12:28:39.11,,y
3307,20140506,3439,8,472,40567,36879,,2026-03-30 12:28:39.11,,y
3308,20130105,3440,8,472,6600,6000,,2026-03-30 12:28:39.11,,y
3309,20170405,3441,8,472,"13254,12","12049,2",,2026-03-30 12:28:39.11,,y
3310,20140606,3442,8,472,"22386,63","20351,48",,2026-03-30 12:28:39.11,,y
3311,20190403,3443,8,472,"22409,38","20372,16",,2026-03-30 12:28:39.11,,y
3312,20130205,3444,8,472,5522,5020,,2026-03-30 12:28:39.11,,y
3313,20140205,3445,8,472,"92389,66","83990,6",,2026-03-30 12:28:39.11,,y
3314,20140101,3446,8,472,34163,31057,,2026-03-30 12:28:39.11,,y
3315,20120208,3447,8,472,"2264,84","2058,95",,2026-03-30 12:28:39.11,,y
3316,20141002,3448,8,472,17600,16000,,2026-03-30 12:28:39.11,,y
3317,20210301,3449,8,472,43770,39791,,2026-03-30 12:28:39.11,,y
3318,20230302,3450,8,472,"5174,88","4704,44",,2026-03-30 12:28:39.111,,y
3319,20160311,3451,8,472,"6798,98","6180,89",,2026-03-30 12:28:39.111,,y
3320,20140201,3452,8,472,"5515,28","5013,89",,2026-03-30 12:28:39.111,,y
3321,20120106,3453,8,472,97864,88967,,2026-03-30 12:28:39.111,,y
3322,20190711,3454,8,472,15572,14156,,2026-03-30 12:28:39.111,,y
3323,20170105,3455,8,472,"3714,5","3376,82",,2026-03-30 12:28:39.111,,y
3324,20200509,3456,8,472,247484,224985,,2026-03-30 12:28:39.111,,y
3325,20200105,3457,8,472,67546,61405,,2026-03-30 12:28:39.111,,y
3326,20180508,3458,8,472,37442,34038,,2026-03-30 12:28:39.111,,y
3327,20190711,3459,8,472,73291,66628,,2026-03-30 12:28:39.111,,y
3328,20191201,3460,8,472,24784,22531,,2026-03-30 12:28:39.111,,y
3329,20150909,3461,8,472,"3625,57","3295,97",,2026-03-30 12:28:39.111,,y
3330,20200912,3462,8,472,153487,139534,,2026-03-30 12:28:39.111,,y
3331,20171009,3463,8,472,103738,94307,,2026-03-30 12:28:39.111,,y
3332,20220305,3464,8,472,"4952,82","4502,56",,2026-03-30 12:28:39.111,,y
3333,20151207,3465,8,472,54727,49752,,2026-03-30 12:28:39.111,,y
3334,20161211,3466,8,472,84909,77190,,2026-03-30 12:28:39.111,,y
3335,20150901,3467,8,472,35034,31849,,2026-03-30 12:28:39.111,,y
3336,20200108,3468,8,472,18085,16441,,2026-03-30 12:28:39.111,,y
3337,20120309,3469,8,472,35024,31840,,2026-03-30 12:28:39.111,,y
3338,20160301,3470,8,472,"68796,82","62542,56",,2026-03-30 12:28:39.111,,y
3339,20110909,3471,8,472,96980,88164,,2026-03-30 12:28:39.111,,y
3340,20150203,3472,8,472,64965,59059,,2026-03-30 12:28:39.111,,y
3341,20170602,3473,8,472,"3221,63","2928,75",,2026-03-30 12:28:39.111,,y
3342,20190507,3474,8,472,10594,9631,,2026-03-30 12:28:39.111,,y
3343,20130405,3475,8,472,"3985,47","3623,15",,2026-03-30 12:28:39.111,,y
3344,20170409,3476,8,472,"2276,97","2069,97",,2026-03-30 12:28:39.111,,y
3345,20190710,3477,8,472,15840,14400,,2026-03-30 12:28:39.111,,y
3346,20170811,3478,8,472,51691,46992,,2026-03-30 12:28:39.111,,y
3347,20120407,3479,8,472,39155,35595,,2026-03-30 12:28:39.111,,y
3348,20110810,3480,8,472,23097,20997,,2026-03-30 12:28:39.111,,y
3349,20210701,3481,8,472,16008,14553,,2026-03-30 12:28:39.111,,y
3350,20140104,3482,8,472,"9053,23","8230,21",,2026-03-30 12:28:39.111,,y
3351,20150209,3483,8,472,1375,1250,,2026-03-30 12:28:39.111,,y
3352,20181110,3484,8,472,69889,63535,,2026-03-30 12:28:39.111,,y
3353,20220107,3485,8,472,2470,2245,,2026-03-30 12:28:39.111,,y
3354,20210312,3486,8,472,3496,3178,,2026-03-30 12:28:39.111,,y
3355,20150806,3487,8,472,56456,51324,,2026-03-30 12:28:39.111,,y
3356,20150712,3488,8,472,6024,5476,,2026-03-30 12:28:39.111,,y
3357,20160411,3489,8,472,"57214,72","52013,38",,2026-03-30 12:28:39.111,,y
3358,20181212,3490,8,472,16235,14759,,2026-03-30 12:28:39.111,,y
3359,20161007,3491,8,472,102957,93597,,2026-03-30 12:28:39.111,,y
3360,20170803,3492,8,472,9127,8297,,2026-03-30 12:28:39.111,,y
3361,20220302,3493,8,472,1976,1796,,2026-03-30 12:28:39.111,,y
3362,20160211,3494,8,472,4595,4177,,2026-03-30 12:28:39.111,,y
3363,20131008,3495,8,472,36186,32896,,2026-03-30 12:28:39.111,,y
3364,20140209,3496,8,472,"3717,66","3379,69",,2026-03-30 12:28:39.111,,y
3365,20140207,3497,8,472,53873,48975,,2026-03-30 12:28:39.111,,y
3366,20140609,3498,8,472,"6467,96","5879,96",,2026-03-30 12:28:39.112,,y
3367,20160401,3499,8,472,900,818,,2026-03-30 12:28:39.112,,y
3368,20140603,3500,8,472,"4801,45","4364,95",,2026-03-30 12:28:39.112,,y
3369,20140310,3501,8,472,115939,105399,,2026-03-30 12:28:39.112,,y
3370,20190807,3502,8,472,21513,19557,,2026-03-30 12:28:39.112,,y
3371,20160402,3503,8,472,15151,13774,,2026-03-30 12:28:39.112,,y
3372,20121007,3504,8,472,65973,59975,,2026-03-30 12:28:39.112,,y
3373,20200604,3505,8,472,30339,27581,,2026-03-30 12:28:39.112,,y
3374,20170108,3506,8,472,"6014,6","5467,82",,2026-03-30 12:28:39.112,,y
3375,20180401,3507,8,472,9988,9080,,2026-03-30 12:28:39.112,,y
3376,20161204,3508,8,472,14707,13370,,2026-03-30 12:28:39.112,,y
3377,20150906,3509,8,472,2694,2449,,2026-03-30 12:28:39.112,,y
3378,20140808,3510,8,472,"17529,89","15936,26",,2026-03-30 12:28:39.112,,y
3379,20220402,3511,8,472,232284,211167,,2026-03-30 12:28:39.112,,y
3380,20170401,3512,8,472,52408,47644,,2026-03-30 12:28:39.112,,y
3381,20111208,3513,8,472,9139,8308,,2026-03-30 12:28:39.112,,y
3382,20210802,3514,8,472,"29726,4",27024,,2026-03-30 12:28:39.112,,y
3383,20191208,3515,8,472,4675,4250,,2026-03-30 12:28:39.112,,y
3384,20140607,3516,8,472,105041,95492,,2026-03-30 12:28:39.112,,y
3385,20200310,3517,8,472,115179,104708,,2026-03-30 12:28:39.112,,y
3386,20180507,3518,8,472,30019,27290,,2026-03-30 12:28:39.112,,y
3387,20171109,3519,8,472,96242,87493,,2026-03-30 12:28:39.112,,y
3388,20170308,3520,8,472,51515,46832,,2026-03-30 12:28:39.112,,y
3389,20170509,3521,8,472,39498,35907,,2026-03-30 12:28:39.112,,y
3390,20180211,3522,8,472,6870,6245,,2026-03-30 12:28:39.112,,y
3391,20170702,3523,8,472,3069,2790,,2026-03-30 12:28:39.112,,y
3392,20160206,3524,8,472,"4938,43","4489,48",,2026-03-30 12:28:39.112,,y
3393,20170512,3525,8,472,87973,79975,,2026-03-30 12:28:39.112,,y
3394,20150507,3526,8,472,"13996,33","12723,94",,2026-03-30 12:28:39.112,,y
3395,20150310,3527,8,472,17028,15480,,2026-03-30 12:28:39.112,,y
3396,20121110,3528,8,472,19965,18150,,2026-03-30 12:28:39.112,,y
3397,20180202,3529,8,472,119054,108231,,2026-03-30 12:28:39.112,,y
3398,20140208,3530,8,472,22660,20600,,2026-03-30 12:28:39.112,,y
3399,20130411,3531,8,472,1969,1790,,2026-03-30 12:28:39.112,,y
3400,20140907,3532,8,472,6600,6000,,2026-03-30 12:28:39.112,,y
3401,20140908,3533,8,472,19744,17949,,2026-03-30 12:28:39.112,,y
3402,20171104,3534,8,472,8679,7890,,2026-03-30 12:28:39.112,,y
3403,20150711,3535,8,472,"15096,06","13723,69",,2026-03-30 12:28:39.113,,y
3404,20201201,3536,8,472,31565,28695,,2026-03-30 12:28:39.113,,y
3405,20140602,3537,8,472,"4007,31","3643,01",,2026-03-30 12:28:39.113,,y
3406,20190705,3538,8,472,"9145,62","8314,2",,2026-03-30 12:28:39.113,,y
3407,20170408,3539,8,472,"9385,91","8532,65",,2026-03-30 12:28:39.113,,y
3408,20201112,3540,8,472,35086,31896,,2026-03-30 12:28:39.113,,y
3409,20140707,3541,8,472,19800,18000,,2026-03-30 12:28:39.113,,y
3410,20211009,3542,8,472,49086,44624,,2026-03-30 12:28:39.113,,y
3411,20170209,3543,8,472,5495,4995,,2026-03-30 12:28:39.113,,y
3412,20150607,3544,8,472,"194521,7","176837,91",,2026-03-30 12:28:39.113,,y
3413,20191203,3545,8,472,34667,31515,,2026-03-30 12:28:39.113,,y
3414,20150504,3546,8,472,4396,3996,,2026-03-30 12:28:39.113,,y
3415,20140104,3547,8,472,84952,77229,,2026-03-30 12:28:39.113,,y
3416,20120303,3548,8,472,35572,"32338,18",,2026-03-30 12:28:39.113,,y
3417,20200409,3549,8,472,16097,14634,,2026-03-30 12:28:39.113,,y
3418,20151206,3550,8,472,"5829,56","5299,6",,2026-03-30 12:28:39.113,,y
3419,20200907,3551,8,472,43442,39493,,2026-03-30 12:28:39.113,,y
3420,20160104,3552,8,472,30993,28175,,2026-03-30 12:28:39.113,,y
3421,20170606,3553,8,472,33541,30492,,2026-03-30 12:28:39.113,,y
3422,20130311,3554,8,472,"2034,95","1849,95",,2026-03-30 12:28:39.113,,y
3423,20180401,3555,8,472,74999,68181,,2026-03-30 12:28:39.113,,y
3424,20210205,3556,8,472,29700,27000,,2026-03-30 12:28:39.113,,y
3425,20140106,3557,8,472,65336,59396,,2026-03-30 12:28:39.113,,y
3426,20140906,3558,8,472,31554,28685,,2026-03-30 12:28:39.113,,y
3427,20210308,3559,8,472,39872,36247,,2026-03-30 12:28:39.113,,y
3428,20140510,3560,8,472,"15937,63","14488,75",,2026-03-30 12:28:39.113,,y
3429,20130308,3561,8,472,29960,27236,,2026-03-30 12:28:39.113,,y
3430,20140408,3562,8,472,11770,10700,,2026-03-30 12:28:39.113,,y
3431,20120509,3563,8,472,"76920,75","69927,95",,2026-03-30 12:28:39.113,,y
3432,20200603,3564,8,472,5939,5399,,2026-03-30 12:28:39.113,,y
3433,20130304,3565,8,472,3297,2997,,2026-03-30 12:28:39.113,,y
3434,20191201,3566,8,472,32745,29768,,2026-03-30 12:28:39.113,,y
3435,20151202,3567,8,472,3095,2814,,2026-03-30 12:28:39.113,,y
3436,20171201,3568,8,472,"1963,26","1784,78",,2026-03-30 12:28:39.113,,y
3437,20160709,3569,8,472,"64774,93","58886,3",,2026-03-30 12:28:39.113,,y
3438,20130105,3570,8,472,"4916,88","4469,89",,2026-03-30 12:28:39.113,,y
3439,20170310,3571,8,472,"15571,3","14155,73",,2026-03-30 12:28:39.113,,y
3440,20201102,3572,8,472,"7553,4","6866,73",,2026-03-30 12:28:39.113,,y
3441,20200611,3573,8,472,25257,22961,,2026-03-30 12:28:39.113,,y
3442,20160803,3574,8,472,47576,43251,,2026-03-30 12:28:39.114,,y
3443,20200403,3575,8,472,170827,155297,,2026-03-30 12:28:39.114,,y
3444,20180101,3576,8,472,"8324,06","7567,33",,2026-03-30 12:28:39.114,,y
3445,20201204,3577,8,472,11760,10691,,2026-03-30 12:28:39.114,,y
3446,20170104,3578,8,472,"58705,51","53368,65",,2026-03-30 12:28:39.114,,y
3447,20220103,3579,8,472,"39271,96","35701,78",,2026-03-30 12:28:39.114,,y
3448,20210409,3580,8,472,9252,8411,,2026-03-30 12:28:39.114,,y
3449,20180412,3581,8,472,9733,8848,,2026-03-30 12:28:39.114,,y
3450,20190410,3582,8,472,255302,232093,,2026-03-30 12:28:39.114,,y
3451,20130508,3583,8,472,28072,25520,,2026-03-30 12:28:39.114,,y
3452,20200511,3584,8,472,5932,5393,,2026-03-30 12:28:39.114,,y
3453,20161006,3585,8,472,89690,81536,,2026-03-30 12:28:39.114,,y
3454,20140209,3586,8,472,24048,21862,,2026-03-30 12:28:39.114,,y
3455,20181106,3587,8,472,"17655,66","16050,6",,2026-03-30 12:28:39.114,,y
3456,20230605,3588,8,472,42900,39000,,2026-03-30 12:28:39.114,,y
3457,20131209,3589,8,472,4445,4041,,2026-03-30 12:28:39.114,,y
3458,20180601,3590,8,472,19188,17444,,2026-03-30 12:28:39.114,,y
3459,20200608,3591,8,472,"9391,8",8538,,2026-03-30 12:28:39.114,,y
3460,20141106,3592,8,472,42255,38414,,2026-03-30 12:28:39.114,,y
3461,20130512,3593,8,472,"95652,78","86957,07",,2026-03-30 12:28:39.114,,y
3462,20160405,3594,8,472,"1392,84","1266,22",,2026-03-30 12:28:39.114,,y
3463,20120908,3595,8,472,"139436,61","126760,55",,2026-03-30 12:28:39.114,,y
3464,20110408,3596,8,472,31749,28863,,2026-03-30 12:28:39.114,,y
3465,20120307,3597,8,472,21627,19661,,2026-03-30 12:28:39.114,,y
3466,20200306,3598,8,472,202267,183879,,2026-03-30 12:28:39.114,,y
3467,20141201,3599,8,472,41270,37518,,2026-03-30 12:28:39.114,,y
3468,20200105,3600,8,472,"70065,75","63696,14",,2026-03-30 12:28:39.114,,y
3469,20220902,3601,8,472,"14317,42","13015,84",,2026-03-30 12:28:39.114,,y
3470,20210406,3602,8,472,39061,35510,,2026-03-30 12:28:39.114,,y
3471,20110610,3603,8,472,"15099,78","13727,07",,2026-03-30 12:28:39.114,,y
3472,20210412,3604,8,472,"7986,35","7260,32",,2026-03-30 12:28:39.114,,y
3473,20210802,3605,8,472,24195,21995,,2026-03-30 12:28:39.114,,y
3474,20150909,3606,8,472,19302,17547,,2026-03-30 12:28:39.114,,y
3475,20130111,3607,8,472,170445,154950,,2026-03-30 12:28:39.114,,y
3476,20210310,3608,8,472,"81117,18","73742,89",,2026-03-30 12:28:39.114,,y
3477,20140411,3609,8,472,245980,223618,,2026-03-30 12:28:39.114,,y
3478,20170607,3610,8,472,"4149,4","3772,18",,2026-03-30 12:28:39.114,,y
3479,20120409,3611,8,472,150143,136494,,2026-03-30 12:28:39.114,,y
3480,20121212,3612,8,472,"1576,9","1433,55",,2026-03-30 12:28:39.114,,y
3481,20170103,3613,8,472,5610,5100,,2026-03-30 12:28:39.114,,y
3482,20130702,3614,8,472,"2595,99","2359,99",,2026-03-30 12:28:39.114,,y
3483,20210701,3615,8,472,14211,12919,,2026-03-30 12:28:39.114,,y
3484,20180110,3616,8,472,"1907,68","1734,25",,2026-03-30 12:28:39.114,,y
3485,20200409,3617,8,472,"95556,75","86869,77",,2026-03-30 12:28:39.114,,y
3486,20230101,3618,8,472,17975,16341,,2026-03-30 12:28:39.115,,y
3487,20120412,3619,8,472,"53782,93","48893,57",,2026-03-30 12:28:39.115,,y
3488,20131012,3620,8,472,38085,34623,,2026-03-30 12:28:39.115,,y
3489,20110206,3621,8,472,2745,2495,,2026-03-30 12:28:39.115,,y
3490,20150112,3622,8,472,73234,66576,,2026-03-30 12:28:39.115,,y
3491,20180102,3623,8,472,29692,26993,,2026-03-30 12:28:39.115,,y
3492,20130311,3624,8,472,142872,129884,,2026-03-30 12:28:39.115,,y
3493,20130605,3625,8,472,12690,11536,,2026-03-30 12:28:39.115,,y
3494,20130107,3626,8,472,4532,4120,,2026-03-30 12:28:39.115,,y
3495,20180104,3627,8,472,91621,83292,,2026-03-30 12:28:39.115,,y
3496,20191005,3628,8,472,2376,2160,,2026-03-30 12:28:39.115,,y
3497,20170110,3629,8,472,"7433,21","6757,46",,2026-03-30 12:28:39.115,,y
3498,20141209,3630,8,472,"5010,61","4555,1",,2026-03-30 12:28:39.115,,y
3499,20130510,3631,8,472,"61568,5","55971,36",,2026-03-30 12:28:39.115,,y
3500,20211105,3632,8,472,215598,195998,,2026-03-30 12:28:39.115,,y
3501,20220610,3633,8,472,8220,7473,,2026-03-30 12:28:39.115,,y
3502,20140608,3634,8,472,133097,120997,,2026-03-30 12:28:39.115,,y
3503,20130302,3635,8,472,37752,34320,,2026-03-30 12:28:39.115,,y
3504,20150904,3636,8,472,87760,79782,,2026-03-30 12:28:39.115,,y
3505,20130302,3637,8,472,21220,19291,,2026-03-30 12:28:39.115,,y
3506,20140111,3638,8,472,33651,30592,,2026-03-30 12:28:39.115,,y
3507,20181105,3639,8,472,29481,26801,,2026-03-30 12:28:39.115,,y
3508,20130105,3640,8,472,"5283,18","4802,89",,2026-03-30 12:28:39.115,,y
3509,20151206,3641,8,472,11395,10359,,2026-03-30 12:28:39.115,,y
3510,20130408,3642,8,472,52795,47995,,2026-03-30 12:28:39.115,,y
3511,20180503,3643,8,472,"3085,5",2805,,2026-03-30 12:28:39.115,,y
3512,20151005,3644,8,472,"66614,44","60558,58",,2026-03-30 12:28:39.115,,y
3513,20141211,3645,8,472,"5439,26","4944,78",,2026-03-30 12:28:39.115,,y
3514,20190609,3646,8,472,"139275,51","126614,1",,2026-03-30 12:28:39.115,,y
3515,20220303,3647,8,472,28598,25998,,2026-03-30 12:28:39.115,,y
3516,20180805,3648,8,472,63274,57522,,2026-03-30 12:28:39.115,,y
3517,20141007,3649,8,472,22315,20286,,2026-03-30 12:28:39.115,,y
3518,20221103,3650,8,472,70172,63793,,2026-03-30 12:28:39.115,,y
3519,20220506,3651,8,472,32450,29500,,2026-03-30 12:28:39.115,,y
3520,20170811,3652,8,472,73688,66989,,2026-03-30 12:28:39.115,,y
3521,20191111,3653,8,472,"48356,88","43960,8",,2026-03-30 12:28:39.115,,y
3522,20120410,3654,8,472,98703,89730,,2026-03-30 12:28:39.115,,y
3523,20201105,3655,8,472,99396,90360,,2026-03-30 12:28:39.115,,y
3524,20190106,3656,8,472,"34223,93","31112,66",,2026-03-30 12:28:39.115,,y
3525,20151011,3657,8,472,"34501,86","31365,33",,2026-03-30 12:28:39.115,,y
3526,20190201,3658,8,472,"5167,69","4697,9",,2026-03-30 12:28:39.115,,y
3527,20190102,3659,8,472,"5707,06","5188,24",,2026-03-30 12:28:39.115,,y
3528,20140701,3660,8,472,6332,5756,,2026-03-30 12:28:39.115,,y
3529,20130107,3661,8,472,"8377,33","7615,75",,2026-03-30 12:28:39.115,,y
3530,20161205,3662,8,472,65378,59435,,2026-03-30 12:28:39.115,,y
3531,20141005,3663,8,472,18164,16513,,2026-03-30 12:28:39.115,,y
3532,20140501,3664,8,472,2395,2177,,2026-03-30 12:28:39.115,,y
3533,20190107,3665,8,472,67747,61588,,2026-03-30 12:28:39.115,,y
3534,20191001,3666,8,472,25128,22844,,2026-03-30 12:28:39.115,,y
3535,20160712,3667,8,472,163484,148622,,2026-03-30 12:28:39.116,,y
3536,20161012,3668,8,472,22218,20198,,2026-03-30 12:28:39.116,,y
3537,20140711,3669,8,472,49530,45027,,2026-03-30 12:28:39.116,,y
3538,20131003,3670,8,472,"5423,58","4930,53",,2026-03-30 12:28:39.116,,y
3539,20160105,3671,8,472,1978,1798,,2026-03-30 12:28:39.116,,y
3540,20211102,3672,8,472,14017,12743,,2026-03-30 12:28:39.116,,y
3541,20170311,3673,8,472,"6317,13","5742,85",,2026-03-30 12:28:39.116,,y
3542,20180112,3674,8,472,122177,111070,,2026-03-30 12:28:39.116,,y
3543,20160811,3675,8,472,4400,4000,,2026-03-30 12:28:39.116,,y
3544,20121010,3676,8,472,4395,3995,,2026-03-30 12:28:39.116,,y
3545,20130206,3677,8,472,7040,6400,,2026-03-30 12:28:39.116,,y
3546,20180605,3678,8,472,31825,28932,,2026-03-30 12:28:39.116,,y
3547,20210610,3679,8,472,39525,35932,,2026-03-30 12:28:39.116,,y
3548,20140409,3680,8,472,"13053,54","11866,85",,2026-03-30 12:28:39.116,,y
3549,20140309,3681,8,472,76048,69135,,2026-03-30 12:28:39.116,,y
3550,20150703,3682,8,472,329,299,,2026-03-30 12:28:39.116,,y
3551,20170210,3683,8,472,26277,23888,,2026-03-30 12:28:39.116,,y
3552,20180305,3684,8,472,75911,69010,,2026-03-30 12:28:39.116,,y
3553,20210109,3685,8,472,7733,7030,,2026-03-30 12:28:39.116,,y
3554,20220403,3686,8,472,13192,11993,,2026-03-30 12:28:39.116,,y
3555,20200301,3687,8,472,6851,6228,,2026-03-30 12:28:39.116,,y
3556,20160202,3688,8,472,6816,6196,,2026-03-30 12:28:39.116,,y
3557,20181010,3689,8,472,"3772,52","3429,56",,2026-03-30 12:28:39.116,,y
3558,20170510,3690,8,472,"7973,98","7249,07",,2026-03-30 12:28:39.116,,y
3559,20200211,3691,8,472,19157,17415,,2026-03-30 12:28:39.116,,y
3560,20140304,3692,8,472,88089,80081,,2026-03-30 12:28:39.116,,y
3561,20121006,3693,8,472,3467,3152,,2026-03-30 12:28:39.116,,y
3562,20170404,3694,8,472,900,818,,2026-03-30 12:28:39.116,,y
3563,20150301,3695,8,472,11923,10839,,2026-03-30 12:28:39.116,,y
3564,20171209,3696,8,472,"4008,74","3644,31",,2026-03-30 12:28:39.116,,y
3565,20140711,3697,8,472,61125,55568,,2026-03-30 12:28:39.116,,y
3566,20210405,3698,8,472,"2028,2","1843,82",,2026-03-30 12:28:39.116,,y
3567,20190802,3699,8,472,72173,65612,,2026-03-30 12:28:39.116,,y
3568,20150507,3700,8,472,"5582,41","5074,92",,2026-03-30 12:28:39.116,,y
3569,20150505,3701,8,472,69780,63436,,2026-03-30 12:28:39.116,,y
3570,20130812,3702,8,472,"12973,88","11794,44",,2026-03-30 12:28:39.116,,y
3571,20170302,3703,8,472,24270,22064,,2026-03-30 12:28:39.116,,y
3572,20130502,3704,8,472,166540,151400,,2026-03-30 12:28:39.116,,y
3573,20110208,3705,8,472,4234,3849,,2026-03-30 12:28:39.116,,y
3574,20131111,3706,8,472,19651,17865,,2026-03-30 12:28:39.116,,y
3575,20200710,3707,8,472,13750,12500,,2026-03-30 12:28:39.116,,y
3576,20111011,3708,8,472,47115,42832,,2026-03-30 12:28:39.116,,y
3577,20130311,3709,8,472,"7698,45","6998,59",,2026-03-30 12:28:39.116,,y
3578,20181210,3710,8,472,"3899,74","3545,22",,2026-03-30 12:28:39.116,,y
3579,20190511,3711,8,472,"7488,48","6807,71",,2026-03-30 12:28:39.116,,y
3580,20170205,3712,8,472,64403,58548,,2026-03-30 12:28:39.116,,y
3581,20170309,3713,8,472,19126,17387,,2026-03-30 12:28:39.116,,y
3582,20180510,3714,8,472,"27764,53","25240,48",,2026-03-30 12:28:39.116,,y
3583,20120403,3715,8,472,"25346,42","23042,2",,2026-03-30 12:28:39.116,,y
3584,20141204,3716,8,472,"19709,8",17918,,2026-03-30 12:28:39.116,,y
3585,20111011,3717,8,472,"34584,04","31440,04",,2026-03-30 12:28:39.117,,y
3586,20190104,3718,8,472,31893,28994,,2026-03-30 12:28:39.117,,y
3587,20110309,3719,8,472,35415,32195,,2026-03-30 12:28:39.117,,y
3588,20210507,3720,8,472,50378,45798,,2026-03-30 12:28:39.117,,y
3589,20210106,3721,8,472,69106,62824,,2026-03-30 12:28:39.117,,y
3590,20130103,3722,8,472,41844,38040,,2026-03-30 12:28:39.117,,y
3591,20150107,3723,8,472,20274,18431,,2026-03-30 12:28:39.117,,y
3592,20110306,3724,8,472,27265,24786,,2026-03-30 12:28:39.117,,y
3593,20131011,3725,8,472,"1906,19","1732,9",,2026-03-30 12:28:39.117,,y
3594,20150605,3726,8,472,66000,60000,,2026-03-30 12:28:39.117,,y
3595,20140610,3727,8,472,12427,11297,,2026-03-30 12:28:39.117,,y
3596,20151205,3728,8,472,"22446,36","20405,78",,2026-03-30 12:28:39.117,,y
3597,20150412,3729,8,472,19644,17858,,2026-03-30 12:28:39.117,,y
3598,20181211,3730,8,472,"36651,71","33319,74",,2026-03-30 12:28:39.117,,y
3599,20150111,3731,8,472,"25419,11","23108,28",,2026-03-30 12:28:39.117,,y
3600,20140103,3732,8,472,24628,22389,,2026-03-30 12:28:39.117,,y
3601,20141004,3733,8,472,44388,40353,,2026-03-30 12:28:39.117,,y
3602,20181104,3734,8,472,131116,119196,,2026-03-30 12:28:39.117,,y
3603,20220604,3735,8,472,"3206,36","2914,87",,2026-03-30 12:28:39.117,,y
3604,20180311,3736,8,472,116101,105546,,2026-03-30 12:28:39.117,,y
3605,20181105,3737,8,472,42144,38313,,2026-03-30 12:28:39.117,,y
3606,20170804,3738,8,472,"4438,29","4034,81",,2026-03-30 12:28:39.117,,y
3607,20120808,3739,8,472,3098,2816,,2026-03-30 12:28:39.117,,y
3608,20180606,3740,8,472,34739,31581,,2026-03-30 12:28:39.117,,y
3609,20170707,3741,8,472,7476,6796,,2026-03-30 12:28:39.117,,y
3610,20140101,3742,8,472,"4096,72","3724,29",,2026-03-30 12:28:39.117,,y
3611,20120909,3743,8,472,23441,21310,,2026-03-30 12:28:39.117,,y
3612,20200805,3744,8,472,242587,220534,,2026-03-30 12:28:39.117,,y
3613,20191103,3745,8,472,"4337,87","3943,52",,2026-03-30 12:28:39.117,,y
3614,20220507,3746,8,472,"22910,91","20828,1",,2026-03-30 12:28:39.117,,y
3615,20160505,3747,8,472,44574,40522,,2026-03-30 12:28:39.117,,y
3616,20180411,3748,8,472,"48614,59","44195,08",,2026-03-30 12:28:39.117,,y
3617,20140112,3749,8,472,10709,9735,,2026-03-30 12:28:39.117,,y
3618,20140612,3750,8,472,59816,54378,,2026-03-30 12:28:39.117,,y
3619,20200403,3751,8,472,3603,3275,,2026-03-30 12:28:39.117,,y
3620,20130808,3752,8,472,16925,15386,,2026-03-30 12:28:39.117,,y
3621,20200801,3753,8,472,"5916,7","5378,82",,2026-03-30 12:28:39.117,,y
3622,20180412,3754,8,472,"5664,9","5149,91",,2026-03-30 12:28:39.117,,y
3623,20160608,3755,8,472,68527,62297,,2026-03-30 12:28:39.117,,y
3624,20180501,3756,8,472,"77958,96","70871,78",,2026-03-30 12:28:39.117,,y
3625,20170601,3757,8,472,66549,60499,,2026-03-30 12:28:39.117,,y
3626,20161206,3758,8,472,68280,62073,,2026-03-30 12:28:39.117,,y
3627,20220905,3759,8,472,19482,17711,,2026-03-30 12:28:39.117,,y
3628,20180405,3760,8,472,"2810,26","2554,78",,2026-03-30 12:28:39.117,,y
3629,20170811,3761,8,472,"1286,97","1169,97",,2026-03-30 12:28:39.117,,y
3630,20140705,3762,8,472,"60548,24","55043,85",,2026-03-30 12:28:39.117,,y
3631,20151102,3763,8,472,"46397,88","42179,89",,2026-03-30 12:28:39.117,,y
3632,20200810,3764,8,472,154502,140456,,2026-03-30 12:28:39.117,,y
3633,20170501,3765,8,472,"40966,06","37241,87",,2026-03-30 12:28:39.117,,y
3634,20180510,3766,8,472,12623,11475,,2026-03-30 12:28:39.117,,y
3635,20110407,3767,8,472,"37815,44","34377,67",,2026-03-30 12:28:39.117,,y
3636,20190911,3768,8,472,74796,67996,,2026-03-30 12:28:39.117,,y
3637,20120411,3769,8,472,34387,31261,,2026-03-30 12:28:39.118,,y
3638,20190505,3770,8,472,"3393,4","3084,91",,2026-03-30 12:28:39.118,,y
3639,20120904,3771,8,472,7052,6411,,2026-03-30 12:28:39.118,,y
3640,20121110,3772,8,472,62800,57091,,2026-03-30 12:28:39.118,,y
3641,20120804,3773,8,472,1076,978,,2026-03-30 12:28:39.118,,y
3642,20131010,3774,8,472,36520,33200,,2026-03-30 12:28:39.118,,y
3643,20171007,3775,8,472,41884,38076,,2026-03-30 12:28:39.118,,y
3644,20180512,3776,8,472,23456,21324,,2026-03-30 12:28:39.118,,y
3645,20220303,3777,8,472,75903,69003,,2026-03-30 12:28:39.118,,y
3646,20130409,3778,8,472,24412,22193,,2026-03-30 12:28:39.118,,y
3647,20160807,3779,8,472,11704,10640,,2026-03-30 12:28:39.118,,y
3648,20150711,3780,8,472,"3257,1",2961,,2026-03-30 12:28:39.118,,y
3649,20140512,3781,8,472,42075,38250,,2026-03-30 12:28:39.118,,y
3650,20190108,3782,8,472,"5101,65","4637,86",,2026-03-30 12:28:39.118,,y
3651,20131207,3783,8,472,"5230,4","4754,91",,2026-03-30 12:28:39.118,,y
3652,20211007,3784,8,472,3025,2750,,2026-03-30 12:28:39.118,,y
3653,20150401,3785,8,472,"4373,55","3975,95",,2026-03-30 12:28:39.118,,y
3654,20121108,3786,8,472,40384,36713,,2026-03-30 12:28:39.118,,y
3655,20130305,3787,8,472,"10045,51","9132,28",,2026-03-30 12:28:39.118,,y
3656,20160808,3788,8,472,80222,72929,,2026-03-30 12:28:39.118,,y
3657,20210207,3789,8,472,"81661,14","74237,4",,2026-03-30 12:28:39.118,,y
3658,20191211,3790,8,472,29240,26582,,2026-03-30 12:28:39.118,,y
3659,20180912,3791,8,472,10994,9995,,2026-03-30 12:28:39.118,,y
3660,20210101,3792,8,472,45472,41338,,2026-03-30 12:28:39.118,,y
3661,20150609,3793,8,472,21698,19725,,2026-03-30 12:28:39.118,,y
3662,20180902,3794,8,472,22548,20498,,2026-03-30 12:28:39.118,,y
3663,20130712,3795,8,472,39290,35718,,2026-03-30 12:28:39.118,,y
3664,20190305,3796,8,472,"7006,91","6369,92",,2026-03-30 12:28:39.118,,y
3665,20200601,3797,8,472,91345,83041,,2026-03-30 12:28:39.118,,y
3666,20220304,3798,8,472,9067,8243,,2026-03-30 12:28:39.118,,y
3667,20190105,3799,8,472,4400,4000,,2026-03-30 12:28:39.118,,y
3668,20150303,3800,8,472,24283,22075,,2026-03-30 12:28:39.118,,y
3669,20130511,3801,8,472,34099,30999,,2026-03-30 12:28:39.118,,y
3670,20110606,3802,8,472,34632,31484,,2026-03-30 12:28:39.118,,y
3671,20130505,3803,8,472,1536,1396,,2026-03-30 12:28:39.118,,y
3672,20150101,3804,8,472,"29897,5","27179,55",,2026-03-30 12:28:39.118,,y
3673,20141108,3805,8,472,57549,52317,,2026-03-30 12:28:39.118,,y
3674,20141208,3806,8,472,18999,17272,,2026-03-30 12:28:39.118,,y
3675,20200312,3807,8,472,"4572,37","4156,7",,2026-03-30 12:28:39.118,,y
3676,20131102,3808,8,472,"6346,71","5769,74",,2026-03-30 12:28:39.118,,y
3677,20150810,3809,8,472,"9556,58","8687,8",,2026-03-30 12:28:39.118,,y
3678,20200806,3810,8,472,34851,31683,,2026-03-30 12:28:39.118,,y
3679,20211202,3811,8,472,34619,31472,,2026-03-30 12:28:39.118,,y
3680,20200205,3812,8,472,"47502,39","43183,99",,2026-03-30 12:28:39.118,,y
3681,20120212,3813,8,472,17049,15499,,2026-03-30 12:28:39.118,,y
3682,20170704,3814,8,472,33000,30000,,2026-03-30 12:28:39.118,,y
3683,20210601,3815,8,472,"8123,37","7384,88",,2026-03-30 12:28:39.118,,y
3684,20230701,3816,8,472,2495,2268,,2026-03-30 12:28:39.118,,y
3685,20171105,3817,8,472,26398,23998,,2026-03-30 12:28:39.118,,y
3686,20160605,3818,8,472,142999,129999,,2026-03-30 12:28:39.119,,y
3687,20150901,3819,8,472,32314,29376,,2026-03-30 12:28:39.119,,y
3688,20160201,3820,8,472,219,199,,2026-03-30 12:28:39.119,,y
3689,20141108,3821,8,472,3953,3594,,2026-03-30 12:28:39.119,,y
3690,20140903,3822,8,472,20758,18871,,2026-03-30 12:28:39.119,,y
3691,20170806,3823,8,472,47152,42865,,2026-03-30 12:28:39.119,,y
3692,20180109,3824,8,472,89382,81256,,2026-03-30 12:28:39.119,,y
3693,20111007,3825,8,472,147400,134000,,2026-03-30 12:28:39.119,,y
3694,20140805,3826,8,472,12953,11775,,2026-03-30 12:28:39.119,,y
3695,20200302,3827,8,472,"1500,4",1364,,2026-03-30 12:28:39.119,,y
3696,20181206,3828,8,472,8796,7996,,2026-03-30 12:28:39.119,,y
3697,20200810,3829,8,472,32983,29985,,2026-03-30 12:28:39.119,,y
3698,20140910,3830,8,472,11629,10572,,2026-03-30 12:28:39.119,,y
3699,20170705,3831,8,472,31427,28570,,2026-03-30 12:28:39.119,,y
3700,20120312,3832,8,472,"2078,8","1889,82",,2026-03-30 12:28:39.119,,y
3701,20190612,3833,8,472,"1798,13","1634,66",,2026-03-30 12:28:39.119,,y
3702,20140906,3834,8,472,19161,17419,,2026-03-30 12:28:39.119,,y
3703,20170409,3835,8,472,1614,1467,,2026-03-30 12:28:39.119,,y
3704,20140212,3836,8,472,12198,11089,,2026-03-30 12:28:39.119,,y
3705,20140410,3837,8,472,392139,356490,,2026-03-30 12:28:39.119,,y
3706,20160901,3838,8,472,"4146,5","3769,55",,2026-03-30 12:28:39.119,,y
3707,20140401,3839,8,472,44209,40190,,2026-03-30 12:28:39.119,,y
3708,20121208,3840,8,472,"6595,87","5996,25",,2026-03-30 12:28:39.119,,y
3709,20180209,3841,8,472,22871,20792,,2026-03-30 12:28:39.119,,y
3710,20160906,3842,8,472,15019,13654,,2026-03-30 12:28:39.119,,y
3711,20110711,3843,8,472,"1582,68","1438,8",,2026-03-30 12:28:39.119,,y
3712,20151203,3844,8,472,16693,15175,,2026-03-30 12:28:39.119,,y
3713,20171001,3845,8,472,64460,58600,,2026-03-30 12:28:39.119,,y
3714,20171003,3846,8,472,87447,79497,,2026-03-30 12:28:39.119,,y
3715,20200811,3847,8,472,"3406,64","3096,95",,2026-03-30 12:28:39.119,,y
3716,20130109,3848,8,472,36203,32912,,2026-03-30 12:28:39.119,,y
3717,20190103,3849,8,472,81649,74226,,2026-03-30 12:28:39.119,,y
3718,20170603,3850,8,472,22868,20789,,2026-03-30 12:28:39.119,,y
3719,20170708,3851,8,472,72211,65646,,2026-03-30 12:28:39.119,,y
3720,20190302,3852,8,472,18803,17094,,2026-03-30 12:28:39.119,,y
3721,20200410,3853,8,472,6595,5995,,2026-03-30 12:28:39.119,,y
3722,20140405,3854,8,472,67594,61449,,2026-03-30 12:28:39.119,,y
3723,20170609,3855,8,472,"3567,15","3242,86",,2026-03-30 12:28:39.119,,y
3724,20141109,3856,8,472,7898,7180,,2026-03-30 12:28:39.119,,y
3725,20130903,3857,8,472,56755,51595,,2026-03-30 12:28:39.119,,y
3726,20190403,3858,8,472,"21710,03","19736,39",,2026-03-30 12:28:39.119,,y
3727,20160212,3859,8,472,"41306,81","37551,65",,2026-03-30 12:28:39.119,,y
3728,20130612,3860,8,472,8360,7600,,2026-03-30 12:28:39.119,,y
3729,20200301,3861,8,472,67746,61587,,2026-03-30 12:28:39.119,,y
3730,20190301,3862,8,472,40905,37186,,2026-03-30 12:28:39.119,,y
3731,20170206,3863,8,472,80766,73424,,2026-03-30 12:28:39.119,,y
3732,20200904,3864,8,472,"2875,07","2613,7",,2026-03-30 12:28:39.119,,y
3733,20200810,3865,8,472,"30468,27","27698,43",,2026-03-30 12:28:39.119,,y
3734,20210910,3866,8,472,"12074,79","10977,08",,2026-03-30 12:28:39.119,,y
3735,20180104,3867,8,472,16494,14995,,2026-03-30 12:28:39.119,,y
3736,20170409,3868,8,472,117662,106965,,2026-03-30 12:28:39.12,,y
3737,20200105,3869,8,472,9288,8444,,2026-03-30 12:28:39.12,,y
3738,20200804,3870,8,472,"55286,18","50260,16",,2026-03-30 12:28:39.12,,y
3739,20210704,3871,8,472,58270,52973,,2026-03-30 12:28:39.12,,y
3740,20171203,3872,8,472,11573,10521,,2026-03-30 12:28:39.12,,y
3741,20160712,3873,8,472,38298,34816,,2026-03-30 12:28:39.12,,y
3742,20200709,3874,8,472,"6750,57","6136,88",,2026-03-30 12:28:39.12,,y
3743,20190604,3875,8,472,"8533,47","7757,7",,2026-03-30 12:28:39.12,,y
3744,20120703,3876,8,472,29307,26643,,2026-03-30 12:28:39.12,,y
3745,20150902,3877,8,472,"8134,09","7394,63",,2026-03-30 12:28:39.12,,y
3746,20150806,3878,8,472,197199,179272,,2026-03-30 12:28:39.12,,y
3747,20141006,3879,8,472,23112,21011,,2026-03-30 12:28:39.12,,y
3748,20130312,3880,8,472,68386,62169,,2026-03-30 12:28:39.12,,y
3749,20120808,3881,8,472,19799,17999,,2026-03-30 12:28:39.12,,y
3750,20140208,3882,8,472,1099,999,,2026-03-30 12:28:39.12,,y
3751,20220101,3883,8,472,"4174,28","3794,8",,2026-03-30 12:28:39.12,,y
3752,20130608,3884,8,472,35197,31997,,2026-03-30 12:28:39.12,,y
3753,20130209,3885,8,472,"55378,76","50344,33",,2026-03-30 12:28:39.12,,y
3754,20190602,3886,8,472,"6645,73","6041,57",,2026-03-30 12:28:39.12,,y
3755,20230205,3887,8,472,"2584,68","2349,71",,2026-03-30 12:28:39.12,,y
3756,20190401,3888,8,472,76968,69971,,2026-03-30 12:28:39.12,,y
3757,20140308,3889,8,472,26008,23644,,2026-03-30 12:28:39.12,,y
3758,20210606,3890,8,472,38510,35009,,2026-03-30 12:28:39.12,,y
3759,20130608,3891,8,472,149259,135690,,2026-03-30 12:28:39.12,,y
3760,20220105,3892,8,472,"15488,29","14080,26",,2026-03-30 12:28:39.12,,y
3761,20140812,3893,8,472,"1319,18","1199,25",,2026-03-30 12:28:39.12,,y
3762,20160905,3894,8,472,41573,37794,,2026-03-30 12:28:39.12,,y
3763,20190811,3895,8,472,"5899,43","5363,12",,2026-03-30 12:28:39.12,,y
3764,20200302,3896,8,472,"79238,76","72035,24",,2026-03-30 12:28:39.12,,y
3765,20180610,3897,8,472,56866,51696,,2026-03-30 12:28:39.12,,y
3766,20181103,3898,8,472,"1852,13","1683,75",,2026-03-30 12:28:39.12,,y
3767,20181207,3899,8,472,10485,9532,,2026-03-30 12:28:39.12,,y
3768,20140709,3900,8,472,5212,4738,,2026-03-30 12:28:39.12,,y
3769,20160203,3901,8,472,30357,27597,,2026-03-30 12:28:39.12,,y
3770,20200208,3902,8,472,"75139,99","68309,08",,2026-03-30 12:28:39.12,,y
3771,20201008,3903,8,472,2970,2700,,2026-03-30 12:28:39.12,,y
3772,20140211,3904,8,472,3283,2985,,2026-03-30 12:28:39.12,,y
3773,20170803,3905,8,472,65987,59988,,2026-03-30 12:28:39.12,,y
3774,20180806,3906,8,472,16064,14604,,2026-03-30 12:28:39.12,,y
3775,20210606,3907,8,472,33833,30757,,2026-03-30 12:28:39.12,,y
3776,20150110,3908,8,472,"60776,09","55250,99",,2026-03-30 12:28:39.12,,y
3777,20160911,3909,8,472,31832,28938,,2026-03-30 12:28:39.12,,y
3778,20140912,3910,8,472,47092,42811,,2026-03-30 12:28:39.12,,y
3779,20181104,3911,8,472,35901,32637,,2026-03-30 12:28:39.12,,y
3780,20180410,3912,8,472,"3154,14","2867,4",,2026-03-30 12:28:39.12,,y
3781,20151007,3913,8,472,"44938,91","40853,55",,2026-03-30 12:28:39.12,,y
3782,20130906,3914,8,472,7449,6772,,2026-03-30 12:28:39.12,,y
3783,20181111,3915,8,472,42898,38998,,2026-03-30 12:28:39.12,,y
3784,20131005,3916,8,472,"16849,8",15318,,2026-03-30 12:28:39.12,,y
3785,20121206,3917,8,472,50469,45881,,2026-03-30 12:28:39.12,,y
3786,20141207,3918,8,472,50964,46331,,2026-03-30 12:28:39.12,,y
3787,20151011,3919,8,472,55740,50673,,2026-03-30 12:28:39.12,,y
3788,20220108,3920,8,472,32168,29244,,2026-03-30 12:28:39.12,,y
3789,20140602,3921,8,472,20040,18218,,2026-03-30 12:28:39.12,,y
3790,20210110,3922,8,472,32734,29758,,2026-03-30 12:28:39.121,,y
3791,20210706,3923,8,472,74824,68022,,2026-03-30 12:28:39.121,,y
3792,20160205,3924,8,472,"3834,16","3485,6",,2026-03-30 12:28:39.121,,y
3793,20130208,3925,8,472,193580,175982,,2026-03-30 12:28:39.121,,y
3794,20190304,3926,8,472,"14531,03","13210,03",,2026-03-30 12:28:39.121,,y
3795,20110911,3927,8,472,34368,31244,,2026-03-30 12:28:39.121,,y
3796,20190808,3928,8,472,27593,25085,,2026-03-30 12:28:39.121,,y
3797,20210702,3929,8,472,37587,34170,,2026-03-30 12:28:39.121,,y
3798,20130503,3930,8,472,"3316,23","3014,75",,2026-03-30 12:28:39.121,,y
3799,20180510,3931,8,472,5610,5100,,2026-03-30 12:28:39.121,,y
3800,20140809,3932,8,472,246158,223780,,2026-03-30 12:28:39.121,,y
3801,20120502,3933,8,472,92444,84040,,2026-03-30 12:28:39.121,,y
3802,20201212,3934,8,472,20319,18472,,2026-03-30 12:28:39.121,,y
3803,20181110,3935,8,472,436,396,,2026-03-30 12:28:39.121,,y
3804,20171111,3936,8,472,"1126,13","1023,75",,2026-03-30 12:28:39.121,,y
3805,20190209,3937,8,472,116590,105991,,2026-03-30 12:28:39.121,,y
3806,20140510,3938,8,472,"3794,62","3449,65",,2026-03-30 12:28:39.121,,y
3807,20150810,3939,8,472,55219,50199,,2026-03-30 12:28:39.121,,y
3808,20140108,3940,8,472,1049,954,,2026-03-30 12:28:39.121,,y
3809,20210506,3941,8,472,12843,11675,,2026-03-30 12:28:39.121,,y
3810,20161201,3942,8,472,35668,32425,,2026-03-30 12:28:39.121,,y
3811,20210801,3943,8,472,9346,8496,,2026-03-30 12:28:39.121,,y
3812,20220607,3944,8,472,"10305,77","9368,88",,2026-03-30 12:28:39.121,,y
3813,20180611,3945,8,472,"70333,1","63939,18",,2026-03-30 12:28:39.121,,y
3814,20160106,3946,8,472,"1512,5",1375,,2026-03-30 12:28:39.121,,y
3815,20130204,3947,8,472,"4906,95","4460,86",,2026-03-30 12:28:39.121,,y
3816,20171211,3948,8,472,17596,15996,,2026-03-30 12:28:39.121,,y
3817,20161212,3949,8,472,"9529,83","8663,48",,2026-03-30 12:28:39.121,,y
3818,20230304,3950,8,472,"3209,49","2917,72",,2026-03-30 12:28:39.121,,y
3819,20220102,3951,8,472,"83888,93","76262,66",,2026-03-30 12:28:39.121,,y
3820,20140112,3952,8,472,238893,217175,,2026-03-30 12:28:39.121,,y
3821,20150704,3953,8,472,"16710,6","15191,45",,2026-03-30 12:28:39.121,,y
3822,20150108,3954,8,472,42835,38941,,2026-03-30 12:28:39.121,,y
3823,20161209,3955,8,472,"59706,05","54278,23",,2026-03-30 12:28:39.121,,y
3824,20140501,3956,8,472,12479,11345,,2026-03-30 12:28:39.121,,y
3825,20130801,3957,8,472,102394,93085,,2026-03-30 12:28:39.121,,y
3826,20150104,3958,8,472,283786,257987,,2026-03-30 12:28:39.121,,y
3827,20150703,3959,8,472,56113,51012,,2026-03-30 12:28:39.121,,y
3828,20140609,3960,8,472,12355,11232,,2026-03-30 12:28:39.121,,y
3829,20180409,3961,8,472,51901,47183,,2026-03-30 12:28:39.121,,y
3830,20210707,3962,8,472,"12119,61","11017,83",,2026-03-30 12:28:39.122,,y
3831,20160105,3963,8,472,"4277,78","3888,89",,2026-03-30 12:28:39.122,,y
3832,20120205,3964,8,472,4731,4301,,2026-03-30 12:28:39.122,,y
3833,20180405,3965,8,472,65832,59847,,2026-03-30 12:28:39.122,,y
3834,20130305,3966,8,472,"6530,41","5936,74",,2026-03-30 12:28:39.122,,y
3835,20190504,3967,8,472,54776,49796,,2026-03-30 12:28:39.122,,y
3836,20190212,3968,8,472,"92231,59","83846,9",,2026-03-30 12:28:39.122,,y
3837,20141104,3969,8,472,47868,43516,,2026-03-30 12:28:39.122,,y
3838,20170712,3970,8,472,"14737,18","13397,44",,2026-03-30 12:28:39.122,,y
3839,20160808,3971,8,472,"43725,17","39750,15",,2026-03-30 12:28:39.122,,y
3840,20130109,3972,8,472,24387,22170,,2026-03-30 12:28:39.122,,y
3841,20110412,3973,8,472,3173,2885,,2026-03-30 12:28:39.122,,y
3842,20121205,3974,8,472,"34353,76","31230,69",,2026-03-30 12:28:39.122,,y
3843,20180906,3975,8,472,1320,1200,,2026-03-30 12:28:39.122,,y
3844,20200209,3976,8,472,16272,14793,,2026-03-30 12:28:39.122,,y
3845,20191207,3977,8,472,"8878,48","8071,35",,2026-03-30 12:28:39.122,,y
3846,20150110,3978,8,472,"7981,87","7256,25",,2026-03-30 12:28:39.122,,y
3847,20170409,3979,8,472,49798,45271,,2026-03-30 12:28:39.122,,y
3848,20171101,3980,8,472,127040,115491,,2026-03-30 12:28:39.122,,y
3849,20220705,3981,8,472,"2331,71","2119,74",,2026-03-30 12:28:39.122,,y
3850,20130212,3982,8,472,86775,78886,,2026-03-30 12:28:39.122,,y
3851,20130612,3983,8,472,26949,24499,,2026-03-30 12:28:39.122,,y
3852,20230305,3984,8,472,2969,2699,,2026-03-30 12:28:39.122,,y
3853,20200908,3985,8,472,"48416,63","44015,12",,2026-03-30 12:28:39.122,,y
3854,20190605,3986,8,472,17241,15674,,2026-03-30 12:28:39.122,,y
3855,20170505,3987,8,472,"5550,52","5045,93",,2026-03-30 12:28:39.122,,y
3856,20151212,3988,8,472,75309,68463,,2026-03-30 12:28:39.122,,y
3857,20220310,3989,8,472,32450,29500,,2026-03-30 12:28:39.122,,y
3858,20170402,3990,8,472,15605,14186,,2026-03-30 12:28:39.122,,y
3859,20140603,3991,8,472,"9103,46","8275,87",,2026-03-30 12:28:39.122,,y
3860,20190105,3992,8,472,"6556,55","5960,5",,2026-03-30 12:28:39.122,,y
3861,20170312,3993,8,472,"50126,58","45569,62",,2026-03-30 12:28:39.122,,y
3862,20190908,3994,8,472,26706,24278,,2026-03-30 12:28:39.122,,y
3863,20180305,3995,8,472,8133,7394,,2026-03-30 12:28:39.122,,y
3864,20180208,3996,8,472,2200,2000,,2026-03-30 12:28:39.122,,y
3865,20201206,3997,8,472,"3129,42","2844,93",,2026-03-30 12:28:39.122,,y
3866,20191210,3998,8,472,"3565,99","3241,81",,2026-03-30 12:28:39.122,,y
3867,20170508,3999,8,472,4153,3775,,2026-03-30 12:28:39.122,,y
3868,20130506,4000,8,472,55785,50714,,2026-03-30 12:28:39.122,,y
3869,20140307,4001,8,472,235374,213976,,2026-03-30 12:28:39.123,,y
3870,20200305,4002,8,472,10413,9466,,2026-03-30 12:28:39.123,,y
3871,20150705,4003,8,472,41118,37380,,2026-03-30 12:28:39.123,,y
3872,20191006,4004,8,472,39599,35999,,2026-03-30 12:28:39.123,,y
3873,20181004,4005,8,472,26709,24281,,2026-03-30 12:28:39.123,,y
3874,20150509,4006,8,472,3299,2999,,2026-03-30 12:28:39.123,,y
3875,20160106,4007,8,472,89752,81593,,2026-03-30 12:28:39.123,,y
3876,20170710,4008,8,472,3298,2998,,2026-03-30 12:28:39.123,,y
3877,20200301,4009,8,472,"84800,74","77091,58",,2026-03-30 12:28:39.123,,y
3878,20210510,4010,8,472,79196,71996,,2026-03-30 12:28:39.123,,y
3879,20170706,4011,8,472,10107,9188,,2026-03-30 12:28:39.123,,y
3880,20120508,4012,8,472,"2623,5",2385,,2026-03-30 12:28:39.123,,y
3881,20120604,4013,8,472,"2012,25","1829,32",,2026-03-30 12:28:39.123,,y
3882,20141205,4014,8,472,6045,5495,,2026-03-30 12:28:39.123,,y
3883,20210105,4015,8,472,64437,58579,,2026-03-30 12:28:39.123,,y
3884,20121205,4016,8,472,"3734,46","3394,96",,2026-03-30 12:28:39.123,,y
3885,20210503,4017,8,472,28032,25484,,2026-03-30 12:28:39.123,,y
3886,20140702,4018,8,472,35271,32065,,2026-03-30 12:28:39.123,,y
3887,20161104,4019,8,472,14225,12932,,2026-03-30 12:28:39.123,,y
3888,20130109,4020,8,472,11568,10516,,2026-03-30 12:28:39.123,,y
3889,20200402,4021,8,472,124223,112930,,2026-03-30 12:28:39.123,,y
3890,20170306,4022,8,472,18326,16660,,2026-03-30 12:28:39.123,,y
3891,20140204,4023,8,472,"3340,78","3037,07",,2026-03-30 12:28:39.123,,y
3892,20220602,4024,8,472,23009,20917,,2026-03-30 12:28:39.123,,y
3893,20111109,4025,8,472,12309,11190,,2026-03-30 12:28:39.123,,y
3894,20200708,4026,8,472,"5687,3","5170,27",,2026-03-30 12:28:39.123,,y
3895,20120707,4027,8,472,66558,60507,,2026-03-30 12:28:39.123,,y
3896,20190812,4028,8,472,"5274,36","4794,87",,2026-03-30 12:28:39.123,,y
3897,20191110,4029,8,472,102671,93337,,2026-03-30 12:28:39.123,,y
3898,20190908,4030,8,472,"2378,99","2162,72",,2026-03-30 12:28:39.123,,y
3899,20180609,4031,8,472,18215,16559,,2026-03-30 12:28:39.123,,y
3900,20211101,4032,8,472,6597,5997,,2026-03-30 12:28:39.123,,y
3901,20141001,4033,8,472,111662,101511,,2026-03-30 12:28:39.123,,y
3902,20180107,4034,8,472,"2392,42","2174,93",,2026-03-30 12:28:39.123,,y
3903,20210504,4035,8,472,35196,31996,,2026-03-30 12:28:39.123,,y
3904,20221102,4036,8,472,23295,21177,,2026-03-30 12:28:39.123,,y
3905,20200208,4037,8,472,12608,11462,,2026-03-30 12:28:39.123,,y
3906,20130206,4038,8,472,"36140,23","32854,75",,2026-03-30 12:28:39.123,,y
3907,20140706,4039,8,472,71000,64545,,2026-03-30 12:28:39.123,,y
3908,20140410,4040,8,472,102839,93490,,2026-03-30 12:28:39.123,,y
3909,20170611,4041,8,472,10441,9492,,2026-03-30 12:28:39.123,,y
3910,20170206,4042,8,472,31462,28602,,2026-03-30 12:28:39.123,,y
3911,20161009,4043,8,472,"79562,16","72329,24",,2026-03-30 12:28:39.123,,y
3912,20130603,4044,8,472,9876,8978,,2026-03-30 12:28:39.123,,y
3913,20170201,4045,8,472,3864,3513,,2026-03-30 12:28:39.124,,y
3914,20131012,4046,8,472,"12032,64","10938,76",,2026-03-30 12:28:39.124,,y
3915,20130611,4047,8,472,31571,28701,,2026-03-30 12:28:39.124,,y
3916,20200111,4048,8,472,57958,52689,,2026-03-30 12:28:39.124,,y
3917,20150410,4049,8,472,15893,14448,,2026-03-30 12:28:39.124,,y
3918,20180107,4050,8,472,51247,46588,,2026-03-30 12:28:39.124,,y
3919,20151104,4051,8,472,"13111,43","11919,48",,2026-03-30 12:28:39.124,,y
3920,20220104,4052,8,472,19008,17280,,2026-03-30 12:28:39.124,,y
3921,20120305,4053,8,472,17883,16257,,2026-03-30 12:28:39.124,,y
3922,20140205,4054,8,472,83370,75791,,2026-03-30 12:28:39.124,,y
3923,20160807,4055,8,472,"2149,21","1953,83",,2026-03-30 12:28:39.124,,y
3924,20120707,4056,8,472,17452,15865,,2026-03-30 12:28:39.124,,y
3925,20110906,4057,8,472,"5345,89","4859,9",,2026-03-30 12:28:39.124,,y
3926,20200208,4058,8,472,23880,21709,,2026-03-30 12:28:39.124,,y
3927,20210506,4059,8,472,"45706,92","41551,75",,2026-03-30 12:28:39.124,,y
3928,20190201,4060,8,472,32065,29150,,2026-03-30 12:28:39.124,,y
3929,20121104,4061,8,472,"109447,8",99498,,2026-03-30 12:28:39.124,,y
3930,20150112,4062,8,472,12530,11391,,2026-03-30 12:28:39.124,,y
3931,20130309,4063,8,472,"21141,96","19219,96",,2026-03-30 12:28:39.124,,y
3932,20131203,4064,8,472,436,396,,2026-03-30 12:28:39.124,,y
3933,20201112,4065,8,472,5593,5085,,2026-03-30 12:28:39.124,,y
3934,20181204,4066,8,472,88976,80887,,2026-03-30 12:28:39.124,,y
3935,20220803,4067,8,472,16225,14750,,2026-03-30 12:28:39.124,,y
3936,20120104,4068,8,472,"1529,78","1390,71",,2026-03-30 12:28:39.124,,y
3937,20170809,4069,8,472,31552,28684,,2026-03-30 12:28:39.124,,y
3938,20141008,4070,8,472,"52878,65","48071,5",,2026-03-30 12:28:39.124,,y
3939,20131107,4071,8,472,270371,245792,,2026-03-30 12:28:39.124,,y
3940,20220511,4072,8,472,"6236,91","5669,92",,2026-03-30 12:28:39.124,,y
3941,20190610,4073,8,472,216130,196482,,2026-03-30 12:28:39.124,,y
3942,20181004,4074,8,472,10806,9824,,2026-03-30 12:28:39.124,,y
3943,20141207,4075,8,472,24536,22305,,2026-03-30 12:28:39.124,,y
3944,20170504,4076,8,472,"5499,52","4999,56",,2026-03-30 12:28:39.124,,y
3945,20190410,4077,8,472,10445,9495,,2026-03-30 12:28:39.124,,y
3946,20130102,4078,8,472,5367,4879,,2026-03-30 12:28:39.124,,y
3947,20151106,4079,8,472,3830,3482,,2026-03-30 12:28:39.124,,y
3948,20120208,4080,8,472,"24038,28","21852,98",,2026-03-30 12:28:39.124,,y
3949,20230603,4081,8,472,40913,37194,,2026-03-30 12:28:39.124,,y
3950,20160507,4082,8,472,133642,121493,,2026-03-30 12:28:39.124,,y
3951,20180212,4083,8,472,18975,17250,,2026-03-30 12:28:39.124,,y
3952,20120906,4084,8,472,20534,18667,,2026-03-30 12:28:39.125,,y
3953,20141009,4085,8,472,64893,58994,,2026-03-30 12:28:39.125,,y
3954,20140103,4086,8,472,"7239,44","6581,31",,2026-03-30 12:28:39.125,,y
3955,20210305,4087,8,472,71495,64995,,2026-03-30 12:28:39.125,,y
3956,20160411,4088,8,472,2305,2095,,2026-03-30 12:28:39.125,,y
3957,20160612,4089,8,472,"5950,69","5409,72",,2026-03-30 12:28:39.125,,y
3958,20140204,4090,8,472,33465,30423,,2026-03-30 12:28:39.125,,y
3959,20140603,4091,8,472,"36946,22","33587,47",,2026-03-30 12:28:39.125,,y
3960,20220309,4092,8,472,"3459,26","3144,78",,2026-03-30 12:28:39.125,,y
3961,20190507,4093,8,472,17820,16200,,2026-03-30 12:28:39.125,,y
3962,20130809,4094,8,472,53771,48883,,2026-03-30 12:28:39.125,,y
3963,20170101,4095,8,472,280434,254940,,2026-03-30 12:28:39.125,,y
3964,20201101,4096,8,472,"2823,64","2566,95",,2026-03-30 12:28:39.125,,y
3965,20210407,4097,8,472,26615,24195,,2026-03-30 12:28:39.125,,y
3966,20190609,4098,8,472,70601,64183,,2026-03-30 12:28:39.125,,y
3967,20140308,4099,8,472,"20986,37","19078,52",,2026-03-30 12:28:39.125,,y
3968,20180205,4100,8,472,7123,6475,,2026-03-30 12:28:39.125,,y
3969,20180903,4101,8,472,"3305,18","3004,71",,2026-03-30 12:28:39.125,,y
3970,20151211,4102,8,472,99737,90670,,2026-03-30 12:28:39.125,,y
3971,20210304,4103,8,472,"3729,94","3390,85",,2026-03-30 12:28:39.125,,y
3972,20210601,4104,8,472,46375,42159,,2026-03-30 12:28:39.125,,y
3973,20120107,4105,8,472,"122856,38","111687,62",,2026-03-30 12:28:39.125,,y
3974,20140805,4106,8,472,"15574,11","14158,28",,2026-03-30 12:28:39.125,,y
3975,20180303,4107,8,472,10994,9995,,2026-03-30 12:28:39.125,,y
3976,20121108,4108,8,472,"8700,64","7909,67",,2026-03-30 12:28:39.125,,y
3977,20201104,4109,8,472,49643,45130,,2026-03-30 12:28:39.125,,y
3978,20220804,4110,8,472,25598,23271,,2026-03-30 12:28:39.125,,y
3979,20170811,4111,8,472,518,471,,2026-03-30 12:28:39.125,,y
3980,20190406,4112,8,472,22519,20472,,2026-03-30 12:28:39.125,,y
3981,20200208,4113,8,472,85250,77500,,2026-03-30 12:28:39.125,,y
3982,20180602,4114,8,472,"17965,57","16332,34",,2026-03-30 12:28:39.125,,y
3983,20150401,4115,8,472,59397,53997,,2026-03-30 12:28:39.125,,y
3984,20190607,4116,8,472,7561,6874,,2026-03-30 12:28:39.125,,y
3985,20120503,4117,8,472,109556,99596,,2026-03-30 12:28:39.125,,y
3986,20131102,4118,8,472,"9091,2","8264,73",,2026-03-30 12:28:39.125,,y
3987,20150309,4119,8,472,56757,51597,,2026-03-30 12:28:39.125,,y
3988,20200107,4120,8,472,50919,46290,,2026-03-30 12:28:39.125,,y
3989,20180710,4121,8,472,77714,70649,,2026-03-30 12:28:39.125,,y
3990,20160506,4122,8,472,2152,1956,,2026-03-30 12:28:39.125,,y
3991,20170204,4123,8,472,69891,63537,,2026-03-30 12:28:39.125,,y
3992,20150601,4124,8,472,27495,24995,,2026-03-30 12:28:39.125,,y
3993,20121002,4125,8,472,28466,25878,,2026-03-30 12:28:39.125,,y
3994,20140105,4126,8,472,41056,37324,,2026-03-30 12:28:39.126,,y
3995,20160507,4127,8,472,48660,44236,,2026-03-30 12:28:39.126,,y
3996,20150405,4128,8,472,63050,57318,,2026-03-30 12:28:39.126,,y
3997,20190412,4129,8,472,85356,77596,,2026-03-30 12:28:39.126,,y
3998,20210301,4130,8,472,4948,4498,,2026-03-30 12:28:39.126,,y
3999,20211203,4131,8,472,68750,62500,,2026-03-30 12:28:39.126,,y
4000,20160406,4132,8,472,21086,19169,,2026-03-30 12:28:39.126,,y
4001,20150305,4133,8,472,74723,67930,,2026-03-30 12:28:39.126,,y
4002,20200712,4134,8,472,658,598,,2026-03-30 12:28:39.126,,y
4003,20190410,4135,8,472,87337,79397,,2026-03-30 12:28:39.126,,y
4004,20170905,4136,8,472,"59492,74","54084,31",,2026-03-30 12:28:39.126,,y
4005,20131203,4137,8,472,"2898,92","2635,38",,2026-03-30 12:28:39.126,,y
4006,20210904,4138,8,472,"7328,87","6662,61",,2026-03-30 12:28:39.127,,y
4007,20140709,4139,8,472,10137,9215,,2026-03-30 12:28:39.127,,y
4008,20130606,4140,8,472,"2151,4","1955,82",,2026-03-30 12:28:39.127,,y
4009,20170905,4141,8,472,660,600,,2026-03-30 12:28:39.127,,y
4010,20190802,4142,8,472,"4444,08","4040,07",,2026-03-30 12:28:39.127,,y
4011,20170710,4143,8,472,10778,9798,,2026-03-30 12:28:39.127,,y
4012,20130507,4144,8,472,34422,31293,,2026-03-30 12:28:39.127,,y
4013,20161104,4145,8,472,"5101,77","4637,97",,2026-03-30 12:28:39.127,,y
4014,20190405,4146,8,472,33504,30458,,2026-03-30 12:28:39.127,,y
4015,20160711,4147,8,472,139363,126694,,2026-03-30 12:28:39.127,,y
4016,20190802,4148,8,472,19456,17687,,2026-03-30 12:28:39.127,,y
4017,20210705,4149,8,472,"3624,46","3294,96",,2026-03-30 12:28:39.127,,y
4018,20110908,4150,8,472,"64507,63","58643,3",,2026-03-30 12:28:39.127,,y
4019,20190901,4151,8,472,3124,2840,,2026-03-30 12:28:39.127,,y
4020,20120509,4152,8,472,31448,28589,,2026-03-30 12:28:39.127,,y
4021,20191202,4153,8,472,"6929,36","6299,42",,2026-03-30 12:28:39.127,,y
4022,20210405,4154,8,472,"75351,02","68500,93",,2026-03-30 12:28:39.127,,y
4023,20150201,4155,8,472,27936,25396,,2026-03-30 12:28:39.127,,y
4024,20120512,4156,8,472,"30346,75","27587,95",,2026-03-30 12:28:39.127,,y
4025,20150301,4157,8,472,82488,74989,,2026-03-30 12:28:39.127,,y
4026,20181009,4158,8,472,21379,19435,,2026-03-30 12:28:39.127,,y
4027,20130209,4159,8,472,1976,1796,,2026-03-30 12:28:39.127,,y
4028,20220501,4160,8,472,54998,49998,,2026-03-30 12:28:39.127,,y
4029,20150309,4161,8,472,"21848,99","19862,72",,2026-03-30 12:28:39.127,,y
4030,20140109,4162,8,472,45100,41000,,2026-03-30 12:28:39.127,,y
4031,20221103,4163,8,472,5605,5095,,2026-03-30 12:28:39.127,,y
4032,20120206,4164,8,472,65067,59152,,2026-03-30 12:28:39.127,,y
4033,20140905,4165,8,472,178189,161990,,2026-03-30 12:28:39.127,,y
4034,20180508,4166,8,472,17157,15597,,2026-03-30 12:28:39.127,,y
4035,20190403,4167,8,472,18586,16896,,2026-03-30 12:28:39.127,,y
4036,20130607,4168,8,472,"1660,86","1509,87",,2026-03-30 12:28:39.127,,y
4037,20180602,4169,8,472,"33794,35","30722,14",,2026-03-30 12:28:39.127,,y
4038,20210709,4170,8,472,14960,13600,,2026-03-30 12:28:39.127,,y
4039,20170310,4171,8,472,56727,51570,,2026-03-30 12:28:39.127,,y
4040,20150702,4172,8,472,"53152,62","48320,56",,2026-03-30 12:28:39.128,,y
4041,20160508,4173,8,472,"3386,35","3078,5",,2026-03-30 12:28:39.128,,y
4042,20120608,4174,8,472,3738,3398,,2026-03-30 12:28:39.128,,y
4043,20171007,4175,8,472,22871,20792,,2026-03-30 12:28:39.128,,y
4044,20151205,4176,8,472,115932,105393,,2026-03-30 12:28:39.128,,y
4045,20210703,4177,8,472,88601,80546,,2026-03-30 12:28:39.128,,y
4046,20160410,4178,8,472,"2099,42","1908,56",,2026-03-30 12:28:39.128,,y
4047,20190611,4179,8,472,"26764,68","24331,53",,2026-03-30 12:28:39.128,,y
4048,20170204,4180,8,472,122230,111118,,2026-03-30 12:28:39.128,,y
4049,20170701,4181,8,472,11131,10119,,2026-03-30 12:28:39.128,,y
4050,20220211,4182,8,472,945,859,,2026-03-30 12:28:39.128,,y
4051,20160108,4183,8,472,"36128,71","32844,28",,2026-03-30 12:28:39.128,,y
4052,20190204,4184,8,472,38900,35364,,2026-03-30 12:28:39.128,,y
4053,20161108,4185,8,472,53867,48970,,2026-03-30 12:28:39.128,,y
4054,20210803,4186,8,472,"31774,49","28885,9",,2026-03-30 12:28:39.128,,y
4055,20180510,4187,8,472,50392,45811,,2026-03-30 12:28:39.128,,y
4056,20191104,4188,8,472,36842,33493,,2026-03-30 12:28:39.128,,y
4057,20200104,4189,8,472,9496,8633,,2026-03-30 12:28:39.128,,y
4058,20160712,4190,8,472,"4168,73","3789,75",,2026-03-30 12:28:39.128,,y
4059,20190901,4191,8,472,"16108,14","14643,76",,2026-03-30 12:28:39.128,,y
4060,20141111,4192,8,472,22892,20811,,2026-03-30 12:28:39.128,,y
4061,20210612,4193,8,472,3630,3300,,2026-03-30 12:28:39.128,,y
4062,20180909,4194,8,472,168277,152979,,2026-03-30 12:28:39.128,,y
4063,20130405,4195,8,472,"3002,98","2729,98",,2026-03-30 12:28:39.128,,y
4064,20191211,4196,8,472,27932,25393,,2026-03-30 12:28:39.128,,y
4065,20140301,4197,8,472,88990,80900,,2026-03-30 12:28:39.128,,y
4066,20111110,4198,8,472,"3961,58","3601,44",,2026-03-30 12:28:39.128,,y
4067,20140705,4199,8,472,"5862,28","5329,35",,2026-03-30 12:28:39.128,,y
4068,20200402,4200,8,472,2640,2400,,2026-03-30 12:28:39.128,,y
4069,20160412,4201,8,472,3960,3600,,2026-03-30 12:28:39.128,,y
4070,20190212,4202,8,472,42029,38208,,2026-03-30 12:28:39.128,,y
4071,20180209,4203,8,472,88022,80020,,2026-03-30 12:28:39.128,,y
4072,20200210,4204,8,472,12731,11574,,2026-03-30 12:28:39.128,,y
4073,20121110,4205,8,472,30313,27557,,2026-03-30 12:28:39.128,,y
4074,20131006,4206,8,472,58077,52797,,2026-03-30 12:28:39.128,,y
4075,20150110,4207,8,472,66045,60041,,2026-03-30 12:28:39.128,,y
4076,20150411,4208,8,472,21973,19975,,2026-03-30 12:28:39.128,,y
4077,20150204,4209,8,472,23760,21600,,2026-03-30 12:28:39.129,,y
4078,20110709,4210,8,472,71214,64740,,2026-03-30 12:28:39.129,,y
4079,20140511,4211,8,472,"5299,57","4817,79",,2026-03-30 12:28:39.129,,y
4080,20170401,4212,8,472,26996,24542,,2026-03-30 12:28:39.129,,y
4081,20190906,4213,8,472,"10201,05","9273,68",,2026-03-30 12:28:39.129,,y
4082,20190407,4214,8,472,"3464,87","3149,88",,2026-03-30 12:28:39.129,,y
4083,20120109,4215,8,472,"1740,04","1581,85",,2026-03-30 12:28:39.129,,y
4084,20180510,4216,8,472,79791,72537,,2026-03-30 12:28:39.129,,y
4085,20140505,4217,8,472,72652,66047,,2026-03-30 12:28:39.129,,y
4086,20181108,4218,8,472,57731,52483,,2026-03-30 12:28:39.129,,y
4087,20200104,4219,8,472,21120,19200,,2026-03-30 12:28:39.129,,y
4088,20181212,4220,8,472,"31713,97","28830,88",,2026-03-30 12:28:39.129,,y
4089,20180908,4221,8,472,30154,27413,,2026-03-30 12:28:39.129,,y
4090,20200510,4222,8,472,"6155,6",5596,,2026-03-30 12:28:39.129,,y
4091,20131009,4223,8,472,7196,6542,,2026-03-30 12:28:39.129,,y
4092,20180403,4224,8,472,35366,32151,,2026-03-30 12:28:39.129,,y
4093,20180905,4225,8,472,"3557,05","3233,68",,2026-03-30 12:28:39.129,,y
4094,20141105,4226,8,472,"26677,2",24252,,2026-03-30 12:28:39.129,,y
4095,20190512,4227,8,472,109524,99567,,2026-03-30 12:28:39.129,,y
4096,20191204,4228,8,472,"2843,46","2584,96",,2026-03-30 12:28:39.129,,y
4097,20200905,4229,8,472,"16231,52","14755,93",,2026-03-30 12:28:39.129,,y
4098,20140307,4230,8,472,"6683,6",6076,,2026-03-30 12:28:39.129,,y
4099,20160609,4231,8,472,"8405,45","7641,32",,2026-03-30 12:28:39.129,,y
4100,20130806,4232,8,472,"39765,42","36150,38",,2026-03-30 12:28:39.129,,y
4101,20161102,4233,8,472,21667,19697,,2026-03-30 12:28:39.129,,y
4102,20210404,4234,8,472,"7052,49","6411,35",,2026-03-30 12:28:39.129,,y
4103,20140908,4235,8,472,74359,67599,,2026-03-30 12:28:39.129,,y
4104,20180712,4236,8,472,15619,14199,,2026-03-30 12:28:39.129,,y
4105,20191207,4237,8,472,88645,80586,,2026-03-30 12:28:39.129,,y
4106,20190103,4238,8,472,7953,7230,,2026-03-30 12:28:39.129,,y
4107,20151107,4239,8,472,"6616,65","6015,14",,2026-03-30 12:28:39.129,,y
4108,20220903,4240,8,472,"3008,47","2734,97",,2026-03-30 12:28:39.129,,y
4109,20130307,4241,8,472,4777,4343,,2026-03-30 12:28:39.129,,y
4110,20191201,4242,8,472,11000,10000,,2026-03-30 12:28:39.129,,y
4111,20130403,4243,8,472,98967,89970,,2026-03-30 12:28:39.129,,y
4112,20140212,4244,8,472,39796,36178,,2026-03-30 12:28:39.129,,y
4113,20221103,4245,8,472,141889,128990,,2026-03-30 12:28:39.129,,y
4114,20200605,4246,8,472,18564,16876,,2026-03-30 12:28:39.129,,y
4115,20181003,4247,8,472,20889,18990,,2026-03-30 12:28:39.129,,y
4116,20170904,4248,8,472,54788,49807,,2026-03-30 12:28:39.129,,y
4117,20161206,4249,8,472,"8243,2","7493,82",,2026-03-30 12:28:39.129,,y
4118,20180201,4250,8,472,26504,24095,,2026-03-30 12:28:39.13,,y
4119,20170710,4251,8,472,"25017,18","22742,89",,2026-03-30 12:28:39.13,,y
4120,20140301,4252,8,472,25061,22783,,2026-03-30 12:28:39.13,,y
4121,20190312,4253,8,472,20581,18710,,2026-03-30 12:28:39.13,,y
4122,20170401,4254,8,472,234730,213391,,2026-03-30 12:28:39.13,,y
4123,20131202,4255,8,472,10230,9300,,2026-03-30 12:28:39.13,,y
4124,20180206,4256,8,472,"3847,54","3497,76",,2026-03-30 12:28:39.13,,y
4125,20161009,4257,8,472,40139,36490,,2026-03-30 12:28:39.13,,y
4126,20180302,4258,8,472,"7968,77","7244,34",,2026-03-30 12:28:39.13,,y
4127,20200612,4259,8,472,60666,55151,,2026-03-30 12:28:39.13,,y
4128,20210504,4260,8,472,14732,13393,,2026-03-30 12:28:39.13,,y
4129,20180702,4261,8,472,"37275,92","33887,2",,2026-03-30 12:28:39.13,,y
4130,20190412,4262,8,472,53123,48294,,2026-03-30 12:28:39.13,,y
4131,20171006,4263,8,472,20341,18492,,2026-03-30 12:28:39.13,,y
4132,20190409,4264,8,472,"1669,75","1517,95",,2026-03-30 12:28:39.13,,y
4133,20160502,4265,8,472,"9296,69","8451,54",,2026-03-30 12:28:39.13,,y
4134,20150701,4266,8,472,"3827,98","3479,98",,2026-03-30 12:28:39.13,,y
4135,20140608,4267,8,472,170460,154964,,2026-03-30 12:28:39.13,,y
4136,20160805,4268,8,472,18928,17207,,2026-03-30 12:28:39.13,,y
4137,20201203,4269,8,472,35200,32000,,2026-03-30 12:28:39.13,,y
4138,20180409,4270,8,472,"20601,2","18728,36",,2026-03-30 12:28:39.13,,y
4139,20141101,4271,8,472,"13524,54","12295,04",,2026-03-30 12:28:39.13,,y
4140,20190411,4272,8,472,18087,16443,,2026-03-30 12:28:39.13,,y
4141,20200310,4273,8,472,"1319,96","1199,96",,2026-03-30 12:28:39.13,,y
4142,20180206,4274,8,472,61391,55810,,2026-03-30 12:28:39.13,,y
4143,20200610,4275,8,472,438981,399074,,2026-03-30 12:28:39.13,,y
4144,20180509,4276,8,472,26180,23800,,2026-03-30 12:28:39.13,,y
4145,20210203,4277,8,472,195241,177492,,2026-03-30 12:28:39.13,,y
4146,20130504,4278,8,472,"81492,41","74084,01",,2026-03-30 12:28:39.13,,y
4147,20131007,4279,8,472,42883,38985,,2026-03-30 12:28:39.13,,y
4148,20150310,4280,8,472,8798,7998,,2026-03-30 12:28:39.13,,y
4149,20170605,4281,8,472,20449,18590,,2026-03-30 12:28:39.13,,y
4150,20200106,4282,8,472,30653,27866,,2026-03-30 12:28:39.13,,y
4151,20130903,4283,8,472,"6198,39","5634,9",,2026-03-30 12:28:39.13,,y
4152,20210511,4284,8,472,"25247,23","22952,03",,2026-03-30 12:28:39.13,,y
4153,20180212,4285,8,472,2853,2594,,2026-03-30 12:28:39.13,,y
4154,20170204,4286,8,472,130345,118495,,2026-03-30 12:28:39.13,,y
4155,20150811,4287,8,472,76010,69100,,2026-03-30 12:28:39.13,,y
4156,20120503,4288,8,472,20898,18998,,2026-03-30 12:28:39.13,,y
4157,20220303,4289,8,472,"1916,11","1741,92",,2026-03-30 12:28:39.13,,y
4158,20140306,4290,8,472,"1237,73","1125,21",,2026-03-30 12:28:39.13,,y
4159,20140704,4291,8,472,128129,116481,,2026-03-30 12:28:39.13,,y
4160,20211208,4292,8,472,139475,126795,,2026-03-30 12:28:39.13,,y
4161,20160902,4293,8,472,"2100,96","1909,96",,2026-03-30 12:28:39.13,,y
4162,20170406,4294,8,472,"6022,35","5474,86",,2026-03-30 12:28:39.13,,y
4163,20151212,4295,8,472,"15764,17","14331,06",,2026-03-30 12:28:39.13,,y
4164,20190404,4296,8,472,"3838,87","3489,88",,2026-03-30 12:28:39.13,,y
4165,20170308,4297,8,472,42480,38618,,2026-03-30 12:28:39.13,,y
4166,20121110,4298,8,472,26611,24192,,2026-03-30 12:28:39.13,,y
4167,20170804,4299,8,472,"21209,03","19280,94",,2026-03-30 12:28:39.13,,y
4168,20150602,4300,8,472,13323,12112,,2026-03-30 12:28:39.13,,y
4169,20170711,4301,8,472,78920,71745,,2026-03-30 12:28:39.13,,y
4170,20180507,4302,8,472,56500,51364,,2026-03-30 12:28:39.13,,y
4171,20110310,4303,8,472,219,199,,2026-03-30 12:28:39.13,,y
4172,20161103,4304,8,472,7359,6690,,2026-03-30 12:28:39.13,,y
4173,20160905,4305,8,472,7480,6800,,2026-03-30 12:28:39.13,,y
4174,20190209,4306,8,472,218,198,,2026-03-30 12:28:39.13,,y
4175,20171201,4307,8,472,73113,66466,,2026-03-30 12:28:39.13,,y
4176,20200506,4308,8,472,"2463,53","2239,57",,2026-03-30 12:28:39.13,,y
4177,20190303,4309,8,472,"8210,37","7463,97",,2026-03-30 12:28:39.13,,y
4178,20180104,4310,8,472,6597,5997,,2026-03-30 12:28:39.13,,y
4179,20200610,4311,8,472,96316,87560,,2026-03-30 12:28:39.13,,y
4180,20181205,4312,8,472,"23454,63","21322,39",,2026-03-30 12:28:39.13,,y
4181,20200509,4313,8,472,115224,104749,,2026-03-30 12:28:39.13,,y
4182,20160601,4314,8,472,"13986,35","12714,86",,2026-03-30 12:28:39.131,,y
4183,20140202,4315,8,472,19356,17596,,2026-03-30 12:28:39.131,,y
4184,20170904,4316,8,472,68675,62432,,2026-03-30 12:28:39.131,,y
4185,20210601,4317,8,472,2967,2697,,2026-03-30 12:28:39.131,,y
4186,20200410,4318,8,472,"6591,93","5992,66",,2026-03-30 12:28:39.131,,y
4187,20140707,4319,8,472,157618,143289,,2026-03-30 12:28:39.131,,y
4188,20130306,4320,8,472,"11893,24","10812,04",,2026-03-30 12:28:39.131,,y
4189,20141101,4321,8,472,"11788,23","10716,57",,2026-03-30 12:28:39.131,,y
4190,20221004,4322,8,472,8034,7304,,2026-03-30 12:28:39.131,,y
4191,20150603,4323,8,472,"5575,87","5068,97",,2026-03-30 12:28:39.131,,y
4192,20181107,4324,8,472,"44262,48","40238,62",,2026-03-30 12:28:39.131,,y
4193,20120507,4325,8,472,63246,57496,,2026-03-30 12:28:39.131,,y
4194,20140910,4326,8,472,37504,34095,,2026-03-30 12:28:39.131,,y
4195,20130205,4327,8,472,11860,10782,,2026-03-30 12:28:39.131,,y
4196,20150408,4328,8,472,"1800,81","1637,1",,2026-03-30 12:28:39.131,,y
4197,20110910,4329,8,472,62129,56481,,2026-03-30 12:28:39.131,,y
4198,20140109,4330,8,472,"40465,54","36786,85",,2026-03-30 12:28:39.131,,y
4199,20210506,4331,8,472,6432,5847,,2026-03-30 12:28:39.131,,y
4200,20190709,4332,8,472,24968,22698,,2026-03-30 12:28:39.131,,y
4201,20200405,4333,8,472,125500,114091,,2026-03-30 12:28:39.131,,y
4202,20180401,4334,8,472,4290,3900,,2026-03-30 12:28:39.131,,y
4203,20200611,4335,8,472,60994,55449,,2026-03-30 12:28:39.131,,y
4204,20190311,4336,8,472,"42668,81","38789,83",,2026-03-30 12:28:39.131,,y
4205,20131102,4337,8,472,36513,33194,,2026-03-30 12:28:39.131,,y
4206,20150701,4338,8,472,237040,215491,,2026-03-30 12:28:39.131,,y
4207,20140206,4339,8,472,"9645,88","8768,98",,2026-03-30 12:28:39.131,,y
4208,20170410,4340,8,472,51831,47119,,2026-03-30 12:28:39.131,,y
4209,20141007,4341,8,472,34081,30983,,2026-03-30 12:28:39.131,,y
4210,20170701,4342,8,472,"7876,78","7160,71",,2026-03-30 12:28:39.131,,y
4211,20191112,4343,8,472,6497,5906,,2026-03-30 12:28:39.131,,y
4212,20131108,4344,8,472,30060,27327,,2026-03-30 12:28:39.131,,y
4213,20150506,4345,8,472,"9631,87","8756,25",,2026-03-30 12:28:39.131,,y
4214,20150504,4346,8,472,"6140,09","5581,9",,2026-03-30 12:28:39.131,,y
4215,20180211,4347,8,472,17594,15995,,2026-03-30 12:28:39.131,,y
4216,20120609,4348,8,472,14850,13500,,2026-03-30 12:28:39.131,,y
4217,20141101,4349,8,472,39159,35599,,2026-03-30 12:28:39.131,,y
4218,20150803,4350,8,472,76851,69865,,2026-03-30 12:28:39.131,,y
4219,20200404,4351,8,472,83708,76098,,2026-03-30 12:28:39.131,,y
4220,20160511,4352,8,472,54945,49950,,2026-03-30 12:28:39.131,,y
4221,20150510,4353,8,472,"64776,13","58887,39",,2026-03-30 12:28:39.131,,y
4222,20190605,4354,8,472,221869,201699,,2026-03-30 12:28:39.131,,y
4223,20120108,4355,8,472,55631,50574,,2026-03-30 12:28:39.131,,y
4224,20190106,4356,8,472,"28940,34","26309,4",,2026-03-30 12:28:39.131,,y
4225,20170205,4357,8,472,"32328,03","29389,12",,2026-03-30 12:28:39.131,,y
4226,20200405,4358,8,472,"6432,68","5847,89",,2026-03-30 12:28:39.131,,y
4227,20190505,4359,8,472,"15891,98","14447,25",,2026-03-30 12:28:39.131,,y
4228,20190802,4360,8,472,145196,131996,,2026-03-30 12:28:39.131,,y
4229,20180406,4361,8,472,52261,47510,,2026-03-30 12:28:39.131,,y
4230,20120811,4362,8,472,24410,22191,,2026-03-30 12:28:39.131,,y
4231,20130108,4363,8,472,"24714,8",22468,,2026-03-30 12:28:39.131,,y
4232,20190601,4364,8,472,"4643,14","4221,04",,2026-03-30 12:28:39.131,,y
4233,20160608,4365,8,472,"2676,23","2432,94",,2026-03-30 12:28:39.131,,y
4234,20141005,4366,8,472,49471,44974,,2026-03-30 12:28:39.131,,y
4235,20121009,4367,8,472,84144,76495,,2026-03-30 12:28:39.131,,y
4236,20151007,4368,8,472,8796,7996,,2026-03-30 12:28:39.131,,y
4237,20121009,4369,8,472,28384,25804,,2026-03-30 12:28:39.131,,y
4238,20120410,4370,8,472,63131,57392,,2026-03-30 12:28:39.131,,y
4239,20230603,4371,8,472,"124743,65","113403,32",,2026-03-30 12:28:39.131,,y
4240,20180903,4372,8,472,14844,13495,,2026-03-30 12:28:39.131,,y
4241,20200410,4373,8,472,"15231,45","13846,77",,2026-03-30 12:28:39.132,,y
4242,20180503,4374,8,472,"61009,25","55462,95",,2026-03-30 12:28:39.132,,y
4243,20191212,4375,8,472,"114385,48","103986,8",,2026-03-30 12:28:39.132,,y
4244,20180502,4376,8,472,"1773,75","1612,5",,2026-03-30 12:28:39.132,,y
4245,20201208,4377,8,472,2156,1960,,2026-03-30 12:28:39.132,,y
4246,20150308,4378,8,472,235026,213660,,2026-03-30 12:28:39.132,,y
4247,20170511,4379,8,472,1098,998,,2026-03-30 12:28:39.132,,y
4248,20130711,4380,8,472,"4420,79","4018,9",,2026-03-30 12:28:39.132,,y
4249,20160606,4381,8,472,96246,87496,,2026-03-30 12:28:39.132,,y
4250,20161111,4382,8,472,43973,39975,,2026-03-30 12:28:39.132,,y
4251,20130307,4383,8,472,13890,12627,,2026-03-30 12:28:39.132,,y
4252,20110206,4384,8,472,112400,102182,,2026-03-30 12:28:39.132,,y
4253,20210804,4385,8,472,18665,16968,,2026-03-30 12:28:39.132,,y
4254,20120810,4386,8,472,28050,25500,,2026-03-30 12:28:39.132,,y
4255,20130501,4387,8,472,"4992,77","4538,88",,2026-03-30 12:28:39.132,,y
4256,20131110,4388,8,472,"11692,71","10629,74",,2026-03-30 12:28:39.132,,y
4257,20151201,4389,8,472,"37153,67","33776,06",,2026-03-30 12:28:39.132,,y
4258,20200509,4390,8,472,4356,3960,,2026-03-30 12:28:39.132,,y
4259,20140906,4391,8,472,"6544,65","5949,68",,2026-03-30 12:28:39.132,,y
4260,20181204,4392,8,472,21427,19479,,2026-03-30 12:28:39.132,,y
4261,20170703,4393,8,472,17065,15514,,2026-03-30 12:28:39.132,,y
4262,20150606,4394,8,472,"74702,74","67911,58",,2026-03-30 12:28:39.132,,y
4263,20150103,4395,8,472,5500,5000,,2026-03-30 12:28:39.132,,y
4264,20140711,4396,8,472,"8479,08","7708,25",,2026-03-30 12:28:39.132,,y
4265,20131008,4397,8,472,6045,5495,,2026-03-30 12:28:39.132,,y
4266,20180105,4398,8,472,25564,23240,,2026-03-30 12:28:39.132,,y
4267,20220607,4399,8,472,2475,2250,,2026-03-30 12:28:39.132,,y
4268,20140203,4400,8,472,17124,15567,,2026-03-30 12:28:39.132,,y
4269,20200902,4401,8,472,8298,7544,,2026-03-30 12:28:39.132,,y
4270,20120811,4402,8,472,24996,22724,,2026-03-30 12:28:39.132,,y
4271,20150704,4403,8,472,17600,16000,,2026-03-30 12:28:39.132,,y
4272,20120411,4404,8,472,75135,68305,,2026-03-30 12:28:39.132,,y
4273,20191009,4405,8,472,14512,13193,,2026-03-30 12:28:39.132,,y
4274,20161007,4406,8,472,73123,66475,,2026-03-30 12:28:39.132,,y
4275,20150106,4407,8,472,59607,54188,,2026-03-30 12:28:39.132,,y
4276,20141103,4408,8,472,9712,8829,,2026-03-30 12:28:39.132,,y
4277,20171008,4409,8,472,4814,4376,,2026-03-30 12:28:39.132,,y
4278,20140107,4410,8,472,"31892,08","28992,8",,2026-03-30 12:28:39.132,,y
4279,20200402,4411,8,472,235351,213955,,2026-03-30 12:28:39.132,,y
4280,20120706,4412,8,472,"17711,25","16101,14",,2026-03-30 12:28:39.132,,y
4281,20180507,4413,8,472,"3096,37","2814,88",,2026-03-30 12:28:39.132,,y
4282,20180410,4414,8,472,102670,93336,,2026-03-30 12:28:39.132,,y
4283,20191011,4415,8,472,69490,63173,,2026-03-30 12:28:39.132,,y
4284,20120604,4416,8,472,6578,5980,,2026-03-30 12:28:39.132,,y
4285,20140705,4417,8,472,23900,21727,,2026-03-30 12:28:39.132,,y
4286,20140112,4418,8,472,43222,39293,,2026-03-30 12:28:39.132,,y
4287,20170903,4419,8,472,2034,1849,,2026-03-30 12:28:39.132,,y
4288,20171109,4420,8,472,"55214,75","50195,23",,2026-03-30 12:28:39.132,,y
4289,20170707,4421,8,472,105410,95827,,2026-03-30 12:28:39.132,,y
4290,20111008,4422,8,472,10757,9779,,2026-03-30 12:28:39.132,,y
4291,20191108,4423,8,472,39751,36137,,2026-03-30 12:28:39.132,,y
4292,20200207,4424,8,472,"62913,64","57194,22",,2026-03-30 12:28:39.132,,y
4293,20200605,4425,8,472,4815,4377,,2026-03-30 12:28:39.132,,y
4294,20210807,4426,8,472,30258,27507,,2026-03-30 12:28:39.132,,y
4295,20170610,4427,8,472,4180,3800,,2026-03-30 12:28:39.132,,y
4296,20121207,4428,8,472,"26315,83","23923,48",,2026-03-30 12:28:39.132,,y
4297,20141207,4429,8,472,8463,7694,,2026-03-30 12:28:39.132,,y
4298,20180308,4430,8,472,38540,35036,,2026-03-30 12:28:39.132,,y
4299,20180304,4431,8,472,"51823,31","47112,1",,2026-03-30 12:28:39.132,,y
4300,20160107,4432,8,472,52990,48173,,2026-03-30 12:28:39.132,,y
4301,20190308,4433,8,472,"15763,42","14330,38",,2026-03-30 12:28:39.132,,y
4302,20150507,4434,8,472,16934,15395,,2026-03-30 12:28:39.132,,y
4303,20140501,4435,8,472,22984,20895,,2026-03-30 12:28:39.132,,y
4304,20190202,4436,8,472,14027,12752,,2026-03-30 12:28:39.132,,y
4305,20220404,4437,8,472,"157929,37","143572,15",,2026-03-30 12:28:39.132,,y
4306,20210602,4438,8,472,"1347,4","1224,91",,2026-03-30 12:28:39.132,,y
4307,20150901,4439,8,472,94733,86121,,2026-03-30 12:28:39.132,,y
4308,20180501,4440,8,472,19755,17959,,2026-03-30 12:28:39.133,,y
4309,20111206,4441,8,472,14594,13267,,2026-03-30 12:28:39.133,,y
4310,20180811,4442,8,472,15008,13644,,2026-03-30 12:28:39.133,,y
4311,20201005,4443,8,472,47402,43093,,2026-03-30 12:28:39.133,,y
4312,20150509,4444,8,472,102845,93495,,2026-03-30 12:28:39.133,,y
4313,20180305,4445,8,472,"17672,06","16065,51",,2026-03-30 12:28:39.133,,y
4314,20200101,4446,8,472,"4958,16","4507,42",,2026-03-30 12:28:39.133,,y
4315,20130304,4447,8,472,"5034,62","4576,93",,2026-03-30 12:28:39.133,,y
4316,20161203,4448,8,472,45896,41724,,2026-03-30 12:28:39.133,,y
4317,20191208,4449,8,472,"11411,98","10374,53",,2026-03-30 12:28:39.133,,y
4318,20130603,4450,8,472,"16179,9",14709,,2026-03-30 12:28:39.133,,y
4319,20180102,4451,8,472,102561,93237,,2026-03-30 12:28:39.133,,y
4320,20150112,4452,8,472,19395,17632,,2026-03-30 12:28:39.133,,y
4321,20210504,4453,8,472,27442,24947,,2026-03-30 12:28:39.133,,y
4322,20140407,4454,8,472,"45353,99","41230,9",,2026-03-30 12:28:39.133,,y
4323,20140403,4455,8,472,27112,24647,,2026-03-30 12:28:39.133,,y
4324,20161106,4456,8,472,31749,28863,,2026-03-30 12:28:39.133,,y
4325,20210805,4457,8,472,23422,21293,,2026-03-30 12:28:39.133,,y
4326,20141206,4458,8,472,70396,63996,,2026-03-30 12:28:39.133,,y
4327,20141105,4459,8,472,9896,8996,,2026-03-30 12:28:39.133,,y
4328,20110910,4460,8,472,52978,48162,,2026-03-30 12:28:39.133,,y
4329,20130209,4461,8,472,65998,59998,,2026-03-30 12:28:39.133,,y
4330,20200306,4462,8,472,6659,6054,,2026-03-30 12:28:39.133,,y
4331,20210404,4463,8,472,"4416,24","4014,76",,2026-03-30 12:28:39.133,,y
4332,20170312,4464,8,472,"1512,48","1374,98",,2026-03-30 12:28:39.133,,y
4333,20160609,4465,8,472,97812,88920,,2026-03-30 12:28:39.133,,y
4334,20131102,4466,8,472,30789,27990,,2026-03-30 12:28:39.133,,y
4335,20130105,4467,8,472,3788,3444,,2026-03-30 12:28:39.133,,y
4336,20200707,4468,8,472,22230,20209,,2026-03-30 12:28:39.133,,y
4337,20211105,4469,8,472,26409,24008,,2026-03-30 12:28:39.133,,y
4338,20170211,4470,8,472,"4799,26","4362,96",,2026-03-30 12:28:39.133,,y
4339,20161006,4471,8,472,"76570,97","69609,97",,2026-03-30 12:28:39.133,,y
4340,20170112,4472,8,472,32984,29985,,2026-03-30 12:28:39.133,,y
4341,20181202,4473,8,472,16757,15234,,2026-03-30 12:28:39.133,,y
4342,20190407,4474,8,472,37069,33699,,2026-03-30 12:28:39.133,,y
4343,20160704,4475,8,472,"4746,42","4314,93",,2026-03-30 12:28:39.133,,y
4344,20140901,4476,8,472,82505,75005,,2026-03-30 12:28:39.133,,y
4345,20150210,4477,8,472,"2348,34","2134,85",,2026-03-30 12:28:39.133,,y
4346,20160309,4478,8,472,2198,1998,,2026-03-30 12:28:39.133,,y
4347,20180105,4479,8,472,15474,14067,,2026-03-30 12:28:39.133,,y
4348,20110312,4480,8,472,36977,33615,,2026-03-30 12:28:39.133,,y
4349,20150404,4481,8,472,188391,171265,,2026-03-30 12:28:39.133,,y
4350,20190912,4482,8,472,"88976,98","80888,16",,2026-03-30 12:28:39.133,,y
4351,20150302,4483,8,472,56099,50999,,2026-03-30 12:28:39.133,,y
4352,20150409,4484,8,472,"12543,64","11403,31",,2026-03-30 12:28:39.133,,y
4353,20140309,4485,8,472,44000,40000,,2026-03-30 12:28:39.133,,y
4354,20190710,4486,8,472,"4754,1","4321,91",,2026-03-30 12:28:39.133,,y
4355,20190503,4487,8,472,52264,47513,,2026-03-30 12:28:39.133,,y
4356,20130103,4488,8,472,23084,20985,,2026-03-30 12:28:39.133,,y
4357,20220502,4489,8,472,47344,43040,,2026-03-30 12:28:39.133,,y
4358,20170202,4490,8,472,245448,223135,,2026-03-30 12:28:39.133,,y
4359,20170803,4491,8,472,79672,72429,,2026-03-30 12:28:39.133,,y
4360,20170109,4492,8,472,5966,5424,,2026-03-30 12:28:39.133,,y
4361,20230301,4493,8,472,117614,106922,,2026-03-30 12:28:39.133,,y
4362,20210609,4494,8,472,18809,17099,,2026-03-30 12:28:39.133,,y
4363,20180907,4495,8,472,25010,22736,,2026-03-30 12:28:39.133,,y
4364,20110707,4496,8,472,3740,3400,,2026-03-30 12:28:39.133,,y
4365,20200104,4497,8,472,24254,22049,,2026-03-30 12:28:39.133,,y
4366,20130311,4498,8,472,25958,23598,,2026-03-30 12:28:39.133,,y
4367,20120408,4499,8,472,58157,52870,,2026-03-30 12:28:39.133,,y
4368,20210303,4500,8,472,"8246,7",7497,,2026-03-30 12:28:39.134,,y
4369,20120409,4501,8,472,25165,22877,,2026-03-30 12:28:39.134,,y
4370,20160810,4502,8,472,5939,5399,,2026-03-30 12:28:39.134,,y
4371,20120212,4503,8,472,8050,7318,,2026-03-30 12:28:39.134,,y
4372,20140302,4504,8,472,"18614,34","16922,13",,2026-03-30 12:28:39.134,,y
4373,20200708,4505,8,472,128699,116999,,2026-03-30 12:28:39.134,,y
4374,20210203,4506,8,472,"16811,7","15283,36",,2026-03-30 12:28:39.134,,y
4375,20151006,4507,8,472,17271,15701,,2026-03-30 12:28:39.134,,y
4376,20170109,4508,8,472,13740,12491,,2026-03-30 12:28:39.134,,y
4377,20150911,4509,8,472,12018,10925,,2026-03-30 12:28:39.134,,y
4378,20201006,4510,8,472,"26660,87","24237,15",,2026-03-30 12:28:39.134,,y
4379,20111007,4511,8,472,3488,3171,,2026-03-30 12:28:39.134,,y
4380,20150612,4512,8,472,4063,3694,,2026-03-30 12:28:39.134,,y
4381,20200107,4513,8,472,65967,59970,,2026-03-30 12:28:39.134,,y
4382,20200302,4514,8,472,"24897,77","22634,34",,2026-03-30 12:28:39.134,,y
4383,20210212,4515,8,472,10220,9291,,2026-03-30 12:28:39.134,,y
4384,20170503,4516,8,472,16691,15174,,2026-03-30 12:28:39.134,,y
4385,20130611,4517,8,472,"3599,98","3272,71",,2026-03-30 12:28:39.134,,y
4386,20210410,4518,8,472,145521,132292,,2026-03-30 12:28:39.134,,y
4387,20150311,4519,8,472,46517,42288,,2026-03-30 12:28:39.134,,y
4388,20200903,4520,8,472,"4113,92","3739,93",,2026-03-30 12:28:39.134,,y
4389,20190209,4521,8,472,"4151,23","3773,85",,2026-03-30 12:28:39.134,,y
4390,20230401,4522,8,472,44207,40188,,2026-03-30 12:28:39.134,,y
4391,20130101,4523,8,472,39508,35916,,2026-03-30 12:28:39.134,,y
4392,20221204,4524,8,472,19250,17500,,2026-03-30 12:28:39.134,,y
4393,20200605,4525,8,472,27445,24950,,2026-03-30 12:28:39.134,,y
4394,20110609,4526,8,472,"10470,59","9518,72",,2026-03-30 12:28:39.134,,y
4395,20171203,4527,8,472,"1091,6","992,36",,2026-03-30 12:28:39.134,,y
4396,20130509,4528,8,472,7425,6750,,2026-03-30 12:28:39.134,,y
4397,20120408,4529,8,472,68034,61849,,2026-03-30 12:28:39.134,,y
4398,20200407,4530,8,472,50354,45776,,2026-03-30 12:28:39.134,,y
4399,20190903,4531,8,472,"10996,07","9996,43",,2026-03-30 12:28:39.134,,y
4400,20190406,4532,8,472,22979,20890,,2026-03-30 12:28:39.134,,y
4401,20180810,4533,8,472,23139,21035,,2026-03-30 12:28:39.134,,y
4402,20171206,4534,8,472,"5743,69","5221,54",,2026-03-30 12:28:39.134,,y
4403,20130912,4535,8,472,"4695,01","4268,19",,2026-03-30 12:28:39.134,,y
4404,20150202,4536,8,472,15488,14080,,2026-03-30 12:28:39.134,,y
4405,20191202,4537,8,472,"36708,53","33371,39",,2026-03-30 12:28:39.134,,y
4406,20130608,4538,8,472,4030,3664,,2026-03-30 12:28:39.134,,y
4407,20190105,4539,8,472,"9809,8",8918,,2026-03-30 12:28:39.134,,y
4408,20160106,4540,8,472,"6573,33","5975,75",,2026-03-30 12:28:39.134,,y
4409,20140809,4541,8,472,"4428,47","4025,88",,2026-03-30 12:28:39.134,,y
4410,20170807,4542,8,472,10560,9600,,2026-03-30 12:28:39.134,,y
4411,20201208,4543,8,472,"5536,2","5032,91",,2026-03-30 12:28:39.134,,y
4412,20221204,4544,8,472,4180,3800,,2026-03-30 12:28:39.134,,y
4413,20121202,4545,8,472,1375,1250,,2026-03-30 12:28:39.134,,y
4414,20200310,4546,8,472,"87577,94","79616,31",,2026-03-30 12:28:39.134,,y
