product,category,avg_price,nb_concurrents,nb_occurrences,cat_total_products,cat_avg_price,cat_nb_concurrents,feat_cat_popularity,feat_price_distance,feat_occurrence_score,feat_concurrent_coverage,predicted_category,confidence_score,correct_prediction,cat_score,feat_price_attractiveness,product_score,niveau_recommandation
a-collier émaillage,bijoux,95.0,1,1,488,92.91122950819673,1,1.0,0.022481356455816184,1.0,1.0,bijoux,1.0,True,0.8390456193049876,0.9780129424229872,0.9506143329126456,Priorite haute
a-collier agate fartattou,bijoux,95.0,1,1,488,92.91122950819673,1,1.0,0.022481356455816184,1.0,1.0,bijoux,1.0,True,0.8390456193049876,0.9780129424229872,0.9506143329126456,Priorite haute
a-collier poisson ambre,bijoux,95.0,1,1,488,92.91122950819673,1,1.0,0.022481356455816184,1.0,1.0,bijoux,1.0,True,0.8390456193049876,0.9780129424229872,0.9506143329126456,Priorite haute
a-collier atika turquoise,bijoux,90.0,1,1,488,92.91122950819673,1,1.0,0.0313334512122288,1.0,1.0,bijoux,1.0,True,0.8390456193049876,0.9696185058523997,0.9501946110841162,Priorite haute
a-bracelet argent 925,bijoux,90.0,1,1,488,92.91122950819673,1,1.0,0.0313334512122288,1.0,1.0,bijoux,1.0,True,0.8390456193049876,0.9696185058523997,0.9501946110841162,Priorite haute
a-bracelet argent,bijoux,90.0,1,1,488,92.91122950819673,1,1.0,0.0313334512122288,1.0,1.0,bijoux,1.0,True,0.8390456193049876,0.9696185058523997,0.9501946110841162,Priorite haute
a-collier soie et agate,bijoux,90.0,1,1,488,92.91122950819673,1,1.0,0.0313334512122288,1.0,1.0,bijoux,1.0,True,0.8390456193049876,0.9696185058523997,0.9501946110841162,Priorite haute
a-collier argent agate,bijoux,100.0,1,1,488,92.91122950819673,1,1.0,0.07629616412386117,1.0,1.0,bijoux,1.0,True,0.8390456193049876,0.9291122957908444,0.9481693005810384,Priorite haute
a-collier translucide,bijoux,100.0,1,1,488,92.91122950819673,1,1.0,0.07629616412386117,1.0,1.0,bijoux,1.0,True,0.8390456193049876,0.9291122957908444,0.9481693005810384,Priorite haute
a-collier tribal,bijoux,100.0,1,1,488,92.91122950819673,1,1.0,0.07629616412386117,1.0,1.0,bijoux,1.0,True,0.8390456193049876,0.9291122957908444,0.9481693005810384,Priorite haute
a-boucles d'oreille ceramique,bijoux,95.0,1,1,488,92.91122950819673,1,1.0,0.022481356455816184,1.0,1.0,bijoux,0.99,True,0.8390456193049876,0.9780129424229872,0.9481143329126457,Priorite haute
a-boucles ciselées,bijoux,95.0,1,1,488,92.91122950819673,1,1.0,0.022481356455816184,1.0,1.0,bijoux,0.99,True,0.8390456193049876,0.9780129424229872,0.9481143329126457,Priorite haute
a-pendentif khomsa,bijoux,95.0,1,1,488,92.91122950819673,1,1.0,0.022481356455816184,1.0,1.0,bijoux,0.99,True,0.8390456193049876,0.9780129424229872,0.9481143329126457,Priorite haute
a-pendentif rectangulaire,bijoux,90.0,1,1,488,92.91122950819673,1,1.0,0.0313334512122288,1.0,1.0,bijoux,0.99,True,0.8390456193049876,0.9696185058523997,0.9476946110841162,Priorite haute
a-bracelet calligraphié,bijoux,90.0,1,1,488,92.91122950819673,1,1.0,0.0313334512122288,1.0,1.0,bijoux,0.99,True,0.8390456193049876,0.9696185058523997,0.9476946110841162,Priorite haute
a-grand bracelet manchette,bijoux,100.0,1,1,488,92.91122950819673,1,1.0,0.07629616412386117,1.0,1.0,bijoux,0.99,True,0.8390456193049876,0.9291122957908444,0.9456693005810385,Priorite haute
a-couronne calligraphiée,bijoux,80.0,1,1,488,92.91122950819673,1,1.0,0.13896306654831878,1.0,1.0,bijoux,1.0,True,0.8390456193049876,0.8779915954874175,0.9456132655658671,Priorite haute
a-lunettes rooya,bijoux,80.0,1,1,488,92.91122950819673,1,1.0,0.13896306654831878,1.0,1.0,bijoux,1.0,True,0.8390456193049876,0.8779915954874175,0.9456132655658671,Priorite haute
a-bracelet khlel,bijoux,80.0,1,1,488,92.91122950819673,1,1.0,0.13896306654831878,1.0,1.0,bijoux,1.0,True,0.8390456193049876,0.8779915954874175,0.9456132655658671,Priorite haute
a-bracelet serpent,bijoux,80.0,1,1,488,92.91122950819673,1,1.0,0.13896306654831878,1.0,1.0,bijoux,1.0,True,0.8390456193049876,0.8779915954874175,0.9456132655658671,Priorite haute
a-parure ambre,bijoux,80.0,1,1,488,92.91122950819673,1,1.0,0.13896306654831878,1.0,1.0,bijoux,1.0,True,0.8390456193049876,0.8779915954874175,0.9456132655658671,Priorite haute
a-bague en argent,bijoux,80.0,1,1,488,92.91122950819673,1,1.0,0.13896306654831878,1.0,1.0,bijoux,1.0,True,0.8390456193049876,0.8779915954874175,0.9456132655658671,Priorite haute
a-parure quartz rouille,bijoux,80.0,1,1,488,92.91122950819673,1,1.0,0.13896306654831878,1.0,1.0,bijoux,1.0,True,0.8390456193049876,0.8779915954874175,0.9456132655658671,Priorite haute
a-boucles nâcre,bijoux,80.0,1,1,488,92.91122950819673,1,1.0,0.13896306654831878,1.0,1.0,bijoux,1.0,True,0.8390456193049876,0.8779915954874175,0.9456132655658671,Priorite haute
a-boucles glam,bijoux,80.0,1,1,488,92.91122950819673,1,1.0,0.13896306654831878,1.0,1.0,bijoux,1.0,True,0.8390456193049876,0.8779915954874175,0.9456132655658671,Priorite haute
a-collier stylisé contemporain,bijoux,80.0,1,1,488,92.91122950819673,1,1.0,0.13896306654831878,1.0,1.0,bijoux,1.0,True,0.8390456193049876,0.8779915954874175,0.9456132655658671,Priorite haute
a-chevalière hommes,bijoux,80.0,1,1,488,92.91122950819673,1,1.0,0.13896306654831878,1.0,1.0,bijoux,1.0,True,0.8390456193049876,0.8779915954874175,0.9456132655658671,Priorite haute
a-collier nacre,bijoux,80.0,1,1,488,92.91122950819673,1,1.0,0.13896306654831878,1.0,1.0,bijoux,1.0,True,0.8390456193049876,0.8779915954874175,0.9456132655658671,Priorite haute
a-boucles d'oreille cascades,bijoux,90.0,1,1,488,92.91122950819673,1,1.0,0.0313334512122288,1.0,1.0,bijoux,0.98,True,0.8390456193049876,0.9696185058523997,0.9451946110841163,Priorite haute
a-pendentif cuivre,bijoux,90.0,1,1,488,92.91122950819673,1,1.0,0.0313334512122288,1.0,1.0,bijoux,0.98,True,0.8390456193049876,0.9696185058523997,0.9451946110841163,Priorite haute
a-collier calligraphié,bijoux,110.0,1,1,488,92.91122950819673,1,1.0,0.18392577945995114,1.0,1.0,bijoux,1.0,True,0.8390456193049876,0.8446475423959017,0.9439460629112914,Priorite haute
a-parure poissons,bijoux,110.0,1,1,488,92.91122950819673,1,1.0,0.18392577945995114,1.0,1.0,bijoux,1.0,True,0.8390456193049876,0.8446475423959017,0.9439460629112914,Priorite haute
a-collier anneaux tunis,bijoux,110.0,1,1,488,92.91122950819673,1,1.0,0.18392577945995114,1.0,1.0,bijoux,1.0,True,0.8390456193049876,0.8446475423959017,0.9439460629112914,Priorite haute
a-collier khlel,bijoux,110.0,1,1,488,92.91122950819673,1,1.0,0.18392577945995114,1.0,1.0,bijoux,1.0,True,0.8390456193049876,0.8446475423959017,0.9439460629112914,Priorite haute
a-collier argent massif,bijoux,110.0,1,1,488,92.91122950819673,1,1.0,0.18392577945995114,1.0,1.0,bijoux,1.0,True,0.8390456193049876,0.8446475423959017,0.9439460629112914,Priorite haute
a-parure ethnic,bijoux,75.0,1,1,488,92.91122950819673,1,1.0,0.19277787421636375,1.0,1.0,bijoux,1.0,True,0.8390456193049876,0.8383790658901887,0.9436326390860057,Priorite haute
a-boucles lapis-lazuli,bijoux,75.0,1,1,488,92.91122950819673,1,1.0,0.19277787421636375,1.0,1.0,bijoux,1.0,True,0.8390456193049876,0.8383790658901887,0.9436326390860057,Priorite haute
a-collier torsade,bijoux,75.0,1,1,488,92.91122950819673,1,1.0,0.19277787421636375,1.0,1.0,bijoux,1.0,True,0.8390456193049876,0.8383790658901887,0.9436326390860057,Priorite haute
a-porte-clé argent,bijoux,75.0,1,1,488,92.91122950819673,1,1.0,0.19277787421636375,1.0,1.0,bijoux,1.0,True,0.8390456193049876,0.8383790658901887,0.9436326390860057,Priorite haute
a-bijoux nacrés,bijoux,75.0,1,1,488,92.91122950819673,1,1.0,0.19277787421636375,1.0,1.0,bijoux,1.0,True,0.8390456193049876,0.8383790658901887,0.9436326390860057,Priorite haute
a-pendentif et boucles d'oreille ambre corail,bijoux,75.0,1,1,488,92.91122950819673,1,1.0,0.19277787421636375,1.0,1.0,bijoux,1.0,True,0.8390456193049876,0.8383790658901887,0.9436326390860057,Priorite haute
a-bracelet quartz argent,bijoux,75.0,1,1,488,92.91122950819673,1,1.0,0.19277787421636375,1.0,1.0,bijoux,1.0,True,0.8390456193049876,0.8383790658901887,0.9436326390860057,Priorite haute
a-broche lettre,bijoux,86.0,1,1,488,92.91122950819673,1,1.0,0.07438529734666478,1.0,1.0,bijoux,0.98,True,0.8390456193049876,0.9307647847281892,0.9432519250279057,Priorite haute
a-parure poisson,bijoux,85.0,1,1,488,92.91122950819673,1,1.0,0.08514825888027379,1.0,1.0,bijoux,0.98,True,0.8390456193049876,0.9215330640919653,0.9427903389960945,Priorite haute
a-collier floral,bijoux,85.0,1,1,488,92.91122950819673,1,1.0,0.08514825888027379,1.0,1.0,bijoux,0.98,True,0.8390456193049876,0.9215330640919653,0.9427903389960945,Priorite haute
a-bague soleil,bijoux,70.0,1,1,488,92.91122950819673,1,1.0,0.24659268188440872,1.0,1.0,bijoux,1.0,True,0.8390456193049876,0.8021866440675334,0.9418230179948729,Priorite haute
a-bague ambre,bijoux,70.0,1,1,488,92.91122950819673,1,1.0,0.24659268188440872,1.0,1.0,bijoux,1.0,True,0.8390456193049876,0.8021866440675334,0.9418230179948729,Priorite haute
a-bague verte,bijoux,70.0,1,1,488,92.91122950819673,1,1.0,0.24659268188440872,1.0,1.0,bijoux,1.0,True,0.8390456193049876,0.8021866440675334,0.9418230179948729,Priorite haute
a-bracelet enfant,bijoux,70.0,1,1,488,92.91122950819673,1,1.0,0.24659268188440872,1.0,1.0,bijoux,1.0,True,0.8390456193049876,0.8021866440675334,0.9418230179948729,Priorite haute
a-bague argent fleur,bijoux,70.0,1,1,488,92.91122950819673,1,1.0,0.24659268188440872,1.0,1.0,bijoux,1.0,True,0.8390456193049876,0.8021866440675334,0.9418230179948729,Priorite haute
a-collier crayons,bijoux,70.0,1,1,488,92.91122950819673,1,1.0,0.24659268188440872,1.0,1.0,bijoux,1.0,True,0.8390456193049876,0.8021866440675334,0.9418230179948729,Priorite haute
a-collier estival,bijoux,70.0,1,1,488,92.91122950819673,1,1.0,0.24659268188440872,1.0,1.0,bijoux,1.0,True,0.8390456193049876,0.8021866440675334,0.9418230179948729,Priorite haute
a-collier ras du cou bleu,bijoux,70.0,1,1,488,92.91122950819673,1,1.0,0.24659268188440872,1.0,1.0,bijoux,1.0,True,0.8390456193049876,0.8021866440675334,0.9418230179948729,Priorite haute
a-collier médaillon,bijoux,70.0,1,1,488,92.91122950819673,1,1.0,0.24659268188440872,1.0,1.0,bijoux,1.0,True,0.8390456193049876,0.8021866440675334,0.9418230179948729,Priorite haute
a-collier bleu vert,bijoux,70.0,1,1,488,92.91122950819673,1,1.0,0.24659268188440872,1.0,1.0,bijoux,1.0,True,0.8390456193049876,0.8021866440675334,0.9418230179948729,Priorite haute
a-pendentif incrusté or,bijoux,70.0,1,1,488,92.91122950819673,1,1.0,0.24659268188440872,1.0,1.0,bijoux,1.0,True,0.8390456193049876,0.8021866440675334,0.9418230179948729,Priorite haute
a-collier pierre jaune,bijoux,70.0,1,1,488,92.91122950819673,1,1.0,0.24659268188440872,1.0,1.0,bijoux,1.0,True,0.8390456193049876,0.8021866440675334,0.9418230179948729,Priorite haute
a-pendentif filigrane,bijoux,70.0,1,1,488,92.91122950819673,1,1.0,0.24659268188440872,1.0,1.0,bijoux,1.0,True,0.8390456193049876,0.8021866440675334,0.9418230179948729,Priorite haute
a-boucles argent bois,bijoux,75.0,1,1,488,92.91122950819673,1,1.0,0.19277787421636375,1.0,1.0,bijoux,0.99,True,0.8390456193049876,0.8383790658901887,0.9411326390860058,Priorite haute
a-bijou wasta,bijoux,75.0,1,1,488,92.91122950819673,1,1.0,0.19277787421636375,1.0,1.0,bijoux,0.99,True,0.8390456193049876,0.8383790658901887,0.9411326390860058,Priorite haute
a-collier motif cuivre,bijoux,75.0,1,1,488,92.91122950819673,1,1.0,0.19277787421636375,1.0,1.0,bijoux,0.99,True,0.8390456193049876,0.8383790658901887,0.9411326390860058,Priorite haute
a-pendentif céramique,bijoux,75.0,1,1,488,92.91122950819673,1,1.0,0.19277787421636375,1.0,1.0,bijoux,0.99,True,0.8390456193049876,0.8383790658901887,0.9411326390860058,Priorite haute
a-sautoir chic,bijoux,75.0,1,1,488,92.91122950819673,1,1.0,0.19277787421636375,1.0,1.0,bijoux,0.99,True,0.8390456193049876,0.8383790658901887,0.9411326390860058,Priorite haute
a-parure florale,bijoux,105.0,1,1,488,92.91122950819673,1,1.0,0.13011097179190614,1.0,1.0,bijoux,0.98,True,0.8390456193049876,0.8848688535555035,0.9409571284692714,Priorite haute
a-collier perles et cuivre,bijoux,95.0,1,1,488,92.91122950819673,1,1.0,0.022481356455816184,1.0,1.0,bijoux,0.96,True,0.8390456193049876,0.9780129424229872,0.9406143329126456,Priorite haute
a-parure cerceau,bijoux,120.0,1,1,488,92.91122950819673,1,1.0,0.2915553947960411,1.0,1.0,bijoux,1.0,True,0.8390456193049876,0.774260247782804,0.9404266981806364,Priorite haute
a-pendentif ruche,bijoux,120.0,1,1,488,92.91122950819673,1,1.0,0.2915553947960411,1.0,1.0,bijoux,1.0,True,0.8390456193049876,0.774260247782804,0.9404266981806364,Priorite haute
a-collier brodé pierres semi précieuses,bijoux,120.0,1,1,488,92.91122950819673,1,1.0,0.2915553947960411,1.0,1.0,bijoux,1.0,True,0.8390456193049876,0.774260247782804,0.9404266981806364,Priorite haute
a-collier pierre mauve,bijoux,120.0,1,1,488,92.91122950819673,1,1.0,0.2915553947960411,1.0,1.0,bijoux,1.0,True,0.8390456193049876,0.774260247782804,0.9404266981806364,Priorite haute
a-collier ethno chic,bijoux,120.0,1,1,488,92.91122950819673,1,1.0,0.2915553947960411,1.0,1.0,bijoux,1.0,True,0.8390456193049876,0.774260247782804,0.9404266981806364,Priorite haute
a-boucles d'oreilles bleues,bijoux,120.0,1,1,488,92.91122950819673,1,1.0,0.2915553947960411,1.0,1.0,bijoux,1.0,True,0.8390456193049876,0.774260247782804,0.9404266981806364,Priorite haute
a-pendentif et boucles d'oreille perles,bijoux,120.0,1,1,488,92.91122950819673,1,1.0,0.2915553947960411,1.0,1.0,bijoux,1.0,True,0.8390456193049876,0.774260247782804,0.9404266981806364,Priorite haute
a-bague trendy,bijoux,90.0,1,1,488,92.91122950819673,1,1.0,0.0313334512122288,1.0,1.0,bijoux,0.96,True,0.8390456193049876,0.9696185058523997,0.9401946110841162,Priorite haute
a-bague nemli,bijoux,65.0,1,1,488,92.91122950819673,1,1.0,0.3004074895524537,1.0,1.0,bijoux,1.0,True,0.8390456193049876,0.7689897267080171,0.9401631721268972,Priorite haute
a-parure fantaisie,bijoux,65.0,1,1,488,92.91122950819673,1,1.0,0.3004074895524537,1.0,1.0,bijoux,1.0,True,0.8390456193049876,0.7689897267080171,0.9401631721268972,Priorite haute
a-collier macramé,bijoux,65.0,1,1,488,92.91122950819673,1,1.0,0.3004074895524537,1.0,1.0,bijoux,1.0,True,0.8390456193049876,0.7689897267080171,0.9401631721268972,Priorite haute
a-boucles gomra,bijoux,65.0,1,1,488,92.91122950819673,1,1.0,0.3004074895524537,1.0,1.0,bijoux,1.0,True,0.8390456193049876,0.7689897267080171,0.9401631721268972,Priorite haute
a-broche tanit,bijoux,65.0,1,1,488,92.91122950819673,1,1.0,0.3004074895524537,1.0,1.0,bijoux,1.0,True,0.8390456193049876,0.7689897267080171,0.9401631721268972,Priorite haute
a-bracelet perle,bijoux,65.0,1,1,488,92.91122950819673,1,1.0,0.3004074895524537,1.0,1.0,bijoux,1.0,True,0.8390456193049876,0.7689897267080171,0.9401631721268972,Priorite haute
a-broche flamant,bijoux,65.0,1,1,488,92.91122950819673,1,1.0,0.3004074895524537,1.0,1.0,bijoux,1.0,True,0.8390456193049876,0.7689897267080171,0.9401631721268972,Priorite haute
a-collier éléphant,bijoux,65.0,1,1,488,92.91122950819673,1,1.0,0.3004074895524537,1.0,1.0,bijoux,1.0,True,0.8390456193049876,0.7689897267080171,0.9401631721268972,Priorite haute
a-boucles anneaux,bijoux,65.0,1,1,488,92.91122950819673,1,1.0,0.3004074895524537,1.0,1.0,bijoux,1.0,True,0.8390456193049876,0.7689897267080171,0.9401631721268972,Priorite haute
a-boucles d'oreille topaze,bijoux,65.0,1,1,488,92.91122950819673,1,1.0,0.3004074895524537,1.0,1.0,bijoux,1.0,True,0.8390456193049876,0.7689897267080171,0.9401631721268972,Priorite haute
a-parure mahboub,bijoux,65.0,1,1,488,92.91122950819673,1,1.0,0.3004074895524537,1.0,1.0,bijoux,1.0,True,0.8390456193049876,0.7689897267080171,0.9401631721268972,Priorite haute
a-parure anneaux,bijoux,65.0,1,1,488,92.91122950819673,1,1.0,0.3004074895524537,1.0,1.0,bijoux,1.0,True,0.8390456193049876,0.7689897267080171,0.9401631721268972,Priorite haute
a-boucles d'oreille filigrane,bijoux,70.0,1,1,488,92.91122950819673,1,1.0,0.24659268188440872,1.0,1.0,bijoux,0.99,True,0.8390456193049876,0.8021866440675334,0.9393230179948729,Priorite haute
a-accessoires cheveux,bijoux,110.0,1,1,488,92.91122950819673,1,1.0,0.18392577945995114,1.0,1.0,bijoux,0.98,True,0.8390456193049876,0.8446475423959017,0.9389460629112913,Priorite haute
a-collier plume,bijoux,60.0,1,1,488,92.91122950819673,1,1.0,0.3542222972204987,1.0,1.0,bijoux,1.0,True,0.8390456193049876,0.7384312029512957,0.938635245939061,Priorite haute
a-collier poisson,bijoux,60.0,1,1,488,92.91122950819673,1,1.0,0.3542222972204987,1.0,1.0,bijoux,1.0,True,0.8390456193049876,0.7384312029512957,0.938635245939061,Priorite haute
a-collier poisson doré,bijoux,60.0,1,1,488,92.91122950819673,1,1.0,0.3542222972204987,1.0,1.0,bijoux,1.0,True,0.8390456193049876,0.7384312029512957,0.938635245939061,Priorite haute
a-boucles stylisées,bijoux,60.0,1,1,488,92.91122950819673,1,1.0,0.3542222972204987,1.0,1.0,bijoux,1.0,True,0.8390456193049876,0.7384312029512957,0.938635245939061,Priorite haute
a-boucles d'oreille argent,bijoux,60.0,1,1,488,92.91122950819673,1,1.0,0.3542222972204987,1.0,1.0,bijoux,1.0,True,0.8390456193049876,0.7384312029512957,0.938635245939061,Priorite haute
a-bague crayons,bijoux,60.0,1,1,488,92.91122950819673,1,1.0,0.3542222972204987,1.0,1.0,bijoux,1.0,True,0.8390456193049876,0.7384312029512957,0.938635245939061,Priorite haute
a-collier papillon,bijoux,60.0,1,1,488,92.91122950819673,1,1.0,0.3542222972204987,1.0,1.0,bijoux,1.0,True,0.8390456193049876,0.7384312029512957,0.938635245939061,Priorite haute
a-collier laine chechias,bijoux,60.0,1,1,488,92.91122950819673,1,1.0,0.3542222972204987,1.0,1.0,bijoux,1.0,True,0.8390456193049876,0.7384312029512957,0.938635245939061,Priorite haute
a-collier kholkhal fashion,bijoux,60.0,1,1,488,92.91122950819673,1,1.0,0.3542222972204987,1.0,1.0,bijoux,1.0,True,0.8390456193049876,0.7384312029512957,0.938635245939061,Priorite haute
a-collier anneaux sousse,bijoux,60.0,1,1,488,92.91122950819673,1,1.0,0.3542222972204987,1.0,1.0,bijoux,1.0,True,0.8390456193049876,0.7384312029512957,0.938635245939061,Priorite haute
a-parure bois,bijoux,60.0,1,1,488,92.91122950819673,1,1.0,0.3542222972204987,1.0,1.0,bijoux,1.0,True,0.8390456193049876,0.7384312029512957,0.938635245939061,Priorite haute
a-collier berbère,bijoux,60.0,1,1,488,92.91122950819673,1,1.0,0.3542222972204987,1.0,1.0,bijoux,1.0,True,0.8390456193049876,0.7384312029512957,0.938635245939061,Priorite haute
a-bracelet bois marbre,bijoux,60.0,1,1,488,92.91122950819673,1,1.0,0.3542222972204987,1.0,1.0,bijoux,1.0,True,0.8390456193049876,0.7384312029512957,0.938635245939061,Priorite haute
a-ras du cou,bijoux,60.0,1,1,488,92.91122950819673,1,1.0,0.3542222972204987,1.0,1.0,bijoux,1.0,True,0.8390456193049876,0.7384312029512957,0.938635245939061,Priorite haute
a-pendentif wiring,bijoux,60.0,1,1,488,92.91122950819673,1,1.0,0.3542222972204987,1.0,1.0,bijoux,1.0,True,0.8390456193049876,0.7384312029512957,0.938635245939061,Priorite haute
a-bracelet prénom,bijoux,60.0,1,1,488,92.91122950819673,1,1.0,0.3542222972204987,1.0,1.0,bijoux,1.0,True,0.8390456193049876,0.7384312029512957,0.938635245939061,Priorite haute
a-broche 5 jeudis,bijoux,60.0,1,1,488,92.91122950819673,1,1.0,0.3542222972204987,1.0,1.0,bijoux,1.0,True,0.8390456193049876,0.7384312029512957,0.938635245939061,Priorite haute
a-porte-clé,bijoux,120.0,1,1,488,92.91122950819673,1,1.0,0.2915553947960411,1.0,1.0,bijoux,0.99,True,0.8390456193049876,0.774260247782804,0.9379266981806365,Priorite haute
a-broche oeil,bijoux,120.0,1,1,488,92.91122950819673,1,1.0,0.2915553947960411,1.0,1.0,bijoux,0.99,True,0.8390456193049876,0.774260247782804,0.9379266981806365,Priorite haute
a-bracelet manchette,bijoux,85.0,1,1,488,92.91122950819673,1,1.0,0.08514825888027379,1.0,1.0,bijoux,0.96,True,0.8390456193049876,0.9215330640919653,0.9377903389960945,Priorite haute
a-pendentif filigrané,bijoux,85.0,1,1,488,92.91122950819673,1,1.0,0.08514825888027379,1.0,1.0,bijoux,0.96,True,0.8390456193049876,0.9215330640919653,0.9377903389960945,Priorite haute
a-collier anneaux perles,bijoux,130.0,1,1,488,92.91122950819673,1,1.0,0.3991850101321311,1.0,1.0,bijoux,1.0,True,0.8390456193049876,0.7147017676422689,0.9374487741736097,Priorite haute
a-collier filigrane,bijoux,130.0,1,1,488,92.91122950819673,1,1.0,0.3991850101321311,1.0,1.0,bijoux,1.0,True,0.8390456193049876,0.7147017676422689,0.9374487741736097,Priorite haute
a-collier brodé,bijoux,130.0,1,1,488,92.91122950819673,1,1.0,0.3991850101321311,1.0,1.0,bijoux,1.0,True,0.8390456193049876,0.7147017676422689,0.9374487741736097,Priorite haute
a-bracelet tressé,bijoux,55.0,1,1,488,92.91122950819673,1,1.0,0.40803710488854367,1.0,1.0,bijoux,1.0,True,0.8390456193049876,0.7102085566695043,0.9372241136249715,Priorite haute
a-collier étoiles lune,bijoux,55.0,1,1,488,92.91122950819673,1,1.0,0.40803710488854367,1.0,1.0,bijoux,1.0,True,0.8390456193049876,0.7102085566695043,0.9372241136249715,Priorite haute
a-collier oeil,bijoux,55.0,1,1,488,92.91122950819673,1,1.0,0.40803710488854367,1.0,1.0,bijoux,1.0,True,0.8390456193049876,0.7102085566695043,0.9372241136249715,Priorite haute
a-collier khomsa fashion,bijoux,55.0,1,1,488,92.91122950819673,1,1.0,0.40803710488854367,1.0,1.0,bijoux,1.0,True,0.8390456193049876,0.7102085566695043,0.9372241136249715,Priorite haute
a-collier triangle,bijoux,55.0,1,1,488,92.91122950819673,1,1.0,0.40803710488854367,1.0,1.0,bijoux,1.0,True,0.8390456193049876,0.7102085566695043,0.9372241136249715,Priorite haute
a-collier ras du cou rouge,bijoux,55.0,1,1,488,92.91122950819673,1,1.0,0.40803710488854367,1.0,1.0,bijoux,1.0,True,0.8390456193049876,0.7102085566695043,0.9372241136249715,Priorite haute
a-sautoir argent trempé or,bijoux,125.0,1,1,488,92.91122950819673,1,1.0,0.34537020246408606,1.0,1.0,bijoux,0.99,True,0.8390456193049876,0.7432898381192551,0.936378177697459,Priorite haute
a-porte clés en argent,bijoux,60.0,1,1,488,92.91122950819673,1,1.0,0.3542222972204987,1.0,1.0,bijoux,0.99,True,0.8390456193049876,0.7384312029512957,0.9361352459390611,Priorite haute
a-boucles corail,bijoux,60.0,1,1,488,92.91122950819673,1,1.0,0.3542222972204987,1.0,1.0,bijoux,0.99,True,0.8390456193049876,0.7384312029512957,0.9361352459390611,Priorite haute
a-boucle feuille,bijoux,60.0,1,1,488,92.91122950819673,1,1.0,0.3542222972204987,1.0,1.0,bijoux,0.99,True,0.8390456193049876,0.7384312029512957,0.9361352459390611,Priorite haute
a-boucles papillon,bijoux,60.0,1,1,488,92.91122950819673,1,1.0,0.3542222972204987,1.0,1.0,bijoux,0.99,True,0.8390456193049876,0.7384312029512957,0.9361352459390611,Priorite haute
a-plastron berbère,bijoux,60.0,1,1,488,92.91122950819673,1,1.0,0.3542222972204987,1.0,1.0,bijoux,0.99,True,0.8390456193049876,0.7384312029512957,0.9361352459390611,Priorite haute
a-collier berbère cuir,bijoux,75.0,1,1,488,92.91122950819673,1,1.0,0.19277787421636375,1.0,1.0,bijoux,0.97,True,0.8390456193049876,0.8383790658901887,0.9361326390860056,Priorite haute
a-collier sejnene et bois,bijoux,50.0,1,1,488,92.91122950819673,1,1.0,0.46185191255658864,1.0,1.0,bijoux,1.0,True,0.8390456193049876,0.6840638175525797,0.9359168766691253,Priorite haute
a-boucles filigrane,bijoux,50.0,1,1,488,92.91122950819673,1,1.0,0.46185191255658864,1.0,1.0,bijoux,1.0,True,0.8390456193049876,0.6840638175525797,0.9359168766691253,Priorite haute
a-médaillon nacre,bijoux,100.0,1,1,488,92.91122950819673,1,1.0,0.07629616412386117,1.0,1.0,bijoux,0.95,True,0.8390456193049876,0.9291122957908444,0.9356693005810385,Priorite haute
a-personnalisation lunettes,bijoux,100.0,1,1,488,92.91122950819673,1,1.0,0.07629616412386117,1.0,1.0,bijoux,0.95,True,0.8390456193049876,0.9291122957908444,0.9356693005810385,Priorite haute
a-collier rectangle,bijoux,100.0,1,1,488,92.91122950819673,1,1.0,0.07629616412386117,1.0,1.0,bijoux,0.95,True,0.8390456193049876,0.9291122957908444,0.9356693005810385,Priorite haute
a-pendentif bleu céramique,bijoux,65.0,1,1,488,92.91122950819673,1,1.0,0.3004074895524537,1.0,1.0,bijoux,0.98,True,0.8390456193049876,0.7689897267080171,0.9351631721268971,Priorite haute
a-boucles poisson omrane,bijoux,56.0,1,1,488,92.91122950819673,1,1.0,0.39727414335493466,1.0,1.0,bijoux,0.99,True,0.8390456193049876,0.7156791705877725,0.934997644320885,Priorite haute
a-collier bracelet bleu,bijoux,130.0,1,1,488,92.91122950819673,1,1.0,0.3991850101321311,1.0,1.0,bijoux,0.99,True,0.8390456193049876,0.7147017676422689,0.9349487741736098,Priorite haute
a-boucles nkott,bijoux,130.0,1,1,488,92.91122950819673,1,1.0,0.3991850101321311,1.0,1.0,bijoux,0.99,True,0.8390456193049876,0.7147017676422689,0.9349487741736098,Priorite haute
a-pendentif agate,bijoux,130.0,1,1,488,92.91122950819673,1,1.0,0.3991850101321311,1.0,1.0,bijoux,0.99,True,0.8390456193049876,0.7147017676422689,0.9349487741736098,Priorite haute
a-parure ambre jade,bijoux,130.0,1,1,488,92.91122950819673,1,1.0,0.3991850101321311,1.0,1.0,bijoux,0.99,True,0.8390456193049876,0.7147017676422689,0.9349487741736098,Priorite haute
a-boucles florales,bijoux,55.0,1,1,488,92.91122950819673,1,1.0,0.40803710488854367,1.0,1.0,bijoux,0.99,True,0.8390456193049876,0.7102085566695043,0.9347241136249715,Priorite haute
a-boucles brodées,bijoux,55.0,1,1,488,92.91122950819673,1,1.0,0.40803710488854367,1.0,1.0,bijoux,0.99,True,0.8390456193049876,0.7102085566695043,0.9347241136249715,Priorite haute
a-bague tanit,bijoux,55.0,1,1,488,92.91122950819673,1,1.0,0.40803710488854367,1.0,1.0,bijoux,0.99,True,0.8390456193049876,0.7102085566695043,0.9347241136249715,Priorite haute
a-collier agate rouge,bijoux,55.0,1,1,488,92.91122950819673,1,1.0,0.40803710488854367,1.0,1.0,bijoux,0.99,True,0.8390456193049876,0.7102085566695043,0.9347241136249715,Priorite haute
a-boucles warka,bijoux,55.0,1,1,488,92.91122950819673,1,1.0,0.40803710488854367,1.0,1.0,bijoux,0.99,True,0.8390456193049876,0.7102085566695043,0.9347241136249715,Priorite haute
a-broche oiseau,bijoux,55.0,1,1,488,92.91122950819673,1,1.0,0.40803710488854367,1.0,1.0,bijoux,0.99,True,0.8390456193049876,0.7102085566695043,0.9347241136249715,Priorite haute
a-collier khlel fashion,bijoux,45.0,1,1,488,92.91122950819673,1,1.0,0.5156667202246337,1.0,1.0,bijoux,1.0,True,0.8390456193049876,0.6597756529560748,0.9347024684392999,Priorite haute
a-collier stylé,bijoux,45.0,1,1,488,92.91122950819673,1,1.0,0.5156667202246337,1.0,1.0,bijoux,1.0,True,0.8390456193049876,0.6597756529560748,0.9347024684392999,Priorite haute
a-collier multicolore,bijoux,45.0,1,1,488,92.91122950819673,1,1.0,0.5156667202246337,1.0,1.0,bijoux,1.0,True,0.8390456193049876,0.6597756529560748,0.9347024684392999,Priorite haute
a-boucle arabesque,bijoux,45.0,1,1,488,92.91122950819673,1,1.0,0.5156667202246337,1.0,1.0,bijoux,1.0,True,0.8390456193049876,0.6597756529560748,0.9347024684392999,Priorite haute
"a-boucles ""face""",bijoux,45.0,1,1,488,92.91122950819673,1,1.0,0.5156667202246337,1.0,1.0,bijoux,1.0,True,0.8390456193049876,0.6597756529560748,0.9347024684392999,Priorite haute
a-collier bariolé,bijoux,45.0,1,1,488,92.91122950819673,1,1.0,0.5156667202246337,1.0,1.0,bijoux,1.0,True,0.8390456193049876,0.6597756529560748,0.9347024684392999,Priorite haute
a-boucles d'oreille southnorth,bijoux,45.0,1,1,488,92.91122950819673,1,1.0,0.5156667202246337,1.0,1.0,bijoux,1.0,True,0.8390456193049876,0.6597756529560748,0.9347024684392999,Priorite haute
a-couronne délicate,bijoux,45.0,1,1,488,92.91122950819673,1,1.0,0.5156667202246337,1.0,1.0,bijoux,1.0,True,0.8390456193049876,0.6597756529560748,0.9347024684392999,Priorite haute
a-boucles dorées,bijoux,45.0,1,1,488,92.91122950819673,1,1.0,0.5156667202246337,1.0,1.0,bijoux,1.0,True,0.8390456193049876,0.6597756529560748,0.9347024684392999,Priorite haute
a-collier rouge khomsa,bijoux,45.0,1,1,488,92.91122950819673,1,1.0,0.5156667202246337,1.0,1.0,bijoux,1.0,True,0.8390456193049876,0.6597756529560748,0.9347024684392999,Priorite haute
a-collier tanit mosaïque,bijoux,45.0,1,1,488,92.91122950819673,1,1.0,0.5156667202246337,1.0,1.0,bijoux,1.0,True,0.8390456193049876,0.6597756529560748,0.9347024684392999,Priorite haute
a-collier rondeur,bijoux,45.0,1,1,488,92.91122950819673,1,1.0,0.5156667202246337,1.0,1.0,bijoux,1.0,True,0.8390456193049876,0.6597756529560748,0.9347024684392999,Priorite haute
a-bracelet nemli,bijoux,45.0,1,1,488,92.91122950819673,1,1.0,0.5156667202246337,1.0,1.0,bijoux,1.0,True,0.8390456193049876,0.6597756529560748,0.9347024684392999,Priorite haute
a-bracelet fleur,bijoux,45.0,1,1,488,92.91122950819673,1,1.0,0.5156667202246337,1.0,1.0,bijoux,1.0,True,0.8390456193049876,0.6597756529560748,0.9347024684392999,Priorite haute
a-manchette atika,bijoux,45.0,1,1,488,92.91122950819673,1,1.0,0.5156667202246337,1.0,1.0,bijoux,1.0,True,0.8390456193049876,0.6597756529560748,0.9347024684392999,Priorite haute
a-bracelet tunisie,bijoux,45.0,1,1,488,92.91122950819673,1,1.0,0.5156667202246337,1.0,1.0,bijoux,1.0,True,0.8390456193049876,0.6597756529560748,0.9347024684392999,Priorite haute
a-bracelets brodés,bijoux,45.0,1,1,488,92.91122950819673,1,1.0,0.5156667202246337,1.0,1.0,bijoux,1.0,True,0.8390456193049876,0.6597756529560748,0.9347024684392999,Priorite haute
a-broche carthaginoise,bijoux,45.0,1,1,488,92.91122950819673,1,1.0,0.5156667202246337,1.0,1.0,bijoux,1.0,True,0.8390456193049876,0.6597756529560748,0.9347024684392999,Priorite haute
a-broche elephant,bijoux,45.0,1,1,488,92.91122950819673,1,1.0,0.5156667202246337,1.0,1.0,bijoux,1.0,True,0.8390456193049876,0.6597756529560748,0.9347024684392999,Priorite haute
a-foulard khomsa,bijoux,45.0,1,1,488,92.91122950819673,1,1.0,0.5156667202246337,1.0,1.0,bijoux,1.0,True,0.8390456193049876,0.6597756529560748,0.9347024684392999,Priorite haute
a-bague argent ciselé,bijoux,45.0,1,1,488,92.91122950819673,1,1.0,0.5156667202246337,1.0,1.0,bijoux,1.0,True,0.8390456193049876,0.6597756529560748,0.9347024684392999,Priorite haute
a-bracelet lady,bijoux,45.0,1,1,488,92.91122950819673,1,1.0,0.5156667202246337,1.0,1.0,bijoux,1.0,True,0.8390456193049876,0.6597756529560748,0.9347024684392999,Priorite haute
a-parure tissu,bijoux,53.0,1,1,488,92.91122950819673,1,1.0,0.4295630279557617,1.0,1.0,bijoux,0.99,True,0.8390456193049876,0.6995144533291228,0.9341894084579524,Priorite haute
a-bracelet étoile,bijoux,133.0,1,1,488,92.91122950819673,1,1.0,0.43147389473295805,1.0,1.0,bijoux,0.99,True,0.8390456193049876,0.6985806752602711,0.9341427195545099,Priorite haute
a-collier bracelet cuir tressé,bijoux,110.0,1,1,488,92.91122950819673,1,1.0,0.18392577945995114,1.0,1.0,bijoux,0.96,True,0.8390456193049876,0.8446475423959017,0.9339460629112913,Priorite haute
a-collier taureau stylisé,bijoux,145.0,1,1,488,92.91122950819673,1,1.0,0.560629433136266,1.0,1.0,bijoux,1.0,True,0.8390456193049876,0.6407671025339974,0.9337520409181961,Priorite haute
a-collier bleu,bijoux,60.0,1,1,488,92.91122950819673,1,1.0,0.3542222972204987,1.0,1.0,bijoux,0.98,True,0.8390456193049876,0.7384312029512957,0.933635245939061,Priorite haute
a-broche papillon de nuit,bijoux,60.0,1,1,488,92.91122950819673,1,1.0,0.3542222972204987,1.0,1.0,bijoux,0.98,True,0.8390456193049876,0.7384312029512957,0.933635245939061,Priorite haute
a-colliers enfant,bijoux,75.0,1,1,488,92.91122950819673,1,1.0,0.19277787421636375,1.0,1.0,bijoux,0.96,True,0.8390456193049876,0.8383790658901887,0.9336326390860057,Priorite haute
a-collier fleur argent corail,bijoux,135.0,1,1,488,92.91122950819673,1,1.0,0.45299981780017606,1.0,1.0,bijoux,0.99,True,0.8390456193049876,0.6882313319997436,0.9336252523914835,Priorite haute
a-bague agate argent,bijoux,40.0,1,1,488,92.91122950819673,1,1.0,0.5694815278926786,1.0,1.0,bijoux,1.0,True,0.8390456193049876,0.6371530866901545,0.933571340126004,Priorite haute
a-collier boules bois,bijoux,40.0,1,1,488,92.91122950819673,1,1.0,0.5694815278926786,1.0,1.0,bijoux,1.0,True,0.8390456193049876,0.6371530866901545,0.933571340126004,Priorite haute
a-collier pinky,bijoux,40.0,1,1,488,92.91122950819673,1,1.0,0.5694815278926786,1.0,1.0,bijoux,1.0,True,0.8390456193049876,0.6371530866901545,0.933571340126004,Priorite haute
a-collier rihanna,bijoux,40.0,1,1,488,92.91122950819673,1,1.0,0.5694815278926786,1.0,1.0,bijoux,1.0,True,0.8390456193049876,0.6371530866901545,0.933571340126004,Priorite haute
a-bague bleue,bijoux,40.0,1,1,488,92.91122950819673,1,1.0,0.5694815278926786,1.0,1.0,bijoux,1.0,True,0.8390456193049876,0.6371530866901545,0.933571340126004,Priorite haute
a-parure chechia,bijoux,40.0,1,1,488,92.91122950819673,1,1.0,0.5694815278926786,1.0,1.0,bijoux,1.0,True,0.8390456193049876,0.6371530866901545,0.933571340126004,Priorite haute
a-boucles rondes,bijoux,40.0,1,1,488,92.91122950819673,1,1.0,0.5694815278926786,1.0,1.0,bijoux,1.0,True,0.8390456193049876,0.6371530866901545,0.933571340126004,Priorite haute
a-collier ethnique,bijoux,40.0,1,1,488,92.91122950819673,1,1.0,0.5694815278926786,1.0,1.0,bijoux,1.0,True,0.8390456193049876,0.6371530866901545,0.933571340126004,Priorite haute
a-manchette personnalisable,bijoux,40.0,1,1,488,92.91122950819673,1,1.0,0.5694815278926786,1.0,1.0,bijoux,1.0,True,0.8390456193049876,0.6371530866901545,0.933571340126004,Priorite haute
a-collier tortue stylisée,bijoux,40.0,1,1,488,92.91122950819673,1,1.0,0.5694815278926786,1.0,1.0,bijoux,1.0,True,0.8390456193049876,0.6371530866901545,0.933571340126004,Priorite haute
a-collier fil satin,bijoux,40.0,1,1,488,92.91122950819673,1,1.0,0.5694815278926786,1.0,1.0,bijoux,1.0,True,0.8390456193049876,0.6371530866901545,0.933571340126004,Priorite haute
a-parure pompon pêche,bijoux,40.0,1,1,488,92.91122950819673,1,1.0,0.5694815278926786,1.0,1.0,bijoux,1.0,True,0.8390456193049876,0.6371530866901545,0.933571340126004,Priorite haute
a-collier ethnic chic,bijoux,40.0,1,1,488,92.91122950819673,1,1.0,0.5694815278926786,1.0,1.0,bijoux,1.0,True,0.8390456193049876,0.6371530866901545,0.933571340126004,Priorite haute
a-collier afro,bijoux,40.0,1,1,488,92.91122950819673,1,1.0,0.5694815278926786,1.0,1.0,bijoux,1.0,True,0.8390456193049876,0.6371530866901545,0.933571340126004,Priorite haute
a-parure ethnic bleue,bijoux,40.0,1,1,488,92.91122950819673,1,1.0,0.5694815278926786,1.0,1.0,bijoux,1.0,True,0.8390456193049876,0.6371530866901545,0.933571340126004,Priorite haute
a-pendentif 7ob,bijoux,40.0,1,1,488,92.91122950819673,1,1.0,0.5694815278926786,1.0,1.0,bijoux,1.0,True,0.8390456193049876,0.6371530866901545,0.933571340126004,Priorite haute
a-collier double câble,bijoux,40.0,1,1,488,92.91122950819673,1,1.0,0.5694815278926786,1.0,1.0,bijoux,1.0,True,0.8390456193049876,0.6371530866901545,0.933571340126004,Priorite haute
a-choker fleuri,bijoux,50.0,1,1,488,92.91122950819673,1,1.0,0.46185191255658864,1.0,1.0,bijoux,0.99,True,0.8390456193049876,0.6840638175525797,0.9334168766691253,Priorite haute
a-collier ruche,bijoux,50.0,1,1,488,92.91122950819673,1,1.0,0.46185191255658864,1.0,1.0,bijoux,0.99,True,0.8390456193049876,0.6840638175525797,0.9334168766691253,Priorite haute
a-pendentif traditionnel,bijoux,50.0,1,1,488,92.91122950819673,1,1.0,0.46185191255658864,1.0,1.0,bijoux,0.99,True,0.8390456193049876,0.6840638175525797,0.9334168766691253,Priorite haute
a-collier chouchen,bijoux,50.0,1,1,488,92.91122950819673,1,1.0,0.46185191255658864,1.0,1.0,bijoux,0.99,True,0.8390456193049876,0.6840638175525797,0.9334168766691253,Priorite haute
a-bague corail,bijoux,90.0,1,1,488,92.91122950819673,1,1.0,0.0313334512122288,1.0,1.0,bijoux,0.93,True,0.8390456193049876,0.9696185058523997,0.9326946110841161,Priorite haute
a-boucles ruban,bijoux,150.0,1,1,488,92.91122950819673,1,1.0,0.614444240804311,1.0,1.0,bijoux,1.0,True,0.8390456193049876,0.6194081992585903,0.9326840957544258,Priorite haute
a-collier grand rond,bijoux,150.0,1,1,488,92.91122950819673,1,1.0,0.614444240804311,1.0,1.0,bijoux,1.0,True,0.8390456193049876,0.6194081992585903,0.9326840957544258,Priorite haute
a-collier bouquet fleurs,bijoux,35.0,1,1,488,92.91122950819673,1,1.0,0.6232963355607236,1.0,1.0,bijoux,1.0,True,0.8390456193049876,0.6160304672002954,0.932515209151511,Priorite haute
a-bague ajourée,bijoux,35.0,1,1,488,92.91122950819673,1,1.0,0.6232963355607236,1.0,1.0,bijoux,1.0,True,0.8390456193049876,0.6160304672002954,0.932515209151511,Priorite haute
a-boucles triangles,bijoux,35.0,1,1,488,92.91122950819673,1,1.0,0.6232963355607236,1.0,1.0,bijoux,1.0,True,0.8390456193049876,0.6160304672002954,0.932515209151511,Priorite haute
a-boucles rectangulaires,bijoux,35.0,1,1,488,92.91122950819673,1,1.0,0.6232963355607236,1.0,1.0,bijoux,1.0,True,0.8390456193049876,0.6160304672002954,0.932515209151511,Priorite haute
a-boucles argent verre,bijoux,35.0,1,1,488,92.91122950819673,1,1.0,0.6232963355607236,1.0,1.0,bijoux,1.0,True,0.8390456193049876,0.6160304672002954,0.932515209151511,Priorite haute
a-collier fleuri,bijoux,35.0,1,1,488,92.91122950819673,1,1.0,0.6232963355607236,1.0,1.0,bijoux,1.0,True,0.8390456193049876,0.6160304672002954,0.932515209151511,Priorite haute
a-bracelet personnalisable,bijoux,35.0,1,1,488,92.91122950819673,1,1.0,0.6232963355607236,1.0,1.0,bijoux,1.0,True,0.8390456193049876,0.6160304672002954,0.932515209151511,Priorite haute
a-bague mandarine,bijoux,35.0,1,1,488,92.91122950819673,1,1.0,0.6232963355607236,1.0,1.0,bijoux,1.0,True,0.8390456193049876,0.6160304672002954,0.932515209151511,Priorite haute
a-collier chat,bijoux,35.0,1,1,488,92.91122950819673,1,1.0,0.6232963355607236,1.0,1.0,bijoux,1.0,True,0.8390456193049876,0.6160304672002954,0.932515209151511,Priorite haute
a-bracelet soie,bijoux,35.0,1,1,488,92.91122950819673,1,1.0,0.6232963355607236,1.0,1.0,bijoux,1.0,True,0.8390456193049876,0.6160304672002954,0.932515209151511,Priorite haute
a-collier poisson cuivre,bijoux,35.0,1,1,488,92.91122950819673,1,1.0,0.6232963355607236,1.0,1.0,bijoux,1.0,True,0.8390456193049876,0.6160304672002954,0.932515209151511,Priorite haute
a-collier prénom,bijoux,35.0,1,1,488,92.91122950819673,1,1.0,0.6232963355607236,1.0,1.0,bijoux,1.0,True,0.8390456193049876,0.6160304672002954,0.932515209151511,Priorite haute
a-collier soleil,bijoux,35.0,1,1,488,92.91122950819673,1,1.0,0.6232963355607236,1.0,1.0,bijoux,1.0,True,0.8390456193049876,0.6160304672002954,0.932515209151511,Priorite haute
a-collier résine,bijoux,35.0,1,1,488,92.91122950819673,1,1.0,0.6232963355607236,1.0,1.0,bijoux,1.0,True,0.8390456193049876,0.6160304672002954,0.932515209151511,Priorite haute
a-broche cheveux,bijoux,35.0,1,1,488,92.91122950819673,1,1.0,0.6232963355607236,1.0,1.0,bijoux,1.0,True,0.8390456193049876,0.6160304672002954,0.932515209151511,Priorite haute
a-boucles d'oreille silver,bijoux,35.0,1,1,488,92.91122950819673,1,1.0,0.6232963355607236,1.0,1.0,bijoux,1.0,True,0.8390456193049876,0.6160304672002954,0.932515209151511,Priorite haute
a-collier rosace,bijoux,35.0,1,1,488,92.91122950819673,1,1.0,0.6232963355607236,1.0,1.0,bijoux,1.0,True,0.8390456193049876,0.6160304672002954,0.932515209151511,Priorite haute
a-bague basmala,bijoux,35.0,1,1,488,92.91122950819673,1,1.0,0.6232963355607236,1.0,1.0,bijoux,1.0,True,0.8390456193049876,0.6160304672002954,0.932515209151511,Priorite haute
a-boucles houta,bijoux,35.0,1,1,488,92.91122950819673,1,1.0,0.6232963355607236,1.0,1.0,bijoux,1.0,True,0.8390456193049876,0.6160304672002954,0.932515209151511,Priorite haute
a-boucles peintes,bijoux,35.0,1,1,488,92.91122950819673,1,1.0,0.6232963355607236,1.0,1.0,bijoux,1.0,True,0.8390456193049876,0.6160304672002954,0.932515209151511,Priorite haute
a-boucles d'oreille zlizz,bijoux,35.0,1,1,488,92.91122950819673,1,1.0,0.6232963355607236,1.0,1.0,bijoux,1.0,True,0.8390456193049876,0.6160304672002954,0.932515209151511,Priorite haute
a-bracelet clé,bijoux,35.0,1,1,488,92.91122950819673,1,1.0,0.6232963355607236,1.0,1.0,bijoux,1.0,True,0.8390456193049876,0.6160304672002954,0.932515209151511,Priorite haute
a-parure khomsa,bijoux,35.0,1,1,488,92.91122950819673,1,1.0,0.6232963355607236,1.0,1.0,bijoux,1.0,True,0.8390456193049876,0.6160304672002954,0.932515209151511,Priorite haute
a-boucles pastèque,bijoux,35.0,1,1,488,92.91122950819673,1,1.0,0.6232963355607236,1.0,1.0,bijoux,1.0,True,0.8390456193049876,0.6160304672002954,0.932515209151511,Priorite haute
a-collier ethnic,bijoux,35.0,1,1,488,92.91122950819673,1,1.0,0.6232963355607236,1.0,1.0,bijoux,1.0,True,0.8390456193049876,0.6160304672002954,0.932515209151511,Priorite haute
a-boucles d'oreille feuille,bijoux,35.0,1,1,488,92.91122950819673,1,1.0,0.6232963355607236,1.0,1.0,bijoux,1.0,True,0.8390456193049876,0.6160304672002954,0.932515209151511,Priorite haute
a-collier khella,bijoux,140.0,1,1,488,92.91122950819673,1,1.0,0.506814625468221,1.0,1.0,bijoux,0.99,True,0.8390456193049876,0.6636516417467506,0.9323962678788338,Priorite haute
a-collier layali,bijoux,140.0,1,1,488,92.91122950819673,1,1.0,0.506814625468221,1.0,1.0,bijoux,0.99,True,0.8390456193049876,0.6636516417467506,0.9323962678788338,Priorite haute
a-collier rose dégradé,bijoux,45.0,1,1,488,92.91122950819673,1,1.0,0.5156667202246337,1.0,1.0,bijoux,0.99,True,0.8390456193049876,0.6597756529560748,0.9322024684393,Priorite haute
a-bague céramique,bijoux,45.0,1,1,488,92.91122950819673,1,1.0,0.5156667202246337,1.0,1.0,bijoux,0.99,True,0.8390456193049876,0.6597756529560748,0.9322024684393,Priorite haute
a-broche poisson,bijoux,45.0,1,1,488,92.91122950819673,1,1.0,0.5156667202246337,1.0,1.0,bijoux,0.99,True,0.8390456193049876,0.6597756529560748,0.9322024684393,Priorite haute
a-bracelet boules,bijoux,30.0,1,1,488,92.91122950819673,1,1.0,0.6771111432287686,1.0,1.0,bijoux,1.0,True,0.8390456193049876,0.5962634045080658,0.9315268560168996,Priorite haute
a-bracelet stylisé kholkhal,bijoux,30.0,1,1,488,92.91122950819673,1,1.0,0.6771111432287686,1.0,1.0,bijoux,1.0,True,0.8390456193049876,0.5962634045080658,0.9315268560168996,Priorite haute
a-boucles africa,bijoux,30.0,1,1,488,92.91122950819673,1,1.0,0.6771111432287686,1.0,1.0,bijoux,1.0,True,0.8390456193049876,0.5962634045080658,0.9315268560168996,Priorite haute
a-collier double khomsa,bijoux,30.0,1,1,488,92.91122950819673,1,1.0,0.6771111432287686,1.0,1.0,bijoux,1.0,True,0.8390456193049876,0.5962634045080658,0.9315268560168996,Priorite haute
a-collier arc en ciel,bijoux,30.0,1,1,488,92.91122950819673,1,1.0,0.6771111432287686,1.0,1.0,bijoux,1.0,True,0.8390456193049876,0.5962634045080658,0.9315268560168996,Priorite haute
a-bracelet hommes,bijoux,30.0,1,1,488,92.91122950819673,1,1.0,0.6771111432287686,1.0,1.0,bijoux,1.0,True,0.8390456193049876,0.5962634045080658,0.9315268560168996,Priorite haute
a-echarpe collier broche,bijoux,30.0,1,1,488,92.91122950819673,1,1.0,0.6771111432287686,1.0,1.0,bijoux,1.0,True,0.8390456193049876,0.5962634045080658,0.9315268560168996,Priorite haute
a-bracelet homme,bijoux,30.0,1,1,488,92.91122950819673,1,1.0,0.6771111432287686,1.0,1.0,bijoux,1.0,True,0.8390456193049876,0.5962634045080658,0.9315268560168996,Priorite haute
a-col collier,bijoux,30.0,1,1,488,92.91122950819673,1,1.0,0.6771111432287686,1.0,1.0,bijoux,1.0,True,0.8390456193049876,0.5962634045080658,0.9315268560168996,Priorite haute
a-collier personnalisé,bijoux,30.0,1,1,488,92.91122950819673,1,1.0,0.6771111432287686,1.0,1.0,bijoux,1.0,True,0.8390456193049876,0.5962634045080658,0.9315268560168996,Priorite haute
a-bague coquillage,bijoux,125.0,1,1,488,92.91122950819673,1,1.0,0.34537020246408606,1.0,1.0,bijoux,0.97,True,0.8390456193049876,0.7432898381192551,0.9313781776974589,Priorite haute
a-bracelet calligraphié art'cristo,bijoux,28.0,1,1,488,92.91122950819673,1,1.0,0.6986370662959865,1.0,1.0,bijoux,1.0,True,0.8390456193049876,0.5887072758753461,0.9311490495852636,Priorite haute
a-parure rouge,bijoux,40.0,1,1,488,92.91122950819673,1,1.0,0.5694815278926786,1.0,1.0,bijoux,0.99,True,0.8390456193049876,0.6371530866901545,0.931071340126004,Priorite haute
a-bracelets argent,bijoux,40.0,1,1,488,92.91122950819673,1,1.0,0.5694815278926786,1.0,1.0,bijoux,0.99,True,0.8390456193049876,0.6371530866901545,0.931071340126004,Priorite haute
a-bracelet cuivre,bijoux,40.0,1,1,488,92.91122950819673,1,1.0,0.5694815278926786,1.0,1.0,bijoux,0.99,True,0.8390456193049876,0.6371530866901545,0.931071340126004,Priorite haute
a-bague filigrane,bijoux,50.0,1,1,488,92.91122950819673,1,1.0,0.46185191255658864,1.0,1.0,bijoux,0.98,True,0.8390456193049876,0.6840638175525797,0.9309168766691253,Priorite haute
a-broche paon,bijoux,50.0,1,1,488,92.91122950819673,1,1.0,0.46185191255658864,1.0,1.0,bijoux,0.98,True,0.8390456193049876,0.6840638175525797,0.9309168766691253,Priorite haute
a-parure khomsa et ambre,bijoux,50.0,1,1,488,92.91122950819673,1,1.0,0.46185191255658864,1.0,1.0,bijoux,0.98,True,0.8390456193049876,0.6840638175525797,0.9309168766691253,Priorite haute
a-pendentif corail argent,bijoux,50.0,1,1,488,92.91122950819673,1,1.0,0.46185191255658864,1.0,1.0,bijoux,0.98,True,0.8390456193049876,0.6840638175525797,0.9309168766691253,Priorite haute
a-collier turquoise yakouta,bijoux,160.0,1,1,488,92.91122950819673,1,1.0,0.722073856140401,1.0,1.0,bijoux,1.0,True,0.8390456193049876,0.5806951870468846,0.9307484451438405,Priorite haute
a-bijoux corail agate,bijoux,100.0,1,1,488,92.91122950819673,1,1.0,0.07629616412386117,1.0,1.0,bijoux,0.93,True,0.8390456193049876,0.9291122957908444,0.9306693005810384,Priorite haute
a-pendentif papillon,bijoux,25.0,1,1,488,92.91122950819673,1,1.0,0.7309259508968136,1.0,1.0,bijoux,1.0,True,0.8390456193049876,0.5777254650794784,0.9305999590454702,Priorite haute
a-bracelet chat,bijoux,25.0,1,1,488,92.91122950819673,1,1.0,0.7309259508968136,1.0,1.0,bijoux,1.0,True,0.8390456193049876,0.5777254650794784,0.9305999590454702,Priorite haute
a-boucles d'oreille flower,bijoux,25.0,1,1,488,92.91122950819673,1,1.0,0.7309259508968136,1.0,1.0,bijoux,1.0,True,0.8390456193049876,0.5777254650794784,0.9305999590454702,Priorite haute
a-boucles ambre,bijoux,25.0,1,1,488,92.91122950819673,1,1.0,0.7309259508968136,1.0,1.0,bijoux,1.0,True,0.8390456193049876,0.5777254650794784,0.9305999590454702,Priorite haute
a-pendentif zigzag,bijoux,25.0,1,1,488,92.91122950819673,1,1.0,0.7309259508968136,1.0,1.0,bijoux,1.0,True,0.8390456193049876,0.5777254650794784,0.9305999590454702,Priorite haute
a-collier papillon rose,bijoux,25.0,1,1,488,92.91122950819673,1,1.0,0.7309259508968136,1.0,1.0,bijoux,1.0,True,0.8390456193049876,0.5777254650794784,0.9305999590454702,Priorite haute
a-collier triangle pompon,bijoux,25.0,1,1,488,92.91122950819673,1,1.0,0.7309259508968136,1.0,1.0,bijoux,1.0,True,0.8390456193049876,0.5777254650794784,0.9305999590454702,Priorite haute
a-collier gai,bijoux,25.0,1,1,488,92.91122950819673,1,1.0,0.7309259508968136,1.0,1.0,bijoux,1.0,True,0.8390456193049876,0.5777254650794784,0.9305999590454702,Priorite haute
a-collier bleu ethno,bijoux,25.0,1,1,488,92.91122950819673,1,1.0,0.7309259508968136,1.0,1.0,bijoux,1.0,True,0.8390456193049876,0.5777254650794784,0.9305999590454702,Priorite haute
a-bracelet o'plaisir,bijoux,25.0,1,1,488,92.91122950819673,1,1.0,0.7309259508968136,1.0,1.0,bijoux,1.0,True,0.8390456193049876,0.5777254650794784,0.9305999590454702,Priorite haute
a-bague sertie ambre,bijoux,25.0,1,1,488,92.91122950819673,1,1.0,0.7309259508968136,1.0,1.0,bijoux,1.0,True,0.8390456193049876,0.5777254650794784,0.9305999590454702,Priorite haute
a-bague en laiton,bijoux,25.0,1,1,488,92.91122950819673,1,1.0,0.7309259508968136,1.0,1.0,bijoux,1.0,True,0.8390456193049876,0.5777254650794784,0.9305999590454702,Priorite haute
a-bague triangulaire,bijoux,25.0,1,1,488,92.91122950819673,1,1.0,0.7309259508968136,1.0,1.0,bijoux,1.0,True,0.8390456193049876,0.5777254650794784,0.9305999590454702,Priorite haute
a-bracelet homme fait main,bijoux,25.0,1,1,488,92.91122950819673,1,1.0,0.7309259508968136,1.0,1.0,bijoux,1.0,True,0.8390456193049876,0.5777254650794784,0.9305999590454702,Priorite haute
a-bracelet croissant,bijoux,25.0,1,1,488,92.91122950819673,1,1.0,0.7309259508968136,1.0,1.0,bijoux,1.0,True,0.8390456193049876,0.5777254650794784,0.9305999590454702,Priorite haute
a-kholkhal,bijoux,120.0,1,1,488,92.91122950819673,1,1.0,0.2915553947960411,1.0,1.0,bijoux,0.96,True,0.8390456193049876,0.774260247782804,0.9304266981806364,Priorite haute
a-collier serpent tunis,bijoux,150.0,1,1,488,92.91122950819673,1,1.0,0.614444240804311,1.0,1.0,bijoux,0.99,True,0.8390456193049876,0.6194081992585903,0.9301840957544258,Priorite haute
a-collier en argent trempé dans de l'or,bijoux,150.0,1,1,488,92.91122950819673,1,1.0,0.614444240804311,1.0,1.0,bijoux,0.99,True,0.8390456193049876,0.6194081992585903,0.9301840957544258,Priorite haute
a-collier cerceau,bijoux,150.0,1,1,488,92.91122950819673,1,1.0,0.614444240804311,1.0,1.0,bijoux,0.99,True,0.8390456193049876,0.6194081992585903,0.9301840957544258,Priorite haute
a-collier ginkgo,bijoux,150.0,1,1,488,92.91122950819673,1,1.0,0.614444240804311,1.0,1.0,bijoux,0.99,True,0.8390456193049876,0.6194081992585903,0.9301840957544258,Priorite haute
a-bracelet poisson,bijoux,150.0,1,1,488,92.91122950819673,1,1.0,0.614444240804311,1.0,1.0,bijoux,0.99,True,0.8390456193049876,0.6194081992585903,0.9301840957544258,Priorite haute
a-collier grenat corail argent,bijoux,150.0,1,1,488,92.91122950819673,1,1.0,0.614444240804311,1.0,1.0,bijoux,0.99,True,0.8390456193049876,0.6194081992585903,0.9301840957544258,Priorite haute
a-créoles personnalisées,bijoux,65.0,1,1,488,92.91122950819673,1,1.0,0.3004074895524537,1.0,1.0,bijoux,0.96,True,0.8390456193049876,0.7689897267080171,0.9301631721268971,Priorite haute
a-parure cannette,bijoux,35.0,1,1,488,92.91122950819673,1,1.0,0.6232963355607236,1.0,1.0,bijoux,0.99,True,0.8390456193049876,0.6160304672002954,0.930015209151511,Priorite haute
a-bracelet bois,bijoux,35.0,1,1,488,92.91122950819673,1,1.0,0.6232963355607236,1.0,1.0,bijoux,0.99,True,0.8390456193049876,0.6160304672002954,0.930015209151511,Priorite haute
a-chapelet ambre,bijoux,35.0,1,1,488,92.91122950819673,1,1.0,0.6232963355607236,1.0,1.0,bijoux,0.99,True,0.8390456193049876,0.6160304672002954,0.930015209151511,Priorite haute
a-pendentif poisson stylisé,bijoux,35.0,1,1,488,92.91122950819673,1,1.0,0.6232963355607236,1.0,1.0,bijoux,0.99,True,0.8390456193049876,0.6160304672002954,0.930015209151511,Priorite haute
a-pendentif anneaux,bijoux,35.0,1,1,488,92.91122950819673,1,1.0,0.6232963355607236,1.0,1.0,bijoux,0.99,True,0.8390456193049876,0.6160304672002954,0.930015209151511,Priorite haute
a-collier argent doré et jaspe,bijoux,165.0,1,1,488,92.91122950819673,1,1.0,0.7758886638084459,1.0,1.0,bijoux,1.0,True,0.8390456193049876,0.5630983633036265,0.9298686039566776,Priorite haute
a-parure bleue,bijoux,165.0,1,1,488,92.91122950819673,1,1.0,0.7758886638084459,1.0,1.0,bijoux,1.0,True,0.8390456193049876,0.5630983633036265,0.9298686039566776,Priorite haute
a-collier ceramique,bijoux,20.0,1,1,488,92.91122950819673,1,1.0,0.7847407585648586,1.0,1.0,bijoux,1.0,True,0.8390456193049876,0.5603054646458108,0.9297289590237868,Priorite haute
a-bague ours,bijoux,20.0,1,1,488,92.91122950819673,1,1.0,0.7847407585648586,1.0,1.0,bijoux,1.0,True,0.8390456193049876,0.5603054646458108,0.9297289590237868,Priorite haute
a-collier tricoté perlé,bijoux,20.0,1,1,488,92.91122950819673,1,1.0,0.7847407585648586,1.0,1.0,bijoux,1.0,True,0.8390456193049876,0.5603054646458108,0.9297289590237868,Priorite haute
a-collier grigri,bijoux,20.0,1,1,488,92.91122950819673,1,1.0,0.7847407585648586,1.0,1.0,bijoux,1.0,True,0.8390456193049876,0.5603054646458108,0.9297289590237868,Priorite haute
a-bague épurée,bijoux,20.0,1,1,488,92.91122950819673,1,1.0,0.7847407585648586,1.0,1.0,bijoux,1.0,True,0.8390456193049876,0.5603054646458108,0.9297289590237868,Priorite haute
a-collier tunisie,bijoux,20.0,1,1,488,92.91122950819673,1,1.0,0.7847407585648586,1.0,1.0,bijoux,1.0,True,0.8390456193049876,0.5603054646458108,0.9297289590237868,Priorite haute
a-boucles pompon,bijoux,20.0,1,1,488,92.91122950819673,1,1.0,0.7847407585648586,1.0,1.0,bijoux,1.0,True,0.8390456193049876,0.5603054646458108,0.9297289590237868,Priorite haute
a-boucles bateau,bijoux,20.0,1,1,488,92.91122950819673,1,1.0,0.7847407585648586,1.0,1.0,bijoux,1.0,True,0.8390456193049876,0.5603054646458108,0.9297289590237868,Priorite haute
a-boucles grenouille,bijoux,20.0,1,1,488,92.91122950819673,1,1.0,0.7847407585648586,1.0,1.0,bijoux,1.0,True,0.8390456193049876,0.5603054646458108,0.9297289590237868,Priorite haute
a-boucles okod,bijoux,20.0,1,1,488,92.91122950819673,1,1.0,0.7847407585648586,1.0,1.0,bijoux,1.0,True,0.8390456193049876,0.5603054646458108,0.9297289590237868,Priorite haute
a-wechwech o'plaisir,bijoux,55.0,1,1,488,92.91122950819673,1,1.0,0.40803710488854367,1.0,1.0,bijoux,0.97,True,0.8390456193049876,0.7102085566695043,0.9297241136249714,Priorite haute
a-kholkhal epais,bijoux,55.0,1,1,488,92.91122950819673,1,1.0,0.40803710488854367,1.0,1.0,bijoux,0.97,True,0.8390456193049876,0.7102085566695043,0.9297241136249714,Priorite haute
a-collier en cuivre,bijoux,45.0,1,1,488,92.91122950819673,1,1.0,0.5156667202246337,1.0,1.0,bijoux,0.98,True,0.8390456193049876,0.6597756529560748,0.9297024684392999,Priorite haute
a-bagues en argent,bijoux,45.0,1,1,488,92.91122950819673,1,1.0,0.5156667202246337,1.0,1.0,bijoux,0.98,True,0.8390456193049876,0.6597756529560748,0.9297024684392999,Priorite haute
a-boucles fimo,bijoux,18.0,1,1,488,92.91122950819673,1,1.0,0.8062666816320766,1.0,1.0,bijoux,1.0,True,0.8390456193049876,0.5536281049575894,0.9293950910393757,Priorite haute
a-collier écolo,bijoux,18.0,1,1,488,92.91122950819673,1,1.0,0.8062666816320766,1.0,1.0,bijoux,1.0,True,0.8390456193049876,0.5536281049575894,0.9293950910393757,Priorite haute
a-boucles berbères,bijoux,17.0,1,1,488,92.91122950819673,1,1.0,0.8170296431656856,1.0,1.0,bijoux,1.0,True,0.8390456193049876,0.5503487539464512,0.9292311234888188,Priorite haute
a-bracelet éléphant,bijoux,16.0,1,1,488,92.91122950819673,1,1.0,0.8277926046992945,1.0,1.0,bijoux,1.0,True,0.8390456193049876,0.5471080238693264,0.9290690869849626,Priorite haute
a-parure argent platiné perles,bijoux,170.0,1,1,488,92.91122950819673,1,1.0,0.8297034714764909,1.0,1.0,bijoux,1.0,True,0.8390456193049876,0.5465366468332945,0.929040518133161,Priorite haute
a-parure orientale,bijoux,170.0,1,1,488,92.91122950819673,1,1.0,0.8297034714764909,1.0,1.0,bijoux,1.0,True,0.8390456193049876,0.5465366468332945,0.929040518133161,Priorite haute
a-pendentif bois,bijoux,30.0,1,1,488,92.91122950819673,1,1.0,0.6771111432287686,1.0,1.0,bijoux,0.99,True,0.8390456193049876,0.5962634045080658,0.9290268560168996,Priorite haute
a-collier ethnic rouge,bijoux,30.0,1,1,488,92.91122950819673,1,1.0,0.6771111432287686,1.0,1.0,bijoux,0.99,True,0.8390456193049876,0.5962634045080658,0.9290268560168996,Priorite haute
a-collier ethnic vert,bijoux,30.0,1,1,488,92.91122950819673,1,1.0,0.6771111432287686,1.0,1.0,bijoux,0.99,True,0.8390456193049876,0.5962634045080658,0.9290268560168996,Priorite haute
a-parure perle,bijoux,30.0,1,1,488,92.91122950819673,1,1.0,0.6771111432287686,1.0,1.0,bijoux,0.99,True,0.8390456193049876,0.5962634045080658,0.9290268560168996,Priorite haute
a-broche hibou,bijoux,30.0,1,1,488,92.91122950819673,1,1.0,0.6771111432287686,1.0,1.0,bijoux,0.99,True,0.8390456193049876,0.5962634045080658,0.9290268560168996,Priorite haute
a-pendentif ébène argent,bijoux,30.0,1,1,488,92.91122950819673,1,1.0,0.6771111432287686,1.0,1.0,bijoux,0.99,True,0.8390456193049876,0.5962634045080658,0.9290268560168996,Priorite haute
a-parure soie et argent,bijoux,30.0,1,1,488,92.91122950819673,1,1.0,0.6771111432287686,1.0,1.0,bijoux,0.99,True,0.8390456193049876,0.5962634045080658,0.9290268560168996,Priorite haute
a-boucles triangle,bijoux,30.0,1,1,488,92.91122950819673,1,1.0,0.6771111432287686,1.0,1.0,bijoux,0.99,True,0.8390456193049876,0.5962634045080658,0.9290268560168996,Priorite haute
a-boucles poissons,bijoux,15.0,1,1,488,92.91122950819673,1,1.0,0.8385555662329035,1.0,1.0,bijoux,1.0,True,0.8390456193049876,0.543905236461764,0.9289089476145844,Priorite haute
a-boucles fleuries,bijoux,15.0,1,1,488,92.91122950819673,1,1.0,0.8385555662329035,1.0,1.0,bijoux,1.0,True,0.8390456193049876,0.543905236461764,0.9289089476145844,Priorite haute
a-boucles dream catcher,bijoux,15.0,1,1,488,92.91122950819673,1,1.0,0.8385555662329035,1.0,1.0,bijoux,1.0,True,0.8390456193049876,0.543905236461764,0.9289089476145844,Priorite haute
a-collier choker,bijoux,15.0,1,1,488,92.91122950819673,1,1.0,0.8385555662329035,1.0,1.0,bijoux,1.0,True,0.8390456193049876,0.543905236461764,0.9289089476145844,Priorite haute
a-bague ethno chic,bijoux,15.0,1,1,488,92.91122950819673,1,1.0,0.8385555662329035,1.0,1.0,bijoux,1.0,True,0.8390456193049876,0.543905236461764,0.9289089476145844,Priorite haute
"a-bracelet ""infini""",bijoux,15.0,1,1,488,92.91122950819673,1,1.0,0.8385555662329035,1.0,1.0,bijoux,1.0,True,0.8390456193049876,0.543905236461764,0.9289089476145844,Priorite haute
a-grandes boucles d'oreille khomsa,bijoux,15.0,1,1,488,92.91122950819673,1,1.0,0.8385555662329035,1.0,1.0,bijoux,1.0,True,0.8390456193049876,0.543905236461764,0.9289089476145844,Priorite haute
a-boucles d'oreille rondes,bijoux,15.0,1,1,488,92.91122950819673,1,1.0,0.8385555662329035,1.0,1.0,bijoux,1.0,True,0.8390456193049876,0.543905236461764,0.9289089476145844,Priorite haute
a-boucles d'oreille triangle,bijoux,15.0,1,1,488,92.91122950819673,1,1.0,0.8385555662329035,1.0,1.0,bijoux,1.0,True,0.8390456193049876,0.543905236461764,0.9289089476145844,Priorite haute
a-bracelet mahboub,bijoux,15.0,1,1,488,92.91122950819673,1,1.0,0.8385555662329035,1.0,1.0,bijoux,1.0,True,0.8390456193049876,0.543905236461764,0.9289089476145844,Priorite haute
a-bracelet nude,bijoux,15.0,1,1,488,92.91122950819673,1,1.0,0.8385555662329035,1.0,1.0,bijoux,1.0,True,0.8390456193049876,0.543905236461764,0.9289089476145844,Priorite haute
a-boucles pompon sousse,bijoux,15.0,1,1,488,92.91122950819673,1,1.0,0.8385555662329035,1.0,1.0,bijoux,1.0,True,0.8390456193049876,0.543905236461764,0.9289089476145844,Priorite haute
a-pendentif tunisie,bijoux,135.0,1,1,488,92.91122950819673,1,1.0,0.45299981780017606,1.0,1.0,bijoux,0.97,True,0.8390456193049876,0.6882313319997436,0.9286252523914834,Priorite haute
a-bague verte en verre,bijoux,40.0,1,1,488,92.91122950819673,1,1.0,0.5694815278926786,1.0,1.0,bijoux,0.98,True,0.8390456193049876,0.6371530866901545,0.928571340126004,Priorite haute
a-collier vermillon,bijoux,27.0,1,1,488,92.91122950819673,1,1.0,0.7094000278295955,1.0,1.0,bijoux,0.99,True,0.8390456193049876,0.5850005754765828,0.9284637145653254,Priorite haute
a-bracelet perles,bijoux,12.0,1,1,488,92.91122950819673,1,1.0,0.8708444508337305,1.0,1.0,bijoux,1.0,True,0.8390456193049876,0.5345179817351229,0.9284395848782524,Priorite haute
a-bracelet manchette stylisé,bijoux,50.0,1,1,488,92.91122950819673,1,1.0,0.46185191255658864,1.0,1.0,bijoux,0.97,True,0.8390456193049876,0.6840638175525797,0.9284168766691252,Priorite haute
a-bracelet cuir effet croco,bijoux,50.0,1,1,488,92.91122950819673,1,1.0,0.46185191255658864,1.0,1.0,bijoux,0.97,True,0.8390456193049876,0.6840638175525797,0.9284168766691252,Priorite haute
a-bague ronde,bijoux,10.0,1,1,488,92.91122950819673,1,1.0,0.8923703739009485,1.0,1.0,bijoux,1.0,True,0.8390456193049876,0.5284377803582876,0.9281355748094107,Priorite haute
a-bracelet personnalisé,bijoux,10.0,1,1,488,92.91122950819673,1,1.0,0.8923703739009485,1.0,1.0,bijoux,1.0,True,0.8390456193049876,0.5284377803582876,0.9281355748094107,Priorite haute
a-boucles d'oreille arc en ciel,bijoux,10.0,1,1,488,92.91122950819673,1,1.0,0.8923703739009485,1.0,1.0,bijoux,1.0,True,0.8390456193049876,0.5284377803582876,0.9281355748094107,Priorite haute
a-bague deux coeurs,bijoux,10.0,1,1,488,92.91122950819673,1,1.0,0.8923703739009485,1.0,1.0,bijoux,1.0,True,0.8390456193049876,0.5284377803582876,0.9281355748094107,Priorite haute
a-collier rose ethno,bijoux,25.0,1,1,488,92.91122950819673,1,1.0,0.7309259508968136,1.0,1.0,bijoux,0.99,True,0.8390456193049876,0.5777254650794784,0.9280999590454703,Priorite haute
a-bijoux enfant,bijoux,25.0,1,1,488,92.91122950819673,1,1.0,0.7309259508968136,1.0,1.0,bijoux,0.99,True,0.8390456193049876,0.5777254650794784,0.9280999590454703,Priorite haute
a-bracelet en bouton,bijoux,25.0,1,1,488,92.91122950819673,1,1.0,0.7309259508968136,1.0,1.0,bijoux,0.99,True,0.8390456193049876,0.5777254650794784,0.9280999590454703,Priorite haute
a-bracelet coloré,bijoux,25.0,1,1,488,92.91122950819673,1,1.0,0.7309259508968136,1.0,1.0,bijoux,0.99,True,0.8390456193049876,0.5777254650794784,0.9280999590454703,Priorite haute
a-boucles khomsa,bijoux,25.0,1,1,488,92.91122950819673,1,1.0,0.7309259508968136,1.0,1.0,bijoux,0.99,True,0.8390456193049876,0.5777254650794784,0.9280999590454703,Priorite haute
a-bague en bois woodstone,bijoux,25.0,1,1,488,92.91122950819673,1,1.0,0.7309259508968136,1.0,1.0,bijoux,0.99,True,0.8390456193049876,0.5777254650794784,0.9280999590454703,Priorite haute
a-bracelet khomsa,bijoux,8.0,1,1,488,92.91122950819673,1,1.0,0.9138962969681665,1.0,1.0,bijoux,1.0,True,0.8390456193049876,0.5224943491369495,0.9278384032483438,Priorite haute
a-boucles attrape-rêve,bijoux,8.0,1,1,488,92.91122950819673,1,1.0,0.9138962969681665,1.0,1.0,bijoux,1.0,True,0.8390456193049876,0.5224943491369495,0.9278384032483438,Priorite haute
a-bracelet attrape-rêves,bijoux,8.0,1,1,488,92.91122950819673,1,1.0,0.9138962969681665,1.0,1.0,bijoux,1.0,True,0.8390456193049876,0.5224943491369495,0.9278384032483438,Priorite haute
a-boucles d'oreille cuir,bijoux,7.0,1,1,488,92.91122950819673,1,1.0,0.9246592585017755,1.0,1.0,bijoux,1.0,True,0.8390456193049876,0.5195724882639414,0.9276923102046933,Priorite haute
a-chapelet perles et ambre,bijoux,150.0,1,1,488,92.91122950819673,1,1.0,0.614444240804311,1.0,1.0,bijoux,0.98,True,0.8390456193049876,0.6194081992585903,0.9276840957544258,Priorite haute
a-boucles d'oreille ecolos,bijoux,6.0,1,1,488,92.91122950819673,1,1.0,0.9354222200353846,1.0,1.0,bijoux,1.0,True,0.8390456193049876,0.5166831245647874,0.9275478420197356,Priorite haute
a-pendentif stylisé,bijoux,180.0,1,1,488,92.91122950819673,1,1.0,0.9373330868125809,1.0,1.0,bijoux,1.0,True,0.8390456193049876,0.5161734999556846,0.9275223607892805,Priorite haute
a-collier mahboub,bijoux,180.0,1,1,488,92.91122950819673,1,1.0,0.9373330868125809,1.0,1.0,bijoux,1.0,True,0.8390456193049876,0.5161734999556846,0.9275223607892805,Priorite haute
a-collier lune,bijoux,180.0,1,1,488,92.91122950819673,1,1.0,0.9373330868125809,1.0,1.0,bijoux,1.0,True,0.8390456193049876,0.5161734999556846,0.9275223607892805,Priorite haute
a-collier onyx,bijoux,180.0,1,1,488,92.91122950819673,1,1.0,0.9373330868125809,1.0,1.0,bijoux,1.0,True,0.8390456193049876,0.5161734999556846,0.9275223607892805,Priorite haute
a-collier anneaux,bijoux,180.0,1,1,488,92.91122950819673,1,1.0,0.9373330868125809,1.0,1.0,bijoux,1.0,True,0.8390456193049876,0.5161734999556846,0.9275223607892805,Priorite haute
a-pendentif,bijoux,180.0,1,1,488,92.91122950819673,1,1.0,0.9373330868125809,1.0,1.0,bijoux,1.0,True,0.8390456193049876,0.5161734999556846,0.9275223607892805,Priorite haute
a-collier ethnic ambre,bijoux,180.0,1,1,488,92.91122950819673,1,1.0,0.9373330868125809,1.0,1.0,bijoux,1.0,True,0.8390456193049876,0.5161734999556846,0.9275223607892805,Priorite haute
a-broche papillon,bijoux,35.0,1,1,488,92.91122950819673,1,1.0,0.6232963355607236,1.0,1.0,bijoux,0.98,True,0.8390456193049876,0.6160304672002954,0.927515209151511,Priorite haute
a-boucles d'oreille en verre,bijoux,5.0,1,1,488,92.91122950819673,1,1.0,0.9461851815689936,1.0,1.0,bijoux,1.0,True,0.8390456193049876,0.5138257188834471,0.9274049717356686,Priorite haute
a-boucles fillette,bijoux,5.0,1,1,488,92.91122950819673,1,1.0,0.9461851815689936,1.0,1.0,bijoux,1.0,True,0.8390456193049876,0.5138257188834471,0.9274049717356686,Priorite haute
a-collier corail argent,bijoux,165.0,1,1,488,92.91122950819673,1,1.0,0.7758886638084459,1.0,1.0,bijoux,0.99,True,0.8390456193049876,0.5630983633036265,0.9273686039566776,Priorite haute
a-boucle florale,bijoux,20.0,1,1,488,92.91122950819673,1,1.0,0.7847407585648586,1.0,1.0,bijoux,0.99,True,0.8390456193049876,0.5603054646458108,0.9272289590237869,Priorite haute
a-bracelet pompons,bijoux,20.0,1,1,488,92.91122950819673,1,1.0,0.7847407585648586,1.0,1.0,bijoux,0.99,True,0.8390456193049876,0.5603054646458108,0.9272289590237869,Priorite haute
a-bague en bouton,bijoux,15.0,1,1,488,92.91122950819673,1,1.0,0.8385555662329035,1.0,1.0,bijoux,0.99,True,0.8390456193049876,0.543905236461764,0.9264089476145845,Priorite haute
a-collier choker pompon,bijoux,14.0,1,1,488,92.91122950819673,1,1.0,0.8493185277665125,1.0,1.0,bijoux,0.99,True,0.8390456193049876,0.5407397292492038,0.9262506722539565,Priorite haute
a-collier zayna,bijoux,190.0,1,1,488,92.91122950819673,1,1.0,1.044962702148671,1.0,1.0,bijoux,1.0,True,0.8390456193049876,0.4890064737852119,0.9261640094807568,Priorite haute
a-bracelet et boucles ciselées,bijoux,190.0,1,1,488,92.91122950819673,1,1.0,1.044962702148671,1.0,1.0,bijoux,1.0,True,0.8390456193049876,0.4890064737852119,0.9261640094807568,Priorite haute
a-bague cuivre,bijoux,40.0,1,1,488,92.91122950819673,1,1.0,0.5694815278926786,1.0,1.0,bijoux,0.97,True,0.8390456193049876,0.6371530866901545,0.9260713401260039,Priorite haute
a-collier crochet ras du cou,bijoux,12.0,1,1,488,92.91122950819673,1,1.0,0.8708444508337305,1.0,1.0,bijoux,0.99,True,0.8390456193049876,0.5345179817351229,0.9259395848782525,Priorite haute
a-bague longiligne poisson,bijoux,10.0,1,1,488,92.91122950819673,1,1.0,0.8923703739009485,1.0,1.0,bijoux,0.99,True,0.8390456193049876,0.5284377803582876,0.9256355748094107,Priorite haute
a-pendentif fillette,bijoux,25.0,1,1,488,92.91122950819673,1,1.0,0.7309259508968136,1.0,1.0,bijoux,0.98,True,0.8390456193049876,0.5777254650794784,0.9255999590454702,Priorite haute
a-bague en cuivre,bijoux,25.0,1,1,488,92.91122950819673,1,1.0,0.7309259508968136,1.0,1.0,bijoux,0.98,True,0.8390456193049876,0.5777254650794784,0.9255999590454702,Priorite haute
a-montre bois,bijoux,149.0,1,1,488,92.91122950819673,1,1.0,0.603681279270702,1.0,1.0,bijoux,0.97,True,0.8390456193049876,0.6235653012391371,0.925391950853453,Priorite haute
a-collier et boucles,bijoux,200.0,1,1,488,92.91122950819673,1,1.0,1.1525923174847608,1.0,1.0,bijoux,1.0,True,0.8390456193049876,0.46455615021820296,0.9249414933024064,Priorite haute
a-bracelet cuir ancre,bijoux,20.0,1,1,488,92.91122950819673,1,1.0,0.7847407585648586,1.0,1.0,bijoux,0.98,True,0.8390456193049876,0.5603054646458108,0.9247289590237868,Priorite haute
a-collier sejnene,bijoux,15.0,1,1,488,92.91122950819673,1,1.0,0.8385555662329035,1.0,1.0,bijoux,0.98,True,0.8390456193049876,0.543905236461764,0.9239089476145844,Priorite haute
a-boucles taureau,bijoux,14.0,1,1,488,92.91122950819673,1,1.0,0.8493185277665125,1.0,1.0,bijoux,0.98,True,0.8390456193049876,0.5407397292492038,0.9237506722539565,Priorite haute
a-médaillon chardonneret,bijoux,135.0,1,1,488,92.91122950819673,1,1.0,0.45299981780017606,1.0,1.0,bijoux,0.95,True,0.8390456193049876,0.6882313319997436,0.9236252523914835,Priorite haute
a-boucles bordeau,bijoux,12.0,1,1,488,92.91122950819673,1,1.0,0.8708444508337305,1.0,1.0,bijoux,0.98,True,0.8390456193049876,0.5345179817351229,0.9234395848782524,Priorite haute
a-collier mains de fatma,bijoux,50.0,1,1,488,92.91122950819673,1,1.0,0.46185191255658864,1.0,1.0,bijoux,0.95,True,0.8390456193049876,0.6840638175525797,0.9234168766691253,Priorite haute
a-parure bleu vert,bijoux,38.0,1,1,488,92.91122950819673,1,1.0,0.5910074509598966,1.0,1.0,bijoux,0.96,True,0.8390456193049876,0.6285325687171821,0.9231403142273553,Priorite haute
a-choker cuir brillant,bijoux,25.0,1,1,488,92.91122950819673,1,1.0,0.7309259508968136,1.0,1.0,bijoux,0.97,True,0.8390456193049876,0.5777254650794784,0.9230999590454702,Priorite haute
a-broche peinte,bijoux,25.0,1,1,488,92.91122950819673,1,1.0,0.7309259508968136,1.0,1.0,bijoux,0.97,True,0.8390456193049876,0.5777254650794784,0.9230999590454702,Priorite haute
a-collier fleurs,bijoux,220.0,1,1,488,92.91122950819673,1,1.0,1.3678515481569407,1.0,1.0,bijoux,1.0,True,0.8390456193049876,0.42232377311760433,0.9228298744473764,Priorite haute
a-collier vert,bijoux,220.0,1,1,488,92.91122950819673,1,1.0,1.3678515481569407,1.0,1.0,bijoux,1.0,True,0.8390456193049876,0.42232377311760433,0.9228298744473764,Priorite haute
a-bracelet agate,bijoux,220.0,1,1,488,92.91122950819673,1,1.0,1.3678515481569407,1.0,1.0,bijoux,1.0,True,0.8390456193049876,0.42232377311760433,0.9228298744473764,Priorite haute
a-collier gamra,bijoux,23.0,1,1,488,92.91122950819673,1,1.0,0.7524518739640316,1.0,1.0,bijoux,0.97,True,0.8390456193049876,0.5706290796665408,0.9227451397748232,Priorite haute
a-couronne,bijoux,150.0,1,1,488,92.91122950819673,1,1.0,0.614444240804311,1.0,1.0,bijoux,0.96,True,0.8390456193049876,0.6194081992585903,0.9226840957544258,Priorite haute
a-bijoux fil de soie,bijoux,65.0,1,1,488,92.91122950819673,1,1.0,0.3004074895524537,1.0,1.0,bijoux,0.93,True,0.8390456193049876,0.7689897267080171,0.9226631721268971,Priorite haute
a-bracelet corail,bijoux,180.0,1,1,488,92.91122950819673,1,1.0,0.9373330868125809,1.0,1.0,bijoux,0.98,True,0.8390456193049876,0.5161734999556846,0.9225223607892805,Priorite haute
a-sautoir,bijoux,35.0,1,1,488,92.91122950819673,1,1.0,0.6232963355607236,1.0,1.0,bijoux,0.96,True,0.8390456193049876,0.6160304672002954,0.922515209151511,Priorite haute
a-bracelet en cuivre,bijoux,35.0,1,1,488,92.91122950819673,1,1.0,0.6232963355607236,1.0,1.0,bijoux,0.96,True,0.8390456193049876,0.6160304672002954,0.922515209151511,Priorite haute
a-collier en argent,bijoux,200.0,1,1,488,92.91122950819673,1,1.0,1.1525923174847608,1.0,1.0,bijoux,0.99,True,0.8390456193049876,0.46455615021820296,0.9224414933024064,Priorite haute
a-collier rouge,bijoux,200.0,1,1,488,92.91122950819673,1,1.0,1.1525923174847608,1.0,1.0,bijoux,0.99,True,0.8390456193049876,0.46455615021820296,0.9224414933024064,Priorite haute
a-parure anneaux dorés,bijoux,140.0,1,1,488,92.91122950819673,1,1.0,0.506814625468221,1.0,1.0,bijoux,0.95,True,0.8390456193049876,0.6636516417467506,0.9223962678788338,Priorite haute
a-pendentif berbère,bijoux,20.0,1,1,488,92.91122950819673,1,1.0,0.7847407585648586,1.0,1.0,bijoux,0.97,True,0.8390456193049876,0.5603054646458108,0.9222289590237868,Priorite haute
a-pendentif cartouche,bijoux,20.0,1,1,488,92.91122950819673,1,1.0,0.7847407585648586,1.0,1.0,bijoux,0.97,True,0.8390456193049876,0.5603054646458108,0.9222289590237868,Priorite haute
a-collier fianka,bijoux,230.0,1,1,488,92.91122950819673,1,1.0,1.4754811634930307,1.0,1.0,bijoux,1.0,True,0.8390456193049876,0.4039618700184124,0.9219117792924169,Priorite haute
a-collier trempé or et perles,bijoux,230.0,1,1,488,92.91122950819673,1,1.0,1.4754811634930307,1.0,1.0,bijoux,1.0,True,0.8390456193049876,0.4039618700184124,0.9219117792924169,Priorite haute
a-choker flower,bijoux,16.0,1,1,488,92.91122950819673,1,1.0,0.8277926046992945,1.0,1.0,bijoux,0.97,True,0.8390456193049876,0.5471080238693264,0.9215690869849625,Priorite haute
a-créoles,bijoux,30.0,1,1,488,92.91122950819673,1,1.0,0.6771111432287686,1.0,1.0,bijoux,0.96,True,0.8390456193049876,0.5962634045080658,0.9215268560168995,Priorite haute
a-chokers gharam,bijoux,30.0,1,1,488,92.91122950819673,1,1.0,0.6771111432287686,1.0,1.0,bijoux,0.96,True,0.8390456193049876,0.5962634045080658,0.9215268560168995,Priorite haute
a-broche naissance,bijoux,15.0,1,1,488,92.91122950819673,1,1.0,0.8385555662329035,1.0,1.0,bijoux,0.97,True,0.8390456193049876,0.543905236461764,0.9214089476145844,Priorite haute
a-manchette,bijoux,210.0,1,1,488,92.91122950819673,1,1.0,1.2602219328208508,1.0,1.0,bijoux,0.99,True,0.8390456193049876,0.44243442888458234,0.9213354072357254,Priorite haute
a-medaillon perroquet,bijoux,135.0,1,1,488,92.91122950819673,1,1.0,0.45299981780017606,1.0,1.0,bijoux,0.94,True,0.8390456193049876,0.6882313319997436,0.9211252523914835,Priorite haute
a-pendentifs ronds en verre,bijoux,40.0,1,1,488,92.91122950819673,1,1.0,0.5694815278926786,1.0,1.0,bijoux,0.95,True,0.8390456193049876,0.6371530866901545,0.921071340126004,Priorite haute
a-collier multicolore nbs,bijoux,250.0,1,1,488,92.91122950819673,1,1.0,1.6907403941652106,1.0,1.0,bijoux,1.0,True,0.8390456193049876,0.37164492054620724,0.9202959318188066,Priorite haute
a-collier indien,bijoux,250.0,1,1,488,92.91122950819673,1,1.0,1.6907403941652106,1.0,1.0,bijoux,1.0,True,0.8390456193049876,0.37164492054620724,0.9202959318188066,Priorite haute
a-collier libellule,bijoux,250.0,1,1,488,92.91122950819673,1,1.0,1.6907403941652106,1.0,1.0,bijoux,1.0,True,0.8390456193049876,0.37164492054620724,0.9202959318188066,Priorite haute
a-collier jasmin,bijoux,250.0,1,1,488,92.91122950819673,1,1.0,1.6907403941652106,1.0,1.0,bijoux,1.0,True,0.8390456193049876,0.37164492054620724,0.9202959318188066,Priorite haute
a-collier argent,bijoux,250.0,1,1,488,92.91122950819673,1,1.0,1.6907403941652106,1.0,1.0,bijoux,1.0,True,0.8390456193049876,0.37164492054620724,0.9202959318188066,Priorite haute
a-collier corail 40cm,bijoux,250.0,1,1,488,92.91122950819673,1,1.0,1.6907403941652106,1.0,1.0,bijoux,1.0,True,0.8390456193049876,0.37164492054620724,0.9202959318188066,Priorite haute
a-collier argent pierres,bijoux,250.0,1,1,488,92.91122950819673,1,1.0,1.6907403941652106,1.0,1.0,bijoux,1.0,True,0.8390456193049876,0.37164492054620724,0.9202959318188066,Priorite haute
a-bracelets ressort,bijoux,35.0,1,1,488,92.91122950819673,1,1.0,0.6232963355607236,1.0,1.0,bijoux,0.95,True,0.8390456193049876,0.6160304672002954,0.920015209151511,Priorite haute
a-parure argent et pierre,bijoux,255.0,1,1,488,92.91122950819673,1,1.0,1.7445552018332557,1.0,1.0,bijoux,1.0,True,0.8390456193049876,0.36435776526995667,0.919931574054994,Priorite haute
a-bracelet ambre,bijoux,5.0,1,1,488,92.91122950819673,1,1.0,0.9461851815689936,1.0,1.0,bijoux,0.97,True,0.8390456193049876,0.5138257188834471,0.9199049717356685,Priorite haute
a-parure rose avec bague,bijoux,165.0,1,1,488,92.91122950819673,1,1.0,0.7758886638084459,1.0,1.0,bijoux,0.96,True,0.8390456193049876,0.5630983633036265,0.9198686039566776,Priorite haute
a-collier ambre corail,bijoux,260.0,1,1,488,92.91122950819673,1,1.0,1.7983700095013007,1.0,1.0,bijoux,1.0,True,0.8390456193049876,0.35735088519556096,0.9195812300512743,Priorite haute
a-collier anneaux sfax,bijoux,260.0,1,1,488,92.91122950819673,1,1.0,1.7983700095013007,1.0,1.0,bijoux,1.0,True,0.8390456193049876,0.35735088519556096,0.9195812300512743,Priorite haute
a-manchette chaltout'art,bijoux,230.0,1,1,488,92.91122950819673,1,1.0,1.4754811634930307,1.0,1.0,bijoux,0.99,True,0.8390456193049876,0.4039618700184124,0.9194117792924169,Priorite haute
a-collier corail et perles,bijoux,230.0,1,1,488,92.91122950819673,1,1.0,1.4754811634930307,1.0,1.0,bijoux,0.99,True,0.8390456193049876,0.4039618700184124,0.9194117792924169,Priorite haute
a-pique cheveux,bijoux,30.0,1,1,488,92.91122950819673,1,1.0,0.6771111432287686,1.0,1.0,bijoux,0.95,True,0.8390456193049876,0.5962634045080658,0.9190268560168996,Priorite haute
a-boucles d'oreille cuivre,bijoux,15.0,1,1,488,92.91122950819673,1,1.0,0.8385555662329035,1.0,1.0,bijoux,0.96,True,0.8390456193049876,0.543905236461764,0.9189089476145844,Priorite haute
a-bijoux terre cuite,bijoux,15.0,1,1,488,92.91122950819673,1,1.0,0.8385555662329035,1.0,1.0,bijoux,0.96,True,0.8390456193049876,0.543905236461764,0.9189089476145844,Priorite haute
a-broche cuir,bijoux,15.0,1,1,488,92.91122950819673,1,1.0,0.8385555662329035,1.0,1.0,bijoux,0.96,True,0.8390456193049876,0.543905236461764,0.9189089476145844,Priorite haute
a-collier corail 4 rangées,bijoux,280.0,1,1,488,92.91122950819673,1,1.0,2.0136292401734806,1.0,1.0,bijoux,1.0,True,0.8390456193049876,0.3318258220584675,0.9183049768944196,Priorite haute
a-candy farda,bijoux,175.0,1,1,488,92.91122950819673,1,1.0,0.883518279144536,1.0,1.0,bijoux,0.96,True,0.8390456193049876,0.5309213141558595,0.9182597514992892,Priorite haute
a-couronne impériale,bijoux,160.0,1,1,488,92.91122950819673,1,1.0,0.722073856140401,1.0,1.0,bijoux,0.95,True,0.8390456193049876,0.5806951870468846,0.9182484451438405,Priorite haute
a-bagues brodées,bijoux,38.0,1,1,488,92.91122950819673,1,1.0,0.5910074509598966,1.0,1.0,bijoux,0.94,True,0.8390456193049876,0.6285325687171821,0.9181403142273553,Priorite haute
a-bague rouge,bijoux,10.0,1,1,488,92.91122950819673,1,1.0,0.8923703739009485,1.0,1.0,bijoux,0.96,True,0.8390456193049876,0.5284377803582876,0.9181355748094107,Priorite haute
a-parure et pochette dentelle strass,bijoux,180.0,1,1,488,92.91122950819673,1,1.0,0.9373330868125809,1.0,1.0,bijoux,0.96,True,0.8390456193049876,0.5161734999556846,0.9175223607892805,Priorite haute
a-bracelet manchette cuivre,bijoux,20.0,1,1,488,92.91122950819673,1,1.0,0.7847407585648586,1.0,1.0,bijoux,0.95,True,0.8390456193049876,0.5603054646458108,0.9172289590237869,Priorite haute
a-collier carmela,bijoux,300.0,1,1,488,92.91122950819673,1,1.0,2.2288884708456607,1.0,1.0,bijoux,1.0,True,0.8390456193049876,0.30970410066164206,0.9171988908245784,Priorite haute
a-collier wechwech,bijoux,300.0,1,1,488,92.91122950819673,1,1.0,2.2288884708456607,1.0,1.0,bijoux,1.0,True,0.8390456193049876,0.30970410066164206,0.9171988908245784,Priorite haute
a-collier mahdois,bijoux,300.0,1,1,488,92.91122950819673,1,1.0,2.2288884708456607,1.0,1.0,bijoux,1.0,True,0.8390456193049876,0.30970410066164206,0.9171988908245784,Priorite haute
a-manchette argent,bijoux,235.0,1,1,488,92.91122950819673,1,1.0,1.5292959711610756,1.0,1.0,bijoux,0.98,True,0.8390456193049876,0.39536693665033956,0.9164820326240132,Priorite haute
a-collier ras du cou,bijoux,320.0,1,1,488,92.91122950819673,1,1.0,2.4441477015178403,1.0,1.0,bijoux,1.0,True,0.8390456193049876,0.2903475944307785,0.9162310655130351,Priorite haute
a-collier corail,bijoux,320.0,1,1,488,92.91122950819673,1,1.0,2.4441477015178403,1.0,1.0,bijoux,1.0,True,0.8390456193049876,0.2903475944307785,0.9162310655130351,Priorite haute
a-boucles poisson,bijoux,13.0,1,1,488,92.91122950819673,1,1.0,0.8600814893001215,1.0,1.0,bijoux,0.95,True,0.8390456193049876,0.537610855090151,0.9160942285460039,Priorite haute
a-bracelets soie,bijoux,40.0,1,1,488,92.91122950819673,1,1.0,0.5694815278926786,1.0,1.0,bijoux,0.93,True,0.8390456193049876,0.6371530866901545,0.9160713401260039,Priorite haute
a-bracelet style zemni,bijoux,330.0,1,1,488,92.91122950819673,1,1.0,2.55177731685393,1.0,1.0,bijoux,1.0,True,0.8390456193049876,0.28154918250499256,0.9157911449167458,Priorite haute
a-boucles d'oreille petit bonhomme,bijoux,10.0,1,1,488,92.91122950819673,1,1.0,0.8923703739009485,1.0,1.0,bijoux,0.95,True,0.8390456193049876,0.5284377803582876,0.9156355748094107,Priorite haute
a-pendentif sejnene,bijoux,10.0,1,1,488,92.91122950819673,1,1.0,0.8923703739009485,1.0,1.0,bijoux,0.95,True,0.8390456193049876,0.5284377803582876,0.9156355748094107,Priorite haute
a-boucles point de croix,bijoux,10.0,1,1,488,92.91122950819673,1,1.0,0.8923703739009485,1.0,1.0,bijoux,0.95,True,0.8390456193049876,0.5284377803582876,0.9156355748094107,Priorite haute
a-collier médaillon ciselé,bijoux,350.0,1,1,488,92.91122950819673,1,1.0,2.7670365475261107,1.0,1.0,bijoux,1.0,True,0.8390456193049876,0.2654606578363887,0.9149867186833157,Priorite haute
a-collier spaghetti,bijoux,350.0,1,1,488,92.91122950819673,1,1.0,2.7670365475261107,1.0,1.0,bijoux,1.0,True,0.8390456193049876,0.2654606578363887,0.9149867186833157,Priorite haute
a-collier nacre lac2,bijoux,350.0,1,1,488,92.91122950819673,1,1.0,2.7670365475261107,1.0,1.0,bijoux,1.0,True,0.8390456193049876,0.2654606578363887,0.9149867186833157,Priorite haute
a-sautoir anneaux,bijoux,20.0,1,1,488,92.91122950819673,1,1.0,0.7847407585648586,1.0,1.0,bijoux,0.94,True,0.8390456193049876,0.5603054646458108,0.9147289590237868,Priorite haute
a-collier argent turquoise,bijoux,300.0,1,1,488,92.91122950819673,1,1.0,2.2288884708456607,1.0,1.0,bijoux,0.99,True,0.8390456193049876,0.30970410066164206,0.9146988908245784,Priorite haute
a-porte-clés berbère,bijoux,18.0,1,1,488,92.91122950819673,1,1.0,0.8062666816320766,1.0,1.0,bijoux,0.94,True,0.8390456193049876,0.5536281049575894,0.9143950910393757,Priorite haute
a-fleur ras du cou,bijoux,17.0,1,1,488,92.91122950819673,1,1.0,0.8170296431656856,1.0,1.0,bijoux,0.94,True,0.8390456193049876,0.5503487539464512,0.9142311234888187,Priorite haute
a-bracelet filigrane,bijoux,270.0,1,1,488,92.91122950819673,1,1.0,1.9059996248373905,1.0,1.0,bijoux,0.98,True,0.8390456193049876,0.3441156672743743,0.9139194691552149,Priorite haute
a-pendentif touareg,bijoux,320.0,1,1,488,92.91122950819673,1,1.0,2.4441477015178403,1.0,1.0,bijoux,0.99,True,0.8390456193049876,0.2903475944307785,0.9137310655130352,Priorite haute
a-pendentif ambre denden,bijoux,10.0,1,1,488,92.91122950819673,1,1.0,0.8923703739009485,1.0,1.0,bijoux,0.94,True,0.8390456193049876,0.5284377803582876,0.9131355748094107,Priorite haute
a-bague verre de murano,bijoux,80.0,1,1,488,92.91122950819673,1,1.0,0.13896306654831878,1.0,1.0,bijoux,0.87,True,0.8390456193049876,0.8779915954874175,0.9131132655658671,Priorite haute
a-collier ciselé,bijoux,414.48,1,1,488,92.91122950819673,1,1.0,3.4610323072132188,1.0,1.0,bijoux,1.0,True,0.8390456193049876,0.22416336200548484,0.9129218538917705,Priorite haute
a-collier perles argent,bijoux,414.48,1,1,488,92.91122950819673,1,1.0,3.4610323072132188,1.0,1.0,bijoux,1.0,True,0.8390456193049876,0.22416336200548484,0.9129218538917705,Priorite haute
a-collier wardan filigrane argent,bijoux,414.48,1,1,488,92.91122950819673,1,1.0,3.4610323072132188,1.0,1.0,bijoux,1.0,True,0.8390456193049876,0.22416336200548484,0.9129218538917705,Priorite haute
a-bracelet filigrané,bijoux,414.48,1,1,488,92.91122950819673,1,1.0,3.4610323072132188,1.0,1.0,bijoux,1.0,True,0.8390456193049876,0.22416336200548484,0.9129218538917705,Priorite haute
a-collier touareg,bijoux,414.48,1,1,488,92.91122950819673,1,1.0,3.4610323072132188,1.0,1.0,bijoux,1.0,True,0.8390456193049876,0.22416336200548484,0.9129218538917705,Priorite haute
a-collier olivier,bijoux,414.48,1,1,488,92.91122950819673,1,1.0,3.4610323072132188,1.0,1.0,bijoux,1.0,True,0.8390456193049876,0.22416336200548484,0.9129218538917705,Priorite haute
a-collier perles culture,bijoux,414.48,1,1,488,92.91122950819673,1,1.0,3.4610323072132188,1.0,1.0,bijoux,1.0,True,0.8390456193049876,0.22416336200548484,0.9129218538917705,Priorite haute
a-collier tortue,bijoux,414.48,1,1,488,92.91122950819673,1,1.0,3.4610323072132188,1.0,1.0,bijoux,1.0,True,0.8390456193049876,0.22416336200548484,0.9129218538917705,Priorite haute
a-bracelet corail argent,bijoux,414.48,1,1,488,92.91122950819673,1,1.0,3.4610323072132188,1.0,1.0,bijoux,1.0,True,0.8390456193049876,0.22416336200548484,0.9129218538917705,Priorite haute
a-parure argent verre,bijoux,350.0,1,1,488,92.91122950819673,1,1.0,2.7670365475261107,1.0,1.0,bijoux,0.99,True,0.8390456193049876,0.2654606578363887,0.9124867186833158,Priorite haute
a-bijou manchette,bijoux,300.0,1,1,488,92.91122950819673,1,1.0,2.2288884708456607,1.0,1.0,bijoux,0.98,True,0.8390456193049876,0.30970410066164206,0.9121988908245784,Priorite haute
a-bracelets marsiens,bijoux,32.0,1,1,488,92.91122950819673,1,1.0,0.6555852201615506,1.0,1.0,bijoux,0.92,True,0.8390456193049876,0.6040160227465795,0.9119144869288252,Priorite haute
a-boucle fleur,bijoux,15.0,1,1,488,92.91122950819673,1,1.0,0.8385555662329035,1.0,1.0,bijoux,0.93,True,0.8390456193049876,0.543905236461764,0.9114089476145844,Priorite haute
a-pendentif brodé,bijoux,13.0,1,1,488,92.91122950819673,1,1.0,0.8600814893001215,1.0,1.0,bijoux,0.93,True,0.8390456193049876,0.537610855090151,0.9110942285460037,Priorite haute
a-bracelet ruche,bijoux,400.0,1,1,488,92.91122950819673,1,1.0,3.3051846242065603,1.0,1.0,bijoux,0.99,True,0.8390456193049876,0.23227807568979658,0.9108275895759861,Priorite haute
a-parure perles ibn sina,bijoux,414.48,1,1,488,92.91122950819673,1,1.0,3.4610323072132188,1.0,1.0,bijoux,0.99,True,0.8390456193049876,0.22416336200548484,0.9104218538917705,Priorite haute
a-parure en perles,bijoux,250.0,1,1,488,92.91122950819673,1,1.0,1.6907403941652106,1.0,1.0,bijoux,0.96,True,0.8390456193049876,0.37164492054620724,0.9102959318188066,Priorite haute
a-pendentif figurine,bijoux,12.0,1,1,488,92.91122950819673,1,1.0,0.8708444508337305,1.0,1.0,bijoux,0.92,True,0.8390456193049876,0.5345179817351229,0.9084395848782524,Priorite haute
"a-lunettes bois ""shili""",bijoux,414.48,1,1,488,92.91122950819673,1,1.0,3.4610323072132188,1.0,1.0,bijoux,0.98,True,0.8390456193049876,0.22416336200548484,0.9079218538917705,Priorite haute
a-monture miss one,bijoux,414.48,1,1,488,92.91122950819673,1,1.0,3.4610323072132188,1.0,1.0,bijoux,0.98,True,0.8390456193049876,0.22416336200548484,0.9079218538917705,Priorite haute
a-manchette arabesque,bijoux,414.48,1,1,488,92.91122950819673,1,1.0,3.4610323072132188,1.0,1.0,bijoux,0.98,True,0.8390456193049876,0.22416336200548484,0.9079218538917705,Priorite haute
a-collier argent corail zemni,bijoux,414.48,1,1,488,92.91122950819673,1,1.0,3.4610323072132188,1.0,1.0,bijoux,0.98,True,0.8390456193049876,0.22416336200548484,0.9079218538917705,Priorite haute
a-choker velours swarovski,bijoux,300.0,1,1,488,92.91122950819673,1,1.0,2.2288884708456607,1.0,1.0,bijoux,0.96,True,0.8390456193049876,0.30970410066164206,0.9071988908245784,Priorite haute
a-parure rouge orange,bijoux,240.0,1,1,488,92.91122950819673,1,1.0,1.5831107788291208,1.0,1.0,bijoux,0.94,True,0.8390456193049876,0.38713012550444414,0.9060701920667185,Priorite haute
a-pendentif en verre,bijoux,5.0,1,1,488,92.91122950819673,1,1.0,0.9461851815689936,1.0,1.0,bijoux,0.91,True,0.8390456193049876,0.5138257188834471,0.9049049717356686,Priorite haute
a-collier pastel,bijoux,380.0,1,1,488,92.91122950819673,1,1.0,3.0899253935343807,1.0,1.0,bijoux,0.96,True,0.8390456193049876,0.24450323753603545,0.903938847668298,Priorite haute
a-broche céramique,bijoux,5.0,1,1,488,92.91122950819673,1,1.0,0.9461851815689936,1.0,1.0,bijoux,0.9,True,0.8390456193049876,0.5138257188834471,0.9024049717356687,Priorite haute
a-deblech,bijoux,300.0,1,1,488,92.91122950819673,1,1.0,2.2288884708456607,1.0,1.0,bijoux,0.94,True,0.8390456193049876,0.30970410066164206,0.9021988908245784,Priorite haute
a-bracelets chnechen,bijoux,18.0,1,1,488,92.91122950819673,1,1.0,0.8062666816320766,1.0,1.0,bijoux,0.88,True,0.8390456193049876,0.5536281049575894,0.8993950910393756,Priorite haute
a-parure perlée,bijoux,280.0,1,1,488,92.91122950819673,1,1.0,2.0136292401734806,1.0,1.0,bijoux,0.92,True,0.8390456193049876,0.3318258220584675,0.8983049768944196,Priorite haute
a-broche hout alik,bijoux,6.0,1,1,488,92.91122950819673,1,1.0,0.9354222200353846,1.0,1.0,bijoux,0.87,True,0.8390456193049876,0.5166831245647874,0.8950478420197356,Priorite haute
a-pendentif marguerite,bijoux,290.0,1,1,488,92.91122950819673,1,1.0,2.1212588555095704,1.0,1.0,bijoux,0.9,True,0.8390456193049876,0.3203835523717696,0.8927328634100848,Priorite haute
a-médaillon fleur bleue,bijoux,10.0,1,1,488,92.91122950819673,1,1.0,0.8923703739009485,1.0,1.0,bijoux,0.82,True,0.8390456193049876,0.5284377803582876,0.8831355748094107,Priorite haute
a-créoles customisées,bijoux,8.0,1,1,488,92.91122950819673,1,1.0,0.9138962969681665,1.0,1.0,bijoux,0.82,True,0.8390456193049876,0.5224943491369495,0.8828384032483438,Priorite haute
a-sac oiseau,bijoux,414.48,1,1,488,92.91122950819673,1,1.0,3.4610323072132188,1.0,1.0,bijoux,0.87,True,0.8390456193049876,0.22416336200548484,0.8804218538917705,Priorite haute
a-montre bois d'olivier,bijoux,250.0,1,1,488,92.91122950819673,1,1.0,1.6907403941652106,1.0,1.0,bijoux,0.84,True,0.8390456193049876,0.37164492054620724,0.8802959318188066,Priorite haute
a-bagues en verre,bijoux,5.0,1,1,488,92.91122950819673,1,1.0,0.9461851815689936,1.0,1.0,bijoux,0.8,True,0.8390456193049876,0.5138257188834471,0.8774049717356686,Priorite haute
a-bijoux by jasmino,bijoux,160.0,1,1,488,92.91122950819673,1,1.0,0.722073856140401,1.0,1.0,bijoux,0.78,True,0.8390456193049876,0.5806951870468846,0.8757484451438405,Priorite haute
a-bijou sac,bijoux,30.0,1,1,488,92.91122950819673,1,1.0,0.6771111432287686,1.0,1.0,bijoux,0.77,True,0.8390456193049876,0.5962634045080658,0.8740268560168996,Priorite haute
a-montres,bijoux,290.0,1,1,488,92.91122950819673,1,1.0,2.1212588555095704,1.0,1.0,bijoux,0.8,True,0.8390456193049876,0.3203835523717696,0.8677328634100847,Priorite haute
a-sac bijoux,bijoux,320.0,1,1,488,92.91122950819673,1,1.0,2.4441477015178403,1.0,1.0,bijoux,0.8,True,0.8390456193049876,0.2903475944307785,0.8662310655130351,Priorite haute
"a-lunettes en bois ""lella""",bijoux,414.48,1,1,488,92.91122950819673,1,1.0,3.4610323072132188,1.0,1.0,bijoux,0.81,True,0.8390456193049876,0.22416336200548484,0.8654218538917705,Priorite haute
a-porte écouteur,bijoux,7.0,1,1,488,92.91122950819673,1,1.0,0.9246592585017755,1.0,1.0,bijoux,0.73,True,0.8390456193049876,0.5195724882639414,0.8601923102046933,Priorite haute
a-robe fleurie,habillement,130.0,1,1,351,134.41378917378916,1,0.7192622950819673,0.032837323968637325,1.0,1.0,habillement,1.0,True,0.7248873954551525,0.9682066834664136,0.8597290118262597,Priorite haute
a-sac fashionista,habillement,140.0,1,1,351,134.41378917378916,1,0.7192622950819673,0.04155980438456651,1.0,1.0,habillement,1.0,True,0.7248873954551525,0.9600984943835048,0.8593236023721144,Priorite haute
a-veste bomber,habillement,140.0,1,1,351,134.41378917378916,1,0.7192622950819673,0.04155980438456651,1.0,1.0,habillement,1.0,True,0.7248873954551525,0.9600984943835048,0.8593236023721144,Priorite haute
a-robe d'allaitement,habillement,138.0,1,1,351,134.41378917378916,1,0.7192622950819673,0.02668037871392574,1.0,1.0,habillement,0.99,True,0.7248873954551525,0.9740129652157694,0.8575193259137276,Priorite haute
a-cape tissée,habillement,130.0,1,1,351,134.41378917378916,1,0.7192622950819673,0.032837323968637325,1.0,1.0,habillement,0.99,True,0.7248873954551525,0.9682066834664136,0.8572290118262598,Priorite haute
a-pochette echarpe,habillement,140.0,1,1,351,134.41378917378916,1,0.7192622950819673,0.04155980438456651,1.0,1.0,habillement,0.99,True,0.7248873954551525,0.9600984943835048,0.8568236023721144,Priorite haute
a-robe brodée,habillement,120.0,1,1,351,134.41378917378916,1,0.7192622950819673,0.10723445232184116,1.0,1.0,habillement,1.0,True,0.7248873954551525,0.9031510877421007,0.8564762320400441,Priorite haute
a-chapeau couffin,habillement,120.0,1,1,351,134.41378917378916,1,0.7192622950819673,0.10723445232184116,1.0,1.0,habillement,1.0,True,0.7248873954551525,0.9031510877421007,0.8564762320400441,Priorite haute
a-chaussures raphia,habillement,120.0,1,1,351,134.41378917378916,1,0.7192622950819673,0.10723445232184116,1.0,1.0,habillement,1.0,True,0.7248873954551525,0.9031510877421007,0.8564762320400441,Priorite haute
a-robe bicolore,habillement,120.0,1,1,351,134.41378917378916,1,0.7192622950819673,0.10723445232184116,1.0,1.0,habillement,1.0,True,0.7248873954551525,0.9031510877421007,0.8564762320400441,Priorite haute
a-pull tissé,habillement,120.0,1,1,351,134.41378917378916,1,0.7192622950819673,0.10723445232184116,1.0,1.0,habillement,1.0,True,0.7248873954551525,0.9031510877421007,0.8564762320400441,Priorite haute
a-sac à main,habillement,120.0,1,1,351,134.41378917378916,1,0.7192622950819673,0.10723445232184116,1.0,1.0,habillement,1.0,True,0.7248873954551525,0.9031510877421007,0.8564762320400441,Priorite haute
a-sac margoum,habillement,120.0,1,1,351,134.41378917378916,1,0.7192622950819673,0.10723445232184116,1.0,1.0,habillement,1.0,True,0.7248873954551525,0.9031510877421007,0.8564762320400441,Priorite haute
a-derby cuir,habillement,120.0,1,1,351,134.41378917378916,1,0.7192622950819673,0.10723445232184116,1.0,1.0,habillement,1.0,True,0.7248873954551525,0.9031510877421007,0.8564762320400441,Priorite haute
a-echarpe bakhnoug,habillement,120.0,1,1,351,134.41378917378916,1,0.7192622950819673,0.10723445232184116,1.0,1.0,habillement,1.0,True,0.7248873954551525,0.9031510877421007,0.8564762320400441,Priorite haute
a-abeya bleue,habillement,120.0,1,1,351,134.41378917378916,1,0.7192622950819673,0.10723445232184116,1.0,1.0,habillement,1.0,True,0.7248873954551525,0.9031510877421007,0.8564762320400441,Priorite haute
a-jebba rayée,habillement,120.0,1,1,351,134.41378917378916,1,0.7192622950819673,0.10723445232184116,1.0,1.0,habillement,1.0,True,0.7248873954551525,0.9031510877421007,0.8564762320400441,Priorite haute
a-blouza calligraphiée,habillement,120.0,1,1,351,134.41378917378916,1,0.7192622950819673,0.10723445232184116,1.0,1.0,habillement,1.0,True,0.7248873954551525,0.9031510877421007,0.8564762320400441,Priorite haute
a-blouse djerbienne,habillement,120.0,1,1,351,134.41378917378916,1,0.7192622950819673,0.10723445232184116,1.0,1.0,habillement,1.0,True,0.7248873954551525,0.9031510877421007,0.8564762320400441,Priorite haute
a-blouza brodée,habillement,120.0,1,1,351,134.41378917378916,1,0.7192622950819673,0.10723445232184116,1.0,1.0,habillement,1.0,True,0.7248873954551525,0.9031510877421007,0.8564762320400441,Priorite haute
a-robe-chemise lin,habillement,120.0,1,1,351,134.41378917378916,1,0.7192622950819673,0.10723445232184116,1.0,1.0,habillement,1.0,True,0.7248873954551525,0.9031510877421007,0.8564762320400441,Priorite haute
a-gigoteuse,habillement,120.0,1,1,351,134.41378917378916,1,0.7192622950819673,0.10723445232184116,1.0,1.0,habillement,1.0,True,0.7248873954551525,0.9031510877421007,0.8564762320400441,Priorite haute
a-maillot femme,habillement,119.0,1,1,351,134.41378917378916,1,0.7192622950819673,0.11467416515716154,1.0,1.0,habillement,1.0,True,0.7248873954551525,0.8971231515525497,0.8561748352305666,Priorite haute
a-robe moulante,habillement,119.0,1,1,351,134.41378917378916,1,0.7192622950819673,0.11467416515716154,1.0,1.0,habillement,1.0,True,0.7248873954551525,0.8971231515525497,0.8561748352305666,Priorite haute
a-mocassins,habillement,119.0,1,1,351,134.41378917378916,1,0.7192622950819673,0.11467416515716154,1.0,1.0,habillement,1.0,True,0.7248873954551525,0.8971231515525497,0.8561748352305666,Priorite haute
a-mocassins bleus,habillement,149.9,1,1,351,134.41378917378916,1,0.7192622950819673,0.11521296145423834,1.0,1.0,habillement,1.0,True,0.7248873954551525,0.8966897216617707,0.8561531637360276,Priorite haute
a-mocassins camel,habillement,149.9,1,1,351,134.41378917378916,1,0.7192622950819673,0.11521296145423834,1.0,1.0,habillement,1.0,True,0.7248873954551525,0.8966897216617707,0.8561531637360276,Priorite haute
a-tunique brodée,habillement,150.0,1,1,351,134.41378917378916,1,0.7192622950819673,0.11595693273777034,1.0,1.0,habillement,1.0,True,0.7248873954551525,0.8960919285179816,0.8561232740788381,Priorite haute
a-pantalon cérémonie,habillement,150.0,1,1,351,134.41378917378916,1,0.7192622950819673,0.11595693273777034,1.0,1.0,habillement,1.0,True,0.7248873954551525,0.8960919285179816,0.8561232740788381,Priorite haute
a-maillot pushup,habillement,150.0,1,1,351,134.41378917378916,1,0.7192622950819673,0.11595693273777034,1.0,1.0,habillement,1.0,True,0.7248873954551525,0.8960919285179816,0.8561232740788381,Priorite haute
a-robe moutarde,habillement,150.0,1,1,351,134.41378917378916,1,0.7192622950819673,0.11595693273777034,1.0,1.0,habillement,1.0,True,0.7248873954551525,0.8960919285179816,0.8561232740788381,Priorite haute
a-cape hayek,habillement,150.0,1,1,351,134.41378917378916,1,0.7192622950819673,0.11595693273777034,1.0,1.0,habillement,1.0,True,0.7248873954551525,0.8960919285179816,0.8561232740788381,Priorite haute
a-sac coloré,habillement,150.0,1,1,351,134.41378917378916,1,0.7192622950819673,0.11595693273777034,1.0,1.0,habillement,1.0,True,0.7248873954551525,0.8960919285179816,0.8561232740788381,Priorite haute
a-ceinture,habillement,150.0,1,1,351,134.41378917378916,1,0.7192622950819673,0.11595693273777034,1.0,1.0,habillement,1.0,True,0.7248873954551525,0.8960919285179816,0.8561232740788381,Priorite haute
a-kimono mona,habillement,150.0,1,1,351,134.41378917378916,1,0.7192622950819673,0.11595693273777034,1.0,1.0,habillement,1.0,True,0.7248873954551525,0.8960919285179816,0.8561232740788381,Priorite haute
a-echarpe calligraphiée,habillement,150.0,1,1,351,134.41378917378916,1,0.7192622950819673,0.11595693273777034,1.0,1.0,habillement,1.0,True,0.7248873954551525,0.8960919285179816,0.8561232740788381,Priorite haute
a-street kimono,habillement,150.0,1,1,351,134.41378917378916,1,0.7192622950819673,0.11595693273777034,1.0,1.0,habillement,1.0,True,0.7248873954551525,0.8960919285179816,0.8561232740788381,Priorite haute
a-sac tiger,habillement,150.0,1,1,351,134.41378917378916,1,0.7192622950819673,0.11595693273777034,1.0,1.0,habillement,1.0,True,0.7248873954551525,0.8960919285179816,0.8561232740788381,Priorite haute
a-dengri femmes,habillement,150.0,1,1,351,134.41378917378916,1,0.7192622950819673,0.11595693273777034,1.0,1.0,habillement,1.0,True,0.7248873954551525,0.8960919285179816,0.8561232740788381,Priorite haute
a-kimono cherry,habillement,150.0,1,1,351,134.41378917378916,1,0.7192622950819673,0.11595693273777034,1.0,1.0,habillement,1.0,True,0.7248873954551525,0.8960919285179816,0.8561232740788381,Priorite haute
a-kachabiya,habillement,150.0,1,1,351,134.41378917378916,1,0.7192622950819673,0.11595693273777034,1.0,1.0,habillement,1.0,True,0.7248873954551525,0.8960919285179816,0.8561232740788381,Priorite haute
a-combinaison oversized,habillement,145.0,1,1,351,134.41378917378916,1,0.7192622950819673,0.07875836856116843,1.0,1.0,habillement,0.99,True,0.7248873954551525,0.9269916499779138,0.8551682601518348,Priorite haute
a-veste dengri,habillement,130.0,1,1,351,134.41378917378916,1,0.7192622950819673,0.032837323968637325,1.0,1.0,habillement,0.98,True,0.7248873954551525,0.9682066834664136,0.8547290118262597,Priorite haute
a-tunique tissée,habillement,130.0,1,1,351,134.41378917378916,1,0.7192622950819673,0.032837323968637325,1.0,1.0,habillement,0.98,True,0.7248873954551525,0.9682066834664136,0.8547290118262597,Priorite haute
a-chaussures velours,habillement,155.0,1,1,351,134.41378917378916,1,0.7192622950819673,0.15315549691437225,1.0,1.0,habillement,1.0,True,0.7248873954551525,0.8671857374619576,0.854677964526037,Priorite haute
a-sac lily,habillement,155.0,1,1,351,134.41378917378916,1,0.7192622950819673,0.15315549691437225,1.0,1.0,habillement,1.0,True,0.7248873954551525,0.8671857374619576,0.854677964526037,Priorite haute
a-bracelets fantaisie,bijoux,3.0,1,1,488,92.91122950819673,1,1.0,0.9677111046362115,1.0,1.0,bijoux,0.71,True,0.8390456193049876,0.5082046839314245,0.8546239199880674,Priorite haute
a-chaussures orange,habillement,119.0,1,1,351,134.41378917378916,1,0.7192622950819673,0.11467416515716154,1.0,1.0,habillement,0.99,True,0.7248873954551525,0.8971231515525497,0.8536748352305666,Priorite haute
a-sac rond crochet,habillement,110.0,1,1,351,134.41378917378916,1,0.7192622950819673,0.181631580675045,1.0,1.0,habillement,1.0,True,0.7248873954551525,0.8462874692539258,0.8536330511156354,Priorite haute
a-veste cuir brodée,habillement,110.0,1,1,351,134.41378917378916,1,0.7192622950819673,0.181631580675045,1.0,1.0,habillement,1.0,True,0.7248873954551525,0.8462874692539258,0.8536330511156354,Priorite haute
a-sac brodé,habillement,110.0,1,1,351,134.41378917378916,1,0.7192622950819673,0.181631580675045,1.0,1.0,habillement,1.0,True,0.7248873954551525,0.8462874692539258,0.8536330511156354,Priorite haute
a-sac tortue,habillement,110.0,1,1,351,134.41378917378916,1,0.7192622950819673,0.181631580675045,1.0,1.0,habillement,1.0,True,0.7248873954551525,0.8462874692539258,0.8536330511156354,Priorite haute
a-liquette brodée,habillement,110.0,1,1,351,134.41378917378916,1,0.7192622950819673,0.181631580675045,1.0,1.0,habillement,1.0,True,0.7248873954551525,0.8462874692539258,0.8536330511156354,Priorite haute
a-caftan hayek,habillement,160.0,1,1,351,134.41378917378916,1,0.7192622950819673,0.1903540610909742,1.0,1.0,habillement,1.0,True,0.7248873954551525,0.8400861833356436,0.8533229868197213,Priorite haute
a-derbies python,habillement,160.0,1,1,351,134.41378917378916,1,0.7192622950819673,0.1903540610909742,1.0,1.0,habillement,1.0,True,0.7248873954551525,0.8400861833356436,0.8533229868197213,Priorite haute
a-etole brodée,habillement,160.0,1,1,351,134.41378917378916,1,0.7192622950819673,0.1903540610909742,1.0,1.0,habillement,1.0,True,0.7248873954551525,0.8400861833356436,0.8533229868197213,Priorite haute
a-veste longue,habillement,165.0,1,1,351,134.41378917378916,1,0.7192622950819673,0.2275526252675761,1.0,1.0,habillement,1.0,True,0.7248873954551525,0.8146290264191522,0.8520501289738966,Priorite haute
a-hassara,habillement,140.0,1,1,351,134.41378917378916,1,0.7192622950819673,0.04155980438456651,1.0,1.0,habillement,0.97,True,0.7248873954551525,0.9600984943835048,0.8518236023721144,Priorite haute
"a-maillot ""trapèze""",habillement,140.0,1,1,351,134.41378917378916,1,0.7192622950819673,0.04155980438456651,1.0,1.0,habillement,0.97,True,0.7248873954551525,0.9600984943835048,0.8518236023721144,Priorite haute
a-dengri hommes,habillement,140.0,1,1,351,134.41378917378916,1,0.7192622950819673,0.04155980438456651,1.0,1.0,habillement,0.97,True,0.7248873954551525,0.9600984943835048,0.8518236023721144,Priorite haute
a-sweatshirt gris,habillement,102.0,1,1,351,134.41378917378916,1,0.7192622950819673,0.24114928335760807,1.0,1.0,habillement,1.0,True,0.7248873954551525,0.8057048522759155,0.8516039202667348,Priorite haute
a-sweatshirt noir,habillement,102.0,1,1,351,134.41378917378916,1,0.7192622950819673,0.24114928335760807,1.0,1.0,habillement,1.0,True,0.7248873954551525,0.8057048522759155,0.8516039202667348,Priorite haute
a-robe-chemise coton,habillement,110.0,1,1,351,134.41378917378916,1,0.7192622950819673,0.181631580675045,1.0,1.0,habillement,0.99,True,0.7248873954551525,0.8462874692539258,0.8511330511156354,Priorite haute
a-poncho brodé,habillement,110.0,1,1,351,134.41378917378916,1,0.7192622950819673,0.181631580675045,1.0,1.0,habillement,0.99,True,0.7248873954551525,0.8462874692539258,0.8511330511156354,Priorite haute
a-sac fleuri,habillement,100.0,1,1,351,134.41378917378916,1,0.7192622950819673,0.2560287090282488,1.0,1.0,habillement,1.0,True,0.7248873954551525,0.7961601457132852,0.8511266849386033,Priorite haute
a-sac upcycled,habillement,100.0,1,1,351,134.41378917378916,1,0.7192622950819673,0.2560287090282488,1.0,1.0,habillement,1.0,True,0.7248873954551525,0.7961601457132852,0.8511266849386033,Priorite haute
a-cape brodée,habillement,100.0,1,1,351,134.41378917378916,1,0.7192622950819673,0.2560287090282488,1.0,1.0,habillement,1.0,True,0.7248873954551525,0.7961601457132852,0.8511266849386033,Priorite haute
a-robe kimono,habillement,100.0,1,1,351,134.41378917378916,1,0.7192622950819673,0.2560287090282488,1.0,1.0,habillement,1.0,True,0.7248873954551525,0.7961601457132852,0.8511266849386033,Priorite haute
a-robe prince,habillement,100.0,1,1,351,134.41378917378916,1,0.7192622950819673,0.2560287090282488,1.0,1.0,habillement,1.0,True,0.7248873954551525,0.7961601457132852,0.8511266849386033,Priorite haute
a-broderie manche,habillement,100.0,1,1,351,134.41378917378916,1,0.7192622950819673,0.2560287090282488,1.0,1.0,habillement,1.0,True,0.7248873954551525,0.7961601457132852,0.8511266849386033,Priorite haute
a-robe shantoung,habillement,100.0,1,1,351,134.41378917378916,1,0.7192622950819673,0.2560287090282488,1.0,1.0,habillement,1.0,True,0.7248873954551525,0.7961601457132852,0.8511266849386033,Priorite haute
a-paletot à capuche,habillement,100.0,1,1,351,134.41378917378916,1,0.7192622950819673,0.2560287090282488,1.0,1.0,habillement,1.0,True,0.7248873954551525,0.7961601457132852,0.8511266849386033,Priorite haute
a-couffin coquillage,habillement,150.0,1,1,351,134.41378917378916,1,0.7192622950819673,0.11595693273777034,1.0,1.0,habillement,0.98,True,0.7248873954551525,0.8960919285179816,0.8511232740788381,Priorite haute
a-couffin paon,habillement,150.0,1,1,351,134.41378917378916,1,0.7192622950819673,0.11595693273777034,1.0,1.0,habillement,0.98,True,0.7248873954551525,0.8960919285179816,0.8511232740788381,Priorite haute
a-pochette peinte,habillement,109.0,1,1,351,134.41378917378916,1,0.7192622950819673,0.1890712935103654,1.0,1.0,habillement,0.99,True,0.7248873954551525,0.840992466522179,0.8508683009790481,Priorite haute
a-jebba fleurie,habillement,170.0,1,1,351,134.41378917378916,1,0.7192622950819673,0.264751189444178,1.0,1.0,habillement,1.0,True,0.7248873954551525,0.7906693493124693,0.8508521451185626,Priorite haute
a-echarpe tissée,habillement,170.0,1,1,351,134.41378917378916,1,0.7192622950819673,0.264751189444178,1.0,1.0,habillement,1.0,True,0.7248873954551525,0.7906693493124693,0.8508521451185626,Priorite haute
a-jebba brodée,habillement,170.0,1,1,351,134.41378917378916,1,0.7192622950819673,0.264751189444178,1.0,1.0,habillement,1.0,True,0.7248873954551525,0.7906693493124693,0.8508521451185626,Priorite haute
a-combi satin,habillement,170.0,1,1,351,134.41378917378916,1,0.7192622950819673,0.264751189444178,1.0,1.0,habillement,1.0,True,0.7248873954551525,0.7906693493124693,0.8508521451185626,Priorite haute
a-dengri brodé,habillement,160.0,1,1,351,134.41378917378916,1,0.7192622950819673,0.1903540610909742,1.0,1.0,habillement,0.99,True,0.7248873954551525,0.8400861833356436,0.8508229868197213,Priorite haute
a-tongs cuir,habillement,98.0,1,1,351,134.41378917378916,1,0.7192622950819673,0.2709081346988896,1.0,1.0,habillement,1.0,True,0.7248873954551525,0.7868389324905262,0.8506606242774654,Priorite haute
a-robe céramique,habillement,125.0,1,1,351,134.41378917378916,1,0.7192622950819673,0.07003588814523924,1.0,1.0,habillement,0.97,True,0.7248873954551525,0.9345480942077216,0.8505460823633252,Priorite haute
a-kachabiya brodée,habillement,172.0,1,1,351,134.41378917378916,1,0.7192622950819673,0.2796306151148188,1.0,1.0,habillement,1.0,True,0.7248873954551525,0.7814755197227538,0.8503924536390768,Priorite haute
a-sac frida,habillement,95.0,1,1,351,134.41378917378916,1,0.7192622950819673,0.29322727320485076,1.0,1.0,habillement,1.0,True,0.7248873954551525,0.773259287612934,0.8499816420335857,Priorite haute
a-veste jean's jelliz,habillement,95.0,1,1,351,134.41378917378916,1,0.7192622950819673,0.29322727320485076,1.0,1.0,habillement,1.0,True,0.7248873954551525,0.773259287612934,0.8499816420335857,Priorite haute
a-sac vintage,habillement,94.9,1,1,351,134.41378917378916,1,0.7192622950819673,0.29397124448838274,1.0,1.0,habillement,1.0,True,0.7248873954551525,0.7728147006816873,0.8499594126870235,Priorite haute
a-bottes longues,habillement,174.0,1,1,351,134.41378917378916,1,0.7192622950819673,0.29451004078545956,1.0,1.0,habillement,1.0,True,0.7248873954551525,0.7724930425361846,0.8499433297797483,Priorite haute
a-abeya lin,habillement,140.0,1,1,351,134.41378917378916,1,0.7192622950819673,0.04155980438456651,1.0,1.0,habillement,0.96,True,0.7248873954551525,0.9600984943835048,0.8493236023721144,Priorite haute
a-sac couffin jean's,habillement,90.0,1,1,351,134.41378917378916,1,0.7192622950819673,0.33042583738145265,1.0,1.0,habillement,1.0,True,0.7248873954551525,0.751639040600867,0.8489006296829824,Priorite haute
a-couffin macramé,habillement,90.0,1,1,351,134.41378917378916,1,0.7192622950819673,0.33042583738145265,1.0,1.0,habillement,1.0,True,0.7248873954551525,0.751639040600867,0.8489006296829824,Priorite haute
a-robe bretelles,habillement,180.0,1,1,351,134.41378917378916,1,0.7192622950819673,0.33914831779738186,1.0,1.0,habillement,1.0,True,0.7248873954551525,0.7467432745946992,0.848655841382674,Priorite haute
a-blouse hayek,habillement,180.0,1,1,351,134.41378917378916,1,0.7192622950819673,0.33914831779738186,1.0,1.0,habillement,1.0,True,0.7248873954551525,0.7467432745946992,0.848655841382674,Priorite haute
a-sac paon,habillement,180.0,1,1,351,134.41378917378916,1,0.7192622950819673,0.33914831779738186,1.0,1.0,habillement,1.0,True,0.7248873954551525,0.7467432745946992,0.848655841382674,Priorite haute
a-cache-maillot calligraphié,habillement,180.0,1,1,351,134.41378917378916,1,0.7192622950819673,0.33914831779738186,1.0,1.0,habillement,1.0,True,0.7248873954551525,0.7467432745946992,0.848655841382674,Priorite haute
a-sac nattes,habillement,180.0,1,1,351,134.41378917378916,1,0.7192622950819673,0.33914831779738186,1.0,1.0,habillement,1.0,True,0.7248873954551525,0.7467432745946992,0.848655841382674,Priorite haute
a-kimanteau,habillement,180.0,1,1,351,134.41378917378916,1,0.7192622950819673,0.33914831779738186,1.0,1.0,habillement,1.0,True,0.7248873954551525,0.7467432745946992,0.848655841382674,Priorite haute
a-jebba bicolore,habillement,180.0,1,1,351,134.41378917378916,1,0.7192622950819673,0.33914831779738186,1.0,1.0,habillement,1.0,True,0.7248873954551525,0.7467432745946992,0.848655841382674,Priorite haute
a-kadroun,habillement,180.0,1,1,351,134.41378917378916,1,0.7192622950819673,0.33914831779738186,1.0,1.0,habillement,1.0,True,0.7248873954551525,0.7467432745946992,0.848655841382674,Priorite haute
a-robe cérémonie,habillement,180.0,1,1,351,134.41378917378916,1,0.7192622950819673,0.33914831779738186,1.0,1.0,habillement,1.0,True,0.7248873954551525,0.7467432745946992,0.848655841382674,Priorite haute
a-robe fluide,habillement,180.0,1,1,351,134.41378917378916,1,0.7192622950819673,0.33914831779738186,1.0,1.0,habillement,1.0,True,0.7248873954551525,0.7467432745946992,0.848655841382674,Priorite haute
a-robe lin,habillement,180.0,1,1,351,134.41378917378916,1,0.7192622950819673,0.33914831779738186,1.0,1.0,habillement,1.0,True,0.7248873954551525,0.7467432745946992,0.848655841382674,Priorite haute
a-jebba burnous,habillement,180.0,1,1,351,134.41378917378916,1,0.7192622950819673,0.33914831779738186,1.0,1.0,habillement,1.0,True,0.7248873954551525,0.7467432745946992,0.848655841382674,Priorite haute
a-pochette dorée,habillement,180.0,1,1,351,134.41378917378916,1,0.7192622950819673,0.33914831779738186,1.0,1.0,habillement,1.0,True,0.7248873954551525,0.7467432745946992,0.848655841382674,Priorite haute
a-chaussures brodées,habillement,180.0,1,1,351,134.41378917378916,1,0.7192622950819673,0.33914831779738186,1.0,1.0,habillement,1.0,True,0.7248873954551525,0.7467432745946992,0.848655841382674,Priorite haute
a-couffin corail,habillement,100.0,1,1,351,134.41378917378916,1,0.7192622950819673,0.2560287090282488,1.0,1.0,habillement,0.99,True,0.7248873954551525,0.7961601457132852,0.8486266849386034,Priorite haute
a-manteau rose,habillement,150.0,1,1,351,134.41378917378916,1,0.7192622950819673,0.11595693273777034,1.0,1.0,habillement,0.97,True,0.7248873954551525,0.8960919285179816,0.8486232740788382,Priorite haute
a-robe taffetas,habillement,135.0,1,1,351,134.41378917378916,1,0.7192622950819673,0.00436124020796459,1.0,1.0,habillement,0.95,True,0.7248873954551525,0.9956576976157885,0.8486015625337285,Priorite haute
a-robe licorne,habillement,85.0,1,1,351,134.41378917378916,1,0.7192622950819673,0.3676244015580546,1.0,1.0,habillement,1.0,True,0.7248873954551525,0.7311949091144897,0.8478784231086636,Priorite haute
a-robe portrait,habillement,85.0,1,1,351,134.41378917378916,1,0.7192622950819673,0.3676244015580546,1.0,1.0,habillement,1.0,True,0.7248873954551525,0.7311949091144897,0.8478784231086636,Priorite haute
a-t-shirt mona lisa,habillement,85.0,1,1,351,134.41378917378916,1,0.7192622950819673,0.3676244015580546,1.0,1.0,habillement,1.0,True,0.7248873954551525,0.7311949091144897,0.8478784231086636,Priorite haute
a-robe noire brodée,habillement,85.0,1,1,351,134.41378917378916,1,0.7192622950819673,0.3676244015580546,1.0,1.0,habillement,1.0,True,0.7248873954551525,0.7311949091144897,0.8478784231086636,Priorite haute
a-couffin estival,habillement,85.0,1,1,351,134.41378917378916,1,0.7192622950819673,0.3676244015580546,1.0,1.0,habillement,1.0,True,0.7248873954551525,0.7311949091144897,0.8478784231086636,Priorite haute
a-nuisette,habillement,185.0,1,1,351,134.41378917378916,1,0.7192622950819673,0.37634688197398375,1.0,1.0,habillement,1.0,True,0.7248873954551525,0.726561024039071,0.8476467288548927,Priorite haute
a-kmija revisitée,habillement,185.0,1,1,351,134.41378917378916,1,0.7192622950819673,0.37634688197398375,1.0,1.0,habillement,1.0,True,0.7248873954551525,0.726561024039071,0.8476467288548927,Priorite haute
a-robe pistache,habillement,95.0,1,1,351,134.41378917378916,1,0.7192622950819673,0.29322727320485076,1.0,1.0,habillement,0.99,True,0.7248873954551525,0.773259287612934,0.8474816420335858,Priorite haute
a-sandales rouges,habillement,95.0,1,1,351,134.41378917378916,1,0.7192622950819673,0.29322727320485076,1.0,1.0,habillement,0.99,True,0.7248873954551525,0.773259287612934,0.8474816420335858,Priorite haute
a-pochette brodée,habillement,130.0,1,1,351,134.41378917378916,1,0.7192622950819673,0.032837323968637325,1.0,1.0,habillement,0.95,True,0.7248873954551525,0.9682066834664136,0.8472290118262598,Priorite haute
"a-maillot ""triangle""",habillement,130.0,1,1,351,134.41378917378916,1,0.7192622950819673,0.032837323968637325,1.0,1.0,habillement,0.95,True,0.7248873954551525,0.9682066834664136,0.8472290118262598,Priorite haute
a-sandales macramé,habillement,80.0,1,1,351,134.41378917378916,1,0.7192622950819673,0.4048229657346565,1.0,1.0,habillement,1.0,True,0.7248873954551525,0.7118334654196423,0.8469103509239212,Priorite haute
a-chemise customisée,habillement,80.0,1,1,351,134.41378917378916,1,0.7192622950819673,0.4048229657346565,1.0,1.0,habillement,1.0,True,0.7248873954551525,0.7118334654196423,0.8469103509239212,Priorite haute
a-kachabiya jean's,habillement,80.0,1,1,351,134.41378917378916,1,0.7192622950819673,0.4048229657346565,1.0,1.0,habillement,1.0,True,0.7248873954551525,0.7118334654196423,0.8469103509239212,Priorite haute
a-tutu,habillement,80.0,1,1,351,134.41378917378916,1,0.7192622950819673,0.4048229657346565,1.0,1.0,habillement,1.0,True,0.7248873954551525,0.7118334654196423,0.8469103509239212,Priorite haute
a-kachabiya laine,habillement,80.0,1,1,351,134.41378917378916,1,0.7192622950819673,0.4048229657346565,1.0,1.0,habillement,1.0,True,0.7248873954551525,0.7118334654196423,0.8469103509239212,Priorite haute
a-robe sans manche,habillement,80.0,1,1,351,134.41378917378916,1,0.7192622950819673,0.4048229657346565,1.0,1.0,habillement,1.0,True,0.7248873954551525,0.7118334654196423,0.8469103509239212,Priorite haute
a-couffin tejna,habillement,80.0,1,1,351,134.41378917378916,1,0.7192622950819673,0.4048229657346565,1.0,1.0,habillement,1.0,True,0.7248873954551525,0.7118334654196423,0.8469103509239212,Priorite haute
a-maillot homme,habillement,92.0,1,1,351,134.41378917378916,1,0.7192622950819673,0.3155464117108119,1.0,1.0,habillement,0.99,True,0.7248873954551525,0.7601404185349437,0.8468256985796864,Priorite haute
a-robe hayek,habillement,190.0,1,1,351,134.41378917378916,1,0.7192622950819673,0.4135454461505857,1.0,1.0,habillement,1.0,True,0.7248873954551525,0.7074409971913062,0.8466907275125044,Priorite haute
a-babouches cuir,habillement,90.0,1,1,351,134.41378917378916,1,0.7192622950819673,0.33042583738145265,1.0,1.0,habillement,0.99,True,0.7248873954551525,0.751639040600867,0.8464006296829825,Priorite haute
a-jupe tissée,habillement,192.0,1,1,351,134.41378917378916,1,0.7192622950819673,0.42842487182122646,1.0,1.0,habillement,1.0,True,0.7248873954551525,0.7000718201756111,0.8463222686617197,Priorite haute
a-sac klim,habillement,75.0,1,1,351,134.41378917378916,1,0.7192622950819673,0.4420215299112584,1.0,1.0,habillement,1.0,True,0.7248873954551525,0.6934709220753034,0.8459922237567042,Priorite haute
a-couffin sac,habillement,75.0,1,1,351,134.41378917378916,1,0.7192622950819673,0.4420215299112584,1.0,1.0,habillement,1.0,True,0.7248873954551525,0.6934709220753034,0.8459922237567042,Priorite haute
a-mules daim,habillement,75.0,1,1,351,134.41378917378916,1,0.7192622950819673,0.4420215299112584,1.0,1.0,habillement,1.0,True,0.7248873954551525,0.6934709220753034,0.8459922237567042,Priorite haute
a-robe fillette,habillement,75.0,1,1,351,134.41378917378916,1,0.7192622950819673,0.4420215299112584,1.0,1.0,habillement,1.0,True,0.7248873954551525,0.6934709220753034,0.8459922237567042,Priorite haute
a-robe t-shirt,habillement,75.0,1,1,351,134.41378917378916,1,0.7192622950819673,0.4420215299112584,1.0,1.0,habillement,1.0,True,0.7248873954551525,0.6934709220753034,0.8459922237567042,Priorite haute
a-echarpe portage,habillement,75.0,1,1,351,134.41378917378916,1,0.7192622950819673,0.4420215299112584,1.0,1.0,habillement,1.0,True,0.7248873954551525,0.6934709220753034,0.8459922237567042,Priorite haute
a-robe noire,habillement,75.0,1,1,351,134.41378917378916,1,0.7192622950819673,0.4420215299112584,1.0,1.0,habillement,1.0,True,0.7248873954551525,0.6934709220753034,0.8459922237567042,Priorite haute
a-robe chic,habillement,109.0,1,1,351,134.41378917378916,1,0.7192622950819673,0.1890712935103654,1.0,1.0,habillement,0.97,True,0.7248873954551525,0.840992466522179,0.8458683009790481,Priorite haute
a-pull brodé,habillement,72.0,1,1,351,134.41378917378916,1,0.7192622950819673,0.46434066841721955,1.0,1.0,habillement,1.0,True,0.7248873954551525,0.6829012002247282,0.8454637376641755,Priorite haute
a-sandales cuir,habillement,85.0,1,1,351,134.41378917378916,1,0.7192622950819673,0.3676244015580546,1.0,1.0,habillement,0.99,True,0.7248873954551525,0.7311949091144897,0.8453784231086636,Priorite haute
a-kimono,habillement,85.0,1,1,351,134.41378917378916,1,0.7192622950819673,0.3676244015580546,1.0,1.0,habillement,0.99,True,0.7248873954551525,0.7311949091144897,0.8453784231086636,Priorite haute
a-sac tissé,habillement,70.0,1,1,351,134.41378917378916,1,0.7192622950819673,0.4792200940878603,1.0,1.0,habillement,1.0,True,0.7248873954551525,0.6760319197912434,0.8451202736425012,Priorite haute
a-sac marin,habillement,70.0,1,1,351,134.41378917378916,1,0.7192622950819673,0.4792200940878603,1.0,1.0,habillement,1.0,True,0.7248873954551525,0.6760319197912434,0.8451202736425012,Priorite haute
a-pochette oeillets,habillement,70.0,1,1,351,134.41378917378916,1,0.7192622950819673,0.4792200940878603,1.0,1.0,habillement,1.0,True,0.7248873954551525,0.6760319197912434,0.8451202736425012,Priorite haute
a-sac couffin brodé,habillement,70.0,1,1,351,134.41378917378916,1,0.7192622950819673,0.4792200940878603,1.0,1.0,habillement,1.0,True,0.7248873954551525,0.6760319197912434,0.8451202736425012,Priorite haute
a-chaussures nino,habillement,199.0,1,1,351,134.41378917378916,1,0.7192622950819673,0.4805028616684691,1.0,1.0,habillement,1.0,True,0.7248873954551525,0.6754461783836331,0.8450909865721208,Priorite haute
"a-sac ""dot""",habillement,69.0,1,1,351,134.41378917378916,1,0.7192622950819673,0.4866598069231807,1.0,1.0,habillement,1.0,True,0.7248873954551525,0.6726488436312938,0.8449511198345038,Priorite haute
a-jebba turquoise,habillement,69.0,1,1,351,134.41378917378916,1,0.7192622950819673,0.4866598069231807,1.0,1.0,habillement,1.0,True,0.7248873954551525,0.6726488436312938,0.8449511198345038,Priorite haute
a-sefseri contemporain,habillement,200.0,1,1,351,134.41378917378916,1,0.7192622950819673,0.48794257450378953,1.0,1.0,habillement,1.0,True,0.7248873954551525,0.672068947508601,0.8449221250283692,Priorite haute
a-ensemble,habillement,200.0,1,1,351,134.41378917378916,1,0.7192622950819673,0.48794257450378953,1.0,1.0,habillement,1.0,True,0.7248873954551525,0.672068947508601,0.8449221250283692,Priorite haute
a-cape calligraphiée,habillement,200.0,1,1,351,134.41378917378916,1,0.7192622950819673,0.48794257450378953,1.0,1.0,habillement,1.0,True,0.7248873954551525,0.672068947508601,0.8449221250283692,Priorite haute
a-liquette,habillement,200.0,1,1,351,134.41378917378916,1,0.7192622950819673,0.48794257450378953,1.0,1.0,habillement,1.0,True,0.7248873954551525,0.672068947508601,0.8449221250283692,Priorite haute
a-chaussures cuir,habillement,139.0,1,1,351,134.41378917378916,1,0.7192622950819673,0.034120091549246126,1.0,1.0,habillement,0.94,True,0.7248873954551525,0.9670056777466437,0.8446689615402713,Priorite haute
a-ceinture noire,habillement,65.0,1,1,351,134.41378917378916,1,0.7192622950819673,0.5164186582644622,1.0,1.0,habillement,1.0,True,0.7248873954551525,0.6594484936926968,0.8442911023375739,Priorite haute
a-sac couffin,habillement,65.0,1,1,351,134.41378917378916,1,0.7192622950819673,0.5164186582644622,1.0,1.0,habillement,1.0,True,0.7248873954551525,0.6594484936926968,0.8442911023375739,Priorite haute
a-couffin nattes cuir,habillement,65.0,1,1,351,134.41378917378916,1,0.7192622950819673,0.5164186582644622,1.0,1.0,habillement,1.0,True,0.7248873954551525,0.6594484936926968,0.8442911023375739,Priorite haute
a-ceinture camel,habillement,65.0,1,1,351,134.41378917378916,1,0.7192622950819673,0.5164186582644622,1.0,1.0,habillement,1.0,True,0.7248873954551525,0.6594484936926968,0.8442911023375739,Priorite haute
a-mules macramé,habillement,65.0,1,1,351,134.41378917378916,1,0.7192622950819673,0.5164186582644622,1.0,1.0,habillement,1.0,True,0.7248873954551525,0.6594484936926968,0.8442911023375739,Priorite haute
a-mules multicolores,habillement,65.0,1,1,351,134.41378917378916,1,0.7192622950819673,0.5164186582644622,1.0,1.0,habillement,1.0,True,0.7248873954551525,0.6594484936926968,0.8442911023375739,Priorite haute
a-chemise velours,habillement,190.0,1,1,351,134.41378917378916,1,0.7192622950819673,0.4135454461505857,1.0,1.0,habillement,0.99,True,0.7248873954551525,0.7074409971913062,0.8441907275125045,Priorite haute
a-t-shirt d'allaitement,habillement,64.0,1,1,351,134.41378917378916,1,0.7192622950819673,0.5238583710997826,1.0,1.0,habillement,1.0,True,0.7248873954551525,0.6562289639018689,0.8441301258480325,Priorite haute
a-robe estivale,habillement,128.0,1,1,351,134.41378917378916,1,0.7192622950819673,0.04771674963927809,1.0,1.0,habillement,0.94,True,0.7248873954551525,0.9544564409648824,0.8440414997011831,Priorite haute
a-t-shirt poisson,habillement,120.0,1,1,351,134.41378917378916,1,0.7192622950819673,0.10723445232184116,1.0,1.0,habillement,0.95,True,0.7248873954551525,0.9031510877421007,0.8439762320400441,Priorite haute
a-chapeau pastel,habillement,90.0,1,1,351,134.41378917378916,1,0.7192622950819673,0.33042583738145265,1.0,1.0,habillement,0.98,True,0.7248873954551525,0.751639040600867,0.8439006296829824,Priorite haute
a-jebba courte,habillement,90.0,1,1,351,134.41378917378916,1,0.7192622950819673,0.33042583738145265,1.0,1.0,habillement,0.98,True,0.7248873954551525,0.751639040600867,0.8439006296829824,Priorite haute
a-sweat stylé,habillement,62.0,1,1,351,134.41378917378916,1,0.7192622950819673,0.5387377967704234,1.0,1.0,habillement,1.0,True,0.7248873954551525,0.6498833018197433,0.8438128427439262,Priorite haute
a-kit bébé,habillement,135.0,1,1,351,134.41378917378916,1,0.7192622950819673,0.00436124020796459,1.0,1.0,habillement,0.93,True,0.7248873954551525,0.9956576976157885,0.8436015625337285,Priorite haute
a-cape marron,habillement,60.0,1,1,351,134.41378917378916,1,0.7192622950819673,0.5536172224410641,1.0,1.0,habillement,1.0,True,0.7248873954551525,0.6436591880906074,0.8435016370574695,Priorite haute
a-gilet,habillement,60.0,1,1,351,134.41378917378916,1,0.7192622950819673,0.5536172224410641,1.0,1.0,habillement,1.0,True,0.7248873954551525,0.6436591880906074,0.8435016370574695,Priorite haute
a-echarpe brodée,habillement,60.0,1,1,351,134.41378917378916,1,0.7192622950819673,0.5536172224410641,1.0,1.0,habillement,1.0,True,0.7248873954551525,0.6436591880906074,0.8435016370574695,Priorite haute
a-pochette raphia,habillement,60.0,1,1,351,134.41378917378916,1,0.7192622950819673,0.5536172224410641,1.0,1.0,habillement,1.0,True,0.7248873954551525,0.6436591880906074,0.8435016370574695,Priorite haute
a-chaussures bébé,habillement,60.0,1,1,351,134.41378917378916,1,0.7192622950819673,0.5536172224410641,1.0,1.0,habillement,1.0,True,0.7248873954551525,0.6436591880906074,0.8435016370574695,Priorite haute
a-chapeau hommes,habillement,60.0,1,1,351,134.41378917378916,1,0.7192622950819673,0.5536172224410641,1.0,1.0,habillement,1.0,True,0.7248873954551525,0.6436591880906074,0.8435016370574695,Priorite haute
a-balgha,habillement,60.0,1,1,351,134.41378917378916,1,0.7192622950819673,0.5536172224410641,1.0,1.0,habillement,1.0,True,0.7248873954551525,0.6436591880906074,0.8435016370574695,Priorite haute
a-babouche raphia,habillement,60.0,1,1,351,134.41378917378916,1,0.7192622950819673,0.5536172224410641,1.0,1.0,habillement,1.0,True,0.7248873954551525,0.6436591880906074,0.8435016370574695,Priorite haute
a-sandales,habillement,60.0,1,1,351,134.41378917378916,1,0.7192622950819673,0.5536172224410641,1.0,1.0,habillement,1.0,True,0.7248873954551525,0.6436591880906074,0.8435016370574695,Priorite haute
a-couffin ananas,habillement,60.0,1,1,351,134.41378917378916,1,0.7192622950819673,0.5536172224410641,1.0,1.0,habillement,1.0,True,0.7248873954551525,0.6436591880906074,0.8435016370574695,Priorite haute
a-balgha africa,habillement,60.0,1,1,351,134.41378917378916,1,0.7192622950819673,0.5536172224410641,1.0,1.0,habillement,1.0,True,0.7248873954551525,0.6436591880906074,0.8435016370574695,Priorite haute
a-sandales plates,habillement,75.0,1,1,351,134.41378917378916,1,0.7192622950819673,0.4420215299112584,1.0,1.0,habillement,0.99,True,0.7248873954551525,0.6934709220753034,0.8434922237567043,Priorite haute
a-barboteuse,habillement,75.0,1,1,351,134.41378917378916,1,0.7192622950819673,0.4420215299112584,1.0,1.0,habillement,0.99,True,0.7248873954551525,0.6934709220753034,0.8434922237567043,Priorite haute
a-jebba poisson,habillement,75.0,1,1,351,134.41378917378916,1,0.7192622950819673,0.4420215299112584,1.0,1.0,habillement,0.99,True,0.7248873954551525,0.6934709220753034,0.8434922237567043,Priorite haute
a-t-shirt peint,habillement,195.0,1,1,351,134.41378917378916,1,0.7192622950819673,0.4507440103271876,1.0,1.0,habillement,0.99,True,0.7248873954551525,0.6893014845358342,0.8432837518797308,Priorite haute
a-chemise brodée,habillement,195.0,1,1,351,134.41378917378916,1,0.7192622950819673,0.4507440103271876,1.0,1.0,habillement,0.99,True,0.7248873954551525,0.6893014845358342,0.8432837518797308,Priorite haute
a-ballerines plates,habillement,85.0,1,1,351,134.41378917378916,1,0.7192622950819673,0.3676244015580546,1.0,1.0,habillement,0.98,True,0.7248873954551525,0.7311949091144897,0.8428784231086636,Priorite haute
a-robe sport chic,habillement,85.0,1,1,351,134.41378917378916,1,0.7192622950819673,0.3676244015580546,1.0,1.0,habillement,0.98,True,0.7248873954551525,0.7311949091144897,0.8428784231086636,Priorite haute
a-burnous fillette,habillement,85.0,1,1,351,134.41378917378916,1,0.7192622950819673,0.3676244015580546,1.0,1.0,habillement,0.98,True,0.7248873954551525,0.7311949091144897,0.8428784231086636,Priorite haute
a-tenue mère enfant,habillement,198.0,1,1,351,134.41378917378916,1,0.7192622950819673,0.47306314883314876,1.0,1.0,habillement,0.99,True,0.7248873954551525,0.6788575227016749,0.8427615537880229,Priorite haute
a-couffin peint,habillement,55.0,1,1,351,134.41378917378916,1,0.7192622950819673,0.5908157866176661,1.0,1.0,habillement,1.0,True,0.7248873954551525,0.6286082954495712,0.8427490924254176,Priorite haute
a-echarpe soie,habillement,70.0,1,1,351,134.41378917378916,1,0.7192622950819673,0.4792200940878603,1.0,1.0,habillement,0.99,True,0.7248873954551525,0.6760319197912434,0.8426202736425012,Priorite haute
a-noeud papillon,habillement,70.0,1,1,351,134.41378917378916,1,0.7192622950819673,0.4792200940878603,1.0,1.0,habillement,0.99,True,0.7248873954551525,0.6760319197912434,0.8426202736425012,Priorite haute
a-pantalon top lin,habillement,200.0,1,1,351,134.41378917378916,1,0.7192622950819673,0.48794257450378953,1.0,1.0,habillement,0.99,True,0.7248873954551525,0.672068947508601,0.8424221250283692,Priorite haute
a-sac bois,habillement,130.0,1,1,351,134.41378917378916,1,0.7192622950819673,0.032837323968637325,1.0,1.0,habillement,0.93,True,0.7248873954551525,0.9682066834664136,0.8422290118262598,Priorite haute
a-cache-bébé,habillement,50.0,1,1,351,134.41378917378916,1,0.7192622950819673,0.628014350794268,1.0,1.0,habillement,1.0,True,0.7248873954551525,0.6142451996888876,0.8420309376373835,Priorite haute
a-sac éponge,habillement,50.0,1,1,351,134.41378917378916,1,0.7192622950819673,0.628014350794268,1.0,1.0,habillement,1.0,True,0.7248873954551525,0.6142451996888876,0.8420309376373835,Priorite haute
a-ceinture laine,habillement,50.0,1,1,351,134.41378917378916,1,0.7192622950819673,0.628014350794268,1.0,1.0,habillement,1.0,True,0.7248873954551525,0.6142451996888876,0.8420309376373835,Priorite haute
a-t-shirt cactus,habillement,49.9,1,1,351,134.41378917378916,1,0.7192622950819673,0.6287583220778,1.0,1.0,habillement,1.0,True,0.7248873954551525,0.6139646296476351,0.8420169091353208,Priorite haute
a-chaussures daim,habillement,219.0,1,1,351,134.41378917378916,1,0.7192622950819673,0.6292971183748768,1.0,1.0,habillement,1.0,True,0.7248873954551525,0.6137615961645094,0.8420067574611646,Priorite haute
a-sac jelliz,habillement,49.0,1,1,351,134.41378917378916,1,0.7192622950819673,0.6354540636295883,1.0,1.0,habillement,1.0,True,0.7248873954551525,0.611450986144291,0.8418912269601536,Priorite haute
a-dengri bébé,habillement,65.0,1,1,351,134.41378917378916,1,0.7192622950819673,0.5164186582644622,1.0,1.0,habillement,0.99,True,0.7248873954551525,0.6594484936926968,0.8417911023375739,Priorite haute
a-mules plates,habillement,65.0,1,1,351,134.41378917378916,1,0.7192622950819673,0.5164186582644622,1.0,1.0,habillement,0.99,True,0.7248873954551525,0.6594484936926968,0.8417911023375739,Priorite haute
a-sac à message,habillement,45.0,1,1,351,134.41378917378916,1,0.7192622950819673,0.6652129149708699,1.0,1.0,habillement,1.0,True,0.7248873954551525,0.6005238075021135,0.8413448680280448,Priorite haute
a-sac rond,habillement,45.0,1,1,351,134.41378917378916,1,0.7192622950819673,0.6652129149708699,1.0,1.0,habillement,1.0,True,0.7248873954551525,0.6005238075021135,0.8413448680280448,Priorite haute
a-cape fleurie,habillement,45.0,1,1,351,134.41378917378916,1,0.7192622950819673,0.6652129149708699,1.0,1.0,habillement,1.0,True,0.7248873954551525,0.6005238075021135,0.8413448680280448,Priorite haute
a-sac tricot,habillement,45.0,1,1,351,134.41378917378916,1,0.7192622950819673,0.6652129149708699,1.0,1.0,habillement,1.0,True,0.7248873954551525,0.6005238075021135,0.8413448680280448,Priorite haute
a-châle,habillement,45.0,1,1,351,134.41378917378916,1,0.7192622950819673,0.6652129149708699,1.0,1.0,habillement,1.0,True,0.7248873954551525,0.6005238075021135,0.8413448680280448,Priorite haute
a-jebba domiaty,habillement,45.0,1,1,351,134.41378917378916,1,0.7192622950819673,0.6652129149708699,1.0,1.0,habillement,1.0,True,0.7248873954551525,0.6005238075021135,0.8413448680280448,Priorite haute
a-sac macramé,habillement,45.0,1,1,351,134.41378917378916,1,0.7192622950819673,0.6652129149708699,1.0,1.0,habillement,1.0,True,0.7248873954551525,0.6005238075021135,0.8413448680280448,Priorite haute
a-sac bicolore,habillement,45.0,1,1,351,134.41378917378916,1,0.7192622950819673,0.6652129149708699,1.0,1.0,habillement,1.0,True,0.7248873954551525,0.6005238075021135,0.8413448680280448,Priorite haute
a-jebba nomade,habillement,45.0,1,1,351,134.41378917378916,1,0.7192622950819673,0.6652129149708699,1.0,1.0,habillement,1.0,True,0.7248873954551525,0.6005238075021135,0.8413448680280448,Priorite haute
a-lingerie nuisette,habillement,45.0,1,1,351,134.41378917378916,1,0.7192622950819673,0.6652129149708699,1.0,1.0,habillement,1.0,True,0.7248873954551525,0.6005238075021135,0.8413448680280448,Priorite haute
a-couffin cerises,habillement,45.0,1,1,351,134.41378917378916,1,0.7192622950819673,0.6652129149708699,1.0,1.0,habillement,1.0,True,0.7248873954551525,0.6005238075021135,0.8413448680280448,Priorite haute
a-t-shirt jelliz,habillement,45.0,1,1,351,134.41378917378916,1,0.7192622950819673,0.6652129149708699,1.0,1.0,habillement,1.0,True,0.7248873954551525,0.6005238075021135,0.8413448680280448,Priorite haute
a-sac fourre-tout,habillement,45.0,1,1,351,134.41378917378916,1,0.7192622950819673,0.6652129149708699,1.0,1.0,habillement,1.0,True,0.7248873954551525,0.6005238075021135,0.8413448680280448,Priorite haute
a-pochette crochet,habillement,45.0,1,1,351,134.41378917378916,1,0.7192622950819673,0.6652129149708699,1.0,1.0,habillement,1.0,True,0.7248873954551525,0.6005238075021135,0.8413448680280448,Priorite haute
a-t-shirt elyssa,habillement,43.0,1,1,351,134.41378917378916,1,0.7192622950819673,0.6800923406415107,1.0,1.0,habillement,1.0,True,0.7248873954551525,0.5952053799722516,0.8410789466515517,Priorite haute
a-chemise lin,habillement,60.0,1,1,351,134.41378917378916,1,0.7192622950819673,0.5536172224410641,1.0,1.0,habillement,0.99,True,0.7248873954551525,0.6436591880906074,0.8410016370574696,Priorite haute
a-couffin fleurs,habillement,60.0,1,1,351,134.41378917378916,1,0.7192622950819673,0.5536172224410641,1.0,1.0,habillement,0.99,True,0.7248873954551525,0.6436591880906074,0.8410016370574696,Priorite haute
a-couffin fleuri,habillement,58.0,1,1,351,134.41378917378916,1,0.7192622950819673,0.568496648111705,1.0,1.0,habillement,0.99,True,0.7248873954551525,0.6375531635364912,0.8406963358297637,Priorite haute
a-robe crochet,habillement,40.0,1,1,351,134.41378917378916,1,0.7192622950819673,0.7024114791474718,1.0,1.0,habillement,1.0,True,0.7248873954551525,0.5874020542323745,0.8406887803645579,Priorite haute
a-chapeau fruits,habillement,40.0,1,1,351,134.41378917378916,1,0.7192622950819673,0.7024114791474718,1.0,1.0,habillement,1.0,True,0.7248873954551525,0.5874020542323745,0.8406887803645579,Priorite haute
a-ceinture macramé,habillement,40.0,1,1,351,134.41378917378916,1,0.7192622950819673,0.7024114791474718,1.0,1.0,habillement,1.0,True,0.7248873954551525,0.5874020542323745,0.8406887803645579,Priorite haute
a-t-shirt,habillement,55.0,1,1,351,134.41378917378916,1,0.7192622950819673,0.5908157866176661,1.0,1.0,habillement,0.99,True,0.7248873954551525,0.6286082954495712,0.8402490924254177,Priorite haute
a-t-shirt homme,habillement,55.0,1,1,351,134.41378917378916,1,0.7192622950819673,0.5908157866176661,1.0,1.0,habillement,0.99,True,0.7248873954551525,0.6286082954495712,0.8402490924254177,Priorite haute
a-mules jeans,habillement,55.0,1,1,351,134.41378917378916,1,0.7192622950819673,0.5908157866176661,1.0,1.0,habillement,0.99,True,0.7248873954551525,0.6286082954495712,0.8402490924254177,Priorite haute
a-mules,habillement,35.0,1,1,351,134.41378917378916,1,0.7192622950819673,0.7396100433240738,1.0,1.0,habillement,1.0,True,0.7248873954551525,0.5748414731437078,0.8400607513101245,Priorite haute
a-mules raphia,habillement,35.0,1,1,351,134.41378917378916,1,0.7192622950819673,0.7396100433240738,1.0,1.0,habillement,1.0,True,0.7248873954551525,0.5748414731437078,0.8400607513101245,Priorite haute
a-pochette soie,habillement,50.0,1,1,351,134.41378917378916,1,0.7192622950819673,0.628014350794268,1.0,1.0,habillement,0.99,True,0.7248873954551525,0.6142451996888876,0.8395309376373835,Priorite haute
a-turbonnet,habillement,50.0,1,1,351,134.41378917378916,1,0.7192622950819673,0.628014350794268,1.0,1.0,habillement,0.99,True,0.7248873954551525,0.6142451996888876,0.8395309376373835,Priorite haute
a-sac toile de jute,habillement,50.0,1,1,351,134.41378917378916,1,0.7192622950819673,0.628014350794268,1.0,1.0,habillement,0.99,True,0.7248873954551525,0.6142451996888876,0.8395309376373835,Priorite haute
a-chemisier,habillement,50.0,1,1,351,134.41378917378916,1,0.7192622950819673,0.628014350794268,1.0,1.0,habillement,0.99,True,0.7248873954551525,0.6142451996888876,0.8395309376373835,Priorite haute
a-sac rond nattes,habillement,30.0,1,1,351,134.41378917378916,1,0.7192622950819673,0.7768086075006757,1.0,1.0,habillement,1.0,True,0.7248873954551525,0.5628068187977977,0.839459018592829,Priorite haute
a-sac calligraphié,habillement,80.0,1,1,351,134.41378917378916,1,0.7192622950819673,0.4048229657346565,1.0,1.0,habillement,0.97,True,0.7248873954551525,0.7118334654196423,0.8394103509239212,Priorite haute
a-sac ethno,habillement,220.0,1,1,351,134.41378917378916,1,0.7192622950819673,0.6367368312101972,1.0,1.0,habillement,0.99,True,0.7248873954551525,0.610971770740079,0.8393672661899431,Priorite haute
a-balgha crocro,habillement,90.0,1,1,351,134.41378917378916,1,0.7192622950819673,0.33042583738145265,1.0,1.0,habillement,0.96,True,0.7248873954551525,0.751639040600867,0.8389006296829824,Priorite haute
a-dengri enfant,habillement,100.0,1,1,351,134.41378917378916,1,0.7192622950819673,0.2560287090282488,1.0,1.0,habillement,0.95,True,0.7248873954551525,0.7961601457132852,0.8386266849386034,Priorite haute
a-robe mini,habillement,135.0,1,1,351,134.41378917378916,1,0.7192622950819673,0.00436124020796459,1.0,1.0,habillement,0.91,True,0.7248873954551525,0.9956576976157885,0.8386015625337285,Priorite haute
a-couffin amazigh,habillement,75.0,1,1,351,134.41378917378916,1,0.7192622950819673,0.4420215299112584,1.0,1.0,habillement,0.97,True,0.7248873954551525,0.6934709220753034,0.8384922237567043,Priorite haute
a-sweat chechia,habillement,42.0,1,1,351,134.41378917378916,1,0.7192622950819673,0.6875320534768311,1.0,1.0,habillement,0.99,True,0.7248873954551525,0.5925813367157649,0.8384477444887274,Priorite haute
a-sac bandoulière,habillement,40.0,1,1,351,134.41378917378916,1,0.7192622950819673,0.7024114791474718,1.0,1.0,habillement,0.99,True,0.7248873954551525,0.5874020542323745,0.8381887803645579,Priorite haute
a-pochette chips,habillement,40.0,1,1,351,134.41378917378916,1,0.7192622950819673,0.7024114791474718,1.0,1.0,habillement,0.99,True,0.7248873954551525,0.5874020542323745,0.8381887803645579,Priorite haute
a-pochette oiseau,habillement,40.0,1,1,351,134.41378917378916,1,0.7192622950819673,0.7024114791474718,1.0,1.0,habillement,0.99,True,0.7248873954551525,0.5874020542323745,0.8381887803645579,Priorite haute
a-sac rond brodé,habillement,40.0,1,1,351,134.41378917378916,1,0.7192622950819673,0.7024114791474718,1.0,1.0,habillement,0.99,True,0.7248873954551525,0.5874020542323745,0.8381887803645579,Priorite haute
a-lingerie combinaison,habillement,55.0,1,1,351,134.41378917378916,1,0.7192622950819673,0.5908157866176661,1.0,1.0,habillement,0.98,True,0.7248873954551525,0.6286082954495712,0.8377490924254176,Priorite haute
a-jarretière,habillement,55.0,1,1,351,134.41378917378916,1,0.7192622950819673,0.5908157866176661,1.0,1.0,habillement,0.98,True,0.7248873954551525,0.6286082954495712,0.8377490924254176,Priorite haute
a-sac fleurs brodées,habillement,35.0,1,1,351,134.41378917378916,1,0.7192622950819673,0.7396100433240738,1.0,1.0,habillement,0.99,True,0.7248873954551525,0.5748414731437078,0.8375607513101245,Priorite haute
a-gilet hayek,habillement,35.0,1,1,351,134.41378917378916,1,0.7192622950819673,0.7396100433240738,1.0,1.0,habillement,0.99,True,0.7248873954551525,0.5748414731437078,0.8375607513101245,Priorite haute
a-jebba khomssa,habillement,35.0,1,1,351,134.41378917378916,1,0.7192622950819673,0.7396100433240738,1.0,1.0,habillement,0.99,True,0.7248873954551525,0.5748414731437078,0.8375607513101245,Priorite haute
a-jebba khlel,habillement,35.0,1,1,351,134.41378917378916,1,0.7192622950819673,0.7396100433240738,1.0,1.0,habillement,0.99,True,0.7248873954551525,0.5748414731437078,0.8375607513101245,Priorite haute
a-couffin africain,habillement,200.0,1,1,351,134.41378917378916,1,0.7192622950819673,0.48794257450378953,1.0,1.0,habillement,0.97,True,0.7248873954551525,0.672068947508601,0.8374221250283692,Priorite haute
a-chemisier poisson,habillement,175.0,1,1,351,134.41378917378916,1,0.7192622950819673,0.3019497536207799,1.0,1.0,habillement,0.95,True,0.7248873954551525,0.7680787966040591,0.8372226174831421,Priorite haute
a-ensemble veste-pantalon,habillement,220.0,1,1,351,134.41378917378916,1,0.7192622950819673,0.6367368312101972,1.0,1.0,habillement,0.98,True,0.7248873954551525,0.610971770740079,0.836867266189943,Priorite haute
a-tenue boho,habillement,220.0,1,1,351,134.41378917378916,1,0.7192622950819673,0.6367368312101972,1.0,1.0,habillement,0.98,True,0.7248873954551525,0.610971770740079,0.836867266189943,Priorite haute
a-cape rose pâle,habillement,90.0,1,1,351,134.41378917378916,1,0.7192622950819673,0.33042583738145265,1.0,1.0,habillement,0.95,True,0.7248873954551525,0.751639040600867,0.8364006296829825,Priorite haute
a-couffin faïence,habillement,40.0,1,1,351,134.41378917378916,1,0.7192622950819673,0.7024114791474718,1.0,1.0,habillement,0.98,True,0.7248873954551525,0.5874020542323745,0.8356887803645578,Priorite haute
a-cartable palmier,habillement,40.0,1,1,351,134.41378917378916,1,0.7192622950819673,0.7024114791474718,1.0,1.0,habillement,0.98,True,0.7248873954551525,0.5874020542323745,0.8356887803645578,Priorite haute
a-t-shirt mère-fille,habillement,40.0,1,1,351,134.41378917378916,1,0.7192622950819673,0.7024114791474718,1.0,1.0,habillement,0.98,True,0.7248873954551525,0.5874020542323745,0.8356887803645578,Priorite haute
a-bourse raphia,habillement,40.0,1,1,351,134.41378917378916,1,0.7192622950819673,0.7024114791474718,1.0,1.0,habillement,0.98,True,0.7248873954551525,0.5874020542323745,0.8356887803645578,Priorite haute
a-robe rayée,habillement,230.0,1,1,351,134.41378917378916,1,0.7192622950819673,0.711133959563401,1.0,1.0,habillement,0.98,True,0.7248873954551525,0.5844077808233973,0.8355390666941089,Priorite haute
a-jaquette customisée,habillement,35.0,1,1,351,134.41378917378916,1,0.7192622950819673,0.7396100433240738,1.0,1.0,habillement,0.98,True,0.7248873954551525,0.5748414731437078,0.8350607513101245,Priorite haute
a-sac tricot bois,habillement,35.0,1,1,351,134.41378917378916,1,0.7192622950819673,0.7396100433240738,1.0,1.0,habillement,0.98,True,0.7248873954551525,0.5748414731437078,0.8350607513101245,Priorite haute
a-tenue al amir,habillement,35.0,1,1,351,134.41378917378916,1,0.7192622950819673,0.7396100433240738,1.0,1.0,habillement,0.98,True,0.7248873954551525,0.5748414731437078,0.8350607513101245,Priorite haute
a-couffin enfant,habillement,10.0,1,1,351,134.41378917378916,1,0.7192622950819673,0.9256028642070834,1.0,1.0,habillement,0.99,True,0.7248873954551525,0.5193178814738499,0.8347845717266317,Priorite haute
a-sac anneaux,habillement,220.0,1,1,351,134.41378917378916,1,0.7192622950819673,0.6367368312101972,1.0,1.0,habillement,0.97,True,0.7248873954551525,0.610971770740079,0.8343672661899431,Priorite haute
a-derbies bleu roi,habillement,160.0,1,1,351,134.41378917378916,1,0.7192622950819673,0.1903540610909742,1.0,1.0,habillement,0.92,True,0.7248873954551525,0.8400861833356436,0.8333229868197214,Priorite haute
a-blouson cuir brodé,habillement,250.0,1,1,351,134.41378917378916,1,0.7192622950819673,0.8599282162698086,1.0,1.0,habillement,0.98,True,0.7248873954551525,0.5376551585445359,0.8332014355801659,Priorite haute
a-sac poisson,habillement,35.0,1,1,351,134.41378917378916,1,0.7192622950819673,0.7396100433240738,1.0,1.0,habillement,0.97,True,0.7248873954551525,0.5748414731437078,0.8325607513101245,Priorite haute
a-manteau tissé,habillement,320.0,1,1,351,134.41378917378916,1,0.7192622950819673,1.3807081147422355,1.0,1.0,habillement,1.0,True,0.7248873954551525,0.42004309298045645,0.8323208323019619,Priorite haute
a-sac ethno rouge,habillement,220.0,1,1,351,134.41378917378916,1,0.7192622950819673,0.6367368312101972,1.0,1.0,habillement,0.96,True,0.7248873954551525,0.610971770740079,0.831867266189943,Priorite haute
a-tunique rouge,habillement,90.0,1,1,351,134.41378917378916,1,0.7192622950819673,0.33042583738145265,1.0,1.0,habillement,0.93,True,0.7248873954551525,0.751639040600867,0.8314006296829825,Priorite haute
a-duo couffin chapeau,habillement,75.0,1,1,351,134.41378917378916,1,0.7192622950819673,0.4420215299112584,1.0,1.0,habillement,0.94,True,0.7248873954551525,0.6934709220753034,0.8309922237567042,Priorite haute
a-ensemble mère-fille,habillement,250.0,1,1,351,134.41378917378916,1,0.7192622950819673,0.8599282162698086,1.0,1.0,habillement,0.97,True,0.7248873954551525,0.5376551585445359,0.830701435580166,Priorite haute
a-kimono brodé,habillement,350.0,1,1,351,134.41378917378916,1,0.7192622950819673,1.603899499801847,1.0,1.0,habillement,1.0,True,0.7248873954551525,0.384039399399285,0.8305206476229033,Priorite haute
a-gilet turquoise,habillement,350.0,1,1,351,134.41378917378916,1,0.7192622950819673,1.603899499801847,1.0,1.0,habillement,1.0,True,0.7248873954551525,0.384039399399285,0.8305206476229033,Priorite haute
a-farmla laine,habillement,350.0,1,1,351,134.41378917378916,1,0.7192622950819673,1.603899499801847,1.0,1.0,habillement,1.0,True,0.7248873954551525,0.384039399399285,0.8305206476229033,Priorite haute
a-caftan brodé,habillement,350.0,1,1,351,134.41378917378916,1,0.7192622950819673,1.603899499801847,1.0,1.0,habillement,1.0,True,0.7248873954551525,0.384039399399285,0.8305206476229033,Priorite haute
a-combinaison dentelle,habillement,350.0,1,1,351,134.41378917378916,1,0.7192622950819673,1.603899499801847,1.0,1.0,habillement,1.0,True,0.7248873954551525,0.384039399399285,0.8305206476229033,Priorite haute
a-jebba verte,habillement,350.0,1,1,351,134.41378917378916,1,0.7192622950819673,1.603899499801847,1.0,1.0,habillement,1.0,True,0.7248873954551525,0.384039399399285,0.8305206476229033,Priorite haute
a-robe bleu marine,habillement,215.0,1,1,351,134.41378917378916,1,0.7192622950819673,0.5995382670335953,1.0,1.0,habillement,0.95,True,0.7248873954551525,0.625180416505157,0.830077698478197,Priorite haute
a-manteau noir,habillement,360.0,1,1,351,134.41378917378916,1,0.7192622950819673,1.6782966281550509,1.0,1.0,habillement,1.0,True,0.7248873954551525,0.37337163833449305,0.8299872595696637,Priorite haute
a-maillot 1 pièce,habillement,236.0,1,1,351,134.41378917378916,1,0.7192622950819673,0.7557722365753233,1.0,1.0,habillement,0.96,True,0.7248873954551525,0.5695499559501661,0.8297961754504474,Priorite haute
a-pantoufles crochet,habillement,10.0,1,1,351,134.41378917378916,1,0.7192622950819673,0.9256028642070834,1.0,1.0,habillement,0.97,True,0.7248873954551525,0.5193178814738499,0.8297845717266317,Priorite haute
a-tenue hammamétoise,habillement,370.0,1,1,351,134.41378917378916,1,0.7192622950819673,1.7526937565082548,1.0,1.0,habillement,1.0,True,0.7248873954551525,0.36328051300137465,0.8294827033030078,Priorite haute
a-sac écolo,habillement,30.0,1,1,351,134.41378917378916,1,0.7192622950819673,0.7768086075006757,1.0,1.0,habillement,0.96,True,0.7248873954551525,0.5628068187977977,0.829459018592829,Priorite haute
a-sac pastèque,habillement,30.0,1,1,351,134.41378917378916,1,0.7192622950819673,0.7768086075006757,1.0,1.0,habillement,0.96,True,0.7248873954551525,0.5628068187977977,0.829459018592829,Priorite haute
a-sac à dos,habillement,292.0,1,1,351,134.41378917378916,1,0.7192622950819673,1.1723961553532647,1.0,1.0,habillement,0.98,True,0.7248873954551525,0.4603211976488629,0.8293347375353822,Priorite haute
a-robe plage,habillement,25.0,1,1,351,134.41378917378916,1,0.7192622950819673,0.8140071716772775,1.0,1.0,habillement,0.96,True,0.7248873954551525,0.551265736769593,0.8288819644914187,Priorite haute
a-robe et boléro,habillement,180.0,1,1,351,134.41378917378916,1,0.7192622950819673,0.33914831779738186,1.0,1.0,habillement,0.92,True,0.7248873954551525,0.7467432745946992,0.8286558413826741,Priorite haute
a-couffin cerceaux,habillement,22.0,1,1,351,134.41378917378916,1,0.7192622950819673,0.8363263101832388,1.0,1.0,habillement,0.96,True,0.7248873954551525,0.5445655243594557,0.8285469538709118,Priorite haute
a-sortie de bain,habillement,40.0,1,1,351,134.41378917378916,1,0.7192622950819673,0.7024114791474718,1.0,1.0,habillement,0.95,True,0.7248873954551525,0.5874020542323745,0.8281887803645579,Priorite haute
a-sefseri kimono,habillement,400.0,1,1,351,134.41378917378916,1,0.7192622950819673,1.9758851415678662,1.0,1.0,habillement,1.0,True,0.7248873954551525,0.3360344745943867,0.8281204013826584,Priorite haute
a-manteau brodé,habillement,400.0,1,1,351,134.41378917378916,1,0.7192622950819673,1.9758851415678662,1.0,1.0,habillement,1.0,True,0.7248873954551525,0.3360344745943867,0.8281204013826584,Priorite haute
a-chtar bicolore,habillement,400.0,1,1,351,134.41378917378916,1,0.7192622950819673,1.9758851415678662,1.0,1.0,habillement,1.0,True,0.7248873954551525,0.3360344745943867,0.8281204013826584,Priorite haute
a-costume homme,habillement,400.0,1,1,351,134.41378917378916,1,0.7192622950819673,1.9758851415678662,1.0,1.0,habillement,1.0,True,0.7248873954551525,0.3360344745943867,0.8281204013826584,Priorite haute
a-sac dentelle,habillement,35.0,1,1,351,134.41378917378916,1,0.7192622950819673,0.7396100433240738,1.0,1.0,habillement,0.95,True,0.7248873954551525,0.5748414731437078,0.8275607513101245,Priorite haute
a-ensemble mariée,habillement,414.48,1,1,351,134.41378917378916,1,0.7192622950819673,2.0836121834233055,1.0,1.0,habillement,1.0,True,0.7248873954551525,0.3242949957766217,0.8275334274417702,Priorite haute
a-robe brodée or,habillement,414.48,1,1,351,134.41378917378916,1,0.7192622950819673,2.0836121834233055,1.0,1.0,habillement,1.0,True,0.7248873954551525,0.3242949957766217,0.8275334274417702,Priorite haute
a-robe burnous,habillement,414.48,1,1,351,134.41378917378916,1,0.7192622950819673,2.0836121834233055,1.0,1.0,habillement,1.0,True,0.7248873954551525,0.3242949957766217,0.8275334274417702,Priorite haute
a-shirt dress,habillement,414.48,1,1,351,134.41378917378916,1,0.7192622950819673,2.0836121834233055,1.0,1.0,habillement,1.0,True,0.7248873954551525,0.3242949957766217,0.8275334274417702,Priorite haute
a-blouse baraa,habillement,414.48,1,1,351,134.41378917378916,1,0.7192622950819673,2.0836121834233055,1.0,1.0,habillement,1.0,True,0.7248873954551525,0.3242949957766217,0.8275334274417702,Priorite haute
a-caftan revisité,habillement,414.48,1,1,351,134.41378917378916,1,0.7192622950819673,2.0836121834233055,1.0,1.0,habillement,1.0,True,0.7248873954551525,0.3242949957766217,0.8275334274417702,Priorite haute
a-cape 7ob,habillement,414.48,1,1,351,134.41378917378916,1,0.7192622950819673,2.0836121834233055,1.0,1.0,habillement,1.0,True,0.7248873954551525,0.3242949957766217,0.8275334274417702,Priorite haute
a-manteau bicolore,habillement,414.48,1,1,351,134.41378917378916,1,0.7192622950819673,2.0836121834233055,1.0,1.0,habillement,1.0,True,0.7248873954551525,0.3242949957766217,0.8275334274417702,Priorite haute
a-caftan emeraude,habillement,414.48,1,1,351,134.41378917378916,1,0.7192622950819673,2.0836121834233055,1.0,1.0,habillement,1.0,True,0.7248873954551525,0.3242949957766217,0.8275334274417702,Priorite haute
a-bustier fleuri,habillement,414.48,1,1,351,134.41378917378916,1,0.7192622950819673,2.0836121834233055,1.0,1.0,habillement,1.0,True,0.7248873954551525,0.3242949957766217,0.8275334274417702,Priorite haute
a-burnous brodé,habillement,414.48,1,1,351,134.41378917378916,1,0.7192622950819673,2.0836121834233055,1.0,1.0,habillement,1.0,True,0.7248873954551525,0.3242949957766217,0.8275334274417702,Priorite haute
a-gilet velours,habillement,414.48,1,1,351,134.41378917378916,1,0.7192622950819673,2.0836121834233055,1.0,1.0,habillement,1.0,True,0.7248873954551525,0.3242949957766217,0.8275334274417702,Priorite haute
a-robe turquoise,habillement,414.48,1,1,351,134.41378917378916,1,0.7192622950819673,2.0836121834233055,1.0,1.0,habillement,1.0,True,0.7248873954551525,0.3242949957766217,0.8275334274417702,Priorite haute
a-jebba hommes,habillement,414.48,1,1,351,134.41378917378916,1,0.7192622950819673,2.0836121834233055,1.0,1.0,habillement,1.0,True,0.7248873954551525,0.3242949957766217,0.8275334274417702,Priorite haute
a-robe lin hayek,habillement,414.48,1,1,351,134.41378917378916,1,0.7192622950819673,2.0836121834233055,1.0,1.0,habillement,1.0,True,0.7248873954551525,0.3242949957766217,0.8275334274417702,Priorite haute
a-poncho,habillement,320.0,1,1,351,134.41378917378916,1,0.7192622950819673,1.3807081147422355,1.0,1.0,habillement,0.98,True,0.7248873954551525,0.42004309298045645,0.8273208323019619,Priorite haute
a-sac de danse,habillement,50.0,1,1,351,134.41378917378916,1,0.7192622950819673,0.628014350794268,1.0,1.0,habillement,0.94,True,0.7248873954551525,0.6142451996888876,0.8270309376373834,Priorite haute
a-poncho turquoise,habillement,30.0,1,1,351,134.41378917378916,1,0.7192622950819673,0.7768086075006757,1.0,1.0,habillement,0.95,True,0.7248873954551525,0.5628068187977977,0.826959018592829,Priorite haute
a-pack jebba luxe,habillement,90.0,1,1,351,134.41378917378916,1,0.7192622950819673,0.33042583738145265,1.0,1.0,habillement,0.91,True,0.7248873954551525,0.751639040600867,0.8264006296829824,Priorite haute
a-couffin poisson,habillement,25.0,1,1,351,134.41378917378916,1,0.7192622950819673,0.8140071716772775,1.0,1.0,habillement,0.95,True,0.7248873954551525,0.551265736769593,0.8263819644914188,Priorite haute
a-veste brodée,habillement,300.0,1,1,351,134.41378917378916,1,0.7192622950819673,1.2319138580358278,1.0,1.0,habillement,0.97,True,0.7248873954551525,0.4480459657524773,0.826220975940563,Priorite haute
a-robe plastron,habillement,270.0,1,1,351,134.41378917378916,1,0.7192622950819673,1.0087224729762163,1.0,1.0,habillement,0.96,True,0.7248873954551525,0.4978288506517049,0.8262101201855243,Priorite haute
a-tenue garçon,habillement,250.0,1,1,351,134.41378917378916,1,0.7192622950819673,0.8599282162698086,1.0,1.0,habillement,0.95,True,0.7248873954551525,0.5376551585445359,0.825701435580166,Priorite haute
a-farmla brodée,habillement,400.0,1,1,351,134.41378917378916,1,0.7192622950819673,1.9758851415678662,1.0,1.0,habillement,0.99,True,0.7248873954551525,0.3360344745943867,0.8256204013826585,Priorite haute
a-halfa poisson,habillement,39.0,1,1,351,134.41378917378916,1,0.7192622950819673,0.7098511919827922,1.0,1.0,habillement,0.94,True,0.7248873954551525,0.5848462162607094,0.8255609884659746,Priorite haute
a-halfa raphia,habillement,39.0,1,1,351,134.41378917378916,1,0.7192622950819673,0.7098511919827922,1.0,1.0,habillement,0.94,True,0.7248873954551525,0.5848462162607094,0.8255609884659746,Priorite haute
a-sac à pain,habillement,15.0,1,1,351,134.41378917378916,1,0.7192622950819673,0.8884043000304814,1.0,1.0,habillement,0.95,True,0.7248873954551525,0.529547618581391,0.8252960585820087,Priorite haute
a-sac de plage,habillement,35.0,1,1,351,134.41378917378916,1,0.7192622950819673,0.7396100433240738,1.0,1.0,habillement,0.94,True,0.7248873954551525,0.5748414731437078,0.8250607513101245,Priorite haute
a-chapeau halfa,habillement,30.0,1,1,351,134.41378917378916,1,0.7192622950819673,0.7768086075006757,1.0,1.0,habillement,0.94,True,0.7248873954551525,0.5628068187977977,0.824459018592829,Priorite haute
a-chaussures cuir glacé,habillement,245.0,1,1,351,134.41378917378916,1,0.7192622950819673,0.8227296520932068,1.0,1.0,habillement,0.94,True,0.7248873954551525,0.5486277127557609,0.8237500632907271,Priorite haute
a-sac triangle,habillement,300.0,1,1,351,134.41378917378916,1,0.7192622950819673,1.2319138580358278,1.0,1.0,habillement,0.96,True,0.7248873954551525,0.4480459657524773,0.8237209759405629,Priorite haute
a-sefseri gris,habillement,300.0,1,1,351,134.41378917378916,1,0.7192622950819673,1.2319138580358278,1.0,1.0,habillement,0.96,True,0.7248873954551525,0.4480459657524773,0.8237209759405629,Priorite haute
a-etole soie,habillement,40.0,1,1,351,134.41378917378916,1,0.7192622950819673,0.7024114791474718,1.0,1.0,habillement,0.93,True,0.7248873954551525,0.5874020542323745,0.8231887803645579,Priorite haute
a-etole sefseri,habillement,230.0,1,1,351,134.41378917378916,1,0.7192622950819673,0.711133959563401,1.0,1.0,habillement,0.93,True,0.7248873954551525,0.5844077808233973,0.823039066694109,Priorite haute
a-chaussettes falta,habillement,12.0,1,1,351,134.41378917378916,1,0.7192622950819673,0.9107234385364426,1.0,1.0,habillement,0.94,True,0.7248873954551525,0.5233619789402753,0.8224867765999528,Priorite haute
a-tongs,habillement,10.0,1,1,351,134.41378917378916,1,0.7192622950819673,0.9256028642070834,1.0,1.0,habillement,0.94,True,0.7248873954551525,0.5193178814738499,0.8222845717266316,Priorite haute
a-chaussettes ouaz,habillement,25.0,1,1,351,134.41378917378916,1,0.7192622950819673,0.8140071716772775,1.0,1.0,habillement,0.93,True,0.7248873954551525,0.551265736769593,0.8213819644914188,Priorite haute
a-pochette poisson,habillement,25.0,1,1,351,134.41378917378916,1,0.7192622950819673,0.8140071716772775,1.0,1.0,habillement,0.93,True,0.7248873954551525,0.551265736769593,0.8213819644914188,Priorite haute
a-derbies beige,habillement,160.0,1,1,351,134.41378917378916,1,0.7192622950819673,0.1903540610909742,1.0,1.0,habillement,0.86,True,0.7248873954551525,0.8400861833356436,0.8183229868197214,Priorite haute
a-nuisette body,habillement,250.0,1,1,351,134.41378917378916,1,0.7192622950819673,0.8599282162698086,1.0,1.0,habillement,0.92,True,0.7248873954551525,0.5376551585445359,0.818201435580166,Priorite haute
a-bikini,habillement,285.0,1,1,351,134.41378917378916,1,0.7192622950819673,1.1203181655060221,1.0,1.0,habillement,0.93,True,0.7248873954551525,0.471627332288287,0.8174000442673535,Priorite haute
a-urban shoes,habillement,260.0,1,1,351,134.41378917378916,1,0.7192622950819673,0.9343253446230125,1.0,1.0,habillement,0.92,True,0.7248873954551525,0.5169761140646655,0.8171674833561724,Priorite haute
a-tote bag brodé,habillement,30.0,1,1,351,134.41378917378916,1,0.7192622950819673,0.7768086075006757,1.0,1.0,habillement,0.91,True,0.7248873954551525,0.5628068187977977,0.816959018592829,Priorite haute
a-manteau rouge,habillement,350.0,1,1,351,134.41378917378916,1,0.7192622950819673,1.603899499801847,1.0,1.0,habillement,0.94,True,0.7248873954551525,0.384039399399285,0.8155206476229033,Priorite haute
a-babouches pointues,habillement,14.0,1,1,351,134.41378917378916,1,0.7192622950819673,0.8958440128658018,1.0,1.0,habillement,0.91,True,0.7248873954551525,0.5274695561521313,0.8151921554605457,Priorite haute
a-t-shirt amoureux,habillement,32.0,1,1,351,134.41378917378916,1,0.7192622950819673,0.7619291818300349,1.0,1.0,habillement,0.9,True,0.7248873954551525,0.5675597012141804,0.8146966627136482,Priorite haute
a-tote bag poissons,habillement,30.0,1,1,351,134.41378917378916,1,0.7192622950819673,0.7768086075006757,1.0,1.0,habillement,0.9,True,0.7248873954551525,0.5628068187977977,0.8144590185928291,Priorite haute
"a-tote bag ""7obb""",habillement,30.0,1,1,351,134.41378917378916,1,0.7192622950819673,0.7768086075006757,1.0,1.0,habillement,0.9,True,0.7248873954551525,0.5628068187977977,0.8144590185928291,Priorite haute
a-sac coquelicot,habillement,380.0,1,1,351,134.41378917378916,1,0.7192622950819673,1.8270908848614587,1.0,1.0,habillement,0.92,True,0.7248873954551525,0.3537204995264964,0.8090047026292639,Priorite haute
a-plateau résine,arts de la table,65.0,1,1,310,67.45709677419354,2,0.6352459016393442,0.03642458474004398,1.0,1.0,arts de la table,1.0,True,0.6118659359007829,0.9648555377049648,0.8088517379833519,Priorite haute
a-plateau dentelle,arts de la table,65.0,1,1,310,67.45709677419354,2,0.6352459016393442,0.03642458474004398,1.0,1.0,arts de la table,1.0,True,0.6118659359007829,0.9648555377049648,0.8088517379833519,Priorite haute
a-plateau inspiré tapis,arts de la table,70.0,1,1,310,67.45709677419354,2,0.6352459016393442,0.037696599908857494,1.0,1.0,arts de la table,1.0,True,0.6118659359007829,0.9636728115788676,0.808792601677047,Priorite haute
a-plateau serti emaillage,arts de la table,70.0,1,1,310,67.45709677419354,2,0.6352459016393442,0.037696599908857494,1.0,1.0,arts de la table,1.0,True,0.6118659359007829,0.9636728115788676,0.808792601677047,Priorite haute
a-plateau carré,arts de la table,70.0,1,1,310,67.45709677419354,2,0.6352459016393442,0.037696599908857494,1.0,1.0,arts de la table,1.0,True,0.6118659359007829,0.9636728115788676,0.808792601677047,Priorite haute
a-chemins de table brodés,arts de la table,68.0,1,1,310,67.45709677419354,2,0.6352459016393442,0.008048126049296904,1.0,1.0,arts de la table,0.99,True,0.6118659359007829,0.992016129149668,0.8077097675555871,Priorite haute
a-jebba satin de soie,habillement,414.48,1,1,351,134.41378917378916,1,0.7192622950819673,2.0836121834233055,1.0,1.0,habillement,0.92,True,0.7248873954551525,0.3242949957766217,0.8075334274417703,Priorite haute
a-t-shirt poissons,habillement,32.0,1,1,351,134.41378917378916,1,0.7192622950819673,0.7619291818300349,1.0,1.0,habillement,0.87,True,0.7248873954551525,0.5675597012141804,0.8071966627136481,Priorite haute
a-corbeille margoum,arts de la table,65.0,1,1,310,67.45709677419354,2,0.6352459016393442,0.03642458474004398,1.0,1.0,arts de la table,0.99,True,0.6118659359007829,0.9648555377049648,0.8063517379833519,Priorite haute
a-service étoile,arts de la table,60.0,1,1,310,67.45709677419354,2,0.6352459016393442,0.11054576938894545,1.0,1.0,arts de la table,1.0,True,0.6118659359007829,0.9004581599101755,0.8056318690936124,Priorite haute
a-plateau peint,arts de la table,60.0,1,1,310,67.45709677419354,2,0.6352459016393442,0.11054576938894545,1.0,1.0,arts de la table,1.0,True,0.6118659359007829,0.9004581599101755,0.8056318690936124,Priorite haute
a-chemin table,arts de la table,65.0,1,1,310,67.45709677419354,2,0.6352459016393442,0.03642458474004398,1.0,1.0,arts de la table,0.98,True,0.6118659359007829,0.9648555377049648,0.8038517379833519,Priorite haute
a-plateau bois,arts de la table,65.0,1,1,310,67.45709677419354,2,0.6352459016393442,0.03642458474004398,1.0,1.0,arts de la table,0.98,True,0.6118659359007829,0.9648555377049648,0.8038517379833519,Priorite haute
a-plateaux bois peints,arts de la table,70.0,1,1,310,67.45709677419354,2,0.6352459016393442,0.037696599908857494,1.0,1.0,arts de la table,0.98,True,0.6118659359007829,0.9636728115788676,0.803792601677047,Priorite haute
a-napperons et sets,arts de la table,70.0,1,1,310,67.45709677419354,2,0.6352459016393442,0.037696599908857494,1.0,1.0,arts de la table,0.98,True,0.6118659359007829,0.9636728115788676,0.803792601677047,Priorite haute
a-chemin de table laine,arts de la table,70.0,1,1,310,67.45709677419354,2,0.6352459016393442,0.037696599908857494,1.0,1.0,arts de la table,0.98,True,0.6118659359007829,0.9636728115788676,0.803792601677047,Priorite haute
a-plateau petit-déjeuner,arts de la table,60.0,1,1,310,67.45709677419354,2,0.6352459016393442,0.11054576938894545,1.0,1.0,arts de la table,0.99,True,0.6118659359007829,0.9004581599101755,0.8031318690936124,Priorite haute
a-set de table dentelle,arts de la table,60.0,1,1,310,67.45709677419354,2,0.6352459016393442,0.11054576938894545,1.0,1.0,arts de la table,0.99,True,0.6118659359007829,0.9004581599101755,0.8031318690936124,Priorite haute
a-serviettes à thé,arts de la table,60.0,1,1,310,67.45709677419354,2,0.6352459016393442,0.11054576938894545,1.0,1.0,arts de la table,0.99,True,0.6118659359007829,0.9004581599101755,0.8031318690936124,Priorite haute
a-plateau en béton,arts de la table,75.0,1,1,310,67.45709677419354,2,0.6352459016393442,0.11181778455775897,1.0,1.0,arts de la table,0.99,True,0.6118659359007829,0.8994279583302077,0.803080359014614,Priorite haute
a-centre de table,arts de la table,80.0,1,1,310,67.45709677419354,2,0.6352459016393442,0.18593896920666045,1.0,1.0,arts de la table,1.0,True,0.6118659359007829,0.8432137116372479,0.802769646679966,Priorite haute
a-fouta cape de bain,habillement,36.0,1,1,351,134.41378917378916,1,0.7192622950819673,0.7321703304887534,1.0,1.0,habillement,0.85,True,0.7248873954551525,0.5773104309654338,0.8026841992012108,Priorite haute
a-pochette beige,habillement,70.0,1,1,351,134.41378917378916,1,0.7192622950819673,0.4792200940878603,1.0,1.0,habillement,0.83,True,0.7248873954551525,0.6760319197912434,0.8026202736425012,Priorite haute
k-service à thé tulipe,arts de la table,59.0,1,1,310,67.45709677419354,2,0.6352459016393442,0.12537000631872575,1.0,1.0,arts de la table,0.99,True,0.6118659359007829,0.888596634338219,0.8025387928150146,Priorite haute
a-plateau tounsi,arts de la table,59.0,1,1,310,67.45709677419354,2,0.6352459016393442,0.12537000631872575,1.0,1.0,arts de la table,0.99,True,0.6118659359007829,0.888596634338219,0.8025387928150146,Priorite haute
a-sac coeur,habillement,414.48,1,1,351,134.41378917378916,1,0.7192622950819673,2.0836121834233055,1.0,1.0,habillement,0.9,True,0.7248873954551525,0.3242949957766217,0.8025334274417703,Priorite haute
a-saladier,arts de la table,65.0,1,1,310,67.45709677419354,2,0.6352459016393442,0.03642458474004398,1.0,1.0,arts de la table,0.97,True,0.6118659359007829,0.9648555377049648,0.8013517379833519,Priorite haute
a-poterie assiette,arts de la table,50.0,1,1,310,67.45709677419354,2,0.6352459016393442,0.2587881386867484,1.0,1.0,arts de la table,1.0,True,0.6118659359007829,0.7944148576449621,0.8003297039803517,Priorite haute
"a-grande assiette ""fusing""",arts de la table,50.0,1,1,310,67.45709677419354,2,0.6352459016393442,0.2587881386867484,1.0,1.0,arts de la table,1.0,True,0.6118659359007829,0.7944148576449621,0.8003297039803517,Priorite haute
a-tasse sous-tasse,arts de la table,50.0,1,1,310,67.45709677419354,2,0.6352459016393442,0.2587881386867484,1.0,1.0,arts de la table,1.0,True,0.6118659359007829,0.7944148576449621,0.8003297039803517,Priorite haute
a-plateau plexi,arts de la table,50.0,1,1,310,67.45709677419354,2,0.6352459016393442,0.2587881386867484,1.0,1.0,arts de la table,1.0,True,0.6118659359007829,0.7944148576449621,0.8003297039803517,Priorite haute
a-kerwena,arts de la table,50.0,1,1,310,67.45709677419354,2,0.6352459016393442,0.2587881386867484,1.0,1.0,arts de la table,1.0,True,0.6118659359007829,0.7944148576449621,0.8003297039803517,Priorite haute
a-chemin de table,arts de la table,85.0,1,1,310,67.45709677419354,2,0.6352459016393442,0.2600601538555619,1.0,1.0,arts de la table,1.0,True,0.6118659359007829,0.79361290565389,0.8002896063807982,Priorite haute
a-plateau rond,arts de la table,85.0,1,1,310,67.45709677419354,2,0.6352459016393442,0.2600601538555619,1.0,1.0,arts de la table,1.0,True,0.6118659359007829,0.79361290565389,0.8002896063807982,Priorite haute
a-service de table fleuri,arts de la table,85.0,1,1,310,67.45709677419354,2,0.6352459016393442,0.2600601538555619,1.0,1.0,arts de la table,1.0,True,0.6118659359007829,0.79361290565389,0.8002896063807982,Priorite haute
a-set apéro,arts de la table,80.0,1,1,310,67.45709677419354,2,0.6352459016393442,0.18593896920666045,1.0,1.0,arts de la table,0.99,True,0.6118659359007829,0.8432137116372479,0.800269646679966,Priorite haute
a-fouta blouza moderne,habillement,414.48,1,1,351,134.41378917378916,1,0.7192622950819673,2.0836121834233055,1.0,1.0,habillement,0.89,True,0.7248873954551525,0.3242949957766217,0.8000334274417702,Priorite haute
a-service poisson,arts de la table,78.0,1,1,310,67.45709677419354,2,0.6352459016393442,0.15629049534709985,1.0,1.0,arts de la table,0.98,True,0.6118659359007829,0.8648345757610124,0.7988506898861543,Priorite haute
a-assiette pierre kesra,arts de la table,70.0,1,1,310,67.45709677419354,2,0.6352459016393442,0.037696599908857494,1.0,1.0,arts de la table,0.96,True,0.6118659359007829,0.9636728115788676,0.798792601677047,Priorite haute
a-plateau en hêtre,arts de la table,45.0,1,1,310,67.45709677419354,2,0.6352459016393442,0.3329093233356499,1.0,1.0,arts de la table,1.0,True,0.6118659359007829,0.750238581494401,0.7981208901728236,Priorite haute
a-saladier bois,arts de la table,45.0,1,1,310,67.45709677419354,2,0.6352459016393442,0.3329093233356499,1.0,1.0,arts de la table,1.0,True,0.6118659359007829,0.750238581494401,0.7981208901728236,Priorite haute
a-plateau peint main,arts de la table,45.0,1,1,310,67.45709677419354,2,0.6352459016393442,0.3329093233356499,1.0,1.0,arts de la table,1.0,True,0.6118659359007829,0.750238581494401,0.7981208901728236,Priorite haute
a-plateau en acajou,arts de la table,45.0,1,1,310,67.45709677419354,2,0.6352459016393442,0.3329093233356499,1.0,1.0,arts de la table,1.0,True,0.6118659359007829,0.750238581494401,0.7981208901728236,Priorite haute
a-carafe peinte,arts de la table,45.0,1,1,310,67.45709677419354,2,0.6352459016393442,0.3329093233356499,1.0,1.0,arts de la table,1.0,True,0.6118659359007829,0.750238581494401,0.7981208901728236,Priorite haute
a-fonds plateau lin,arts de la table,45.0,1,1,310,67.45709677419354,2,0.6352459016393442,0.3329093233356499,1.0,1.0,arts de la table,1.0,True,0.6118659359007829,0.750238581494401,0.7981208901728236,Priorite haute
a-couscoussier,arts de la table,45.0,1,1,310,67.45709677419354,2,0.6352459016393442,0.3329093233356499,1.0,1.0,arts de la table,1.0,True,0.6118659359007829,0.750238581494401,0.7981208901728236,Priorite haute
a-plateaux peints,arts de la table,45.0,1,1,310,67.45709677419354,2,0.6352459016393442,0.3329093233356499,1.0,1.0,arts de la table,1.0,True,0.6118659359007829,0.750238581494401,0.7981208901728236,Priorite haute
a-plateau cuivre martelé sousse,arts de la table,45.0,1,1,310,67.45709677419354,2,0.6352459016393442,0.3329093233356499,1.0,1.0,arts de la table,1.0,True,0.6118659359007829,0.750238581494401,0.7981208901728236,Priorite haute
a-support bouteille,arts de la table,45.0,1,1,310,67.45709677419354,2,0.6352459016393442,0.3329093233356499,1.0,1.0,arts de la table,1.0,True,0.6118659359007829,0.750238581494401,0.7981208901728236,Priorite haute
a-plateau poissons peints,arts de la table,90.0,1,1,310,67.45709677419354,2,0.6352459016393442,0.33418133850446335,1.0,1.0,arts de la table,1.0,True,0.6118659359007829,0.7495233002741138,0.7980851261118093,Priorite haute
a-set fiançailles,arts de la table,90.0,1,1,310,67.45709677419354,2,0.6352459016393442,0.33418133850446335,1.0,1.0,arts de la table,1.0,True,0.6118659359007829,0.7495233002741138,0.7980851261118093,Priorite haute
a-plateau vili,arts de la table,90.0,1,1,310,67.45709677419354,2,0.6352459016393442,0.33418133850446335,1.0,1.0,arts de la table,1.0,True,0.6118659359007829,0.7495233002741138,0.7980851261118093,Priorite haute
a-cloche cuivre martelé,arts de la table,90.0,1,1,310,67.45709677419354,2,0.6352459016393442,0.33418133850446335,1.0,1.0,arts de la table,1.0,True,0.6118659359007829,0.7495233002741138,0.7980851261118093,Priorite haute
a-saladier sidi bouzid,arts de la table,50.0,1,1,310,67.45709677419354,2,0.6352459016393442,0.2587881386867484,1.0,1.0,arts de la table,0.99,True,0.6118659359007829,0.7944148576449621,0.7978297039803518,Priorite haute
a-plateau multicolore,arts de la table,85.0,1,1,310,67.45709677419354,2,0.6352459016393442,0.2600601538555619,1.0,1.0,arts de la table,0.99,True,0.6118659359007829,0.79361290565389,0.7977896063807982,Priorite haute
a-plateau peint sous verre avec miroir,arts de la table,80.0,1,1,310,67.45709677419354,2,0.6352459016393442,0.18593896920666045,1.0,1.0,arts de la table,0.98,True,0.6118659359007829,0.8432137116372479,0.797769646679966,Priorite haute
a-saladier chromé,arts de la table,80.0,1,1,310,67.45709677419354,2,0.6352459016393442,0.18593896920666045,1.0,1.0,arts de la table,0.98,True,0.6118659359007829,0.8432137116372479,0.797769646679966,Priorite haute
a-methred,arts de la table,68.0,1,1,310,67.45709677419354,2,0.6352459016393442,0.008048126049296904,1.0,1.0,arts de la table,0.95,True,0.6118659359007829,0.992016129149668,0.7977097675555871,Priorite haute
a-coupelle oiseau,arts de la table,70.0,1,1,310,67.45709677419354,2,0.6352459016393442,0.037696599908857494,1.0,1.0,arts de la table,0.95,True,0.6118659359007829,0.9636728115788676,0.7962926016770471,Priorite haute
a-plateau avec anse branche,arts de la table,40.0,1,1,310,67.45709677419354,2,0.6352459016393442,0.4070305079845513,1.0,1.0,arts de la table,1.0,True,0.6118659359007829,0.7107166435448603,0.7961447932753466,Priorite haute
a-plateau fibre,arts de la table,40.0,1,1,310,67.45709677419354,2,0.6352459016393442,0.4070305079845513,1.0,1.0,arts de la table,1.0,True,0.6118659359007829,0.7107166435448603,0.7961447932753466,Priorite haute
a-set de table brodé elagba,arts de la table,40.0,1,1,310,67.45709677419354,2,0.6352459016393442,0.4070305079845513,1.0,1.0,arts de la table,1.0,True,0.6118659359007829,0.7107166435448603,0.7961447932753466,Priorite haute
a-plateau ciment,arts de la table,40.0,1,1,310,67.45709677419354,2,0.6352459016393442,0.4070305079845513,1.0,1.0,arts de la table,1.0,True,0.6118659359007829,0.7107166435448603,0.7961447932753466,Priorite haute
a-sets de table jonc,arts de la table,45.0,1,1,310,67.45709677419354,2,0.6352459016393442,0.3329093233356499,1.0,1.0,arts de la table,0.99,True,0.6118659359007829,0.750238581494401,0.7956208901728237,Priorite haute
a-seau cuivre martelé,arts de la table,45.0,1,1,310,67.45709677419354,2,0.6352459016393442,0.3329093233356499,1.0,1.0,arts de la table,0.99,True,0.6118659359007829,0.750238581494401,0.7956208901728237,Priorite haute
a-corbeille bois,arts de la table,45.0,1,1,310,67.45709677419354,2,0.6352459016393442,0.3329093233356499,1.0,1.0,arts de la table,0.99,True,0.6118659359007829,0.750238581494401,0.7956208901728237,Priorite haute
a-set festonné 6 tasses,arts de la table,75.0,1,1,310,67.45709677419354,2,0.6352459016393442,0.11181778455775897,1.0,1.0,arts de la table,0.96,True,0.6118659359007829,0.8994279583302077,0.795580359014614,Priorite haute
a-set et chemin de table,arts de la table,50.0,1,1,310,67.45709677419354,2,0.6352459016393442,0.2587881386867484,1.0,1.0,arts de la table,0.98,True,0.6118659359007829,0.7944148576449621,0.7953297039803517,Priorite haute
a-s hayfa en béton,arts de la table,50.0,1,1,310,67.45709677419354,2,0.6352459016393442,0.2587881386867484,1.0,1.0,arts de la table,0.98,True,0.6118659359007829,0.7944148576449621,0.7953297039803517,Priorite haute
a-carafe,arts de la table,55.0,1,1,310,67.45709677419354,2,0.6352459016393442,0.18466695403784691,1.0,1.0,arts de la table,0.97,True,0.6118659359007829,0.8441190974320473,0.795314915969706,Priorite haute
a-plat cuivre poisson,arts de la table,85.0,1,1,310,67.45709677419354,2,0.6352459016393442,0.2600601538555619,1.0,1.0,arts de la table,0.98,True,0.6118659359007829,0.79361290565389,0.7952896063807982,Priorite haute
a-plateaux sidi bousaid,arts de la table,80.0,1,1,310,67.45709677419354,2,0.6352459016393442,0.18593896920666045,1.0,1.0,arts de la table,0.97,True,0.6118659359007829,0.8432137116372479,0.795269646679966,Priorite haute
a-service de table zen,arts de la table,99.0,1,1,310,67.45709677419354,2,0.6352459016393442,0.46759947087248604,1.0,1.0,arts de la table,1.0,True,0.6118659359007829,0.6813848191192801,0.7946782020540676,Priorite haute
a-fouta éponge,habillement,30.0,1,1,351,134.41378917378916,1,0.7192622950819673,0.7768086075006757,1.0,1.0,habillement,0.82,True,0.7248873954551525,0.5628068187977977,0.7944590185928291,Priorite haute
a-grande assiette ceramique craquelée,arts de la table,48.0,1,1,310,67.45709677419354,2,0.6352459016393442,0.288436612546309,1.0,1.0,arts de la table,0.98,True,0.6118659359007829,0.7761344176829328,0.7944156819822502,Priorite haute
a-cloche céramique,arts de la table,35.0,1,1,310,67.45709677419354,2,0.6352459016393442,0.4811516926334528,1.0,1.0,arts de la table,1.0,True,0.6118659359007829,0.6751502935003393,0.7943664757731206,Priorite haute
a-grande assiette peinte,arts de la table,35.0,1,1,310,67.45709677419354,2,0.6352459016393442,0.4811516926334528,1.0,1.0,arts de la table,1.0,True,0.6118659359007829,0.6751502935003393,0.7943664757731206,Priorite haute
a-fonds plateau et serviettes,arts de la table,35.0,1,1,310,67.45709677419354,2,0.6352459016393442,0.4811516926334528,1.0,1.0,arts de la table,1.0,True,0.6118659359007829,0.6751502935003393,0.7943664757731206,Priorite haute
a-serviettes brodées,arts de la table,35.0,1,1,310,67.45709677419354,2,0.6352459016393442,0.4811516926334528,1.0,1.0,arts de la table,1.0,True,0.6118659359007829,0.6751502935003393,0.7943664757731206,Priorite haute
a-plateaux palmier,arts de la table,100.0,1,1,310,67.45709677419354,2,0.6352459016393442,0.48242370780226634,1.0,1.0,arts de la table,1.0,True,0.6118659359007829,0.6745709709962256,0.7943375096479149,Priorite haute
a-série 3 plateaux,arts de la table,100.0,1,1,310,67.45709677419354,2,0.6352459016393442,0.48242370780226634,1.0,1.0,arts de la table,1.0,True,0.6118659359007829,0.6745709709962256,0.7943375096479149,Priorite haute
a-service à thé sousse,arts de la table,52.0,1,1,310,67.45709677419354,2,0.6352459016393442,0.2291396648271878,1.0,1.0,arts de la table,0.97,True,0.6118659359007829,0.8135771943708253,0.7937878208166449,Priorite haute
a-bol sejnane,arts de la table,40.0,1,1,310,67.45709677419354,2,0.6352459016393442,0.4070305079845513,1.0,1.0,arts de la table,0.99,True,0.6118659359007829,0.7107166435448603,0.7936447932753466,Priorite haute
a-napperon,arts de la table,40.0,1,1,310,67.45709677419354,2,0.6352459016393442,0.4070305079845513,1.0,1.0,arts de la table,0.99,True,0.6118659359007829,0.7107166435448603,0.7936447932753466,Priorite haute
a-planche,arts de la table,40.0,1,1,310,67.45709677419354,2,0.6352459016393442,0.4070305079845513,1.0,1.0,arts de la table,0.99,True,0.6118659359007829,0.7107166435448603,0.7936447932753466,Priorite haute
a-plateau sidi bousaid,arts de la table,40.0,1,1,310,67.45709677419354,2,0.6352459016393442,0.4070305079845513,1.0,1.0,arts de la table,0.99,True,0.6118659359007829,0.7107166435448603,0.7936447932753466,Priorite haute
a-plateau bleu,arts de la table,40.0,1,1,310,67.45709677419354,2,0.6352459016393442,0.4070305079845513,1.0,1.0,arts de la table,0.99,True,0.6118659359007829,0.7107166435448603,0.7936447932753466,Priorite haute
a-bonbonnière,arts de la table,40.0,1,1,310,67.45709677419354,2,0.6352459016393442,0.4070305079845513,1.0,1.0,arts de la table,0.99,True,0.6118659359007829,0.7107166435448603,0.7936447932753466,Priorite haute
a-set à thé,arts de la table,95.0,1,1,310,67.45709677419354,2,0.6352459016393442,0.40830252315336485,1.0,1.0,arts de la table,0.99,True,0.6118659359007829,0.7100747059380931,0.7936126963950083,Priorite haute
a-trio plateaux,arts de la table,60.0,1,1,310,67.45709677419354,2,0.6352459016393442,0.11054576938894545,1.0,1.0,arts de la table,0.95,True,0.6118659359007829,0.9004581599101755,0.7931318690936124,Priorite haute
a-présentoir gâteaux,arts de la table,90.0,1,1,310,67.45709677419354,2,0.6352459016393442,0.33418133850446335,1.0,1.0,arts de la table,0.98,True,0.6118659359007829,0.7495233002741138,0.7930851261118093,Priorite haute
a-planche ronde,arts de la table,38.0,1,1,310,67.45709677419354,2,0.6352459016393442,0.4366789818441119,1.0,1.0,arts de la table,0.99,True,0.6118659359007829,0.6960497178822832,0.7929114469922178,Priorite haute
a-lot cuisine,arts de la table,38.0,1,1,310,67.45709677419354,2,0.6352459016393442,0.4366789818441119,1.0,1.0,arts de la table,0.99,True,0.6118659359007829,0.6960497178822832,0.7929114469922178,Priorite haute
a-lot ustensiles,arts de la table,38.0,1,1,310,67.45709677419354,2,0.6352459016393442,0.4366789818441119,1.0,1.0,arts de la table,0.99,True,0.6118659359007829,0.6960497178822832,0.7929114469922178,Priorite haute
a-plateau noir,arts de la table,55.0,1,1,310,67.45709677419354,2,0.6352459016393442,0.18466695403784691,1.0,1.0,arts de la table,0.96,True,0.6118659359007829,0.8441190974320473,0.792814915969706,Priorite haute
a-théière sucrière,arts de la table,80.0,1,1,310,67.45709677419354,2,0.6352459016393442,0.18593896920666045,1.0,1.0,arts de la table,0.96,True,0.6118659359007829,0.8432137116372479,0.792769646679966,Priorite haute
a-porcelaine celadon,arts de la table,80.0,1,1,310,67.45709677419354,2,0.6352459016393442,0.18593896920666045,1.0,1.0,arts de la table,0.96,True,0.6118659359007829,0.8432137116372479,0.792769646679966,Priorite haute
a-plateau poissons,arts de la table,80.0,1,1,310,67.45709677419354,2,0.6352459016393442,0.18593896920666045,1.0,1.0,arts de la table,0.96,True,0.6118659359007829,0.8432137116372479,0.792769646679966,Priorite haute
a-sous-plat carreaux,arts de la table,30.0,1,1,310,67.45709677419354,2,0.6352459016393442,0.5552728772823543,1.0,1.0,arts de la table,1.0,True,0.6118659359007829,0.6429739852130486,0.7927576603587561,Priorite haute
a-sous-plat coloré,arts de la table,30.0,1,1,310,67.45709677419354,2,0.6352459016393442,0.5552728772823543,1.0,1.0,arts de la table,1.0,True,0.6118659359007829,0.6429739852130486,0.7927576603587561,Priorite haute
a-sous tasse pompon,arts de la table,30.0,1,1,310,67.45709677419354,2,0.6352459016393442,0.5552728772823543,1.0,1.0,arts de la table,1.0,True,0.6118659359007829,0.6429739852130486,0.7927576603587561,Priorite haute
a-assiette chemla,arts de la table,30.0,1,1,310,67.45709677419354,2,0.6352459016393442,0.5552728772823543,1.0,1.0,arts de la table,1.0,True,0.6118659359007829,0.6429739852130486,0.7927576603587561,Priorite haute
a-corbeille sejnene,arts de la table,30.0,1,1,310,67.45709677419354,2,0.6352459016393442,0.5552728772823543,1.0,1.0,arts de la table,1.0,True,0.6118659359007829,0.6429739852130486,0.7927576603587561,Priorite haute
a-grande assiette,arts de la table,30.0,1,1,310,67.45709677419354,2,0.6352459016393442,0.5552728772823543,1.0,1.0,arts de la table,1.0,True,0.6118659359007829,0.6429739852130486,0.7927576603587561,Priorite haute
a-mug chat,arts de la table,30.0,1,1,310,67.45709677419354,2,0.6352459016393442,0.5552728772823543,1.0,1.0,arts de la table,1.0,True,0.6118659359007829,0.6429739852130486,0.7927576603587561,Priorite haute
a-sous-tasse écolo,arts de la table,36.0,1,1,310,67.45709677419354,2,0.6352459016393442,0.4663274557036725,1.0,1.0,arts de la table,0.99,True,0.6118659359007829,0.6819759093442824,0.7922077565653178,Priorite haute
a-plateau motif chat,arts de la table,35.0,1,1,310,67.45709677419354,2,0.6352459016393442,0.4811516926334528,1.0,1.0,arts de la table,0.99,True,0.6118659359007829,0.6751502935003393,0.7918664757731206,Priorite haute
a-mortier,arts de la table,35.0,1,1,310,67.45709677419354,2,0.6352459016393442,0.4811516926334528,1.0,1.0,arts de la table,0.99,True,0.6118659359007829,0.6751502935003393,0.7918664757731206,Priorite haute
a-verres à thé peints,arts de la table,25.0,1,1,310,67.45709677419354,2,0.6352459016393442,0.6293940619312558,1.0,1.0,arts de la table,1.0,True,0.6118659359007829,0.6137250793799629,0.7912952150671018,Priorite haute
a-mug fimo,arts de la table,25.0,1,1,310,67.45709677419354,2,0.6352459016393442,0.6293940619312558,1.0,1.0,arts de la table,1.0,True,0.6118659359007829,0.6137250793799629,0.7912952150671018,Priorite haute
a-rouleau à pâtisserie,arts de la table,25.0,1,1,310,67.45709677419354,2,0.6352459016393442,0.6293940619312558,1.0,1.0,arts de la table,1.0,True,0.6118659359007829,0.6137250793799629,0.7912952150671018,Priorite haute
a-sous-verre cuir,arts de la table,25.0,1,1,310,67.45709677419354,2,0.6352459016393442,0.6293940619312558,1.0,1.0,arts de la table,1.0,True,0.6118659359007829,0.6137250793799629,0.7912952150671018,Priorite haute
a-plateau coloré,arts de la table,25.0,1,1,310,67.45709677419354,2,0.6352459016393442,0.6293940619312558,1.0,1.0,arts de la table,1.0,True,0.6118659359007829,0.6137250793799629,0.7912952150671018,Priorite haute
a-panier fruits,arts de la table,25.0,1,1,310,67.45709677419354,2,0.6352459016393442,0.6293940619312558,1.0,1.0,arts de la table,1.0,True,0.6118659359007829,0.6137250793799629,0.7912952150671018,Priorite haute
a-sous-tasse puzzle,arts de la table,25.0,1,1,310,67.45709677419354,2,0.6352459016393442,0.6293940619312558,1.0,1.0,arts de la table,1.0,True,0.6118659359007829,0.6137250793799629,0.7912952150671018,Priorite haute
a-sous-tasses branches,arts de la table,25.0,1,1,310,67.45709677419354,2,0.6352459016393442,0.6293940619312558,1.0,1.0,arts de la table,1.0,True,0.6118659359007829,0.6137250793799629,0.7912952150671018,Priorite haute
a-coupelles cuivre verre,arts de la table,45.0,1,1,310,67.45709677419354,2,0.6352459016393442,0.3329093233356499,1.0,1.0,arts de la table,0.97,True,0.6118659359007829,0.750238581494401,0.7906208901728237,Priorite haute
a-saladier bois d'olivier,arts de la table,90.0,1,1,310,67.45709677419354,2,0.6352459016393442,0.33418133850446335,1.0,1.0,arts de la table,0.97,True,0.6118659359007829,0.7495233002741138,0.7905851261118093,Priorite haute
a-mug fillette,arts de la table,30.0,1,1,310,67.45709677419354,2,0.6352459016393442,0.5552728772823543,1.0,1.0,arts de la table,0.99,True,0.6118659359007829,0.6429739852130486,0.7902576603587561,Priorite haute
a-plateau mosaïque,arts de la table,30.0,1,1,310,67.45709677419354,2,0.6352459016393442,0.5552728772823543,1.0,1.0,arts de la table,0.99,True,0.6118659359007829,0.6429739852130486,0.7902576603587561,Priorite haute
a-casserole,arts de la table,30.0,1,1,310,67.45709677419354,2,0.6352459016393442,0.5552728772823543,1.0,1.0,arts de la table,0.99,True,0.6118659359007829,0.6429739852130486,0.7902576603587561,Priorite haute
a-corbeille fruits,arts de la table,29.0,1,1,310,67.45709677419354,2,0.6352459016393442,0.5700971142121346,1.0,1.0,arts de la table,0.99,True,0.6118659359007829,0.6369032787515148,0.7899541250356794,Priorite haute
a-plateaux et bonbonnière,arts de la table,58.0,1,1,310,67.45709677419354,2,0.6352459016393442,0.14019424324850605,1.0,1.0,arts de la table,0.94,True,0.6118659359007829,0.8770435440464239,0.7894611383004247,Priorite haute
a-bols cuivre,arts de la table,35.0,1,1,310,67.45709677419354,2,0.6352459016393442,0.4811516926334528,1.0,1.0,arts de la table,0.98,True,0.6118659359007829,0.6751502935003393,0.7893664757731206,Priorite haute
a-sous-tasse bois,arts de la table,35.0,1,1,310,67.45709677419354,2,0.6352459016393442,0.4811516926334528,1.0,1.0,arts de la table,0.98,True,0.6118659359007829,0.6751502935003393,0.7893664757731206,Priorite haute
a-plateau petit déjeuner,arts de la table,35.0,1,1,310,67.45709677419354,2,0.6352459016393442,0.4811516926334528,1.0,1.0,arts de la table,0.98,True,0.6118659359007829,0.6751502935003393,0.7893664757731206,Priorite haute
a-theière peinte,arts de la table,100.0,1,1,310,67.45709677419354,2,0.6352459016393442,0.48242370780226634,1.0,1.0,arts de la table,0.98,True,0.6118659359007829,0.6745709709962256,0.7893375096479149,Priorite haute
a-soupière et bols,arts de la table,25.0,1,1,310,67.45709677419354,2,0.6352459016393442,0.6293940619312558,1.0,1.0,arts de la table,0.99,True,0.6118659359007829,0.6137250793799629,0.7887952150671018,Priorite haute
a-plateau avec broderie sous verre,arts de la table,110.0,1,1,310,67.45709677419354,2,0.6352459016393442,0.6306660771000693,1.0,1.0,arts de la table,0.99,True,0.6118659359007829,0.6132463378267928,0.7887712779894434,Priorite haute
a-assiette kesra,arts de la table,15.0,1,1,310,67.45709677419354,2,0.6352459016393442,0.7776364312290587,1.0,1.0,arts de la table,1.0,True,0.6118659359007829,0.5625447264875189,0.7887361974224796,Priorite haute
a-tebssi divers coloris,arts de la table,15.0,1,1,310,67.45709677419354,2,0.6352459016393442,0.7776364312290587,1.0,1.0,arts de la table,1.0,True,0.6118659359007829,0.5625447264875189,0.7887361974224796,Priorite haute
a-assiettes calligraphiées,arts de la table,15.0,1,1,310,67.45709677419354,2,0.6352459016393442,0.7776364312290587,1.0,1.0,arts de la table,1.0,True,0.6118659359007829,0.5625447264875189,0.7887361974224796,Priorite haute
a-coupelles céramique,arts de la table,15.0,1,1,310,67.45709677419354,2,0.6352459016393442,0.7776364312290587,1.0,1.0,arts de la table,1.0,True,0.6118659359007829,0.5625447264875189,0.7887361974224796,Priorite haute
a-napperon rond,arts de la table,15.0,1,1,310,67.45709677419354,2,0.6352459016393442,0.7776364312290587,1.0,1.0,arts de la table,1.0,True,0.6118659359007829,0.5625447264875189,0.7887361974224796,Priorite haute
a-coupelles rouges,arts de la table,15.0,1,1,310,67.45709677419354,2,0.6352459016393442,0.7776364312290587,1.0,1.0,arts de la table,1.0,True,0.6118659359007829,0.5625447264875189,0.7887361974224796,Priorite haute
a-sous plat mosaique,arts de la table,15.0,1,1,310,67.45709677419354,2,0.6352459016393442,0.7776364312290587,1.0,1.0,arts de la table,1.0,True,0.6118659359007829,0.5625447264875189,0.7887361974224796,Priorite haute
a-set table lin,arts de la table,24.0,1,1,310,67.45709677419354,2,0.6352459016393442,0.6442182988610361,1.0,1.0,arts de la table,0.99,True,0.6118659359007829,0.608191747222804,0.7885185484592439,Priorite haute
a-sous-plat,arts de la table,13.0,1,1,310,67.45709677419354,2,0.6352459016393442,0.8072849050886193,1.0,1.0,arts de la table,1.0,True,0.6118659359007829,0.5533161911463901,0.7882747706554231,Priorite haute
a-assiette creuse,arts de la table,12.5,1,1,310,67.45709677419354,2,0.6352459016393442,0.8146970235535095,1.0,1.0,arts de la table,1.0,True,0.6118659359007829,0.5510561746785789,0.7881617698320326,Priorite haute
a-porte-sushis,arts de la table,45.0,1,1,310,67.45709677419354,2,0.6352459016393442,0.3329093233356499,1.0,1.0,arts de la table,0.96,True,0.6118659359007829,0.750238581494401,0.7881208901728236,Priorite haute
a-mug,arts de la table,12.0,1,1,310,67.45709677419354,2,0.6352459016393442,0.8221091420183996,1.0,1.0,arts de la table,1.0,True,0.6118659359007829,0.5488145451552222,0.7880496883558648,Priorite haute
a-sous-tasse résine,arts de la table,12.0,1,1,310,67.45709677419354,2,0.6352459016393442,0.8221091420183996,1.0,1.0,arts de la table,1.0,True,0.6118659359007829,0.5488145451552222,0.7880496883558648,Priorite haute
a-bols céramique,arts de la table,12.0,1,1,310,67.45709677419354,2,0.6352459016393442,0.8221091420183996,1.0,1.0,arts de la table,1.0,True,0.6118659359007829,0.5488145451552222,0.7880496883558648,Priorite haute
a-serviettes et fonds de plateaux,arts de la table,50.0,1,1,310,67.45709677419354,2,0.6352459016393442,0.2587881386867484,1.0,1.0,arts de la table,0.95,True,0.6118659359007829,0.7944148576449621,0.7878297039803518,Priorite haute
a-plateau khomsa,arts de la table,30.0,1,1,310,67.45709677419354,2,0.6352459016393442,0.5552728772823543,1.0,1.0,arts de la table,0.98,True,0.6118659359007829,0.6429739852130486,0.787757660358756,Priorite haute
a-plateau rond akouda,arts de la table,30.0,1,1,310,67.45709677419354,2,0.6352459016393442,0.5552728772823543,1.0,1.0,arts de la table,0.98,True,0.6118659359007829,0.6429739852130486,0.787757660358756,Priorite haute
a-bouteille,arts de la table,10.0,1,1,310,67.45709677419354,2,0.6352459016393442,0.8517576158779602,1.0,1.0,arts de la table,1.0,True,0.6118659359007829,0.5400274806084042,0.7876103351285239,Priorite haute
a-bol poisson,arts de la table,10.0,1,1,310,67.45709677419354,2,0.6352459016393442,0.8517576158779602,1.0,1.0,arts de la table,1.0,True,0.6118659359007829,0.5400274806084042,0.7876103351285239,Priorite haute
a-assiette dessert,arts de la table,9.9,1,1,310,67.45709677419354,2,0.6352459016393442,0.8532400395709382,1.0,1.0,arts de la table,1.0,True,0.6118659359007829,0.539595507677203,0.7875887364819638,Priorite haute
a-mindil beya,arts de la table,9.9,1,1,310,67.45709677419354,2,0.6352459016393442,0.8532400395709382,1.0,1.0,arts de la table,1.0,True,0.6118659359007829,0.539595507677203,0.7875887364819638,Priorite haute
"a-petite assiette ""fusing""",arts de la table,20.0,1,1,310,67.45709677419354,2,0.6352459016393442,0.7035152465801572,1.0,1.0,arts de la table,0.99,True,0.6118659359007829,0.5870214557853364,0.7874600338873705,Priorite haute
a-sous-tasse faïence,arts de la table,20.0,1,1,310,67.45709677419354,2,0.6352459016393442,0.7035152465801572,1.0,1.0,arts de la table,0.99,True,0.6118659359007829,0.5870214557853364,0.7874600338873705,Priorite haute
a-sous tasses peintes sous verre,arts de la table,8.0,1,1,310,67.45709677419354,2,0.6352459016393442,0.8814060897375208,1.0,1.0,arts de la table,1.0,True,0.6118659359007829,0.5315173611134172,0.7871848291537744,Priorite haute
a-sous-tasse poisson peinte sous verre,arts de la table,8.0,1,1,310,67.45709677419354,2,0.6352459016393442,0.8814060897375208,1.0,1.0,arts de la table,1.0,True,0.6118659359007829,0.5315173611134172,0.7871848291537744,Priorite haute
a-céramique peinte,arts de la table,7.0,1,1,310,67.45709677419354,2,0.6352459016393442,0.8962303266673011,1.0,1.0,arts de la table,1.0,True,0.6118659359007829,0.5273620962267486,0.786977065909441,Priorite haute
a-plat fruits,arts de la table,35.0,1,1,310,67.45709677419354,2,0.6352459016393442,0.4811516926334528,1.0,1.0,arts de la table,0.97,True,0.6118659359007829,0.6751502935003393,0.7868664757731206,Priorite haute
a-plateau,arts de la table,35.0,1,1,310,67.45709677419354,2,0.6352459016393442,0.4811516926334528,1.0,1.0,arts de la table,0.97,True,0.6118659359007829,0.6751502935003393,0.7868664757731206,Priorite haute
a-plateau apéro,arts de la table,35.0,1,1,310,67.45709677419354,2,0.6352459016393442,0.4811516926334528,1.0,1.0,arts de la table,0.97,True,0.6118659359007829,0.6751502935003393,0.7868664757731206,Priorite haute
a-tebssi bleu/blanc,arts de la table,35.0,1,1,310,67.45709677419354,2,0.6352459016393442,0.4811516926334528,1.0,1.0,arts de la table,0.97,True,0.6118659359007829,0.6751502935003393,0.7868664757731206,Priorite haute
a-plateau faïence,arts de la table,130.0,1,1,310,67.45709677419354,2,0.6352459016393442,0.9271508156956751,1.0,1.0,arts de la table,1.0,True,0.6118659359007829,0.5189007481176369,0.7865539985039854,Priorite haute
a-assiette céramique poisson,arts de la table,25.0,1,1,310,67.45709677419354,2,0.6352459016393442,0.6293940619312558,1.0,1.0,arts de la table,0.98,True,0.6118659359007829,0.6137250793799629,0.7862952150671018,Priorite haute
a-porte-serviette,arts de la table,25.0,1,1,310,67.45709677419354,2,0.6352459016393442,0.6293940619312558,1.0,1.0,arts de la table,0.98,True,0.6118659359007829,0.6137250793799629,0.7862952150671018,Priorite haute
a-set cerise,arts de la table,15.0,1,1,310,67.45709677419354,2,0.6352459016393442,0.7776364312290587,1.0,1.0,arts de la table,0.99,True,0.6118659359007829,0.5625447264875189,0.7862361974224796,Priorite haute
a-plat sejnene,arts de la table,15.0,1,1,310,67.45709677419354,2,0.6352459016393442,0.7776364312290587,1.0,1.0,arts de la table,0.99,True,0.6118659359007829,0.5625447264875189,0.7862361974224796,Priorite haute
a-serviettes brodées ras jbel,arts de la table,15.0,1,1,310,67.45709677419354,2,0.6352459016393442,0.7776364312290587,1.0,1.0,arts de la table,0.99,True,0.6118659359007829,0.5625447264875189,0.7862361974224796,Priorite haute
a-petite assiette peinte,arts de la table,15.0,1,1,310,67.45709677419354,2,0.6352459016393442,0.7776364312290587,1.0,1.0,arts de la table,0.99,True,0.6118659359007829,0.5625447264875189,0.7862361974224796,Priorite haute
a-plateaux africains,arts de la table,120.0,1,1,310,67.45709677419354,2,0.6352459016393442,0.7789084463978722,1.0,1.0,arts de la table,0.99,True,0.6118659359007829,0.5621424767670923,0.7862160849364582,Priorite haute
a-plateau circulaire,arts de la table,120.0,1,1,310,67.45709677419354,2,0.6352459016393442,0.7789084463978722,1.0,1.0,arts de la table,0.99,True,0.6118659359007829,0.5621424767670923,0.7862160849364582,Priorite haute
a-fond plateau lin floral,arts de la table,40.0,1,1,310,67.45709677419354,2,0.6352459016393442,0.4070305079845513,1.0,1.0,arts de la table,0.96,True,0.6118659359007829,0.7107166435448603,0.7861447932753466,Priorite haute
a-sous-verre,arts de la table,14.0,1,1,310,67.45709677419354,2,0.6352459016393442,0.792460668158839,1.0,1.0,arts de la table,0.99,True,0.6118659359007829,0.5578922973117003,0.7860035759636886,Priorite haute
a-2 plats bois olivier,arts de la table,14.0,1,1,310,67.45709677419354,2,0.6352459016393442,0.792460668158839,1.0,1.0,arts de la table,0.99,True,0.6118659359007829,0.5578922973117003,0.7860035759636886,Priorite haute
a-fonds de plateau,arts de la table,45.0,1,1,310,67.45709677419354,2,0.6352459016393442,0.3329093233356499,1.0,1.0,arts de la table,0.95,True,0.6118659359007829,0.750238581494401,0.7856208901728237,Priorite haute
a-plateau céramique,arts de la table,135.0,1,1,310,67.45709677419354,2,0.6352459016393442,1.0012720003445765,1.0,1.0,arts de la table,1.0,True,0.6118659359007829,0.49968220203341734,0.7855930711997745,Priorite haute
a-verre à pied,arts de la table,12.0,1,1,310,67.45709677419354,2,0.6352459016393442,0.8221091420183996,1.0,1.0,arts de la table,0.99,True,0.6118659359007829,0.5488145451552222,0.7855496883558648,Priorite haute
a-sous-tasses macramé,arts de la table,12.0,1,1,310,67.45709677419354,2,0.6352459016393442,0.8221091420183996,1.0,1.0,arts de la table,0.99,True,0.6118659359007829,0.5488145451552222,0.7855496883558648,Priorite haute
a-planchette,arts de la table,12.0,1,1,310,67.45709677419354,2,0.6352459016393442,0.8221091420183996,1.0,1.0,arts de la table,0.99,True,0.6118659359007829,0.5488145451552222,0.7855496883558648,Priorite haute
a-serviettes lin,arts de la table,11.0,1,1,310,67.45709677419354,2,0.6352459016393442,0.8369333789481799,1.0,1.0,arts de la table,0.99,True,0.6118659359007829,0.5443855566349367,0.7853282389298505,Priorite haute
a-plat poisson,arts de la table,10.0,1,1,310,67.45709677419354,2,0.6352459016393442,0.8517576158779602,1.0,1.0,arts de la table,0.99,True,0.6118659359007829,0.5400274806084042,0.7851103351285239,Priorite haute
a-verre recyclé,arts de la table,10.0,1,1,310,67.45709677419354,2,0.6352459016393442,0.8517576158779602,1.0,1.0,arts de la table,0.99,True,0.6118659359007829,0.5400274806084042,0.7851103351285239,Priorite haute
a-methrad verre fusionné,arts de la table,125.0,1,1,310,67.45709677419354,2,0.6352459016393442,0.8530296310467737,1.0,1.0,arts de la table,0.99,True,0.6118659359007829,0.5396567778762941,0.7850917999919184,Priorite haute
a-plat carré,arts de la table,9.5,1,1,310,67.45709677419354,2,0.6352459016393442,0.8591697343428503,1.0,1.0,arts de la table,0.99,True,0.6118659359007829,0.5378745046930662,0.7850026863327569,Priorite haute
a-assiette noire,arts de la table,20.0,1,1,310,67.45709677419354,2,0.6352459016393442,0.7035152465801572,1.0,1.0,arts de la table,0.98,True,0.6118659359007829,0.5870214557853364,0.7849600338873705,Priorite haute
a-tasse,arts de la table,20.0,1,1,310,67.45709677419354,2,0.6352459016393442,0.7035152465801572,1.0,1.0,arts de la table,0.98,True,0.6118659359007829,0.5870214557853364,0.7849600338873705,Priorite haute
a-coquetier,arts de la table,9.0,1,1,310,67.45709677419354,2,0.6352459016393442,0.8665818528077405,1.0,1.0,arts de la table,0.99,True,0.6118659359007829,0.5357386275323447,0.7848958924747209,Priorite haute
a-mini couffin fleuri,habillement,30.0,1,1,351,134.41378917378916,1,0.7192622950819673,0.7768086075006757,1.0,1.0,habillement,0.78,True,0.7248873954551525,0.5628068187977977,0.7844590185928291,Priorite haute
a-jattes superposables,arts de la table,100.0,1,1,310,67.45709677419354,2,0.6352459016393442,0.48242370780226634,1.0,1.0,arts de la table,0.96,True,0.6118659359007829,0.6745709709962256,0.7843375096479149,Priorite haute
a-plateau faience bois rouge,arts de la table,100.0,1,1,310,67.45709677419354,2,0.6352459016393442,0.48242370780226634,1.0,1.0,arts de la table,0.96,True,0.6118659359007829,0.6745709709962256,0.7843375096479149,Priorite haute
a-ramequin sahélien,arts de la table,26.0,1,1,310,67.45709677419354,2,0.6352459016393442,0.6145698250014755,1.0,1.0,arts de la table,0.97,True,0.6118659359007829,0.6193600205547544,0.7840769621258413,Priorite haute
a-sucrière cuivre,arts de la table,25.0,1,1,310,67.45709677419354,2,0.6352459016393442,0.6293940619312558,1.0,1.0,arts de la table,0.97,True,0.6118659359007829,0.6137250793799629,0.7837952150671018,Priorite haute
a-napperon crochet,arts de la table,25.0,1,1,310,67.45709677419354,2,0.6352459016393442,0.6293940619312558,1.0,1.0,arts de la table,0.97,True,0.6118659359007829,0.6137250793799629,0.7837952150671018,Priorite haute
a-petite assiette céramique craquelée,arts de la table,15.0,1,1,310,67.45709677419354,2,0.6352459016393442,0.7776364312290587,1.0,1.0,arts de la table,0.98,True,0.6118659359007829,0.5625447264875189,0.7837361974224796,Priorite haute
a-verre cuivre,arts de la table,120.0,1,1,310,67.45709677419354,2,0.6352459016393442,0.7789084463978722,1.0,1.0,arts de la table,0.98,True,0.6118659359007829,0.5621424767670923,0.7837160849364582,Priorite haute
a-sous-tasse,arts de la table,3.0,1,1,310,67.45709677419354,2,0.6352459016393442,0.9555272743864223,1.0,1.0,arts de la table,0.99,True,0.6118659359007829,0.5113710317918045,0.7836775126876939,Priorite haute
a-set jonc,arts de la table,14.0,1,1,310,67.45709677419354,2,0.6352459016393442,0.792460668158839,1.0,1.0,arts de la table,0.98,True,0.6118659359007829,0.5578922973117003,0.7835035759636886,Priorite haute
a-verre craquelé cuivre,arts de la table,150.0,1,1,310,67.45709677419354,2,0.6352459016393442,1.2236355542912811,1.0,1.0,arts de la table,1.0,True,0.6118659359007829,0.4497139821631971,0.7830946602062635,Priorite haute
a-soupière,arts de la table,150.0,1,1,310,67.45709677419354,2,0.6352459016393442,1.2236355542912811,1.0,1.0,arts de la table,1.0,True,0.6118659359007829,0.4497139821631971,0.7830946602062635,Priorite haute
a-seau,arts de la table,150.0,1,1,310,67.45709677419354,2,0.6352459016393442,1.2236355542912811,1.0,1.0,arts de la table,1.0,True,0.6118659359007829,0.4497139821631971,0.7830946602062635,Priorite haute
a-coupe cristal,arts de la table,150.0,1,1,310,67.45709677419354,2,0.6352459016393442,1.2236355542912811,1.0,1.0,arts de la table,1.0,True,0.6118659359007829,0.4497139821631971,0.7830946602062635,Priorite haute
a-trio en cuivre pour tapenade,arts de la table,135.0,1,1,310,67.45709677419354,2,0.6352459016393442,1.0012720003445765,1.0,1.0,arts de la table,0.99,True,0.6118659359007829,0.49968220203341734,0.7830930711997746,Priorite haute
a-verres,arts de la table,55.0,1,1,310,67.45709677419354,2,0.6352459016393442,0.18466695403784691,1.0,1.0,arts de la table,0.92,True,0.6118659359007829,0.8441190974320473,0.7828149159697061,Priorite haute
a-plateau halfa,arts de la table,30.0,1,1,310,67.45709677419354,2,0.6352459016393442,0.5552728772823543,1.0,1.0,arts de la table,0.96,True,0.6118659359007829,0.6429739852130486,0.782757660358756,Priorite haute
a-plat multicolore,arts de la table,30.0,1,1,310,67.45709677419354,2,0.6352459016393442,0.5552728772823543,1.0,1.0,arts de la table,0.96,True,0.6118659359007829,0.6429739852130486,0.782757660358756,Priorite haute
a-tagine,arts de la table,105.0,1,1,310,67.45709677419354,2,0.6352459016393442,0.5565448924511678,1.0,1.0,arts de la table,0.96,True,0.6118659359007829,0.6424485441118571,0.7827313883036965,Priorite haute
a-poêle sejnene,arts de la table,10.0,1,1,310,67.45709677419354,2,0.6352459016393442,0.8517576158779602,1.0,1.0,arts de la table,0.98,True,0.6118659359007829,0.5400274806084042,0.7826103351285238,Priorite haute
a-plateaux cuivre,arts de la table,138.0,1,1,310,67.45709677419354,2,0.6352459016393442,1.0457447111339175,1.0,1.0,arts de la table,0.99,True,0.6118659359007829,0.4888195455461884,0.7825499383754131,Priorite haute
a-set de table brodé,arts de la table,20.0,1,1,310,67.45709677419354,2,0.6352459016393442,0.7035152465801572,1.0,1.0,arts de la table,0.97,True,0.6118659359007829,0.5870214557853364,0.7824600338873705,Priorite haute
a-verre thé cuivre/verre,arts de la table,20.0,1,1,310,67.45709677419354,2,0.6352459016393442,0.7035152465801572,1.0,1.0,arts de la table,0.97,True,0.6118659359007829,0.5870214557853364,0.7824600338873705,Priorite haute
a-assiettes nabeul,arts de la table,20.0,1,1,310,67.45709677419354,2,0.6352459016393442,0.7035152465801572,1.0,1.0,arts de la table,0.97,True,0.6118659359007829,0.5870214557853364,0.7824600338873705,Priorite haute
k-sélection de verres lella craquelé transparent,arts de la table,99.0,1,1,310,67.45709677419354,2,0.6352459016393442,0.46759947087248604,1.0,1.0,arts de la table,0.95,True,0.6118659359007829,0.6813848191192801,0.7821782020540676,Priorite haute
a-saladier amamou,arts de la table,7.0,1,1,310,67.45709677419354,2,0.6352459016393442,0.8962303266673011,1.0,1.0,arts de la table,0.98,True,0.6118659359007829,0.5273620962267486,0.781977065909441,Priorite haute
a-verre à thé,arts de la table,7.0,1,1,310,67.45709677419354,2,0.6352459016393442,0.8962303266673011,1.0,1.0,arts de la table,0.98,True,0.6118659359007829,0.5273620962267486,0.781977065909441,Priorite haute
a-mug poissons,arts de la table,18.0,1,1,310,67.45709677419354,2,0.6352459016393442,0.7331637204397178,1.0,1.0,arts de la table,0.97,True,0.6118659359007829,0.5769795364434999,0.7819579379202787,Priorite haute
a-service à café verre/cuivre,arts de la table,159.0,1,1,310,67.45709677419354,2,0.6352459016393442,1.3570536866593037,1.0,1.0,arts de la table,1.0,True,0.6118659359007829,0.4242584738989627,0.7818218847930517,Priorite haute
a-mug coloré,arts de la table,16.0,1,1,310,67.45709677419354,2,0.6352459016393442,0.7628121942992784,1.0,1.0,arts de la table,0.97,True,0.6118659359007829,0.5672754041717428,0.7814727313066908,Priorite haute
a-plat de sejnene,arts de la table,25.0,1,1,310,67.45709677419354,2,0.6352459016393442,0.6293940619312558,1.0,1.0,arts de la table,0.96,True,0.6118659359007829,0.6137250793799629,0.7812952150671018,Priorite haute
a-plateau bleu ciel,arts de la table,110.0,1,1,310,67.45709677419354,2,0.6352459016393442,0.6306660771000693,1.0,1.0,arts de la table,0.96,True,0.6118659359007829,0.6132463378267928,0.7812712779894433,Priorite haute
a-cloche en cuivre,arts de la table,110.0,1,1,310,67.45709677419354,2,0.6352459016393442,0.6306660771000693,1.0,1.0,arts de la table,0.96,True,0.6118659359007829,0.6132463378267928,0.7812712779894433,Priorite haute
a-assiette rouge,arts de la table,15.0,1,1,310,67.45709677419354,2,0.6352459016393442,0.7776364312290587,1.0,1.0,arts de la table,0.97,True,0.6118659359007829,0.5625447264875189,0.7812361974224796,Priorite haute
a-service turquoise,arts de la table,120.0,1,1,310,67.45709677419354,2,0.6352459016393442,0.7789084463978722,1.0,1.0,arts de la table,0.97,True,0.6118659359007829,0.5621424767670923,0.7812160849364582,Priorite haute
k-pack lella craquelé miel,arts de la table,164.0,1,1,310,67.45709677419354,2,0.6352459016393442,1.431174871308205,1.0,1.0,arts de la table,1.0,True,0.6118659359007829,0.41132376440774254,0.7811751493184907,Priorite haute
k-pack lella craquelé turquoise,arts de la table,164.0,1,1,310,67.45709677419354,2,0.6352459016393442,1.431174871308205,1.0,1.0,arts de la table,1.0,True,0.6118659359007829,0.41132376440774254,0.7811751493184907,Priorite haute
a-plat poisson cuivre,arts de la table,150.0,1,1,310,67.45709677419354,2,0.6352459016393442,1.2236355542912811,1.0,1.0,arts de la table,0.99,True,0.6118659359007829,0.4497139821631971,0.7805946602062636,Priorite haute
a-corbeille,arts de la table,20.0,1,1,310,67.45709677419354,2,0.6352459016393442,0.7035152465801572,1.0,1.0,arts de la table,0.96,True,0.6118659359007829,0.5870214557853364,0.7799600338873705,Priorite haute
a-plateau cuivre,arts de la table,140.0,1,1,310,67.45709677419354,2,0.6352459016393442,1.0753931849934781,1.0,1.0,arts de la table,0.98,True,0.6118659359007829,0.4818364092311223,0.7797007815596597,Priorite haute
a-sous-tasse crochet,arts de la table,8.0,1,1,310,67.45709677419354,2,0.6352459016393442,0.8814060897375208,1.0,1.0,arts de la table,0.97,True,0.6118659359007829,0.5315173611134172,0.7796848291537746,Priorite haute
a-cuillère avec support,arts de la table,28.0,1,1,310,67.45709677419354,2,0.6352459016393442,0.5849213511419149,1.0,1.0,arts de la table,0.95,True,0.6118659359007829,0.6309461345066196,0.7796562678234347,Priorite haute
a-tagine coloré,arts de la table,18.0,1,1,310,67.45709677419354,2,0.6352459016393442,0.7331637204397178,1.0,1.0,arts de la table,0.96,True,0.6118659359007829,0.5769795364434999,0.7794579379202786,Priorite haute
a-cache-bouteille,arts de la table,18.0,1,1,310,67.45709677419354,2,0.6352459016393442,0.7331637204397178,1.0,1.0,arts de la table,0.96,True,0.6118659359007829,0.5769795364434999,0.7794579379202786,Priorite haute
a-coupe turquoise peinte or,arts de la table,35.0,1,1,310,67.45709677419354,2,0.6352459016393442,0.4811516926334528,1.0,1.0,arts de la table,0.94,True,0.6118659359007829,0.6751502935003393,0.7793664757731206,Priorite haute
a-service à thé céramique raku,arts de la table,180.0,1,1,310,67.45709677419354,2,0.6352459016393442,1.6683626621846899,1.0,1.0,arts de la table,1.0,True,0.6118659359007829,0.37476165221906604,0.7793470437090569,Priorite haute
a-service céramique,arts de la table,180.0,1,1,310,67.45709677419354,2,0.6352459016393442,1.6683626621846899,1.0,1.0,arts de la table,1.0,True,0.6118659359007829,0.37476165221906604,0.7793470437090569,Priorite haute
a-sous-tasses peintes,arts de la table,6.0,1,1,310,67.45709677419354,2,0.6352459016393442,0.9110545635970814,1.0,1.0,arts de la table,0.97,True,0.6118659359007829,0.5232712969313396,0.7792725259446707,Priorite haute
a-kit de table,arts de la table,142.6,1,1,310,67.45709677419354,2,0.6352459016393442,1.1139362010109068,1.0,1.0,arts de la table,0.98,True,0.6118659359007829,0.47305117321979223,0.7792615197590932,Priorite haute
a-service jaune,arts de la table,160.0,1,1,310,67.45709677419354,2,0.6352459016393442,1.371877923589084,1.0,1.0,arts de la table,0.99,True,0.6118659359007829,0.4216068584536668,0.779189304020787,Priorite haute
a-plateau rectangulaire faïence,arts de la table,160.0,1,1,310,67.45709677419354,2,0.6352459016393442,1.371877923589084,1.0,1.0,arts de la table,0.99,True,0.6118659359007829,0.4216068584536668,0.779189304020787,Priorite haute
a-planche bois résine,arts de la table,130.0,1,1,310,67.45709677419354,2,0.6352459016393442,0.9271508156956751,1.0,1.0,arts de la table,0.97,True,0.6118659359007829,0.5189007481176369,0.7790539985039855,Priorite haute
a-sous-plat halfa,arts de la table,4.5,1,1,310,67.45709677419354,2,0.6352459016393442,0.9332909189917518,1.0,1.0,arts de la table,0.97,True,0.6118659359007829,0.5172527270347492,0.7789715974498411,Priorite haute
a-cuillères miel,arts de la table,4.0,1,1,310,67.45709677419354,2,0.6352459016393442,0.940703037456642,1.0,1.0,arts de la table,0.97,True,0.6118659359007829,0.5152771859988092,0.7788728203980442,Priorite haute
a-boîte à chocolat,arts de la table,65.0,1,1,310,67.45709677419354,2,0.6352459016393442,0.03642458474004398,1.0,1.0,arts de la table,0.88,True,0.6118659359007829,0.9648555377049648,0.7788517379833519,Priorite haute
a-coupelles vert d'eau,arts de la table,25.0,1,1,310,67.45709677419354,2,0.6352459016393442,0.6293940619312558,1.0,1.0,arts de la table,0.95,True,0.6118659359007829,0.6137250793799629,0.7787952150671018,Priorite haute
"a-corbeille ""halfa"" kasserine",arts de la table,15.0,1,1,310,67.45709677419354,2,0.6352459016393442,0.7776364312290587,1.0,1.0,arts de la table,0.96,True,0.6118659359007829,0.5625447264875189,0.7787361974224796,Priorite haute
a-plat fleur bleue,arts de la table,15.0,1,1,310,67.45709677419354,2,0.6352459016393442,0.7776364312290587,1.0,1.0,arts de la table,0.96,True,0.6118659359007829,0.5625447264875189,0.7787361974224796,Priorite haute
a-3 feuilles,arts de la table,120.0,1,1,310,67.45709677419354,2,0.6352459016393442,0.7789084463978722,1.0,1.0,arts de la table,0.96,True,0.6118659359007829,0.5621424767670923,0.7787160849364582,Priorite haute
a-mug bleu blanc,arts de la table,3.0,1,1,310,67.45709677419354,2,0.6352459016393442,0.9555272743864223,1.0,1.0,arts de la table,0.97,True,0.6118659359007829,0.5113710317918045,0.7786775126876939,Priorite haute
k-pack lella craquelé bleu foncé,arts de la table,164.0,1,1,310,67.45709677419354,2,0.6352459016393442,1.431174871308205,1.0,1.0,arts de la table,0.99,True,0.6118659359007829,0.41132376440774254,0.7786751493184908,Priorite haute
a-plateau design,arts de la table,147.0,1,1,310,67.45709677419354,2,0.6352459016393442,1.1791628435019401,1.0,1.0,arts de la table,0.98,True,0.6118659359007829,0.45889181847144034,0.7785535520216756,Priorite haute
a-plat apero,arts de la table,14.0,1,1,310,67.45709677419354,2,0.6352459016393442,0.792460668158839,1.0,1.0,arts de la table,0.96,True,0.6118659359007829,0.5578922973117003,0.7785035759636886,Priorite haute
a-tasse et sous-tasse,arts de la table,2.0,1,1,310,67.45709677419354,2,0.6352459016393442,0.9703515113162026,1.0,1.0,arts de la table,0.97,True,0.6118659359007829,0.5075236546660631,0.7784851438314068,Priorite haute
a-présentoir,arts de la table,170.0,1,1,310,67.45709677419354,2,0.6352459016393442,1.5201202928868869,1.0,1.0,arts de la table,0.99,True,0.6118659359007829,0.3968064551611006,0.7779492838561587,Priorite haute
a-serveur complet,arts de la table,170.0,1,1,310,67.45709677419354,2,0.6352459016393442,1.5201202928868869,1.0,1.0,arts de la table,0.99,True,0.6118659359007829,0.3968064551611006,0.7779492838561587,Priorite haute
a-série de bols,arts de la table,55.0,1,1,310,67.45709677419354,2,0.6352459016393442,0.18466695403784691,1.0,1.0,arts de la table,0.9,True,0.6118659359007829,0.8441190974320473,0.7778149159697061,Priorite haute
a-cuillères grès noir,arts de la table,8.0,1,1,310,67.45709677419354,2,0.6352459016393442,0.8814060897375208,1.0,1.0,arts de la table,0.96,True,0.6118659359007829,0.5315173611134172,0.7771848291537744,Priorite haute
k-sélection de verres lella craquelé bleu foncé,arts de la table,99.0,1,1,310,67.45709677419354,2,0.6352459016393442,0.46759947087248604,1.0,1.0,arts de la table,0.93,True,0.6118659359007829,0.6813848191192801,0.7771782020540676,Priorite haute
a-saladier b. olivier,arts de la table,87.0,1,1,310,67.45709677419354,2,0.6352459016393442,0.2897086277151225,1.0,1.0,arts de la table,0.91,True,0.6118659359007829,0.7753689310209725,0.7768774076491523,Priorite haute
a-linge de table,arts de la table,180.0,1,1,310,67.45709677419354,2,0.6352459016393442,1.6683626621846899,1.0,1.0,arts de la table,0.99,True,0.6118659359007829,0.37476165221906604,0.776847043709057,Priorite haute
a-assiette amamou,arts de la table,5.0,1,1,310,67.45709677419354,2,0.6352459016393442,0.9258788005268617,1.0,1.0,arts de la table,0.96,True,0.6118659359007829,0.5192434745771284,0.77657113482696,Priorite haute
a-3 bowls,arts de la table,47.0,1,1,310,67.45709677419354,2,0.6352459016393442,0.3032608494760893,1.0,1.0,arts de la table,0.91,True,0.6118659359007829,0.7673061002346536,0.7764742661098363,Priorite haute
a-bol calligraphié,arts de la table,4.0,1,1,310,67.45709677419354,2,0.6352459016393442,0.940703037456642,1.0,1.0,arts de la table,0.96,True,0.6118659359007829,0.5152771859988092,0.776372820398044,Priorite haute
a-service bleu foncé,arts de la table,120.0,1,1,310,67.45709677419354,2,0.6352459016393442,0.7789084463978722,1.0,1.0,arts de la table,0.95,True,0.6118659359007829,0.5621424767670923,0.7762160849364582,Priorite haute
a-set coquelicot,arts de la table,120.0,1,1,310,67.45709677419354,2,0.6352459016393442,0.7789084463978722,1.0,1.0,arts de la table,0.95,True,0.6118659359007829,0.5621424767670923,0.7762160849364582,Priorite haute
a-kanoun,arts de la table,3.0,1,1,310,67.45709677419354,2,0.6352459016393442,0.9555272743864223,1.0,1.0,arts de la table,0.96,True,0.6118659359007829,0.5113710317918045,0.7761775126876939,Priorite haute
k-pack lotus bloom desk,arts de la table,56.0,1,1,310,67.45709677419354,2,0.6352459016393442,0.16984271710806662,1.0,1.0,arts de la table,0.89,True,0.6118659359007829,0.8548157674324548,0.7758497494697264,Priorite haute
a-maillot enfant,habillement,20.0,1,1,351,134.41378917378916,1,0.7192622950819673,0.8512057358538795,1.0,1.0,habillement,0.75,True,0.7248873954551525,0.5401884731837999,0.7758281013121291,Priorite haute
a-plat rond,arts de la table,50.0,1,1,310,67.45709677419354,2,0.6352459016393442,0.2587881386867484,1.0,1.0,arts de la table,0.9,True,0.6118659359007829,0.7944148576449621,0.7753297039803518,Priorite haute
a-service à thé weart,arts de la table,230.0,1,1,310,67.45709677419354,2,0.6352459016393442,2.4095745086737046,1.0,1.0,arts de la table,1.0,True,0.6118659359007829,0.293291728177834,0.7752735475069953,Priorite haute
a-tasse porcelaine peinte,arts de la table,200.0,1,1,310,67.45709677419354,2,0.6352459016393442,1.9648474007802958,1.0,1.0,arts de la table,0.99,True,0.6118659359007829,0.33728548718454027,0.7749732354573307,Priorite haute
a-plateau turquoise,arts de la table,20.0,1,1,310,67.45709677419354,2,0.6352459016393442,0.7035152465801572,1.0,1.0,arts de la table,0.94,True,0.6118659359007829,0.5870214557853364,0.7749600338873704,Priorite haute
a-3 plateaux,arts de la table,175.0,1,1,310,67.45709677419354,2,0.6352459016393442,1.5942414775357885,1.0,1.0,arts de la table,0.98,True,0.6118659359007829,0.3854691279355681,0.774882417494882,Priorite haute
a-set de thé brodé,arts de la table,140.0,1,1,310,67.45709677419354,2,0.6352459016393442,1.0753931849934781,1.0,1.0,arts de la table,0.96,True,0.6118659359007829,0.4818364092311223,0.7747007815596597,Priorite haute
a-plateau cuivre martelé,arts de la table,240.0,1,1,310,67.45709677419354,2,0.6352459016393442,2.557816877971508,1.0,1.0,arts de la table,1.0,True,0.6118659359007829,0.2810712395546762,0.7746625230758374,Priorite haute
a-grand tebssi,arts de la table,18.0,1,1,310,67.45709677419354,2,0.6352459016393442,0.7331637204397178,1.0,1.0,arts de la table,0.94,True,0.6118659359007829,0.5769795364434999,0.7744579379202786,Priorite haute
a-plateaux bois palmier,arts de la table,195.0,1,1,310,67.45709677419354,2,0.6352459016393442,1.8907262161313942,1.0,1.0,arts de la table,0.98,True,0.6118659359007829,0.3459338329654344,0.7729056527463753,Priorite haute
a-methred cuivre,arts de la table,230.0,1,1,310,67.45709677419354,2,0.6352459016393442,2.4095745086737046,1.0,1.0,arts de la table,0.99,True,0.6118659359007829,0.293291728177834,0.7727735475069953,Priorite haute
a-plateau cuivre gravé,arts de la table,280.0,1,1,310,67.45709677419354,2,0.6352459016393442,3.1507863551627193,1.0,1.0,arts de la table,1.0,True,0.6118659359007829,0.24091820547598336,0.7726548713719028,Priorite haute
a-mugs colorés,arts de la table,18.0,1,1,310,67.45709677419354,2,0.6352459016393442,0.7331637204397178,1.0,1.0,arts de la table,0.93,True,0.6118659359007829,0.5769795364434999,0.7719579379202787,Priorite haute
a-mini jarre,arts de la table,34.9,1,1,310,67.45709677419354,2,0.6352459016393442,0.4826341163264309,1.0,1.0,arts de la table,0.91,True,0.6118659359007829,0.6744752390277726,0.7718327230494922,Priorite haute
a-herisson porte cure-dents,arts de la table,6.0,1,1,310,67.45709677419354,2,0.6352459016393442,0.9110545635970814,1.0,1.0,arts de la table,0.94,True,0.6118659359007829,0.5232712969313396,0.7717725259446706,Priorite haute
k-la carafe lella miel,arts de la table,65.0,1,1,310,67.45709677419354,2,0.6352459016393442,0.03642458474004398,1.0,1.0,arts de la table,0.85,True,0.6118659359007829,0.9648555377049648,0.7713517379833519,Priorite haute
a-service de table,arts de la table,255.0,1,1,310,67.45709677419354,2,0.6352459016393442,2.780180431918212,1.0,1.0,arts de la table,0.99,True,0.6118659359007829,0.26453763729276825,0.771335842962742,Priorite haute
a-plat tajine,arts de la table,15.0,1,1,310,67.45709677419354,2,0.6352459016393442,0.7776364312290587,1.0,1.0,arts de la table,0.93,True,0.6118659359007829,0.5625447264875189,0.7712361974224796,Priorite haute
a-table gigogne,arts de la table,220.0,1,1,310,67.45709677419354,2,0.6352459016393442,2.261332139375902,1.0,1.0,arts de la table,0.98,True,0.6118659359007829,0.30662317030713804,0.7709401196134605,Priorite haute
a-assiette peinte argent,arts de la table,150.0,1,1,310,67.45709677419354,2,0.6352459016393442,1.2236355542912811,1.0,1.0,arts de la table,0.95,True,0.6118659359007829,0.4497139821631971,0.7705946602062635,Priorite haute
a-tajine rayure,arts de la table,30.0,1,1,310,67.45709677419354,2,0.6352459016393442,0.5552728772823543,1.0,1.0,arts de la table,0.91,True,0.6118659359007829,0.6429739852130486,0.7702576603587561,Priorite haute
a-service asymétrie,arts de la table,280.0,1,1,310,67.45709677419354,2,0.6352459016393442,3.1507863551627193,1.0,1.0,arts de la table,0.99,True,0.6118659359007829,0.24091820547598336,0.7701548713719029,Priorite haute
a-plat tajine cuivre,arts de la table,125.0,1,1,310,67.45709677419354,2,0.6352459016393442,0.8530296310467737,1.0,1.0,arts de la table,0.93,True,0.6118659359007829,0.5396567778762941,0.7700917999919183,Priorite haute
a-nappe brodée marsa,arts de la table,140.0,1,1,310,67.45709677419354,2,0.6352459016393442,1.0753931849934781,1.0,1.0,arts de la table,0.94,True,0.6118659359007829,0.4818364092311223,0.7697007815596597,Priorite haute
a-set toile de jute,arts de la table,8.0,1,1,310,67.45709677419354,2,0.6352459016393442,0.8814060897375208,1.0,1.0,arts de la table,0.93,True,0.6118659359007829,0.5315173611134172,0.7696848291537746,Priorite haute
a-ronds de serviette,arts de la table,35.0,1,1,310,67.45709677419354,2,0.6352459016393442,0.4811516926334528,1.0,1.0,arts de la table,0.9,True,0.6118659359007829,0.6751502935003393,0.7693664757731207,Priorite haute
a-nappe point de croix,arts de la table,180.0,1,1,310,67.45709677419354,2,0.6352459016393442,1.6683626621846899,1.0,1.0,arts de la table,0.96,True,0.6118659359007829,0.37476165221906604,0.7693470437090569,Priorite haute
a-tasse à café,arts de la table,6.0,1,1,310,67.45709677419354,2,0.6352459016393442,0.9110545635970814,1.0,1.0,arts de la table,0.93,True,0.6118659359007829,0.5232712969313396,0.7692725259446707,Priorite haute
a-walima cuivre,arts de la table,250.0,1,1,310,67.45709677419354,2,0.6352459016393442,2.7060592472693106,1.0,1.0,arts de la table,0.98,True,0.6118659359007829,0.2698283900174606,0.7691003805989767,Priorite haute
"a-articles en ""halfa"" kasserine",arts de la table,30.0,1,1,310,67.45709677419354,2,0.6352459016393442,0.5552728772823543,1.0,1.0,arts de la table,0.9,True,0.6118659359007829,0.6429739852130486,0.7677576603587561,Priorite haute
a-set table brodé,arts de la table,8.0,1,1,310,67.45709677419354,2,0.6352459016393442,0.8814060897375208,1.0,1.0,arts de la table,0.92,True,0.6118659359007829,0.5315173611134172,0.7671848291537746,Priorite haute
a-set de table,arts de la table,8.0,1,1,310,67.45709677419354,2,0.6352459016393442,0.8814060897375208,1.0,1.0,arts de la table,0.92,True,0.6118659359007829,0.5315173611134172,0.7671848291537746,Priorite haute
a-coupelle ornée poisson céramique,arts de la table,2.5,1,1,310,67.45709677419354,2,0.6352459016393442,0.9629393928513124,1.0,1.0,arts de la table,0.92,True,0.6118659359007829,0.5094400793227891,0.7660809650642432,Priorite haute
k-pack lella marbré miel,arts de la table,220.0,1,1,310,67.45709677419354,2,0.6352459016393442,2.261332139375902,1.0,1.0,arts de la table,0.96,True,0.6118659359007829,0.30662317030713804,0.7659401196134605,Priorite haute
a-chaussons,habillement,20.0,1,1,351,134.41378917378916,1,0.7192622950819673,0.8512057358538795,1.0,1.0,habillement,0.71,True,0.7248873954551525,0.5401884731837999,0.7658281013121291,Priorite haute
a-baril à huile,arts de la table,90.0,1,1,310,67.45709677419354,2,0.6352459016393442,0.33418133850446335,1.0,1.0,arts de la table,0.87,True,0.6118659359007829,0.7495233002741138,0.7655851261118093,Priorite haute
a-pack 3 planches,arts de la table,90.0,1,1,310,67.45709677419354,2,0.6352459016393442,0.33418133850446335,1.0,1.0,arts de la table,0.86,True,0.6118659359007829,0.7495233002741138,0.7630851261118093,Priorite haute
a-service à eau,arts de la table,290.0,1,1,310,67.45709677419354,2,0.6352459016393442,3.2990287244605225,1.0,1.0,arts de la table,0.96,True,0.6118659359007829,0.23261068117787193,0.7622394951569972,Priorite haute
q-floral ceramic rectangular dish plate,handcrafted ceramics,31.2,1,1,262,31.49497709923664,1,0.5368852459016393,0.009365845510582817,1.0,1.0,handcrafted ceramics,0.99,True,0.5186972272492326,0.990721059611597,0.7600222703356775,Priorite haute
a-fonds de plateaux,arts de la table,20.0,1,1,310,67.45709677419354,2,0.6352459016393442,0.7035152465801572,1.0,1.0,arts de la table,0.88,True,0.6118659359007829,0.5870214557853364,0.7599600338873705,Priorite haute
a-spatule,arts de la table,6.0,1,1,310,67.45709677419354,2,0.6352459016393442,0.9110545635970814,1.0,1.0,arts de la table,0.89,True,0.6118659359007829,0.5232712969313396,0.7592725259446707,Priorite haute
q-handcrafted trio ceramic snack plate blue color,handcrafted ceramics,34.32,1,1,262,31.49497709923664,1,0.5368852459016393,0.08969756676324957,1.0,1.0,handcrafted ceramics,1.0,True,0.5186972272492326,0.9176858153132524,0.7588705081207602,Priorite haute
a-coupe seau,arts de la table,240.0,1,1,310,67.45709677419354,2,0.6352459016393442,2.557816877971508,1.0,1.0,arts de la table,0.93,True,0.6118659359007829,0.2810712395546762,0.7571625230758374,Priorite haute
a-boîte gateaux cuivre,arts de la table,180.0,1,1,310,67.45709677419354,2,0.6352459016393442,1.6683626621846899,1.0,1.0,arts de la table,0.91,True,0.6118659359007829,0.37476165221906604,0.756847043709057,Priorite haute
a-sous-tasses cuir,arts de la table,88.0,1,1,310,67.45709677419354,2,0.6352459016393442,0.3045328646449028,1.0,1.0,arts de la table,0.83,True,0.6118659359007829,0.7665579205413139,0.7564368571251693,Priorite haute
q-deep salad bowl green color,handcrafted ceramics,34.32,1,1,262,31.49497709923664,1,0.5368852459016393,0.08969756676324957,1.0,1.0,handcrafted ceramics,0.99,True,0.5186972272492326,0.9176858153132524,0.7563705081207602,Priorite haute
q-olive oil bottle ceramics ' khat ',handcrafted ceramics,26.52,1,1,262,31.49497709923664,1,0.5368852459016393,0.15796096392133133,1.0,1.0,handcrafted ceramics,1.0,True,0.5186972272492326,0.8635869698176952,0.7561655658459824,Priorite haute
q-olive oil bottle ceramics' flowers ',handcrafted ceramics,26.52,1,1,262,31.49497709923664,1,0.5368852459016393,0.15796096392133133,1.0,1.0,handcrafted ceramics,1.0,True,0.5186972272492326,0.8635869698176952,0.7561655658459824,Priorite haute
q-olive oil bottle ceramics ' jilani ',handcrafted ceramics,26.52,1,1,262,31.49497709923664,1,0.5368852459016393,0.15796096392133133,1.0,1.0,handcrafted ceramics,1.0,True,0.5186972272492326,0.8635869698176952,0.7561655658459824,Priorite haute
q-olive oil bottle ceramics ' face ',handcrafted ceramics,26.52,1,1,262,31.49497709923664,1,0.5368852459016393,0.15796096392133133,1.0,1.0,handcrafted ceramics,1.0,True,0.5186972272492326,0.8635869698176952,0.7561655658459824,Priorite haute
q-ceramic deep salad bowl,handcrafted ceramics,37.44,1,1,262,31.49497709923664,1,0.5368852459016393,0.18876097903708183,1.0,1.0,handcrafted ceramics,1.0,True,0.5186972272492326,0.8412119994130512,0.7550468173257502,Priorite haute
a-service à thé,arts de la table,365.0,1,1,310,67.45709677419354,2,0.6352459016393442,4.410846494194044,1.0,1.0,arts de la table,0.94,True,0.6118659359007829,0.18481396599830022,0.7548496593980186,Priorite haute
q-large floral ceramic serving bowl,handcrafted ceramics,25.272,1,1,262,31.49497709923664,1,0.5368852459016393,0.1975863288308643,1.0,1.0,handcrafted ceramics,1.0,True,0.5186972272492326,0.8350128720793292,0.7547368609590641,Priorite haute
a-grand plateau cuivre,arts de la table,400.0,1,1,310,67.45709677419354,2,0.6352459016393442,4.929694786736355,1.0,1.0,arts de la table,0.94,True,0.6118659359007829,0.168642744013877,0.7540410982987974,Priorite haute
q-handmade ceramics oval plate,handcrafted ceramics,34.32,1,1,262,31.49497709923664,1,0.5368852459016393,0.08969756676324957,1.0,1.0,handcrafted ceramics,0.98,True,0.5186972272492326,0.9176858153132524,0.7538705081207602,Priorite haute
q-oval salad bowl – lara,handcrafted ceramics,37.44,1,1,262,31.49497709923664,1,0.5368852459016393,0.18876097903708183,1.0,1.0,handcrafted ceramics,0.99,True,0.5186972272492326,0.8412119994130512,0.7525468173257502,Priorite haute
a-plats main de fatma,arts de la table,115.0,1,1,310,67.45709677419354,2,0.6352459016393442,0.7047872617489708,1.0,1.0,arts de la table,0.85,True,0.6118659359007829,0.5865834538053051,0.7524381337883689,Priorite haute
q-ceramic oval plate,handcrafted ceramics,25.272,1,1,262,31.49497709923664,1,0.5368852459016393,0.1975863288308643,1.0,1.0,handcrafted ceramics,0.99,True,0.5186972272492326,0.8350128720793292,0.7522368609590642,Priorite haute
q-khomsa appetizer tray – blue | tunisian ceramic,handcrafted ceramics,34.32,1,1,262,31.49497709923664,1,0.5368852459016393,0.08969756676324957,1.0,1.0,handcrafted ceramics,0.97,True,0.5186972272492326,0.9176858153132524,0.7513705081207601,Priorite haute
q-handcrafted trio ceramic snack plate green color,handcrafted ceramics,34.32,1,1,262,31.49497709923664,1,0.5368852459016393,0.08969756676324957,1.0,1.0,handcrafted ceramics,0.97,True,0.5186972272492326,0.9176858153132524,0.7513705081207601,Priorite haute
a-planche ve,arts de la table,110.0,1,1,310,67.45709677419354,2,0.6352459016393442,0.6306660771000693,1.0,1.0,arts de la table,0.84,True,0.6118659359007829,0.6132463378267928,0.7512712779894434,Priorite haute
q-handmade ceramic egg cup,handcrafted ceramics,21.84,1,1,262,31.49497709923664,1,0.5368852459016393,0.30655608233207987,1.0,1.0,handcrafted ceramics,1.0,True,0.5186972272492326,0.7653708964525227,0.7512547621777237,Priorite haute
q-tunisian handcrafted ceramic plate,handcrafted ceramics,39.0,1,1,262,31.49497709923664,1,0.5368852459016393,0.23829268517399807,1.0,1.0,handcrafted ceramics,0.99,True,0.5186972272492326,0.8075635202993107,0.7508643933700632,Priorite haute
a-tajine terre cuite,arts de la table,1.0,1,1,310,67.45709677419354,2,0.6352459016393442,0.9851757482459829,1.0,1.0,arts de la table,0.86,True,0.6118659359007829,0.5037337378736153,0.7507956479917844,Priorite haute
q-handmade ceramic serving plate,handcrafted ceramics,23.4,1,1,262,31.49497709923664,1,0.5368852459016393,0.2570243761951637,1.0,1.0,handcrafted ceramics,0.99,True,0.5186972272492326,0.795529521095573,0.7502626934098763,Priorite haute
q-oval salad bowl - makroudh rouge,handcrafted ceramics,37.44,1,1,262,31.49497709923664,1,0.5368852459016393,0.18876097903708183,1.0,1.0,handcrafted ceramics,0.98,True,0.5186972272492326,0.8412119994130512,0.7500468173257502,Priorite haute
q-handmade ceramic octagonal dish,handcrafted ceramics,24.96,1,1,262,31.49497709923664,1,0.5368852459016393,0.20749267005824745,1.0,1.0,handcrafted ceramics,0.98,True,0.5186972272492326,0.8281623771279388,0.7493943362114945,Priorite moyenne
q-blue floral ceramic trivet,handcrafted ceramics,24.96,1,1,262,31.49497709923664,1,0.5368852459016393,0.20749267005824745,1.0,1.0,handcrafted ceramics,0.98,True,0.5186972272492326,0.8281623771279388,0.7493943362114945,Priorite moyenne
q-handmade ceramics flat plate,handcrafted ceramics,24.96,1,1,262,31.49497709923664,1,0.5368852459016393,0.20749267005824745,1.0,1.0,handcrafted ceramics,0.98,True,0.5186972272492326,0.8281623771279388,0.7493943362114945,Priorite moyenne
a-table patchwork céramique,arts de la table,300.0,1,1,310,67.45709677419354,2,0.6352459016393442,3.4472710937583253,1.0,1.0,arts de la table,0.91,True,0.6118659359007829,0.22485699183112184,0.7493518106896597,Priorite moyenne
k-pack vera craquelé,arts de la table,211.0,1,1,310,67.45709677419354,2,0.6352459016393442,2.1279140070078792,1.0,1.0,arts de la table,0.89,True,0.6118659359007829,0.31970188367057656,0.7490940552816324,Priorite moyenne
q-deep salad bowl blue color,handcrafted ceramics,34.32,1,1,262,31.49497709923664,1,0.5368852459016393,0.08969756676324957,1.0,1.0,handcrafted ceramics,0.96,True,0.5186972272492326,0.9176858153132524,0.7488705081207602,Priorite moyenne
q-handmade ceramics decorated plate,handcrafted ceramics,21.84,1,1,262,31.49497709923664,1,0.5368852459016393,0.30655608233207987,1.0,1.0,handcrafted ceramics,0.99,True,0.5186972272492326,0.7653708964525227,0.7487547621777237,Priorite moyenne
q-floral ceramic seashell bowl,handcrafted ceramics,18.72,1,1,262,31.49497709923664,1,0.5368852459016393,0.40561949460591223,1.0,1.0,handcrafted ceramics,1.0,True,0.5186972272492326,0.7114300874721191,0.7485577217287036,Priorite moyenne
q-ceramic deep plate eye safari,handcrafted ceramics,18.72,1,1,262,31.49497709923664,1,0.5368852459016393,0.40561949460591223,1.0,1.0,handcrafted ceramics,1.0,True,0.5186972272492326,0.7114300874721191,0.7485577217287036,Priorite moyenne
a-serviettes en lin,arts de la table,1.5,1,1,310,67.45709677419354,2,0.6352459016393442,0.9777636297810927,1.0,1.0,arts de la table,0.85,True,0.6118659359007829,0.5056215944827969,0.7483900408222435,Priorite moyenne
q-artisan ceramic plate handcrafted from tunisia,handcrafted ceramics,39.0,1,1,262,31.49497709923664,1,0.5368852459016393,0.23829268517399807,1.0,1.0,handcrafted ceramics,0.98,True,0.5186972272492326,0.8075635202993107,0.7483643933700631,Priorite moyenne
q-ceramic rectangular dish,handcrafted ceramics,28.08,1,1,262,31.49497709923664,1,0.5368852459016393,0.1084292577844152,1.0,1.0,handcrafted ceramics,0.96,True,0.5186972272492326,0.9021775570944878,0.748095095209822,Priorite moyenne
q-ceramic butter dish,handcrafted ceramics,28.08,1,1,262,31.49497709923664,1,0.5368852459016393,0.1084292577844152,1.0,1.0,handcrafted ceramics,0.96,True,0.5186972272492326,0.9021775570944878,0.748095095209822,Priorite moyenne
q-plat apéritif khomsa – flowers,handcrafted ceramics,42.12,1,1,262,31.49497709923664,1,0.5368852459016393,0.33735609744783035,1.0,1.0,handcrafted ceramics,0.99,True,0.5186972272492326,0.747744001697356,0.7478734174399655,Priorite moyenne
q-bowl – flowers,handcrafted ceramics,23.4,1,1,262,31.49497709923664,1,0.5368852459016393,0.2570243761951637,1.0,1.0,handcrafted ceramics,0.98,True,0.5186972272492326,0.795529521095573,0.7477626934098762,Priorite moyenne
q-decorated deep salad bowl,handcrafted ceramics,37.44,1,1,262,31.49497709923664,1,0.5368852459016393,0.18876097903708183,1.0,1.0,handcrafted ceramics,0.97,True,0.5186972272492326,0.8412119994130512,0.7475468173257501,Priorite moyenne
q-decorated ceramic deep salad profond,handcrafted ceramics,37.44,1,1,262,31.49497709923664,1,0.5368852459016393,0.18876097903708183,1.0,1.0,handcrafted ceramics,0.97,True,0.5186972272492326,0.8412119994130512,0.7475468173257501,Priorite moyenne
q-floral ceramic camel oil bottle,handcrafted ceramics,21.84,1,1,262,31.49497709923664,1,0.5368852459016393,0.30655608233207987,1.0,1.0,handcrafted ceramics,0.98,True,0.5186972272492326,0.7653708964525227,0.7462547621777237,Priorite moyenne
q-handmade ceramic oval plate,handcrafted ceramics,15.6,1,1,262,31.49497709923664,1,0.5368852459016393,0.5046829068797446,1.0,1.0,handcrafted ceramics,1.0,True,0.5186972272492326,0.6645918521621917,0.7462158099632071,Priorite moyenne
q-handmade ceramics bowl,handcrafted ceramics,15.6,1,1,262,31.49497709923664,1,0.5368852459016393,0.5046829068797446,1.0,1.0,handcrafted ceramics,1.0,True,0.5186972272492326,0.6645918521621917,0.7462158099632071,Priorite moyenne
q-ceramic olive oil bottle – tunisia craft,handcrafted ceramics,15.6,1,1,262,31.49497709923664,1,0.5368852459016393,0.5046829068797446,1.0,1.0,handcrafted ceramics,1.0,True,0.5186972272492326,0.6645918521621917,0.7462158099632071,Priorite moyenne
q-handmade ceramic trivets,handcrafted ceramics,15.6,1,1,262,31.49497709923664,1,0.5368852459016393,0.5046829068797446,1.0,1.0,handcrafted ceramics,1.0,True,0.5186972272492326,0.6645918521621917,0.7462158099632071,Priorite moyenne
q-handmade ceramics blue octogonal dish,handcrafted ceramics,15.6,1,1,262,31.49497709923664,1,0.5368852459016393,0.5046829068797446,1.0,1.0,handcrafted ceramics,1.0,True,0.5186972272492326,0.6645918521621917,0.7462158099632071,Priorite moyenne
q-modern & simple handmade ceramic tajine,handcrafted ceramics,15.6,1,1,262,31.49497709923664,1,0.5368852459016393,0.5046829068797446,1.0,1.0,handcrafted ceramics,1.0,True,0.5186972272492326,0.6645918521621917,0.7462158099632071,Priorite moyenne
q-handmade orange ceramic serving platters,handcrafted ceramics,15.6,1,1,262,31.49497709923664,1,0.5368852459016393,0.5046829068797446,1.0,1.0,handcrafted ceramics,1.0,True,0.5186972272492326,0.6645918521621917,0.7462158099632071,Priorite moyenne
q-handmade deep ceramic bowl,handcrafted ceramics,15.6,1,1,262,31.49497709923664,1,0.5368852459016393,0.5046829068797446,1.0,1.0,handcrafted ceramics,1.0,True,0.5186972272492326,0.6645918521621917,0.7462158099632071,Priorite moyenne
q-handmade floral ceramic tea-pot,handcrafted ceramics,15.6,1,1,262,31.49497709923664,1,0.5368852459016393,0.5046829068797446,1.0,1.0,handcrafted ceramics,1.0,True,0.5186972272492326,0.6645918521621917,0.7462158099632071,Priorite moyenne
q-traditional tunisian clay olive oil bottle,handcrafted ceramics,15.6,1,1,262,31.49497709923664,1,0.5368852459016393,0.5046829068797446,1.0,1.0,handcrafted ceramics,1.0,True,0.5186972272492326,0.6645918521621917,0.7462158099632071,Priorite moyenne
q-handmade floral ceramic oval dish,handcrafted ceramics,15.6,1,1,262,31.49497709923664,1,0.5368852459016393,0.5046829068797446,1.0,1.0,handcrafted ceramics,1.0,True,0.5186972272492326,0.6645918521621917,0.7462158099632071,Priorite moyenne
q-handmade decorated ceramic plate dish,handcrafted ceramics,15.6,1,1,262,31.49497709923664,1,0.5368852459016393,0.5046829068797446,1.0,1.0,handcrafted ceramics,1.0,True,0.5186972272492326,0.6645918521621917,0.7462158099632071,Priorite moyenne
q-handmade decorated ceramic dinner plate,handcrafted ceramics,15.6,1,1,262,31.49497709923664,1,0.5368852459016393,0.5046829068797446,1.0,1.0,handcrafted ceramics,1.0,True,0.5186972272492326,0.6645918521621917,0.7462158099632071,Priorite moyenne
q-handmade decorated ceramic bowl,handcrafted ceramics,15.6,1,1,262,31.49497709923664,1,0.5368852459016393,0.5046829068797446,1.0,1.0,handcrafted ceramics,1.0,True,0.5186972272492326,0.6645918521621917,0.7462158099632071,Priorite moyenne
q-andalusian design ceramic bottle,handcrafted ceramics,15.6,1,1,262,31.49497709923664,1,0.5368852459016393,0.5046829068797446,1.0,1.0,handcrafted ceramics,1.0,True,0.5186972272492326,0.6645918521621917,0.7462158099632071,Priorite moyenne
q-handmade ceramic cup & saucer,handcrafted ceramics,15.6,1,1,262,31.49497709923664,1,0.5368852459016393,0.5046829068797446,1.0,1.0,handcrafted ceramics,1.0,True,0.5186972272492326,0.6645918521621917,0.7462158099632071,Priorite moyenne
q-ceramic flared tankard,handcrafted ceramics,15.6,1,1,262,31.49497709923664,1,0.5368852459016393,0.5046829068797446,1.0,1.0,handcrafted ceramics,1.0,True,0.5186972272492326,0.6645918521621917,0.7462158099632071,Priorite moyenne
q-tunisian pottery olive oil bottle,handcrafted ceramics,15.6,1,1,262,31.49497709923664,1,0.5368852459016393,0.5046829068797446,1.0,1.0,handcrafted ceramics,1.0,True,0.5186972272492326,0.6645918521621917,0.7462158099632071,Priorite moyenne
q-ceramic decorated bowl,handcrafted ceramics,15.6,1,1,262,31.49497709923664,1,0.5368852459016393,0.5046829068797446,1.0,1.0,handcrafted ceramics,1.0,True,0.5186972272492326,0.6645918521621917,0.7462158099632071,Priorite moyenne
q-handmade floral large ceramic bowl,handcrafted ceramics,15.6,1,1,262,31.49497709923664,1,0.5368852459016393,0.5046829068797446,1.0,1.0,handcrafted ceramics,1.0,True,0.5186972272492326,0.6645918521621917,0.7462158099632071,Priorite moyenne
q-handmade floral rectangular ceramic plate,handcrafted ceramics,15.6,1,1,262,31.49497709923664,1,0.5368852459016393,0.5046829068797446,1.0,1.0,handcrafted ceramics,1.0,True,0.5186972272492326,0.6645918521621917,0.7462158099632071,Priorite moyenne
q-handmade orange ceramic plate dish,handcrafted ceramics,15.6,1,1,262,31.49497709923664,1,0.5368852459016393,0.5046829068797446,1.0,1.0,handcrafted ceramics,1.0,True,0.5186972272492326,0.6645918521621917,0.7462158099632071,Priorite moyenne
q-ceramic serving platters,handcrafted ceramics,15.6,1,1,262,31.49497709923664,1,0.5368852459016393,0.5046829068797446,1.0,1.0,handcrafted ceramics,1.0,True,0.5186972272492326,0.6645918521621917,0.7462158099632071,Priorite moyenne
q-floral ceramic plate,handcrafted ceramics,15.6,1,1,262,31.49497709923664,1,0.5368852459016393,0.5046829068797446,1.0,1.0,handcrafted ceramics,1.0,True,0.5186972272492326,0.6645918521621917,0.7462158099632071,Priorite moyenne
q-handmade ceramic oval plate green,handcrafted ceramics,15.6,1,1,262,31.49497709923664,1,0.5368852459016393,0.5046829068797446,1.0,1.0,handcrafted ceramics,1.0,True,0.5186972272492326,0.6645918521621917,0.7462158099632071,Priorite moyenne
q-tunisian artisan ceramic olive oil bottle,handcrafted ceramics,15.6,1,1,262,31.49497709923664,1,0.5368852459016393,0.5046829068797446,1.0,1.0,handcrafted ceramics,1.0,True,0.5186972272492326,0.6645918521621917,0.7462158099632071,Priorite moyenne
q-tunisian ceramic oil pourer – authentic north african craft,handcrafted ceramics,15.6,1,1,262,31.49497709923664,1,0.5368852459016393,0.5046829068797446,1.0,1.0,handcrafted ceramics,1.0,True,0.5186972272492326,0.6645918521621917,0.7462158099632071,Priorite moyenne
q-artisan wall tiles – ceramic,handcrafted ceramics,15.6,1,1,262,31.49497709923664,1,0.5368852459016393,0.5046829068797446,1.0,1.0,handcrafted ceramics,1.0,True,0.5186972272492326,0.6645918521621917,0.7462158099632071,Priorite moyenne
q-tunisian handmade ceramic olive oil dispenser,handcrafted ceramics,15.6,1,1,262,31.49497709923664,1,0.5368852459016393,0.5046829068797446,1.0,1.0,handcrafted ceramics,1.0,True,0.5186972272492326,0.6645918521621917,0.7462158099632071,Priorite moyenne
q-tunisian ceramic oil dispenser,handcrafted ceramics,15.6,1,1,262,31.49497709923664,1,0.5368852459016393,0.5046829068797446,1.0,1.0,handcrafted ceramics,1.0,True,0.5186972272492326,0.6645918521621917,0.7462158099632071,Priorite moyenne
q-decorative ceramic oil bottle from tunisia,handcrafted ceramics,15.6,1,1,262,31.49497709923664,1,0.5368852459016393,0.5046829068797446,1.0,1.0,handcrafted ceramics,1.0,True,0.5186972272492326,0.6645918521621917,0.7462158099632071,Priorite moyenne
q-ceramic octagonal bowl,handcrafted ceramics,15.6,1,1,262,31.49497709923664,1,0.5368852459016393,0.5046829068797446,1.0,1.0,handcrafted ceramics,1.0,True,0.5186972272492326,0.6645918521621917,0.7462158099632071,Priorite moyenne
q-handmade tunisian ceramic olive oil bottle,handcrafted ceramics,18.72,1,1,262,31.49497709923664,1,0.5368852459016393,0.40561949460591223,1.0,1.0,handcrafted ceramics,0.99,True,0.5186972272492326,0.7114300874721191,0.7460577217287037,Priorite moyenne
q-handmade ceramic tajine,handcrafted ceramics,49.92,1,1,262,31.49497709923664,1,0.5368852459016393,0.5850146281324113,1.0,1.0,handcrafted ceramics,1.0,True,0.5186972272492326,0.6309090037725889,0.744531667543727,Priorite moyenne
q-handmade ceramic bread basket,handcrafted ceramics,24.96,1,1,262,31.49497709923664,1,0.5368852459016393,0.20749267005824745,1.0,1.0,handcrafted ceramics,0.96,True,0.5186972272492326,0.8281623771279388,0.7443943362114945,Priorite moyenne
q-handmade flat plate : green ceramics,handcrafted ceramics,24.96,1,1,262,31.49497709923664,1,0.5368852459016393,0.20749267005824745,1.0,1.0,handcrafted ceramics,0.96,True,0.5186972272492326,0.8281623771279388,0.7443943362114945,Priorite moyenne
q-handmade large ceramic bowl,handcrafted ceramics,16.38,1,1,262,31.49497709923664,1,0.5368852459016393,0.47991705381128646,1.0,1.0,handcrafted ceramics,0.99,True,0.5186972272492326,0.6757135458535748,0.7442718946477764,Priorite moyenne
q-bottle oil handmade arabica design,handcrafted ceramics,12.48,1,1,262,31.49497709923664,1,0.5368852459016393,0.6037463191535769,1.0,1.0,handcrafted ceramics,1.0,True,0.5186972272492326,0.6235400125674356,0.7441632179834694,Priorite moyenne
q-handcrafted tunisian olive oil bottle,handcrafted ceramics,12.48,1,1,262,31.49497709923664,1,0.5368852459016393,0.6037463191535769,1.0,1.0,handcrafted ceramics,1.0,True,0.5186972272492326,0.6235400125674356,0.7441632179834694,Priorite moyenne
q-ceramic olive oil bottle from tunisia,handcrafted ceramics,12.48,1,1,262,31.49497709923664,1,0.5368852459016393,0.6037463191535769,1.0,1.0,handcrafted ceramics,1.0,True,0.5186972272492326,0.6235400125674356,0.7441632179834694,Priorite moyenne
q-bottle oil handmade arena design,handcrafted ceramics,12.48,1,1,262,31.49497709923664,1,0.5368852459016393,0.6037463191535769,1.0,1.0,handcrafted ceramics,1.0,True,0.5186972272492326,0.6235400125674356,0.7441632179834694,Priorite moyenne
q-tunisian ceramic bottle for olive oil,handcrafted ceramics,12.48,1,1,262,31.49497709923664,1,0.5368852459016393,0.6037463191535769,1.0,1.0,handcrafted ceramics,1.0,True,0.5186972272492326,0.6235400125674356,0.7441632179834694,Priorite moyenne
q-handmade octagonal ceramic dish,handcrafted ceramics,15.6,1,1,262,31.49497709923664,1,0.5368852459016393,0.5046829068797446,1.0,1.0,handcrafted ceramics,0.99,True,0.5186972272492326,0.6645918521621917,0.7437158099632072,Priorite moyenne
q-handmade rectangular dish,handcrafted ceramics,15.6,1,1,262,31.49497709923664,1,0.5368852459016393,0.5046829068797446,1.0,1.0,handcrafted ceramics,0.99,True,0.5186972272492326,0.6645918521621917,0.7437158099632072,Priorite moyenne
q-handmade red ceramic dinner plate,handcrafted ceramics,15.6,1,1,262,31.49497709923664,1,0.5368852459016393,0.5046829068797446,1.0,1.0,handcrafted ceramics,0.99,True,0.5186972272492326,0.6645918521621917,0.7437158099632072,Priorite moyenne
q-handmade decorated rectangular ceramic dish,handcrafted ceramics,15.6,1,1,262,31.49497709923664,1,0.5368852459016393,0.5046829068797446,1.0,1.0,handcrafted ceramics,0.99,True,0.5186972272492326,0.6645918521621917,0.7437158099632072,Priorite moyenne
q-handmade decorated ceramic cup : khat design,handcrafted ceramics,15.6,1,1,262,31.49497709923664,1,0.5368852459016393,0.5046829068797446,1.0,1.0,handcrafted ceramics,0.99,True,0.5186972272492326,0.6645918521621917,0.7437158099632072,Priorite moyenne
q-handmade decorated ceramic tajine,handcrafted ceramics,15.6,1,1,262,31.49497709923664,1,0.5368852459016393,0.5046829068797446,1.0,1.0,handcrafted ceramics,0.99,True,0.5186972272492326,0.6645918521621917,0.7437158099632072,Priorite moyenne
q-blue ceramic oval plate,handcrafted ceramics,15.6,1,1,262,31.49497709923664,1,0.5368852459016393,0.5046829068797446,1.0,1.0,handcrafted ceramics,0.99,True,0.5186972272492326,0.6645918521621917,0.7437158099632072,Priorite moyenne
q-floral ceramic champagne glass,handcrafted ceramics,15.6,1,1,262,31.49497709923664,1,0.5368852459016393,0.5046829068797446,1.0,1.0,handcrafted ceramics,0.99,True,0.5186972272492326,0.6645918521621917,0.7437158099632072,Priorite moyenne
q-floral ceramic napkin holder,handcrafted ceramics,15.6,1,1,262,31.49497709923664,1,0.5368852459016393,0.5046829068797446,1.0,1.0,handcrafted ceramics,0.99,True,0.5186972272492326,0.6645918521621917,0.7437158099632072,Priorite moyenne
q-decorated ceramic olive oil pourer,handcrafted ceramics,15.6,1,1,262,31.49497709923664,1,0.5368852459016393,0.5046829068797446,1.0,1.0,handcrafted ceramics,0.99,True,0.5186972272492326,0.6645918521621917,0.7437158099632072,Priorite moyenne
q-floral ceramic butter dish,handcrafted ceramics,15.6,1,1,262,31.49497709923664,1,0.5368852459016393,0.5046829068797446,1.0,1.0,handcrafted ceramics,0.99,True,0.5186972272492326,0.6645918521621917,0.7437158099632072,Priorite moyenne
q-oval design multi-purpose bottle with a fish design,handcrafted ceramics,15.6,1,1,262,31.49497709923664,1,0.5368852459016393,0.5046829068797446,1.0,1.0,handcrafted ceramics,0.99,True,0.5186972272492326,0.6645918521621917,0.7437158099632072,Priorite moyenne
q-ceramics and pottery-bowl-handmade pottery,handcrafted ceramics,15.6,1,1,262,31.49497709923664,1,0.5368852459016393,0.5046829068797446,1.0,1.0,handcrafted ceramics,0.99,True,0.5186972272492326,0.6645918521621917,0.7437158099632072,Priorite moyenne
q-handmade ceramic bowl,handcrafted ceramics,15.6,1,1,262,31.49497709923664,1,0.5368852459016393,0.5046829068797446,1.0,1.0,handcrafted ceramics,0.99,True,0.5186972272492326,0.6645918521621917,0.7437158099632072,Priorite moyenne
q-oval design multi-purpose bottle with flower design,handcrafted ceramics,15.6,1,1,262,31.49497709923664,1,0.5368852459016393,0.5046829068797446,1.0,1.0,handcrafted ceramics,0.99,True,0.5186972272492326,0.6645918521621917,0.7437158099632072,Priorite moyenne
q-plat apéritif rond – flowers,handcrafted ceramics,42.12,1,1,262,31.49497709923664,1,0.5368852459016393,0.33735609744783035,1.0,1.0,handcrafted ceramics,0.97,True,0.5186972272492326,0.747744001697356,0.7428734174399654,Priorite moyenne
q-plat apéritif khomsa – oriental black,handcrafted ceramics,42.12,1,1,262,31.49497709923664,1,0.5368852459016393,0.33735609744783035,1.0,1.0,handcrafted ceramics,0.97,True,0.5186972272492326,0.747744001697356,0.7428734174399654,Priorite moyenne
q-plat apéritif khomsa – lara,handcrafted ceramics,42.12,1,1,262,31.49497709923664,1,0.5368852459016393,0.33735609744783035,1.0,1.0,handcrafted ceramics,0.97,True,0.5186972272492326,0.747744001697356,0.7428734174399654,Priorite moyenne
q-plat apéritif ovale – lara,handcrafted ceramics,37.44,1,1,262,31.49497709923664,1,0.5368852459016393,0.18876097903708183,1.0,1.0,handcrafted ceramics,0.95,True,0.5186972272492326,0.8412119994130512,0.7425468173257502,Priorite moyenne
q-floral ceramic hexagonal dish,handcrafted ceramics,31.2,1,1,262,31.49497709923664,1,0.5368852459016393,0.009365845510582817,1.0,1.0,handcrafted ceramics,0.92,True,0.5186972272492326,0.990721059611597,0.7425222703356774,Priorite moyenne
q-handmade orange ceramic tajine,handcrafted ceramics,49.92,1,1,262,31.49497709923664,1,0.5368852459016393,0.5850146281324113,1.0,1.0,handcrafted ceramics,0.99,True,0.5186972272492326,0.6309090037725889,0.7420316675437271,Priorite moyenne
q-bowls nabeul ceramics handmade,handcrafted ceramics,16.38,1,1,262,31.49497709923664,1,0.5368852459016393,0.47991705381128646,1.0,1.0,handcrafted ceramics,0.98,True,0.5186972272492326,0.6757135458535748,0.7417718946477764,Priorite moyenne
q-red bird ceramics handmade,handcrafted ceramics,12.48,1,1,262,31.49497709923664,1,0.5368852459016393,0.6037463191535769,1.0,1.0,handcrafted ceramics,0.99,True,0.5186972272492326,0.6235400125674356,0.7416632179834695,Priorite moyenne
q-rustic tunisian clay olive oil bottle,handcrafted ceramics,12.48,1,1,262,31.49497709923664,1,0.5368852459016393,0.6037463191535769,1.0,1.0,handcrafted ceramics,0.99,True,0.5186972272492326,0.6235400125674356,0.7416632179834695,Priorite moyenne
q-white bird ceramics handmade,handcrafted ceramics,12.48,1,1,262,31.49497709923664,1,0.5368852459016393,0.6037463191535769,1.0,1.0,handcrafted ceramics,0.99,True,0.5186972272492326,0.6235400125674356,0.7416632179834695,Priorite moyenne
q-ceramic dinner plate,handcrafted ceramics,16.224,1,1,262,31.49497709923664,1,0.5368852459016393,0.48487022442497807,1.0,1.0,handcrafted ceramics,0.98,True,0.5186972272492326,0.6734595276750559,0.7416591937388504,Priorite moyenne
q-handmade decorated ashtray,handcrafted ceramics,21.84,1,1,262,31.49497709923664,1,0.5368852459016393,0.30655608233207987,1.0,1.0,handcrafted ceramics,0.96,True,0.5186972272492326,0.7653708964525227,0.7412547621777237,Priorite moyenne
q-matte black ceramic bowl with polka dots,handcrafted ceramics,21.84,1,1,262,31.49497709923664,1,0.5368852459016393,0.30655608233207987,1.0,1.0,handcrafted ceramics,0.96,True,0.5186972272492326,0.7653708964525227,0.7412547621777237,Priorite moyenne
q-white & red ceramic trivets,handcrafted ceramics,15.6,1,1,262,31.49497709923664,1,0.5368852459016393,0.5046829068797446,1.0,1.0,handcrafted ceramics,0.98,True,0.5186972272492326,0.6645918521621917,0.7412158099632071,Priorite moyenne
q-white & black decorated ceramic plate,handcrafted ceramics,15.6,1,1,262,31.49497709923664,1,0.5368852459016393,0.5046829068797446,1.0,1.0,handcrafted ceramics,0.98,True,0.5186972272492326,0.6645918521621917,0.7412158099632071,Priorite moyenne
q-handmade ceramic oil bottle from tunisia,handcrafted ceramics,15.6,1,1,262,31.49497709923664,1,0.5368852459016393,0.5046829068797446,1.0,1.0,handcrafted ceramics,0.98,True,0.5186972272492326,0.6645918521621917,0.7412158099632071,Priorite moyenne
q-ceramic olive oil jar – handmade in tunisia,handcrafted ceramics,15.6,1,1,262,31.49497709923664,1,0.5368852459016393,0.5046829068797446,1.0,1.0,handcrafted ceramics,0.98,True,0.5186972272492326,0.6645918521621917,0.7412158099632071,Priorite moyenne
q-collection of bowl ceramics handmade,handcrafted ceramics,15.6,1,1,262,31.49497709923664,1,0.5368852459016393,0.5046829068797446,1.0,1.0,handcrafted ceramics,0.98,True,0.5186972272492326,0.6645918521621917,0.7412158099632071,Priorite moyenne
q-handcrafted ceramic wall tiles,handcrafted ceramics,15.6,1,1,262,31.49497709923664,1,0.5368852459016393,0.5046829068797446,1.0,1.0,handcrafted ceramics,0.98,True,0.5186972272492326,0.6645918521621917,0.7412158099632071,Priorite moyenne
q-traditions ceramic bowl tunisian pottery handmade,handcrafted ceramics,15.6,1,1,262,31.49497709923664,1,0.5368852459016393,0.5046829068797446,1.0,1.0,handcrafted ceramics,0.98,True,0.5186972272492326,0.6645918521621917,0.7412158099632071,Priorite moyenne
q-black and white plate ceramics handmade,handcrafted ceramics,15.6,1,1,262,31.49497709923664,1,0.5368852459016393,0.5046829068797446,1.0,1.0,handcrafted ceramics,0.98,True,0.5186972272492326,0.6645918521621917,0.7412158099632071,Priorite moyenne
q-ceramic olive oil dispenser from tunisia,handcrafted ceramics,15.6,1,1,262,31.49497709923664,1,0.5368852459016393,0.5046829068797446,1.0,1.0,handcrafted ceramics,0.98,True,0.5186972272492326,0.6645918521621917,0.7412158099632071,Priorite moyenne
q-plat apéritif rond – oriental black,handcrafted ceramics,42.12,1,1,262,31.49497709923664,1,0.5368852459016393,0.33735609744783035,1.0,1.0,handcrafted ceramics,0.96,True,0.5186972272492326,0.747744001697356,0.7403734174399654,Priorite moyenne
q-plat apéritif rond – makroudh rouge,handcrafted ceramics,42.12,1,1,262,31.49497709923664,1,0.5368852459016393,0.33735609744783035,1.0,1.0,handcrafted ceramics,0.96,True,0.5186972272492326,0.747744001697356,0.7403734174399654,Priorite moyenne
q-bowl – zarbia,handcrafted ceramics,23.4,1,1,262,31.49497709923664,1,0.5368852459016393,0.2570243761951637,1.0,1.0,handcrafted ceramics,0.95,True,0.5186972272492326,0.795529521095573,0.7402626934098763,Priorite moyenne
q-bowl – lara,handcrafted ceramics,23.4,1,1,262,31.49497709923664,1,0.5368852459016393,0.2570243761951637,1.0,1.0,handcrafted ceramics,0.95,True,0.5186972272492326,0.795529521095573,0.7402626934098763,Priorite moyenne
q-handmade ceramic bottle with a fish design,handcrafted ceramics,14.04,1,1,262,31.49497709923664,1,0.5368852459016393,0.5542146130166608,1.0,1.0,handcrafted ceramics,0.98,True,0.5186972272492326,0.6434117860074967,0.7401568066554725,Priorite moyenne
q-plat apéritif ovale – flowers,handcrafted ceramics,37.44,1,1,262,31.49497709923664,1,0.5368852459016393,0.18876097903708183,1.0,1.0,handcrafted ceramics,0.94,True,0.5186972272492326,0.8412119994130512,0.7400468173257502,Priorite moyenne
q-genuine tunisian ceramic olive oil carafe,handcrafted ceramics,12.48,1,1,262,31.49497709923664,1,0.5368852459016393,0.6037463191535769,1.0,1.0,handcrafted ceramics,0.98,True,0.5186972272492326,0.6235400125674356,0.7391632179834694,Priorite moyenne
q-handmade green ceramic oval plate,handcrafted ceramics,46.8,1,1,262,31.49497709923664,1,0.5368852459016393,0.48595121585857887,1.0,1.0,handcrafted ceramics,0.97,True,0.5186972272492326,0.6729696031253641,0.7391346975113657,Priorite moyenne
q-decorated oval plate : blue ceramics,handcrafted ceramics,34.32,1,1,262,31.49497709923664,1,0.5368852459016393,0.08969756676324957,1.0,1.0,handcrafted ceramics,0.92,True,0.5186972272492326,0.9176858153132524,0.7388705081207602,Priorite moyenne
q-floral ceramic fish dish,handcrafted ceramics,21.84,1,1,262,31.49497709923664,1,0.5368852459016393,0.30655608233207987,1.0,1.0,handcrafted ceramics,0.95,True,0.5186972272492326,0.7653708964525227,0.7387547621777237,Priorite moyenne
q-handmade decorated rectangular dish,handcrafted ceramics,15.6,1,1,262,31.49497709923664,1,0.5368852459016393,0.5046829068797446,1.0,1.0,handcrafted ceramics,0.97,True,0.5186972272492326,0.6645918521621917,0.7387158099632071,Priorite moyenne
q-oval design multi-purpose bottle with blue design,handcrafted ceramics,15.6,1,1,262,31.49497709923664,1,0.5368852459016393,0.5046829068797446,1.0,1.0,handcrafted ceramics,0.97,True,0.5186972272492326,0.6645918521621917,0.7387158099632071,Priorite moyenne
q-white & black ceramic cup,handcrafted ceramics,15.6,1,1,262,31.49497709923664,1,0.5368852459016393,0.5046829068797446,1.0,1.0,handcrafted ceramics,0.97,True,0.5186972272492326,0.6645918521621917,0.7387158099632071,Priorite moyenne
q-white-&-black-decorated-ceramic-bowl,handcrafted ceramics,15.6,1,1,262,31.49497709923664,1,0.5368852459016393,0.5046829068797446,1.0,1.0,handcrafted ceramics,0.97,True,0.5186972272492326,0.6645918521621917,0.7387158099632071,Priorite moyenne
q-sea star 8 piece ceramic serveware set,handcrafted ceramics,39.0,1,1,262,31.49497709923664,1,0.5368852459016393,0.23829268517399807,1.0,1.0,handcrafted ceramics,0.94,True,0.5186972272492326,0.8075635202993107,0.7383643933700631,Priorite moyenne
q-natural handmade ceramic tajine,handcrafted ceramics,39.0,1,1,262,31.49497709923664,1,0.5368852459016393,0.23829268517399807,1.0,1.0,handcrafted ceramics,0.94,True,0.5186972272492326,0.8075635202993107,0.7383643933700631,Priorite moyenne
a-coffret tasse tisane,arts de la table,75.0,1,1,310,67.45709677419354,2,0.6352459016393442,0.11181778455775897,1.0,1.0,arts de la table,0.73,True,0.6118659359007829,0.8994279583302077,0.738080359014614,Priorite moyenne
q-set of ceramic for water ' serdine',handcrafted ceramics,57.72,1,1,262,31.49497709923664,1,0.5368852459016393,0.8326731588169921,1.0,1.0,handcrafted ceramics,0.99,True,0.5186972272492326,0.5456510317669024,0.7377687689434428,Priorite moyenne
q-set of ceramic for water ' jileni ',handcrafted ceramics,57.72,1,1,262,31.49497709923664,1,0.5368852459016393,0.8326731588169921,1.0,1.0,handcrafted ceramics,0.99,True,0.5186972272492326,0.5456510317669024,0.7377687689434428,Priorite moyenne
q-set of ceramic for water ' khat ',handcrafted ceramics,57.72,1,1,262,31.49497709923664,1,0.5368852459016393,0.8326731588169921,1.0,1.0,handcrafted ceramics,0.99,True,0.5186972272492326,0.5456510317669024,0.7377687689434428,Priorite moyenne
q-bowl - makroudh rouge,handcrafted ceramics,23.4,1,1,262,31.49497709923664,1,0.5368852459016393,0.2570243761951637,1.0,1.0,handcrafted ceramics,0.94,True,0.5186972272492326,0.795529521095573,0.7377626934098762,Priorite moyenne
q-handmade ceramic oval oven tray,handcrafted ceramics,37.44,1,1,262,31.49497709923664,1,0.5368852459016393,0.18876097903708183,1.0,1.0,handcrafted ceramics,0.93,True,0.5186972272492326,0.8412119994130512,0.7375468173257502,Priorite moyenne
q-bowl kitchen handmade products,handcrafted ceramics,16.38,1,1,262,31.49497709923664,1,0.5368852459016393,0.47991705381128646,1.0,1.0,handcrafted ceramics,0.96,True,0.5186972272492326,0.6757135458535748,0.7367718946477764,Priorite moyenne
q-handmade ceramics octogonal dish,handcrafted ceramics,12.48,1,1,262,31.49497709923664,1,0.5368852459016393,0.6037463191535769,1.0,1.0,handcrafted ceramics,0.97,True,0.5186972272492326,0.6235400125674356,0.7366632179834693,Priorite moyenne
q-handmade ceramic dish - elegant blue & white,handcrafted ceramics,12.48,1,1,262,31.49497709923664,1,0.5368852459016393,0.6037463191535769,1.0,1.0,handcrafted ceramics,0.97,True,0.5186972272492326,0.6235400125674356,0.7366632179834693,Priorite moyenne
q-handmade small blue ceramics bowl,handcrafted ceramics,12.48,1,1,262,31.49497709923664,1,0.5368852459016393,0.6037463191535769,1.0,1.0,handcrafted ceramics,0.97,True,0.5186972272492326,0.6235400125674356,0.7366632179834693,Priorite moyenne
q-handmade blue ceramic oval plate,handcrafted ceramics,21.84,1,1,262,31.49497709923664,1,0.5368852459016393,0.30655608233207987,1.0,1.0,handcrafted ceramics,0.94,True,0.5186972272492326,0.7653708964525227,0.7362547621777237,Priorite moyenne
q-tunisian pottery olive oil cruet,handcrafted ceramics,15.6,1,1,262,31.49497709923664,1,0.5368852459016393,0.5046829068797446,1.0,1.0,handcrafted ceramics,0.96,True,0.5186972272492326,0.6645918521621917,0.7362158099632071,Priorite moyenne
q-artisanal olive oil carafe – handmade in tunisia,handcrafted ceramics,15.6,1,1,262,31.49497709923664,1,0.5368852459016393,0.5046829068797446,1.0,1.0,handcrafted ceramics,0.96,True,0.5186972272492326,0.6645918521621917,0.7362158099632071,Priorite moyenne
q-oval design multi-purpose bottle with andalusian design,handcrafted ceramics,15.6,1,1,262,31.49497709923664,1,0.5368852459016393,0.5046829068797446,1.0,1.0,handcrafted ceramics,0.96,True,0.5186972272492326,0.6645918521621917,0.7362158099632071,Priorite moyenne
q-handmade floral ceramic square dish,handcrafted ceramics,26.52,1,1,262,31.49497709923664,1,0.5368852459016393,0.15796096392133133,1.0,1.0,handcrafted ceramics,0.92,True,0.5186972272492326,0.8635869698176952,0.7361655658459824,Priorite moyenne
q-set of cafe ceramic ' jilani ',handcrafted ceramics,51.48,1,1,262,31.49497709923664,1,0.5368852459016393,0.6345463342693274,1.0,1.0,handcrafted ceramics,0.97,True,0.5186972272492326,0.6117905494841898,0.736075744829307,Priorite moyenne
q-set of cafe ceramic ' serdine ',handcrafted ceramics,51.48,1,1,262,31.49497709923664,1,0.5368852459016393,0.6345463342693274,1.0,1.0,handcrafted ceramics,0.97,True,0.5186972272492326,0.6117905494841898,0.736075744829307,Priorite moyenne
q-bowl – oriental black,handcrafted ceramics,23.4,1,1,262,31.49497709923664,1,0.5368852459016393,0.2570243761951637,1.0,1.0,handcrafted ceramics,0.93,True,0.5186972272492326,0.795529521095573,0.7352626934098763,Priorite moyenne
q-bottle oil handmade green color,handcrafted ceramics,12.48,1,1,262,31.49497709923664,1,0.5368852459016393,0.6037463191535769,1.0,1.0,handcrafted ceramics,0.96,True,0.5186972272492326,0.6235400125674356,0.7341632179834694,Priorite moyenne
q-handmade rectangular plate : jilani ceramics,handcrafted ceramics,43.68,1,1,262,31.49497709923664,1,0.5368852459016393,0.3868878035847466,1.0,1.0,handcrafted ceramics,0.94,True,0.5186972272492326,0.7210388593909749,0.7340381603246463,Priorite moyenne
q-small decorated ceramic tajine,handcrafted ceramics,21.84,1,1,262,31.49497709923664,1,0.5368852459016393,0.30655608233207987,1.0,1.0,handcrafted ceramics,0.93,True,0.5186972272492326,0.7653708964525227,0.7337547621777237,Priorite moyenne
q-milk mug down the masks ceramic,handcrafted ceramics,21.84,1,1,262,31.49497709923664,1,0.5368852459016393,0.30655608233207987,1.0,1.0,handcrafted ceramics,0.93,True,0.5186972272492326,0.7653708964525227,0.7337547621777237,Priorite moyenne
q-mini tajine – lara,handcrafted ceramics,26.52,1,1,262,31.49497709923664,1,0.5368852459016393,0.15796096392133133,1.0,1.0,handcrafted ceramics,0.91,True,0.5186972272492326,0.8635869698176952,0.7336655658459824,Priorite moyenne
q-bottle of olive oil handmade in tunisia,handcrafted ceramics,18.72,1,1,262,31.49497709923664,1,0.5368852459016393,0.40561949460591223,1.0,1.0,handcrafted ceramics,0.94,True,0.5186972272492326,0.7114300874721191,0.7335577217287035,Priorite moyenne
q-green blown glass bowl – handmade artisan craft,handcrafted ceramics,10.92,1,1,262,31.49497709923664,1,0.5368852459016393,0.6532780252904932,1.0,1.0,handcrafted ceramics,0.96,True,0.5186972272492326,0.6048589436881269,0.7332291645395039,Priorite moyenne
q-handmade ceramic decorated cup,handcrafted ceramics,9.36,1,1,262,31.49497709923664,1,0.5368852459016393,0.7028097314274092,1.0,1.0,handcrafted ceramics,0.96,True,0.5186972272492326,0.5872646729366134,0.7323494510019283,Priorite moyenne
q-tunisian ceramic oil cruet for olive oil,handcrafted ceramics,12.48,1,1,262,31.49497709923664,1,0.5368852459016393,0.6037463191535769,1.0,1.0,handcrafted ceramics,0.95,True,0.5186972272492326,0.6235400125674356,0.7316632179834694,Priorite moyenne
q-collection of ceramics handmade plates with different forms,handcrafted ceramics,21.84,1,1,262,31.49497709923664,1,0.5368852459016393,0.30655608233207987,1.0,1.0,handcrafted ceramics,0.92,True,0.5186972272492326,0.7653708964525227,0.7312547621777237,Priorite moyenne
q-plate wall decor inspired by tunisian designers,handcrafted ceramics,15.6,1,1,262,31.49497709923664,1,0.5368852459016393,0.5046829068797446,1.0,1.0,handcrafted ceramics,0.94,True,0.5186972272492326,0.6645918521621917,0.7312158099632071,Priorite moyenne
q-traditional ceramic oil bottle – made in tunisia,handcrafted ceramics,15.6,1,1,262,31.49497709923664,1,0.5368852459016393,0.5046829068797446,1.0,1.0,handcrafted ceramics,0.94,True,0.5186972272492326,0.6645918521621917,0.7312158099632071,Priorite moyenne
q-rectangular multi-purpose bottle with a fish design,handcrafted ceramics,15.6,1,1,262,31.49497709923664,1,0.5368852459016393,0.5046829068797446,1.0,1.0,handcrafted ceramics,0.94,True,0.5186972272492326,0.6645918521621917,0.7312158099632071,Priorite moyenne
q-olive oil bottle ceramics with arabic calligraphy design,handcrafted ceramics,15.6,1,1,262,31.49497709923664,1,0.5368852459016393,0.5046829068797446,1.0,1.0,handcrafted ceramics,0.94,True,0.5186972272492326,0.6645918521621917,0.7312158099632071,Priorite moyenne
q-white & black ceramic large bowl,handcrafted ceramics,15.6,1,1,262,31.49497709923664,1,0.5368852459016393,0.5046829068797446,1.0,1.0,handcrafted ceramics,0.94,True,0.5186972272492326,0.6645918521621917,0.7312158099632071,Priorite moyenne
a-bouteille huile d'olive,arts de la table,13.9,1,1,310,67.45709677419354,2,0.6352459016393442,0.793943091851817,1.0,1.0,arts de la table,0.77,True,0.6118659359007829,0.5574312833790839,0.7309805252670578,Priorite moyenne
q-tagine pot clay ceramic glazed berber traditional,handcrafted ceramics,53.04,1,1,262,31.49497709923664,1,0.5368852459016393,0.6840780404062436,1.0,1.0,handcrafted ceramics,0.95,True,0.5186972272492326,0.5937967101327287,0.730176052861734,Priorite moyenne
q-handmade floral blue ceramic tajine,handcrafted ceramics,53.04,1,1,262,31.49497709923664,1,0.5368852459016393,0.6840780404062436,1.0,1.0,handcrafted ceramics,0.95,True,0.5186972272492326,0.5937967101327287,0.730176052861734,Priorite moyenne
q-tunis white and blue ceramic oil bottle,handcrafted ceramics,12.48,1,1,262,31.49497709923664,1,0.5368852459016393,0.6037463191535769,1.0,1.0,handcrafted ceramics,0.94,True,0.5186972272492326,0.6235400125674356,0.7291632179834694,Priorite moyenne
q-tunis white ceramic oil cruet,handcrafted ceramics,12.48,1,1,262,31.49497709923664,1,0.5368852459016393,0.6037463191535769,1.0,1.0,handcrafted ceramics,0.94,True,0.5186972272492326,0.6235400125674356,0.7291632179834694,Priorite moyenne
q-handmade ceramic square soup tureen,handcrafted ceramics,43.68,1,1,262,31.49497709923664,1,0.5368852459016393,0.3868878035847466,1.0,1.0,handcrafted ceramics,0.92,True,0.5186972272492326,0.7210388593909749,0.7290381603246463,Priorite moyenne
q-handmade decorated ceramic tureen,handcrafted ceramics,34.32,1,1,262,31.49497709923664,1,0.5368852459016393,0.08969756676324957,1.0,1.0,handcrafted ceramics,0.88,True,0.5186972272492326,0.9176858153132524,0.7288705081207602,Priorite moyenne
q-ceramic fish-shaped dish,handcrafted ceramics,15.6,1,1,262,31.49497709923664,1,0.5368852459016393,0.5046829068797446,1.0,1.0,handcrafted ceramics,0.93,True,0.5186972272492326,0.6645918521621917,0.7287158099632072,Priorite moyenne
q-ceramic bowl with natural color handmade,handcrafted ceramics,15.6,1,1,262,31.49497709923664,1,0.5368852459016393,0.5046829068797446,1.0,1.0,handcrafted ceramics,0.93,True,0.5186972272492326,0.6645918521621917,0.7287158099632072,Priorite moyenne
q-handmade olive oil dispenser – tunisian artisan ceramic bottle,handcrafted ceramics,15.6,1,1,262,31.49497709923664,1,0.5368852459016393,0.5046829068797446,1.0,1.0,handcrafted ceramics,0.93,True,0.5186972272492326,0.6645918521621917,0.7287158099632072,Priorite moyenne
q-mini tajine – flowers,handcrafted ceramics,26.52,1,1,262,31.49497709923664,1,0.5368852459016393,0.15796096392133133,1.0,1.0,handcrafted ceramics,0.89,True,0.5186972272492326,0.8635869698176952,0.7286655658459824,Priorite moyenne
q-handmade flared tankard,handcrafted ceramics,18.72,1,1,262,31.49497709923664,1,0.5368852459016393,0.40561949460591223,1.0,1.0,handcrafted ceramics,0.92,True,0.5186972272492326,0.7114300874721191,0.7285577217287036,Priorite moyenne
q-tureen – lara,handcrafted ceramics,56.16,1,1,262,31.49497709923664,1,0.5368852459016393,0.7831414526800758,1.0,1.0,handcrafted ceramics,0.95,True,0.5186972272492326,0.5608080046016496,0.7285266175851801,Priorite moyenne
q-handmade minimalist tajine plate,handcrafted ceramics,49.92,1,1,262,31.49497709923664,1,0.5368852459016393,0.5850146281324113,1.0,1.0,handcrafted ceramics,0.93,True,0.5186972272492326,0.6309090037725889,0.7270316675437271,Priorite moyenne
q-turquoise blown glass cup,handcrafted ceramics,8.518,1,1,262,31.49497709923664,1,0.5368852459016393,0.7295441523038729,1.0,1.0,handcrafted ceramics,0.94,True,0.5186972272492326,0.5781870319227934,0.7268955689512373,Priorite moyenne
q-plat couscous chkala – oriental black,handcrafted ceramics,35.88,1,1,262,31.49497709923664,1,0.5368852459016393,0.13922927290016582,1.0,1.0,handcrafted ceramics,0.88,True,0.5186972272492326,0.8777864331507861,0.7268755390126369,Priorite moyenne
q-handmade floral blue & white ceramic bowl,handcrafted ceramics,15.6,1,1,262,31.49497709923664,1,0.5368852459016393,0.5046829068797446,1.0,1.0,handcrafted ceramics,0.92,True,0.5186972272492326,0.6645918521621917,0.7262158099632071,Priorite moyenne
q-set of handmade ceramics products,handcrafted ceramics,15.6,1,1,262,31.49497709923664,1,0.5368852459016393,0.5046829068797446,1.0,1.0,handcrafted ceramics,0.92,True,0.5186972272492326,0.6645918521621917,0.7262158099632071,Priorite moyenne
q-tunisian hand-painted ceramic oil bottle,handcrafted ceramics,18.72,1,1,262,31.49497709923664,1,0.5368852459016393,0.40561949460591223,1.0,1.0,handcrafted ceramics,0.91,True,0.5186972272492326,0.7114300874721191,0.7260577217287036,Priorite moyenne
q-tureen – flowers,handcrafted ceramics,56.16,1,1,262,31.49497709923664,1,0.5368852459016393,0.7831414526800758,1.0,1.0,handcrafted ceramics,0.94,True,0.5186972272492326,0.5608080046016496,0.7260266175851801,Priorite moyenne
q-handmade decorated plates,handcrafted ceramics,28.08,1,1,262,31.49497709923664,1,0.5368852459016393,0.1084292577844152,1.0,1.0,handcrafted ceramics,0.87,True,0.5186972272492326,0.9021775570944878,0.725595095209822,Priorite moyenne
a-nappe brodée,arts de la table,280.0,1,1,310,67.45709677419354,2,0.6352459016393442,3.1507863551627193,1.0,1.0,arts de la table,0.81,True,0.6118659359007829,0.24091820547598336,0.7251548713719028,Priorite moyenne
a-boîte halfa,arts de la table,20.0,1,1,310,67.45709677419354,2,0.6352459016393442,0.7035152465801572,1.0,1.0,arts de la table,0.74,True,0.6118659359007829,0.5870214557853364,0.7249600338873705,Priorite moyenne
q-large handmade vase,handcrafted ceramics,12.48,1,1,262,31.49497709923664,1,0.5368852459016393,0.6037463191535769,1.0,1.0,handcrafted ceramics,0.92,True,0.5186972272492326,0.6235400125674356,0.7241632179834694,Priorite moyenne
q-handmade decorated dish,handcrafted ceramics,21.84,1,1,262,31.49497709923664,1,0.5368852459016393,0.30655608233207987,1.0,1.0,handcrafted ceramics,0.89,True,0.5186972272492326,0.7653708964525227,0.7237547621777237,Priorite moyenne
q-tajine – zarbia,handcrafted ceramics,76.44,1,1,262,31.49497709923664,1,0.5368852459016393,1.4270536324599863,1.0,1.0,handcrafted ceramics,0.96,True,0.5186972272492326,0.4120222094088753,0.7235873278255414,Priorite moyenne
q-moroccan tajine – zarbia,handcrafted ceramics,76.44,1,1,262,31.49497709923664,1,0.5368852459016393,1.4270536324599863,1.0,1.0,handcrafted ceramics,0.96,True,0.5186972272492326,0.4120222094088753,0.7235873278255414,Priorite moyenne
q-tureen – zarbia,handcrafted ceramics,56.16,1,1,262,31.49497709923664,1,0.5368852459016393,0.7831414526800758,1.0,1.0,handcrafted ceramics,0.93,True,0.5186972272492326,0.5608080046016496,0.7235266175851801,Priorite moyenne
q-black & white rectangular ceramic dish,handcrafted ceramics,26.302,1,1,262,31.49497709923664,1,0.5368852459016393,0.1648827023430286,1.0,1.0,handcrafted ceramics,0.87,True,0.5186972272492326,0.8584555320364996,0.7234089939569226,Priorite moyenne
q-artichoke salad bowl – oriental black,handcrafted ceramics,53.04,1,1,262,31.49497709923664,1,0.5368852459016393,0.6840780404062436,1.0,1.0,handcrafted ceramics,0.92,True,0.5186972272492326,0.5937967101327287,0.722676052861734,Priorite moyenne
q-turquoise blown glass bowl,handcrafted ceramics,9.922,1,1,262,31.49497709923664,1,0.5368852459016393,0.6849656167806484,1.0,1.0,handcrafted ceramics,0.92,True,0.5186972272492326,0.5934839204082001,0.7226604133755076,Priorite moyenne
q-handmade floral ceramic bowl,handcrafted ceramics,8.58,1,1,262,31.49497709923664,1,0.5368852459016393,0.7275755844958672,1.0,1.0,handcrafted ceramics,0.92,True,0.5186972272492326,0.578845874516,0.7219285110808976,Priorite moyenne
q-hand painted ceramic bowl,handcrafted ceramics,15.6,1,1,262,31.49497709923664,1,0.5368852459016393,0.5046829068797446,1.0,1.0,handcrafted ceramics,0.9,True,0.5186972272492326,0.6645918521621917,0.7212158099632071,Priorite moyenne
q-plate blue and red white ceramics made in tunisia,handcrafted ceramics,15.6,1,1,262,31.49497709923664,1,0.5368852459016393,0.5046829068797446,1.0,1.0,handcrafted ceramics,0.9,True,0.5186972272492326,0.6645918521621917,0.7212158099632071,Priorite moyenne
q-decorated ceramic tajine,handcrafted ceramics,76.44,1,1,262,31.49497709923664,1,0.5368852459016393,1.4270536324599863,1.0,1.0,handcrafted ceramics,0.95,True,0.5186972272492326,0.4120222094088753,0.7210873278255414,Priorite moyenne
q-traditional handmade tunisian plate,handcrafted ceramics,39.0,1,1,262,31.49497709923664,1,0.5368852459016393,0.23829268517399807,1.0,1.0,handcrafted ceramics,0.87,True,0.5186972272492326,0.8075635202993107,0.7208643933700631,Priorite moyenne
q-green plate-kitchen deco-handmade in tunisia,handcrafted ceramics,15.6,1,1,262,31.49497709923664,1,0.5368852459016393,0.5046829068797446,1.0,1.0,handcrafted ceramics,0.89,True,0.5186972272492326,0.6645918521621917,0.7187158099632072,Priorite moyenne
q-floral ceramic cup,handcrafted ceramics,9.36,1,1,262,31.49497709923664,1,0.5368852459016393,0.7028097314274092,1.0,1.0,handcrafted ceramics,0.9,True,0.5186972272492326,0.5872646729366134,0.7173494510019283,Priorite moyenne
q-green blown glass cup,handcrafted ceramics,9.204,1,1,262,31.49497709923664,1,0.5368852459016393,0.7077629020411008,1.0,1.0,handcrafted ceramics,0.9,True,0.5186972272492326,0.5855613790443687,0.717264286307316,Priorite moyenne
q-jatte salad bowl – oriental black,handcrafted ceramics,54.6,1,1,262,31.49497709923664,1,0.5368852459016393,0.7336097465431599,1.0,1.0,handcrafted ceramics,0.9,True,0.5186972272492326,0.5768310901539477,0.716827771862795,Priorite moyenne
q-handmade ceramics tea-pot,handcrafted ceramics,43.68,1,1,262,31.49497709923664,1,0.5368852459016393,0.3868878035847466,1.0,1.0,handcrafted ceramics,0.87,True,0.5186972272492326,0.7210388593909749,0.7165381603246463,Priorite moyenne
q-zinguia soup tureen – lara,handcrafted ceramics,60.84,1,1,262,31.49497709923664,1,0.5368852459016393,0.9317365710908246,1.0,1.0,handcrafted ceramics,0.91,True,0.5186972272492326,0.5176689280336573,0.7163696637567805,Priorite moyenne
q-decorated oval plate,handcrafted ceramics,15.6,1,1,262,31.49497709923664,1,0.5368852459016393,0.5046829068797446,1.0,1.0,handcrafted ceramics,0.88,True,0.5186972272492326,0.6645918521621917,0.7162158099632071,Priorite moyenne
q-floral ceramic cup and saucer,handcrafted ceramics,15.6,1,1,262,31.49497709923664,1,0.5368852459016393,0.5046829068797446,1.0,1.0,handcrafted ceramics,0.88,True,0.5186972272492326,0.6645918521621917,0.7162158099632071,Priorite moyenne
q-tunisian decorative wall tiles,handcrafted ceramics,15.6,1,1,262,31.49497709923664,1,0.5368852459016393,0.5046829068797446,1.0,1.0,handcrafted ceramics,0.88,True,0.5186972272492326,0.6645918521621917,0.7162158099632071,Priorite moyenne
q-blown-glass with red design,handcrafted ceramics,15.6,1,1,262,31.49497709923664,1,0.5368852459016393,0.5046829068797446,1.0,1.0,handcrafted ceramics,0.88,True,0.5186972272492326,0.6645918521621917,0.7162158099632071,Priorite moyenne
q-floral ceramic bowl,handcrafted ceramics,9.984,1,1,262,31.49497709923664,1,0.5368852459016393,0.6829970489726428,1.0,1.0,handcrafted ceramics,0.89,True,0.5186972272492326,0.5941781066166654,0.7151951226859309,Priorite moyenne
q-kerwena soup tureen– zarbia,handcrafted ceramics,53.04,1,1,262,31.49497709923664,1,0.5368852459016393,0.6840780404062436,1.0,1.0,handcrafted ceramics,0.89,True,0.5186972272492326,0.5937967101327287,0.715176052861734,Priorite moyenne
q-kerwena soup tureen– oriental black,handcrafted ceramics,53.04,1,1,262,31.49497709923664,1,0.5368852459016393,0.6840780404062436,1.0,1.0,handcrafted ceramics,0.89,True,0.5186972272492326,0.5937967101327287,0.715176052861734,Priorite moyenne
q-handmade decorated octagonal dish,handcrafted ceramics,20.28,1,1,262,31.49497709923664,1,0.5368852459016393,0.35608778846899597,1.0,1.0,handcrafted ceramics,0.86,True,0.5186972272492326,0.7374153860119823,0.7148569866556966,Priorite moyenne
q-plat couscous chkala – lara,handcrafted ceramics,35.88,1,1,262,31.49497709923664,1,0.5368852459016393,0.13922927290016582,1.0,1.0,handcrafted ceramics,0.83,True,0.5186972272492326,0.8777864331507861,0.714375539012637,Priorite moyenne
q-tunisian tepsi wall & serving tray,handcrafted ceramics,54.6,1,1,262,31.49497709923664,1,0.5368852459016393,0.7336097465431599,1.0,1.0,handcrafted ceramics,0.89,True,0.5186972272492326,0.5768310901539477,0.7143277718627951,Priorite moyenne
q-yellow bird ceramics handmade,handcrafted ceramics,7.8,1,1,262,31.49497709923664,1,0.5368852459016393,0.7523414375643254,1.0,1.0,handcrafted ceramics,0.89,True,0.5186972272492326,0.570665041962344,0.7140194694532148,Priorite moyenne
q-rug black white diamond 90x180 cm,rugs & kilim,176.904,1,1,130,236.3099076923077,1,0.26639344262295084,0.25138982965652285,1.0,1.0,rugs & kilim,1.0,True,0.5672412027267326,0.7991114969141763,0.7134066241883187,Priorite moyenne
q-rug black white checkered 90x180 cm etandart handmade,rugs & kilim,176.904,1,1,130,236.3099076923077,1,0.26639344262295084,0.25138982965652285,1.0,1.0,rugs & kilim,1.0,True,0.5672412027267326,0.7991114969141763,0.7134066241883187,Priorite moyenne
q-rug ivory golden diamond etandart handmade,rugs & kilim,176.904,1,1,130,236.3099076923077,1,0.26639344262295084,0.25138982965652285,1.0,1.0,rugs & kilim,1.0,True,0.5672412027267326,0.7991114969141763,0.7134066241883187,Priorite moyenne
q-rug black white stars 90x180 cm etandart handmade,rugs & kilim,176.904,1,1,130,236.3099076923077,1,0.26639344262295084,0.25138982965652285,1.0,1.0,rugs & kilim,1.0,True,0.5672412027267326,0.7991114969141763,0.7134066241883187,Priorite moyenne
q-natural handmade ceramic tajine – small,handcrafted ceramics,29.64,1,1,262,31.49497709923664,1,0.5368852459016393,0.05889755164749895,1.0,1.0,handcrafted ceramics,0.81,True,0.5186972272492326,0.9443784230534271,0.712705138507769,Priorite moyenne
q-colorful handmade rug,rugs & kilim,305.76,1,1,130,236.3099076923077,1,0.26639344262295084,0.2938941184989465,1.0,1.0,rugs & kilim,1.0,True,0.5672412027267326,0.7728607663508861,0.7120940876601543,Priorite moyenne
q-handmade white rug with colorful patterns,rugs & kilim,305.76,1,1,130,236.3099076923077,1,0.26639344262295084,0.2938941184989465,1.0,1.0,rugs & kilim,1.0,True,0.5672412027267326,0.7728607663508861,0.7120940876601543,Priorite moyenne
q-jatte salad bowl – makroudh rouge,handcrafted ceramics,54.6,1,1,262,31.49497709923664,1,0.5368852459016393,0.7336097465431599,1.0,1.0,handcrafted ceramics,0.88,True,0.5186972272492326,0.5768310901539477,0.711827771862795,Priorite moyenne
q-plate black and white ceramics made in tunisia,handcrafted ceramics,21.84,1,1,262,31.49497709923664,1,0.5368852459016393,0.30655608233207987,1.0,1.0,handcrafted ceramics,0.84,True,0.5186972272492326,0.7653708964525227,0.7112547621777237,Priorite moyenne
q-handmade ceramic tepsi dish,handcrafted ceramics,68.64,1,1,262,31.49497709923664,1,0.5368852459016393,1.1793951017754056,1.0,1.0,handcrafted ceramics,0.9,True,0.5186972272492326,0.4588429143414004,0.7109283630721676,Priorite moyenne
q-rug ivory etandart handmade,rugs & kilim,176.904,1,1,130,236.3099076923077,1,0.26639344262295084,0.25138982965652285,1.0,1.0,rugs & kilim,0.99,True,0.5672412027267326,0.7991114969141763,0.7109066241883187,Priorite moyenne
q-blue amazigh berber pattern white base rug,rugs & kilim,156.0,1,1,130,236.3099076923077,1,0.26639344262295084,0.33984993746866915,1.0,1.0,rugs & kilim,1.0,True,0.5672412027267326,0.746352238437436,0.7107686612644817,Priorite moyenne
q-purple halfa rug with golden stripes,rugs & kilim,156.0,1,1,130,236.3099076923077,1,0.26639344262295084,0.33984993746866915,1.0,1.0,rugs & kilim,1.0,True,0.5672412027267326,0.746352238437436,0.7107686612644817,Priorite moyenne
q-a collection of ceramics handmade bowls with different forms,handcrafted ceramics,6.24,1,1,262,31.49497709923664,1,0.5368852459016393,0.8018731437012416,1.0,1.0,handcrafted ceramics,0.88,True,0.5186972272492326,0.5549780257814888,0.710735118644172,Priorite moyenne
q-ceramic jar with spoons,handcrafted ceramics,48.204,1,1,262,31.49497709923664,1,0.5368852459016393,0.5305297513818036,1.0,1.0,handcrafted ceramics,0.86,True,0.5186972272492326,0.6533685471302816,0.7106546447116117,Priorite moyenne
a-huile figue de barbarie,cosmetiques et soins,25.0,1,1,193,24.965803108808288,1,0.39549180327868855,0.0013697492395066478,1.0,1.0,cosmetiques et soins,1.0,True,0.4382109793419082,0.9986321244070466,0.7104932606786625,Priorite moyenne
a-huile capillaire,cosmetiques et soins,25.0,1,1,193,24.965803108808288,1,0.39549180327868855,0.0013697492395066478,1.0,1.0,cosmetiques et soins,1.0,True,0.4382109793419082,0.9986321244070466,0.7104932606786625,Priorite moyenne
a-masque capillaire huile ail,cosmetiques et soins,25.0,1,1,193,24.965803108808288,1,0.39549180327868855,0.0013697492395066478,1.0,1.0,cosmetiques et soins,1.0,True,0.4382109793419082,0.9986321244070466,0.7104932606786625,Priorite moyenne
a-huile pépin figue de barbarie,cosmetiques et soins,25.0,1,1,193,24.965803108808288,1,0.39549180327868855,0.0013697492395066478,1.0,1.0,cosmetiques et soins,1.0,True,0.4382109793419082,0.9986321244070466,0.7104932606786625,Priorite moyenne
a-huile cactus royal,cosmetiques et soins,25.0,1,1,193,24.965803108808288,1,0.39549180327868855,0.0013697492395066478,1.0,1.0,cosmetiques et soins,1.0,True,0.4382109793419082,0.9986321244070466,0.7104932606786625,Priorite moyenne
q-deep ceramic bowl,handcrafted ceramics,5.616,1,1,262,31.49497709923664,1,0.5368852459016393,0.821685826156008,1.0,1.0,handcrafted ceramics,0.88,True,0.5186972272492326,0.5489420764227655,0.7104333211762358,Priorite moyenne
q-handmade ceramic jar with spoons,handcrafted ceramics,37.44,1,1,262,31.49497709923664,1,0.5368852459016393,0.18876097903708183,1.0,1.0,handcrafted ceramics,0.82,True,0.5186972272492326,0.8412119994130512,0.7100468173257501,Priorite moyenne
q-handmade tunisian white rug with lines,rugs & kilim,305.76,1,1,130,236.3099076923077,1,0.26639344262295084,0.2938941184989465,1.0,1.0,rugs & kilim,0.99,True,0.5672412027267326,0.7728607663508861,0.7095940876601543,Priorite moyenne
q-modern handmade white rug with black shapes,rugs & kilim,305.76,1,1,130,236.3099076923077,1,0.26639344262295084,0.2938941184989465,1.0,1.0,rugs & kilim,0.99,True,0.5672412027267326,0.7728607663508861,0.7095940876601543,Priorite moyenne
q-handmade decorated carpet,rugs & kilim,305.76,1,1,130,236.3099076923077,1,0.26639344262295084,0.2938941184989465,1.0,1.0,rugs & kilim,0.99,True,0.5672412027267326,0.7728607663508861,0.7095940876601543,Priorite moyenne
q-handmade decorated kairaoun carpet,rugs & kilim,305.76,1,1,130,236.3099076923077,1,0.26639344262295084,0.2938941184989465,1.0,1.0,rugs & kilim,0.99,True,0.5672412027267326,0.7728607663508861,0.7095940876601543,Priorite moyenne
q-undyed white wool diamond rug,rugs & kilim,312.0,1,1,130,236.3099076923077,1,0.26639344262295084,0.3203001208309305,1.0,1.0,rugs & kilim,0.99,True,0.5672412027267326,0.7574035510734106,0.7088212268962805,Priorite moyenne
q-diamond rug with high pile pattern,rugs & kilim,312.0,1,1,130,236.3099076923077,1,0.26639344262295084,0.3203001208309305,1.0,1.0,rugs & kilim,0.99,True,0.5672412027267326,0.7574035510734106,0.7088212268962805,Priorite moyenne
q-high pile white & grey diamond rug,rugs & kilim,159.12,1,1,130,236.3099076923077,1,0.26639344262295084,0.32664693630267716,1.0,1.0,rugs & kilim,0.99,True,0.5672412027267326,0.7537800545388272,0.7086400520695513,Priorite moyenne
q-moroccan tajine – oriental black,handcrafted ceramics,76.44,1,1,262,31.49497709923664,1,0.5368852459016393,1.4270536324599863,1.0,1.0,handcrafted ceramics,0.9,True,0.5186972272492326,0.4120222094088753,0.7085873278255413,Priorite moyenne
q-rug white golden diamond handmade tunisia,rugs & kilim,176.904,1,1,130,236.3099076923077,1,0.26639344262295084,0.25138982965652285,1.0,1.0,rugs & kilim,0.98,True,0.5672412027267326,0.7991114969141763,0.7084066241883187,Priorite moyenne
q-rug white grey stars,rugs & kilim,176.904,1,1,130,236.3099076923077,1,0.26639344262295084,0.25138982965652285,1.0,1.0,rugs & kilim,0.98,True,0.5672412027267326,0.7991114969141763,0.7084066241883187,Priorite moyenne
q-dark blue halfa rug with orange stripes,rugs & kilim,156.0,1,1,130,236.3099076923077,1,0.26639344262295084,0.33984993746866915,1.0,1.0,rugs & kilim,0.99,True,0.5672412027267326,0.746352238437436,0.7082686612644817,Priorite moyenne
a-huile thala figue barbarie,cosmetiques et soins,25.0,1,1,193,24.965803108808288,1,0.39549180327868855,0.0013697492395066478,1.0,1.0,cosmetiques et soins,0.99,True,0.4382109793419082,0.9986321244070466,0.7079932606786624,Priorite moyenne
a-huile figue barbarie,cosmetiques et soins,25.0,1,1,193,24.965803108808288,1,0.39549180327868855,0.0013697492395066478,1.0,1.0,cosmetiques et soins,0.99,True,0.4382109793419082,0.9986321244070466,0.7079932606786624,Priorite moyenne
q-traditional decorated handmade carpet,rugs & kilim,305.76,1,1,130,236.3099076923077,1,0.26639344262295084,0.2938941184989465,1.0,1.0,rugs & kilim,0.98,True,0.5672412027267326,0.7728607663508861,0.7070940876601542,Priorite moyenne
q-traditional floral handmade tunisian carpet,rugs & kilim,305.76,1,1,130,236.3099076923077,1,0.26639344262295084,0.2938941184989465,1.0,1.0,rugs & kilim,0.98,True,0.5672412027267326,0.7728607663508861,0.7070940876601542,Priorite moyenne
q-multicolor amazigh berber pattern white base rug,rugs & kilim,327.6,1,1,130,236.3099076923077,1,0.26639344262295084,0.3863151266608906,1.0,1.0,rugs & kilim,0.99,True,0.5672412027267326,0.7213367154181043,0.7070178851135152,Priorite moyenne
q-berber geometric kilim rug,rugs & kilim,243.36,1,1,130,236.3099076923077,1,0.26639344262295084,0.029834095179106714,1.0,1.0,rugs & kilim,0.94,True,0.5672412027267326,0.9710301928060383,0.7070025589829119,Priorite moyenne
q-zinguia soup tureen – flowers,handcrafted ceramics,60.84,1,1,262,31.49497709923664,1,0.5368852459016393,0.9317365710908246,1.0,1.0,handcrafted ceramics,0.87,True,0.5186972272492326,0.5176689280336573,0.7063696637567805,Priorite moyenne
q-multicolored bone line pattern rug,rugs & kilim,312.0,1,1,130,236.3099076923077,1,0.26639344262295084,0.3203001208309305,1.0,1.0,rugs & kilim,0.98,True,0.5672412027267326,0.7574035510734106,0.7063212268962804,Priorite moyenne
q-triangle pattern rug,rugs & kilim,312.0,1,1,130,236.3099076923077,1,0.26639344262295084,0.3203001208309305,1.0,1.0,rugs & kilim,0.98,True,0.5672412027267326,0.7574035510734106,0.7063212268962804,Priorite moyenne
q-set of white ceramics with black decoration,handcrafted ceramics,15.6,1,1,262,31.49497709923664,1,0.5368852459016393,0.5046829068797446,1.0,1.0,handcrafted ceramics,0.84,True,0.5186972272492326,0.6645918521621917,0.7062158099632071,Priorite moyenne
q-tepsi – makroudh rouge,handcrafted ceramics,15.6,1,1,262,31.49497709923664,1,0.5368852459016393,0.5046829068797446,1.0,1.0,handcrafted ceramics,0.84,True,0.5186972272492326,0.6645918521621917,0.7062158099632071,Priorite moyenne
q-large ceramics blue bowl,handcrafted ceramics,56.16,1,1,262,31.49497709923664,1,0.5368852459016393,0.7831414526800758,1.0,1.0,handcrafted ceramics,0.86,True,0.5186972272492326,0.5608080046016496,0.70602661758518,Priorite moyenne
q-rug ivory brown diamond,rugs & kilim,176.904,1,1,130,236.3099076923077,1,0.26639344262295084,0.25138982965652285,1.0,1.0,rugs & kilim,0.97,True,0.5672412027267326,0.7991114969141763,0.7059066241883187,Priorite moyenne
q-rug white black stars,rugs & kilim,176.904,1,1,130,236.3099076923077,1,0.26639344262295084,0.25138982965652285,1.0,1.0,rugs & kilim,0.97,True,0.5672412027267326,0.7991114969141763,0.7059066241883187,Priorite moyenne
q-brown amazigh berber pattern grey base rug,rugs & kilim,156.0,1,1,130,236.3099076923077,1,0.26639344262295084,0.33984993746866915,1.0,1.0,rugs & kilim,0.98,True,0.5672412027267326,0.746352238437436,0.7057686612644817,Priorite moyenne
q-multicolor floral pattern white base rug,rugs & kilim,318.24,1,1,130,236.3099076923077,1,0.26639344262295084,0.34670612316291455,1.0,1.0,rugs & kilim,0.98,True,0.5672412027267326,0.7425525010990296,0.7055786743975614,Priorite moyenne
q-artichoke salad bowl – lara,handcrafted ceramics,53.04,1,1,262,31.49497709923664,1,0.5368852459016393,0.6840780404062436,1.0,1.0,handcrafted ceramics,0.85,True,0.5186972272492326,0.5937967101327287,0.705176052861734,Priorite moyenne
q-handmade blue and white ceramic bowl,handcrafted ceramics,14.04,1,1,262,31.49497709923664,1,0.5368852459016393,0.5542146130166608,1.0,1.0,handcrafted ceramics,0.84,True,0.5186972272492326,0.6434117860074967,0.7051568066554724,Priorite moyenne
q-multi-colored geometric rug,rugs & kilim,218.4,1,1,130,236.3099076923077,1,0.26639344262295084,0.07578991414882927,1.0,1.0,rugs & kilim,0.94,True,0.5672412027267326,0.9295495215636088,0.7049285254207903,Priorite moyenne
q-orange blown glass cup,handcrafted ceramics,9.204,1,1,262,31.49497709923664,1,0.5368852459016393,0.7077629020411008,1.0,1.0,handcrafted ceramics,0.85,True,0.5186972272492326,0.5855613790443687,0.704764286307316,Priorite moyenne
q-handmade white kilim with black lines,rugs & kilim,305.76,1,1,130,236.3099076923077,1,0.26639344262295084,0.2938941184989465,1.0,1.0,rugs & kilim,0.97,True,0.5672412027267326,0.7728607663508861,0.7045940876601543,Priorite moyenne
q-amazigh berber handmade rug,rugs & kilim,305.76,1,1,130,236.3099076923077,1,0.26639344262295084,0.2938941184989465,1.0,1.0,rugs & kilim,0.97,True,0.5672412027267326,0.7728607663508861,0.7045940876601543,Priorite moyenne
q-floral handmade tunisian kairouan carpet,rugs & kilim,305.76,1,1,130,236.3099076923077,1,0.26639344262295084,0.2938941184989465,1.0,1.0,rugs & kilim,0.97,True,0.5672412027267326,0.7728607663508861,0.7045940876601543,Priorite moyenne
q-tan and red medaillon floral rug,rugs & kilim,312.0,1,1,130,236.3099076923077,1,0.26639344262295084,0.3203001208309305,1.0,1.0,rugs & kilim,0.97,True,0.5672412027267326,0.7574035510734106,0.7038212268962805,Priorite moyenne
q-handmade ceramic tajine with traditional design,handcrafted ceramics,76.44,1,1,262,31.49497709923664,1,0.5368852459016393,1.4270536324599863,1.0,1.0,handcrafted ceramics,0.88,True,0.5186972272492326,0.4120222094088753,0.7035873278255413,Priorite moyenne
q-rug grey white small diamond,rugs & kilim,176.904,1,1,130,236.3099076923077,1,0.26639344262295084,0.25138982965652285,1.0,1.0,rugs & kilim,0.96,True,0.5672412027267326,0.7991114969141763,0.7034066241883187,Priorite moyenne
q-rug white sky blue diamond 90x180 cm etandart handmade,rugs & kilim,176.904,1,1,130,236.3099076923077,1,0.26639344262295084,0.25138982965652285,1.0,1.0,rugs & kilim,0.96,True,0.5672412027267326,0.7991114969141763,0.7034066241883187,Priorite moyenne
q-framed handmade wool rug wall decoration,rugs & kilim,296.4,1,1,130,236.3099076923077,1,0.26639344262295084,0.25428511500097045,1.0,1.0,rugs & kilim,0.96,True,0.5672412027267326,0.7972668957322565,0.7033143941292227,Priorite moyenne
q-blue and red ceramic bowls hand painted in tunisia,handcrafted ceramics,10.92,1,1,262,31.49497709923664,1,0.5368852459016393,0.6532780252904932,1.0,1.0,handcrafted ceramics,0.84,True,0.5186972272492326,0.6048589436881269,0.7032291645395039,Priorite moyenne
a-soins aloe vera chevaux,cosmetiques et soins,25.0,1,1,193,24.965803108808288,1,0.39549180327868855,0.0013697492395066478,1.0,1.0,cosmetiques et soins,0.97,True,0.4382109793419082,0.9986321244070466,0.7029932606786624,Priorite moyenne
a-gommage visage,cosmetiques et soins,25.0,1,1,193,24.965803108808288,1,0.39549180327868855,0.0013697492395066478,1.0,1.0,cosmetiques et soins,0.97,True,0.4382109793419082,0.9986321244070466,0.7029932606786624,Priorite moyenne
a-masque aux 2 argiles,cosmetiques et soins,20.0,1,1,193,24.965803108808288,1,0.39549180327868855,0.198904192597437,1.0,1.0,cosmetiques et soins,1.0,True,0.4382109793419082,0.8340950062352278,0.7022664047700715,Priorite moyenne
a-gel douche et lait,cosmetiques et soins,20.0,1,1,193,24.965803108808288,1,0.39549180327868855,0.198904192597437,1.0,1.0,cosmetiques et soins,1.0,True,0.4382109793419082,0.8340950062352278,0.7022664047700715,Priorite moyenne
a-gommage corps,cosmetiques et soins,20.0,1,1,193,24.965803108808288,1,0.39549180327868855,0.198904192597437,1.0,1.0,cosmetiques et soins,1.0,True,0.4382109793419082,0.8340950062352278,0.7022664047700715,Priorite moyenne
q-brown small rug,rugs & kilim,93.6,1,1,130,236.3099076923077,1,0.26639344262295084,0.6039099607885091,1.0,1.0,rugs & kilim,0.99,True,0.5672412027267326,0.6234763948397597,0.7021248690845979,Priorite moyenne
q-green handmade carpet with geometric shapes,rugs & kilim,305.76,1,1,130,236.3099076923077,1,0.26639344262295084,0.2938941184989465,1.0,1.0,rugs & kilim,0.96,True,0.5672412027267326,0.7728607663508861,0.7020940876601542,Priorite moyenne
q-handmade white kilim with black rhombuses,rugs & kilim,305.76,1,1,130,236.3099076923077,1,0.26639344262295084,0.2938941184989465,1.0,1.0,rugs & kilim,0.96,True,0.5672412027267326,0.7728607663508861,0.7020940876601542,Priorite moyenne
q-white kilim with multi color patterns,rugs & kilim,305.76,1,1,130,236.3099076923077,1,0.26639344262295084,0.2938941184989465,1.0,1.0,rugs & kilim,0.96,True,0.5672412027267326,0.7728607663508861,0.7020940876601542,Priorite moyenne
q-traditional handmade floral framed carpet,rugs & kilim,305.76,1,1,130,236.3099076923077,1,0.26639344262295084,0.2938941184989465,1.0,1.0,rugs & kilim,0.96,True,0.5672412027267326,0.7728607663508861,0.7020940876601542,Priorite moyenne
q-tan and brown medaillon floral rug,rugs & kilim,305.76,1,1,130,236.3099076923077,1,0.26639344262295084,0.2938941184989465,1.0,1.0,rugs & kilim,0.96,True,0.5672412027267326,0.7728607663508861,0.7020940876601542,Priorite moyenne
q-hand-painted tunisian ceramic tagine,handcrafted ceramics,49.92,1,1,262,31.49497709923664,1,0.5368852459016393,0.5850146281324113,1.0,1.0,handcrafted ceramics,0.83,True,0.5186972272492326,0.6309090037725889,0.702031667543727,Priorite moyenne
q-simple and modern handmade tajine plate pottery made in tunisia,handcrafted ceramics,49.92,1,1,262,31.49497709923664,1,0.5368852459016393,0.5850146281324113,1.0,1.0,handcrafted ceramics,0.83,True,0.5186972272492326,0.6309090037725889,0.702031667543727,Priorite moyenne
q-khomsa appetizer tray – green,handcrafted ceramics,34.32,1,1,262,31.49497709923664,1,0.5368852459016393,0.08969756676324957,1.0,1.0,handcrafted ceramics,0.77,True,0.5186972272492326,0.9176858153132524,0.7013705081207602,Priorite moyenne
q-off white mixed textures kilim rug,rugs & kilim,109.2,1,1,130,236.3099076923077,1,0.26639344262295084,0.5378949549585491,1.0,1.0,rugs & kilim,0.98,True,0.5672412027267326,0.650239469721749,0.7009630228286974,Priorite moyenne
q-amazigh berber geometric kilim rug,rugs & kilim,363.48,1,1,130,236.3099076923077,1,0.26639344262295084,0.5381496400697985,1.0,1.0,rugs & kilim,0.98,True,0.5672412027267326,0.6501318037916141,0.7009576395321906,Priorite moyenne
a-diffuseur anti-moustique,cosmetiques et soins,19.0,1,1,193,24.965803108808288,1,0.39549180327868855,0.23895898096482573,1.0,1.0,cosmetiques et soins,1.0,True,0.4382109793419082,0.8071292232945928,0.7009181156230399,Priorite moyenne
a-crème bébé,cosmetiques et soins,19.0,1,1,193,24.965803108808288,1,0.39549180327868855,0.23895898096482573,1.0,1.0,cosmetiques et soins,1.0,True,0.4382109793419082,0.8071292232945928,0.7009181156230399,Priorite moyenne
q-wool handmade rug textile wall art,rugs & kilim,296.4,1,1,130,236.3099076923077,1,0.26639344262295084,0.25428511500097045,1.0,1.0,rugs & kilim,0.95,True,0.5672412027267326,0.7972668957322565,0.7008143941292228,Priorite moyenne
q-black geometric flower pattern purple base rug,rugs & kilim,340.08,1,1,130,236.3099076923077,1,0.26639344262295084,0.4391271313248584,1.0,1.0,rugs & kilim,0.97,True,0.5672412027267326,0.6948656433705072,0.7006943315111354,Priorite moyenne
q-multicolor floral medaillon white base rug,rugs & kilim,343.2,1,1,130,236.3099076923077,1,0.26639344262295084,0.4523301324908504,1.0,1.0,rugs & kilim,0.97,True,0.5672412027267326,0.6885486829946358,0.7003784834923418,Priorite moyenne
a-huile de lentisque pistachier,cosmetiques et soins,20.0,1,1,193,24.965803108808288,1,0.39549180327868855,0.198904192597437,1.0,1.0,cosmetiques et soins,0.99,True,0.4382109793419082,0.8340950062352278,0.6997664047700715,Priorite moyenne
a-chantilly safran,cosmetiques et soins,20.0,1,1,193,24.965803108808288,1,0.39549180327868855,0.198904192597437,1.0,1.0,cosmetiques et soins,0.99,True,0.4382109793419082,0.8340950062352278,0.6997664047700715,Priorite moyenne
a-huiles massage nature zone,cosmetiques et soins,20.0,1,1,193,24.965803108808288,1,0.39549180327868855,0.198904192597437,1.0,1.0,cosmetiques et soins,0.99,True,0.4382109793419082,0.8340950062352278,0.6997664047700715,Priorite moyenne
a-savon spiruline,cosmetiques et soins,20.0,1,1,193,24.965803108808288,1,0.39549180327868855,0.198904192597437,1.0,1.0,cosmetiques et soins,0.99,True,0.4382109793419082,0.8340950062352278,0.6997664047700715,Priorite moyenne
a-baume capillaire,cosmetiques et soins,20.0,1,1,193,24.965803108808288,1,0.39549180327868855,0.198904192597437,1.0,1.0,cosmetiques et soins,0.99,True,0.4382109793419082,0.8340950062352278,0.6997664047700715,Priorite moyenne
q-handmade tunisian dinnerware set traditional floral design,handcrafted ceramics,374.4,1,1,262,31.49497709923664,1,0.5368852459016393,10.887609504610975,1.0,1.0,handcrafted ceramics,0.93,True,0.5186972272492326,0.08412120196344935,0.6996922774532701,Priorite moyenne
a-eaux florales,cosmetiques et soins,18.0,1,1,193,24.965803108808288,1,0.39549180327868855,0.27901376933221445,1.0,1.0,cosmetiques et soins,1.0,True,0.4382109793419082,0.7818524115828009,0.6996542750374503,Priorite moyenne
a-lipstick et vernis,cosmetiques et soins,18.0,1,1,193,24.965803108808288,1,0.39549180327868855,0.27901376933221445,1.0,1.0,cosmetiques et soins,1.0,True,0.4382109793419082,0.7818524115828009,0.6996542750374503,Priorite moyenne
a-savon surgras,cosmetiques et soins,18.0,1,1,193,24.965803108808288,1,0.39549180327868855,0.27901376933221445,1.0,1.0,cosmetiques et soins,1.0,True,0.4382109793419082,0.7818524115828009,0.6996542750374503,Priorite moyenne
q-sample rug kilim abstract black white,rugs & kilim,93.6,1,1,130,236.3099076923077,1,0.26639344262295084,0.6039099607885091,1.0,1.0,rugs & kilim,0.98,True,0.5672412027267326,0.6234763948397597,0.6996248690845979,Priorite moyenne
q-handmade brown decorated kairouan carpet,rugs & kilim,305.76,1,1,130,236.3099076923077,1,0.26639344262295084,0.2938941184989465,1.0,1.0,rugs & kilim,0.95,True,0.5672412027267326,0.7728607663508861,0.6995940876601543,Priorite moyenne
q-brown and tan amazigh berber medaillon rug,rugs & kilim,352.56,1,1,130,236.3099076923077,1,0.26639344262295084,0.49193913598882644,1.0,1.0,rugs & kilim,0.97,True,0.5672412027267326,0.6702686295156542,0.6994644808183926,Priorite moyenne
q-floral ornament rug,rugs & kilim,352.56,1,1,130,236.3099076923077,1,0.26639344262295084,0.49193913598882644,1.0,1.0,rugs & kilim,0.97,True,0.5672412027267326,0.6702686295156542,0.6994644808183926,Priorite moyenne
q-red medaillon floral rug,rugs & kilim,414.48,1,1,130,236.3099076923077,1,0.26639344262295084,0.7539679283600522,1.0,1.0,rugs & kilim,0.99,True,0.5672412027267326,0.5701358524468535,0.6994578419649526,Priorite moyenne
q-multicolor traditional imagery rug,rugs & kilim,414.48,1,1,130,236.3099076923077,1,0.26639344262295084,0.7539679283600522,1.0,1.0,rugs & kilim,0.99,True,0.5672412027267326,0.5701358524468535,0.6994578419649526,Priorite moyenne
q-high pile white & pink diamond rug,rugs & kilim,118.56,1,1,130,236.3099076923077,1,0.26639344262295084,0.4982859514605731,1.0,1.0,rugs & kilim,0.97,True,0.5672412027267326,0.6674293375207654,0.6993225162186483,Priorite moyenne
q-black bird ceramics handmade,handcrafted ceramics,7.8,1,1,262,31.49497709923664,1,0.5368852459016393,0.7523414375643254,1.0,1.0,handcrafted ceramics,0.83,True,0.5186972272492326,0.570665041962344,0.6990194694532148,Priorite moyenne
q-black geometric flower pattern brown base rug,rugs & kilim,361.92,1,1,130,236.3099076923077,1,0.26639344262295084,0.5315481394868025,1.0,1.0,rugs & kilim,0.97,True,0.5672412027267326,0.6529340960415937,0.6985977541446896,Priorite moyenne
a-masque argile,cosmetiques et soins,19.0,1,1,193,24.965803108808288,1,0.39549180327868855,0.23895898096482573,1.0,1.0,cosmetiques et soins,0.99,True,0.4382109793419082,0.8071292232945928,0.6984181156230398,Priorite moyenne
q-green handmade rug – tunisian artisan carpet,rugs & kilim,249.6,1,1,130,236.3099076923077,1,0.26639344262295084,0.05624009751109062,1.0,1.0,rugs & kilim,0.91,True,0.5672412027267326,0.9467544380831461,0.6982887712467672,Priorite moyenne
q-handmade zigzag red rug,rugs & kilim,156.0,1,1,130,236.3099076923077,1,0.26639344262295084,0.33984993746866915,1.0,1.0,rugs & kilim,0.95,True,0.5672412027267326,0.746352238437436,0.6982686612644817,Priorite moyenne
q-warm grey halfa rug,rugs & kilim,156.0,1,1,130,236.3099076923077,1,0.26639344262295084,0.33984993746866915,1.0,1.0,rugs & kilim,0.95,True,0.5672412027267326,0.746352238437436,0.6982686612644817,Priorite moyenne
q-bowl cake ceramics handmade in tunisia,handcrafted ceramics,10.92,1,1,262,31.49497709923664,1,0.5368852459016393,0.6532780252904932,1.0,1.0,handcrafted ceramics,0.82,True,0.5186972272492326,0.6048589436881269,0.6982291645395039,Priorite moyenne
a-chapelet savon neroli,cosmetiques et soins,25.0,1,1,193,24.965803108808288,1,0.39549180327868855,0.0013697492395066478,1.0,1.0,cosmetiques et soins,0.95,True,0.4382109793419082,0.9986321244070466,0.6979932606786624,Priorite moyenne
a-serum cheveux réparateur,cosmetiques et soins,16.5,1,1,193,24.965803108808288,1,0.39549180327868855,0.33909595188329755,1.0,1.0,cosmetiques et soins,1.0,True,0.4382109793419082,0.7467724763065748,0.6979002782736389,Priorite moyenne
a-shampoing ghassoul,cosmetiques et soins,22.0,1,1,193,24.965803108808288,1,0.39549180327868855,0.11879461586265955,1.0,1.0,cosmetiques et soins,0.97,True,0.4382109793419082,0.8938191030075152,0.6977526096086859,Priorite moyenne
a-soins pied,cosmetiques et soins,18.3,1,1,193,24.965803108808288,1,0.39549180327868855,0.26699733282199783,1.0,1.0,cosmetiques et soins,0.99,True,0.4382109793419082,0.7892676441336213,0.6975250366649912,Priorite moyenne
a-huiles essentielles nature zone,cosmetiques et soins,16.0,1,1,193,24.965803108808288,1,0.39549180327868855,0.3591233460669919,1.0,1.0,cosmetiques et soins,1.0,True,0.4382109793419082,0.7357683928348249,0.6973500741000515,Priorite moyenne
q-blown-glass transparent,handcrafted ceramics,9.36,1,1,262,31.49497709923664,1,0.5368852459016393,0.7028097314274092,1.0,1.0,handcrafted ceramics,0.82,True,0.5186972272492326,0.5872646729366134,0.6973494510019282,Priorite moyenne
q-brown halfa rug with pattern,rugs & kilim,62.4,1,1,130,236.3099076923077,1,0.26639344262295084,0.735939972448429,1.0,1.0,rugs & kilim,0.98,True,0.5672412027267326,0.5760567852986103,0.6972538886075405,Priorite moyenne
q-handmade tunisian dinnerware set traditional serdine design,handcrafted ceramics,374.4,1,1,262,31.49497709923664,1,0.5368852459016393,10.887609504610975,1.0,1.0,handcrafted ceramics,0.92,True,0.5186972272492326,0.08412120196344935,0.6971922774532701,Priorite moyenne
q-small grey rug,rugs & kilim,93.6,1,1,130,236.3099076923077,1,0.26639344262295084,0.6039099607885091,1.0,1.0,rugs & kilim,0.97,True,0.5672412027267326,0.6234763948397597,0.6971248690845979,Priorite moyenne
q-traditional handmade carpet with decorated tiles,rugs & kilim,305.76,1,1,130,236.3099076923077,1,0.26639344262295084,0.2938941184989465,1.0,1.0,rugs & kilim,0.94,True,0.5672412027267326,0.7728607663508861,0.6970940876601542,Priorite moyenne
q-handmade tunisian kilim with berber motifs,rugs & kilim,305.76,1,1,130,236.3099076923077,1,0.26639344262295084,0.2938941184989465,1.0,1.0,rugs & kilim,0.94,True,0.5672412027267326,0.7728607663508861,0.6970940876601542,Priorite moyenne
q-handmade decorated berber gray kilim,rugs & kilim,305.76,1,1,130,236.3099076923077,1,0.26639344262295084,0.2938941184989465,1.0,1.0,rugs & kilim,0.94,True,0.5672412027267326,0.7728607663508861,0.6970940876601542,Priorite moyenne
a-gel douche aloe,cosmetiques et soins,15.0,1,1,193,24.965803108808288,1,0.39549180327868855,0.39917813443438066,1.0,1.0,cosmetiques et soins,1.0,True,0.4382109793419082,0.7147052797564273,0.6962969184461315,Priorite moyenne
a-gel anti-douleur,cosmetiques et soins,15.0,1,1,193,24.965803108808288,1,0.39549180327868855,0.39917813443438066,1.0,1.0,cosmetiques et soins,1.0,True,0.4382109793419082,0.7147052797564273,0.6962969184461315,Priorite moyenne
a-savon aloe vera,cosmetiques et soins,15.0,1,1,193,24.965803108808288,1,0.39549180327868855,0.39917813443438066,1.0,1.0,cosmetiques et soins,1.0,True,0.4382109793419082,0.7147052797564273,0.6962969184461315,Priorite moyenne
a-savons surgras,cosmetiques et soins,15.0,1,1,193,24.965803108808288,1,0.39549180327868855,0.39917813443438066,1.0,1.0,cosmetiques et soins,1.0,True,0.4382109793419082,0.7147052797564273,0.6962969184461315,Priorite moyenne
a-huile d'ortie,cosmetiques et soins,15.0,1,1,193,24.965803108808288,1,0.39549180327868855,0.39917813443438066,1.0,1.0,cosmetiques et soins,1.0,True,0.4382109793419082,0.7147052797564273,0.6962969184461315,Priorite moyenne
a-dentifrice solide,cosmetiques et soins,15.0,1,1,193,24.965803108808288,1,0.39549180327868855,0.39917813443438066,1.0,1.0,cosmetiques et soins,1.0,True,0.4382109793419082,0.7147052797564273,0.6962969184461315,Priorite moyenne
a-huile végétale,cosmetiques et soins,15.0,1,1,193,24.965803108808288,1,0.39549180327868855,0.39917813443438066,1.0,1.0,cosmetiques et soins,1.0,True,0.4382109793419082,0.7147052797564273,0.6962969184461315,Priorite moyenne
a-masque gommage aloe,cosmetiques et soins,15.0,1,1,193,24.965803108808288,1,0.39549180327868855,0.39917813443438066,1.0,1.0,cosmetiques et soins,1.0,True,0.4382109793419082,0.7147052797564273,0.6962969184461315,Priorite moyenne
a-poudre pépins figue,cosmetiques et soins,15.0,1,1,193,24.965803108808288,1,0.39549180327868855,0.39917813443438066,1.0,1.0,cosmetiques et soins,1.0,True,0.4382109793419082,0.7147052797564273,0.6962969184461315,Priorite moyenne
a-lait corps amande,cosmetiques et soins,15.0,1,1,193,24.965803108808288,1,0.39549180327868855,0.39917813443438066,1.0,1.0,cosmetiques et soins,1.0,True,0.4382109793419082,0.7147052797564273,0.6962969184461315,Priorite moyenne
a-spray nesri églantier,cosmetiques et soins,15.0,1,1,193,24.965803108808288,1,0.39549180327868855,0.39917813443438066,1.0,1.0,cosmetiques et soins,1.0,True,0.4382109793419082,0.7147052797564273,0.6962969184461315,Priorite moyenne
a-spray désinfectant,cosmetiques et soins,15.0,1,1,193,24.965803108808288,1,0.39549180327868855,0.39917813443438066,1.0,1.0,cosmetiques et soins,1.0,True,0.4382109793419082,0.7147052797564273,0.6962969184461315,Priorite moyenne
a-masque karité,cosmetiques et soins,15.0,1,1,193,24.965803108808288,1,0.39549180327868855,0.39917813443438066,1.0,1.0,cosmetiques et soins,1.0,True,0.4382109793419082,0.7147052797564273,0.6962969184461315,Priorite moyenne
a-crème déo,cosmetiques et soins,15.0,1,1,193,24.965803108808288,1,0.39549180327868855,0.39917813443438066,1.0,1.0,cosmetiques et soins,1.0,True,0.4382109793419082,0.7147052797564273,0.6962969184461315,Priorite moyenne
a-savon noir pépins,cosmetiques et soins,15.0,1,1,193,24.965803108808288,1,0.39549180327868855,0.39917813443438066,1.0,1.0,cosmetiques et soins,1.0,True,0.4382109793419082,0.7147052797564273,0.6962969184461315,Priorite moyenne
a-savon carotte exfoliant,cosmetiques et soins,15.0,1,1,193,24.965803108808288,1,0.39549180327868855,0.39917813443438066,1.0,1.0,cosmetiques et soins,1.0,True,0.4382109793419082,0.7147052797564273,0.6962969184461315,Priorite moyenne
a-shampoing solide,cosmetiques et soins,24.0,1,1,193,24.965803108808288,1,0.39549180327868855,0.038685039127882084,1.0,1.0,cosmetiques et soins,0.95,True,0.4382109793419082,0.9627557559119524,0.6961994422539077,Priorite moyenne
q-handmade white kilim with pink lines,rugs & kilim,159.12,1,1,130,236.3099076923077,1,0.26639344262295084,0.32664693630267716,1.0,1.0,rugs & kilim,0.94,True,0.5672412027267326,0.7537800545388272,0.6961400520695513,Priorite moyenne
a-eau de toilette hommes,cosmetiques et soins,17.0,1,1,193,24.965803108808288,1,0.39549180327868855,0.3190685576996032,1.0,1.0,cosmetiques et soins,0.99,True,0.4382109793419082,0.7581107093811376,0.695967189927367,Priorite moyenne
a-huile douche monoi,cosmetiques et soins,17.0,1,1,193,24.965803108808288,1,0.39549180327868855,0.3190685576996032,1.0,1.0,cosmetiques et soins,0.99,True,0.4382109793419082,0.7581107093811376,0.695967189927367,Priorite moyenne
a-gel exfoliant algues,cosmetiques et soins,19.0,1,1,193,24.965803108808288,1,0.39549180327868855,0.23895898096482573,1.0,1.0,cosmetiques et soins,0.98,True,0.4382109793419082,0.8071292232945928,0.6959181156230398,Priorite moyenne
a-gel nettoyant algues,cosmetiques et soins,19.0,1,1,193,24.965803108808288,1,0.39549180327868855,0.23895898096482573,1.0,1.0,cosmetiques et soins,0.98,True,0.4382109793419082,0.8071292232945928,0.6959181156230398,Priorite moyenne
a-baume pieds,cosmetiques et soins,18.8,1,1,193,24.965803108808288,1,0.39549180327868855,0.24696993863830344,1.0,1.0,cosmetiques et soins,0.98,True,0.4382109793419082,0.8019439515053621,0.6956588520335782,Priorite moyenne
a-face scrub,cosmetiques et soins,16.6,1,1,193,24.965803108808288,1,0.39549180327868855,0.33509047304655865,1.0,1.0,cosmetiques et soins,0.99,True,0.4382109793419082,0.749012909752916,0.6955122999459559,Priorite moyenne
a-disque démaquillant,cosmetiques et soins,25.0,1,1,193,24.965803108808288,1,0.39549180327868855,0.0013697492395066478,1.0,1.0,cosmetiques et soins,0.94,True,0.4382109793419082,0.9986321244070466,0.6954932606786625,Priorite moyenne
a-eau florale démaquillante,cosmetiques et soins,14.0,1,1,193,24.965803108808288,1,0.39549180327868855,0.4392329228017694,1.0,1.0,cosmetiques et soins,1.0,True,0.4382109793419082,0.6948145669522969,0.695302382805925,Priorite moyenne
a-hydrolat organique,cosmetiques et soins,14.0,1,1,193,24.965803108808288,1,0.39549180327868855,0.4392329228017694,1.0,1.0,cosmetiques et soins,1.0,True,0.4382109793419082,0.6948145669522969,0.695302382805925,Priorite moyenne
q-tunisian handicrafts kilim berber style with line red,rugs & kilim,218.4,1,1,130,236.3099076923077,1,0.26639344262295084,0.07578991414882927,1.0,1.0,rugs & kilim,0.9,True,0.5672412027267326,0.9295495215636088,0.6949285254207903,Priorite moyenne
a-savon marc de café,cosmetiques et soins,20.0,1,1,193,24.965803108808288,1,0.39549180327868855,0.198904192597437,1.0,1.0,cosmetiques et soins,0.97,True,0.4382109793419082,0.8340950062352278,0.6947664047700715,Priorite moyenne
a-huile anti-rides,cosmetiques et soins,30.0,1,1,193,24.965803108808288,1,0.39549180327868855,0.2016436910764503,1.0,1.0,cosmetiques et soins,0.97,True,0.4382109793419082,0.8321934425538282,0.6946713265860015,Priorite moyenne
q-amazigh berber kilim rug knotted lines red on white,rugs & kilim,93.6,1,1,130,236.3099076923077,1,0.26639344262295084,0.6039099607885091,1.0,1.0,rugs & kilim,0.96,True,0.5672412027267326,0.6234763948397597,0.6946248690845979,Priorite moyenne
q-handmade traditional multi color floral carpet,rugs & kilim,305.76,1,1,130,236.3099076923077,1,0.26639344262295084,0.2938941184989465,1.0,1.0,rugs & kilim,0.93,True,0.5672412027267326,0.7728607663508861,0.6945940876601543,Priorite moyenne
q-traditional tree tan base rug,rugs & kilim,414.48,1,1,130,236.3099076923077,1,0.26639344262295084,0.7539679283600522,1.0,1.0,rugs & kilim,0.97,True,0.5672412027267326,0.5701358524468535,0.6944578419649526,Priorite moyenne
a-masque extraits algues,cosmetiques et soins,13.0,1,1,193,24.965803108808288,1,0.39549180327868855,0.4792877111691581,1.0,1.0,cosmetiques et soins,1.0,True,0.4382109793419082,0.6760010189022986,0.6943617054034251,Priorite moyenne
a-cactus bio slim,cosmetiques et soins,13.0,1,1,193,24.965803108808288,1,0.39549180327868855,0.4792877111691581,1.0,1.0,cosmetiques et soins,1.0,True,0.4382109793419082,0.6760010189022986,0.6943617054034251,Priorite moyenne
a-body wash,cosmetiques et soins,13.0,1,1,193,24.965803108808288,1,0.39549180327868855,0.4792877111691581,1.0,1.0,cosmetiques et soins,1.0,True,0.4382109793419082,0.6760010189022986,0.6943617054034251,Priorite moyenne
a-farine figue barbarie,cosmetiques et soins,13.0,1,1,193,24.965803108808288,1,0.39549180327868855,0.4792877111691581,1.0,1.0,cosmetiques et soins,1.0,True,0.4382109793419082,0.6760010189022986,0.6943617054034251,Priorite moyenne
a-huile de ricin,cosmetiques et soins,13.0,1,1,193,24.965803108808288,1,0.39549180327868855,0.4792877111691581,1.0,1.0,cosmetiques et soins,1.0,True,0.4382109793419082,0.6760010189022986,0.6943617054034251,Priorite moyenne
a-eau de toilette,cosmetiques et soins,13.0,1,1,193,24.965803108808288,1,0.39549180327868855,0.4792877111691581,1.0,1.0,cosmetiques et soins,1.0,True,0.4382109793419082,0.6760010189022986,0.6943617054034251,Priorite moyenne
a-huile d'avocat,cosmetiques et soins,12.8,1,1,193,24.965803108808288,1,0.39549180327868855,0.48729866884263584,1.0,1.0,cosmetiques et soins,1.0,True,0.4382109793419082,0.6723599105875386,0.6941796499876871,Priorite moyenne
q-black & white small rug with triangles,rugs & kilim,87.36,1,1,130,236.3099076923077,1,0.26639344262295084,0.6303159631204931,1.0,1.0,rugs & kilim,0.96,True,0.5672412027267326,0.6133780338419542,0.6941199510347076,Priorite moyenne
a-huile anti-âge,cosmetiques et soins,35.0,1,1,193,24.965803108808288,1,0.39549180327868855,0.40191763291339394,1.0,1.0,cosmetiques et soins,0.99,True,0.4382109793419082,0.7133086684428462,0.6937270878804525,Priorite moyenne
q-cookware set tajine pot tajine cooking,handcrafted ceramics,76.44,1,1,262,31.49497709923664,1,0.5368852459016393,1.4270536324599863,1.0,1.0,handcrafted ceramics,0.84,True,0.5186972272492326,0.4120222094088753,0.6935873278255413,Priorite moyenne
a-huile végétale lin,cosmetiques et soins,12.0,1,1,193,24.965803108808288,1,0.39549180327868855,0.5193424995365469,1.0,1.0,cosmetiques et soins,1.0,True,0.4382109793419082,0.6581794429531428,0.6934706266059673,Priorite moyenne
a-savon lait chamelle,cosmetiques et soins,12.0,1,1,193,24.965803108808288,1,0.39549180327868855,0.5193424995365469,1.0,1.0,cosmetiques et soins,1.0,True,0.4382109793419082,0.6581794429531428,0.6934706266059673,Priorite moyenne
a-crème pieds,cosmetiques et soins,12.0,1,1,193,24.965803108808288,1,0.39549180327868855,0.5193424995365469,1.0,1.0,cosmetiques et soins,1.0,True,0.4382109793419082,0.6581794429531428,0.6934706266059673,Priorite moyenne
a-savon figue de barbarie,cosmetiques et soins,12.0,1,1,193,24.965803108808288,1,0.39549180327868855,0.5193424995365469,1.0,1.0,cosmetiques et soins,1.0,True,0.4382109793419082,0.6581794429531428,0.6934706266059673,Priorite moyenne
a-huile lentisque,cosmetiques et soins,12.0,1,1,193,24.965803108808288,1,0.39549180327868855,0.5193424995365469,1.0,1.0,cosmetiques et soins,1.0,True,0.4382109793419082,0.6581794429531428,0.6934706266059673,Priorite moyenne
q-handmade decorated carpet with geometric shapes,rugs & kilim,249.6,1,1,130,236.3099076923077,1,0.26639344262295084,0.05624009751109062,1.0,1.0,rugs & kilim,0.89,True,0.5672412027267326,0.9467544380831461,0.6932887712467672,Priorite moyenne
q-tagine cookware - tunisian design handmade,handcrafted ceramics,53.04,1,1,262,31.49497709923664,1,0.5368852459016393,0.6840780404062436,1.0,1.0,handcrafted ceramics,0.8,True,0.5186972272492326,0.5937967101327287,0.6926760528617341,Priorite moyenne
a-crème mains,cosmetiques et soins,11.0,1,1,193,24.965803108808288,1,0.39549180327868855,0.5593972879039356,1.0,1.0,cosmetiques et soins,1.0,True,0.4382109793419082,0.6412733995094672,0.6926253244337836,Priorite moyenne
a-masque d'argile,cosmetiques et soins,11.0,1,1,193,24.965803108808288,1,0.39549180327868855,0.5593972879039356,1.0,1.0,cosmetiques et soins,1.0,True,0.4382109793419082,0.6412733995094672,0.6926253244337836,Priorite moyenne
a-nuage de karité,cosmetiques et soins,20.0,1,1,193,24.965803108808288,1,0.39549180327868855,0.198904192597437,1.0,1.0,cosmetiques et soins,0.96,True,0.4382109793419082,0.8340950062352278,0.6922664047700715,Priorite moyenne
q-traditional handmade carpet with green decoration,rugs & kilim,305.76,1,1,130,236.3099076923077,1,0.26639344262295084,0.2938941184989465,1.0,1.0,rugs & kilim,0.92,True,0.5672412027267326,0.7728607663508861,0.6920940876601542,Priorite moyenne
q-plateau mayo ketchup – flowers,handcrafted ceramics,35.88,1,1,262,31.49497709923664,1,0.5368852459016393,0.13922927290016582,1.0,1.0,handcrafted ceramics,0.74,True,0.5186972272492326,0.8777864331507861,0.691875539012637,Priorite moyenne
q-artisan tepsi: tray and wall decor,handcrafted ceramics,54.6,1,1,262,31.49497709923664,1,0.5368852459016393,0.7336097465431599,1.0,1.0,handcrafted ceramics,0.8,True,0.5186972272492326,0.5768310901539477,0.6918277718627951,Priorite moyenne
a-gommage,cosmetiques et soins,10.0,1,1,193,24.965803108808288,1,0.39549180327868855,0.5994520762713242,1.0,1.0,cosmetiques et soins,1.0,True,0.4382109793419082,0.6252141060276221,0.6918223597596913,Priorite moyenne
a-masque gommage,cosmetiques et soins,10.0,1,1,193,24.965803108808288,1,0.39549180327868855,0.5994520762713242,1.0,1.0,cosmetiques et soins,1.0,True,0.4382109793419082,0.6252141060276221,0.6918223597596913,Priorite moyenne
a-baume à lèvres,cosmetiques et soins,10.0,1,1,193,24.965803108808288,1,0.39549180327868855,0.5994520762713242,1.0,1.0,cosmetiques et soins,1.0,True,0.4382109793419082,0.6252141060276221,0.6918223597596913,Priorite moyenne
a-masque visage,cosmetiques et soins,10.0,1,1,193,24.965803108808288,1,0.39549180327868855,0.5994520762713242,1.0,1.0,cosmetiques et soins,1.0,True,0.4382109793419082,0.6252141060276221,0.6918223597596913,Priorite moyenne
a-spray sportif,cosmetiques et soins,10.0,1,1,193,24.965803108808288,1,0.39549180327868855,0.5994520762713242,1.0,1.0,cosmetiques et soins,1.0,True,0.4382109793419082,0.6252141060276221,0.6918223597596913,Priorite moyenne
a-savon bio,cosmetiques et soins,10.0,1,1,193,24.965803108808288,1,0.39549180327868855,0.5994520762713242,1.0,1.0,cosmetiques et soins,1.0,True,0.4382109793419082,0.6252141060276221,0.6918223597596913,Priorite moyenne
a-cupcake savon,cosmetiques et soins,10.0,1,1,193,24.965803108808288,1,0.39549180327868855,0.5994520762713242,1.0,1.0,cosmetiques et soins,1.0,True,0.4382109793419082,0.6252141060276221,0.6918223597596913,Priorite moyenne
a-huile abricot,cosmetiques et soins,10.0,1,1,193,24.965803108808288,1,0.39549180327868855,0.5994520762713242,1.0,1.0,cosmetiques et soins,1.0,True,0.4382109793419082,0.6252141060276221,0.6918223597596913,Priorite moyenne
a-déodorant naturel,cosmetiques et soins,10.0,1,1,193,24.965803108808288,1,0.39549180327868855,0.5994520762713242,1.0,1.0,cosmetiques et soins,1.0,True,0.4382109793419082,0.6252141060276221,0.6918223597596913,Priorite moyenne
a-huile cheveux,cosmetiques et soins,10.0,1,1,193,24.965803108808288,1,0.39549180327868855,0.5994520762713242,1.0,1.0,cosmetiques et soins,1.0,True,0.4382109793419082,0.6252141060276221,0.6918223597596913,Priorite moyenne
a-huile de nigelle,cosmetiques et soins,10.0,1,1,193,24.965803108808288,1,0.39549180327868855,0.5994520762713242,1.0,1.0,cosmetiques et soins,1.0,True,0.4382109793419082,0.6252141060276221,0.6918223597596913,Priorite moyenne
a-gommage poudre pépins figue barbarie,cosmetiques et soins,10.0,1,1,193,24.965803108808288,1,0.39549180327868855,0.5994520762713242,1.0,1.0,cosmetiques et soins,1.0,True,0.4382109793419082,0.6252141060276221,0.6918223597596913,Priorite moyenne
a-hydrolat fleur d'oranger,cosmetiques et soins,10.0,1,1,193,24.965803108808288,1,0.39549180327868855,0.5994520762713242,1.0,1.0,cosmetiques et soins,1.0,True,0.4382109793419082,0.6252141060276221,0.6918223597596913,Priorite moyenne
a-savon cannelle,cosmetiques et soins,10.0,1,1,193,24.965803108808288,1,0.39549180327868855,0.5994520762713242,1.0,1.0,cosmetiques et soins,1.0,True,0.4382109793419082,0.6252141060276221,0.6918223597596913,Priorite moyenne
a-enveloppement argile,cosmetiques et soins,10.0,1,1,193,24.965803108808288,1,0.39549180327868855,0.5994520762713242,1.0,1.0,cosmetiques et soins,1.0,True,0.4382109793419082,0.6252141060276221,0.6918223597596913,Priorite moyenne
q-halfa rug with red color,rugs & kilim,53.04,1,1,130,236.3099076923077,1,0.26639344262295084,0.775548975946405,1.0,1.0,rugs & kilim,0.96,True,0.5672412027267326,0.563206092057798,0.6916113539454998,Priorite moyenne
q-yellow & grey amazigh tunisian kilim,rugs & kilim,312.0,1,1,130,236.3099076923077,1,0.26639344262295084,0.3203001208309305,1.0,1.0,rugs & kilim,0.92,True,0.5672412027267326,0.7574035510734106,0.6913212268962804,Priorite moyenne
a-crème bave d'escargot,cosmetiques et soins,35.0,1,1,193,24.965803108808288,1,0.39549180327868855,0.40191763291339394,1.0,1.0,cosmetiques et soins,0.98,True,0.4382109793419082,0.7133086684428462,0.6912270878804525,Priorite moyenne
a-shampoing,cosmetiques et soins,35.0,1,1,193,24.965803108808288,1,0.39549180327868855,0.40191763291339394,1.0,1.0,cosmetiques et soins,0.98,True,0.4382109793419082,0.7133086684428462,0.6912270878804525,Priorite moyenne
a-huile tbf figue barbarie,cosmetiques et soins,35.0,1,1,193,24.965803108808288,1,0.39549180327868855,0.40191763291339394,1.0,1.0,cosmetiques et soins,0.98,True,0.4382109793419082,0.7133086684428462,0.6912270878804525,Priorite moyenne
q-tajine handmade painted and decorated,handcrafted ceramics,76.44,1,1,262,31.49497709923664,1,0.5368852459016393,1.4270536324599863,1.0,1.0,handcrafted ceramics,0.83,True,0.5186972272492326,0.4120222094088753,0.6910873278255414,Priorite moyenne
a-eau de carotte,cosmetiques et soins,12.0,1,1,193,24.965803108808288,1,0.39549180327868855,0.5193424995365469,1.0,1.0,cosmetiques et soins,0.99,True,0.4382109793419082,0.6581794429531428,0.6909706266059672,Priorite moyenne
a-serum nails care,cosmetiques et soins,12.0,1,1,193,24.965803108808288,1,0.39549180327868855,0.5193424995365469,1.0,1.0,cosmetiques et soins,0.99,True,0.4382109793419082,0.6581794429531428,0.6909706266059672,Priorite moyenne
a-savon gommage,cosmetiques et soins,8.5,1,1,193,24.965803108808288,1,0.39549180327868855,0.6595342588224073,1.0,1.0,cosmetiques et soins,1.0,True,0.4382109793419082,0.6025787022375737,0.6906905895701888,Priorite moyenne
a-huile noyaux abricot,cosmetiques et soins,8.0,1,1,193,24.965803108808288,1,0.39549180327868855,0.6795616530061017,1.0,1.0,cosmetiques et soins,1.0,True,0.4382109793419082,0.5953934457899696,0.6903313267478086,Priorite moyenne
a-masque argile verte,cosmetiques et soins,8.0,1,1,193,24.965803108808288,1,0.39549180327868855,0.6795616530061017,1.0,1.0,cosmetiques et soins,1.0,True,0.4382109793419082,0.5953934457899696,0.6903313267478086,Priorite moyenne
a-savon bio nopal figue barbarie,cosmetiques et soins,8.0,1,1,193,24.965803108808288,1,0.39549180327868855,0.6795616530061017,1.0,1.0,cosmetiques et soins,1.0,True,0.4382109793419082,0.5953934457899696,0.6903313267478086,Priorite moyenne
a-savon thala,cosmetiques et soins,8.0,1,1,193,24.965803108808288,1,0.39549180327868855,0.6795616530061017,1.0,1.0,cosmetiques et soins,1.0,True,0.4382109793419082,0.5953934457899696,0.6903313267478086,Priorite moyenne
a-savon orange curcuma,cosmetiques et soins,11.0,1,1,193,24.965803108808288,1,0.39549180327868855,0.5593972879039356,1.0,1.0,cosmetiques et soins,0.99,True,0.4382109793419082,0.6412733995094672,0.6901253244337835,Priorite moyenne
a-savon bébé,cosmetiques et soins,7.5,1,1,193,24.965803108808288,1,0.39549180327868855,0.6995890471897961,1.0,1.0,cosmetiques et soins,1.0,True,0.4382109793419082,0.5883775267047413,0.6899805307935473,Priorite moyenne
a-savons naturels,cosmetiques et soins,7.5,1,1,193,24.965803108808288,1,0.39549180327868855,0.6995890471897961,1.0,1.0,cosmetiques et soins,1.0,True,0.4382109793419082,0.5883775267047413,0.6899805307935473,Priorite moyenne
a-camel soap,cosmetiques et soins,7.0,1,1,193,24.965803108808288,1,0.39549180327868855,0.7196164413734905,1.0,1.0,cosmetiques et soins,1.0,True,0.4382109793419082,0.5815250284541831,0.6896379058810194,Priorite moyenne
a-huile essentielle romarin,cosmetiques et soins,7.0,1,1,193,24.965803108808288,1,0.39549180327868855,0.7196164413734905,1.0,1.0,cosmetiques et soins,1.0,True,0.4382109793419082,0.5815250284541831,0.6896379058810194,Priorite moyenne
a-lotion mosquitos,cosmetiques et soins,7.0,1,1,193,24.965803108808288,1,0.39549180327868855,0.7196164413734905,1.0,1.0,cosmetiques et soins,1.0,True,0.4382109793419082,0.5815250284541831,0.6896379058810194,Priorite moyenne
a-savon romarin,cosmetiques et soins,7.0,1,1,193,24.965803108808288,1,0.39549180327868855,0.7196164413734905,1.0,1.0,cosmetiques et soins,1.0,True,0.4382109793419082,0.5815250284541831,0.6896379058810194,Priorite moyenne
a-savon argile,cosmetiques et soins,7.0,1,1,193,24.965803108808288,1,0.39549180327868855,0.7196164413734905,1.0,1.0,cosmetiques et soins,1.0,True,0.4382109793419082,0.5815250284541831,0.6896379058810194,Priorite moyenne
a-savon citron,cosmetiques et soins,7.0,1,1,193,24.965803108808288,1,0.39549180327868855,0.7196164413734905,1.0,1.0,cosmetiques et soins,1.0,True,0.4382109793419082,0.5815250284541831,0.6896379058810194,Priorite moyenne
a-deodorant naturel,cosmetiques et soins,7.0,1,1,193,24.965803108808288,1,0.39549180327868855,0.7196164413734905,1.0,1.0,cosmetiques et soins,1.0,True,0.4382109793419082,0.5815250284541831,0.6896379058810194,Priorite moyenne
a-shampoing huile romarin,cosmetiques et soins,7.0,1,1,193,24.965803108808288,1,0.39549180327868855,0.7196164413734905,1.0,1.0,cosmetiques et soins,1.0,True,0.4382109793419082,0.5815250284541831,0.6896379058810194,Priorite moyenne
q-handmade grey kilim with white lines,rugs & kilim,414.48,1,1,130,236.3099076923077,1,0.26639344262295084,0.7539679283600522,1.0,1.0,rugs & kilim,0.95,True,0.5672412027267326,0.5701358524468535,0.6894578419649526,Priorite moyenne
q-traditional floral tan base rug,rugs & kilim,414.48,1,1,130,236.3099076923077,1,0.26639344262295084,0.7539679283600522,1.0,1.0,rugs & kilim,0.95,True,0.5672412027267326,0.5701358524468535,0.6894578419649526,Priorite moyenne
a-savon géranium/huile olive,cosmetiques et soins,13.0,1,1,193,24.965803108808288,1,0.39549180327868855,0.4792877111691581,1.0,1.0,cosmetiques et soins,0.98,True,0.4382109793419082,0.6760010189022986,0.6893617054034251,Priorite moyenne
a-extrait de menthe,cosmetiques et soins,10.0,1,1,193,24.965803108808288,1,0.39549180327868855,0.5994520762713242,1.0,1.0,cosmetiques et soins,0.99,True,0.4382109793419082,0.6252141060276221,0.6893223597596912,Priorite moyenne
a-baume miel,cosmetiques et soins,10.0,1,1,193,24.965803108808288,1,0.39549180327868855,0.5994520762713242,1.0,1.0,cosmetiques et soins,0.99,True,0.4382109793419082,0.6252141060276221,0.6893223597596912,Priorite moyenne
q-fair-trade handmade hat colorful,accessories,78.0,1,1,154,101.48167532467532,1,0.3155737704918033,0.23138832718479385,1.0,1.0,accessories,1.0,True,0.45199896284744645,0.812091505111312,0.6893190182081601,Priorite moyenne
q-fair-trade handmade hat natural color,accessories,78.0,1,1,154,101.48167532467532,1,0.3155737704918033,0.23138832718479385,1.0,1.0,accessories,1.0,True,0.45199896284744645,0.812091505111312,0.6893190182081601,Priorite moyenne
q-fair-trade handmade hat pink color,accessories,78.0,1,1,154,101.48167532467532,1,0.3155737704918033,0.23138832718479385,1.0,1.0,accessories,1.0,True,0.45199896284744645,0.812091505111312,0.6893190182081601,Priorite moyenne
a-crème anti-taches brunes,cosmetiques et soins,40.0,1,1,193,24.965803108808288,1,0.39549180327868855,0.6021915747503376,1.0,1.0,cosmetiques et soins,0.99,True,0.4382109793419082,0.6241450871165801,0.6892689088141392,Priorite moyenne
a-crème anti taches,cosmetiques et soins,40.0,1,1,193,24.965803108808288,1,0.39549180327868855,0.6021915747503376,1.0,1.0,cosmetiques et soins,0.99,True,0.4382109793419082,0.6241450871165801,0.6892689088141392,Priorite moyenne
q-high pile black and white diamond rug,rugs & kilim,312.0,1,1,130,236.3099076923077,1,0.26639344262295084,0.3203001208309305,1.0,1.0,rugs & kilim,0.91,True,0.5672412027267326,0.7574035510734106,0.6888212268962804,Priorite moyenne
a-savon argan jasmin,cosmetiques et soins,9.0,1,1,193,24.965803108808288,1,0.39549180327868855,0.639506864638713,1.0,1.0,cosmetiques et soins,0.99,True,0.4382109793419082,0.6099395016686089,0.6885586295417405,Priorite moyenne
a-masque capillaire,cosmetiques et soins,12.0,1,1,193,24.965803108808288,1,0.39549180327868855,0.5193424995365469,1.0,1.0,cosmetiques et soins,0.98,True,0.4382109793419082,0.6581794429531428,0.6884706266059673,Priorite moyenne
q-large blue ceramics serving bowl,handcrafted ceramics,68.64,1,1,262,31.49497709923664,1,0.5368852459016393,1.1793951017754056,1.0,1.0,handcrafted ceramics,0.81,True,0.5186972272492326,0.4588429143414004,0.6884283630721676,Priorite moyenne
a-savon tbf figue barbarie,cosmetiques et soins,5.0,1,1,193,24.965803108808288,1,0.39549180327868855,0.7997260181082679,1.0,1.0,cosmetiques et soins,1.0,True,0.4382109793419082,0.5556401307411905,0.6883436609953697,Priorite moyenne
a-savon pépins,cosmetiques et soins,5.0,1,1,193,24.965803108808288,1,0.39549180327868855,0.7997260181082679,1.0,1.0,cosmetiques et soins,1.0,True,0.4382109793419082,0.5556401307411905,0.6883436609953697,Priorite moyenne
a-eau florale,cosmetiques et soins,8.0,1,1,193,24.965803108808288,1,0.39549180327868855,0.6795616530061017,1.0,1.0,cosmetiques et soins,0.99,True,0.4382109793419082,0.5953934457899696,0.6878313267478086,Priorite moyenne
q-purple blown glass bowl,handcrafted ceramics,9.922,1,1,262,31.49497709923664,1,0.5368852459016393,0.6849656167806484,1.0,1.0,handcrafted ceramics,0.78,True,0.5186972272492326,0.5934839204082001,0.6876604133755077,Priorite moyenne
a-savon argile miel,cosmetiques et soins,7.5,1,1,193,24.965803108808288,1,0.39549180327868855,0.6995890471897961,1.0,1.0,cosmetiques et soins,0.99,True,0.4382109793419082,0.5883775267047413,0.6874805307935472,Priorite moyenne
q-multi color handmade area rug,rugs & kilim,305.76,1,1,130,236.3099076923077,1,0.26639344262295084,0.2938941184989465,1.0,1.0,rugs & kilim,0.9,True,0.5672412027267326,0.7728607663508861,0.6870940876601542,Priorite moyenne
q-brown and tan one line portrait rug,rugs & kilim,414.48,1,1,130,236.3099076923077,1,0.26639344262295084,0.7539679283600522,1.0,1.0,rugs & kilim,0.94,True,0.5672412027267326,0.5701358524468535,0.6869578419649526,Priorite moyenne
a-baume lèvres,cosmetiques et soins,15.6,1,1,193,24.965803108808288,1,0.39549180327868855,0.37514526141394744,1.0,1.0,cosmetiques et soins,0.96,True,0.4382109793419082,0.7271959029054016,0.6869214496035803,Priorite moyenne
q-amazigh berber small pompom kilim,rugs & kilim,118.56,1,1,130,236.3099076923077,1,0.26639344262295084,0.4982859514605731,1.0,1.0,rugs & kilim,0.92,True,0.5672412027267326,0.6674293375207654,0.6868225162186482,Priorite moyenne
q-fair-trade handmade hat with red flowers,accessories,78.0,1,1,154,101.48167532467532,1,0.3155737704918033,0.23138832718479385,1.0,1.0,accessories,0.99,True,0.45199896284744645,0.812091505111312,0.6868190182081602,Priorite moyenne
q-white & pink small rug with triangles,rugs & kilim,87.36,1,1,130,236.3099076923077,1,0.26639344262295084,0.6303159631204931,1.0,1.0,rugs & kilim,0.93,True,0.5672412027267326,0.6133780338419542,0.6866199510347076,Priorite moyenne
q-fiber and leather handmade pouch with brown design,accessories,68.64,1,1,154,101.48167532467532,1,0.3155737704918033,0.3236217267401391,1.0,1.0,accessories,1.0,True,0.45199896284744645,0.7555028599166578,0.6864895859484273,Priorite moyenne
a-savon caviar royal,cosmetiques et soins,35.0,1,1,193,24.965803108808288,1,0.39549180327868855,0.40191763291339394,1.0,1.0,cosmetiques et soins,0.96,True,0.4382109793419082,0.7133086684428462,0.6862270878804525,Priorite moyenne
q-yellow & white bathroom rug,rugs & kilim,46.8,1,1,130,236.3099076923077,1,0.26639344262295084,0.801954978278389,1.0,1.0,rugs & kilim,0.94,True,0.5672412027267326,0.5549528218265547,0.6861986904339377,Priorite moyenne
q-tajine – flowers,handcrafted ceramics,76.44,1,1,262,31.49497709923664,1,0.5368852459016393,1.4270536324599863,1.0,1.0,handcrafted ceramics,0.81,True,0.5186972272492326,0.4120222094088753,0.6860873278255414,Priorite moyenne
a-masque argile blanche,cosmetiques et soins,9.0,1,1,193,24.965803108808288,1,0.39549180327868855,0.639506864638713,1.0,1.0,cosmetiques et soins,0.98,True,0.4382109793419082,0.6099395016686089,0.6860586295417406,Priorite moyenne
a-savon miel,cosmetiques et soins,5.0,1,1,193,24.965803108808288,1,0.39549180327868855,0.7997260181082679,1.0,1.0,cosmetiques et soins,0.99,True,0.4382109793419082,0.5556401307411905,0.6858436609953696,Priorite moyenne
q-handmade kilim with berber,rugs & kilim,365.04,1,1,130,236.3099076923077,1,0.26639344262295084,0.5447511406527945,1.0,1.0,rugs & kilim,0.92,True,0.5672412027267326,0.6473534627573806,0.6858187224804789,Priorite moyenne
q-handmade decorated tepsi dish,handcrafted ceramics,78.0,1,1,262,31.49497709923664,1,0.5368852459016393,1.4765853385969026,1.0,1.0,handcrafted ceramics,0.81,True,0.5186972272492326,0.4037817653263445,0.6856753056214149,Priorite moyenne
q-tunisian handicrafts kilim multi-color,rugs & kilim,280.8,1,1,130,236.3099076923077,1,0.26639344262295084,0.18827010917101064,1.0,1.0,rugs & kilim,0.88,True,0.5672412027267326,0.8415595008929778,0.6855290243872588,Priorite moyenne
a-crème camomille éclaircissante,cosmetiques et soins,50.0,1,1,193,24.965803108808288,1,0.39549180327868855,1.0027394584242248,1.0,1.0,cosmetiques et soins,1.0,True,0.4382109793419082,0.4993160721898443,0.6855274580678024,Priorite moyenne
a-crème apaisante,cosmetiques et soins,50.0,1,1,193,24.965803108808288,1,0.39549180327868855,1.0027394584242248,1.0,1.0,cosmetiques et soins,1.0,True,0.4382109793419082,0.4993160721898443,0.6855274580678024,Priorite moyenne
a-poudre jujubier,cosmetiques et soins,8.0,1,1,193,24.965803108808288,1,0.39549180327868855,0.6795616530061017,1.0,1.0,cosmetiques et soins,0.98,True,0.4382109793419082,0.5953934457899696,0.6853313267478086,Priorite moyenne
a-savon gâteau,cosmetiques et soins,4.0,1,1,193,24.965803108808288,1,0.39549180327868855,0.8397808064756567,1.0,1.0,cosmetiques et soins,0.99,True,0.4382109793419082,0.5435430114719113,0.6852388050319057,Priorite moyenne
q-kerwena soup tureen– makroudh rouge,handcrafted ceramics,53.04,1,1,262,31.49497709923664,1,0.5368852459016393,0.6840780404062436,1.0,1.0,handcrafted ceramics,0.77,True,0.5186972272492326,0.5937967101327287,0.685176052861734,Priorite moyenne
q-brown margoum rug with rhombus design,rugs & kilim,414.48,1,1,130,236.3099076923077,1,0.26639344262295084,0.7539679283600522,1.0,1.0,rugs & kilim,0.93,True,0.5672412027267326,0.5701358524468535,0.6844578419649526,Priorite moyenne
q-handmade wool rug wall art with wooden frame,rugs & kilim,414.48,1,1,130,236.3099076923077,1,0.26639344262295084,0.7539679283600522,1.0,1.0,rugs & kilim,0.93,True,0.5672412027267326,0.5701358524468535,0.6844578419649526,Priorite moyenne
a-pains lavants,cosmetiques et soins,9.7,1,1,193,24.965803108808288,1,0.39549180327868855,0.6114685127815409,1.0,1.0,cosmetiques et soins,0.97,True,0.4382109793419082,0.6205519946982453,0.6840892541932224,Priorite moyenne
q-dinnerware sets round serving deep plates and bowls,handcrafted ceramics,43.68,1,1,262,31.49497709923664,1,0.5368852459016393,0.3868878035847466,1.0,1.0,handcrafted ceramics,0.74,True,0.5186972272492326,0.7210388593909749,0.6840381603246464,Priorite moyenne
a-gommage tbf figue barbarie,cosmetiques et soins,6.0,1,1,193,24.965803108808288,1,0.39549180327868855,0.7596712297408792,1.0,1.0,cosmetiques et soins,0.98,True,0.4382109793419082,0.5682879751050174,0.683976053213561,Priorite moyenne
q-appetizer dish with berber patterns,handcrafted ceramics,21.84,1,1,262,31.49497709923664,1,0.5368852459016393,0.30655608233207987,1.0,1.0,handcrafted ceramics,0.73,True,0.5186972272492326,0.7653708964525227,0.6837547621777237,Priorite moyenne
a-serum,cosmetiques et soins,35.0,1,1,193,24.965803108808288,1,0.39549180327868855,0.40191763291339394,1.0,1.0,cosmetiques et soins,0.95,True,0.4382109793419082,0.7133086684428462,0.6837270878804524,Priorite moyenne
a-barre de massage,cosmetiques et soins,5.5,1,1,193,24.965803108808288,1,0.39549180327868855,0.7796986239245736,1.0,1.0,cosmetiques et soins,0.98,True,0.4382109793419082,0.5618928882435218,0.6836562988704863,Priorite moyenne
a-savon huile olive,cosmetiques et soins,9.0,1,1,193,24.965803108808288,1,0.39549180327868855,0.639506864638713,1.0,1.0,cosmetiques et soins,0.97,True,0.4382109793419082,0.6099395016686089,0.6835586295417405,Priorite moyenne
q-colorful tunisian handmade kilim,rugs & kilim,299.52,1,1,130,236.3099076923077,1,0.26639344262295084,0.26748811616696244,1.0,1.0,rugs & kilim,0.88,True,0.5672412027267326,0.7889620322627727,0.6828991509557485,Priorite moyenne
a-lait de corps,cosmetiques et soins,4.0,1,1,193,24.965803108808288,1,0.39549180327868855,0.8397808064756567,1.0,1.0,cosmetiques et soins,0.98,True,0.4382109793419082,0.5435430114719113,0.6827388050319058,Priorite moyenne
a-crème anti-âge,cosmetiques et soins,58.0,1,1,193,24.965803108808288,1,0.39549180327868855,1.3231777653633348,1.0,1.0,cosmetiques et soins,1.0,True,0.4382109793419082,0.4304448910062655,0.6820838990086234,Priorite moyenne
q-tajine blue sky collection designed in tunisia,handcrafted ceramics,49.92,1,1,262,31.49497709923664,1,0.5368852459016393,0.5850146281324113,1.0,1.0,handcrafted ceramics,0.75,True,0.5186972272492326,0.6309090037725889,0.682031667543727,Priorite moyenne
q-amazigh berber geometric kilim rug white and grey,rugs & kilim,184.08,1,1,130,236.3099076923077,1,0.26639344262295084,0.22102292697474119,1.0,1.0,rugs & kilim,0.87,True,0.5672412027267326,0.8189854407383184,0.6819003213795258,Priorite moyenne
q-beige and grey pompom rug,rugs & kilim,118.56,1,1,130,236.3099076923077,1,0.26639344262295084,0.4982859514605731,1.0,1.0,rugs & kilim,0.9,True,0.5672412027267326,0.6674293375207654,0.6818225162186482,Priorite moyenne
q-handmade tunisian palm fiber and leather small bag with brown color,accessories,78.0,1,1,154,101.48167532467532,1,0.3155737704918033,0.23138832718479385,1.0,1.0,accessories,0.97,True,0.45199896284744645,0.812091505111312,0.6818190182081602,Priorite moyenne
q-halfa rug with blue color,rugs & kilim,53.04,1,1,130,236.3099076923077,1,0.26639344262295084,0.775548975946405,1.0,1.0,rugs & kilim,0.92,True,0.5672412027267326,0.563206092057798,0.6816113539454998,Priorite moyenne
a-hydrolat cyprès,cosmetiques et soins,6.0,1,1,193,24.965803108808288,1,0.39549180327868855,0.7596712297408792,1.0,1.0,cosmetiques et soins,0.97,True,0.4382109793419082,0.5682879751050174,0.681476053213561,Priorite moyenne
q-high pile white and yellow diamond rug,rugs & kilim,390.0,1,1,130,236.3099076923077,1,0.26639344262295084,0.6503751499807303,1.0,1.0,rugs & kilim,0.91,True,0.5672412027267326,0.6059228412471406,0.6812471914049669,Priorite moyenne
a-huile noyau abricot,cosmetiques et soins,29.0,1,1,193,24.965803108808288,1,0.39549180327868855,0.16158890270906157,1.0,1.0,cosmetiques et soins,0.91,True,0.4382109793419082,0.8608897671696042,0.6811061428167904,Priorite moyenne
q-tajine – lara,handcrafted ceramics,76.44,1,1,262,31.49497709923664,1,0.5368852459016393,1.4270536324599863,1.0,1.0,handcrafted ceramics,0.79,True,0.5186972272492326,0.4120222094088753,0.6810873278255414,Priorite moyenne
a-huile de romarin,cosmetiques et soins,5.0,1,1,193,24.965803108808288,1,0.39549180327868855,0.7997260181082679,1.0,1.0,cosmetiques et soins,0.97,True,0.4382109793419082,0.5556401307411905,0.6808436609953696,Priorite moyenne
a-huile de raisin,cosmetiques et soins,5.0,1,1,193,24.965803108808288,1,0.39549180327868855,0.7997260181082679,1.0,1.0,cosmetiques et soins,0.97,True,0.4382109793419082,0.5556401307411905,0.6808436609953696,Priorite moyenne
q-handmade carpet geometric with blue and white color,rugs & kilim,249.6,1,1,130,236.3099076923077,1,0.26639344262295084,0.05624009751109062,1.0,1.0,rugs & kilim,0.84,True,0.5672412027267326,0.9467544380831461,0.6807887712467672,Priorite moyenne
a-coffret beauté,cosmetiques et soins,50.0,1,1,193,24.965803108808288,1,0.39549180327868855,1.0027394584242248,1.0,1.0,cosmetiques et soins,0.98,True,0.4382109793419082,0.4993160721898443,0.6805274580678023,Priorite moyenne
a-bombes de bain,cosmetiques et soins,3.0,1,1,193,24.965803108808288,1,0.39549180327868855,0.8798355948430454,1.0,1.0,cosmetiques et soins,0.97,True,0.4382109793419082,0.5319614134040769,0.6796597251285139,Priorite moyenne
q-handmade tunisian killim with lines,rugs & kilim,305.76,1,1,130,236.3099076923077,1,0.26639344262295084,0.2938941184989465,1.0,1.0,rugs & kilim,0.87,True,0.5672412027267326,0.7728607663508861,0.6795940876601543,Priorite moyenne
q-fiber and leather handmade pouch with red color,accessories,37.44,1,1,154,101.48167532467532,1,0.3155737704918033,0.6310663919246233,1.0,1.0,accessories,1.0,True,0.45199896284744645,0.6130958279509526,0.6793692343501422,Priorite moyenne
q-beige rugs with pompom white line,rugs & kilim,118.56,1,1,130,236.3099076923077,1,0.26639344262295084,0.4982859514605731,1.0,1.0,rugs & kilim,0.89,True,0.5672412027267326,0.6674293375207654,0.6793225162186483,Priorite moyenne
q-handmade tunisian fiber and leather bag with black design,accessories,78.0,1,1,154,101.48167532467532,1,0.3155737704918033,0.23138832718479385,1.0,1.0,accessories,0.96,True,0.45199896284744645,0.812091505111312,0.6793190182081601,Priorite moyenne
a-savon argile rouge,cosmetiques et soins,5.5,1,1,193,24.965803108808288,1,0.39549180327868855,0.7796986239245736,1.0,1.0,cosmetiques et soins,0.96,True,0.4382109793419082,0.5618928882435218,0.6786562988704863,Priorite moyenne
q-gray and yellow area rug with triangle pattern,rugs & kilim,78.0,1,1,130,236.3099076923077,1,0.26639344262295084,0.669924966618469,1.0,1.0,rugs & kilim,0.9,True,0.5672412027267326,0.5988293007110133,0.6783925143781605,Priorite moyenne
a-savons nounours,cosmetiques et soins,5.0,1,1,193,24.965803108808288,1,0.39549180327868855,0.7997260181082679,1.0,1.0,cosmetiques et soins,0.96,True,0.4382109793419082,0.5556401307411905,0.6783436609953697,Priorite moyenne
a-bouquet savons,cosmetiques et soins,5.0,1,1,193,24.965803108808288,1,0.39549180327868855,0.7997260181082679,1.0,1.0,cosmetiques et soins,0.96,True,0.4382109793419082,0.5556401307411905,0.6783436609953697,Priorite moyenne
a-poudre algue marine,cosmetiques et soins,4.9,1,1,193,24.965803108808288,1,0.39549180327868855,0.8037314969450069,1.0,1.0,cosmetiques et soins,0.96,True,0.4382109793419082,0.5544062415574088,0.6782819665361806,Priorite moyenne
q-handmade tunsian fiber and leather pouch,accessories,31.2,1,1,154,101.48167532467532,1,0.3155737704918033,0.6925553249615202,1.0,1.0,accessories,1.0,True,0.45199896284744645,0.5908226367860293,0.678255574791896,Priorite moyenne
q-handmade geometric shapes rug grey and white,rugs & kilim,98.28,1,1,130,236.3099076923077,1,0.26639344262295084,0.584105459039521,1.0,1.0,rugs & kilim,0.89,True,0.5672412027267326,0.6312711027498905,0.6775146044801045,Priorite moyenne
q-handmade tunsian fiber and leather small pouch,accessories,37.44,1,1,154,101.48167532467532,1,0.3155737704918033,0.6310663919246233,1.0,1.0,accessories,0.99,True,0.45199896284744645,0.6130958279509526,0.6768692343501422,Priorite moyenne
q-tunisian handmade table & chair with vegetal fiber,accessories,37.44,1,1,154,101.48167532467532,1,0.3155737704918033,0.6310663919246233,1.0,1.0,accessories,0.99,True,0.45199896284744645,0.6130958279509526,0.6768692343501422,Priorite moyenne
q-grey rug with colorful pompoms,rugs & kilim,56.16,1,1,130,236.3099076923077,1,0.26639344262295084,0.762345974780413,1.0,1.0,rugs & kilim,0.9,True,0.5672412027267326,0.5674254739479285,0.6768223230400063,Priorite moyenne
q-large tunisian handmade couffin with blanket,accessories,118.56,1,1,154,101.48167532467532,1,0.3155737704918033,0.1682897375550356,1.0,1.0,accessories,0.94,True,0.45199896284744645,0.8559520535486105,0.676512045630025,Priorite moyenne
a-summer water & body mist,cosmetiques et soins,35.0,1,1,193,24.965803108808288,1,0.39549180327868855,0.40191763291339394,1.0,1.0,cosmetiques et soins,0.92,True,0.4382109793419082,0.7133086684428462,0.6762270878804525,Priorite moyenne
q-bowl set of ceramics handmade and olive wood bowl,handcrafted ceramics,18.72,1,1,262,31.49497709923664,1,0.5368852459016393,0.40561949460591223,1.0,1.0,handcrafted ceramics,0.71,True,0.5186972272492326,0.7114300874721191,0.6760577217287036,Priorite moyenne
q-rug grey handmade tunisia,rugs & kilim,176.904,1,1,130,236.3099076923077,1,0.26639344262295084,0.25138982965652285,1.0,1.0,rugs & kilim,0.85,True,0.5672412027267326,0.7991114969141763,0.6759066241883187,Priorite moyenne
q-fiber and leather handmade bag,accessories,40.56,1,1,154,101.48167532467532,1,0.3155737704918033,0.6003219254061749,1.0,1.0,accessories,0.98,True,0.45199896284744645,0.624874273184873,0.6749581566118381,Priorite moyenne
a-huile pépins figue barbarie,cosmetiques et soins,30.0,1,1,193,24.965803108808288,1,0.39549180327868855,0.2016436910764503,1.0,1.0,cosmetiques et soins,0.89,True,0.4382109793419082,0.8321934425538282,0.6746713265860016,Priorite moyenne
a-crème hydradante,cosmetiques et soins,30.0,1,1,193,24.965803108808288,1,0.39549180327868855,0.2016436910764503,1.0,1.0,cosmetiques et soins,0.89,True,0.4382109793419082,0.8321934425538282,0.6746713265860016,Priorite moyenne
a-savons naturels arb3ine,cosmetiques et soins,2.8,1,1,193,24.965803108808288,1,0.39549180327868855,0.8878465525165231,1.0,1.0,cosmetiques et soins,0.95,True,0.4382109793419082,0.5297040687268716,0.6745468578946536,Priorite moyenne
q-handmade tunisian fiber and leather pouch,accessories,37.44,1,1,154,101.48167532467532,1,0.3155737704918033,0.6310663919246233,1.0,1.0,accessories,0.98,True,0.45199896284744645,0.6130958279509526,0.6743692343501422,Priorite moyenne
q-handmade tunisian fiber and leather bag with green design,accessories,78.0,1,1,154,101.48167532467532,1,0.3155737704918033,0.23138832718479385,1.0,1.0,accessories,0.94,True,0.45199896284744645,0.812091505111312,0.6743190182081601,Priorite moyenne
q-traditional palm fiber bag with red design,accessories,84.24,1,1,154,101.48167532467532,1,0.3155737704918033,0.16989939414789706,1.0,1.0,accessories,0.93,True,0.45199896284744645,0.8547743549592619,0.6739531607005577,Priorite moyenne
a-coffret organica,cosmetiques et soins,60.0,1,1,193,24.965803108808288,1,0.39549180327868855,1.4032873420981122,1.0,1.0,cosmetiques et soins,0.97,True,0.4382109793419082,0.41609672821185933,0.673866490868903,Priorite moyenne
a-orga gold,cosmetiques et soins,15.0,1,1,193,24.965803108808288,1,0.39549180327868855,0.39917813443438066,1.0,1.0,cosmetiques et soins,0.91,True,0.4382109793419082,0.7147052797564273,0.6737969184461315,Priorite moyenne
a-petit savon miel,cosmetiques et soins,1.0,1,1,193,24.965803108808288,1,0.39549180327868855,0.9599451715778229,1.0,1.0,cosmetiques et soins,0.95,True,0.4382109793419082,0.5102183543200679,0.6735725721743135,Priorite moyenne
a-huiles vierges,cosmetiques et soins,9.0,1,1,193,24.965803108808288,1,0.39549180327868855,0.639506864638713,1.0,1.0,cosmetiques et soins,0.93,True,0.4382109793419082,0.6099395016686089,0.6735586295417406,Priorite moyenne
a-gel nettoyant,cosmetiques et soins,9.0,1,1,193,24.965803108808288,1,0.39549180327868855,0.639506864638713,1.0,1.0,cosmetiques et soins,0.93,True,0.4382109793419082,0.6099395016686089,0.6735586295417406,Priorite moyenne
a-kit peaux acnéiques,cosmetiques et soins,82.0,1,1,193,24.965803108808288,1,0.39549180327868855,2.284492686180664,1.0,1.0,cosmetiques et soins,0.99,True,0.4382109793419082,0.30446102200423497,0.6732847055585218,Priorite moyenne
q-handmade tunsian fiber and leather pouch with brown color,accessories,31.2,1,1,154,101.48167532467532,1,0.3155737704918033,0.6925553249615202,1.0,1.0,accessories,0.98,True,0.45199896284744645,0.5908226367860293,0.673255574791896,Priorite moyenne
q-handmade tunisian dinnerware set traditional craftsmanship,handcrafted ceramics,156.0,1,1,262,31.49497709923664,1,0.5368852459016393,3.9531706454427114,1.0,1.0,handcrafted ceramics,0.8,True,0.5186972272492326,0.2018908839573446,0.6730807615529649,Priorite moyenne
q-tunisian handmade table & chair set with vegetal fiber,accessories,37.44,1,1,154,101.48167532467532,1,0.3155737704918033,0.6310663919246233,1.0,1.0,accessories,0.97,True,0.45199896284744645,0.6130958279509526,0.6718692343501422,Priorite moyenne
a-serum anti-âge,cosmetiques et soins,60.0,1,1,193,24.965803108808288,1,0.39549180327868855,1.4032873420981122,1.0,1.0,cosmetiques et soins,0.96,True,0.4382109793419082,0.41609672821185933,0.6713664908689031,Priorite moyenne
q-handmade black & white bathroom rug,rugs & kilim,46.8,1,1,130,236.3099076923077,1,0.26639344262295084,0.801954978278389,1.0,1.0,rugs & kilim,0.88,True,0.5672412027267326,0.5549528218265547,0.6711986904339377,Priorite moyenne
a-crème hydratante,cosmetiques et soins,80.0,1,1,193,24.965803108808288,1,0.39549180327868855,2.2043831094458866,1.0,1.0,cosmetiques et soins,0.98,True,0.4382109793419082,0.31207254745919677,0.67116528183127,Priorite moyenne
q-palm fiber and leather bag with shoulder strap,accessories,31.2,1,1,154,101.48167532467532,1,0.3155737704918033,0.6925553249615202,1.0,1.0,accessories,0.97,True,0.45199896284744645,0.5908226367860293,0.6707555747918961,Priorite moyenne
a-crème anti-rides,cosmetiques et soins,100.0,1,1,193,24.965803108808288,1,0.39549180327868855,3.0054788767936613,1.0,1.0,cosmetiques et soins,0.99,True,0.4382109793419082,0.24965803859150248,0.6705445563878852,Priorite moyenne
q-triangle lines rug handmade from tunisia,rugs & kilim,99.84,1,1,130,236.3099076923077,1,0.26639344262295084,0.577503958456525,1.0,1.0,rugs & kilim,0.86,True,0.5672412027267326,0.6339128308612478,0.6701466908856722,Priorite moyenne
q-fiber and leather handmade pouch with brown color,accessories,24.96,1,1,154,101.48167532467532,1,0.3155737704918033,0.754044257998417,1.0,1.0,accessories,0.97,True,0.45199896284744645,0.5701110422043311,0.6697199950628111,Priorite moyenne
q-kairouan carpet with different patterns,rugs & kilim,305.76,1,1,130,236.3099076923077,1,0.26639344262295084,0.2938941184989465,1.0,1.0,rugs & kilim,0.83,True,0.5672412027267326,0.7728607663508861,0.6695940876601543,Priorite moyenne
q-tunisian handmade kilim with simple design,rugs & kilim,414.48,1,1,130,236.3099076923077,1,0.26639344262295084,0.7539679283600522,1.0,1.0,rugs & kilim,0.87,True,0.5672412027267326,0.5701358524468535,0.6694578419649526,Priorite moyenne
a-coffret naissance,cosmetiques et soins,40.0,1,1,193,24.965803108808288,1,0.39549180327868855,0.6021915747503376,1.0,1.0,cosmetiques et soins,0.91,True,0.4382109793419082,0.6241450871165801,0.6692689088141393,Priorite moyenne
a-mini-savons lait chamelle,cosmetiques et soins,15.0,1,1,193,24.965803108808288,1,0.39549180327868855,0.39917813443438066,1.0,1.0,cosmetiques et soins,0.89,True,0.4382109793419082,0.7147052797564273,0.6687969184461315,Priorite moyenne
q-appetizer dish with arabic patterns,handcrafted ceramics,21.84,1,1,262,31.49497709923664,1,0.5368852459016393,0.30655608233207987,1.0,1.0,handcrafted ceramics,0.67,True,0.5186972272492326,0.7653708964525227,0.6687547621777237,Priorite moyenne
q-handmade tunsian fiber and leather pouch with brown hand,accessories,46.8,1,1,154,101.48167532467532,1,0.3155737704918033,0.5388329923692781,1.0,1.0,accessories,0.95,True,0.45199896284744645,0.6498430986070431,0.6687065978829467,Priorite moyenne
q-fair trade handmade hat,accessories,46.8,1,1,154,101.48167532467532,1,0.3155737704918033,0.5388329923692781,1.0,1.0,accessories,0.95,True,0.45199896284744645,0.6498430986070431,0.6687065978829467,Priorite moyenne
q-natural color palm fiber storage box,accessories,46.8,1,1,154,101.48167532467532,1,0.3155737704918033,0.5388329923692781,1.0,1.0,accessories,0.95,True,0.45199896284744645,0.6498430986070431,0.6687065978829467,Priorite moyenne
a-lot soins kératine,cosmetiques et soins,95.8,1,1,193,24.965803108808288,1,0.39549180327868855,2.8372487656506284,1.0,1.0,cosmetiques et soins,0.98,True,0.4382109793419082,0.2606033804614291,0.6685918234813816,Priorite moyenne
q-tunisian handmade couffin with vegetal fiber,accessories,171.6,1,1,154,101.48167532467532,1,0.3155737704918033,0.6909456683686587,1.0,1.0,accessories,0.96,True,0.45199896284744645,0.5913850567208057,0.6682836957886348,Priorite moyenne
q-natural tunisian handmade couffin with kamel design,accessories,171.6,1,1,154,101.48167532467532,1,0.3155737704918033,0.6909456683686587,1.0,1.0,accessories,0.96,True,0.45199896284744645,0.5913850567208057,0.6682836957886348,Priorite moyenne
q-small traditional palm fiber bag with red design,accessories,56.16,1,1,154,101.48167532467532,1,0.3155737704918033,0.44659959281393286,1.0,1.0,accessories,0.94,True,0.45199896284744645,0.6912762902516756,0.6682782574651782,Priorite moyenne
k-le set chourouk,arts de la table,45.0,1,1,310,67.45709677419354,2,0.6352459016393442,0.3329093233356499,1.0,1.0,arts de la table,0.48,True,0.6118659359007829,0.750238581494401,0.6681208901728236,Priorite moyenne
a-parfum,cosmetiques et soins,50.0,1,1,193,24.965803108808288,1,0.39549180327868855,1.0027394584242248,1.0,1.0,cosmetiques et soins,0.93,True,0.4382109793419082,0.4993160721898443,0.6680274580678024,Priorite moyenne
q-small basket woven with fiber,accessories,28.08,1,1,154,101.48167532467532,1,0.3155737704918033,0.7232997914799686,1.0,1.0,accessories,0.96,True,0.45199896284744645,0.5802820872746701,0.667728547316328,Priorite moyenne
q-tunisian handmade couffin with black hand,accessories,62.4,1,1,154,101.48167532467532,1,0.3155737704918033,0.38511065977703596,1.0,1.0,accessories,0.93,True,0.45199896284744645,0.7219639766262228,0.6673126417839057,Priorite moyenne
a-mugs peints à la main na9cha,arts de la table,18.0,1,1,310,67.45709677419354,2,0.6352459016393442,0.7331637204397178,1.0,1.0,arts de la table,0.51,True,0.6118659359007829,0.5769795364434999,0.6669579379202787,Priorite moyenne
a-gommage eucalyptus / huile olive,cosmetiques et soins,13.0,1,1,193,24.965803108808288,1,0.39549180327868855,0.4792877111691581,1.0,1.0,cosmetiques et soins,0.89,True,0.4382109793419082,0.6760010189022986,0.6668617054034252,Priorite moyenne
a-masque hibiscus,cosmetiques et soins,48.0,1,1,193,24.965803108808288,1,0.39549180327868855,0.9226298816894474,1.0,1.0,cosmetiques et soins,0.92,True,0.4382109793419082,0.5201209080976538,0.6665676998631929,Priorite moyenne
a-table la grande sofia,arts de la table,120.0,1,1,310,67.45709677419354,2,0.6352459016393442,0.7789084463978722,1.0,1.0,arts de la table,0.51,True,0.6118659359007829,0.5621424767670923,0.6662160849364582,Priorite moyenne
a-soin lifting,cosmetiques et soins,80.0,1,1,193,24.965803108808288,1,0.39549180327868855,2.2043831094458866,1.0,1.0,cosmetiques et soins,0.96,True,0.4382109793419082,0.31207254745919677,0.66616528183127,Priorite moyenne
a-gel anti-inflammatoire,cosmetiques et soins,45.0,1,1,193,24.965803108808288,1,0.39549180327868855,0.8024655165872813,1.0,1.0,cosmetiques et soins,0.91,True,0.4382109793419082,0.5547956345336146,0.6658014361849909,Priorite moyenne
q-natural tunisian handmade couffin with black design,accessories,171.6,1,1,154,101.48167532467532,1,0.3155737704918033,0.6909456683686587,1.0,1.0,accessories,0.95,True,0.45199896284744645,0.5913850567208057,0.6657836957886348,Priorite moyenne
q-big box with natural fiber halfa tunisian artisanal,accessories,31.2,1,1,154,101.48167532467532,1,0.3155737704918033,0.6925553249615202,1.0,1.0,accessories,0.95,True,0.45199896284744645,0.5908226367860293,0.6657555747918961,Priorite moyenne
q-tunisian handmade palm fiber basket,accessories,28.08,1,1,154,101.48167532467532,1,0.3155737704918033,0.7232997914799686,1.0,1.0,accessories,0.95,True,0.45199896284744645,0.5802820872746701,0.6652285473163281,Priorite moyenne
q-kilim abstract grey yellow,rugs & kilim,99.84,1,1,130,236.3099076923077,1,0.26639344262295084,0.577503958456525,1.0,1.0,rugs & kilim,0.84,True,0.5672412027267326,0.6339128308612478,0.6651466908856722,Priorite moyenne
q-tunisian handicrafts margoum with line,rugs & kilim,187.2,1,1,130,236.3099076923077,1,0.26639344262295084,0.20781992580874928,1.0,1.0,rugs & kilim,0.8,True,0.5672412027267326,0.8279379886288974,0.6648479487740548,Priorite moyenne
q-box with natural fiber halfa tunisian artisanal product,accessories,24.96,1,1,154,101.48167532467532,1,0.3155737704918033,0.754044257998417,1.0,1.0,accessories,0.95,True,0.45199896284744645,0.5701110422043311,0.6647199950628111,Priorite moyenne
a-kit soins cheveux,cosmetiques et soins,75.0,1,1,193,24.965803108808288,1,0.39549180327868855,2.0041091676089433,1.0,1.0,cosmetiques et soins,0.95,True,0.4382109793419082,0.3328773836790787,0.664705523642264,Priorite moyenne
q-beige rugs with black triangle,rugs & kilim,118.56,1,1,130,236.3099076923077,1,0.26639344262295084,0.4982859514605731,1.0,1.0,rugs & kilim,0.83,True,0.5672412027267326,0.6674293375207654,0.6643225162186482,Priorite moyenne
q-handmade tunsian fiber bag with brown hand,accessories,68.64,1,1,154,101.48167532467532,1,0.3155737704918033,0.3236217267401391,1.0,1.0,accessories,0.91,True,0.45199896284744645,0.7555028599166578,0.6639895859484274,Priorite moyenne
a-barre de savon huile d'olive,cosmetiques et soins,15.0,1,1,193,24.965803108808288,1,0.39549180327868855,0.39917813443438066,1.0,1.0,cosmetiques et soins,0.87,True,0.4382109793419082,0.7147052797564273,0.6637969184461315,Priorite moyenne
q-decorated rectangular dish,handcrafted ceramics,21.84,1,1,262,31.49497709923664,1,0.5368852459016393,0.30655608233207987,1.0,1.0,handcrafted ceramics,0.65,True,0.5186972272492326,0.7653708964525227,0.6637547621777237,Priorite moyenne
a-coffret eaux de bain,cosmetiques et soins,35.0,1,1,193,24.965803108808288,1,0.39549180327868855,0.40191763291339394,1.0,1.0,cosmetiques et soins,0.87,True,0.4382109793419082,0.7133086684428462,0.6637270878804525,Priorite moyenne
q-big palm fiber storage box,accessories,46.8,1,1,154,101.48167532467532,1,0.3155737704918033,0.5388329923692781,1.0,1.0,accessories,0.93,True,0.45199896284744645,0.6498430986070431,0.6637065978829467,Priorite moyenne
q-set of 3 diamond rugs for bedroom,rugs & kilim,280.8,1,1,130,236.3099076923077,1,0.26639344262295084,0.18827010917101064,1.0,1.0,rugs & kilim,0.79,True,0.5672412027267326,0.8415595008929778,0.6630290243872589,Priorite moyenne
a-crème visage de nuit,cosmetiques et soins,56.5,1,1,193,24.965803108808288,1,0.39549180327868855,1.2630955828122516,1.0,1.0,cosmetiques et soins,0.92,True,0.4382109793419082,0.4418726312731975,0.66265528602197,Priorite moyenne
a-eau de parfum,cosmetiques et soins,39.0,1,1,193,24.965803108808288,1,0.39549180327868855,0.5621367863829488,1.0,1.0,cosmetiques et soins,0.88,True,0.4382109793419082,0.6401488068887047,0.6625690948027454,Priorite moyenne
a-masque hydra,cosmetiques et soins,65.0,1,1,193,24.965803108808288,1,0.39549180327868855,1.603561283935056,1.0,1.0,cosmetiques et soins,0.93,True,0.4382109793419082,0.3840892880726,0.6622661188619402,Priorite moyenne
a-scrub,cosmetiques et soins,3.0,1,1,193,24.965803108808288,1,0.39549180327868855,0.8798355948430454,1.0,1.0,cosmetiques et soins,0.9,True,0.4382109793419082,0.5319614134040769,0.662159725128514,Priorite moyenne
q-tunisian handicrafts margoum red and white,rugs & kilim,414.48,1,1,130,236.3099076923077,1,0.26639344262295084,0.7539679283600522,1.0,1.0,rugs & kilim,0.84,True,0.5672412027267326,0.5701358524468535,0.6619578419649526,Priorite moyenne
q-tunisian handicrafts margoum grey classic,rugs & kilim,414.48,1,1,130,236.3099076923077,1,0.26639344262295084,0.7539679283600522,1.0,1.0,rugs & kilim,0.84,True,0.5672412027267326,0.5701358524468535,0.6619578419649526,Priorite moyenne
a-soin complet cheveux,cosmetiques et soins,68.0,1,1,193,24.965803108808288,1,0.39549180327868855,1.723725649037222,1.0,1.0,cosmetiques et soins,0.93,True,0.4382109793419082,0.3671441726715311,0.6614188630918868,Priorite moyenne
q-fiber and glass pitcher,accessories,46.8,1,1,154,101.48167532467532,1,0.3155737704918033,0.5388329923692781,1.0,1.0,accessories,0.92,True,0.45199896284744645,0.6498430986070431,0.6612065978829468,Priorite moyenne
q-fiber and leather handmade pouch with blue color,accessories,15.6,1,1,154,101.48167532467532,1,0.3155737704918033,0.8462776575537623,1.0,1.0,accessories,0.94,True,0.45199896284744645,0.5416303424940735,0.6607959600772981,Priorite moyenne
q-palm fiber storage box,accessories,31.2,1,1,154,101.48167532467532,1,0.3155737704918033,0.6925553249615202,1.0,1.0,accessories,0.93,True,0.45199896284744645,0.5908226367860293,0.6607555747918961,Priorite moyenne
a-soin anti-rides,cosmetiques et soins,100.0,1,1,193,24.965803108808288,1,0.39549180327868855,3.0054788767936613,1.0,1.0,cosmetiques et soins,0.95,True,0.4382109793419082,0.24965803859150248,0.6605445563878852,Priorite moyenne
a-eau de senteur,cosmetiques et soins,50.0,1,1,193,24.965803108808288,1,0.39549180327868855,1.0027394584242248,1.0,1.0,cosmetiques et soins,0.9,True,0.4382109793419082,0.4993160721898443,0.6605274580678023,Priorite moyenne
q-olive wood large bowl smooth,accessories,99.84,1,1,154,101.48167532467532,1,0.3155737704918033,0.016177061555654897,1.0,1.0,accessories,0.85,True,0.45199896284744645,0.9840804696664874,0.660418466435919,Priorite moyenne
q-handmade palm fiber saucer,accessories,12.48,1,1,154,101.48167532467532,1,0.3155737704918033,0.8770221240722106,1.0,1.0,accessories,0.94,True,0.45199896284744645,0.5327587710210331,0.6603523815036462,Priorite moyenne
q-tunisian handmade palm fiber and leather bag with small brown hand,accessories,93.6,1,1,154,101.48167532467532,1,0.3155737704918033,0.07766599459255183,1.0,1.0,accessories,0.86,True,0.45199896284744645,0.9279312932000643,0.6601110076125978,Priorite moyenne
q-basket woven with fiber,accessories,37.44,1,1,154,101.48167532467532,1,0.3155737704918033,0.6310663919246233,1.0,1.0,accessories,0.92,True,0.45199896284744645,0.6130958279509526,0.6593692343501423,Priorite moyenne
q-natural handmade hat with red design,accessories,78.0,1,1,154,101.48167532467532,1,0.3155737704918033,0.23138832718479385,1.0,1.0,accessories,0.88,True,0.45199896284744645,0.812091505111312,0.6593190182081602,Priorite moyenne
a-crème trésor d'abeille,cosmetiques et soins,40.0,1,1,193,24.965803108808288,1,0.39549180327868855,0.6021915747503376,1.0,1.0,cosmetiques et soins,0.87,True,0.4382109793419082,0.6241450871165801,0.6592689088141392,Priorite moyenne
q-set of handpainted ceramics,handcrafted ceramics,15.6,1,1,262,31.49497709923664,1,0.5368852459016393,0.5046829068797446,1.0,1.0,handcrafted ceramics,0.65,True,0.5186972272492326,0.6645918521621917,0.6587158099632071,Priorite moyenne
q-decorative plate home deco painted in tunisia,handcrafted ceramics,15.6,1,1,262,31.49497709923664,1,0.5368852459016393,0.5046829068797446,1.0,1.0,handcrafted ceramics,0.65,True,0.5186972272492326,0.6645918521621917,0.6587158099632071,Priorite moyenne
q-moroccan tajine– makroudh rouge,handcrafted ceramics,76.44,1,1,262,31.49497709923664,1,0.5368852459016393,1.4270536324599863,1.0,1.0,handcrafted ceramics,0.7,True,0.5186972272492326,0.4120222094088753,0.6585873278255414,Priorite moyenne
q-series of 3 arabesque rugs for bedroom,rugs & kilim,280.8,1,1,130,236.3099076923077,1,0.26639344262295084,0.18827010917101064,1.0,1.0,rugs & kilim,0.77,True,0.5672412027267326,0.8415595008929778,0.6580290243872589,Priorite moyenne
a-crème visage,cosmetiques et soins,46.0,1,1,193,24.965803108808288,1,0.39549180327868855,0.84252030495467,1.0,1.0,cosmetiques et soins,0.88,True,0.4382109793419082,0.5427348601320311,0.6576983974649117,Priorite moyenne
q-handmade tunisian fiber and leather brown pouch,accessories,68.64,1,1,154,101.48167532467532,1,0.3155737704918033,0.3236217267401391,1.0,1.0,accessories,0.88,True,0.45199896284744645,0.7555028599166578,0.6564895859484274,Priorite moyenne
q-grey and white tunisian margoum,rugs & kilim,180.96,1,1,130,236.3099076923077,1,0.26639344262295084,0.23422592814073318,1.0,1.0,rugs & kilim,0.77,True,0.5672412027267326,0.8102244307137701,0.6564622708782984,Priorite moyenne
a-huile de pépins de figue de barbarie bio,cosmetiques et soins,79.0,1,1,193,24.965803108808288,1,0.39549180327868855,2.1643283210784983,1.0,1.0,cosmetiques et soins,0.92,True,0.4382109793419082,0.31602283282006904,0.6563627960993136,Priorite moyenne
a-soins caviar royal,cosmetiques et soins,120.0,1,1,193,24.965803108808288,1,0.39549180327868855,3.806574644141436,1.0,1.0,cosmetiques et soins,0.94,True,0.4382109793419082,0.208048365839666,0.6559640727502934,Priorite moyenne
"a-lot ""spa chez soi""",cosmetiques et soins,97.3,1,1,193,24.965803108808288,1,0.39549180327868855,2.8973309482017116,1.0,1.0,cosmetiques et soins,0.93,True,0.4382109793419082,0.2565858566518236,0.6558909472909014,Priorite moyenne
q-red and orange berber kesra carpet sample,accessories,62.4,1,1,154,101.48167532467532,1,0.3155737704918033,0.38511065977703596,1.0,1.0,accessories,0.88,True,0.45199896284744645,0.7219639766262228,0.6548126417839057,Priorite moyenne
q-light orange halfa rug,rugs & kilim,62.4,1,1,130,236.3099076923077,1,0.26639344262295084,0.735939972448429,1.0,1.0,rugs & kilim,0.81,True,0.5672412027267326,0.5760567852986103,0.6547538886075405,Priorite moyenne
a-soin elixir jeunesse,cosmetiques et soins,52.0,1,1,193,24.965803108808288,1,0.39549180327868855,1.0828490351590023,1.0,1.0,cosmetiques et soins,0.88,True,0.4382109793419082,0.48011160824416693,0.6545672348705185,Priorite moyenne
q-olive wood round cutting board with handle,accessories,49.14,1,1,154,101.48167532467532,1,0.3155737704918033,0.5157746424804417,1.0,1.0,accessories,0.89,True,0.45199896284744645,0.65972867732078,0.6542008768186336,Priorite moyenne
q-fair trade handmade brown hat,accessories,46.8,1,1,154,101.48167532467532,1,0.3155737704918033,0.5388329923692781,1.0,1.0,accessories,0.89,True,0.45199896284744645,0.6498430986070431,0.6537065978829467,Priorite moyenne
q-palm fiber tote bag and handbag daily use,accessories,171.6,1,1,154,101.48167532467532,1,0.3155737704918033,0.6909456683686587,1.0,1.0,accessories,0.9,True,0.45199896284744645,0.5913850567208057,0.6532836957886349,Priorite moyenne
q-handwoven green blanket with fringe,accessories,171.6,1,1,154,101.48167532467532,1,0.3155737704918033,0.6909456683686587,1.0,1.0,accessories,0.9,True,0.45199896284744645,0.5913850567208057,0.6532836957886349,Priorite moyenne
q-wood handmade fiber basket,accessories,62.4,1,1,154,101.48167532467532,1,0.3155737704918033,0.38511065977703596,1.0,1.0,accessories,0.87,True,0.45199896284744645,0.7219639766262228,0.6523126417839057,Priorite moyenne
q-handmade ring fiber basket,accessories,24.96,1,1,154,101.48167532467532,1,0.3155737704918033,0.754044257998417,1.0,1.0,accessories,0.9,True,0.45199896284744645,0.5701110422043311,0.6522199950628111,Priorite moyenne
a-coffret soins,cosmetiques et soins,75.0,1,1,193,24.965803108808288,1,0.39549180327868855,2.0041091676089433,1.0,1.0,cosmetiques et soins,0.9,True,0.4382109793419082,0.3328773836790787,0.652205523642264,Priorite moyenne
q-tunisian handicrafts margoum geometric design,rugs & kilim,414.48,1,1,130,236.3099076923077,1,0.26639344262295084,0.7539679283600522,1.0,1.0,rugs & kilim,0.8,True,0.5672412027267326,0.5701358524468535,0.6519578419649527,Priorite moyenne
q-handmade tepsi tray & wall decor,handcrafted ceramics,54.6,1,1,262,31.49497709923664,1,0.5368852459016393,0.7336097465431599,1.0,1.0,handcrafted ceramics,0.64,True,0.5186972272492326,0.5768310901539477,0.6518277718627951,Priorite moyenne
a-parfum floral chypré,cosmetiques et soins,79.0,1,1,193,24.965803108808288,1,0.39549180327868855,2.1643283210784983,1.0,1.0,cosmetiques et soins,0.9,True,0.4382109793419082,0.31602283282006904,0.6513627960993136,Priorite moyenne
q-tepsi – zarbia,handcrafted ceramics,15.6,1,1,262,31.49497709923664,1,0.5368852459016393,0.5046829068797446,1.0,1.0,handcrafted ceramics,0.62,True,0.5186972272492326,0.6645918521621917,0.6512158099632072,Priorite moyenne
q-simple & modern set of ceramics products,handcrafted ceramics,15.6,1,1,262,31.49497709923664,1,0.5368852459016393,0.5046829068797446,1.0,1.0,handcrafted ceramics,0.62,True,0.5186972272492326,0.6645918521621917,0.6512158099632072,Priorite moyenne
q-kilim with bright colors,rugs & kilim,299.52,1,1,130,236.3099076923077,1,0.26639344262295084,0.26748811616696244,1.0,1.0,rugs & kilim,0.75,True,0.5672412027267326,0.7889620322627727,0.6503991509557485,Priorite moyenne
"q-olive wood large round spoon 30 cm / 12""",accessories,10.92,1,1,154,101.48167532467532,1,0.3155737704918033,0.8923943573314349,1.0,1.0,accessories,0.9,True,0.45199896284744645,0.5284310831544397,0.6501359971103166,Priorite moyenne
q-blue and grey striped carpet,accessories,140.4,1,1,154,101.48167532467532,1,0.3155737704918033,0.38350100318417457,1.0,1.0,accessories,0.86,True,0.45199896284744645,0.7228039572782861,0.6498546408165089,Priorite moyenne
q-square turquoise and orange carpet from kesra artisans,accessories,62.4,1,1,154,101.48167532467532,1,0.3155737704918033,0.38511065977703596,1.0,1.0,accessories,0.86,True,0.45199896284744645,0.7219639766262228,0.6498126417839057,Priorite moyenne
q-red margoum rug - tunisian handmade,rugs & kilim,414.48,1,1,130,236.3099076923077,1,0.26639344262295084,0.7539679283600522,1.0,1.0,rugs & kilim,0.79,True,0.5672412027267326,0.5701358524468535,0.6494578419649526,Priorite moyenne
q-tunisian handmade koffa with purple color,accessories,78.0,1,1,154,101.48167532467532,1,0.3155737704918033,0.23138832718479385,1.0,1.0,accessories,0.84,True,0.45199896284744645,0.812091505111312,0.6493190182081602,Priorite moyenne
q-amazigh berber geometric kilim rug white and pink,rugs & kilim,390.0,1,1,130,236.3099076923077,1,0.26639344262295084,0.6503751499807303,1.0,1.0,rugs & kilim,0.78,True,0.5672412027267326,0.6059228412471406,0.648747191404967,Priorite moyenne
a-eau de muguet,cosmetiques et soins,54.0,1,1,193,24.965803108808288,1,0.39549180327868855,1.1629586118937798,1.0,1.0,cosmetiques et soins,0.86,True,0.4382109793419082,0.46232969715701094,0.6486781393161607,Priorite moyenne
q-colorful geometric pattern small carpet.,rugs & kilim,402.48,1,1,130,236.3099076923077,1,0.26639344262295084,0.7031871546446984,1.0,1.0,rugs & kilim,0.78,True,0.5672412027267326,0.5871345361388719,0.6478077761495535,Priorite moyenne
q-berber carpet sample made by women artisans,accessories,62.4,1,1,154,101.48167532467532,1,0.3155737704918033,0.38511065977703596,1.0,1.0,accessories,0.85,True,0.45199896284744645,0.7219639766262228,0.6473126417839057,Priorite moyenne
q-natural tunisian handmade basket with a wool lines,accessories,171.6,1,1,154,101.48167532467532,1,0.3155737704918033,0.6909456683686587,1.0,1.0,accessories,0.87,True,0.45199896284744645,0.5913850567208057,0.6457836957886348,Priorite moyenne
q-handmade palm fiber hat with red color,accessories,53.04,1,1,154,101.48167532467532,1,0.3155737704918033,0.4773440593323812,1.0,1.0,accessories,0.85,True,0.45199896284744645,0.6768903923788103,0.645058962571535,Priorite moyenne
q-tableware nabeul ceramics azouz blue of sidi bou said tunisia,handcrafted ceramics,140.4,1,1,262,31.49497709923664,1,0.5368852459016393,3.4578535840735496,1.0,1.0,handcrafted ceramics,0.68,True,0.5186972272492326,0.22432320423727517,0.6442023775669614,Priorite moyenne
a-savons nesri,cosmetiques et soins,2.0,1,1,193,24.965803108808288,1,0.39549180327868855,0.9198903832104341,1.0,1.0,cosmetiques et soins,0.83,True,0.4382109793419082,0.5208630704883283,0.6441048079827266,Priorite moyenne
q-brown bathroom rug,rugs & kilim,46.8,1,1,130,236.3099076923077,1,0.26639344262295084,0.801954978278389,1.0,1.0,rugs & kilim,0.77,True,0.5672412027267326,0.5549528218265547,0.6436986904339377,Priorite moyenne
q-tunisian handmade koffa with natural color,accessories,12.48,1,1,154,101.48167532467532,1,0.3155737704918033,0.8770221240722106,1.0,1.0,accessories,0.87,True,0.45199896284744645,0.5327587710210331,0.6428523815036462,Priorite moyenne
q-square luster/lampshade with arabic calligraphy,accessories,78.0,1,1,154,101.48167532467532,1,0.3155737704918033,0.23138832718479385,1.0,1.0,accessories,0.81,True,0.45199896284744645,0.812091505111312,0.6418190182081601,Priorite moyenne
q-tunisian handmade couffin natural colors,accessories,78.0,1,1,154,101.48167532467532,1,0.3155737704918033,0.23138832718479385,1.0,1.0,accessories,0.81,True,0.45199896284744645,0.812091505111312,0.6418190182081601,Priorite moyenne
q-small table set braided natural fiber,accessories,21.84,1,1,154,101.48167532467532,1,0.3155737704918033,0.7847887245168654,1.0,1.0,accessories,0.86,True,0.45199896284744645,0.5602904065133512,0.6417289632782621,Priorite moyenne
q-tunisian handicrafts palm fiber saucer,accessories,15.6,1,1,154,101.48167532467532,1,0.3155737704918033,0.8462776575537623,1.0,1.0,accessories,0.86,True,0.45199896284744645,0.5416303424940735,0.6407959600772982,Priorite moyenne
q-pink and grey handmade carpet,accessories,62.4,1,1,154,101.48167532467532,1,0.3155737704918033,0.38511065977703596,1.0,1.0,accessories,0.82,True,0.45199896284744645,0.7219639766262228,0.6398126417839057,Priorite moyenne
q-grey and turquoise handmade carpet with yellow stripes,rugs & kilim,62.4,1,1,130,236.3099076923077,1,0.26639344262295084,0.735939972448429,1.0,1.0,rugs & kilim,0.75,True,0.5672412027267326,0.5760567852986103,0.6397538886075405,Priorite moyenne
q-handmade green pattern ceramic bowl,accessories,6.209,1,1,154,101.48167532467532,1,0.3155737704918033,0.9388165309751562,1.0,1.0,accessories,0.86,True,0.45199896284744645,0.5157785607991672,0.6395033709925529,Priorite moyenne
q-handmade dark orange blanket - tunisia fair trade,accessories,218.4,1,1,154,101.48167532467532,1,0.3155737704918033,1.152112666145385,1.0,1.0,accessories,0.87,True,0.45199896284744645,0.4646596880037346,0.6394474273527813,Priorite moyenne
q-brown and yellow sample of kesra carpet,accessories,46.8,1,1,154,101.48167532467532,1,0.3155737704918033,0.5388329923692781,1.0,1.0,accessories,0.83,True,0.45199896284744645,0.6498430986070431,0.6387065978829467,Priorite moyenne
q-square luster/lampshade with calligraphy handmade,accessories,171.6,1,1,154,101.48167532467532,1,0.3155737704918033,0.6909456683686587,1.0,1.0,accessories,0.84,True,0.45199896284744645,0.5913850567208057,0.6382836957886349,Priorite moyenne
q-olive wood smooth cutting board with handle,accessories,29.64,1,1,154,101.48167532467532,1,0.3155737704918033,0.7079275582207444,1.0,1.0,accessories,0.84,True,0.45199896284744645,0.5855049268259146,0.6379896892938903,Priorite moyenne
q-collection faiences bleu and white designed by sofiane ben amor,accessories,46.8,1,1,154,101.48167532467532,1,0.3155737704918033,0.5388329923692781,1.0,1.0,accessories,0.82,True,0.45199896284744645,0.6498430986070431,0.6362065978829468,Priorite moyenne
q-palm fiber artisanal tunisian bag with black design,accessories,171.6,1,1,154,101.48167532467532,1,0.3155737704918033,0.6909456683686587,1.0,1.0,accessories,0.83,True,0.45199896284744645,0.5913850567208057,0.6357836957886348,Priorite moyenne
q-palm fiber artisanal tunisian couffin natural color,accessories,171.6,1,1,154,101.48167532467532,1,0.3155737704918033,0.6909456683686587,1.0,1.0,accessories,0.83,True,0.45199896284744645,0.5913850567208057,0.6357836957886348,Priorite moyenne
q-linen blanket/ throw,accessories,93.6,1,1,154,101.48167532467532,1,0.3155737704918033,0.07766599459255183,1.0,1.0,accessories,0.76,True,0.45199896284744645,0.9279312932000643,0.6351110076125978,Priorite moyenne
a-argile verte,cosmetiques et soins,1.8,1,1,193,24.965803108808288,1,0.39549180327868855,0.9279013408839119,1.0,1.0,cosmetiques et soins,0.79,True,0.4382109793419082,0.5186987418876507,0.6339965915526927,Priorite moyenne
q-olive wood products diverse collection,accessories,84.24,1,1,154,101.48167532467532,1,0.3155737704918033,0.16989939414789706,1.0,1.0,accessories,0.77,True,0.45199896284744645,0.8547743549592619,0.6339531607005576,Priorite moyenne
q-handmade palm fiber trivet,accessories,18.72,1,1,154,101.48167532467532,1,0.3155737704918033,0.8155331910353139,1.0,1.0,accessories,0.83,True,0.45199896284744645,0.5508023785727358,0.6337545618812314,Priorite moyenne
q-irregulare form luster / lampshade with calligraphy,accessories,414.48,1,1,154,101.48167532467532,1,0.3155737704918033,3.08428413888172,1.0,1.0,accessories,0.89,True,0.45199896284744645,0.24484094788610877,0.6334564903469,Priorite moyenne
q-pyramidal luster / lampshade with calligraphy,accessories,414.48,1,1,154,101.48167532467532,1,0.3155737704918033,3.08428413888172,1.0,1.0,accessories,0.89,True,0.45199896284744645,0.24484094788610877,0.6334564903469,Priorite moyenne
q-cylindrical luster / lampshade with calligraphy,accessories,414.48,1,1,154,101.48167532467532,1,0.3155737704918033,3.08428413888172,1.0,1.0,accessories,0.89,True,0.45199896284744645,0.24484094788610877,0.6334564903469,Priorite moyenne
q-olive wood extra large board,accessories,187.2,1,1,154,101.48167532467532,1,0.3155737704918033,0.8446680009609007,1.0,1.0,accessories,0.83,True,0.45199896284744645,0.5421029689239977,0.6333195913987945,Priorite moyenne
q-olive wood small chess board set,accessories,99.84,1,1,154,101.48167532467532,1,0.3155737704918033,0.016177061555654897,1.0,1.0,accessories,0.74,True,0.45199896284744645,0.9840804696664874,0.632918466435919,Priorite moyenne
q-kilim abstract black grey,rugs & kilim,99.84,1,1,130,236.3099076923077,1,0.26639344262295084,0.577503958456525,1.0,1.0,rugs & kilim,0.71,True,0.5672412027267326,0.6339128308612478,0.6326466908856723,Priorite moyenne
q-colorful striped carpet sample,accessories,62.4,1,1,154,101.48167532467532,1,0.3155737704918033,0.38511065977703596,1.0,1.0,accessories,0.79,True,0.45199896284744645,0.7219639766262228,0.6323126417839057,Priorite moyenne
q-handwoven cotton fouta / fair trade fouta towels,accessories,18.72,1,1,154,101.48167532467532,1,0.3155737704918033,0.8155331910353139,1.0,1.0,accessories,0.82,True,0.45199896284744645,0.5508023785727358,0.6312545618812314,Priorite moyenne
a-red box,cosmetiques et soins,80.0,1,1,193,24.965803108808288,1,0.39549180327868855,2.2043831094458866,1.0,1.0,cosmetiques et soins,0.82,True,0.4382109793419082,0.31207254745919677,0.63116528183127,Priorite moyenne
a-pink basket,cosmetiques et soins,120.0,1,1,193,24.965803108808288,1,0.39549180327868855,3.806574644141436,1.0,1.0,cosmetiques et soins,0.84,True,0.4382109793419082,0.208048365839666,0.6309640727502934,Priorite moyenne
q-handwoven cotton and linen blanket with fringe,accessories,187.2,1,1,154,101.48167532467532,1,0.3155737704918033,0.8446680009609007,1.0,1.0,accessories,0.82,True,0.45199896284744645,0.5421029689239977,0.6308195913987945,Priorite moyenne
q-handcrafted olive wood serving board with handle,accessories,43.68,1,1,154,101.48167532467532,1,0.3155737704918033,0.5695774588877265,1.0,1.0,accessories,0.8,True,0.45199896284744645,0.6371141445345713,0.6305701501793232,Priorite moyenne
q-olive wood salad serving spork,accessories,10.92,1,1,154,101.48167532467532,1,0.3155737704918033,0.8923943573314349,1.0,1.0,accessories,0.82,True,0.45199896284744645,0.5284310831544397,0.6301359971103165,Priorite moyenne
q-fringed cotton blanket,accessories,62.4,1,1,154,101.48167532467532,1,0.3155737704918033,0.38511065977703596,1.0,1.0,accessories,0.78,True,0.45199896284744645,0.7219639766262228,0.6298126417839057,Priorite moyenne
q-pink handwoven scarf from tunisia,accessories,46.8,1,1,154,101.48167532467532,1,0.3155737704918033,0.5388329923692781,1.0,1.0,accessories,0.79,True,0.45199896284744645,0.6498430986070431,0.6287065978829467,Priorite moyenne
q-lampshade olive wood and aluminium hand decorated,accessories,414.48,1,1,154,101.48167532467532,1,0.3155737704918033,3.08428413888172,1.0,1.0,accessories,0.87,True,0.45199896284744645,0.24484094788610877,0.6284564903469,Priorite moyenne
q-small bassinet with brown hand,accessories,31.2,1,1,154,101.48167532467532,1,0.3155737704918033,0.6925553249615202,1.0,1.0,accessories,0.8,True,0.45199896284744645,0.5908226367860293,0.6282555747918961,Priorite moyenne
q-cage of sidi bou said varnished wood handmade,accessories,121.68,1,1,154,101.48167532467532,1,0.3155737704918033,0.19903420407348407,1.0,1.0,accessories,0.75,True,0.45199896284744645,0.8340045651764526,0.6279146712114172,Priorite moyenne
q-olive wood honey pot with honey dipper,accessories,28.08,1,1,154,101.48167532467532,1,0.3155737704918033,0.7232997914799686,1.0,1.0,accessories,0.8,True,0.45199896284744645,0.5802820872746701,0.6277285473163281,Priorite moyenne
q-tajine blue and white collection designed in tunisia,accessories,78.0,1,1,154,101.48167532467532,1,0.3155737704918033,0.23138832718479385,1.0,1.0,accessories,0.75,True,0.45199896284744645,0.812091505111312,0.6268190182081601,Priorite moyenne
"q-olive wood small flat spoons set of three 20 cm / 7.87""",accessories,18.72,1,1,154,101.48167532467532,1,0.3155737704918033,0.8155331910353139,1.0,1.0,accessories,0.8,True,0.45199896284744645,0.5508023785727358,0.6262545618812314,Priorite moyenne
q-set of 4 plates / slama fragment collection,accessories,156.0,1,1,154,101.48167532467532,1,0.3155737704918033,0.5372233357764166,1.0,1.0,accessories,0.78,True,0.45199896284744645,0.6505235620137934,0.6262406210532843,Priorite moyenne
q-red handmade bathroom rug,rugs & kilim,46.8,1,1,130,236.3099076923077,1,0.26639344262295084,0.801954978278389,1.0,1.0,rugs & kilim,0.7,True,0.5672412027267326,0.5549528218265547,0.6261986904339377,Priorite moyenne
q-small carpet with grey and gold design,rugs & kilim,46.8,1,1,130,236.3099076923077,1,0.26639344262295084,0.801954978278389,1.0,1.0,rugs & kilim,0.7,True,0.5672412027267326,0.5549528218265547,0.6261986904339377,Priorite moyenne
q-sample rug kilim abstract brown and beige,rugs & kilim,46.8,1,1,130,236.3099076923077,1,0.26639344262295084,0.801954978278389,1.0,1.0,rugs & kilim,0.7,True,0.5672412027267326,0.5549528218265547,0.6261986904339377,Priorite moyenne
q-handwoven carpet made by kerkenniens,accessories,414.48,1,1,154,101.48167532467532,1,0.3155737704918033,3.08428413888172,1.0,1.0,accessories,0.86,True,0.45199896284744645,0.24484094788610877,0.6259564903469,Priorite moyenne
a-coffret miel et soins,cosmetiques et soins,85.0,1,1,193,24.965803108808288,1,0.39549180327868855,2.4046570512828302,1.0,1.0,cosmetiques et soins,0.8,True,0.4382109793419082,0.29371533900109353,0.6252474214083648,Priorite moyenne
q-large rustic serving olive wood bowl,accessories,115.44,1,1,154,101.48167532467532,1,0.3155737704918033,0.13754527103658715,1.0,1.0,accessories,0.73,True,0.45199896284744645,0.879085892633311,0.6251687375842601,Priorite moyenne
q-handmade blue pattern ceramic bowl,accessories,9.36,1,1,154,101.48167532467532,1,0.3155737704918033,0.9077665905906591,1.0,1.0,accessories,0.8,True,0.45199896284744645,0.5241731378105287,0.624923099843121,Priorite moyenne
q-small striped carpet handwoven by women artisans.,rugs & kilim,62.4,1,1,130,236.3099076923077,1,0.26639344262295084,0.735939972448429,1.0,1.0,rugs & kilim,0.69,True,0.5672412027267326,0.5760567852986103,0.6247538886075404,Priorite moyenne
a-beurre de cacao,cosmetiques et soins,30.0,1,1,193,24.965803108808288,1,0.39549180327868855,0.2016436910764503,1.0,1.0,cosmetiques et soins,0.69,True,0.4382109793419082,0.8321934425538282,0.6246713265860016,Priorite moyenne
q-table set braided natural fiber,accessories,15.6,1,1,154,101.48167532467532,1,0.3155737704918033,0.8462776575537623,1.0,1.0,accessories,0.79,True,0.45199896284744645,0.5416303424940735,0.6232959600772982,Priorite moyenne
q-berber inspired pattern carpet home decoration,rugs & kilim,62.4,1,1,130,236.3099076923077,1,0.26639344262295084,0.735939972448429,1.0,1.0,rugs & kilim,0.68,True,0.5672412027267326,0.5760567852986103,0.6222538886075405,Priorite moyenne
q-rustic olive wood bottle holder/candle holder/ bottle rack,accessories,24.96,1,1,154,101.48167532467532,1,0.3155737704918033,0.754044257998417,1.0,1.0,accessories,0.78,True,0.45199896284744645,0.5701110422043311,0.6222199950628111,Priorite moyenne
a-petit cyprus,cosmetiques et soins,30.0,1,1,193,24.965803108808288,1,0.39549180327868855,0.2016436910764503,1.0,1.0,cosmetiques et soins,0.68,True,0.4382109793419082,0.8321934425538282,0.6221713265860016,Priorite moyenne
k-la suspension mooja gold,luminaires,220.0,1,1,8,256.12,1,0.01639344262295082,0.14102764274157567,1.0,1.0,luminaires,0.96,True,0.4473913934426229,0.8764029568970607,0.62131625440223,Priorite moyenne
k-la suspension doora gold,luminaires,220.0,1,1,8,256.12,1,0.01639344262295082,0.14102764274157567,1.0,1.0,luminaires,0.96,True,0.4473913934426229,0.8764029568970607,0.62131625440223,Priorite moyenne
q-white kilim with black and beige lines,rugs & kilim,390.0,1,1,130,236.3099076923077,1,0.26639344262295084,0.6503751499807303,1.0,1.0,rugs & kilim,0.67,True,0.5672412027267326,0.6059228412471406,0.6212471914049669,Priorite moyenne
q-authentic handmade tunisian babouche/balgha slippers,accessories,18.127,1,1,154,101.48167532467532,1,0.3155737704918033,0.8213766104729548,1.0,1.0,accessories,0.78,True,0.45199896284744645,0.5490352704926474,0.621166206477227,Priorite moyenne
q-versatile cotton & linen handwoven blanket,accessories,171.6,1,1,154,101.48167532467532,1,0.3155737704918033,0.6909456683686587,1.0,1.0,accessories,0.77,True,0.45199896284744645,0.5913850567208057,0.6207836957886348,Priorite moyenne
q-pastel mint green area rug made by kerkenniens,accessories,308.88,1,1,154,101.48167532467532,1,0.3155737704918033,2.043702195180389,1.0,1.0,accessories,0.82,True,0.45199896284744645,0.32854725458471923,0.6201418056818305,Priorite moyenne
q-olive wood rustic small boat shaped bowl,accessories,9.36,1,1,154,101.48167532467532,1,0.3155737704918033,0.9077665905906591,1.0,1.0,accessories,0.78,True,0.45199896284744645,0.5241731378105287,0.619923099843121,Priorite moyenne
q-bourette neck scarf handmade,accessories,62.4,1,1,154,101.48167532467532,1,0.3155737704918033,0.38511065977703596,1.0,1.0,accessories,0.74,True,0.45199896284744645,0.7219639766262228,0.6198126417839057,Priorite moyenne
q-olive wood large bowl rustic,accessories,90.48,1,1,154,101.48167532467532,1,0.3155737704918033,0.10841046111100015,1.0,1.0,accessories,0.7,True,0.45199896284744645,0.9021928564240215,0.6188240857737957,Priorite moyenne
q-blue handmade bathroom rug,rugs & kilim,46.8,1,1,130,236.3099076923077,1,0.26639344262295084,0.801954978278389,1.0,1.0,rugs & kilim,0.67,True,0.5672412027267326,0.5549528218265547,0.6186986904339377,Priorite moyenne
q-black and white carpet made by kerkenniens,accessories,414.48,1,1,154,101.48167532467532,1,0.3155737704918033,3.08428413888172,1.0,1.0,accessories,0.83,True,0.45199896284744645,0.24484094788610877,0.6184564903469,Priorite moyenne
q-blue and grey kerkenatiss carpet,accessories,414.48,1,1,154,101.48167532467532,1,0.3155737704918033,3.08428413888172,1.0,1.0,accessories,0.83,True,0.45199896284744645,0.24484094788610877,0.6184564903469,Priorite moyenne
q-palm fiber artisanal leather tunisian bag colorful,accessories,171.6,1,1,154,101.48167532467532,1,0.3155737704918033,0.6909456683686587,1.0,1.0,accessories,0.76,True,0.45199896284744645,0.5913850567208057,0.6182836957886348,Priorite moyenne
q-pink and grey rug made by kerkenniens.,accessories,171.6,1,1,154,101.48167532467532,1,0.3155737704918033,0.6909456683686587,1.0,1.0,accessories,0.76,True,0.45199896284744645,0.5913850567208057,0.6182836957886348,Priorite moyenne
q-handmade organic smar laptop / book bag,accessories,28.08,1,1,154,101.48167532467532,1,0.3155737704918033,0.7232997914799686,1.0,1.0,accessories,0.75,True,0.45199896284744645,0.5802820872746701,0.615228547316328,Priorite moyenne
"q-olive wood flat spoon 20 cm / 7.8""",accessories,6.24,1,1,154,101.48167532467532,1,0.3155737704918033,0.9385110571091075,1.0,1.0,accessories,0.76,True,0.45199896284744645,0.5158598380611227,0.6145074348556507,Priorite moyenne
q-handwoven fringe blue throw / blanket,accessories,218.4,1,1,154,101.48167532467532,1,0.3155737704918033,1.152112666145385,1.0,1.0,accessories,0.77,True,0.45199896284744645,0.4646596880037346,0.6144474273527812,Priorite moyenne
q-fair trade tunisian fouta / striped fouta,accessories,18.72,1,1,154,101.48167532467532,1,0.3155737704918033,0.8155331910353139,1.0,1.0,accessories,0.75,True,0.45199896284744645,0.5508023785727358,0.6137545618812313,Priorite moyenne
q-trendy handwoven fouta handmade,accessories,37.44,1,1,154,101.48167532467532,1,0.3155737704918033,0.6310663919246233,1.0,1.0,accessories,0.72,True,0.45199896284744645,0.6130958279509526,0.6093692343501422,Priorite moyenne
q-handmade cotton fouta towel/ diamond patterns,accessories,21.84,1,1,154,101.48167532467532,1,0.3155737704918033,0.7847887245168654,1.0,1.0,accessories,0.73,True,0.45199896284744645,0.5602904065133512,0.609228963278262,Priorite moyenne
q-lampshade size medium palm wood and aluminium,accessories,390.0,1,1,154,101.48167532467532,1,0.3155737704918033,2.843058324660048,1.0,1.0,accessories,0.79,True,0.45199896284744645,0.26020942580632284,0.6092249142429107,Priorite moyenne
q-grey and white geometric pattern small carpet.,accessories,399.36,1,1,154,101.48167532467532,1,0.3155737704918033,2.9352917242153933,1.0,1.0,accessories,0.79,True,0.45199896284744645,0.2541107674042582,0.6089199813228074,Priorite moyenne
"q-tureen collection ""faïences"" blue and white designed by sofiane ben amor",accessories,49.92,1,1,154,101.48167532467532,1,0.3155737704918033,0.5080885258508296,1.0,1.0,accessories,0.7,True,0.45199896284744645,0.6630910472817386,0.6068689953166815,Priorite moyenne
q-cage of sidi bou said decoration arabesques,accessories,78.0,1,1,154,101.48167532467532,1,0.3155737704918033,0.23138832718479385,1.0,1.0,accessories,0.67,True,0.45199896284744645,0.812091505111312,0.6068190182081602,Priorite moyenne
k-la suspension mooja noire,luminaires,220.0,1,1,8,256.12,1,0.01639344262295082,0.14102764274157567,1.0,1.0,luminaires,0.9,True,0.4473913934426229,0.8764029568970607,0.60631625440223,Priorite moyenne
q-hand-woven cotton and linen scarf with pompon fringes,accessories,46.8,1,1,154,101.48167532467532,1,0.3155737704918033,0.5388329923692781,1.0,1.0,accessories,0.7,True,0.45199896284744645,0.6498430986070431,0.6062065978829467,Priorite moyenne
q-blue and white painted sardines plates.,accessories,31.2,1,1,154,101.48167532467532,1,0.3155737704918033,0.6925553249615202,1.0,1.0,accessories,0.71,True,0.45199896284744645,0.5908226367860293,0.605755574791896,Priorite moyenne
q-100% cotton fouta / pestemal bath-gym-beach towel,accessories,37.44,1,1,154,101.48167532467532,1,0.3155737704918033,0.6310663919246233,1.0,1.0,accessories,0.7,True,0.45199896284744645,0.6130958279509526,0.6043692343501422,Priorite moyenne
q-jar belle-lune art handmade decorated in nabeul,accessories,146.64,1,1,154,101.48167532467532,1,0.3155737704918033,0.44498993622107125,1.0,1.0,accessories,0.68,True,0.45199896284744645,0.692046342284704,0.6033167600668298,Priorite moyenne
q-collection faiences designed by sofiane ben amor,accessories,56.16,1,1,154,101.48167532467532,1,0.3155737704918033,0.44659959281393286,1.0,1.0,accessories,0.68,True,0.45199896284744645,0.6912762902516756,0.6032782574651783,Priorite moyenne
q-hand woven striped kilim flat weave reversible berber rug,accessories,390.0,1,1,154,101.48167532467532,1,0.3155737704918033,2.843058324660048,1.0,1.0,accessories,0.76,True,0.45199896284744645,0.26020942580632284,0.6017249142429107,Priorite moyenne
k-la suspension mooja gold pf,luminaires,160.0,1,1,8,256.12,1,0.01639344262295082,0.37529283001994057,1.0,1.0,luminaires,0.91,True,0.4473913934426229,0.7271178749514028,0.6013520003049472,Priorite moyenne
q-throw blanket fouta towel peshtemal made in tunisia,accessories,24.96,1,1,154,101.48167532467532,1,0.3155737704918033,0.754044257998417,1.0,1.0,accessories,0.69,True,0.45199896284744645,0.5701110422043311,0.599719995062811,Priorite moyenne
q-small traditional black bag,accessories,46.8,1,1,154,101.48167532467532,1,0.3155737704918033,0.5388329923692781,1.0,1.0,accessories,0.67,True,0.45199896284744645,0.6498430986070431,0.5987065978829468,Priorite moyenne
q-a white ines carpet with a black motif,rugs & kilim,393.12,1,1,130,236.3099076923077,1,0.26639344262295084,0.6635781511467224,1.0,1.0,rugs & kilim,0.58,True,0.5672412027267326,0.601113929820904,0.5985067458336552,Priorite moyenne
q-natural couffin handmade in tunisia,accessories,40.56,1,1,154,101.48167532467532,1,0.3155737704918033,0.6003219254061749,1.0,1.0,accessories,0.67,True,0.45199896284744645,0.624874273184873,0.5974581566118382,Priorite moyenne
q-hand-painted tunisian tajine floral decorated ceramic cookware,accessories,49.92,1,1,154,101.48167532467532,1,0.3155737704918033,0.5080885258508296,1.0,1.0,accessories,0.66,True,0.45199896284744645,0.6630910472817386,0.5968689953166815,Priorite moyenne
q-hand painted ceramic tile coaster,accessories,6.24,1,1,154,101.48167532467532,1,0.3155737704918033,0.9385110571091075,1.0,1.0,accessories,0.68,True,0.45199896284744645,0.5158598380611227,0.5945074348556507,Priorite moyenne
q-naturel handmade hat with green design,accessories,78.0,1,1,154,101.48167532467532,1,0.3155737704918033,0.23138832718479385,1.0,1.0,accessories,0.62,True,0.45199896284744645,0.812091505111312,0.5943190182081601,Priorite moyenne
k-la suspension mooja noire pf,luminaires,160.0,1,1,8,256.12,1,0.01639344262295082,0.37529283001994057,1.0,1.0,luminaires,0.88,True,0.4473913934426229,0.7271178749514028,0.5938520003049471,Priorite moyenne
q-small carpet with grey and yellow diamond shaped motifs,rugs & kilim,46.8,1,1,130,236.3099076923077,1,0.26639344262295084,0.801954978278389,1.0,1.0,rugs & kilim,0.57,True,0.5672412027267326,0.5549528218265547,0.5936986904339376,Priorite moyenne
"q-set of cups "" ekho design """,accessories,118.56,1,1,154,101.48167532467532,1,0.3155737704918033,0.1682897375550356,1.0,1.0,accessories,0.6,True,0.45199896284744645,0.8559520535486105,0.591512045630025,Priorite moyenne
q-natural tunisian bag with feather design,accessories,171.6,1,1,154,101.48167532467532,1,0.3155737704918033,0.6909456683686587,1.0,1.0,accessories,0.65,True,0.45199896284744645,0.5913850567208057,0.5907836957886349,Priorite moyenne
k-la suspension ksour,luminaires,414.48,1,1,8,256.12,1,0.01639344262295082,0.6183039176233645,1.0,1.0,luminaires,0.88,True,0.4473913934426229,0.6179309022921953,0.5883926516719868,Priorite moyenne
k-la suspension noor,luminaires,414.48,1,1,8,256.12,1,0.01639344262295082,0.6183039176233645,1.0,1.0,luminaires,0.88,True,0.4473913934426229,0.6179309022921953,0.5883926516719868,Priorite moyenne
q-red floral scarf hand embroidery,accessories,171.6,1,1,154,101.48167532467532,1,0.3155737704918033,0.6909456683686587,1.0,1.0,accessories,0.63,True,0.45199896284744645,0.5913850567208057,0.5857836957886349,Priorite moyenne
q-handcrafted grey carpet.,accessories,414.48,1,1,154,101.48167532467532,1,0.3155737704918033,3.08428413888172,1.0,1.0,accessories,0.69,True,0.45199896284744645,0.24484094788610877,0.5834564903469,Priorite moyenne
a-body scrub,cosmetiques et soins,42.0,1,1,193,24.965803108808288,1,0.39549180327868855,0.682301151485115,1.0,1.0,cosmetiques et soins,0.57,True,0.4382109793419082,0.5944238931996285,0.5827828491182916,Priorite moyenne
q-colorful traditional fan in natural palm fiber,accessories,21.84,1,1,154,101.48167532467532,1,0.3155737704918033,0.7847887245168654,1.0,1.0,accessories,0.59,True,0.45199896284744645,0.5602904065133512,0.5742289632782621,Priorite moyenne
q-serving medium board without handle olive wood,accessories,23.4,1,1,154,101.48167532467532,1,0.3155737704918033,0.7694164912576413,1.0,1.0,olive wood,0.58,False,0.45199896284744645,0.5651580647862244,0.5719723461919057,Priorite moyenne
q-lampshade margoum and palm wood handmade né à tunis,accessories,414.48,1,1,154,101.48167532467532,1,0.3155737704918033,3.08428413888172,1.0,1.0,accessories,0.64,True,0.45199896284744645,0.24484094788610877,0.5709564903469,Priorite moyenne
q-wool geometric tunisian margoum area rug,accessories,414.48,1,1,154,101.48167532467532,1,0.3155737704918033,3.08428413888172,1.0,1.0,accessories,0.64,True,0.45199896284744645,0.24484094788610877,0.5709564903469,Priorite moyenne
q-olive wood small nesting bowls set of 3,accessories,24.96,1,1,154,101.48167532467532,1,0.3155737704918033,0.754044257998417,1.0,1.0,olive wood,0.57,False,0.45199896284744645,0.5701110422043311,0.5697199950628111,Priorite moyenne
q-ceramic handmade jilani green set made in tunisia,handcrafted ceramics,152.88,1,1,262,31.49497709923664,1,0.5368852459016393,3.854107233168879,1.0,1.0,handcrafted ceramics,0.38,True,0.5186972272492326,0.20601110605197234,0.5682867726576962,Priorite moyenne
q-black & white amazigh rugs,rugs & kilim,414.48,1,1,130,236.3099076923077,1,0.26639344262295084,0.7539679283600522,1.0,1.0,rugs & kilim,0.44,True,0.5672412027267326,0.5701358524468535,0.5619578419649526,Priorite moyenne
k-la tour nassije,luminaires,240.0,1,1,8,256.12,1,0.01639344262295082,0.06293924698212071,1.0,1.0,luminaires,0.7,True,0.4473913934426229,0.9407875406230256,0.5595354835885282,Priorite moyenne
q-brown scarf made with cotton and wool.,accessories,46.8,1,1,154,101.48167532467532,1,0.3155737704918033,0.5388329923692781,1.0,1.0,accessories,0.51,True,0.45199896284744645,0.6498430986070431,0.5587065978829467,Priorite moyenne
"q-olive wood slotted spatula 30 cm / 12""",accessories,9.36,1,1,154,101.48167532467532,1,0.3155737704918033,0.9077665905906591,1.0,1.0,accessories,0.53,True,0.45199896284744645,0.5241731378105287,0.557423099843121,Priorite moyenne
q-small traditional yellow bag,accessories,46.8,1,1,154,101.48167532467532,1,0.3155737704918033,0.5388329923692781,1.0,1.0,accessories,0.5,True,0.45199896284744645,0.6498430986070431,0.5562065978829467,Priorite moyenne
q-black and white runner from kesra region.,rugs & kilim,31.2,1,1,130,236.3099076923077,1,0.26639344262295084,0.867969984108349,1.0,1.0,accessories,0.42,False,0.5672412027267326,0.5353405078815209,0.5552180747366859,Priorite moyenne
"q-olive wood small spoons set of four 15 cm / 5.9 """,accessories,28.08,1,1,154,101.48167532467532,1,0.3155737704918033,0.7232997914799686,1.0,1.0,olive wood,0.5,False,0.45199896284744645,0.5802820872746701,0.552728547316328,Priorite moyenne
q-wool fringed throw blanket,accessories,93.6,1,1,154,101.48167532467532,1,0.3155737704918033,0.07766599459255183,1.0,1.0,accessories,0.42,True,0.45199896284744645,0.9279312932000643,0.5501110076125978,Priorite moyenne
q-small traditional red bag,accessories,56.16,1,1,154,101.48167532467532,1,0.3155737704918033,0.44659959281393286,1.0,1.0,accessories,0.45,True,0.45199896284744645,0.6912762902516756,0.5457782574651784,Priorite basse
a-pack soin été,cosmetiques et soins,99.0,1,1,193,24.965803108808288,1,0.39549180327868855,2.9654240884262726,1.0,1.0,cosmetiques et soins,0.49,True,0.4382109793419082,0.25217983693564094,0.5456706463050922,Priorite basse
q-handmade fringe green cotton throw / blanket,accessories,218.4,1,1,154,101.48167532467532,1,0.3155737704918033,1.152112666145385,1.0,1.0,accessories,0.49,True,0.45199896284744645,0.4646596880037346,0.5444474273527813,Priorite basse
q-coral area rug made by kerkenniens.,accessories,171.6,1,1,154,101.48167532467532,1,0.3155737704918033,0.6909456683686587,1.0,1.0,rugs & kilim,0.46,False,0.45199896284744645,0.5913850567208057,0.5432836957886349,Priorite basse
q-a small carpet with berber motifs,accessories,62.4,1,1,154,101.48167532467532,1,0.3155737704918033,0.38511065977703596,1.0,1.0,rugs & kilim,0.43,False,0.45199896284744645,0.7219639766262228,0.5423126417839057,Priorite basse
q-fringed cotton blankets & throws,accessories,59.28,1,1,154,101.48167532467532,1,0.3155737704918033,0.4158551262954844,1.0,1.0,accessories,0.43,True,0.45199896284744645,0.706286950852416,0.5415287904952153,Priorite basse
q-plates and bowls set collection œil de paon by alessandra mauri,accessories,78.0,1,1,154,101.48167532467532,1,0.3155737704918033,0.23138832718479385,1.0,1.0,accessories,0.4,True,0.45199896284744645,0.812091505111312,0.5393190182081602,Priorite basse
q-sample white carpet with a black berber motif,accessories,46.8,1,1,154,101.48167532467532,1,0.3155737704918033,0.5388329923692781,1.0,1.0,rugs & kilim,0.38,False,0.45199896284744645,0.6498430986070431,0.5262065978829468,Priorite basse
"q-handmade kilim ""rabiha"" [spring] from aatik artisans community",accessories,327.6,1,1,154,101.48167532467532,1,0.3155737704918033,2.22816899429108,1.0,1.0,rugs & kilim,0.43,False,0.45199896284744645,0.30977312580861477,0.5217030992430253,Priorite basse
q-handwoven tunisian fouta,accessories,37.44,1,1,154,101.48167532467532,1,0.3155737704918033,0.6310663919246233,1.0,1.0,accessories,0.35,True,0.45199896284744645,0.6130958279509526,0.5168692343501422,Priorite basse
q-naturel kenya basket with indigenous sisal plant /two tone hand-woven sisal storage basket,accessories,0.062,1,1,154,101.48167532467532,1,0.3155737704918033,0.999389042413907,1.0,1.0,accessories,0.29,True,0.45199896284744645,0.5001527860694274,0.4962220822560659,Priorite basse
