"FactConcurrentPK","concurrentFK","productFK","price_product","startDate","endDate","flag"
1,1,1,"-1","2026-03-23 15:56:34.813",NULL,"y"
2,1,2,"-1","2026-03-23 15:56:34.813",NULL,"y"
3,1,3,"60,000 TND","2026-03-23 15:56:34.813",NULL,"y"
4,1,4,"15,000 TND","2026-03-23 15:56:34.813",NULL,"y"
5,1,5,"40,000 TND","2026-03-23 15:56:34.813",NULL,"y"
6,1,6,"10,000 TND","2026-03-23 15:56:34.813",NULL,"y"
7,1,7,"255,000 TND","2026-03-23 15:56:34.813",NULL,"y"
8,1,8,"60,000 TND","2026-03-23 15:56:34.813",NULL,"y"
9,1,9,"47,000 TND","2026-03-23 15:56:34.813",NULL,"y"
10,1,10,"65,000 TND","2026-03-23 15:56:34.813",NULL,"y"
11,1,11,"120,000 TND","2026-03-23 15:56:34.813",NULL,"y"
12,1,12,"150,000 TND","2026-03-23 15:56:34.813",NULL,"y"
13,1,13,"120,000 TND","2026-03-23 15:56:34.813",NULL,"y"
14,1,14,"16,000 TND","2026-03-23 15:56:34.813",NULL,"y"
15,1,15,"105,000 TND","2026-03-23 15:56:34.813",NULL,"y"
16,1,16,"-1","2026-03-23 15:56:34.813",NULL,"y"
17,1,17,"58,000 TND","2026-03-23 15:56:34.813",NULL,"y"
18,1,18,"28,000 TND","2026-03-23 15:56:34.813",NULL,"y"
19,1,19,"90,000 TND","2026-03-23 15:56:34.813",NULL,"y"
20,1,20,"65,000 TND","2026-03-23 15:56:34.813",NULL,"y"
21,1,21,"170,000 TND","2026-03-23 15:56:34.813",NULL,"y"
22,1,22,"12,000 TND","2026-03-23 15:56:34.813",NULL,"y"
23,1,23,"14,000 TND","2026-03-23 15:56:34.813",NULL,"y"
24,1,24,"14,000 TND","2026-03-23 15:56:34.813",NULL,"y"
25,1,25,"12,000 TND","2026-03-23 15:56:34.813",NULL,"y"
26,1,26,"15,000 TND","2026-03-23 15:56:34.813",NULL,"y"
27,1,27,"180,000 TND","2026-03-23 15:56:34.813",NULL,"y"
28,1,28,"35,000 TND","2026-03-23 15:56:34.813",NULL,"y"
29,1,29,"3,000 TND","2026-03-23 15:56:34.813",NULL,"y"
30,1,30,"29,000 TND","2026-03-23 15:56:34.813",NULL,"y"
31,1,31,"38,000 TND","2026-03-23 15:56:34.813",NULL,"y"
32,1,32,"38,000 TND","2026-03-23 15:56:34.813",NULL,"y"
33,1,33,"365,000 TND","2026-03-23 15:56:34.813",NULL,"y"
34,1,34,"140,000 TND","2026-03-23 15:56:34.813",NULL,"y"
35,1,35,"45,000 TND","2026-03-23 15:56:34.813",NULL,"y"
36,1,36,"4,500 TND","2026-03-23 15:56:34.813",NULL,"y"
37,1,37,"175,000 TND","2026-03-23 15:56:34.813",NULL,"y"
38,1,38,"13,000 TND","2026-03-23 15:56:34.813",NULL,"y"
39,1,39,"40,000 TND","2026-03-23 15:56:34.813",NULL,"y"
40,1,40,"85,000 TND","2026-03-23 15:56:34.813",NULL,"y"
41,1,41,"45,000 TND","2026-03-23 15:56:34.813",NULL,"y"
42,1,42,"18,000 TND","2026-03-23 15:56:34.813",NULL,"y"
43,1,43,"30,000 TND","2026-03-23 15:56:34.813",NULL,"y"
44,1,44,"30,000 TND","2026-03-23 15:56:34.829",NULL,"y"
45,1,45,"6,000 TND","2026-03-23 15:56:34.829",NULL,"y"
46,1,46,"-1","2026-03-23 15:56:34.829",NULL,"y"
47,1,47,"-1","2026-03-23 15:56:34.829",NULL,"y"
48,1,48,"25,000 TND","2026-03-23 15:56:34.829",NULL,"y"
49,1,49,"290,000 TND","2026-03-23 15:56:34.829",NULL,"y"
50,1,50,"138,000 TND","2026-03-23 15:56:34.829",NULL,"y"
51,1,51,"38,000 TND","2026-03-23 15:56:34.829",NULL,"y"
52,1,52,"40,000 TND","2026-03-23 15:56:34.829",NULL,"y"
53,1,53,"8,000 TND","2026-03-23 15:56:34.829",NULL,"y"
54,1,54,"85,000 TND","2026-03-23 15:56:34.829",NULL,"y"
55,1,55,"-1","2026-03-23 15:56:34.829",NULL,"y"
56,1,56,"8,000 TND","2026-03-23 15:56:34.829",NULL,"y"
57,1,57,"135,000 TND","2026-03-23 15:56:34.829",NULL,"y"
58,1,58,"70,000 TND","2026-03-23 15:56:34.829",NULL,"y"
59,1,59,"-1","2026-03-23 15:56:34.829",NULL,"y"
60,1,60,"40,000 TND","2026-03-23 15:56:34.829",NULL,"y"
61,1,61,"60,000 TND","2026-03-23 15:56:34.829",NULL,"y"
62,1,62,"-1","2026-03-23 15:56:34.829",NULL,"y"
63,1,63,"-1","2026-03-23 15:56:34.829",NULL,"y"
64,1,64,"6,000 TND","2026-03-23 15:56:34.829",NULL,"y"
65,1,65,"25,000 TND","2026-03-23 15:56:34.829",NULL,"y"
66,1,66,"35,000 TND","2026-03-23 15:56:34.829",NULL,"y"
67,1,67,"100,000 TND","2026-03-23 15:56:34.829",NULL,"y"
68,1,68,"-1","2026-03-23 15:56:34.829",NULL,"y"
69,1,69,"12,000 TND","2026-03-23 15:56:34.829",NULL,"y"
70,1,70,"55,000 TND","2026-03-23 15:56:34.829",NULL,"y"
71,1,71,"13,900 TND","2026-03-23 15:56:34.829",NULL,"y"
72,1,72,"12,500 TND","2026-03-23 15:56:34.829",NULL,"y"
73,1,73,"9,900 TND","2026-03-23 15:56:34.829",NULL,"y"
74,1,74,"120,000 TND","2026-03-23 15:56:34.829",NULL,"y"
75,1,75,"70,000 TND","2026-03-23 15:56:34.829",NULL,"y"
76,1,76,"10,000 TND","2026-03-23 15:56:34.829",NULL,"y"
77,1,77,"65,000 TND","2026-03-23 15:56:34.829",NULL,"y"
78,1,78,"280,000 TND","2026-03-23 15:56:34.829",NULL,"y"
79,1,79,"100,000 TND","2026-03-23 15:56:34.829",NULL,"y"
80,1,80,"20,000 TND","2026-03-23 15:56:34.829",NULL,"y"
81,1,81,"240,000 TND","2026-03-23 15:56:34.829",NULL,"y"
82,1,82,"25,000 TND","2026-03-23 15:56:34.829",NULL,"y"
83,1,83,"30,000 TND","2026-03-23 15:56:34.829",NULL,"y"
84,1,84,"80,000 TND","2026-03-23 15:56:34.829",NULL,"y"
85,1,85,"45,000 TND","2026-03-23 15:56:34.829",NULL,"y"
86,1,86,"35,000 TND","2026-03-23 15:56:34.829",NULL,"y"
87,1,87,"14,000 TND","2026-03-23 15:56:34.829",NULL,"y"
88,1,88,"15,000 TND","2026-03-23 15:56:34.829",NULL,"y"
89,1,89,"10,000 TND","2026-03-23 15:56:34.829",NULL,"y"
90,1,90,"30,000 TND","2026-03-23 15:56:34.829",NULL,"y"
91,1,91,"15,000 TND","2026-03-23 15:56:34.829",NULL,"y"
92,1,92,"12,000 TND","2026-03-23 15:56:34.829",NULL,"y"
93,1,93,"65,000 TND","2026-03-23 15:56:34.829",NULL,"y"
94,1,94,"30,000 TND","2026-03-23 15:56:34.829",NULL,"y"
95,1,95,"90,000 TND","2026-03-23 15:56:34.829",NULL,"y"
96,1,96,"85,000 TND","2026-03-23 15:56:34.829",NULL,"y"
97,1,97,"20,000 TND","2026-03-23 15:56:34.829",NULL,"y"
98,1,98,"50,000 TND","2026-03-23 15:56:34.829",NULL,"y"
99,1,99,"25,000 TND","2026-03-23 15:56:34.829",NULL,"y"
100,1,100,"90,000 TND","2026-03-23 15:56:34.829",NULL,"y"
101,1,101,"110,000 TND","2026-03-23 15:56:34.829",NULL,"y"
102,1,102,"280,000 TND","2026-03-23 15:56:34.829",NULL,"y"
103,1,103,"50,000 TND","2026-03-23 15:56:34.829",NULL,"y"
104,1,104,"7,000 TND","2026-03-23 15:56:34.829",NULL,"y"
105,1,105,"35,000 TND","2026-03-23 15:56:34.829",NULL,"y"
106,1,106,"80,000 TND","2026-03-23 15:56:34.829",NULL,"y"
107,1,107,"30,000 TND","2026-03-23 15:56:34.829",NULL,"y"
108,1,108,"15,000 TND","2026-03-23 15:56:34.829",NULL,"y"
109,1,109,"25,000 TND","2026-03-23 15:56:34.829",NULL,"y"
110,1,110,"147,000 TND","2026-03-23 15:56:34.829",NULL,"y"
111,1,111,"65,000 TND","2026-03-23 15:56:34.829",NULL,"y"
112,1,112,"30,000 TND","2026-03-23 15:56:34.829",NULL,"y"
113,1,113,"30,000 TND","2026-03-23 15:56:34.829",NULL,"y"
114,1,114,"30,000 TND","2026-03-23 15:56:34.829",NULL,"y"
115,1,115,"20,000 TND","2026-03-23 15:56:34.829",NULL,"y"
116,1,116,"20,000 TND","2026-03-23 15:56:34.829",NULL,"y"
117,1,117,"30,000 TND","2026-03-23 15:56:34.829",NULL,"y"
118,1,118,"25,000 TND","2026-03-23 15:56:34.84",NULL,"y"
119,1,119,"6,000 TND","2026-03-23 15:56:34.84",NULL,"y"
120,1,120,"15,000 TND","2026-03-23 15:56:34.84",NULL,"y"
121,1,121,"45,000 TND","2026-03-23 15:56:34.84",NULL,"y"
122,1,122,"170,000 TND","2026-03-23 15:56:34.84",NULL,"y"
123,1,123,"100,000 TND","2026-03-23 15:56:34.84",NULL,"y"
124,1,124,"130,000 TND","2026-03-23 15:56:34.84",NULL,"y"
125,1,125,"-1","2026-03-23 15:56:34.84",NULL,"y"
126,1,126,"65,000 TND","2026-03-23 15:56:34.84",NULL,"y"
127,1,127,"12,000 TND","2026-03-23 15:56:34.84",NULL,"y"
128,1,128,"115,000 TND","2026-03-23 15:56:34.84",NULL,"y"
129,1,129,"40,000 TND","2026-03-23 15:56:34.84",NULL,"y"
130,1,130,"120,000 TND","2026-03-23 15:56:34.84",NULL,"y"
131,1,131,"9,000 TND","2026-03-23 15:56:34.84",NULL,"y"
132,1,132,"45,000 TND","2026-03-23 15:56:34.84",NULL,"y"
133,1,133,"55,000 TND","2026-03-23 15:56:34.84",NULL,"y"
134,1,134,"18,000 TND","2026-03-23 15:56:34.84",NULL,"y"
135,1,135,"50,000 TND","2026-03-23 15:56:34.84",NULL,"y"
136,1,136,"45,000 TND","2026-03-23 15:56:34.84",NULL,"y"
137,1,137,"45,000 TND","2026-03-23 15:56:34.84",NULL,"y"
138,1,138,"45,000 TND","2026-03-23 15:56:34.84",NULL,"y"
139,1,139,"15,000 TND","2026-03-23 15:56:34.84",NULL,"y"
140,1,140,"30,000 TND","2026-03-23 15:56:34.84",NULL,"y"
141,1,141,"55,000 TND","2026-03-23 15:56:34.84",NULL,"y"
142,1,142,"45,000 TND","2026-03-23 15:56:34.84",NULL,"y"
143,1,143,"88,000 TND","2026-03-23 15:56:34.84",NULL,"y"
144,1,144,"-1","2026-03-23 15:56:34.84",NULL,"y"
145,1,145,"50,000 TND","2026-03-23 15:56:34.84",NULL,"y"
146,1,146,"7,000 TND","2026-03-23 15:56:34.84",NULL,"y"
147,1,147,"4,000 TND","2026-03-23 15:56:34.84",NULL,"y"
148,1,148,"10,000 TND","2026-03-23 15:56:34.84",NULL,"y"
149,1,149,"25,000 TND","2026-03-23 15:56:34.84",NULL,"y"
150,1,150,"55,000 TND","2026-03-23 15:56:34.844",NULL,"y"
151,1,151,"50,000 TND","2026-03-23 15:56:34.844",NULL,"y"
152,1,152,"35,000 TND","2026-03-23 15:56:34.844",NULL,"y"
153,1,153,"70,000 TND","2026-03-23 15:56:34.844",NULL,"y"
154,1,154,"15,000 TND","2026-03-23 15:56:34.844",NULL,"y"
155,1,155,"11,000 TND","2026-03-23 15:56:34.844",NULL,"y"
156,1,156,"80,000 TND","2026-03-23 15:56:34.845",NULL,"y"
157,1,157,"20,000 TND","2026-03-23 15:56:34.845",NULL,"y"
158,1,158,"90,000 TND","2026-03-23 15:56:34.846",NULL,"y"
159,1,159,"195,000 TND","2026-03-23 15:56:34.846",NULL,"y"
160,1,160,"25,000 TND","2026-03-23 15:56:34.846",NULL,"y"
161,1,161,"45,000 TND","2026-03-23 15:56:34.846",NULL,"y"
162,1,162,"75,000 TND","2026-03-23 15:56:34.846",NULL,"y"
163,1,163,"25,000 TND","2026-03-23 15:56:34.846",NULL,"y"
164,1,164,"25,000 TND","2026-03-23 15:56:34.846",NULL,"y"
165,1,165,"90,000 TND","2026-03-23 15:56:34.846",NULL,"y"
166,1,166,"25,000 TND","2026-03-23 15:56:34.846",NULL,"y"
167,1,167,"-1","2026-03-23 15:56:34.846",NULL,"y"
168,1,168,"40,000 TND","2026-03-23 15:56:34.846",NULL,"y"
169,1,169,"30,000 TND","2026-03-23 15:56:34.846",NULL,"y"
170,1,170,"40,000 TND","2026-03-23 15:56:34.846",NULL,"y"
171,1,171,"59,000 TND","2026-03-23 15:56:34.846",NULL,"y"
172,1,172,"70,000 TND","2026-03-23 15:56:34.846",NULL,"y"
173,1,173,"160,000 TND","2026-03-23 15:56:34.846",NULL,"y"
174,1,174,"130,000 TND","2026-03-23 15:56:34.846",NULL,"y"
175,1,175,"20,000 TND","2026-03-23 15:56:34.846",NULL,"y"
176,1,176,"50,000 TND","2026-03-23 15:56:34.846",NULL,"y"
177,1,177,"-1","2026-03-23 15:56:34.846",NULL,"y"
178,1,178,"-1","2026-03-23 15:56:34.846",NULL,"y"
179,1,179,"80,000 TND","2026-03-23 15:56:34.846",NULL,"y"
180,1,180,"-1","2026-03-23 15:56:34.846",NULL,"y"
181,1,181,"-1","2026-03-23 15:56:34.846",NULL,"y"
182,1,182,"-1","2026-03-23 15:56:34.846",NULL,"y"
183,1,183,"-1","2026-03-23 15:56:34.846",NULL,"y"
184,1,184,"8,000 TND","2026-03-23 15:56:34.846",NULL,"y"
185,1,185,"15,000 TND","2026-03-23 15:56:34.846",NULL,"y"
186,1,186,"1.200,000 TND","2026-03-23 15:56:34.846",NULL,"y"
187,1,187,"35,000 TND","2026-03-23 15:56:34.846",NULL,"y"
188,1,188,"8,000 TND","2026-03-23 15:56:34.846",NULL,"y"
189,1,189,"20,000 TND","2026-03-23 15:56:34.846",NULL,"y"
190,1,190,"1,000 TND","2026-03-23 15:56:34.846",NULL,"y"
191,1,191,"3,000 TND","2026-03-23 15:56:34.846",NULL,"y"
192,1,192,"95,000 TND","2026-03-23 15:56:34.846",NULL,"y"
193,1,193,"150,000 TND","2026-03-23 15:56:34.846",NULL,"y"
194,1,194,"-1","2026-03-23 15:56:34.846",NULL,"y"
195,1,195,"140,000 TND","2026-03-23 15:56:34.846",NULL,"y"
196,1,196,"125,000 TND","2026-03-23 15:56:34.85",NULL,"y"
197,1,197,"85,000 TND","2026-03-23 15:56:34.85",NULL,"y"
198,1,198,"180,000 TND","2026-03-23 15:56:34.85",NULL,"y"
199,1,199,"35,000 TND","2026-03-23 15:56:34.85",NULL,"y"
200,1,200,"15,000 TND","2026-03-23 15:56:34.85",NULL,"y"
201,1,201,"25,000 TND","2026-03-23 15:56:34.85",NULL,"y"
202,1,202,"180,000 TND","2026-03-23 15:56:34.85",NULL,"y"
203,1,203,"60,000 TND","2026-03-23 15:56:34.85",NULL,"y"
204,1,204,"12,000 TND","2026-03-23 15:56:34.85",NULL,"y"
205,1,205,"240,000 TND","2026-03-23 15:56:34.85",NULL,"y"
206,1,206,"68,000 TND","2026-03-23 15:56:34.85",NULL,"y"
207,1,207,"24,000 TND","2026-03-23 15:56:34.85",NULL,"y"
208,1,208,"35,000 TND","2026-03-23 15:56:34.85",NULL,"y"
209,1,209,"60,000 TND","2026-03-23 15:56:34.85",NULL,"y"
210,1,210,"280,000 TND","2026-03-23 15:56:34.85",NULL,"y"
211,1,211,"230,000 TND","2026-03-23 15:56:34.85",NULL,"y"
212,1,212,"45,000 TND","2026-03-23 15:56:34.85",NULL,"y"
213,1,213,"87,000 TND","2026-03-23 15:56:34.85",NULL,"y"
214,1,214,"7,000 TND","2026-03-23 15:56:34.85",NULL,"y"
215,1,215,"5,000 TND","2026-03-23 15:56:34.85",NULL,"y"
216,1,216,"-1","2026-03-23 15:56:34.85",NULL,"y"
217,1,217,"15,000 TND","2026-03-23 15:56:34.85",NULL,"y"
218,1,218,"30,000 TND","2026-03-23 15:56:34.85",NULL,"y"
219,1,219,"26,000 TND","2026-03-23 15:56:34.85",NULL,"y"
220,1,220,"34,900 TND","2026-03-23 15:56:34.85",NULL,"y"
221,1,221,"40,000 TND","2026-03-23 15:56:34.85",NULL,"y"
222,1,222,"45,000 TND","2026-03-23 15:56:34.85",NULL,"y"
223,1,223,"1,500 TND","2026-03-23 15:56:34.85",NULL,"y"
224,1,224,"-1","2026-03-23 15:56:34.85",NULL,"y"
225,1,225,"-1","2026-03-23 15:56:34.85",NULL,"y"
226,1,226,"99,000 TND","2026-03-23 15:56:34.85",NULL,"y"
227,1,227,"35,000 TND","2026-03-23 15:56:34.85",NULL,"y"
228,1,228,"4,000 TND","2026-03-23 15:56:34.85",NULL,"y"
229,1,229,"90,000 TND","2026-03-23 15:56:34.85",NULL,"y"
230,1,230,"45,000 TND","2026-03-23 15:56:34.85",NULL,"y"
231,1,231,"-1","2026-03-23 15:56:34.85",NULL,"y"
232,1,232,"-1","2026-03-23 15:56:34.85",NULL,"y"
233,1,233,"-1","2026-03-23 15:56:34.85",NULL,"y"
234,1,234,"-1","2026-03-23 15:56:34.85",NULL,"y"
235,1,235,"-1","2026-03-23 15:56:34.85",NULL,"y"
236,1,236,"-1","2026-03-23 15:56:34.85",NULL,"y"
237,1,237,"-1","2026-03-23 15:56:34.85",NULL,"y"
238,1,238,"36,000 TND","2026-03-23 15:56:34.85",NULL,"y"
239,1,239,"45,000 TND","2026-03-23 15:56:34.85",NULL,"y"
240,1,240,"45,000 TND","2026-03-23 15:56:34.85",NULL,"y"
241,1,241,"2,000 TND","2026-03-23 15:56:34.85",NULL,"y"
242,1,242,"45,000 TND","2026-03-23 15:56:34.85",NULL,"y"
243,1,243,"125,000 TND","2026-03-23 15:56:34.85",NULL,"y"
244,1,244,"80,000 TND","2026-03-23 15:56:34.85",NULL,"y"
245,1,245,"25,000 TND","2026-03-23 15:56:34.85",NULL,"y"
246,1,246,"18,000 TND","2026-03-23 15:56:34.85",NULL,"y"
247,1,247,"35,000 TND","2026-03-23 15:56:34.85",NULL,"y"
248,1,248,"25,000 TND","2026-03-23 15:56:34.85",NULL,"y"
249,1,249,"70,000 TND","2026-03-23 15:56:34.85",NULL,"y"
250,1,250,"3,000 TND","2026-03-23 15:56:34.85",NULL,"y"
251,1,251,"85,000 TND","2026-03-23 15:56:34.85",NULL,"y"
252,1,252,"110,000 TND","2026-03-23 15:56:34.85",NULL,"y"
253,1,253,"230,000 TND","2026-03-23 15:56:34.85",NULL,"y"
254,1,254,"300,000 TND","2026-03-23 15:56:34.85",NULL,"y"
255,1,255,"65,000 TND","2026-03-23 15:56:34.85",NULL,"y"
256,1,256,"25,000 TND","2026-03-23 15:56:34.85",NULL,"y"
257,1,257,"120,000 TND","2026-03-23 15:56:34.85",NULL,"y"
258,1,258,"90,000 TND","2026-03-23 15:56:34.85",NULL,"y"
259,1,259,"80,000 TND","2026-03-23 15:56:34.85",NULL,"y"
260,1,260,"70,000 TND","2026-03-23 15:56:34.85",NULL,"y"
261,1,261,"15,000 TND","2026-03-23 15:56:34.85",NULL,"y"
262,1,262,"9,500 TND","2026-03-23 15:56:34.85",NULL,"y"
263,1,263,"160,000 TND","2026-03-23 15:56:34.85",NULL,"y"
264,1,264,"120,000 TND","2026-03-23 15:56:34.85",NULL,"y"
265,1,265,"120,000 TND","2026-03-23 15:56:34.85",NULL,"y"
266,1,266,"150,000 TND","2026-03-23 15:56:34.85",NULL,"y"
267,1,267,"400,000 TND","2026-03-23 15:56:34.85",NULL,"y"
268,1,268,"250,000 TND","2026-03-23 15:56:34.85",NULL,"y"
269,1,269,"18,000 TND","2026-03-23 15:56:34.85",NULL,"y"
270,1,270,"-1","2026-03-23 15:56:34.85",NULL,"y"
271,1,271,"80,000 TND","2026-03-23 15:56:34.85",NULL,"y"
272,1,272,"40,000 TND","2026-03-23 15:56:34.85",NULL,"y"
273,1,273,"140,000 TND","2026-03-23 15:56:34.85",NULL,"y"
274,1,274,"35,000 TND","2026-03-23 15:56:34.85",NULL,"y"
275,1,275,"15,000 TND","2026-03-23 15:56:34.85",NULL,"y"
276,1,276,"48,000 TND","2026-03-23 15:56:34.85",NULL,"y"
277,1,277,"50,000 TND","2026-03-23 15:56:34.85",NULL,"y"
278,1,278,"20,000 TND","2026-03-23 15:56:34.85",NULL,"y"
279,1,279,"200,000 TND","2026-03-23 15:56:34.85",NULL,"y"
280,1,280,"100,000 TND","2026-03-23 15:56:34.85",NULL,"y"
281,1,281,"35,000 TND","2026-03-23 15:56:34.85",NULL,"y"
282,1,282,"10,000 TND","2026-03-23 15:56:34.85",NULL,"y"
283,1,283,"15,000 TND","2026-03-23 15:56:34.85",NULL,"y"
284,1,284,"40,000 TND","2026-03-23 15:56:34.85",NULL,"y"
285,1,285,"180,000 TND","2026-03-23 15:56:34.85",NULL,"y"
286,1,286,"20,000 TND","2026-03-23 15:56:34.85",NULL,"y"
287,1,287,"150,000 TND","2026-03-23 15:56:34.85",NULL,"y"
288,1,288,"60,000 TND","2026-03-23 15:56:34.85",NULL,"y"
289,1,289,"50,000 TND","2026-03-23 15:56:34.85",NULL,"y"
290,1,290,"142,600 TND","2026-03-23 15:56:34.85",NULL,"y"
291,1,291,"6,000 TND","2026-03-23 15:56:34.85",NULL,"y"
292,1,292,"40,000 TND","2026-03-23 15:56:34.85",NULL,"y"
293,1,293,"14,000 TND","2026-03-23 15:56:34.85",NULL,"y"
294,1,294,"70,000 TND","2026-03-23 15:56:34.85",NULL,"y"
295,1,295,"52,000 TND","2026-03-23 15:56:34.85",NULL,"y"
296,1,296,"8,000 TND","2026-03-23 15:56:34.85",NULL,"y"
297,1,297,"150,000 TND","2026-03-23 15:56:34.85",NULL,"y"
298,1,298,"35,000 TND","2026-03-23 15:56:34.85",NULL,"y"
299,1,299,"30,000 TND","2026-03-23 15:56:34.861",NULL,"y"
300,1,300,"90,000 TND","2026-03-23 15:56:34.861",NULL,"y"
301,1,301,"20,000 TND","2026-03-23 15:56:34.861",NULL,"y"
302,1,302,"35,000 TND","2026-03-23 15:56:34.861",NULL,"y"
303,1,303,"78,000 TND","2026-03-23 15:56:34.861",NULL,"y"
304,1,304,"159,000 TND","2026-03-23 15:56:34.861",NULL,"y"
305,1,305,"-1","2026-03-23 15:56:34.861",NULL,"y"
306,1,306,"-1","2026-03-23 15:56:34.861",NULL,"y"
307,1,307,"-1","2026-03-23 15:56:34.861",NULL,"y"
308,1,308,"9,900 TND","2026-03-23 15:56:34.861",NULL,"y"
309,1,309,"100,000 TND","2026-03-23 15:56:34.861",NULL,"y"
310,1,310,"-1","2026-03-23 15:56:34.861",NULL,"y"
311,1,311,"15,000 TND","2026-03-23 15:56:34.861",NULL,"y"
312,1,312,"-1","2026-03-23 15:56:34.861",NULL,"y"
313,1,313,"70,000 TND","2026-03-23 15:56:34.861",NULL,"y"
314,1,314,"50,000 TND","2026-03-23 15:56:34.861",NULL,"y"
315,1,315,"-1","2026-03-23 15:56:34.861",NULL,"y"
316,1,316,"30,000 TND","2026-03-23 15:56:34.861",NULL,"y"
317,1,317,"-1","2026-03-23 15:56:34.861",NULL,"y"
318,1,318,"-1","2026-03-23 15:56:34.861",NULL,"y"
319,1,319,"-1","2026-03-23 15:56:34.861",NULL,"y"
320,1,320,"-1","2026-03-23 15:56:34.861",NULL,"y"
321,1,321,"-1","2026-03-23 15:56:34.861",NULL,"y"
322,1,322,"-1","2026-03-23 15:56:34.861",NULL,"y"
323,1,323,"-1","2026-03-23 15:56:34.861",NULL,"y"
324,1,324,"-1","2026-03-23 15:56:34.861",NULL,"y"
325,1,325,"-1","2026-03-23 15:56:34.861",NULL,"y"
326,1,326,"-1","2026-03-23 15:56:34.861",NULL,"y"
327,1,327,"-1","2026-03-23 15:56:34.861",NULL,"y"
328,1,328,"-1","2026-03-23 15:56:34.861",NULL,"y"
329,1,329,"-1","2026-03-23 15:56:34.861",NULL,"y"
330,1,330,"-1","2026-03-23 15:56:34.861",NULL,"y"
331,1,331,"-1","2026-03-23 15:56:34.861",NULL,"y"
332,1,332,"18,000 TND","2026-03-23 15:56:34.861",NULL,"y"
333,1,333,"-1","2026-03-23 15:56:34.861",NULL,"y"
334,1,334,"-1","2026-03-23 15:56:34.861",NULL,"y"
335,1,335,"-1","2026-03-23 15:56:34.861",NULL,"y"
336,1,336,"-1","2026-03-23 15:56:34.861",NULL,"y"
337,1,337,"-1","2026-03-23 15:56:34.861",NULL,"y"
338,1,338,"-1","2026-03-23 15:56:34.861",NULL,"y"
339,1,339,"-1","2026-03-23 15:56:34.861",NULL,"y"
340,1,340,"-1","2026-03-23 15:56:34.861",NULL,"y"
341,1,341,"-1","2026-03-23 15:56:34.861",NULL,"y"
342,1,342,"-1","2026-03-23 15:56:34.861",NULL,"y"
343,1,343,"35,000 TND","2026-03-23 15:56:34.861",NULL,"y"
344,1,344,"120,000 TND","2026-03-23 15:56:34.861",NULL,"y"
345,1,345,"220,000 TND","2026-03-23 15:56:34.861",NULL,"y"
346,1,346,"-1","2026-03-23 15:56:34.861",NULL,"y"
347,1,347,"-1","2026-03-23 15:56:34.861",NULL,"y"
348,1,348,"-1","2026-03-23 15:56:34.861",NULL,"y"
349,1,349,"-1","2026-03-23 15:56:34.861",NULL,"y"
350,1,350,"-1","2026-03-23 15:56:34.861",NULL,"y"
351,1,351,"150,000 TND","2026-03-23 15:56:34.861",NULL,"y"
352,1,352,"-1","2026-03-23 15:56:34.861",NULL,"y"
353,1,353,"30,000 TND","2026-03-23 15:56:34.861",NULL,"y"
354,1,354,"15,000 TND","2026-03-23 15:56:34.861",NULL,"y"
355,1,355,"68,000 TND","2026-03-23 15:56:34.861",NULL,"y"
356,1,356,"110,000 TND","2026-03-23 15:56:34.861",NULL,"y"
357,1,357,"180,000 TND","2026-03-23 15:56:34.861",NULL,"y"
358,1,358,"20,000 TND","2026-03-23 15:56:34.861",NULL,"y"
359,1,359,"2,500 TND","2026-03-23 15:56:34.861",NULL,"y"
360,1,360,"8,000 TND","2026-03-23 15:56:34.861",NULL,"y"
361,1,361,"80,000 TND","2026-03-23 15:56:34.861",NULL,"y"
362,1,362,"8,000 TND","2026-03-23 15:56:34.861",NULL,"y"
363,1,363,"75,000 TND","2026-03-23 15:56:34.861",NULL,"y"
364,1,364,"75,000 TND","2026-03-23 15:56:34.861",NULL,"y"
365,1,365,"50,000 TND","2026-03-23 15:56:34.861",NULL,"y"
366,1,366,"18,000 TND","2026-03-23 15:56:34.861",NULL,"y"
367,1,367,"110,000 TND","2026-03-23 15:56:34.861",NULL,"y"
368,1,368,"135,000 TND","2026-03-23 15:56:34.861",NULL,"y"
369,1,369,"75,000 TND","2026-03-23 15:56:34.861",NULL,"y"
370,1,370,"60,000 TND","2026-03-23 15:56:34.861",NULL,"y"
371,1,371,"60,000 TND","2026-03-23 15:56:34.861",NULL,"y"
372,1,372,"60,000 TND","2026-03-23 15:56:34.861",NULL,"y"
373,1,373,"230,000 TND","2026-03-23 15:56:34.861",NULL,"y"
374,1,374,"-1","2026-03-23 15:56:34.861",NULL,"y"
375,1,375,"230,000 TND","2026-03-23 15:56:34.861",NULL,"y"
376,1,376,"25,000 TND","2026-03-23 15:56:34.861",NULL,"y"
377,1,377,"20,000 TND","2026-03-23 15:56:34.861",NULL,"y"
378,1,378,"35,000 TND","2026-03-23 15:56:34.861",NULL,"y"
379,1,379,"130,000 TND","2026-03-23 15:56:34.861",NULL,"y"
380,1,380,"55,000 TND","2026-03-23 15:56:34.861",NULL,"y"
381,1,381,"150,000 TND","2026-03-23 15:56:34.861",NULL,"y"
382,1,382,"75,000 TND","2026-03-23 15:56:34.861",NULL,"y"
383,1,383,"20,000 TND","2026-03-23 15:56:34.861",NULL,"y"
384,1,384,"35,000 TND","2026-03-23 15:56:34.861",NULL,"y"
385,1,385,"140,000 TND","2026-03-23 15:56:34.861",NULL,"y"
386,1,386,"95,000 TND","2026-03-23 15:56:34.861",NULL,"y"
387,1,387,"130,000 TND","2026-03-23 15:56:34.861",NULL,"y"
388,1,388,"50,000 TND","2026-03-23 15:56:34.861",NULL,"y"
389,1,389,"45,000 TND","2026-03-23 15:56:34.861",NULL,"y"
390,1,390,"45,000 TND","2026-03-23 15:56:34.861",NULL,"y"
391,1,391,"60,000 TND","2026-03-23 15:56:34.861",NULL,"y"
392,1,392,"65,000 TND","2026-03-23 15:56:34.861",NULL,"y"
393,1,393,"120,000 TND","2026-03-23 15:56:34.861",NULL,"y"
394,1,394,"180,000 TND","2026-03-23 15:56:34.861",NULL,"y"
395,1,395,"70,000 TND","2026-03-23 15:56:34.861",NULL,"y"
396,1,396,"55,000 TND","2026-03-23 15:56:34.861",NULL,"y"
397,1,397,"65,000 TND","2026-03-23 15:56:34.861",NULL,"y"
398,1,398,"60,000 TND","2026-03-23 15:56:34.861",NULL,"y"
399,1,399,"70,000 TND","2026-03-23 15:56:34.861",NULL,"y"
400,1,400,"470,000 TND","2026-03-23 15:56:34.861",NULL,"y"
401,1,401,"320,000 TND","2026-03-23 15:56:34.861",NULL,"y"
402,1,402,"60,000 TND","2026-03-23 15:56:34.861",NULL,"y"
403,1,403,"320,000 TND","2026-03-23 15:56:34.861",NULL,"y"
404,1,404,"180,000 TND","2026-03-23 15:56:34.861",NULL,"y"
405,1,405,"12,000 TND","2026-03-23 15:56:34.861",NULL,"y"
406,1,406,"40,000 TND","2026-03-23 15:56:34.861",NULL,"y"
407,1,407,"35,000 TND","2026-03-23 15:56:34.861",NULL,"y"
408,1,408,"25,000 TND","2026-03-23 15:56:34.861",NULL,"y"
409,1,409,"5,000 TND","2026-03-23 15:56:34.861",NULL,"y"
410,1,410,"20,000 TND","2026-03-23 15:56:34.861",NULL,"y"
411,1,411,"75,000 TND","2026-03-23 15:56:34.861",NULL,"y"
412,1,412,"35,000 TND","2026-03-23 15:56:34.861",NULL,"y"
413,1,413,"35,000 TND","2026-03-23 15:56:34.861",NULL,"y"
414,1,414,"-1","2026-03-23 15:56:34.861",NULL,"y"
415,1,415,"13,000 TND","2026-03-23 15:56:34.861",NULL,"y"
416,1,416,"70,000 TND","2026-03-23 15:56:34.861",NULL,"y"
417,1,417,"65,000 TND","2026-03-23 15:56:34.861",NULL,"y"
418,1,418,"85,000 TND","2026-03-23 15:56:34.861",NULL,"y"
419,1,419,"30,000 TND","2026-03-23 15:56:34.861",NULL,"y"
420,1,420,"70,000 TND","2026-03-23 15:56:34.861",NULL,"y"
421,1,421,"210,000 TND","2026-03-23 15:56:34.861",NULL,"y"
422,1,422,"65,000 TND","2026-03-23 15:56:34.861",NULL,"y"
423,1,423,"250,000 TND","2026-03-23 15:56:34.861",NULL,"y"
424,1,424,"150,000 TND","2026-03-23 15:56:34.861",NULL,"y"
425,1,425,"270,000 TND","2026-03-23 15:56:34.861",NULL,"y"
426,1,426,"80,000 TND","2026-03-23 15:56:34.861",NULL,"y"
427,1,427,"80,000 TND","2026-03-23 15:56:34.861",NULL,"y"
428,1,428,"220,000 TND","2026-03-23 15:56:34.861",NULL,"y"
429,1,429,"50,000 TND","2026-03-23 15:56:34.861",NULL,"y"
430,1,430,"70,000 TND","2026-03-23 15:56:34.861",NULL,"y"
431,1,431,"250,000 TND","2026-03-23 15:56:34.861",NULL,"y"
432,1,432,"350,000 TND","2026-03-23 15:56:34.861",NULL,"y"
433,1,433,"140,000 TND","2026-03-23 15:56:34.861",NULL,"y"
434,1,434,"30,000 TND","2026-03-23 15:56:34.861",NULL,"y"
435,1,435,"35,000 TND","2026-03-23 15:56:34.861",NULL,"y"
436,1,436,"400,000 TND","2026-03-23 15:56:34.861",NULL,"y"
437,1,437,"120,000 TND","2026-03-23 15:56:34.861",NULL,"y"
438,1,438,"250,000 TND","2026-03-23 15:56:34.861",NULL,"y"
439,1,439,"35,000 TND","2026-03-23 15:56:34.861",NULL,"y"
440,1,440,"60,000 TND","2026-03-23 15:56:34.861",NULL,"y"
441,1,441,"40,000 TND","2026-03-23 15:56:34.861",NULL,"y"
442,1,442,"15,000 TND","2026-03-23 15:56:34.861",NULL,"y"
443,1,443,"30,000 TND","2026-03-23 15:56:34.861",NULL,"y"
444,1,444,"20,000 TND","2026-03-23 15:56:34.861",NULL,"y"
445,1,445,"35,000 TND","2026-03-23 15:56:34.861",NULL,"y"
446,1,446,"45,000 TND","2026-03-23 15:56:34.861",NULL,"y"
447,1,447,"35,000 TND","2026-03-23 15:56:34.861",NULL,"y"
448,1,448,"90,000 TND","2026-03-23 15:56:34.861",NULL,"y"
449,1,449,"30,000 TND","2026-03-23 15:56:34.861",NULL,"y"
450,1,450,"35,000 TND","2026-03-23 15:56:34.861",NULL,"y"
451,1,451,"35,000 TND","2026-03-23 15:56:34.861",NULL,"y"
452,1,452,"35,000 TND","2026-03-23 15:56:34.861",NULL,"y"
453,1,453,"35,000 TND","2026-03-23 15:56:34.861",NULL,"y"
454,1,454,"475,000 TND","2026-03-23 15:56:34.861",NULL,"y"
455,1,455,"235,000 TND","2026-03-23 15:56:34.861",NULL,"y"
456,1,456,"20,000 TND","2026-03-23 15:56:34.861",NULL,"y"
457,1,457,"25,000 TND","2026-03-23 15:56:34.861",NULL,"y"
458,1,458,"100,000 TND","2026-03-23 15:56:34.861",NULL,"y"
459,1,459,"35,000 TND","2026-03-23 15:56:34.861",NULL,"y"
460,1,460,"120,000 TND","2026-03-23 15:56:34.861",NULL,"y"
461,1,461,"45,000 TND","2026-03-23 15:56:34.861",NULL,"y"
462,1,462,"135,000 TND","2026-03-23 15:56:34.861",NULL,"y"
463,1,463,"135,000 TND","2026-03-23 15:56:34.861",NULL,"y"
464,1,464,"38,000 TND","2026-03-23 15:56:34.861",NULL,"y"
465,1,465,"130,000 TND","2026-03-23 15:56:34.861",NULL,"y"
466,1,466,"35,000 TND","2026-03-23 15:56:34.861",NULL,"y"
467,1,467,"150,000 TND","2026-03-23 15:56:34.861",NULL,"y"
468,1,468,"40,000 TND","2026-03-23 15:56:34.861",NULL,"y"
469,1,469,"50,000 TND","2026-03-23 15:56:34.861",NULL,"y"
470,1,470,"60,000 TND","2026-03-23 15:56:34.861",NULL,"y"
471,1,471,"100,000 TND","2026-03-23 15:56:34.861",NULL,"y"
472,1,472,"7,000 TND","2026-03-23 15:56:34.861",NULL,"y"
473,1,473,"15,000 TND","2026-03-23 15:56:34.861",NULL,"y"
474,1,474,"35,000 TND","2026-03-23 15:56:34.861",NULL,"y"
475,1,475,"50,000 TND","2026-03-23 15:56:34.861",NULL,"y"
476,1,476,"40,000 TND","2026-03-23 15:56:34.861",NULL,"y"
477,1,477,"40,000 TND","2026-03-23 15:56:34.861",NULL,"y"
478,1,478,"90,000 TND","2026-03-23 15:56:34.861",NULL,"y"
479,1,479,"290,000 TND","2026-03-23 15:56:34.861",NULL,"y"
480,1,480,"45,000 TND","2026-03-23 15:56:34.861",NULL,"y"
481,1,481,"320,000 TND","2026-03-23 15:56:34.861",NULL,"y"
482,1,482,"55,000 TND","2026-03-23 15:56:34.861",NULL,"y"
483,1,483,"35,000 TND","2026-03-23 15:56:34.861",NULL,"y"
484,1,484,"55,000 TND","2026-03-23 15:56:34.861",NULL,"y"
485,1,485,"80,000 TND","2026-03-23 15:56:34.861",NULL,"y"
486,1,486,"15,000 TND","2026-03-23 15:56:34.877",NULL,"y"
487,1,487,"60,000 TND","2026-03-23 15:56:34.877",NULL,"y"
488,1,488,"85,000 TND","2026-03-23 15:56:34.877",NULL,"y"
489,1,489,"16,000 TND","2026-03-23 15:56:34.877",NULL,"y"
490,1,490,"20,000 TND","2026-03-23 15:56:34.877",NULL,"y"
491,1,491,"150,000 TND","2026-03-23 15:56:34.877",NULL,"y"
492,1,492,"175,000 TND","2026-03-23 15:56:34.877",NULL,"y"
493,1,493,"-1","2026-03-23 15:56:34.877",NULL,"y"
494,1,494,"133,000 TND","2026-03-23 15:56:34.877",NULL,"y"
495,1,495,"135,000 TND","2026-03-23 15:56:34.877",NULL,"y"
496,1,496,"40,000 TND","2026-03-23 15:56:34.877",NULL,"y"
497,1,497,"35,000 TND","2026-03-23 15:56:34.877",NULL,"y"
498,1,498,"80,000 TND","2026-03-23 15:56:34.877",NULL,"y"
499,1,499,"100,000 TND","2026-03-23 15:56:34.877",NULL,"y"
500,1,500,"80,000 TND","2026-03-23 15:56:34.877",NULL,"y"
501,1,501,"-1","2026-03-23 15:56:34.877",NULL,"y"
502,1,502,"25,000 TND","2026-03-23 15:56:34.877",NULL,"y"
503,1,503,"65,000 TND","2026-03-23 15:56:34.877",NULL,"y"
504,1,504,"65,000 TND","2026-03-23 15:56:34.877",NULL,"y"
505,1,505,"30,000 TND","2026-03-23 15:56:34.877",NULL,"y"
506,1,506,"95,000 TND","2026-03-23 15:56:34.877",NULL,"y"
507,1,507,"250,000 TND","2026-03-23 15:56:34.877",NULL,"y"
508,1,508,"14,000 TND","2026-03-23 15:56:34.877",NULL,"y"
509,1,509,"35,000 TND","2026-03-23 15:56:34.877",NULL,"y"
510,1,510,"45,000 TND","2026-03-23 15:56:34.877",NULL,"y"
511,1,511,"40,000 TND","2026-03-23 15:56:34.877",NULL,"y"
512,1,512,"90,000 TND","2026-03-23 15:56:34.877",NULL,"y"
513,1,513,"60,000 TND","2026-03-23 15:56:34.877",NULL,"y"
514,1,514,"15,000 TND","2026-03-23 15:56:34.877",NULL,"y"
515,1,515,"15,000 TND","2026-03-23 15:56:34.877",NULL,"y"
516,1,516,"120,000 TND","2026-03-23 15:56:34.877",NULL,"y"
517,1,517,"40,000 TND","2026-03-23 15:56:34.877",NULL,"y"
518,1,518,"120,000 TND","2026-03-23 15:56:34.877",NULL,"y"
519,1,519,"60,000 TND","2026-03-23 15:56:34.877",NULL,"y"
520,1,520,"120,000 TND","2026-03-23 15:56:34.877",NULL,"y"
521,1,521,"30,000 TND","2026-03-23 15:56:34.877",NULL,"y"
522,1,522,"25,000 TND","2026-03-23 15:56:34.877",NULL,"y"
523,1,523,"70,000 TND","2026-03-23 15:56:34.877",NULL,"y"
524,1,524,"100,000 TND","2026-03-23 15:56:34.877",NULL,"y"
525,1,525,"-1","2026-03-23 15:56:34.877",NULL,"y"
526,1,526,"65,000 TND","2026-03-23 15:56:34.877",NULL,"y"
527,1,527,"20,000 TND","2026-03-23 15:56:34.877",NULL,"y"
528,1,528,"40,000 TND","2026-03-23 15:56:34.877",NULL,"y"
529,1,529,"60,000 TND","2026-03-23 15:56:34.877",NULL,"y"
530,1,530,"30,000 TND","2026-03-23 15:56:34.877",NULL,"y"
531,1,531,"149,000 TND","2026-03-23 15:56:34.877",NULL,"y"
532,1,532,"130,000 TND","2026-03-23 15:56:34.877",NULL,"y"
533,1,533,"280,000 TND","2026-03-23 15:56:34.877",NULL,"y"
534,1,534,"25,000 TND","2026-03-23 15:56:34.877",NULL,"y"
535,1,535,"25,000 TND","2026-03-23 15:56:34.877",NULL,"y"
536,1,536,"90,000 TND","2026-03-23 15:56:34.877",NULL,"y"
537,1,537,"25,000 TND","2026-03-23 15:56:34.877",NULL,"y"
538,1,538,"35,000 TND","2026-03-23 15:56:34.877",NULL,"y"
539,1,539,"30,000 TND","2026-03-23 15:56:34.877",NULL,"y"
540,1,540,"6,000 TND","2026-03-23 15:56:34.877",NULL,"y"
541,1,541,"35,000 TND","2026-03-23 15:56:34.877",NULL,"y"
542,1,542,"45,000 TND","2026-03-23 15:56:34.877",NULL,"y"
543,1,543,"25,000 TND","2026-03-23 15:56:34.877",NULL,"y"
544,1,544,"65,000 TND","2026-03-23 15:56:34.877",NULL,"y"
545,1,545,"85,000 TND","2026-03-23 15:56:34.877",NULL,"y"
546,1,546,"17,000 TND","2026-03-23 15:56:34.877",NULL,"y"
547,1,547,"60,000 TND","2026-03-23 15:56:34.877",NULL,"y"
548,1,548,"18,000 TND","2026-03-23 15:56:34.877",NULL,"y"
549,1,549,"35,000 TND","2026-03-23 15:56:34.877",NULL,"y"
550,1,550,"45,000 TND","2026-03-23 15:56:34.877",NULL,"y"
551,1,551,"23,000 TND","2026-03-23 15:56:34.877",NULL,"y"
552,1,552,"30,000 TND","2026-03-23 15:56:34.877",NULL,"y"
553,1,553,"-1","2026-03-23 15:56:34.877",NULL,"y"
554,1,554,"70,000 TND","2026-03-23 15:56:34.877",NULL,"y"
555,1,555,"40,000 TND","2026-03-23 15:56:34.877",NULL,"y"
556,1,556,"45,000 TND","2026-03-23 15:56:34.877",NULL,"y"
557,1,557,"30,000 TND","2026-03-23 15:56:34.877",NULL,"y"
558,1,558,"45,000 TND","2026-03-23 15:56:34.877",NULL,"y"
559,1,559,"80,000 TND","2026-03-23 15:56:34.877",NULL,"y"
560,1,560,"35,000 TND","2026-03-23 15:56:34.877",NULL,"y"
561,1,561,"45,000 TND","2026-03-23 15:56:34.877",NULL,"y"
562,1,562,"25,000 TND","2026-03-23 15:56:34.877",NULL,"y"
563,1,563,"40,000 TND","2026-03-23 15:56:34.877",NULL,"y"
564,1,564,"12,000 TND","2026-03-23 15:56:34.877",NULL,"y"
565,1,565,"20,000 TND","2026-03-23 15:56:34.877",NULL,"y"
566,1,566,"40,000 TND","2026-03-23 15:56:34.877",NULL,"y"
567,1,567,"110,000 TND","2026-03-23 15:56:34.877",NULL,"y"
568,1,568,"150,000 TND","2026-03-23 15:56:34.877",NULL,"y"
569,1,569,"180,000 TND","2026-03-23 15:56:34.877",NULL,"y"
570,1,570,"35,000 TND","2026-03-23 15:56:34.877",NULL,"y"
571,1,571,"110,000 TND","2026-03-23 15:56:34.877",NULL,"y"
572,1,572,"25,000 TND","2026-03-23 15:56:34.877",NULL,"y"
573,1,573,"20,000 TND","2026-03-23 15:56:34.877",NULL,"y"
574,1,574,"45,000 TND","2026-03-23 15:56:34.877",NULL,"y"
575,1,575,"240,000 TND","2026-03-23 15:56:34.877",NULL,"y"
576,1,576,"180,000 TND","2026-03-23 15:56:34.877",NULL,"y"
577,1,577,"165,000 TND","2026-03-23 15:56:34.877",NULL,"y"
578,1,578,"95,000 TND","2026-03-23 15:56:34.877",NULL,"y"
579,1,579,"190,000 TND","2026-03-23 15:56:34.877",NULL,"y"
580,1,580,"60,000 TND","2026-03-23 15:56:34.877",NULL,"y"
581,1,581,"320,000 TND","2026-03-23 15:56:34.877",NULL,"y"
582,1,582,"500,000 TND","2026-03-23 15:56:34.877",NULL,"y"
583,1,583,"35,000 TND","2026-03-23 15:56:34.877",NULL,"y"
584,1,584,"55,000 TND","2026-03-23 15:56:34.877",NULL,"y"
585,1,585,"40,000 TND","2026-03-23 15:56:34.877",NULL,"y"
586,1,586,"8,000 TND","2026-03-23 15:56:34.877",NULL,"y"
587,1,587,"45,000 TND","2026-03-23 15:56:34.877",NULL,"y"
588,1,588,"25,000 TND","2026-03-23 15:56:34.877",NULL,"y"
589,1,589,"15,000 TND","2026-03-23 15:56:34.877",NULL,"y"
590,1,590,"50,000 TND","2026-03-23 15:56:34.877",NULL,"y"
591,1,591,"50,000 TND","2026-03-23 15:56:34.877",NULL,"y"
592,1,592,"30,000 TND","2026-03-23 15:56:34.877",NULL,"y"
593,1,593,"80,000 TND","2026-03-23 15:56:34.877",NULL,"y"
594,1,594,"75,000 TND","2026-03-23 15:56:34.877",NULL,"y"
595,1,595,"125,000 TND","2026-03-23 15:56:34.877",NULL,"y"
596,1,596,"220,000 TND","2026-03-23 15:56:34.877",NULL,"y"
597,1,597,"35,000 TND","2026-03-23 15:56:34.877",NULL,"y"
598,1,598,"56,000 TND","2026-03-23 15:56:34.877",NULL,"y"
599,1,599,"105,000 TND","2026-03-23 15:56:34.877",NULL,"y"
600,1,600,"350,000 TND","2026-03-23 15:56:34.877",NULL,"y"
601,1,601,"450,000 TND","2026-03-23 15:56:34.877",NULL,"y"
602,1,602,"110,000 TND","2026-03-23 15:56:34.877",NULL,"y"
603,1,603,"350,000 TND","2026-03-23 15:56:34.877",NULL,"y"
604,1,604,"100,000 TND","2026-03-23 15:56:34.877",NULL,"y"
605,1,605,"140,000 TND","2026-03-23 15:56:34.877",NULL,"y"
606,1,606,"75,000 TND","2026-03-23 15:56:34.877",NULL,"y"
607,1,607,"60,000 TND","2026-03-23 15:56:34.877",NULL,"y"
608,1,608,"180,000 TND","2026-03-23 15:56:34.877",NULL,"y"
609,1,609,"5,000 TND","2026-03-23 15:56:34.877",NULL,"y"
610,1,610,"10,000 TND","2026-03-23 15:56:34.877",NULL,"y"
611,1,611,"15,000 TND","2026-03-23 15:56:34.877",NULL,"y"
612,1,612,"7,000 TND","2026-03-23 15:56:34.877",NULL,"y"
613,1,613,"25,000 TND","2026-03-23 15:56:34.877",NULL,"y"
614,1,614,"20,000 TND","2026-03-23 15:56:34.877",NULL,"y"
615,1,615,"180,000 TND","2026-03-23 15:56:34.877",NULL,"y"
616,1,616,"5,000 TND","2026-03-23 15:56:34.877",NULL,"y"
617,1,617,"1.400,000 TND","2026-03-23 15:56:34.877",NULL,"y"
618,1,618,"55,000 TND","2026-03-23 15:56:34.877",NULL,"y"
619,1,619,"55,000 TND","2026-03-23 15:56:34.877",NULL,"y"
620,1,620,"55,000 TND","2026-03-23 15:56:34.877",NULL,"y"
621,1,621,"110,000 TND","2026-03-23 15:56:34.877",NULL,"y"
622,1,622,"65,000 TND","2026-03-23 15:56:34.877",NULL,"y"
623,1,623,"90,000 TND","2026-03-23 15:56:34.877",NULL,"y"
624,1,624,"32,000 TND","2026-03-23 15:56:34.877",NULL,"y"
625,1,625,"30,000 TND","2026-03-23 15:56:34.877",NULL,"y"
626,1,626,"190,000 TND","2026-03-23 15:56:34.877",NULL,"y"
627,1,627,"80,000 TND","2026-03-23 15:56:34.877",NULL,"y"
628,1,628,"75,000 TND","2026-03-23 15:56:34.877",NULL,"y"
629,1,629,"95,000 TND","2026-03-23 15:56:34.877",NULL,"y"
630,1,630,"95,000 TND","2026-03-23 15:56:34.877",NULL,"y"
631,1,631,"80,000 TND","2026-03-23 15:56:34.877",NULL,"y"
632,1,632,"170,000 TND","2026-03-23 15:56:34.877",NULL,"y"
633,1,633,"40,000 TND","2026-03-23 15:56:34.877",NULL,"y"
634,1,634,"55,000 TND","2026-03-23 15:56:34.877",NULL,"y"
635,1,635,"130,000 TND","2026-03-23 15:56:34.877",NULL,"y"
636,1,636,"500,000 TND","2026-03-23 15:56:34.877",NULL,"y"
637,1,637,"330,000 TND","2026-03-23 15:56:34.877",NULL,"y"
638,1,638,"15,000 TND","2026-03-23 15:56:34.877",NULL,"y"
639,1,639,"60,000 TND","2026-03-23 15:56:34.877",NULL,"y"
640,1,640,"30,000 TND","2026-03-23 15:56:34.877",NULL,"y"
641,1,641,"-1","2026-03-23 15:56:34.877",NULL,"y"
642,1,642,"125,000 TND","2026-03-23 15:56:34.877",NULL,"y"
643,1,643,"135,000 TND","2026-03-23 15:56:34.877",NULL,"y"
644,1,644,"165,000 TND","2026-03-23 15:56:34.877",NULL,"y"
645,1,645,"60,000 TND","2026-03-23 15:56:34.877",NULL,"y"
646,1,646,"150,000 TND","2026-03-23 15:56:34.877",NULL,"y"
647,1,647,"380,000 TND","2026-03-23 15:56:34.877",NULL,"y"
648,1,648,"8,000 TND","2026-03-23 15:56:34.877",NULL,"y"
649,1,649,"8,000 TND","2026-03-23 15:56:34.877",NULL,"y"
650,1,650,"110,000 TND","2026-03-23 15:56:34.877",NULL,"y"
651,1,651,"180,000 TND","2026-03-23 15:56:34.877",NULL,"y"
652,1,652,"250,000 TND","2026-03-23 15:56:34.877",NULL,"y"
653,1,653,"785,000 TND","2026-03-23 15:56:34.877",NULL,"y"
654,1,654,"250,000 TND","2026-03-23 15:56:34.877",NULL,"y"
655,1,655,"25,000 TND","2026-03-23 15:56:34.877",NULL,"y"
656,1,656,"30,000 TND","2026-03-23 15:56:34.877",NULL,"y"
657,1,657,"50,000 TND","2026-03-23 15:56:34.877",NULL,"y"
658,1,658,"15,000 TND","2026-03-23 15:56:34.877",NULL,"y"
659,1,659,"35,000 TND","2026-03-23 15:56:34.877",NULL,"y"
660,1,660,"50,000 TND","2026-03-23 15:56:34.877",NULL,"y"
661,1,661,"70,000 TND","2026-03-23 15:56:34.877",NULL,"y"
662,1,662,"70,000 TND","2026-03-23 15:56:34.877",NULL,"y"
663,1,663,"65,000 TND","2026-03-23 15:56:34.877",NULL,"y"
664,1,664,"55,000 TND","2026-03-23 15:56:34.877",NULL,"y"
665,1,665,"-1","2026-03-23 15:56:34.877",NULL,"y"
666,1,666,"-1","2026-03-23 15:56:34.877",NULL,"y"
667,1,667,"40,000 TND","2026-03-23 15:56:34.877",NULL,"y"
668,1,668,"53,000 TND","2026-03-23 15:56:34.877",NULL,"y"
669,1,669,"25,000 TND","2026-03-23 15:56:34.877",NULL,"y"
670,1,670,"15,000 TND","2026-03-23 15:56:34.877",NULL,"y"
671,1,671,"55,000 TND","2026-03-23 15:56:34.877",NULL,"y"
672,1,672,"65,000 TND","2026-03-23 15:56:34.877",NULL,"y"
673,1,673,"45,000 TND","2026-03-23 15:56:34.877",NULL,"y"
674,1,674,"75,000 TND","2026-03-23 15:56:34.877",NULL,"y"
675,1,675,"45,000 TND","2026-03-23 15:56:34.877",NULL,"y"
676,1,676,"20,000 TND","2026-03-23 15:56:34.877",NULL,"y"
677,1,677,"12,000 TND","2026-03-23 15:56:34.877",NULL,"y"
678,1,678,"27,000 TND","2026-03-23 15:56:34.877",NULL,"y"
679,1,679,"13,000 TND","2026-03-23 15:56:34.877",NULL,"y"
680,1,680,"25,000 TND","2026-03-23 15:56:34.877",NULL,"y"
681,1,681,"20,000 TND","2026-03-23 15:56:34.877",NULL,"y"
682,1,682,"200,000 TND","2026-03-23 15:56:34.877",NULL,"y"
683,1,683,"70,000 TND","2026-03-23 15:56:34.877",NULL,"y"
684,1,684,"35,000 TND","2026-03-23 15:56:34.877",NULL,"y"
685,1,685,"350,000 TND","2026-03-23 15:56:34.877",NULL,"y"
686,1,686,"120,000 TND","2026-03-23 15:56:34.877",NULL,"y"
687,1,687,"130,000 TND","2026-03-23 15:56:34.877",NULL,"y"
688,1,688,"25,000 TND","2026-03-23 15:56:34.877",NULL,"y"
689,1,689,"500,000 TND","2026-03-23 15:56:34.877",NULL,"y"
690,1,690,"28,000 TND","2026-03-23 15:56:34.877",NULL,"y"
691,1,691,"17,000 TND","2026-03-23 15:56:34.877",NULL,"y"
692,1,692,"100,000 TND","2026-03-23 15:56:34.877",NULL,"y"
693,1,693,"250,000 TND","2026-03-23 15:56:34.877",NULL,"y"
694,1,694,"280,000 TND","2026-03-23 15:56:34.877",NULL,"y"
695,1,695,"40,000 TND","2026-03-23 15:56:34.877",NULL,"y"
696,1,696,"45,000 TND","2026-03-23 15:56:34.877",NULL,"y"
697,1,697,"40,000 TND","2026-03-23 15:56:34.877",NULL,"y"
698,1,698,"30,000 TND","2026-03-23 15:56:34.877",NULL,"y"
699,1,699,"30,000 TND","2026-03-23 15:56:34.877",NULL,"y"
700,1,700,"95,000 TND","2026-03-23 15:56:34.877",NULL,"y"
701,1,701,"110,000 TND","2026-03-23 15:56:34.877",NULL,"y"
702,1,702,"25,000 TND","2026-03-23 15:56:34.877",NULL,"y"
703,1,703,"15,000 TND","2026-03-23 15:56:34.877",NULL,"y"
704,1,704,"20,000 TND","2026-03-23 15:56:34.877",NULL,"y"
705,1,705,"25,000 TND","2026-03-23 15:56:34.877",NULL,"y"
706,1,706,"16,000 TND","2026-03-23 15:56:34.877",NULL,"y"
707,1,707,"150,000 TND","2026-03-23 15:56:34.877",NULL,"y"
708,1,708,"160,000 TND","2026-03-23 15:56:34.877",NULL,"y"
709,1,709,"35,000 TND","2026-03-23 15:56:34.877",NULL,"y"
710,1,710,"25,000 TND","2026-03-23 15:56:34.877",NULL,"y"
711,1,711,"180,000 TND","2026-03-23 15:56:34.877",NULL,"y"
712,1,712,"75,000 TND","2026-03-23 15:56:34.877",NULL,"y"
713,1,713,"75,000 TND","2026-03-23 15:56:34.877",NULL,"y"
714,1,714,"18,000 TND","2026-03-23 15:56:34.877",NULL,"y"
715,1,715,"35,000 TND","2026-03-23 15:56:34.877",NULL,"y"
716,1,716,"45,000 TND","2026-03-23 15:56:34.877",NULL,"y"
717,1,717,"165,000 TND","2026-03-23 15:56:34.877",NULL,"y"
718,1,718,"110,000 TND","2026-03-23 15:56:34.877",NULL,"y"
719,1,719,"180,000 TND","2026-03-23 15:56:34.877",NULL,"y"
720,1,720,"35,000 TND","2026-03-23 15:56:34.877",NULL,"y"
721,1,721,"50,000 TND","2026-03-23 15:56:34.877",NULL,"y"
722,1,722,"100,000 TND","2026-03-23 15:56:34.877",NULL,"y"
723,1,723,"80,000 TND","2026-03-23 15:56:34.877",NULL,"y"
724,1,724,"70,000 TND","2026-03-23 15:56:34.877",NULL,"y"
725,1,725,"260,000 TND","2026-03-23 15:56:34.877",NULL,"y"
726,1,726,"25,000 TND","2026-03-23 15:56:34.877",NULL,"y"
727,1,727,"60,000 TND","2026-03-23 15:56:34.877",NULL,"y"
728,1,728,"90,000 TND","2026-03-23 15:56:34.877",NULL,"y"
729,1,729,"30,000 TND","2026-03-23 15:56:34.877",NULL,"y"
730,1,730,"45,000 TND","2026-03-23 15:56:34.877",NULL,"y"
731,1,731,"18,000 TND","2026-03-23 15:56:34.877",NULL,"y"
732,1,732,"15,000 TND","2026-03-23 15:56:34.877",NULL,"y"
733,1,733,"60,000 TND","2026-03-23 15:56:34.877",NULL,"y"
734,1,734,"45,000 TND","2026-03-23 15:56:34.877",NULL,"y"
735,1,735,"250,000 TND","2026-03-23 15:56:34.877",NULL,"y"
736,1,736,"86,000 TND","2026-03-23 15:56:34.877",NULL,"y"
737,1,737,"420,000 TND","2026-03-23 15:56:34.877",NULL,"y"
738,1,738,"35,000 TND","2026-03-23 15:56:34.877",NULL,"y"
739,1,739,"80,000 TND","2026-03-23 15:56:34.877",NULL,"y"
740,1,740,"10,000 TND","2026-03-23 15:56:34.877",NULL,"y"
741,1,741,"10,000 TND","2026-03-23 15:56:34.877",NULL,"y"
742,1,742,"55,000 TND","2026-03-23 15:56:34.877",NULL,"y"
743,1,743,"70,000 TND","2026-03-23 15:56:34.877",NULL,"y"
744,1,744,"450,000 TND","2026-03-23 15:56:34.877",NULL,"y"
745,1,745,"300,000 TND","2026-03-23 15:56:34.877",NULL,"y"
746,1,746,"120,000 TND","2026-03-23 15:56:34.877",NULL,"y"
747,1,747,"450,000 TND","2026-03-23 15:56:34.877",NULL,"y"
748,1,748,"25,000 TND","2026-03-23 15:56:34.877",NULL,"y"
749,1,749,"50,000 TND","2026-03-23 15:56:34.877",NULL,"y"
750,1,750,"145,000 TND","2026-03-23 15:56:34.877",NULL,"y"
751,1,751,"230,000 TND","2026-03-23 15:56:34.877",NULL,"y"
752,1,752,"150,000 TND","2026-03-23 15:56:34.877",NULL,"y"
753,1,753,"75,000 TND","2026-03-23 15:56:34.877",NULL,"y"
754,1,754,"50,000 TND","2026-03-23 15:56:34.877",NULL,"y"
755,1,755,"10,000 TND","2026-03-23 15:56:34.877",NULL,"y"
756,1,756,"35,000 TND","2026-03-23 15:56:34.877",NULL,"y"
757,1,757,"520,000 TND","2026-03-23 15:56:34.877",NULL,"y"
758,1,758,"10,000 TND","2026-03-23 15:56:34.877",NULL,"y"
759,1,759,"10,000 TND","2026-03-23 15:56:34.877",NULL,"y"
760,1,760,"45,000 TND","2026-03-23 15:56:34.877",NULL,"y"
761,1,761,"75,000 TND","2026-03-23 15:56:34.877",NULL,"y"
762,1,762,"300,000 TND","2026-03-23 15:56:34.877",NULL,"y"
763,1,763,"300,000 TND","2026-03-23 15:56:34.877",NULL,"y"
764,1,764,"300,000 TND","2026-03-23 15:56:34.877",NULL,"y"
765,1,765,"50,000 TND","2026-03-23 15:56:34.877",NULL,"y"
766,1,766,"30,000 TND","2026-03-23 15:56:34.877",NULL,"y"
767,1,767,"10,000 TND","2026-03-23 15:56:34.877",NULL,"y"
768,1,768,"15,000 TND","2026-03-23 15:56:34.877",NULL,"y"
769,1,769,"38,000 TND","2026-03-23 15:56:34.877",NULL,"y"
770,1,770,"70,000 TND","2026-03-23 15:56:34.877",NULL,"y"
771,1,771,"35,000 TND","2026-03-23 15:56:34.877",NULL,"y"
772,1,772,"75,000 TND","2026-03-23 15:56:34.877",NULL,"y"
773,1,773,"65,000 TND","2026-03-23 15:56:34.877",NULL,"y"
774,1,774,"15,000 TND","2026-03-23 15:56:34.877",NULL,"y"
775,1,775,"-1","2026-03-23 15:56:34.877",NULL,"y"
776,1,776,"-1","2026-03-23 15:56:34.877",NULL,"y"
777,1,777,"-1","2026-03-23 15:56:34.877",NULL,"y"
778,1,778,"50,000 TND","2026-03-23 15:56:34.892",NULL,"y"
779,1,779,"70,000 TND","2026-03-23 15:56:34.892",NULL,"y"
780,1,780,"45,000 TND","2026-03-23 15:56:34.892",NULL,"y"
781,1,781,"55,000 TND","2026-03-23 15:56:34.892",NULL,"y"
782,1,782,"40,000 TND","2026-03-23 15:56:34.892",NULL,"y"
783,1,783,"65,000 TND","2026-03-23 15:56:34.892",NULL,"y"
784,1,784,"100,000 TND","2026-03-23 15:56:34.892",NULL,"y"
785,1,785,"65,000 TND","2026-03-23 15:56:34.892",NULL,"y"
786,1,786,"170,000 TND","2026-03-23 15:56:34.892",NULL,"y"
787,1,787,"255,000 TND","2026-03-23 15:56:34.892",NULL,"y"
788,1,788,"165,000 TND","2026-03-23 15:56:34.892",NULL,"y"
789,1,789,"200,000 TND","2026-03-23 15:56:34.892",NULL,"y"
790,1,790,"300,000 TND","2026-03-23 15:56:34.892",NULL,"y"
791,1,791,"-1","2026-03-23 15:56:34.892",NULL,"y"
792,1,792,"90,000 TND","2026-03-23 15:56:34.892",NULL,"y"
793,1,793,"150,000 TND","2026-03-23 15:56:34.892",NULL,"y"
794,1,794,"2.300,000 TND","2026-03-23 15:56:34.892",NULL,"y"
795,1,795,"1.300,000 TND","2026-03-23 15:56:34.892",NULL,"y"
796,1,796,"95,000 TND","2026-03-23 15:56:34.892",NULL,"y"
797,1,797,"30,000 TND","2026-03-23 15:56:34.892",NULL,"y"
798,1,798,"80,000 TND","2026-03-23 15:56:34.892",NULL,"y"
799,1,799,"-1","2026-03-23 15:56:34.892",NULL,"y"
800,1,800,"15,000 TND","2026-03-23 15:56:34.892",NULL,"y"
801,1,801,"40,000 TND","2026-03-23 15:56:34.892",NULL,"y"
802,1,802,"60,000 TND","2026-03-23 15:56:34.892",NULL,"y"
803,1,803,"8,000 TND","2026-03-23 15:56:34.892",NULL,"y"
804,1,804,"20,000 TND","2026-03-23 15:56:34.892",NULL,"y"
805,1,805,"35,000 TND","2026-03-23 15:56:34.892",NULL,"y"
806,1,806,"12,000 TND","2026-03-23 15:56:34.892",NULL,"y"
807,1,807,"90,000 TND","2026-03-23 15:56:34.892",NULL,"y"
808,1,808,"40,000 TND","2026-03-23 15:56:34.892",NULL,"y"
809,1,809,"40,000 TND","2026-03-23 15:56:34.892",NULL,"y"
810,1,810,"40,000 TND","2026-03-23 15:56:34.892",NULL,"y"
811,1,811,"65,000 TND","2026-03-23 15:56:34.892",NULL,"y"
812,1,812,"45,000 TND","2026-03-23 15:56:34.892",NULL,"y"
813,1,813,"20,000 TND","2026-03-23 15:56:34.892",NULL,"y"
814,1,814,"1.500,000 TND","2026-03-23 15:56:34.892",NULL,"y"
815,1,815,"260,000 TND","2026-03-23 15:56:34.892",NULL,"y"
816,1,816,"160,000 TND","2026-03-23 15:56:34.892",NULL,"y"
817,1,817,"45,000 TND","2026-03-23 15:56:34.892",NULL,"y"
818,1,818,"20,000 TND","2026-03-23 15:56:34.892",NULL,"y"
819,1,819,"60,000 TND","2026-03-23 15:56:34.892",NULL,"y"
820,1,820,"160,000 TND","2026-03-23 15:56:34.892",NULL,"y"
821,1,821,"30,000 TND","2026-03-23 15:56:34.892",NULL,"y"
822,1,822,"15,000 TND","2026-03-23 15:56:34.892",NULL,"y"
823,1,823,"14,000 TND","2026-03-23 15:56:34.892",NULL,"y"
824,1,824,"650,000 TND","2026-03-23 15:56:34.892",NULL,"y"
825,1,825,"850,000 TND","2026-03-23 15:56:34.892",NULL,"y"
826,1,826,"-1","2026-03-23 15:56:34.892",NULL,"y"
827,1,827,"-1","2026-03-23 15:56:34.892",NULL,"y"
828,1,828,"-1","2026-03-23 15:56:34.892",NULL,"y"
829,1,829,"1.200,000 TND","2026-03-23 15:56:34.892",NULL,"y"
830,1,830,"850,000 TND","2026-03-23 15:56:34.892",NULL,"y"
831,1,831,"90,000 TND","2026-03-23 15:56:34.892",NULL,"y"
832,1,832,"75,000 TND","2026-03-23 15:56:34.892",NULL,"y"
833,1,833,"15,000 TND","2026-03-23 15:56:34.892",NULL,"y"
834,1,834,"60,000 TND","2026-03-23 15:56:34.892",NULL,"y"
835,1,835,"20,000 TND","2026-03-23 15:56:34.892",NULL,"y"
836,1,836,"300,000 TND","2026-03-23 15:56:34.892",NULL,"y"
837,1,837,"120,000 TND","2026-03-23 15:56:34.892",NULL,"y"
838,1,838,"10,000 TND","2026-03-23 15:56:34.892",NULL,"y"
839,1,839,"-1","2026-03-23 15:56:34.892",NULL,"y"
840,1,840,"45,000 TND","2026-03-23 15:56:34.892",NULL,"y"
841,1,841,"25,000 TND","2026-03-23 15:56:34.892",NULL,"y"
842,1,842,"25,000 TND","2026-03-23 15:56:34.892",NULL,"y"
843,1,843,"750,000 TND","2026-03-23 15:56:34.892",NULL,"y"
844,1,844,"290,000 TND","2026-03-23 15:56:34.892",NULL,"y"
845,1,845,"55,000 TND","2026-03-23 15:56:34.892",NULL,"y"
846,1,846,"60,000 TND","2026-03-23 15:56:34.892",NULL,"y"
847,1,847,"45,000 TND","2026-03-23 15:56:34.892",NULL,"y"
848,1,848,"839,520 TND","2026-03-23 15:56:34.892",NULL,"y"
849,1,849,"30,000 TND","2026-03-23 15:56:34.892",NULL,"y"
850,1,850,"10,000 TND","2026-03-23 15:56:34.892",NULL,"y"
851,1,851,"18,000 TND","2026-03-23 15:56:34.892",NULL,"y"
852,1,852,"6,000 TND","2026-03-23 15:56:34.892",NULL,"y"
853,1,853,"40,000 TND","2026-03-23 15:56:34.892",NULL,"y"
854,1,854,"90,000 TND","2026-03-23 15:56:34.892",NULL,"y"
855,1,855,"130,000 TND","2026-03-23 15:56:34.892",NULL,"y"
856,1,856,"75,000 TND","2026-03-23 15:56:34.892",NULL,"y"
857,1,857,"250,000 TND","2026-03-23 15:56:34.892",NULL,"y"
858,1,858,"300,000 TND","2026-03-23 15:56:34.892",NULL,"y"
859,1,859,"120,000 TND","2026-03-23 15:56:34.892",NULL,"y"
860,1,860,"-1","2026-03-23 15:56:34.892",NULL,"y"
861,1,861,"-1","2026-03-23 15:56:34.892",NULL,"y"
862,1,862,"-1","2026-03-23 15:56:34.892",NULL,"y"
863,1,863,"10,000 TND","2026-03-23 15:56:34.892",NULL,"y"
864,1,864,"10,000 TND","2026-03-23 15:56:34.892",NULL,"y"
865,1,865,"-1","2026-03-23 15:56:34.892",NULL,"y"
866,1,866,"220,000 TND","2026-03-23 15:56:34.892",NULL,"y"
867,1,867,"230,000 TND","2026-03-23 15:56:34.892",NULL,"y"
868,1,868,"-1","2026-03-23 15:56:34.892",NULL,"y"
869,1,869,"15,000 TND","2026-03-23 15:56:34.892",NULL,"y"
870,1,870,"25,000 TND","2026-03-23 15:56:34.892",NULL,"y"
871,1,871,"15,000 TND","2026-03-23 15:56:34.892",NULL,"y"
872,1,872,"3,000 TND","2026-03-23 15:56:34.892",NULL,"y"
873,1,873,"30,000 TND","2026-03-23 15:56:34.892",NULL,"y"
874,1,874,"40,000 TND","2026-03-23 15:56:34.892",NULL,"y"
875,1,875,"5,000 TND","2026-03-23 15:56:34.892",NULL,"y"
876,1,876,"5,000 TND","2026-03-23 15:56:34.892",NULL,"y"
877,1,877,"5,000 TND","2026-03-23 15:56:34.892",NULL,"y"
878,1,878,"-1","2026-03-23 15:56:34.892",NULL,"y"
879,1,879,"-1","2026-03-23 15:56:34.892",NULL,"y"
880,1,880,"-1","2026-03-23 15:56:34.892",NULL,"y"
881,1,881,"-1","2026-03-23 15:56:34.892",NULL,"y"
882,1,882,"-1","2026-03-23 15:56:34.892",NULL,"y"
883,1,883,"-1","2026-03-23 15:56:34.892",NULL,"y"
884,1,884,"-1","2026-03-23 15:56:34.892",NULL,"y"
885,1,885,"-1","2026-03-23 15:56:34.892",NULL,"y"
886,1,886,"-1","2026-03-23 15:56:34.892",NULL,"y"
887,1,887,"-1","2026-03-23 15:56:34.892",NULL,"y"
888,1,888,"-1","2026-03-23 15:56:34.892",NULL,"y"
889,1,889,"-1","2026-03-23 15:56:34.892",NULL,"y"
890,1,890,"-1","2026-03-23 15:56:34.892",NULL,"y"
891,1,891,"-1","2026-03-23 15:56:34.892",NULL,"y"
892,1,892,"-1","2026-03-23 15:56:34.892",NULL,"y"
893,1,893,"-1","2026-03-23 15:56:34.892",NULL,"y"
894,1,894,"-1","2026-03-23 15:56:34.892",NULL,"y"
895,1,895,"-1","2026-03-23 15:56:34.892",NULL,"y"
896,1,896,"49,900 TND","2026-03-23 15:56:34.892",NULL,"y"
897,1,897,"-1","2026-03-23 15:56:34.892",NULL,"y"
898,1,898,"-1","2026-03-23 15:56:34.892",NULL,"y"
899,1,899,"-1","2026-03-23 15:56:34.892",NULL,"y"
900,1,900,"-1","2026-03-23 15:56:34.892",NULL,"y"
901,1,901,"-1","2026-03-23 15:56:34.892",NULL,"y"
902,1,902,"150,000 TND","2026-03-23 15:56:34.892",NULL,"y"
903,1,903,"60,000 TND","2026-03-23 15:56:34.892",NULL,"y"
904,1,904,"200,000 TND","2026-03-23 15:56:34.892",NULL,"y"
905,1,905,"85,000 TND","2026-03-23 15:56:34.892",NULL,"y"
906,1,906,"45,000 TND","2026-03-23 15:56:34.892",NULL,"y"
907,1,907,"80,000 TND","2026-03-23 15:56:34.892",NULL,"y"
908,1,908,"45,000 TND","2026-03-23 15:56:34.892",NULL,"y"
909,1,909,"120,000 TND","2026-03-23 15:56:34.892",NULL,"y"
910,1,910,"-1","2026-03-23 15:56:34.892",NULL,"y"
911,1,911,"64,000 TND","2026-03-23 15:56:34.892",NULL,"y"
912,1,912,"138,000 TND","2026-03-23 15:56:34.892",NULL,"y"
913,1,913,"120,000 TND","2026-03-23 15:56:34.892",NULL,"y"
914,1,914,"170,000 TND","2026-03-23 15:56:34.892",NULL,"y"
915,1,915,"130,000 TND","2026-03-23 15:56:34.892",NULL,"y"
916,1,916,"140,000 TND","2026-03-23 15:56:34.892",NULL,"y"
917,1,917,"120,000 TND","2026-03-23 15:56:34.892",NULL,"y"
918,1,918,"100,000 TND","2026-03-23 15:56:34.892",NULL,"y"
919,1,919,"120,000 TND","2026-03-23 15:56:34.892",NULL,"y"
920,1,920,"65,000 TND","2026-03-23 15:56:34.892",NULL,"y"
921,1,921,"185,000 TND","2026-03-23 15:56:34.892",NULL,"y"
922,1,922,"250,000 TND","2026-03-23 15:56:34.892",NULL,"y"
923,1,923,"55,000 TND","2026-03-23 15:56:34.892",NULL,"y"
924,1,924,"236,000 TND","2026-03-23 15:56:34.892",NULL,"y"
925,1,925,"285,000 TND","2026-03-23 15:56:34.892",NULL,"y"
926,1,926,"100,000 TND","2026-03-23 15:56:34.892",NULL,"y"
927,1,927,"170,000 TND","2026-03-23 15:56:34.892",NULL,"y"
928,1,928,"150,000 TND","2026-03-23 15:56:34.892",NULL,"y"
929,1,929,"180,000 TND","2026-03-23 15:56:34.892",NULL,"y"
930,1,930,"170,000 TND","2026-03-23 15:56:34.892",NULL,"y"
931,1,931,"119,000 TND","2026-03-23 15:56:34.892",NULL,"y"
932,1,932,"199,000 TND","2026-03-23 15:56:34.892",NULL,"y"
933,1,933,"92,000 TND","2026-03-23 15:56:34.892",NULL,"y"
934,1,934,"128,000 TND","2026-03-23 15:56:34.892",NULL,"y"
935,1,935,"45,000 TND","2026-03-23 15:56:34.892",NULL,"y"
936,1,936,"50,000 TND","2026-03-23 15:56:34.892",NULL,"y"
937,1,937,"30,000 TND","2026-03-23 15:56:34.892",NULL,"y"
938,1,938,"75,000 TND","2026-03-23 15:56:34.892",NULL,"y"
939,1,939,"100,000 TND","2026-03-23 15:56:34.892",NULL,"y"
940,1,940,"20,000 TND","2026-03-23 15:56:34.892",NULL,"y"
941,1,941,"50,000 TND","2026-03-23 15:56:34.892",NULL,"y"
942,1,942,"-1","2026-03-23 15:56:34.892",NULL,"y"
943,1,943,"-1","2026-03-23 15:56:34.892",NULL,"y"
944,1,944,"180,000 TND","2026-03-23 15:56:34.892",NULL,"y"
945,1,945,"150,000 TND","2026-03-23 15:56:34.892",NULL,"y"
946,1,946,"150,000 TND","2026-03-23 15:56:34.892",NULL,"y"
947,1,947,"45,000 TND","2026-03-23 15:56:34.892",NULL,"y"
948,1,948,"69,000 TND","2026-03-23 15:56:34.892",NULL,"y"
949,1,949,"20,000 TND","2026-03-23 15:56:34.892",NULL,"y"
950,1,950,"150,000 TND","2026-03-23 15:56:34.892",NULL,"y"
951,1,951,"50,000 TND","2026-03-23 15:56:34.892",NULL,"y"
952,1,952,"65,000 TND","2026-03-23 15:56:34.892",NULL,"y"
953,1,953,"85,000 TND","2026-03-23 15:56:34.892",NULL,"y"
954,1,954,"-1","2026-03-23 15:56:34.892",NULL,"y"
955,1,955,"-1","2026-03-23 15:56:34.892",NULL,"y"
956,1,956,"119,000 TND","2026-03-23 15:56:34.892",NULL,"y"
957,1,957,"75,000 TND","2026-03-23 15:56:34.892",NULL,"y"
958,1,958,"200,000 TND","2026-03-23 15:56:34.892",NULL,"y"
959,1,959,"200,000 TND","2026-03-23 15:56:34.892",NULL,"y"
960,1,960,"40,000 TND","2026-03-23 15:56:34.892",NULL,"y"
961,1,961,"220,000 TND","2026-03-23 15:56:34.892",NULL,"y"
962,1,962,"292,000 TND","2026-03-23 15:56:34.892",NULL,"y"
963,1,963,"195,000 TND","2026-03-23 15:56:34.892",NULL,"y"
964,1,964,"200,000 TND","2026-03-23 15:56:34.892",NULL,"y"
965,1,965,"30,000 TND","2026-03-23 15:56:34.892",NULL,"y"
966,1,966,"40,000 TND","2026-03-23 15:56:34.892",NULL,"y"
967,1,967,"40,000 TND","2026-03-23 15:56:34.892",NULL,"y"
968,1,968,"55,000 TND","2026-03-23 15:56:34.892",NULL,"y"
969,1,969,"65,000 TND","2026-03-23 15:56:34.892",NULL,"y"
970,1,970,"65,000 TND","2026-03-23 15:56:34.892",NULL,"y"
971,1,971,"139,000 TND","2026-03-23 15:56:34.892",NULL,"y"
972,1,972,"135,000 TND","2026-03-23 15:56:34.892",NULL,"y"
973,1,973,"75,000 TND","2026-03-23 15:56:34.892",NULL,"y"
974,1,974,"60,000 TND","2026-03-23 15:56:34.892",NULL,"y"
975,1,975,"119,000 TND","2026-03-23 15:56:34.892",NULL,"y"
976,1,976,"85,000 TND","2026-03-23 15:56:34.892",NULL,"y"
977,1,977,"-1","2026-03-23 15:56:34.892",NULL,"y"
978,1,978,"75,000 TND","2026-03-23 15:56:34.892",NULL,"y"
979,1,979,"119,000 TND","2026-03-23 15:56:34.892",NULL,"y"
980,1,980,"50,000 TND","2026-03-23 15:56:34.892",NULL,"y"
981,1,981,"150,000 TND","2026-03-23 15:56:34.892",NULL,"y"
982,1,982,"180,000 TND","2026-03-23 15:56:34.892",NULL,"y"
983,1,983,"350,000 TND","2026-03-23 15:56:34.892",NULL,"y"
984,1,984,"245,000 TND","2026-03-23 15:56:34.892",NULL,"y"
985,1,985,"219,000 TND","2026-03-23 15:56:34.892",NULL,"y"
986,1,986,"110,000 TND","2026-03-23 15:56:34.892",NULL,"y"
987,1,987,"130,000 TND","2026-03-23 15:56:34.892",NULL,"y"
988,1,988,"100,000 TND","2026-03-23 15:56:34.892",NULL,"y"
989,1,989,"120,000 TND","2026-03-23 15:56:34.892",NULL,"y"
990,1,990,"540,000 TND","2026-03-23 15:56:34.892",NULL,"y"
991,1,991,"35,000 TND","2026-03-23 15:56:34.892",NULL,"y"
992,1,992,"120,000 TND","2026-03-23 15:56:34.892",NULL,"y"
993,1,993,"60,000 TND","2026-03-23 15:56:34.892",NULL,"y"
994,1,994,"100,000 TND","2026-03-23 15:56:34.892",NULL,"y"
995,1,995,"120,000 TND","2026-03-23 15:56:34.892",NULL,"y"
996,1,996,"120,000 TND","2026-03-23 15:56:34.892",NULL,"y"
997,1,997,"75,000 TND","2026-03-23 15:56:34.892",NULL,"y"
998,1,998,"180,000 TND","2026-03-23 15:56:34.892",NULL,"y"
999,1,999,"75,000 TND","2026-03-23 15:56:34.892",NULL,"y"
1000,1,1000,"95,000 TND","2026-03-23 15:56:34.892",NULL,"y"
1001,1,1001,"180,000 TND","2026-03-23 15:56:34.892",NULL,"y"
1002,1,1002,"-1","2026-03-23 15:56:34.892",NULL,"y"
1003,1,1003,"540,000 TND","2026-03-23 15:56:34.892",NULL,"y"
1004,1,1004,"450,000 TND","2026-03-23 15:56:34.892",NULL,"y"
1005,1,1005,"172,000 TND","2026-03-23 15:56:34.892",NULL,"y"
1006,1,1006,"72,000 TND","2026-03-23 15:56:34.892",NULL,"y"
1007,1,1007,"160,000 TND","2026-03-23 15:56:34.892",NULL,"y"
1008,1,1008,"190,000 TND","2026-03-23 15:56:34.892",NULL,"y"
1009,1,1009,"-1","2026-03-23 15:56:34.892",NULL,"y"
1010,1,1010,"100,000 TND","2026-03-23 15:56:34.892",NULL,"y"
1011,1,1011,"370,000 TND","2026-03-23 15:56:34.892",NULL,"y"
1012,1,1012,"160,000 TND","2026-03-23 15:56:34.892",NULL,"y"
1013,1,1013,"150,000 TND","2026-03-23 15:56:34.892",NULL,"y"
1014,1,1014,"50,000 TND","2026-03-23 15:56:34.892",NULL,"y"
1015,1,1015,"-1","2026-03-23 15:56:34.892",NULL,"y"
1016,1,1016,"70,000 TND","2026-03-23 15:56:34.892",NULL,"y"
1017,1,1017,"400,000 TND","2026-03-23 15:56:34.892",NULL,"y"
1018,1,1018,"250,000 TND","2026-03-23 15:56:34.892",NULL,"y"
1019,1,1019,"300,000 TND","2026-03-23 15:56:34.892",NULL,"y"
1020,1,1020,"600,000 TND","2026-03-23 15:56:34.892",NULL,"y"
1021,1,1021,"109,000 TND","2026-03-23 15:56:34.892",NULL,"y"
1022,1,1022,"320,000 TND","2026-03-23 15:56:34.892",NULL,"y"
1023,1,1023,"-1","2026-03-23 15:56:34.892",NULL,"y"
1024,1,1024,"-1","2026-03-23 15:56:34.892",NULL,"y"
1025,1,1025,"120,000 TND","2026-03-23 15:56:34.892",NULL,"y"
1026,1,1026,"140,000 TND","2026-03-23 15:56:34.892",NULL,"y"
1027,1,1027,"200,000 TND","2026-03-23 15:56:34.892",NULL,"y"
1028,1,1028,"15,000 TND","2026-03-23 15:56:34.892",NULL,"y"
1029,1,1029,"30,000 TND","2026-03-23 15:56:34.892",NULL,"y"
1030,1,1030,"109,000 TND","2026-03-23 15:56:34.892",NULL,"y"
1031,1,1031,"85,000 TND","2026-03-23 15:56:34.892",NULL,"y"
1032,1,1032,"69,000 TND","2026-03-23 15:56:34.892",NULL,"y"
1033,1,1033,"40,000 TND","2026-03-23 15:56:34.892",NULL,"y"
1034,1,1034,"80,000 TND","2026-03-23 15:56:34.892",NULL,"y"
1035,1,1035,"10,000 TND","2026-03-23 15:56:34.892",NULL,"y"
1036,1,1036,"50,000 TND","2026-03-23 15:56:34.892",NULL,"y"
1037,1,1037,"60,000 TND","2026-03-23 15:56:34.892",NULL,"y"
1038,1,1038,"110,000 TND","2026-03-23 15:56:34.892",NULL,"y"
1039,1,1039,"30,000 TND","2026-03-23 15:56:34.892",NULL,"y"
1040,1,1040,"10,000 TND","2026-03-23 15:56:34.892",NULL,"y"
1041,1,1041,"30,000 TND","2026-03-23 15:56:34.892",NULL,"y"
1042,1,1042,"400,000 TND","2026-03-23 15:56:34.892",NULL,"y"
1043,1,1043,"350,000 TND","2026-03-23 15:56:34.892",NULL,"y"
1044,1,1044,"230,000 TND","2026-03-23 15:56:34.892",NULL,"y"
1045,1,1045,"150,000 TND","2026-03-23 15:56:34.892",NULL,"y"
1046,1,1046,"174,000 TND","2026-03-23 15:56:34.892",NULL,"y"
1047,1,1047,"40,000 TND","2026-03-23 15:56:34.892",NULL,"y"
1048,1,1048,"50,000 TND","2026-03-23 15:56:34.892",NULL,"y"
1049,1,1049,"350,000 TND","2026-03-23 15:56:34.892",NULL,"y"
1050,1,1050,"195,000 TND","2026-03-23 15:56:34.892",NULL,"y"
1051,1,1051,"175,000 TND","2026-03-23 15:56:34.892",NULL,"y"
1052,1,1052,"120,000 TND","2026-03-23 15:56:34.892",NULL,"y"
1053,1,1053,"95,000 TND","2026-03-23 15:56:34.892",NULL,"y"
1054,1,1054,"65,000 TND","2026-03-23 15:56:34.892",NULL,"y"
1055,1,1055,"230,000 TND","2026-03-23 15:56:34.892",NULL,"y"
1056,1,1056,"215,000 TND","2026-03-23 15:56:34.892",NULL,"y"
1057,1,1057,"415,000 TND","2026-03-23 15:56:34.892",NULL,"y"
1058,1,1058,"40,000 TND","2026-03-23 15:56:34.892",NULL,"y"
1059,1,1059,"70,000 TND","2026-03-23 15:56:34.892",NULL,"y"
1060,1,1060,"120,000 TND","2026-03-23 15:56:34.892",NULL,"y"
1061,1,1061,"150,000 TND","2026-03-23 15:56:34.892",NULL,"y"
1062,1,1062,"135,000 TND","2026-03-23 15:56:34.892",NULL,"y"
1063,1,1063,"145,000 TND","2026-03-23 15:56:34.892",NULL,"y"
1064,1,1064,"200,000 TND","2026-03-23 15:56:34.892",NULL,"y"
1065,1,1065,"150,000 TND","2026-03-23 15:56:34.892",NULL,"y"
1066,1,1066,"250,000 TND","2026-03-23 15:56:34.892",NULL,"y"
1067,1,1067,"400,000 TND","2026-03-23 15:56:34.892",NULL,"y"
1068,1,1068,"35,000 TND","2026-03-23 15:56:34.892",NULL,"y"
1069,1,1069,"35,000 TND","2026-03-23 15:56:34.892",NULL,"y"
1070,1,1070,"36,000 TND","2026-03-23 15:56:34.892",NULL,"y"
1071,1,1071,"80,000 TND","2026-03-23 15:56:34.892",NULL,"y"
1072,1,1072,"180,000 TND","2026-03-23 15:56:34.892",NULL,"y"
1073,1,1073,"90,000 TND","2026-03-23 15:56:34.892",NULL,"y"
1074,1,1074,"120,000 TND","2026-03-23 15:56:34.892",NULL,"y"
1075,1,1075,"800,000 TND","2026-03-23 15:56:34.892",NULL,"y"
1076,1,1076,"700,000 TND","2026-03-23 15:56:34.892",NULL,"y"
1077,1,1077,"750,000 TND","2026-03-23 15:56:34.892",NULL,"y"
1078,1,1078,"45,000 TND","2026-03-23 15:56:34.892",NULL,"y"
1079,1,1079,"60,000 TND","2026-03-23 15:56:34.892",NULL,"y"
1080,1,1080,"90,000 TND","2026-03-23 15:56:34.892",NULL,"y"
1081,1,1081,"32,000 TND","2026-03-23 15:56:34.892",NULL,"y"
1082,1,1082,"43,000 TND","2026-03-23 15:56:34.892",NULL,"y"
1083,1,1083,"32,000 TND","2026-03-23 15:56:34.892",NULL,"y"
1084,1,1084,"130,000 TND","2026-03-23 15:56:34.892",NULL,"y"
1085,1,1085,"180,000 TND","2026-03-23 15:56:34.892",NULL,"y"
1086,1,1086,"350,000 TND","2026-03-23 15:56:34.892",NULL,"y"
1087,1,1087,"190,000 TND","2026-03-23 15:56:34.892",NULL,"y"
1088,1,1088,"75,000 TND","2026-03-23 15:56:34.892",NULL,"y"
1089,1,1089,"65,000 TND","2026-03-23 15:56:34.892",NULL,"y"
1090,1,1090,"85,000 TND","2026-03-23 15:56:34.892",NULL,"y"
1091,1,1091,"110,000 TND","2026-03-23 15:56:34.892",NULL,"y"
1092,1,1092,"150,000 TND","2026-03-23 15:56:34.892",NULL,"y"
1093,1,1093,"100,000 TND","2026-03-23 15:56:34.892",NULL,"y"
1094,1,1094,"85,000 TND","2026-03-23 15:56:34.892",NULL,"y"
1095,1,1095,"85,000 TND","2026-03-23 15:56:34.892",NULL,"y"
1096,1,1096,"270,000 TND","2026-03-23 15:56:34.892",NULL,"y"
1097,1,1097,"198,000 TND","2026-03-23 15:56:34.892",NULL,"y"
1098,1,1098,"180,000 TND","2026-03-23 15:56:34.892",NULL,"y"
1099,1,1099,"80,000 TND","2026-03-23 15:56:34.892",NULL,"y"
1100,1,1100,"120,000 TND","2026-03-23 15:56:34.892",NULL,"y"
1101,1,1101,"180,000 TND","2026-03-23 15:56:34.892",NULL,"y"
1102,1,1102,"180,000 TND","2026-03-23 15:56:34.892",NULL,"y"
1103,1,1103,"1.250,000 TND","2026-03-23 15:56:34.892",NULL,"y"
1104,1,1104,"40,000 TND","2026-03-23 15:56:34.892",NULL,"y"
1105,1,1105,"35,000 TND","2026-03-23 15:56:34.892",NULL,"y"
1106,1,1106,"35,000 TND","2026-03-23 15:56:34.892",NULL,"y"
1107,1,1107,"40,000 TND","2026-03-23 15:56:34.892",NULL,"y"
1108,1,1108,"25,000 TND","2026-03-23 15:56:34.892",NULL,"y"
1109,1,1109,"-1","2026-03-23 15:56:34.892",NULL,"y"
1110,1,1110,"-1","2026-03-23 15:56:34.892",NULL,"y"
1111,1,1111,"100,000 TND","2026-03-23 15:56:34.892",NULL,"y"
1112,1,1112,"40,000 TND","2026-03-23 15:56:34.892",NULL,"y"
1113,1,1113,"140,000 TND","2026-03-23 15:56:34.892",NULL,"y"
1114,1,1114,"60,000 TND","2026-03-23 15:56:34.892",NULL,"y"
1115,1,1115,"400,000 TND","2026-03-23 15:56:34.892",NULL,"y"
1116,1,1116,"140,000 TND","2026-03-23 15:56:34.892",NULL,"y"
1117,1,1117,"135,000 TND","2026-03-23 15:56:34.892",NULL,"y"
1118,1,1118,"180,000 TND","2026-03-23 15:56:34.892",NULL,"y"
1119,1,1119,"130,000 TND","2026-03-23 15:56:34.892",NULL,"y"
1120,1,1120,"70,000 TND","2026-03-23 15:56:34.892",NULL,"y"
1121,1,1121,"25,000 TND","2026-03-23 15:56:34.892",NULL,"y"
1122,1,1122,"45,000 TND","2026-03-23 15:56:34.892",NULL,"y"
1123,1,1123,"75,000 TND","2026-03-23 15:56:34.892",NULL,"y"
1124,1,1124,"30,000 TND","2026-03-23 15:56:34.892",NULL,"y"
1125,1,1125,"80,000 TND","2026-03-23 15:56:34.892",NULL,"y"
1126,1,1126,"80,000 TND","2026-03-23 15:56:34.892",NULL,"y"
1127,1,1127,"120,000 TND","2026-03-23 15:56:34.892",NULL,"y"
1128,1,1128,"45,000 TND","2026-03-23 15:56:34.892",NULL,"y"
1129,1,1129,"600,000 TND","2026-03-23 15:56:34.892",NULL,"y"
1130,1,1130,"800,000 TND","2026-03-23 15:56:34.892",NULL,"y"
1131,1,1131,"75,000 TND","2026-03-23 15:56:34.892",NULL,"y"
1132,1,1132,"85,000 TND","2026-03-23 15:56:34.892",NULL,"y"
1133,1,1133,"90,000 TND","2026-03-23 15:56:34.892",NULL,"y"
1134,1,1134,"85,000 TND","2026-03-23 15:56:34.892",NULL,"y"
1135,1,1135,"35,000 TND","2026-03-23 15:56:34.892",NULL,"y"
1136,1,1136,"65,000 TND","2026-03-23 15:56:34.892",NULL,"y"
1137,1,1137,"140,000 TND","2026-03-23 15:56:34.892",NULL,"y"
1138,1,1138,"150,000 TND","2026-03-23 15:56:34.892",NULL,"y"
1139,1,1139,"100,000 TND","2026-03-23 15:56:34.892",NULL,"y"
1140,1,1140,"650,000 TND","2026-03-23 15:56:34.892",NULL,"y"
1141,1,1141,"550,000 TND","2026-03-23 15:56:34.892",NULL,"y"
1142,1,1142,"220,000 TND","2026-03-23 15:56:34.892",NULL,"y"
1143,1,1143,"55,000 TND","2026-03-23 15:56:34.892",NULL,"y"
1144,1,1144,"300,000 TND","2026-03-23 15:56:34.892",NULL,"y"
1145,1,1145,"380,000 TND","2026-03-23 15:56:34.892",NULL,"y"
1146,1,1146,"550,000 TND","2026-03-23 15:56:34.892",NULL,"y"
1147,1,1147,"35,000 TND","2026-03-23 15:56:34.892",NULL,"y"
1148,1,1148,"45,000 TND","2026-03-23 15:56:34.892",NULL,"y"
1149,1,1149,"60,000 TND","2026-03-23 15:56:34.892",NULL,"y"
1150,1,1150,"60,000 TND","2026-03-23 15:56:34.892",NULL,"y"
1151,1,1151,"35,000 TND","2026-03-23 15:56:34.892",NULL,"y"
1152,1,1152,"95,000 TND","2026-03-23 15:56:34.892",NULL,"y"
1153,1,1153,"45,000 TND","2026-03-23 15:56:34.892",NULL,"y"
1154,1,1154,"90,000 TND","2026-03-23 15:56:34.892",NULL,"y"
1155,1,1155,"102,000 TND","2026-03-23 15:56:34.892",NULL,"y"
1156,1,1156,"102,000 TND","2026-03-23 15:56:34.892",NULL,"y"
1157,1,1157,"110,000 TND","2026-03-23 15:56:34.892",NULL,"y"
1158,1,1158,"120,000 TND","2026-03-23 15:56:34.892",NULL,"y"
1159,1,1159,"250,000 TND","2026-03-23 15:56:34.892",NULL,"y"
1160,1,1160,"100,000 TND","2026-03-23 15:56:34.892",NULL,"y"
1161,1,1161,"400,000 TND","2026-03-23 15:56:34.892",NULL,"y"
1162,1,1162,"300,000 TND","2026-03-23 15:56:34.892",NULL,"y"
1163,1,1163,"40,000 TND","2026-03-23 15:56:34.892",NULL,"y"
1164,1,1164,"25,000 TND","2026-03-23 15:56:34.892",NULL,"y"
1165,1,1165,"94,900 TND","2026-03-23 15:56:34.892",NULL,"y"
1166,1,1166,"-1","2026-03-23 15:56:34.892",NULL,"y"
1167,1,1167,"45,000 TND","2026-03-23 15:56:34.892",NULL,"y"
1168,1,1168,"95,000 TND","2026-03-23 15:56:34.892",NULL,"y"
1169,1,1169,"49,000 TND","2026-03-23 15:56:34.892",NULL,"y"
1170,1,1170,"45,000 TND","2026-03-23 15:56:34.892",NULL,"y"
1171,1,1171,"140,000 TND","2026-03-23 15:56:34.892",NULL,"y"
1172,1,1172,"90,000 TND","2026-03-23 15:56:34.892",NULL,"y"
1173,1,1173,"192,000 TND","2026-03-23 15:56:34.892",NULL,"y"
1174,1,1174,"620,000 TND","2026-03-23 15:56:34.892",NULL,"y"
1175,1,1175,"35,000 TND","2026-03-23 15:56:34.892",NULL,"y"
1176,1,1176,"180,000 TND","2026-03-23 15:56:34.892",NULL,"y"
1177,1,1177,"155,000 TND","2026-03-23 15:56:34.892",NULL,"y"
1178,1,1178,"720,000 TND","2026-03-23 15:56:34.892",NULL,"y"
1179,1,1179,"220,000 TND","2026-03-23 15:56:34.892",NULL,"y"
1180,1,1180,"130,000 TND","2026-03-23 15:56:34.892",NULL,"y"
1181,1,1181,"130,000 TND","2026-03-23 15:56:34.892",NULL,"y"
1182,1,1182,"12,000 TND","2026-03-23 15:56:34.892",NULL,"y"
1183,1,1183,"45,000 TND","2026-03-23 15:56:34.892",NULL,"y"
1184,1,1184,"140,000 TND","2026-03-23 15:56:34.892",NULL,"y"
1185,1,1185,"80,000 TND","2026-03-23 15:56:34.892",NULL,"y"
1186,1,1186,"150,000 TND","2026-03-23 15:56:34.892",NULL,"y"
1187,1,1187,"150,000 TND","2026-03-23 15:56:34.892",NULL,"y"
1188,1,1188,"60,000 TND","2026-03-23 15:56:34.892",NULL,"y"
1189,1,1189,"-1","2026-03-23 15:56:34.892",NULL,"y"
1190,1,1190,"22,000 TND","2026-03-23 15:56:34.892",NULL,"y"
1191,1,1191,"350,000 TND","2026-03-23 15:56:34.892",NULL,"y"
1192,1,1192,"185,000 TND","2026-03-23 15:56:34.892",NULL,"y"
1193,1,1193,"-1","2026-03-23 15:56:34.892",NULL,"y"
1194,1,1194,"170,000 TND","2026-03-23 15:56:34.892",NULL,"y"
1195,1,1195,"70,000 TND","2026-03-23 15:56:34.892",NULL,"y"
1196,1,1196,"-1","2026-03-23 15:56:34.892",NULL,"y"
1197,1,1197,"55,000 TND","2026-03-23 15:56:34.892",NULL,"y"
1198,1,1198,"120,000 TND","2026-03-23 15:56:34.892",NULL,"y"
1199,1,1199,"220,000 TND","2026-03-23 15:56:34.892",NULL,"y"
1200,1,1200,"220,000 TND","2026-03-23 15:56:34.892",NULL,"y"
1201,1,1201,"-1","2026-03-23 15:56:34.892",NULL,"y"
1202,1,1202,"-1","2026-03-23 15:56:34.892",NULL,"y"
1203,1,1203,"90,000 TND","2026-03-23 15:56:34.892",NULL,"y"
1204,1,1204,"-1","2026-03-23 15:56:34.892",NULL,"y"
1205,1,1205,"149,900 TND","2026-03-23 15:56:34.892",NULL,"y"
1206,1,1206,"98,000 TND","2026-03-23 15:56:34.892",NULL,"y"
1207,1,1207,"149,900 TND","2026-03-23 15:56:34.892",NULL,"y"
1208,1,1208,"39,000 TND","2026-03-23 15:56:34.892",NULL,"y"
1209,1,1209,"39,000 TND","2026-03-23 15:56:34.892",NULL,"y"
1210,1,1210,"25,000 TND","2026-03-23 15:56:34.892",NULL,"y"
1211,1,1211,"45,000 TND","2026-03-23 15:56:34.892",NULL,"y"
1212,1,1212,"75,000 TND","2026-03-23 15:56:34.892",NULL,"y"
1213,1,1213,"35,000 TND","2026-03-23 15:56:34.892",NULL,"y"
1214,1,1214,"70,000 TND","2026-03-23 15:56:34.892",NULL,"y"
1215,1,1215,"70,000 TND","2026-03-23 15:56:34.892",NULL,"y"
1216,1,1216,"90,000 TND","2026-03-23 15:56:34.892",NULL,"y"
1217,1,1217,"65,000 TND","2026-03-23 15:56:34.892",NULL,"y"
1218,1,1218,"80,000 TND","2026-03-23 15:56:34.908",NULL,"y"
1219,1,1219,"35,000 TND","2026-03-23 15:56:34.908",NULL,"y"
1220,1,1220,"45,000 TND","2026-03-23 15:56:34.908",NULL,"y"
1221,1,1221,"30,000 TND","2026-03-23 15:56:34.908",NULL,"y"
1222,1,1222,"-1","2026-03-23 15:56:34.908",NULL,"y"
1223,1,1223,"120,000 TND","2026-03-23 15:56:34.908",NULL,"y"
1224,1,1224,"110,000 TND","2026-03-23 15:56:34.908",NULL,"y"
1225,1,1225,"165,000 TND","2026-03-23 15:56:34.908",NULL,"y"
1226,1,1226,"60,000 TND","2026-03-23 15:56:34.908",NULL,"y"
1227,1,1227,"60,000 TND","2026-03-23 15:56:34.908",NULL,"y"
1228,1,1228,"350,000 TND","2026-03-23 15:56:34.908",NULL,"y"
1229,1,1229,"125,000 TND","2026-03-23 15:56:34.908",NULL,"y"
1230,1,1230,"30,000 TND","2026-03-23 15:56:34.908",NULL,"y"
1231,1,1231,"35,000 TND","2026-03-23 15:56:34.908",NULL,"y"
1232,1,1232,"85,000 TND","2026-03-23 15:56:34.908",NULL,"y"
1233,1,1233,"60,000 TND","2026-03-23 15:56:34.908",NULL,"y"
1234,1,1234,"40,000 TND","2026-03-23 15:56:34.908",NULL,"y"
1235,1,1235,"200,000 TND","2026-03-23 15:56:34.908",NULL,"y"
1236,1,1236,"40,000 TND","2026-03-23 15:56:34.908",NULL,"y"
1237,1,1237,"30,000 TND","2026-03-23 15:56:34.908",NULL,"y"
1238,1,1238,"90,000 TND","2026-03-23 15:56:34.908",NULL,"y"
1239,1,1239,"-1","2026-03-23 15:56:34.908",NULL,"y"
1240,1,1240,"850,000 TND","2026-03-23 15:56:34.908",NULL,"y"
1241,1,1241,"450,000 TND","2026-03-23 15:56:34.908",NULL,"y"
1242,1,1242,"-1","2026-03-23 15:56:34.908",NULL,"y"
1243,1,1243,"75,000 TND","2026-03-23 15:56:34.908",NULL,"y"
1244,1,1244,"150,000 TND","2026-03-23 15:56:34.908",NULL,"y"
1245,1,1245,"55,000 TND","2026-03-23 15:56:34.908",NULL,"y"
1246,1,1246,"-1","2026-03-23 15:56:34.908",NULL,"y"
1247,1,1247,"-1","2026-03-23 15:56:34.908",NULL,"y"
1248,1,1248,"-1","2026-03-23 15:56:34.908",NULL,"y"
1249,1,1249,"45,000 TND","2026-03-23 15:56:34.908",NULL,"y"
1250,1,1250,"40,000 TND","2026-03-23 15:56:34.908",NULL,"y"
1251,1,1251,"75,000 TND","2026-03-23 15:56:34.908",NULL,"y"
1252,1,1252,"320,000 TND","2026-03-23 15:56:34.908",NULL,"y"
1253,1,1253,"150,000 TND","2026-03-23 15:56:34.908",NULL,"y"
1254,1,1254,"180,000 TND","2026-03-23 15:56:34.908",NULL,"y"
1255,1,1255,"58,000 TND","2026-03-23 15:56:34.908",NULL,"y"
1256,1,1256,"30,000 TND","2026-03-23 15:56:34.908",NULL,"y"
1257,1,1257,"60,000 TND","2026-03-23 15:56:34.908",NULL,"y"
1258,1,1258,"-1","2026-03-23 15:56:34.908",NULL,"y"
1259,1,1259,"160,000 TND","2026-03-23 15:56:34.908",NULL,"y"
1260,1,1260,"60,000 TND","2026-03-23 15:56:34.908",NULL,"y"
1261,1,1261,"90,000 TND","2026-03-23 15:56:34.908",NULL,"y"
1262,1,1262,"14,000 TND","2026-03-23 15:56:34.908",NULL,"y"
1263,1,1263,"10,000 TND","2026-03-23 15:56:34.908",NULL,"y"
1264,1,1264,"110,000 TND","2026-03-23 15:56:34.908",NULL,"y"
1265,1,1265,"350,000 TND","2026-03-23 15:56:34.908",NULL,"y"
1266,1,1266,"360,000 TND","2026-03-23 15:56:34.908",NULL,"y"
1267,1,1267,"62,000 TND","2026-03-23 15:56:34.908",NULL,"y"
1268,1,1268,"42,000 TND","2026-03-23 15:56:34.908",NULL,"y"
1269,1,1269,"160,000 TND","2026-03-23 15:56:34.908",NULL,"y"
1270,1,1270,"160,000 TND","2026-03-23 15:56:34.908",NULL,"y"
1271,1,1271,"160,000 TND","2026-03-23 15:56:34.908",NULL,"y"
1272,1,1272,"45,000 TND","2026-03-23 15:56:34.908",NULL,"y"
1273,1,1273,"55,000 TND","2026-03-23 15:56:34.908",NULL,"y"
1274,1,1274,"80,000 TND","2026-03-23 15:56:34.908",NULL,"y"
1275,1,1275,"50,000 TND","2026-03-23 15:56:34.908",NULL,"y"
1276,1,1276,"150,000 TND","2026-03-23 15:56:34.908",NULL,"y"
1277,1,1277,"-1","2026-03-23 15:56:34.908",NULL,"y"
1278,1,1278,"-1","2026-03-23 15:56:34.908",NULL,"y"
1279,1,1279,"130,000 TND","2026-03-23 15:56:34.908",NULL,"y"
1280,1,1280,"-1","2026-03-23 15:56:34.908",NULL,"y"
1281,1,1281,"-1","2026-03-23 15:56:34.908",NULL,"y"
1282,1,1282,"-1","2026-03-23 15:56:34.908",NULL,"y"
1283,1,1283,"-1","2026-03-23 15:56:34.908",NULL,"y"
1284,1,1284,"-1","2026-03-23 15:56:34.908",NULL,"y"
1285,1,1285,"85,000 TND","2026-03-23 15:56:34.908",NULL,"y"
1286,1,1286,"480,000 TND","2026-03-23 15:56:34.908",NULL,"y"
1287,1,1287,"150,000 TND","2026-03-23 15:56:34.908",NULL,"y"
1288,1,1288,"155,000 TND","2026-03-23 15:56:34.908",NULL,"y"
1289,1,1289,"180,000 TND","2026-03-23 15:56:34.908",NULL,"y"
1290,1,1290,"70,000 TND","2026-03-23 15:56:34.908",NULL,"y"
1291,1,1291,"110,000 TND","2026-03-23 15:56:34.908",NULL,"y"
1292,1,1292,"180,000 TND","2026-03-23 15:56:34.908",NULL,"y"
1293,1,1293,"260,000 TND","2026-03-23 15:56:34.908",NULL,"y"
1294,1,1294,"8,500 TND","2026-03-23 15:56:34.908",NULL,"y"
1295,1,1295,"79,000 TND","2026-03-23 15:56:34.908",NULL,"y"
1296,1,1296,"68,000 TND","2026-03-23 15:56:34.908",NULL,"y"
1297,1,1297,"58,000 TND","2026-03-23 15:56:34.908",NULL,"y"
1298,1,1298,"99,000 TND","2026-03-23 15:56:34.908",NULL,"y"
1299,1,1299,"35,000 TND","2026-03-23 15:56:34.908",NULL,"y"
1300,1,1300,"50,000 TND","2026-03-23 15:56:34.908",NULL,"y"
1301,1,1301,"30,000 TND","2026-03-23 15:56:34.908",NULL,"y"
1302,1,1302,"46,000 TND","2026-03-23 15:56:34.908",NULL,"y"
1303,1,1303,"48,000 TND","2026-03-23 15:56:34.908",NULL,"y"
1304,1,1304,"54,000 TND","2026-03-23 15:56:34.908",NULL,"y"
1305,1,1305,"9,000 TND","2026-03-23 15:56:34.908",NULL,"y"
1306,1,1306,"17,000 TND","2026-03-23 15:56:34.908",NULL,"y"
1307,1,1307,"65,000 TND","2026-03-23 15:56:34.908",NULL,"y"
1308,1,1308,"35,000 TND","2026-03-23 15:56:34.908",NULL,"y"
1309,1,1309,"12,000 TND","2026-03-23 15:56:34.908",NULL,"y"
1310,1,1310,"19,000 TND","2026-03-23 15:56:34.908",NULL,"y"
1311,1,1311,"24,000 TND","2026-03-23 15:56:34.908",NULL,"y"
1312,1,1312,"7,500 TND","2026-03-23 15:56:34.908",NULL,"y"
1313,1,1313,"22,000 TND","2026-03-23 15:56:34.908",NULL,"y"
1314,1,1314,"19,000 TND","2026-03-23 15:56:34.908",NULL,"y"
1315,1,1315,"14,000 TND","2026-03-23 15:56:34.908",NULL,"y"
1316,1,1316,"10,000 TND","2026-03-23 15:56:34.908",NULL,"y"
1317,1,1317,"12,000 TND","2026-03-23 15:56:34.908",NULL,"y"
1318,1,1318,"10,000 TND","2026-03-23 15:56:34.908",NULL,"y"
1319,1,1319,"15,000 TND","2026-03-23 15:56:34.908",NULL,"y"
1320,1,1320,"10,000 TND","2026-03-23 15:56:34.908",NULL,"y"
1321,1,1321,"16,600 TND","2026-03-23 15:56:34.908",NULL,"y"
1322,1,1322,"12,800 TND","2026-03-23 15:56:34.908",NULL,"y"
1323,1,1323,"9,700 TND","2026-03-23 15:56:34.908",NULL,"y"
1324,1,1324,"-1","2026-03-23 15:56:34.908",NULL,"y"
1325,1,1325,"7,500 TND","2026-03-23 15:56:34.908",NULL,"y"
1326,1,1326,"18,800 TND","2026-03-23 15:56:34.908",NULL,"y"
1327,1,1327,"15,600 TND","2026-03-23 15:56:34.908",NULL,"y"
1328,1,1328,"25,000 TND","2026-03-23 15:56:34.908",NULL,"y"
1329,1,1329,"15,000 TND","2026-03-23 15:56:34.908",NULL,"y"
1330,1,1330,"15,000 TND","2026-03-23 15:56:34.908",NULL,"y"
1331,1,1331,"5,000 TND","2026-03-23 15:56:34.908",NULL,"y"
1332,1,1332,"30,000 TND","2026-03-23 15:56:34.908",NULL,"y"
1333,1,1333,"20,000 TND","2026-03-23 15:56:34.908",NULL,"y"
1334,1,1334,"50,000 TND","2026-03-23 15:56:34.908",NULL,"y"
1335,1,1335,"25,000 TND","2026-03-23 15:56:34.908",NULL,"y"
1336,1,1336,"10,000 TND","2026-03-23 15:56:34.908",NULL,"y"
1337,1,1337,"10,000 TND","2026-03-23 15:56:34.908",NULL,"y"
1338,1,1338,"6,000 TND","2026-03-23 15:56:34.908",NULL,"y"
1339,1,1339,"15,000 TND","2026-03-23 15:56:34.908",NULL,"y"
1340,1,1340,"20,000 TND","2026-03-23 15:56:34.908",NULL,"y"
1341,1,1341,"20,000 TND","2026-03-23 15:56:34.908",NULL,"y"
1342,1,1342,"15,000 TND","2026-03-23 15:56:34.908",NULL,"y"
1343,1,1343,"4,900 TND","2026-03-23 15:56:34.908",NULL,"y"
1344,1,1344,"1,800 TND","2026-03-23 15:56:34.908",NULL,"y"
1345,1,1345,"20,000 TND","2026-03-23 15:56:34.908",NULL,"y"
1346,1,1346,"8,000 TND","2026-03-23 15:56:34.908",NULL,"y"
1347,1,1347,"10,000 TND","2026-03-23 15:56:34.908",NULL,"y"
1348,1,1348,"10,000 TND","2026-03-23 15:56:34.908",NULL,"y"
1349,1,1349,"11,000 TND","2026-03-23 15:56:34.908",NULL,"y"
1350,1,1350,"11,000 TND","2026-03-23 15:56:34.908",NULL,"y"
1351,1,1351,"10,000 TND","2026-03-23 15:56:34.908",NULL,"y"
1352,1,1352,"7,000 TND","2026-03-23 15:56:34.908",NULL,"y"
1353,1,1353,"7,000 TND","2026-03-23 15:56:34.908",NULL,"y"
1354,1,1354,"7,000 TND","2026-03-23 15:56:34.908",NULL,"y"
1355,1,1355,"15,000 TND","2026-03-23 15:56:34.908",NULL,"y"
1356,1,1356,"20,000 TND","2026-03-23 15:56:34.908",NULL,"y"
1357,1,1357,"4,000 TND","2026-03-23 15:56:34.908",NULL,"y"
1358,1,1358,"10,000 TND","2026-03-23 15:56:34.908",NULL,"y"
1359,1,1359,"1,000 TND","2026-03-23 15:56:34.908",NULL,"y"
1360,1,1360,"7,000 TND","2026-03-23 15:56:34.908",NULL,"y"
1361,1,1361,"25,000 TND","2026-03-23 15:56:34.908",NULL,"y"
1362,1,1362,"80,000 TND","2026-03-23 15:56:34.908",NULL,"y"
1363,1,1363,"52,000 TND","2026-03-23 15:56:34.908",NULL,"y"
1364,1,1364,"50,000 TND","2026-03-23 15:56:34.908",NULL,"y"
1365,1,1365,"79,000 TND","2026-03-23 15:56:34.908",NULL,"y"
1366,1,1366,"15,000 TND","2026-03-23 15:56:34.908",NULL,"y"
1367,1,1367,"45,000 TND","2026-03-23 15:56:34.908",NULL,"y"
1368,1,1368,"10,000 TND","2026-03-23 15:56:34.908",NULL,"y"
1369,1,1369,"35,000 TND","2026-03-23 15:56:34.908",NULL,"y"
1370,1,1370,"20,000 TND","2026-03-23 15:56:34.908",NULL,"y"
1371,1,1371,"40,000 TND","2026-03-23 15:56:34.908",NULL,"y"
1372,1,1372,"15,000 TND","2026-03-23 15:56:34.908",NULL,"y"
1373,1,1373,"13,000 TND","2026-03-23 15:56:34.908",NULL,"y"
1374,1,1374,"8,000 TND","2026-03-23 15:56:34.908",NULL,"y"
1375,1,1375,"-1","2026-03-23 15:56:34.908",NULL,"y"
1376,1,1376,"-1","2026-03-23 15:56:34.908",NULL,"y"
1377,1,1377,"80,000 TND","2026-03-23 15:56:34.908",NULL,"y"
1378,1,1378,"120,000 TND","2026-03-23 15:56:34.908",NULL,"y"
1379,1,1379,"80,000 TND","2026-03-23 15:56:34.908",NULL,"y"
1380,1,1380,"15,000 TND","2026-03-23 15:56:34.908",NULL,"y"
1381,1,1381,"5,000 TND","2026-03-23 15:56:34.908",NULL,"y"
1382,1,1382,"50,000 TND","2026-03-23 15:56:34.908",NULL,"y"
1383,1,1383,"8,000 TND","2026-03-23 15:56:34.908",NULL,"y"
1384,1,1384,"12,000 TND","2026-03-23 15:56:34.908",NULL,"y"
1385,1,1385,"25,000 TND","2026-03-23 15:56:34.908",NULL,"y"
1386,1,1386,"10,000 TND","2026-03-23 15:56:34.908",NULL,"y"
1387,1,1387,"-1","2026-03-23 15:56:34.908",NULL,"y"
1388,1,1388,"18,000 TND","2026-03-23 15:56:34.908",NULL,"y"
1389,1,1389,"2,000 TND","2026-03-23 15:56:34.908",NULL,"y"
1390,1,1390,"20,000 TND","2026-03-23 15:56:34.908",NULL,"y"
1391,1,1391,"7,000 TND","2026-03-23 15:56:34.908",NULL,"y"
1392,1,1392,"18,000 TND","2026-03-23 15:56:34.908",NULL,"y"
1393,1,1393,"10,000 TND","2026-03-23 15:56:34.908",NULL,"y"
1394,1,1394,"40,000 TND","2026-03-23 15:56:34.908",NULL,"y"
1395,1,1395,"35,000 TND","2026-03-23 15:56:34.908",NULL,"y"
1396,1,1396,"19,000 TND","2026-03-23 15:56:34.908",NULL,"y"
1397,1,1397,"40,000 TND","2026-03-23 15:56:34.908",NULL,"y"
1398,1,1398,"20,000 TND","2026-03-23 15:56:34.908",NULL,"y"
1399,1,1399,"85,000 TND","2026-03-23 15:56:34.908",NULL,"y"
1400,1,1400,"12,000 TND","2026-03-23 15:56:34.908",NULL,"y"
1401,1,1401,"35,000 TND","2026-03-23 15:56:34.908",NULL,"y"
1402,1,1402,"15,000 TND","2026-03-23 15:56:34.908",NULL,"y"
1403,1,1403,"-1","2026-03-23 15:56:34.908",NULL,"y"
1404,1,1404,"5,500 TND","2026-03-23 15:56:34.908",NULL,"y"
1405,1,1405,"12,000 TND","2026-03-23 15:56:34.908",NULL,"y"
1406,1,1406,"15,000 TND","2026-03-23 15:56:34.908",NULL,"y"
1407,1,1407,"-1","2026-03-23 15:56:34.908",NULL,"y"
1408,1,1408,"60,000 TND","2026-03-23 15:56:34.908",NULL,"y"
1409,1,1409,"9,000 TND","2026-03-23 15:56:34.908",NULL,"y"
1410,1,1410,"75,000 TND","2026-03-23 15:56:34.908",NULL,"y"
1411,1,1411,"82,000 TND","2026-03-23 15:56:34.908",NULL,"y"
1412,1,1412,"19,000 TND","2026-03-23 15:56:34.908",NULL,"y"
1413,1,1413,"19,000 TND","2026-03-23 15:56:34.908",NULL,"y"
1414,1,1414,"13,000 TND","2026-03-23 15:56:34.908",NULL,"y"
1415,1,1415,"7,000 TND","2026-03-23 15:56:34.908",NULL,"y"
1416,1,1416,"5,000 TND","2026-03-23 15:56:34.908",NULL,"y"
1417,1,1417,"20,000 TND","2026-03-23 15:56:34.908",NULL,"y"
1418,1,1418,"15,000 TND","2026-03-23 15:56:34.908",NULL,"y"
1419,1,1419,"12,000 TND","2026-03-23 15:56:34.908",NULL,"y"
1420,1,1420,"18,000 TND","2026-03-23 15:56:34.908",NULL,"y"
1421,1,1421,"11,000 TND","2026-03-23 15:56:34.908",NULL,"y"
1422,1,1422,"12,000 TND","2026-03-23 15:56:34.908",NULL,"y"
1423,1,1423,"-1","2026-03-23 15:56:34.908",NULL,"y"
1424,1,1424,"-1","2026-03-23 15:56:34.908",NULL,"y"
1425,1,1425,"39,000 TND","2026-03-23 15:56:34.908",NULL,"y"
1426,1,1426,"12,000 TND","2026-03-23 15:56:34.908",NULL,"y"
1427,1,1427,"17,000 TND","2026-03-23 15:56:34.908",NULL,"y"
1428,1,1428,"10,000 TND","2026-03-23 15:56:34.908",NULL,"y"
1429,1,1429,"13,000 TND","2026-03-23 15:56:34.908",NULL,"y"
1430,1,1430,"42,000 TND","2026-03-23 15:56:34.908",NULL,"y"
1431,1,1431,"25,000 TND","2026-03-23 15:56:34.908",NULL,"y"
1432,1,1432,"-1","2026-03-23 15:56:34.908",NULL,"y"
1433,1,1433,"-1","2026-03-23 15:56:34.908",NULL,"y"
1434,1,1434,"29,000 TND","2026-03-23 15:56:34.908",NULL,"y"
1435,1,1435,"30,000 TND","2026-03-23 15:56:34.908",NULL,"y"
1436,1,1436,"10,000 TND","2026-03-23 15:56:34.908",NULL,"y"
1437,1,1437,"75,000 TND","2026-03-23 15:56:34.908",NULL,"y"
1438,1,1438,"15,000 TND","2026-03-23 15:56:34.908",NULL,"y"
1439,1,1439,"15,000 TND","2026-03-23 15:56:34.908",NULL,"y"
1440,1,1440,"25,000 TND","2026-03-23 15:56:34.908",NULL,"y"
1441,1,1441,"40,000 TND","2026-03-23 15:56:34.908",NULL,"y"
1442,1,1442,"25,000 TND","2026-03-23 15:56:34.908",NULL,"y"
1443,1,1443,"3,000 TND","2026-03-23 15:56:34.908",NULL,"y"
1444,1,1444,"8,000 TND","2026-03-23 15:56:34.908",NULL,"y"
1445,1,1445,"-1","2026-03-23 15:56:34.908",NULL,"y"
1446,1,1446,"-1","2026-03-23 15:56:34.908",NULL,"y"
1447,1,1447,"30,000 TND","2026-03-23 15:56:34.908",NULL,"y"
1448,1,1448,"30,000 TND","2026-03-23 15:56:34.908",NULL,"y"
1449,1,1449,"7,000 TND","2026-03-23 15:56:34.908",NULL,"y"
1450,1,1450,"-1","2026-03-23 15:56:34.908",NULL,"y"
1451,1,1451,"9,000 TND","2026-03-23 15:56:34.908",NULL,"y"
1452,1,1452,"9,000 TND","2026-03-23 15:56:34.908",NULL,"y"
1453,1,1453,"4,000 TND","2026-03-23 15:56:34.908",NULL,"y"
1454,1,1454,"25,000 TND","2026-03-23 15:56:34.908",NULL,"y"
1455,1,1455,"97,300 TND","2026-03-23 15:56:34.908",NULL,"y"
1456,1,1456,"95,800 TND","2026-03-23 15:56:34.908",NULL,"y"
1457,1,1457,"18,300 TND","2026-03-23 15:56:34.908",NULL,"y"
1458,1,1458,"56,500 TND","2026-03-23 15:56:34.908",NULL,"y"
1459,1,1459,"5,000 TND","2026-03-23 15:56:34.908",NULL,"y"
1460,1,1460,"10,000 TND","2026-03-23 15:56:34.908",NULL,"y"
1461,1,1461,"100,000 TND","2026-03-23 15:56:34.908",NULL,"y"
1462,1,1462,"100,000 TND","2026-03-23 15:56:34.908",NULL,"y"
1463,1,1463,"50,000 TND","2026-03-23 15:56:34.908",NULL,"y"
1464,1,1464,"60,000 TND","2026-03-23 15:56:34.908",NULL,"y"
1465,1,1465,"13,000 TND","2026-03-23 15:56:34.908",NULL,"y"
1466,1,1466,"13,000 TND","2026-03-23 15:56:34.908",NULL,"y"
1467,1,1467,"15,000 TND","2026-03-23 15:56:34.908",NULL,"y"
1468,1,1468,"15,000 TND","2026-03-23 15:56:34.908",NULL,"y"
1469,1,1469,"20,000 TND","2026-03-23 15:56:34.908",NULL,"y"
1470,1,1470,"16,000 TND","2026-03-23 15:56:34.908",NULL,"y"
1471,1,1471,"10,000 TND","2026-03-23 15:56:34.908",NULL,"y"
1472,1,1472,"16,500 TND","2026-03-23 15:56:34.908",NULL,"y"
1473,1,1473,"13,000 TND","2026-03-23 15:56:34.908",NULL,"y"
1474,1,1474,"14,000 TND","2026-03-23 15:56:34.908",NULL,"y"
1475,1,1475,"8,000 TND","2026-03-23 15:56:34.908",NULL,"y"
1476,1,1476,"25,000 TND","2026-03-23 15:56:34.908",NULL,"y"
1477,1,1477,"25,000 TND","2026-03-23 15:56:34.908",NULL,"y"
1478,1,1478,"13,000 TND","2026-03-23 15:56:34.908",NULL,"y"
1479,1,1479,"6,000 TND","2026-03-23 15:56:34.908",NULL,"y"
1480,1,1480,"5,000 TND","2026-03-23 15:56:34.908",NULL,"y"
1481,1,1481,"35,000 TND","2026-03-23 15:56:34.908",NULL,"y"
1482,1,1482,"10,000 TND","2026-03-23 15:56:34.908",NULL,"y"
1483,1,1483,"35,000 TND","2026-03-23 15:56:34.908",NULL,"y"
1484,1,1484,"8,000 TND","2026-03-23 15:56:34.908",NULL,"y"
1485,1,1485,"7,000 TND","2026-03-23 15:56:34.908",NULL,"y"
1486,1,1486,"15,000 TND","2026-03-23 15:56:34.908",NULL,"y"
1487,1,1487,"25,000 TND","2026-03-23 15:56:34.908",NULL,"y"
1488,1,1488,"13,000 TND","2026-03-23 15:56:34.908",NULL,"y"
1489,1,1489,"15,000 TND","2026-03-23 15:56:34.908",NULL,"y"
1490,1,1490,"15,000 TND","2026-03-23 15:56:34.908",NULL,"y"
1491,1,1491,"5,000 TND","2026-03-23 15:56:34.908",NULL,"y"
1492,1,1492,"5,000 TND","2026-03-23 15:56:34.908",NULL,"y"
1493,1,1493,"2,800 TND","2026-03-23 15:56:34.908",NULL,"y"
1494,1,1494,"7,500 TND","2026-03-23 15:56:34.908",NULL,"y"
1495,1,1495,"9,000 TND","2026-03-23 15:56:34.908",NULL,"y"
1496,1,1496,"3,000 TND","2026-03-23 15:56:34.908",NULL,"y"
1497,1,1497,"5,500 TND","2026-03-23 15:56:34.908",NULL,"y"
1498,1,1498,"35,000 TND","2026-03-23 15:56:34.908",NULL,"y"
1499,1,1499,"120,000 TND","2026-03-23 15:56:34.908",NULL,"y"
1500,4,5188,"37.440 TND","2026-03-23 15:56:34.956",NULL,"y"
1501,4,5189,"29.640 TND","2026-03-23 15:56:34.956",NULL,"y"
1502,4,5191,"15.600 TND","2026-03-23 15:56:34.956",NULL,"y"
1503,4,5192,"37.440 TND","2026-03-23 15:56:34.956",NULL,"y"
1504,4,5193,"28.080 TND","2026-03-23 15:56:34.956",NULL,"y"
1505,4,5194,"28.080 TND","2026-03-23 15:56:34.956",NULL,"y"
1506,4,5195,"15.600 TND","2026-03-23 15:56:34.956",NULL,"y"
1507,4,5196,"15.600 TND","2026-03-23 15:56:34.956",NULL,"y"
1508,4,5197,"15.600 TND","2026-03-23 15:56:34.956",NULL,"y"
1509,4,5198,"171.600 TND","2026-03-23 15:56:34.956",NULL,"y"
1510,4,5199,"121.680 TND","2026-03-23 15:56:34.956",NULL,"y"
1511,4,5200,"121.680 TND","2026-03-23 15:56:34.956",NULL,"y"
1512,4,5201,"90.480 TND","2026-03-23 15:56:34.956",NULL,"y"
1513,4,5202,"18.720 TND","2026-03-23 15:56:34.956",NULL,"y"
1514,4,5203,"21.840 TND","2026-03-23 15:56:34.956",NULL,"y"
1515,4,5204,"177.840 TND","2026-03-23 15:56:34.956",NULL,"y"
1516,4,5206,"43.680 TND","2026-03-23 15:56:34.956",NULL,"y"
1517,4,5207,"56.160 TND","2026-03-23 15:56:34.956",NULL,"y"
1518,4,5208,"85.800 TND","2026-03-23 15:56:34.956",NULL,"y"
1519,4,5209,"101.400 TND","2026-03-23 15:56:34.956",NULL,"y"
1520,4,5210,"21.840 TND","2026-03-23 15:56:34.956",NULL,"y"
1521,4,5211,"18.720 TND","2026-03-23 15:56:34.956",NULL,"y"
1522,4,5212,"28.080 TND","2026-03-23 15:56:34.956",NULL,"y"
1523,4,5213,"43.680 TND","2026-03-23 15:56:34.956",NULL,"y"
1524,4,5214,"21.840 TND","2026-03-23 15:56:34.956",NULL,"y"
1525,4,5215,"21.840 TND","2026-03-23 15:56:34.956",NULL,"y"
1526,4,5217,"18.720 TND","2026-03-23 15:56:34.956",NULL,"y"
1527,4,5218,"9.360 TND","2026-03-23 15:56:34.956",NULL,"y"
1528,4,5219,"45.240 TND","2026-03-23 15:56:34.956",NULL,"y"
1529,4,5220,"12.480 TND","2026-03-23 15:56:34.956",NULL,"y"
1530,4,5222,"21.840 TND","2026-03-23 15:56:34.956",NULL,"y"
1531,4,5223,"37.440 TND","2026-03-23 15:56:34.956",NULL,"y"
1532,4,5224,"28.080 TND","2026-03-23 15:56:34.956",NULL,"y"
1533,4,5225,"28.080 TND","2026-03-23 15:56:34.956",NULL,"y"
1534,4,5226,"34.320 TND","2026-03-23 15:56:34.956",NULL,"y"
1535,4,5227,"34.320 TND","2026-03-23 15:56:34.956",NULL,"y"
1536,4,5228,"37.440 TND","2026-03-23 15:56:34.956",NULL,"y"
1537,4,5229,"18.720 TND","2026-03-23 15:56:34.956",NULL,"y"
1538,4,5230,"18.720 TND","2026-03-23 15:56:34.956",NULL,"y"
1539,4,5231,"34.320 TND","2026-03-23 15:56:34.956",NULL,"y"
1540,4,5232,"15.600 TND","2026-03-23 15:56:34.956",NULL,"y"
1541,4,5234,"15.600 TND","2026-03-23 15:56:34.956",NULL,"y"
1542,4,5236,"15.600 TND","2026-03-23 15:56:34.956",NULL,"y"
1543,4,5237,"17.160 TND","2026-03-23 15:56:34.956",NULL,"y"
1544,4,5238,"18.720 TND","2026-03-23 15:56:34.956",NULL,"y"
1545,4,5239,"46.800 TND","2026-03-23 15:56:34.956",NULL,"y"
1546,4,5240,"9.360 TND","2026-03-23 15:56:34.956",NULL,"y"
1547,4,5241,"15.600 TND","2026-03-23 15:56:34.956",NULL,"y"
1548,4,5242,"24.960 TND","2026-03-23 15:56:34.956",NULL,"y"
1549,4,5243,"9.360 TND","2026-03-23 15:56:34.956",NULL,"y"
1550,4,5244,"12.480 TND","2026-03-23 15:56:34.956",NULL,"y"
1551,4,5245,"10.920 TND","2026-03-23 15:56:34.956",NULL,"y"
1552,4,5246,"34.320 TND","2026-03-23 15:56:34.956",NULL,"y"
1553,4,5248,"18.720 TND","2026-03-23 15:56:34.956",NULL,"y"
1554,4,5249,"24.960 TND","2026-03-23 15:56:34.956",NULL,"y"
1555,4,5250,"49.920 TND","2026-03-23 15:56:34.956",NULL,"y"
1556,4,5251,"37.440 TND","2026-03-23 15:56:34.972",NULL,"y"
1557,4,5252,"29.640 TND","2026-03-23 15:56:34.972",NULL,"y"
1558,4,5255,"90.480 TND","2026-03-23 15:56:34.972",NULL,"y"
1559,4,5256,"18.720 TND","2026-03-23 15:56:34.972",NULL,"y"
1560,4,5257,"18.720 TND","2026-03-23 15:56:34.972",NULL,"y"
1561,4,5258,"1.404 TND","2026-03-23 15:56:34.972",NULL,"y"
1562,4,5259,"28.080 TND","2026-03-23 15:56:34.972",NULL,"y"
1563,4,5260,"43.680 TND","2026-03-23 15:56:34.972",NULL,"y"
1564,4,5261,"21.840 TND","2026-03-23 15:56:34.972",NULL,"y"
1565,4,5262,"24.960 TND","2026-03-23 15:56:34.972",NULL,"y"
1566,4,5263,"59.280 TND","2026-03-23 15:56:34.972",NULL,"y"
1567,4,5264,"135.720 TND","2026-03-23 15:56:34.972",NULL,"y"
1568,4,5265,"127.920 TND","2026-03-23 15:56:34.972",NULL,"y"
1569,4,5266,"131.040 TND","2026-03-23 15:56:34.972",NULL,"y"
1570,4,5267,"98.280 TND","2026-03-23 15:56:34.972",NULL,"y"
1571,4,5268,"15.600 TND","2026-03-23 15:56:34.972",NULL,"y"
1572,4,5269,"124.800 TND","2026-03-23 15:56:34.972",NULL,"y"
1573,4,5270,"93.600 TND","2026-03-23 15:56:34.972",NULL,"y"
1574,4,5271,"140.400 TND","2026-03-23 15:56:34.972",NULL,"y"
1575,4,5272,"87.360 TND","2026-03-23 15:56:34.972",NULL,"y"
1576,4,5273,"78.000 TND","2026-03-23 15:56:34.972",NULL,"y"
1577,4,5274,"65.520 TND","2026-03-23 15:56:34.972",NULL,"y"
1578,4,5275,"18.720 TND","2026-03-23 15:56:34.972",NULL,"y"
1579,4,5276,"18.720 TND","2026-03-23 15:56:34.972",NULL,"y"
1580,4,5277,"29.640 TND","2026-03-23 15:56:34.972",NULL,"y"
1581,4,5279,"7.800 TND","2026-03-23 15:56:34.972",NULL,"y"
1582,4,5280,"9.360 TND","2026-03-23 15:56:34.972",NULL,"y"
1583,4,5281,"37.440 TND","2026-03-23 15:56:34.972",NULL,"y"
1584,4,5282,"37.440 TND","2026-03-23 15:56:34.972",NULL,"y"
1585,4,5283,"82.680 TND","2026-03-23 15:56:34.972",NULL,"y"
1586,4,5284,"18.720 TND","2026-03-23 15:56:34.972",NULL,"y"
1587,4,5285,"121.680 TND","2026-03-23 15:56:34.972",NULL,"y"
1588,4,5286,"171.600 TND","2026-03-23 15:56:34.972",NULL,"y"
1589,4,5287,"177.840 TND","2026-03-23 15:56:34.972",NULL,"y"
1590,4,5288,"28.080 TND","2026-03-23 15:56:34.972",NULL,"y"
1591,4,5289,"18.720 TND","2026-03-23 15:56:34.972",NULL,"y"
1592,4,5290,"15.600 TND","2026-03-23 15:56:34.972",NULL,"y"
1593,4,5291,"18.720 TND","2026-03-23 15:56:34.972",NULL,"y"
1594,4,5292,"15.600 TND","2026-03-23 15:56:34.972",NULL,"y"
1595,4,5293,"15.600 TND","2026-03-23 15:56:34.972",NULL,"y"
1596,4,5294,"15.600 TND","2026-03-23 15:56:34.972",NULL,"y"
1597,4,5295,"21.840 TND","2026-03-23 15:56:34.972",NULL,"y"
1598,4,5296,"18.720 TND","2026-03-23 15:56:34.972",NULL,"y"
1599,4,5297,"9.360 TND","2026-03-23 15:56:34.972",NULL,"y"
1600,4,5298,"15.600 TND","2026-03-23 15:56:34.972",NULL,"y"
1601,4,5299,"18.720 TND","2026-03-23 15:56:34.972",NULL,"y"
1602,4,5300,"18.720 TND","2026-03-23 15:56:34.972",NULL,"y"
1603,4,5301,"18.720 TND","2026-03-23 15:56:34.972",NULL,"y"
1604,4,5302,"9.360 TND","2026-03-23 15:56:34.972",NULL,"y"
1605,4,5303,"12.480 TND","2026-03-23 15:56:34.972",NULL,"y"
1606,4,5304,"18.720 TND","2026-03-23 15:56:34.972",NULL,"y"
1607,4,5305,"28.080 TND","2026-03-23 15:56:34.972",NULL,"y"
1608,4,5306,"121.680 TND","2026-03-23 15:56:34.972",NULL,"y"
1609,4,5307,"6.240 TND","2026-03-23 15:56:34.972",NULL,"y"
1610,4,5308,"18.720 TND","2026-03-23 15:56:34.972",NULL,"y"
1611,4,5309,"21.840 TND","2026-03-23 15:56:34.972",NULL,"y"
1612,4,5310,"21.840 TND","2026-03-23 15:56:34.972",NULL,"y"
1613,4,5311,"37.440 TND","2026-03-23 15:56:34.972",NULL,"y"
1614,4,5312,"84.240 TND","2026-03-23 15:56:34.972",NULL,"y"
1615,4,5313,"37.440 TND","2026-03-23 15:56:34.972",NULL,"y"
1616,4,5314,"18.720 TND","2026-03-23 15:56:34.972",NULL,"y"
1617,4,5315,"15.600 TND","2026-03-23 15:56:34.972",NULL,"y"
1618,4,5316,"17.160 TND","2026-03-23 15:56:34.972",NULL,"y"
1619,4,5317,"9.360 TND","2026-03-23 15:56:34.972",NULL,"y"
1620,4,5319,"49.920 TND","2026-03-23 15:56:34.972",NULL,"y"
1621,4,5320,"18.720 TND","2026-03-23 15:56:34.972",NULL,"y"
1622,4,5321,"46.800 TND","2026-03-23 15:56:34.972",NULL,"y"
1623,4,5322,"46.800 TND","2026-03-23 15:56:34.972",NULL,"y"
1624,4,5323,"18.720 TND","2026-03-23 15:56:34.972",NULL,"y"
1625,4,5324,"68.640 TND","2026-03-23 15:56:34.972",NULL,"y"
1626,4,5325,"18.720 TND","2026-03-23 15:56:34.972",NULL,"y"
1627,4,5326,"9.360 TND","2026-03-23 15:56:34.972",NULL,"y"
1628,4,5327,"12.480 TND","2026-03-23 15:56:34.972",NULL,"y"
1629,4,5328,"9.360 TND","2026-03-23 15:56:34.972",NULL,"y"
1630,4,5329,"28.080 TND","2026-03-23 15:56:34.972",NULL,"y"
1631,4,5330,"7.800 TND","2026-03-23 15:56:34.972",NULL,"y"
1632,4,5331,"12.480 TND","2026-03-23 15:56:34.972",NULL,"y"
1633,4,5332,"6.240 TND","2026-03-23 15:56:34.972",NULL,"y"
1634,4,5333,"9.360 TND","2026-03-23 15:56:34.972",NULL,"y"
1635,4,5334,"12.480 TND","2026-03-23 15:56:34.972",NULL,"y"
1636,4,5335,"14.040 TND","2026-03-23 15:56:34.972",NULL,"y"
1637,4,5336,"37.440 TND","2026-03-23 15:56:34.972",NULL,"y"
1638,4,5337,"90.480 TND","2026-03-23 15:56:34.972",NULL,"y"
1639,4,5338,"109.200 TND","2026-03-23 15:56:34.972",NULL,"y"
1640,4,5340,"59.280 TND","2026-03-23 15:56:34.972",NULL,"y"
1641,4,5341,"24.960 TND","2026-03-23 15:56:34.972",NULL,"y"
1642,4,5342,"24.960 TND","2026-03-23 15:56:34.972",NULL,"y"
1643,4,5343,"43.680 TND","2026-03-23 15:56:34.972",NULL,"y"
1644,4,5344,"28.080 TND","2026-03-23 15:56:34.972",NULL,"y"
1645,4,5345,"37.440 TND","2026-03-23 15:56:34.972",NULL,"y"
1646,4,5346,"49.920 TND","2026-03-23 15:56:34.972",NULL,"y"
1647,4,5347,"49.920 TND","2026-03-23 15:56:34.972",NULL,"y"
1648,4,5348,"56.160 TND","2026-03-23 15:56:34.972",NULL,"y"
1649,4,5349,"24.960 TND","2026-03-23 15:56:34.972",NULL,"y"
1650,4,5351,"18.720 TND","2026-03-23 15:56:34.972",NULL,"y"
1651,4,5353,"37.440 TND","2026-03-23 15:56:34.972",NULL,"y"
1652,4,5354,"296.400 TND","2026-03-23 15:56:34.972",NULL,"y"
1653,4,5355,"296.400 TND","2026-03-23 15:56:34.972",NULL,"y"
1654,4,5356,"436.800 TND","2026-03-23 15:56:34.972",NULL,"y"
1655,4,5357,"249.600 TND","2026-03-23 15:56:34.972",NULL,"y"
1656,4,5358,"218.400 TND","2026-03-23 15:56:34.972",NULL,"y"
1657,4,5359,"468.000 TND","2026-03-23 15:56:34.972",NULL,"y"
1658,4,5360,"702.000 TND","2026-03-23 15:56:34.972",NULL,"y"
1659,4,5361,"280.800 TND","2026-03-23 15:56:34.972",NULL,"y"
1660,4,5362,"187.200 TND","2026-03-23 15:56:34.972",NULL,"y"
1661,4,5363,"592.800 TND","2026-03-23 15:56:34.972",NULL,"y"
1662,4,5364,"842.400 TND","2026-03-23 15:56:34.972",NULL,"y"
1663,4,5371,"53.040 TND","2026-03-23 15:56:34.972",NULL,"y"
1664,4,5372,"53.040 TND","2026-03-23 15:56:34.972",NULL,"y"
1665,4,5373,"390.000 TND","2026-03-23 15:56:34.972",NULL,"y"
1666,4,5374,"249.600 TND","2026-03-23 15:56:34.972",NULL,"y"
1667,4,5377,"249.600 TND","2026-03-23 15:56:34.972",NULL,"y"
1668,4,5378,"1,014.000 TND","2026-03-23 15:56:34.972",NULL,"y"
1669,4,5379,"661.440 TND","2026-03-23 15:56:34.972",NULL,"y"
1670,4,5381,"180.960 TND","2026-03-23 15:56:34.972",NULL,"y"
1671,4,5383,"365.040 TND","2026-03-23 15:56:34.972",NULL,"y"
1672,4,5392,"299.520 TND","2026-03-23 15:56:34.972",NULL,"y"
1673,4,5400,"118.560 TND","2026-03-23 15:56:34.972",NULL,"y"
1674,4,5401,"118.560 TND","2026-03-23 15:56:34.972",NULL,"y"
1675,4,5402,"118.560 TND","2026-03-23 15:56:34.972",NULL,"y"
1676,4,5403,"118.560 TND","2026-03-23 15:56:34.972",NULL,"y"
1677,4,5404,"118.560 TND","2026-03-23 15:56:34.972",NULL,"y"
1678,4,5407,"363.480 TND","2026-03-23 15:56:34.972",NULL,"y"
1679,4,5409,"661.440 TND","2026-03-23 15:56:34.972",NULL,"y"
1680,4,5413,"98.280 TND","2026-03-23 15:56:34.972",NULL,"y"
1681,4,5414,"299.520 TND","2026-03-23 15:56:34.972",NULL,"y"
1682,4,5415,"486.720 TND","2026-03-23 15:56:34.972",NULL,"y"
1683,4,5417,"243.360 TND","2026-03-23 15:56:34.972",NULL,"y"
1684,4,5418,"390.000 TND","2026-03-23 15:56:34.972",NULL,"y"
1685,4,5419,"390.000 TND","2026-03-23 15:56:34.972",NULL,"y"
1686,4,5420,"159.120 TND","2026-03-23 15:56:34.972",NULL,"y"
1687,4,5421,"184.080 TND","2026-03-23 15:56:34.972",NULL,"y"
1688,4,5422,"99.840 TND","2026-03-23 15:56:34.972",NULL,"y"
1689,4,5423,"99.840 TND","2026-03-23 15:56:34.972",NULL,"y"
1690,4,5425,"159.120 TND","2026-03-23 15:56:34.972",NULL,"y"
1691,4,5427,"99.840 TND","2026-03-23 15:56:34.972",NULL,"y"
1692,4,5430,"452.400 TND","2026-03-23 15:56:34.972",NULL,"y"
1693,4,5433,"46.800 TND","2026-03-23 15:56:34.972",NULL,"y"
1694,4,5435,"109.200 TND","2026-03-23 15:56:34.972",NULL,"y"
1695,4,5438,"46.800 TND","2026-03-23 15:56:34.972",NULL,"y"
1696,4,5442,"393.120 TND","2026-03-23 15:56:34.972",NULL,"y"
1697,4,5443,"305.760 TND","2026-03-23 15:56:34.972",NULL,"y"
1698,4,5444,"305.760 TND","2026-03-23 15:56:34.972",NULL,"y"
1699,4,5445,"305.760 TND","2026-03-23 15:56:34.972",NULL,"y"
1700,4,5446,"156.000 TND","2026-03-23 15:56:34.972",NULL,"y"
1701,4,5447,"46.800 TND","2026-03-23 15:56:34.972",NULL,"y"
1702,4,5448,"46.800 TND","2026-03-23 15:56:34.972",NULL,"y"
1703,4,5449,"46.800 TND","2026-03-23 15:56:34.972",NULL,"y"
1704,4,5450,"46.800 TND","2026-03-23 15:56:34.972",NULL,"y"
1705,4,5451,"46.800 TND","2026-03-23 15:56:34.972",NULL,"y"
1706,4,5452,"93.600 TND","2026-03-23 15:56:34.972",NULL,"y"
1707,4,5453,"93.600 TND","2026-03-23 15:56:34.972",NULL,"y"
1708,4,5454,"280.800 TND","2026-03-23 15:56:34.972",NULL,"y"
1709,4,5455,"280.800 TND","2026-03-23 15:56:34.972",NULL,"y"
1710,4,5456,"305.760 TND","2026-03-23 15:56:34.972",NULL,"y"
1711,4,5458,"305.760 TND","2026-03-23 15:56:34.972",NULL,"y"
1712,4,5459,"305.760 TND","2026-03-23 15:56:34.972",NULL,"y"
1713,4,5460,"305.760 TND","2026-03-23 15:56:34.972",NULL,"y"
1714,4,5462,"305.760 TND","2026-03-23 15:56:34.972",NULL,"y"
1715,4,5463,"305.760 TND","2026-03-23 15:56:34.972",NULL,"y"
1716,4,5465,"305.760 TND","2026-03-23 15:56:34.972",NULL,"y"
1717,4,5466,"305.760 TND","2026-03-23 15:56:34.972",NULL,"y"
1718,4,5467,"305.760 TND","2026-03-23 15:56:34.972",NULL,"y"
1719,4,5468,"305.760 TND","2026-03-23 15:56:34.972",NULL,"y"
1720,4,5469,"305.760 TND","2026-03-23 15:56:34.972",NULL,"y"
1721,4,5470,"305.760 TND","2026-03-23 15:56:34.972",NULL,"y"
1722,4,5471,"305.760 TND","2026-03-23 15:56:34.972",NULL,"y"
1723,4,5472,"305.760 TND","2026-03-23 15:56:34.972",NULL,"y"
1724,4,5473,"305.760 TND","2026-03-23 15:56:34.972",NULL,"y"
1725,4,5474,"305.760 TND","2026-03-23 15:56:34.972",NULL,"y"
1726,4,5475,"305.760 TND","2026-03-23 15:56:34.972",NULL,"y"
1727,4,5476,"305.760 TND","2026-03-23 15:56:34.972",NULL,"y"
1728,4,5477,"305.760 TND","2026-03-23 15:56:34.972",NULL,"y"
1729,4,5478,"87.360 TND","2026-03-23 15:56:34.972",NULL,"y"
1730,4,5479,"312.000 TND","2026-03-23 15:56:34.972",NULL,"y"
1731,4,5480,"305.760 TND","2026-03-23 15:56:34.972",NULL,"y"
1732,4,5481,"305.760 TND","2026-03-23 15:56:34.972",NULL,"y"
1733,4,5482,"87.360 TND","2026-03-23 15:56:34.972",NULL,"y"
1734,4,5483,"327.600 TND","2026-03-23 15:56:34.972",NULL,"y"
1735,4,5484,"655.200 TND","2026-03-23 15:56:34.972",NULL,"y"
1736,4,5485,"343.200 TND","2026-03-23 15:56:34.972",NULL,"y"
1737,4,5486,"318.240 TND","2026-03-23 15:56:34.972",NULL,"y"
1738,4,5487,"468.000 TND","2026-03-23 15:56:34.972",NULL,"y"
1739,4,5488,"305.760 TND","2026-03-23 15:56:34.972",NULL,"y"
1740,4,5489,"312.000 TND","2026-03-23 15:56:34.972",NULL,"y"
1741,4,5490,"620.880 TND","2026-03-23 15:56:34.972",NULL,"y"
1742,4,5491,"340.080 TND","2026-03-23 15:56:34.972",NULL,"y"
1743,4,5492,"580.320 TND","2026-03-23 15:56:34.972",NULL,"y"
1744,4,5493,"592.800 TND","2026-03-23 15:56:34.972",NULL,"y"
1745,4,5494,"352.560 TND","2026-03-23 15:56:34.972",NULL,"y"
1746,4,5495,"352.560 TND","2026-03-23 15:56:34.972",NULL,"y"
1747,4,5496,"361.920 TND","2026-03-23 15:56:34.972",NULL,"y"
1748,4,5497,"62.400 TND","2026-03-23 15:56:34.972",NULL,"y"
1749,4,5498,"62.400 TND","2026-03-23 15:56:34.972",NULL,"y"
1750,4,5499,"156.000 TND","2026-03-23 15:56:34.972",NULL,"y"
1751,4,5500,"156.000 TND","2026-03-23 15:56:34.972",NULL,"y"
1752,4,5501,"312.000 TND","2026-03-23 15:56:34.972",NULL,"y"
1753,4,5502,"312.000 TND","2026-03-23 15:56:34.972",NULL,"y"
1754,4,5503,"312.000 TND","2026-03-23 15:56:34.972",NULL,"y"
1755,4,5504,"156.000 TND","2026-03-23 15:56:34.972",NULL,"y"
1756,4,5505,"156.000 TND","2026-03-23 15:56:34.972",NULL,"y"
1757,4,5506,"156.000 TND","2026-03-23 15:56:34.972",NULL,"y"
1758,4,5507,"312.000 TND","2026-03-23 15:56:34.972",NULL,"y"
1759,4,5508,"312.000 TND","2026-03-23 15:56:34.972",NULL,"y"
1760,4,5509,"78.000 TND","2026-03-23 15:56:34.972",NULL,"y"
1761,4,5510,"218.400 TND","2026-03-23 15:56:34.972",NULL,"y"
1762,4,5511,"56.160 TND","2026-03-23 15:56:34.972",NULL,"y"
1763,4,5513,"176.904 TND","2026-03-23 15:56:34.972",NULL,"y"
1764,4,5514,"176.904 TND","2026-03-23 15:56:34.972",NULL,"y"
1765,4,5515,"176.904 TND","2026-03-23 15:56:34.972",NULL,"y"
1766,4,5516,"176.904 TND","2026-03-23 15:56:34.972",NULL,"y"
1767,4,5517,"176.904 TND","2026-03-23 15:56:34.972",NULL,"y"
1768,4,5518,"176.904 TND","2026-03-23 15:56:34.972",NULL,"y"
1769,4,5519,"176.904 TND","2026-03-23 15:56:34.972",NULL,"y"
1770,4,5520,"176.904 TND","2026-03-23 15:56:34.972",NULL,"y"
1771,4,5521,"176.904 TND","2026-03-23 15:56:34.972",NULL,"y"
1772,4,5522,"176.904 TND","2026-03-23 15:56:34.972",NULL,"y"
1773,4,5523,"176.904 TND","2026-03-23 15:56:34.972",NULL,"y"
1774,4,5524,"176.904 TND","2026-03-23 15:56:34.972",NULL,"y"
1775,4,5525,"176.904 TND","2026-03-23 15:56:34.972",NULL,"y"
1776,4,5526,"93.600 TND","2026-03-23 15:56:34.972",NULL,"y"
1777,4,5527,"93.600 TND","2026-03-23 15:56:34.972",NULL,"y"
1778,4,5529,"62.400 TND","2026-03-23 15:56:34.972",NULL,"y"
1779,4,5531,"62.400 TND","2026-03-23 15:56:34.972",NULL,"y"
1780,4,5534,"46.800 TND","2026-03-23 15:56:34.972",NULL,"y"
1781,4,5535,"31.200 TND","2026-03-23 15:56:34.972",NULL,"y"
1782,4,5536,"62.400 TND","2026-03-23 15:56:34.972",NULL,"y"
1783,4,5537,"402.480 TND","2026-03-23 15:56:34.972",NULL,"y"
1784,4,5538,"234.000 TND","2026-03-23 15:56:34.972",NULL,"y"
1785,4,5539,"234.000 TND","2026-03-23 15:56:34.972",NULL,"y"
1786,4,5541,"234.000 TND","2026-03-23 15:56:34.972",NULL,"y"
1787,4,5542,"234.000 TND","2026-03-23 15:56:34.972",NULL,"y"
1788,4,5544,"14.040 TND","2026-03-23 15:56:34.972",NULL,"y"
1789,4,5545,"14.040 TND","2026-03-23 15:56:34.972",NULL,"y"
1790,4,5546,"14.040 TND","2026-03-23 15:56:34.972",NULL,"y"
1791,4,5547,"14.040 TND","2026-03-23 15:56:34.972",NULL,"y"
1792,4,5548,"14.040 TND","2026-03-23 15:56:34.972",NULL,"y"
1793,4,5549,"14.040 TND","2026-03-23 15:56:34.972",NULL,"y"
1794,4,5550,"14.040 TND","2026-03-23 15:56:34.972",NULL,"y"
1795,4,5551,"62.400 TND","2026-03-23 15:56:34.972",NULL,"y"
1796,4,5552,"78.000 TND","2026-03-23 15:56:34.972",NULL,"y"
1797,4,5556,"37.440 TND","2026-03-23 15:56:34.972",NULL,"y"
1798,4,5557,"156.000 TND","2026-03-23 15:56:34.972",NULL,"y"
1799,4,5559,"11.700 TND","2026-03-23 15:56:34.972",NULL,"y"
1800,4,5560,"11.700 TND","2026-03-23 15:56:34.972",NULL,"y"
1801,4,5561,"11.700 TND","2026-03-23 15:56:34.972",NULL,"y"
1802,4,5563,"26.364 TND","2026-03-23 15:56:34.972",NULL,"y"
1803,4,5564,"26.364 TND","2026-03-23 15:56:34.972",NULL,"y"
1804,4,5565,"11.700 TND","2026-03-23 15:56:34.972",NULL,"y"
1805,4,5571,"19.438 TND","2026-03-23 15:56:34.972",NULL,"y"
1806,4,5575,"224.640 TND","2026-03-23 15:56:34.972",NULL,"y"
1807,4,5576,"224.640 TND","2026-03-23 15:56:34.972",NULL,"y"
1808,4,5577,"224.640 TND","2026-03-23 15:56:34.972",NULL,"y"
1809,4,5578,"224.640 TND","2026-03-23 15:56:34.972",NULL,"y"
1810,4,5579,"117.000 TND","2026-03-23 15:56:34.972",NULL,"y"
1811,4,5580,"117.000 TND","2026-03-23 15:56:34.972",NULL,"y"
1812,4,5581,"117.000 TND","2026-03-23 15:56:34.972",NULL,"y"
1813,4,5582,"117.000 TND","2026-03-23 15:56:34.972",NULL,"y"
1814,4,5583,"13.042 TND","2026-03-23 15:56:34.972",NULL,"y"
1815,4,5584,"13.042 TND","2026-03-23 15:56:34.972",NULL,"y"
1816,4,5585,"13.042 TND","2026-03-23 15:56:34.972",NULL,"y"
1817,4,5586,"13.042 TND","2026-03-23 15:56:34.972",NULL,"y"
1818,4,5587,"13.042 TND","2026-03-23 15:56:34.972",NULL,"y"
1819,4,5588,"13.042 TND","2026-03-23 15:56:34.972",NULL,"y"
1820,4,5589,"13.042 TND","2026-03-23 15:56:34.972",NULL,"y"
1821,4,5590,"13.042 TND","2026-03-23 15:56:34.972",NULL,"y"
1822,4,5591,"13.042 TND","2026-03-23 15:56:34.972",NULL,"y"
1823,4,5594,"18.720 TND","2026-03-23 15:56:34.972",NULL,"y"
1824,4,5595,"14.040 TND","2026-03-23 15:56:34.972",NULL,"y"
1825,4,5599,"14.040 TND","2026-03-23 15:56:34.972",NULL,"y"
1826,4,5602,"10.858 TND","2026-03-23 15:56:34.972",NULL,"y"
1827,4,5616,"10.920 TND","2026-03-23 15:56:34.972",NULL,"y"
1828,4,5618,"10.920 TND","2026-03-23 15:56:34.972",NULL,"y"
1829,4,5619,"10.920 TND","2026-03-23 15:56:34.972",NULL,"y"
1830,4,5620,"10.920 TND","2026-03-23 15:56:34.972",NULL,"y"
1831,4,5621,"15.600 TND","2026-03-23 15:56:34.988",NULL,"y"
1832,4,5622,"14.040 TND","2026-03-23 15:56:34.988",NULL,"y"
1833,4,5623,"15.600 TND","2026-03-23 15:56:34.988",NULL,"y"
1834,4,5624,"15.600 TND","2026-03-23 15:56:34.988",NULL,"y"
1835,4,5625,"15.600 TND","2026-03-23 15:56:34.988",NULL,"y"
1836,4,5626,"15.600 TND","2026-03-23 15:56:34.988",NULL,"y"
1837,4,5627,"15.600 TND","2026-03-23 15:56:34.988",NULL,"y"
1838,4,5628,"76.440 TND","2026-03-23 15:56:34.988",NULL,"y"
1839,4,5629,"76.440 TND","2026-03-23 15:56:34.988",NULL,"y"
1840,4,5630,"76.440 TND","2026-03-23 15:56:34.988",NULL,"y"
1841,4,5631,"26.520 TND","2026-03-23 15:56:34.988",NULL,"y"
1842,4,5632,"26.520 TND","2026-03-23 15:56:34.988",NULL,"y"
1843,4,5633,"76.440 TND","2026-03-23 15:56:34.988",NULL,"y"
1844,4,5634,"76.440 TND","2026-03-23 15:56:34.988",NULL,"y"
1845,4,5635,"76.440 TND","2026-03-23 15:56:34.988",NULL,"y"
1846,4,5636,"56.160 TND","2026-03-23 15:56:34.988",NULL,"y"
1847,4,5637,"56.160 TND","2026-03-23 15:56:34.988",NULL,"y"
1848,4,5638,"56.160 TND","2026-03-23 15:56:34.988",NULL,"y"
1849,4,5639,"53.040 TND","2026-03-23 15:56:34.988",NULL,"y"
1850,4,5640,"53.040 TND","2026-03-23 15:56:34.988",NULL,"y"
1851,4,5641,"53.040 TND","2026-03-23 15:56:34.988",NULL,"y"
1852,4,5642,"60.840 TND","2026-03-23 15:56:34.988",NULL,"y"
1853,4,5643,"60.840 TND","2026-03-23 15:56:34.988",NULL,"y"
1854,4,5644,"54.600 TND","2026-03-23 15:56:34.988",NULL,"y"
1855,4,5645,"54.600 TND","2026-03-23 15:56:34.988",NULL,"y"
1856,4,5646,"37.440 TND","2026-03-23 15:56:34.988",NULL,"y"
1857,4,5647,"37.440 TND","2026-03-23 15:56:34.988",NULL,"y"
1858,4,5648,"23.400 TND","2026-03-23 15:56:34.988",NULL,"y"
1859,4,5649,"23.400 TND","2026-03-23 15:56:34.988",NULL,"y"
1860,4,5650,"23.400 TND","2026-03-23 15:56:34.988",NULL,"y"
1861,4,5651,"23.400 TND","2026-03-23 15:56:34.988",NULL,"y"
1862,4,5652,"23.400 TND","2026-03-23 15:56:34.988",NULL,"y"
1863,4,5653,"53.040 TND","2026-03-23 15:56:34.988",NULL,"y"
1864,4,5654,"53.040 TND","2026-03-23 15:56:34.988",NULL,"y"
1865,4,5655,"35.880 TND","2026-03-23 15:56:34.988",NULL,"y"
1866,4,5656,"42.120 TND","2026-03-23 15:56:34.988",NULL,"y"
1867,4,5657,"42.120 TND","2026-03-23 15:56:34.988",NULL,"y"
1868,4,5658,"42.120 TND","2026-03-23 15:56:34.988",NULL,"y"
1869,4,5659,"37.440 TND","2026-03-23 15:56:34.988",NULL,"y"
1870,4,5660,"37.440 TND","2026-03-23 15:56:34.988",NULL,"y"
1871,4,5661,"42.120 TND","2026-03-23 15:56:34.988",NULL,"y"
1872,4,5662,"42.120 TND","2026-03-23 15:56:34.988",NULL,"y"
1873,4,5663,"42.120 TND","2026-03-23 15:56:34.988",NULL,"y"
1874,4,5664,"35.880 TND","2026-03-23 15:56:34.988",NULL,"y"
1875,4,5665,"35.880 TND","2026-03-23 15:56:34.988",NULL,"y"
1876,4,5666,"15.600 TND","2026-03-23 15:56:34.988",NULL,"y"
1877,4,5667,"15.600 TND","2026-03-23 15:56:34.988",NULL,"y"
1878,4,5668,"374.400 TND","2026-03-23 15:56:34.988",NULL,"y"
1879,4,5669,"374.400 TND","2026-03-23 15:56:34.988",NULL,"y"
1880,4,5671,"34.320 TND","2026-03-23 15:56:34.988",NULL,"y"
1881,4,5672,"34.320 TND","2026-03-23 15:56:34.988",NULL,"y"
1882,4,5673,"21.840 TND","2026-03-23 15:56:34.988",NULL,"y"
1883,4,5675,"15.600 TND","2026-03-23 15:56:34.988",NULL,"y"
1884,4,5676,"15.600 TND","2026-03-23 15:56:34.988",NULL,"y"
1885,4,5680,"12.480 TND","2026-03-23 15:56:34.988",NULL,"y"
1886,4,5681,"12.480 TND","2026-03-23 15:56:34.988",NULL,"y"
1887,4,5682,"12.480 TND","2026-03-23 15:56:34.988",NULL,"y"
1888,4,5683,"39.000 TND","2026-03-23 15:56:34.988",NULL,"y"
1889,4,5684,"29.640 TND","2026-03-23 15:56:34.988",NULL,"y"
1890,4,5685,"76.440 TND","2026-03-23 15:56:34.988",NULL,"y"
1891,4,5686,"39.000 TND","2026-03-23 15:56:34.988",NULL,"y"
1892,4,5687,"54.600 TND","2026-03-23 15:56:34.988",NULL,"y"
1893,4,5688,"54.600 TND","2026-03-23 15:56:34.988",NULL,"y"
1894,4,5689,"54.600 TND","2026-03-23 15:56:34.988",NULL,"y"
1895,4,5690,"39.000 TND","2026-03-23 15:56:34.988",NULL,"y"
1896,4,5691,"39.000 TND","2026-03-23 15:56:34.988",NULL,"y"
1897,4,5692,"39.000 TND","2026-03-23 15:56:34.988",NULL,"y"
1898,4,5693,"23.400 TND","2026-03-23 15:56:34.988",NULL,"y"
1899,4,5694,"15.600 TND","2026-03-23 15:56:34.988",NULL,"y"
1900,4,5695,"15.600 TND","2026-03-23 15:56:34.988",NULL,"y"
1901,4,5696,"15.600 TND","2026-03-23 15:56:34.988",NULL,"y"
1902,4,5697,"34.320 TND","2026-03-23 15:56:34.988",NULL,"y"
1903,4,5698,"34.320 TND","2026-03-23 15:56:34.988",NULL,"y"
1904,4,5699,"34.320 TND","2026-03-23 15:56:34.988",NULL,"y"
1905,4,5700,"34.320 TND","2026-03-23 15:56:34.988",NULL,"y"
1906,4,5701,"15.600 TND","2026-03-23 15:56:34.988",NULL,"y"
1907,4,5702,"15.600 TND","2026-03-23 15:56:34.988",NULL,"y"
1908,4,5703,"15.600 TND","2026-03-23 15:56:34.988",NULL,"y"
1909,4,5704,"15.600 TND","2026-03-23 15:56:34.988",NULL,"y"
1910,4,5705,"15.600 TND","2026-03-23 15:56:34.988",NULL,"y"
1911,4,5706,"15.600 TND","2026-03-23 15:56:34.988",NULL,"y"
1912,4,5707,"15.600 TND","2026-03-23 15:56:34.988",NULL,"y"
1913,4,5708,"15.600 TND","2026-03-23 15:56:34.988",NULL,"y"
1914,4,5709,"12.480 TND","2026-03-23 15:56:34.988",NULL,"y"
1915,4,5710,"18.720 TND","2026-03-23 15:56:34.988",NULL,"y"
1916,4,5711,"12.480 TND","2026-03-23 15:56:34.988",NULL,"y"
1917,4,5712,"15.600 TND","2026-03-23 15:56:34.988",NULL,"y"
1918,4,5713,"15.600 TND","2026-03-23 15:56:34.988",NULL,"y"
1919,4,5714,"12.480 TND","2026-03-23 15:56:34.988",NULL,"y"
1920,4,5715,"12.480 TND","2026-03-23 15:56:34.988",NULL,"y"
1921,4,5716,"12.480 TND","2026-03-23 15:56:34.988",NULL,"y"
1922,4,5717,"12.480 TND","2026-03-23 15:56:34.988",NULL,"y"
1923,4,5718,"12.480 TND","2026-03-23 15:56:34.988",NULL,"y"
1924,4,5719,"15.600 TND","2026-03-23 15:56:34.988",NULL,"y"
1925,4,5720,"12.480 TND","2026-03-23 15:56:34.988",NULL,"y"
1926,4,5721,"15.600 TND","2026-03-23 15:56:34.988",NULL,"y"
1927,4,5722,"15.600 TND","2026-03-23 15:56:34.988",NULL,"y"
1928,4,5723,"15.600 TND","2026-03-23 15:56:34.988",NULL,"y"
1929,4,5724,"15.600 TND","2026-03-23 15:56:34.988",NULL,"y"
1930,4,5725,"18.720 TND","2026-03-23 15:56:34.988",NULL,"y"
1931,4,5726,"18.720 TND","2026-03-23 15:56:34.988",NULL,"y"
1932,4,5727,"156.000 TND","2026-03-23 15:56:34.988",NULL,"y"
1933,4,5728,"15.600 TND","2026-03-23 15:56:34.988",NULL,"y"
1934,4,5729,"53.040 TND","2026-03-23 15:56:34.988",NULL,"y"
1935,4,5730,"76.440 TND","2026-03-23 15:56:34.988",NULL,"y"
1936,4,5731,"53.040 TND","2026-03-23 15:56:34.988",NULL,"y"
1937,4,5732,"15.600 TND","2026-03-23 15:56:34.988",NULL,"y"
1938,4,5733,"21.840 TND","2026-03-23 15:56:34.988",NULL,"y"
1939,4,5734,"15.600 TND","2026-03-23 15:56:34.988",NULL,"y"
1940,4,5735,"15.600 TND","2026-03-23 15:56:34.988",NULL,"y"
1941,4,5736,"15.600 TND","2026-03-23 15:56:34.988",NULL,"y"
1942,4,5737,"15.600 TND","2026-03-23 15:56:34.988",NULL,"y"
1943,4,5738,"16.380 TND","2026-03-23 15:56:34.988",NULL,"y"
1944,4,5739,"16.380 TND","2026-03-23 15:56:34.988",NULL,"y"
1945,4,5740,"10.920 TND","2026-03-23 15:56:34.988",NULL,"y"
1946,4,5741,"10.920 TND","2026-03-23 15:56:34.988",NULL,"y"
1947,4,5743,"15.600 TND","2026-03-23 15:56:34.988",NULL,"y"
1948,4,5744,"15.600 TND","2026-03-23 15:56:34.988",NULL,"y"
1949,4,5746,"15.600 TND","2026-03-23 15:56:34.988",NULL,"y"
1950,4,5747,"15.600 TND","2026-03-23 15:56:34.988",NULL,"y"
1951,4,5748,"10.920 TND","2026-03-23 15:56:34.988",NULL,"y"
1952,4,5749,"9.360 TND","2026-03-23 15:56:34.988",NULL,"y"
1953,4,5751,"12.480 TND","2026-03-23 15:56:34.988",NULL,"y"
1954,4,5755,"12.480 TND","2026-03-23 15:56:34.988",NULL,"y"
1955,4,5756,"7.800 TND","2026-03-23 15:56:34.988",NULL,"y"
1956,4,5757,"7.800 TND","2026-03-23 15:56:34.988",NULL,"y"
1957,4,5758,"12.480 TND","2026-03-23 15:56:34.988",NULL,"y"
1958,4,5759,"9.922 TND","2026-03-23 15:56:34.988",NULL,"y"
1959,4,5760,"9.922 TND","2026-03-23 15:56:34.988",NULL,"y"
1960,4,5761,"9.204 TND","2026-03-23 15:56:34.988",NULL,"y"
1961,4,5762,"9.204 TND","2026-03-23 15:56:34.988",NULL,"y"
1962,4,5763,"8.518 TND","2026-03-23 15:56:34.988",NULL,"y"
1963,4,5765,"15.600 TND","2026-03-23 15:56:34.988",NULL,"y"
1964,4,5766,"51.480 TND","2026-03-23 15:56:34.988",NULL,"y"
1965,4,5767,"51.480 TND","2026-03-23 15:56:34.988",NULL,"y"
1966,4,5768,"57.720 TND","2026-03-23 15:56:34.988",NULL,"y"
1967,4,5769,"57.720 TND","2026-03-23 15:56:34.988",NULL,"y"
1968,4,5770,"57.720 TND","2026-03-23 15:56:34.988",NULL,"y"
1969,4,5771,"26.520 TND","2026-03-23 15:56:34.988",NULL,"y"
1970,4,5772,"26.520 TND","2026-03-23 15:56:34.988",NULL,"y"
1971,4,5773,"26.520 TND","2026-03-23 15:56:34.988",NULL,"y"
1972,4,5774,"26.520 TND","2026-03-23 15:56:34.988",NULL,"y"
1973,4,5775,"18.720 TND","2026-03-23 15:56:34.988",NULL,"y"
1974,4,5776,"14.040 TND","2026-03-23 15:56:34.988",NULL,"y"
1975,4,5777,"21.840 TND","2026-03-23 15:56:34.988",NULL,"y"
1976,4,5778,"21.840 TND","2026-03-23 15:56:34.988",NULL,"y"
1977,4,5779,"43.680 TND","2026-03-23 15:56:34.988",NULL,"y"
1978,4,5780,"28.080 TND","2026-03-23 15:56:34.988",NULL,"y"
1979,4,5781,"21.840 TND","2026-03-23 15:56:34.988",NULL,"y"
1980,4,5782,"28.080 TND","2026-03-23 15:56:34.988",NULL,"y"
1981,4,5783,"18.720 TND","2026-03-23 15:56:34.988",NULL,"y"
1982,4,5784,"12.480 TND","2026-03-23 15:56:34.988",NULL,"y"
1983,4,5785,"15.600 TND","2026-03-23 15:56:34.988",NULL,"y"
1984,4,5786,"15.600 TND","2026-03-23 15:56:34.988",NULL,"y"
1985,4,5787,"21.840 TND","2026-03-23 15:56:34.988",NULL,"y"
1986,4,5788,"21.840 TND","2026-03-23 15:56:34.988",NULL,"y"
1987,4,5789,"21.840 TND","2026-03-23 15:56:34.988",NULL,"y"
1988,4,5790,"21.840 TND","2026-03-23 15:56:34.988",NULL,"y"
1989,4,5791,"28.080 TND","2026-03-23 15:56:34.988",NULL,"y"
1990,4,5792,"43.680 TND","2026-03-23 15:56:34.988",NULL,"y"
1991,4,5793,"34.320 TND","2026-03-23 15:56:34.988",NULL,"y"
1992,4,5794,"24.960 TND","2026-03-23 15:56:34.988",NULL,"y"
1993,4,5795,"37.440 TND","2026-03-23 15:56:34.988",NULL,"y"
1994,4,5796,"53.040 TND","2026-03-23 15:56:34.988",NULL,"y"
1995,4,5798,"34.320 TND","2026-03-23 15:56:34.988",NULL,"y"
1996,4,5799,"49.920 TND","2026-03-23 15:56:34.988",NULL,"y"
1997,4,5801,"34.320 TND","2026-03-23 15:56:34.988",NULL,"y"
1998,4,5802,"15.600 TND","2026-03-23 15:56:34.988",NULL,"y"
1999,4,5803,"76.440 TND","2026-03-23 15:56:34.988",NULL,"y"
2000,4,5806,"49.920 TND","2026-03-23 15:56:34.988",NULL,"y"
2001,4,5807,"15.600 TND","2026-03-23 15:56:34.988",NULL,"y"
2002,4,5809,"21.840 TND","2026-03-23 15:56:34.988",NULL,"y"
2003,4,5810,"15.600 TND","2026-03-23 15:56:34.988",NULL,"y"
2004,4,5811,"21.840 TND","2026-03-23 15:56:34.988",NULL,"y"
2005,4,5812,"24.960 TND","2026-03-23 15:56:34.988",NULL,"y"
2006,4,5813,"15.600 TND","2026-03-23 15:56:34.988",NULL,"y"
2007,4,5814,"12.480 TND","2026-03-23 15:56:34.988",NULL,"y"
2008,4,5815,"15.600 TND","2026-03-23 15:56:34.988",NULL,"y"
2009,4,5816,"46.800 TND","2026-03-23 15:56:34.988",NULL,"y"
2010,4,5817,"16.380 TND","2026-03-23 15:56:34.988",NULL,"y"
2011,4,5818,"56.160 TND","2026-03-23 15:56:34.988",NULL,"y"
2012,4,5819,"20.280 TND","2026-03-23 15:56:34.988",NULL,"y"
2013,4,5820,"68.640 TND","2026-03-23 15:56:34.988",NULL,"y"
2014,4,5821,"12.480 TND","2026-03-23 15:56:34.988",NULL,"y"
2015,4,5822,"24.960 TND","2026-03-23 15:56:34.988",NULL,"y"
2016,4,5823,"15.600 TND","2026-03-23 15:56:34.988",NULL,"y"
2017,4,5824,"24.960 TND","2026-03-23 15:56:34.988",NULL,"y"
2018,4,5825,"78.000 TND","2026-03-23 15:56:34.988",NULL,"y"
2019,4,5826,"37.440 TND","2026-03-23 15:56:34.988",NULL,"y"
2020,4,5827,"37.440 TND","2026-03-23 15:56:34.988",NULL,"y"
2021,4,5828,"15.600 TND","2026-03-23 15:56:34.988",NULL,"y"
2022,4,5797,"21.840 TND","2026-03-23 15:56:34.988",NULL,"y"
2023,4,5829,"37.440 TND","2026-03-23 15:56:34.988",NULL,"y"
2024,4,5830,"37.440 TND","2026-03-23 15:56:34.988",NULL,"y"
2025,4,5831,"48.204 TND","2026-03-23 15:56:34.988",NULL,"y"
2026,4,5832,"68.640 TND","2026-03-23 15:56:34.988",NULL,"y"
2027,4,5833,"15.600 TND","2026-03-23 15:56:34.988",NULL,"y"
2028,4,5834,"26.520 TND","2026-03-23 15:56:34.988",NULL,"y"
2029,4,5835,"21.840 TND","2026-03-23 15:56:34.988",NULL,"y"
2030,4,5836,"15.600 TND","2026-03-23 15:56:34.988",NULL,"y"
2031,4,5837,"9.360 TND","2026-03-23 15:56:34.988",NULL,"y"
2032,4,5838,"9.360 TND","2026-03-23 15:56:34.988",NULL,"y"
2033,4,5839,"15.600 TND","2026-03-23 15:56:34.988",NULL,"y"
2034,4,5840,"8.580 TND","2026-03-23 15:56:34.988",NULL,"y"
2035,4,5841,"9.984 TND","2026-03-23 15:56:34.988",NULL,"y"
2036,4,5842,"18.720 TND","2026-03-23 15:56:34.988",NULL,"y"
2037,4,5843,"15.600 TND","2026-03-23 15:56:34.988",NULL,"y"
2038,4,5844,"21.840 TND","2026-03-23 15:56:34.988",NULL,"y"
2039,4,5845,"25.272 TND","2026-03-23 15:56:34.988",NULL,"y"
2040,4,5846,"31.200 TND","2026-03-23 15:56:34.988",NULL,"y"
2041,4,5847,"31.200 TND","2026-03-23 15:56:34.988",NULL,"y"
2042,4,5848,"15.600 TND","2026-03-23 15:56:34.988",NULL,"y"
2043,4,5849,"43.680 TND","2026-03-23 15:56:34.988",NULL,"y"
2044,4,5850,"15.600 TND","2026-03-23 15:56:34.988",NULL,"y"
2045,4,5851,"15.600 TND","2026-03-23 15:56:34.988",NULL,"y"
2046,4,5852,"25.272 TND","2026-03-23 15:56:34.988",NULL,"y"
2047,4,5853,"15.600 TND","2026-03-23 15:56:34.988",NULL,"y"
2048,4,5854,"15.600 TND","2026-03-23 15:56:34.988",NULL,"y"
2049,4,5855,"15.600 TND","2026-03-23 15:56:34.988",NULL,"y"
2050,4,5856,"15.600 TND","2026-03-23 15:56:34.988",NULL,"y"
2051,4,5857,"15.600 TND","2026-03-23 15:56:34.988",NULL,"y"
2052,4,5858,"15.600 TND","2026-03-23 15:56:34.988",NULL,"y"
2053,4,5860,"15.600 TND","2026-03-23 15:56:34.988",NULL,"y"
2054,4,5861,"15.600 TND","2026-03-23 15:56:34.988",NULL,"y"
2055,4,5863,"15.600 TND","2026-03-23 15:56:34.988",NULL,"y"
2056,4,5865,"49.920 TND","2026-03-23 15:56:34.988",NULL,"y"
2057,4,5866,"49.920 TND","2026-03-23 15:56:34.988",NULL,"y"
2058,4,5867,"15.600 TND","2026-03-23 15:56:34.988",NULL,"y"
2059,4,5868,"15.600 TND","2026-03-23 15:56:34.988",NULL,"y"
2060,4,5869,"15.600 TND","2026-03-23 15:56:34.988",NULL,"y"
2061,4,5870,"15.600 TND","2026-03-23 15:56:34.988",NULL,"y"
2062,4,5871,"15.600 TND","2026-03-23 15:56:34.988",NULL,"y"
2063,4,5872,"15.600 TND","2026-03-23 15:56:34.988",NULL,"y"
2064,4,5873,"15.600 TND","2026-03-23 15:56:34.988",NULL,"y"
2065,4,5874,"15.600 TND","2026-03-23 15:56:34.988",NULL,"y"
2066,4,5875,"15.600 TND","2026-03-23 15:56:34.988",NULL,"y"
2067,4,5876,"15.600 TND","2026-03-23 15:56:34.988",NULL,"y"
2068,4,5877,"15.600 TND","2026-03-23 15:56:34.988",NULL,"y"
2069,4,5879,"15.600 TND","2026-03-23 15:56:34.988",NULL,"y"
2070,4,5880,"15.600 TND","2026-03-23 15:56:34.988",NULL,"y"
2071,4,5881,"15.600 TND","2026-03-23 15:56:34.988",NULL,"y"
2072,4,5882,"15.600 TND","2026-03-23 15:56:34.988",NULL,"y"
2073,4,5884,"15.600 TND","2026-03-23 15:56:34.988",NULL,"y"
2074,4,5885,"15.600 TND","2026-03-23 15:56:34.988",NULL,"y"
2075,4,5886,"49.920 TND","2026-03-23 15:56:34.988",NULL,"y"
2076,4,5887,"26.302 TND","2026-03-23 15:56:34.988",NULL,"y"
2077,4,5888,"15.600 TND","2026-03-23 15:56:34.988",NULL,"y"
2078,4,5889,"15.600 TND","2026-03-23 15:56:34.988",NULL,"y"
2079,4,5890,"15.600 TND","2026-03-23 15:56:34.988",NULL,"y"
2080,4,5891,"15.600 TND","2026-03-23 15:56:34.988",NULL,"y"
2081,4,5892,"15.600 TND","2026-03-23 15:56:34.988",NULL,"y"
2082,4,5893,"5.616 TND","2026-03-23 15:56:34.988",NULL,"y"
2083,4,5894,"16.224 TND","2026-03-23 15:56:34.988",NULL,"y"
2084,4,5895,"24.960 TND","2026-03-23 15:56:34.988",NULL,"y"
2085,4,5898,"43.680 TND","2026-03-23 15:56:34.988",NULL,"y"
2086,4,5900,"18.720 TND","2026-03-23 15:56:34.988",NULL,"y"
2087,4,5902,"21.840 TND","2026-03-23 15:56:34.988",NULL,"y"
2088,4,5904,"6.240 TND","2026-03-23 15:56:34.988",NULL,"y"
2089,4,5905,"21.840 TND","2026-03-23 15:56:34.988",NULL,"y"
2090,4,5906,"76.440 TND","2026-03-23 15:56:34.988",NULL,"y"
2091,4,5907,"152.880 TND","2026-03-23 15:56:34.988",NULL,"y"
2092,4,5908,"140.400 TND","2026-03-23 15:56:34.988",NULL,"y"
2093,4,5909,"49.920 TND","2026-03-23 15:56:34.988",NULL,"y"
2094,4,5915,"78.000 TND","2026-03-23 15:56:34.988",NULL,"y"
2095,4,5916,"37.440 TND","2026-03-23 15:56:34.988",NULL,"y"
2096,4,5917,"39.000 TND","2026-03-23 15:56:34.988",NULL,"y"
2097,4,5918,"56.160 TND","2026-03-23 15:56:34.988",NULL,"y"
2098,4,5919,"140.400 TND","2026-03-23 15:56:34.988",NULL,"y"
2099,4,5920,"62.400 TND","2026-03-23 15:56:34.988",NULL,"y"
2100,4,5921,"62.400 TND","2026-03-23 15:56:34.988",NULL,"y"
2101,4,5922,"62.400 TND","2026-03-23 15:56:34.988",NULL,"y"
2102,4,5923,"62.400 TND","2026-03-23 15:56:34.988",NULL,"y"
2103,4,5924,"62.400 TND","2026-03-23 15:56:34.988",NULL,"y"
2104,4,5925,"46.800 TND","2026-03-23 15:56:34.988",NULL,"y"
2105,4,5926,"46.800 TND","2026-03-23 15:56:34.988",NULL,"y"
2106,4,5927,"46.800 TND","2026-03-23 15:56:34.988",NULL,"y"
2107,4,5928,"46.800 TND","2026-03-23 15:56:34.988",NULL,"y"
2108,4,5929,"46.800 TND","2026-03-23 15:56:34.988",NULL,"y"
2109,4,5930,"46.800 TND","2026-03-23 15:56:34.988",NULL,"y"
2110,4,5931,"46.800 TND","2026-03-23 15:56:34.988",NULL,"y"
2111,4,5932,"46.800 TND","2026-03-23 15:56:34.988",NULL,"y"
2112,4,5933,"78.000 TND","2026-03-23 15:56:34.988",NULL,"y"
2113,4,5934,"85.800 TND","2026-03-23 15:56:34.988",NULL,"y"
2114,4,5935,"54.600 TND","2026-03-23 15:56:34.988",NULL,"y"
2115,4,5936,"78.000 TND","2026-03-23 15:56:34.988",NULL,"y"
2116,4,5937,"78.000 TND","2026-03-23 15:56:34.988",NULL,"y"
2117,4,5938,"811.200 TND","2026-03-23 15:56:34.988",NULL,"y"
2118,4,5939,"780.000 TND","2026-03-23 15:56:34.988",NULL,"y"
2119,4,5940,"624.000 TND","2026-03-23 15:56:34.988",NULL,"y"
2120,4,5941,"468.000 TND","2026-03-23 15:56:34.988",NULL,"y"
2121,4,5942,"530.400 TND","2026-03-23 15:56:34.988",NULL,"y"
2122,4,5943,"1,404.000 TND","2026-03-23 15:56:34.988",NULL,"y"
2123,4,5944,"1,404.000 TND","2026-03-23 15:56:34.988",NULL,"y"
2124,4,5945,"374.400 TND","2026-03-23 15:56:34.988",NULL,"y"
2125,4,5946,"624.000 TND","2026-03-23 15:56:34.988",NULL,"y"
2126,4,5947,"468.000 TND","2026-03-23 15:56:34.988",NULL,"y"
2127,4,5948,"468.000 TND","2026-03-23 15:56:34.988",NULL,"y"
2128,4,5949,"468.000 TND","2026-03-23 15:56:34.988",NULL,"y"
2129,4,5950,"842.400 TND","2026-03-23 15:56:34.988",NULL,"y"
2130,4,5951,"780.000 TND","2026-03-23 15:56:34.988",NULL,"y"
2131,4,5952,"1,404.000 TND","2026-03-23 15:56:34.988",NULL,"y"
2132,4,5953,"1,560.000 TND","2026-03-23 15:56:34.988",NULL,"y"
2133,4,5954,"1,560.000 TND","2026-03-23 15:56:34.988",NULL,"y"
2134,4,5955,"1,560.000 TND","2026-03-23 15:56:34.988",NULL,"y"
2135,4,5956,"405.600 TND","2026-03-23 15:56:34.988",NULL,"y"
2136,4,5957,"624.000 TND","2026-03-23 15:56:34.988",NULL,"y"
2137,4,5958,"873.600 TND","2026-03-23 15:56:34.988",NULL,"y"
2138,4,5959,"21.840 TND","2026-03-23 15:56:34.988",NULL,"y"
2139,4,5960,"18.720 TND","2026-03-23 15:56:34.988",NULL,"y"
2140,4,5961,"12.480 TND","2026-03-23 15:56:34.988",NULL,"y"
2141,4,5962,"17.160 TND","2026-03-23 15:56:34.988",NULL,"y"
2142,4,5963,"93.600 TND","2026-03-23 15:56:34.988",NULL,"y"
2143,4,5964,"78.000 TND","2026-03-23 15:56:34.988",NULL,"y"
2144,4,5970,"265.200 TND","2026-03-23 15:56:34.988",NULL,"y"
2145,4,5971,"28.080 TND","2026-03-23 15:56:34.988",NULL,"y"
2146,4,5972,"78.000 TND","2026-03-23 15:56:34.988",NULL,"y"
2147,4,5973,"140.400 TND","2026-03-23 15:56:34.988",NULL,"y"
2148,4,5974,"70.200 TND","2026-03-23 15:56:34.988",NULL,"y"
2149,4,5975,"62.400 TND","2026-03-23 15:56:34.988",NULL,"y"
2150,4,5976,"78.000 TND","2026-03-23 15:56:34.988",NULL,"y"
2151,4,5977,"202.800 TND","2026-03-23 15:56:34.988",NULL,"y"
2152,4,5978,"171.600 TND","2026-03-23 15:56:34.988",NULL,"y"
2153,4,5979,"62.400 TND","2026-03-23 15:56:34.988",NULL,"y"
2154,4,5980,"109.200 TND","2026-03-23 15:56:34.988",NULL,"y"
2155,4,5985,"452.400 TND","2026-03-23 15:56:34.988",NULL,"y"
2156,4,5992,"37.440 TND","2026-03-23 15:56:34.988",NULL,"y"
2157,4,5997,"234.000 TND","2026-03-23 15:56:34.988",NULL,"y"
2158,4,6001,"780.000 TND","2026-03-23 15:56:34.988",NULL,"y"
2159,4,6002,"826.800 TND","2026-03-23 15:56:34.988",NULL,"y"
2160,4,6003,"152.880 TND","2026-03-23 15:56:34.988",NULL,"y"
2161,4,6004,"28.080 TND","2026-03-23 15:56:34.988",NULL,"y"
2162,4,6005,"28.080 TND","2026-03-23 15:56:34.988",NULL,"y"
2163,4,6006,"89.856 TND","2026-03-23 15:56:34.988",NULL,"y"
2164,4,6007,"56.160 TND","2026-03-23 15:56:34.988",NULL,"y"
2165,4,6008,"18.720 TND","2026-03-23 15:56:34.988",NULL,"y"
2166,4,6009,"56.160 TND","2026-03-23 15:56:34.988",NULL,"y"
2167,4,6010,"46.800 TND","2026-03-23 15:56:34.988",NULL,"y"
2168,4,6011,"436.800 TND","2026-03-23 15:56:34.988",NULL,"y"
2169,4,6012,"249.600 TND","2026-03-23 15:56:34.988",NULL,"y"
2170,4,6013,"78.000 TND","2026-03-23 15:56:34.988",NULL,"y"
2171,4,6018,"46.800 TND","2026-03-23 15:56:34.988",NULL,"y"
2172,4,6019,"46.800 TND","2026-03-23 15:56:34.988",NULL,"y"
2173,4,6020,"234.000 TND","2026-03-23 15:56:34.988",NULL,"y"
2174,4,6022,"234.000 TND","2026-03-23 15:56:34.988",NULL,"y"
2175,4,6024,"234.000 TND","2026-03-23 15:56:34.988",NULL,"y"
2176,4,6027,"0.000 TND","2026-03-23 15:56:34.988",NULL,"y"
2177,4,6028,"0.000 TND","2026-03-23 15:56:34.988",NULL,"y"
2178,4,6029,"0.000 TND","2026-03-23 15:56:34.988",NULL,"y"
2179,4,6030,"93.600 TND","2026-03-23 15:56:34.988",NULL,"y"
2180,4,6031,"702.000 TND","2026-03-23 15:56:34.988",NULL,"y"
2181,4,6036,"468.000 TND","2026-03-23 15:56:34.988",NULL,"y"
2182,4,6037,"608.400 TND","2026-03-23 15:56:34.988",NULL,"y"
2183,4,6041,"62.400 TND","2026-03-23 15:56:34.988",NULL,"y"
2184,4,6042,"90.480 TND","2026-03-23 15:56:34.988",NULL,"y"
2185,4,6045,"182.520 TND","2026-03-23 15:56:34.988",NULL,"y"
2186,4,6047,"202.800 TND","2026-03-23 15:56:34.988",NULL,"y"
2187,4,6048,"171.600 TND","2026-03-23 15:56:34.988",NULL,"y"
2188,4,6049,"187.200 TND","2026-03-23 15:56:34.988",NULL,"y"
2189,4,6050,"187.200 TND","2026-03-23 15:56:34.988",NULL,"y"
2190,4,6052,"202.800 TND","2026-03-23 15:56:34.988",NULL,"y"
2191,4,6054,"59.280 TND","2026-03-23 15:56:34.988",NULL,"y"
2192,4,6055,"59.280 TND","2026-03-23 15:56:34.988",NULL,"y"
2193,4,6056,"21.840 TND","2026-03-23 15:56:34.988",NULL,"y"
2194,4,6057,"28.080 TND","2026-03-23 15:56:34.988",NULL,"y"
2195,4,6058,"249.600 TND","2026-03-23 15:56:34.988",NULL,"y"
2196,4,6059,"109.200 TND","2026-03-23 15:56:34.988",NULL,"y"
2197,4,6060,"280.800 TND","2026-03-23 15:56:34.988",NULL,"y"
2198,4,6061,"156.000 TND","2026-03-23 15:56:34.988",NULL,"y"
2199,4,6062,"124.800 TND","2026-03-23 15:56:34.988",NULL,"y"
2200,4,6064,"115.440 TND","2026-03-23 15:56:34.988",NULL,"y"
2201,4,6065,"112.320 TND","2026-03-23 15:56:34.988",NULL,"y"
2202,4,6066,"109.200 TND","2026-03-23 15:56:34.988",NULL,"y"
2203,4,6067,"109.200 TND","2026-03-23 15:56:34.988",NULL,"y"
2204,4,6068,"12.480 TND","2026-03-23 15:56:34.988",NULL,"y"
2205,4,6069,"109.200 TND","2026-03-23 15:56:34.988",NULL,"y"
2206,4,6070,"156.000 TND","2026-03-23 15:56:34.988",NULL,"y"
2207,4,6071,"78.000 TND","2026-03-23 15:56:34.988",NULL,"y"
2208,4,6074,"265.200 TND","2026-03-23 15:56:34.988",NULL,"y"
2209,4,6076,"87.360 TND","2026-03-23 15:56:34.988",NULL,"y"
2210,4,6081,"28.080 TND","2026-03-23 15:56:34.988",NULL,"y"
2211,4,6082,"15.600 TND","2026-03-23 15:56:34.988",NULL,"y"
2212,4,6083,"15.600 TND","2026-03-23 15:56:34.988",NULL,"y"
2213,4,6084,"88.920 TND","2026-03-23 15:56:34.988",NULL,"y"
2214,4,6085,"140.400 TND","2026-03-23 15:56:34.988",NULL,"y"
2215,4,6086,"118.560 TND","2026-03-23 15:56:34.988",NULL,"y"
2216,4,6087,"140.400 TND","2026-03-23 15:56:34.988",NULL,"y"
2217,4,6088,"218.400 TND","2026-03-23 15:56:34.988",NULL,"y"
2218,4,6089,"140.400 TND","2026-03-23 15:56:34.988",NULL,"y"
2219,4,6090,"156.000 TND","2026-03-23 15:56:34.988",NULL,"y"
2220,4,6091,"149.760 TND","2026-03-23 15:56:34.988",NULL,"y"
2221,4,6092,"1.560 TND","2026-03-23 15:56:34.988",NULL,"y"
2222,4,6093,"62.400 TND","2026-03-23 15:56:34.988",NULL,"y"
2223,4,6098,"156.000 TND","2026-03-23 15:56:34.988",NULL,"y"
2224,4,6099,"90.480 TND","2026-03-23 15:56:34.988",NULL,"y"
2225,4,6100,"46.800 TND","2026-03-23 15:56:34.988",NULL,"y"
2226,4,6101,"589.680 TND","2026-03-23 15:56:34.988",NULL,"y"
2227,4,6102,"390.000 TND","2026-03-23 15:56:34.988",NULL,"y"
2228,4,6107,"118.560 TND","2026-03-23 15:56:34.988",NULL,"y"
2229,4,6108,"40.560 TND","2026-03-23 15:56:34.988",NULL,"y"
2230,4,6109,"40.560 TND","2026-03-23 15:56:34.988",NULL,"y"
2231,4,6110,"37.440 TND","2026-03-23 15:56:34.988",NULL,"y"
2232,4,6111,"37.440 TND","2026-03-23 15:56:34.988",NULL,"y"
2233,4,6112,"37.440 TND","2026-03-23 15:56:34.988",NULL,"y"
2234,4,6113,"46.800 TND","2026-03-23 15:56:34.988",NULL,"y"
2235,4,6114,"24.960 TND","2026-03-23 15:56:34.988",NULL,"y"
2236,4,6115,"31.200 TND","2026-03-23 15:56:34.988",NULL,"y"
2237,4,6116,"46.800 TND","2026-03-23 15:56:34.988",NULL,"y"
2238,4,6117,"46.800 TND","2026-03-23 15:56:34.988",NULL,"y"
2239,4,6118,"31.200 TND","2026-03-23 15:56:34.988",NULL,"y"
2240,4,6120,"15.600 TND","2026-03-23 15:56:34.988",NULL,"y"
2241,4,6121,"18.720 TND","2026-03-23 15:56:34.988",NULL,"y"
2242,4,6122,"12.480 TND","2026-03-23 15:56:34.988",NULL,"y"
2243,4,6123,"68.640 TND","2026-03-23 15:56:34.988",NULL,"y"
2244,4,6124,"62.400 TND","2026-03-23 15:56:34.988",NULL,"y"
2245,4,6126,"78.000 TND","2026-03-23 15:56:34.988",NULL,"y"
2246,4,6127,"24.960 TND","2026-03-23 15:56:34.988",NULL,"y"
2247,4,6128,"62.400 TND","2026-03-23 15:56:34.988",NULL,"y"
2248,4,6129,"28.080 TND","2026-03-23 15:56:34.988",NULL,"y"
2249,4,6131,"56.160 TND","2026-03-23 15:56:34.988",NULL,"y"
2250,4,6133,"46.800 TND","2026-03-23 15:56:34.988",NULL,"y"
2251,4,6134,"84.240 TND","2026-03-23 15:56:34.988",NULL,"y"
2252,4,6135,"56.160 TND","2026-03-23 15:56:34.988",NULL,"y"
2253,4,6136,"46.800 TND","2026-03-23 15:56:34.988",NULL,"y"
2254,4,6137,"31.200 TND","2026-03-23 15:56:35.004",NULL,"y"
2255,4,6138,"31.200 TND","2026-03-23 15:56:35.004",NULL,"y"
2256,4,6139,"24.960 TND","2026-03-23 15:56:35.004",NULL,"y"
2257,4,6140,"15.600 TND","2026-03-23 15:56:35.004",NULL,"y"
2258,4,6142,"21.840 TND","2026-03-23 15:56:35.004",NULL,"y"
2259,4,6143,"78.000 TND","2026-03-23 15:56:35.004",NULL,"y"
2260,4,6144,"12.480 TND","2026-03-23 15:56:35.004",NULL,"y"
2261,4,6145,"53.040 TND","2026-03-23 15:56:35.004",NULL,"y"
2262,4,6146,"46.800 TND","2026-03-23 15:56:35.004",NULL,"y"
2263,4,6147,"46.800 TND","2026-03-23 15:56:35.004",NULL,"y"
2264,4,6148,"46.800 TND","2026-03-23 15:56:35.004",NULL,"y"
2265,4,6149,"68.640 TND","2026-03-23 15:56:35.004",NULL,"y"
2266,4,6150,"37.440 TND","2026-03-23 15:56:35.004",NULL,"y"
2267,4,6151,"78.000 TND","2026-03-23 15:56:35.004",NULL,"y"
2268,4,6152,"93.600 TND","2026-03-23 15:56:35.004",NULL,"y"
2269,4,6153,"78.000 TND","2026-03-23 15:56:35.004",NULL,"y"
2270,4,6154,"78.000 TND","2026-03-23 15:56:35.004",NULL,"y"
2271,4,6155,"78.000 TND","2026-03-23 15:56:35.004",NULL,"y"
2272,4,6156,"78.000 TND","2026-03-23 15:56:35.004",NULL,"y"
2273,4,6157,"68.640 TND","2026-03-23 15:56:35.004",NULL,"y"
2274,4,6158,"28.080 TND","2026-03-23 15:56:35.004",NULL,"y"
2275,4,6159,"171.600 TND","2026-03-23 15:56:35.004",NULL,"y"
2276,4,6160,"37.440 TND","2026-03-23 15:56:35.004",NULL,"y"
2277,4,6161,"171.600 TND","2026-03-23 15:56:35.004",NULL,"y"
2278,4,6163,"21.840 TND","2026-03-23 15:56:35.004",NULL,"y"
2279,4,6165,"15.600 TND","2026-03-23 15:56:35.004",NULL,"y"
2280,4,6167,"171.600 TND","2026-03-23 15:56:35.004",NULL,"y"
2281,4,6168,"31.200 TND","2026-03-23 15:56:35.004",NULL,"y"
2282,4,6169,"37.440 TND","2026-03-23 15:56:35.004",NULL,"y"
2283,4,6170,"31.200 TND","2026-03-23 15:56:35.004",NULL,"y"
2284,4,6171,"171.600 TND","2026-03-23 15:56:35.004",NULL,"y"
2285,4,6172,"171.600 TND","2026-03-23 15:56:35.004",NULL,"y"
2286,4,6173,"171.600 TND","2026-03-23 15:56:35.004",NULL,"y"
2287,4,6175,"171.600 TND","2026-03-23 15:56:35.004",NULL,"y"
2288,4,6176,"171.600 TND","2026-03-23 15:56:35.004",NULL,"y"
2289,4,6177,"171.600 TND","2026-03-23 15:56:35.004",NULL,"y"
2290,4,6178,"78.000 TND","2026-03-23 15:56:35.004",NULL,"y"
2291,4,6179,"78.000 TND","2026-03-23 15:56:35.004",NULL,"y"
2292,4,6180,"78.000 TND","2026-03-23 15:56:35.004",NULL,"y"
2293,4,6181,"78.000 TND","2026-03-23 15:56:35.004",NULL,"y"
2294,4,6182,"28.080 TND","2026-03-23 15:56:35.004",NULL,"y"
2295,4,6183,"171.600 TND","2026-03-23 15:56:35.004",NULL,"y"
2296,4,6184,"46.800 TND","2026-03-23 15:56:35.004",NULL,"y"
2297,4,6185,"62.400 TND","2026-03-23 15:56:35.004",NULL,"y"
2298,4,6186,"46.800 TND","2026-03-23 15:56:35.004",NULL,"y"
2299,4,6187,"46.800 TND","2026-03-23 15:56:35.004",NULL,"y"
2300,4,6188,"18.127 TND","2026-03-23 15:56:35.004",NULL,"y"
2301,4,6192,"84.240 TND","2026-03-23 15:56:35.004",NULL,"y"
2302,4,6193,"78.000 TND","2026-03-23 15:56:35.004",NULL,"y"
2303,4,6194,"146.640 TND","2026-03-23 15:56:35.004",NULL,"y"
2304,4,6195,"156.000 TND","2026-03-23 15:56:35.004",NULL,"y"
2305,4,6196,"31.200 TND","2026-03-23 15:56:35.004",NULL,"y"
2306,4,6197,"78.000 TND","2026-03-23 15:56:35.004",NULL,"y"
2307,4,6198,"49.920 TND","2026-03-23 15:56:35.004",NULL,"y"
2308,4,6199,"436.800 TND","2026-03-23 15:56:35.004",NULL,"y"
2309,4,6200,"1,092.000 TND","2026-03-23 15:56:35.004",NULL,"y"
2310,4,6201,"780.000 TND","2026-03-23 15:56:35.004",NULL,"y"
2311,4,6202,"764.400 TND","2026-03-23 15:56:35.004",NULL,"y"
2312,4,6203,"577.200 TND","2026-03-23 15:56:35.004",NULL,"y"
2313,4,6204,"23.400 TND","2026-03-23 15:56:35.004",NULL,"y"
2314,4,6205,"43.680 TND","2026-03-23 15:56:35.004",NULL,"y"
2315,4,6206,"9.360 TND","2026-03-23 15:56:35.004",NULL,"y"
2316,4,6207,"99.840 TND","2026-03-23 15:56:35.004",NULL,"y"
2317,4,6208,"171.600 TND","2026-03-23 15:56:35.004",NULL,"y"
2318,4,6209,"390.000 TND","2026-03-23 15:56:35.004",NULL,"y"
2319,4,6210,"78.000 TND","2026-03-23 15:56:35.004",NULL,"y"
2320,4,6211,"998.400 TND","2026-03-23 15:56:35.004",NULL,"y"
2321,4,6212,"121.680 TND","2026-03-23 15:56:35.004",NULL,"y"
2322,4,6213,"78.000 TND","2026-03-23 15:56:35.004",NULL,"y"
2323,4,6215,"327.600 TND","2026-03-23 15:56:35.004",NULL,"y"
2324,4,6216,"49.920 TND","2026-03-23 15:56:35.004",NULL,"y"
2325,4,6217,"46.800 TND","2026-03-23 15:56:35.004",NULL,"y"
2326,4,6218,"56.160 TND","2026-03-23 15:56:35.004",NULL,"y"
2327,4,6219,"29.640 TND","2026-03-23 15:56:35.004",NULL,"y"
2328,4,6223,"21.840 TND","2026-03-23 15:56:35.004",NULL,"y"
2329,4,6224,"18.720 TND","2026-03-23 15:56:35.004",NULL,"y"
2330,4,6225,"18.720 TND","2026-03-23 15:56:35.004",NULL,"y"
2331,4,6226,"62.400 TND","2026-03-23 15:56:35.004",NULL,"y"
2332,4,6227,"46.800 TND","2026-03-23 15:56:35.004",NULL,"y"
2333,4,6228,"62.400 TND","2026-03-23 15:56:35.004",NULL,"y"
2334,4,6229,"62.400 TND","2026-03-23 15:56:35.004",NULL,"y"
2335,4,6230,"62.400 TND","2026-03-23 15:56:35.004",NULL,"y"
2336,4,6232,"62.400 TND","2026-03-23 15:56:35.004",NULL,"y"
2337,4,6233,"62.400 TND","2026-03-23 15:56:35.004",NULL,"y"
2338,4,6234,"46.800 TND","2026-03-23 15:56:35.004",NULL,"y"
2339,4,6238,"399.360 TND","2026-03-23 15:56:35.004",NULL,"y"
2340,4,6239,"171.600 TND","2026-03-23 15:56:35.004",NULL,"y"
2341,4,6240,"187.200 TND","2026-03-23 15:56:35.004",NULL,"y"
2342,4,6241,"171.600 TND","2026-03-23 15:56:35.004",NULL,"y"
2343,4,6242,"218.400 TND","2026-03-23 15:56:35.004",NULL,"y"
2344,4,6243,"218.400 TND","2026-03-23 15:56:35.004",NULL,"y"
2345,4,6244,"218.400 TND","2026-03-23 15:56:35.004",NULL,"y"
2346,4,6245,"0.000 TND","2026-03-23 15:56:35.004",NULL,"y"
2347,4,6246,"0.000 TND","2026-03-23 15:56:35.004",NULL,"y"
2348,4,6247,"0.000 TND","2026-03-23 15:56:35.004",NULL,"y"
2349,4,6249,"0.000 TND","2026-03-23 15:56:35.004",NULL,"y"
2350,4,6250,"0.000 TND","2026-03-23 15:56:35.004",NULL,"y"
2351,4,6251,"0.000 TND","2026-03-23 15:56:35.004",NULL,"y"
2352,4,6252,"0.000 TND","2026-03-23 15:56:35.004",NULL,"y"
2353,4,6253,"0.000 TND","2026-03-23 15:56:35.004",NULL,"y"
2354,4,6254,"0.000 TND","2026-03-23 15:56:35.004",NULL,"y"
2355,4,6255,"0.000 TND","2026-03-23 15:56:35.004",NULL,"y"
2356,4,6256,"0.000 TND","2026-03-23 15:56:35.004",NULL,"y"
2357,4,6257,"0.000 TND","2026-03-23 15:56:35.004",NULL,"y"
2358,4,6258,"577.200 TND","2026-03-23 15:56:35.004",NULL,"y"
2359,4,6259,"171.600 TND","2026-03-23 15:56:35.004",NULL,"y"
2360,4,6260,"171.600 TND","2026-03-23 15:56:35.004",NULL,"y"
2361,4,6261,"608.400 TND","2026-03-23 15:56:35.004",NULL,"y"
2362,4,6262,"483.600 TND","2026-03-23 15:56:35.004",NULL,"y"
2363,4,6263,"140.400 TND","2026-03-23 15:56:35.004",NULL,"y"
2364,4,6264,"308.880 TND","2026-03-23 15:56:35.004",NULL,"y"
2365,4,6265,"483.600 TND","2026-03-23 15:56:35.004",NULL,"y"
2366,4,6266,"37.440 TND","2026-03-23 15:56:35.004",NULL,"y"
2367,4,6267,"37.440 TND","2026-03-23 15:56:35.004",NULL,"y"
2368,4,6269,"6.240 TND","2026-03-23 15:56:35.004",NULL,"y"
2369,4,6271,"0.062 TND","2026-03-23 15:56:35.004",NULL,"y"
2370,4,6272,"115.440 TND","2026-03-23 15:56:35.004",NULL,"y"
2371,4,6274,"28.080 TND","2026-03-23 15:56:35.004",NULL,"y"
2372,4,6275,"6.209 TND","2026-03-23 15:56:35.004",NULL,"y"
2373,4,6277,"9.360 TND","2026-03-23 15:56:35.004",NULL,"y"
2374,4,6279,"592.800 TND","2026-03-23 15:56:35.004",NULL,"y"
2375,4,6281,"390.000 TND","2026-03-23 15:56:35.004",NULL,"y"
2376,4,6284,"1,026.480 TND","2026-03-23 15:56:35.004",NULL,"y"
2377,4,6287,"187.200 TND","2026-03-23 15:56:35.004",NULL,"y"
2378,4,6288,"118.560 TND","2026-03-23 15:56:35.004",NULL,"y"
2379,4,6289,"18.720 TND","2026-03-23 15:56:35.004",NULL,"y"
2380,4,6290,"99.840 TND","2026-03-23 15:56:35.004",NULL,"y"
2381,4,6292,"24.960 TND","2026-03-23 15:56:35.004",NULL,"y"
2382,4,6293,"28.080 TND","2026-03-23 15:56:35.004",NULL,"y"
2383,4,6294,"6.240 TND","2026-03-23 15:56:35.004",NULL,"y"
2384,4,6295,"90.480 TND","2026-03-23 15:56:35.004",NULL,"y"
2385,4,6296,"24.960 TND","2026-03-23 15:56:35.004",NULL,"y"
2386,4,6297,"49.140 TND","2026-03-23 15:56:35.004",NULL,"y"
2387,4,6298,"10.920 TND","2026-03-23 15:56:35.004",NULL,"y"
2388,4,6299,"9.360 TND","2026-03-23 15:56:35.004",NULL,"y"
2389,4,6300,"24.960 TND","2026-03-23 15:56:35.004",NULL,"y"
2390,4,6301,"62.400 TND","2026-03-23 15:56:35.004",NULL,"y"
2391,4,6302,"59.280 TND","2026-03-23 15:56:35.004",NULL,"y"
2392,4,6303,"93.600 TND","2026-03-23 15:56:35.004",NULL,"y"
2393,4,6304,"93.600 TND","2026-03-23 15:56:35.004",NULL,"y"
2394,4,6305,"37.440 TND","2026-03-23 15:56:35.004",NULL,"y"
2395,4,6306,"10.920 TND","2026-03-23 15:56:35.004",NULL,"y"
2396,3,5104,"55.000 TND","2026-03-23 15:56:35.035",NULL,"y"
2397,3,5105,"35.000 TND","2026-03-23 15:56:35.035",NULL,"y"
2398,3,5106,"74.000 TND","2026-03-23 15:56:35.035",NULL,"y"
2399,3,5107,"70.000 TND","2026-03-23 15:56:35.035",NULL,"y"
2400,3,5108,"70.000 TND","2026-03-23 15:56:35.035",NULL,"y"
2401,3,5109,"140.000 TND","2026-03-23 15:56:35.035",NULL,"y"
2402,3,5110,"75.000 TND","2026-03-23 15:56:35.035",NULL,"y"
2403,3,5111,"80.000 TND","2026-03-23 15:56:35.035",NULL,"y"
2404,3,5112,"110.000 TND","2026-03-23 15:56:35.035",NULL,"y"
2405,3,5113,"93.000 TND","2026-03-23 15:56:35.035",NULL,"y"
2406,3,5114,"133.000 TND","2026-03-23 15:56:35.035",NULL,"y"
2407,3,5115,"53.000 TND","2026-03-23 15:56:35.035",NULL,"y"
2408,3,5116,"220.000 TND","2026-03-23 15:56:35.035",NULL,"y"
2409,3,5117,"90.000 TND","2026-03-23 15:56:35.035",NULL,"y"
2410,3,5118,"47.000 TND","2026-03-23 15:56:35.035",NULL,"y"
2411,3,5119,"140.000 TND","2026-03-23 15:56:35.035",NULL,"y"
2412,3,5120,"137.000 TND","2026-03-23 15:56:35.035",NULL,"y"
2413,3,5121,"190.000 TND","2026-03-23 15:56:35.035",NULL,"y"
2414,3,5122,"153.000 TND","2026-03-23 15:56:35.035",NULL,"y"
2415,3,5123,"127.000 TND","2026-03-23 15:56:35.035",NULL,"y"
2416,3,5124,"130.000 TND","2026-03-23 15:56:35.035",NULL,"y"
2417,3,5125,"109.000 TND","2026-03-23 15:56:35.035",NULL,"y"
2418,3,5126,"99.500 TND","2026-03-23 15:56:35.035",NULL,"y"
2419,3,5127,"99.000 TND","2026-03-23 15:56:35.035",NULL,"y"
2420,3,5128,"211.000 TND","2026-03-23 15:56:35.035",NULL,"y"
2421,3,5129,"220.000 TND","2026-03-23 15:56:35.035",NULL,"y"
2422,3,5130,"99.000 TND","2026-03-23 15:56:35.035",NULL,"y"
2423,3,5131,"164.000 TND","2026-03-23 15:56:35.035",NULL,"y"
2424,3,5132,"45.000 TND","2026-03-23 15:56:35.035",NULL,"y"
2425,3,5133,"45.000 TND","2026-03-23 15:56:35.035",NULL,"y"
2426,3,5134,"En stock","2026-03-23 15:56:35.035",NULL,"y"
2427,3,5135,"56.000 TND","2026-03-23 15:56:35.035",NULL,"y"
2428,3,5136,"59.000 TND","2026-03-23 15:56:35.035",NULL,"y"
2429,3,5137,"164.000 TND","2026-03-23 15:56:35.035",NULL,"y"
2430,3,5138,"164.000 TND","2026-03-23 15:56:35.035",NULL,"y"
2431,3,5139,"65.000 TND","2026-03-23 15:56:35.035",NULL,"y"
2432,3,5140,"49.000 TND","2026-03-23 15:56:35.035",NULL,"y"
2433,3,5141,"89.000 TND","2026-03-23 15:56:35.035",NULL,"y"
2434,3,5142,"180.000 TND","2026-03-23 15:56:35.035",NULL,"y"
2435,3,5143,"180.000 TND","2026-03-23 15:56:35.035",NULL,"y"
2436,3,5144,"180.000 TND","2026-03-23 15:56:35.035",NULL,"y"
2437,3,5145,"138.000 TND","2026-03-23 15:56:35.035",NULL,"y"
2438,3,5146,"24.000 TND","2026-03-23 15:56:35.035",NULL,"y"
2439,3,5147,"24.000 TND","2026-03-23 15:56:35.035",NULL,"y"
2440,3,5148,"390.000 TND","2026-03-23 15:56:35.035",NULL,"y"
2441,3,5149,"390.000 TND","2026-03-23 15:56:35.035",NULL,"y"
2442,3,5150,"390.000 TND","2026-03-23 15:56:35.035",NULL,"y"
2443,3,5151,"40.000 TND","2026-03-23 15:56:35.035",NULL,"y"
2444,3,5152,"300.000 TND","2026-03-23 15:56:35.035",NULL,"y"
2445,3,5153,"En stock","2026-03-23 15:56:35.035",NULL,"y"
2446,3,5154,"300.000 TND","2026-03-23 15:56:35.035",NULL,"y"
2447,3,5155,"240.000 TND","2026-03-23 15:56:35.035",NULL,"y"
2448,3,5156,"600.000 TND","2026-03-23 15:56:35.035",NULL,"y"
2449,3,5157,"750.000 TND","2026-03-23 15:56:35.035",NULL,"y"
2450,3,5158,"160.000 TND","2026-03-23 15:56:35.035",NULL,"y"
2451,3,5159,"160.000 TND","2026-03-23 15:56:35.035",NULL,"y"
2452,3,5160,"En stock","2026-03-23 15:56:35.035",NULL,"y"
2453,3,5161,"160.000 TND","2026-03-23 15:56:35.035",NULL,"y"
2454,3,5162,"160.000 TND","2026-03-23 15:56:35.035",NULL,"y"
2455,3,5163,"220.000 TND","2026-03-23 15:56:35.035",NULL,"y"
2456,3,5164,"220.000 TND","2026-03-23 15:56:35.035",NULL,"y"
2457,3,5165,"220.000 TND","2026-03-23 15:56:35.035",NULL,"y"
2458,3,5166,"140.000 TND","2026-03-23 15:56:35.052",NULL,"y"
2459,3,5167,"55.000 TND","2026-03-23 15:56:35.052",NULL,"y"
2460,3,5168,"85.000 TND","2026-03-23 15:56:35.052",NULL,"y"
2461,3,5169,"99.000 TND","2026-03-23 15:56:35.052",NULL,"y"
2462,3,5170,"89.000 TND","2026-03-23 15:56:35.052",NULL,"y"
2463,3,5171,"36.000 TND","2026-03-23 15:56:35.052",NULL,"y"
2464,3,5172,"En stock","2026-03-23 15:56:35.052",NULL,"y"
2465,3,5173,"36.000 TND","2026-03-23 15:56:35.052",NULL,"y"
2466,3,5174,"36.000 TND","2026-03-23 15:56:35.052",NULL,"y"
2467,3,5175,"75.000 TND","2026-03-23 15:56:35.052",NULL,"y"
2468,3,5176,"En stock","2026-03-23 15:56:35.052",NULL,"y"
2469,3,5177,"56.000 TND","2026-03-23 15:56:35.052",NULL,"y"
2470,3,5178,"En stock","2026-03-23 15:56:35.052",NULL,"y"
2471,3,5179,"240.000 TND","2026-03-23 15:56:35.052",NULL,"y"
2472,3,5180,"En stock","2026-03-23 15:56:35.052",NULL,"y"
2473,3,5181,"240.000 TND","2026-03-23 15:56:35.052",NULL,"y"
2474,3,5182,"85.000 TND","2026-03-23 15:56:35.052",NULL,"y"
2475,3,5183,"85.000 TND","2026-03-23 15:56:35.052",NULL,"y"
2476,3,5184,"75.000 TND","2026-03-23 15:56:35.052",NULL,"y"
2477,3,5185,"75.000 TND","2026-03-23 15:56:35.052",NULL,"y"
2478,3,5186,"75.000 TND","2026-03-23 15:56:35.052",NULL,"y"
2479,3,5187,"55.000 TND","2026-03-23 15:56:35.052",NULL,"y"
2480,2,1500,"د.ت60.00","2026-03-23 15:56:35.099",NULL,"y"
2481,2,1501,"د.ت21.00","2026-03-23 15:56:35.099",NULL,"y"
2482,2,1502,"د.ت21.00","2026-03-23 15:56:35.099",NULL,"y"
2483,2,1503,"د.ت60.00","2026-03-23 15:56:35.099",NULL,"y"
2484,2,1504,"د.ت60.00","2026-03-23 15:56:35.099",NULL,"y"
2485,2,1505,"د.ت60.00","2026-03-23 15:56:35.099",NULL,"y"
2486,2,1506,"د.ت9.00","2026-03-23 15:56:35.099",NULL,"y"
2487,2,1507,"د.ت24.00","2026-03-23 15:56:35.099",NULL,"y"
2488,2,1508,"د.ت21.00","2026-03-23 15:56:35.099",NULL,"y"
2489,2,1509,"د.ت9.00","2026-03-23 15:56:35.099",NULL,"y"
2490,2,1510,"د.ت9.00","2026-03-23 15:56:35.099",NULL,"y"
2491,2,1511,"د.ت23.90","2026-03-23 15:56:35.099",NULL,"y"
2492,2,1512,"د.ت9.00","2026-03-23 15:56:35.099",NULL,"y"
2493,2,1513,"د.ت60.00","2026-03-23 15:56:35.099",NULL,"y"
2494,2,1514,"-1","2026-03-23 15:56:35.099",NULL,"y"
2495,2,1515,"-1","2026-03-23 15:56:35.099",NULL,"y"
2496,2,1516,"د.ت9.00","2026-03-23 15:56:35.099",NULL,"y"
2497,2,1517,"د.ت9.00","2026-03-23 15:56:35.099",NULL,"y"
2498,2,1518,"د.ت25.00","2026-03-23 15:56:35.099",NULL,"y"
2499,2,1519,"د.ت25.00","2026-03-23 15:56:35.099",NULL,"y"
2500,2,1520,"د.ت9.00","2026-03-23 15:56:35.099",NULL,"y"
2501,2,1521,"د.ت60.00","2026-03-23 15:56:35.099",NULL,"y"
2502,2,1522,"-1","2026-03-23 15:56:35.099",NULL,"y"
2503,2,1524,"-1","2026-03-23 15:56:35.099",NULL,"y"
2504,2,1525,"د.ت43.65","2026-03-23 15:56:35.099",NULL,"y"
2505,2,1527,"-1","2026-03-23 15:56:35.099",NULL,"y"
2506,2,1528,"د.ت308.94","2026-03-23 15:56:35.099",NULL,"y"
2507,2,1529,"-1","2026-03-23 15:56:35.099",NULL,"y"
2508,2,1530,"-1","2026-03-23 15:56:35.099",NULL,"y"
2509,2,1531,"-1","2026-03-23 15:56:35.099",NULL,"y"
2510,2,1532,"-1","2026-03-23 15:56:35.099",NULL,"y"
2511,2,1533,"-1","2026-03-23 15:56:35.099",NULL,"y"
2512,2,1534,"-1","2026-03-23 15:56:35.099",NULL,"y"
2513,2,1536,"-1","2026-03-23 15:56:35.099",NULL,"y"
2514,2,1537,"-1","2026-03-23 15:56:35.099",NULL,"y"
2515,2,1538,"-1","2026-03-23 15:56:35.099",NULL,"y"
2516,2,1539,"-1","2026-03-23 15:56:35.099",NULL,"y"
2517,2,1540,"-1","2026-03-23 15:56:35.099",NULL,"y"
2518,2,1541,"-1","2026-03-23 15:56:35.099",NULL,"y"
2519,2,1542,"-1","2026-03-23 15:56:35.099",NULL,"y"
2520,2,1543,"-1","2026-03-23 15:56:35.099",NULL,"y"
2521,2,1544,"-1","2026-03-23 15:56:35.099",NULL,"y"
2522,2,1545,"-1","2026-03-23 15:56:35.099",NULL,"y"
2523,2,1546,"-1","2026-03-23 15:56:35.099",NULL,"y"
2524,2,1547,"-1","2026-03-23 15:56:35.099",NULL,"y"
2525,2,1548,"د.ت35.00","2026-03-23 15:56:35.099",NULL,"y"
2526,2,1549,"-1","2026-03-23 15:56:35.099",NULL,"y"
2527,2,1550,"-1","2026-03-23 15:56:35.099",NULL,"y"
2528,2,1551,"-1","2026-03-23 15:56:35.099",NULL,"y"
2529,2,1552,"-1","2026-03-23 15:56:35.099",NULL,"y"
2530,2,1553,"د.ت145.00","2026-03-23 15:56:35.099",NULL,"y"
2531,2,1554,"-1","2026-03-23 15:56:35.099",NULL,"y"
2532,2,1555,"-1","2026-03-23 15:56:35.099",NULL,"y"
2533,2,1556,"-1","2026-03-23 15:56:35.099",NULL,"y"
2534,2,1557,"-1","2026-03-23 15:56:35.099",NULL,"y"
2535,2,1558,"-1","2026-03-23 15:56:35.099",NULL,"y"
2536,2,1561,"-1","2026-03-23 15:56:35.099",NULL,"y"
2537,2,1562,"-1","2026-03-23 15:56:35.099",NULL,"y"
2538,2,1563,"-1","2026-03-23 15:56:35.099",NULL,"y"
2539,2,1564,"-1","2026-03-23 15:56:35.099",NULL,"y"
2540,2,1566,"-1","2026-03-23 15:56:35.099",NULL,"y"
2541,2,1567,"-1","2026-03-23 15:56:35.099",NULL,"y"
2542,2,1568,"-1","2026-03-23 15:56:35.099",NULL,"y"
2543,2,1569,"د.ت160.00","2026-03-23 15:56:35.099",NULL,"y"
2544,2,1570,"-1","2026-03-23 15:56:35.099",NULL,"y"
2545,2,1572,"-1","2026-03-23 15:56:35.099",NULL,"y"
2546,2,1573,"-1","2026-03-23 15:56:35.099",NULL,"y"
2547,2,1574,"-1","2026-03-23 15:56:35.099",NULL,"y"
2548,2,1575,"-1","2026-03-23 15:56:35.099",NULL,"y"
2549,2,1576,"-1","2026-03-23 15:56:35.099",NULL,"y"
2550,2,1577,"-1","2026-03-23 15:56:35.099",NULL,"y"
2551,2,1578,"-1","2026-03-23 15:56:35.099",NULL,"y"
2552,2,1580,"-1","2026-03-23 15:56:35.099",NULL,"y"
2553,2,1581,"-1","2026-03-23 15:56:35.099",NULL,"y"
2554,2,1582,"-1","2026-03-23 15:56:35.099",NULL,"y"
2555,2,1583,"-1","2026-03-23 15:56:35.099",NULL,"y"
2556,2,1584,"-1","2026-03-23 15:56:35.099",NULL,"y"
2557,2,1585,"-1","2026-03-23 15:56:35.099",NULL,"y"
2558,2,1586,"-1","2026-03-23 15:56:35.099",NULL,"y"
2559,2,1587,"د.ت40.00","2026-03-23 15:56:35.099",NULL,"y"
2560,2,1588,"د.ت39.99","2026-03-23 15:56:35.099",NULL,"y"
2561,2,1589,"د.ت39.99","2026-03-23 15:56:35.099",NULL,"y"
2562,2,1590,"د.ت27.99","2026-03-23 15:56:35.099",NULL,"y"
2563,2,1591,"-1","2026-03-23 15:56:35.099",NULL,"y"
2564,2,1592,"-1","2026-03-23 15:56:35.099",NULL,"y"
2565,2,1594,"-1","2026-03-23 15:56:35.099",NULL,"y"
2566,2,1595,"-1","2026-03-23 15:56:35.099",NULL,"y"
2567,2,1596,"-1","2026-03-23 15:56:35.099",NULL,"y"
2568,2,1597,"-1","2026-03-23 15:56:35.099",NULL,"y"
2569,2,1598,"د.ت24.90","2026-03-23 15:56:35.099",NULL,"y"
2570,2,1599,"-1","2026-03-23 15:56:35.099",NULL,"y"
2571,2,1600,"-1","2026-03-23 15:56:35.099",NULL,"y"
2572,2,1601,"-1","2026-03-23 15:56:35.099",NULL,"y"
2573,2,1602,"-1","2026-03-23 15:56:35.099",NULL,"y"
2574,2,1604,"د.ت21.00","2026-03-23 15:56:35.099",NULL,"y"
2575,2,1605,"-1","2026-03-23 15:56:35.099",NULL,"y"
2576,2,1606,"د.ت23.90","2026-03-23 15:56:35.099",NULL,"y"
2577,2,1607,"-1","2026-03-23 15:56:35.099",NULL,"y"
2578,2,1608,"-1","2026-03-23 15:56:35.099",NULL,"y"
2579,2,1609,"-1","2026-03-23 15:56:35.099",NULL,"y"
2580,2,1610,"-1","2026-03-23 15:56:35.099",NULL,"y"
2581,2,1611,"د.ت19.99","2026-03-23 15:56:35.099",NULL,"y"
2582,2,1612,"د.ت35.00","2026-03-23 15:56:35.099",NULL,"y"
2583,2,1613,"-1","2026-03-23 15:56:35.099",NULL,"y"
2584,2,1614,"د.ت59.99","2026-03-23 15:56:35.099",NULL,"y"
2585,2,1615,"-1","2026-03-23 15:56:35.099",NULL,"y"
2586,2,1616,"د.ت45.00","2026-03-23 15:56:35.099",NULL,"y"
2587,2,1617,"د.ت80.00","2026-03-23 15:56:35.099",NULL,"y"
2588,2,1618,"د.ت22.00","2026-03-23 15:56:35.099",NULL,"y"
2589,2,1619,"-1","2026-03-23 15:56:35.099",NULL,"y"
2590,2,1620,"-1","2026-03-23 15:56:35.099",NULL,"y"
2591,2,1621,"-1","2026-03-23 15:56:35.099",NULL,"y"
2592,2,1622,"د.ت65.00","2026-03-23 15:56:35.099",NULL,"y"
2593,2,1623,"-1","2026-03-23 15:56:35.099",NULL,"y"
2594,2,1624,"د.ت60.00","2026-03-23 15:56:35.099",NULL,"y"
2595,2,1625,"-1","2026-03-23 15:56:35.099",NULL,"y"
2596,2,1626,"د.ت165.00","2026-03-23 15:56:35.099",NULL,"y"
2597,2,1627,"د.ت75.00","2026-03-23 15:56:35.099",NULL,"y"
2598,2,1628,"د.ت240.00","2026-03-23 15:56:35.099",NULL,"y"
2599,2,1629,"د.ت240.00","2026-03-23 15:56:35.099",NULL,"y"
2600,2,1630,"-1","2026-03-23 15:56:35.099",NULL,"y"
2601,2,1631,"د.ت155.00","2026-03-23 15:56:35.099",NULL,"y"
2602,2,1633,"-1","2026-03-23 15:56:35.099",NULL,"y"
2603,2,1634,"د.ت59.99","2026-03-23 15:56:35.099",NULL,"y"
2604,2,1635,"د.ت62.00","2026-03-23 15:56:35.099",NULL,"y"
2605,2,1636,"-1","2026-03-23 15:56:35.099",NULL,"y"
2606,2,1637,"-1","2026-03-23 15:56:35.099",NULL,"y"
2607,2,1638,"-1","2026-03-23 15:56:35.099",NULL,"y"
2608,2,1640,"د.ت25.00","2026-03-23 15:56:35.099",NULL,"y"
2609,2,1641,"د.ت21.00","2026-03-23 15:56:35.099",NULL,"y"
2610,2,1642,"د.ت16.00","2026-03-23 15:56:35.099",NULL,"y"
2611,2,1643,"د.ت25.00","2026-03-23 15:56:35.099",NULL,"y"
2612,2,1644,"-1","2026-03-23 15:56:35.099",NULL,"y"
2613,2,1645,"-1","2026-03-23 15:56:35.099",NULL,"y"
2614,2,1647,"-1","2026-03-23 15:56:35.099",NULL,"y"
2615,2,1649,"-1","2026-03-23 15:56:35.099",NULL,"y"
2616,2,1650,"-1","2026-03-23 15:56:35.099",NULL,"y"
2617,2,1651,"-1","2026-03-23 15:56:35.099",NULL,"y"
2618,2,1652,"د.ت23.90","2026-03-23 15:56:35.099",NULL,"y"
2619,2,1653,"-1","2026-03-23 15:56:35.099",NULL,"y"
2620,2,1655,"-1","2026-03-23 15:56:35.099",NULL,"y"
2621,2,1656,"-1","2026-03-23 15:56:35.099",NULL,"y"
2622,2,1657,"-1","2026-03-23 15:56:35.099",NULL,"y"
2623,2,1660,"د.ت39.90","2026-03-23 15:56:35.099",NULL,"y"
2624,2,1661,"د.ت15.00","2026-03-23 15:56:35.099",NULL,"y"
2625,2,1662,"-1","2026-03-23 15:56:35.099",NULL,"y"
2626,2,1663,"د.ت23.90","2026-03-23 15:56:35.099",NULL,"y"
2627,2,1664,"د.ت9.00","2026-03-23 15:56:35.099",NULL,"y"
2628,2,1665,"د.ت9.00","2026-03-23 15:56:35.099",NULL,"y"
2629,2,1666,"د.ت9.00","2026-03-23 15:56:35.099",NULL,"y"
2630,2,1667,"د.ت9.00","2026-03-23 15:56:35.099",NULL,"y"
2631,2,1668,"د.ت9.00","2026-03-23 15:56:35.099",NULL,"y"
2632,2,1669,"د.ت9.00","2026-03-23 15:56:35.099",NULL,"y"
2633,2,1670,"د.ت9.00","2026-03-23 15:56:35.099",NULL,"y"
2634,2,1672,"د.ت15.00","2026-03-23 15:56:35.099",NULL,"y"
2635,2,1673,"د.ت15.00","2026-03-23 15:56:35.099",NULL,"y"
2636,2,1674,"د.ت14.90","2026-03-23 15:56:35.099",NULL,"y"
2637,2,1675,"د.ت14.90","2026-03-23 15:56:35.099",NULL,"y"
2638,2,1676,"د.ت23.90","2026-03-23 15:56:35.099",NULL,"y"
2639,2,1677,"د.ت23.90","2026-03-23 15:56:35.099",NULL,"y"
2640,2,1678,"د.ت14.90","2026-03-23 15:56:35.099",NULL,"y"
2641,2,1679,"د.ت23.90","2026-03-23 15:56:35.099",NULL,"y"
2642,2,1680,"د.ت21.00","2026-03-23 15:56:35.099",NULL,"y"
2643,2,1681,"د.ت21.00","2026-03-23 15:56:35.099",NULL,"y"
2644,2,1682,"د.ت21.00","2026-03-23 15:56:35.099",NULL,"y"
2645,2,1683,"د.ت21.00","2026-03-23 15:56:35.099",NULL,"y"
2646,2,1684,"د.ت25.00","2026-03-23 15:56:35.099",NULL,"y"
2647,2,1685,"د.ت24.90","2026-03-23 15:56:35.099",NULL,"y"
2648,2,1686,"د.ت25.00","2026-03-23 15:56:35.099",NULL,"y"
2649,2,1687,"د.ت25.00","2026-03-23 15:56:35.099",NULL,"y"
2650,2,1688,"د.ت25.00","2026-03-23 15:56:35.099",NULL,"y"
2651,2,1689,"د.ت60.00","2026-03-23 15:56:35.099",NULL,"y"
2652,2,1690,"د.ت60.00","2026-03-23 15:56:35.099",NULL,"y"
2653,2,1691,"د.ت60.00","2026-03-23 15:56:35.099",NULL,"y"
2654,2,1692,"د.ت60.00","2026-03-23 15:56:35.099",NULL,"y"
2655,2,1693,"د.ت60.00","2026-03-23 15:56:35.099",NULL,"y"
2656,2,1694,"د.ت60.00","2026-03-23 15:56:35.099",NULL,"y"
2657,2,1695,"د.ت60.00","2026-03-23 15:56:35.099",NULL,"y"
2658,2,1696,"د.ت19.99","2026-03-23 15:56:35.099",NULL,"y"
2659,2,1697,"-1","2026-03-23 15:56:35.099",NULL,"y"
2660,2,1698,"-1","2026-03-23 15:56:35.099",NULL,"y"
2661,2,1699,"-1","2026-03-23 15:56:35.099",NULL,"y"
2662,2,1700,"-1","2026-03-23 15:56:35.099",NULL,"y"
2663,2,1701,"-1","2026-03-23 15:56:35.099",NULL,"y"
2664,2,1702,"-1","2026-03-23 15:56:35.099",NULL,"y"
2665,2,1703,"-1","2026-03-23 15:56:35.099",NULL,"y"
2666,2,1704,"-1","2026-03-23 15:56:35.099",NULL,"y"
2667,2,1705,"-1","2026-03-23 15:56:35.099",NULL,"y"
2668,2,1706,"-1","2026-03-23 15:56:35.099",NULL,"y"
2669,2,1707,"-1","2026-03-23 15:56:35.099",NULL,"y"
2670,2,1708,"-1","2026-03-23 15:56:35.099",NULL,"y"
2671,2,1709,"-1","2026-03-23 15:56:35.099",NULL,"y"
2672,2,1710,"-1","2026-03-23 15:56:35.099",NULL,"y"
2673,2,1711,"-1","2026-03-23 15:56:35.099",NULL,"y"
2674,2,1712,"-1","2026-03-23 15:56:35.099",NULL,"y"
2675,2,1713,"-1","2026-03-23 15:56:35.099",NULL,"y"
2676,2,1714,"-1","2026-03-23 15:56:35.099",NULL,"y"
2677,2,1715,"د.ت30.00","2026-03-23 15:56:35.099",NULL,"y"
2678,2,1716,"-1","2026-03-23 15:56:35.099",NULL,"y"
2679,2,1717,"د.ت30.00","2026-03-23 15:56:35.099",NULL,"y"
2680,2,1719,"-1","2026-03-23 15:56:35.099",NULL,"y"
2681,2,1720,"-1","2026-03-23 15:56:35.099",NULL,"y"
2682,2,1721,"-1","2026-03-23 15:56:35.099",NULL,"y"
2683,2,1722,"-1","2026-03-23 15:56:35.099",NULL,"y"
2684,2,1723,"-1","2026-03-23 15:56:35.099",NULL,"y"
2685,2,1724,"-1","2026-03-23 15:56:35.099",NULL,"y"
2686,2,1725,"-1","2026-03-23 15:56:35.099",NULL,"y"
2687,2,1726,"د.ت25.00","2026-03-23 15:56:35.099",NULL,"y"
2688,2,1727,"-1","2026-03-23 15:56:35.099",NULL,"y"
2689,2,1728,"-1","2026-03-23 15:56:35.099",NULL,"y"
2690,2,1729,"د.ت39.99","2026-03-23 15:56:35.099",NULL,"y"
2691,2,1730,"-1","2026-03-23 15:56:35.099",NULL,"y"
2692,2,1732,"-1","2026-03-23 15:56:35.099",NULL,"y"
2693,2,1734,"د.ت12.00","2026-03-23 15:56:35.099",NULL,"y"
2694,2,1735,"د.ت245.13","2026-03-23 15:56:35.099",NULL,"y"
2695,2,1736,"د.ت100.74","2026-03-23 15:56:35.099",NULL,"y"
2696,2,1737,"-1","2026-03-23 15:56:35.099",NULL,"y"
2697,2,1738,"د.ت80.59","2026-03-23 15:56:35.099",NULL,"y"
2698,2,1739,"-1","2026-03-23 15:56:35.099",NULL,"y"
2699,2,1740,"-1","2026-03-23 15:56:35.099",NULL,"y"
2700,2,1741,"-1","2026-03-23 15:56:35.099",NULL,"y"
2701,2,1743,"-1","2026-03-23 15:56:35.099",NULL,"y"
2702,2,1744,"-1","2026-03-23 15:56:35.099",NULL,"y"
2703,2,1745,"-1","2026-03-23 15:56:35.099",NULL,"y"
2704,2,1746,"د.ت400.00","2026-03-23 15:56:35.099",NULL,"y"
2705,2,1748,"د.ت280.00","2026-03-23 15:56:35.099",NULL,"y"
2706,2,1749,"د.ت25.00","2026-03-23 15:56:35.099",NULL,"y"
2707,2,1750,"د.ت7.00","2026-03-23 15:56:35.099",NULL,"y"
2708,2,1752,"د.ت29.99","2026-03-23 15:56:35.099",NULL,"y"
2709,2,1753,"د.ت255.21","2026-03-23 15:56:35.099",NULL,"y"
2710,2,1754,"د.ت61.90","2026-03-23 15:56:35.099",NULL,"y"
2711,2,1755,"د.ت27.99","2026-03-23 15:56:35.099",NULL,"y"
2712,2,1756,"-1","2026-03-23 15:56:35.099",NULL,"y"
2713,2,1757,"د.ت16.00","2026-03-23 15:56:35.099",NULL,"y"
2714,2,1758,"-1","2026-03-23 15:56:35.099",NULL,"y"
2715,2,1759,"د.ت180.00","2026-03-23 15:56:35.099",NULL,"y"
2716,2,1761,"د.ت24.99","2026-03-23 15:56:35.099",NULL,"y"
2717,2,1762,"-1","2026-03-23 15:56:35.099",NULL,"y"
2718,2,1763,"د.ت220.00","2026-03-23 15:56:35.099",NULL,"y"
2719,2,1764,"د.ت590.00","2026-03-23 15:56:35.099",NULL,"y"
2720,2,1765,"د.ت400.00","2026-03-23 15:56:35.099",NULL,"y"
2721,2,1766,"د.ت220.00","2026-03-23 15:56:35.099",NULL,"y"
2722,2,1767,"د.ت370.00","2026-03-23 15:56:35.099",NULL,"y"
2723,2,1768,"د.ت400.00","2026-03-23 15:56:35.099",NULL,"y"
2724,2,1769,"-1","2026-03-23 15:56:35.099",NULL,"y"
2725,2,1771,"د.ت800.00","2026-03-23 15:56:35.099",NULL,"y"
2726,2,1772,"د.ت400.00","2026-03-23 15:56:35.099",NULL,"y"
2727,2,1773,"-1","2026-03-23 15:56:35.099",NULL,"y"
2728,2,1774,"-1","2026-03-23 15:56:35.099",NULL,"y"
2729,2,1775,"-1","2026-03-23 15:56:35.099",NULL,"y"
2730,2,1776,"-1","2026-03-23 15:56:35.099",NULL,"y"
2731,2,1777,"-1","2026-03-23 15:56:35.099",NULL,"y"
2732,2,1779,"د.ت191.41","2026-03-23 15:56:35.099",NULL,"y"
2733,2,1780,"-1","2026-03-23 15:56:35.099",NULL,"y"
2734,2,1781,"د.ت228.34","2026-03-23 15:56:35.099",NULL,"y"
2735,2,1782,"د.ت16.00","2026-03-23 15:56:35.099",NULL,"y"
2736,2,1783,"-1","2026-03-23 15:56:35.099",NULL,"y"
2737,2,1784,"-1","2026-03-23 15:56:35.099",NULL,"y"
2738,2,1785,"د.ت25.00","2026-03-23 15:56:35.099",NULL,"y"
2739,2,1786,"-1","2026-03-23 15:56:35.099",NULL,"y"
2740,2,1787,"-1","2026-03-23 15:56:35.099",NULL,"y"
2741,2,1788,"-1","2026-03-23 15:56:35.099",NULL,"y"
2742,2,1789,"-1","2026-03-23 15:56:35.099",NULL,"y"
2743,2,1790,"د.ت83.95","2026-03-23 15:56:35.099",NULL,"y"
2744,2,1791,"-1","2026-03-23 15:56:35.099",NULL,"y"
2745,2,1792,"د.ت54.99","2026-03-23 15:56:35.099",NULL,"y"
2746,2,1793,"-1","2026-03-23 15:56:35.099",NULL,"y"
2747,2,1795,"-1","2026-03-23 15:56:35.099",NULL,"y"
2748,2,1796,"-1","2026-03-23 15:56:35.099",NULL,"y"
2749,2,1797,"-1","2026-03-23 15:56:35.099",NULL,"y"
2750,2,1798,"د.ت99.00","2026-03-23 15:56:35.099",NULL,"y"
2751,2,1799,"-1","2026-03-23 15:56:35.099",NULL,"y"
2752,2,1800,"د.ت10.00","2026-03-23 15:56:35.099",NULL,"y"
2753,2,1801,"-1","2026-03-23 15:56:35.099",NULL,"y"
2754,2,1802,"د.ت150.00","2026-03-23 15:56:35.099",NULL,"y"
2755,2,1803,"-1","2026-03-23 15:56:35.099",NULL,"y"
2756,2,1804,"د.ت31.00","2026-03-23 15:56:35.099",NULL,"y"
2757,2,1805,"-1","2026-03-23 15:56:35.099",NULL,"y"
2758,2,1806,"-1","2026-03-23 15:56:35.099",NULL,"y"
2759,2,1807,"د.ت120.00","2026-03-23 15:56:35.099",NULL,"y"
2760,2,1808,"د.ت31.00","2026-03-23 15:56:35.099",NULL,"y"
2761,2,1809,"د.ت110.00","2026-03-23 15:56:35.099",NULL,"y"
2762,2,1810,"-1","2026-03-23 15:56:35.099",NULL,"y"
2763,2,1811,"-1","2026-03-23 15:56:35.099",NULL,"y"
2764,2,1812,"-1","2026-03-23 15:56:35.099",NULL,"y"
2765,2,1813,"-1","2026-03-23 15:56:35.099",NULL,"y"
2766,2,1814,"-1","2026-03-23 15:56:35.099",NULL,"y"
2767,2,1815,"-1","2026-03-23 15:56:35.099",NULL,"y"
2768,2,1816,"-1","2026-03-23 15:56:35.099",NULL,"y"
2769,2,1817,"-1","2026-03-23 15:56:35.099",NULL,"y"
2770,2,1818,"-1","2026-03-23 15:56:35.099",NULL,"y"
2771,2,1819,"-1","2026-03-23 15:56:35.099",NULL,"y"
2772,2,1820,"-1","2026-03-23 15:56:35.099",NULL,"y"
2773,2,1822,"د.ت76.90","2026-03-23 15:56:35.099",NULL,"y"
2774,2,1823,"د.ت319.01","2026-03-23 15:56:35.099",NULL,"y"
2775,2,1824,"د.ت19.99","2026-03-23 15:56:35.099",NULL,"y"
2776,2,1825,"-1","2026-03-23 15:56:35.099",NULL,"y"
2777,2,1826,"د.ت130.96","2026-03-23 15:56:35.099",NULL,"y"
2778,2,1827,"-1","2026-03-23 15:56:35.099",NULL,"y"
2779,2,1828,"-1","2026-03-23 15:56:35.099",NULL,"y"
2780,2,1829,"-1","2026-03-23 15:56:35.099",NULL,"y"
2781,2,1830,"-1","2026-03-23 15:56:35.099",NULL,"y"
2782,2,1831,"-1","2026-03-23 15:56:35.099",NULL,"y"
2783,2,1832,"-1","2026-03-23 15:56:35.099",NULL,"y"
2784,2,1833,"-1","2026-03-23 15:56:35.099",NULL,"y"
2785,2,1834,"-1","2026-03-23 15:56:35.099",NULL,"y"
2786,2,1835,"-1","2026-03-23 15:56:35.099",NULL,"y"
2787,2,1836,"-1","2026-03-23 15:56:35.099",NULL,"y"
2788,2,1838,"-1","2026-03-23 15:56:35.099",NULL,"y"
2789,2,1839,"د.ت50.00","2026-03-23 15:56:35.099",NULL,"y"
2790,2,1840,"-1","2026-03-23 15:56:35.099",NULL,"y"
2791,2,1841,"-1","2026-03-23 15:56:35.099",NULL,"y"
2792,2,1842,"-1","2026-03-23 15:56:35.099",NULL,"y"
2793,2,1843,"-1","2026-03-23 15:56:35.099",NULL,"y"
2794,2,1844,"-1","2026-03-23 15:56:35.099",NULL,"y"
2795,2,1845,"-1","2026-03-23 15:56:35.099",NULL,"y"
2796,2,1846,"-1","2026-03-23 15:56:35.099",NULL,"y"
2797,2,1847,"-1","2026-03-23 15:56:35.099",NULL,"y"
2798,2,1848,"-1","2026-03-23 15:56:35.099",NULL,"y"
2799,2,1849,"-1","2026-03-23 15:56:35.099",NULL,"y"
2800,2,1850,"-1","2026-03-23 15:56:35.099",NULL,"y"
2801,2,1851,"-1","2026-03-23 15:56:35.099",NULL,"y"
2802,2,1852,"د.ت19.99","2026-03-23 15:56:35.099",NULL,"y"
2803,2,1853,"-1","2026-03-23 15:56:35.099",NULL,"y"
2804,2,1854,"د.ت50.00","2026-03-23 15:56:35.099",NULL,"y"
2805,2,1855,"د.ت169.00","2026-03-23 15:56:35.099",NULL,"y"
2806,2,1856,"-1","2026-03-23 15:56:35.099",NULL,"y"
2807,2,1857,"-1","2026-03-23 15:56:35.099",NULL,"y"
2808,2,1858,"-1","2026-03-23 15:56:35.099",NULL,"y"
2809,2,1859,"د.ت60.00","2026-03-23 15:56:35.099",NULL,"y"
2810,2,1860,"د.ت40.00","2026-03-23 15:56:35.099",NULL,"y"
2811,2,1861,"د.ت40.00","2026-03-23 15:56:35.099",NULL,"y"
2812,2,1862,"د.ت30.00","2026-03-23 15:56:35.099",NULL,"y"
2813,2,1863,"د.ت160.00","2026-03-23 15:56:35.099",NULL,"y"
2814,2,1864,"د.ت30.00","2026-03-23 15:56:35.099",NULL,"y"
2815,2,1865,"د.ت160.00","2026-03-23 15:56:35.099",NULL,"y"
2816,2,1866,"د.ت80.00","2026-03-23 15:56:35.099",NULL,"y"
2817,2,1867,"-1","2026-03-23 15:56:35.099",NULL,"y"
2818,2,1868,"د.ت255.21","2026-03-23 15:56:35.099",NULL,"y"
2819,2,1869,"د.ت194.76","2026-03-23 15:56:35.099",NULL,"y"
2820,2,1870,"-1","2026-03-23 15:56:35.099",NULL,"y"
2821,2,1871,"-1","2026-03-23 15:56:35.099",NULL,"y"
2822,2,1872,"د.ت107.46","2026-03-23 15:56:35.099",NULL,"y"
2823,2,1873,"-1","2026-03-23 15:56:35.099",NULL,"y"
2824,2,1874,"-1","2026-03-23 15:56:35.099",NULL,"y"
2825,2,1875,"-1","2026-03-23 15:56:35.099",NULL,"y"
2826,2,1876,"-1","2026-03-23 15:56:35.099",NULL,"y"
2827,2,1878,"-1","2026-03-23 15:56:35.099",NULL,"y"
2828,2,1879,"-1","2026-03-23 15:56:35.099",NULL,"y"
2829,2,1880,"-1","2026-03-23 15:56:35.099",NULL,"y"
2830,2,1881,"-1","2026-03-23 15:56:35.099",NULL,"y"
2831,2,1882,"-1","2026-03-23 15:56:35.099",NULL,"y"
2832,2,1883,"-1","2026-03-23 15:56:35.099",NULL,"y"
2833,2,1884,"د.ت165.00","2026-03-23 15:56:35.099",NULL,"y"
2834,2,1885,"د.ت165.00","2026-03-23 15:56:35.099",NULL,"y"
2835,2,1886,"د.ت135.00","2026-03-23 15:56:35.099",NULL,"y"
2836,2,1887,"-1","2026-03-23 15:56:35.099",NULL,"y"
2837,2,1888,"د.ت164.54","2026-03-23 15:56:35.099",NULL,"y"
2838,2,1889,"د.ت63.80","2026-03-23 15:56:35.099",NULL,"y"
2839,2,1890,"د.ت117.53","2026-03-23 15:56:35.099",NULL,"y"
2840,2,1891,"د.ت28.00","2026-03-23 15:56:35.099",NULL,"y"
2841,2,1892,"-1","2026-03-23 15:56:35.099",NULL,"y"
2842,2,1893,"-1","2026-03-23 15:56:35.099",NULL,"y"
2843,2,1894,"-1","2026-03-23 15:56:35.099",NULL,"y"
2844,2,1895,"د.ت225.00","2026-03-23 15:56:35.099",NULL,"y"
2845,2,1896,"-1","2026-03-23 15:56:35.099",NULL,"y"
2846,2,1897,"-1","2026-03-23 15:56:35.099",NULL,"y"
2847,2,1898,"-1","2026-03-23 15:56:35.099",NULL,"y"
2848,2,1899,"-1","2026-03-23 15:56:35.099",NULL,"y"
2849,2,1900,"د.ت95.00","2026-03-23 15:56:35.099",NULL,"y"
2850,2,1901,"-1","2026-03-23 15:56:35.099",NULL,"y"
2851,2,1902,"-1","2026-03-23 15:56:35.099",NULL,"y"
2852,2,1903,"د.ت15.00","2026-03-23 15:56:35.099",NULL,"y"
2853,2,1904,"-1","2026-03-23 15:56:35.099",NULL,"y"
2854,2,1905,"-1","2026-03-23 15:56:35.099",NULL,"y"
2855,2,1906,"-1","2026-03-23 15:56:35.099",NULL,"y"
2856,2,1907,"-1","2026-03-23 15:56:35.099",NULL,"y"
2857,2,1908,"د.ت19.99","2026-03-23 15:56:35.099",NULL,"y"
2858,2,1909,"د.ت27.99","2026-03-23 15:56:35.099",NULL,"y"
2859,2,1910,"د.ت70.00","2026-03-23 15:56:35.099",NULL,"y"
2860,2,1911,"-1","2026-03-23 15:56:35.099",NULL,"y"
2861,2,1912,"-1","2026-03-23 15:56:35.099",NULL,"y"
2862,2,1913,"-1","2026-03-23 15:56:35.099",NULL,"y"
2863,2,1914,"د.ت261.92","2026-03-23 15:56:35.099",NULL,"y"
2864,2,1916,"-1","2026-03-23 15:56:35.099",NULL,"y"
2865,2,1917,"-1","2026-03-23 15:56:35.099",NULL,"y"
2866,2,1918,"-1","2026-03-23 15:56:35.099",NULL,"y"
2867,2,1919,"-1","2026-03-23 15:56:35.099",NULL,"y"
2868,2,1920,"-1","2026-03-23 15:56:35.099",NULL,"y"
2869,2,1921,"-1","2026-03-23 15:56:35.099",NULL,"y"
2870,2,1922,"-1","2026-03-23 15:56:35.099",NULL,"y"
2871,2,1923,"-1","2026-03-23 15:56:35.099",NULL,"y"
2872,2,1924,"-1","2026-03-23 15:56:35.099",NULL,"y"
2873,2,1925,"-1","2026-03-23 15:56:35.099",NULL,"y"
2874,2,1926,"-1","2026-03-23 15:56:35.099",NULL,"y"
2875,2,1928,"-1","2026-03-23 15:56:35.099",NULL,"y"
2876,2,1929,"-1","2026-03-23 15:56:35.099",NULL,"y"
2877,2,1930,"-1","2026-03-23 15:56:35.099",NULL,"y"
2878,2,1931,"-1","2026-03-23 15:56:35.099",NULL,"y"
2879,2,1932,"-1","2026-03-23 15:56:35.099",NULL,"y"
2880,2,1933,"-1","2026-03-23 15:56:35.099",NULL,"y"
2881,2,1935,"-1","2026-03-23 15:56:35.099",NULL,"y"
2882,2,1936,"-1","2026-03-23 15:56:35.099",NULL,"y"
2883,2,1937,"د.ت75.00","2026-03-23 15:56:35.099",NULL,"y"
2884,2,1938,"-1","2026-03-23 15:56:35.099",NULL,"y"
2885,2,1939,"-1","2026-03-23 15:56:35.099",NULL,"y"
2886,2,1940,"-1","2026-03-23 15:56:35.099",NULL,"y"
2887,2,1941,"-1","2026-03-23 15:56:35.099",NULL,"y"
2888,2,1942,"-1","2026-03-23 15:56:35.099",NULL,"y"
2889,2,1943,"-1","2026-03-23 15:56:35.099",NULL,"y"
2890,2,1944,"د.ت167.30","2026-03-23 15:56:35.099",NULL,"y"
2891,2,1945,"د.ت45.00","2026-03-23 15:56:35.099",NULL,"y"
2892,2,1946,"د.ت36.00","2026-03-23 15:56:35.099",NULL,"y"
2893,2,1947,"د.ت13.00","2026-03-23 15:56:35.099",NULL,"y"
2894,2,1948,"د.ت63.00","2026-03-23 15:56:35.099",NULL,"y"
2895,2,1949,"د.ت108.00","2026-03-23 15:56:35.099",NULL,"y"
2896,2,1951,"د.ت134.32","2026-03-23 15:56:35.099",NULL,"y"
2897,2,1952,"د.ت85.00","2026-03-23 15:56:35.099",NULL,"y"
2898,2,1953,"د.ت265.00","2026-03-23 15:56:35.099",NULL,"y"
2899,2,1954,"-1","2026-03-23 15:56:35.099",NULL,"y"
2900,2,1955,"-1","2026-03-23 15:56:35.099",NULL,"y"
2901,2,1956,"-1","2026-03-23 15:56:35.099",NULL,"y"
2902,2,1957,"-1","2026-03-23 15:56:35.099",NULL,"y"
2903,2,1958,"-1","2026-03-23 15:56:35.099",NULL,"y"
2904,2,1959,"-1","2026-03-23 15:56:35.099",NULL,"y"
2905,2,1960,"-1","2026-03-23 15:56:35.099",NULL,"y"
2906,2,1961,"-1","2026-03-23 15:56:35.099",NULL,"y"
2907,2,1962,"د.ت100.74","2026-03-23 15:56:35.099",NULL,"y"
2908,2,1963,"د.ت251.85","2026-03-23 15:56:35.099",NULL,"y"
2909,2,1964,"-1","2026-03-23 15:56:35.099",NULL,"y"
2910,2,1965,"-1","2026-03-23 15:56:35.099",NULL,"y"
2911,2,1966,"د.ت255.21","2026-03-23 15:56:35.099",NULL,"y"
2912,2,1967,"د.ت255.21","2026-03-23 15:56:35.099",NULL,"y"
2913,2,1968,"د.ت255.21","2026-03-23 15:56:35.099",NULL,"y"
2914,2,1969,"د.ت151,110.00","2026-03-23 15:56:35.099",NULL,"y"
2915,2,1970,"-1","2026-03-23 15:56:35.099",NULL,"y"
2916,2,1971,"-1","2026-03-23 15:56:35.099",NULL,"y"
2917,2,1972,"-1","2026-03-23 15:56:35.099",NULL,"y"
2918,2,1973,"-1","2026-03-23 15:56:35.099",NULL,"y"
2919,2,1974,"-1","2026-03-23 15:56:35.099",NULL,"y"
2920,2,1975,"-1","2026-03-23 15:56:35.099",NULL,"y"
2921,2,1976,"-1","2026-03-23 15:56:35.099",NULL,"y"
2922,2,1977,"-1","2026-03-23 15:56:35.099",NULL,"y"
2923,2,1978,"د.ت218.27","2026-03-23 15:56:35.099",NULL,"y"
2924,2,1979,"د.ت28.99","2026-03-23 15:56:35.099",NULL,"y"
2925,2,1980,"-1","2026-03-23 15:56:35.099",NULL,"y"
2926,2,1981,"-1","2026-03-23 15:56:35.099",NULL,"y"
2927,2,1982,"-1","2026-03-23 15:56:35.099",NULL,"y"
2928,2,1983,"-1","2026-03-23 15:56:35.099",NULL,"y"
2929,2,1984,"د.ت228.34","2026-03-23 15:56:35.099",NULL,"y"
2930,2,1985,"د.ت144.39","2026-03-23 15:56:35.099",NULL,"y"
2931,2,1986,"-1","2026-03-23 15:56:35.099",NULL,"y"
2932,2,1987,"-1","2026-03-23 15:56:35.099",NULL,"y"
2933,2,1988,"-1","2026-03-23 15:56:35.099",NULL,"y"
2934,2,1989,"-1","2026-03-23 15:56:35.099",NULL,"y"
2935,2,1990,"د.ت298.86","2026-03-23 15:56:35.099",NULL,"y"
2936,2,1991,"د.ت251.85","2026-03-23 15:56:35.099",NULL,"y"
2937,2,1992,"د.ت251.85","2026-03-23 15:56:35.099",NULL,"y"
2938,2,1993,"د.ت198.12","2026-03-23 15:56:35.099",NULL,"y"
2939,2,1994,"د.ت114.17","2026-03-23 15:56:35.099",NULL,"y"
2940,2,1995,"-1","2026-03-23 15:56:35.099",NULL,"y"
2941,2,1996,"-1","2026-03-23 15:56:35.099",NULL,"y"
2942,2,1998,"د.ت130.96","2026-03-23 15:56:35.099",NULL,"y"
2943,2,1999,"د.ت130.96","2026-03-23 15:56:35.099",NULL,"y"
2944,2,2000,"-1","2026-03-23 15:56:35.099",NULL,"y"
2945,2,2001,"-1","2026-03-23 15:56:35.099",NULL,"y"
2946,2,2002,"-1","2026-03-23 15:56:35.099",NULL,"y"
2947,2,2004,"د.ت24.90","2026-03-23 15:56:35.099",NULL,"y"
2948,2,2005,"د.ت167.90","2026-03-23 15:56:35.099",NULL,"y"
2949,2,2006,"-1","2026-03-23 15:56:35.099",NULL,"y"
2950,2,2007,"-1","2026-03-23 15:56:35.099",NULL,"y"
2951,2,2008,"د.ت167.90","2026-03-23 15:56:35.099",NULL,"y"
2952,2,2009,"-1","2026-03-23 15:56:35.099",NULL,"y"
2953,2,2010,"-1","2026-03-23 15:56:35.099",NULL,"y"
2954,2,2011,"-1","2026-03-23 15:56:35.099",NULL,"y"
2955,2,2012,"د.ت23.51","2026-03-23 15:56:35.099",NULL,"y"
2956,2,2013,"د.ت99.99","2026-03-23 15:56:35.099",NULL,"y"
2957,2,2014,"-1","2026-03-23 15:56:35.099",NULL,"y"
2958,2,2015,"د.ت198.12","2026-03-23 15:56:35.099",NULL,"y"
2959,2,2016,"-1","2026-03-23 15:56:35.099",NULL,"y"
2960,2,2017,"-1","2026-03-23 15:56:35.099",NULL,"y"
2961,2,2018,"-1","2026-03-23 15:56:35.099",NULL,"y"
2962,2,2019,"د.ت900.00","2026-03-23 15:56:35.099",NULL,"y"
2963,2,2020,"د.ت2,000.00","2026-03-23 15:56:35.099",NULL,"y"
2964,2,2021,"-1","2026-03-23 15:56:35.099",NULL,"y"
2965,2,2022,"-1","2026-03-23 15:56:35.099",NULL,"y"
2966,2,2023,"-1","2026-03-23 15:56:35.099",NULL,"y"
2967,2,2024,"-1","2026-03-23 15:56:35.099",NULL,"y"
2968,2,2025,"-1","2026-03-23 15:56:35.099",NULL,"y"
2969,2,2026,"د.ت50.00","2026-03-23 15:56:35.099",NULL,"y"
2970,2,2027,"-1","2026-03-23 15:56:35.099",NULL,"y"
2971,2,2028,"-1","2026-03-23 15:56:35.099",NULL,"y"
2972,2,2029,"-1","2026-03-23 15:56:35.099",NULL,"y"
2973,2,2030,"د.ت298.86","2026-03-23 15:56:35.099",NULL,"y"
2974,2,2032,"-1","2026-03-23 15:56:35.099",NULL,"y"
2975,2,2033,"-1","2026-03-23 15:56:35.099",NULL,"y"
2976,2,2034,"-1","2026-03-23 15:56:35.099",NULL,"y"
2977,2,2035,"د.ت115.00","2026-03-23 15:56:35.099",NULL,"y"
2978,2,2036,"د.ت95.00","2026-03-23 15:56:35.099",NULL,"y"
2979,2,2037,"-1","2026-03-23 15:56:35.099",NULL,"y"
2980,2,2038,"د.ت24.90","2026-03-23 15:56:35.099",NULL,"y"
2981,2,2039,"د.ت19.50","2026-03-23 15:56:35.099",NULL,"y"
2982,2,2040,"-1","2026-03-23 15:56:35.099",NULL,"y"
2983,2,2041,"د.ت265.00","2026-03-23 15:56:35.099",NULL,"y"
2984,2,2042,"د.ت225.00","2026-03-23 15:56:35.099",NULL,"y"
2985,2,2043,"-1","2026-03-23 15:56:35.099",NULL,"y"
2986,2,2044,"د.ت55.00","2026-03-23 15:56:35.099",NULL,"y"
2987,2,2045,"-1","2026-03-23 15:56:35.099",NULL,"y"
2988,2,2046,"د.ت73.99","2026-03-23 15:56:35.099",NULL,"y"
2989,2,2047,"د.ت73.99","2026-03-23 15:56:35.099",NULL,"y"
2990,2,2048,"د.ت73.90","2026-03-23 15:56:35.099",NULL,"y"
2991,2,2049,"د.ت26.99","2026-03-23 15:56:35.099",NULL,"y"
2992,2,2050,"د.ت27.00","2026-03-23 15:56:35.099",NULL,"y"
2993,2,2051,"د.ت26.99","2026-03-23 15:56:35.099",NULL,"y"
2994,2,2052,"-1","2026-03-23 15:56:35.099",NULL,"y"
2995,2,2053,"-1","2026-03-23 15:56:35.099",NULL,"y"
2996,2,2054,"د.ت85.00","2026-03-23 15:56:35.099",NULL,"y"
2997,2,2055,"د.ت205.00","2026-03-23 15:56:35.099",NULL,"y"
2998,2,2056,"د.ت28.00","2026-03-23 15:56:35.099",NULL,"y"
2999,2,2057,"د.ت32.99","2026-03-23 15:56:35.099",NULL,"y"
3000,2,2058,"-1","2026-03-23 15:56:35.099",NULL,"y"
3001,2,2059,"د.ت40.99","2026-03-23 15:56:35.099",NULL,"y"
3002,2,2060,"-1","2026-03-23 15:56:35.099",NULL,"y"
3003,2,2061,"-1","2026-03-23 15:56:35.099",NULL,"y"
3004,2,2062,"د.ت62.90","2026-03-23 15:56:35.099",NULL,"y"
3005,2,2063,"د.ت165.00","2026-03-23 15:56:35.099",NULL,"y"
3006,2,2064,"-1","2026-03-23 15:56:35.099",NULL,"y"
3007,2,2065,"-1","2026-03-23 15:56:35.099",NULL,"y"
3008,2,2066,"-1","2026-03-23 15:56:35.099",NULL,"y"
3009,2,2067,"د.ت30.00","2026-03-23 15:56:35.099",NULL,"y"
3010,2,2068,"د.ت30.00","2026-03-23 15:56:35.099",NULL,"y"
3011,2,2069,"د.ت30.00","2026-03-23 15:56:35.099",NULL,"y"
3012,2,2070,"-1","2026-03-23 15:56:35.099",NULL,"y"
3013,2,2071,"-1","2026-03-23 15:56:35.099",NULL,"y"
3014,2,2072,"د.ت54.90","2026-03-23 15:56:35.099",NULL,"y"
3015,2,2073,"د.ت54.90","2026-03-23 15:56:35.099",NULL,"y"
3016,2,2074,"د.ت85.00","2026-03-23 15:56:35.099",NULL,"y"
3017,2,2075,"-1","2026-03-23 15:56:35.099",NULL,"y"
3018,2,2076,"-1","2026-03-23 15:56:35.099",NULL,"y"
3019,2,2077,"-1","2026-03-23 15:56:35.099",NULL,"y"
3020,2,2078,"-1","2026-03-23 15:56:35.099",NULL,"y"
3021,2,2079,"-1","2026-03-23 15:56:35.099",NULL,"y"
3022,2,2080,"-1","2026-03-23 15:56:35.099",NULL,"y"
3023,2,2081,"-1","2026-03-23 15:56:35.099",NULL,"y"
3024,2,2082,"-1","2026-03-23 15:56:35.099",NULL,"y"
3025,2,2083,"د.ت69.99","2026-03-23 15:56:35.099",NULL,"y"
3026,2,2084,"-1","2026-03-23 15:56:35.099",NULL,"y"
3027,2,2085,"د.ت132.99","2026-03-23 15:56:35.099",NULL,"y"
3028,2,2086,"د.ت62.99","2026-03-23 15:56:35.099",NULL,"y"
3029,2,2087,"-1","2026-03-23 15:56:35.099",NULL,"y"
3030,2,2088,"د.ت174.99","2026-03-23 15:56:35.099",NULL,"y"
3031,2,2089,"د.ت101.99","2026-03-23 15:56:35.099",NULL,"y"
3032,2,2090,"د.ت119.99","2026-03-23 15:56:35.099",NULL,"y"
3033,2,2091,"-1","2026-03-23 15:56:35.099",NULL,"y"
3034,2,2092,"-1","2026-03-23 15:56:35.099",NULL,"y"
3035,2,2093,"-1","2026-03-23 15:56:35.099",NULL,"y"
3036,2,2094,"-1","2026-03-23 15:56:35.099",NULL,"y"
3037,2,2095,"-1","2026-03-23 15:56:35.099",NULL,"y"
3038,2,2096,"-1","2026-03-23 15:56:35.099",NULL,"y"
3039,2,2097,"د.ت85.00","2026-03-23 15:56:35.099",NULL,"y"
3040,2,2098,"د.ت22.00","2026-03-23 15:56:35.099",NULL,"y"
3041,2,2099,"-1","2026-03-23 15:56:35.099",NULL,"y"
3042,2,2100,"د.ت28.50","2026-03-23 15:56:35.099",NULL,"y"
3043,2,2101,"د.ت90.00","2026-03-23 15:56:35.099",NULL,"y"
3044,2,2102,"-1","2026-03-23 15:56:35.099",NULL,"y"
3045,2,2103,"-1","2026-03-23 15:56:35.099",NULL,"y"
3046,2,2105,"د.ت59.99","2026-03-23 15:56:35.099",NULL,"y"
3047,2,2106,"د.ت19.99","2026-03-23 15:56:35.099",NULL,"y"
3048,2,2107,"د.ت45.00","2026-03-23 15:56:35.099",NULL,"y"
3049,2,2108,"د.ت19.99","2026-03-23 15:56:35.099",NULL,"y"
3050,2,2109,"-1","2026-03-23 15:56:35.099",NULL,"y"
3051,2,2110,"-1","2026-03-23 15:56:35.099",NULL,"y"
3052,2,2111,"-1","2026-03-23 15:56:35.099",NULL,"y"
3053,2,2112,"-1","2026-03-23 15:56:35.099",NULL,"y"
3054,2,2113,"-1","2026-03-23 15:56:35.099",NULL,"y"
3055,2,2114,"-1","2026-03-23 15:56:35.099",NULL,"y"
3056,2,2116,"-1","2026-03-23 15:56:35.099",NULL,"y"
3057,2,2117,"-1","2026-03-23 15:56:35.099",NULL,"y"
3058,2,2118,"-1","2026-03-23 15:56:35.099",NULL,"y"
3059,2,2119,"-1","2026-03-23 15:56:35.099",NULL,"y"
3060,2,2120,"د.ت240.00","2026-03-23 15:56:35.099",NULL,"y"
3061,2,2121,"-1","2026-03-23 15:56:35.099",NULL,"y"
3062,2,2122,"-1","2026-03-23 15:56:35.099",NULL,"y"
3063,2,2123,"د.ت40.00","2026-03-23 15:56:35.099",NULL,"y"
3064,2,2124,"د.ت55.00","2026-03-23 15:56:35.099",NULL,"y"
3065,2,2125,"-1","2026-03-23 15:56:35.099",NULL,"y"
3066,2,2126,"-1","2026-03-23 15:56:35.099",NULL,"y"
3067,2,2127,"د.ت65.00","2026-03-23 15:56:35.099",NULL,"y"
3068,2,2128,"د.ت23.00","2026-03-23 15:56:35.099",NULL,"y"
3069,2,2129,"د.ت114.99","2026-03-23 15:56:35.099",NULL,"y"
3070,2,2131,"د.ت119.00","2026-03-23 15:56:35.099",NULL,"y"
3071,2,2132,"-1","2026-03-23 15:56:35.099",NULL,"y"
3072,2,2133,"د.ت170.00","2026-03-23 15:56:35.099",NULL,"y"
3073,2,2134,"د.ت170.00","2026-03-23 15:56:35.099",NULL,"y"
3074,2,2135,"د.ت75.00","2026-03-23 15:56:35.099",NULL,"y"
3075,2,2136,"د.ت18.00","2026-03-23 15:56:35.099",NULL,"y"
3076,2,2137,"د.ت90.00","2026-03-23 15:56:35.099",NULL,"y"
3077,2,2138,"د.ت140.00","2026-03-23 15:56:35.099",NULL,"y"
3078,2,2139,"د.ت23.90","2026-03-23 15:56:35.099",NULL,"y"
3079,2,2140,"د.ت93.99","2026-03-23 15:56:35.099",NULL,"y"
3080,2,2141,"-1","2026-03-23 15:56:35.099",NULL,"y"
3081,2,2142,"د.ت45.00","2026-03-23 15:56:35.099",NULL,"y"
3082,2,2143,"د.ت165.00","2026-03-23 15:56:35.099",NULL,"y"
3083,2,2144,"-1","2026-03-23 15:56:35.099",NULL,"y"
3084,2,2145,"-1","2026-03-23 15:56:35.099",NULL,"y"
3085,2,2147,"-1","2026-03-23 15:56:35.099",NULL,"y"
3086,2,2148,"-1","2026-03-23 15:56:35.099",NULL,"y"
3087,2,2149,"-1","2026-03-23 15:56:35.115",NULL,"y"
3088,2,2150,"-1","2026-03-23 15:56:35.115",NULL,"y"
3089,2,2151,"-1","2026-03-23 15:56:35.115",NULL,"y"
3090,2,2152,"-1","2026-03-23 15:56:35.115",NULL,"y"
3091,2,2153,"-1","2026-03-23 15:56:35.115",NULL,"y"
3092,2,2155,"د.ت265.90","2026-03-23 15:56:35.115",NULL,"y"
3093,2,2156,"د.ت450.00","2026-03-23 15:56:35.115",NULL,"y"
3094,2,2157,"د.ت265.90","2026-03-23 15:56:35.115",NULL,"y"
3095,2,2158,"د.ت450.00","2026-03-23 15:56:35.115",NULL,"y"
3096,2,2159,"د.ت130.00","2026-03-23 15:56:35.115",NULL,"y"
3097,2,2160,"د.ت220.00","2026-03-23 15:56:35.115",NULL,"y"
3098,2,2161,"د.ت105.00","2026-03-23 15:56:35.115",NULL,"y"
3099,2,2162,"د.ت29.00","2026-03-23 15:56:35.115",NULL,"y"
3100,2,2163,"-1","2026-03-23 15:56:35.115",NULL,"y"
3101,2,2164,"د.ت29.00","2026-03-23 15:56:35.115",NULL,"y"
3102,2,2165,"د.ت29.00","2026-03-23 15:56:35.115",NULL,"y"
3103,2,2166,"-1","2026-03-23 15:56:35.115",NULL,"y"
3104,2,2167,"-1","2026-03-23 15:56:35.115",NULL,"y"
3105,2,2168,"-1","2026-03-23 15:56:35.115",NULL,"y"
3106,2,2169,"-1","2026-03-23 15:56:35.115",NULL,"y"
3107,2,2170,"-1","2026-03-23 15:56:35.115",NULL,"y"
3108,2,2171,"-1","2026-03-23 15:56:35.115",NULL,"y"
3109,2,2172,"-1","2026-03-23 15:56:35.115",NULL,"y"
3110,2,2173,"-1","2026-03-23 15:56:35.115",NULL,"y"
3111,2,2174,"-1","2026-03-23 15:56:35.115",NULL,"y"
3112,2,2175,"-1","2026-03-23 15:56:35.115",NULL,"y"
3113,2,2176,"-1","2026-03-23 15:56:35.115",NULL,"y"
3114,2,2177,"-1","2026-03-23 15:56:35.115",NULL,"y"
3115,2,2178,"-1","2026-03-23 15:56:35.115",NULL,"y"
3116,2,2179,"-1","2026-03-23 15:56:35.115",NULL,"y"
3117,2,2181,"-1","2026-03-23 15:56:35.115",NULL,"y"
3118,2,2182,"-1","2026-03-23 15:56:35.115",NULL,"y"
3119,2,2183,"-1","2026-03-23 15:56:35.115",NULL,"y"
3120,2,2184,"-1","2026-03-23 15:56:35.115",NULL,"y"
3121,2,2185,"-1","2026-03-23 15:56:35.115",NULL,"y"
3122,2,2186,"-1","2026-03-23 15:56:35.115",NULL,"y"
3123,2,2187,"-1","2026-03-23 15:56:35.115",NULL,"y"
3124,2,2188,"-1","2026-03-23 15:56:35.115",NULL,"y"
3125,2,2190,"-1","2026-03-23 15:56:35.115",NULL,"y"
3126,2,2191,"-1","2026-03-23 15:56:35.115",NULL,"y"
3127,2,2192,"-1","2026-03-23 15:56:35.115",NULL,"y"
3128,2,2193,"-1","2026-03-23 15:56:35.115",NULL,"y"
3129,2,2194,"-1","2026-03-23 15:56:35.115",NULL,"y"
3130,2,2195,"-1","2026-03-23 15:56:35.115",NULL,"y"
3131,2,2196,"-1","2026-03-23 15:56:35.115",NULL,"y"
3132,2,2197,"-1","2026-03-23 15:56:35.115",NULL,"y"
3133,2,2198,"-1","2026-03-23 15:56:35.115",NULL,"y"
3134,2,2199,"-1","2026-03-23 15:56:35.115",NULL,"y"
3135,2,2204,"-1","2026-03-23 15:56:35.115",NULL,"y"
3136,2,2205,"-1","2026-03-23 15:56:35.115",NULL,"y"
3137,2,2206,"-1","2026-03-23 15:56:35.115",NULL,"y"
3138,2,2207,"-1","2026-03-23 15:56:35.115",NULL,"y"
3139,2,2212,"-1","2026-03-23 15:56:35.115",NULL,"y"
3140,2,2213,"-1","2026-03-23 15:56:35.115",NULL,"y"
3141,2,2214,"-1","2026-03-23 15:56:35.115",NULL,"y"
3142,2,2215,"-1","2026-03-23 15:56:35.115",NULL,"y"
3143,2,2216,"-1","2026-03-23 15:56:35.115",NULL,"y"
3144,2,2217,"-1","2026-03-23 15:56:35.115",NULL,"y"
3145,2,2218,"-1","2026-03-23 15:56:35.115",NULL,"y"
3146,2,2219,"-1","2026-03-23 15:56:35.115",NULL,"y"
3147,2,2220,"-1","2026-03-23 15:56:35.115",NULL,"y"
3148,2,2221,"-1","2026-03-23 15:56:35.115",NULL,"y"
3149,2,2222,"د.ت25.99","2026-03-23 15:56:35.115",NULL,"y"
3150,2,2223,"-1","2026-03-23 15:56:35.115",NULL,"y"
3151,2,2224,"-1","2026-03-23 15:56:35.115",NULL,"y"
3152,2,2225,"د.ت20.00","2026-03-23 15:56:35.115",NULL,"y"
3153,2,2226,"-1","2026-03-23 15:56:35.115",NULL,"y"
3154,2,2227,"د.ت24.99","2026-03-23 15:56:35.115",NULL,"y"
3155,2,2228,"د.ت24.99","2026-03-23 15:56:35.115",NULL,"y"
3156,2,2229,"-1","2026-03-23 15:56:35.115",NULL,"y"
3157,2,2230,"-1","2026-03-23 15:56:35.115",NULL,"y"
3158,2,2231,"-1","2026-03-23 15:56:35.115",NULL,"y"
3159,2,2232,"-1","2026-03-23 15:56:35.115",NULL,"y"
3160,2,2233,"-1","2026-03-23 15:56:35.115",NULL,"y"
3161,2,2234,"-1","2026-03-23 15:56:35.115",NULL,"y"
3162,2,2237,"-1","2026-03-23 15:56:35.115",NULL,"y"
3163,2,2238,"-1","2026-03-23 15:56:35.115",NULL,"y"
3164,2,2239,"-1","2026-03-23 15:56:35.115",NULL,"y"
3165,2,2240,"-1","2026-03-23 15:56:35.115",NULL,"y"
3166,2,2241,"-1","2026-03-23 15:56:35.115",NULL,"y"
3167,2,2242,"-1","2026-03-23 15:56:35.115",NULL,"y"
3168,2,2243,"-1","2026-03-23 15:56:35.115",NULL,"y"
3169,2,2244,"-1","2026-03-23 15:56:35.115",NULL,"y"
3170,2,2245,"-1","2026-03-23 15:56:35.115",NULL,"y"
3171,2,2246,"-1","2026-03-23 15:56:35.115",NULL,"y"
3172,2,2247,"-1","2026-03-23 15:56:35.115",NULL,"y"
3173,2,2248,"-1","2026-03-23 15:56:35.115",NULL,"y"
3174,2,2249,"-1","2026-03-23 15:56:35.115",NULL,"y"
3175,2,2250,"-1","2026-03-23 15:56:35.115",NULL,"y"
3176,2,2251,"-1","2026-03-23 15:56:35.115",NULL,"y"
3177,2,2252,"-1","2026-03-23 15:56:35.115",NULL,"y"
3178,2,2254,"-1","2026-03-23 15:56:35.115",NULL,"y"
3179,2,2255,"-1","2026-03-23 15:56:35.115",NULL,"y"
3180,2,2257,"-1","2026-03-23 15:56:35.115",NULL,"y"
3181,2,2258,"-1","2026-03-23 15:56:35.115",NULL,"y"
3182,2,2260,"-1","2026-03-23 15:56:35.115",NULL,"y"
3183,2,2261,"د.ت94.99","2026-03-23 15:56:35.115",NULL,"y"
3184,2,2262,"-1","2026-03-23 15:56:35.115",NULL,"y"
3185,2,2263,"-1","2026-03-23 15:56:35.115",NULL,"y"
3186,2,2264,"-1","2026-03-23 15:56:35.115",NULL,"y"
3187,2,2265,"د.ت210.00","2026-03-23 15:56:35.115",NULL,"y"
3188,2,2266,"-1","2026-03-23 15:56:35.115",NULL,"y"
3189,2,2267,"-1","2026-03-23 15:56:35.115",NULL,"y"
3190,2,2268,"د.ت20.00","2026-03-23 15:56:35.115",NULL,"y"
3191,2,2269,"د.ت19.99","2026-03-23 15:56:35.115",NULL,"y"
3192,2,2270,"د.ت59.00","2026-03-23 15:56:35.115",NULL,"y"
3193,2,2272,"د.ت49.00","2026-03-23 15:56:35.115",NULL,"y"
3194,2,2274,"د.ت272.99","2026-03-23 15:56:35.115",NULL,"y"
3195,2,2275,"-1","2026-03-23 15:56:35.115",NULL,"y"
3196,2,2276,"-1","2026-03-23 15:56:35.115",NULL,"y"
3197,2,2278,"-1","2026-03-23 15:56:35.115",NULL,"y"
3198,2,2279,"-1","2026-03-23 15:56:35.115",NULL,"y"
3199,2,2281,"د.ت249.99","2026-03-23 15:56:35.115",NULL,"y"
3200,2,2282,"د.ت309.99","2026-03-23 15:56:35.115",NULL,"y"
3201,2,2283,"-1","2026-03-23 15:56:35.115",NULL,"y"
3202,2,2284,"-1","2026-03-23 15:56:35.115",NULL,"y"
3203,2,2285,"-1","2026-03-23 15:56:35.115",NULL,"y"
3204,2,2286,"-1","2026-03-23 15:56:35.115",NULL,"y"
3205,2,2289,"-1","2026-03-23 15:56:35.115",NULL,"y"
3206,2,2290,"د.ت349.99","2026-03-23 15:56:35.115",NULL,"y"
3207,2,2292,"-1","2026-03-23 15:56:35.115",NULL,"y"
3208,2,2293,"-1","2026-03-23 15:56:35.115",NULL,"y"
3209,2,2294,"د.ت15.55","2026-03-23 15:56:35.115",NULL,"y"
3210,2,2295,"-1","2026-03-23 15:56:35.115",NULL,"y"
3211,2,2296,"-1","2026-03-23 15:56:35.115",NULL,"y"
3212,2,2297,"د.ت30.00","2026-03-23 15:56:35.115",NULL,"y"
3213,2,2298,"د.ت150.00","2026-03-23 15:56:35.115",NULL,"y"
3214,2,2299,"د.ت249.90","2026-03-23 15:56:35.115",NULL,"y"
3215,2,2300,"د.ت24.90","2026-03-23 15:56:35.115",NULL,"y"
3216,2,2301,"د.ت50.00","2026-03-23 15:56:35.115",NULL,"y"
3217,2,2302,"د.ت999.00","2026-03-23 15:56:35.115",NULL,"y"
3218,2,2303,"-1","2026-03-23 15:56:35.115",NULL,"y"
3219,2,2304,"د.ت700.00","2026-03-23 15:56:35.115",NULL,"y"
3220,2,2305,"د.ت139.90","2026-03-23 15:56:35.115",NULL,"y"
3221,2,2306,"د.ت950.00","2026-03-23 15:56:35.115",NULL,"y"
3222,2,2308,"د.ت99.90","2026-03-23 15:56:35.115",NULL,"y"
3223,2,2309,"د.ت99.90","2026-03-23 15:56:35.115",NULL,"y"
3224,2,2310,"د.ت41.99","2026-03-23 15:56:35.115",NULL,"y"
3225,2,2311,"-1","2026-03-23 15:56:35.115",NULL,"y"
3226,2,2312,"-1","2026-03-23 15:56:35.115",NULL,"y"
3227,2,2313,"د.ت255.00","2026-03-23 15:56:35.115",NULL,"y"
3228,2,2314,"د.ت160.00","2026-03-23 15:56:35.115",NULL,"y"
3229,2,2315,"-1","2026-03-23 15:56:35.115",NULL,"y"
3230,2,2316,"د.ت21.90","2026-03-23 15:56:35.115",NULL,"y"
3231,2,2317,"د.ت84.90","2026-03-23 15:56:35.115",NULL,"y"
3232,2,2318,"د.ت135.00","2026-03-23 15:56:35.115",NULL,"y"
3233,2,2319,"-1","2026-03-23 15:56:35.115",NULL,"y"
3234,2,2320,"-1","2026-03-23 15:56:35.115",NULL,"y"
3235,2,2321,"-1","2026-03-23 15:56:35.115",NULL,"y"
3236,2,2322,"-1","2026-03-23 15:56:35.115",NULL,"y"
3237,2,2323,"-1","2026-03-23 15:56:35.115",NULL,"y"
3238,2,2324,"د.ت123.00","2026-03-23 15:56:35.115",NULL,"y"
3239,2,2325,"د.ت119.00","2026-03-23 15:56:35.115",NULL,"y"
3240,2,2326,"-1","2026-03-23 15:56:35.115",NULL,"y"
3241,2,2327,"-1","2026-03-23 15:56:35.115",NULL,"y"
3242,2,2328,"د.ت129.99","2026-03-23 15:56:35.115",NULL,"y"
3243,2,2329,"-1","2026-03-23 15:56:35.115",NULL,"y"
3244,2,2330,"د.ت69.00","2026-03-23 15:56:35.115",NULL,"y"
3245,2,2331,"د.ت25.00","2026-03-23 15:56:35.115",NULL,"y"
3246,2,2332,"-1","2026-03-23 15:56:35.115",NULL,"y"
3247,2,2335,"-1","2026-03-23 15:56:35.115",NULL,"y"
3248,2,2336,"-1","2026-03-23 15:56:35.115",NULL,"y"
3249,2,2337,"د.ت175.00","2026-03-23 15:56:35.115",NULL,"y"
3250,2,2338,"د.ت62.00","2026-03-23 15:56:35.115",NULL,"y"
3251,2,2339,"د.ت165.00","2026-03-23 15:56:35.115",NULL,"y"
3252,2,2340,"-1","2026-03-23 15:56:35.115",NULL,"y"
3253,2,2341,"-1","2026-03-23 15:56:35.115",NULL,"y"
3254,2,2342,"-1","2026-03-23 15:56:35.115",NULL,"y"
3255,2,2343,"-1","2026-03-23 15:56:35.115",NULL,"y"
3256,2,2344,"-1","2026-03-23 15:56:35.115",NULL,"y"
3257,2,2345,"-1","2026-03-23 15:56:35.115",NULL,"y"
3258,2,2346,"-1","2026-03-23 15:56:35.115",NULL,"y"
3259,2,2347,"-1","2026-03-23 15:56:35.115",NULL,"y"
3260,2,2348,"-1","2026-03-23 15:56:35.115",NULL,"y"
3261,2,2349,"-1","2026-03-23 15:56:35.115",NULL,"y"
3262,2,2350,"د.ت42.50","2026-03-23 15:56:35.115",NULL,"y"
3263,2,2351,"-1","2026-03-23 15:56:35.115",NULL,"y"
3264,2,2352,"-1","2026-03-23 15:56:35.115",NULL,"y"
3265,2,2353,"-1","2026-03-23 15:56:35.115",NULL,"y"
3266,2,2354,"-1","2026-03-23 15:56:35.115",NULL,"y"
3267,2,2355,"-1","2026-03-23 15:56:35.115",NULL,"y"
3268,2,2356,"-1","2026-03-23 15:56:35.115",NULL,"y"
3269,2,2357,"-1","2026-03-23 15:56:35.115",NULL,"y"
3270,2,2358,"د.ت9.00","2026-03-23 15:56:35.115",NULL,"y"
3271,2,2359,"د.ت9.00","2026-03-23 15:56:35.115",NULL,"y"
3272,2,2360,"-1","2026-03-23 15:56:35.115",NULL,"y"
3273,2,2361,"-1","2026-03-23 15:56:35.115",NULL,"y"
3274,2,2363,"-1","2026-03-23 15:56:35.115",NULL,"y"
3275,2,2364,"-1","2026-03-23 15:56:35.115",NULL,"y"
3276,2,2365,"-1","2026-03-23 15:56:35.115",NULL,"y"
3277,2,2366,"-1","2026-03-23 15:56:35.115",NULL,"y"
3278,2,2367,"-1","2026-03-23 15:56:35.115",NULL,"y"
3279,2,2368,"-1","2026-03-23 15:56:35.115",NULL,"y"
3280,2,2369,"د.ت42.50","2026-03-23 15:56:35.115",NULL,"y"
3281,2,2370,"-1","2026-03-23 15:56:35.115",NULL,"y"
3282,2,2371,"-1","2026-03-23 15:56:35.115",NULL,"y"
3283,2,2372,"-1","2026-03-23 15:56:35.115",NULL,"y"
3284,2,2373,"د.ت179.99","2026-03-23 15:56:35.115",NULL,"y"
3285,2,2374,"د.ت149.00","2026-03-23 15:56:35.115",NULL,"y"
3286,2,2375,"-1","2026-03-23 15:56:35.115",NULL,"y"
3287,2,2377,"-1","2026-03-23 15:56:35.115",NULL,"y"
3288,2,2378,"د.ت150.00","2026-03-23 15:56:35.115",NULL,"y"
3289,2,2379,"-1","2026-03-23 15:56:35.115",NULL,"y"
3290,2,2380,"-1","2026-03-23 15:56:35.115",NULL,"y"
3291,2,2381,"-1","2026-03-23 15:56:35.115",NULL,"y"
3292,2,2382,"-1","2026-03-23 15:56:35.115",NULL,"y"
3293,2,2383,"-1","2026-03-23 15:56:35.115",NULL,"y"
3294,2,2384,"-1","2026-03-23 15:56:35.115",NULL,"y"
3295,2,2385,"-1","2026-03-23 15:56:35.115",NULL,"y"
3296,2,2386,"د.ت20.00","2026-03-23 15:56:35.115",NULL,"y"
3297,2,2387,"د.ت150.00","2026-03-23 15:56:35.115",NULL,"y"
3298,2,2388,"د.ت150.00","2026-03-23 15:56:35.115",NULL,"y"
3299,2,2389,"د.ت150.00","2026-03-23 15:56:35.115",NULL,"y"
3300,2,2390,"د.ت150.00","2026-03-23 15:56:35.115",NULL,"y"
3301,2,2391,"د.ت150.00","2026-03-23 15:56:35.115",NULL,"y"
3302,2,2392,"د.ت150.00","2026-03-23 15:56:35.115",NULL,"y"
3303,2,2393,"د.ت150.00","2026-03-23 15:56:35.115",NULL,"y"
3304,2,2394,"د.ت150.00","2026-03-23 15:56:35.115",NULL,"y"
3305,2,2395,"د.ت150.00","2026-03-23 15:56:35.115",NULL,"y"
3306,2,2396,"د.ت150.00","2026-03-23 15:56:35.115",NULL,"y"
3307,2,2397,"د.ت150.00","2026-03-23 15:56:35.115",NULL,"y"
3308,2,2398,"د.ت150.00","2026-03-23 15:56:35.115",NULL,"y"
3309,2,2399,"د.ت150.00","2026-03-23 15:56:35.115",NULL,"y"
3310,2,2400,"د.ت150.00","2026-03-23 15:56:35.115",NULL,"y"
3311,2,2401,"د.ت150.00","2026-03-23 15:56:35.115",NULL,"y"
3312,2,2402,"د.ت150.00","2026-03-23 15:56:35.115",NULL,"y"
3313,2,2403,"د.ت150.00","2026-03-23 15:56:35.115",NULL,"y"
3314,2,2404,"د.ت150.00","2026-03-23 15:56:35.115",NULL,"y"
3315,2,2405,"د.ت150.00","2026-03-23 15:56:35.115",NULL,"y"
3316,2,2406,"د.ت150.00","2026-03-23 15:56:35.115",NULL,"y"
3317,2,2408,"د.ت45.00","2026-03-23 15:56:35.115",NULL,"y"
3318,2,2409,"د.ت26.00","2026-03-23 15:56:35.115",NULL,"y"
3319,2,2410,"د.ت470.00","2026-03-23 15:56:35.115",NULL,"y"
3320,2,2411,"د.ت270.00","2026-03-23 15:56:35.115",NULL,"y"
3321,2,2412,"-1","2026-03-23 15:56:35.115",NULL,"y"
3322,2,2414,"د.ت60.00","2026-03-23 15:56:35.115",NULL,"y"
3323,2,2415,"-1","2026-03-23 15:56:35.115",NULL,"y"
3324,2,2417,"-1","2026-03-23 15:56:35.115",NULL,"y"
3325,2,2418,"-1","2026-03-23 15:56:35.115",NULL,"y"
3326,2,2419,"-1","2026-03-23 15:56:35.115",NULL,"y"
3327,2,2420,"-1","2026-03-23 15:56:35.115",NULL,"y"
3328,2,2421,"-1","2026-03-23 15:56:35.115",NULL,"y"
3329,2,2422,"-1","2026-03-23 15:56:35.115",NULL,"y"
3330,2,2423,"-1","2026-03-23 15:56:35.115",NULL,"y"
3331,2,2424,"د.ت60.80","2026-03-23 15:56:35.115",NULL,"y"
3332,2,2425,"-1","2026-03-23 15:56:35.115",NULL,"y"
3333,2,2426,"-1","2026-03-23 15:56:35.115",NULL,"y"
3334,2,2429,"-1","2026-03-23 15:56:35.115",NULL,"y"
3335,2,2430,"-1","2026-03-23 15:56:35.115",NULL,"y"
3336,2,2431,"-1","2026-03-23 15:56:35.115",NULL,"y"
3337,2,2432,"-1","2026-03-23 15:56:35.115",NULL,"y"
3338,2,2435,"د.ت85.00","2026-03-23 15:56:35.115",NULL,"y"
3339,2,2436,"د.ت125.00","2026-03-23 15:56:35.115",NULL,"y"
3340,2,2437,"-1","2026-03-23 15:56:35.115",NULL,"y"
3341,2,2438,"-1","2026-03-23 15:56:35.115",NULL,"y"
3342,2,2439,"-1","2026-03-23 15:56:35.115",NULL,"y"
3343,2,2440,"-1","2026-03-23 15:56:35.115",NULL,"y"
3344,2,2441,"-1","2026-03-23 15:56:35.115",NULL,"y"
3345,2,2442,"-1","2026-03-23 15:56:35.115",NULL,"y"
3346,2,2443,"د.ت50.00","2026-03-23 15:56:35.115",NULL,"y"
3347,2,2444,"د.ت110.00","2026-03-23 15:56:35.115",NULL,"y"
3348,2,2445,"-1","2026-03-23 15:56:35.115",NULL,"y"
3349,2,2447,"-1","2026-03-23 15:56:35.115",NULL,"y"
3350,2,2448,"-1","2026-03-23 15:56:35.115",NULL,"y"
3351,2,2449,"-1","2026-03-23 15:56:35.115",NULL,"y"
3352,2,2450,"-1","2026-03-23 15:56:35.115",NULL,"y"
3353,2,2451,"-1","2026-03-23 15:56:35.115",NULL,"y"
3354,2,2452,"د.ت40.00","2026-03-23 15:56:35.115",NULL,"y"
3355,2,2453,"-1","2026-03-23 15:56:35.115",NULL,"y"
3356,2,2454,"-1","2026-03-23 15:56:35.115",NULL,"y"
3357,2,2456,"د.ت7.00","2026-03-23 15:56:35.115",NULL,"y"
3358,2,2457,"-1","2026-03-23 15:56:35.115",NULL,"y"
3359,2,2458,"د.ت180.00","2026-03-23 15:56:35.115",NULL,"y"
3360,2,2459,"د.ت10.00","2026-03-23 15:56:35.115",NULL,"y"
3361,2,2460,"د.ت15.00","2026-03-23 15:56:35.115",NULL,"y"
3362,2,2461,"د.ت45.00","2026-03-23 15:56:35.115",NULL,"y"
3363,2,2462,"-1","2026-03-23 15:56:35.115",NULL,"y"
3364,2,2463,"-1","2026-03-23 15:56:35.115",NULL,"y"
3365,2,2464,"-1","2026-03-23 15:56:35.115",NULL,"y"
3366,2,2465,"-1","2026-03-23 15:56:35.115",NULL,"y"
3367,2,2466,"-1","2026-03-23 15:56:35.115",NULL,"y"
3368,2,2467,"د.ت85.00","2026-03-23 15:56:35.115",NULL,"y"
3369,2,2469,"-1","2026-03-23 15:56:35.115",NULL,"y"
3370,2,2470,"د.ت150.00","2026-03-23 15:56:35.115",NULL,"y"
3371,2,2471,"-1","2026-03-23 15:56:35.115",NULL,"y"
3372,2,2472,"-1","2026-03-23 15:56:35.115",NULL,"y"
3373,2,2473,"-1","2026-03-23 15:56:35.115",NULL,"y"
3374,2,2474,"-1","2026-03-23 15:56:35.115",NULL,"y"
3375,2,2475,"-1","2026-03-23 15:56:35.115",NULL,"y"
3376,2,2476,"-1","2026-03-23 15:56:35.115",NULL,"y"
3377,2,2477,"-1","2026-03-23 15:56:35.115",NULL,"y"
3378,2,2479,"-1","2026-03-23 15:56:35.115",NULL,"y"
3379,2,2495,"د.ت0.00","2026-03-23 15:56:35.115",NULL,"y"
3380,2,2496,"-1","2026-03-23 15:56:35.115",NULL,"y"
3381,2,2501,"-1","2026-03-23 15:56:35.115",NULL,"y"
3382,2,2502,"-1","2026-03-23 15:56:35.115",NULL,"y"
3383,2,2503,"-1","2026-03-23 15:56:35.115",NULL,"y"
3384,2,2516,"د.ت80.59","2026-03-23 15:56:35.115",NULL,"y"
3385,2,2517,"-1","2026-03-23 15:56:35.115",NULL,"y"
3386,2,2518,"-1","2026-03-23 15:56:35.115",NULL,"y"
3387,2,2520,"د.ت258.57","2026-03-23 15:56:35.115",NULL,"y"
3388,2,2521,"د.ت268.64","2026-03-23 15:56:35.115",NULL,"y"
3389,2,2522,"د.ت258.57","2026-03-23 15:56:35.115",NULL,"y"
3390,2,2525,"-1","2026-03-23 15:56:35.115",NULL,"y"
3391,2,2526,"-1","2026-03-23 15:56:35.115",NULL,"y"
3392,2,2528,"د.ت73.88","2026-03-23 15:56:35.115",NULL,"y"
3393,2,2531,"د.ت174.62","2026-03-23 15:56:35.115",NULL,"y"
3394,2,2538,"د.ت201.48","2026-03-23 15:56:35.115",NULL,"y"
3395,2,2540,"-1","2026-03-23 15:56:35.115",NULL,"y"
3396,2,2541,"-1","2026-03-23 15:56:35.115",NULL,"y"
3397,2,2542,"-1","2026-03-23 15:56:35.115",NULL,"y"
3398,2,2543,"د.ت55.98","2026-03-23 15:56:35.115",NULL,"y"
3399,2,2544,"-1","2026-03-23 15:56:35.115",NULL,"y"
3400,2,2545,"د.ت167.90","2026-03-23 15:56:35.115",NULL,"y"
3401,2,2548,"د.ت345.87","2026-03-23 15:56:35.115",NULL,"y"
3402,2,2550,"د.ت90.00","2026-03-23 15:56:35.115",NULL,"y"
3403,2,2551,"د.ت90.00","2026-03-23 15:56:35.115",NULL,"y"
3404,2,2552,"د.ت90.00","2026-03-23 15:56:35.115",NULL,"y"
3405,2,2553,"-1","2026-03-23 15:56:35.115",NULL,"y"
3406,2,2558,"-1","2026-03-23 15:56:35.115",NULL,"y"
3407,2,2559,"د.ت258.57","2026-03-23 15:56:35.115",NULL,"y"
3408,2,2560,"-1","2026-03-23 15:56:35.115",NULL,"y"
3409,2,2561,"-1","2026-03-23 15:56:35.115",NULL,"y"
3410,2,2562,"-1","2026-03-23 15:56:35.115",NULL,"y"
3411,2,2563,"د.ت90.67","2026-03-23 15:56:35.115",NULL,"y"
3412,2,2564,"د.ت141.04","2026-03-23 15:56:35.115",NULL,"y"
3413,2,2567,"-1","2026-03-23 15:56:35.115",NULL,"y"
3414,2,2568,"-1","2026-03-23 15:56:35.115",NULL,"y"
3415,2,2572,"-1","2026-03-23 15:56:35.115",NULL,"y"
3416,2,2573,"-1","2026-03-23 15:56:35.115",NULL,"y"
3417,2,2574,"-1","2026-03-23 15:56:35.115",NULL,"y"
3418,2,2575,"-1","2026-03-23 15:56:35.115",NULL,"y"
3419,2,2576,"د.ت97.38","2026-03-23 15:56:35.115",NULL,"y"
3420,2,2577,"د.ت110.81","2026-03-23 15:56:35.115",NULL,"y"
3421,2,2578,"د.ت90.67","2026-03-23 15:56:35.115",NULL,"y"
3422,2,2580,"-1","2026-03-23 15:56:35.115",NULL,"y"
3423,2,2581,"د.ت90.67","2026-03-23 15:56:35.115",NULL,"y"
3424,2,2582,"-1","2026-03-23 15:56:35.115",NULL,"y"
3425,2,2584,"-1","2026-03-23 15:56:35.115",NULL,"y"
3426,2,2585,"-1","2026-03-23 15:56:35.115",NULL,"y"
3427,2,2589,"-1","2026-03-23 15:56:35.115",NULL,"y"
3428,2,2590,"-1","2026-03-23 15:56:35.115",NULL,"y"
3429,2,2591,"-1","2026-03-23 15:56:35.115",NULL,"y"
3430,2,2594,"-1","2026-03-23 15:56:35.115",NULL,"y"
3431,2,2595,"د.ت141.04","2026-03-23 15:56:35.115",NULL,"y"
3432,2,2597,"-1","2026-03-23 15:56:35.115",NULL,"y"
3433,2,2600,"د.ت63.80","2026-03-23 15:56:35.115",NULL,"y"
3434,2,2601,"د.ت117.53","2026-03-23 15:56:35.115",NULL,"y"
3435,2,2602,"د.ت112.00","2026-03-23 15:56:35.115",NULL,"y"
3436,2,2603,"-1","2026-03-23 15:56:35.115",NULL,"y"
3437,2,2604,"-1","2026-03-23 15:56:35.115",NULL,"y"
3438,2,2605,"-1","2026-03-23 15:56:35.115",NULL,"y"
3439,2,2609,"د.ت100.74","2026-03-23 15:56:35.115",NULL,"y"
3440,2,2610,"د.ت100.74","2026-03-23 15:56:35.115",NULL,"y"
3441,2,2612,"د.ت100.74","2026-03-23 15:56:35.115",NULL,"y"
3442,2,2614,"د.ت386.17","2026-03-23 15:56:35.115",NULL,"y"
3443,2,2617,"د.ت167.90","2026-03-23 15:56:35.115",NULL,"y"
3444,2,2619,"-1","2026-03-23 15:56:35.115",NULL,"y"
3445,2,2620,"-1","2026-03-23 15:56:35.115",NULL,"y"
3446,2,2622,"د.ت100.74","2026-03-23 15:56:35.115",NULL,"y"
3447,2,2623,"-1","2026-03-23 15:56:35.115",NULL,"y"
3448,2,2624,"د.ت107.46","2026-03-23 15:56:35.115",NULL,"y"
3449,2,2625,"-1","2026-03-23 15:56:35.115",NULL,"y"
3450,2,2627,"د.ت235.06","2026-03-23 15:56:35.115",NULL,"y"
3451,2,2628,"-1","2026-03-23 15:56:35.115",NULL,"y"
3452,2,2629,"د.ت80.59","2026-03-23 15:56:35.115",NULL,"y"
3453,2,2630,"د.ت201.48","2026-03-23 15:56:35.115",NULL,"y"
3454,2,2631,"-1","2026-03-23 15:56:35.115",NULL,"y"
3455,2,2633,"د.ت60.00","2026-03-23 15:56:35.115",NULL,"y"
3456,2,2635,"د.ت80.59","2026-03-23 15:56:35.115",NULL,"y"
3457,2,2637,"-1","2026-03-23 15:56:35.115",NULL,"y"
3458,2,2638,"-1","2026-03-23 15:56:35.115",NULL,"y"
3459,2,2639,"-1","2026-03-23 15:56:35.115",NULL,"y"
3460,2,2640,"د.ت258.57","2026-03-23 15:56:35.115",NULL,"y"
3461,2,2641,"-1","2026-03-23 15:56:35.115",NULL,"y"
3462,2,2642,"د.ت319.01","2026-03-23 15:56:35.115",NULL,"y"
3463,2,2643,"د.ت63.80","2026-03-23 15:56:35.115",NULL,"y"
3464,2,2644,"د.ت80.59","2026-03-23 15:56:35.115",NULL,"y"
3465,2,2646,"-1","2026-03-23 15:56:35.115",NULL,"y"
3466,2,2650,"د.ت117.53","2026-03-23 15:56:35.115",NULL,"y"
3467,2,2661,"-1","2026-03-23 15:56:35.115",NULL,"y"
3468,2,2663,"د.ت36.94","2026-03-23 15:56:35.115",NULL,"y"
3469,2,2665,"د.ت181.33","2026-03-23 15:56:35.115",NULL,"y"
3470,2,2668,"د.ت194.76","2026-03-23 15:56:35.115",NULL,"y"
3471,2,2669,"-1","2026-03-23 15:56:35.115",NULL,"y"
3472,2,2670,"-1","2026-03-23 15:56:35.115",NULL,"y"
3473,2,2671,"د.ت127.60","2026-03-23 15:56:35.115",NULL,"y"
3474,2,2672,"د.ت235.06","2026-03-23 15:56:35.115",NULL,"y"
3475,2,2675,"د.ت285.43","2026-03-23 15:56:35.115",NULL,"y"
3476,2,2676,"-1","2026-03-23 15:56:35.115",NULL,"y"
3477,2,2679,"د.ت345.87","2026-03-23 15:56:35.115",NULL,"y"
3478,2,2682,"د.ت345.87","2026-03-23 15:56:35.115",NULL,"y"
3479,2,2684,"-1","2026-03-23 15:56:35.115",NULL,"y"
3480,2,2688,"-1","2026-03-23 15:56:35.115",NULL,"y"
3481,2,2690,"-1","2026-03-23 15:56:35.115",NULL,"y"
3482,2,2691,"د.ت117.53","2026-03-23 15:56:35.115",NULL,"y"
3483,2,2692,"د.ت413.03","2026-03-23 15:56:35.115",NULL,"y"
3484,2,2694,"د.ت127.60","2026-03-23 15:56:35.115",NULL,"y"
3485,2,2696,"-1","2026-03-23 15:56:35.115",NULL,"y"
3486,2,2700,"د.ت298.86","2026-03-23 15:56:35.115",NULL,"y"
3487,2,2702,"د.ت134.32","2026-03-23 15:56:35.115",NULL,"y"
3488,2,2703,"د.ت100.74","2026-03-23 15:56:35.115",NULL,"y"
3489,2,2704,"د.ت117.53","2026-03-23 15:56:35.115",NULL,"y"
3490,2,2705,"د.ت117.53","2026-03-23 15:56:35.115",NULL,"y"
3491,2,2706,"-1","2026-03-23 15:56:35.115",NULL,"y"
3492,2,2707,"-1","2026-03-23 15:56:35.115",NULL,"y"
3493,2,2708,"-1","2026-03-23 15:56:35.115",NULL,"y"
3494,2,2709,"-1","2026-03-23 15:56:35.115",NULL,"y"
3495,2,2710,"-1","2026-03-23 15:56:35.115",NULL,"y"
3496,2,2711,"-1","2026-03-23 15:56:35.115",NULL,"y"
3497,2,2712,"د.ت114.17","2026-03-23 15:56:35.115",NULL,"y"
3498,2,2713,"-1","2026-03-23 15:56:35.115",NULL,"y"
3499,2,2714,"-1","2026-03-23 15:56:35.115",NULL,"y"
3500,2,2716,"-1","2026-03-23 15:56:35.115",NULL,"y"
3501,2,2717,"د.ت211.55","2026-03-23 15:56:35.115",NULL,"y"
3502,2,2719,"-1","2026-03-23 15:56:35.115",NULL,"y"
3503,2,2721,"د.ت181.33","2026-03-23 15:56:35.115",NULL,"y"
3504,2,2722,"د.ت298.86","2026-03-23 15:56:35.115",NULL,"y"
3505,2,2723,"د.ت170.00","2026-03-23 15:56:35.115",NULL,"y"
3506,2,2724,"-1","2026-03-23 15:56:35.115",NULL,"y"
3507,2,2726,"-1","2026-03-23 15:56:35.115",NULL,"y"
3508,2,2727,"د.ت295.50","2026-03-23 15:56:35.115",NULL,"y"
3509,2,2728,"-1","2026-03-23 15:56:35.115",NULL,"y"
3510,2,2729,"-1","2026-03-23 15:56:35.115",NULL,"y"
3511,2,2730,"د.ت100.74","2026-03-23 15:56:35.115",NULL,"y"
3512,2,2731,"-1","2026-03-23 15:56:35.115",NULL,"y"
3513,2,2733,"-1","2026-03-23 15:56:35.115",NULL,"y"
3514,2,2735,"-1","2026-03-23 15:56:35.115",NULL,"y"
3515,2,2737,"د.ت97.38","2026-03-23 15:56:35.115",NULL,"y"
3516,2,2738,"د.ت90.67","2026-03-23 15:56:35.115",NULL,"y"
3517,2,2739,"د.ت141.04","2026-03-23 15:56:35.115",NULL,"y"
3518,2,2741,"د.ت90.67","2026-03-23 15:56:35.115",NULL,"y"
3519,2,2742,"د.ت90.67","2026-03-23 15:56:35.115",NULL,"y"
3520,2,2743,"د.ت191.41","2026-03-23 15:56:35.115",NULL,"y"
3521,2,2744,"د.ت191.41","2026-03-23 15:56:35.115",NULL,"y"
3522,2,2745,"د.ت218.27","2026-03-23 15:56:35.115",NULL,"y"
3523,2,2746,"د.ت90.67","2026-03-23 15:56:35.115",NULL,"y"
3524,2,2747,"د.ت90.67","2026-03-23 15:56:35.115",NULL,"y"
3525,2,2748,"د.ت90.67","2026-03-23 15:56:35.115",NULL,"y"
3526,2,2749,"-1","2026-03-23 15:56:35.115",NULL,"y"
3527,2,2750,"د.ت90.67","2026-03-23 15:56:35.115",NULL,"y"
3528,2,2751,"-1","2026-03-23 15:56:35.115",NULL,"y"
3529,2,2752,"د.ت90.67","2026-03-23 15:56:35.115",NULL,"y"
3530,2,2753,"-1","2026-03-23 15:56:35.115",NULL,"y"
3531,2,2756,"-1","2026-03-23 15:56:35.115",NULL,"y"
3532,2,2757,"-1","2026-03-23 15:56:35.115",NULL,"y"
3533,2,2758,"-1","2026-03-23 15:56:35.115",NULL,"y"
3534,2,2759,"د.ت191.41","2026-03-23 15:56:35.115",NULL,"y"
3535,2,2760,"د.ت97.38","2026-03-23 15:56:35.115",NULL,"y"
3536,2,2761,"د.ت90.67","2026-03-23 15:56:35.115",NULL,"y"
3537,2,2762,"د.ت114.17","2026-03-23 15:56:35.115",NULL,"y"
3538,2,2763,"-1","2026-03-23 15:56:35.115",NULL,"y"
3539,2,2764,"-1","2026-03-23 15:56:35.115",NULL,"y"
3540,2,2765,"-1","2026-03-23 15:56:35.115",NULL,"y"
3541,2,2766,"د.ت473.48","2026-03-23 15:56:35.115",NULL,"y"
3542,2,2767,"د.ت110.00","2026-03-23 15:56:35.115",NULL,"y"
3543,2,2768,"د.ت167.90","2026-03-23 15:56:35.115",NULL,"y"
3544,2,2773,"د.ت181.33","2026-03-23 15:56:35.115",NULL,"y"
3545,2,2778,"د.ت181.33","2026-03-23 15:56:35.115",NULL,"y"
3546,2,2779,"د.ت198.12","2026-03-23 15:56:35.115",NULL,"y"
3547,2,2780,"د.ت191.41","2026-03-23 15:56:35.115",NULL,"y"
3548,2,2788,"-1","2026-03-23 15:56:35.115",NULL,"y"
3549,2,2789,"-1","2026-03-23 15:56:35.115",NULL,"y"
3550,2,2790,"-1","2026-03-23 15:56:35.115",NULL,"y"
3551,2,2791,"-1","2026-03-23 15:56:35.115",NULL,"y"
3552,2,2792,"-1","2026-03-23 15:56:35.115",NULL,"y"
3553,2,2795,"د.ت258.57","2026-03-23 15:56:35.115",NULL,"y"
3554,2,2796,"د.ت235.06","2026-03-23 15:56:35.115",NULL,"y"
3555,2,2797,"د.ت235.06","2026-03-23 15:56:35.115",NULL,"y"
3556,2,2802,"-1","2026-03-23 15:56:35.115",NULL,"y"
3557,2,2805,"د.ت1,282.76","2026-03-23 15:56:35.115",NULL,"y"
3558,2,2806,"د.ت755.55","2026-03-23 15:56:35.115",NULL,"y"
3559,2,2807,"د.ت104.10","2026-03-23 15:56:35.115",NULL,"y"
3560,2,2808,"-1","2026-03-23 15:56:35.115",NULL,"y"
3561,2,2810,"د.ت70.00","2026-03-23 15:56:35.115",NULL,"y"
3562,2,2811,"-1","2026-03-23 15:56:35.115",NULL,"y"
3563,2,2815,"د.ت157.83","2026-03-23 15:56:35.115",NULL,"y"
3564,2,2816,"د.ت285.43","2026-03-23 15:56:35.115",NULL,"y"
3565,2,2821,"-1","2026-03-23 15:56:35.115",NULL,"y"
3566,2,2823,"د.ت167.90","2026-03-23 15:56:35.115",NULL,"y"
3567,2,2824,"د.ت104.10","2026-03-23 15:56:35.115",NULL,"y"
3568,2,2825,"-1","2026-03-23 15:56:35.115",NULL,"y"
3569,2,2826,"د.ت208.20","2026-03-23 15:56:35.115",NULL,"y"
3570,2,2828,"د.ت181.33","2026-03-23 15:56:35.115",NULL,"y"
3571,2,2829,"د.ت423.11","2026-03-23 15:56:35.115",NULL,"y"
3572,2,2831,"د.ت191.41","2026-03-23 15:56:35.115",NULL,"y"
3573,2,2832,"د.ت181.33","2026-03-23 15:56:35.115",NULL,"y"
3574,2,2833,"د.ت130.96","2026-03-23 15:56:35.115",NULL,"y"
3575,2,2834,"د.ت181.33","2026-03-23 15:56:35.115",NULL,"y"
3576,2,2835,"-1","2026-03-23 15:56:35.115",NULL,"y"
3577,2,2836,"-1","2026-03-23 15:56:35.115",NULL,"y"
3578,2,2837,"-1","2026-03-23 15:56:35.115",NULL,"y"
3579,2,2838,"د.ت181.33","2026-03-23 15:56:35.115",NULL,"y"
3580,2,2839,"د.ت157.83","2026-03-23 15:56:35.115",NULL,"y"
3581,2,2840,"-1","2026-03-23 15:56:35.115",NULL,"y"
3582,2,2841,"د.ت335.80","2026-03-23 15:56:35.115",NULL,"y"
3583,2,2842,"د.ت185.36","2026-03-23 15:56:35.115",NULL,"y"
3584,2,2843,"د.ت73.88","2026-03-23 15:56:35.115",NULL,"y"
3585,2,2844,"د.ت235.06","2026-03-23 15:56:35.115",NULL,"y"
3586,2,2845,"د.ت308.94","2026-03-23 15:56:35.115",NULL,"y"
3587,2,2846,"د.ت181.33","2026-03-23 15:56:35.115",NULL,"y"
3588,2,2847,"د.ت235.06","2026-03-23 15:56:35.115",NULL,"y"
3589,2,2848,"د.ت335.80","2026-03-23 15:56:35.115",NULL,"y"
3590,2,2849,"د.ت285.43","2026-03-23 15:56:35.115",NULL,"y"
3591,2,2850,"-1","2026-03-23 15:56:35.115",NULL,"y"
3592,2,2851,"-1","2026-03-23 15:56:35.115",NULL,"y"
3593,2,2852,"-1","2026-03-23 15:56:35.115",NULL,"y"
3594,2,2853,"د.ت157.83","2026-03-23 15:56:35.115",NULL,"y"
3595,2,2854,"د.ت151.11","2026-03-23 15:56:35.115",NULL,"y"
3596,2,2855,"د.ت147.75","2026-03-23 15:56:35.115",NULL,"y"
3597,2,2856,"-1","2026-03-23 15:56:35.115",NULL,"y"
3598,2,2857,"د.ت141.04","2026-03-23 15:56:35.115",NULL,"y"
3599,2,2859,"-1","2026-03-23 15:56:35.115",NULL,"y"
3600,2,2860,"-1","2026-03-23 15:56:35.115",NULL,"y"
3601,2,2861,"-1","2026-03-23 15:56:35.115",NULL,"y"
3602,2,2863,"-1","2026-03-23 15:56:35.115",NULL,"y"
3603,2,2864,"-1","2026-03-23 15:56:35.115",NULL,"y"
3604,2,2865,"د.ت258.57","2026-03-23 15:56:35.115",NULL,"y"
3605,2,2866,"د.ت208.20","2026-03-23 15:56:35.115",NULL,"y"
3606,2,2867,"د.ت157.83","2026-03-23 15:56:35.115",NULL,"y"
3607,2,2868,"د.ت157.83","2026-03-23 15:56:35.115",NULL,"y"
3608,2,2869,"د.ت151.11","2026-03-23 15:56:35.115",NULL,"y"
3609,2,2871,"-1","2026-03-23 15:56:35.115",NULL,"y"
3610,2,2872,"د.ت372.74","2026-03-23 15:56:35.115",NULL,"y"
3611,2,2873,"-1","2026-03-23 15:56:35.115",NULL,"y"
3612,2,2874,"-1","2026-03-23 15:56:35.115",NULL,"y"
3613,2,2875,"د.ت83.95","2026-03-23 15:56:35.115",NULL,"y"
3614,2,2876,"د.ت83.95","2026-03-23 15:56:35.115",NULL,"y"
3615,2,2877,"-1","2026-03-23 15:56:35.115",NULL,"y"
3616,2,2878,"د.ت191.41","2026-03-23 15:56:35.115",NULL,"y"
3617,2,2879,"-1","2026-03-23 15:56:35.115",NULL,"y"
3618,2,2880,"-1","2026-03-23 15:56:35.115",NULL,"y"
3619,2,2881,"-1","2026-03-23 15:56:35.115",NULL,"y"
3620,2,2882,"-1","2026-03-23 15:56:35.115",NULL,"y"
3621,2,2883,"د.ت201.48","2026-03-23 15:56:35.115",NULL,"y"
3622,2,2884,"-1","2026-03-23 15:56:35.115",NULL,"y"
3623,2,2885,"د.ت191.41","2026-03-23 15:56:35.115",NULL,"y"
3624,2,2886,"-1","2026-03-23 15:56:35.115",NULL,"y"
3625,2,2887,"-1","2026-03-23 15:56:35.115",NULL,"y"
3626,2,2888,"-1","2026-03-23 15:56:35.115",NULL,"y"
3627,2,2889,"-1","2026-03-23 15:56:35.115",NULL,"y"
3628,2,2891,"-1","2026-03-23 15:56:35.115",NULL,"y"
3629,2,2892,"-1","2026-03-23 15:56:35.115",NULL,"y"
3630,2,2894,"-1","2026-03-23 15:56:35.115",NULL,"y"
3631,2,2898,"د.ت140.00","2026-03-23 15:56:35.115",NULL,"y"
3632,2,2899,"-1","2026-03-23 15:56:35.115",NULL,"y"
3633,2,2900,"د.ت201.48","2026-03-23 15:56:35.115",NULL,"y"
3634,2,2901,"د.ت141.04","2026-03-23 15:56:35.115",NULL,"y"
3635,2,2902,"د.ت295.50","2026-03-23 15:56:35.115",NULL,"y"
3636,2,2903,"-1","2026-03-23 15:56:35.115",NULL,"y"
3637,2,2904,"د.ت718.61","2026-03-23 15:56:35.115",NULL,"y"
3638,2,2905,"د.ت167.90","2026-03-23 15:56:35.115",NULL,"y"
3639,2,2906,"د.ت389.53","2026-03-23 15:56:35.115",NULL,"y"
3640,2,2907,"-1","2026-03-23 15:56:35.115",NULL,"y"
3641,2,2908,"د.ت319.01","2026-03-23 15:56:35.115",NULL,"y"
3642,2,2909,"د.ت151.11","2026-03-23 15:56:35.115",NULL,"y"
3643,2,2910,"د.ت114.17","2026-03-23 15:56:35.115",NULL,"y"
3644,2,2911,"د.ت141.04","2026-03-23 15:56:35.115",NULL,"y"
3645,2,2912,"د.ت127.60","2026-03-23 15:56:35.115",NULL,"y"
3646,2,2913,"-1","2026-03-23 15:56:35.115",NULL,"y"
3647,2,2914,"-1","2026-03-23 15:56:35.115",NULL,"y"
3648,2,2915,"د.ت218.27","2026-03-23 15:56:35.115",NULL,"y"
3649,2,2916,"-1","2026-03-23 15:56:35.115",NULL,"y"
3650,2,2917,"-1","2026-03-23 15:56:35.115",NULL,"y"
3651,2,2919,"د.ت198.12","2026-03-23 15:56:35.115",NULL,"y"
3652,2,2920,"-1","2026-03-23 15:56:35.115",NULL,"y"
3653,2,2921,"د.ت319.01","2026-03-23 15:56:35.115",NULL,"y"
3654,2,2923,"-1","2026-03-23 15:56:35.115",NULL,"y"
3655,2,2924,"-1","2026-03-23 15:56:35.115",NULL,"y"
3656,2,2925,"-1","2026-03-23 15:56:35.115",NULL,"y"
3657,2,2926,"د.ت191.41","2026-03-23 15:56:35.115",NULL,"y"
3658,2,2927,"-1","2026-03-23 15:56:35.115",NULL,"y"
3659,2,2928,"-1","2026-03-23 15:56:35.115",NULL,"y"
3660,2,2930,"-1","2026-03-23 15:56:35.115",NULL,"y"
3661,2,2931,"-1","2026-03-23 15:56:35.115",NULL,"y"
3662,2,2932,"-1","2026-03-23 15:56:35.115",NULL,"y"
3663,2,2934,"-1","2026-03-23 15:56:35.115",NULL,"y"
3664,2,2935,"-1","2026-03-23 15:56:35.115",NULL,"y"
3665,2,2936,"-1","2026-03-23 15:56:35.115",NULL,"y"
3666,2,2937,"د.ت63.80","2026-03-23 15:56:35.115",NULL,"y"
3667,2,2938,"-1","2026-03-23 15:56:35.115",NULL,"y"
3668,2,2939,"-1","2026-03-23 15:56:35.115",NULL,"y"
3669,2,2940,"-1","2026-03-23 15:56:35.115",NULL,"y"
3670,2,2941,"د.ت235.06","2026-03-23 15:56:35.115",NULL,"y"
3671,2,2942,"د.ت140.00","2026-03-23 15:56:35.115",NULL,"y"
3672,2,2943,"-1","2026-03-23 15:56:35.115",NULL,"y"
3673,2,2944,"-1","2026-03-23 15:56:35.115",NULL,"y"
3674,2,2945,"-1","2026-03-23 15:56:35.115",NULL,"y"
3675,2,2946,"-1","2026-03-23 15:56:35.115",NULL,"y"
3676,2,2949,"د.ت104.10","2026-03-23 15:56:35.115",NULL,"y"
3677,2,2950,"د.ت181.33","2026-03-23 15:56:35.115",NULL,"y"
3678,2,2951,"د.ت987.25","2026-03-23 15:56:35.115",NULL,"y"
3679,2,2952,"د.ت181.33","2026-03-23 15:56:35.115",NULL,"y"
3680,2,2953,"د.ت181.33","2026-03-23 15:56:35.115",NULL,"y"
3681,2,2954,"د.ت319.01","2026-03-23 15:56:35.115",NULL,"y"
3682,2,2955,"-1","2026-03-23 15:56:35.115",NULL,"y"
3683,2,2956,"-1","2026-03-23 15:56:35.115",NULL,"y"
3684,2,2957,"د.ت218.27","2026-03-23 15:56:35.115",NULL,"y"
3685,2,2958,"د.ت245.13","2026-03-23 15:56:35.115",NULL,"y"
3686,2,2959,"د.ت345.87","2026-03-23 15:56:35.115",NULL,"y"
3687,2,2960,"-1","2026-03-23 15:56:35.115",NULL,"y"
3688,2,2961,"د.ت248.49","2026-03-23 15:56:35.115",NULL,"y"
3689,2,2962,"د.ت248.49","2026-03-23 15:56:35.115",NULL,"y"
3690,2,2965,"د.ت449.97","2026-03-23 15:56:35.115",NULL,"y"
3691,2,2967,"-1","2026-03-23 15:56:35.115",NULL,"y"
3692,2,2968,"-1","2026-03-23 15:56:35.115",NULL,"y"
3693,2,2969,"-1","2026-03-23 15:56:35.115",NULL,"y"
3694,2,2970,"د.ت117.53","2026-03-23 15:56:35.115",NULL,"y"
3695,2,2971,"د.ت83.95","2026-03-23 15:56:35.115",NULL,"y"
3696,2,2972,"د.ت83.95","2026-03-23 15:56:35.115",NULL,"y"
3697,2,2973,"د.ت83.95","2026-03-23 15:56:35.115",NULL,"y"
3698,2,2975,"د.ت335.80","2026-03-23 15:56:35.115",NULL,"y"
3699,2,2976,"د.ت117.53","2026-03-23 15:56:35.115",NULL,"y"
3700,2,2977,"د.ت167.90","2026-03-23 15:56:35.115",NULL,"y"
3701,2,2978,"-1","2026-03-23 15:56:35.115",NULL,"y"
3702,2,2979,"د.ت94.02","2026-03-23 15:56:35.115",NULL,"y"
3703,2,2980,"-1","2026-03-23 15:56:35.115",NULL,"y"
3704,2,2981,"د.ت191.41","2026-03-23 15:56:35.115",NULL,"y"
3705,2,2982,"د.ت141.04","2026-03-23 15:56:35.115",NULL,"y"
3706,2,2983,"د.ت191.41","2026-03-23 15:56:35.115",NULL,"y"
3707,2,2984,"د.ت302.22","2026-03-23 15:56:35.115",NULL,"y"
3708,2,2985,"-1","2026-03-23 15:56:35.115",NULL,"y"
3709,2,2986,"د.ت191.41","2026-03-23 15:56:35.115",NULL,"y"
3710,2,2987,"د.ت151.11","2026-03-23 15:56:35.115",NULL,"y"
3711,2,2989,"-1","2026-03-23 15:56:35.115",NULL,"y"
3712,2,2990,"د.ت211.55","2026-03-23 15:56:35.115",NULL,"y"
3713,2,2991,"د.ت151.11","2026-03-23 15:56:35.115",NULL,"y"
3714,2,2994,"-1","2026-03-23 15:56:35.115",NULL,"y"
3715,2,2995,"-1","2026-03-23 15:56:35.115",NULL,"y"
3716,2,2996,"-1","2026-03-23 15:56:35.115",NULL,"y"
3717,2,2997,"-1","2026-03-23 15:56:35.115",NULL,"y"
3718,2,2998,"د.ت124.25","2026-03-23 15:56:35.115",NULL,"y"
3719,2,2999,"-1","2026-03-23 15:56:35.115",NULL,"y"
3720,2,3000,"د.ت191.41","2026-03-23 15:56:35.115",NULL,"y"
3721,2,3001,"د.ت191.41","2026-03-23 15:56:35.115",NULL,"y"
3722,2,3003,"-1","2026-03-23 15:56:35.115",NULL,"y"
3723,2,3005,"د.ت241.78","2026-03-23 15:56:35.115",NULL,"y"
3724,2,3006,"د.ت184.69","2026-03-23 15:56:35.115",NULL,"y"
3725,2,3007,"د.ت141.04","2026-03-23 15:56:35.115",NULL,"y"
3726,2,3008,"د.ت83.95","2026-03-23 15:56:35.115",NULL,"y"
3727,2,3009,"د.ت201.48","2026-03-23 15:56:35.115",NULL,"y"
3728,2,3010,"-1","2026-03-23 15:56:35.115",NULL,"y"
3729,2,3011,"-1","2026-03-23 15:56:35.115",NULL,"y"
3730,2,3012,"-1","2026-03-23 15:56:35.115",NULL,"y"
3731,2,3013,"-1","2026-03-23 15:56:35.115",NULL,"y"
3732,2,3014,"د.ت151.11","2026-03-23 15:56:35.115",NULL,"y"
3733,2,3015,"-1","2026-03-23 15:56:35.115",NULL,"y"
3734,2,3016,"-1","2026-03-23 15:56:35.115",NULL,"y"
3735,2,3018,"-1","2026-03-23 15:56:35.115",NULL,"y"
3736,2,3019,"د.ت83.95","2026-03-23 15:56:35.115",NULL,"y"
3737,2,3020,"-1","2026-03-23 15:56:35.115",NULL,"y"
3738,2,3021,"-1","2026-03-23 15:56:35.115",NULL,"y"
3739,2,3022,"-1","2026-03-23 15:56:35.115",NULL,"y"
3740,2,3023,"-1","2026-03-23 15:56:35.115",NULL,"y"
3741,2,3024,"-1","2026-03-23 15:56:35.115",NULL,"y"
3742,2,3025,"د.ت67.16","2026-03-23 15:56:35.115",NULL,"y"
3743,2,3028,"-1","2026-03-23 15:56:35.115",NULL,"y"
3744,2,3029,"-1","2026-03-23 15:56:35.115",NULL,"y"
3745,2,3030,"د.ت235.06","2026-03-23 15:56:35.115",NULL,"y"
3746,2,3032,"-1","2026-03-23 15:56:35.115",NULL,"y"
3747,2,3033,"د.ت50.00","2026-03-23 15:56:35.115",NULL,"y"
3748,2,3034,"د.ت50.00","2026-03-23 15:56:35.115",NULL,"y"
3749,2,3035,"د.ت50.00","2026-03-23 15:56:35.115",NULL,"y"
3750,2,3036,"د.ت50.00","2026-03-23 15:56:35.115",NULL,"y"
3751,2,3037,"د.ت50.00","2026-03-23 15:56:35.115",NULL,"y"
3752,2,3038,"-1","2026-03-23 15:56:35.115",NULL,"y"
3753,2,3039,"-1","2026-03-23 15:56:35.115",NULL,"y"
3754,2,3040,"-1","2026-03-23 15:56:35.115",NULL,"y"
3755,2,3041,"-1","2026-03-23 15:56:35.115",NULL,"y"
3756,2,3042,"-1","2026-03-23 15:56:35.115",NULL,"y"
3757,2,3049,"د.ت50.37","2026-03-23 15:56:35.115",NULL,"y"
3758,2,3052,"د.ت117.53","2026-03-23 15:56:35.115",NULL,"y"
3759,2,3053,"د.ت167.90","2026-03-23 15:56:35.115",NULL,"y"
3760,2,3054,"د.ت167.90","2026-03-23 15:56:35.115",NULL,"y"
3761,2,3055,"د.ت167.90","2026-03-23 15:56:35.115",NULL,"y"
3762,2,3056,"د.ت335.80","2026-03-23 15:56:35.115",NULL,"y"
3763,2,3058,"-1","2026-03-23 15:56:35.115",NULL,"y"
3764,2,3059,"د.ت137.68","2026-03-23 15:56:35.115",NULL,"y"
3765,2,3060,"-1","2026-03-23 15:56:35.115",NULL,"y"
3766,2,3061,"د.ت453.33","2026-03-23 15:56:35.115",NULL,"y"
3767,2,3063,"د.ت92.14","2026-03-23 15:56:35.115",NULL,"y"
3768,2,3064,"د.ت358.33","2026-03-23 15:56:35.115",NULL,"y"
3769,2,3065,"د.ت235.06","2026-03-23 15:56:35.115",NULL,"y"
3770,2,3068,"د.ت235.06","2026-03-23 15:56:35.115",NULL,"y"
3771,2,3069,"د.ت235.06","2026-03-23 15:56:35.115",NULL,"y"
3772,2,3070,"-1","2026-03-23 15:56:35.115",NULL,"y"
3773,2,3071,"-1","2026-03-23 15:56:35.115",NULL,"y"
3774,2,3072,"-1","2026-03-23 15:56:35.115",NULL,"y"
3775,2,3073,"د.ت204.77","2026-03-23 15:56:35.115",NULL,"y"
3776,2,3077,"د.ت409.68","2026-03-23 15:56:35.115",NULL,"y"
3777,2,3079,"-1","2026-03-23 15:56:35.115",NULL,"y"
3778,2,3081,"د.ت24.99","2026-03-23 15:56:35.115",NULL,"y"
3779,2,3083,"-1","2026-03-23 15:56:35.115",NULL,"y"
3780,2,3084,"-1","2026-03-23 15:56:35.115",NULL,"y"
3781,2,3085,"د.ت83.95","2026-03-23 15:56:35.115",NULL,"y"
3782,2,3086,"د.ت83.95","2026-03-23 15:56:35.115",NULL,"y"
3783,2,3087,"د.ت194.99","2026-03-23 15:56:35.115",NULL,"y"
3784,2,3088,"د.ت280.00","2026-03-23 15:56:35.115",NULL,"y"
3785,2,3089,"-1","2026-03-23 15:56:35.115",NULL,"y"
3786,2,3090,"-1","2026-03-23 15:56:35.115",NULL,"y"
3787,2,3091,"-1","2026-03-23 15:56:35.115",NULL,"y"
3788,2,3092,"د.ت83.95","2026-03-23 15:56:35.115",NULL,"y"
3789,2,3093,"د.ت83.95","2026-03-23 15:56:35.115",NULL,"y"
3790,2,3094,"د.ت83.95","2026-03-23 15:56:35.115",NULL,"y"
3791,2,3095,"-1","2026-03-23 15:56:35.115",NULL,"y"
3792,2,3097,"د.ت83.95","2026-03-23 15:56:35.115",NULL,"y"
3793,2,3098,"-1","2026-03-23 15:56:35.115",NULL,"y"
3794,2,3099,"د.ت255.00","2026-03-23 15:56:35.115",NULL,"y"
3795,2,3100,"د.ت383.00","2026-03-23 15:56:35.115",NULL,"y"
3796,2,3101,"د.ت383.00","2026-03-23 15:56:35.115",NULL,"y"
3797,2,3102,"د.ت180.00","2026-03-23 15:56:35.115",NULL,"y"
3798,2,3103,"د.ت167,900.00","2026-03-23 15:56:35.115",NULL,"y"
3799,2,3104,"د.ت165.99","2026-03-23 15:56:35.115",NULL,"y"
3800,2,3105,"-1","2026-03-23 15:56:35.115",NULL,"y"
3801,2,3106,"-1","2026-03-23 15:56:35.115",NULL,"y"
3802,2,3107,"د.ت83.95","2026-03-23 15:56:35.115",NULL,"y"
3803,2,3108,"-1","2026-03-23 15:56:35.115",NULL,"y"
3804,2,3109,"د.ت332.44","2026-03-23 15:56:35.115",NULL,"y"
3805,2,3111,"د.ت83.95","2026-03-23 15:56:35.115",NULL,"y"
3806,2,3112,"-1","2026-03-23 15:56:35.115",NULL,"y"
3807,2,3113,"-1","2026-03-23 15:56:35.115",NULL,"y"
3808,2,3114,"-1","2026-03-23 15:56:35.115",NULL,"y"
3809,2,3115,"-1","2026-03-23 15:56:35.115",NULL,"y"
3810,2,3116,"-1","2026-03-23 15:56:35.115",NULL,"y"
3811,2,3117,"-1","2026-03-23 15:56:35.115",NULL,"y"
3812,2,3118,"-1","2026-03-23 15:56:35.115",NULL,"y"
3813,2,3119,"-1","2026-03-23 15:56:35.115",NULL,"y"
3814,2,3120,"-1","2026-03-23 15:56:35.115",NULL,"y"
3815,2,3121,"-1","2026-03-23 15:56:35.115",NULL,"y"
3816,2,3122,"-1","2026-03-23 15:56:35.115",NULL,"y"
3817,2,3123,"د.ت218.27","2026-03-23 15:56:35.115",NULL,"y"
3818,2,3124,"د.ت149.00","2026-03-23 15:56:35.115",NULL,"y"
3819,2,3125,"-1","2026-03-23 15:56:35.115",NULL,"y"
3820,2,3126,"-1","2026-03-23 15:56:35.115",NULL,"y"
3821,2,3127,"-1","2026-03-23 15:56:35.115",NULL,"y"
3822,2,3128,"-1","2026-03-23 15:56:35.115",NULL,"y"
3823,2,3129,"-1","2026-03-23 15:56:35.115",NULL,"y"
3824,2,3130,"-1","2026-03-23 15:56:35.115",NULL,"y"
3825,2,3131,"د.ت235.06","2026-03-23 15:56:35.115",NULL,"y"
3826,2,3132,"د.ت235.06","2026-03-23 15:56:35.115",NULL,"y"
3827,2,3133,"د.ت218.27","2026-03-23 15:56:35.115",NULL,"y"
3828,2,3134,"د.ت235.06","2026-03-23 15:56:35.115",NULL,"y"
3829,2,3135,"د.ت235.06","2026-03-23 15:56:35.115",NULL,"y"
3830,2,3136,"-1","2026-03-23 15:56:35.115",NULL,"y"
3831,2,3137,"د.ت285.43","2026-03-23 15:56:35.115",NULL,"y"
3832,2,3138,"-1","2026-03-23 15:56:35.115",NULL,"y"
3833,2,3139,"-1","2026-03-23 15:56:35.115",NULL,"y"
3834,2,3140,"د.ت305.58","2026-03-23 15:56:35.115",NULL,"y"
3835,2,3141,"د.ت238.42","2026-03-23 15:56:35.115",NULL,"y"
3836,2,3142,"د.ت305.58","2026-03-23 15:56:35.115",NULL,"y"
3837,2,3143,"د.ت470.12","2026-03-23 15:56:35.115",NULL,"y"
3838,2,3144,"-1","2026-03-23 15:56:35.115",NULL,"y"
3839,2,3145,"-1","2026-03-23 15:56:35.115",NULL,"y"
3840,2,3146,"د.ت83.95","2026-03-23 15:56:35.115",NULL,"y"
3841,2,3147,"-1","2026-03-23 15:56:35.115",NULL,"y"
3842,2,3148,"-1","2026-03-23 15:56:35.115",NULL,"y"
3843,2,3149,"د.ت167.99","2026-03-23 15:56:35.115",NULL,"y"
3844,2,3150,"د.ت126.00","2026-03-23 15:56:35.115",NULL,"y"
3845,2,3151,"-1","2026-03-23 15:56:35.115",NULL,"y"
3846,2,3152,"-1","2026-03-23 15:56:35.115",NULL,"y"
3847,2,3153,"-1","2026-03-23 15:56:35.115",NULL,"y"
3848,2,3154,"-1","2026-03-23 15:56:35.115",NULL,"y"
3849,2,3155,"-1","2026-03-23 15:56:35.115",NULL,"y"
3850,2,3156,"-1","2026-03-23 15:56:35.115",NULL,"y"
3851,2,3157,"د.ت97.38","2026-03-23 15:56:35.115",NULL,"y"
3852,2,3158,"-1","2026-03-23 15:56:35.115",NULL,"y"
3853,2,3159,"-1","2026-03-23 15:56:35.115",NULL,"y"
3854,2,3160,"-1","2026-03-23 15:56:35.115",NULL,"y"
3855,2,3161,"-1","2026-03-23 15:56:35.115",NULL,"y"
3856,2,3162,"-1","2026-03-23 15:56:35.115",NULL,"y"
3857,2,3163,"-1","2026-03-23 15:56:35.115",NULL,"y"
3858,2,3164,"د.ت198.12","2026-03-23 15:56:35.115",NULL,"y"
3859,2,3165,"-1","2026-03-23 15:56:35.115",NULL,"y"
3860,2,3166,"-1","2026-03-23 15:56:35.115",NULL,"y"
3861,2,3167,"-1","2026-03-23 15:56:35.115",NULL,"y"
3862,2,3168,"-1","2026-03-23 15:56:35.115",NULL,"y"
3863,2,3169,"-1","2026-03-23 15:56:35.115",NULL,"y"
3864,2,3170,"د.ت112.00","2026-03-23 15:56:35.115",NULL,"y"
3865,2,3171,"د.ت100.00","2026-03-23 15:56:35.115",NULL,"y"
3866,2,3172,"-1","2026-03-23 15:56:35.115",NULL,"y"
3867,2,3173,"-1","2026-03-23 15:56:35.115",NULL,"y"
3868,2,3174,"-1","2026-03-23 15:56:35.115",NULL,"y"
3869,2,3175,"-1","2026-03-23 15:56:35.115",NULL,"y"
3870,2,3176,"-1","2026-03-23 15:56:35.115",NULL,"y"
3871,2,3178,"-1","2026-03-23 15:56:35.115",NULL,"y"
3872,2,3179,"-1","2026-03-23 15:56:35.115",NULL,"y"
3873,2,3180,"-1","2026-03-23 15:56:35.115",NULL,"y"
3874,2,3181,"د.ت302.22","2026-03-23 15:56:35.115",NULL,"y"
3875,2,3182,"-1","2026-03-23 15:56:35.115",NULL,"y"
3876,2,3183,"-1","2026-03-23 15:56:35.115",NULL,"y"
3877,2,3184,"-1","2026-03-23 15:56:35.115",NULL,"y"
3878,2,3185,"-1","2026-03-23 15:56:35.115",NULL,"y"
3879,2,3186,"-1","2026-03-23 15:56:35.115",NULL,"y"
3880,2,3187,"-1","2026-03-23 15:56:35.115",NULL,"y"
3881,2,3188,"-1","2026-03-23 15:56:35.115",NULL,"y"
3882,2,3189,"-1","2026-03-23 15:56:35.115",NULL,"y"
3883,2,3190,"-1","2026-03-23 15:56:35.115",NULL,"y"
3884,2,3191,"د.ت50.00","2026-03-23 15:56:35.115",NULL,"y"
3885,2,3192,"د.ت50.00","2026-03-23 15:56:35.115",NULL,"y"
3886,2,3193,"د.ت50.00","2026-03-23 15:56:35.115",NULL,"y"
3887,2,3194,"د.ت50.00","2026-03-23 15:56:35.115",NULL,"y"
3888,2,3195,"د.ت50.00","2026-03-23 15:56:35.115",NULL,"y"
3889,2,3196,"د.ت50.00","2026-03-23 15:56:35.115",NULL,"y"
3890,2,3197,"د.ت50.00","2026-03-23 15:56:35.115",NULL,"y"
3891,2,3199,"د.ت139.99","2026-03-23 15:56:35.115",NULL,"y"
3892,2,3200,"د.ت170.00","2026-03-23 15:56:35.115",NULL,"y"
3893,2,3201,"د.ت379.99","2026-03-23 15:56:35.115",NULL,"y"
3894,2,3202,"د.ت279.99","2026-03-23 15:56:35.115",NULL,"y"
3895,2,3203,"د.ت379.99","2026-03-23 15:56:35.115",NULL,"y"
3896,2,3204,"د.ت379.99","2026-03-23 15:56:35.115",NULL,"y"
3897,2,3205,"د.ت94.99","2026-03-23 15:56:35.115",NULL,"y"
3898,2,3206,"د.ت94.99","2026-03-23 15:56:35.115",NULL,"y"
3899,2,3207,"-1","2026-03-23 15:56:35.115",NULL,"y"
3900,2,3208,"د.ت149.99","2026-03-23 15:56:35.115",NULL,"y"
3901,2,3209,"د.ت129.99","2026-03-23 15:56:35.115",NULL,"y"
3902,2,3210,"د.ت180.00","2026-03-23 15:56:35.115",NULL,"y"
3903,2,3211,"د.ت220.00","2026-03-23 15:56:35.115",NULL,"y"
3904,2,3212,"د.ت400.00","2026-03-23 15:56:35.115",NULL,"y"
3905,2,3213,"-1","2026-03-23 15:56:35.115",NULL,"y"
3906,2,3214,"-1","2026-03-23 15:56:35.115",NULL,"y"
3907,2,3216,"-1","2026-03-23 15:56:35.115",NULL,"y"
3908,2,3217,"-1","2026-03-23 15:56:35.115",NULL,"y"
3909,2,3218,"-1","2026-03-23 15:56:35.115",NULL,"y"
3910,2,3219,"-1","2026-03-23 15:56:35.115",NULL,"y"
3911,2,3220,"-1","2026-03-23 15:56:35.115",NULL,"y"
3912,2,3221,"د.ت50.00","2026-03-23 15:56:35.115",NULL,"y"
3913,2,3222,"-1","2026-03-23 15:56:35.115",NULL,"y"
3914,2,3223,"-1","2026-03-23 15:56:35.115",NULL,"y"
3915,2,3224,"-1","2026-03-23 15:56:35.115",NULL,"y"
3916,2,3225,"-1","2026-03-23 15:56:35.115",NULL,"y"
3917,2,3226,"-1","2026-03-23 15:56:35.115",NULL,"y"
3918,2,3227,"-1","2026-03-23 15:56:35.115",NULL,"y"
3919,2,3228,"-1","2026-03-23 15:56:35.115",NULL,"y"
3920,2,3229,"-1","2026-03-23 15:56:35.115",NULL,"y"
3921,2,3230,"-1","2026-03-23 15:56:35.115",NULL,"y"
3922,2,3231,"-1","2026-03-23 15:56:35.115",NULL,"y"
3923,2,3232,"-1","2026-03-23 15:56:35.115",NULL,"y"
3924,2,3233,"-1","2026-03-23 15:56:35.115",NULL,"y"
3925,2,3234,"د.ت253.99","2026-03-23 15:56:35.115",NULL,"y"
3926,2,3235,"-1","2026-03-23 15:56:35.115",NULL,"y"
3927,2,3236,"-1","2026-03-23 15:56:35.115",NULL,"y"
3928,2,3237,"-1","2026-03-23 15:56:35.115",NULL,"y"
3929,2,3238,"-1","2026-03-23 15:56:35.115",NULL,"y"
3930,2,3239,"-1","2026-03-23 15:56:35.115",NULL,"y"
3931,2,3240,"-1","2026-03-23 15:56:35.115",NULL,"y"
3932,2,3241,"-1","2026-03-23 15:56:35.115",NULL,"y"
3933,2,3242,"-1","2026-03-23 15:56:35.115",NULL,"y"
3934,2,3243,"-1","2026-03-23 15:56:35.115",NULL,"y"
3935,2,3244,"-1","2026-03-23 15:56:35.115",NULL,"y"
3936,2,3245,"-1","2026-03-23 15:56:35.115",NULL,"y"
3937,2,3246,"-1","2026-03-23 15:56:35.115",NULL,"y"
3938,2,3247,"-1","2026-03-23 15:56:35.115",NULL,"y"
3939,2,3248,"-1","2026-03-23 15:56:35.115",NULL,"y"
3940,2,3249,"-1","2026-03-23 15:56:35.115",NULL,"y"
3941,2,3250,"-1","2026-03-23 15:56:35.115",NULL,"y"
3942,2,3251,"-1","2026-03-23 15:56:35.115",NULL,"y"
3943,2,3252,"-1","2026-03-23 15:56:35.115",NULL,"y"
3944,2,3261,"-1","2026-03-23 15:56:35.115",NULL,"y"
3945,2,3262,"-1","2026-03-23 15:56:35.115",NULL,"y"
3946,2,3263,"-1","2026-03-23 15:56:35.115",NULL,"y"
3947,2,3264,"-1","2026-03-23 15:56:35.115",NULL,"y"
3948,2,3265,"-1","2026-03-23 15:56:35.115",NULL,"y"
3949,2,3266,"-1","2026-03-23 15:56:35.115",NULL,"y"
3950,2,3267,"-1","2026-03-23 15:56:35.115",NULL,"y"
3951,2,3268,"-1","2026-03-23 15:56:35.115",NULL,"y"
3952,2,3269,"-1","2026-03-23 15:56:35.115",NULL,"y"
3953,2,3270,"-1","2026-03-23 15:56:35.115",NULL,"y"
3954,2,3271,"د.ت251.51","2026-03-23 15:56:35.115",NULL,"y"
3955,2,3275,"-1","2026-03-23 15:56:35.115",NULL,"y"
3956,2,3277,"-1","2026-03-23 15:56:35.115",NULL,"y"
3957,2,3278,"-1","2026-03-23 15:56:35.115",NULL,"y"
3958,2,3280,"-1","2026-03-23 15:56:35.115",NULL,"y"
3959,2,3281,"-1","2026-03-23 15:56:35.115",NULL,"y"
3960,2,3282,"د.ت189.00","2026-03-23 15:56:35.115",NULL,"y"
3961,2,3283,"-1","2026-03-23 15:56:35.115",NULL,"y"
3962,2,3284,"د.ت225.00","2026-03-23 15:56:35.115",NULL,"y"
3963,2,3285,"د.ت185.00","2026-03-23 15:56:35.115",NULL,"y"
3964,2,3286,"د.ت250.00","2026-03-23 15:56:35.115",NULL,"y"
3965,2,3287,"-1","2026-03-23 15:56:35.115",NULL,"y"
3966,2,3288,"-1","2026-03-23 15:56:35.115",NULL,"y"
3967,2,3289,"-1","2026-03-23 15:56:35.115",NULL,"y"
3968,2,3291,"-1","2026-03-23 15:56:35.115",NULL,"y"
3969,2,3292,"-1","2026-03-23 15:56:35.115",NULL,"y"
3970,2,3293,"-1","2026-03-23 15:56:35.115",NULL,"y"
3971,2,3294,"-1","2026-03-23 15:56:35.115",NULL,"y"
3972,2,3295,"-1","2026-03-23 15:56:35.115",NULL,"y"
3973,2,3296,"-1","2026-03-23 15:56:35.115",NULL,"y"
3974,2,3297,"-1","2026-03-23 15:56:35.115",NULL,"y"
3975,2,3298,"-1","2026-03-23 15:56:35.115",NULL,"y"
3976,2,3299,"-1","2026-03-23 15:56:35.115",NULL,"y"
3977,2,3300,"-1","2026-03-23 15:56:35.115",NULL,"y"
3978,2,3301,"-1","2026-03-23 15:56:35.115",NULL,"y"
3979,2,3302,"-1","2026-03-23 15:56:35.115",NULL,"y"
3980,2,3303,"-1","2026-03-23 15:56:35.115",NULL,"y"
3981,2,3304,"-1","2026-03-23 15:56:35.115",NULL,"y"
3982,2,3305,"د.ت180.00","2026-03-23 15:56:35.115",NULL,"y"
3983,2,3307,"د.ت50.00","2026-03-23 15:56:35.115",NULL,"y"
3984,2,3308,"د.ت50.00","2026-03-23 15:56:35.115",NULL,"y"
3985,2,3309,"-1","2026-03-23 15:56:35.115",NULL,"y"
3986,2,3310,"-1","2026-03-23 15:56:35.115",NULL,"y"
3987,2,3311,"-1","2026-03-23 15:56:35.115",NULL,"y"
3988,2,3312,"د.ت26.86","2026-03-23 15:56:35.115",NULL,"y"
3989,2,3313,"-1","2026-03-23 15:56:35.115",NULL,"y"
3990,2,3314,"د.ت25.00","2026-03-23 15:56:35.115",NULL,"y"
3991,2,3315,"د.ت21.00","2026-03-23 15:56:35.115",NULL,"y"
3992,2,3316,"د.ت21.00","2026-03-23 15:56:35.115",NULL,"y"
3993,2,3317,"د.ت24.00","2026-03-23 15:56:35.115",NULL,"y"
3994,2,3318,"د.ت23.90","2026-03-23 15:56:35.115",NULL,"y"
3995,2,3319,"-1","2026-03-23 15:56:35.115",NULL,"y"
3996,2,3320,"د.ت26.83","2026-03-23 15:56:35.115",NULL,"y"
3997,2,3321,"د.ت77.23","2026-03-23 15:56:35.115",NULL,"y"
3998,2,3322,"-1","2026-03-23 15:56:35.13",NULL,"y"
3999,2,3323,"د.ت70.52","2026-03-23 15:56:35.13",NULL,"y"
4000,2,3324,"-1","2026-03-23 15:56:35.13",NULL,"y"
4001,2,3325,"د.ت41.67","2026-03-23 15:56:35.13",NULL,"y"
4002,2,3326,"-1","2026-03-23 15:56:35.13",NULL,"y"
4003,2,3327,"-1","2026-03-23 15:56:35.13",NULL,"y"
4004,2,3328,"د.ت50.37","2026-03-23 15:56:35.13",NULL,"y"
4005,2,3329,"-1","2026-03-23 15:56:35.13",NULL,"y"
4006,2,3330,"د.ت94.02","2026-03-23 15:56:35.13",NULL,"y"
4007,2,3331,"-1","2026-03-23 15:56:35.13",NULL,"y"
4008,2,3332,"د.ت25.00","2026-03-23 15:56:35.13",NULL,"y"
4009,2,3333,"د.ت15.00","2026-03-23 15:56:35.13",NULL,"y"
4010,2,3334,"د.ت21.00","2026-03-23 15:56:35.13",NULL,"y"
4011,2,3336,"-1","2026-03-23 15:56:35.13",NULL,"y"
4012,2,3337,"-1","2026-03-23 15:56:35.13",NULL,"y"
4013,2,3338,"-1","2026-03-23 15:56:35.13",NULL,"y"
4014,2,3339,"د.ت43.65","2026-03-23 15:56:35.13",NULL,"y"
4015,2,3340,"د.ت60.44","2026-03-23 15:56:35.13",NULL,"y"
4016,2,3341,"-1","2026-03-23 15:56:35.13",NULL,"y"
4017,2,3342,"-1","2026-03-23 15:56:35.13",NULL,"y"
4018,2,3343,"-1","2026-03-23 15:56:35.13",NULL,"y"
4019,2,3345,"-1","2026-03-23 15:56:35.13",NULL,"y"
4020,2,3346,"-1","2026-03-23 15:56:35.13",NULL,"y"
4021,2,3347,"-1","2026-03-23 15:56:35.13",NULL,"y"
4022,2,3348,"-1","2026-03-23 15:56:35.13",NULL,"y"
4023,2,3349,"-1","2026-03-23 15:56:35.13",NULL,"y"
4024,2,3350,"د.ت40.30","2026-03-23 15:56:35.13",NULL,"y"
4025,2,3352,"د.ت70.52","2026-03-23 15:56:35.13",NULL,"y"
4026,2,3353,"-1","2026-03-23 15:56:35.13",NULL,"y"
4027,2,3354,"-1","2026-03-23 15:56:35.13",NULL,"y"
4028,2,3355,"-1","2026-03-23 15:56:35.13",NULL,"y"
4029,2,3356,"-1","2026-03-23 15:56:35.13",NULL,"y"
4030,2,3358,"-1","2026-03-23 15:56:35.13",NULL,"y"
4031,2,3359,"-1","2026-03-23 15:56:35.13",NULL,"y"
4032,2,3360,"-1","2026-03-23 15:56:35.13",NULL,"y"
4033,2,3361,"-1","2026-03-23 15:56:35.13",NULL,"y"
4034,2,3362,"-1","2026-03-23 15:56:35.13",NULL,"y"
4035,2,3363,"-1","2026-03-23 15:56:35.13",NULL,"y"
4036,2,3364,"-1","2026-03-23 15:56:35.13",NULL,"y"
4037,2,3365,"-1","2026-03-23 15:56:35.13",NULL,"y"
4038,2,3366,"-1","2026-03-23 15:56:35.13",NULL,"y"
4039,2,3367,"-1","2026-03-23 15:56:35.13",NULL,"y"
4040,2,3368,"-1","2026-03-23 15:56:35.13",NULL,"y"
4041,2,3369,"-1","2026-03-23 15:56:35.13",NULL,"y"
4042,2,3370,"-1","2026-03-23 15:56:35.13",NULL,"y"
4043,2,3371,"-1","2026-03-23 15:56:35.13",NULL,"y"
4044,2,3372,"-1","2026-03-23 15:56:35.13",NULL,"y"
4045,2,3373,"-1","2026-03-23 15:56:35.13",NULL,"y"
4046,2,3374,"-1","2026-03-23 15:56:35.13",NULL,"y"
4047,2,3376,"-1","2026-03-23 15:56:35.13",NULL,"y"
4048,2,3377,"-1","2026-03-23 15:56:35.13",NULL,"y"
4049,2,3378,"-1","2026-03-23 15:56:35.13",NULL,"y"
4050,2,3379,"د.ت24.90","2026-03-23 15:56:35.13",NULL,"y"
4051,2,3380,"د.ت50.37","2026-03-23 15:56:35.13",NULL,"y"
4052,2,3381,"د.ت43.65","2026-03-23 15:56:35.13",NULL,"y"
4053,2,3382,"د.ت12.76","2026-03-23 15:56:35.13",NULL,"y"
4054,2,3383,"-1","2026-03-23 15:56:35.13",NULL,"y"
4055,2,3384,"د.ت107.46","2026-03-23 15:56:35.13",NULL,"y"
4056,2,3385,"-1","2026-03-23 15:56:35.13",NULL,"y"
4057,2,3386,"د.ت175.00","2026-03-23 15:56:35.13",NULL,"y"
4058,2,3387,"د.ت99.00","2026-03-23 15:56:35.13",NULL,"y"
4059,2,3388,"-1","2026-03-23 15:56:35.13",NULL,"y"
4060,2,3389,"-1","2026-03-23 15:56:35.13",NULL,"y"
4061,2,3390,"-1","2026-03-23 15:56:35.13",NULL,"y"
4062,2,3391,"د.ت50.37","2026-03-23 15:56:35.13",NULL,"y"
4063,2,3392,"د.ت110.81","2026-03-23 15:56:35.13",NULL,"y"
4064,2,3393,"د.ت67.16","2026-03-23 15:56:35.13",NULL,"y"
4065,2,3394,"-1","2026-03-23 15:56:35.13",NULL,"y"
4066,2,3395,"-1","2026-03-23 15:56:35.13",NULL,"y"
4067,2,3396,"د.ت95.00","2026-03-23 15:56:35.13",NULL,"y"
4068,2,3397,"د.ت95.00","2026-03-23 15:56:35.13",NULL,"y"
4069,2,3398,"-1","2026-03-23 15:56:35.13",NULL,"y"
4070,2,3399,"-1","2026-03-23 15:56:35.13",NULL,"y"
4071,2,3400,"-1","2026-03-23 15:56:35.13",NULL,"y"
4072,2,3401,"د.ت90.67","2026-03-23 15:56:35.13",NULL,"y"
4073,2,3402,"-1","2026-03-23 15:56:35.13",NULL,"y"
4074,2,3403,"-1","2026-03-23 15:56:35.13",NULL,"y"
4075,2,3404,"-1","2026-03-23 15:56:35.13",NULL,"y"
4076,2,3405,"-1","2026-03-23 15:56:35.13",NULL,"y"
4077,2,3406,"-1","2026-03-23 15:56:35.13",NULL,"y"
4078,2,3407,"د.ت204.84","2026-03-23 15:56:35.13",NULL,"y"
4079,2,3408,"د.ت57.09","2026-03-23 15:56:35.13",NULL,"y"
4080,2,3409,"د.ت151.11","2026-03-23 15:56:35.13",NULL,"y"
4081,2,3410,"د.ت30.00","2026-03-23 15:56:35.13",NULL,"y"
4082,2,3411,"-1","2026-03-23 15:56:35.13",NULL,"y"
4083,2,3412,"د.ت40.30","2026-03-23 15:56:35.13",NULL,"y"
4084,2,3414,"-1","2026-03-23 15:56:35.13",NULL,"y"
4085,2,3416,"-1","2026-03-23 15:56:35.13",NULL,"y"
4086,2,3417,"-1","2026-03-23 15:56:35.13",NULL,"y"
4087,2,3419,"د.ت48.50","2026-03-23 15:56:35.13",NULL,"y"
4088,2,3420,"-1","2026-03-23 15:56:35.13",NULL,"y"
4089,2,3421,"د.ت23.51","2026-03-23 15:56:35.13",NULL,"y"
4090,2,3424,"د.ت43.65","2026-03-23 15:56:35.13",NULL,"y"
4091,2,3426,"-1","2026-03-23 15:56:35.13",NULL,"y"
4092,2,3428,"د.ت167.90","2026-03-23 15:56:35.13",NULL,"y"
4093,2,3429,"د.ت30.22","2026-03-23 15:56:35.13",NULL,"y"
4094,2,3431,"-1","2026-03-23 15:56:35.13",NULL,"y"
4095,2,3432,"-1","2026-03-23 15:56:35.13",NULL,"y"
4096,2,3433,"د.ت33.58","2026-03-23 15:56:35.13",NULL,"y"
4097,2,3435,"-1","2026-03-23 15:56:35.13",NULL,"y"
4098,2,3436,"د.ت13.43","2026-03-23 15:56:35.13",NULL,"y"
4099,2,3437,"-1","2026-03-23 15:56:35.13",NULL,"y"
4100,2,3438,"-1","2026-03-23 15:56:35.13",NULL,"y"
4101,2,3439,"د.ت62.00","2026-03-23 15:56:35.13",NULL,"y"
4102,2,3440,"د.ت60.00","2026-03-23 15:56:35.13",NULL,"y"
4103,2,3441,"د.ت90.00","2026-03-23 15:56:35.13",NULL,"y"
4104,2,3442,"د.ت65.00","2026-03-23 15:56:35.13",NULL,"y"
4105,2,3443,"د.ت75.00","2026-03-23 15:56:35.13",NULL,"y"
4106,2,3444,"د.ت90.00","2026-03-23 15:56:35.13",NULL,"y"
4107,2,3445,"د.ت240.00","2026-03-23 15:56:35.13",NULL,"y"
4108,2,3446,"د.ت43.65","2026-03-23 15:56:35.13",NULL,"y"
4109,2,3447,"-1","2026-03-23 15:56:35.13",NULL,"y"
4110,2,3448,"د.ت29.00","2026-03-23 15:56:35.13",NULL,"y"
4111,2,3449,"د.ت23.51","2026-03-23 15:56:35.13",NULL,"y"
4112,2,3450,"-1","2026-03-23 15:56:35.13",NULL,"y"
4113,2,3451,"-1","2026-03-23 15:56:35.13",NULL,"y"
4114,2,3452,"-1","2026-03-23 15:56:35.13",NULL,"y"
4115,2,3453,"-1","2026-03-23 15:56:35.13",NULL,"y"
4116,2,3454,"-1","2026-03-23 15:56:35.13",NULL,"y"
4117,2,3456,"د.ت16.79","2026-03-23 15:56:35.13",NULL,"y"
4118,2,3457,"-1","2026-03-23 15:56:35.13",NULL,"y"
4119,2,3458,"-1","2026-03-23 15:56:35.13",NULL,"y"
4120,2,3459,"د.ت40.00","2026-03-23 15:56:35.13",NULL,"y"
4121,2,3460,"-1","2026-03-23 15:56:35.13",NULL,"y"
4122,2,3461,"-1","2026-03-23 15:56:35.13",NULL,"y"
4123,2,3462,"د.ت9.23","2026-03-23 15:56:35.13",NULL,"y"
4124,2,3463,"-1","2026-03-23 15:56:35.13",NULL,"y"
4125,2,3464,"-1","2026-03-23 15:56:35.13",NULL,"y"
4126,2,3466,"-1","2026-03-23 15:56:35.13",NULL,"y"
4127,2,3467,"د.ت25.90","2026-03-23 15:56:35.13",NULL,"y"
4128,2,3468,"-1","2026-03-23 15:56:35.13",NULL,"y"
4129,2,3469,"-1","2026-03-23 15:56:35.13",NULL,"y"
4130,2,3470,"-1","2026-03-23 15:56:35.13",NULL,"y"
4131,2,3471,"-1","2026-03-23 15:56:35.13",NULL,"y"
4132,2,3472,"د.ت50.37","2026-03-23 15:56:35.13",NULL,"y"
4133,2,3473,"د.ت43.65","2026-03-23 15:56:35.13",NULL,"y"
4134,2,3474,"-1","2026-03-23 15:56:35.13",NULL,"y"
4135,2,3475,"-1","2026-03-23 15:56:35.13",NULL,"y"
4136,2,3477,"د.ت95.00","2026-03-23 15:56:35.13",NULL,"y"
4137,2,3478,"د.ت65.00","2026-03-23 15:56:35.13",NULL,"y"
4138,2,3479,"د.ت55.00","2026-03-23 15:56:35.13",NULL,"y"
4139,2,3480,"د.ت85.00","2026-03-23 15:56:35.13",NULL,"y"
4140,2,3481,"-1","2026-03-23 15:56:35.13",NULL,"y"
4141,2,3482,"-1","2026-03-23 15:56:35.13",NULL,"y"
4142,2,3483,"-1","2026-03-23 15:56:35.13",NULL,"y"
4143,2,3484,"-1","2026-03-23 15:56:35.13",NULL,"y"
4144,2,3485,"-1","2026-03-23 15:56:35.13",NULL,"y"
4145,2,3486,"-1","2026-03-23 15:56:35.13",NULL,"y"
4146,2,3487,"د.ت33.58","2026-03-23 15:56:35.13",NULL,"y"
4147,2,3488,"-1","2026-03-23 15:56:35.13",NULL,"y"
4148,2,3489,"-1","2026-03-23 15:56:35.13",NULL,"y"
4149,2,3490,"د.ت53.73","2026-03-23 15:56:35.13",NULL,"y"
4150,2,3491,"د.ت40.30","2026-03-23 15:56:35.13",NULL,"y"
4151,2,3492,"د.ت13.43","2026-03-23 15:56:35.13",NULL,"y"
4152,2,3493,"-1","2026-03-23 15:56:35.13",NULL,"y"
4153,2,3494,"د.ت20.15","2026-03-23 15:56:35.13",NULL,"y"
4154,2,3496,"-1","2026-03-23 15:56:35.13",NULL,"y"
4155,2,3497,"-1","2026-03-23 15:56:35.13",NULL,"y"
4156,2,3499,"د.ت60.44","2026-03-23 15:56:35.13",NULL,"y"
4157,2,3500,"-1","2026-03-23 15:56:35.13",NULL,"y"
4158,2,3501,"-1","2026-03-23 15:56:35.13",NULL,"y"
4159,2,3502,"د.ت28.40","2026-03-23 15:56:35.13",NULL,"y"
4160,2,3503,"-1","2026-03-23 15:56:35.13",NULL,"y"
4161,2,3504,"-1","2026-03-23 15:56:35.13",NULL,"y"
4162,2,3506,"-1","2026-03-23 15:56:35.13",NULL,"y"
4163,2,3508,"-1","2026-03-23 15:56:35.13",NULL,"y"
4164,2,3509,"-1","2026-03-23 15:56:35.13",NULL,"y"
4165,2,3510,"-1","2026-03-23 15:56:35.13",NULL,"y"
4166,2,3511,"-1","2026-03-23 15:56:35.13",NULL,"y"
4167,2,3512,"-1","2026-03-23 15:56:35.13",NULL,"y"
4168,2,3513,"-1","2026-03-23 15:56:35.13",NULL,"y"
4169,2,3514,"د.ت24.10","2026-03-23 15:56:35.13",NULL,"y"
4170,2,3515,"د.ت34.90","2026-03-23 15:56:35.13",NULL,"y"
4171,2,3516,"-1","2026-03-23 15:56:35.13",NULL,"y"
4172,2,3517,"-1","2026-03-23 15:56:35.13",NULL,"y"
4173,2,3518,"-1","2026-03-23 15:56:35.13",NULL,"y"
4174,2,3519,"-1","2026-03-23 15:56:35.13",NULL,"y"
4175,2,3520,"-1","2026-03-23 15:56:35.13",NULL,"y"
4176,2,3521,"-1","2026-03-23 15:56:35.13",NULL,"y"
4177,2,3522,"د.ت14.70","2026-03-23 15:56:35.13",NULL,"y"
4178,2,3523,"-1","2026-03-23 15:56:35.13",NULL,"y"
4179,2,3524,"-1","2026-03-23 15:56:35.13",NULL,"y"
4180,2,3525,"-1","2026-03-23 15:56:35.13",NULL,"y"
4181,2,3526,"-1","2026-03-23 15:56:35.13",NULL,"y"
4182,2,3527,"د.ت55.00","2026-03-23 15:56:35.13",NULL,"y"
4183,2,3528,"-1","2026-03-23 15:56:35.13",NULL,"y"
4184,2,3529,"-1","2026-03-23 15:56:35.13",NULL,"y"
4185,2,3531,"-1","2026-03-23 15:56:35.13",NULL,"y"
4186,2,3532,"د.ت63.80","2026-03-23 15:56:35.13",NULL,"y"
4187,2,3533,"د.ت151.11","2026-03-23 15:56:35.13",NULL,"y"
4188,2,3534,"-1","2026-03-23 15:56:35.13",NULL,"y"
4189,2,3537,"د.ت22.00","2026-03-23 15:56:35.13",NULL,"y"
4190,2,3538,"د.ت170.00","2026-03-23 15:56:35.13",NULL,"y"
4191,2,3539,"-1","2026-03-23 15:56:35.13",NULL,"y"
4192,2,3540,"د.ت26.00","2026-03-23 15:56:35.13",NULL,"y"
4193,2,3541,"د.ت12.00","2026-03-23 15:56:35.13",NULL,"y"
4194,2,3542,"-1","2026-03-23 15:56:35.13",NULL,"y"
4195,2,3543,"د.ت68.00","2026-03-23 15:56:35.13",NULL,"y"
4196,2,3544,"-1","2026-03-23 15:56:35.13",NULL,"y"
4197,2,3545,"-1","2026-03-23 15:56:35.13",NULL,"y"
4198,2,3546,"-1","2026-03-23 15:56:35.13",NULL,"y"
4199,2,3547,"د.ت20.00","2026-03-23 15:56:35.13",NULL,"y"
4200,2,3548,"-1","2026-03-23 15:56:35.13",NULL,"y"
4201,2,3549,"-1","2026-03-23 15:56:35.13",NULL,"y"
4202,2,3550,"د.ت165.00","2026-03-23 15:56:35.13",NULL,"y"
4203,2,3551,"د.ت255.00","2026-03-23 15:56:35.13",NULL,"y"
4204,2,3552,"د.ت119.00","2026-03-23 15:56:35.13",NULL,"y"
4205,2,3553,"-1","2026-03-23 15:56:35.13",NULL,"y"
4206,2,3554,"د.ت13.00","2026-03-23 15:56:35.13",NULL,"y"
4207,2,3555,"-1","2026-03-23 15:56:35.13",NULL,"y"
4208,2,3556,"-1","2026-03-23 15:56:35.13",NULL,"y"
4209,2,3557,"د.ت265.00","2026-03-23 15:56:35.13",NULL,"y"
4210,2,3558,"-1","2026-03-23 15:56:35.13",NULL,"y"
4211,2,3559,"-1","2026-03-23 15:56:35.13",NULL,"y"
4212,2,3560,"د.ت19.99","2026-03-23 15:56:35.13",NULL,"y"
4213,2,3561,"د.ت9.99","2026-03-23 15:56:35.13",NULL,"y"
4214,2,3562,"د.ت22.99","2026-03-23 15:56:35.13",NULL,"y"
4215,2,3563,"د.ت10.99","2026-03-23 15:56:35.13",NULL,"y"
4216,2,3564,"د.ت34.99","2026-03-23 15:56:35.13",NULL,"y"
4217,2,3565,"-1","2026-03-23 15:56:35.13",NULL,"y"
4218,2,3566,"-1","2026-03-23 15:56:35.13",NULL,"y"
4219,2,3567,"-1","2026-03-23 15:56:35.13",NULL,"y"
4220,2,3568,"-1","2026-03-23 15:56:35.13",NULL,"y"
4221,2,3569,"د.ت30.00","2026-03-23 15:56:35.13",NULL,"y"
4222,2,3570,"-1","2026-03-23 15:56:35.13",NULL,"y"
4223,2,3571,"-1","2026-03-23 15:56:35.13",NULL,"y"
4224,2,3572,"د.ت29.75","2026-03-23 15:56:35.13",NULL,"y"
4225,2,3573,"د.ت97.99","2026-03-23 15:56:35.13",NULL,"y"
4226,2,3575,"د.ت59.99","2026-03-23 15:56:35.13",NULL,"y"
4227,2,3576,"-1","2026-03-23 15:56:35.13",NULL,"y"
4228,2,3577,"-1","2026-03-23 15:56:35.13",NULL,"y"
4229,2,3578,"-1","2026-03-23 15:56:35.13",NULL,"y"
4230,2,3579,"د.ت24.90","2026-03-23 15:56:35.13",NULL,"y"
4231,2,3580,"-1","2026-03-23 15:56:35.13",NULL,"y"
4232,2,3581,"-1","2026-03-23 15:56:35.13",NULL,"y"
4233,2,3582,"-1","2026-03-23 15:56:35.13",NULL,"y"
4234,2,3583,"-1","2026-03-23 15:56:35.13",NULL,"y"
4235,2,3584,"-1","2026-03-23 15:56:35.13",NULL,"y"
4236,2,3585,"-1","2026-03-23 15:56:35.13",NULL,"y"
4237,2,3586,"-1","2026-03-23 15:56:35.13",NULL,"y"
4238,2,3587,"-1","2026-03-23 15:56:35.13",NULL,"y"
4239,2,3588,"-1","2026-03-23 15:56:35.13",NULL,"y"
4240,2,3589,"-1","2026-03-23 15:56:35.13",NULL,"y"
4241,2,3590,"-1","2026-03-23 15:56:35.13",NULL,"y"
4242,2,3591,"-1","2026-03-23 15:56:35.13",NULL,"y"
4243,2,3592,"-1","2026-03-23 15:56:35.13",NULL,"y"
4244,2,3593,"-1","2026-03-23 15:56:35.13",NULL,"y"
4245,2,3594,"-1","2026-03-23 15:56:35.13",NULL,"y"
4246,2,3595,"-1","2026-03-23 15:56:35.13",NULL,"y"
4247,2,3596,"-1","2026-03-23 15:56:35.13",NULL,"y"
4248,2,3597,"-1","2026-03-23 15:56:35.13",NULL,"y"
4249,2,3598,"-1","2026-03-23 15:56:35.13",NULL,"y"
4250,2,3599,"-1","2026-03-23 15:56:35.13",NULL,"y"
4251,2,3600,"-1","2026-03-23 15:56:35.13",NULL,"y"
4252,2,3601,"-1","2026-03-23 15:56:35.13",NULL,"y"
4253,2,3602,"-1","2026-03-23 15:56:35.13",NULL,"y"
4254,2,3603,"-1","2026-03-23 15:56:35.13",NULL,"y"
4255,2,3604,"-1","2026-03-23 15:56:35.13",NULL,"y"
4256,2,3605,"-1","2026-03-23 15:56:35.13",NULL,"y"
4257,2,3606,"-1","2026-03-23 15:56:35.13",NULL,"y"
4258,2,3607,"-1","2026-03-23 15:56:35.13",NULL,"y"
4259,2,3608,"-1","2026-03-23 15:56:35.13",NULL,"y"
4260,2,3609,"-1","2026-03-23 15:56:35.13",NULL,"y"
4261,2,3610,"-1","2026-03-23 15:56:35.13",NULL,"y"
4262,2,3611,"-1","2026-03-23 15:56:35.13",NULL,"y"
4263,2,3612,"-1","2026-03-23 15:56:35.13",NULL,"y"
4264,2,3613,"-1","2026-03-23 15:56:35.13",NULL,"y"
4265,2,3614,"-1","2026-03-23 15:56:35.13",NULL,"y"
4266,2,3615,"-1","2026-03-23 15:56:35.13",NULL,"y"
4267,2,3616,"-1","2026-03-23 15:56:35.13",NULL,"y"
4268,2,3617,"-1","2026-03-23 15:56:35.13",NULL,"y"
4269,2,3622,"-1","2026-03-23 15:56:35.13",NULL,"y"
4270,2,3623,"-1","2026-03-23 15:56:35.13",NULL,"y"
4271,2,3624,"-1","2026-03-23 15:56:35.13",NULL,"y"
4272,2,3625,"د.ت38.00","2026-03-23 15:56:35.13",NULL,"y"
4273,2,3626,"-1","2026-03-23 15:56:35.13",NULL,"y"
4274,2,3627,"-1","2026-03-23 15:56:35.13",NULL,"y"
4275,2,3628,"-1","2026-03-23 15:56:35.13",NULL,"y"
4276,2,3630,"-1","2026-03-23 15:56:35.13",NULL,"y"
4277,2,3631,"-1","2026-03-23 15:56:35.13",NULL,"y"
4278,2,3632,"-1","2026-03-23 15:56:35.13",NULL,"y"
4279,2,3633,"-1","2026-03-23 15:56:35.13",NULL,"y"
4280,2,3634,"-1","2026-03-23 15:56:35.13",NULL,"y"
4281,2,3635,"-1","2026-03-23 15:56:35.13",NULL,"y"
4282,2,3636,"-1","2026-03-23 15:56:35.13",NULL,"y"
4283,2,3637,"-1","2026-03-23 15:56:35.13",NULL,"y"
4284,2,3638,"-1","2026-03-23 15:56:35.13",NULL,"y"
4285,2,3639,"-1","2026-03-23 15:56:35.13",NULL,"y"
4286,2,3640,"-1","2026-03-23 15:56:35.13",NULL,"y"
4287,2,3642,"-1","2026-03-23 15:56:35.13",NULL,"y"
4288,2,3643,"-1","2026-03-23 15:56:35.13",NULL,"y"
4289,2,3644,"-1","2026-03-23 15:56:35.13",NULL,"y"
4290,2,3645,"-1","2026-03-23 15:56:35.13",NULL,"y"
4291,2,3646,"-1","2026-03-23 15:56:35.13",NULL,"y"
4292,2,3647,"-1","2026-03-23 15:56:35.13",NULL,"y"
4293,2,3649,"-1","2026-03-23 15:56:35.13",NULL,"y"
4294,2,3650,"-1","2026-03-23 15:56:35.13",NULL,"y"
4295,2,3651,"-1","2026-03-23 15:56:35.13",NULL,"y"
4296,2,3652,"-1","2026-03-23 15:56:35.13",NULL,"y"
4297,2,3653,"-1","2026-03-23 15:56:35.13",NULL,"y"
4298,2,3654,"-1","2026-03-23 15:56:35.13",NULL,"y"
4299,2,3655,"-1","2026-03-23 15:56:35.13",NULL,"y"
4300,2,3656,"-1","2026-03-23 15:56:35.13",NULL,"y"
4301,2,3657,"-1","2026-03-23 15:56:35.13",NULL,"y"
4302,2,3658,"-1","2026-03-23 15:56:35.13",NULL,"y"
4303,2,3661,"-1","2026-03-23 15:56:35.13",NULL,"y"
4304,2,3662,"-1","2026-03-23 15:56:35.13",NULL,"y"
4305,2,3663,"-1","2026-03-23 15:56:35.13",NULL,"y"
4306,2,3664,"-1","2026-03-23 15:56:35.13",NULL,"y"
4307,2,3665,"-1","2026-03-23 15:56:35.13",NULL,"y"
4308,2,3666,"-1","2026-03-23 15:56:35.13",NULL,"y"
4309,2,3667,"-1","2026-03-23 15:56:35.13",NULL,"y"
4310,2,3669,"-1","2026-03-23 15:56:35.13",NULL,"y"
4311,2,3670,"-1","2026-03-23 15:56:35.13",NULL,"y"
4312,2,3671,"-1","2026-03-23 15:56:35.13",NULL,"y"
4313,2,3672,"-1","2026-03-23 15:56:35.13",NULL,"y"
4314,2,3673,"-1","2026-03-23 15:56:35.13",NULL,"y"
4315,2,3674,"-1","2026-03-23 15:56:35.13",NULL,"y"
4316,2,3675,"-1","2026-03-23 15:56:35.13",NULL,"y"
4317,2,3676,"-1","2026-03-23 15:56:35.13",NULL,"y"
4318,2,3677,"-1","2026-03-23 15:56:35.13",NULL,"y"
4319,2,3678,"-1","2026-03-23 15:56:35.13",NULL,"y"
4320,2,3679,"-1","2026-03-23 15:56:35.13",NULL,"y"
4321,2,3680,"-1","2026-03-23 15:56:35.13",NULL,"y"
4322,2,3681,"-1","2026-03-23 15:56:35.13",NULL,"y"
4323,2,3682,"-1","2026-03-23 15:56:35.13",NULL,"y"
4324,2,3683,"-1","2026-03-23 15:56:35.13",NULL,"y"
4325,2,3684,"-1","2026-03-23 15:56:35.13",NULL,"y"
4326,2,3685,"-1","2026-03-23 15:56:35.13",NULL,"y"
4327,2,3686,"-1","2026-03-23 15:56:35.13",NULL,"y"
4328,2,3689,"-1","2026-03-23 15:56:35.13",NULL,"y"
4329,2,3690,"-1","2026-03-23 15:56:35.13",NULL,"y"
4330,2,3691,"-1","2026-03-23 15:56:35.13",NULL,"y"
4331,2,3692,"-1","2026-03-23 15:56:35.13",NULL,"y"
4332,2,3693,"-1","2026-03-23 15:56:35.13",NULL,"y"
4333,2,3694,"-1","2026-03-23 15:56:35.13",NULL,"y"
4334,2,3695,"-1","2026-03-23 15:56:35.13",NULL,"y"
4335,2,3696,"-1","2026-03-23 15:56:35.13",NULL,"y"
4336,2,3697,"-1","2026-03-23 15:56:35.13",NULL,"y"
4337,2,3698,"د.ت25.00","2026-03-23 15:56:35.13",NULL,"y"
4338,2,3699,"-1","2026-03-23 15:56:35.13",NULL,"y"
4339,2,3703,"-1","2026-03-23 15:56:35.13",NULL,"y"
4340,2,3704,"-1","2026-03-23 15:56:35.13",NULL,"y"
4341,2,3705,"-1","2026-03-23 15:56:35.13",NULL,"y"
4342,2,3706,"-1","2026-03-23 15:56:35.13",NULL,"y"
4343,2,3707,"د.ت33.80","2026-03-23 15:56:35.13",NULL,"y"
4344,2,3708,"-1","2026-03-23 15:56:35.13",NULL,"y"
4345,2,3709,"-1","2026-03-23 15:56:35.13",NULL,"y"
4346,2,3710,"-1","2026-03-23 15:56:35.13",NULL,"y"
4347,2,3711,"-1","2026-03-23 15:56:35.13",NULL,"y"
4348,2,3712,"-1","2026-03-23 15:56:35.13",NULL,"y"
4349,2,3713,"-1","2026-03-23 15:56:35.13",NULL,"y"
4350,2,3714,"-1","2026-03-23 15:56:35.13",NULL,"y"
4351,2,3715,"-1","2026-03-23 15:56:35.13",NULL,"y"
4352,2,3716,"-1","2026-03-23 15:56:35.13",NULL,"y"
4353,2,3717,"-1","2026-03-23 15:56:35.13",NULL,"y"
4354,2,3718,"-1","2026-03-23 15:56:35.13",NULL,"y"
4355,2,3719,"-1","2026-03-23 15:56:35.13",NULL,"y"
4356,2,3720,"-1","2026-03-23 15:56:35.13",NULL,"y"
4357,2,3721,"-1","2026-03-23 15:56:35.13",NULL,"y"
4358,2,3722,"-1","2026-03-23 15:56:35.13",NULL,"y"
4359,2,3723,"-1","2026-03-23 15:56:35.13",NULL,"y"
4360,2,3725,"-1","2026-03-23 15:56:35.13",NULL,"y"
4361,2,3726,"-1","2026-03-23 15:56:35.13",NULL,"y"
4362,2,3727,"-1","2026-03-23 15:56:35.13",NULL,"y"
4363,2,3728,"-1","2026-03-23 15:56:35.13",NULL,"y"
4364,2,3729,"-1","2026-03-23 15:56:35.13",NULL,"y"
4365,2,3730,"-1","2026-03-23 15:56:35.13",NULL,"y"
4366,2,3731,"-1","2026-03-23 15:56:35.13",NULL,"y"
4367,2,3732,"-1","2026-03-23 15:56:35.13",NULL,"y"
4368,2,3733,"-1","2026-03-23 15:56:35.13",NULL,"y"
4369,2,3734,"-1","2026-03-23 15:56:35.13",NULL,"y"
4370,2,3735,"د.ت20.00","2026-03-23 15:56:35.13",NULL,"y"
4371,2,3736,"-1","2026-03-23 15:56:35.13",NULL,"y"
4372,2,3737,"-1","2026-03-23 15:56:35.13",NULL,"y"
4373,2,3738,"-1","2026-03-23 15:56:35.13",NULL,"y"
4374,2,3739,"-1","2026-03-23 15:56:35.13",NULL,"y"
4375,2,3740,"-1","2026-03-23 15:56:35.13",NULL,"y"
4376,2,3741,"-1","2026-03-23 15:56:35.13",NULL,"y"
4377,2,3742,"-1","2026-03-23 15:56:35.13",NULL,"y"
4378,2,3743,"-1","2026-03-23 15:56:35.13",NULL,"y"
4379,2,3744,"-1","2026-03-23 15:56:35.13",NULL,"y"
4380,2,3745,"-1","2026-03-23 15:56:35.13",NULL,"y"
4381,2,3746,"-1","2026-03-23 15:56:35.13",NULL,"y"
4382,2,3747,"-1","2026-03-23 15:56:35.13",NULL,"y"
4383,2,3748,"-1","2026-03-23 15:56:35.13",NULL,"y"
4384,2,3749,"-1","2026-03-23 15:56:35.13",NULL,"y"
4385,2,3750,"-1","2026-03-23 15:56:35.13",NULL,"y"
4386,2,3751,"-1","2026-03-23 15:56:35.13",NULL,"y"
4387,2,3752,"-1","2026-03-23 15:56:35.13",NULL,"y"
4388,2,3753,"-1","2026-03-23 15:56:35.13",NULL,"y"
4389,2,3754,"-1","2026-03-23 15:56:35.13",NULL,"y"
4390,2,3755,"د.ت24.50","2026-03-23 15:56:35.13",NULL,"y"
4391,2,3756,"-1","2026-03-23 15:56:35.13",NULL,"y"
4392,2,3757,"-1","2026-03-23 15:56:35.13",NULL,"y"
4393,2,3758,"-1","2026-03-23 15:56:35.13",NULL,"y"
4394,2,3759,"-1","2026-03-23 15:56:35.13",NULL,"y"
4395,2,3760,"-1","2026-03-23 15:56:35.13",NULL,"y"
4396,2,3761,"-1","2026-03-23 15:56:35.13",NULL,"y"
4397,2,3762,"-1","2026-03-23 15:56:35.13",NULL,"y"
4398,2,3763,"-1","2026-03-23 15:56:35.13",NULL,"y"
4399,2,3764,"-1","2026-03-23 15:56:35.13",NULL,"y"
4400,2,3765,"-1","2026-03-23 15:56:35.13",NULL,"y"
4401,2,3766,"-1","2026-03-23 15:56:35.13",NULL,"y"
4402,2,3767,"-1","2026-03-23 15:56:35.13",NULL,"y"
4403,2,3768,"-1","2026-03-23 15:56:35.13",NULL,"y"
4404,2,3769,"-1","2026-03-23 15:56:35.13",NULL,"y"
4405,2,3770,"-1","2026-03-23 15:56:35.13",NULL,"y"
4406,2,3771,"-1","2026-03-23 15:56:35.13",NULL,"y"
4407,2,3772,"-1","2026-03-23 15:56:35.13",NULL,"y"
4408,2,3773,"-1","2026-03-23 15:56:35.13",NULL,"y"
4409,2,3774,"د.ت20.00","2026-03-23 15:56:35.13",NULL,"y"
4410,2,3775,"د.ت15.00","2026-03-23 15:56:35.13",NULL,"y"
4411,2,3776,"د.ت15.00","2026-03-23 15:56:35.13",NULL,"y"
4412,2,3777,"د.ت15.00","2026-03-23 15:56:35.13",NULL,"y"
4413,2,3778,"د.ت39.90","2026-03-23 15:56:35.13",NULL,"y"
4414,2,3779,"د.ت100.00","2026-03-23 15:56:35.13",NULL,"y"
4415,2,3780,"-1","2026-03-23 15:56:35.13",NULL,"y"
4416,2,3781,"-1","2026-03-23 15:56:35.13",NULL,"y"
4417,2,3782,"-1","2026-03-23 15:56:35.13",NULL,"y"
4418,2,3783,"-1","2026-03-23 15:56:35.13",NULL,"y"
4419,2,3786,"-1","2026-03-23 15:56:35.13",NULL,"y"
4420,2,3787,"-1","2026-03-23 15:56:35.13",NULL,"y"
4421,2,3788,"د.ت10.00","2026-03-23 15:56:35.13",NULL,"y"
4422,2,3789,"د.ت6.98","2026-03-23 15:56:35.13",NULL,"y"
4423,2,3790,"-1","2026-03-23 15:56:35.13",NULL,"y"
4424,2,3791,"-1","2026-03-23 15:56:35.13",NULL,"y"
4425,2,3793,"-1","2026-03-23 15:56:35.13",NULL,"y"
4426,2,3794,"-1","2026-03-23 15:56:35.13",NULL,"y"
4427,2,3795,"د.ت63.80","2026-03-23 15:56:35.13",NULL,"y"
4428,2,3796,"-1","2026-03-23 15:56:35.13",NULL,"y"
4429,2,3797,"د.ت39.90","2026-03-23 15:56:35.13",NULL,"y"
4430,2,3798,"د.ت39.90","2026-03-23 15:56:35.13",NULL,"y"
4431,2,3799,"د.ت39.90","2026-03-23 15:56:35.13",NULL,"y"
4432,2,3800,"د.ت39.90","2026-03-23 15:56:35.13",NULL,"y"
4433,2,3801,"د.ت39.90","2026-03-23 15:56:35.13",NULL,"y"
4434,2,3802,"-1","2026-03-23 15:56:35.13",NULL,"y"
4435,2,3803,"-1","2026-03-23 15:56:35.13",NULL,"y"
4436,2,3804,"-1","2026-03-23 15:56:35.13",NULL,"y"
4437,2,3805,"-1","2026-03-23 15:56:35.13",NULL,"y"
4438,2,3806,"-1","2026-03-23 15:56:35.13",NULL,"y"
4439,2,3807,"-1","2026-03-23 15:56:35.13",NULL,"y"
4440,2,3808,"د.ت120.00","2026-03-23 15:56:35.13",NULL,"y"
4441,2,3809,"د.ت125.00","2026-03-23 15:56:35.13",NULL,"y"
4442,2,3810,"-1","2026-03-23 15:56:35.13",NULL,"y"
4443,2,3811,"-1","2026-03-23 15:56:35.13",NULL,"y"
4444,2,3812,"-1","2026-03-23 15:56:35.13",NULL,"y"
4445,2,3813,"-1","2026-03-23 15:56:35.13",NULL,"y"
4446,2,3814,"د.ت29.90","2026-03-23 15:56:35.13",NULL,"y"
4447,2,3816,"-1","2026-03-23 15:56:35.13",NULL,"y"
4448,2,3817,"د.ت20.00","2026-03-23 15:56:35.13",NULL,"y"
4449,2,3818,"-1","2026-03-23 15:56:35.13",NULL,"y"
4450,2,3820,"د.ت39.90","2026-03-23 15:56:35.13",NULL,"y"
4451,2,3821,"د.ت33.58","2026-03-23 15:56:35.13",NULL,"y"
4452,2,3822,"د.ت69.99","2026-03-23 15:56:35.13",NULL,"y"
4453,2,3823,"د.ت39.00","2026-03-23 15:56:35.13",NULL,"y"
4454,2,3824,"-1","2026-03-23 15:56:35.13",NULL,"y"
4455,2,3825,"-1","2026-03-23 15:56:35.13",NULL,"y"
4456,2,3826,"د.ت4.99","2026-03-23 15:56:35.13",NULL,"y"
4457,2,3830,"د.ت19.99","2026-03-23 15:56:35.13",NULL,"y"
4458,2,3831,"د.ت180.00","2026-03-23 15:56:35.13",NULL,"y"
4459,2,3833,"-1","2026-03-23 15:56:35.13",NULL,"y"
4460,2,3834,"-1","2026-03-23 15:56:35.13",NULL,"y"
4461,2,3835,"د.ت5.48","2026-03-23 15:56:35.13",NULL,"y"
4462,2,3836,"-1","2026-03-23 15:56:35.13",NULL,"y"
4463,2,3837,"د.ت13.43","2026-03-23 15:56:35.13",NULL,"y"
4464,2,3838,"-1","2026-03-23 15:56:35.13",NULL,"y"
4465,2,3839,"-1","2026-03-23 15:56:35.13",NULL,"y"
4466,2,3840,"-1","2026-03-23 15:56:35.13",NULL,"y"
4467,2,3841,"-1","2026-03-23 15:56:35.13",NULL,"y"
4468,2,3842,"-1","2026-03-23 15:56:35.13",NULL,"y"
4469,2,3843,"-1","2026-03-23 15:56:35.13",NULL,"y"
4470,2,3844,"-1","2026-03-23 15:56:35.13",NULL,"y"
4471,2,3846,"-1","2026-03-23 15:56:35.13",NULL,"y"
4472,2,3847,"-1","2026-03-23 15:56:35.13",NULL,"y"
4473,2,3848,"د.ت31.00","2026-03-23 15:56:35.13",NULL,"y"
4474,2,3849,"د.ت30.00","2026-03-23 15:56:35.13",NULL,"y"
4475,2,3850,"-1","2026-03-23 15:56:35.13",NULL,"y"
4476,2,3851,"-1","2026-03-23 15:56:35.13",NULL,"y"
4477,2,3852,"-1","2026-03-23 15:56:35.13",NULL,"y"
4478,2,3853,"-1","2026-03-23 15:56:35.13",NULL,"y"
4479,2,3854,"-1","2026-03-23 15:56:35.13",NULL,"y"
4480,2,3855,"-1","2026-03-23 15:56:35.13",NULL,"y"
4481,2,3856,"-1","2026-03-23 15:56:35.13",NULL,"y"
4482,2,3857,"-1","2026-03-23 15:56:35.13",NULL,"y"
4483,2,3860,"د.ت39.90","2026-03-23 15:56:35.13",NULL,"y"
4484,2,3861,"د.ت63.80","2026-03-23 15:56:35.14",NULL,"y"
4485,2,3862,"-1","2026-03-23 15:56:35.14",NULL,"y"
4486,2,3863,"-1","2026-03-23 15:56:35.14",NULL,"y"
4487,2,3864,"-1","2026-03-23 15:56:35.14",NULL,"y"
4488,2,3865,"-1","2026-03-23 15:56:35.14",NULL,"y"
4489,2,3866,"-1","2026-03-23 15:56:35.14",NULL,"y"
4490,2,3867,"-1","2026-03-23 15:56:35.14",NULL,"y"
4491,2,3868,"د.ت19.99","2026-03-23 15:56:35.14",NULL,"y"
4492,2,3869,"-1","2026-03-23 15:56:35.14",NULL,"y"
4493,2,3870,"-1","2026-03-23 15:56:35.14",NULL,"y"
4494,2,3871,"د.ت280.00","2026-03-23 15:56:35.14",NULL,"y"
4495,2,3872,"د.ت42.00","2026-03-23 15:56:35.14",NULL,"y"
4496,2,3873,"-1","2026-03-23 15:56:35.14",NULL,"y"
4497,2,3874,"د.ت5.00","2026-03-23 15:56:35.14",NULL,"y"
4498,2,3875,"-1","2026-03-23 15:56:35.14",NULL,"y"
4499,2,3876,"-1","2026-03-23 15:56:35.14",NULL,"y"
4500,2,3877,"-1","2026-03-23 15:56:35.14",NULL,"y"
4501,2,3878,"-1","2026-03-23 15:56:35.14",NULL,"y"
4502,2,3879,"د.ت13.00","2026-03-23 15:56:35.14",NULL,"y"
4503,2,3880,"-1","2026-03-23 15:56:35.14",NULL,"y"
4504,2,3881,"د.ت39.90","2026-03-23 15:56:35.14",NULL,"y"
4505,2,3882,"د.ت39.40","2026-03-23 15:56:35.14",NULL,"y"
4506,2,3883,"-1","2026-03-23 15:56:35.14",NULL,"y"
4507,2,3884,"د.ت83.95","2026-03-23 15:56:35.14",NULL,"y"
4508,2,3885,"د.ت83.95","2026-03-23 15:56:35.14",NULL,"y"
4509,2,3886,"-1","2026-03-23 15:56:35.14",NULL,"y"
4510,2,3887,"-1","2026-03-23 15:56:35.14",NULL,"y"
4511,2,3888,"-1","2026-03-23 15:56:35.14",NULL,"y"
4512,2,3889,"-1","2026-03-23 15:56:35.14",NULL,"y"
4513,2,3890,"-1","2026-03-23 15:56:35.14",NULL,"y"
4514,2,3891,"-1","2026-03-23 15:56:35.14",NULL,"y"
4515,2,3892,"-1","2026-03-23 15:56:35.14",NULL,"y"
4516,2,3893,"-1","2026-03-23 15:56:35.14",NULL,"y"
4517,2,3894,"-1","2026-03-23 15:56:35.14",NULL,"y"
4518,2,3895,"-1","2026-03-23 15:56:35.14",NULL,"y"
4519,2,3896,"-1","2026-03-23 15:56:35.14",NULL,"y"
4520,2,3897,"-1","2026-03-23 15:56:35.14",NULL,"y"
4521,2,3898,"-1","2026-03-23 15:56:35.14",NULL,"y"
4522,2,3899,"-1","2026-03-23 15:56:35.14",NULL,"y"
4523,2,3900,"-1","2026-03-23 15:56:35.14",NULL,"y"
4524,2,3901,"-1","2026-03-23 15:56:35.14",NULL,"y"
4525,2,3902,"-1","2026-03-23 15:56:35.14",NULL,"y"
4526,2,3903,"-1","2026-03-23 15:56:35.14",NULL,"y"
4527,2,3904,"-1","2026-03-23 15:56:35.14",NULL,"y"
4528,2,3905,"-1","2026-03-23 15:56:35.14",NULL,"y"
4529,2,3906,"-1","2026-03-23 15:56:35.14",NULL,"y"
4530,2,3907,"-1","2026-03-23 15:56:35.14",NULL,"y"
4531,2,3908,"د.ت54.90","2026-03-23 15:56:35.14",NULL,"y"
4532,2,3909,"د.ت17.99","2026-03-23 15:56:35.14",NULL,"y"
4533,2,3910,"د.ت17.99","2026-03-23 15:56:35.14",NULL,"y"
4534,2,3911,"-1","2026-03-23 15:56:35.14",NULL,"y"
4535,2,3912,"-1","2026-03-23 15:56:35.14",NULL,"y"
4536,2,3913,"د.ت4.99","2026-03-23 15:56:35.14",NULL,"y"
4537,2,3914,"د.ت4.99","2026-03-23 15:56:35.14",NULL,"y"
4538,2,3915,"د.ت5.00","2026-03-23 15:56:35.14",NULL,"y"
4539,2,3916,"د.ت5.00","2026-03-23 15:56:35.14",NULL,"y"
4540,2,3917,"د.ت5.00","2026-03-23 15:56:35.14",NULL,"y"
4541,2,3918,"د.ت5.00","2026-03-23 15:56:35.14",NULL,"y"
4542,2,3919,"د.ت44.99","2026-03-23 15:56:35.14",NULL,"y"
4543,2,3920,"-1","2026-03-23 15:56:35.14",NULL,"y"
4544,2,3921,"-1","2026-03-23 15:56:35.14",NULL,"y"
4545,2,3922,"-1","2026-03-23 15:56:35.14",NULL,"y"
4546,2,3924,"د.ت55.99","2026-03-23 15:56:35.14",NULL,"y"
4547,2,3925,"-1","2026-03-23 15:56:35.14",NULL,"y"
4548,2,3926,"د.ت19.50","2026-03-23 15:56:35.14",NULL,"y"
4549,2,3927,"د.ت30.00","2026-03-23 15:56:35.14",NULL,"y"
4550,2,3928,"-1","2026-03-23 15:56:35.14",NULL,"y"
4551,2,3929,"د.ت24.99","2026-03-23 15:56:35.14",NULL,"y"
4552,2,3930,"د.ت2.60","2026-03-23 15:56:35.14",NULL,"y"
4553,2,3931,"-1","2026-03-23 15:56:35.14",NULL,"y"
4554,2,3932,"د.ت220.00","2026-03-23 15:56:35.14",NULL,"y"
4555,2,3933,"-1","2026-03-23 15:56:35.14",NULL,"y"
4556,2,3934,"د.ت39.90","2026-03-23 15:56:35.14",NULL,"y"
4557,2,3935,"د.ت39.90","2026-03-23 15:56:35.14",NULL,"y"
4558,2,3936,"د.ت39.90","2026-03-23 15:56:35.14",NULL,"y"
4559,2,3937,"د.ت39.90","2026-03-23 15:56:35.14",NULL,"y"
4560,2,3938,"-1","2026-03-23 15:56:35.14",NULL,"y"
4561,2,3939,"-1","2026-03-23 15:56:35.14",NULL,"y"
4562,2,3940,"د.ت12.00","2026-03-23 15:56:35.14",NULL,"y"
4563,2,3941,"د.ت53.00","2026-03-23 15:56:35.14",NULL,"y"
4564,2,3942,"د.ت68.99","2026-03-23 15:56:35.14",NULL,"y"
4565,2,3943,"د.ت68.99","2026-03-23 15:56:35.14",NULL,"y"
4566,2,3944,"-1","2026-03-23 15:56:35.14",NULL,"y"
4567,2,3945,"-1","2026-03-23 15:56:35.14",NULL,"y"
4568,2,3946,"-1","2026-03-23 15:56:35.14",NULL,"y"
4569,2,3947,"د.ت20.00","2026-03-23 15:56:35.14",NULL,"y"
4570,2,3948,"-1","2026-03-23 15:56:35.14",NULL,"y"
4571,2,3949,"-1","2026-03-23 15:56:35.14",NULL,"y"
4572,2,3950,"-1","2026-03-23 15:56:35.14",NULL,"y"
4573,2,3951,"-1","2026-03-23 15:56:35.14",NULL,"y"
4574,2,3953,"-1","2026-03-23 15:56:35.14",NULL,"y"
4575,2,3954,"-1","2026-03-23 15:56:35.14",NULL,"y"
4576,2,3955,"-1","2026-03-23 15:56:35.14",NULL,"y"
4577,2,3956,"-1","2026-03-23 15:56:35.14",NULL,"y"
4578,2,3957,"-1","2026-03-23 15:56:35.14",NULL,"y"
4579,2,3958,"-1","2026-03-23 15:56:35.14",NULL,"y"
4580,2,3959,"-1","2026-03-23 15:56:35.14",NULL,"y"
4581,2,3960,"-1","2026-03-23 15:56:35.14",NULL,"y"
4582,2,3961,"-1","2026-03-23 15:56:35.14",NULL,"y"
4583,2,3962,"-1","2026-03-23 15:56:35.14",NULL,"y"
4584,2,3963,"-1","2026-03-23 15:56:35.14",NULL,"y"
4585,2,3967,"د.ت70.00","2026-03-23 15:56:35.14",NULL,"y"
4586,2,3968,"د.ت70.00","2026-03-23 15:56:35.14",NULL,"y"
4587,2,3969,"-1","2026-03-23 15:56:35.14",NULL,"y"
4588,2,3970,"-1","2026-03-23 15:56:35.14",NULL,"y"
4589,2,3971,"-1","2026-03-23 15:56:35.14",NULL,"y"
4590,2,3972,"-1","2026-03-23 15:56:35.14",NULL,"y"
4591,2,3973,"-1","2026-03-23 15:56:35.14",NULL,"y"
4592,2,3974,"-1","2026-03-23 15:56:35.14",NULL,"y"
4593,2,3976,"د.ت60.00","2026-03-23 15:56:35.14",NULL,"y"
4594,2,3977,"د.ت150.00","2026-03-23 15:56:35.14",NULL,"y"
4595,2,3978,"د.ت150.00","2026-03-23 15:56:35.14",NULL,"y"
4596,2,3979,"د.ت39.90","2026-03-23 15:56:35.14",NULL,"y"
4597,2,3980,"د.ت39.90","2026-03-23 15:56:35.14",NULL,"y"
4598,2,3981,"-1","2026-03-23 15:56:35.14",NULL,"y"
4599,2,3982,"د.ت39.90","2026-03-23 15:56:35.14",NULL,"y"
4600,2,3983,"-1","2026-03-23 15:56:35.14",NULL,"y"
4601,2,3984,"د.ت39.00","2026-03-23 15:56:35.14",NULL,"y"
4602,2,3985,"-1","2026-03-23 15:56:35.14",NULL,"y"
4603,2,3986,"-1","2026-03-23 15:56:35.14",NULL,"y"
4604,2,3987,"-1","2026-03-23 15:56:35.14",NULL,"y"
4605,2,3988,"-1","2026-03-23 15:56:35.14",NULL,"y"
4606,2,3989,"د.ت39.90","2026-03-23 15:56:35.14",NULL,"y"
4607,2,3990,"د.ت39.90","2026-03-23 15:56:35.14",NULL,"y"
4608,2,3991,"د.ت39.90","2026-03-23 15:56:35.14",NULL,"y"
4609,2,3992,"د.ت39.90","2026-03-23 15:56:35.14",NULL,"y"
4610,2,3993,"د.ت110.00","2026-03-23 15:56:35.14",NULL,"y"
4611,2,3994,"د.ت170.00","2026-03-23 15:56:35.14",NULL,"y"
4612,2,3995,"د.ت150.00","2026-03-23 15:56:35.14",NULL,"y"
4613,2,3996,"د.ت110.00","2026-03-23 15:56:35.14",NULL,"y"
4614,2,3997,"د.ت60.00","2026-03-23 15:56:35.14",NULL,"y"
4615,2,3999,"د.ت114.17","2026-03-23 15:56:35.14",NULL,"y"
4616,2,4000,"د.ت114.17","2026-03-23 15:56:35.14",NULL,"y"
4617,2,4001,"-1","2026-03-23 15:56:35.14",NULL,"y"
4618,2,4002,"-1","2026-03-23 15:56:35.14",NULL,"y"
4619,2,4003,"د.ت94.02","2026-03-23 15:56:35.14",NULL,"y"
4620,2,4004,"د.ت73.88","2026-03-23 15:56:35.14",NULL,"y"
4621,2,4005,"-1","2026-03-23 15:56:35.14",NULL,"y"
4622,2,4006,"-1","2026-03-23 15:56:35.14",NULL,"y"
4623,2,4007,"-1","2026-03-23 15:56:35.14",NULL,"y"
4624,2,4008,"-1","2026-03-23 15:56:35.14",NULL,"y"
4625,2,4009,"د.ت450.00","2026-03-23 15:56:35.14",NULL,"y"
4626,2,4010,"د.ت1.00","2026-03-23 15:56:35.14",NULL,"y"
4627,2,4011,"د.ت160.00","2026-03-23 15:56:35.14",NULL,"y"
4628,2,4013,"د.ت59.00","2026-03-23 15:56:35.14",NULL,"y"
4629,2,4014,"د.ت120.00","2026-03-23 15:56:35.14",NULL,"y"
4630,2,4015,"-1","2026-03-23 15:56:35.14",NULL,"y"
4631,2,4016,"-1","2026-03-23 15:56:35.14",NULL,"y"
4632,2,4017,"د.ت180.00","2026-03-23 15:56:35.14",NULL,"y"
4633,2,4018,"د.ت120.00","2026-03-23 15:56:35.14",NULL,"y"
4634,2,4019,"-1","2026-03-23 15:56:35.14",NULL,"y"
4635,2,4020,"-1","2026-03-23 15:56:35.14",NULL,"y"
4636,2,4021,"-1","2026-03-23 15:56:35.14",NULL,"y"
4637,2,4022,"-1","2026-03-23 15:56:35.14",NULL,"y"
4638,2,4023,"-1","2026-03-23 15:56:35.14",NULL,"y"
4639,2,4024,"-1","2026-03-23 15:56:35.14",NULL,"y"
4640,2,4025,"-1","2026-03-23 15:56:35.14",NULL,"y"
4641,2,4026,"د.ت100.00","2026-03-23 15:56:35.14",NULL,"y"
4642,2,4027,"-1","2026-03-23 15:56:35.14",NULL,"y"
4643,2,4028,"-1","2026-03-23 15:56:35.14",NULL,"y"
4644,2,4029,"-1","2026-03-23 15:56:35.14",NULL,"y"
4645,2,4030,"-1","2026-03-23 15:56:35.14",NULL,"y"
4646,2,4031,"-1","2026-03-23 15:56:35.14",NULL,"y"
4647,2,4032,"-1","2026-03-23 15:56:35.14",NULL,"y"
4648,2,4033,"-1","2026-03-23 15:56:35.14",NULL,"y"
4649,2,4034,"-1","2026-03-23 15:56:35.14",NULL,"y"
4650,2,4035,"-1","2026-03-23 15:56:35.14",NULL,"y"
4651,2,4036,"-1","2026-03-23 15:56:35.14",NULL,"y"
4652,2,4037,"-1","2026-03-23 15:56:35.14",NULL,"y"
4653,2,4038,"-1","2026-03-23 15:56:35.14",NULL,"y"
4654,2,4039,"-1","2026-03-23 15:56:35.14",NULL,"y"
4655,2,4040,"-1","2026-03-23 15:56:35.14",NULL,"y"
4656,2,4041,"-1","2026-03-23 15:56:35.14",NULL,"y"
4657,2,4042,"-1","2026-03-23 15:56:35.14",NULL,"y"
4658,2,4043,"د.ت345.87","2026-03-23 15:56:35.14",NULL,"y"
4659,2,4047,"د.ت140.00","2026-03-23 15:56:35.14",NULL,"y"
4660,2,4048,"-1","2026-03-23 15:56:35.14",NULL,"y"
4661,2,4049,"-1","2026-03-23 15:56:35.14",NULL,"y"
4662,2,4050,"-1","2026-03-23 15:56:35.14",NULL,"y"
4663,2,4051,"-1","2026-03-23 15:56:35.14",NULL,"y"
4664,2,4052,"-1","2026-03-23 15:56:35.14",NULL,"y"
4665,2,4053,"د.ت130.00","2026-03-23 15:56:35.14",NULL,"y"
4666,2,4054,"-1","2026-03-23 15:56:35.14",NULL,"y"
4667,2,4056,"-1","2026-03-23 15:56:35.14",NULL,"y"
4668,2,4059,"-1","2026-03-23 15:56:35.14",NULL,"y"
4669,2,4060,"د.ت80.59","2026-03-23 15:56:35.14",NULL,"y"
4670,2,4061,"-1","2026-03-23 15:56:35.14",NULL,"y"
4671,2,4062,"د.ت70.52","2026-03-23 15:56:35.14",NULL,"y"
4672,2,4064,"-1","2026-03-23 15:56:35.14",NULL,"y"
4673,2,4065,"-1","2026-03-23 15:56:35.14",NULL,"y"
4674,2,4066,"-1","2026-03-23 15:56:35.14",NULL,"y"
4675,2,4067,"-1","2026-03-23 15:56:35.14",NULL,"y"
4676,2,4068,"-1","2026-03-23 15:56:35.14",NULL,"y"
4677,2,4069,"-1","2026-03-23 15:56:35.14",NULL,"y"
4678,2,4070,"-1","2026-03-23 15:56:35.14",NULL,"y"
4679,2,4071,"-1","2026-03-23 15:56:35.14",NULL,"y"
4680,2,4072,"-1","2026-03-23 15:56:35.14",NULL,"y"
4681,2,4074,"د.ت24.99","2026-03-23 15:56:35.14",NULL,"y"
4682,2,4075,"-1","2026-03-23 15:56:35.14",NULL,"y"
4683,2,4076,"-1","2026-03-23 15:56:35.14",NULL,"y"
4684,2,4077,"د.ت15.00","2026-03-23 15:56:35.14",NULL,"y"
4685,2,4078,"-1","2026-03-23 15:56:35.14",NULL,"y"
4686,2,4079,"-1","2026-03-23 15:56:35.14",NULL,"y"
4687,2,4080,"-1","2026-03-23 15:56:35.14",NULL,"y"
4688,2,4081,"-1","2026-03-23 15:56:35.14",NULL,"y"
4689,2,4082,"-1","2026-03-23 15:56:35.14",NULL,"y"
4690,2,4083,"-1","2026-03-23 15:56:35.14",NULL,"y"
4691,2,4084,"-1","2026-03-23 15:56:35.14",NULL,"y"
4692,2,4085,"د.ت35.00","2026-03-23 15:56:35.14",NULL,"y"
4693,2,4087,"-1","2026-03-23 15:56:35.14",NULL,"y"
4694,2,4088,"-1","2026-03-23 15:56:35.14",NULL,"y"
4695,2,4089,"-1","2026-03-23 15:56:35.14",NULL,"y"
4696,2,4090,"د.ت75.00","2026-03-23 15:56:35.14",NULL,"y"
4697,2,4091,"د.ت99.00","2026-03-23 15:56:35.14",NULL,"y"
4698,2,4092,"د.ت99.00","2026-03-23 15:56:35.14",NULL,"y"
4699,2,4094,"د.ت75.00","2026-03-23 15:56:35.14",NULL,"y"
4700,2,4096,"-1","2026-03-23 15:56:35.14",NULL,"y"
4701,2,4097,"د.ت55.00","2026-03-23 15:56:35.14",NULL,"y"
4702,2,4098,"د.ت145.00","2026-03-23 15:56:35.14",NULL,"y"
4703,2,4099,"-1","2026-03-23 15:56:35.14",NULL,"y"
4704,2,4100,"-1","2026-03-23 15:56:35.14",NULL,"y"
4705,2,4101,"-1","2026-03-23 15:56:35.14",NULL,"y"
4706,2,4102,"-1","2026-03-23 15:56:35.14",NULL,"y"
4707,2,4103,"-1","2026-03-23 15:56:35.14",NULL,"y"
4708,2,4104,"-1","2026-03-23 15:56:35.14",NULL,"y"
4709,2,4105,"-1","2026-03-23 15:56:35.14",NULL,"y"
4710,2,4106,"-1","2026-03-23 15:56:35.14",NULL,"y"
4711,2,4107,"د.ت1,450.00","2026-03-23 15:56:35.14",NULL,"y"
4712,2,4109,"د.ت38.00","2026-03-23 15:56:35.14",NULL,"y"
4713,2,4111,"د.ت25.00","2026-03-23 15:56:35.14",NULL,"y"
4714,2,4112,"-1","2026-03-23 15:56:35.14",NULL,"y"
4715,2,4113,"-1","2026-03-23 15:56:35.14",NULL,"y"
4716,2,4114,"-1","2026-03-23 15:56:35.14",NULL,"y"
4717,2,4115,"-1","2026-03-23 15:56:35.14",NULL,"y"
4718,2,4116,"-1","2026-03-23 15:56:35.14",NULL,"y"
4719,2,4117,"-1","2026-03-23 15:56:35.14",NULL,"y"
4720,2,4118,"-1","2026-03-23 15:56:35.14",NULL,"y"
4721,2,4119,"د.ت39.99","2026-03-23 15:56:35.14",NULL,"y"
4722,2,4120,"-1","2026-03-23 15:56:35.14",NULL,"y"
4723,2,4122,"-1","2026-03-23 15:56:35.14",NULL,"y"
4724,2,4123,"د.ت3,400.00","2026-03-23 15:56:35.14",NULL,"y"
4725,2,4124,"د.ت10.00","2026-03-23 15:56:35.14",NULL,"y"
4726,2,4126,"-1","2026-03-23 15:56:35.14",NULL,"y"
4727,2,4127,"-1","2026-03-23 15:56:35.14",NULL,"y"
4728,2,4129,"د.ت150.00","2026-03-23 15:56:35.14",NULL,"y"
4729,2,4130,"-1","2026-03-23 15:56:35.14",NULL,"y"
4730,2,4131,"-1","2026-03-23 15:56:35.14",NULL,"y"
4731,2,4132,"د.ت79.00","2026-03-23 15:56:35.14",NULL,"y"
4732,2,4133,"د.ت65.00","2026-03-23 15:56:35.14",NULL,"y"
4733,2,4134,"د.ت57.00","2026-03-23 15:56:35.14",NULL,"y"
4734,2,4135,"-1","2026-03-23 15:56:35.14",NULL,"y"
4735,2,4136,"د.ت25.00","2026-03-23 15:56:35.14",NULL,"y"
4736,2,4137,"-1","2026-03-23 15:56:35.14",NULL,"y"
4737,2,4139,"د.ت67.00","2026-03-23 15:56:35.14",NULL,"y"
4738,2,4140,"-1","2026-03-23 15:56:35.14",NULL,"y"
4739,2,4141,"-1","2026-03-23 15:56:35.14",NULL,"y"
4740,2,4142,"-1","2026-03-23 15:56:35.14",NULL,"y"
4741,2,4143,"د.ت300.00","2026-03-23 15:56:35.14",NULL,"y"
4742,2,4144,"د.ت20.00","2026-03-23 15:56:35.14",NULL,"y"
4743,2,4145,"د.ت97.25","2026-03-23 15:56:35.14",NULL,"y"
4744,2,4146,"-1","2026-03-23 15:56:35.14",NULL,"y"
4745,2,4147,"د.ت10.00","2026-03-23 15:56:35.14",NULL,"y"
4746,2,4148,"-1","2026-03-23 15:56:35.14",NULL,"y"
4747,2,4149,"-1","2026-03-23 15:56:35.14",NULL,"y"
4748,2,4150,"د.ت13.00","2026-03-23 15:56:35.14",NULL,"y"
4749,2,4151,"-1","2026-03-23 15:56:35.14",NULL,"y"
4750,2,4152,"-1","2026-03-23 15:56:35.14",NULL,"y"
4751,2,4154,"-1","2026-03-23 15:56:35.14",NULL,"y"
4752,2,4155,"-1","2026-03-23 15:56:35.14",NULL,"y"
4753,2,4156,"-1","2026-03-23 15:56:35.14",NULL,"y"
4754,2,4157,"-1","2026-03-23 15:56:35.14",NULL,"y"
4755,2,4158,"-1","2026-03-23 15:56:35.14",NULL,"y"
4756,2,4159,"-1","2026-03-23 15:56:35.14",NULL,"y"
4757,2,4160,"د.ت39.99","2026-03-23 15:56:35.14",NULL,"y"
4758,2,4161,"-1","2026-03-23 15:56:35.14",NULL,"y"
4759,2,4162,"-1","2026-03-23 15:56:35.14",NULL,"y"
4760,2,4163,"-1","2026-03-23 15:56:35.14",NULL,"y"
4761,2,4164,"-1","2026-03-23 15:56:35.14",NULL,"y"
4762,2,4165,"د.ت130.00","2026-03-23 15:56:35.14",NULL,"y"
4763,2,4166,"د.ت280.00","2026-03-23 15:56:35.14",NULL,"y"
4764,2,4167,"د.ت90.00","2026-03-23 15:56:35.14",NULL,"y"
4765,2,4168,"د.ت160.00","2026-03-23 15:56:35.14",NULL,"y"
4766,2,4169,"د.ت160.00","2026-03-23 15:56:35.146",NULL,"y"
4767,2,4170,"د.ت1,900.00","2026-03-23 15:56:35.146",NULL,"y"
4768,2,4171,"-1","2026-03-23 15:56:35.146",NULL,"y"
4769,2,4172,"-1","2026-03-23 15:56:35.146",NULL,"y"
4770,2,4173,"-1","2026-03-23 15:56:35.146",NULL,"y"
4771,2,4174,"-1","2026-03-23 15:56:35.146",NULL,"y"
4772,2,4175,"-1","2026-03-23 15:56:35.146",NULL,"y"
4773,2,4176,"-1","2026-03-23 15:56:35.146",NULL,"y"
4774,2,4177,"-1","2026-03-23 15:56:35.146",NULL,"y"
4775,2,4178,"-1","2026-03-23 15:56:35.146",NULL,"y"
4776,2,4179,"-1","2026-03-23 15:56:35.146",NULL,"y"
4777,2,4180,"-1","2026-03-23 15:56:35.146",NULL,"y"
4778,2,4181,"-1","2026-03-23 15:56:35.146",NULL,"y"
4779,2,4182,"-1","2026-03-23 15:56:35.146",NULL,"y"
4780,2,4183,"-1","2026-03-23 15:56:35.146",NULL,"y"
4781,2,4185,"د.ت54.90","2026-03-23 15:56:35.146",NULL,"y"
4782,2,4186,"د.ت140.00","2026-03-23 15:56:35.146",NULL,"y"
4783,2,4187,"-1","2026-03-23 15:56:35.146",NULL,"y"
4784,2,4188,"-1","2026-03-23 15:56:35.146",NULL,"y"
4785,2,4189,"-1","2026-03-23 15:56:35.146",NULL,"y"
4786,2,4190,"د.ت16.79","2026-03-23 15:56:35.146",NULL,"y"
4787,2,4191,"-1","2026-03-23 15:56:35.146",NULL,"y"
4788,2,4192,"-1","2026-03-23 15:56:35.146",NULL,"y"
4789,2,4193,"-1","2026-03-23 15:56:35.146",NULL,"y"
4790,2,4194,"-1","2026-03-23 15:56:35.146",NULL,"y"
4791,2,4195,"-1","2026-03-23 15:56:35.146",NULL,"y"
4792,2,4197,"د.ت157.83","2026-03-23 15:56:35.146",NULL,"y"
4793,2,4198,"د.ت1,200.00","2026-03-23 15:56:35.146",NULL,"y"
4794,2,4199,"د.ت1,200.00","2026-03-23 15:56:35.146",NULL,"y"
4795,2,4200,"-1","2026-03-23 15:56:35.146",NULL,"y"
4796,2,4201,"-1","2026-03-23 15:56:35.146",NULL,"y"
4797,2,4202,"د.ت80.00","2026-03-23 15:56:35.146",NULL,"y"
4798,2,4203,"-1","2026-03-23 15:56:35.146",NULL,"y"
4799,2,4204,"-1","2026-03-23 15:56:35.146",NULL,"y"
4800,2,4205,"د.ت73.88","2026-03-23 15:56:35.146",NULL,"y"
4801,2,4206,"-1","2026-03-23 15:56:35.146",NULL,"y"
4802,2,4207,"د.ت50.37","2026-03-23 15:56:35.146",NULL,"y"
4803,2,4208,"د.ت120.00","2026-03-23 15:56:35.146",NULL,"y"
4804,2,4209,"-1","2026-03-23 15:56:35.146",NULL,"y"
4805,2,4210,"-1","2026-03-23 15:56:35.146",NULL,"y"
4806,2,4211,"-1","2026-03-23 15:56:35.146",NULL,"y"
4807,2,4212,"-1","2026-03-23 15:56:35.146",NULL,"y"
4808,2,4213,"-1","2026-03-23 15:56:35.146",NULL,"y"
4809,2,4214,"-1","2026-03-23 15:56:35.146",NULL,"y"
4810,2,4216,"-1","2026-03-23 15:56:35.146",NULL,"y"
4811,2,4218,"د.ت782.41","2026-03-23 15:56:35.146",NULL,"y"
4812,2,4219,"د.ت782.41","2026-03-23 15:56:35.146",NULL,"y"
4813,2,4220,"-1","2026-03-23 15:56:35.146",NULL,"y"
4814,2,4221,"د.ت1,037.62","2026-03-23 15:56:35.146",NULL,"y"
4815,2,4222,"د.ت850.00","2026-03-23 15:56:35.146",NULL,"y"
4816,2,4223,"د.ت550.00","2026-03-23 15:56:35.146",NULL,"y"
4817,2,4224,"-1","2026-03-23 15:56:35.146",NULL,"y"
4818,2,4225,"-1","2026-03-23 15:56:35.146",NULL,"y"
4819,2,4226,"د.ت654.81","2026-03-23 15:56:35.146",NULL,"y"
4820,2,4227,"د.ت2,000.00","2026-03-23 15:56:35.146",NULL,"y"
4821,2,4229,"-1","2026-03-23 15:56:35.146",NULL,"y"
4822,2,4230,"د.ت25.00","2026-03-23 15:56:35.146",NULL,"y"
4823,2,4231,"-1","2026-03-23 15:56:35.146",NULL,"y"
4824,2,4232,"-1","2026-03-23 15:56:35.146",NULL,"y"
4825,2,4233,"-1","2026-03-23 15:56:35.146",NULL,"y"
4826,2,4234,"-1","2026-03-23 15:56:35.146",NULL,"y"
4827,2,4235,"-1","2026-03-23 15:56:35.146",NULL,"y"
4828,2,4236,"-1","2026-03-23 15:56:35.146",NULL,"y"
4829,2,4237,"-1","2026-03-23 15:56:35.146",NULL,"y"
4830,2,4238,"-1","2026-03-23 15:56:35.146",NULL,"y"
4831,2,4239,"-1","2026-03-23 15:56:35.146",NULL,"y"
4832,2,4240,"-1","2026-03-23 15:56:35.146",NULL,"y"
4833,2,4241,"د.ت47.01","2026-03-23 15:56:35.146",NULL,"y"
4834,2,4242,"د.ت16.79","2026-03-23 15:56:35.146",NULL,"y"
4835,2,4243,"-1","2026-03-23 15:56:35.146",NULL,"y"
4836,2,4244,"د.ت141.04","2026-03-23 15:56:35.146",NULL,"y"
4837,2,4245,"د.ت127.60","2026-03-23 15:56:35.146",NULL,"y"
4838,2,4246,"د.ت30.00","2026-03-23 15:56:35.146",NULL,"y"
4839,2,4247,"-1","2026-03-23 15:56:35.146",NULL,"y"
4840,2,4248,"د.ت80.59","2026-03-23 15:56:35.146",NULL,"y"
4841,2,4249,"-1","2026-03-23 15:56:35.146",NULL,"y"
4842,2,4250,"د.ت141.04","2026-03-23 15:56:35.146",NULL,"y"
4843,2,4251,"-1","2026-03-23 15:56:35.146",NULL,"y"
4844,2,4252,"-1","2026-03-23 15:56:35.146",NULL,"y"
4845,2,4253,"-1","2026-03-23 15:56:35.146",NULL,"y"
4846,2,4254,"د.ت65.00","2026-03-23 15:56:35.146",NULL,"y"
4847,2,4255,"-1","2026-03-23 15:56:35.146",NULL,"y"
4848,2,4256,"-1","2026-03-23 15:56:35.146",NULL,"y"
4849,2,4257,"-1","2026-03-23 15:56:35.146",NULL,"y"
4850,2,4258,"-1","2026-03-23 15:56:35.146",NULL,"y"
4851,2,4259,"د.ت43.65","2026-03-23 15:56:35.146",NULL,"y"
4852,2,4260,"-1","2026-03-23 15:56:35.146",NULL,"y"
4853,2,4261,"-1","2026-03-23 15:56:35.146",NULL,"y"
4854,2,4262,"-1","2026-03-23 15:56:35.146",NULL,"y"
4855,2,4263,"-1","2026-03-23 15:56:35.146",NULL,"y"
4856,2,4264,"-1","2026-03-23 15:56:35.146",NULL,"y"
4857,2,4265,"د.ت51.18","2026-03-23 15:56:35.146",NULL,"y"
4858,2,4266,"-1","2026-03-23 15:56:35.146",NULL,"y"
4859,2,4267,"-1","2026-03-23 15:56:35.146",NULL,"y"
4860,2,4268,"-1","2026-03-23 15:56:35.146",NULL,"y"
4861,2,4269,"-1","2026-03-23 15:56:35.146",NULL,"y"
4862,2,4270,"-1","2026-03-23 15:56:35.146",NULL,"y"
4863,2,4271,"-1","2026-03-23 15:56:35.146",NULL,"y"
4864,2,4272,"-1","2026-03-23 15:56:35.146",NULL,"y"
4865,2,4273,"د.ت30.00","2026-03-23 15:56:35.146",NULL,"y"
4866,2,4274,"-1","2026-03-23 15:56:35.146",NULL,"y"
4867,2,4275,"د.ت130.00","2026-03-23 15:56:35.146",NULL,"y"
4868,2,4276,"د.ت110.00","2026-03-23 15:56:35.146",NULL,"y"
4869,2,4277,"-1","2026-03-23 15:56:35.146",NULL,"y"
4870,2,4278,"-1","2026-03-23 15:56:35.146",NULL,"y"
4871,2,4279,"د.ت4.99","2026-03-23 15:56:35.146",NULL,"y"
4872,2,4280,"د.ت110.00","2026-03-23 15:56:35.146",NULL,"y"
4873,2,4281,"-1","2026-03-23 15:56:35.146",NULL,"y"
4874,2,4282,"-1","2026-03-23 15:56:35.146",NULL,"y"
4875,2,4283,"-1","2026-03-23 15:56:35.146",NULL,"y"
4876,2,4284,"-1","2026-03-23 15:56:35.146",NULL,"y"
4877,2,4285,"د.ت120.00","2026-03-23 15:56:35.146",NULL,"y"
4878,2,4286,"د.ت120.00","2026-03-23 15:56:35.146",NULL,"y"
4879,2,4287,"-1","2026-03-23 15:56:35.146",NULL,"y"
4880,2,4288,"-1","2026-03-23 15:56:35.146",NULL,"y"
4881,2,4289,"د.ت55.00","2026-03-23 15:56:35.146",NULL,"y"
4882,2,4290,"د.ت151.11","2026-03-23 15:56:35.146",NULL,"y"
4883,2,4291,"-1","2026-03-23 15:56:35.146",NULL,"y"
4884,2,4292,"د.ت97.38","2026-03-23 15:56:35.146",NULL,"y"
4885,2,4293,"-1","2026-03-23 15:56:35.146",NULL,"y"
4886,2,4294,"-1","2026-03-23 15:56:35.146",NULL,"y"
4887,2,4295,"-1","2026-03-23 15:56:35.146",NULL,"y"
4888,2,4296,"د.ت57.09","2026-03-23 15:56:35.146",NULL,"y"
4889,2,4297,"د.ت302.22","2026-03-23 15:56:35.146",NULL,"y"
4890,2,4298,"د.ت127.97","2026-03-23 15:56:35.146",NULL,"y"
4891,2,4299,"د.ت153.56","2026-03-23 15:56:35.146",NULL,"y"
4892,2,4300,"د.ت204.74","2026-03-23 15:56:35.146",NULL,"y"
4893,2,4301,"د.ت83.95","2026-03-23 15:56:35.146",NULL,"y"
4894,2,4302,"-1","2026-03-23 15:56:35.146",NULL,"y"
4895,2,4303,"د.ت99.99","2026-03-23 15:56:35.146",NULL,"y"
4896,2,4304,"د.ت127.97","2026-03-23 15:56:35.146",NULL,"y"
4897,2,4305,"-1","2026-03-23 15:56:35.146",NULL,"y"
4898,2,4306,"-1","2026-03-23 15:56:35.146",NULL,"y"
4899,2,4307,"-1","2026-03-23 15:56:35.146",NULL,"y"
4900,2,4308,"-1","2026-03-23 15:56:35.146",NULL,"y"
4901,2,4309,"-1","2026-03-23 15:56:35.146",NULL,"y"
4902,2,4311,"د.ت94.99","2026-03-23 15:56:35.146",NULL,"y"
4903,2,4312,"د.ت124.99","2026-03-23 15:56:35.146",NULL,"y"
4904,2,4313,"-1","2026-03-23 15:56:35.146",NULL,"y"
4905,2,4314,"-1","2026-03-23 15:56:35.146",NULL,"y"
4906,2,4315,"د.ت61.99","2026-03-23 15:56:35.146",NULL,"y"
4907,2,4316,"د.ت44.99","2026-03-23 15:56:35.146",NULL,"y"
4908,2,4317,"د.ت49.99","2026-03-23 15:56:35.146",NULL,"y"
4909,2,4318,"د.ت35.00","2026-03-23 15:56:35.146",NULL,"y"
4910,2,4320,"د.ت44.99","2026-03-23 15:56:35.146",NULL,"y"
4911,2,4321,"-1","2026-03-23 15:56:35.146",NULL,"y"
4912,2,4322,"-1","2026-03-23 15:56:35.146",NULL,"y"
4913,2,4323,"-1","2026-03-23 15:56:35.146",NULL,"y"
4914,2,4324,"-1","2026-03-23 15:56:35.146",NULL,"y"
4915,2,4325,"-1","2026-03-23 15:56:35.146",NULL,"y"
4916,2,4326,"-1","2026-03-23 15:56:35.146",NULL,"y"
4917,2,4327,"-1","2026-03-23 15:56:35.146",NULL,"y"
4918,2,4328,"د.ت45.00","2026-03-23 15:56:35.146",NULL,"y"
4919,2,4329,"-1","2026-03-23 15:56:35.146",NULL,"y"
4920,2,4330,"د.ت279.99","2026-03-23 15:56:35.146",NULL,"y"
4921,2,4331,"-1","2026-03-23 15:56:35.146",NULL,"y"
4922,2,4332,"د.ت143.32","2026-03-23 15:56:35.146",NULL,"y"
4923,2,4333,"د.ت255.95","2026-03-23 15:56:35.146",NULL,"y"
4924,2,4334,"د.ت200.99","2026-03-23 15:56:35.146",NULL,"y"
4925,2,4335,"د.ت54.99","2026-03-23 15:56:35.146",NULL,"y"
4926,2,4336,"د.ت99.00","2026-03-23 15:56:35.146",NULL,"y"
4927,2,4337,"د.ت140.00","2026-03-23 15:56:35.146",NULL,"y"
4928,2,4338,"د.ت140.00","2026-03-23 15:56:35.146",NULL,"y"
4929,2,4339,"د.ت140.00","2026-03-23 15:56:35.146",NULL,"y"
4930,2,4341,"د.ت44.99","2026-03-23 15:56:35.146",NULL,"y"
4931,2,4342,"-1","2026-03-23 15:56:35.146",NULL,"y"
4932,2,4343,"د.ت33.00","2026-03-23 15:56:35.146",NULL,"y"
4933,2,4344,"د.ت45.00","2026-03-23 15:56:35.146",NULL,"y"
4934,2,4345,"د.ت33.00","2026-03-23 15:56:35.146",NULL,"y"
4935,2,4346,"د.ت46.00","2026-03-23 15:56:35.146",NULL,"y"
4936,2,4348,"د.ت12.00","2026-03-23 15:56:35.146",NULL,"y"
4937,2,4349,"-1","2026-03-23 15:56:35.146",NULL,"y"
4938,2,4351,"د.ت210.00","2026-03-23 15:56:35.146",NULL,"y"
4939,2,4352,"د.ت175.00","2026-03-23 15:56:35.146",NULL,"y"
4940,2,4353,"د.ت320.00","2026-03-23 15:56:35.146",NULL,"y"
4941,2,4354,"د.ت97.25","2026-03-23 15:56:35.146",NULL,"y"
4942,2,4355,"د.ت54.99","2026-03-23 15:56:35.146",NULL,"y"
4943,2,4356,"د.ت51.18","2026-03-23 15:56:35.146",NULL,"y"
4944,2,4357,"-1","2026-03-23 15:56:35.146",NULL,"y"
4945,2,4358,"-1","2026-03-23 15:56:35.146",NULL,"y"
4946,2,4359,"-1","2026-03-23 15:56:35.146",NULL,"y"
4947,2,4360,"-1","2026-03-23 15:56:35.146",NULL,"y"
4948,2,4361,"د.ت165.00","2026-03-23 15:56:35.146",NULL,"y"
4949,2,4362,"-1","2026-03-23 15:56:35.146",NULL,"y"
4950,2,4363,"-1","2026-03-23 15:56:35.146",NULL,"y"
4951,2,4364,"-1","2026-03-23 15:56:35.146",NULL,"y"
4952,2,4365,"-1","2026-03-23 15:56:35.146",NULL,"y"
4953,2,4366,"-1","2026-03-23 15:56:35.146",NULL,"y"
4954,2,4367,"-1","2026-03-23 15:56:35.146",NULL,"y"
4955,2,4368,"-1","2026-03-23 15:56:35.146",NULL,"y"
4956,2,4369,"-1","2026-03-23 15:56:35.146",NULL,"y"
4957,2,4370,"-1","2026-03-23 15:56:35.146",NULL,"y"
4958,2,4371,"-1","2026-03-23 15:56:35.146",NULL,"y"
4959,2,4372,"-1","2026-03-23 15:56:35.146",NULL,"y"
4960,2,4373,"د.ت49.90","2026-03-23 15:56:35.146",NULL,"y"
4961,2,4374,"د.ت140.00","2026-03-23 15:56:35.146",NULL,"y"
4962,2,4375,"د.ت140.00","2026-03-23 15:56:35.146",NULL,"y"
4963,2,4376,"-1","2026-03-23 15:56:35.146",NULL,"y"
4964,2,4377,"د.ت503.70","2026-03-23 15:56:35.146",NULL,"y"
4965,2,4378,"-1","2026-03-23 15:56:35.146",NULL,"y"
4966,2,4379,"-1","2026-03-23 15:56:35.146",NULL,"y"
4967,2,4380,"د.ت165.00","2026-03-23 15:56:35.146",NULL,"y"
4968,2,4381,"د.ت105.00","2026-03-23 15:56:35.146",NULL,"y"
4969,2,4382,"-1","2026-03-23 15:56:35.146",NULL,"y"
4970,2,4383,"د.ت35.00","2026-03-23 15:56:35.146",NULL,"y"
4971,2,4384,"د.ت41.98","2026-03-23 15:56:35.146",NULL,"y"
4972,2,4385,"د.ت83.95","2026-03-23 15:56:35.146",NULL,"y"
4973,2,4386,"د.ت117.53","2026-03-23 15:56:35.146",NULL,"y"
4974,2,4387,"د.ت117.53","2026-03-23 15:56:35.146",NULL,"y"
4975,2,4388,"د.ت117.53","2026-03-23 15:56:35.146",NULL,"y"
4976,2,4389,"د.ت50.00","2026-03-23 15:56:35.146",NULL,"y"
4977,2,4390,"د.ت55.00","2026-03-23 15:56:35.146",NULL,"y"
4978,2,4391,"-1","2026-03-23 15:56:35.146",NULL,"y"
4979,2,4392,"د.ت59.00","2026-03-23 15:56:35.146",NULL,"y"
4980,2,4393,"د.ت19.90","2026-03-23 15:56:35.146",NULL,"y"
4981,2,4394,"د.ت68.00","2026-03-23 15:56:35.146",NULL,"y"
4982,2,4395,"د.ت45.00","2026-03-23 15:56:35.146",NULL,"y"
4983,2,4396,"-1","2026-03-23 15:56:35.146",NULL,"y"
4984,2,4397,"د.ت199.00","2026-03-23 15:56:35.146",NULL,"y"
4985,2,4398,"د.ت110.00","2026-03-23 15:56:35.146",NULL,"y"
4986,2,4399,"د.ت145.00","2026-03-23 15:56:35.146",NULL,"y"
4987,2,4400,"د.ت290.00","2026-03-23 15:56:35.146",NULL,"y"
4988,2,4401,"د.ت85.00","2026-03-23 15:56:35.146",NULL,"y"
4989,2,4402,"د.ت194.99","2026-03-23 15:56:35.146",NULL,"y"
4990,2,4403,"د.ت85.00","2026-03-23 15:56:35.146",NULL,"y"
4991,2,4404,"د.ت85.00","2026-03-23 15:56:35.146",NULL,"y"
4992,2,4405,"د.ت85.00","2026-03-23 15:56:35.146",NULL,"y"
4993,2,4406,"د.ت70.00","2026-03-23 15:56:35.146",NULL,"y"
4994,2,4407,"د.ت80.70","2026-03-23 15:56:35.146",NULL,"y"
4995,2,4408,"-1","2026-03-23 15:56:35.146",NULL,"y"
4996,2,4409,"-1","2026-03-23 15:56:35.146",NULL,"y"
4997,2,4410,"-1","2026-03-23 15:56:35.146",NULL,"y"
4998,2,4411,"-1","2026-03-23 15:56:35.146",NULL,"y"
4999,2,4412,"-1","2026-03-23 15:56:35.146",NULL,"y"
5000,2,4413,"-1","2026-03-23 15:56:35.146",NULL,"y"
5001,2,4414,"-1","2026-03-23 15:56:35.146",NULL,"y"
5002,2,4415,"-1","2026-03-23 15:56:35.146",NULL,"y"
5003,2,4416,"-1","2026-03-23 15:56:35.146",NULL,"y"
5004,2,4417,"-1","2026-03-23 15:56:35.146",NULL,"y"
5005,2,4418,"د.ت170.00","2026-03-23 15:56:35.146",NULL,"y"
5006,2,4419,"-1","2026-03-23 15:56:35.146",NULL,"y"
5007,2,4420,"-1","2026-03-23 15:56:35.146",NULL,"y"
5008,2,4421,"-1","2026-03-23 15:56:35.146",NULL,"y"
5009,2,4422,"-1","2026-03-23 15:56:35.146",NULL,"y"
5010,2,4423,"-1","2026-03-23 15:56:35.146",NULL,"y"
5011,2,4424,"-1","2026-03-23 15:56:35.146",NULL,"y"
5012,2,4425,"-1","2026-03-23 15:56:35.146",NULL,"y"
5013,2,4426,"-1","2026-03-23 15:56:35.146",NULL,"y"
5014,2,4427,"-1","2026-03-23 15:56:35.146",NULL,"y"
5015,2,4428,"د.ت180.00","2026-03-23 15:56:35.146",NULL,"y"
5016,2,4429,"-1","2026-03-23 15:56:35.146",NULL,"y"
5017,2,4430,"-1","2026-03-23 15:56:35.146",NULL,"y"
5018,2,4431,"-1","2026-03-23 15:56:35.146",NULL,"y"
5019,2,4432,"-1","2026-03-23 15:56:35.146",NULL,"y"
5020,2,4433,"-1","2026-03-23 15:56:35.146",NULL,"y"
5021,2,4434,"-1","2026-03-23 15:56:35.146",NULL,"y"
5022,2,4435,"-1","2026-03-23 15:56:35.146",NULL,"y"
5023,2,4437,"-1","2026-03-23 15:56:35.146",NULL,"y"
5024,2,4439,"-1","2026-03-23 15:56:35.146",NULL,"y"
5025,2,4441,"-1","2026-03-23 15:56:35.146",NULL,"y"
5026,2,4442,"د.ت119.90","2026-03-23 15:56:35.146",NULL,"y"
5027,2,4443,"د.ت1,800.00","2026-03-23 15:56:35.146",NULL,"y"
5028,2,4444,"-1","2026-03-23 15:56:35.146",NULL,"y"
5029,2,4446,"-1","2026-03-23 15:56:35.146",NULL,"y"
5030,2,4447,"د.ت272.99","2026-03-23 15:56:35.146",NULL,"y"
5031,2,4448,"د.ت148.99","2026-03-23 15:56:35.146",NULL,"y"
5032,2,4450,"د.ت496.00","2026-03-23 15:56:35.146",NULL,"y"
5033,2,4452,"د.ت164.99","2026-03-23 15:56:35.146",NULL,"y"
5034,2,4453,"-1","2026-03-23 15:56:35.146",NULL,"y"
5035,2,4455,"د.ت54.99","2026-03-23 15:56:35.146",NULL,"y"
5036,2,4456,"د.ت186.99","2026-03-23 15:56:35.146",NULL,"y"
5037,2,4457,"د.ت111.99","2026-03-23 15:56:35.146",NULL,"y"
5038,2,4459,"د.ت279.99","2026-03-23 15:56:35.146",NULL,"y"
5039,2,4460,"د.ت59.99","2026-03-23 15:56:35.146",NULL,"y"
5040,2,4461,"د.ت249.99","2026-03-23 15:56:35.146",NULL,"y"
5041,2,4462,"د.ت189.99","2026-03-23 15:56:35.146",NULL,"y"
5042,2,4463,"-1","2026-03-23 15:56:35.146",NULL,"y"
5043,2,4464,"د.ت240.00","2026-03-23 15:56:35.146",NULL,"y"
5044,2,4465,"-1","2026-03-23 15:56:35.146",NULL,"y"
5045,2,4466,"-1","2026-03-23 15:56:35.146",NULL,"y"
5046,2,4467,"-1","2026-03-23 15:56:35.146",NULL,"y"
5047,2,4468,"-1","2026-03-23 15:56:35.146",NULL,"y"
5048,2,4469,"-1","2026-03-23 15:56:35.146",NULL,"y"
5049,2,4470,"-1","2026-03-23 15:56:35.146",NULL,"y"
5050,2,4471,"-1","2026-03-23 15:56:35.146",NULL,"y"
5051,2,4472,"-1","2026-03-23 15:56:35.146",NULL,"y"
5052,2,4474,"د.ت34.99","2026-03-23 15:56:35.146",NULL,"y"
5053,2,4475,"د.ت85.99","2026-03-23 15:56:35.146",NULL,"y"
5054,2,4476,"د.ت129.99","2026-03-23 15:56:35.146",NULL,"y"
5055,2,4477,"د.ت89.99","2026-03-23 15:56:35.146",NULL,"y"
5056,2,4478,"د.ت129.99","2026-03-23 15:56:35.146",NULL,"y"
5057,2,4479,"د.ت149.99","2026-03-23 15:56:35.146",NULL,"y"
5058,2,4480,"د.ت149.99","2026-03-23 15:56:35.146",NULL,"y"
5059,2,4481,"د.ت249.99","2026-03-23 15:56:35.146",NULL,"y"
5060,2,4482,"-1","2026-03-23 15:56:35.146",NULL,"y"
5061,2,4483,"د.ت59.00","2026-03-23 15:56:35.146",NULL,"y"
5062,2,4484,"د.ت37.99","2026-03-23 15:56:35.146",NULL,"y"
5063,2,4485,"د.ت67.16","2026-03-23 15:56:35.146",NULL,"y"
5064,2,4486,"د.ت95.00","2026-03-23 15:56:35.146",NULL,"y"
5065,2,4487,"د.ت75.00","2026-03-23 15:56:35.146",NULL,"y"
5066,2,4488,"د.ت125.00","2026-03-23 15:56:35.146",NULL,"y"
5067,2,4489,"د.ت1,100.00","2026-03-23 15:56:35.146",NULL,"y"
5068,2,4490,"د.ت1,100.00","2026-03-23 15:56:35.146",NULL,"y"
5069,2,4491,"د.ت1,100.00","2026-03-23 15:56:35.146",NULL,"y"
5070,2,4492,"د.ت1,100.00","2026-03-23 15:56:35.146",NULL,"y"
5071,2,4493,"د.ت60.00","2026-03-23 15:56:35.146",NULL,"y"
5072,2,4494,"-1","2026-03-23 15:56:35.146",NULL,"y"
5073,2,4495,"-1","2026-03-23 15:56:35.146",NULL,"y"
5074,2,4496,"-1","2026-03-23 15:56:35.146",NULL,"y"
5075,2,4497,"-1","2026-03-23 15:56:35.152",NULL,"y"
5076,2,4498,"-1","2026-03-23 15:56:35.152",NULL,"y"
5077,2,4499,"-1","2026-03-23 15:56:35.152",NULL,"y"
5078,2,4500,"-1","2026-03-23 15:56:35.152",NULL,"y"
5079,2,4501,"-1","2026-03-23 15:56:35.152",NULL,"y"
5080,2,4502,"-1","2026-03-23 15:56:35.152",NULL,"y"
5081,2,4503,"-1","2026-03-23 15:56:35.152",NULL,"y"
5082,2,4504,"-1","2026-03-23 15:56:35.152",NULL,"y"
5083,2,4505,"-1","2026-03-23 15:56:35.152",NULL,"y"
5084,2,4506,"-1","2026-03-23 15:56:35.152",NULL,"y"
5085,2,4508,"-1","2026-03-23 15:56:35.152",NULL,"y"
5086,2,4509,"-1","2026-03-23 15:56:35.152",NULL,"y"
5087,2,4510,"-1","2026-03-23 15:56:35.152",NULL,"y"
5088,2,4511,"-1","2026-03-23 15:56:35.152",NULL,"y"
5089,2,4512,"-1","2026-03-23 15:56:35.152",NULL,"y"
5090,2,4513,"-1","2026-03-23 15:56:35.152",NULL,"y"
5091,2,4516,"-1","2026-03-23 15:56:35.152",NULL,"y"
5092,2,4518,"-1","2026-03-23 15:56:35.152",NULL,"y"
5093,2,4519,"-1","2026-03-23 15:56:35.152",NULL,"y"
5094,2,4520,"د.ت14.99","2026-03-23 15:56:35.152",NULL,"y"
5095,2,4521,"-1","2026-03-23 15:56:35.152",NULL,"y"
5096,2,4522,"د.ت150.00","2026-03-23 15:56:35.152",NULL,"y"
5097,2,4523,"د.ت70.00","2026-03-23 15:56:35.152",NULL,"y"
5098,2,4524,"-1","2026-03-23 15:56:35.152",NULL,"y"
5099,2,4525,"-1","2026-03-23 15:56:35.152",NULL,"y"
5100,2,4526,"-1","2026-03-23 15:56:35.152",NULL,"y"
5101,2,4527,"د.ت109.99","2026-03-23 15:56:35.152",NULL,"y"
5102,2,4529,"د.ت109.99","2026-03-23 15:56:35.152",NULL,"y"
5103,2,4530,"د.ت109.99","2026-03-23 15:56:35.152",NULL,"y"
5104,2,4531,"-1","2026-03-23 15:56:35.152",NULL,"y"
5105,2,4532,"د.ت109.99","2026-03-23 15:56:35.152",NULL,"y"
5106,2,4533,"د.ت109.99","2026-03-23 15:56:35.152",NULL,"y"
5107,2,4534,"-1","2026-03-23 15:56:35.152",NULL,"y"
5108,2,4535,"د.ت185.00","2026-03-23 15:56:35.152",NULL,"y"
5109,2,4536,"د.ت150.00","2026-03-23 15:56:35.152",NULL,"y"
5110,2,4537,"د.ت150.00","2026-03-23 15:56:35.152",NULL,"y"
5111,2,4538,"-1","2026-03-23 15:56:35.152",NULL,"y"
5112,2,4539,"-1","2026-03-23 15:56:35.152",NULL,"y"
5113,2,4540,"-1","2026-03-23 15:56:35.152",NULL,"y"
5114,2,4542,"د.ت109.99","2026-03-23 15:56:35.152",NULL,"y"
5115,2,4543,"د.ت109.99","2026-03-23 15:56:35.152",NULL,"y"
5116,2,4544,"-1","2026-03-23 15:56:35.152",NULL,"y"
5117,2,4545,"-1","2026-03-23 15:56:35.152",NULL,"y"
5118,2,4546,"-1","2026-03-23 15:56:35.152",NULL,"y"
5119,2,4547,"-1","2026-03-23 15:56:35.152",NULL,"y"
5120,2,4548,"-1","2026-03-23 15:56:35.152",NULL,"y"
5121,2,4549,"-1","2026-03-23 15:56:35.152",NULL,"y"
5122,2,4550,"-1","2026-03-23 15:56:35.152",NULL,"y"
5123,2,4551,"-1","2026-03-23 15:56:35.152",NULL,"y"
5124,2,4553,"د.ت250.00","2026-03-23 15:56:35.152",NULL,"y"
5125,2,4555,"-1","2026-03-23 15:56:35.152",NULL,"y"
5126,2,4556,"-1","2026-03-23 15:56:35.152",NULL,"y"
5127,2,4557,"-1","2026-03-23 15:56:35.152",NULL,"y"
5128,2,4558,"د.ت114.99","2026-03-23 15:56:35.152",NULL,"y"
5129,2,4559,"د.ت139.99","2026-03-23 15:56:35.152",NULL,"y"
5130,2,4561,"د.ت179.99","2026-03-23 15:56:35.152",NULL,"y"
5131,2,4562,"د.ت114.99","2026-03-23 15:56:35.152",NULL,"y"
5132,2,4563,"-1","2026-03-23 15:56:35.152",NULL,"y"
5133,2,4564,"د.ت219.99","2026-03-23 15:56:35.152",NULL,"y"
5134,2,4565,"د.ت34.99","2026-03-23 15:56:35.152",NULL,"y"
5135,2,4566,"-1","2026-03-23 15:56:35.152",NULL,"y"
5136,2,4567,"-1","2026-03-23 15:56:35.152",NULL,"y"
5137,2,4568,"-1","2026-03-23 15:56:35.152",NULL,"y"
5138,2,4569,"-1","2026-03-23 15:56:35.152",NULL,"y"
5139,2,4570,"-1","2026-03-23 15:56:35.152",NULL,"y"
5140,2,4571,"-1","2026-03-23 15:56:35.152",NULL,"y"
5141,2,4573,"-1","2026-03-23 15:56:35.152",NULL,"y"
5142,2,4574,"د.ت124.99","2026-03-23 15:56:35.152",NULL,"y"
5143,2,4575,"-1","2026-03-23 15:56:35.152",NULL,"y"
5144,2,4576,"-1","2026-03-23 15:56:35.152",NULL,"y"
5145,2,4577,"-1","2026-03-23 15:56:35.152",NULL,"y"
5146,2,4578,"د.ت140.00","2026-03-23 15:56:35.152",NULL,"y"
5147,2,4579,"د.ت140.00","2026-03-23 15:56:35.152",NULL,"y"
5148,2,4580,"د.ت140.00","2026-03-23 15:56:35.152",NULL,"y"
5149,2,4581,"د.ت140.00","2026-03-23 15:56:35.152",NULL,"y"
5150,2,4582,"د.ت140.00","2026-03-23 15:56:35.152",NULL,"y"
5151,2,4583,"-1","2026-03-23 15:56:35.152",NULL,"y"
5152,2,4584,"د.ت140.00","2026-03-23 15:56:35.152",NULL,"y"
5153,2,4585,"-1","2026-03-23 15:56:35.152",NULL,"y"
5154,2,4586,"د.ت109.99","2026-03-23 15:56:35.152",NULL,"y"
5155,2,4587,"د.ت109.99","2026-03-23 15:56:35.152",NULL,"y"
5156,2,4588,"-1","2026-03-23 15:56:35.152",NULL,"y"
5157,2,4589,"-1","2026-03-23 15:56:35.152",NULL,"y"
5158,2,4590,"-1","2026-03-23 15:56:35.152",NULL,"y"
5159,2,4591,"-1","2026-03-23 15:56:35.152",NULL,"y"
5160,2,4592,"-1","2026-03-23 15:56:35.152",NULL,"y"
5161,2,4593,"-1","2026-03-23 15:56:35.152",NULL,"y"
5162,2,4594,"-1","2026-03-23 15:56:35.152",NULL,"y"
5163,2,4597,"-1","2026-03-23 15:56:35.152",NULL,"y"
5164,2,4598,"-1","2026-03-23 15:56:35.152",NULL,"y"
5165,2,4599,"-1","2026-03-23 15:56:35.152",NULL,"y"
5166,2,4600,"-1","2026-03-23 15:56:35.152",NULL,"y"
5167,2,4601,"-1","2026-03-23 15:56:35.152",NULL,"y"
5168,2,4602,"-1","2026-03-23 15:56:35.152",NULL,"y"
5169,2,4603,"-1","2026-03-23 15:56:35.152",NULL,"y"
5170,2,4604,"-1","2026-03-23 15:56:35.152",NULL,"y"
5171,2,4605,"-1","2026-03-23 15:56:35.152",NULL,"y"
5172,2,4606,"-1","2026-03-23 15:56:35.152",NULL,"y"
5173,2,4607,"-1","2026-03-23 15:56:35.152",NULL,"y"
5174,2,4608,"-1","2026-03-23 15:56:35.152",NULL,"y"
5175,2,4609,"-1","2026-03-23 15:56:35.152",NULL,"y"
5176,2,4610,"-1","2026-03-23 15:56:35.152",NULL,"y"
5177,2,4611,"-1","2026-03-23 15:56:35.152",NULL,"y"
5178,2,4612,"-1","2026-03-23 15:56:35.152",NULL,"y"
5179,2,4613,"-1","2026-03-23 15:56:35.152",NULL,"y"
5180,2,4614,"-1","2026-03-23 15:56:35.152",NULL,"y"
5181,2,4618,"-1","2026-03-23 15:56:35.152",NULL,"y"
5182,2,4619,"-1","2026-03-23 15:56:35.152",NULL,"y"
5183,2,4620,"-1","2026-03-23 15:56:35.152",NULL,"y"
5184,2,4621,"-1","2026-03-23 15:56:35.152",NULL,"y"
5185,2,4622,"-1","2026-03-23 15:56:35.152",NULL,"y"
5186,2,4623,"-1","2026-03-23 15:56:35.152",NULL,"y"
5187,2,4624,"-1","2026-03-23 15:56:35.152",NULL,"y"
5188,2,4626,"-1","2026-03-23 15:56:35.152",NULL,"y"
5189,2,4627,"-1","2026-03-23 15:56:35.152",NULL,"y"
5190,2,4628,"-1","2026-03-23 15:56:35.152",NULL,"y"
5191,2,4629,"-1","2026-03-23 15:56:35.152",NULL,"y"
5192,2,4630,"-1","2026-03-23 15:56:35.152",NULL,"y"
5193,2,4631,"-1","2026-03-23 15:56:35.152",NULL,"y"
5194,2,4632,"-1","2026-03-23 15:56:35.152",NULL,"y"
5195,2,4633,"-1","2026-03-23 15:56:35.152",NULL,"y"
5196,2,4634,"-1","2026-03-23 15:56:35.152",NULL,"y"
5197,2,4635,"-1","2026-03-23 15:56:35.152",NULL,"y"
5198,2,4636,"-1","2026-03-23 15:56:35.152",NULL,"y"
5199,2,4637,"-1","2026-03-23 15:56:35.152",NULL,"y"
5200,2,4638,"-1","2026-03-23 15:56:35.152",NULL,"y"
5201,2,4639,"-1","2026-03-23 15:56:35.152",NULL,"y"
5202,2,4640,"-1","2026-03-23 15:56:35.152",NULL,"y"
5203,2,4641,"-1","2026-03-23 15:56:35.152",NULL,"y"
5204,2,4642,"-1","2026-03-23 15:56:35.152",NULL,"y"
5205,2,4643,"-1","2026-03-23 15:56:35.152",NULL,"y"
5206,2,4644,"-1","2026-03-23 15:56:35.152",NULL,"y"
5207,2,4645,"-1","2026-03-23 15:56:35.152",NULL,"y"
5208,2,4646,"-1","2026-03-23 15:56:35.152",NULL,"y"
5209,2,4647,"-1","2026-03-23 15:56:35.152",NULL,"y"
5210,2,4648,"-1","2026-03-23 15:56:35.152",NULL,"y"
5211,2,4649,"-1","2026-03-23 15:56:35.152",NULL,"y"
5212,2,4650,"-1","2026-03-23 15:56:35.152",NULL,"y"
5213,2,4651,"-1","2026-03-23 15:56:35.152",NULL,"y"
5214,2,4652,"-1","2026-03-23 15:56:35.152",NULL,"y"
5215,2,4653,"-1","2026-03-23 15:56:35.152",NULL,"y"
5216,2,4654,"-1","2026-03-23 15:56:35.152",NULL,"y"
5217,2,4656,"-1","2026-03-23 15:56:35.152",NULL,"y"
5218,2,4659,"د.ت149.90","2026-03-23 15:56:35.152",NULL,"y"
5219,2,4660,"د.ت180.00","2026-03-23 15:56:35.152",NULL,"y"
5220,2,4661,"د.ت724.90","2026-03-23 15:56:35.152",NULL,"y"
5221,2,4662,"د.ت71.40","2026-03-23 15:56:35.152",NULL,"y"
5222,2,4663,"د.ت47.60","2026-03-23 15:56:35.152",NULL,"y"
5223,2,4664,"د.ت71.40","2026-03-23 15:56:35.152",NULL,"y"
5224,2,4665,"د.ت149.90","2026-03-23 15:56:35.152",NULL,"y"
5225,2,4667,"د.ت75.00","2026-03-23 15:56:35.152",NULL,"y"
5226,2,4668,"د.ت84.90","2026-03-23 15:56:35.152",NULL,"y"
5227,2,4669,"د.ت119.90","2026-03-23 15:56:35.152",NULL,"y"
5228,2,4670,"د.ت129.90","2026-03-23 15:56:35.152",NULL,"y"
5229,2,4671,"د.ت67.90","2026-03-23 15:56:35.152",NULL,"y"
5230,2,4672,"د.ت67.90","2026-03-23 15:56:35.152",NULL,"y"
5231,2,4673,"د.ت67.90","2026-03-23 15:56:35.152",NULL,"y"
5232,2,4674,"د.ت999.00","2026-03-23 15:56:35.152",NULL,"y"
5233,2,4675,"د.ت130.00","2026-03-23 15:56:35.152",NULL,"y"
5234,2,4676,"-1","2026-03-23 15:56:35.152",NULL,"y"
5235,2,4678,"د.ت69.90","2026-03-23 15:56:35.152",NULL,"y"
5236,2,4679,"د.ت10.00","2026-03-23 15:56:35.152",NULL,"y"
5237,2,4680,"-1","2026-03-23 15:56:35.152",NULL,"y"
5238,2,4681,"د.ت99.90","2026-03-23 15:56:35.152",NULL,"y"
5239,2,4682,"د.ت49.90","2026-03-23 15:56:35.152",NULL,"y"
5240,2,4683,"د.ت59.90","2026-03-23 15:56:35.155",NULL,"y"
5241,2,4684,"د.ت59.90","2026-03-23 15:56:35.155",NULL,"y"
5242,2,4685,"-1","2026-03-23 15:56:35.155",NULL,"y"
5243,2,4686,"-1","2026-03-23 15:56:35.155",NULL,"y"
5244,2,4687,"-1","2026-03-23 15:56:35.155",NULL,"y"
5245,2,4688,"-1","2026-03-23 15:56:35.155",NULL,"y"
5246,2,4689,"-1","2026-03-23 15:56:35.155",NULL,"y"
5247,2,4690,"د.ت34.90","2026-03-23 15:56:35.155",NULL,"y"
5248,2,4691,"-1","2026-03-23 15:56:35.155",NULL,"y"
5249,2,4692,"-1","2026-03-23 15:56:35.155",NULL,"y"
5250,2,4693,"-1","2026-03-23 15:56:35.155",NULL,"y"
5251,2,4694,"-1","2026-03-23 15:56:35.155",NULL,"y"
5252,2,4695,"-1","2026-03-23 15:56:35.155",NULL,"y"
5253,2,4696,"-1","2026-03-23 15:56:35.155",NULL,"y"
5254,2,4697,"-1","2026-03-23 15:56:35.155",NULL,"y"
5255,2,4698,"-1","2026-03-23 15:56:35.155",NULL,"y"
5256,2,4699,"-1","2026-03-23 15:56:35.155",NULL,"y"
5257,2,4700,"د.ت6.50","2026-03-23 15:56:35.155",NULL,"y"
5258,2,4701,"د.ت34.00","2026-03-23 15:56:35.155",NULL,"y"
5259,2,4702,"-1","2026-03-23 15:56:35.155",NULL,"y"
5260,2,4703,"-1","2026-03-23 15:56:35.155",NULL,"y"
5261,2,4704,"-1","2026-03-23 15:56:35.155",NULL,"y"
5262,2,4705,"-1","2026-03-23 15:56:35.155",NULL,"y"
5263,2,4706,"-1","2026-03-23 15:56:35.155",NULL,"y"
5264,2,4707,"-1","2026-03-23 15:56:35.155",NULL,"y"
5265,2,4708,"-1","2026-03-23 15:56:35.155",NULL,"y"
5266,2,4709,"-1","2026-03-23 15:56:35.155",NULL,"y"
5267,2,4710,"-1","2026-03-23 15:56:35.155",NULL,"y"
5268,2,4711,"-1","2026-03-23 15:56:35.155",NULL,"y"
5269,2,4712,"-1","2026-03-23 15:56:35.155",NULL,"y"
5270,2,4713,"-1","2026-03-23 15:56:35.155",NULL,"y"
5271,2,4714,"د.ت9.00","2026-03-23 15:56:35.155",NULL,"y"
5272,2,4715,"د.ت9.00","2026-03-23 15:56:35.155",NULL,"y"
5273,2,4716,"د.ت9.00","2026-03-23 15:56:35.155",NULL,"y"
5274,2,4717,"د.ت6.00","2026-03-23 15:56:35.155",NULL,"y"
5275,2,4718,"د.ت6.00","2026-03-23 15:56:35.155",NULL,"y"
5276,2,4719,"-1","2026-03-23 15:56:35.155",NULL,"y"
5277,2,4720,"-1","2026-03-23 15:56:35.155",NULL,"y"
5278,2,4721,"-1","2026-03-23 15:56:35.155",NULL,"y"
5279,2,4722,"-1","2026-03-23 15:56:35.155",NULL,"y"
5280,2,4723,"-1","2026-03-23 15:56:35.155",NULL,"y"
5281,2,4724,"-1","2026-03-23 15:56:35.155",NULL,"y"
5282,2,4726,"-1","2026-03-23 15:56:35.155",NULL,"y"
5283,2,4727,"-1","2026-03-23 15:56:35.155",NULL,"y"
5284,2,4729,"-1","2026-03-23 15:56:35.155",NULL,"y"
5285,2,4730,"-1","2026-03-23 15:56:35.155",NULL,"y"
5286,2,4731,"-1","2026-03-23 15:56:35.155",NULL,"y"
5287,2,4733,"-1","2026-03-23 15:56:35.155",NULL,"y"
5288,2,4734,"-1","2026-03-23 15:56:35.155",NULL,"y"
5289,2,4735,"د.ت130.00","2026-03-23 15:56:35.155",NULL,"y"
5290,2,4736,"د.ت1,250.00","2026-03-23 15:56:35.155",NULL,"y"
5291,2,4737,"د.ت100.00","2026-03-23 15:56:35.155",NULL,"y"
5292,2,4738,"د.ت120.00","2026-03-23 15:56:35.155",NULL,"y"
5293,2,4739,"د.ت40.00","2026-03-23 15:56:35.155",NULL,"y"
5294,2,4740,"د.ت32.00","2026-03-23 15:56:35.155",NULL,"y"
5295,2,4741,"-1","2026-03-23 15:56:35.155",NULL,"y"
5296,2,4742,"-1","2026-03-23 15:56:35.155",NULL,"y"
5297,2,4743,"-1","2026-03-23 15:56:35.155",NULL,"y"
5298,2,4744,"-1","2026-03-23 15:56:35.155",NULL,"y"
5299,2,4745,"-1","2026-03-23 15:56:35.155",NULL,"y"
5300,2,4746,"-1","2026-03-23 15:56:35.155",NULL,"y"
5301,2,4747,"-1","2026-03-23 15:56:35.155",NULL,"y"
5302,2,4749,"-1","2026-03-23 15:56:35.155",NULL,"y"
5303,2,4750,"-1","2026-03-23 15:56:35.155",NULL,"y"
5304,2,4751,"-1","2026-03-23 15:56:35.155",NULL,"y"
5305,2,4752,"-1","2026-03-23 15:56:35.155",NULL,"y"
5306,2,4753,"-1","2026-03-23 15:56:35.155",NULL,"y"
5307,2,4754,"-1","2026-03-23 15:56:35.155",NULL,"y"
5308,2,4755,"-1","2026-03-23 15:56:35.155",NULL,"y"
5309,2,4756,"-1","2026-03-23 15:56:35.155",NULL,"y"
5310,2,4757,"-1","2026-03-23 15:56:35.155",NULL,"y"
5311,2,4758,"-1","2026-03-23 15:56:35.155",NULL,"y"
5312,2,4759,"-1","2026-03-23 15:56:35.155",NULL,"y"
5313,2,4760,"-1","2026-03-23 15:56:35.155",NULL,"y"
5314,2,4761,"د.ت110.81","2026-03-23 15:56:35.155",NULL,"y"
5315,2,4762,"-1","2026-03-23 15:56:35.155",NULL,"y"
5316,2,4763,"د.ت6.00","2026-03-23 15:56:35.155",NULL,"y"
5317,2,4764,"-1","2026-03-23 15:56:35.155",NULL,"y"
5318,2,4765,"-1","2026-03-23 15:56:35.155",NULL,"y"
5319,2,4766,"-1","2026-03-23 15:56:35.155",NULL,"y"
5320,2,4767,"-1","2026-03-23 15:56:35.155",NULL,"y"
5321,2,4768,"د.ت30.00","2026-03-23 15:56:35.155",NULL,"y"
5322,2,4769,"د.ت52.00","2026-03-23 15:56:35.155",NULL,"y"
5323,2,4770,"د.ت30.00","2026-03-23 15:56:35.155",NULL,"y"
5324,2,4771,"د.ت52.00","2026-03-23 15:56:35.155",NULL,"y"
5325,2,4772,"-1","2026-03-23 15:56:35.155",NULL,"y"
5326,2,4774,"-1","2026-03-23 15:56:35.155",NULL,"y"
5327,2,4775,"د.ت60.00","2026-03-23 15:56:35.155",NULL,"y"
5328,2,4776,"-1","2026-03-23 15:56:35.155",NULL,"y"
5329,2,4777,"-1","2026-03-23 15:56:35.155",NULL,"y"
5330,2,4778,"-1","2026-03-23 15:56:35.155",NULL,"y"
5331,2,4779,"-1","2026-03-23 15:56:35.155",NULL,"y"
5332,2,4780,"-1","2026-03-23 15:56:35.155",NULL,"y"
5333,2,4782,"د.ت17.90","2026-03-23 15:56:35.155",NULL,"y"
5334,2,4783,"د.ت23.51","2026-03-23 15:56:35.155",NULL,"y"
5335,2,4784,"د.ت23.00","2026-03-23 15:56:35.155",NULL,"y"
5336,2,4785,"-1","2026-03-23 15:56:35.155",NULL,"y"
5337,2,4786,"د.ت53.73","2026-03-23 15:56:35.155",NULL,"y"
5338,2,4787,"-1","2026-03-23 15:56:35.155",NULL,"y"
5339,2,4788,"د.ت13.00","2026-03-23 15:56:35.155",NULL,"y"
5340,2,4789,"-1","2026-03-23 15:56:35.155",NULL,"y"
5341,2,4790,"-1","2026-03-23 15:56:35.155",NULL,"y"
5342,2,4791,"د.ت29.00","2026-03-23 15:56:35.155",NULL,"y"
5343,2,4792,"د.ت22.00","2026-03-23 15:56:35.155",NULL,"y"
5344,2,4793,"-1","2026-03-23 15:56:35.155",NULL,"y"
5345,2,4794,"-1","2026-03-23 15:56:35.155",NULL,"y"
5346,2,4795,"-1","2026-03-23 15:56:35.155",NULL,"y"
5347,2,4796,"-1","2026-03-23 15:56:35.155",NULL,"y"
5348,2,4797,"د.ت60.44","2026-03-23 15:56:35.155",NULL,"y"
5349,2,4798,"د.ت40.30","2026-03-23 15:56:35.155",NULL,"y"
5350,2,4799,"-1","2026-03-23 15:56:35.155",NULL,"y"
5351,2,4800,"-1","2026-03-23 15:56:35.155",NULL,"y"
5352,2,4801,"-1","2026-03-23 15:56:35.155",NULL,"y"
5353,2,4802,"-1","2026-03-23 15:56:35.155",NULL,"y"
5354,2,4804,"-1","2026-03-23 15:56:35.155",NULL,"y"
5355,2,4805,"د.ت127.60","2026-03-23 15:56:35.155",NULL,"y"
5356,2,4808,"-1","2026-03-23 15:56:35.155",NULL,"y"
5357,2,4809,"د.ت20.00","2026-03-23 15:56:35.155",NULL,"y"
5358,2,4810,"-1","2026-03-23 15:56:35.155",NULL,"y"
5359,2,4812,"-1","2026-03-23 15:56:35.155",NULL,"y"
5360,2,4813,"د.ت43.65","2026-03-23 15:56:35.155",NULL,"y"
5361,2,4814,"د.ت43.65","2026-03-23 15:56:35.155",NULL,"y"
5362,2,4815,"د.ت87.31","2026-03-23 15:56:35.155",NULL,"y"
5363,2,4816,"-1","2026-03-23 15:56:35.155",NULL,"y"
5364,2,4817,"-1","2026-03-23 15:56:35.155",NULL,"y"
5365,2,4818,"-1","2026-03-23 15:56:35.155",NULL,"y"
5366,2,4819,"د.ت30.22","2026-03-23 15:56:35.155",NULL,"y"
5367,2,4820,"د.ت12.00","2026-03-23 15:56:35.155",NULL,"y"
5368,2,4821,"-1","2026-03-23 15:56:35.155",NULL,"y"
5369,2,4822,"-1","2026-03-23 15:56:35.155",NULL,"y"
5370,2,4824,"-1","2026-03-23 15:56:35.155",NULL,"y"
5371,2,4826,"د.ت12.00","2026-03-23 15:56:35.155",NULL,"y"
5372,2,4827,"-1","2026-03-23 15:56:35.155",NULL,"y"
5373,2,4831,"-1","2026-03-23 15:56:35.155",NULL,"y"
5374,2,4833,"-1","2026-03-23 15:56:35.155",NULL,"y"
5375,2,4834,"د.ت5.10","2026-03-23 15:56:35.155",NULL,"y"
5376,2,4835,"د.ت28.00","2026-03-23 15:56:35.155",NULL,"y"
5377,2,4836,"-1","2026-03-23 15:56:35.155",NULL,"y"
5378,2,4837,"-1","2026-03-23 15:56:35.155",NULL,"y"
5379,2,4838,"-1","2026-03-23 15:56:35.155",NULL,"y"
5380,2,4839,"-1","2026-03-23 15:56:35.155",NULL,"y"
5381,2,4840,"-1","2026-03-23 15:56:35.155",NULL,"y"
5382,2,4841,"-1","2026-03-23 15:56:35.155",NULL,"y"
5383,2,4842,"د.ت15.00","2026-03-23 15:56:35.155",NULL,"y"
5384,2,4843,"د.ت11.75","2026-03-23 15:56:35.155",NULL,"y"
5385,2,4844,"-1","2026-03-23 15:56:35.155",NULL,"y"
5386,2,4845,"-1","2026-03-23 15:56:35.155",NULL,"y"
5387,2,4846,"-1","2026-03-23 15:56:35.155",NULL,"y"
5388,2,4847,"-1","2026-03-23 15:56:35.155",NULL,"y"
5389,2,4848,"-1","2026-03-23 15:56:35.155",NULL,"y"
5390,2,4849,"-1","2026-03-23 15:56:35.155",NULL,"y"
5391,2,4850,"د.ت12.29","2026-03-23 15:56:35.155",NULL,"y"
5392,2,4851,"د.ت16.89","2026-03-23 15:56:35.155",NULL,"y"
5393,2,4852,"-1","2026-03-23 15:56:35.155",NULL,"y"
5394,2,4853,"د.ت6.00","2026-03-23 15:56:35.155",NULL,"y"
5395,2,4854,"-1","2026-03-23 15:56:35.155",NULL,"y"
5396,2,4855,"-1","2026-03-23 15:56:35.155",NULL,"y"
5397,2,4856,"د.ت14.50","2026-03-23 15:56:35.155",NULL,"y"
5398,2,4857,"-1","2026-03-23 15:56:35.155",NULL,"y"
5399,2,4858,"-1","2026-03-23 15:56:35.155",NULL,"y"
5400,2,4859,"د.ت16.79","2026-03-23 15:56:35.155",NULL,"y"
5401,2,4860,"د.ت20.15","2026-03-23 15:56:35.155",NULL,"y"
5402,2,4861,"د.ت16.79","2026-03-23 15:56:35.155",NULL,"y"
5403,2,4862,"-1","2026-03-23 15:56:35.155",NULL,"y"
5404,2,4864,"د.ت6,380.20","2026-03-23 15:56:35.155",NULL,"y"
5405,2,4865,"د.ت3,358.00","2026-03-23 15:56:35.155",NULL,"y"
5406,2,4866,"-1","2026-03-23 15:56:35.155",NULL,"y"
5407,2,4867,"د.ت83.95","2026-03-23 15:56:35.155",NULL,"y"
5408,2,4868,"-1","2026-03-23 15:56:35.155",NULL,"y"
5409,2,4869,"د.ت16.79","2026-03-23 15:56:35.155",NULL,"y"
5410,2,4870,"-1","2026-03-23 15:56:35.155",NULL,"y"
5411,2,4871,"-1","2026-03-23 15:56:35.155",NULL,"y"
5412,2,4872,"-1","2026-03-23 15:56:35.155",NULL,"y"
5413,2,4873,"-1","2026-03-23 15:56:35.155",NULL,"y"
5414,2,4874,"د.ت83.65","2026-03-23 15:56:35.155",NULL,"y"
5415,2,4875,"د.ت83.51","2026-03-23 15:56:35.155",NULL,"y"
5416,2,4876,"د.ت46.98","2026-03-23 15:56:35.155",NULL,"y"
5417,2,4877,"د.ت73.88","2026-03-23 15:56:35.155",NULL,"y"
5418,2,4878,"-1","2026-03-23 15:56:35.155",NULL,"y"
5419,2,4880,"د.ت40.30","2026-03-23 15:56:35.155",NULL,"y"
5420,2,4881,"د.ت33.58","2026-03-23 15:56:35.155",NULL,"y"
5421,2,4882,"د.ت33.58","2026-03-23 15:56:35.155",NULL,"y"
5422,2,4884,"د.ت10.07","2026-03-23 15:56:35.155",NULL,"y"
5423,2,4885,"د.ت24.00","2026-03-23 15:56:35.155",NULL,"y"
5424,2,4886,"-1","2026-03-23 15:56:35.155",NULL,"y"
5425,2,4887,"-1","2026-03-23 15:56:35.155",NULL,"y"
5426,2,4889,"-1","2026-03-23 15:56:35.155",NULL,"y"
5427,2,4890,"د.ت28.00","2026-03-23 15:56:35.155",NULL,"y"
5428,2,4891,"د.ت28.00","2026-03-23 15:56:35.155",NULL,"y"
5429,2,4892,"د.ت32.00","2026-03-23 15:56:35.155",NULL,"y"
5430,2,4893,"د.ت43.00","2026-03-23 15:56:35.155",NULL,"y"
5431,2,4894,"د.ت6.00","2026-03-23 15:56:35.155",NULL,"y"
5432,2,4895,"د.ت15.00","2026-03-23 15:56:35.155",NULL,"y"
5433,2,4896,"د.ت15.00","2026-03-23 15:56:35.155",NULL,"y"
5434,2,4897,"-1","2026-03-23 15:56:35.155",NULL,"y"
5435,2,4898,"-1","2026-03-23 15:56:35.155",NULL,"y"
5436,2,4899,"د.ت15.00","2026-03-23 15:56:35.155",NULL,"y"
5437,2,4900,"د.ت12.25","2026-03-23 15:56:35.155",NULL,"y"
5438,2,4901,"د.ت12.00","2026-03-23 15:56:35.155",NULL,"y"
5439,2,4902,"د.ت12.00","2026-03-23 15:56:35.155",NULL,"y"
5440,2,4903,"-1","2026-03-23 15:56:35.155",NULL,"y"
5441,2,4904,"-1","2026-03-23 15:56:35.155",NULL,"y"
5442,2,4905,"-1","2026-03-23 15:56:35.155",NULL,"y"
5443,2,4906,"-1","2026-03-23 15:56:35.155",NULL,"y"
5444,2,4907,"د.ت25.00","2026-03-23 15:56:35.155",NULL,"y"
5445,2,4908,"د.ت27.00","2026-03-23 15:56:35.155",NULL,"y"
5446,2,4909,"د.ت20.00","2026-03-23 15:56:35.155",NULL,"y"
5447,2,4910,"د.ت43.00","2026-03-23 15:56:35.155",NULL,"y"
5448,2,4911,"د.ت12.00","2026-03-23 15:56:35.155",NULL,"y"
5449,2,4912,"-1","2026-03-23 15:56:35.155",NULL,"y"
5450,2,4913,"-1","2026-03-23 15:56:35.155",NULL,"y"
5451,2,4914,"-1","2026-03-23 15:56:35.155",NULL,"y"
5452,2,4915,"-1","2026-03-23 15:56:35.155",NULL,"y"
5453,2,4916,"-1","2026-03-23 15:56:35.155",NULL,"y"
5454,2,4917,"-1","2026-03-23 15:56:35.155",NULL,"y"
5455,2,4918,"-1","2026-03-23 15:56:35.155",NULL,"y"
5456,2,4919,"د.ت8.00","2026-03-23 15:56:35.155",NULL,"y"
5457,2,4920,"د.ت20.00","2026-03-23 15:56:35.155",NULL,"y"
5458,2,4921,"-1","2026-03-23 15:56:35.155",NULL,"y"
5459,2,4923,"د.ت52.00","2026-03-23 15:56:35.155",NULL,"y"
5460,2,4924,"د.ت13.43","2026-03-23 15:56:35.155",NULL,"y"
5461,2,4927,"د.ت55.00","2026-03-23 15:56:35.155",NULL,"y"
5462,2,4928,"د.ت11.75","2026-03-23 15:56:35.155",NULL,"y"
5463,2,4929,"-1","2026-03-23 15:56:35.155",NULL,"y"
5464,2,4931,"-1","2026-03-23 15:56:35.155",NULL,"y"
5465,2,4932,"د.ت6.15","2026-03-23 15:56:35.155",NULL,"y"
5466,2,4933,"-1","2026-03-23 15:56:35.155",NULL,"y"
5467,2,4934,"-1","2026-03-23 15:56:35.155",NULL,"y"
5468,2,4935,"د.ت13.43","2026-03-23 15:56:35.155",NULL,"y"
5469,2,4936,"د.ت25.00","2026-03-23 15:56:35.155",NULL,"y"
5470,2,4937,"د.ت32.00","2026-03-23 15:56:35.155",NULL,"y"
5471,2,4939,"-1","2026-03-23 15:56:35.155",NULL,"y"
5472,2,4940,"-1","2026-03-23 15:56:35.155",NULL,"y"
5473,2,4941,"-1","2026-03-23 15:56:35.155",NULL,"y"
5474,2,4942,"-1","2026-03-23 15:56:35.155",NULL,"y"
5475,2,4943,"د.ت8.40","2026-03-23 15:56:35.155",NULL,"y"
5476,2,4944,"-1","2026-03-23 15:56:35.155",NULL,"y"
5477,2,4945,"-1","2026-03-23 15:56:35.155",NULL,"y"
5478,2,4946,"-1","2026-03-23 15:56:35.155",NULL,"y"
5479,2,4947,"-1","2026-03-23 15:56:35.155",NULL,"y"
5480,2,4948,"-1","2026-03-23 15:56:35.155",NULL,"y"
5481,2,4949,"-1","2026-03-23 15:56:35.155",NULL,"y"
5482,2,4950,"د.ت35.00","2026-03-23 15:56:35.155",NULL,"y"
5483,2,4951,"-1","2026-03-23 15:56:35.155",NULL,"y"
5484,2,4952,"-1","2026-03-23 15:56:35.155",NULL,"y"
5485,2,4953,"-1","2026-03-23 15:56:35.155",NULL,"y"
5486,2,4954,"-1","2026-03-23 15:56:35.155",NULL,"y"
5487,2,4955,"-1","2026-03-23 15:56:35.155",NULL,"y"
5488,2,4956,"-1","2026-03-23 15:56:35.155",NULL,"y"
5489,2,4957,"د.ت30.99","2026-03-23 15:56:35.155",NULL,"y"
5490,2,4958,"د.ت30.99","2026-03-23 15:56:35.155",NULL,"y"
5491,2,4959,"د.ت37.99","2026-03-23 15:56:35.155",NULL,"y"
5492,2,4960,"د.ت61.99","2026-03-23 15:56:35.155",NULL,"y"
5493,2,4961,"-1","2026-03-23 15:56:35.155",NULL,"y"
5494,2,4962,"-1","2026-03-23 15:56:35.155",NULL,"y"
5495,2,4963,"-1","2026-03-23 15:56:35.155",NULL,"y"
5496,2,4964,"-1","2026-03-23 15:56:35.155",NULL,"y"
5497,2,4965,"د.ت31.89","2026-03-23 15:56:35.155",NULL,"y"
5498,2,4968,"-1","2026-03-23 15:56:35.155",NULL,"y"
5499,2,4969,"-1","2026-03-23 15:56:35.155",NULL,"y"
5500,2,4970,"-1","2026-03-23 15:56:35.155",NULL,"y"
5501,2,4971,"-1","2026-03-23 15:56:35.155",NULL,"y"
5502,2,4972,"-1","2026-03-23 15:56:35.155",NULL,"y"
5503,2,4973,"-1","2026-03-23 15:56:35.155",NULL,"y"
5504,2,4974,"-1","2026-03-23 15:56:35.155",NULL,"y"
5505,2,4975,"-1","2026-03-23 15:56:35.155",NULL,"y"
5506,2,4976,"-1","2026-03-23 15:56:35.155",NULL,"y"
5507,2,4977,"-1","2026-03-23 15:56:35.155",NULL,"y"
5508,2,4978,"-1","2026-03-23 15:56:35.155",NULL,"y"
5509,2,4979,"د.ت45.15","2026-03-23 15:56:35.155",NULL,"y"
5510,2,4980,"-1","2026-03-23 15:56:35.155",NULL,"y"
5511,2,4981,"-1","2026-03-23 15:56:35.155",NULL,"y"
5512,2,4982,"د.ت24.50","2026-03-23 15:56:35.155",NULL,"y"
5513,2,4983,"د.ت23.55","2026-03-23 15:56:35.155",NULL,"y"
5514,2,4984,"-1","2026-03-23 15:56:35.155",NULL,"y"
5515,2,4986,"-1","2026-03-23 15:56:35.155",NULL,"y"
5516,2,4987,"-1","2026-03-23 15:56:35.155",NULL,"y"
5517,2,4989,"-1","2026-03-23 15:56:35.155",NULL,"y"
5518,2,4990,"-1","2026-03-23 15:56:35.155",NULL,"y"
5519,2,4991,"-1","2026-03-23 15:56:35.155",NULL,"y"
5520,2,4992,"-1","2026-03-23 15:56:35.155",NULL,"y"
5521,2,4993,"د.ت10.00","2026-03-23 15:56:35.155",NULL,"y"
5522,2,4994,"-1","2026-03-23 15:56:35.155",NULL,"y"
5523,2,4995,"د.ت9.99","2026-03-23 15:56:35.155",NULL,"y"
5524,2,4996,"-1","2026-03-23 15:56:35.155",NULL,"y"
5525,2,4997,"-1","2026-03-23 15:56:35.155",NULL,"y"
5526,2,4998,"-1","2026-03-23 15:56:35.155",NULL,"y"
5527,2,4999,"-1","2026-03-23 15:56:35.155",NULL,"y"
5528,2,5000,"-1","2026-03-23 15:56:35.155",NULL,"y"
5529,2,5001,"د.ت14.00","2026-03-23 15:56:35.155",NULL,"y"
5530,2,5002,"د.ت4.00","2026-03-23 15:56:35.155",NULL,"y"
5531,2,5003,"-1","2026-03-23 15:56:35.155",NULL,"y"
5532,2,5004,"-1","2026-03-23 15:56:35.155",NULL,"y"
5533,2,5005,"-1","2026-03-23 15:56:35.155",NULL,"y"
5534,2,5006,"-1","2026-03-23 15:56:35.155",NULL,"y"
5535,2,5007,"-1","2026-03-23 15:56:35.155",NULL,"y"
5536,2,5008,"-1","2026-03-23 15:56:35.155",NULL,"y"
5537,2,5009,"-1","2026-03-23 15:56:35.155",NULL,"y"
5538,2,5010,"-1","2026-03-23 15:56:35.155",NULL,"y"
5539,2,5011,"-1","2026-03-23 15:56:35.155",NULL,"y"
5540,2,5012,"-1","2026-03-23 15:56:35.155",NULL,"y"
5541,2,5013,"-1","2026-03-23 15:56:35.155",NULL,"y"
5542,2,5014,"د.ت24.00","2026-03-23 15:56:35.155",NULL,"y"
5543,2,5015,"د.ت14.00","2026-03-23 15:56:35.155",NULL,"y"
5544,2,5016,"-1","2026-03-23 15:56:35.155",NULL,"y"
5545,2,5017,"-1","2026-03-23 15:56:35.155",NULL,"y"
5546,2,5018,"-1","2026-03-23 15:56:35.155",NULL,"y"
5547,2,5019,"-1","2026-03-23 15:56:35.155",NULL,"y"
5548,2,5020,"-1","2026-03-23 15:56:35.155",NULL,"y"
5549,2,5021,"-1","2026-03-23 15:56:35.155",NULL,"y"
5550,2,5022,"-1","2026-03-23 15:56:35.155",NULL,"y"
5551,2,5023,"-1","2026-03-23 15:56:35.155",NULL,"y"
5552,2,5024,"-1","2026-03-23 15:56:35.155",NULL,"y"
5553,2,5025,"-1","2026-03-23 15:56:35.155",NULL,"y"
5554,2,5026,"-1","2026-03-23 15:56:35.155",NULL,"y"
5555,2,5027,"-1","2026-03-23 15:56:35.155",NULL,"y"
5556,2,5028,"-1","2026-03-23 15:56:35.155",NULL,"y"
5557,2,5029,"د.ت18.90","2026-03-23 15:56:35.155",NULL,"y"
5558,2,5030,"-1","2026-03-23 15:56:35.155",NULL,"y"
5559,2,5031,"-1","2026-03-23 15:56:35.155",NULL,"y"
5560,2,5033,"-1","2026-03-23 15:56:35.155",NULL,"y"
5561,2,5034,"-1","2026-03-23 15:56:35.155",NULL,"y"
5562,2,5035,"-1","2026-03-23 15:56:35.155",NULL,"y"
5563,2,5036,"-1","2026-03-23 15:56:35.155",NULL,"y"
5564,2,5037,"-1","2026-03-23 15:56:35.155",NULL,"y"
5565,2,5038,"-1","2026-03-23 15:56:35.155",NULL,"y"
5566,2,5039,"-1","2026-03-23 15:56:35.155",NULL,"y"
5567,2,5040,"-1","2026-03-23 15:56:35.155",NULL,"y"
5568,2,5041,"-1","2026-03-23 15:56:35.155",NULL,"y"
5569,2,5042,"-1","2026-03-23 15:56:35.155",NULL,"y"
5570,2,5043,"-1","2026-03-23 15:56:35.155",NULL,"y"
5571,2,5044,"-1","2026-03-23 15:56:35.155",NULL,"y"
5572,2,5045,"-1","2026-03-23 15:56:35.155",NULL,"y"
5573,2,5046,"-1","2026-03-23 15:56:35.155",NULL,"y"
5574,2,5047,"-1","2026-03-23 15:56:35.155",NULL,"y"
5575,2,5048,"-1","2026-03-23 15:56:35.155",NULL,"y"
5576,2,5049,"-1","2026-03-23 15:56:35.155",NULL,"y"
5577,2,5050,"-1","2026-03-23 15:56:35.155",NULL,"y"
5578,2,5051,"-1","2026-03-23 15:56:35.155",NULL,"y"
5579,2,5052,"د.ت15.00","2026-03-23 15:56:35.155",NULL,"y"
5580,2,5053,"د.ت15.00","2026-03-23 15:56:35.155",NULL,"y"
5581,2,5054,"-1","2026-03-23 15:56:35.155",NULL,"y"
5582,2,5055,"-1","2026-03-23 15:56:35.155",NULL,"y"
5583,2,5056,"-1","2026-03-23 15:56:35.155",NULL,"y"
5584,2,5057,"-1","2026-03-23 15:56:35.155",NULL,"y"
5585,2,5058,"-1","2026-03-23 15:56:35.155",NULL,"y"
5586,2,5059,"-1","2026-03-23 15:56:35.155",NULL,"y"
5587,2,5060,"-1","2026-03-23 15:56:35.155",NULL,"y"
5588,2,5062,"-1","2026-03-23 15:56:35.155",NULL,"y"
5589,2,5063,"د.ت6.00","2026-03-23 15:56:35.155",NULL,"y"
5590,2,5064,"-1","2026-03-23 15:56:35.155",NULL,"y"
5591,2,5065,"-1","2026-03-23 15:56:35.155",NULL,"y"
5592,2,5066,"-1","2026-03-23 15:56:35.155",NULL,"y"
5593,2,5067,"-1","2026-03-23 15:56:35.155",NULL,"y"
5594,2,5068,"-1","2026-03-23 15:56:35.155",NULL,"y"
5595,2,5069,"-1","2026-03-23 15:56:35.155",NULL,"y"
5596,2,5070,"-1","2026-03-23 15:56:35.155",NULL,"y"
5597,2,5072,"-1","2026-03-23 15:56:35.155",NULL,"y"
5598,2,5073,"-1","2026-03-23 15:56:35.155",NULL,"y"
5599,2,5074,"د.ت16.00","2026-03-23 15:56:35.155",NULL,"y"
5600,2,5075,"-1","2026-03-23 15:56:35.155",NULL,"y"
5601,2,5076,"-1","2026-03-23 15:56:35.155",NULL,"y"
5602,2,5077,"د.ت30.00","2026-03-23 15:56:35.155",NULL,"y"
5603,2,5081,"-1","2026-03-23 15:56:35.155",NULL,"y"
5604,2,5083,"-1","2026-03-23 15:56:35.155",NULL,"y"
5605,2,5084,"-1","2026-03-23 15:56:35.155",NULL,"y"
5606,2,5088,"-1","2026-03-23 15:56:35.155",NULL,"y"
5607,2,5089,"-1","2026-03-23 15:56:35.155",NULL,"y"
5608,2,5090,"-1","2026-03-23 15:56:35.155",NULL,"y"
5609,2,5091,"-1","2026-03-23 15:56:35.155",NULL,"y"
5610,2,5092,"-1","2026-03-23 15:56:35.155",NULL,"y"
5611,2,5093,"-1","2026-03-23 15:56:35.155",NULL,"y"
5612,2,5095,"-1","2026-03-23 15:56:35.155",NULL,"y"
5613,2,5096,"د.ت30.00","2026-03-23 15:56:35.155",NULL,"y"
5614,2,5097,"-1","2026-03-23 15:56:35.155",NULL,"y"
5615,2,5098,"-1","2026-03-23 15:56:35.155",NULL,"y"
5616,2,5099,"-1","2026-03-23 15:56:35.155",NULL,"y"
5617,2,5100,"-1","2026-03-23 15:56:35.155",NULL,"y"
5618,2,5101,"-1","2026-03-23 15:56:35.155",NULL,"y"
5619,2,5102,"-1","2026-03-23 15:56:35.155",NULL,"y"
5620,2,5103,"-1","2026-03-23 15:56:35.155",NULL,"y"
