"FactShippingPK","dateFK","productFK","customerFK","documentFK","quantity","productPrice","total","deliveryPrice","startDate","endDate","flag"
1,20250311,6485,1,37,"60.0","0","0","0","2026-03-24 20:20:42.15",NULL,"y"
2,20250317,6485,1,38,"26.0","0","0","0","2026-03-24 20:20:42.151",NULL,"y"
3,20250321,6485,1,39,"50.0","0","0","0","2026-03-24 20:20:42.151",NULL,"y"
4,20250326,6485,1,40,"40.0","0","0","0","2026-03-24 20:20:42.151",NULL,"y"
5,20250403,6485,1,41,"72.0","0","0","0","2026-03-24 20:20:42.151",NULL,"y"
6,20250403,6486,1,41,"3.0","0","0","0","2026-03-24 20:20:42.151",NULL,"y"
7,20250415,6485,1,42,"19.0","0","0","0","2026-03-24 20:20:42.157",NULL,"y"
8,20250415,6486,1,42,"3.0","0","0","0","2026-03-24 20:20:42.157",NULL,"y"
9,20250328,6485,2,43,"47.0","0","0","0","2026-03-24 20:20:42.157",NULL,"y"
10,20250326,6485,3,44,"16.0","0","0","0","2026-03-24 20:20:42.157",NULL,"y"
11,20250328,6485,4,45,"4.0","0","0","0","2026-03-24 20:20:42.157",NULL,"y"
12,20250325,6485,5,46,"39.0","0","0","0","2026-03-24 20:20:42.157",NULL,"y"
13,20250324,6485,6,47,"1.0","0","0","0","2026-03-24 20:20:42.157",NULL,"y"
14,20250324,6485,7,48,"3.0","0","0","0","2026-03-24 20:20:42.157",NULL,"y"
15,20250315,6485,8,49,"13.0","0","0","0","2026-03-24 20:20:42.157",NULL,"y"
16,20250312,6485,9,50,"8.0","0","0","0","2026-03-24 20:20:42.157",NULL,"y"
17,20250312,6485,10,51,"8.0","0","0","0","2026-03-24 20:20:42.157",NULL,"y"
18,20250312,6485,11,52,"15.0","0","0","0","2026-03-24 20:20:42.157",NULL,"y"
19,20250328,6485,12,53,"29.0","0","0","0","2026-03-24 20:20:42.16",NULL,"y"
20,20250328,6485,13,54,"32.0","0","0","0","2026-03-24 20:20:42.16",NULL,"y"
21,20250328,6485,14,55,"36.0","0","0","0","2026-03-24 20:20:42.16",NULL,"y"
22,20250327,6485,15,56,"7.0","0","0","0","2026-03-24 20:20:42.16",NULL,"y"
23,20250324,6485,16,57,"24.0","0","0","0","2026-03-24 20:20:42.16",NULL,"y"
24,20250326,6485,17,58,"13.0","0","0","0","2026-03-24 20:20:42.16",NULL,"y"
25,20250403,6485,18,59,"3.0","0","0","0","2026-03-24 20:20:42.162",NULL,"y"
26,20250403,6486,18,59,"5.0","0","0","0","2026-03-24 20:20:42.162",NULL,"y"
27,20250315,6485,18,60,"38.0","0","0","0","2026-03-24 20:20:42.162",NULL,"y"
28,20250324,6485,19,61,"23.0","0","0","0","2026-03-24 20:20:42.162",NULL,"y"
29,20250314,6485,1,62,"97.0","0","0","0","2026-03-24 20:20:42.162",NULL,"y"
30,20250315,6485,20,63,"13.0","0","0","0","2026-03-24 20:20:42.162",NULL,"y"
31,20250402,6485,21,64,"7.0","0","0","0","2026-03-24 20:20:42.162",NULL,"y"
32,20250402,6485,22,65,"3.0","0","0","0","2026-03-24 20:20:42.162",NULL,"y"
33,20250402,6485,23,66,"4.0","0","0","0","2026-03-24 20:20:42.162",NULL,"y"
34,20250402,6485,24,67,"4.0","0","0","0","2026-03-24 20:20:42.162",NULL,"y"
35,20250402,6485,25,67,"7.0","0","0","0","2026-03-24 20:20:42.162",NULL,"y"
36,20250402,6485,26,67,"32.0","0","0","0","2026-03-24 20:20:42.164",NULL,"y"
37,20241210,6487,27,68,"432.0","0","0","0","2026-03-24 20:20:42.167",NULL,"y"
38,20251118,6488,28,65,"1500.0","0","0","0","2026-03-24 20:20:42.167",NULL,"y"
39,20251212,6489,29,67,"5.0","0","0","0","2026-03-24 20:20:42.167",NULL,"y"
40,20251212,6490,29,67,"5.0","0","0","0","2026-03-24 20:20:42.167",NULL,"y"
41,20251212,6491,29,67,"5.0","0","0","0","2026-03-24 20:20:42.169",NULL,"y"
42,20251212,6492,29,67,"5.0","0","0","0","2026-03-24 20:20:42.169",NULL,"y"
43,20251212,6493,29,67,"5.0","0","0","0","2026-03-24 20:20:42.169",NULL,"y"
44,20251215,6494,30,69,"450.0","0","0","0","2026-03-24 20:20:42.17",NULL,"y"
45,20251215,6495,30,69,"450.0","0","0","0","2026-03-24 20:20:42.17",NULL,"y"
46,20251215,6496,30,69,"450.0","0","0","0","2026-03-24 20:20:42.17",NULL,"y"
47,20251210,6497,31,66,"10.0","0","0","0","2026-03-24 20:20:42.171",NULL,"y"
48,20251216,6498,30,70,"20.0","0","0","0","2026-03-24 20:20:42.171",NULL,"y"
49,20251216,6499,30,70,"20.0","0","0","0","2026-03-24 20:20:42.171",NULL,"y"
50,20250311,6485,1,37,"60.0","0","0","0","2026-03-24 20:20:42.171",NULL,"y"
51,20250317,6485,1,38,"26.0","0","0","0","2026-03-24 20:20:42.171",NULL,"y"
52,20250321,6485,1,39,"50.0","0","0","0","2026-03-24 20:20:42.171",NULL,"y"
53,20250326,6485,1,40,"40.0","0","0","0","2026-03-24 20:20:42.171",NULL,"y"
54,20250403,6485,1,41,"72.0","0","0","0","2026-03-24 20:20:42.171",NULL,"y"
55,20250403,6486,1,41,"3.0","0","0","0","2026-03-24 20:20:42.171",NULL,"y"
56,20250415,6485,1,42,"19.0","0","0","0","2026-03-24 20:20:42.172",NULL,"y"
57,20250415,6486,1,42,"3.0","0","0","0","2026-03-24 20:20:42.172",NULL,"y"
58,20250328,6485,2,43,"47.0","0","0","0","2026-03-24 20:20:42.172",NULL,"y"
59,20250326,6485,3,44,"16.0","0","0","0","2026-03-24 20:20:42.172",NULL,"y"
60,20250328,6485,4,45,"4.0","0","0","0","2026-03-24 20:20:42.172",NULL,"y"
61,20250325,6485,5,46,"39.0","0","0","0","2026-03-24 20:20:42.172",NULL,"y"
62,20250324,6485,6,47,"1.0","0","0","0","2026-03-24 20:20:42.172",NULL,"y"
63,20250324,6485,7,48,"3.0","0","0","0","2026-03-24 20:20:42.172",NULL,"y"
64,20250315,6485,8,49,"13.0","0","0","0","2026-03-24 20:20:42.172",NULL,"y"
65,20250312,6485,9,50,"8.0","0","0","0","2026-03-24 20:20:42.172",NULL,"y"
66,20250312,6485,10,51,"8.0","0","0","0","2026-03-24 20:20:42.172",NULL,"y"
67,20250312,6485,11,52,"15.0","0","0","0","2026-03-24 20:20:42.172",NULL,"y"
68,20250328,6485,12,53,"29.0","0","0","0","2026-03-24 20:20:42.174",NULL,"y"
69,20250328,6485,13,54,"32.0","0","0","0","2026-03-24 20:20:42.174",NULL,"y"
70,20250328,6485,14,55,"36.0","0","0","0","2026-03-24 20:20:42.174",NULL,"y"
71,20250327,6485,15,56,"7.0","0","0","0","2026-03-24 20:20:42.174",NULL,"y"
72,20250324,6485,16,57,"24.0","0","0","0","2026-03-24 20:20:42.174",NULL,"y"
73,20250326,6485,17,58,"13.0","0","0","0","2026-03-24 20:20:42.174",NULL,"y"
74,20250403,6485,18,59,"3.0","0","0","0","2026-03-24 20:20:42.174",NULL,"y"
75,20250403,6486,18,59,"5.0","0","0","0","2026-03-24 20:20:42.174",NULL,"y"
76,20250315,6485,18,60,"38.0","0","0","0","2026-03-24 20:20:42.174",NULL,"y"
77,20250324,6485,19,61,"23.0","0","0","0","2026-03-24 20:20:42.174",NULL,"y"
78,20250314,6485,1,62,"97.0","0","0","0","2026-03-24 20:20:42.174",NULL,"y"
79,20250315,6485,20,63,"13.0","0","0","0","2026-03-24 20:20:42.174",NULL,"y"
80,20250402,6485,21,64,"7.0","0","0","0","2026-03-24 20:20:42.174",NULL,"y"
81,20250402,6485,22,65,"3.0","0","0","0","2026-03-24 20:20:42.174",NULL,"y"
82,20250402,6485,23,66,"4.0","0","0","0","2026-03-24 20:20:42.177",NULL,"y"
83,20250402,6485,24,67,"4.0","0","0","0","2026-03-24 20:20:42.177",NULL,"y"
84,20250402,6485,25,67,"7.0","0","0","0","2026-03-24 20:20:42.177",NULL,"y"
85,20250402,6485,26,67,"32.0","0","0","0","2026-03-24 20:20:42.177",NULL,"y"
86,20241210,6487,27,68,"432.0","0","0","0","2026-03-24 20:20:42.177",NULL,"y"
87,20251118,6488,28,65,"1500.0","0","0","0","2026-03-24 20:20:42.177",NULL,"y"
88,20251212,6489,29,67,"5.0","0","0","0","2026-03-24 20:20:42.177",NULL,"y"
89,20251212,6490,29,67,"5.0","0","0","0","2026-03-24 20:20:42.178",NULL,"y"
90,20251212,6491,29,67,"5.0","0","0","0","2026-03-24 20:20:42.178",NULL,"y"
91,20251212,6492,29,67,"5.0","0","0","0","2026-03-24 20:20:42.178",NULL,"y"
92,20251212,6493,29,67,"5.0","0","0","0","2026-03-24 20:20:42.178",NULL,"y"
93,20251215,6494,30,69,"450.0","0","0","0","2026-03-24 20:20:42.178",NULL,"y"
94,20251215,6495,30,69,"450.0","0","0","0","2026-03-24 20:20:42.178",NULL,"y"
95,20251215,6496,30,69,"450.0","0","0","0","2026-03-24 20:20:42.178",NULL,"y"
96,20251210,6497,31,66,"10.0","0","0","0","2026-03-24 20:20:42.178",NULL,"y"
97,20251216,6498,30,70,"20.0","0","0","0","2026-03-24 20:20:42.178",NULL,"y"
98,20251216,6499,30,70,"20.0","0","0","0","2026-03-24 20:20:42.178",NULL,"y"
99,20250311,6485,1,37,"60.0","0","0","0","2026-03-24 20:20:42.178",NULL,"y"
100,20250317,6485,1,38,"26.0","0","0","0","2026-03-24 20:20:42.178",NULL,"y"
101,20250321,6485,1,39,"50.0","0","0","0","2026-03-24 20:20:42.178",NULL,"y"
102,20250326,6485,1,40,"40.0","0","0","0","2026-03-24 20:20:42.18",NULL,"y"
103,20250403,6485,1,41,"72.0","0","0","0","2026-03-24 20:20:42.18",NULL,"y"
104,20250403,6486,1,41,"3.0","0","0","0","2026-03-24 20:20:42.18",NULL,"y"
105,20250415,6485,1,42,"19.0","0","0","0","2026-03-24 20:20:42.18",NULL,"y"
106,20250415,6486,1,42,"3.0","0","0","0","2026-03-24 20:20:42.18",NULL,"y"
107,20250328,6485,2,43,"47.0","0","0","0","2026-03-24 20:20:42.18",NULL,"y"
108,20250326,6485,3,44,"16.0","0","0","0","2026-03-24 20:20:42.181",NULL,"y"
109,20250328,6485,4,45,"4.0","0","0","0","2026-03-24 20:20:42.181",NULL,"y"
110,20250325,6485,5,46,"39.0","0","0","0","2026-03-24 20:20:42.181",NULL,"y"
111,20250324,6485,6,47,"1.0","0","0","0","2026-03-24 20:20:42.181",NULL,"y"
112,20250324,6485,7,48,"3.0","0","0","0","2026-03-24 20:20:42.181",NULL,"y"
113,20250315,6485,8,49,"13.0","0","0","0","2026-03-24 20:20:42.182",NULL,"y"
114,20250312,6485,9,50,"8.0","0","0","0","2026-03-24 20:20:42.182",NULL,"y"
115,20250312,6485,10,51,"8.0","0","0","0","2026-03-24 20:20:42.182",NULL,"y"
116,20250312,6485,11,52,"15.0","0","0","0","2026-03-24 20:20:42.182",NULL,"y"
117,20250328,6485,12,53,"29.0","0","0","0","2026-03-24 20:20:42.182",NULL,"y"
118,20250328,6485,13,54,"32.0","0","0","0","2026-03-24 20:20:42.182",NULL,"y"
119,20250328,6485,14,55,"36.0","0","0","0","2026-03-24 20:20:42.182",NULL,"y"
120,20250327,6485,15,56,"7.0","0","0","0","2026-03-24 20:20:42.182",NULL,"y"
121,20250324,6485,16,57,"24.0","0","0","0","2026-03-24 20:20:42.182",NULL,"y"
122,20250326,6485,17,58,"13.0","0","0","0","2026-03-24 20:20:42.182",NULL,"y"
123,20250403,6485,18,59,"3.0","0","0","0","2026-03-24 20:20:42.182",NULL,"y"
124,20250403,6486,18,59,"5.0","0","0","0","2026-03-24 20:20:42.182",NULL,"y"
125,20250315,6485,18,60,"38.0","0","0","0","2026-03-24 20:20:42.182",NULL,"y"
126,20250324,6485,19,61,"23.0","0","0","0","2026-03-24 20:20:42.184",NULL,"y"
127,20250314,6485,1,62,"97.0","0","0","0","2026-03-24 20:20:42.184",NULL,"y"
128,20250315,6485,20,63,"13.0","0","0","0","2026-03-24 20:20:42.184",NULL,"y"
129,20250402,6485,21,64,"7.0","0","0","0","2026-03-24 20:20:42.184",NULL,"y"
130,20250402,6485,22,65,"3.0","0","0","0","2026-03-24 20:20:42.185",NULL,"y"
131,20250402,6485,23,66,"4.0","0","0","0","2026-03-24 20:20:42.185",NULL,"y"
132,20250402,6485,24,67,"4.0","0","0","0","2026-03-24 20:20:42.185",NULL,"y"
133,20250402,6485,25,67,"7.0","0","0","0","2026-03-24 20:20:42.185",NULL,"y"
134,20250402,6485,26,67,"32.0","0","0","0","2026-03-24 20:20:42.185",NULL,"y"
135,20241210,6487,27,68,"432.0","0","0","0","2026-03-24 20:20:42.185",NULL,"y"
136,20251118,6488,28,65,"1500.0","0","0","0","2026-03-24 20:20:42.185",NULL,"y"
137,20251212,6489,29,67,"5.0","0","0","0","2026-03-24 20:20:42.185",NULL,"y"
138,20251212,6490,29,67,"5.0","0","0","0","2026-03-24 20:20:42.185",NULL,"y"
139,20251212,6491,29,67,"5.0","0","0","0","2026-03-24 20:20:42.185",NULL,"y"
140,20251212,6492,29,67,"5.0","0","0","0","2026-03-24 20:20:42.185",NULL,"y"
141,20251212,6493,29,67,"5.0","0","0","0","2026-03-24 20:20:42.185",NULL,"y"
142,20251215,6494,30,69,"450.0","0","0","0","2026-03-24 20:20:42.185",NULL,"y"
143,20251215,6495,30,69,"450.0","0","0","0","2026-03-24 20:20:42.185",NULL,"y"
144,20251215,6496,30,69,"450.0","0","0","0","2026-03-24 20:20:42.185",NULL,"y"
145,20251210,6497,31,66,"10.0","0","0","0","2026-03-24 20:20:42.187",NULL,"y"
146,20251216,6498,30,70,"20.0","0","0","0","2026-03-24 20:20:42.187",NULL,"y"
147,20251216,6499,30,70,"20.0","0","0","0","2026-03-24 20:20:42.187",NULL,"y"
148,20250311,6485,1,37,"60.0","0","0","0","2026-03-24 20:20:42.187",NULL,"y"
149,20250317,6485,1,38,"26.0","0","0","0","2026-03-24 20:20:42.187",NULL,"y"
150,20250321,6485,1,39,"50.0","0","0","0","2026-03-24 20:20:42.187",NULL,"y"
151,20250326,6485,1,40,"40.0","0","0","0","2026-03-24 20:20:42.187",NULL,"y"
152,20250403,6485,1,41,"72.0","0","0","0","2026-03-24 20:20:42.187",NULL,"y"
153,20250403,6486,1,41,"3.0","0","0","0","2026-03-24 20:20:42.187",NULL,"y"
154,20250415,6485,1,42,"19.0","0","0","0","2026-03-24 20:20:42.187",NULL,"y"
155,20250415,6486,1,42,"3.0","0","0","0","2026-03-24 20:20:42.187",NULL,"y"
156,20250328,6485,2,43,"47.0","0","0","0","2026-03-24 20:20:42.187",NULL,"y"
157,20250326,6485,3,44,"16.0","0","0","0","2026-03-24 20:20:42.187",NULL,"y"
158,20250328,6485,4,45,"4.0","0","0","0","2026-03-24 20:20:42.187",NULL,"y"
159,20250325,6485,5,46,"39.0","0","0","0","2026-03-24 20:20:42.187",NULL,"y"
160,20250324,6485,6,47,"1.0","0","0","0","2026-03-24 20:20:42.187",NULL,"y"
161,20250324,6485,7,48,"3.0","0","0","0","2026-03-24 20:20:42.189",NULL,"y"
162,20250315,6485,8,49,"13.0","0","0","0","2026-03-24 20:20:42.189",NULL,"y"
163,20250312,6485,9,50,"8.0","0","0","0","2026-03-24 20:20:42.189",NULL,"y"
164,20250312,6485,10,51,"8.0","0","0","0","2026-03-24 20:20:42.189",NULL,"y"
165,20250312,6485,11,52,"15.0","0","0","0","2026-03-24 20:20:42.189",NULL,"y"
166,20250328,6485,12,53,"29.0","0","0","0","2026-03-24 20:20:42.189",NULL,"y"
167,20250328,6485,13,54,"32.0","0","0","0","2026-03-24 20:20:42.189",NULL,"y"
168,20250328,6485,14,55,"36.0","0","0","0","2026-03-24 20:20:42.189",NULL,"y"
169,20250327,6485,15,56,"7.0","0","0","0","2026-03-24 20:20:42.189",NULL,"y"
170,20250324,6485,16,57,"24.0","0","0","0","2026-03-24 20:20:42.189",NULL,"y"
171,20250326,6485,17,58,"13.0","0","0","0","2026-03-24 20:20:42.189",NULL,"y"
172,20250403,6485,18,59,"3.0","0","0","0","2026-03-24 20:20:42.189",NULL,"y"
173,20250403,6486,18,59,"5.0","0","0","0","2026-03-24 20:20:42.189",NULL,"y"
174,20250403,6485,1,41,"72.0","0","0","0","2026-03-24 20:20:42.189",NULL,"y"
175,20250315,6485,18,60,"38.0","0","0","0","2026-03-24 20:20:42.19",NULL,"y"
176,20250324,6485,19,61,"23.0","0","0","0","2026-03-24 20:20:42.19",NULL,"y"
177,20250314,6485,1,62,"97.0","0","0","0","2026-03-24 20:20:42.19",NULL,"y"
178,20250315,6485,20,63,"13.0","0","0","0","2026-03-24 20:20:42.19",NULL,"y"
179,20250402,6485,21,64,"7.0","0","0","0","2026-03-24 20:20:42.19",NULL,"y"
180,20250402,6485,22,65,"3.0","0","0","0","2026-03-24 20:20:42.19",NULL,"y"
181,20250402,6485,23,66,"4.0","0","0","0","2026-03-24 20:20:42.19",NULL,"y"
182,20250402,6485,24,67,"4.0","0","0","0","2026-03-24 20:20:42.19",NULL,"y"
183,20250402,6485,25,67,"7.0","0","0","0","2026-03-24 20:20:42.192",NULL,"y"
184,20250402,6485,26,67,"32.0","0","0","0","2026-03-24 20:20:42.192",NULL,"y"
185,20241210,6487,27,68,"432.0","0","0","0","2026-03-24 20:20:42.192",NULL,"y"
186,20251118,6488,28,65,"1500.0","0","0","0","2026-03-24 20:20:42.192",NULL,"y"
187,20251212,6489,29,67,"5.0","0","0","0","2026-03-24 20:20:42.192",NULL,"y"
188,20251212,6490,29,67,"5.0","0","0","0","2026-03-24 20:20:42.192",NULL,"y"
189,20251212,6491,29,67,"5.0","0","0","0","2026-03-24 20:20:42.192",NULL,"y"
190,20251212,6492,29,67,"5.0","0","0","0","2026-03-24 20:20:42.192",NULL,"y"
191,20251212,6493,29,67,"5.0","0","0","0","2026-03-24 20:20:42.192",NULL,"y"
192,20251215,6494,30,69,"450.0","0","0","0","2026-03-24 20:20:42.192",NULL,"y"
193,20251215,6495,30,69,"450.0","0","0","0","2026-03-24 20:20:42.192",NULL,"y"
194,20251215,6496,30,69,"450.0","0","0","0","2026-03-24 20:20:42.192",NULL,"y"
195,20251210,6497,31,66,"10.0","0","0","0","2026-03-24 20:20:42.192",NULL,"y"
196,20251216,6498,30,70,"20.0","0","0","0","2026-03-24 20:20:42.192",NULL,"y"
197,20251216,6499,30,70,"20.0","0","0","0","2026-03-24 20:20:42.192",NULL,"y"
198,20250311,6485,1,37,"60.0","0","0","0","2026-03-24 20:20:42.192",NULL,"y"
199,20250317,6485,1,38,"26.0","0","0","0","2026-03-24 20:20:42.192",NULL,"y"
200,20250321,6485,1,39,"50.0","0","0","0","2026-03-24 20:20:42.194",NULL,"y"
201,20250326,6485,1,40,"40.0","0","0","0","2026-03-24 20:20:42.194",NULL,"y"
202,20250403,6485,1,41,"72.0","0","0","0","2026-03-24 20:20:42.194",NULL,"y"
203,20250403,6486,1,41,"3.0","0","0","0","2026-03-24 20:20:42.195",NULL,"y"
204,20250415,6485,1,42,"19.0","0","0","0","2026-03-24 20:20:42.195",NULL,"y"
205,20250415,6486,1,42,"3.0","0","0","0","2026-03-24 20:20:42.195",NULL,"y"
206,20250328,6485,2,43,"47.0","0","0","0","2026-03-24 20:20:42.195",NULL,"y"
207,20250326,6485,3,44,"16.0","0","0","0","2026-03-24 20:20:42.195",NULL,"y"
208,20250328,6485,4,45,"4.0","0","0","0","2026-03-24 20:20:42.195",NULL,"y"
209,20250325,6485,5,46,"39.0","0","0","0","2026-03-24 20:20:42.195",NULL,"y"
210,20250324,6485,6,47,"1.0","0","0","0","2026-03-24 20:20:42.195",NULL,"y"
211,20250324,6485,7,48,"3.0","0","0","0","2026-03-24 20:20:42.196",NULL,"y"
212,20250315,6485,8,49,"13.0","0","0","0","2026-03-24 20:20:42.196",NULL,"y"
213,20250312,6485,9,50,"8.0","0","0","0","2026-03-24 20:20:42.196",NULL,"y"
214,20250312,6485,10,51,"8.0","0","0","0","2026-03-24 20:20:42.196",NULL,"y"
215,20250312,6485,11,52,"15.0","0","0","0","2026-03-24 20:20:42.196",NULL,"y"
216,20250328,6485,12,53,"29.0","0","0","0","2026-03-24 20:20:42.196",NULL,"y"
217,20250328,6485,13,54,"32.0","0","0","0","2026-03-24 20:20:42.196",NULL,"y"
218,20250403,6486,1,41,"3.0","0","0","0","2026-03-24 20:20:42.196",NULL,"y"
219,20250328,6485,14,55,"36.0","0","0","0","2026-03-24 20:20:42.197",NULL,"y"
220,20250327,6485,15,56,"7.0","0","0","0","2026-03-24 20:20:42.197",NULL,"y"
221,20250324,6485,16,57,"24.0","0","0","0","2026-03-24 20:20:42.197",NULL,"y"
222,20250326,6485,17,58,"13.0","0","0","0","2026-03-24 20:20:42.197",NULL,"y"
223,20250403,6485,18,59,"3.0","0","0","0","2026-03-24 20:20:42.197",NULL,"y"
224,20250403,6486,18,59,"5.0","0","0","0","2026-03-24 20:20:42.197",NULL,"y"
225,20250315,6485,18,60,"38.0","0","0","0","2026-03-24 20:20:42.197",NULL,"y"
226,20250324,6485,19,61,"23.0","0","0","0","2026-03-24 20:20:42.197",NULL,"y"
227,20250314,6485,1,62,"97.0","0","0","0","2026-03-24 20:20:42.197",NULL,"y"
228,20250315,6485,20,63,"13.0","0","0","0","2026-03-24 20:20:42.197",NULL,"y"
229,20250402,6485,21,64,"7.0","0","0","0","2026-03-24 20:20:42.197",NULL,"y"
230,20250402,6485,22,65,"3.0","0","0","0","2026-03-24 20:20:42.198",NULL,"y"
231,20250402,6485,23,66,"4.0","0","0","0","2026-03-24 20:20:42.198",NULL,"y"
232,20250402,6485,24,67,"4.0","0","0","0","2026-03-24 20:20:42.198",NULL,"y"
233,20250402,6485,25,67,"7.0","0","0","0","2026-03-24 20:20:42.198",NULL,"y"
234,20250402,6485,26,67,"32.0","0","0","0","2026-03-24 20:20:42.198",NULL,"y"
235,20241210,6487,27,68,"432.0","0","0","0","2026-03-24 20:20:42.199",NULL,"y"
236,20251118,6488,28,65,"1500.0","0","0","0","2026-03-24 20:20:42.199",NULL,"y"
237,20251212,6489,29,67,"5.0","0","0","0","2026-03-24 20:20:42.199",NULL,"y"
238,20251212,6490,29,67,"5.0","0","0","0","2026-03-24 20:20:42.199",NULL,"y"
239,20251212,6491,29,67,"5.0","0","0","0","2026-03-24 20:20:42.199",NULL,"y"
240,20251212,6492,29,67,"5.0","0","0","0","2026-03-24 20:20:42.199",NULL,"y"
241,20251212,6493,29,67,"5.0","0","0","0","2026-03-24 20:20:42.199",NULL,"y"
242,20251215,6494,30,69,"450.0","0","0","0","2026-03-24 20:20:42.199",NULL,"y"
243,20251215,6495,30,69,"450.0","0","0","0","2026-03-24 20:20:42.199",NULL,"y"
244,20251215,6496,30,69,"450.0","0","0","0","2026-03-24 20:20:42.199",NULL,"y"
245,20251210,6497,31,66,"10.0","0","0","0","2026-03-24 20:20:42.199",NULL,"y"
246,20251216,6498,30,70,"20.0","0","0","0","2026-03-24 20:20:42.199",NULL,"y"
247,20251216,6499,30,70,"20.0","0","0","0","2026-03-24 20:20:42.2",NULL,"y"
248,20250311,6485,1,37,"60.0","0","0","0","2026-03-24 20:20:42.2",NULL,"y"
249,20250317,6485,1,38,"26.0","0","0","0","2026-03-24 20:20:42.2",NULL,"y"
250,20250321,6485,1,39,"50.0","0","0","0","2026-03-24 20:20:42.2",NULL,"y"
251,20250326,6485,1,40,"40.0","0","0","0","2026-03-24 20:20:42.2",NULL,"y"
252,20250403,6485,1,41,"72.0","0","0","0","2026-03-24 20:20:42.2",NULL,"y"
253,20250403,6486,1,41,"3.0","0","0","0","2026-03-24 20:20:42.2",NULL,"y"
254,20250415,6485,1,42,"19.0","0","0","0","2026-03-24 20:20:42.201",NULL,"y"
255,20250415,6486,1,42,"3.0","0","0","0","2026-03-24 20:20:42.201",NULL,"y"
256,20250328,6485,2,43,"47.0","0","0","0","2026-03-24 20:20:42.201",NULL,"y"
257,20250326,6485,3,44,"16.0","0","0","0","2026-03-24 20:20:42.202",NULL,"y"
258,20250328,6485,4,45,"4.0","0","0","0","2026-03-24 20:20:42.202",NULL,"y"
259,20250325,6485,5,46,"39.0","0","0","0","2026-03-24 20:20:42.202",NULL,"y"
260,20250324,6485,6,47,"1.0","0","0","0","2026-03-24 20:20:42.202",NULL,"y"
261,20250324,6485,7,48,"3.0","0","0","0","2026-03-24 20:20:42.202",NULL,"y"
262,20250315,6485,8,49,"13.0","0","0","0","2026-03-24 20:20:42.202",NULL,"y"
263,20250312,6485,9,50,"8.0","0","0","0","2026-03-24 20:20:42.202",NULL,"y"
264,20250312,6485,10,51,"8.0","0","0","0","2026-03-24 20:20:42.202",NULL,"y"
265,20250312,6485,11,52,"15.0","0","0","0","2026-03-24 20:20:42.202",NULL,"y"
266,20250328,6485,12,53,"29.0","0","0","0","2026-03-24 20:20:42.202",NULL,"y"
267,20250328,6485,13,54,"32.0","0","0","0","2026-03-24 20:20:42.202",NULL,"y"
268,20250328,6485,14,55,"36.0","0","0","0","2026-03-24 20:20:42.202",NULL,"y"
269,20250327,6485,15,56,"7.0","0","0","0","2026-03-24 20:20:42.202",NULL,"y"
270,20250324,6485,16,57,"24.0","0","0","0","2026-03-24 20:20:42.203",NULL,"y"
271,20250326,6485,17,58,"13.0","0","0","0","2026-03-24 20:20:42.203",NULL,"y"
272,20250403,6485,18,59,"3.0","0","0","0","2026-03-24 20:20:42.203",NULL,"y"
273,20250403,6486,18,59,"5.0","0","0","0","2026-03-24 20:20:42.203",NULL,"y"
274,20250315,6485,18,60,"38.0","0","0","0","2026-03-24 20:20:42.203",NULL,"y"
275,20250324,6485,19,61,"23.0","0","0","0","2026-03-24 20:20:42.203",NULL,"y"
276,20250314,6485,1,62,"97.0","0","0","0","2026-03-24 20:20:42.203",NULL,"y"
277,20250315,6485,20,63,"13.0","0","0","0","2026-03-24 20:20:42.203",NULL,"y"
278,20250402,6485,21,64,"7.0","0","0","0","2026-03-24 20:20:42.203",NULL,"y"
279,20250402,6485,22,65,"3.0","0","0","0","2026-03-24 20:20:42.203",NULL,"y"
280,20250402,6485,23,66,"4.0","0","0","0","2026-03-24 20:20:42.203",NULL,"y"
281,20250402,6485,24,67,"4.0","0","0","0","2026-03-24 20:20:42.204",NULL,"y"
282,20250402,6485,25,67,"7.0","0","0","0","2026-03-24 20:20:42.204",NULL,"y"
283,20250402,6485,26,67,"32.0","0","0","0","2026-03-24 20:20:42.204",NULL,"y"
284,20241210,6487,27,68,"432.0","0","0","0","2026-03-24 20:20:42.204",NULL,"y"
285,20251118,6488,28,65,"1500.0","0","0","0","2026-03-24 20:20:42.204",NULL,"y"
286,20251212,6489,29,67,"5.0","0","0","0","2026-03-24 20:20:42.204",NULL,"y"
287,20251212,6490,29,67,"5.0","0","0","0","2026-03-24 20:20:42.205",NULL,"y"
288,20251212,6491,29,67,"5.0","0","0","0","2026-03-24 20:20:42.205",NULL,"y"
289,20251212,6492,29,67,"5.0","0","0","0","2026-03-24 20:20:42.205",NULL,"y"
290,20251212,6493,29,67,"5.0","0","0","0","2026-03-24 20:20:42.205",NULL,"y"
291,20251215,6494,30,69,"450.0","0","0","0","2026-03-24 20:20:42.205",NULL,"y"
292,20251215,6495,30,69,"450.0","0","0","0","2026-03-24 20:20:42.205",NULL,"y"
293,20251215,6496,30,69,"450.0","0","0","0","2026-03-24 20:20:42.205",NULL,"y"
294,20251210,6497,31,66,"10.0","0","0","0","2026-03-24 20:20:42.205",NULL,"y"
295,20251216,6498,30,70,"20.0","0","0","0","2026-03-24 20:20:42.205",NULL,"y"
296,20251216,6499,30,70,"20.0","0","0","0","2026-03-24 20:20:42.205",NULL,"y"
297,20250311,6485,1,37,"60.0","0","0","0","2026-03-24 20:20:42.205",NULL,"y"
298,20250317,6485,1,38,"26.0","0","0","0","2026-03-24 20:20:42.205",NULL,"y"
299,20250321,6485,1,39,"50.0","0","0","0","2026-03-24 20:20:42.205",NULL,"y"
300,20250326,6485,1,40,"40.0","0","0","0","2026-03-24 20:20:42.205",NULL,"y"
301,20250403,6485,1,41,"72.0","0","0","0","2026-03-24 20:20:42.205",NULL,"y"
302,20250403,6486,1,41,"3.0","0","0","0","2026-03-24 20:20:42.205",NULL,"y"
303,20250415,6485,1,42,"19.0","0","0","0","2026-03-24 20:20:42.205",NULL,"y"
304,20250415,6486,1,42,"3.0","0","0","0","2026-03-24 20:20:42.205",NULL,"y"
305,20250328,6485,2,43,"47.0","0","0","0","2026-03-24 20:20:42.205",NULL,"y"
306,20250326,6485,3,44,"16.0","0","0","0","2026-03-24 20:20:42.205",NULL,"y"
307,20250328,6485,4,45,"4.0","0","0","0","2026-03-24 20:20:42.205",NULL,"y"
308,20250325,6485,5,46,"39.0","0","0","0","2026-03-24 20:20:42.207",NULL,"y"
309,20250324,6485,6,47,"1.0","0","0","0","2026-03-24 20:20:42.207",NULL,"y"
310,20250324,6485,7,48,"3.0","0","0","0","2026-03-24 20:20:42.207",NULL,"y"
311,20250315,6485,8,49,"13.0","0","0","0","2026-03-24 20:20:42.207",NULL,"y"
312,20250312,6485,9,50,"8.0","0","0","0","2026-03-24 20:20:42.207",NULL,"y"
313,20250312,6485,10,51,"8.0","0","0","0","2026-03-24 20:20:42.207",NULL,"y"
314,20250312,6485,11,52,"15.0","0","0","0","2026-03-24 20:20:42.207",NULL,"y"
315,20250328,6485,12,53,"29.0","0","0","0","2026-03-24 20:20:42.207",NULL,"y"
316,20250328,6485,13,54,"32.0","0","0","0","2026-03-24 20:20:42.207",NULL,"y"
317,20250328,6485,14,55,"36.0","0","0","0","2026-03-24 20:20:42.207",NULL,"y"
318,20250327,6485,15,56,"7.0","0","0","0","2026-03-24 20:20:42.207",NULL,"y"
319,20250324,6485,16,57,"24.0","0","0","0","2026-03-24 20:20:42.207",NULL,"y"
320,20250326,6485,17,58,"13.0","0","0","0","2026-03-24 20:20:42.207",NULL,"y"
321,20250403,6485,18,59,"3.0","0","0","0","2026-03-24 20:20:42.207",NULL,"y"
322,20250403,6486,18,59,"5.0","0","0","0","2026-03-24 20:20:42.207",NULL,"y"
323,20250315,6485,18,60,"38.0","0","0","0","2026-03-24 20:20:42.207",NULL,"y"
324,20250324,6485,19,61,"23.0","0","0","0","2026-03-24 20:20:42.208",NULL,"y"
325,20250314,6485,1,62,"97.0","0","0","0","2026-03-24 20:20:42.208",NULL,"y"
326,20250315,6485,20,63,"13.0","0","0","0","2026-03-24 20:20:42.208",NULL,"y"
327,20250402,6485,21,64,"7.0","0","0","0","2026-03-24 20:20:42.208",NULL,"y"
328,20250402,6485,22,65,"3.0","0","0","0","2026-03-24 20:20:42.208",NULL,"y"
329,20250402,6485,23,66,"4.0","0","0","0","2026-03-24 20:20:42.208",NULL,"y"
330,20250402,6485,24,67,"4.0","0","0","0","2026-03-24 20:20:42.208",NULL,"y"
331,20250402,6485,25,67,"7.0","0","0","0","2026-03-24 20:20:42.208",NULL,"y"
332,20250402,6485,26,67,"32.0","0","0","0","2026-03-24 20:20:42.208",NULL,"y"
333,20241210,6487,27,68,"432.0","0","0","0","2026-03-24 20:20:42.208",NULL,"y"
334,20251118,6488,28,65,"1500.0","0","0","0","2026-03-24 20:20:42.208",NULL,"y"
335,20251212,6489,29,67,"5.0","0","0","0","2026-03-24 20:20:42.208",NULL,"y"
336,20251212,6490,29,67,"5.0","0","0","0","2026-03-24 20:20:42.208",NULL,"y"
337,20251212,6491,29,67,"5.0","0","0","0","2026-03-24 20:20:42.21",NULL,"y"
338,20251212,6492,29,67,"5.0","0","0","0","2026-03-24 20:20:42.21",NULL,"y"
339,20251212,6493,29,67,"5.0","0","0","0","2026-03-24 20:20:42.21",NULL,"y"
340,20251215,6494,30,69,"450.0","0","0","0","2026-03-24 20:20:42.21",NULL,"y"
341,20251215,6495,30,69,"450.0","0","0","0","2026-03-24 20:20:42.21",NULL,"y"
342,20251215,6496,30,69,"450.0","0","0","0","2026-03-24 20:20:42.21",NULL,"y"
343,20251210,6497,31,66,"10.0","0","0","0","2026-03-24 20:20:42.21",NULL,"y"
344,20251216,6498,30,70,"20.0","0","0","0","2026-03-24 20:20:42.21",NULL,"y"
345,20251216,6499,30,70,"20.0","0","0","0","2026-03-24 20:20:42.21",NULL,"y"
346,20250311,6485,1,37,"60.0","0","0","0","2026-03-24 20:20:42.21",NULL,"y"
347,20250317,6485,1,38,"26.0","0","0","0","2026-03-24 20:20:42.21",NULL,"y"
348,20250321,6485,1,39,"50.0","0","0","0","2026-03-24 20:20:42.21",NULL,"y"
349,20250326,6485,1,40,"40.0","0","0","0","2026-03-24 20:20:42.21",NULL,"y"
350,20250415,6485,1,42,"19.0","0","0","0","2026-03-24 20:20:42.21",NULL,"y"
351,20250415,6486,1,42,"3.0","0","0","0","2026-03-24 20:20:42.21",NULL,"y"
352,20250328,6485,2,43,"47.0","0","0","0","2026-03-24 20:20:42.21",NULL,"y"
353,20250326,6485,3,44,"16.0","0","0","0","2026-03-24 20:20:42.21",NULL,"y"
354,20250328,6485,4,45,"4.0","0","0","0","2026-03-24 20:20:42.21",NULL,"y"
355,20250325,6485,5,46,"39.0","0","0","0","2026-03-24 20:20:42.211",NULL,"y"
356,20250324,6485,6,47,"1.0","0","0","0","2026-03-24 20:20:42.211",NULL,"y"
357,20250324,6485,7,48,"3.0","0","0","0","2026-03-24 20:20:42.211",NULL,"y"
358,20250315,6485,8,49,"13.0","0","0","0","2026-03-24 20:20:42.211",NULL,"y"
359,20250312,6485,9,50,"8.0","0","0","0","2026-03-24 20:20:42.211",NULL,"y"
360,20250312,6485,10,51,"8.0","0","0","0","2026-03-24 20:20:42.211",NULL,"y"
361,20250312,6485,11,52,"15.0","0","0","0","2026-03-24 20:20:42.211",NULL,"y"
362,20250328,6485,12,53,"29.0","0","0","0","2026-03-24 20:20:42.211",NULL,"y"
363,20250328,6485,13,54,"32.0","0","0","0","2026-03-24 20:20:42.211",NULL,"y"
364,20250328,6485,14,55,"36.0","0","0","0","2026-03-24 20:20:42.211",NULL,"y"
365,20250327,6485,15,56,"7.0","0","0","0","2026-03-24 20:20:42.211",NULL,"y"
366,20250324,6485,16,57,"24.0","0","0","0","2026-03-24 20:20:42.211",NULL,"y"
367,20250326,6485,17,58,"13.0","0","0","0","2026-03-24 20:20:42.211",NULL,"y"
368,20250403,6485,18,59,"3.0","0","0","0","2026-03-24 20:20:42.211",NULL,"y"
369,20250403,6486,18,59,"5.0","0","0","0","2026-03-24 20:20:42.211",NULL,"y"
370,20250315,6485,18,60,"38.0","0","0","0","2026-03-24 20:20:42.211",NULL,"y"
371,20250324,6485,19,61,"23.0","0","0","0","2026-03-24 20:20:42.211",NULL,"y"
372,20250314,6485,1,62,"97.0","0","0","0","2026-03-24 20:20:42.211",NULL,"y"
373,20250315,6485,20,63,"13.0","0","0","0","2026-03-24 20:20:42.211",NULL,"y"
374,20250402,6485,21,64,"7.0","0","0","0","2026-03-24 20:20:42.211",NULL,"y"
375,20250402,6485,22,65,"3.0","0","0","0","2026-03-24 20:20:42.211",NULL,"y"
376,20250402,6485,23,66,"4.0","0","0","0","2026-03-24 20:20:42.211",NULL,"y"
377,20250402,6485,24,67,"4.0","0","0","0","2026-03-24 20:20:42.211",NULL,"y"
378,20250402,6485,25,67,"7.0","0","0","0","2026-03-24 20:20:42.211",NULL,"y"
379,20250402,6485,26,67,"32.0","0","0","0","2026-03-24 20:20:42.213",NULL,"y"
380,20241210,6487,27,68,"432.0","0","0","0","2026-03-24 20:20:42.213",NULL,"y"
381,20251118,6488,28,65,"1500.0","0","0","0","2026-03-24 20:20:42.213",NULL,"y"
382,20251212,6489,29,67,"5.0","0","0","0","2026-03-24 20:20:42.213",NULL,"y"
383,20251212,6490,29,67,"5.0","0","0","0","2026-03-24 20:20:42.213",NULL,"y"
384,20251212,6491,29,67,"5.0","0","0","0","2026-03-24 20:20:42.213",NULL,"y"
385,20251212,6492,29,67,"5.0","0","0","0","2026-03-24 20:20:42.213",NULL,"y"
386,20251212,6493,29,67,"5.0","0","0","0","2026-03-24 20:20:42.213",NULL,"y"
387,20251215,6494,30,69,"450.0","0","0","0","2026-03-24 20:20:42.213",NULL,"y"
388,20251215,6495,30,69,"450.0","0","0","0","2026-03-24 20:20:42.213",NULL,"y"
389,20251215,6496,30,69,"450.0","0","0","0","2026-03-24 20:20:42.213",NULL,"y"
390,20251210,6497,31,66,"10.0","0","0","0","2026-03-24 20:20:42.213",NULL,"y"
391,20251216,6498,30,70,"20.0","0","0","0","2026-03-24 20:20:42.213",NULL,"y"
392,20251212,6493,29,67,"5.0","0","0","0","2026-03-24 20:20:42.213",NULL,"y"
393,20251216,6499,30,70,"20.0","0","0","0","2026-03-24 20:20:42.213",NULL,"y"
394,20250311,6485,1,37,"60.0","0","0","0","2026-03-24 20:20:42.213",NULL,"y"
395,20250317,6485,1,38,"26.0","0","0","0","2026-03-24 20:20:42.213",NULL,"y"
396,20250321,6485,1,39,"50.0","0","0","0","2026-03-24 20:20:42.215",NULL,"y"
397,20250326,6485,1,40,"40.0","0","0","0","2026-03-24 20:20:42.215",NULL,"y"
398,20250403,6485,1,41,"72.0","0","0","0","2026-03-24 20:20:42.215",NULL,"y"
399,20250403,6486,1,41,"3.0","0","0","0","2026-03-24 20:20:42.215",NULL,"y"
400,20250415,6485,1,42,"19.0","0","0","0","2026-03-24 20:20:42.215",NULL,"y"
401,20250415,6486,1,42,"3.0","0","0","0","2026-03-24 20:20:42.215",NULL,"y"
402,20250328,6485,2,43,"47.0","0","0","0","2026-03-24 20:20:42.215",NULL,"y"
403,20250326,6485,3,44,"16.0","0","0","0","2026-03-24 20:20:42.215",NULL,"y"
404,20250328,6485,4,45,"4.0","0","0","0","2026-03-24 20:20:42.215",NULL,"y"
405,20250325,6485,5,46,"39.0","0","0","0","2026-03-24 20:20:42.215",NULL,"y"
406,20250324,6485,6,47,"1.0","0","0","0","2026-03-24 20:20:42.215",NULL,"y"
407,20250324,6485,7,48,"3.0","0","0","0","2026-03-24 20:20:42.215",NULL,"y"
408,20250315,6485,8,49,"13.0","0","0","0","2026-03-24 20:20:42.215",NULL,"y"
409,20250312,6485,9,50,"8.0","0","0","0","2026-03-24 20:20:42.215",NULL,"y"
410,20250312,6485,10,51,"8.0","0","0","0","2026-03-24 20:20:42.215",NULL,"y"
411,20250312,6485,11,52,"15.0","0","0","0","2026-03-24 20:20:42.215",NULL,"y"
412,20250328,6485,12,53,"29.0","0","0","0","2026-03-24 20:20:42.215",NULL,"y"
413,20250328,6485,13,54,"32.0","0","0","0","2026-03-24 20:20:42.215",NULL,"y"
414,20250328,6485,14,55,"36.0","0","0","0","2026-03-24 20:20:42.215",NULL,"y"
415,20250327,6485,15,56,"7.0","0","0","0","2026-03-24 20:20:42.215",NULL,"y"
416,20250324,6485,16,57,"24.0","0","0","0","2026-03-24 20:20:42.215",NULL,"y"
417,20250326,6485,17,58,"13.0","0","0","0","2026-03-24 20:20:42.215",NULL,"y"
418,20250403,6485,18,59,"3.0","0","0","0","2026-03-24 20:20:42.215",NULL,"y"
419,20250403,6486,18,59,"5.0","0","0","0","2026-03-24 20:20:42.215",NULL,"y"
420,20250315,6485,18,60,"38.0","0","0","0","2026-03-24 20:20:42.215",NULL,"y"
421,20250324,6485,19,61,"23.0","0","0","0","2026-03-24 20:20:42.217",NULL,"y"
422,20250314,6485,1,62,"97.0","0","0","0","2026-03-24 20:20:42.217",NULL,"y"
423,20250315,6485,20,63,"13.0","0","0","0","2026-03-24 20:20:42.217",NULL,"y"
424,20250402,6485,21,64,"7.0","0","0","0","2026-03-24 20:20:42.217",NULL,"y"
425,20250402,6485,22,65,"3.0","0","0","0","2026-03-24 20:20:42.217",NULL,"y"
426,20250402,6485,23,66,"4.0","0","0","0","2026-03-24 20:20:42.217",NULL,"y"
427,20250402,6485,24,67,"4.0","0","0","0","2026-03-24 20:20:42.217",NULL,"y"
428,20250402,6485,25,67,"7.0","0","0","0","2026-03-24 20:20:42.217",NULL,"y"
429,20250402,6485,26,67,"32.0","0","0","0","2026-03-24 20:20:42.217",NULL,"y"
430,20241210,6487,27,68,"432.0","0","0","0","2026-03-24 20:20:42.217",NULL,"y"
431,20251118,6488,28,65,"1500.0","0","0","0","2026-03-24 20:20:42.217",NULL,"y"
432,20251212,6489,29,67,"5.0","0","0","0","2026-03-24 20:20:42.217",NULL,"y"
433,20251212,6490,29,67,"5.0","0","0","0","2026-03-24 20:20:42.217",NULL,"y"
434,20251212,6491,29,67,"5.0","0","0","0","2026-03-24 20:20:42.218",NULL,"y"
435,20251212,6492,29,67,"5.0","0","0","0","2026-03-24 20:20:42.218",NULL,"y"
436,20251215,6494,30,69,"450.0","0","0","0","2026-03-24 20:20:42.218",NULL,"y"
437,20251215,6495,30,69,"450.0","0","0","0","2026-03-24 20:20:42.218",NULL,"y"
438,20251215,6496,30,69,"450.0","0","0","0","2026-03-24 20:20:42.218",NULL,"y"
439,20251210,6497,31,66,"10.0","0","0","0","2026-03-24 20:20:42.218",NULL,"y"
440,20251216,6498,30,70,"20.0","0","0","0","2026-03-24 20:20:42.218",NULL,"y"
441,20251216,6499,30,70,"20.0","0","0","0","2026-03-24 20:20:42.218",NULL,"y"
442,20250311,6485,1,37,"60.0","0","0","0","2026-03-24 20:20:42.218",NULL,"y"
443,20250317,6485,1,38,"26.0","0","0","0","2026-03-24 20:20:42.218",NULL,"y"
444,20250321,6485,1,39,"50.0","0","0","0","2026-03-24 20:20:42.218",NULL,"y"
445,20250326,6485,1,40,"40.0","0","0","0","2026-03-24 20:20:42.219",NULL,"y"
446,20250403,6485,1,41,"72.0","0","0","0","2026-03-24 20:20:42.219",NULL,"y"
447,20250403,6486,1,41,"3.0","0","0","0","2026-03-24 20:20:42.219",NULL,"y"
448,20250415,6485,1,42,"19.0","0","0","0","2026-03-24 20:20:42.219",NULL,"y"
449,20250415,6486,1,42,"3.0","0","0","0","2026-03-24 20:20:42.219",NULL,"y"
450,20250328,6485,2,43,"47.0","0","0","0","2026-03-24 20:20:42.22",NULL,"y"
451,20250326,6485,3,44,"16.0","0","0","0","2026-03-24 20:20:42.22",NULL,"y"
452,20250328,6485,4,45,"4.0","0","0","0","2026-03-24 20:20:42.22",NULL,"y"
453,20250325,6485,5,46,"39.0","0","0","0","2026-03-24 20:20:42.22",NULL,"y"
454,20250324,6485,6,47,"1.0","0","0","0","2026-03-24 20:20:42.22",NULL,"y"
455,20250324,6485,7,48,"3.0","0","0","0","2026-03-24 20:20:42.22",NULL,"y"
456,20250315,6485,8,49,"13.0","0","0","0","2026-03-24 20:20:42.22",NULL,"y"
457,20250312,6485,9,50,"8.0","0","0","0","2026-03-24 20:20:42.22",NULL,"y"
458,20250312,6485,10,51,"8.0","0","0","0","2026-03-24 20:20:42.22",NULL,"y"
459,20250312,6485,11,52,"15.0","0","0","0","2026-03-24 20:20:42.22",NULL,"y"
460,20250328,6485,12,53,"29.0","0","0","0","2026-03-24 20:20:42.22",NULL,"y"
461,20250328,6485,13,54,"32.0","0","0","0","2026-03-24 20:20:42.22",NULL,"y"
462,20250328,6485,14,55,"36.0","0","0","0","2026-03-24 20:20:42.22",NULL,"y"
463,20250327,6485,15,56,"7.0","0","0","0","2026-03-24 20:20:42.22",NULL,"y"
464,20250324,6485,16,57,"24.0","0","0","0","2026-03-24 20:20:42.22",NULL,"y"
465,20250326,6485,17,58,"13.0","0","0","0","2026-03-24 20:20:42.22",NULL,"y"
466,20250403,6485,18,59,"3.0","0","0","0","2026-03-24 20:20:42.22",NULL,"y"
467,20250403,6486,18,59,"5.0","0","0","0","2026-03-24 20:20:42.22",NULL,"y"
468,20250315,6485,18,60,"38.0","0","0","0","2026-03-24 20:20:42.22",NULL,"y"
469,20250324,6485,19,61,"23.0","0","0","0","2026-03-24 20:20:42.22",NULL,"y"
470,20250314,6485,1,62,"97.0","0","0","0","2026-03-24 20:20:42.22",NULL,"y"
471,20250315,6485,20,63,"13.0","0","0","0","2026-03-24 20:20:42.22",NULL,"y"
472,20250402,6485,21,64,"7.0","0","0","0","2026-03-24 20:20:42.22",NULL,"y"
473,20250402,6485,22,65,"3.0","0","0","0","2026-03-24 20:20:42.22",NULL,"y"
474,20250402,6485,23,66,"4.0","0","0","0","2026-03-24 20:20:42.22",NULL,"y"
475,20250402,6485,24,67,"4.0","0","0","0","2026-03-24 20:20:42.22",NULL,"y"
476,20250402,6485,25,67,"7.0","0","0","0","2026-03-24 20:20:42.22",NULL,"y"
477,20250402,6485,26,67,"32.0","0","0","0","2026-03-24 20:20:42.222",NULL,"y"
478,20241210,6487,27,68,"432.0","0","0","0","2026-03-24 20:20:42.222",NULL,"y"
479,20251118,6488,28,65,"1500.0","0","0","0","2026-03-24 20:20:42.222",NULL,"y"
480,20251212,6489,29,67,"5.0","0","0","0","2026-03-24 20:20:42.222",NULL,"y"
481,20251212,6490,29,67,"5.0","0","0","0","2026-03-24 20:20:42.222",NULL,"y"
482,20251212,6491,29,67,"5.0","0","0","0","2026-03-24 20:20:42.222",NULL,"y"
483,20251212,6492,29,67,"5.0","0","0","0","2026-03-24 20:20:42.222",NULL,"y"
484,20251212,6493,29,67,"5.0","0","0","0","2026-03-24 20:20:42.222",NULL,"y"
485,20251215,6494,30,69,"450.0","0","0","0","2026-03-24 20:20:42.222",NULL,"y"
486,20251215,6495,30,69,"450.0","0","0","0","2026-03-24 20:20:42.222",NULL,"y"
487,20251215,6496,30,69,"450.0","0","0","0","2026-03-24 20:20:42.222",NULL,"y"
488,20251210,6497,31,66,"10.0","0","0","0","2026-03-24 20:20:42.222",NULL,"y"
489,20251216,6498,30,70,"20.0","0","0","0","2026-03-24 20:20:42.222",NULL,"y"
490,20251216,6499,30,70,"20.0","0","0","0","2026-03-24 20:20:42.222",NULL,"y"
491,20250311,6485,1,37,"60.0","0","0","0","2026-03-24 20:20:42.222",NULL,"y"
492,20250317,6485,1,38,"26.0","0","0","0","2026-03-24 20:20:42.222",NULL,"y"
493,20250321,6485,1,39,"50.0","0","0","0","2026-03-24 20:20:42.222",NULL,"y"
494,20250326,6485,1,40,"40.0","0","0","0","2026-03-24 20:20:42.223",NULL,"y"
495,20250403,6485,1,41,"72.0","0","0","0","2026-03-24 20:20:42.223",NULL,"y"
496,20250403,6486,1,41,"3.0","0","0","0","2026-03-24 20:20:42.223",NULL,"y"
497,20250415,6485,1,42,"19.0","0","0","0","2026-03-24 20:20:42.223",NULL,"y"
498,20250415,6486,1,42,"3.0","0","0","0","2026-03-24 20:20:42.223",NULL,"y"
499,20250328,6485,2,43,"47.0","0","0","0","2026-03-24 20:20:42.223",NULL,"y"
500,20250326,6485,3,44,"16.0","0","0","0","2026-03-24 20:20:42.223",NULL,"y"
501,20250328,6485,4,45,"4.0","0","0","0","2026-03-24 20:20:42.223",NULL,"y"
502,20250325,6485,5,46,"39.0","0","0","0","2026-03-24 20:20:42.223",NULL,"y"
503,20250324,6485,6,47,"1.0","0","0","0","2026-03-24 20:20:42.223",NULL,"y"
504,20250324,6485,7,48,"3.0","0","0","0","2026-03-24 20:20:42.223",NULL,"y"
505,20250315,6485,8,49,"13.0","0","0","0","2026-03-24 20:20:42.224",NULL,"y"
506,20250312,6485,9,50,"8.0","0","0","0","2026-03-24 20:20:42.224",NULL,"y"
507,20250312,6485,10,51,"8.0","0","0","0","2026-03-24 20:20:42.224",NULL,"y"
508,20250312,6485,11,52,"15.0","0","0","0","2026-03-24 20:20:42.224",NULL,"y"
509,20250328,6485,12,53,"29.0","0","0","0","2026-03-24 20:20:42.224",NULL,"y"
510,20250328,6485,13,54,"32.0","0","0","0","2026-03-24 20:20:42.224",NULL,"y"
511,20250328,6485,14,55,"36.0","0","0","0","2026-03-24 20:20:42.224",NULL,"y"
512,20250327,6485,15,56,"7.0","0","0","0","2026-03-24 20:20:42.225",NULL,"y"
513,20250324,6485,16,57,"24.0","0","0","0","2026-03-24 20:20:42.225",NULL,"y"
514,20250326,6485,17,58,"13.0","0","0","0","2026-03-24 20:20:42.225",NULL,"y"
515,20250403,6485,18,59,"3.0","0","0","0","2026-03-24 20:20:42.225",NULL,"y"
516,20250403,6486,18,59,"5.0","0","0","0","2026-03-24 20:20:42.225",NULL,"y"
517,20250315,6485,18,60,"38.0","0","0","0","2026-03-24 20:20:42.225",NULL,"y"
518,20250324,6485,19,61,"23.0","0","0","0","2026-03-24 20:20:42.225",NULL,"y"
519,20250314,6485,1,62,"97.0","0","0","0","2026-03-24 20:20:42.225",NULL,"y"
520,20250315,6485,20,63,"13.0","0","0","0","2026-03-24 20:20:42.225",NULL,"y"
521,20250402,6485,21,64,"7.0","0","0","0","2026-03-24 20:20:42.225",NULL,"y"
522,20250402,6485,22,65,"3.0","0","0","0","2026-03-24 20:20:42.225",NULL,"y"
523,20250402,6485,23,66,"4.0","0","0","0","2026-03-24 20:20:42.226",NULL,"y"
524,20250402,6485,24,67,"4.0","0","0","0","2026-03-24 20:20:42.226",NULL,"y"
525,20250402,6485,25,67,"7.0","0","0","0","2026-03-24 20:20:42.226",NULL,"y"
526,20250402,6485,26,67,"32.0","0","0","0","2026-03-24 20:20:42.226",NULL,"y"
527,20241210,6487,27,68,"432.0","0","0","0","2026-03-24 20:20:42.226",NULL,"y"
528,20251118,6488,28,65,"1500.0","0","0","0","2026-03-24 20:20:42.226",NULL,"y"
529,20251212,6489,29,67,"5.0","0","0","0","2026-03-24 20:20:42.226",NULL,"y"
530,20251212,6490,29,67,"5.0","0","0","0","2026-03-24 20:20:42.226",NULL,"y"
531,20251212,6491,29,67,"5.0","0","0","0","2026-03-24 20:20:42.226",NULL,"y"
532,20251212,6492,29,67,"5.0","0","0","0","2026-03-24 20:20:42.226",NULL,"y"
533,20251212,6493,29,67,"5.0","0","0","0","2026-03-24 20:20:42.227",NULL,"y"
534,20251215,6494,30,69,"450.0","0","0","0","2026-03-24 20:20:42.227",NULL,"y"
535,20251215,6495,30,69,"450.0","0","0","0","2026-03-24 20:20:42.227",NULL,"y"
536,20251215,6496,30,69,"450.0","0","0","0","2026-03-24 20:20:42.227",NULL,"y"
537,20251210,6497,31,66,"10.0","0","0","0","2026-03-24 20:20:42.227",NULL,"y"
538,20251216,6498,30,70,"20.0","0","0","0","2026-03-24 20:20:42.227",NULL,"y"
539,20251216,6499,30,70,"20.0","0","0","0","2026-03-24 20:20:42.227",NULL,"y"
540,20240220,6574,47,942,"3","6","18","7","2026-03-24 20:20:42.299",NULL,"y"
541,20260102,6575,48,1418,"1","50","100","8","2026-03-24 20:20:42.299",NULL,"y"
542,20251230,6576,49,1418,"1","90","90","8","2026-03-24 20:20:42.299",NULL,"y"
543,20251229,6538,50,1418,"1","65","153","0","2026-03-24 20:20:42.299",NULL,"y"
544,20251229,6539,50,1418,"2","58","153","0","2026-03-24 20:20:42.299",NULL,"y"
545,20251229,6577,50,1418,"3","30","153","0","2026-03-24 20:20:42.299",NULL,"y"
546,20251229,6578,51,1418,"1","90","90","8","2026-03-24 20:20:42.299",NULL,"y"
547,20251229,6578,52,1418,"1","90","90","8","2026-03-24 20:20:42.299",NULL,"y"
548,20251229,6575,53,1418,"1","50","100","8","2026-03-24 20:20:42.299",NULL,"y"
549,20251229,6579,54,1418,"1","30","105","8","2026-03-24 20:20:42.299",NULL,"y"
550,20251229,6580,54,1418,"2","25","105","8","2026-03-24 20:20:42.299",NULL,"y"
551,20251229,6581,54,1418,"3","25","105","8","2026-03-24 20:20:42.299",NULL,"y"
552,20251229,6582,54,1418,"4","25","105","8","2026-03-24 20:20:42.299",NULL,"y"
553,20251228,6583,55,1418,"1","50","75","8","2026-03-24 20:20:42.299",NULL,"y"
554,20251228,6584,55,1418,"2","25","75","8","2026-03-24 20:20:42.299",NULL,"y"
555,20251228,6539,56,1418,"1","58","58","8","2026-03-24 20:20:42.301",NULL,"y"
556,20251228,6585,57,1418,"1","184","184","0","2026-03-24 20:20:42.301",NULL,"y"
557,20251227,6575,58,1418,"1","50","98","8","2026-03-24 20:20:42.301",NULL,"y"
558,20251227,6586,58,1418,"2","48","98","8","2026-03-24 20:20:42.301",NULL,"y"
559,20251227,6538,59,943,"1","65","65","8","2026-03-24 20:20:42.301",NULL,"y"
560,20251227,6587,60,944,"1","30","30","8","2026-03-24 20:20:42.301",NULL,"y"
561,20251227,6578,61,1418,"1","90","124","8","2026-03-24 20:20:42.301",NULL,"y"
562,20251227,6588,61,1418,"2","34","124","8","2026-03-24 20:20:42.301",NULL,"y"
563,20251226,6578,62,1418,"1","90","90","8","2026-03-24 20:20:42.301",NULL,"y"
564,20251226,6589,63,1418,"1","20","100","8","2026-03-24 20:20:42.301",NULL,"y"
565,20251226,6577,64,1418,"1","30","120","8","2026-03-24 20:20:42.302",NULL,"y"
566,20251226,6575,65,1418,"1","50","99,9","8","2026-03-24 20:20:42.302",NULL,"y"
567,20251226,6590,65,1418,"2","49,9","99,9","8","2026-03-24 20:20:42.302",NULL,"y"
568,20251225,6578,66,1418,"1","90","90","8","2026-03-24 20:20:42.302",NULL,"y"
569,20231206,6591,67,945,"1","19","19","0","2026-03-24 20:20:42.302",NULL,"y"
570,20251225,6578,66,1418,"1","90","90","8","2026-03-24 20:20:42.302",NULL,"y"
571,20251225,6578,68,1418,"1","90","90","8","2026-03-24 20:20:42.302",NULL,"y"
572,20251225,6592,69,1418,"1","90","90","8","2026-03-24 20:20:42.302",NULL,"y"
573,20251224,6593,70,1418,"1","20","75","8","2026-03-24 20:20:42.302",NULL,"y"
574,20251224,6594,70,1418,"2","30","75","8","2026-03-24 20:20:42.302",NULL,"y"
575,20251224,6580,70,1418,"3","25","75","8","2026-03-24 20:20:42.302",NULL,"y"
576,20251224,6595,71,1418,"1","90","90","8","2026-03-24 20:20:42.302",NULL,"y"
577,20251224,6595,72,1418,"1","90","90","8","2026-03-24 20:20:42.304",NULL,"y"
578,20251224,6595,73,1418,"1","90","90","8","2026-03-24 20:20:42.304",NULL,"y"
579,20251224,6595,74,1418,"1","90","90","8","2026-03-24 20:20:42.304",NULL,"y"
580,20251224,6596,75,1418,"1","80","105","8","2026-03-24 20:20:42.304",NULL,"y"
581,20251224,6597,75,1418,"2","25","105","8","2026-03-24 20:20:42.304",NULL,"y"
582,20251224,6598,76,946,"1","100","150","0","2026-03-24 20:20:42.304",NULL,"y"
583,20251224,6583,76,946,"2","50","150","0","2026-03-24 20:20:42.304",NULL,"y"
584,20251224,6581,77,1418,"1","25","100","8","2026-03-24 20:20:42.304",NULL,"y"
585,20251224,6582,77,1418,"2","25","100","8","2026-03-24 20:20:42.304",NULL,"y"
586,20251224,6599,77,1418,"3","30","100","8","2026-03-24 20:20:42.304",NULL,"y"
587,20251224,6600,77,1418,"4","20","100","8","2026-03-24 20:20:42.304",NULL,"y"
588,20251224,6580,78,1418,"1","25","100","8","2026-03-24 20:20:42.304",NULL,"y"
589,20251224,6589,79,1418,"1","20","89,9","8","2026-03-24 20:20:42.304",NULL,"y"
590,20251224,6590,79,1418,"2","49,9","89,9","8","2026-03-24 20:20:42.304",NULL,"y"
591,20251224,6601,79,1418,"3","20","89,9","8","2026-03-24 20:20:42.304",NULL,"y"
592,20251224,6539,80,1418,"1","58","58","8","2026-03-24 20:20:42.304",NULL,"y"
593,20251224,6601,81,1418,"1","20","89,9","8","2026-03-24 20:20:42.304",NULL,"y"
594,20251224,6602,81,1418,"2","20","89,9","8","2026-03-24 20:20:42.304",NULL,"y"
595,20251224,6590,81,1418,"3","49,9","89,9","8","2026-03-24 20:20:42.304",NULL,"y"
596,20251224,6603,82,1418,"1","150","150","0","2026-03-24 20:20:42.304",NULL,"y"
597,20251223,6604,83,1418,"1","45","123","8","2026-03-24 20:20:42.304",NULL,"y"
598,20251223,6586,83,1418,"2","48","123","8","2026-03-24 20:20:42.304",NULL,"y"
599,20251223,6587,83,1418,"3","30","123","8","2026-03-24 20:20:42.304",NULL,"y"
600,20251222,6577,84,1418,"1","30","79,9","8","2026-03-24 20:20:42.304",NULL,"y"
601,20251222,6590,84,1418,"2","49,9","79,9","8","2026-03-24 20:20:42.306",NULL,"y"
602,20251222,6577,84,1418,"1","30","79,9","8","2026-03-24 20:20:42.306",NULL,"y"
603,20251222,6590,84,1418,"2","49,9","79,9","8","2026-03-24 20:20:42.306",NULL,"y"
604,20251222,6595,85,1418,"1","90","90","8","2026-03-24 20:20:42.306",NULL,"y"
605,20251219,6595,86,1418,"1","90","90","8","2026-03-24 20:20:42.306",NULL,"y"
606,20251218,6578,87,1418,"1","90","90","8","2026-03-24 20:20:42.306",NULL,"y"
607,20251217,6586,88,1418,"1","48","93","8","2026-03-24 20:20:42.306",NULL,"y"
608,20251217,6604,88,1418,"2","45","93","8","2026-03-24 20:20:42.306",NULL,"y"
609,20251217,6590,89,947,"1","49,9","99,8","8","2026-03-24 20:20:42.306",NULL,"y"
610,20251217,6605,90,1418,"1","50","106","8","2026-03-24 20:20:42.306",NULL,"y"
611,20251217,6606,90,1418,"2","56","106","8","2026-03-24 20:20:42.306",NULL,"y"
612,20251215,6607,91,1418,"1","90","90","8","2026-03-24 20:20:42.306",NULL,"y"
613,20251214,6595,92,1418,"1","90","90","8","2026-03-24 20:20:42.306",NULL,"y"
614,20251214,6577,93,1418,"1","30","90","8","2026-03-24 20:20:42.306",NULL,"y"
615,20251214,6579,93,1418,"2","30","90","8","2026-03-24 20:20:42.306",NULL,"y"
616,20251213,6580,94,1418,"1","25","100","8","2026-03-24 20:20:42.306",NULL,"y"
617,20251213,6584,94,1418,"2","25","100","8","2026-03-24 20:20:42.306",NULL,"y"
618,20251213,6582,94,1418,"3","25","100","8","2026-03-24 20:20:42.306",NULL,"y"
619,20251213,6581,94,1418,"4","25","100","8","2026-03-24 20:20:42.306",NULL,"y"
620,20251212,6596,95,1418,"1","80","105","8","2026-03-24 20:20:42.308",NULL,"y"
621,20251212,6584,95,1418,"2","25","105","8","2026-03-24 20:20:42.308",NULL,"y"
622,20251212,6590,96,1418,"1","49,9","89,9","8","2026-03-24 20:20:42.308",NULL,"y"
623,20251212,6608,96,1418,"2","20","89,9","8","2026-03-24 20:20:42.308",NULL,"y"
624,20251212,6589,96,1418,"3","20","89,9","8","2026-03-24 20:20:42.308",NULL,"y"
625,20251212,6609,97,1418,"1","119","119","8","2026-03-24 20:20:42.308",NULL,"y"
626,20251211,6590,98,1418,"1","49,9","108,9","8","2026-03-24 20:20:42.308",NULL,"y"
627,20251211,6588,98,1418,"2","34","108,9","8","2026-03-24 20:20:42.308",NULL,"y"
628,20251211,6584,98,1418,"3","25","108,9","8","2026-03-24 20:20:42.308",NULL,"y"
629,20251211,6538,99,1418,"1","65","90","8","2026-03-24 20:20:42.308",NULL,"y"
630,20251211,6584,99,1418,"2","25","90","8","2026-03-24 20:20:42.308",NULL,"y"
631,20251211,6609,100,1418,"1","119","119","8","2026-03-24 20:20:42.308",NULL,"y"
632,20251211,6590,101,1418,"1","49,9","99,8","8","2026-03-24 20:20:42.308",NULL,"y"
633,20251211,6580,102,1418,"1","25","99,9","8","2026-03-24 20:20:42.308",NULL,"y"
634,20251211,6584,102,1418,"2","25","99,9","8","2026-03-24 20:20:42.308",NULL,"y"
635,20251211,6590,102,1418,"3","49,9","99,9","8","2026-03-24 20:20:42.308",NULL,"y"
636,20251211,6575,103,1418,"1","50","99,9","8","2026-03-24 20:20:42.308",NULL,"y"
637,20251211,6590,103,1418,"2","49,9","99,9","8","2026-03-24 20:20:42.308",NULL,"y"
638,20251210,6610,104,1418,"1","80","80","8","2026-03-24 20:20:42.308",NULL,"y"
639,20251210,6595,105,1418,"1","90","90","8","2026-03-24 20:20:42.308",NULL,"y"
640,20251210,6595,106,948,"1","90","90","8","2026-03-24 20:20:42.308",NULL,"y"
641,20251209,6578,107,1418,"1","90","90","8","2026-03-24 20:20:42.31",NULL,"y"
642,20251209,6578,108,1418,"1","90","90","8","2026-03-24 20:20:42.31",NULL,"y"
643,20251208,6577,109,949,"1","30","85","8","2026-03-24 20:20:42.31",NULL,"y"
644,20251208,6584,109,949,"2","25","85","8","2026-03-24 20:20:42.31",NULL,"y"
645,20251205,6595,110,950,"1","90","115","8","2026-03-24 20:20:42.31",NULL,"y"
646,20251205,6580,110,950,"2","25","115","8","2026-03-24 20:20:42.31",NULL,"y"
647,20251205,6611,111,951,"1","119","119","8","2026-03-24 20:20:42.31",NULL,"y"
648,20251204,6578,112,952,"1","90","90","8","2026-03-24 20:20:42.31",NULL,"y"
649,20251204,6612,113,953,"1","119","119","8","2026-03-24 20:20:42.31",NULL,"y"
650,20251203,6595,114,954,"1","90","90","8","2026-03-24 20:20:42.31",NULL,"y"
651,20251202,6605,115,955,"1","50","100","8","2026-03-24 20:20:42.31",NULL,"y"
652,20251202,6589,115,955,"2","20","100","8","2026-03-24 20:20:42.31",NULL,"y"
653,20251202,6613,115,955,"3","30","100","8","2026-03-24 20:20:42.311",NULL,"y"
654,20251201,6583,116,956,"1","50","99,9","8","2026-03-24 20:20:42.311",NULL,"y"
655,20251201,6590,116,956,"2","49,9","99,9","8","2026-03-24 20:20:42.311",NULL,"y"
656,20251201,6614,117,957,"1","25","25","8","2026-03-24 20:20:42.311",NULL,"y"
657,20251201,6609,118,958,"1","119","119","8","2026-03-24 20:20:42.311",NULL,"y"
658,20251127,6576,119,959,"1","90","90","8","2026-03-24 20:20:42.311",NULL,"y"
659,20251125,6583,120,960,"1","50","100","8","2026-03-24 20:20:42.311",NULL,"y"
660,20251125,6580,120,960,"2","25","100","8","2026-03-24 20:20:42.311",NULL,"y"
661,20251125,6601,121,961,"1","20","85","8","2026-03-24 20:20:42.311",NULL,"y"
662,20251125,6615,121,961,"2","35","85","8","2026-03-24 20:20:42.311",NULL,"y"
663,20251125,6587,121,961,"3","30","85","8","2026-03-24 20:20:42.311",NULL,"y"
664,20251123,6577,122,962,"1","30","90","8","2026-03-24 20:20:42.311",NULL,"y"
665,20251123,6594,122,962,"2","30","90","8","2026-03-24 20:20:42.311",NULL,"y"
666,20251123,6599,122,962,"3","30","90","8","2026-03-24 20:20:42.311",NULL,"y"
667,20251121,6588,123,963,"1","34","124","8","2026-03-24 20:20:42.311",NULL,"y"
668,20251121,6578,123,963,"2","90","124","8","2026-03-24 20:20:42.311",NULL,"y"
669,20251120,6610,124,964,"1","80","80","8","2026-03-24 20:20:42.311",NULL,"y"
670,20251120,6580,125,965,"1","25","84","8","2026-03-24 20:20:42.311",NULL,"y"
671,20251120,6584,125,965,"2","25","84","8","2026-03-24 20:20:42.311",NULL,"y"
672,20251120,6588,125,965,"3","34","84","8","2026-03-24 20:20:42.311",NULL,"y"
673,20251117,6601,126,966,"1","20","104","8","2026-03-24 20:20:42.311",NULL,"y"
674,20251117,6582,126,966,"2","25","104","8","2026-03-24 20:20:42.311",NULL,"y"
675,20251117,6580,126,966,"3","25","104","8","2026-03-24 20:20:42.313",NULL,"y"
676,20251117,6588,126,966,"4","34","104","8","2026-03-24 20:20:42.313",NULL,"y"
677,20251117,6575,127,967,"1","50","100","8","2026-03-24 20:20:42.313",NULL,"y"
678,20251114,6590,128,968,"1","49,9","99,9","8","2026-03-24 20:20:42.313",NULL,"y"
679,20251114,6584,128,968,"2","25","99,9","8","2026-03-24 20:20:42.313",NULL,"y"
680,20251114,6580,128,968,"3","25","99,9","8","2026-03-24 20:20:42.313",NULL,"y"
681,20251114,6577,129,969,"1","30","100","8","2026-03-24 20:20:42.313",NULL,"y"
682,20251114,6597,129,969,"2","25","100","8","2026-03-24 20:20:42.313",NULL,"y"
683,20251114,6604,129,969,"3","45","100","8","2026-03-24 20:20:42.313",NULL,"y"
684,20251114,6616,130,970,"1","46","96","8","2026-03-24 20:20:42.313",NULL,"y"
685,20251114,6617,130,970,"2","50","96","8","2026-03-24 20:20:42.313",NULL,"y"
686,20251112,6584,131,971,"1","25","80","8","2026-03-24 20:20:42.313",NULL,"y"
687,20251112,6618,131,971,"2","30","80","8","2026-03-24 20:20:42.313",NULL,"y"
688,20251112,6580,131,971,"3","25","80","8","2026-03-24 20:20:42.313",NULL,"y"
689,20251111,6577,132,972,"1","30","115","8","2026-03-24 20:20:42.313",NULL,"y"
690,20251111,6584,132,972,"2","25","115","8","2026-03-24 20:20:42.313",NULL,"y"
691,20251111,6618,132,972,"3","30","115","8","2026-03-24 20:20:42.313",NULL,"y"
692,20251110,6608,133,973,"1","20","100","8","2026-03-24 20:20:42.313",NULL,"y"
693,20251108,6606,134,974,"1","56","106","8","2026-03-24 20:20:42.313",NULL,"y"
694,20251108,6605,134,974,"2","50","106","8","2026-03-24 20:20:42.313",NULL,"y"
695,20251106,6590,135,975,"1","49,9","99,9","8","2026-03-24 20:20:42.313",NULL,"y"
696,20251106,6605,135,975,"2","50","99,9","8","2026-03-24 20:20:42.313",NULL,"y"
697,20251106,6575,136,976,"1","50","105","8","2026-03-24 20:20:42.313",NULL,"y"
698,20251106,6582,136,976,"2","25","105","8","2026-03-24 20:20:42.313",NULL,"y"
699,20251106,6577,136,976,"3","30","105","8","2026-03-24 20:20:42.315",NULL,"y"
700,20251104,6590,137,977,"1","49,9","99,8","8","2026-03-24 20:20:42.315",NULL,"y"
701,20251104,6619,137,977,"2","49,9","99,8","8","2026-03-24 20:20:42.315",NULL,"y"
702,20251104,6578,138,978,"1","90","90","8","2026-03-24 20:20:42.315",NULL,"y"
703,20251102,6539,139,979,"1","58","58","8","2026-03-24 20:20:42.315",NULL,"y"
704,20251031,6610,140,980,"1","80","105","8","2026-03-24 20:20:42.315",NULL,"y"
705,20251031,6584,140,980,"2","25","105","8","2026-03-24 20:20:42.315",NULL,"y"
706,20251031,6595,141,981,"1","90","90","8","2026-03-24 20:20:42.315",NULL,"y"
707,20251031,6620,142,982,"1","20","110","8","2026-03-24 20:20:42.315",NULL,"y"
708,20251031,6589,142,982,"2","20","110","8","2026-03-24 20:20:42.315",NULL,"y"
709,20251031,6601,142,982,"3","20","110","8","2026-03-24 20:20:42.315",NULL,"y"
710,20251031,6584,142,982,"4","25","110","8","2026-03-24 20:20:42.315",NULL,"y"
711,20251031,6580,142,982,"5","25","110","8","2026-03-24 20:20:42.315",NULL,"y"
712,20251030,6621,143,983,"1","90","90","8","2026-03-24 20:20:42.315",NULL,"y"
713,20251030,6609,144,984,"1","119","119","8","2026-03-24 20:20:42.315",NULL,"y"
714,20251029,6610,145,985,"1","80","80","8","2026-03-24 20:20:42.315",NULL,"y"
715,20251028,6601,146,986,"1","20","99","8","2026-03-24 20:20:42.315",NULL,"y"
716,20251028,6602,146,986,"2","20","99","8","2026-03-24 20:20:42.315",NULL,"y"
717,20251028,6584,146,986,"3","25","99","8","2026-03-24 20:20:42.315",NULL,"y"
718,20251028,6588,146,986,"4","34","99","8","2026-03-24 20:20:42.315",NULL,"y"
719,20251028,6611,147,987,"1","119","119","8","2026-03-24 20:20:42.315",NULL,"y"
720,20251025,6575,148,988,"1","50","100","8","2026-03-24 20:20:42.315",NULL,"y"
721,20251023,6580,149,989,"1","25","110","8","2026-03-24 20:20:42.315",NULL,"y"
722,20251023,6584,149,989,"2","25","110","8","2026-03-24 20:20:42.315",NULL,"y"
723,20251023,6577,149,989,"3","30","110","8","2026-03-24 20:20:42.315",NULL,"y"
724,20251023,6618,149,989,"4","30","110","8","2026-03-24 20:20:42.315",NULL,"y"
725,20251022,6580,150,990,"1","25","25","8","2026-03-24 20:20:42.317",NULL,"y"
726,20251022,6622,151,991,"1","60","110","8","2026-03-24 20:20:42.317",NULL,"y"
727,20251022,6575,151,991,"2","50","110","8","2026-03-24 20:20:42.317",NULL,"y"
728,20251020,6584,152,992,"1","25","100","8","2026-03-24 20:20:42.317",NULL,"y"
729,20251020,6580,152,992,"2","25","100","8","2026-03-24 20:20:42.317",NULL,"y"
730,20251020,6581,152,992,"3","25","100","8","2026-03-24 20:20:42.317",NULL,"y"
731,20251020,6619,153,993,"1","49,9","99,9","8","2026-03-24 20:20:42.317",NULL,"y"
732,20251020,6575,153,993,"2","50","99,9","8","2026-03-24 20:20:42.317",NULL,"y"
733,20251020,6600,154,994,"1","20","90","8","2026-03-24 20:20:42.317",NULL,"y"
734,20251020,6623,154,994,"2","25","90","8","2026-03-24 20:20:42.317",NULL,"y"
735,20251020,6595,155,995,"1","90","90","8","2026-03-24 20:20:42.317",NULL,"y"
736,20251020,6577,156,996,"1","30","105","8","2026-03-24 20:20:42.317",NULL,"y"
737,20251020,6580,156,996,"2","25","105","8","2026-03-24 20:20:42.317",NULL,"y"
738,20251020,6624,156,996,"3","30","105","8","2026-03-24 20:20:42.317",NULL,"y"
739,20251020,6608,156,996,"4","20","105","8","2026-03-24 20:20:42.317",NULL,"y"
740,20251020,6578,157,997,"1","90","90","8","2026-03-24 20:20:42.317",NULL,"y"
741,20251018,6580,158,998,"1","25","95","8","2026-03-24 20:20:42.317",NULL,"y"
742,20251018,6604,158,998,"2","45","95","8","2026-03-24 20:20:42.317",NULL,"y"
743,20251016,6580,159,999,"1","25","105","8","2026-03-24 20:20:42.317",NULL,"y"
744,20251016,6624,159,999,"2","30","105","8","2026-03-24 20:20:42.317",NULL,"y"
745,20251016,6584,159,999,"3","25","105","8","2026-03-24 20:20:42.317",NULL,"y"
746,20251014,6608,160,1000,"1","20","80","8","2026-03-24 20:20:42.319",NULL,"y"
747,20251013,6577,161,1001,"1","30","110","8","2026-03-24 20:20:42.319",NULL,"y"
748,20251013,6575,161,1001,"2","50","110","8","2026-03-24 20:20:42.319",NULL,"y"
749,20231230,6587,162,1002,"1","30","30","0","2026-03-24 20:20:42.319",NULL,"y"
750,20251013,6584,163,1003,"1","25","100","8","2026-03-24 20:20:42.319",NULL,"y"
751,20251013,6581,163,1003,"2","25","100","8","2026-03-24 20:20:42.319",NULL,"y"
752,20251013,6582,163,1003,"3","25","100","8","2026-03-24 20:20:42.319",NULL,"y"
753,20251013,6580,163,1003,"4","25","100","8","2026-03-24 20:20:42.319",NULL,"y"
754,20251013,6625,161,1004,"1","120","120","8","2026-03-24 20:20:42.319",NULL,"y"
755,20251012,6618,164,1005,"1","30","104,9","8","2026-03-24 20:20:42.319",NULL,"y"
756,20251012,6619,164,1005,"2","49,9","104,9","8","2026-03-24 20:20:42.319",NULL,"y"
757,20251012,6582,164,1005,"3","25","104,9","8","2026-03-24 20:20:42.319",NULL,"y"
758,20251009,6595,165,1006,"1","90","110","8","2026-03-24 20:20:42.319",NULL,"y"
759,20251009,6626,165,1006,"2","20","110","8","2026-03-24 20:20:42.319",NULL,"y"
760,20251007,6578,166,1007,"1","90","90","8","2026-03-24 20:20:42.319",NULL,"y"
761,20251003,6586,167,1008,"1","48","48","8","2026-03-24 20:20:42.319",NULL,"y"
762,20251003,6602,168,1009,"1","20","100","8","2026-03-24 20:20:42.319",NULL,"y"
763,20251003,6610,168,1009,"2","80","100","8","2026-03-24 20:20:42.319",NULL,"y"
764,20250930,6626,169,1010,"1","20","100","8","2026-03-24 20:20:42.319",NULL,"y"
765,20250930,6620,169,1010,"2","20","100","8","2026-03-24 20:20:42.319",NULL,"y"
766,20250930,6608,169,1010,"3","20","100","8","2026-03-24 20:20:42.319",NULL,"y"
767,20250930,6589,169,1010,"4","20","100","8","2026-03-24 20:20:42.319",NULL,"y"
768,20250930,6602,169,1010,"5","20","100","8","2026-03-24 20:20:42.319",NULL,"y"
769,20250930,6595,170,1011,"1","90","90","8","2026-03-24 20:20:42.319",NULL,"y"
770,20250930,6605,171,1012,"1","50","80","8","2026-03-24 20:20:42.321",NULL,"y"
771,20250930,6613,171,1012,"2","30","80","8","2026-03-24 20:20:42.321",NULL,"y"
772,20250928,6581,172,1013,"1","25","99,9","8","2026-03-24 20:20:42.321",NULL,"y"
773,20250928,6580,172,1013,"2","25","99,9","8","2026-03-24 20:20:42.321",NULL,"y"
774,20250928,6619,172,1013,"3","49,9","99,9","8","2026-03-24 20:20:42.321",NULL,"y"
775,20250927,6577,173,1014,"1","30","85","8","2026-03-24 20:20:42.321",NULL,"y"
776,20250927,6584,173,1014,"2","25","85","8","2026-03-24 20:20:42.321",NULL,"y"
777,20250927,6599,173,1014,"3","30","85","8","2026-03-24 20:20:42.321",NULL,"y"
778,20250925,6594,174,1015,"1","30","30","8","2026-03-24 20:20:42.321",NULL,"y"
779,20250924,6577,175,1016,"1","30","90","8","2026-03-24 20:20:42.321",NULL,"y"
780,20250924,6624,175,1016,"2","30","90","8","2026-03-24 20:20:42.321",NULL,"y"
781,20250924,6616,176,1017,"1","46","96","8","2026-03-24 20:20:42.321",NULL,"y"
782,20250924,6583,176,1017,"2","50","96","8","2026-03-24 20:20:42.321",NULL,"y"
783,20250924,6578,177,1018,"1","90","90","8","2026-03-24 20:20:42.321",NULL,"y"
784,20250923,6627,178,1019,"1","31","185","0","2026-03-24 20:20:42.321",NULL,"y"
785,20250923,6628,178,1019,"2","31","185","0","2026-03-24 20:20:42.321",NULL,"y"
786,20250923,6629,178,1019,"3","36","185","0","2026-03-24 20:20:42.323",NULL,"y"
787,20250923,6609,179,1020,"1","119","119","8","2026-03-24 20:20:42.323",NULL,"y"
788,20250922,6595,180,1021,"1","90","90","8","2026-03-24 20:20:42.323",NULL,"y"
789,20250919,6609,181,1022,"1","119","119","8","2026-03-24 20:20:42.323",NULL,"y"
790,20250917,6588,182,1023,"1","34","94","8","2026-03-24 20:20:42.323",NULL,"y"
791,20250917,6587,182,1023,"2","30","94","8","2026-03-24 20:20:42.323",NULL,"y"
792,20250917,6577,182,1023,"3","30","94","8","2026-03-24 20:20:42.323",NULL,"y"
793,20250913,6538,183,1024,"1","65","65","8","2026-03-24 20:20:42.323",NULL,"y"
794,20250910,6595,184,1025,"1","90","90","8","2026-03-24 20:20:42.323",NULL,"y"
795,20250909,6620,185,1026,"1","20","20","8","2026-03-24 20:20:42.323",NULL,"y"
796,20250907,6575,186,1027,"1","50","100","8","2026-03-24 20:20:42.323",NULL,"y"
797,20250905,6601,187,1028,"1","20","65","8","2026-03-24 20:20:42.323",NULL,"y"
798,20250905,6614,187,1028,"2","25","65","8","2026-03-24 20:20:42.323",NULL,"y"
799,20250904,6587,188,1029,"1","30","88","8","2026-03-24 20:20:42.323",NULL,"y"
800,20250904,6539,188,1029,"2","58","88","8","2026-03-24 20:20:42.323",NULL,"y"
801,20250903,6588,189,1030,"1","34","124","8","2026-03-24 20:20:42.323",NULL,"y"
802,20250903,6578,189,1030,"2","90","124","8","2026-03-24 20:20:42.323",NULL,"y"
803,20250903,6616,190,1031,"1","46","94","8","2026-03-24 20:20:42.323",NULL,"y"
804,20250903,6540,190,1031,"2","48","94","8","2026-03-24 20:20:42.323",NULL,"y"
805,20250901,6625,191,1032,"1","120","120","8","2026-03-24 20:20:42.323",NULL,"y"
806,20250901,6582,192,1033,"1","25","100","8","2026-03-24 20:20:42.323",NULL,"y"
807,20250901,6581,192,1033,"2","25","100","8","2026-03-24 20:20:42.323",NULL,"y"
808,20250901,6630,192,1033,"3","50","100","8","2026-03-24 20:20:42.323",NULL,"y"
809,20250901,6577,193,1034,"1","30","100","8","2026-03-24 20:20:42.323",NULL,"y"
810,20250901,6580,193,1034,"2","25","100","8","2026-03-24 20:20:42.323",NULL,"y"
811,20250901,6584,193,1034,"3","25","100","8","2026-03-24 20:20:42.323",NULL,"y"
812,20250901,6631,193,1034,"4","20","100","8","2026-03-24 20:20:42.323",NULL,"y"
813,20250831,6632,194,1035,"1","84","84","8","2026-03-24 20:20:42.323",NULL,"y"
814,20250831,6626,195,1036,"1","20","40","8","2026-03-24 20:20:42.325",NULL,"y"
815,20250831,6633,196,1037,"1","100","100","8","2026-03-24 20:20:42.325",NULL,"y"
816,20250830,6634,197,1038,"1","119","119","8","2026-03-24 20:20:42.325",NULL,"y"
817,20250829,6577,198,1039,"1","30","115","8","2026-03-24 20:20:42.325",NULL,"y"
818,20250829,6615,198,1039,"2","35","115","8","2026-03-24 20:20:42.325",NULL,"y"
819,20250829,6580,198,1039,"3","25","115","8","2026-03-24 20:20:42.325",NULL,"y"
820,20250829,6634,199,1040,"1","119","119","8","2026-03-24 20:20:42.325",NULL,"y"
821,20250829,6634,200,1041,"1","119","119","8","2026-03-24 20:20:42.325",NULL,"y"
822,20250826,6588,201,1042,"1","34","94","8","2026-03-24 20:20:42.325",NULL,"y"
823,20250826,6594,201,1042,"2","30","94","8","2026-03-24 20:20:42.325",NULL,"y"
824,20250826,6618,201,1042,"3","30","94","8","2026-03-24 20:20:42.325",NULL,"y"
825,20250826,6635,202,1043,"1","109","109","8","2026-03-24 20:20:42.325",NULL,"y"
826,20250826,6586,203,1044,"1","48","96","8","2026-03-24 20:20:42.325",NULL,"y"
827,20250825,6636,204,1045,"1","100","100","8","2026-03-24 20:20:42.325",NULL,"y"
828,20250825,6615,205,1046,"1","25","85","8","2026-03-24 20:20:42.325",NULL,"y"
829,20250825,6637,205,1046,"2","35","85","8","2026-03-24 20:20:42.325",NULL,"y"
830,20250824,6576,206,1047,"1","80","100","8","2026-03-24 20:20:42.325",NULL,"y"
831,20250824,6601,206,1047,"2","20","100","8","2026-03-24 20:20:42.325",NULL,"y"
832,20250823,6638,207,1048,"1","45","135","8","2026-03-24 20:20:42.325",NULL,"y"
833,20250823,6639,207,1048,"2","90","135","8","2026-03-24 20:20:42.325",NULL,"y"
834,20250822,6640,208,1049,"1","90","90","8","2026-03-24 20:20:42.325",NULL,"y"
835,20250821,6641,209,1050,"1","85","85","8","2026-03-24 20:20:42.325",NULL,"y"
836,20250821,6642,210,1051,"1","100","100","8","2026-03-24 20:20:42.325",NULL,"y"
837,20250821,6633,211,1052,"1","100","100","8","2026-03-24 20:20:42.325",NULL,"y"
838,20250820,6575,186,1053,"1","50","100","8","2026-03-24 20:20:42.325",NULL,"y"
839,20250820,6575,212,1054,"1","50","100","8","2026-03-24 20:20:42.325",NULL,"y"
840,20250820,6643,212,1054,"2","50","100","8","2026-03-24 20:20:42.325",NULL,"y"
841,20250820,6644,213,1055,"1","49,9","99,9","8","2026-03-24 20:20:42.325",NULL,"y"
842,20250820,6645,213,1055,"2","50","99,9","8","2026-03-24 20:20:42.325",NULL,"y"
843,20250820,6578,214,1056,"1","90","90","8","2026-03-24 20:20:42.325",NULL,"y"
844,20250820,6642,215,1057,"1","100","100","8","2026-03-24 20:20:42.325",NULL,"y"
845,20250820,6642,216,1058,"1","100","100","8","2026-03-24 20:20:42.327",NULL,"y"
846,20250820,6646,217,1059,"1","45","105","8","2026-03-24 20:20:42.327",NULL,"y"
847,20250820,6647,217,1059,"2","30","105","8","2026-03-24 20:20:42.327",NULL,"y"
848,20250819,6648,218,1060,"1","90","155","0","2026-03-24 20:20:42.327",NULL,"y"
849,20250819,6575,218,1060,"2","50","155","0","2026-03-24 20:20:42.327",NULL,"y"
850,20250819,6649,218,1060,"3","15","155","0","2026-03-24 20:20:42.327",NULL,"y"
851,20250819,6650,219,1061,"1","25","100","8","2026-03-24 20:20:42.327",NULL,"y"
852,20250819,6651,219,1061,"2","25","100","8","2026-03-24 20:20:42.327",NULL,"y"
853,20250818,6575,220,1062,"1","50","105","8","2026-03-24 20:20:42.327",NULL,"y"
854,20250818,6652,220,1062,"2","55","105","8","2026-03-24 20:20:42.327",NULL,"y"
855,20250818,6653,221,1063,"1","34","104","8","2026-03-24 20:20:42.327",NULL,"y"
856,20250818,6647,221,1063,"2","30","104","8","2026-03-24 20:20:42.327",NULL,"y"
857,20250818,6654,221,1063,"3","40","104","8","2026-03-24 20:20:42.327",NULL,"y"
858,20250818,6651,222,1064,"1","25","74,9","8","2026-03-24 20:20:42.327",NULL,"y"
859,20250818,6619,222,1064,"2","49,9","74,9","8","2026-03-24 20:20:42.327",NULL,"y"
860,20250818,6651,223,1065,"1","25","95","8","2026-03-24 20:20:42.327",NULL,"y"
861,20250818,6655,223,1065,"2","70","95","8","2026-03-24 20:20:42.327",NULL,"y"
862,20250816,6644,224,1066,"1","49,9","99,8","8","2026-03-24 20:20:42.327",NULL,"y"
863,20250813,6656,225,1067,"1","45","95","8","2026-03-24 20:20:42.327",NULL,"y"
864,20250813,6630,225,1067,"2","50","95","8","2026-03-24 20:20:42.327",NULL,"y"
865,20250813,6656,226,1068,"1","45","100","8","2026-03-24 20:20:42.327",NULL,"y"
866,20250813,6657,226,1068,"2","35","100","8","2026-03-24 20:20:42.327",NULL,"y"
867,20250813,6658,226,1068,"3","20","100","8","2026-03-24 20:20:42.327",NULL,"y"
868,20250812,6654,227,1069,"1","40","110","8","2026-03-24 20:20:42.327",NULL,"y"
869,20250812,6647,227,1069,"2","30","110","8","2026-03-24 20:20:42.327",NULL,"y"
870,20250811,6659,191,1070,"1","219","219","0","2026-03-24 20:20:42.327",NULL,"y"
871,20250811,6642,228,1418,"1","100","100","8","2026-03-24 20:20:42.327",NULL,"y"
872,20250811,6587,229,1071,"1","30","75","8","2026-03-24 20:20:42.327",NULL,"y"
873,20250811,6604,229,1071,"2","45","75","8","2026-03-24 20:20:42.329",NULL,"y"
874,20250810,6577,230,1072,"1","25","25","8","2026-03-24 20:20:42.329",NULL,"y"
875,20250809,6660,231,1073,"1","150","150","0","2026-03-24 20:20:42.329",NULL,"y"
876,20250809,6661,232,1074,"1","92","92","8","2026-03-24 20:20:42.329",NULL,"y"
877,20250807,6644,233,1075,"1","49,9","49,9","8","2026-03-24 20:20:42.329",NULL,"y"
878,20250806,6662,234,1076,"1","92","92","8","2026-03-24 20:20:42.329",NULL,"y"
879,20250806,6630,235,1077,"1","50","99","8","2026-03-24 20:20:42.329",NULL,"y"
880,20250806,6663,235,1077,"2","34","99","8","2026-03-24 20:20:42.329",NULL,"y"
881,20250806,6664,235,1077,"3","15","99","8","2026-03-24 20:20:42.329",NULL,"y"
882,20250806,6630,236,1078,"1","50","86","8","2026-03-24 20:20:42.329",NULL,"y"
883,20250806,6665,236,1078,"2","18","86","8","2026-03-24 20:20:42.329",NULL,"y"
884,20250806,6666,236,1078,"3","18","86","8","2026-03-24 20:20:42.329",NULL,"y"
885,20250805,6656,237,1079,"1","45","94,9","8","2026-03-24 20:20:42.329",NULL,"y"
886,20250805,6590,237,1079,"2","49,9","94,9","8","2026-03-24 20:20:42.329",NULL,"y"
887,20250805,6667,238,1080,"1","20","95","8","2026-03-24 20:20:42.329",NULL,"y"
888,20250805,6645,238,1080,"2","35","95","8","2026-03-24 20:20:42.329",NULL,"y"
889,20250805,6600,238,1080,"3","20","95","8","2026-03-24 20:20:42.329",NULL,"y"
890,20250805,6668,239,1081,"1","70","90","8","2026-03-24 20:20:42.33",NULL,"y"
891,20250805,6601,239,1081,"2","20","90","8","2026-03-24 20:20:42.33",NULL,"y"
892,20250804,6663,240,1082,"1","34","99","8","2026-03-24 20:20:42.33",NULL,"y"
893,20250804,6649,240,1082,"2","15","99","8","2026-03-24 20:20:42.33",NULL,"y"
894,20250804,6575,240,1082,"3","50","99","8","2026-03-24 20:20:42.33",NULL,"y"
895,20250804,6578,241,1083,"1","90","90","8","2026-03-24 20:20:42.33",NULL,"y"
896,20250804,6640,242,1084,"1","90","90","8","2026-03-24 20:20:42.33",NULL,"y"
897,20250804,6632,243,1085,"1","84","84","8","2026-03-24 20:20:42.33",NULL,"y"
898,20250804,6586,244,1086,"1","48","78","8","2026-03-24 20:20:42.33",NULL,"y"
899,20250804,6587,244,1086,"2","30","78","8","2026-03-24 20:20:42.33",NULL,"y"
900,20250804,6642,245,1087,"1","100","134","8","2026-03-24 20:20:42.33",NULL,"y"
901,20250804,6588,245,1087,"2","34","134","8","2026-03-24 20:20:42.33",NULL,"y"
902,20250803,6638,246,1088,"1","45","94,9","8","2026-03-24 20:20:42.33",NULL,"y"
903,20250803,6619,246,1088,"2","49,9","94,9","8","2026-03-24 20:20:42.331",NULL,"y"
904,20250802,6640,247,1089,"1","90","115","8","2026-03-24 20:20:42.331",NULL,"y"
905,20250802,6577,247,1089,"2","25","115","8","2026-03-24 20:20:42.331",NULL,"y"
906,20250801,6642,248,1090,"1","100","100","8","2026-03-24 20:20:42.331",NULL,"y"
907,20250728,6616,249,1091,"1","46","91","8","2026-03-24 20:20:42.331",NULL,"y"
908,20250728,6604,249,1091,"2","45","91","8","2026-03-24 20:20:42.331",NULL,"y"
909,20250721,6539,250,1092,"1","58","103","8","2026-03-24 20:20:42.331",NULL,"y"
910,20250721,6604,250,1092,"2","45","103","8","2026-03-24 20:20:42.331",NULL,"y"
911,20250721,6643,251,1093,"1","50","100","8","2026-03-24 20:20:42.331",NULL,"y"
912,20250721,6630,251,1093,"2","50","100","8","2026-03-24 20:20:42.331",NULL,"y"
913,20250718,6642,252,1094,"1","100","134","8","2026-03-24 20:20:42.332",NULL,"y"
914,20250718,6588,252,1094,"2","34","134","8","2026-03-24 20:20:42.332",NULL,"y"
915,20250718,6669,253,1095,"1","86","86","8","2026-03-24 20:20:42.332",NULL,"y"
916,20250717,6540,254,1096,"1","48","93","8","2026-03-24 20:20:42.332",NULL,"y"
917,20250717,6604,254,1096,"2","45","93","8","2026-03-24 20:20:42.332",NULL,"y"
918,20250715,6632,255,1097,"1","84","84","8","2026-03-24 20:20:42.332",NULL,"y"
919,20250715,6670,256,1098,"1","90","90","8","2026-03-24 20:20:42.332",NULL,"y"
920,20250715,6538,257,1099,"1","65","65","8","2026-03-24 20:20:42.332",NULL,"y"
921,20250714,6587,60,1100,"1","30","30","8","2026-03-24 20:20:42.332",NULL,"y"
922,20250714,6575,258,1101,"1","50","100","8","2026-03-24 20:20:42.332",NULL,"y"
923,20250712,6671,259,1102,"1","86","86","8","2026-03-24 20:20:42.332",NULL,"y"
924,20250710,6651,260,1103,"1","25","95","8","2026-03-24 20:20:42.332",NULL,"y"
925,20250710,6645,260,1103,"2","35","95","8","2026-03-24 20:20:42.332",NULL,"y"
926,20250710,6672,260,1103,"3","35","95","8","2026-03-24 20:20:42.332",NULL,"y"
927,20250708,6587,261,1104,"1","30","30","8","2026-03-24 20:20:42.332",NULL,"y"
928,20250708,6630,262,1105,"1","50","95","8","2026-03-24 20:20:42.333",NULL,"y"
929,20250708,6646,262,1105,"2","45","95","8","2026-03-24 20:20:42.333",NULL,"y"
930,20250708,6587,263,1106,"1","30","30","8","2026-03-24 20:20:42.333",NULL,"y"
931,20250707,6673,264,1107,"1","80","114","8","2026-03-24 20:20:42.333",NULL,"y"
932,20250707,6663,264,1107,"2","34","114","8","2026-03-24 20:20:42.333",NULL,"y"
933,20250704,6666,265,1108,"1","18","108","8","2026-03-24 20:20:42.333",NULL,"y"
934,20250704,6674,265,1108,"2","15","108","8","2026-03-24 20:20:42.333",NULL,"y"
935,20250704,6664,265,1108,"3","15","108","8","2026-03-24 20:20:42.333",NULL,"y"
936,20250704,6675,265,1108,"4","20","108","8","2026-03-24 20:20:42.333",NULL,"y"
937,20250704,6676,265,1108,"5","20","108","8","2026-03-24 20:20:42.333",NULL,"y"
938,20250704,6677,265,1108,"6","20","108","8","2026-03-24 20:20:42.333",NULL,"y"
939,20250704,6639,266,1109,"1","90","90","8","2026-03-24 20:20:42.333",NULL,"y"
940,20250702,6619,267,1110,"1","49,9","98,9","8","2026-03-24 20:20:42.333",NULL,"y"
941,20250702,6653,267,1110,"2","34","98,9","8","2026-03-24 20:20:42.333",NULL,"y"
942,20250702,6678,267,1110,"3","15","98,9","8","2026-03-24 20:20:42.333",NULL,"y"
943,20250701,6638,268,1111,"1","45","95","8","2026-03-24 20:20:42.333",NULL,"y"
944,20250701,6643,268,1111,"2","50","95","8","2026-03-24 20:20:42.333",NULL,"y"
945,20250701,6679,269,1112,"1","120","120","8","2026-03-24 20:20:42.333",NULL,"y"
946,20250701,6643,270,1113,"1","50","95","8","2026-03-24 20:20:42.333",NULL,"y"
947,20250701,6656,270,1113,"2","45","95","8","2026-03-24 20:20:42.333",NULL,"y"
948,20250630,6651,271,1114,"1","25","95","8","2026-03-24 20:20:42.333",NULL,"y"
949,20250630,6638,271,1114,"2","45","95","8","2026-03-24 20:20:42.333",NULL,"y"
950,20250625,6651,272,1115,"1","25","100","8","2026-03-24 20:20:42.333",NULL,"y"
951,20250625,6577,272,1115,"2","25","100","8","2026-03-24 20:20:42.333",NULL,"y"
952,20250625,6605,273,1116,"1","50","50","8","2026-03-24 20:20:42.333",NULL,"y"
953,20250624,6631,274,1117,"1","15","99,9","8","2026-03-24 20:20:42.333",NULL,"y"
954,20250624,6680,274,1117,"2","15","99,9","8","2026-03-24 20:20:42.333",NULL,"y"
955,20250624,6681,274,1117,"3","20","99,9","8","2026-03-24 20:20:42.333",NULL,"y"
956,20250624,6619,274,1117,"4","49,9","99,9","8","2026-03-24 20:20:42.333",NULL,"y"
957,20250620,6651,275,1118,"1","25","100","8","2026-03-24 20:20:42.333",NULL,"y"
958,20250620,6650,275,1118,"2","25","100","8","2026-03-24 20:20:42.333",NULL,"y"
959,20250620,6657,276,1119,"1","35","110","8","2026-03-24 20:20:42.333",NULL,"y"
960,20250620,6651,276,1119,"2","25","110","8","2026-03-24 20:20:42.333",NULL,"y"
961,20250620,6577,276,1119,"3","25","110","8","2026-03-24 20:20:42.333",NULL,"y"
962,20250619,6657,277,1120,"1","35","100","8","2026-03-24 20:20:42.335",NULL,"y"
963,20250619,6651,277,1120,"2","25","100","8","2026-03-24 20:20:42.335",NULL,"y"
964,20250619,6649,277,1120,"3","15","100","8","2026-03-24 20:20:42.335",NULL,"y"
965,20250618,6648,97,1121,"1","90","105","8","2026-03-24 20:20:42.335",NULL,"y"
966,20250618,6682,97,1121,"2","15","105","8","2026-03-24 20:20:42.335",NULL,"y"
967,20250616,6650,278,1122,"1","25","100","8","2026-03-24 20:20:42.335",NULL,"y"
968,20250613,6605,279,1123,"1","50","50","8","2026-03-24 20:20:42.335",NULL,"y"
969,20250612,6607,280,1124,"1","90","90","8","2026-03-24 20:20:42.335",NULL,"y"
970,20250612,6657,230,1125,"1","35","60","8","2026-03-24 20:20:42.335",NULL,"y"
971,20250612,6651,230,1125,"2","25","60","8","2026-03-24 20:20:42.335",NULL,"y"
972,20250612,6668,281,1126,"1","86","86","8","2026-03-24 20:20:42.335",NULL,"y"
973,20250612,6651,282,1127,"1","25","95","8","2026-03-24 20:20:42.335",NULL,"y"
974,20250612,6587,282,1127,"2","30","95","8","2026-03-24 20:20:42.335",NULL,"y"
975,20250612,6649,282,1127,"3","15","95","8","2026-03-24 20:20:42.335",NULL,"y"
976,20250612,6615,282,1127,"4","25","95","8","2026-03-24 20:20:42.336",NULL,"y"
977,20250612,6663,283,1128,"1","34","102","8","2026-03-24 20:20:42.336",NULL,"y"
978,20250612,6651,284,1129,"1","25","100","8","2026-03-24 20:20:42.336",NULL,"y"
979,20250612,6577,284,1129,"2","25","100","8","2026-03-24 20:20:42.336",NULL,"y"
980,20250612,6657,284,1129,"3","35","100","8","2026-03-24 20:20:42.336",NULL,"y"
981,20250612,6682,284,1129,"4","15","100","8","2026-03-24 20:20:42.336",NULL,"y"
982,20250612,6663,285,1130,"1","34","104","8","2026-03-24 20:20:42.336",NULL,"y"
983,20250612,6615,285,1130,"2","25","104","8","2026-03-24 20:20:42.336",NULL,"y"
984,20250612,6638,285,1130,"3","45","104","8","2026-03-24 20:20:42.336",NULL,"y"
985,20250611,6671,286,1131,"1","86","86","8","2026-03-24 20:20:42.336",NULL,"y"
986,20250611,6607,287,1132,"1","90","90","8","2026-03-24 20:20:42.336",NULL,"y"
987,20250611,6587,288,1133,"1","30","30","8","2026-03-24 20:20:42.336",NULL,"y"
988,20250609,6605,289,1134,"1","50","100","8","2026-03-24 20:20:42.336",NULL,"y"
989,20250609,6583,289,1134,"2","50","100","8","2026-03-24 20:20:42.336",NULL,"y"
990,20250607,6651,290,1135,"1","25","100","8","2026-03-24 20:20:42.336",NULL,"y"
991,20250605,6642,291,1136,"1","129","129","8","2026-03-24 20:20:42.336",NULL,"y"
992,20250605,6639,292,1137,"1","90","90","8","2026-03-24 20:20:42.336",NULL,"y"
993,20250603,6683,293,1138,"1","92","92","8","2026-03-24 20:20:42.336",NULL,"y"
994,20250602,6587,294,1139,"1","30","30","8","2026-03-24 20:20:42.336",NULL,"y"
995,20250530,6644,295,1140,"1","49,9","49,9","8","2026-03-24 20:20:42.336",NULL,"y"
996,20250530,6575,296,1141,"1","50","160","0","2026-03-24 20:20:42.336",NULL,"y"
997,20250530,6639,296,1141,"2","90","160","0","2026-03-24 20:20:42.336",NULL,"y"
998,20250530,6684,296,1141,"3","20","160","0","2026-03-24 20:20:42.336",NULL,"y"
999,20250530,6662,297,1142,"1","92","92","8","2026-03-24 20:20:42.336",NULL,"y"
1000,20250529,6644,298,1143,"1","49,9","49,9","8","2026-03-24 20:20:42.336",NULL,"y"
1001,20250528,6651,299,1144,"1","25","60","8","2026-03-24 20:20:42.336",NULL,"y"
1002,20250528,6672,299,1144,"2","35","60","8","2026-03-24 20:20:42.336",NULL,"y"
1003,20250526,6639,300,1145,"1","90","115","8","2026-03-24 20:20:42.336",NULL,"y"
1004,20250526,6651,300,1145,"2","25","115","8","2026-03-24 20:20:42.336",NULL,"y"
1005,20250526,6538,301,1146,"1","65","100","8","2026-03-24 20:20:42.336",NULL,"y"
1006,20250526,6637,301,1146,"2","35","100","8","2026-03-24 20:20:42.336",NULL,"y"
1007,20250525,6670,302,1147,"1","90","90","8","2026-03-24 20:20:42.337",NULL,"y"
1008,20250523,6651,303,1148,"1","25","25","8","2026-03-24 20:20:42.337",NULL,"y"
1009,20250523,6651,304,1149,"1","25","25","8","2026-03-24 20:20:42.337",NULL,"y"
1010,20250522,6625,305,1150,"1","120","120","8","2026-03-24 20:20:42.337",NULL,"y"
1011,20250521,6685,306,1151,"1","145","145","0","2026-03-24 20:20:42.337",NULL,"y"
1012,20250521,6638,307,1152,"1","45","95","8","2026-03-24 20:20:42.337",NULL,"y"
1013,20250521,6650,307,1152,"2","25","95","8","2026-03-24 20:20:42.337",NULL,"y"
1014,20250521,6651,307,1152,"3","25","95","8","2026-03-24 20:20:42.337",NULL,"y"
1015,20250519,6686,308,1153,"1","120","120","8","2026-03-24 20:20:42.337",NULL,"y"
1016,20250519,6687,306,1154,"1","399","399","0","2026-03-24 20:20:42.337",NULL,"y"
1017,20250519,6605,309,1155,"1","50","225","0","2026-03-24 20:20:42.337",NULL,"y"
1018,20250519,6575,309,1155,"2","50","225","0","2026-03-24 20:20:42.337",NULL,"y"
1019,20250519,6583,309,1155,"3","50","225","0","2026-03-24 20:20:42.337",NULL,"y"
1020,20250519,6651,309,1155,"4","25","225","0","2026-03-24 20:20:42.337",NULL,"y"
1021,20250519,6651,174,1156,"1","25","50","8","2026-03-24 20:20:42.337",NULL,"y"
1022,20250518,6651,310,1157,"1","25","90","8","2026-03-24 20:20:42.337",NULL,"y"
1023,20250518,6649,310,1157,"2","15","90","8","2026-03-24 20:20:42.337",NULL,"y"
1024,20250518,6688,310,1157,"3","15","90","8","2026-03-24 20:20:42.337",NULL,"y"
1025,20250518,6689,310,1157,"4","20","90","8","2026-03-24 20:20:42.337",NULL,"y"
1026,20250518,6631,310,1157,"5","15","90","8","2026-03-24 20:20:42.337",NULL,"y"
1027,20250518,6607,311,1158,"1","90","90","8","2026-03-24 20:20:42.337",NULL,"y"
1028,20250517,6656,312,1159,"1","45","95","8","2026-03-24 20:20:42.337",NULL,"y"
1029,20250517,6651,312,1159,"2","25","95","8","2026-03-24 20:20:42.337",NULL,"y"
1030,20250517,6577,312,1159,"3","25","95","8","2026-03-24 20:20:42.337",NULL,"y"
1031,20250516,6605,313,1160,"1","50","50","8","2026-03-24 20:20:42.337",NULL,"y"
1032,20250516,6575,314,1161,"1","50","50","8","2026-03-24 20:20:42.337",NULL,"y"
1033,20250515,6638,315,1162,"1","45","155","0","2026-03-24 20:20:42.337",NULL,"y"
1034,20250515,6684,315,1162,"2","20","155","0","2026-03-24 20:20:42.337",NULL,"y"
1035,20250515,6688,315,1162,"3","15","155","0","2026-03-24 20:20:42.337",NULL,"y"
1036,20250515,6649,315,1162,"4","15","155","0","2026-03-24 20:20:42.337",NULL,"y"
1037,20250514,6598,184,1163,"1","0","100","8","2026-03-24 20:20:42.337",NULL,"y"
1038,20250514,6642,316,1164,"1","29","129","8","2026-03-24 20:20:42.337",NULL,"y"
1039,20250513,6640,317,1165,"1","90","90","8","2026-03-24 20:20:42.337",NULL,"y"
1040,20250512,6619,318,1166,"1","49,9","74,9","8","2026-03-24 20:20:42.337",NULL,"y"
1041,20250512,6651,318,1166,"2","25","74,9","8","2026-03-24 20:20:42.337",NULL,"y"
1042,20250512,6651,298,1167,"1","25","25","8","2026-03-24 20:20:42.339",NULL,"y"
1043,20250510,6604,319,1168,"1","45","45","8","2026-03-24 20:20:42.339",NULL,"y"
1044,20250509,6656,320,1169,"1","45","95","8","2026-03-24 20:20:42.339",NULL,"y"
1045,20250509,6575,320,1169,"2","50","95","8","2026-03-24 20:20:42.339",NULL,"y"
1046,20250509,6605,321,1170,"1","50","100","8","2026-03-24 20:20:42.339",NULL,"y"
1047,20250509,6605,322,1171,"1","50","50","8","2026-03-24 20:20:42.339",NULL,"y"
1048,20250508,6683,323,1172,"1","92","92","8","2026-03-24 20:20:42.339",NULL,"y"
1049,20250506,6643,324,1173,"1","50","110","8","2026-03-24 20:20:42.339",NULL,"y"
1050,20250506,6657,324,1173,"2","35","110","8","2026-03-24 20:20:42.339",NULL,"y"
1051,20250506,6650,324,1173,"3","25","110","8","2026-03-24 20:20:42.339",NULL,"y"
1052,20250506,6639,325,1174,"1","90","115","8","2026-03-24 20:20:42.339",NULL,"y"
1053,20250506,6651,325,1174,"2","25","115","8","2026-03-24 20:20:42.339",NULL,"y"
1054,20250505,6663,326,1175,"1","34","109","8","2026-03-24 20:20:42.339",NULL,"y"
1055,20250505,6643,326,1175,"2","50","109","8","2026-03-24 20:20:42.339",NULL,"y"
1056,20250505,6651,326,1175,"3","25","109","8","2026-03-24 20:20:42.339",NULL,"y"
1057,20250505,6604,327,1176,"1","45","115","8","2026-03-24 20:20:42.339",NULL,"y"
1058,20250505,6651,327,1176,"2","25","115","8","2026-03-24 20:20:42.339",NULL,"y"
1059,20250505,6656,327,1176,"3","45","115","8","2026-03-24 20:20:42.339",NULL,"y"
1060,20250503,6651,328,1177,"1","25","99,9","8","2026-03-24 20:20:42.339",NULL,"y"
1061,20250503,6644,328,1177,"2","49,9","99,9","8","2026-03-24 20:20:42.339",NULL,"y"
1062,20250430,6690,329,1178,"1","115","150","0","2026-03-24 20:20:42.339",NULL,"y"
1063,20250430,6657,329,1178,"2","35","150","0","2026-03-24 20:20:42.339",NULL,"y"
1064,20250426,6643,330,1179,"1","50","100","8","2026-03-24 20:20:42.339",NULL,"y"
1065,20250426,6651,330,1179,"2","25","100","8","2026-03-24 20:20:42.339",NULL,"y"
1066,20250424,6638,331,1180,"1","45","90","8","2026-03-24 20:20:42.339",NULL,"y"
1067,20250424,6656,331,1180,"2","45","90","8","2026-03-24 20:20:42.339",NULL,"y"
1068,20250424,6578,332,1181,"1","90","90","8","2026-03-24 20:20:42.339",NULL,"y"
1069,20250424,6577,333,1182,"1","25","60","8","2026-03-24 20:20:42.339",NULL,"y"
1070,20250424,6657,333,1182,"2","35","60","8","2026-03-24 20:20:42.339",NULL,"y"
1071,20250423,6651,334,1183,"1","25","85","8","2026-03-24 20:20:42.339",NULL,"y"
1072,20250423,6656,334,1183,"2","45","85","8","2026-03-24 20:20:42.339",NULL,"y"
1073,20250423,6649,334,1183,"3","15","85","8","2026-03-24 20:20:42.339",NULL,"y"
1074,20250423,6691,335,1184,"1","92","92","8","2026-03-24 20:20:42.339",NULL,"y"
1075,20250422,6651,336,1185,"1","25","100","8","2026-03-24 20:20:42.339",NULL,"y"
1076,20250422,6638,337,1186,"1","45","160","0","2026-03-24 20:20:42.339",NULL,"y"
1077,20250422,6692,337,1186,"2","115","160","0","2026-03-24 20:20:42.339",NULL,"y"
1078,20250421,6651,338,1187,"1","25","95","8","2026-03-24 20:20:42.339",NULL,"y"
1079,20250421,6656,338,1187,"2","45","95","8","2026-03-24 20:20:42.339",NULL,"y"
1080,20250417,6671,339,1188,"1","86","86","8","2026-03-24 20:20:42.339",NULL,"y"
1081,20250417,6587,340,1189,"1","30","95","8","2026-03-24 20:20:42.341",NULL,"y"
1082,20250417,6538,340,1189,"2","65","95","8","2026-03-24 20:20:42.341",NULL,"y"
1083,20250416,6651,341,1190,"1","25","154","0","2026-03-24 20:20:42.341",NULL,"y"
1084,20250416,6693,341,1190,"2","129","154","0","2026-03-24 20:20:42.341",NULL,"y"
1085,20250416,6586,342,1191,"1","48","91","8","2026-03-24 20:20:42.341",NULL,"y"
1086,20250416,6651,342,1191,"2","25","91","8","2026-03-24 20:20:42.341",NULL,"y"
1087,20250416,6665,342,1191,"3","18","91","8","2026-03-24 20:20:42.341",NULL,"y"
1088,20250415,6538,343,1192,"1","65","65","8","2026-03-24 20:20:42.341",NULL,"y"
1089,20250412,6598,344,1193,"1","75","120","0","2026-03-24 20:20:42.341",NULL,"y"
1090,20250412,6694,344,1193,"2","15","120","0","2026-03-24 20:20:42.341",NULL,"y"
1091,20250411,6651,345,1194,"1","25","100","8","2026-03-24 20:20:42.341",NULL,"y"
1092,20250411,6630,345,1194,"2","50","100","8","2026-03-24 20:20:42.341",NULL,"y"
1093,20250411,6695,346,1195,"1","86","86","8","2026-03-24 20:20:42.341",NULL,"y"
1094,20250409,6651,347,1196,"1","25","100","8","2026-03-24 20:20:42.341",NULL,"y"
1095,20250409,6630,347,1196,"2","50","100","8","2026-03-24 20:20:42.341",NULL,"y"
1096,20250409,6538,348,1197,"1","65","267","0","2026-03-24 20:20:42.341",NULL,"y"
1097,20250409,6539,348,1197,"2","58","267","0","2026-03-24 20:20:42.341",NULL,"y"
1098,20250409,6540,348,1197,"3","48","267","0","2026-03-24 20:20:42.341",NULL,"y"
1099,20250409,6586,348,1197,"4","48","267","0","2026-03-24 20:20:42.341",NULL,"y"
1100,20250409,6643,349,1198,"1","50","100","8","2026-03-24 20:20:42.341",NULL,"y"
1101,20250409,6630,349,1198,"2","50","100","8","2026-03-24 20:20:42.341",NULL,"y"
1102,20250408,6696,350,1199,"1","20","80","8","2026-03-24 20:20:42.341",NULL,"y"
1103,20250408,6647,350,1199,"2","30","80","8","2026-03-24 20:20:42.341",NULL,"y"
1104,20250403,6605,351,1200,"1","50","50","8","2026-03-24 20:20:42.341",NULL,"y"
1105,20250402,6697,352,1201,"1","129","129","8","2026-03-24 20:20:42.341",NULL,"y"
1106,20250402,6646,353,1202,"1","45","95","8","2026-03-24 20:20:42.341",NULL,"y"
1107,20250402,6575,353,1202,"2","50","95","8","2026-03-24 20:20:42.341",NULL,"y"
1108,20250331,6605,354,1203,"1","50","50","8","2026-03-24 20:20:42.341",NULL,"y"
1109,20250331,6605,355,1205,"1","50","50","8","2026-03-24 20:20:42.341",NULL,"y"
1110,20250330,6575,356,1206,"1","50","308","0","2026-03-24 20:20:42.341",NULL,"y"
1111,20250330,6636,356,1206,"2","129","308","0","2026-03-24 20:20:42.341",NULL,"y"
1112,20250330,6697,356,1206,"3","129","308","0","2026-03-24 20:20:42.341",NULL,"y"
1113,20250330,6651,357,1207,"1","25","100","8","2026-03-24 20:20:42.341",NULL,"y"
1114,20250330,6630,357,1207,"2","50","100","8","2026-03-24 20:20:42.341",NULL,"y"
1115,20250330,6605,358,1208,"1","50","50","8","2026-03-24 20:20:42.341",NULL,"y"
1116,20250327,6668,359,1209,"1","86","101","8","2026-03-24 20:20:42.341",NULL,"y"
1117,20250327,6688,359,1209,"2","15","101","8","2026-03-24 20:20:42.343",NULL,"y"
1118,20250327,6698,360,1210,"1","16,5","1505","0","2026-03-24 20:20:42.343",NULL,"y"
1119,20250327,6663,360,1210,"2","34","1505","0","2026-03-24 20:20:42.343",NULL,"y"
1120,20250327,6647,360,1210,"3","30","1505","0","2026-03-24 20:20:42.343",NULL,"y"
1121,20250327,6699,360,1210,"4","85","1505","0","2026-03-24 20:20:42.343",NULL,"y"
1122,20250327,6700,360,1210,"5","65","1505","0","2026-03-24 20:20:42.343",NULL,"y"
1123,20250327,6692,360,1210,"6","115","1505","0","2026-03-24 20:20:42.343",NULL,"y"
1124,20250327,6701,360,1210,"7","125","1505","0","2026-03-24 20:20:42.343",NULL,"y"
1125,20250320,6637,361,1211,"1","35","84,9","8","2026-03-24 20:20:42.343",NULL,"y"
1126,20250320,6619,361,1211,"2","49,9","84,9","8","2026-03-24 20:20:42.343",NULL,"y"
1127,20250318,6642,362,1212,"1","129","129","8","2026-03-24 20:20:42.343",NULL,"y"
1128,20250318,6651,363,1213,"1","25","105","8","2026-03-24 20:20:42.343",NULL,"y"
1129,20250318,6672,363,1213,"2","35","105","8","2026-03-24 20:20:42.343",NULL,"y"
1130,20250318,6638,363,1213,"3","45","105","8","2026-03-24 20:20:42.343",NULL,"y"
1131,20250317,6693,364,1214,"1","129","129","8","2026-03-24 20:20:42.343",NULL,"y"
1132,20250307,6697,365,1215,"1","129","129","8","2026-03-24 20:20:42.343",NULL,"y"
1133,20250307,6702,366,1216,"1","120","150","8","2026-03-24 20:20:42.343",NULL,"y"
1134,20250307,6688,366,1216,"2","15","150","8","2026-03-24 20:20:42.343",NULL,"y"
1135,20250307,6631,366,1216,"3","15","150","8","2026-03-24 20:20:42.343",NULL,"y"
1136,20250306,6636,367,1217,"1","129","258","0","2026-03-24 20:20:42.343",NULL,"y"
1137,20250306,6642,367,1217,"2","129","258","0","2026-03-24 20:20:42.343",NULL,"y"
1138,20250306,6642,368,1218,"1","129","258","0","2026-03-24 20:20:42.343",NULL,"y"
1139,20250306,6683,369,1219,"1","92","92","8","2026-03-24 20:20:42.343",NULL,"y"
1140,20250304,6697,370,1220,"1","129","129","8","2026-03-24 20:20:42.343",NULL,"y"
1141,20250302,6640,371,1221,"1","64","90","8","2026-03-24 20:20:42.343",NULL,"y"
1142,20250302,6703,372,1222,"1","86","172","0","2026-03-24 20:20:42.343",NULL,"y"
1143,20250302,6704,373,1223,"1","90","156","0","2026-03-24 20:20:42.343",NULL,"y"
1144,20250302,6698,373,1223,"2","16,5","156","0","2026-03-24 20:20:42.343",NULL,"y"
1145,20250302,6637,374,1224,"1","35","130","8","2026-03-24 20:20:42.343",NULL,"y"
1146,20250302,6656,374,1224,"2","45","130","8","2026-03-24 20:20:42.343",NULL,"y"
1147,20250302,6643,374,1224,"3","50","130","8","2026-03-24 20:20:42.343",NULL,"y"
1148,20250301,6705,375,1225,"1","129","129","8","2026-03-24 20:20:42.343",NULL,"y"
1149,20250301,6705,376,1226,"1","129","258","0","2026-03-24 20:20:42.343",NULL,"y"
1150,20250301,6705,377,1227,"1","129","129","8","2026-03-24 20:20:42.343",NULL,"y"
1151,20250226,6643,378,1228,"1","50","85","8","2026-03-24 20:20:42.343",NULL,"y"
1152,20250226,6637,378,1228,"2","35","85","8","2026-03-24 20:20:42.343",NULL,"y"
1153,20250226,6651,379,1229,"1","25","25","8","2026-03-24 20:20:42.345",NULL,"y"
1154,20250224,6683,380,1230,"1","92","92","8","2026-03-24 20:20:42.345",NULL,"y"
1155,20250223,6651,381,1231,"1","25","25","8","2026-03-24 20:20:42.345",NULL,"y"
1156,20250221,6662,382,1232,"1","92","92","8","2026-03-24 20:20:42.345",NULL,"y"
1157,20250219,6684,383,1234,"1","20","20","8","2026-03-24 20:20:42.345",NULL,"y"
1158,20250218,6663,384,1235,"1","34","108","8","2026-03-24 20:20:42.345",NULL,"y"
1159,20250218,6654,384,1235,"2","40","108","8","2026-03-24 20:20:42.345",NULL,"y"
1160,20250218,6653,384,1235,"3","34","108","8","2026-03-24 20:20:42.345",NULL,"y"
1161,20250215,6662,385,1236,"1","92","92","8","2026-03-24 20:20:42.345",NULL,"y"
1162,20250215,6630,386,1237,"1","50","100","8","2026-03-24 20:20:42.345",NULL,"y"
1163,20250215,6706,386,1237,"2","50","100","8","2026-03-24 20:20:42.345",NULL,"y"
1164,20250214,6651,387,1238,"1","25","25","8","2026-03-24 20:20:42.345",NULL,"y"
1165,20250214,6651,388,1239,"1","25","25","8","2026-03-24 20:20:42.346",NULL,"y"
1166,20250214,6638,389,1240,"1","45","95","8","2026-03-24 20:20:42.346",NULL,"y"
1167,20250214,6688,389,1240,"2","15","95","8","2026-03-24 20:20:42.346",NULL,"y"
1168,20250214,6631,389,1240,"3","15","95","8","2026-03-24 20:20:42.346",NULL,"y"
1169,20250214,6689,389,1240,"4","20","95","8","2026-03-24 20:20:42.346",NULL,"y"
1170,20250213,6650,390,1241,"1","25","25","8","2026-03-24 20:20:42.346",NULL,"y"
1171,20250213,6630,391,1242,"1","50","50","8","2026-03-24 20:20:42.346",NULL,"y"
1172,20250213,6650,392,1243,"1","25","25","8","2026-03-24 20:20:42.346",NULL,"y"
1173,20250213,6630,393,1244,"1","50","50","8","2026-03-24 20:20:42.346",NULL,"y"
1174,20250213,6630,394,1245,"1","50","50","8","2026-03-24 20:20:42.346",NULL,"y"
1175,20250213,6577,395,1246,"1","25","50","8","2026-03-24 20:20:42.346",NULL,"y"
1176,20250213,6650,395,1246,"2","25","50","8","2026-03-24 20:20:42.346",NULL,"y"
1177,20250213,6651,396,1247,"1","25","50","8","2026-03-24 20:20:42.346",NULL,"y"
1178,20250213,6577,397,1248,"1","25","25","8","2026-03-24 20:20:42.346",NULL,"y"
1179,20250213,6577,398,1249,"1","25","25","8","2026-03-24 20:20:42.346",NULL,"y"
1180,20250213,6651,399,1250,"1","25","25","8","2026-03-24 20:20:42.346",NULL,"y"
1181,20250213,6651,400,1251,"1","25","25","8","2026-03-24 20:20:42.346",NULL,"y"
1182,20250213,6630,401,1252,"1","50","50","8","2026-03-24 20:20:42.346",NULL,"y"
1183,20250213,6651,402,1253,"1","25","25","8","2026-03-24 20:20:42.346",NULL,"y"
1184,20250213,6651,403,1254,"1","25","25","8","2026-03-24 20:20:42.346",NULL,"y"
1185,20250213,6630,404,1255,"1","50","50","8","2026-03-24 20:20:42.346",NULL,"y"
1186,20250213,6577,405,1256,"1","25","50","8","2026-03-24 20:20:42.346",NULL,"y"
1187,20250213,6699,406,1257,"1","85","115","8","2026-03-24 20:20:42.346",NULL,"y"
1188,20250213,6647,406,1257,"2","30","115","8","2026-03-24 20:20:42.346",NULL,"y"
1189,20250213,6577,407,1258,"1","25","25","8","2026-03-24 20:20:42.346",NULL,"y"
1190,20250213,6630,408,1259,"1","50","50","8","2026-03-24 20:20:42.346",NULL,"y"
1191,20250213,6704,409,1260,"1","90","106,5","8","2026-03-24 20:20:42.346",NULL,"y"
1192,20250213,6698,409,1260,"2","16,5","106,5","8","2026-03-24 20:20:42.346",NULL,"y"
1193,20250213,6651,410,1261,"1","25","25","8","2026-03-24 20:20:42.346",NULL,"y"
1194,20250213,6651,411,1262,"1","25","25","8","2026-03-24 20:20:42.346",NULL,"y"
1195,20250213,6650,412,1263,"1","25","25","8","2026-03-24 20:20:42.346",NULL,"y"
1196,20250213,6707,413,1264,"1","60","60","8","2026-03-24 20:20:42.346",NULL,"y"
1197,20250213,6651,414,1265,"1","25","25","8","2026-03-24 20:20:42.346",NULL,"y"
1198,20250212,6651,223,1266,"1","25","50","8","2026-03-24 20:20:42.346",NULL,"y"
1199,20250212,6577,223,1266,"2","25","50","8","2026-03-24 20:20:42.346",NULL,"y"
1200,20250212,6651,415,1267,"1","25","25","8","2026-03-24 20:20:42.346",NULL,"y"
1201,20250212,6651,416,1268,"1","20","150","8","2026-03-24 20:20:42.346",NULL,"y"
1202,20250212,6577,416,1268,"2","20","150","8","2026-03-24 20:20:42.346",NULL,"y"
1203,20250212,6650,416,1268,"3","20","150","8","2026-03-24 20:20:42.346",NULL,"y"
1204,20250212,6630,417,1269,"1","50","50","8","2026-03-24 20:20:42.346",NULL,"y"
1205,20250212,6630,418,1270,"1","50","100","0","2026-03-24 20:20:42.346",NULL,"y"
1206,20250212,6706,418,1270,"2","50","100","0","2026-03-24 20:20:42.346",NULL,"y"
1207,20250212,6638,419,1271,"1","45","95","8","2026-03-24 20:20:42.346",NULL,"y"
1208,20250212,6651,419,1271,"2","25","95","8","2026-03-24 20:20:42.346",NULL,"y"
1209,20250212,6615,419,1271,"3","25","95","8","2026-03-24 20:20:42.346",NULL,"y"
1210,20250212,6630,420,1272,"1","50","50","8","2026-03-24 20:20:42.346",NULL,"y"
1211,20250211,6651,421,1273,"1","25","25","8","2026-03-24 20:20:42.346",NULL,"y"
1212,20250211,6708,422,1274,"1","50","100","8","2026-03-24 20:20:42.346",NULL,"y"
1213,20250210,6639,423,1275,"1","90","90","8","2026-03-24 20:20:42.349",NULL,"y"
1214,20250210,6691,424,1276,"1","92","109","8","2026-03-24 20:20:42.349",NULL,"y"
1215,20250210,6709,424,1276,"2","17","109","8","2026-03-24 20:20:42.349",NULL,"y"
1216,20250208,6646,425,1277,"1","45","99","8","2026-03-24 20:20:42.349",NULL,"y"
1217,20250208,6653,425,1277,"2","34","99","8","2026-03-24 20:20:42.349",NULL,"y"
1218,20250208,6601,425,1277,"3","20","99","8","2026-03-24 20:20:42.349",NULL,"y"
1219,20250206,6643,426,1278,"1","50","95","8","2026-03-24 20:20:42.349",NULL,"y"
1220,20250206,6656,426,1278,"2","45","95","8","2026-03-24 20:20:42.349",NULL,"y"
1221,20250206,6710,427,1279,"1","70","105","8","2026-03-24 20:20:42.349",NULL,"y"
1222,20250206,6657,427,1279,"2","35","105","8","2026-03-24 20:20:42.349",NULL,"y"
1223,20250205,6689,383,1280,"1","20","72","8","2026-03-24 20:20:42.349",NULL,"y"
1224,20250205,6684,383,1280,"2","20","72","8","2026-03-24 20:20:42.349",NULL,"y"
1225,20250205,6709,383,1280,"3","17","72","8","2026-03-24 20:20:42.349",NULL,"y"
1226,20250205,6678,383,1280,"4","15","72","8","2026-03-24 20:20:42.349",NULL,"y"
1227,20250204,6587,428,1281,"1","30","30","8","2026-03-24 20:20:42.349",NULL,"y"
1228,20250203,6684,429,1282,"1","20","99","8","2026-03-24 20:20:42.349",NULL,"y"
1229,20250203,6663,429,1282,"2","34","99","8","2026-03-24 20:20:42.349",NULL,"y"
1230,20250203,6656,429,1282,"3","45","99","8","2026-03-24 20:20:42.349",NULL,"y"
1231,20250129,6656,430,1283,"1","45","90","7","2026-03-24 20:20:42.349",NULL,"y"
1232,20250129,6638,430,1283,"2","45","90","7","2026-03-24 20:20:42.349",NULL,"y"
1233,20250129,6710,431,1284,"1","70","90","7","2026-03-24 20:20:42.349",NULL,"y"
1234,20250129,6684,431,1284,"2","20","90","7","2026-03-24 20:20:42.349",NULL,"y"
1235,20250128,6663,432,1285,"1","34","79","7","2026-03-24 20:20:42.349",NULL,"y"
1236,20250128,6646,432,1285,"2","45","79","7","2026-03-24 20:20:42.349",NULL,"y"
1237,20250125,6684,433,1286,"1","20","105","7","2026-03-24 20:20:42.349",NULL,"y"
1238,20250125,6689,433,1286,"2","20","105","7","2026-03-24 20:20:42.349",NULL,"y"
1239,20250125,6646,433,1286,"3","45","105","7","2026-03-24 20:20:42.349",NULL,"y"
1240,20250124,6639,434,1287,"1","90","90","7","2026-03-24 20:20:42.349",NULL,"y"
1241,20250124,6643,361,1288,"1","50","100","7","2026-03-24 20:20:42.349",NULL,"y"
1242,20250120,6639,435,1289,"1","90","90","7","2026-03-24 20:20:42.349",NULL,"y"
1243,20250120,6657,436,1290,"1","35","100","7","2026-03-24 20:20:42.349",NULL,"y"
1244,20250120,6678,436,1290,"2","15","100","7","2026-03-24 20:20:42.349",NULL,"y"
1245,20250120,6689,436,1290,"3","20","100","7","2026-03-24 20:20:42.349",NULL,"y"
1246,20250120,6711,436,1290,"4","15","100","7","2026-03-24 20:20:42.349",NULL,"y"
1247,20250118,6616,437,1291,"1","46","46","7","2026-03-24 20:20:42.349",NULL,"y"
1248,20250114,6587,438,1292,"1","30","30","7","2026-03-24 20:20:42.349",NULL,"y"
1249,20250114,6587,439,1293,"1","30","30","7","2026-03-24 20:20:42.349",NULL,"y"
1250,20250111,6586,440,1294,"1","48","48","7","2026-03-24 20:20:42.349",NULL,"y"
1251,20250106,6702,441,1295,"1","120","120","7","2026-03-24 20:20:42.349",NULL,"y"
1252,20250103,6539,442,1296,"1","58","58","7","2026-03-24 20:20:42.349",NULL,"y"
1253,20241227,6587,443,1297,"1","30","30","7","2026-03-24 20:20:42.349",NULL,"y"
1254,20241225,6587,444,1298,"1","30","30","7","2026-03-24 20:20:42.349",NULL,"y"
1255,20241224,6712,445,1299,"1","20","60","7","2026-03-24 20:20:42.349",NULL,"y"
1256,20241224,6539,446,1300,"1","58","104","7","2026-03-24 20:20:42.349",NULL,"y"
1257,20241224,6616,446,1300,"2","46","104","7","2026-03-24 20:20:42.349",NULL,"y"
1258,20241223,6587,447,1301,"1","30","30","7","2026-03-24 20:20:42.349",NULL,"y"
1259,20241210,6713,448,1302,"1","28","28","7","2026-03-24 20:20:42.349",NULL,"y"
1260,20241125,6644,449,1303,"1","70","70","7","2026-03-24 20:20:42.349",NULL,"y"
1261,20241123,6587,450,1304,"1","30","30","7","2026-03-24 20:20:42.349",NULL,"y"
1262,20241107,6714,451,1305,"1","15","45","7","2026-03-24 20:20:42.349",NULL,"y"
1263,20241107,6644,452,1306,"1","70","70","7","2026-03-24 20:20:42.349",NULL,"y"
1264,20241002,6715,453,1307,"1","40","110","7","2026-03-24 20:20:42.349",NULL,"y"
1265,20241002,6716,453,1307,"2","30","110","7","2026-03-24 20:20:42.349",NULL,"y"
1266,20240926,6586,454,1308,"1","48","48","7","2026-03-24 20:20:42.349",NULL,"y"
1267,20240906,6717,455,1309,"1","180","180","7","2026-03-24 20:20:42.349",NULL,"y"
1268,20240827,6718,456,1310,"1","55","55","7","2026-03-24 20:20:42.349",NULL,"y"
1269,20240827,6587,457,1311,"1","30","30","7","2026-03-24 20:20:42.349",NULL,"y"
1270,20240817,6538,458,1312,"1","65","65","7","2026-03-24 20:20:42.351",NULL,"y"
1271,20240805,6539,459,1313,"1","58","58","7","2026-03-24 20:20:42.351",NULL,"y"
1272,20240730,6587,460,1314,"1","30","75","7","2026-03-24 20:20:42.351",NULL,"y"
1273,20240730,6604,460,1314,"2","45","75","7","2026-03-24 20:20:42.351",NULL,"y"
1274,20240721,6587,461,1315,"1","30","75","7","2026-03-24 20:20:42.351",NULL,"y"
1275,20240721,6604,461,1315,"2","45","75","7","2026-03-24 20:20:42.351",NULL,"y"
1276,20240704,6719,462,1316,"1","14","14","7","2026-03-24 20:20:42.351",NULL,"y"
1277,20240630,6616,463,1317,"1","46","169","7","2026-03-24 20:20:42.351",NULL,"y"
1278,20240630,6538,463,1317,"2","65","169","7","2026-03-24 20:20:42.351",NULL,"y"
1279,20240630,6587,463,1317,"3","30","169","7","2026-03-24 20:20:42.351",NULL,"y"
1280,20240630,6713,463,1317,"4","28","169","7","2026-03-24 20:20:42.351",NULL,"y"
1281,20240611,6587,464,1318,"1","30","30","7","2026-03-24 20:20:42.351",NULL,"y"
1282,20240610,6587,465,1319,"1","30","30","7","2026-03-24 20:20:42.351",NULL,"y"
1283,20240527,6720,466,1320,"1","15","45","7","2026-03-24 20:20:42.351",NULL,"y"
1284,20240527,6721,466,1320,"2","15","45","7","2026-03-24 20:20:42.351",NULL,"y"
1285,20240527,6722,466,1320,"3","15","45","7","2026-03-24 20:20:42.351",NULL,"y"
1286,20240507,6587,467,1321,"1","30","30","7","2026-03-24 20:20:42.351",NULL,"y"
1287,20240328,6587,468,1322,"1","30","30","7","2026-03-24 20:20:42.351",NULL,"y"
1288,20240324,6723,469,1323,"1","17","29","7","2026-03-24 20:20:42.351",NULL,"y"
1289,20240324,6724,469,1323,"2","12","29","7","2026-03-24 20:20:42.351",NULL,"y"
1290,20240318,6725,470,1324,"1","30","30","7","2026-03-24 20:20:42.351",NULL,"y"
1291,20240313,6723,471,1325,"1","17","34","7","2026-03-24 20:20:42.351",NULL,"y"
1292,20240220,6726,47,942,"1","6","18","7","2026-03-24 20:20:42.351",NULL,"y"
1293,20240220,6727,47,942,"2","6","18","7","2026-03-24 20:20:42.351",NULL,"y"
1294,20260102,6575,48,1418,"1","50","100","8","2026-03-24 20:20:42.417",NULL,"y"
1295,20251230,6576,49,1418,"1","90","90","8","2026-03-24 20:20:42.417",NULL,"y"
1296,20251229,6728,50,1418,"1
2
3","65
58
30","153","0","2026-03-24 20:20:42.417",NULL,"y"
1297,20251229,6578,51,1418,"1","90","90","8","2026-03-24 20:20:42.417",NULL,"y"
1298,20251229,6578,52,1418,"1","90","90","8","2026-03-24 20:20:42.417",NULL,"y"
1299,20251229,6575,53,1418,"1","50","100","8","2026-03-24 20:20:42.417",NULL,"y"
1300,20251229,6729,54,1418,"1
2
3
4","30
25
25
25","105","8","2026-03-24 20:20:42.417",NULL,"y"
1301,20251228,6730,55,1418,"1
2","50
25","75","8","2026-03-24 20:20:42.417",NULL,"y"
1302,20251228,6539,56,1418,"1","58","58","8","2026-03-24 20:20:42.417",NULL,"y"
1303,20251228,6585,57,1418,"1","184","184","0","2026-03-24 20:20:42.417",NULL,"y"
1304,20251227,6731,58,1418,"1
2","50
48","98","8","2026-03-24 20:20:42.417",NULL,"y"
1305,20251227,6538,59,943,"1","65","65","8","2026-03-24 20:20:42.417",NULL,"y"
1306,20251227,6587,60,944,"1","30","30","8","2026-03-24 20:20:42.417",NULL,"y"
1307,20251227,6732,61,1418,"1
2","90
34","124","8","2026-03-24 20:20:42.417",NULL,"y"
1308,20251226,6578,62,1418,"1","90","90","8","2026-03-24 20:20:42.417",NULL,"y"
1309,20251226,6589,63,1418,"1","20","100","8","2026-03-24 20:20:42.417",NULL,"y"
1310,20251226,6577,64,1418,"1","30","120","8","2026-03-24 20:20:42.417",NULL,"y"
1311,20251226,6733,65,1418,"1
2","50
49.9","99,9","8","2026-03-24 20:20:42.417",NULL,"y"
1312,20251225,6578,66,1418,"1","90","90","8","2026-03-24 20:20:42.417",NULL,"y"
1313,20251225,6578,66,1418,"1","90","90","8","2026-03-24 20:20:42.417",NULL,"y"
1314,20251225,6578,68,1418,"1","90","90","8","2026-03-24 20:20:42.417",NULL,"y"
1315,20251225,6592,69,1418,"1","90","90","8","2026-03-24 20:20:42.417",NULL,"y"
1316,20251224,6734,70,1418,"1
2
3","20
30
25","75","8","2026-03-24 20:20:42.417",NULL,"y"
1317,20251224,6595,71,1418,"1","90","90","8","2026-03-24 20:20:42.417",NULL,"y"
1318,20251224,6595,72,1418,"1","90","90","8","2026-03-24 20:20:42.417",NULL,"y"
1319,20251224,6595,73,1418,"1","90","90","8","2026-03-24 20:20:42.417",NULL,"y"
1320,20251224,6595,74,1418,"1","90","90","8","2026-03-24 20:20:42.417",NULL,"y"
1321,20251224,6735,75,1418,"1
2","80
25","105","8","2026-03-24 20:20:42.417",NULL,"y"
1322,20251224,6736,76,946,"1
2","100
50","150","0","2026-03-24 20:20:42.417",NULL,"y"
1323,20251224,6737,77,1418,"1
2
3
4","25
25
30
20","100","8","2026-03-24 20:20:42.417",NULL,"y"
1324,20251224,6580,78,1418,"1","25","100","8","2026-03-24 20:20:42.417",NULL,"y"
1325,20251224,6738,79,1418,"1
2
3","20
49.9
20","89,9","8","2026-03-24 20:20:42.417",NULL,"y"
1326,20251224,6539,80,1418,"1","58","58","8","2026-03-24 20:20:42.417",NULL,"y"
1327,20251224,6739,81,1418,"1
2
3","20
20
49.9","89,9","8","2026-03-24 20:20:42.417",NULL,"y"
1328,20251224,6603,82,1418,"1","150","150","0","2026-03-24 20:20:42.417",NULL,"y"
1329,20251223,6740,83,1418,"1
2
3","45
48
30","123","8","2026-03-24 20:20:42.417",NULL,"y"
1330,20251222,6741,84,1418,"1
2","30
49.9","79,9","8","2026-03-24 20:20:42.417",NULL,"y"
1331,20251222,6741,84,1418,"1
2","30
49.9","79,9","8","2026-03-24 20:20:42.417",NULL,"y"
1332,20251222,6595,85,1418,"1","90","90","8","2026-03-24 20:20:42.417",NULL,"y"
1333,20251219,6595,86,1418,"1","90","90","8","2026-03-24 20:20:42.417",NULL,"y"
1334,20251218,6578,87,1418,"1","90","90","8","2026-03-24 20:20:42.417",NULL,"y"
1335,20251217,6742,88,1418,"1
2","48
45","93","8","2026-03-24 20:20:42.417",NULL,"y"
1336,20251217,6590,89,947,"1","49,9","99,8","8","2026-03-24 20:20:42.417",NULL,"y"
1337,20251217,6743,90,1418,"1
2","50
56","106","8","2026-03-24 20:20:42.417",NULL,"y"
1338,20251215,6607,91,1418,"1","90","90","8","2026-03-24 20:20:42.417",NULL,"y"
1339,20251214,6595,92,1418,"1","90","90","8","2026-03-24 20:20:42.417",NULL,"y"
1340,20251214,6744,93,1418,"1
2","30
30","90","8","2026-03-24 20:20:42.417",NULL,"y"
1341,20251213,6745,94,1418,"1
2
3
4","25
25
25
25","100","8","2026-03-24 20:20:42.417",NULL,"y"
1342,20251212,6746,95,1418,"1
2","80
25","105","8","2026-03-24 20:20:42.417",NULL,"y"
1343,20251212,6747,96,1418,"1
2
3","49.9
20
20","89,9","8","2026-03-24 20:20:42.417",NULL,"y"
1344,20251212,6609,97,1418,"1","119","119","8","2026-03-24 20:20:42.417",NULL,"y"
1345,20251211,6748,98,1418,"1
2
3","49.9
34
25","108,9","8","2026-03-24 20:20:42.417",NULL,"y"
1346,20251211,6749,99,1418,"1
2","65
25","90","8","2026-03-24 20:20:42.417",NULL,"y"
1347,20251211,6609,100,1418,"1","119","119","8","2026-03-24 20:20:42.417",NULL,"y"
1348,20251211,6590,101,1418,"1","49,9","99,8","8","2026-03-24 20:20:42.417",NULL,"y"
1349,20251211,6750,102,1418,"1
2
3","25
25
49.9","99,9","8","2026-03-24 20:20:42.417",NULL,"y"
1350,20251211,6733,103,1418,"1
2","50
49.9","99,9","8","2026-03-24 20:20:42.417",NULL,"y"
1351,20251210,6610,104,1418,"1","80","80","8","2026-03-24 20:20:42.417",NULL,"y"
1352,20251210,6595,105,1418,"1","90","90","8","2026-03-24 20:20:42.417",NULL,"y"
1353,20251210,6595,106,948,"1","90","90","8","2026-03-24 20:20:42.417",NULL,"y"
1354,20251209,6578,107,1418,"1","90","90","8","2026-03-24 20:20:42.417",NULL,"y"
1355,20251209,6578,108,1418,"1","90","90","8","2026-03-24 20:20:42.417",NULL,"y"
1356,20251208,6751,109,949,"1
2","30
25","85","8","2026-03-24 20:20:42.417",NULL,"y"
1357,20251205,6752,110,950,"1
2","90
25","115","8","2026-03-24 20:20:42.417",NULL,"y"
1358,20251205,6611,111,951,"1","119","119","8","2026-03-24 20:20:42.417",NULL,"y"
1359,20251204,6578,112,952,"1","90","90","8","2026-03-24 20:20:42.417",NULL,"y"
1360,20251204,6612,113,953,"1","119","119","8","2026-03-24 20:20:42.417",NULL,"y"
1361,20251203,6595,114,954,"1","90","90","8","2026-03-24 20:20:42.417",NULL,"y"
1362,20251202,6753,115,955,"1
2
3","50
20
30","100","8","2026-03-24 20:20:42.417",NULL,"y"
1363,20251201,6754,116,956,"1
2","50
49.9","99,9","8","2026-03-24 20:20:42.417",NULL,"y"
1364,20251201,6614,117,957,"1","25","25","8","2026-03-24 20:20:42.417",NULL,"y"
1365,20251201,6609,118,958,"1","119","119","8","2026-03-24 20:20:42.417",NULL,"y"
1366,20251127,6576,119,959,"1","90","90","8","2026-03-24 20:20:42.417",NULL,"y"
1367,20251125,6755,120,960,"1
2","50
25","100","8","2026-03-24 20:20:42.417",NULL,"y"
1368,20251125,6756,121,961,"1
2
3","20
35
30","85","8","2026-03-24 20:20:42.417",NULL,"y"
1369,20251123,6757,122,962,"1
2
3","30
30
30","90","8","2026-03-24 20:20:42.417",NULL,"y"
1370,20251121,6758,123,963,"1
2","34
90","124","8","2026-03-24 20:20:42.417",NULL,"y"
1371,20251120,6610,124,964,"1","80","80","8","2026-03-24 20:20:42.417",NULL,"y"
1372,20251120,6759,125,965,"1
2
3","25
25
34","84","8","2026-03-24 20:20:42.417",NULL,"y"
1373,20251117,6760,126,966,"1
2
3
4","20
25
25
34","104","8","2026-03-24 20:20:42.417",NULL,"y"
1374,20251117,6575,127,967,"1","50","100","8","2026-03-24 20:20:42.417",NULL,"y"
1375,20251114,6761,128,968,"1
2
3","49.9
25
25","99,9","8","2026-03-24 20:20:42.417",NULL,"y"
1376,20251114,6762,129,969,"1
2
3","30
25
45","100","8","2026-03-24 20:20:42.417",NULL,"y"
1377,20251114,6763,130,970,"1
2","46
50","96","8","2026-03-24 20:20:42.417",NULL,"y"
1378,20251112,6764,131,971,"1
2
3","25
30
25","80","8","2026-03-24 20:20:42.417",NULL,"y"
1379,20251111,6765,132,972,"1
2
3","30
25
30","115","8","2026-03-24 20:20:42.417",NULL,"y"
1380,20251110,6608,133,973,"1","20","100","8","2026-03-24 20:20:42.417",NULL,"y"
1381,20251108,6766,134,974,"1
2","56
50","106","8","2026-03-24 20:20:42.417",NULL,"y"
1382,20251106,6767,135,975,"1
2","49.9
50","99,9","8","2026-03-24 20:20:42.417",NULL,"y"
1383,20251106,6768,136,976,"1
2
3","50
25
30","105","8","2026-03-24 20:20:42.417",NULL,"y"
1384,20251104,6769,137,977,"1
2","49.9
49.9","99,8","8","2026-03-24 20:20:42.417",NULL,"y"
1385,20251104,6578,138,978,"1","90","90","8","2026-03-24 20:20:42.417",NULL,"y"
1386,20251102,6539,139,979,"1","58","58","8","2026-03-24 20:20:42.417",NULL,"y"
1387,20251031,6770,140,980,"1
2","80
25","105","8","2026-03-24 20:20:42.417",NULL,"y"
1388,20251031,6595,141,981,"1","90","90","8","2026-03-24 20:20:42.417",NULL,"y"
1389,20251031,6771,142,982,"1
2
3
4
5","20
20
20
25
25","110","8","2026-03-24 20:20:42.417",NULL,"y"
1390,20251030,6621,143,983,"1","90","90","8","2026-03-24 20:20:42.417",NULL,"y"
1391,20251030,6609,144,984,"1","119","119","8","2026-03-24 20:20:42.417",NULL,"y"
1392,20251029,6610,145,985,"1","80","80","8","2026-03-24 20:20:42.417",NULL,"y"
1393,20251028,6772,146,986,"1
2
3
4","20
20
25
34","99","8","2026-03-24 20:20:42.417",NULL,"y"
1394,20251028,6611,147,987,"1","119","119","8","2026-03-24 20:20:42.417",NULL,"y"
1395,20251025,6575,148,988,"1","50","100","8","2026-03-24 20:20:42.417",NULL,"y"
1396,20251023,6773,149,989,"1
2
3
4","25
25
30
30","110","8","2026-03-24 20:20:42.417",NULL,"y"
1397,20251022,6580,150,990,"1","25","25","8","2026-03-24 20:20:42.417",NULL,"y"
1398,20251022,6774,151,991,"1
2","60
50","110","8","2026-03-24 20:20:42.417",NULL,"y"
1399,20251020,6775,152,992,"1
2
3","25
25
25","100","8","2026-03-24 20:20:42.417",NULL,"y"
1400,20251020,6776,153,993,"1
2","49.9
50","99,9","8","2026-03-24 20:20:42.417",NULL,"y"
1401,20251020,6777,154,994,"1
2","20
25","90","8","2026-03-24 20:20:42.417",NULL,"y"
1402,20251020,6595,155,995,"1","90","90","8","2026-03-24 20:20:42.417",NULL,"y"
1403,20251020,6778,156,996,"1
2
3
4","30
25
30
20","105","8","2026-03-24 20:20:42.417",NULL,"y"
1404,20251020,6578,157,997,"1","90","90","8","2026-03-24 20:20:42.417",NULL,"y"
1405,20251018,6779,158,998,"1
2","25
45","95","8","2026-03-24 20:20:42.417",NULL,"y"
1406,20251016,6780,159,999,"1
2
3","25
30
25","105","8","2026-03-24 20:20:42.417",NULL,"y"
1407,20251014,6608,160,1000,"1","20","80","8","2026-03-24 20:20:42.417",NULL,"y"
1408,20251013,6781,161,1001,"1
2","30
50","110","8","2026-03-24 20:20:42.417",NULL,"y"
1409,20251013,6782,163,1003,"1
2
3
4","25
25
25
25","100","8","2026-03-24 20:20:42.417",NULL,"y"
1410,20251013,6625,161,1004,"1","120","120","8","2026-03-24 20:20:42.417",NULL,"y"
1411,20251012,6783,164,1005,"1
2
3","30
49.9
25","104,9","8","2026-03-24 20:20:42.417",NULL,"y"
1412,20251009,6784,165,1006,"1
2","90
20","110","8","2026-03-24 20:20:42.417",NULL,"y"
1413,20251007,6578,166,1007,"1","90","90","8","2026-03-24 20:20:42.417",NULL,"y"
1414,20251003,6586,167,1008,"1","48","48","8","2026-03-24 20:20:42.417",NULL,"y"
1415,20251003,6785,168,1009,"1
2","20
80","100","8","2026-03-24 20:20:42.417",NULL,"y"
1416,20250930,6786,169,1010,"1
2
3
4
5","20
20
20
20
20","100","8","2026-03-24 20:20:42.417",NULL,"y"
1417,20250930,6595,170,1011,"1","90","90","8","2026-03-24 20:20:42.417",NULL,"y"
1418,20250930,6787,171,1012,"1
2","50
30","80","8","2026-03-24 20:20:42.417",NULL,"y"
1419,20250928,6788,172,1013,"1
2
3","25
25
49.9","99,9","8","2026-03-24 20:20:42.417",NULL,"y"
1420,20250927,6789,173,1014,"1
2
3","30
25
30","85","8","2026-03-24 20:20:42.417",NULL,"y"
1421,20250925,6594,174,1015,"1","30","30","8","2026-03-24 20:20:42.417",NULL,"y"
1422,20250924,6790,175,1016,"1
2","30
30","90","8","2026-03-24 20:20:42.417",NULL,"y"
1423,20250924,6791,176,1017,"1
2","46
50","96","8","2026-03-24 20:20:42.417",NULL,"y"
1424,20250924,6578,177,1018,"1","90","90","8","2026-03-24 20:20:42.417",NULL,"y"
1425,20250923,6792,178,1019,"1
2
3","31
31
36","185","0","2026-03-24 20:20:42.417",NULL,"y"
1426,20250923,6609,179,1020,"1","119","119","8","2026-03-24 20:20:42.417",NULL,"y"
1427,20250922,6595,180,1021,"1","90","90","8","2026-03-24 20:20:42.417",NULL,"y"
1428,20250919,6609,181,1022,"1","119","119","8","2026-03-24 20:20:42.417",NULL,"y"
1429,20250917,6793,182,1023,"1
2
3","34
30
30","94","8","2026-03-24 20:20:42.417",NULL,"y"
1430,20250913,6538,183,1024,"1","65","65","8","2026-03-24 20:20:42.417",NULL,"y"
1431,20250910,6595,184,1025,"1","90","90","8","2026-03-24 20:20:42.417",NULL,"y"
1432,20250909,6620,185,1026,"1","20","20","8","2026-03-24 20:20:42.417",NULL,"y"
1433,20250907,6575,186,1027,"1","50","100","8","2026-03-24 20:20:42.417",NULL,"y"
1434,20250905,6794,187,1028,"1
2","20
25","65","8","2026-03-24 20:20:42.417",NULL,"y"
1435,20250904,6795,188,1029,"1
2","30
58","88","8","2026-03-24 20:20:42.417",NULL,"y"
1436,20250903,6758,189,1030,"1
2","34
90","124","8","2026-03-24 20:20:42.417",NULL,"y"
1437,20250903,6796,190,1031,"1
2","46
48","94","8","2026-03-24 20:20:42.417",NULL,"y"
1438,20250901,6625,191,1032,"1","120","120","8","2026-03-24 20:20:42.417",NULL,"y"
1439,20250901,6797,192,1033,"1
2
3","25
25
50","100","8","2026-03-24 20:20:42.417",NULL,"y"
1440,20250901,6798,193,1034,"1
2
3
4","30
25
25
20","100","8","2026-03-24 20:20:42.417",NULL,"y"
1441,20250831,6632,194,1035,"1","84","84","8","2026-03-24 20:20:42.417",NULL,"y"
1442,20250831,6626,195,1036,"1","20","40","8","2026-03-24 20:20:42.417",NULL,"y"
1443,20250831,6633,196,1037,"1","100","100","8","2026-03-24 20:20:42.417",NULL,"y"
1444,20250830,6634,197,1038,"1","119","119","8","2026-03-24 20:20:42.417",NULL,"y"
1445,20250829,6799,198,1039,"1
2
3","30
35
25","115","8","2026-03-24 20:20:42.417",NULL,"y"
1446,20250829,6634,199,1040,"1","119","119","8","2026-03-24 20:20:42.417",NULL,"y"
1447,20250829,6634,200,1041,"1","119","119","8","2026-03-24 20:20:42.417",NULL,"y"
1448,20250826,6800,201,1042,"1
2
3","34
30
30","94","8","2026-03-24 20:20:42.417",NULL,"y"
1449,20250826,6635,202,1043,"1","109","109","8","2026-03-24 20:20:42.417",NULL,"y"
1450,20250826,6586,203,1044,"1","48","96","8","2026-03-24 20:20:42.417",NULL,"y"
1451,20250825,6636,204,1045,"1","100","100","8","2026-03-24 20:20:42.417",NULL,"y"
1452,20250825,6801,205,1046,"1
2","25
35","85","8","2026-03-24 20:20:42.417",NULL,"y"
1453,20250824,6802,206,1047,"1
2","80
20","100","8","2026-03-24 20:20:42.417",NULL,"y"
1454,20250823,6803,207,1048,"1
2","45
90","135","8","2026-03-24 20:20:42.417",NULL,"y"
1455,20250822,6640,208,1049,"1","90","90","8","2026-03-24 20:20:42.417",NULL,"y"
1456,20250821,6641,209,1050,"1","85","85","8","2026-03-24 20:20:42.417",NULL,"y"
1457,20250821,6642,210,1051,"1","100","100","8","2026-03-24 20:20:42.417",NULL,"y"
1458,20250821,6633,211,1052,"1","100","100","8","2026-03-24 20:20:42.417",NULL,"y"
1459,20250820,6575,186,1053,"1","50","100","8","2026-03-24 20:20:42.417",NULL,"y"
1460,20250820,6804,212,1054,"1
2","50
50","100","8","2026-03-24 20:20:42.417",NULL,"y"
1461,20250820,6805,213,1055,"1
2","49.9
50","99,9","8","2026-03-24 20:20:42.417",NULL,"y"
1462,20250820,6578,214,1056,"1","90","90","8","2026-03-24 20:20:42.417",NULL,"y"
1463,20250820,6642,215,1057,"1","100","100","8","2026-03-24 20:20:42.417",NULL,"y"
1464,20250820,6642,216,1058,"1","100","100","8","2026-03-24 20:20:42.417",NULL,"y"
1465,20250820,6806,217,1059,"1
2","45
30","105","8","2026-03-24 20:20:42.417",NULL,"y"
1466,20250819,6807,218,1060,"1
2
3","90
50
15","155","0","2026-03-24 20:20:42.417",NULL,"y"
1467,20250819,6808,219,1061,"1
2","25
25","100","8","2026-03-24 20:20:42.417",NULL,"y"
1468,20250818,6809,220,1062,"1
2","50
55","105","8","2026-03-24 20:20:42.417",NULL,"y"
1469,20250818,6810,221,1063,"1
2
3","34
30
40","104","8","2026-03-24 20:20:42.417",NULL,"y"
1470,20250818,6811,222,1064,"1
2","25
49.9","74,9","8","2026-03-24 20:20:42.417",NULL,"y"
1471,20250818,6812,223,1065,"1
2","25
70","95","8","2026-03-24 20:20:42.417",NULL,"y"
1472,20250816,6644,224,1066,"1","49,9","99,8","8","2026-03-24 20:20:42.417",NULL,"y"
1473,20250813,6813,225,1067,"1
2","45
50","95","8","2026-03-24 20:20:42.417",NULL,"y"
1474,20250813,6814,226,1068,"1
2
3","45
35
20","100","8","2026-03-24 20:20:42.417",NULL,"y"
1475,20250812,6815,227,1069,"1
2","40
30","110","8","2026-03-24 20:20:42.417",NULL,"y"
1476,20250811,6659,191,1070,"1","219","219","0","2026-03-24 20:20:42.417",NULL,"y"
1477,20250811,6642,228,1418,"1","100","100","8","2026-03-24 20:20:42.417",NULL,"y"
1478,20250811,6816,229,1071,"1
2","30
45","75","8","2026-03-24 20:20:42.417",NULL,"y"
1479,20250810,6577,230,1072,"1","25","25","8","2026-03-24 20:20:42.417",NULL,"y"
1480,20250809,6660,231,1073,"1","150","150","0","2026-03-24 20:20:42.417",NULL,"y"
1481,20250809,6661,232,1074,"1","92","92","8","2026-03-24 20:20:42.417",NULL,"y"
1482,20250807,6644,233,1075,"1","49,9","49,9","8","2026-03-24 20:20:42.417",NULL,"y"
1483,20250806,6662,234,1076,"1","92","92","8","2026-03-24 20:20:42.417",NULL,"y"
1484,20250806,6817,235,1077,"1
2
3","50
34
15","99","8","2026-03-24 20:20:42.417",NULL,"y"
1485,20250806,6818,236,1078,"1
2
3","50
18
18","86","8","2026-03-24 20:20:42.417",NULL,"y"
1486,20250805,6819,237,1079,"1
2","45
49.9","94,9","8","2026-03-24 20:20:42.417",NULL,"y"
1487,20250805,6820,238,1080,"1
2
3","20
35
20","95","8","2026-03-24 20:20:42.417",NULL,"y"
1488,20250805,6821,239,1081,"1
2","70
20","90","8","2026-03-24 20:20:42.417",NULL,"y"
1489,20250804,6822,240,1082,"1
2
3","34
15
50","99","8","2026-03-24 20:20:42.417",NULL,"y"
1490,20250804,6578,241,1083,"1","90","90","8","2026-03-24 20:20:42.417",NULL,"y"
1491,20250804,6640,242,1084,"1","90","90","8","2026-03-24 20:20:42.417",NULL,"y"
1492,20250804,6632,243,1085,"1","84","84","8","2026-03-24 20:20:42.417",NULL,"y"
1493,20250804,6823,244,1086,"1
2","48
30","78","8","2026-03-24 20:20:42.417",NULL,"y"
1494,20250804,6824,245,1087,"1
2","100
34","134","8","2026-03-24 20:20:42.417",NULL,"y"
1495,20250803,6825,246,1088,"1
2","45
49.9","94,9","8","2026-03-24 20:20:42.417",NULL,"y"
1496,20250802,6826,247,1089,"1
2","90
25","115","8","2026-03-24 20:20:42.417",NULL,"y"
1497,20250801,6642,248,1090,"1","100","100","8","2026-03-24 20:20:42.417",NULL,"y"
1498,20250728,6827,249,1091,"1
2","46
45","91","8","2026-03-24 20:20:42.417",NULL,"y"
1499,20250721,6828,250,1092,"1
2","58
45","103","8","2026-03-24 20:20:42.417",NULL,"y"
1500,20250721,6829,251,1093,"1
2","50
50","100","8","2026-03-24 20:20:42.417",NULL,"y"
1501,20250718,6824,252,1094,"1
2","100
34","134","8","2026-03-24 20:20:42.417",NULL,"y"
1502,20250718,6669,253,1095,"1","86","86","8","2026-03-24 20:20:42.417",NULL,"y"
1503,20250717,6830,254,1096,"1
2","48
45","93","8","2026-03-24 20:20:42.417",NULL,"y"
1504,20250715,6632,255,1097,"1","84","84","8","2026-03-24 20:20:42.417",NULL,"y"
1505,20250715,6670,256,1098,"1","90","90","8","2026-03-24 20:20:42.417",NULL,"y"
1506,20250715,6538,257,1099,"1","65","65","8","2026-03-24 20:20:42.417",NULL,"y"
1507,20250714,6587,60,1100,"1","30","30","8","2026-03-24 20:20:42.417",NULL,"y"
1508,20250714,6575,258,1101,"1","50","100","8","2026-03-24 20:20:42.417",NULL,"y"
1509,20250712,6671,259,1102,"1","86","86","8","2026-03-24 20:20:42.417",NULL,"y"
1510,20250710,6831,260,1103,"1
2
3","25
35
35","95","8","2026-03-24 20:20:42.417",NULL,"y"
1511,20250708,6587,261,1104,"1","30","30","8","2026-03-24 20:20:42.417",NULL,"y"
1512,20250708,6832,262,1105,"1
2","50
45","95","8","2026-03-24 20:20:42.417",NULL,"y"
1513,20250708,6587,263,1106,"1","30","30","8","2026-03-24 20:20:42.417",NULL,"y"
1514,20250707,6833,264,1107,"1
2","80
34","114","8","2026-03-24 20:20:42.417",NULL,"y"
1515,20250704,6834,265,1108,"1
2
3
4
5
6","18
15
15
20
20
20","108","8","2026-03-24 20:20:42.417",NULL,"y"
1516,20250704,6639,266,1109,"1","90","90","8","2026-03-24 20:20:42.417",NULL,"y"
1517,20250702,6835,267,1110,"1
2
3","49.9
34
15","98,9","8","2026-03-24 20:20:42.417",NULL,"y"
1518,20250701,6836,268,1111,"1
2","45
50","95","8","2026-03-24 20:20:42.417",NULL,"y"
1519,20250701,6679,269,1112,"1","120","120","8","2026-03-24 20:20:42.417",NULL,"y"
1520,20250701,6837,270,1113,"1
2","50
45","95","8","2026-03-24 20:20:42.417",NULL,"y"
1521,20250630,6838,271,1114,"1
2","25
45","95","8","2026-03-24 20:20:42.417",NULL,"y"
1522,20250625,6839,272,1115,"1
2","25
25","100","8","2026-03-24 20:20:42.417",NULL,"y"
1523,20250625,6605,273,1116,"1","50","50","8","2026-03-24 20:20:42.417",NULL,"y"
1524,20250624,6840,274,1117,"1
2
3
4","15
15
20
49.9","99,9","8","2026-03-24 20:20:42.417",NULL,"y"
1525,20250620,6841,275,1118,"1
2","25
25","100","8","2026-03-24 20:20:42.427",NULL,"y"
1526,20250620,6842,276,1119,"1
2
3","35
25
25","110","8","2026-03-24 20:20:42.427",NULL,"y"
1527,20250619,6843,277,1120,"1
2
3","35
25
15","100","8","2026-03-24 20:20:42.427",NULL,"y"
1528,20250618,6844,97,1121,"1
2","90
15","105","8","2026-03-24 20:20:42.427",NULL,"y"
1529,20250616,6650,278,1122,"1","25","100","8","2026-03-24 20:20:42.427",NULL,"y"
1530,20250613,6605,279,1123,"1","50","50","8","2026-03-24 20:20:42.427",NULL,"y"
1531,20250612,6607,280,1124,"1","90","90","8","2026-03-24 20:20:42.427",NULL,"y"
1532,20250612,6845,230,1125,"1
2","35
25","60","8","2026-03-24 20:20:42.427",NULL,"y"
1533,20250612,6668,281,1126,"1","86","86","8","2026-03-24 20:20:42.427",NULL,"y"
1534,20250612,6846,282,1127,"1
2
3
4","25
30
15
25","95","8","2026-03-24 20:20:42.427",NULL,"y"
1535,20250612,6663,283,1128,"1","34","102","8","2026-03-24 20:20:42.427",NULL,"y"
1536,20250612,6847,284,1129,"1
2
3
4","25
25
35
15","100","8","2026-03-24 20:20:42.427",NULL,"y"
1537,20250612,6848,285,1130,"1
2
3","34
25
45","104","8","2026-03-24 20:20:42.427",NULL,"y"
1538,20250611,6671,286,1131,"1","86","86","8","2026-03-24 20:20:42.427",NULL,"y"
1539,20250611,6607,287,1132,"1","90","90","8","2026-03-24 20:20:42.427",NULL,"y"
1540,20250611,6587,288,1133,"1","30","30","8","2026-03-24 20:20:42.427",NULL,"y"
1541,20250609,6849,289,1134,"1
2","50
50","100","8","2026-03-24 20:20:42.427",NULL,"y"
1542,20250607,6651,290,1135,"1","25","100","8","2026-03-24 20:20:42.427",NULL,"y"
1543,20250605,6642,291,1136,"1","129","129","8","2026-03-24 20:20:42.427",NULL,"y"
1544,20250605,6639,292,1137,"1","90","90","8","2026-03-24 20:20:42.427",NULL,"y"
1545,20250603,6683,293,1138,"1","92","92","8","2026-03-24 20:20:42.427",NULL,"y"
1546,20250602,6587,294,1139,"1","30","30","8","2026-03-24 20:20:42.427",NULL,"y"
1547,20250530,6644,295,1140,"1","49,9","49,9","8","2026-03-24 20:20:42.427",NULL,"y"
1548,20250530,6850,296,1141,"1
2
3","50
90
20","160","0","2026-03-24 20:20:42.427",NULL,"y"
1549,20250530,6662,297,1142,"1","92","92","8","2026-03-24 20:20:42.427",NULL,"y"
1550,20250529,6644,298,1143,"1","49,9","49,9","8","2026-03-24 20:20:42.427",NULL,"y"
1551,20250528,6851,299,1144,"1
2","25
35","60","8","2026-03-24 20:20:42.427",NULL,"y"
1552,20250526,6852,300,1145,"1
2","90
25","115","8","2026-03-24 20:20:42.427",NULL,"y"
1553,20250526,6853,301,1146,"1
2","65
35","100","8","2026-03-24 20:20:42.427",NULL,"y"
1554,20250525,6670,302,1147,"1","90","90","8","2026-03-24 20:20:42.427",NULL,"y"
1555,20250523,6651,303,1148,"1","25","25","8","2026-03-24 20:20:42.427",NULL,"y"
1556,20250523,6651,304,1149,"1","25","25","8","2026-03-24 20:20:42.427",NULL,"y"
1557,20250522,6625,305,1150,"1","120","120","8","2026-03-24 20:20:42.427",NULL,"y"
1558,20250521,6685,306,1151,"1","145","145","0","2026-03-24 20:20:42.427",NULL,"y"
1559,20250521,6854,307,1152,"1
2
3","45
25
25","95","8","2026-03-24 20:20:42.427",NULL,"y"
1560,20250519,6686,308,1153,"1","120","120","8","2026-03-24 20:20:42.427",NULL,"y"
1561,20250519,6687,306,1154,"1","399","399","0","2026-03-24 20:20:42.427",NULL,"y"
1562,20250519,6855,309,1155,"1
2
3
4","50
50
50
25","225","0","2026-03-24 20:20:42.427",NULL,"y"
1563,20250519,6651,174,1156,"1","25","50","8","2026-03-24 20:20:42.427",NULL,"y"
1564,20250518,6856,310,1157,"1
2
3
4
5","25
15
15
20
15","90","8","2026-03-24 20:20:42.427",NULL,"y"
1565,20250518,6607,311,1158,"1","90","90","8","2026-03-24 20:20:42.427",NULL,"y"
1566,20250517,6857,312,1159,"1
2
3","45
25
25","95","8","2026-03-24 20:20:42.427",NULL,"y"
1567,20250516,6605,313,1160,"1","50","50","8","2026-03-24 20:20:42.427",NULL,"y"
1568,20250516,6575,314,1161,"1","50","50","8","2026-03-24 20:20:42.427",NULL,"y"
1569,20250515,6858,315,1162,"1
2
3
4","45
20
15
15","155","0","2026-03-24 20:20:42.427",NULL,"y"
1570,20250514,6598,184,1163,"1","0","100","8","2026-03-24 20:20:42.429",NULL,"y"
1571,20250514,6642,316,1164,"1","29","129","8","2026-03-24 20:20:42.429",NULL,"y"
1572,20250513,6640,317,1165,"1","90","90","8","2026-03-24 20:20:42.429",NULL,"y"
1573,20250512,6859,318,1166,"1
2","49.9
25","74,9","8","2026-03-24 20:20:42.429",NULL,"y"
1574,20250512,6651,298,1167,"1","25","25","8","2026-03-24 20:20:42.429",NULL,"y"
1575,20250510,6604,319,1168,"1","45","45","8","2026-03-24 20:20:42.429",NULL,"y"
1576,20250509,6860,320,1169,"1
2","45
50","95","8","2026-03-24 20:20:42.429",NULL,"y"
1577,20250509,6605,321,1170,"1","50","100","8","2026-03-24 20:20:42.429",NULL,"y"
1578,20250509,6605,322,1171,"1","50","50","8","2026-03-24 20:20:42.429",NULL,"y"
1579,20250508,6683,323,1172,"1","92","92","8","2026-03-24 20:20:42.429",NULL,"y"
1580,20250506,6861,324,1173,"1
2
3","50
35
25","110","8","2026-03-24 20:20:42.429",NULL,"y"
1581,20250506,6852,325,1174,"1
2","90
25","115","8","2026-03-24 20:20:42.429",NULL,"y"
1582,20250505,6862,326,1175,"1
2
3","34
50
25","109","8","2026-03-24 20:20:42.429",NULL,"y"
1583,20250505,6863,327,1176,"1
2
3","45
25
45","115","8","2026-03-24 20:20:42.429",NULL,"y"
1584,20250503,6864,328,1177,"1
2","25
49.9","99,9","8","2026-03-24 20:20:42.429",NULL,"y"
1585,20250430,6865,329,1178,"1
2","115
35","150","0","2026-03-24 20:20:42.429",NULL,"y"
1586,20250426,6866,330,1179,"1
2","50
25","100","8","2026-03-24 20:20:42.429",NULL,"y"
1587,20250424,6867,331,1180,"1
2","45
45","90","8","2026-03-24 20:20:42.429",NULL,"y"
1588,20250424,6578,332,1181,"1","90","90","8","2026-03-24 20:20:42.429",NULL,"y"
1589,20250424,6868,333,1182,"1
2","25
35","60","8","2026-03-24 20:20:42.429",NULL,"y"
1590,20250423,6869,334,1183,"1
2
3","25
45
15","85","8","2026-03-24 20:20:42.429",NULL,"y"
1591,20250423,6691,335,1184,"1","92","92","8","2026-03-24 20:20:42.429",NULL,"y"
1592,20250422,6651,336,1185,"1","25","100","8","2026-03-24 20:20:42.429",NULL,"y"
1593,20250422,6870,337,1186,"1
2","45
115","160","0","2026-03-24 20:20:42.429",NULL,"y"
1594,20250421,6871,338,1187,"1
2","25
45","95","8","2026-03-24 20:20:42.429",NULL,"y"
1595,20250417,6671,339,1188,"1","86","86","8","2026-03-24 20:20:42.429",NULL,"y"
1596,20250417,6872,340,1189,"1
2","30
65","95","8","2026-03-24 20:20:42.429",NULL,"y"
1597,20250416,6873,341,1190,"1
2","25
129","154","0","2026-03-24 20:20:42.429",NULL,"y"
1598,20250416,6874,342,1191,"1
2
3","48
25
18","91","8","2026-03-24 20:20:42.429",NULL,"y"
1599,20250415,6538,343,1192,"1","65","65","8","2026-03-24 20:20:42.429",NULL,"y"
1600,20250412,6875,344,1193,"1
2","75
15","120","0","2026-03-24 20:20:42.429",NULL,"y"
1601,20250411,6876,345,1194,"1
2","25
50","100","8","2026-03-24 20:20:42.429",NULL,"y"
1602,20250411,6695,346,1195,"1","86","86","8","2026-03-24 20:20:42.429",NULL,"y"
1603,20250409,6876,347,1196,"1
2","25
50","100","8","2026-03-24 20:20:42.429",NULL,"y"
1604,20250409,6877,348,1197,"1
2
3
4","65
58
48
48","267","0","2026-03-24 20:20:42.429",NULL,"y"
1605,20250409,6829,349,1198,"1
2","50
50","100","8","2026-03-24 20:20:42.429",NULL,"y"
1606,20250408,6878,350,1199,"1
2","20
30","80","8","2026-03-24 20:20:42.429",NULL,"y"
1607,20250403,6605,351,1200,"1","50","50","8","2026-03-24 20:20:42.429",NULL,"y"
1608,20250402,6697,352,1201,"1","129","129","8","2026-03-24 20:20:42.429",NULL,"y"
1609,20250402,6879,353,1202,"1
2","45
50","95","8","2026-03-24 20:20:42.429",NULL,"y"
1610,20250331,6605,354,1203,"1","50","50","8","2026-03-24 20:20:42.429",NULL,"y"
1611,20250331,6605,355,1205,"1","50","50","8","2026-03-24 20:20:42.429",NULL,"y"
1612,20250330,6881,356,1206,"1
2
3","50
129
129","308","0","2026-03-24 20:20:42.429",NULL,"y"
1613,20250330,6876,357,1207,"1
2","25
50","100","8","2026-03-24 20:20:42.429",NULL,"y"
1614,20250330,6605,358,1208,"1","50","50","8","2026-03-24 20:20:42.429",NULL,"y"
1615,20250327,6882,359,1209,"1
2","86
15","101","8","2026-03-24 20:20:42.429",NULL,"y"
1616,20250327,6883,360,1210,"1
2
3
4
5
6
7","16.5
34
30
85
65
115
125","1505","0","2026-03-24 20:20:42.429",NULL,"y"
1617,20250320,6884,361,1211,"1
2","35
49.9","84,9","8","2026-03-24 20:20:42.429",NULL,"y"
1618,20250318,6642,362,1212,"1","129","129","8","2026-03-24 20:20:42.429",NULL,"y"
1619,20250318,6885,363,1213,"1
2
3","25
35
45","105","8","2026-03-24 20:20:42.429",NULL,"y"
1620,20250317,6693,364,1214,"1","129","129","8","2026-03-24 20:20:42.429",NULL,"y"
1621,20250307,6697,365,1215,"1","129","129","8","2026-03-24 20:20:42.429",NULL,"y"
1622,20250307,6886,366,1216,"1
2
3","120
15
15","150","8","2026-03-24 20:20:42.431",NULL,"y"
1623,20250306,6887,367,1217,"1
2","129
129","258","0","2026-03-24 20:20:42.431",NULL,"y"
1624,20250306,6642,368,1218,"1","129","258","0","2026-03-24 20:20:42.431",NULL,"y"
1625,20250306,6683,369,1219,"1","92","92","8","2026-03-24 20:20:42.431",NULL,"y"
1626,20250304,6697,370,1220,"1","129","129","8","2026-03-24 20:20:42.431",NULL,"y"
1627,20250302,6640,371,1221,"1","64","90","8","2026-03-24 20:20:42.431",NULL,"y"
1628,20250302,6703,372,1222,"1","86","172","0","2026-03-24 20:20:42.431",NULL,"y"
1629,20250302,6888,373,1223,"1
2","90
16.5","156","0","2026-03-24 20:20:42.431",NULL,"y"
1630,20250302,6889,374,1224,"1
2
3","35
45
50","130","8","2026-03-24 20:20:42.431",NULL,"y"
1631,20250301,6705,375,1225,"1","129","129","8","2026-03-24 20:20:42.431",NULL,"y"
1632,20250301,6705,376,1226,"1","129","258","0","2026-03-24 20:20:42.431",NULL,"y"
1633,20250301,6705,377,1227,"1","129","129","8","2026-03-24 20:20:42.431",NULL,"y"
1634,20250226,6890,378,1228,"1
2","50
35","85","8","2026-03-24 20:20:42.431",NULL,"y"
1635,20250226,6651,379,1229,"1","25","25","8","2026-03-24 20:20:42.431",NULL,"y"
1636,20250224,6683,380,1230,"1","92","92","8","2026-03-24 20:20:42.431",NULL,"y"
1637,20250223,6651,381,1231,"1","25","25","8","2026-03-24 20:20:42.431",NULL,"y"
1638,20250221,6662,382,1232,"1","92","92","8","2026-03-24 20:20:42.431",NULL,"y"
1639,20250219,6684,383,1234,"1","20","20","8","2026-03-24 20:20:42.431",NULL,"y"
1640,20250218,6892,384,1235,"1
2
3","34
40
34","108","8","2026-03-24 20:20:42.431",NULL,"y"
1641,20250215,6662,385,1236,"1","92","92","8","2026-03-24 20:20:42.431",NULL,"y"
1642,20250215,6893,386,1237,"1
2","50
50","100","8","2026-03-24 20:20:42.431",NULL,"y"
1643,20250214,6651,387,1238,"1","25","25","8","2026-03-24 20:20:42.431",NULL,"y"
1644,20250214,6651,388,1239,"1","25","25","8","2026-03-24 20:20:42.431",NULL,"y"
1645,20250214,6894,389,1240,"1
2
3
4","45
15
15
20","95","8","2026-03-24 20:20:42.431",NULL,"y"
1646,20250213,6650,390,1241,"1","25","25","8","2026-03-24 20:20:42.431",NULL,"y"
1647,20250213,6630,391,1242,"1","50","50","8","2026-03-24 20:20:42.431",NULL,"y"
1648,20250213,6650,392,1243,"1","25","25","8","2026-03-24 20:20:42.431",NULL,"y"
1649,20250213,6630,393,1244,"1","50","50","8","2026-03-24 20:20:42.431",NULL,"y"
1650,20250213,6630,394,1245,"1","50","50","8","2026-03-24 20:20:42.431",NULL,"y"
1651,20250213,6895,395,1246,"1
2","25
25","50","8","2026-03-24 20:20:42.431",NULL,"y"
1652,20250213,6651,396,1247,"1","25","50","8","2026-03-24 20:20:42.431",NULL,"y"
1653,20250213,6577,397,1248,"1","25","25","8","2026-03-24 20:20:42.431",NULL,"y"
1654,20250213,6577,398,1249,"1","25","25","8","2026-03-24 20:20:42.431",NULL,"y"
1655,20250213,6651,399,1250,"1","25","25","8","2026-03-24 20:20:42.431",NULL,"y"
1656,20250213,6651,400,1251,"1","25","25","8","2026-03-24 20:20:42.431",NULL,"y"
1657,20250213,6630,401,1252,"1","50","50","8","2026-03-24 20:20:42.431",NULL,"y"
1658,20250213,6651,402,1253,"1","25","25","8","2026-03-24 20:20:42.431",NULL,"y"
1659,20250213,6651,403,1254,"1","25","25","8","2026-03-24 20:20:42.431",NULL,"y"
1660,20250213,6630,404,1255,"1","50","50","8","2026-03-24 20:20:42.431",NULL,"y"
1661,20250213,6577,405,1256,"1","25","50","8","2026-03-24 20:20:42.431",NULL,"y"
1662,20250213,6896,406,1257,"1
2","85
30","115","8","2026-03-24 20:20:42.431",NULL,"y"
1663,20250213,6577,407,1258,"1","25","25","8","2026-03-24 20:20:42.431",NULL,"y"
1664,20250213,6630,408,1259,"1","50","50","8","2026-03-24 20:20:42.431",NULL,"y"
1665,20250213,6888,409,1260,"1
2","90
16.5","106,5","8","2026-03-24 20:20:42.431",NULL,"y"
1666,20250213,6651,410,1261,"1","25","25","8","2026-03-24 20:20:42.431",NULL,"y"
1667,20250213,6651,411,1262,"1","25","25","8","2026-03-24 20:20:42.431",NULL,"y"
1668,20250213,6650,412,1263,"1","25","25","8","2026-03-24 20:20:42.431",NULL,"y"
1669,20250213,6707,413,1264,"1","60","60","8","2026-03-24 20:20:42.431",NULL,"y"
1670,20250213,6651,414,1265,"1","25","25","8","2026-03-24 20:20:42.433",NULL,"y"
1671,20250212,6839,223,1266,"1
2","25
25","50","8","2026-03-24 20:20:42.433",NULL,"y"
1672,20250212,6651,415,1267,"1","25","25","8","2026-03-24 20:20:42.433",NULL,"y"
1673,20250212,6897,416,1268,"1
2
3","20
20
20","150","8","2026-03-24 20:20:42.433",NULL,"y"
1674,20250212,6630,417,1269,"1","50","50","8","2026-03-24 20:20:42.433",NULL,"y"
1675,20250212,6893,418,1270,"1
2","50
50","100","0","2026-03-24 20:20:42.433",NULL,"y"
1676,20250212,6898,419,1271,"1
2
3","45
25
25","95","8","2026-03-24 20:20:42.433",NULL,"y"
1677,20250212,6630,420,1272,"1","50","50","8","2026-03-24 20:20:42.433",NULL,"y"
1678,20250211,6651,421,1273,"1","25","25","8","2026-03-24 20:20:42.433",NULL,"y"
1679,20250211,6708,422,1274,"1","50","100","8","2026-03-24 20:20:42.433",NULL,"y"
1680,20250210,6639,423,1275,"1","90","90","8","2026-03-24 20:20:42.433",NULL,"y"
1681,20250210,6899,424,1276,"1
2","92
17","109","8","2026-03-24 20:20:42.433",NULL,"y"
1682,20250208,6900,425,1277,"1
2
3","45
34
20","99","8","2026-03-24 20:20:42.433",NULL,"y"
1683,20250206,6837,426,1278,"1
2","50
45","95","8","2026-03-24 20:20:42.433",NULL,"y"
1684,20250206,6901,427,1279,"1
2","70
35","105","8","2026-03-24 20:20:42.433",NULL,"y"
1685,20250205,6902,383,1280,"1
2
3
4","20
20
17
15","72","8","2026-03-24 20:20:42.433",NULL,"y"
1686,20250204,6587,428,1281,"1","30","30","8","2026-03-24 20:20:42.433",NULL,"y"
1687,20250203,6903,429,1282,"1
2
3","20
34
45","99","8","2026-03-24 20:20:42.433",NULL,"y"
1688,20250129,6904,430,1283,"1
2","45
45","90","7","2026-03-24 20:20:42.433",NULL,"y"
1689,20250129,6905,431,1284,"1
2","70
20","90","7","2026-03-24 20:20:42.433",NULL,"y"
1690,20250128,6906,432,1285,"1
2","34
45","79","7","2026-03-24 20:20:42.433",NULL,"y"
1691,20250125,6907,433,1286,"1
2
3","20
20
45","105","7","2026-03-24 20:20:42.433",NULL,"y"
1692,20250124,6639,434,1287,"1","90","90","7","2026-03-24 20:20:42.433",NULL,"y"
1693,20250124,6643,361,1288,"1","50","100","7","2026-03-24 20:20:42.433",NULL,"y"
1694,20250120,6639,435,1289,"1","90","90","7","2026-03-24 20:20:42.433",NULL,"y"
1695,20250120,6908,436,1290,"1
2
3
4","35
15
20
15","100","7","2026-03-24 20:20:42.433",NULL,"y"
1696,20250118,6616,437,1291,"1","46","46","7","2026-03-24 20:20:42.433",NULL,"y"
1697,20250114,6587,438,1292,"1","30","30","7","2026-03-24 20:20:42.433",NULL,"y"
1698,20250114,6587,439,1293,"1","30","30","7","2026-03-24 20:20:42.433",NULL,"y"
1699,20250111,6586,440,1294,"1","48","48","7","2026-03-24 20:20:42.433",NULL,"y"
1700,20250106,6702,441,1295,"1","120","120","7","2026-03-24 20:20:42.433",NULL,"y"
1701,20250103,6539,442,1296,"1","58","58","7","2026-03-24 20:20:42.433",NULL,"y"
1702,20241227,6587,443,1297,"1","30","30","7","2026-03-24 20:20:42.433",NULL,"y"
1703,20241225,6587,444,1298,"1","30","30","7","2026-03-24 20:20:42.433",NULL,"y"
1704,20241224,6712,445,1299,"1","20","60","7","2026-03-24 20:20:42.433",NULL,"y"
1705,20241224,6909,446,1300,"1
2","58
46","104","7","2026-03-24 20:20:42.433",NULL,"y"
1706,20241223,6587,447,1301,"1","30","30","7","2026-03-24 20:20:42.433",NULL,"y"
1707,20241210,6713,448,1302,"1","28","28","7","2026-03-24 20:20:42.433",NULL,"y"
1708,20241125,6644,449,1303,"1","70","70","7","2026-03-24 20:20:42.433",NULL,"y"
1709,20241123,6587,450,1304,"1","30","30","7","2026-03-24 20:20:42.433",NULL,"y"
1710,20241107,6714,451,1305,"1","15","45","7","2026-03-24 20:20:42.433",NULL,"y"
1711,20241107,6644,452,1306,"1","70","70","7","2026-03-24 20:20:42.435",NULL,"y"
1712,20241002,6910,453,1307,"1
2","40
30","110","7","2026-03-24 20:20:42.435",NULL,"y"
1713,20240926,6586,454,1308,"1","48","48","7","2026-03-24 20:20:42.435",NULL,"y"
1714,20240906,6717,455,1309,"1","180","180","7","2026-03-24 20:20:42.435",NULL,"y"
1715,20240827,6718,456,1310,"1","55","55","7","2026-03-24 20:20:42.435",NULL,"y"
1716,20240827,6587,457,1311,"1","30","30","7","2026-03-24 20:20:42.435",NULL,"y"
1717,20240817,6538,458,1312,"1","65","65","7","2026-03-24 20:20:42.435",NULL,"y"
1718,20240805,6539,459,1313,"1","58","58","7","2026-03-24 20:20:42.435",NULL,"y"
1719,20240730,6816,460,1314,"1
2","30
45","75","7","2026-03-24 20:20:42.435",NULL,"y"
1720,20240721,6816,461,1315,"1
2","30
45","75","7","2026-03-24 20:20:42.435",NULL,"y"
1721,20240704,6719,462,1316,"1","14","14","7","2026-03-24 20:20:42.435",NULL,"y"
1722,20240630,6911,463,1317,"1
2
3
4","46
65
30
28","169","7","2026-03-24 20:20:42.435",NULL,"y"
1723,20240611,6587,464,1318,"1","30","30","7","2026-03-24 20:20:42.435",NULL,"y"
1724,20240610,6587,465,1319,"1","30","30","7","2026-03-24 20:20:42.435",NULL,"y"
1725,20240527,6912,466,1320,"1
2
3","15
15
15","45","7","2026-03-24 20:20:42.435",NULL,"y"
1726,20240507,6587,467,1321,"1","30","30","7","2026-03-24 20:20:42.435",NULL,"y"
1727,20240328,6587,468,1322,"1","30","30","7","2026-03-24 20:20:42.435",NULL,"y"
1728,20240324,6913,469,1323,"1
2","17
12","29","7","2026-03-24 20:20:42.435",NULL,"y"
1729,20240318,6725,470,1324,"1","30","30","7","2026-03-24 20:20:42.435",NULL,"y"
1730,20240313,6723,471,1325,"1","17","34","7","2026-03-24 20:20:42.435",NULL,"y"
1731,20240220,6914,47,942,"1
2
3","6
6
6","18","7","2026-03-24 20:20:42.435",NULL,"y"
1732,20231230,6587,162,1002,"1","30","30","0","2026-03-24 20:20:42.435",NULL,"y"
1733,20231206,6591,67,945,"1","19","19","0","2026-03-24 20:20:42.435",NULL,"y"
1734,-1,6503,1,72,"850.0","66.5","20715.926","0","2026-03-24 20:20:42.516",NULL,"y"
1735,-1,6536,1,73,"850.0","66.5","13810.95","0","2026-03-24 20:20:42.516",NULL,"y"
1736,-1,6536,1,74,"850.0","66.5","34525.875","0","2026-03-24 20:20:42.516",NULL,"y"
1737,-1,6536,32,75,"33.0","66.5","2612.455","0","2026-03-24 20:20:42.516",NULL,"y"
1738,-1,6504,33,76,"5.0","220.0","3738.5","0","2026-03-24 20:20:42.516",NULL,"y"
1739,-1,6505,33,76,"15.0","170.0","3738.5","0","2026-03-24 20:20:42.518",NULL,"y"
1740,-1,6506,33,76,"20.0","170.0","3738.5","0","2026-03-24 20:20:42.518",NULL,"y"
1741,-1,6507,33,76,"1.0","425.0","3738.5","0","2026-03-24 20:20:42.518",NULL,"y"
1742,-1,6537,33,77,"20.0","15.0","301.0","0","2026-03-24 20:20:42.518",NULL,"y"
1743,-1,6504,33,78,"5.0","220.0","3738.5","0","2026-03-24 20:20:42.518",NULL,"y"
1744,-1,6505,33,78,"15.0","170.0","3738.5","0","2026-03-24 20:20:42.518",NULL,"y"
1745,-1,6506,33,78,"20.0","170.0","3738.5","0","2026-03-24 20:20:42.518",NULL,"y"
1746,-1,6507,33,78,"1.0","425.0","3738.5","0","2026-03-24 20:20:42.518",NULL,"y"
1747,-1,6538,38,79,"1.0","54.62","267.965","0","2026-03-24 20:20:42.518",NULL,"y"
1748,-1,6539,38,79,"1.0","48.73","267.965","0","2026-03-24 20:20:42.518",NULL,"y"
1749,-1,6540,38,79,"2.0","40.33","267.965","0","2026-03-24 20:20:42.521",NULL,"y"
1750,-1,6541,38,79,"1.0","40.33","267.965","0","2026-03-24 20:20:42.521",NULL,"y"
1751,-1,6542,34,80,"500.0","100.0","59501.0","0","2026-03-24 20:20:42.521",NULL,"y"
1752,-1,6543,28,81,"1500.0","1.19","2125.15","0","2026-03-24 20:20:42.521",NULL,"y"
1753,-1,6498,39,82,"20.0","36.0","2047.8","0","2026-03-24 20:20:42.521",NULL,"y"
1754,-1,6499,39,82,"20.0","50.0","2047.8","0","2026-03-24 20:20:42.521",NULL,"y"
1755,-1,6544,40,83,"3.0","32.0","667.4","0","2026-03-24 20:20:42.521",NULL,"y"
1756,-1,6545,40,83,"4.0","32.0","667.4","0","2026-03-24 20:20:42.521",NULL,"y"
1757,-1,6546,40,83,"3.0","32.0","667.4","0","2026-03-24 20:20:42.521",NULL,"y"
1758,-1,6547,40,83,"5.0","32.0","667.4","0","2026-03-24 20:20:42.521",NULL,"y"
1759,-1,6548,40,84,"1.0","168.0","695.96","0","2026-03-24 20:20:42.521",NULL,"y"
1760,-1,6549,40,84,"1.0","96.0","695.96","0","2026-03-24 20:20:42.521",NULL,"y"
1761,-1,6550,40,84,"1.0","128.0","695.96","0","2026-03-24 20:20:42.521",NULL,"y"
1762,-1,6551,40,84,"1.0","160.0","695.96","0","2026-03-24 20:20:42.521",NULL,"y"
1763,-1,6552,40,85,"4.0","32.0","648.36","0","2026-03-24 20:20:42.521",NULL,"y"
1764,-1,6553,40,85,"5.0","32.0","648.36","0","2026-03-24 20:20:42.521",NULL,"y"
1765,-1,6552,40,85,"4.0","32.0","648.36","0","2026-03-24 20:20:42.521",NULL,"y"
1766,-1,6552,40,85,"4.0","32.0","648.36","0","2026-03-24 20:20:42.521",NULL,"y"
1767,-1,6554,40,86,"7.0","32.0","419.88","0","2026-03-24 20:20:42.521",NULL,"y"
1768,-1,6555,40,86,"4.0","32.0","419.88","0","2026-03-24 20:20:42.521",NULL,"y"
1769,-1,6552,40,87,"4.0","32.0","496.04","0","2026-03-24 20:20:42.521",NULL,"y"
1770,-1,6553,40,87,"5.0","32.0","496.04","0","2026-03-24 20:20:42.521",NULL,"y"
1771,-1,6552,40,87,"4.0","32.0","496.04","0","2026-03-24 20:20:42.521",NULL,"y"
1772,-1,6552,40,88,"4.0","32.0","628.13","0","2026-03-24 20:20:42.521",NULL,"y"
1773,-1,6552,40,88,"4.0","32.0","628.13","0","2026-03-24 20:20:42.521",NULL,"y"
1774,-1,6552,40,88,"4.0","32.0","628.13","0","2026-03-24 20:20:42.521",NULL,"y"
1775,-1,6552,40,88,"4.0","32.0","628.13","0","2026-03-24 20:20:42.521",NULL,"y"
1776,-1,6556,40,88,"1.0","15.0","628.13","0","2026-03-24 20:20:42.521",NULL,"y"
1777,-1,6557,40,79,"4.0","32.0","419.88","0","2026-03-24 20:20:42.521",NULL,"y"
1778,-1,6558,40,79,"3.0","32.0","419.88","0","2026-03-24 20:20:42.521",NULL,"y"
1779,-1,6559,40,89,"3.0","32.0","686.44","0","2026-03-24 20:20:42.521",NULL,"y"
1780,-1,6559,40,89,"3.0","32.0","686.44","0","2026-03-24 20:20:42.521",NULL,"y"
1781,-1,6560,40,90,"1.0","140.0","329.44","0","2026-03-24 20:20:42.521",NULL,"y"
1782,-1,6559,40,90,"3.0","32.0","329.44","0","2026-03-24 20:20:42.521",NULL,"y"
1783,-1,6561,40,90,"1.0","40.0","329.44","0","2026-03-24 20:20:42.521",NULL,"y"
1784,-1,6559,40,91,"3.0","32.0","457.96","0","2026-03-24 20:20:42.521",NULL,"y"
1785,-1,6562,40,91,"2.0","32.0","457.96","0","2026-03-24 20:20:42.521",NULL,"y"
1786,-1,6563,40,91,"3.0","40.0","457.96","0","2026-03-24 20:20:42.521",NULL,"y"
1787,-1,6562,40,91,"2.0","32.0","457.96","0","2026-03-24 20:20:42.521",NULL,"y"
1788,-1,6564,40,91,"1.0","40.0","457.96","0","2026-03-24 20:20:42.521",NULL,"y"
1789,-1,6562,40,92,"2.0","32.0","381.8","0","2026-03-24 20:20:42.521",NULL,"y"
1790,-1,6562,40,93,"2.0","32.0","576.96","0","2026-03-24 20:20:42.526",NULL,"y"
1791,-1,6565,40,93,"1.0","50.0","576.96","0","2026-03-24 20:20:42.526",NULL,"y"
1792,-1,6566,40,93,"1.0","50.0","576.96","0","2026-03-24 20:20:42.526",NULL,"y"
1793,-1,6567,40,93,"1.0","32.0","576.96","0","2026-03-24 20:20:42.526",NULL,"y"
1794,-1,6568,40,93,"1.0","32.0","576.96","0","2026-03-24 20:20:42.526",NULL,"y"
1795,-1,6559,40,94,"3.0","32.0","267.56","0","2026-03-24 20:20:42.526",NULL,"y"
1796,-1,6552,40,95,"4.0","32.0","419.88","0","2026-03-24 20:20:42.528",NULL,"y"
1797,-1,6552,40,95,"4.0","32.0","419.88","0","2026-03-24 20:20:42.528",NULL,"y"
1798,-1,6489,29,96,"5.0","15.0","720.95","0","2026-03-24 20:20:42.528",NULL,"y"
1799,-1,6490,29,96,"5.0","25.0","720.95","0","2026-03-24 20:20:42.528",NULL,"y"
1800,-1,6491,29,96,"5.0","30.0","720.95","0","2026-03-24 20:20:42.528",NULL,"y"
1801,-1,6492,29,96,"5.0","38.0","720.95","0","2026-03-24 20:20:42.528",NULL,"y"
1802,-1,6493,29,96,"5.0","13.0","720.95","0","2026-03-24 20:20:42.528",NULL,"y"
1803,-1,6554,41,97,"2.0","32.0","191.4","0","2026-03-24 20:20:42.528",NULL,"y"
1804,-1,6555,41,97,"3.0","32.0","191.4","0","2026-03-24 20:20:42.528",NULL,"y"
1805,-1,6569,41,100,"2.0","32.0","305.64","0","2026-03-24 20:20:42.528",NULL,"y"
1806,-1,6558,41,100,"3.0","32.0","305.64","0","2026-03-24 20:20:42.53",NULL,"y"
1807,-1,6562,41,101,"2.0","32.0","361.57","0","2026-03-24 20:20:42.53",NULL,"y"
1808,-1,6559,41,101,"3.0","32.0","361.57","0","2026-03-24 20:20:42.53",NULL,"y"
1809,-1,6559,41,102,"3.0","32.0","267.56","0","2026-03-24 20:20:42.53",NULL,"y"
1810,-1,6559,41,103,"3.0","32.0","229.48","0","2026-03-24 20:20:42.53",NULL,"y"
1811,-1,6559,41,103,"3.0","32.0","229.48","0","2026-03-24 20:20:42.53",NULL,"y"
1812,-1,6570,41,104,"1.0","32.0","39.08","0","2026-03-24 20:20:42.53",NULL,"y"
1813,-1,6559,41,106,"3.0","32.0","115.24","0","2026-03-24 20:20:42.53",NULL,"y"
1814,-1,6497,31,108,"10.0","45.0","471.0","0","2026-03-24 20:20:42.53",NULL,"y"
1815,-1,6571,42,100,"1.0","150.0","179.5","0","2026-03-24 20:20:42.532",NULL,"y"
1816,-1,6524,30,109,"500.0","29.0","23206.0","0","2026-03-24 20:20:42.532",NULL,"y"
1817,-1,6527,30,109,"500.0","5.0","23206.0","0","2026-03-24 20:20:42.532",NULL,"y"
1818,-1,6528,30,109,"500.0","2.0","23206.0","0","2026-03-24 20:20:42.532",NULL,"y"
1819,-1,6572,30,109,"500.0","2.0","23206.0","0","2026-03-24 20:20:42.532",NULL,"y"
1820,-1,6530,30,109,"500.0","1.0","23206.0","0","2026-03-24 20:20:42.532",NULL,"y"
1821,-1,6494,30,110,"450.0","28.15","17365.926","0","2026-03-24 20:20:42.532",NULL,"y"
1822,-1,6495,30,110,"450.0","2.0","17365.926","0","2026-03-24 20:20:42.532",NULL,"y"
1823,-1,6496,30,110,"450.0","8.0","17365.926","0","2026-03-24 20:20:42.532",NULL,"y"
1824,-1,6487,27,111,"432.0","62.0","31873.96","0","2026-03-24 20:20:42.532",NULL,"y"
1825,-1,6487,27,112,"432.0","62.0","16096.35","0","2026-03-24 20:20:42.532",NULL,"y"
1826,-1,6573,27,113,"3.0","62.0","222.34","0","2026-03-24 20:20:42.532",NULL,"y"
